#rname	startpos	endpos	numreads	covbases	coverage	meandepth	meanbaseq	meanmapq
GC1003827_F08_NODE_1_length_20588_cov_4.326377	1	20588	4953	20588	100	34.2474	35.3	59.2
GC1003827_F08_NODE_2_length_19381_cov_6.994339	1	19381	7659	19381	100	56.1315	35.5	59.1
GC1003827_F08_NODE_3_length_18184_cov_6.254250	1	18184	6299	18184	100	49.4683	35.5	59.1
GC1003827_F08_NODE_4_length_16644_cov_10.725979	1	16644	9992	16643	99.994	84.856	35.6	58.9
GC1003827_F08_NODE_5_length_16184_cov_6.869527	1	16184	6280	16184	100	54.902	35.5	59.1
GC1003827_F08_NODE_6_length_15822_cov_7.811660	1	15822	6838	15821	99.9937	61.5815	35.5	59.2
GC1003827_F08_NODE_7_length_15346_cov_3.230633	1	15346	2726	15346	100	25.2036	35.4	58.9
GC1003827_F08_NODE_8_length_14943_cov_11.814660	1	14943	9663	14943	100	92.2686	35.6	59.2
GC1003827_F08_NODE_9_length_14881_cov_6.273214	1	14881	5151	14881	100	49.1341	35.5	58.9
GC1003827_F08_NODE_10_length_14744_cov_7.258056	1	14744	5907	14744	100	57.38	35.6	59.3
GC1003827_F08_NODE_11_length_14489_cov_4.828297	1	14489	3856	14469	99.862	37.9843	35.5	59.3
GC1003827_F08_NODE_12_length_14286_cov_5.220001	1	14286	4190	14286	100	41.6707	35.5	59.2
GC1003827_F08_NODE_13_length_14276_cov_6.072090	1	14276	5168	14276	100	50.7656	35.5	58.9
GC1003827_F08_NODE_14_length_14197_cov_8.611158	1	14197	6670	14197	100	67.3356	35.5	59.3
GC1003827_F08_NODE_15_length_14188_cov_6.291587	1	14188	4918	14188	100	49.0619	35.5	58.3
GC1003827_F08_NODE_16_length_13746_cov_4.373963	1	13746	3317	13746	100	34.4636	35.5	59.3
GC1003827_F08_NODE_17_length_13501_cov_10.822641	1	13501	8184	13501	100	86.1922	35.6	59.1
GC1003827_F08_NODE_18_length_13350_cov_5.419874	1	13350	4006	13350	100	42.8221	35.3	59.3
GC1003827_F08_NODE_19_length_12924_cov_11.913730	1	12924	9013	12924	100	97.7671	35.6	58.9
GC1003827_F08_NODE_20_length_12892_cov_6.814493	1	12892	4826	12892	100	53.248	35.4	58.9
GC1003827_F08_NODE_21_length_12760_cov_4.436080	1	12760	3158	12750	99.9216	35.2161	35.5	59.2
GC1003827_F08_NODE_22_length_12642_cov_5.115621	1	12642	3521	12642	100	39.6134	35.6	59.1
GC1003827_F08_NODE_23_length_12637_cov_5.789928	1	12637	4114	12637	100	45.6881	35.5	58.4
GC1003827_F08_NODE_24_length_12515_cov_7.097514	1	12515	4925	12511	99.968	56.1878	35.4	59.2
GC1003827_F08_NODE_25_length_12412_cov_12.986162	1	12412	9611	12403	99.9275	107.748	35.4	57
GC1003827_F08_NODE_26_length_12167_cov_6.736213	1	12167	4640	12167	100	53.8109	35.5	58.9
GC1003827_F08_NODE_27_length_11736_cov_5.528469	1	11736	3743	11736	100	44.3163	35.6	57.6
GC1003827_F08_NODE_28_length_11717_cov_3.549698	1	11717	2302	11717	100	27.8916	35.5	59.1
GC1003827_F08_NODE_29_length_11689_cov_7.198928	1	11689	4724	11689	100	57.3749	35.4	59.1
GC1003827_F08_NODE_30_length_11672_cov_10.223214	1	11672	6912	11663	99.9229	83.398	35.5	58.8
GC1003827_F08_NODE_31_length_11389_cov_6.819570	1	11389	4238	11389	100	53.163	35.6	59.3
GC1003827_F08_NODE_32_length_11375_cov_10.110953	1	11375	6185	11375	100	78.1758	35.6	59.4
GC1003827_F08_NODE_33_length_11350_cov_8.717812	1	11350	5707	11350	100	70.7022	35.6	58.9
GC1003827_F08_NODE_34_length_11343_cov_7.456223	1	11343	4668	11343	100	58.6336	35.6	58.8
GC1003827_F08_NODE_35_length_11259_cov_5.444844	1	11259	3532	11259	100	44.2614	35.5	59
GC1003827_F08_NODE_36_length_11090_cov_3.677096	1	11090	2323	11089	99.991	29.7012	35.5	59
GC1003827_F08_NODE_37_length_10732_cov_6.826686	1	10732	3955	10732	100	52.4322	35.5	59
GC1003827_F08_NODE_38_length_10606_cov_7.543468	1	10606	4442	10606	100	59.3708	35.5	58.9
GC1003827_F08_NODE_39_length_10567_cov_9.578831	1	10567	5530	10567	100	74.6865	35.6	59.1
GC1003827_F08_NODE_40_length_10493_cov_9.365329	1	10493	6411	10493	100	80.29	35.5	51.3
GC1003827_F08_NODE_41_length_10453_cov_10.240170	1	10453	9229	10453	100	91.9099	35.5	46.4
GC1003827_F08_NODE_42_length_10437_cov_7.371096	1	10437	4133	10424	99.8754	56.6635	35.5	59.2
GC1003827_F08_NODE_43_length_10340_cov_9.267404	1	10340	5316	10340	100	73.1467	35.6	59
GC1003827_F08_NODE_44_length_10314_cov_8.335329	1	10314	4791	10314	100	66.0356	35.5	59.1
GC1003827_F08_NODE_45_length_10232_cov_6.227610	1	10232	3602	10232	100	49.8739	35.6	59.1
GC1003827_F08_NODE_46_length_10215_cov_5.208763	1	10215	3181	10215	100	42.628	35.4	55.9
GC1003827_F08_NODE_47_length_10097_cov_6.253360	1	10097	3440	10097	100	48.6379	35.5	59.2
GC1003827_F08_NODE_48_length_10041_cov_9.471253	1	10041	5355	10041	100	75.5296	35.4	58.9
GC1003827_F08_NODE_49_length_10041_cov_5.182469	1	10041	2873	10031	99.9004	40.6865	35.6	59.3
GC1003827_F08_NODE_50_length_10025_cov_5.358052	1	10025	3017	10025	100	42.4634	35.6	58.5
GC1003827_F08_NODE_51_length_9958_cov_4.896450	1	9958	2835	9958	100	40.1322	35.5	59.1
GC1003827_F08_NODE_52_length_9864_cov_5.067064	1	9864	3002	9864	100	42.6188	35.4	59
GC1003827_F08_NODE_53_length_9842_cov_4.074215	1	9842	2218	9842	100	32.0426	35.4	59
GC1003827_F08_NODE_54_length_9771_cov_7.828183	1	9771	4303	9771	100	62.4282	35.5	59.1
GC1003827_F08_NODE_55_length_9723_cov_9.930909	1	9723	5562	9723	100	80.5297	35.4	58
GC1003827_F08_NODE_56_length_9688_cov_8.126765	1	9688	4315	9688	100	63.4297	35.5	59.2
GC1003827_F08_NODE_57_length_9609_cov_5.337271	1	9609	2969	9609	100	43.3561	35.4	58.9
GC1003827_F08_NODE_58_length_9590_cov_5.544225	1	9590	2997	9590	100	44.0891	35.5	58.9
GC1003827_F08_NODE_59_length_9578_cov_4.439530	1	9578	2529	9559	99.8016	36.6946	35.4	58.7
GC1003827_F08_NODE_60_length_9570_cov_8.714180	1	9570	4713	9570	100	69.3683	35.4	57.4
GC1003827_F08_NODE_61_length_9560_cov_6.512456	1	9560	3341	9560	100	50.1054	35.6	59.1
GC1003827_F08_NODE_62_length_9513_cov_7.562966	1	9513	4044	9511	99.979	60.0727	35.5	59
GC1003827_F08_NODE_63_length_9492_cov_7.149920	1	9492	4075	9492	100	59.6513	35.5	58.6
GC1003827_F08_NODE_64_length_9437_cov_5.348228	1	9437	2766	9437	100	41.6352	35.7	59.1
GC1003827_F08_NODE_65_length_9402_cov_10.582102	1	9402	5504	9401	99.9894	83.2023	35.6	59.1
GC1003827_F08_NODE_66_length_9349_cov_5.172631	1	9349	2845	9349	100	41.031	35.4	58.6
GC1003827_F08_NODE_67_length_9310_cov_6.255363	1	9310	3437	9310	100	51.9014	35.4	58.9
GC1003827_F08_NODE_68_length_9268_cov_6.822886	1	9268	3501	9268	100	53.7277	35.6	59.2
GC1003827_F08_NODE_69_length_9229_cov_8.397715	1	9229	4315	9229	100	66.7617	35.6	59.1
GC1003827_F08_NODE_70_length_9122_cov_11.149750	1	9122	5751	9121	99.989	89.8269	35.6	59.2
GC1003827_F08_NODE_71_length_8983_cov_6.504630	1	8983	3230	8983	100	50.9807	35.5	59
GC1003827_F08_NODE_72_length_8952_cov_7.844193	1	8952	3827	8952	100	61.6243	35.6	59.5
GC1003827_F08_NODE_73_length_8902_cov_10.973903	1	8902	5402	8902	100	86.5348	35.5	59.1
GC1003827_F08_NODE_74_length_8782_cov_7.271750	1	8782	3492	8782	100	56.7135	35.5	59.2
GC1003827_F08_NODE_75_length_8763_cov_6.147754	1	8763	2906	8763	100	47.568	35.5	59.4
GC1003827_F08_NODE_76_length_8740_cov_4.230930	1	8740	100415	8731	99.897	611.704	34.7	2.67
GC1003827_F08_NODE_77_length_8699_cov_9.266799	1	8699	4530	8699	100	73.605	35.6	59
GC1003827_F08_NODE_78_length_8696_cov_8.630062	1	8696	4160	8694	99.977	68.1432	35.5	59.1
GC1003827_F08_NODE_79_length_8665_cov_8.107636	1	8665	4180	8665	100	65.2103	35.4	55
GC1003827_F08_NODE_80_length_8620_cov_7.162958	1	8620	3452	8620	100	56.6713	35.5	59.2
GC1003827_F08_NODE_81_length_8566_cov_11.642493	1	8566	5570	8566	100	91.8081	35.6	58.8
GC1003827_F08_NODE_82_length_8550_cov_8.939452	1	8550	4107	8550	100	69.0387	35.5	59.4
GC1003827_F08_NODE_83_length_8534_cov_9.003687	1	8534	4249	8534	100	70.713	35.5	58.9
GC1003827_F08_NODE_84_length_8453_cov_5.976459	1	8453	2814	8453	100	47.0735	35.4	59
GC1003827_F08_NODE_85_length_8375_cov_3.165252	1	8375	1465	8368	99.9164	24.8043	35.6	58.9
GC1003827_F08_NODE_86_length_8173_cov_4.906662	1	8173	2154	8173	100	37.6594	35.6	59.2
GC1003827_F08_NODE_87_length_8167_cov_9.435323	1	8167	4353	8165	99.9755	75.3359	35.6	59
GC1003827_F08_NODE_88_length_8161_cov_6.164924	1	8161	2832	8161	100	49.234	35.6	59
GC1003827_F08_NODE_89_length_8130_cov_4.795827	1	8130	2145	8121	99.8893	37.2989	35.4	58.9
GC1003827_F08_NODE_90_length_8106_cov_5.237122	1	8106	2358	8106	100	41.5164	35.5	59.2
GC1003827_F08_NODE_91_length_8081_cov_5.895901	1	8081	2531	8071	99.8763	44.8748	35.5	59.3
GC1003827_F08_NODE_92_length_8080_cov_3.108261	1	8080	1443	8080	100	24.7197	35.5	57.2
GC1003827_F08_NODE_93_length_7978_cov_5.570373	1	7978	2428	7978	100	43.6378	35.5	59.3
GC1003827_F08_NODE_94_length_7956_cov_6.559075	1	7956	2847	7956	100	51.0273	35.5	59.1
GC1003827_F08_NODE_95_length_7836_cov_6.925023	1	7836	2991	7836	100	54.2919	35.4	59.3
GC1003827_F08_NODE_96_length_7819_cov_7.031851	1	7819	3095	7819	100	55.9533	35.6	59.2
GC1003827_F08_NODE_97_length_7807_cov_8.050781	1	7807	3573	7807	100	65.3219	35.4	59.3
GC1003827_F08_NODE_98_length_7781_cov_5.284296	1	7781	2391	7781	100	43.4402	35.6	59.1
GC1003827_F08_NODE_99_length_7719_cov_8.744600	1	7719	4673	7719	100	79.7598	35.4	56.4
GC1003827_F08_NODE_100_length_7706_cov_4.187888	1	7706	1889	7706	100	33.44	35.5	55.7
GC1003827_F08_NODE_101_length_7660_cov_7.785079	1	7660	3504	7660	100	63.9065	35.5	58.7
GC1003827_F08_NODE_102_length_7635_cov_3.081380	1	7635	1727	7635	100	27.736	35.3	46.9
GC1003827_F08_NODE_103_length_7631_cov_4.843150	1	7631	2057	7631	100	38.4512	35.5	59.5
GC1003827_F08_NODE_104_length_7626_cov_8.800107	1	7626	3784	7626	100	70.313	35.3	59
GC1003827_F08_NODE_105_length_7622_cov_4.471915	1	7622	1879	7620	99.9738	35.1412	35.6	59.1
GC1003827_F08_NODE_106_length_7618_cov_5.726205	1	7618	2264	7614	99.9475	43.1013	35.5	59.6
GC1003827_F08_NODE_107_length_7576_cov_9.066183	1	7576	3836	7576	100	71.7091	35.6	59.2
GC1003827_F08_NODE_108_length_7563_cov_6.596557	1	7563	3196	7563	100	56.6316	35.5	55.7
GC1003827_F08_NODE_109_length_7529_cov_6.537963	1	7529	2707	7528	99.9867	51.1782	35.5	59.1
GC1003827_F08_NODE_110_length_7504_cov_5.481225	1	7504	2357	7504	100	44.4788	35.5	58.9
GC1003827_F08_NODE_111_length_7476_cov_4.733841	1	7476	2125	7475	99.9866	39.7558	35.5	58.7
GC1003827_F08_NODE_112_length_7462_cov_3.949830	1	7462	1549	7462	100	29.9447	35.5	59.3
GC1003827_F08_NODE_113_length_7452_cov_7.598771	1	7452	3200	7452	100	60.2532	35.5	58.4
GC1003827_F08_NODE_114_length_7379_cov_5.255516	1	7379	2463	7379	100	46.1367	35.5	58.3
GC1003827_F08_NODE_115_length_7339_cov_4.911952	1	7339	2225	7339	100	40.4184	35.5	57.7
GC1003827_F08_NODE_116_length_7326_cov_6.988748	1	7326	2904	7326	100	55.752	35.5	58.7
GC1003827_F08_NODE_117_length_7323_cov_7.501390	1	7323	3181	7323	100	60.8032	35.6	58.8
GC1003827_F08_NODE_118_length_7317_cov_9.440334	1	7317	4624	7317	100	84.6526	35.7	57.4
GC1003827_F08_NODE_119_length_7304_cov_6.441131	1	7304	2596	7304	100	50.5005	35.5	59.5
GC1003827_F08_NODE_120_length_7298_cov_4.740622	1	7298	3034	7298	100	47.751	34.9	38.8
GC1003827_F08_NODE_121_length_7285_cov_6.867002	1	7285	3534	7285	100	61.1267	35.5	48.5
GC1003827_F08_NODE_122_length_7274_cov_9.860501	1	7274	4046	7274	100	78.9111	35.5	59.1
GC1003827_F08_NODE_123_length_7230_cov_8.997466	1	7230	4732	7230	100	82.6721	35.4	47.9
GC1003827_F08_NODE_124_length_7221_cov_3.882718	1	7221	1560	7221	100	30.6902	35.6	59.1
GC1003827_F08_NODE_125_length_7220_cov_5.763006	1	7220	2293	7220	100	44.9773	35.5	59.2
GC1003827_F08_NODE_126_length_7219_cov_4.060209	1	7219	1664	7219	100	32.3742	35.5	58.7
GC1003827_F08_NODE_127_length_7190_cov_9.721648	1	7190	4535	7190	100	84.9412	35.6	58.1
GC1003827_F08_NODE_128_length_7190_cov_9.517061	1	7190	4199	7190	100	77.5879	35.4	52.9
GC1003827_F08_NODE_129_length_7160_cov_9.677094	1	7160	3740	7160	100	74.3654	35.6	59.2
GC1003827_F08_NODE_130_length_7124_cov_5.299271	1	7124	2107	7116	99.8877	41.6783	35.5	58.5
GC1003827_F08_NODE_131_length_7118_cov_5.667000	1	7118	2414	7118	100	47.3525	35.5	58.6
GC1003827_F08_NODE_132_length_7079_cov_6.734609	1	7079	2875	7079	100	55.9599	35.5	58.3
GC1003827_F08_NODE_133_length_7077_cov_6.186619	1	7077	2439	7077	100	48.9606	35.4	59.3
GC1003827_F08_NODE_134_length_7066_cov_4.960801	1	7066	2056	7065	99.9858	39.3508	35.4	55.5
GC1003827_F08_NODE_135_length_7013_cov_4.437554	1	7013	2684	7013	100	45.175	35.4	46.2
GC1003827_F08_NODE_136_length_6986_cov_10.450940	1	6986	4366	6986	100	86.7389	35.7	58.7
GC1003827_F08_NODE_137_length_6966_cov_4.241263	1	6966	1580	6957	99.8708	32.6069	35.5	59.1
GC1003827_F08_NODE_138_length_6953_cov_15.009522	1	6953	6553	6944	99.8706	128.17	35.5	56.2
GC1003827_F08_NODE_139_length_6945_cov_5.492226	1	6945	2118	6945	100	43.1758	35.6	59.2
GC1003827_F08_NODE_140_length_6943_cov_4.642459	1	6943	2058	6943	100	39.8756	35.7	56
GC1003827_F08_NODE_141_length_6930_cov_9.318536	1	6930	3515	6922	99.8846	72.4626	35.6	59.2
GC1003827_F08_NODE_142_length_6920_cov_7.931989	1	6920	3101	6920	100	63.2075	35.5	59
GC1003827_F08_NODE_143_length_6898_cov_4.413528	1	6898	1757	6898	100	36.4503	35.6	59.5
GC1003827_F08_NODE_144_length_6873_cov_2.941150	1	6873	1057	6873	100	22.1341	35.6	59.2
GC1003827_F08_NODE_145_length_6840_cov_4.683748	1	6840	1712	6840	100	35.631	35.6	59
GC1003827_F08_NODE_146_length_6787_cov_7.086937	1	6787	2696	6787	100	56.2991	35.6	58.8
GC1003827_F08_NODE_147_length_6722_cov_3.986808	1	6722	1569	6712	99.8512	32.4162	35.5	58
GC1003827_F08_NODE_148_length_6707_cov_12.332979	1	6707	4949	6707	100	101.458	35.5	57.5
GC1003827_F08_NODE_149_length_6647_cov_13.456288	1	6647	5116	6645	99.9699	108.033	35.6	58.5
GC1003827_F08_NODE_150_length_6646_cov_6.595030	1	6646	2489	6646	100	52.8984	35.5	58.8
GC1003827_F08_NODE_151_length_6639_cov_5.805590	1	6639	2910	6639	100	56.358	35.4	55.8
GC1003827_F08_NODE_152_length_6625_cov_5.366728	1	6625	2210	6624	99.9849	44.8685	35.3	53.6
GC1003827_F08_NODE_153_length_6608_cov_3.114643	1	6608	1125	6608	100	24.3413	35.5	59.2
GC1003827_F08_NODE_154_length_6593_cov_7.674451	1	6593	2738	6584	99.8635	59.1617	35.6	59.2
GC1003827_F08_NODE_155_length_6590_cov_5.180876	1	6590	1715	6590	100	38.0162	35.5	59.7
GC1003827_F08_NODE_156_length_6588_cov_3.473920	1	6588	1191	6588	100	25.8118	35.3	59.1
GC1003827_F08_NODE_157_length_6558_cov_7.496968	1	6558	3159	6557	99.9848	65.4642	35.5	57.8
GC1003827_F08_NODE_158_length_6507_cov_5.199060	1	6507	1820	6507	100	39.9035	35.5	58.7
GC1003827_F08_NODE_159_length_6505_cov_8.299780	1	6505	3546	6505	100	74.2274	35.5	57.7
GC1003827_F08_NODE_160_length_6501_cov_4.290242	1	6501	1697	6501	100	36.277	35.8	58.7
GC1003827_F08_NODE_161_length_6481_cov_3.480957	1	6481	1271	6471	99.8457	27.7021	35.4	58.8
GC1003827_F08_NODE_162_length_6474_cov_8.630692	1	6474	3212	6474	100	69.3621	35.6	58.5
GC1003827_F08_NODE_163_length_6464_cov_11.227237	1	6464	4186	6458	99.9072	91.1453	35.6	59
GC1003827_F08_NODE_164_length_6463_cov_10.056660	1	6463	4093	6463	100	86.3563	35.5	57
GC1003827_F08_NODE_165_length_6445_cov_6.074549	1	6445	2145	6445	100	47.5289	35.6	59
GC1003827_F08_NODE_166_length_6444_cov_5.187272	1	6444	2496	6444	100	49.0092	35.6	55
GC1003827_F08_NODE_167_length_6425_cov_9.197841	1	6425	3997	6425	100	82.1978	35.4	55.5
GC1003827_F08_NODE_168_length_6423_cov_9.588945	1	6423	3509	6423	100	77.2293	35.6	59
GC1003827_F08_NODE_169_length_6413_cov_5.728762	1	6413	2274	6413	100	48.3538	35.5	56.4
GC1003827_F08_NODE_170_length_6382_cov_5.996643	1	6382	2165	6382	100	47.9839	35.5	59
GC1003827_F08_NODE_171_length_6375_cov_4.322823	1	6375	1727	6375	100	36.7586	35.5	57.7
GC1003827_F08_NODE_172_length_6363_cov_7.569596	1	6363	2590	6363	100	58.628	35.5	59.5
GC1003827_F08_NODE_173_length_6349_cov_6.815333	1	6349	3478	6349	100	69.6133	35.6	54.8
GC1003827_F08_NODE_174_length_6338_cov_5.450169	1	6338	1887	6338	100	42.4086	35.4	59.2
GC1003827_F08_NODE_175_length_6330_cov_3.537643	1	6330	1175	6330	100	26.8215	35.7	59.2
GC1003827_F08_NODE_176_length_6318_cov_6.531094	1	6318	2323	6318	100	52.6144	35.5	59.3
GC1003827_F08_NODE_177_length_6314_cov_6.870050	1	6314	2566	6314	100	57.1479	35.6	58.9
GC1003827_F08_NODE_178_length_6304_cov_13.075279	1	6304	5661	6304	100	120.755	35.5	56.7
GC1003827_F08_NODE_179_length_6301_cov_5.830256	1	6301	1928	6301	100	44.3836	35.5	59.5
GC1003827_F08_NODE_180_length_6277_cov_7.757398	1	6277	2623	6275	99.9681	59.9562	35.4	59.3
GC1003827_F08_NODE_181_length_6275_cov_3.898341	1	6275	1949	6267	99.8725	36.2038	35.4	43.9
GC1003827_F08_NODE_182_length_6259_cov_6.025277	1	6259	2062	6259	100	47.0427	35.4	59.2
GC1003827_F08_NODE_183_length_6250_cov_8.968153	1	6250	3200	6250	100	71.7472	35.4	58.8
GC1003827_F08_NODE_184_length_6240_cov_6.068379	1	6240	2139	6230	99.8397	47.6688	35.3	57.4
GC1003827_F08_NODE_185_length_6237_cov_3.430442	1	6237	1163	6207	99.519	26.5049	35.5	58.5
GC1003827_F08_NODE_186_length_6225_cov_7.503280	1	6225	2510	6200	99.5984	57.6005	35.5	59.1
GC1003827_F08_NODE_187_length_6214_cov_8.180877	1	6214	2753	6214	100	63.1941	35.6	59.1
GC1003827_F08_NODE_188_length_6212_cov_5.030238	1	6212	1754	6212	100	39.7777	35.5	58.8
GC1003827_F08_NODE_189_length_6181_cov_5.690453	1	6181	1888	6181	100	43.7251	35.5	59.1
GC1003827_F08_NODE_190_length_6150_cov_8.475012	1	6150	3678	6150	100	79.9366	35.4	56.7
GC1003827_F08_NODE_191_length_6148_cov_7.421026	1	6148	2585	6148	100	59.8328	35.5	58.9
GC1003827_F08_NODE_192_length_6143_cov_7.205951	1	6143	2742	6141	99.9674	61.4088	35.6	58.5
GC1003827_F08_NODE_193_length_6118_cov_5.510599	1	6118	1764	6118	100	41.6451	35.6	59.5
GC1003827_F08_NODE_194_length_6115_cov_14.109719	1	6115	5097	6115	100	115.685	35.6	58.5
GC1003827_F08_NODE_195_length_6095_cov_7.922587	1	6095	2953	6094	99.9836	66.7129	35.6	58.5
GC1003827_F08_NODE_196_length_6080_cov_5.531329	1	6080	1950	6070	99.8355	44.2313	35.8	58.5
GC1003827_F08_NODE_197_length_6076_cov_5.049588	1	6076	1719	6076	100	39.6126	35.5	58.8
GC1003827_F08_NODE_198_length_6065_cov_6.709667	1	6065	2258	6065	100	53.0877	35.5	59.3
GC1003827_F08_NODE_199_length_6051_cov_11.288825	1	6051	3910	6051	100	91.1158	35.3	58.8
GC1003827_F08_NODE_200_length_6040_cov_5.485879	1	6040	1721	6040	100	40.9546	35.5	59.5
GC1003827_F08_NODE_201_length_6037_cov_5.555499	1	6037	2406	6037	100	53.0919	35.3	56.3
GC1003827_F08_NODE_202_length_6031_cov_4.800982	1	6031	1581	6031	100	37.394	35.4	59.1
GC1003827_F08_NODE_203_length_6028_cov_6.669886	1	6028	2125	6026	99.9668	50.472	35.5	59.3
GC1003827_F08_NODE_204_length_6025_cov_8.410987	1	6025	3571	6012	99.7842	80.7602	35.5	57.9
GC1003827_F08_NODE_205_length_6017_cov_5.266723	1	6017	1996	6017	100	45.5145	35.5	57.7
GC1003827_F08_NODE_206_length_6010_cov_5.214516	1	6010	1651	6001	99.8502	39.4453	35.4	59.3
GC1003827_F08_NODE_207_length_5998_cov_5.675183	1	5998	2344	5998	100	52.7012	35.5	56.8
GC1003827_F08_NODE_208_length_5984_cov_4.331398	1	5984	1521	5974	99.8329	35.4288	35.5	58.6
GC1003827_F08_NODE_209_length_5963_cov_5.566484	1	5963	1823	5963	100	43.6619	35.5	59.1
GC1003827_F08_NODE_210_length_5961_cov_9.773740	1	5961	3257	5961	100	77.2726	35.4	58.9
GC1003827_F08_NODE_211_length_5957_cov_3.816295	1	5957	1175	5957	100	28.5056	35.4	59.4
GC1003827_F08_NODE_212_length_5946_cov_4.717993	1	5946	1870	5946	100	42.4808	35.4	57.6
GC1003827_F08_NODE_213_length_5942_cov_11.051935	1	5942	4389	5942	100	100.803	35.6	58.3
GC1003827_F08_NODE_214_length_5940_cov_4.318080	1	5940	2270	5940	100	45.0492	35	47.2
GC1003827_F08_NODE_215_length_5931_cov_7.126292	1	5931	2381	5931	100	57.4615	35.4	59.2
GC1003827_F08_NODE_216_length_5912_cov_7.256525	1	5912	3130	5912	100	71.1954	35.3	55.3
GC1003827_F08_NODE_217_length_5912_cov_6.338116	1	5912	2847	5912	100	61.8682	35.3	55.4
GC1003827_F08_NODE_218_length_5907_cov_9.225260	1	5907	3078	5907	100	73.6298	35.5	59
GC1003827_F08_NODE_219_length_5901_cov_5.792518	1	5901	1929	5901	100	46.3071	35.3	59.1
GC1003827_F08_NODE_220_length_5894_cov_5.087394	1	5894	1614	5883	99.8134	39.0412	35.6	59
GC1003827_F08_NODE_221_length_5886_cov_6.283903	1	5886	1957	5886	100	48.1045	35.4	59.4
GC1003827_F08_NODE_222_length_5880_cov_4.848253	1	5880	1500	5880	100	36.7274	35.4	59.4
GC1003827_F08_NODE_223_length_5865_cov_3.781457	1	5865	1221	5865	100	29.5925	35.5	59.2
GC1003827_F08_NODE_224_length_5864_cov_3.934983	1	5864	1462	5863	99.9829	34.7113	35.6	58.6
GC1003827_F08_NODE_225_length_5826_cov_7.230567	1	5826	2284	5826	100	55.959	35.4	59
GC1003827_F08_NODE_226_length_5819_cov_4.932186	1	5819	1521	5819	100	37.3121	35.5	59.3
GC1003827_F08_NODE_227_length_5799_cov_4.275740	1	5799	2298	5799	100	46.7534	35.1	49.8
GC1003827_F08_NODE_228_length_5782_cov_6.776835	1	5782	2083	5782	100	51.4549	35.6	59
GC1003827_F08_NODE_229_length_5780_cov_9.458164	1	5780	2920	5780	100	72.3225	35.6	59.2
GC1003827_F08_NODE_230_length_5748_cov_4.896638	1	5748	1546	5748	100	38.0009	35.6	59.2
GC1003827_F08_NODE_231_length_5743_cov_5.489672	1	5743	1756	5743	100	43.3456	35.5	58.7
GC1003827_F08_NODE_232_length_5737_cov_8.426203	1	5737	2907	5737	100	70.8154	35.4	58.1
GC1003827_F08_NODE_233_length_5723_cov_7.063259	1	5723	2191	5721	99.9651	54.3332	35.6	58.9
GC1003827_F08_NODE_234_length_5695_cov_8.066990	1	5695	2422	5695	100	61.3061	35.5	59.4
GC1003827_F08_NODE_235_length_5692_cov_9.861995	1	5692	3988	5692	100	90.2414	35.3	55.2
GC1003827_F08_NODE_236_length_5690_cov_6.199892	1	5690	2006	5690	100	49.7387	35.4	58.8
GC1003827_F08_NODE_237_length_5680_cov_8.559878	1	5680	2833	5680	100	69.3669	35.6	57.3
GC1003827_F08_NODE_238_length_5669_cov_4.453807	1	5669	1503	5669	100	36.2242	35.6	57.2
GC1003827_F08_NODE_239_length_5666_cov_9.615274	1	5666	3155	5666	100	78.4423	35.5	59.1
GC1003827_F08_NODE_240_length_5664_cov_5.826802	1	5664	1842	5664	100	45.8695	35.4	58.2
GC1003827_F08_NODE_241_length_5647_cov_11.685688	1	5647	4737	5647	100	111.403	35.3	56.9
GC1003827_F08_NODE_242_length_5631_cov_5.498547	1	5631	2028	5631	100	49.2632	35.5	58.6
GC1003827_F08_NODE_243_length_5629_cov_3.714649	1	5629	1262	5619	99.8223	30.9204	35.5	58.3
GC1003827_F08_NODE_244_length_5625_cov_9.070571	1	5625	3919	5625	100	90.7904	35.3	55.7
GC1003827_F08_NODE_245_length_5620_cov_9.038777	1	5620	2629	5620	100	67.6786	35.5	59.3
GC1003827_F08_NODE_246_length_5614_cov_3.807545	1	5614	1131	5614	100	28.682	35.6	58.9
GC1003827_F08_NODE_247_length_5612_cov_7.298450	1	5612	2633	5612	100	64.0807	35.7	58.2
GC1003827_F08_NODE_248_length_5607_cov_8.353102	1	5607	2699	5606	99.9822	68.1336	35.6	59.1
GC1003827_F08_NODE_249_length_5593_cov_3.525430	1	5593	1097	5592	99.9821	27.6151	35.4	58.5
GC1003827_F08_NODE_250_length_5591_cov_10.933748	1	5591	3438	5590	99.9821	86.7153	35.6	58.9
GC1003827_F08_NODE_251_length_5587_cov_9.236081	1	5587	3831	5587	100	90.0383	35.5	57.3
GC1003827_F08_NODE_252_length_5580_cov_7.574546	1	5580	2366	5580	100	60.3332	35.5	58.9
GC1003827_F08_NODE_253_length_5576_cov_6.859240	1	5576	2431	5565	99.8027	59.6973	35.5	58.2
GC1003827_F08_NODE_254_length_5575_cov_2.054515	1	5575	584	5575	100	15.268	35.6	59.9
GC1003827_F08_NODE_255_length_5570_cov_3.868455	1	5570	1661	5570	100	36.3564	35.5	51.8
GC1003827_F08_NODE_256_length_5567_cov_4.820221	1	5567	2274	5564	99.9461	50.9592	35.1	52.9
GC1003827_F08_NODE_257_length_5564_cov_9.002391	1	5564	3009	5564	100	75.0997	35.6	58.3
GC1003827_F08_NODE_258_length_5556_cov_8.279978	1	5556	2677	5556	100	67.0938	35.6	58.5
GC1003827_F08_NODE_259_length_5555_cov_8.247421	1	5555	2439	5546	99.838	63.204	35.6	59.4
GC1003827_F08_NODE_260_length_5541_cov_3.401921	1	5541	1037	5541	100	26.9691	35.3	59.4
GC1003827_F08_NODE_261_length_5539_cov_9.200850	1	5539	3308	5539	100	81.3123	35.6	58.2
GC1003827_F08_NODE_262_length_5509_cov_4.129320	1	5509	2325	5509	100	49.2351	34.8	53.7
GC1003827_F08_NODE_263_length_5507_cov_9.044981	1	5507	2724	5507	100	70.4329	35.6	59.4
GC1003827_F08_NODE_264_length_5501_cov_4.984183	1	5501	1572	5493	99.8546	40.2801	35.6	58.9
GC1003827_F08_NODE_265_length_5485_cov_6.663867	1	5485	2088	5485	100	53.6569	35.4	58.9
GC1003827_F08_NODE_266_length_5469_cov_5.591539	1	5469	1863	5469	100	46.6478	35.4	56.9
GC1003827_F08_NODE_267_length_5449_cov_4.312477	1	5449	1358	5449	100	35.2103	35.6	59.1
GC1003827_F08_NODE_268_length_5447_cov_6.609023	1	5447	2053	5447	100	52.5375	35.5	58.1
GC1003827_F08_NODE_269_length_5443_cov_5.363055	1	5443	1904	5443	100	47.3932	35.5	57.9
GC1003827_F08_NODE_270_length_5435_cov_4.060852	1	5435	1213	5435	100	31.8813	35.5	59.3
GC1003827_F08_NODE_271_length_5410_cov_5.027825	1	5410	1825	5410	100	41.8889	35.2	48.1
GC1003827_F08_NODE_272_length_5405_cov_10.099469	1	5405	3567	5405	100	88.7691	35.5	58.2
GC1003827_F08_NODE_273_length_5403_cov_8.080174	1	5403	2325	5400	99.9445	61.6643	35.6	59.3
GC1003827_F08_NODE_274_length_5400_cov_3.132941	1	5400	1019	5400	100	26.4024	35.6	59
GC1003827_F08_NODE_275_length_5397_cov_6.049146	1	5397	1646	5397	100	44.4021	35.6	59.6
GC1003827_F08_NODE_276_length_5393_cov_8.447588	1	5393	3018	5393	100	74.3657	35.4	56.1
GC1003827_F08_NODE_277_length_5389_cov_7.205245	1	5389	2529	5389	100	63.5342	35.7	58
GC1003827_F08_NODE_278_length_5388_cov_7.926250	1	5388	2698	5376	99.7773	68.5902	35.6	58
GC1003827_F08_NODE_279_length_5387_cov_6.794677	1	5387	2104	5378	99.8329	55.0594	35.4	58.8
GC1003827_F08_NODE_280_length_5379_cov_5.826161	1	5379	1951	5379	100	50.427	35.6	59.2
GC1003827_F08_NODE_281_length_5378_cov_5.068749	1	5378	1508	5378	100	39.8315	35.5	59
GC1003827_F08_NODE_282_length_5369_cov_4.753529	1	5369	1553	5358	99.7951	38.8236	35.4	57.8
GC1003827_F08_NODE_283_length_5363_cov_15.321429	1	5363	10021	5363	100	245.869	35.2	46.1
GC1003827_F08_NODE_284_length_5353_cov_5.910065	1	5353	1809	5353	100	47.6211	35.4	58.8
GC1003827_F08_NODE_285_length_5335_cov_6.364055	1	5335	1955	5335	100	51.0227	35.4	58.3
GC1003827_F08_NODE_286_length_5332_cov_8.049952	1	5332	3858	5332	100	90.6875	35.2	55.1
GC1003827_F08_NODE_287_length_5331_cov_8.102229	1	5331	2254	5321	99.8124	60.9805	35.7	59.4
GC1003827_F08_NODE_288_length_5301_cov_10.673367	1	5301	3475	5301	100	89.0319	35.6	57
GC1003827_F08_NODE_289_length_5287_cov_5.137984	1	5287	1687	5287	100	43.2056	35.4	57.5
GC1003827_F08_NODE_290_length_5278_cov_14.505145	1	5278	4539	5278	100	118.73	35.6	58.4
GC1003827_F08_NODE_291_length_5277_cov_6.157087	1	5277	2399	5277	100	57.6309	35.3	52.4
GC1003827_F08_NODE_292_length_5275_cov_14.344600	1	5275	4318	5266	99.8294	114.894	35.7	59
GC1003827_F08_NODE_293_length_5261_cov_10.795871	1	5261	3162	5261	100	85.0017	35.6	59.1
GC1003827_F08_NODE_294_length_5259_cov_8.244154	1	5259	2473	5250	99.8289	66.5425	35.7	58.9
GC1003827_F08_NODE_295_length_5237_cov_6.187867	1	5237	2498	5237	100	58.4184	35.5	50.8
GC1003827_F08_NODE_296_length_5234_cov_5.790679	1	5234	2234	5234	100	52.3561	35.3	46.4
GC1003827_F08_NODE_297_length_5230_cov_9.692142	1	5230	2922	5230	100	78.2912	35.4	59
GC1003827_F08_NODE_298_length_5228_cov_5.234072	1	5228	1490	5228	100	40.7412	35.5	59.3
GC1003827_F08_NODE_299_length_5213_cov_6.286473	1	5213	1882	5213	100	50.456	35.5	59
GC1003827_F08_NODE_300_length_5210_cov_6.183160	1	5210	1821	5210	100	48.371	35.4	58.5
GC1003827_F08_NODE_301_length_5197_cov_11.386391	1	5197	3884	5197	100	101.663	35.5	58.2
GC1003827_F08_NODE_302_length_5195_cov_6.321034	1	5195	1944	5195	100	51.9659	35.5	58.2
GC1003827_F08_NODE_303_length_5189_cov_13.450415	1	5189	4015	5189	100	108.229	35.6	58.7
GC1003827_F08_NODE_304_length_5187_cov_4.811265	1	5187	1500	5177	99.8072	39.5766	35.6	57.8
GC1003827_F08_NODE_305_length_5179_cov_5.071061	1	5179	1681	5179	100	43.7971	35.5	56.9
GC1003827_F08_NODE_306_length_5177_cov_7.760990	1	5177	2456	5177	100	65.8335	35.5	58.7
GC1003827_F08_NODE_307_length_5173_cov_9.678161	1	5173	3001	5173	100	81.4278	35.5	58.3
GC1003827_F08_NODE_308_length_5173_cov_5.426675	1	5173	1578	5173	100	43.5277	35.5	59.3
GC1003827_F08_NODE_309_length_5171_cov_5.918914	1	5171	1915	5162	99.826	50.8472	35.5	56.1
GC1003827_F08_NODE_310_length_5158_cov_6.429338	1	5158	1757	5158	100	48.5892	35.6	59.2
GC1003827_F08_NODE_311_length_5158_cov_5.906182	1	5158	1628	5158	100	44.9488	35.7	59
GC1003827_F08_NODE_312_length_5147_cov_3.955179	1	5147	1235	5147	100	31.7731	35.4	53.9
GC1003827_F08_NODE_313_length_5124_cov_4.138683	1	5124	1574	5094	99.4145	41.9202	35.6	56.4
GC1003827_F08_NODE_314_length_5105_cov_5.375251	1	5105	1869	5105	100	49.1471	35.6	57.3
GC1003827_F08_NODE_315_length_5100_cov_5.775387	1	5100	1593	5100	100	44.4692	35.5	59
GC1003827_F08_NODE_316_length_5096_cov_8.058161	1	5096	2864	5073	99.5487	73.8697	35.5	57.2
GC1003827_F08_NODE_317_length_5094_cov_8.491846	1	5094	2387	5092	99.9607	66.5834	35.5	59
GC1003827_F08_NODE_318_length_5078_cov_4.143607	1	5078	1160	5078	100	32.49	35.3	58.8
GC1003827_F08_NODE_319_length_5067_cov_3.455668	1	5067	996	5066	99.9803	27.6529	35.5	58.9
GC1003827_F08_NODE_320_length_5049_cov_4.501422	1	5049	1327	5049	100	36.7687	35.4	58.9
GC1003827_F08_NODE_321_length_5044_cov_6.786048	1	5044	6235	5044	100	135.021	34.3	25.6
GC1003827_F08_NODE_322_length_5041_cov_8.556980	1	5041	2444	5041	100	68.7217	35.3	59
GC1003827_F08_NODE_323_length_5040_cov_6.490942	1	5040	1706	5040	100	48.6683	35.5	59.5
GC1003827_F08_NODE_324_length_5038_cov_6.395439	1	5038	1804	5035	99.9405	50.5141	35.6	58.8
GC1003827_F08_NODE_325_length_5037_cov_5.855804	1	5037	1621	5037	100	45.6166	35.5	58.8
GC1003827_F08_NODE_326_length_5036_cov_7.855571	1	5036	2483	5033	99.9404	66.7216	35.6	57
GC1003827_F08_NODE_327_length_5024_cov_7.805187	1	5024	2180	5024	100	61.0729	35.6	58.9
GC1003827_F08_NODE_328_length_5019_cov_7.663328	1	5019	2074	5017	99.9602	59.2261	35.7	59.2
GC1003827_F08_NODE_329_length_5008_cov_4.005327	1	5008	1115	5008	100	31.3375	35.5	58
GC1003827_F08_NODE_330_length_5005_cov_9.414719	1	5005	3307	5005	100	87.377	35.6	57.3
GC1003827_F08_NODE_331_length_5002_cov_4.933949	1	5002	1458	5002	100	40.2911	35.6	58.9
GC1003827_F08_NODE_332_length_4978_cov_11.974644	1	4978	3442	4978	100	96.8258	35.6	58.6
GC1003827_F08_NODE_333_length_4975_cov_4.832921	1	4975	1899	4964	99.7789	49.1867	35.4	56.3
GC1003827_F08_NODE_334_length_4946_cov_7.375389	1	4946	2399	4946	100	65.5786	35.5	57.7
GC1003827_F08_NODE_335_length_4933_cov_7.356429	1	4933	2055	4933	100	58.6536	35.6	58.9
GC1003827_F08_NODE_336_length_4929_cov_10.784257	1	4929	3070	4929	100	88.0136	35.7	59
GC1003827_F08_NODE_337_length_4924_cov_7.666250	1	4924	3157	4924	100	79.3532	35.4	54.5
GC1003827_F08_NODE_338_length_4921_cov_6.335002	1	4921	2348	4921	100	62.9596	35.4	57.1
GC1003827_F08_NODE_339_length_4913_cov_3.607397	1	4913	1094	4913	100	30.6059	35.6	58.1
GC1003827_F08_NODE_340_length_4911_cov_16.010661	1	4911	5348	4911	100	143.485	35.6	56.6
GC1003827_F08_NODE_341_length_4907_cov_8.180753	1	4907	2190	4907	100	63.031	35.6	58.6
GC1003827_F08_NODE_342_length_4900_cov_8.730568	1	4900	2379	4900	100	69.5922	35.4	59.2
GC1003827_F08_NODE_343_length_4899_cov_13.615256	1	4899	3636	4897	99.9592	105.612	35.7	59
GC1003827_F08_NODE_344_length_4894_cov_4.435914	1	4894	1220	4890	99.9183	35.0562	35.5	58.8
GC1003827_F08_NODE_345_length_4893_cov_4.715275	1	4893	1772	4893	100	46.8835	35.6	56.4
GC1003827_F08_NODE_346_length_4889_cov_9.903192	1	4889	3148	4889	100	87.7413	35.3	58.1
GC1003827_F08_NODE_347_length_4889_cov_8.574549	1	4889	2951	4889	100	75.449	35.2	49.2
GC1003827_F08_NODE_348_length_4879_cov_9.010311	1	4879	3108	4879	100	85.4581	35.2	56.5
GC1003827_F08_NODE_349_length_4868_cov_8.587218	1	4868	2452	4868	100	70.001	35.6	58.4
GC1003827_F08_NODE_350_length_4863_cov_7.198691	1	4863	2039	4863	100	59.116	35.5	58.5
GC1003827_F08_NODE_351_length_4860_cov_10.059582	1	4860	2749	4860	100	79.256	35.6	58.1
GC1003827_F08_NODE_352_length_4859_cov_5.617709	1	4859	1793	4858	99.9794	46.873	35.4	49.8
GC1003827_F08_NODE_353_length_4846_cov_6.030091	1	4846	1620	4846	100	46.5582	35.4	57.8
GC1003827_F08_NODE_354_length_4844_cov_8.122112	1	4844	2200	4844	100	64.4484	35.5	59.2
GC1003827_F08_NODE_355_length_4842_cov_12.375398	1	4842	3134	4842	100	93.1006	35.6	59.4
GC1003827_F08_NODE_356_length_4840_cov_10.599406	1	4840	2756	4840	100	80.9151	35.5	59.1
GC1003827_F08_NODE_357_length_4828_cov_5.925760	1	4828	1523	4828	100	44.8558	35.4	58.8
GC1003827_F08_NODE_358_length_4818_cov_11.680665	1	4818	4527	4818	100	119.83	35.6	52.8
GC1003827_F08_NODE_359_length_4818_cov_7.707738	1	4818	2113	4818	100	61.9942	35.3	59.1
GC1003827_F08_NODE_360_length_4797_cov_4.823555	1	4797	1317	4785	99.7498	38.8032	35.5	59.3
GC1003827_F08_NODE_361_length_4789_cov_7.448520	1	4789	2160	4789	100	61.2917	35.6	56.5
GC1003827_F08_NODE_362_length_4788_cov_10.392620	1	4788	2731	4788	100	80.9563	35.5	59.1
GC1003827_F08_NODE_363_length_4785_cov_7.708888	1	4785	2541	4785	100	69.8767	35.2	54.8
GC1003827_F08_NODE_364_length_4782_cov_7.239957	1	4782	2087	4782	100	61.3812	35.5	59.2
GC1003827_F08_NODE_365_length_4776_cov_4.413422	1	4776	2312	4776	100	51.4774	34.8	33.8
GC1003827_F08_NODE_366_length_4775_cov_4.093373	1	4775	1211	4770	99.8953	34.0128	35.5	57.9
GC1003827_F08_NODE_367_length_4773_cov_4.394748	1	4773	1199	4773	100	35.3172	35.4	58.9
GC1003827_F08_NODE_368_length_4772_cov_8.907427	1	4772	2376	4772	100	70.4386	35.5	59.1
GC1003827_F08_NODE_369_length_4766_cov_7.019616	1	4766	1775	4766	100	53.4486	35.5	59.3
GC1003827_F08_NODE_370_length_4764_cov_3.962907	1	4764	1662	4764	100	39.1967	35.1	43.9
GC1003827_F08_NODE_371_length_4761_cov_7.666595	1	4761	2290	4761	100	65.6553	35.6	57.6
GC1003827_F08_NODE_372_length_4754_cov_9.604928	1	4754	2575	4754	100	76.3193	35.7	58.9
GC1003827_F08_NODE_373_length_4748_cov_3.707855	1	4748	1181	4748	100	33.8907	35.7	57.7
GC1003827_F08_NODE_374_length_4736_cov_8.072467	1	4736	2134	4736	100	63.8117	35.6	58.9
GC1003827_F08_NODE_375_length_4734_cov_6.448665	1	4734	1827	4734	100	53.3635	35.5	58.6
GC1003827_F08_NODE_376_length_4733_cov_2.222753	1	4733	585	4726	99.8521	17.6615	35.7	59.2
GC1003827_F08_NODE_377_length_4729_cov_4.936984	1	4729	1331	4729	100	39.6173	35.6	58.9
GC1003827_F08_NODE_378_length_4726_cov_2.630789	1	4726	620	4726	100	19.0561	35.7	59.8
GC1003827_F08_NODE_379_length_4724_cov_6.507070	1	4724	1787	4724	100	53.1818	35.4	59
GC1003827_F08_NODE_380_length_4723_cov_2.982376	1	4723	844	4703	99.5765	23.7241	35.8	54.8
GC1003827_F08_NODE_381_length_4719_cov_5.828179	1	4719	1652	4719	100	48.9199	35.8	58.2
GC1003827_F08_NODE_382_length_4716_cov_11.245151	1	4716	3074	4716	100	91.3425	35.5	58.9
GC1003827_F08_NODE_383_length_4716_cov_3.930268	1	4716	1291	4716	100	35.3641	35.5	55.1
GC1003827_F08_NODE_384_length_4713_cov_10.552769	1	4713	3028	4713	100	89.2559	35.5	58.7
GC1003827_F08_NODE_385_length_4707_cov_7.466594	1	4707	2025	4707	100	60.2216	35.1	59
GC1003827_F08_NODE_386_length_4698_cov_9.921024	1	4698	2783	4698	100	82.858	35.5	58.9
GC1003827_F08_NODE_387_length_4698_cov_7.009407	1	4698	1835	4698	100	55.3052	35.5	59.3
GC1003827_F08_NODE_388_length_4695_cov_5.110333	1	4695	1351	4695	100	40.2794	35.4	58.2
GC1003827_F08_NODE_389_length_4682_cov_7.605049	1	4682	2538	4679	99.9359	73.1375	35.4	56.9
GC1003827_F08_NODE_390_length_4681_cov_7.235617	1	4681	2265	4681	100	64.9919	35.6	58
GC1003827_F08_NODE_391_length_4677_cov_3.006813	1	4677	744	4667	99.7862	22.6665	35.6	58.8
GC1003827_F08_NODE_392_length_4674_cov_5.281284	1	4674	1485	4642	99.3154	43.5543	35.5	57.7
GC1003827_F08_NODE_393_length_4665_cov_9.867342	1	4665	2958	4665	100	84.7267	35.4	57
GC1003827_F08_NODE_394_length_4656_cov_5.639214	1	4656	1458	4656	100	44.3157	35.7	58.8
GC1003827_F08_NODE_395_length_4655_cov_7.991166	1	4655	2294	4655	100	68.1424	35.6	58.4
GC1003827_F08_NODE_396_length_4650_cov_4.314614	1	4650	1375	4650	100	38.7611	35.6	56.3
GC1003827_F08_NODE_397_length_4649_cov_8.062362	1	4649	2562	4649	100	71.8374	35.4	54.3
GC1003827_F08_NODE_398_length_4647_cov_10.327876	1	4647	2794	4646	99.9785	83.6187	35.3	58.2
GC1003827_F08_NODE_399_length_4645_cov_5.024126	1	4645	1852	4645	100	50.9436	35.4	55.4
GC1003827_F08_NODE_400_length_4643_cov_5.733171	1	4643	1736	4643	100	49.6345	35.5	57
GC1003827_F08_NODE_401_length_4641_cov_3.085290	1	4641	1073	4641	100	30.49	35.4	57.4
GC1003827_F08_NODE_402_length_4640_cov_6.312652	1	4640	2045	4640	100	56.8073	35.5	55.4
GC1003827_F08_NODE_403_length_4640_cov_3.752050	1	4640	918	4640	100	28.2222	35.4	59
GC1003827_F08_NODE_404_length_4634_cov_5.342800	1	4634	1779	4634	100	45.5962	35.2	43.5
GC1003827_F08_NODE_405_length_4629_cov_9.641715	1	4629	3052	4629	100	86.4001	35.4	55.5
GC1003827_F08_NODE_406_length_4625_cov_17.336594	1	4625	4981	4625	100	143.188	35.5	53.9
GC1003827_F08_NODE_407_length_4624_cov_7.412497	1	4624	2331	4624	100	65.7416	35.6	55.5
GC1003827_F08_NODE_408_length_4619_cov_5.591941	1	4619	1680	4619	100	48.8207	35.5	56.8
GC1003827_F08_NODE_409_length_4614_cov_9.072431	1	4614	2264	4614	100	70.0362	35.4	59.3
GC1003827_F08_NODE_410_length_4610_cov_5.491635	1	4610	1823	4610	100	50.8829	35.4	56.8
GC1003827_F08_NODE_411_length_4610_cov_3.980370	1	4610	988	4610	100	30.7501	35.4	59.3
GC1003827_F08_NODE_412_length_4606_cov_4.937709	1	4606	2518	4606	100	59.4902	34.8	35
GC1003827_F08_NODE_413_length_4598_cov_3.537240	1	4598	848	4598	100	26.3258	35.3	59.2
GC1003827_F08_NODE_414_length_4595_cov_4.290286	1	4595	1025	4585	99.7824	32.1617	35.7	59.1
GC1003827_F08_NODE_415_length_4588_cov_11.624524	1	4588	3370	4579	99.8038	101.036	35.5	58.2
GC1003827_F08_NODE_416_length_4588_cov_5.471867	1	4588	1935	4588	100	53.842	35.2	55.2
GC1003827_F08_NODE_417_length_4588_cov_4.791527	1	4588	1258	4588	100	38.5318	35.5	59.1
GC1003827_F08_NODE_418_length_4586_cov_6.598565	1	4586	4043	4586	100	90.8958	34.6	30.7
GC1003827_F08_NODE_419_length_4586_cov_6.077596	1	4586	1513	4586	100	46.3901	35.5	58.1
GC1003827_F08_NODE_420_length_4582_cov_5.030303	1	4582	2388	4581	99.9782	57.5024	35.1	39.3
GC1003827_F08_NODE_421_length_4578_cov_6.867221	1	4578	1694	4576	99.9563	52.6324	35.4	59.4
GC1003827_F08_NODE_422_length_4576_cov_7.239380	1	4576	2780	4576	100	73.8361	35.5	53.2
GC1003827_F08_NODE_423_length_4566_cov_4.775400	1	4566	1207	4566	100	37.624	35.3	59.1
GC1003827_F08_NODE_424_length_4564_cov_5.710615	1	4564	1438	4564	100	44.6387	35.5	58.9
GC1003827_F08_NODE_425_length_4562_cov_9.406764	1	4562	3390	4562	100	98.1881	35.2	55.7
GC1003827_F08_NODE_426_length_4561_cov_7.996392	1	4561	2188	4552	99.8027	64.815	35.7	56.2
GC1003827_F08_NODE_427_length_4561_cov_6.517817	1	4561	1669	4561	100	51.4694	35.3	58.9
GC1003827_F08_NODE_428_length_4561_cov_4.714253	1	4561	1361	4561	100	40.4164	35.3	57.9
GC1003827_F08_NODE_429_length_4558_cov_15.491086	1	4558	5264	4558	100	155.05	35.3	56.8
GC1003827_F08_NODE_430_length_4556_cov_6.463762	1	4556	1674	4556	100	51.6725	35.7	58.9
GC1003827_F08_NODE_431_length_4556_cov_2.429668	1	4556	790	4556	100	21.5904	35.5	52.4
GC1003827_F08_NODE_432_length_4555_cov_11.280262	1	4555	3202	4555	100	97.6551	35.5	58.7
GC1003827_F08_NODE_433_length_4554_cov_11.758979	1	4554	3013	4554	100	94.0466	35.5	59.2
GC1003827_F08_NODE_434_length_4552_cov_2.288814	1	4552	562	4552	100	17.2704	35.4	57.8
GC1003827_F08_NODE_435_length_4551_cov_2.672468	1	4551	615	4551	100	19.766	35.7	59.7
GC1003827_F08_NODE_436_length_4546_cov_5.921702	1	4546	2046	4545	99.978	58.9034	35.6	56.9
GC1003827_F08_NODE_437_length_4545_cov_3.459710	1	4545	882	4545	100	27.5916	35.6	58.8
GC1003827_F08_NODE_438_length_4537_cov_8.429252	1	4537	2333	4537	100	70.0996	35.5	57.4
GC1003827_F08_NODE_439_length_4536_cov_7.721252	1	4536	2337	4536	100	68.435	35.4	58.7
GC1003827_F08_NODE_440_length_4527_cov_7.104091	1	4527	2324	4527	100	65.5843	35.5	48.9
GC1003827_F08_NODE_441_length_4519_cov_3.757969	1	4519	904	4519	100	28.8632	35.5	59.8
GC1003827_F08_NODE_442_length_4518_cov_8.285584	1	4518	2607	4508	99.7787	73.7417	35.5	52.6
GC1003827_F08_NODE_443_length_4517_cov_4.196811	1	4517	1035	4517	100	32.5871	35.4	59.2
GC1003827_F08_NODE_444_length_4516_cov_4.885395	1	4516	1265	4497	99.5793	38.8866	35.6	58.4
GC1003827_F08_NODE_445_length_4513_cov_5.826721	1	4513	1403	4513	100	43.9568	35.5	58.9
GC1003827_F08_NODE_446_length_4510_cov_7.290668	1	4510	1755	4510	100	55.7554	35.5	59.4
GC1003827_F08_NODE_447_length_4507_cov_7.275114	1	4507	1777	4507	100	56.016	35.6	59.3
GC1003827_F08_NODE_448_length_4504_cov_4.969842	1	4504	1154	4504	100	36.6983	35.6	59
GC1003827_F08_NODE_449_length_4501_cov_6.027435	1	4501	1572	4501	100	48.9465	35.5	58.8
GC1003827_F08_NODE_450_length_4499_cov_7.646157	1	4499	2272	4499	100	68.0485	35.5	56.7
GC1003827_F08_NODE_451_length_4495_cov_11.652930	1	4495	3071	4495	100	95.6603	35.6	57.4
GC1003827_F08_NODE_452_length_4490_cov_4.548705	1	4490	1343	4490	100	39.139	35.3	53.1
GC1003827_F08_NODE_453_length_4482_cov_10.302411	1	4482	2855	4480	99.9554	86.9576	35.6	58.5
GC1003827_F08_NODE_454_length_4480_cov_3.924650	1	4480	1060	4480	100	32.6422	35.6	58.2
GC1003827_F08_NODE_455_length_4473_cov_8.237920	1	4473	3482	4473	100	94.7328	34.9	46.9
GC1003827_F08_NODE_456_length_4465_cov_10.535731	1	4465	3386	4465	100	100.258	35.3	56.6
GC1003827_F08_NODE_457_length_4464_cov_4.635462	1	4464	1050	4455	99.7984	33.9859	35.3	59.6
GC1003827_F08_NODE_458_length_4455_cov_4.305684	1	4455	1168	4455	100	36.1886	35.4	58.6
GC1003827_F08_NODE_459_length_4449_cov_11.852383	1	4449	3542	4449	100	105.183	35.5	56.5
GC1003827_F08_NODE_460_length_4444_cov_9.302525	1	4444	2771	4444	100	82.6733	35.6	55.7
GC1003827_F08_NODE_461_length_4436_cov_5.887909	1	4436	1849	4436	100	50.6666	35.3	47.7
GC1003827_F08_NODE_462_length_4430_cov_6.976528	1	4430	2245	4430	100	65.3097	35.5	54.9
GC1003827_F08_NODE_463_length_4430_cov_2.820125	1	4430	1062	4430	100	28.9025	35.3	52.3
GC1003827_F08_NODE_464_length_4429_cov_10.308694	1	4429	2973	4429	100	92.0266	35.4	57.9
GC1003827_F08_NODE_465_length_4418_cov_6.542065	1	4418	1568	4418	100	50.655	35.5	59.3
GC1003827_F08_NODE_466_length_4412_cov_9.170362	1	4412	2248	4412	100	71.6863	35.6	58.5
GC1003827_F08_NODE_467_length_4411_cov_7.533147	1	4411	2302	4411	100	69.4126	35.5	57.5
GC1003827_F08_NODE_468_length_4408_cov_5.852838	1	4408	1378	4408	100	44.8759	35.4	59.3
GC1003827_F08_NODE_469_length_4407_cov_7.264953	1	4407	1710	4400	99.8412	55.2827	35.6	58.9
GC1003827_F08_NODE_470_length_4403_cov_6.256080	1	4403	1629	4403	100	51.069	35.6	58.1
GC1003827_F08_NODE_471_length_4402_cov_4.789006	1	4402	1167	4400	99.9546	37.6052	35.5	59.1
GC1003827_F08_NODE_472_length_4376_cov_10.317957	1	4376	3281	4376	100	96.0647	35.5	54.6
GC1003827_F08_NODE_473_length_4372_cov_7.868551	1	4372	2492	4372	100	71.2578	35.2	46.8
GC1003827_F08_NODE_474_length_4368_cov_8.823391	1	4368	2709	4359	99.794	81.2717	35.5	55.1
GC1003827_F08_NODE_475_length_4366_cov_7.920736	1	4366	1877	4366	100	61.3967	35.6	59.2
GC1003827_F08_NODE_476_length_4362_cov_7.268713	1	4362	1719	4362	100	56.2607	35.5	59.3
GC1003827_F08_NODE_477_length_4358_cov_10.294966	1	4358	2882	4358	100	89.4502	35.7	57.4
GC1003827_F08_NODE_478_length_4356_cov_5.023173	1	4356	1292	4356	100	41.3607	35.5	58.5
GC1003827_F08_NODE_479_length_4349_cov_5.839886	1	4349	1387	4349	100	45.3564	35.7	59
GC1003827_F08_NODE_480_length_4346_cov_6.679071	1	4346	1704	4346	100	54.8477	35.5	59
GC1003827_F08_NODE_481_length_4342_cov_5.001423	1	4342	1487	4342	100	45.2388	35.5	56.4
GC1003827_F08_NODE_482_length_4341_cov_12.153536	1	4341	2977	4341	100	96.8549	35.4	59
GC1003827_F08_NODE_483_length_4332_cov_9.784067	1	4332	2280	4332	100	75.6526	35.5	59.4
GC1003827_F08_NODE_484_length_4332_cov_7.425922	1	4332	2018	4332	100	62.2569	35.6	57.4
GC1003827_F08_NODE_485_length_4331_cov_5.957659	1	4331	1729	4310	99.5151	52.9437	35.5	55.5
GC1003827_F08_NODE_486_length_4324_cov_6.700262	1	4324	1587	4324	100	52.3515	35.5	59.4
GC1003827_F08_NODE_487_length_4313_cov_13.917821	1	4313	3627	4313	100	116.191	35.5	58.2
GC1003827_F08_NODE_488_length_4307_cov_3.292105	1	4307	900	4307	100	27.3931	35.5	55.7
GC1003827_F08_NODE_489_length_4305_cov_3.926041	1	4305	1471	4305	100	38.846	35.1	38.8
GC1003827_F08_NODE_490_length_4302_cov_2.865389	1	4302	663	4302	100	22.0216	35.3	58.9
GC1003827_F08_NODE_491_length_4301_cov_6.385242	1	4301	1508	4301	100	49.5252	35.5	59.1
GC1003827_F08_NODE_492_length_4298_cov_2.952529	1	4298	943	4298	100	28.8509	35.4	55.5
GC1003827_F08_NODE_493_length_4294_cov_6.928006	1	4294	1714	4294	100	54.6369	35.7	58.1
GC1003827_F08_NODE_494_length_4294_cov_5.824094	1	4294	1365	4294	100	45.3943	35.4	59.2
GC1003827_F08_NODE_495_length_4292_cov_4.215126	1	4292	1120	4292	100	35.8145	35.7	57.6
GC1003827_F08_NODE_496_length_4291_cov_10.420029	1	4291	2363	4291	100	78.7266	35.6	59.1
GC1003827_F08_NODE_497_length_4283_cov_10.355630	1	4283	3937	4283	100	119.301	35.1	57
GC1003827_F08_NODE_498_length_4282_cov_6.701083	1	4282	1522	4282	100	50.7882	35.4	58.9
GC1003827_F08_NODE_499_length_4280_cov_12.372261	1	4280	2956	4280	100	97.9463	35.5	59.2
GC1003827_F08_NODE_500_length_4277_cov_7.975663	1	4277	2077	4277	100	66.9904	35.5	57.8
GC1003827_F08_NODE_501_length_4275_cov_6.753375	1	4275	1606	4275	100	53.1614	35.5	59
GC1003827_F08_NODE_502_length_4265_cov_4.538908	1	4265	1279	4265	100	39.2818	35.6	55.6
GC1003827_F08_NODE_503_length_4262_cov_7.234341	1	4262	1627	4252	99.7654	54.6739	35.8	59.6
GC1003827_F08_NODE_504_length_4261_cov_6.552975	1	4261	1565	4261	100	51.8965	35.6	58.8
GC1003827_F08_NODE_505_length_4253_cov_10.225642	1	4253	3415	4253	100	102.72	35.2	54.6
GC1003827_F08_NODE_506_length_4248_cov_2.612715	1	4248	604	4248	100	20.4494	35.4	59
GC1003827_F08_NODE_507_length_4247_cov_8.456311	1	4247	2403	4247	100	76.6416	35.5	57.7
GC1003827_F08_NODE_508_length_4246_cov_12.710124	1	4246	3850	4246	100	121.49	35.4	57.5
GC1003827_F08_NODE_509_length_4246_cov_10.141296	1	4246	2924	4246	100	92.3048	35.5	57.3
GC1003827_F08_NODE_510_length_4245_cov_4.690141	1	4245	1047	4245	100	35.5852	35.4	59.3
GC1003827_F08_NODE_511_length_4243_cov_8.098397	1	4243	1873	4243	100	62.56	35.5	58.9
GC1003827_F08_NODE_512_length_4239_cov_7.561527	1	4239	2374	4239	100	73.8134	35.5	55.3
GC1003827_F08_NODE_513_length_4239_cov_6.817121	1	4239	1741	4230	99.7877	57.1901	35.4	58.2
GC1003827_F08_NODE_514_length_4238_cov_3.720749	1	4238	867	4238	100	28.5286	35.6	57.8
GC1003827_F08_NODE_515_length_4238_cov_3.211871	1	4238	1100	4228	99.764	31.6012	35.7	55.3
GC1003827_F08_NODE_516_length_4233_cov_8.634681	1	4233	2507	4233	100	79.0794	35.4	57.1
GC1003827_F08_NODE_517_length_4231_cov_7.688109	1	4231	1747	4231	100	59.0865	35.5	59.3
GC1003827_F08_NODE_518_length_4228_cov_6.848817	1	4228	1822	4228	100	56.2384	35.4	51.3
GC1003827_F08_NODE_519_length_4225_cov_6.026354	1	4225	1488	4216	99.787	49.0114	35.6	58.4
GC1003827_F08_NODE_520_length_4224_cov_10.499146	1	4224	2796	4224	100	89.6288	35.6	57.3
GC1003827_F08_NODE_521_length_4224_cov_8.554552	1	4224	2213	4224	100	71.5909	35.5	58.3
GC1003827_F08_NODE_522_length_4222_cov_5.424908	1	4222	1289	4222	100	43.1405	35.4	59
GC1003827_F08_NODE_523_length_4222_cov_2.218071	1	4222	525	4222	100	17.1317	35.5	56.7
GC1003827_F08_NODE_524_length_4218_cov_3.847470	1	4218	945	4218	100	31.6363	35.6	59.1
GC1003827_F08_NODE_525_length_4216_cov_6.054537	1	4216	1861	4216	100	57.76	35.5	56.2
GC1003827_F08_NODE_526_length_4216_cov_3.103693	1	4216	1181	4216	100	32.959	35	53.8
GC1003827_F08_NODE_527_length_4207_cov_7.298529	1	4207	1973	4207	100	59.6646	35.5	49.2
GC1003827_F08_NODE_528_length_4206_cov_6.043638	1	4206	2380	4206	100	72.1282	35.6	54.4
GC1003827_F08_NODE_529_length_4204_cov_7.077999	1	4204	1788	4204	100	59.7652	35.8	58.7
GC1003827_F08_NODE_530_length_4198_cov_3.833456	1	4198	1010	4197	99.9762	33.3199	35.4	58.3
GC1003827_F08_NODE_531_length_4192_cov_14.681181	1	4192	3730	4192	100	121.063	35.5	57.8
GC1003827_F08_NODE_532_length_4186_cov_5.452328	1	4186	1579	4186	100	49.1775	35.4	55.7
GC1003827_F08_NODE_533_length_4186_cov_3.080069	1	4186	733	4186	100	24.4768	35.4	58.4
GC1003827_F08_NODE_534_length_4182_cov_5.393835	1	4182	1260	4182	100	42.8207	35.5	59.1
GC1003827_F08_NODE_535_length_4174_cov_4.364962	1	4174	1003	4174	100	34.2223	35.8	58.9
GC1003827_F08_NODE_536_length_4173_cov_6.579338	1	4173	2349	4173	100	72.4012	34.8	54.5
GC1003827_F08_NODE_537_length_4167_cov_5.978713	1	4167	2410	4138	99.3041	66.8925	35.3	50.4
GC1003827_F08_NODE_538_length_4158_cov_8.830315	1	4158	2038	4158	100	69.8696	35.6	59.3
GC1003827_F08_NODE_539_length_4155_cov_8.757696	1	4155	2342	4155	100	76.3355	35.4	57.6
GC1003827_F08_NODE_540_length_4154_cov_6.631487	1	4154	1528	4154	100	52.1213	35.4	58.7
GC1003827_F08_NODE_541_length_4153_cov_3.287382	1	4153	758	4153	100	25.8726	35.5	58.9
GC1003827_F08_NODE_542_length_4152_cov_11.809938	1	4152	2799	4152	100	94.1597	35.4	58.4
GC1003827_F08_NODE_543_length_4144_cov_7.428180	1	4144	1826	4144	100	61.5678	35.5	58.8
GC1003827_F08_NODE_544_length_4144_cov_7.381379	1	4144	1593	4144	100	55.1955	35.3	59.3
GC1003827_F08_NODE_545_length_4142_cov_6.048817	1	4142	1395	4142	100	47.5478	35.7	59
GC1003827_F08_NODE_546_length_4139_cov_9.215105	1	4139	2046	4139	100	71.2998	35.5	59.5
GC1003827_F08_NODE_547_length_4139_cov_5.292622	1	4139	1345	4139	100	44.7212	35.6	58.4
GC1003827_F08_NODE_548_length_4136_cov_6.511848	1	4136	1555	4136	100	52.2751	35.5	58.7
GC1003827_F08_NODE_549_length_4136_cov_4.382390	1	4136	1054	4136	100	34.8532	35.5	56.4
GC1003827_F08_NODE_550_length_4132_cov_4.574282	1	4132	1014	4132	100	35.203	35.4	59.1
GC1003827_F08_NODE_551_length_4132_cov_3.780774	1	4132	854	4123	99.7822	29.2781	35.2	59.4
GC1003827_F08_NODE_552_length_4130_cov_6.319760	1	4130	1859	4129	99.9758	55.208	35.3	46.2
GC1003827_F08_NODE_553_length_4124_cov_8.708031	1	4124	1925	4122	99.9515	66.5664	35.6	59.1
GC1003827_F08_NODE_554_length_4124_cov_4.469352	1	4124	1054	4121	99.9273	36.3206	35.7	59.3
GC1003827_F08_NODE_555_length_4119_cov_4.518287	1	4119	1284	4119	100	40.5793	35.6	55.7
GC1003827_F08_NODE_556_length_4119_cov_4.464930	1	4119	1025	4119	100	35.1962	35.6	59.1
GC1003827_F08_NODE_557_length_4113_cov_5.338435	1	4113	1573	4113	100	49.8169	35.6	56
GC1003827_F08_NODE_558_length_4108_cov_8.721678	1	4108	2373	4108	100	74.313	35.5	47.6
GC1003827_F08_NODE_559_length_4107_cov_6.469849	1	4107	1373	4105	99.9513	48.2165	35.6	59.5
GC1003827_F08_NODE_560_length_4099_cov_5.926485	1	4099	1407	4099	100	49.1405	35.5	59.1
GC1003827_F08_NODE_561_length_4098_cov_4.718711	1	4098	1149	4098	100	38.7706	35.3	58.7
GC1003827_F08_NODE_562_length_4098_cov_4.584739	1	4098	1725	4098	100	48.4139	35.3	46
GC1003827_F08_NODE_563_length_4097_cov_7.877330	1	4097	2122	4097	100	69.5877	35.5	56.7
GC1003827_F08_NODE_564_length_4093_cov_7.130862	1	4093	1890	4093	100	62.7276	35.6	58
GC1003827_F08_NODE_565_length_4091_cov_11.678607	1	4091	3241	4091	100	106.907	35.5	58.1
GC1003827_F08_NODE_566_length_4090_cov_3.006056	1	4090	832	4090	100	26.757	35.8	57.6
GC1003827_F08_NODE_567_length_4089_cov_10.502776	1	4089	2556	4089	100	87.2957	35.5	58.5
GC1003827_F08_NODE_568_length_4083_cov_5.733569	1	4083	1251	4073	99.7551	43.9589	35.6	59
GC1003827_F08_NODE_569_length_4079_cov_4.681427	1	4079	1960	4079	100	55.9929	35.1	55.1
GC1003827_F08_NODE_570_length_4078_cov_6.796507	1	4078	1505	4062	99.6077	52.3595	35.6	58.9
GC1003827_F08_NODE_571_length_4077_cov_4.431139	1	4077	1082	4076	99.9755	36.7574	35.5	58.5
GC1003827_F08_NODE_572_length_4070_cov_7.965508	1	4070	2001	4070	100	67.1057	35.7	57.6
GC1003827_F08_NODE_573_length_4070_cov_4.510779	1	4070	1138	4070	100	38.3145	35.6	58.4
GC1003827_F08_NODE_574_length_4070_cov_3.866345	1	4070	997	4060	99.7543	32.9445	35.7	56.9
GC1003827_F08_NODE_575_length_4065_cov_10.854749	1	4065	2320	4065	100	81.6903	35.5	59.1
GC1003827_F08_NODE_576_length_4065_cov_8.136872	1	4065	1796	4065	100	62.8726	35.4	59.1
GC1003827_F08_NODE_577_length_4064_cov_6.127762	1	4064	1506	4064	100	51.9811	35.6	59
GC1003827_F08_NODE_578_length_4063_cov_11.042429	1	4063	2504	4063	100	87.4959	35.5	59
GC1003827_F08_NODE_579_length_4062_cov_7.444219	1	4062	1902	4062	100	64.6785	35.7	58.3
GC1003827_F08_NODE_580_length_4062_cov_5.512325	1	4062	1285	4061	99.9754	43.9697	35.6	58.6
GC1003827_F08_NODE_581_length_4062_cov_3.423888	1	4062	824	4062	100	27.9414	35.7	58.5
GC1003827_F08_NODE_582_length_4059_cov_3.307731	1	4059	844	4059	100	28.0867	35.6	57.4
GC1003827_F08_NODE_583_length_4057_cov_4.817303	1	4057	1039	4049	99.8028	36.4237	35.5	59.2
GC1003827_F08_NODE_584_length_4050_cov_2.152944	1	4050	543	4050	100	19.0128	35.6	59
GC1003827_F08_NODE_585_length_4049_cov_5.150178	1	4049	1204	4039	99.753	42.2114	35.3	58.9
GC1003827_F08_NODE_586_length_4046_cov_5.545547	1	4046	1296	4046	100	45.2632	35.4	58.9
GC1003827_F08_NODE_587_length_4045_cov_4.636549	1	4045	1006	4045	100	35.2618	35.5	58.9
GC1003827_F08_NODE_588_length_4039_cov_4.637781	1	4039	1220	4034	99.8762	40.7477	35.7	57.6
GC1003827_F08_NODE_589_length_4038_cov_3.408335	1	4038	719	4038	100	25.6389	35.5	59.2
GC1003827_F08_NODE_590_length_4037_cov_7.534271	1	4037	1723	4037	100	60.972	35.6	59.2
GC1003827_F08_NODE_591_length_4033_cov_5.952381	1	4033	1482	4033	100	48.3962	35.7	54.9
GC1003827_F08_NODE_592_length_4028_cov_11.172007	1	4028	3192	4028	100	105.124	35.6	57.8
GC1003827_F08_NODE_593_length_4025_cov_7.187532	1	4025	1731	4025	100	59.2012	35.5	56.4
GC1003827_F08_NODE_594_length_4025_cov_5.354797	1	4025	1383	4025	100	45.208	35.4	55.8
GC1003827_F08_NODE_595_length_4024_cov_3.498075	1	4024	952	4024	100	32.124	34.9	57.2
GC1003827_F08_NODE_596_length_4020_cov_2.679938	1	4020	630	4020	100	21.9209	35.6	59
GC1003827_F08_NODE_597_length_4015_cov_10.322274	1	4015	2709	4015	100	93.2139	35.4	57.8
GC1003827_F08_NODE_598_length_4013_cov_4.129182	1	4013	1801	4005	99.8006	52.6302	35.4	48.4
GC1003827_F08_NODE_599_length_4006_cov_3.834236	1	4006	788	4006	100	28.1333	35.6	59.3
GC1003827_F08_NODE_600_length_4004_cov_9.710343	1	4004	2396	4004	100	82.529	35.6	58.3
GC1003827_F08_NODE_601_length_4002_cov_5.014194	1	4002	1347	4002	100	43.0675	35.7	54.4
GC1003827_F08_NODE_602_length_4000_cov_8.430674	1	4000	2144	4000	100	73.224	35.6	58.1
GC1003827_F08_NODE_603_length_3997_cov_6.796899	1	3997	1607	3997	100	55.9397	35.6	58.8
GC1003827_F08_NODE_604_length_3993_cov_2.959907	1	3993	727	3993	100	24.981	35.5	57.4
GC1003827_F08_NODE_605_length_3990_cov_10.164380	1	3990	3766	3990	100	122.687	35.1	50.9
GC1003827_F08_NODE_606_length_3989_cov_7.280425	1	3989	1969	3989	100	66.3171	35.5	57.9
GC1003827_F08_NODE_607_length_3986_cov_5.111428	1	3986	3575	3976	99.7491	88.9054	34.5	26.2
GC1003827_F08_NODE_608_length_3984_cov_4.953332	1	3984	1307	3974	99.749	43.4641	35.3	55.7
GC1003827_F08_NODE_609_length_3982_cov_7.074189	1	3982	2129	3982	100	67.7464	35.3	52.4
GC1003827_F08_NODE_610_length_3981_cov_3.459263	1	3981	776	3978	99.9246	27.8181	35.5	59.1
GC1003827_F08_NODE_611_length_3980_cov_3.684402	1	3980	777	3970	99.7487	27.8726	35.4	59.3
GC1003827_F08_NODE_612_length_3980_cov_3.020763	1	3980	713	3980	100	23.9344	35.5	57.1
GC1003827_F08_NODE_613_length_3973_cov_8.152106	1	3973	1695	3973	100	61.3307	35.5	59.3
GC1003827_F08_NODE_614_length_3973_cov_1.852314	1	3973	2067	3973	100	50.5064	34.2	19.3
GC1003827_F08_NODE_615_length_3970_cov_5.108769	1	3970	1143	3970	100	40.5877	35.5	58.9
GC1003827_F08_NODE_616_length_3966_cov_3.516280	1	3966	815	3954	99.6974	28.829	35.7	58.9
GC1003827_F08_NODE_617_length_3964_cov_4.280688	1	3964	868	3964	100	31.7328	35.4	59.4
GC1003827_F08_NODE_618_length_3962_cov_7.597392	1	3962	1670	3962	100	60.0399	35.7	59.1
GC1003827_F08_NODE_619_length_3962_cov_5.394785	1	3962	1202	3962	100	42.9028	35.6	59.2
GC1003827_F08_NODE_620_length_3958_cov_7.107544	1	3958	2437	3958	100	66.4798	34.6	41.3
GC1003827_F08_NODE_621_length_3956_cov_11.264821	1	3956	3193	3956	100	103.754	35.7	56.1
GC1003827_F08_NODE_622_length_3956_cov_3.524680	1	3956	892	3956	100	30.4575	35.3	56.2
GC1003827_F08_NODE_623_length_3954_cov_9.435067	1	3954	3308	3954	100	100.608	35.3	50.4
GC1003827_F08_NODE_624_length_3952_cov_8.971242	1	3952	2210	3952	100	76.1921	35.3	58.2
GC1003827_F08_NODE_625_length_3949_cov_2.331502	1	3949	544	3949	100	18.9509	35.8	58.7
GC1003827_F08_NODE_626_length_3948_cov_2.788799	1	3948	596	3948	100	21.8328	35.8	59.3
GC1003827_F08_NODE_627_length_3947_cov_7.879581	1	3947	2104	3930	99.5693	70.9823	35.6	55.4
GC1003827_F08_NODE_628_length_3941_cov_3.313582	1	3941	679	3941	100	24.5387	35.5	59.1
GC1003827_F08_NODE_629_length_3936_cov_10.569703	1	3936	2242	3933	99.9238	81.1207	35.6	59
GC1003827_F08_NODE_630_length_3930_cov_10.870103	1	3930	2282	3930	100	82.6651	35.5	59.2
GC1003827_F08_NODE_631_length_3930_cov_5.328688	1	3930	1375	3920	99.7455	45.9702	35.3	55.7
GC1003827_F08_NODE_632_length_3929_cov_4.473435	1	3929	981	3929	100	35.0654	35.7	58.6
GC1003827_F08_NODE_633_length_3921_cov_7.360833	1	3921	1615	3921	100	58.3588	35.6	59.1
GC1003827_F08_NODE_634_length_3918_cov_8.316275	1	3918	1659	3918	100	61.0998	35.6	59.2
GC1003827_F08_NODE_635_length_3916_cov_7.982581	1	3916	1770	3916	100	63.8927	35.4	59.3
GC1003827_F08_NODE_636_length_3915_cov_9.069958	1	3915	2454	3915	100	82.4158	35.7	56.4
GC1003827_F08_NODE_637_length_3915_cov_5.942978	1	3915	1349	3915	100	48.6153	35.5	58.9
GC1003827_F08_NODE_638_length_3914_cov_6.900977	1	3914	1825	3914	100	62.5787	35.4	57.2
GC1003827_F08_NODE_639_length_3913_cov_3.491284	1	3913	1171	3913	100	37.4383	35.2	53.2
GC1003827_F08_NODE_640_length_3910_cov_4.550093	1	3910	949	3910	100	34.9931	35.5	59.3
GC1003827_F08_NODE_641_length_3909_cov_6.784770	1	3909	1412	3909	100	51.5802	35.6	59.1
GC1003827_F08_NODE_642_length_3908_cov_9.137265	1	3908	2172	3908	100	77.2119	35.3	58.3
GC1003827_F08_NODE_643_length_3908_cov_6.825972	1	3908	1918	3908	100	64.8764	35.6	56.1
GC1003827_F08_NODE_644_length_3906_cov_8.361207	1	3906	1933	3906	100	68.2601	35.5	56.5
GC1003827_F08_NODE_645_length_3903_cov_6.567797	1	3903	1584	3885	99.5388	54.4409	35.6	56.5
GC1003827_F08_NODE_646_length_3902_cov_4.434437	1	3902	1131	3902	100	37.7755	35.5	54.2
GC1003827_F08_NODE_647_length_3899_cov_4.625133	1	3899	1110	3899	100	38.8053	35.5	57.8
GC1003827_F08_NODE_648_length_3895_cov_4.687102	1	3895	996	3895	100	36.4965	35.4	59.3
GC1003827_F08_NODE_649_length_3895_cov_3.220541	1	3895	734	3895	100	26.0311	35.8	58.5
GC1003827_F08_NODE_650_length_3893_cov_7.560542	1	3893	1613	3893	100	58.9163	35.7	59.1
GC1003827_F08_NODE_651_length_3892_cov_7.675963	1	3892	1619	3892	100	58.9915	35.6	58.8
GC1003827_F08_NODE_652_length_3892_cov_7.268526	1	3892	1889	3891	99.9743	64.3677	35.5	56.8
GC1003827_F08_NODE_653_length_3892_cov_7.218327	1	3892	1661	3892	100	58.723	35.5	58.2
GC1003827_F08_NODE_654_length_3892_cov_5.179283	1	3892	1120	3892	100	40.7223	35.6	59.1
GC1003827_F08_NODE_655_length_3891_cov_4.292508	1	3891	1098	3891	100	38.3225	35.3	58.5
GC1003827_F08_NODE_656_length_3883_cov_6.308839	1	3883	1393	3883	100	50.6034	35.5	58.9
GC1003827_F08_NODE_657_length_3878_cov_5.216742	1	3878	1551	3878	100	50.8948	35.5	55
GC1003827_F08_NODE_658_length_3877_cov_1.078667	1	3877	242	3877	100	8.73665	35.6	58.3
GC1003827_F08_NODE_659_length_3875_cov_13.161419	1	3875	3366	3875	100	116.682	35.5	54.7
GC1003827_F08_NODE_660_length_3874_cov_4.345610	1	3874	993	3872	99.9484	35.9652	35.9	59
GC1003827_F08_NODE_661_length_3868_cov_11.819300	1	3868	2440	3868	100	88.8555	35.6	58.5
GC1003827_F08_NODE_662_length_3868_cov_5.438653	1	3868	1165	3858	99.7415	42.5931	35.6	59.1
GC1003827_F08_NODE_663_length_3861_cov_9.332619	1	3861	2171	3861	100	76.5232	35.7	56.3
GC1003827_F08_NODE_664_length_3858_cov_11.659609	1	3858	2441	3858	100	89.7597	35.5	58.8
GC1003827_F08_NODE_665_length_3857_cov_14.173190	1	3857	4508	3857	100	154.791	35.5	52.3
GC1003827_F08_NODE_666_length_3857_cov_9.557373	1	3857	2051	3857	100	75.2468	35.4	59.2
GC1003827_F08_NODE_667_length_3857_cov_5.583378	1	3857	1204	3857	100	44.2883	35.5	59.2
GC1003827_F08_NODE_668_length_3857_cov_4.642359	1	3857	1030	3857	100	38.1882	35.7	59.1
GC1003827_F08_NODE_669_length_3854_cov_11.497988	1	3854	3263	3854	100	111.811	35.6	57.3
GC1003827_F08_NODE_670_length_3854_cov_6.890529	1	3854	1452	3854	100	52.9346	35.6	58.8
GC1003827_F08_NODE_671_length_3852_cov_7.494497	1	3852	2389	3852	100	79.9312	34.9	53.8
GC1003827_F08_NODE_672_length_3847_cov_4.395430	1	3847	951	3847	100	35.0291	35.3	59.4
GC1003827_F08_NODE_673_length_3845_cov_10.753362	1	3845	2323	3845	100	85.0401	35.6	58.7
GC1003827_F08_NODE_674_length_3843_cov_5.350646	1	3843	1055	3843	100	39.4122	35.5	59
GC1003827_F08_NODE_675_length_3839_cov_6.807651	1	3839	1382	3839	100	51.6387	35.6	59.1
GC1003827_F08_NODE_676_length_3837_cov_8.193531	1	3837	1718	3837	100	62.9687	35.6	58.5
GC1003827_F08_NODE_677_length_3835_cov_6.087648	1	3835	1338	3835	100	48.6201	35.5	58.6
GC1003827_F08_NODE_678_length_3834_cov_10.749123	1	3834	2237	3834	100	83.9105	35.6	59.4
GC1003827_F08_NODE_679_length_3831_cov_5.904698	1	3831	1326	3793	99.0081	47.6147	35.4	57.4
GC1003827_F08_NODE_680_length_3830_cov_6.543883	1	3830	2201	3823	99.8172	64.9554	35.1	40.5
GC1003827_F08_NODE_681_length_3830_cov_4.756144	1	3830	1010	3808	99.4256	36.7896	35.7	58.1
GC1003827_F08_NODE_682_length_3830_cov_3.393735	1	3830	711	3830	100	26.5392	35.5	59.1
GC1003827_F08_NODE_683_length_3828_cov_7.287490	1	3828	1549	3828	100	57.1972	35.3	58.8
GC1003827_F08_NODE_684_length_3827_cov_9.583243	1	3827	2799	3826	99.9739	95.0201	35.5	56.5
GC1003827_F08_NODE_685_length_3821_cov_4.828100	1	3821	1029	3821	100	38.0173	35.7	58.6
GC1003827_F08_NODE_686_length_3814_cov_6.256306	1	3814	1326	3814	100	49.6188	35.9	58.7
GC1003827_F08_NODE_687_length_3812_cov_3.608141	1	3812	810	3812	100	29.9439	35.5	59.1
GC1003827_F08_NODE_688_length_3811_cov_5.172638	1	3811	1117	3811	100	41.3742	35.2	59
GC1003827_F08_NODE_689_length_3810_cov_12.918002	1	3810	3810	3810	100	128.185	35.3	55
GC1003827_F08_NODE_690_length_3809_cov_7.346551	1	3809	1800	3809	100	61.456	35.7	55
GC1003827_F08_NODE_691_length_3805_cov_5.830886	1	3805	1155	3805	100	43.8615	35.6	59.4
GC1003827_F08_NODE_692_length_3804_cov_6.162905	1	3804	1272	3804	100	47.5313	35.4	59.1
GC1003827_F08_NODE_693_length_3804_cov_4.246668	1	3804	1113	3804	100	39.7723	35.4	58.5
GC1003827_F08_NODE_694_length_3800_cov_7.824394	1	3800	1620	3800	100	60.4266	35.5	58.9
GC1003827_F08_NODE_695_length_3798_cov_14.296649	1	3798	3326	3798	100	120.454	35.5	58.4
GC1003827_F08_NODE_696_length_3798_cov_8.286570	1	3798	2814	3798	100	92.5632	35.4	55.8
GC1003827_F08_NODE_697_length_3798_cov_4.223917	1	3798	1043	3788	99.7367	36.4131	35.4	57.5
GC1003827_F08_NODE_698_length_3795_cov_7.352781	1	3795	1495	3795	100	55.9874	35.7	58.9
GC1003827_F08_NODE_699_length_3794_cov_6.302427	1	3794	2036	3794	100	69.573	35	55.6
GC1003827_F08_NODE_700_length_3792_cov_8.543520	1	3792	1969	3792	100	72.3829	35.4	58.1
GC1003827_F08_NODE_701_length_3787_cov_3.267213	1	3787	708	3787	100	26.1711	35.4	58.9
GC1003827_F08_NODE_702_length_3783_cov_4.927243	1	3783	1000	3783	100	37.6326	35.5	59.2
GC1003827_F08_NODE_703_length_3781_cov_8.147236	1	3781	1994	3778	99.9207	71.4298	35.5	57.8
GC1003827_F08_NODE_704_length_3777_cov_5.293973	1	3777	1174	3777	100	43.8806	35.7	58.6
GC1003827_F08_NODE_705_length_3776_cov_3.699096	1	3776	854	3775	99.9735	29.585	35.7	55.8
GC1003827_F08_NODE_706_length_3775_cov_5.171601	1	3775	1029	3775	100	38.8056	35.7	58.8
GC1003827_F08_NODE_707_length_3774_cov_4.642172	1	3774	1004	3773	99.9735	36.7629	35.5	58.8
GC1003827_F08_NODE_708_length_3774_cov_3.187826	1	3774	645	3774	100	24.3447	35.3	58.9
GC1003827_F08_NODE_709_length_3773_cov_5.485738	1	3773	1237	3773	100	45.3377	35.6	58.4
GC1003827_F08_NODE_710_length_3770_cov_3.461158	1	3770	782	3770	100	28.5923	35.7	58.6
GC1003827_F08_NODE_711_length_3769_cov_7.744920	1	3769	2063	3769	100	72.2486	35.3	57.2
GC1003827_F08_NODE_712_length_3768_cov_5.208459	1	3768	1241	3728	98.9384	44.2903	35.5	56.3
GC1003827_F08_NODE_713_length_3765_cov_11.860638	1	3765	2536	3751	99.6282	94.8523	35.7	58.7
GC1003827_F08_NODE_714_length_3760_cov_6.619873	1	3760	1605	3760	100	58.3364	35.5	56.9
GC1003827_F08_NODE_715_length_3759_cov_4.565804	1	3759	1144	3759	100	39.9955	35.2	55.4
GC1003827_F08_NODE_716_length_3758_cov_6.850730	1	3758	1692	3758	100	60.6631	35.6	58.2
GC1003827_F08_NODE_717_length_3756_cov_5.668779	1	3756	1239	3756	100	45.9079	35.6	58
GC1003827_F08_NODE_718_length_3753_cov_4.525648	1	3753	893	3753	100	33.6861	35.8	59.4
GC1003827_F08_NODE_719_length_3749_cov_3.295693	1	3749	674	3745	99.8933	25.6356	35.6	59.1
GC1003827_F08_NODE_720_length_3746_cov_6.870683	1	3746	2216	3746	100	79.4229	35.4	57.8
GC1003827_F08_NODE_721_length_3742_cov_3.010235	1	3742	652	3742	100	24.272	35.7	58
GC1003827_F08_NODE_722_length_3735_cov_4.034368	1	3735	1040	3735	100	36.3797	35.6	53.4
GC1003827_F08_NODE_723_length_3732_cov_4.197226	1	3732	1229	3732	100	40.4397	35.6	54
GC1003827_F08_NODE_724_length_3731_cov_13.385960	1	3731	3081	3731	100	112.772	35.6	57.6
GC1003827_F08_NODE_725_length_3731_cov_5.612930	1	3731	1880	3722	99.7588	63.5291	35.2	51.5
GC1003827_F08_NODE_726_length_3727_cov_1.933889	1	3727	394	3727	100	15.0861	35.5	59
GC1003827_F08_NODE_727_length_3724_cov_5.496803	1	3724	1205	3724	100	45.3639	35.6	59.1
GC1003827_F08_NODE_728_length_3717_cov_8.873538	1	3717	2199	3717	100	74.3826	35.4	49.6
GC1003827_F08_NODE_729_length_3717_cov_5.540111	1	3717	1465	3717	100	47.6804	35.4	54.6
GC1003827_F08_NODE_730_length_3712_cov_5.889819	1	3712	1794	3712	100	57.3036	35.4	47
GC1003827_F08_NODE_731_length_3711_cov_6.890904	1	3711	1580	3701	99.7305	57.9143	35.5	57.4
GC1003827_F08_NODE_732_length_3711_cov_5.005859	1	3711	1464	3701	99.7305	50.0423	35.4	55.1
GC1003827_F08_NODE_733_length_3709_cov_10.141541	1	3709	2136	3709	100	80.698	35.7	58.7
GC1003827_F08_NODE_734_length_3709_cov_4.526521	1	3709	921	3709	100	35.0776	35.5	59.1
GC1003827_F08_NODE_735_length_3707_cov_2.859777	1	3707	578	3707	100	22.259	35.5	59.2
GC1003827_F08_NODE_736_length_3705_cov_3.780045	1	3705	721	3705	100	27.8516	35.5	59.4
GC1003827_F08_NODE_737_length_3698_cov_2.121535	1	3698	415	3698	100	15.6909	35.3	58.8
GC1003827_F08_NODE_738_length_3697_cov_6.804762	1	3697	1784	3697	100	63.9554	35.2	57.5
GC1003827_F08_NODE_739_length_3695_cov_4.033632	1	3695	837	3695	100	31.7275	35.7	59.1
GC1003827_F08_NODE_740_length_3693_cov_5.053842	1	3693	1405	3693	100	48.4747	35.7	56.2
GC1003827_F08_NODE_741_length_3688_cov_4.405223	1	3688	995	3685	99.9187	37.0008	35.6	58.4
GC1003827_F08_NODE_742_length_3688_cov_1.892446	1	3688	475	3686	99.9458	17.3197	35.3	58.3
GC1003827_F08_NODE_743_length_3685_cov_7.074761	1	3685	1578	3668	99.5387	58.0393	35.6	57.4
GC1003827_F08_NODE_744_length_3682_cov_12.124332	1	3682	2527	3682	100	96.362	35.6	58.8
GC1003827_F08_NODE_745_length_3681_cov_5.043894	1	3681	1087	3681	100	41.2426	35.5	59.2
GC1003827_F08_NODE_746_length_3679_cov_5.514640	1	3679	1111	3669	99.7282	42.6339	35.6	58.9
GC1003827_F08_NODE_747_length_3678_cov_5.944804	1	3678	1168	3669	99.7553	45.2624	35.6	59.2
GC1003827_F08_NODE_748_length_3677_cov_5.045915	1	3677	1083	3677	100	40.7737	35.5	58.7
GC1003827_F08_NODE_749_length_3677_cov_3.583380	1	3677	720	3677	100	27.7006	35.3	58.3
GC1003827_F08_NODE_750_length_3670_cov_13.676545	1	3670	3068	3670	100	114.613	35.6	58
GC1003827_F08_NODE_751_length_3670_cov_4.635902	1	3670	1459	3670	100	45.6866	35.5	47.3
GC1003827_F08_NODE_752_length_3668_cov_8.768709	1	3668	1810	3668	100	68.9487	35.6	58.6
GC1003827_F08_NODE_753_length_3666_cov_13.445324	1	3666	4593	3666	100	158.175	35.2	50.8
GC1003827_F08_NODE_754_length_3664_cov_11.806333	1	3664	2337	3664	100	91.0535	35.6	59.1
GC1003827_F08_NODE_755_length_3656_cov_6.336923	1	3656	1550	3656	100	56.0873	35.5	56.7
GC1003827_F08_NODE_756_length_3656_cov_5.911873	1	3656	1897	3656	100	58.4365	35.2	45.7
GC1003827_F08_NODE_757_length_3655_cov_7.358560	1	3655	2179	3655	100	73.6148	35.5	49.4
GC1003827_F08_NODE_758_length_3654_cov_8.532464	1	3654	1696	3654	100	66.0649	35.4	58.9
GC1003827_F08_NODE_759_length_3654_cov_6.869861	1	3654	1333	3654	100	52.1294	35.4	59.3
GC1003827_F08_NODE_760_length_3653_cov_3.105502	1	3653	752	3653	100	27.4667	35.7	57.7
GC1003827_F08_NODE_761_length_3651_cov_3.615210	1	3651	741	3553	97.3158	28.513	35.6	58.4
GC1003827_F08_NODE_762_length_3649_cov_5.400625	1	3649	1314	3649	100	47.2436	35.6	56
GC1003827_F08_NODE_763_length_3647_cov_3.039773	1	3647	638	3645	99.9452	24.4286	35.5	58.2
GC1003827_F08_NODE_764_length_3644_cov_6.978106	1	3644	1504	3644	100	57.4341	35.7	58.9
GC1003827_F08_NODE_765_length_3643_cov_9.002275	1	3643	2160	3643	100	79.6121	35.7	56.9
GC1003827_F08_NODE_766_length_3641_cov_4.968981	1	3641	1299	3641	100	46.5985	35.4	54.1
GC1003827_F08_NODE_767_length_3640_cov_6.374609	1	3640	1608	3640	100	56.917	35.4	54.9
GC1003827_F08_NODE_768_length_3640_cov_5.680900	1	3640	1346	3640	100	49.5703	35.5	55.9
GC1003827_F08_NODE_769_length_3637_cov_6.785185	1	3637	2042	3637	100	70.9098	35	55.4
GC1003827_F08_NODE_770_length_3637_cov_6.564672	1	3637	1570	3637	100	60.5378	35.4	58.7
GC1003827_F08_NODE_771_length_3634_cov_4.943827	1	3634	1250	3634	100	45.795	35.3	56.6
GC1003827_F08_NODE_772_length_3633_cov_9.226184	1	3633	1919	3633	100	74.0286	35.6	58.6
GC1003827_F08_NODE_773_length_3629_cov_4.718447	1	3629	4218	3629	100	111.118	34.2	20.6
GC1003827_F08_NODE_774_length_3627_cov_4.006000	1	3627	738	3627	100	29.3863	35.4	59.3
GC1003827_F08_NODE_775_length_3625_cov_4.309320	1	3625	926	3625	100	35.6712	35.4	58.2
GC1003827_F08_NODE_776_length_3624_cov_7.386045	1	3624	1499	3624	100	57.9117	35.6	58.9
GC1003827_F08_NODE_777_length_3624_cov_4.634544	1	3624	891	3621	99.9172	35.149	35.5	59.3
GC1003827_F08_NODE_778_length_3620_cov_2.246779	1	3620	636	3610	99.7238	21.3674	35.6	51.4
GC1003827_F08_NODE_779_length_3619_cov_6.943013	1	3619	1594	3619	100	60.5524	35.2	57.5
GC1003827_F08_NODE_780_length_3619_cov_5.428694	1	3619	1175	3619	100	44.4899	35.6	57.9
GC1003827_F08_NODE_781_length_3616_cov_4.978217	1	3616	998	3616	100	38.7658	35.6	58.9
GC1003827_F08_NODE_782_length_3615_cov_1.950975	1	3615	597	3615	100	19.6562	35.7	53
GC1003827_F08_NODE_783_length_3614_cov_10.233725	1	3614	2107	3614	100	81.7122	35.8	58.7
GC1003827_F08_NODE_784_length_3613_cov_5.884682	1	3613	1167	3613	100	45.8303	35.5	58.7
GC1003827_F08_NODE_785_length_3612_cov_10.060258	1	3612	2293	3612	100	86.9756	35.5	58.3
GC1003827_F08_NODE_786_length_3612_cov_6.152941	1	3612	1445	3612	100	54.8472	35.6	58
GC1003827_F08_NODE_787_length_3611_cov_8.983639	1	3611	2420	3611	100	88.3802	35.2	55.9
GC1003827_F08_NODE_788_length_3607_cov_5.286207	1	3607	987	3596	99.695	39.4746	35.4	59.4
GC1003827_F08_NODE_789_length_3605_cov_15.243818	1	3605	2943	3603	99.9445	116.507	35.5	59.4
GC1003827_F08_NODE_790_length_3602_cov_4.248633	1	3602	1573	3602	100	50.4256	35.2	52.6
GC1003827_F08_NODE_791_length_3600_cov_6.172473	1	3600	1192	3590	99.7222	47.4939	35.6	59.5
GC1003827_F08_NODE_792_length_3600_cov_2.063922	1	3600	445	3600	100	16.9708	35.5	58
GC1003827_F08_NODE_793_length_3598_cov_3.779314	1	3598	820	3598	100	31.0509	35.5	57.6
GC1003827_F08_NODE_794_length_3596_cov_4.638224	1	3596	865	3596	100	34.4853	35.5	59.1
GC1003827_F08_NODE_795_length_3596_cov_3.871433	1	3596	910	3596	100	33.3968	35.4	55.3
GC1003827_F08_NODE_796_length_3592_cov_6.554978	1	3592	1320	3592	100	51.5306	35.4	59
GC1003827_F08_NODE_797_length_3591_cov_4.665704	1	3591	866	3591	100	35.0705	35.4	59.8
GC1003827_F08_NODE_798_length_3587_cov_9.606647	1	3587	1976	3587	100	77.1068	35.6	58.8
GC1003827_F08_NODE_799_length_3586_cov_11.462851	1	3586	2776	3586	100	104.673	35.4	57.6
GC1003827_F08_NODE_800_length_3586_cov_7.310205	1	3586	1686	3586	100	64.3422	35.6	56.8
GC1003827_F08_NODE_801_length_3585_cov_12.742626	1	3585	2494	3585	100	98.0179	35.5	57.4
GC1003827_F08_NODE_802_length_3581_cov_13.002895	1	3581	2421	3581	100	97.2734	35.7	59.2
GC1003827_F08_NODE_803_length_3580_cov_4.863597	1	3580	983	3580	100	39.3506	35.7	59.4
GC1003827_F08_NODE_804_length_3578_cov_8.932483	1	3578	1908	3578	100	70.9011	35.7	54.7
GC1003827_F08_NODE_805_length_3571_cov_5.203252	1	3571	1729	3571	100	52.1761	35.2	41
GC1003827_F08_NODE_806_length_3570_cov_4.299158	1	3570	1041	3570	100	38.4457	35.8	57.2
GC1003827_F08_NODE_807_length_3569_cov_4.274840	1	3569	1269	3569	100	41.1068	35.5	49.3
GC1003827_F08_NODE_808_length_3569_cov_3.454096	1	3569	1050	3569	100	40.7571	35.3	56.2
GC1003827_F08_NODE_809_length_3567_cov_5.268895	1	3567	1426	3555	99.6636	52.5461	35.5	56.5
GC1003827_F08_NODE_810_length_3564_cov_6.804481	1	3564	1586	3564	100	59.498	35.5	57
GC1003827_F08_NODE_811_length_3563_cov_6.613213	1	3563	2262	3563	100	75.9837	35.2	52.3
GC1003827_F08_NODE_812_length_3562_cov_3.627948	1	3562	824	3562	100	31.8616	35.4	57.9
GC1003827_F08_NODE_813_length_3561_cov_5.138905	1	3561	1288	3561	100	43.8124	35.6	51.9
GC1003827_F08_NODE_814_length_3558_cov_5.871466	1	3558	1411	3552	99.8314	53.7024	35.6	58.4
GC1003827_F08_NODE_815_length_3557_cov_4.812245	1	3557	1670	3557	100	56.2303	35.1	47.9
GC1003827_F08_NODE_816_length_3553_cov_11.079977	1	3553	2633	3553	100	100.072	35.5	57.3
GC1003827_F08_NODE_817_length_3552_cov_10.054891	1	3552	2614	3552	100	95.4758	35.3	55.8
GC1003827_F08_NODE_818_length_3548_cov_7.911429	1	3548	1501	3539	99.7463	60.3019	35.6	59
GC1003827_F08_NODE_819_length_3548_cov_3.276820	1	3548	608	3548	100	24.248	35.7	58.3
GC1003827_F08_NODE_820_length_3547_cov_5.000877	1	3547	1391	3547	100	49.0516	35.4	53.8
GC1003827_F08_NODE_821_length_3546_cov_4.795262	1	3546	981	3536	99.718	38.4707	35.6	58.5
GC1003827_F08_NODE_822_length_3546_cov_4.025446	1	3546	1050	3546	100	37.3567	35.6	57
GC1003827_F08_NODE_823_length_3545_cov_4.326507	1	3545	889	3535	99.7179	34.754	35.5	58.7
GC1003827_F08_NODE_824_length_3541_cov_3.619215	1	3541	871	3541	100	32.4575	35.8	56.7
GC1003827_F08_NODE_825_length_3539_cov_3.712778	1	3539	727	3539	100	28.8966	35.6	58.4
GC1003827_F08_NODE_826_length_3539_cov_2.682298	1	3539	507	3539	100	20.6392	35.4	59.6
GC1003827_F08_NODE_827_length_3538_cov_2.979478	1	3538	562	3538	100	22.6348	35.5	59.1
GC1003827_F08_NODE_828_length_3536_cov_6.151657	1	3536	4717	3536	100	165.085	35.4	52.3
GC1003827_F08_NODE_829_length_3535_cov_4.356514	1	3535	844	3535	100	34.041	35.4	59.2
GC1003827_F08_NODE_830_length_3534_cov_5.655122	1	3534	1187	3534	100	44.8016	35.4	56.6
GC1003827_F08_NODE_831_length_3533_cov_8.147974	1	3533	1744	3533	100	67.7928	35.6	57.7
GC1003827_F08_NODE_832_length_3531_cov_7.319918	1	3531	1978	3531	100	68.4704	35.3	51
GC1003827_F08_NODE_833_length_3530_cov_9.735821	1	3530	1986	3530	100	78.3442	35.4	58.6
GC1003827_F08_NODE_834_length_3528_cov_7.793296	1	3528	1907	3528	100	70.9983	35.6	56.3
GC1003827_F08_NODE_835_length_3526_cov_6.696381	1	3526	1326	3526	100	53.1205	35.5	58.8
GC1003827_F08_NODE_836_length_3526_cov_5.960577	1	3526	1115	3526	100	44.8358	35.5	59.1
GC1003827_F08_NODE_837_length_3524_cov_7.124227	1	3524	1602	3524	100	61.8556	35.7	58.2
GC1003827_F08_NODE_838_length_3524_cov_5.473948	1	3524	1163	3524	100	44.7168	35.5	56.1
GC1003827_F08_NODE_839_length_3523_cov_12.488516	1	3523	2576	3523	100	100.569	35.6	58.1
GC1003827_F08_NODE_840_length_3522_cov_6.036819	1	3522	1760	3522	100	67.1479	35.6	52.3
GC1003827_F08_NODE_841_length_3519_cov_9.283608	1	3519	1889	3519	100	74.9517	35.6	58.9
GC1003827_F08_NODE_842_length_3519_cov_2.520047	1	3519	532	3519	100	20.836	35.5	57.2
GC1003827_F08_NODE_843_length_3518_cov_9.707461	1	3518	1961	3518	100	76.6049	35.6	57.6
GC1003827_F08_NODE_844_length_3518_cov_5.990858	1	3518	1162	3518	100	46.1532	35.7	58.4
GC1003827_F08_NODE_845_length_3518_cov_5.567089	1	3518	1052	3510	99.7726	43.4338	35.5	59.6
GC1003827_F08_NODE_846_length_3517_cov_9.823894	1	3517	1825	3517	100	73.8846	35.4	59
GC1003827_F08_NODE_847_length_3517_cov_3.884956	1	3517	914	3517	100	34.9801	35.3	58.2
GC1003827_F08_NODE_848_length_3516_cov_7.986427	1	3516	1613	3516	100	63.5495	35.4	58.6
GC1003827_F08_NODE_849_length_3512_cov_5.820384	1	3512	1166	3512	100	46.4604	35.7	58.7
GC1003827_F08_NODE_850_length_3510_cov_7.719480	1	3510	1793	3510	100	67.4775	35.4	57.6
GC1003827_F08_NODE_851_length_3509_cov_4.764932	1	3509	1002	3509	100	38.2588	35.4	55.7
GC1003827_F08_NODE_852_length_3508_cov_3.856847	1	3508	688	3508	100	28.3674	35.6	59.4
GC1003827_F08_NODE_853_length_3507_cov_6.992308	1	3507	1411	3507	100	56.0924	35.8	58.6
GC1003827_F08_NODE_854_length_3499_cov_7.685053	1	3499	1433	3499	100	58.7711	35.7	59.3
GC1003827_F08_NODE_855_length_3497_cov_10.574777	1	3497	2489	3488	99.7426	94.0824	35.8	56.6
GC1003827_F08_NODE_856_length_3497_cov_5.833234	1	3497	1436	3495	99.9428	54.4464	35.5	57.2
GC1003827_F08_NODE_857_length_3497_cov_3.954896	1	3497	769	3487	99.714	31.3989	35.4	59
GC1003827_F08_NODE_858_length_3495_cov_4.691805	1	3495	952	3485	99.7139	37.0973	35.4	57.1
GC1003827_F08_NODE_859_length_3494_cov_3.127710	1	3494	623	3494	100	24.9668	35.6	58.8
GC1003827_F08_NODE_860_length_3493_cov_5.724599	1	3493	1456	3493	100	53.509	35.5	56.1
GC1003827_F08_NODE_861_length_3490_cov_9.970562	1	3490	2756	3490	100	104.264	35.4	56.9
GC1003827_F08_NODE_862_length_3490_cov_3.996134	1	3490	884	3490	100	33.7129	35.7	56.7
GC1003827_F08_NODE_863_length_3489_cov_5.104700	1	3489	1076	3488	99.9713	42.5537	35.5	57.5
GC1003827_F08_NODE_864_length_3488_cov_8.929485	1	3488	1938	3488	100	75.9131	35.5	58.1
GC1003827_F08_NODE_865_length_3487_cov_4.407143	1	3487	866	3487	100	34.4264	35.5	57.8
GC1003827_F08_NODE_866_length_3487_cov_3.924405	1	3487	923	3483	99.8853	34.7465	35.7	57.4
GC1003827_F08_NODE_867_length_3485_cov_5.374032	1	3485	1049	3482	99.9139	43.0623	35.5	59
GC1003827_F08_NODE_868_length_3485_cov_4.580405	1	3485	948	3485	100	37.6499	35.3	58.7
GC1003827_F08_NODE_869_length_3484_cov_3.769437	1	3484	866	3484	100	33.1521	35.3	57
GC1003827_F08_NODE_870_length_3483_cov_12.992253	1	3483	3088	3483	100	118.779	35.3	56.2
GC1003827_F08_NODE_871_length_3482_cov_3.009538	1	3482	578	3479	99.9138	23.0692	35.2	57
GC1003827_F08_NODE_872_length_3478_cov_4.891973	1	3478	1637	3478	100	61.3539	35.6	57.2
GC1003827_F08_NODE_873_length_3476_cov_3.870708	1	3476	1161	3476	100	38.9108	35.3	47.2
GC1003827_F08_NODE_874_length_3473_cov_10.223551	1	3473	2906	3473	100	103.243	35.5	51.6
GC1003827_F08_NODE_875_length_3473_cov_7.007472	1	3473	1614	3473	100	63.1348	35.5	58.2
GC1003827_F08_NODE_876_length_3472_cov_18.740209	1	3472	4587	3472	100	173.826	35.6	57
GC1003827_F08_NODE_877_length_3471_cov_5.694976	1	3471	1232	3471	100	46.2576	35.8	56.1
GC1003827_F08_NODE_878_length_3471_cov_5.652213	1	3471	1092	3471	100	44.3276	35.8	58.9
GC1003827_F08_NODE_879_length_3466_cov_3.410302	1	3466	830	3466	100	30.9325	35.5	55.5
GC1003827_F08_NODE_880_length_3465_cov_10.463751	1	3465	1984	3465	100	81.0618	35.4	58.7
GC1003827_F08_NODE_881_length_3465_cov_7.333733	1	3465	1753	3465	100	69.1247	35.5	58
GC1003827_F08_NODE_882_length_3464_cov_3.932574	1	3464	833	3464	100	33.2318	35.7	58.2
GC1003827_F08_NODE_883_length_3463_cov_4.365108	1	3463	913	3463	100	36.0858	35.6	56.7
GC1003827_F08_NODE_884_length_3463_cov_3.224520	1	3463	689	3463	100	26.9781	35.6	57.1
GC1003827_F08_NODE_885_length_3460_cov_14.326133	1	3460	2998	3364	97.2254	119.275	35.7	56.2
GC1003827_F08_NODE_886_length_3460_cov_12.437444	1	3460	3825	3460	100	142.441	35.1	54.9
GC1003827_F08_NODE_887_length_3459_cov_2.077131	1	3459	382	3459	100	15.9413	35.6	59.5
GC1003827_F08_NODE_888_length_3458_cov_7.044131	1	3458	1553	3457	99.9711	60.5038	35.7	56.9
GC1003827_F08_NODE_889_length_3457_cov_6.451051	1	3457	1472	3456	99.9711	56.8311	35.5	57
GC1003827_F08_NODE_890_length_3457_cov_4.575676	1	3457	806	3457	100	33.4408	35.4	59
GC1003827_F08_NODE_891_length_3455_cov_4.137320	1	3455	902	3455	100	34.2368	35.4	53.8
GC1003827_F08_NODE_892_length_3454_cov_4.416592	1	3454	971	3454	100	36.7904	35.6	56.5
GC1003827_F08_NODE_893_length_3450_cov_5.928378	1	3450	1127	3450	100	46.5159	35.4	58.9
GC1003827_F08_NODE_894_length_3446_cov_9.041579	1	3446	1739	3446	100	71.8706	35.4	59.2
GC1003827_F08_NODE_895_length_3444_cov_10.700935	1	3444	2199	3443	99.971	87.1585	35.6	57.5
GC1003827_F08_NODE_896_length_3443_cov_6.778951	1	3443	1345	3443	100	54.14	35.5	58.3
GC1003827_F08_NODE_897_length_3439_cov_7.576691	1	3439	1397	3439	100	57.8252	35.3	59.2
GC1003827_F08_NODE_898_length_3439_cov_5.617452	1	3439	1241	3439	100	47.745	35.5	56.8
GC1003827_F08_NODE_899_length_3438_cov_10.992449	1	3438	2158	3438	100	88.3624	35.6	58.8
GC1003827_F08_NODE_900_length_3438_cov_7.977046	1	3438	1776	3438	100	67.5777	35.7	54.3
GC1003827_F08_NODE_901_length_3437_cov_7.006949	1	3437	2081	3437	100	74.3669	35.1	53.1
GC1003827_F08_NODE_902_length_3437_cov_6.442598	1	3437	1537	3428	99.7381	55.2924	35.3	49.5
GC1003827_F08_NODE_903_length_3437_cov_5.177341	1	3437	929	3437	100	38.8461	35.3	59.3
GC1003827_F08_NODE_904_length_3437_cov_3.093353	1	3437	651	3437	100	25.8342	35.6	57.5
GC1003827_F08_NODE_905_length_3436_cov_10.626171	1	3436	3983	3436	100	133.63	35.5	52.6
GC1003827_F08_NODE_906_length_3436_cov_1.103657	1	3436	264	3436	100	10.2675	35.6	58
GC1003827_F08_NODE_907_length_3434_cov_4.712428	1	3434	1127	3431	99.9126	43.4287	34.9	56.5
GC1003827_F08_NODE_908_length_3433_cov_5.721416	1	3433	1046	3433	100	43.4445	35.2	59.3
GC1003827_F08_NODE_909_length_3430_cov_10.135029	1	3430	2224	3430	100	88.0233	35.7	57.8
GC1003827_F08_NODE_910_length_3427_cov_15.002121	1	3427	3216	3427	100	128.889	35.6	58.3
GC1003827_F08_NODE_911_length_3427_cov_8.379091	1	3427	1627	3426	99.9708	66.7158	35.5	58.3
GC1003827_F08_NODE_912_length_3427_cov_2.717273	1	3427	826	3427	100	30.2451	35	53.7
GC1003827_F08_NODE_913_length_3424_cov_5.868972	1	3424	1115	3424	100	46.0739	35.6	59.3
GC1003827_F08_NODE_914_length_3422_cov_4.270410	1	3422	748	3422	100	31.3627	35.7	59.2
GC1003827_F08_NODE_915_length_3421_cov_4.714026	1	3421	1488	3412	99.7369	54.4785	35.2	53.8
GC1003827_F08_NODE_916_length_3421_cov_4.040073	1	3421	917	3421	100	36.47	35.5	57
GC1003827_F08_NODE_917_length_3420_cov_7.109323	1	3420	1306	3420	100	54.4512	35.6	59
GC1003827_F08_NODE_918_length_3420_cov_5.711813	1	3420	1236	3419	99.9708	49.3462	35.6	58
GC1003827_F08_NODE_919_length_3419_cov_9.501215	1	3419	2155	3419	100	84.2223	35.8	57.5
GC1003827_F08_NODE_920_length_3416_cov_6.598662	1	3416	1577	3416	100	58.1868	35.5	52.8
GC1003827_F08_NODE_921_length_3416_cov_2.766798	1	3416	539	3416	100	22.1001	35.6	58.4
GC1003827_F08_NODE_922_length_3414_cov_9.241253	1	3414	2035	3414	100	79.3647	35.2	56.3
GC1003827_F08_NODE_923_length_3412_cov_7.922070	1	3412	1472	3412	100	61.2022	35.4	59.1
GC1003827_F08_NODE_924_length_3412_cov_5.355860	1	3412	1050	3412	100	42.4332	35.4	56.7
GC1003827_F08_NODE_925_length_3412_cov_2.907458	1	3412	510	3412	100	21.5976	35.5	59.6
GC1003827_F08_NODE_926_length_3411_cov_4.873021	1	3411	954	3411	100	39.2111	35.8	58.8
GC1003827_F08_NODE_927_length_3411_cov_4.131242	1	3411	804	3411	100	33.4914	35.6	59.5
GC1003827_F08_NODE_928_length_3405_cov_5.741916	1	3405	1111	3400	99.8532	46.3275	35.4	59.1
GC1003827_F08_NODE_929_length_3402_cov_8.211908	1	3402	2024	3402	100	81.6987	35.5	58.4
GC1003827_F08_NODE_930_length_3402_cov_6.984733	1	3402	1374	3402	100	55.6461	35.7	58.4
GC1003827_F08_NODE_931_length_3402_cov_4.396641	1	3402	783	3402	100	33.1044	35.7	59.5
GC1003827_F08_NODE_932_length_3401_cov_8.904704	1	3401	2031	3401	100	80.1773	35.6	57.9
GC1003827_F08_NODE_933_length_3401_cov_4.288332	1	3401	1001	3401	100	36.4925	35.6	50.5
GC1003827_F08_NODE_934_length_3398_cov_11.846836	1	3398	2494	3398	100	100.923	35.5	57.9
GC1003827_F08_NODE_935_length_3398_cov_6.902782	1	3398	1680	3398	100	67.1725	35.5	57.2
GC1003827_F08_NODE_936_length_3397_cov_10.094495	1	3397	2399	3397	100	92.8045	35.3	57
GC1003827_F08_NODE_937_length_3397_cov_7.874006	1	3397	1960	3397	100	74.5099	35.1	54.4
GC1003827_F08_NODE_938_length_3396_cov_7.096666	1	3396	1374	3396	100	56.8065	35.6	58.8
GC1003827_F08_NODE_939_length_3395_cov_4.131885	1	3395	799	3395	100	32.2839	35.9	57.1
GC1003827_F08_NODE_940_length_3392_cov_8.307810	1	3392	1696	3392	100	66.7188	35.5	56.3
GC1003827_F08_NODE_941_length_3391_cov_6.669424	1	3391	1384	3391	100	56.7762	35.4	58.6
GC1003827_F08_NODE_942_length_3387_cov_2.216258	1	3387	372	3387	100	15.7998	35.1	59
GC1003827_F08_NODE_943_length_3386_cov_9.629948	1	3386	2145	3386	100	85.6276	35.6	58.2
GC1003827_F08_NODE_944_length_3386_cov_2.460571	1	3386	450	3386	100	19.0006	35.5	59.3
GC1003827_F08_NODE_945_length_3382_cov_4.609831	1	3382	1099	3382	100	43.0648	35.5	57.9
GC1003827_F08_NODE_946_length_3382_cov_3.507527	1	3382	686	3382	100	28.4246	35.4	57.7
GC1003827_F08_NODE_947_length_3378_cov_7.251000	1	3378	1551	3378	100	62.5151	35.7	58.1
GC1003827_F08_NODE_948_length_3378_cov_6.746540	1	3378	1288	3378	100	53.4994	35.4	58.9
GC1003827_F08_NODE_949_length_3376_cov_3.254232	1	3376	565	3376	100	23.9067	35.6	59.2
GC1003827_F08_NODE_950_length_3370_cov_6.097132	1	3370	1544	3370	100	61.0326	35.6	55.9
GC1003827_F08_NODE_951_length_3368_cov_7.829682	1	3368	1380	3368	100	58.8845	35.6	59.5
GC1003827_F08_NODE_952_length_3368_cov_5.280160	1	3368	1493	3368	100	57.7746	35.6	53.3
GC1003827_F08_NODE_953_length_3366_cov_4.371720	1	3366	894	3363	99.9109	36.6503	35.6	58.7
GC1003827_F08_NODE_954_length_3361_cov_4.238404	1	3361	844	3361	100	34.8027	35.5	58.4
GC1003827_F08_NODE_955_length_3360_cov_7.557377	1	3360	1461	3358	99.9405	61.1693	35.7	58.8
GC1003827_F08_NODE_956_length_3360_cov_4.917105	1	3360	1025	3360	100	42.0125	35.6	57.4
GC1003827_F08_NODE_957_length_3356_cov_6.795293	1	3356	1713	3356	100	66.2458	35.3	35.6
GC1003827_F08_NODE_958_length_3355_cov_9.613693	1	3355	2365	3355	100	94.1672	35.6	57.3
GC1003827_F08_NODE_959_length_3352_cov_5.761550	1	3352	1098	3352	100	45.9403	35.6	58.5
GC1003827_F08_NODE_960_length_3350_cov_4.073534	1	3350	1175	3341	99.7313	43.1484	35	52.1
GC1003827_F08_NODE_961_length_3348_cov_10.171686	1	3348	2133	3348	100	85.7324	35.6	57.1
GC1003827_F08_NODE_962_length_3345_cov_6.163456	1	3345	1148	3345	100	47.6676	35.6	57.2
GC1003827_F08_NODE_963_length_3345_cov_5.009944	1	3345	1221	3345	100	47.5623	35.4	56.3
GC1003827_F08_NODE_964_length_3343_cov_5.034515	1	3343	973	3343	100	40.7697	35.6	57.7
GC1003827_F08_NODE_965_length_3342_cov_3.787869	1	3342	687	3342	100	29.1299	35.6	58.6
GC1003827_F08_NODE_966_length_3341_cov_7.291848	1	3341	1912	3341	100	73.8285	35.1	55.3
GC1003827_F08_NODE_967_length_3340_cov_4.071895	1	3340	918	3324	99.521	35.5066	35.6	56.3
GC1003827_F08_NODE_968_length_3339_cov_9.042030	1	3339	2106	3339	100	84.9102	35.5	57.7
GC1003827_F08_NODE_969_length_3338_cov_5.877297	1	3338	1337	3337	99.97	53.7076	35.5	57.2
GC1003827_F08_NODE_970_length_3338_cov_4.945811	1	3338	929	3330	99.7603	38.8071	35.7	59
GC1003827_F08_NODE_971_length_3337_cov_4.768847	1	3337	921	3337	100	38.2556	35.5	57.9
GC1003827_F08_NODE_972_length_3335_cov_6.749688	1	3335	1290	3335	100	53.3181	35.8	58.1
GC1003827_F08_NODE_973_length_3335_cov_6.057668	1	3335	1252	3335	100	52.3622	35.7	58.8
GC1003827_F08_NODE_974_length_3334_cov_2.794824	1	3334	524	3334	100	21.6359	35.5	56.5
GC1003827_F08_NODE_975_length_3334_cov_1.038042	1	3334	177	3324	99.7001	7.53659	35.5	58.6
GC1003827_F08_NODE_976_length_3333_cov_2.958827	1	3333	552	3333	100	23.6544	35.6	59.1
GC1003827_F08_NODE_977_length_3331_cov_6.996567	1	3331	1749	3331	100	67.0006	35.4	55
GC1003827_F08_NODE_978_length_3331_cov_3.544007	1	3331	658	3331	100	27.6584	35.5	59.5
GC1003827_F08_NODE_979_length_3330_cov_21.379020	1	3330	4395	3330	100	183.083	35.4	58.1
GC1003827_F08_NODE_980_length_3330_cov_5.907899	1	3330	1222	3330	100	50.2021	35.5	58
GC1003827_F08_NODE_981_length_3330_cov_5.462691	1	3330	1079	3324	99.8198	43.3099	35.6	54.8
GC1003827_F08_NODE_982_length_3328_cov_3.153390	1	3328	557	3328	100	23.8591	35.5	59.3
GC1003827_F08_NODE_983_length_3327_cov_6.868437	1	3327	1399	3327	100	58.8236	35.7	58.4
GC1003827_F08_NODE_984_length_3326_cov_7.237574	1	3326	1315	3326	100	56.3494	35.7	59.4
GC1003827_F08_NODE_985_length_3325_cov_8.610694	1	3325	1555	3325	100	65.7402	35.3	58.9
GC1003827_F08_NODE_986_length_3324_cov_7.334376	1	3324	1480	3324	100	61.3168	35.7	58.1
GC1003827_F08_NODE_987_length_3322_cov_6.534585	1	3322	1180	3322	100	50.0141	35.6	58.8
GC1003827_F08_NODE_988_length_3321_cov_9.170632	1	3321	1650	3321	100	70.184	35.7	59.1
GC1003827_F08_NODE_989_length_3321_cov_7.996243	1	3321	1536	3321	100	63.7946	35.7	57.9
GC1003827_F08_NODE_990_length_3321_cov_7.655291	1	3321	1738	3321	100	66.187	35.5	53.3
GC1003827_F08_NODE_991_length_3321_cov_7.240138	1	3321	1570	3321	100	65.3177	35.4	58.6
GC1003827_F08_NODE_992_length_3318_cov_4.740834	1	3318	1149	3318	100	43.3011	35.4	53.9
GC1003827_F08_NODE_993_length_3317_cov_10.253918	1	3317	2297	3317	100	92.4402	35.5	56.6
GC1003827_F08_NODE_994_length_3316_cov_3.460332	1	3316	612	3316	100	26.1019	35.7	58.4
GC1003827_F08_NODE_995_length_3315_cov_4.478043	1	3315	853	3313	99.9397	36.5303	35.6	59.4
GC1003827_F08_NODE_996_length_3314_cov_5.618764	1	3314	1530	3314	100	56.3772	34.8	51
GC1003827_F08_NODE_997_length_3312_cov_7.542543	1	3312	1683	3312	100	67.49	35.3	56.4
GC1003827_F08_NODE_998_length_3312_cov_6.125903	1	3312	1072	3312	100	46.3089	35.6	59.1
GC1003827_F08_NODE_999_length_3312_cov_5.432339	1	3312	1100	3312	100	45.0199	35.5	56.6
GC1003827_F08_NODE_1000_length_3311_cov_7.662374	1	3311	1566	3311	100	65.5035	35.4	58.7
GC1003827_F08_NODE_1001_length_3306_cov_21.926077	1	3306	5031	3300	99.8185	198.436	35.3	55.2
GC1003827_F08_NODE_1002_length_3305_cov_7.651668	1	3305	2010	3305	100	79.1461	35.2	55.7
GC1003827_F08_NODE_1003_length_3305_cov_2.816237	1	3305	503	3290	99.5461	21.4923	35.7	58.7
GC1003827_F08_NODE_1004_length_3304_cov_6.391250	1	3304	1521	3302	99.9395	60.1525	35.5	56.6
GC1003827_F08_NODE_1005_length_3304_cov_2.247088	1	3304	426	3304	100	18.2031	35.7	59
GC1003827_F08_NODE_1006_length_3302_cov_3.931339	1	3302	680	3302	100	29.2919	35.6	59.2
GC1003827_F08_NODE_1007_length_3302_cov_2.280315	1	3302	417	3302	100	17.7511	35.2	58.5
GC1003827_F08_NODE_1008_length_3301_cov_7.380907	1	3301	1493	3291	99.6971	62.1248	35.5	57.2
GC1003827_F08_NODE_1009_length_3301_cov_3.895085	1	3301	674	3301	100	29.3572	35.6	59.3
GC1003827_F08_NODE_1010_length_3300_cov_14.541443	1	3300	3388	3300	100	131.761	35.3	53.7
GC1003827_F08_NODE_1011_length_3300_cov_4.566971	1	3300	831	3300	100	35.5958	35.6	59.1
GC1003827_F08_NODE_1012_length_3291_cov_6.441846	1	3291	1432	3291	100	58.5776	35.4	58.1
GC1003827_F08_NODE_1013_length_3289_cov_14.642315	1	3289	3559	3289	100	141.564	35.4	57
GC1003827_F08_NODE_1014_length_3284_cov_10.157111	1	3284	1952	3284	100	82.9504	35.7	58.6
GC1003827_F08_NODE_1015_length_3284_cov_5.955971	1	3284	1098	3284	100	46.3709	35.2	57
GC1003827_F08_NODE_1016_length_3281_cov_5.278060	1	3281	3752	3281	100	70.797	35.6	31.2
GC1003827_F08_NODE_1017_length_3279_cov_2.404505	1	3279	439	3279	100	18.8088	35.6	59.3
GC1003827_F08_NODE_1018_length_3276_cov_15.110194	1	3276	3247	3276	100	132.382	35.7	57.6
GC1003827_F08_NODE_1019_length_3276_cov_4.371864	1	3276	762	3276	100	33.2518	35.5	58.8
GC1003827_F08_NODE_1020_length_3275_cov_8.002224	1	3275	2308	3275	100	94.2308	35.1	57.5
GC1003827_F08_NODE_1021_length_3275_cov_4.660737	1	3275	1179	3275	100	45.1255	35.4	53.4
GC1003827_F08_NODE_1022_length_3273_cov_5.638907	1	3273	1113	3273	100	47.6642	35.6	58.8
GC1003827_F08_NODE_1023_length_3273_cov_4.923395	1	3273	1709	3244	99.114	67.9896	35	54.5
GC1003827_F08_NODE_1024_length_3272_cov_2.690302	1	3272	734	3272	100	27.7738	35.4	53
GC1003827_F08_NODE_1025_length_3270_cov_6.099268	1	3270	1047	3270	100	45.8303	35.5	59
GC1003827_F08_NODE_1026_length_3269_cov_9.596117	1	3269	1985	3269	100	83.9884	35.6	58.9
GC1003827_F08_NODE_1027_length_3267_cov_4.345223	1	3267	954	3267	100	40.3217	35.5	58.5
GC1003827_F08_NODE_1028_length_3266_cov_4.276203	1	3266	866	3266	100	35.7893	35.7	57.5
GC1003827_F08_NODE_1029_length_3263_cov_5.021684	1	3263	901	3254	99.7242	37.2148	35.6	54
GC1003827_F08_NODE_1030_length_3260_cov_11.327482	1	3260	2500	3260	100	102.339	35.6	57.4
GC1003827_F08_NODE_1031_length_3260_cov_6.842324	1	3260	1243	3260	100	52.5644	35.4	55
GC1003827_F08_NODE_1032_length_3260_cov_6.244494	1	3260	1939	3260	100	69.689	35.3	52
GC1003827_F08_NODE_1033_length_3258_cov_8.100926	1	3258	1558	3258	100	66.9131	35.5	58.9
GC1003827_F08_NODE_1034_length_3256_cov_8.904442	1	3256	1780	3256	100	74.8572	35.7	58.3
GC1003827_F08_NODE_1035_length_3256_cov_6.880473	1	3256	1537	3256	100	62.7405	35.5	57.3
GC1003827_F08_NODE_1036_length_3254_cov_15.300288	1	3254	2649	3254	100	115.303	35.5	58.8
GC1003827_F08_NODE_1037_length_3252_cov_12.840640	1	3252	2776	3252	100	111.223	35.6	54.9
GC1003827_F08_NODE_1038_length_3252_cov_6.268160	1	3252	1328	3252	100	54.9182	35.7	57.2
GC1003827_F08_NODE_1039_length_3251_cov_7.092190	1	3251	1427	3251	100	59.7032	35.5	57.1
GC1003827_F08_NODE_1040_length_3250_cov_8.643292	1	3250	2304	3250	100	90.1049	35.1	55.1
GC1003827_F08_NODE_1041_length_3250_cov_7.232469	1	3250	1601	3250	100	61.5289	35.7	52.4
GC1003827_F08_NODE_1042_length_3249_cov_4.173927	1	3249	1057	3249	100	41.8941	35.2	56.4
GC1003827_F08_NODE_1043_length_3247_cov_10.879487	1	3247	2059	3247	100	87.1204	35.8	57.7
GC1003827_F08_NODE_1044_length_3246_cov_4.125681	1	3246	711	3246	100	31.3247	35.5	59.1
GC1003827_F08_NODE_1045_length_3245_cov_7.916613	1	3245	1631	3245	100	66.9618	35.7	55.3
GC1003827_F08_NODE_1046_length_3244_cov_6.380173	1	3244	2097	3244	100	77.0487	35.3	53.3
GC1003827_F08_NODE_1047_length_3243_cov_3.517009	1	3243	619	3243	100	27.408	35.6	59.5
GC1003827_F08_NODE_1048_length_3243_cov_2.562259	1	3243	492	3243	100	20.6756	35.5	57.5
GC1003827_F08_NODE_1049_length_3242_cov_6.702408	1	3242	1500	3242	100	62.0151	35.4	57
GC1003827_F08_NODE_1050_length_3239_cov_16.506427	1	3239	3388	3239	100	147.418	35.7	58.6
GC1003827_F08_NODE_1051_length_3239_cov_6.759640	1	3239	1579	3239	100	59.829	35.4	49.4
GC1003827_F08_NODE_1052_length_3238_cov_6.608486	1	3238	1520	3238	100	60.1822	35.6	52.5
GC1003827_F08_NODE_1053_length_3237_cov_6.374920	1	3237	4769	3237	100	207.034	35.5	51.3
GC1003827_F08_NODE_1054_length_3236_cov_6.371180	1	3236	1073	3236	100	46.9954	35.6	59
GC1003827_F08_NODE_1055_length_3235_cov_25.956242	1	3235	4943	3235	100	213.31	35.4	59
GC1003827_F08_NODE_1056_length_3235_cov_10.872587	1	3235	2108	3235	100	89.528	35.7	58.8
GC1003827_F08_NODE_1057_length_3233_cov_5.769478	1	3233	1010	3233	100	44.674	35.4	59.2
GC1003827_F08_NODE_1058_length_3232_cov_5.962963	1	3232	1149	3232	100	48.2605	35.5	57.8
GC1003827_F08_NODE_1059_length_3230_cov_7.839832	1	3230	1477	3230	100	63.5285	35.8	57.5
GC1003827_F08_NODE_1060_length_3229_cov_2.110574	1	3229	391	3226	99.9071	17.4456	35.6	59.4
GC1003827_F08_NODE_1061_length_3228_cov_9.394389	1	3228	1841	3226	99.938	79.5864	35.2	58.6
GC1003827_F08_NODE_1062_length_3227_cov_7.810645	1	3227	1670	3227	100	69.0902	35.6	57.3
GC1003827_F08_NODE_1063_length_3227_cov_6.638710	1	3227	1267	3227	100	55.0313	35.3	58.6
GC1003827_F08_NODE_1064_length_3223_cov_5.740633	1	3223	1781	3213	99.6897	71.6714	35.5	53.9
GC1003827_F08_NODE_1065_length_3219_cov_10.997736	1	3219	2817	3219	100	114.864	35	56.5
GC1003827_F08_NODE_1066_length_3217_cov_5.938511	1	3217	1093	3217	100	48.023	35.5	58.6
GC1003827_F08_NODE_1067_length_3213_cov_8.331173	1	3213	1761	3213	100	76.775	35.5	58.7
GC1003827_F08_NODE_1068_length_3212_cov_10.805186	1	3212	2404	3212	100	97.561	35.5	54.5
GC1003827_F08_NODE_1069_length_3212_cov_9.568882	1	3212	2014	3212	100	85.0551	35.7	57.9
GC1003827_F08_NODE_1070_length_3209_cov_11.782933	1	3209	2068	3209	100	89.5067	35.6	57.4
GC1003827_F08_NODE_1071_length_3209_cov_5.011032	1	3209	992	3209	100	42.1122	35.6	58.1
GC1003827_F08_NODE_1072_length_3208_cov_7.994807	1	3208	1864	3207	99.9688	77.1013	35.4	57.2
GC1003827_F08_NODE_1073_length_3208_cov_5.216813	1	3208	971	3198	99.6883	41.5517	35.6	58.7
GC1003827_F08_NODE_1074_length_3206_cov_2.878532	1	3206	625	3206	100	26.3543	35.7	57.9
GC1003827_F08_NODE_1075_length_3204_cov_3.812805	1	3204	848	3204	100	32.2762	34.9	46.7
GC1003827_F08_NODE_1076_length_3203_cov_3.962939	1	3203	1129	3203	100	39.739	35.1	39.8
GC1003827_F08_NODE_1077_length_3202_cov_8.762927	1	3202	1834	3192	99.6877	74.178	35.7	53
GC1003827_F08_NODE_1078_length_3197_cov_9.406840	1	3197	2183	3197	100	87.0457	35.3	56.4
GC1003827_F08_NODE_1079_length_3197_cov_4.550489	1	3197	1066	3197	100	43.8048	35.5	56.9
GC1003827_F08_NODE_1080_length_3196_cov_17.031281	1	3196	3715	3196	100	156.542	35.6	57.2
GC1003827_F08_NODE_1081_length_3196_cov_3.662105	1	3196	1241	3196	100	42.2797	35.1	40.4
GC1003827_F08_NODE_1082_length_3194_cov_7.767851	1	3194	1441	3194	100	62.5025	35.7	58.3
GC1003827_F08_NODE_1083_length_3191_cov_9.529047	1	3191	2062	3191	100	84.2661	35.5	56.2
GC1003827_F08_NODE_1084_length_3187_cov_5.561765	1	3187	1225	3187	100	49.8444	35.5	55.7
GC1003827_F08_NODE_1085_length_3187_cov_5.498693	1	3187	1540	3187	100	60.8224	35.3	56.4
GC1003827_F08_NODE_1086_length_3187_cov_3.215033	1	3187	632	3187	100	26.8271	35.5	56.4
GC1003827_F08_NODE_1087_length_3185_cov_4.709941	1	3185	874	3185	100	37.3881	35.5	57.4
GC1003827_F08_NODE_1088_length_3184_cov_11.270854	1	3184	16188	3184	100	352.924	33.9	9.1
GC1003827_F08_NODE_1089_length_3183_cov_6.937827	1	3183	1200	3182	99.9686	53.8501	35.6	59.2
GC1003827_F08_NODE_1090_length_3183_cov_5.293521	1	3183	904	3183	100	40.0239	35.7	58.1
GC1003827_F08_NODE_1091_length_3182_cov_15.878232	1	3182	3136	3182	100	134.688	35.5	58
GC1003827_F08_NODE_1092_length_3182_cov_4.386907	1	3182	849	3182	100	37.4566	35.5	59.2
GC1003827_F08_NODE_1093_length_3181_cov_6.650950	1	3181	1414	3181	100	59.8765	35.5	56.6
GC1003827_F08_NODE_1094_length_3181_cov_5.593320	1	3181	1812	3179	99.9371	67.3263	35	46.6
GC1003827_F08_NODE_1095_length_3181_cov_3.191880	1	3181	954	3181	100	34.0855	35.2	46.5
GC1003827_F08_NODE_1096_length_3181_cov_2.133923	1	3181	465	3181	100	18.0182	35.4	49.2
GC1003827_F08_NODE_1097_length_3179_cov_4.150393	1	3179	827	3179	100	35.5731	35.5	55.6
GC1003827_F08_NODE_1098_length_3178_cov_10.848902	1	3178	2572	3178	100	104.384	35.3	53.8
GC1003827_F08_NODE_1099_length_3177_cov_11.153443	1	3177	3195	3177	100	124.303	35.3	52.9
GC1003827_F08_NODE_1100_length_3177_cov_2.585902	1	3177	488	3177	100	21.2644	35.5	58.3
GC1003827_F08_NODE_1101_length_3175_cov_12.830709	1	3175	2168	3175	100	97.6142	35.6	59.2
GC1003827_F08_NODE_1102_length_3175_cov_3.542323	1	3175	719	3175	100	31.1569	35.5	58
GC1003827_F08_NODE_1103_length_3174_cov_9.713817	1	3174	1798	3174	100	78.4531	35.5	58.9
GC1003827_F08_NODE_1104_length_3173_cov_4.223572	1	3173	732	3173	100	32.6896	35.8	59.2
GC1003827_F08_NODE_1105_length_3172_cov_6.369458	1	3172	1305	3172	100	56.8963	35.6	58.3
GC1003827_F08_NODE_1106_length_3171_cov_9.311432	1	3171	1777	3171	100	76.9663	35.6	58.2
GC1003827_F08_NODE_1107_length_3169_cov_10.768902	1	3169	2498	3169	100	102.038	35.2	55.8
GC1003827_F08_NODE_1108_length_3169_cov_5.916502	1	3169	1104	3159	99.6844	48.8388	35.5	58.8
GC1003827_F08_NODE_1109_length_3168_cov_5.690233	1	3168	984	3168	100	44.3507	35.6	58.9
GC1003827_F08_NODE_1110_length_3168_cov_3.673463	1	3168	710	3163	99.8422	31.2402	35.4	58.2
GC1003827_F08_NODE_1111_length_3167_cov_3.890132	1	3167	786	3167	100	34.0635	35.4	58.3
GC1003827_F08_NODE_1112_length_3166_cov_4.217506	1	3166	695	3166	100	31.4776	35.6	58.2
GC1003827_F08_NODE_1113_length_3164_cov_5.405005	1	3164	1014	3164	100	44.6606	35.6	58.7
GC1003827_F08_NODE_1114_length_3161_cov_12.087673	1	3161	2226	3161	100	99.5751	35.7	59.4
GC1003827_F08_NODE_1115_length_3161_cov_7.434410	1	3161	1479	3161	100	61.6096	35.4	56
GC1003827_F08_NODE_1116_length_3158_cov_5.336853	1	3158	940	3158	100	42.215	35.7	58.7
GC1003827_F08_NODE_1117_length_3157_cov_2.366007	1	3157	462	3147	99.6832	20.313	35.7	57.9
GC1003827_F08_NODE_1118_length_3156_cov_7.764609	1	3156	1353	3156	100	60.7132	35.5	59.3
GC1003827_F08_NODE_1119_length_3155_cov_6.236790	1	3155	1369	3155	100	56.155	35.3	56.1
GC1003827_F08_NODE_1120_length_3154_cov_6.577469	1	3154	1084	3154	100	49.4918	35.5	59.2
GC1003827_F08_NODE_1121_length_3153_cov_4.897885	1	3153	995	3153	100	41.7663	35.7	55.4
GC1003827_F08_NODE_1122_length_3149_cov_2.841165	1	3149	484	3149	100	21.8838	35.5	59.2
GC1003827_F08_NODE_1123_length_3148_cov_7.205892	1	3148	1226	3148	100	55.0677	35.8	59.5
GC1003827_F08_NODE_1124_length_3148_cov_6.059252	1	3148	1453	3148	100	57.0772	35.7	55
GC1003827_F08_NODE_1125_length_3147_cov_9.829139	1	3147	2072	3145	99.9364	86.5481	35.3	56
GC1003827_F08_NODE_1126_length_3147_cov_5.881788	1	3147	1225	3147	100	52.8923	35.5	58.1
GC1003827_F08_NODE_1127_length_3147_cov_4.715563	1	3147	1046	3147	100	40.9736	35.6	55.3
GC1003827_F08_NODE_1128_length_3146_cov_5.972839	1	3146	1051	3146	100	47.706	35.4	59
GC1003827_F08_NODE_1129_length_3144_cov_11.425920	1	3144	2028	3144	100	90.4055	35.7	58.6
GC1003827_F08_NODE_1130_length_3144_cov_8.174345	1	3144	1839	3144	100	78.3807	35.4	57.8
GC1003827_F08_NODE_1131_length_3143_cov_4.016910	1	3143	727	3133	99.6818	32.3831	35.5	58.8
GC1003827_F08_NODE_1132_length_3142_cov_4.201327	1	3142	816	3135	99.7772	34.7155	35	55.2
GC1003827_F08_NODE_1133_length_3141_cov_10.159920	1	3141	1946	3141	100	83.6756	35.5	58.3
GC1003827_F08_NODE_1134_length_3141_cov_7.140345	1	3141	1914	3141	100	75.6326	35.3	54
GC1003827_F08_NODE_1135_length_3141_cov_6.915395	1	3141	1473	3141	100	62.7784	35.6	55.6
GC1003827_F08_NODE_1136_length_3141_cov_3.293298	1	3141	607	3141	100	27.1777	35.6	59.1
GC1003827_F08_NODE_1137_length_3141_cov_2.349370	1	3141	405	3141	100	18.3445	35.5	58.1
GC1003827_F08_NODE_1138_length_3138_cov_2.828296	1	3138	491	3137	99.9681	22.051	35.5	58.8
GC1003827_F08_NODE_1139_length_3137_cov_4.686379	1	3137	1061	3137	100	41.7399	35.5	54.9
GC1003827_F08_NODE_1140_length_3136_cov_7.013626	1	3136	1248	3136	100	56.0542	35.6	58.6
GC1003827_F08_NODE_1141_length_3135_cov_5.104056	1	3135	1040	3135	100	44.8207	35.7	57.2
GC1003827_F08_NODE_1142_length_3135_cov_4.775598	1	3135	1071	3135	100	44.5888	35.3	56.5
GC1003827_F08_NODE_1143_length_3135_cov_3.408245	1	3135	846	3135	100	34.2679	35.1	54
GC1003827_F08_NODE_1144_length_3133_cov_3.416168	1	3133	668	3133	100	29.2799	35.6	58.3
GC1003827_F08_NODE_1145_length_3132_cov_3.167388	1	3132	480	3132	100	22.1916	35.8	59.1
GC1003827_F08_NODE_1146_length_3132_cov_2.933444	1	3132	558	3122	99.6807	24.0936	36	57.7
GC1003827_F08_NODE_1147_length_3132_cov_2.170050	1	3132	1262	3132	100	36.5112	34.9	41.3
GC1003827_F08_NODE_1148_length_3131_cov_3.768642	1	3131	705	3131	100	31.3417	35.5	58.6
GC1003827_F08_NODE_1149_length_3130_cov_8.443889	1	3130	1869	3130	100	78.1329	35.5	57
GC1003827_F08_NODE_1150_length_3130_cov_4.547453	1	3130	839	3130	100	35.3974	35.6	54.5
GC1003827_F08_NODE_1151_length_3130_cov_3.447885	1	3130	721	3130	100	30.5681	35.7	56.9
GC1003827_F08_NODE_1152_length_3127_cov_6.554667	1	3127	1145	3117	99.6802	52.2363	35.6	59.3
GC1003827_F08_NODE_1153_length_3127_cov_5.198333	1	3127	1178	3127	100	48.5686	35.7	56.3
GC1003827_F08_NODE_1154_length_3126_cov_12.119040	1	3126	2231	3126	100	98.2863	35.7	56.9
GC1003827_F08_NODE_1155_length_3126_cov_4.429810	1	3126	805	3126	100	35.548	35.4	58.9
GC1003827_F08_NODE_1156_length_3125_cov_9.556704	1	3125	1615	3125	100	74.008	35.7	59.4
GC1003827_F08_NODE_1157_length_3125_cov_6.221815	1	3125	1082	3125	100	48.1526	35.5	57.8
GC1003827_F08_NODE_1158_length_3125_cov_4.246831	1	3125	942	3125	100	39.0902	35.4	56.3
GC1003827_F08_NODE_1159_length_3124_cov_12.325325	1	3124	2150	3124	100	96.7186	35.6	57.9
GC1003827_F08_NODE_1160_length_3124_cov_10.038705	1	3124	1823	3124	100	82.0371	35.4	58.8
GC1003827_F08_NODE_1161_length_3122_cov_2.046411	1	3122	369	3113	99.7117	15.5641	35.6	54.3
GC1003827_F08_NODE_1162_length_3121_cov_11.041750	1	3121	3027	3121	100	120.05	35	54.3
GC1003827_F08_NODE_1163_length_3121_cov_5.849031	1	3121	1002	3121	100	45.1971	35.8	59
GC1003827_F08_NODE_1164_length_3120_cov_2.560976	1	3120	427	3120	100	19.5561	35.6	59.4
GC1003827_F08_NODE_1165_length_3119_cov_7.132687	1	3119	1420	3119	100	61.2642	35.4	57.7
GC1003827_F08_NODE_1166_length_3118_cov_3.575393	1	3118	682	3118	100	29.7579	35.7	57.9
GC1003827_F08_NODE_1167_length_3117_cov_9.821070	1	3117	2123	3117	100	93.4049	35.6	58.5
GC1003827_F08_NODE_1168_length_3117_cov_7.934114	1	3117	1603	3114	99.9038	68.5207	35.3	57.2
GC1003827_F08_NODE_1169_length_3117_cov_7.667224	1	3117	1554	3117	100	64.4062	35.4	52.2
GC1003827_F08_NODE_1170_length_3115_cov_3.437082	1	3115	1018	3115	100	36.1602	35	36.3
GC1003827_F08_NODE_1171_length_3115_cov_2.794846	1	3115	459	3115	100	20.9878	35.2	58.6
GC1003827_F08_NODE_1172_length_3114_cov_7.341815	1	3114	2230	3114	100	94.5478	35.5	52.8
GC1003827_F08_NODE_1173_length_3114_cov_7.082022	1	3114	1426	3105	99.711	61.4705	35.7	56.9
GC1003827_F08_NODE_1174_length_3113_cov_6.563295	1	3113	1268	3113	100	55.0257	35.6	57.3
GC1003827_F08_NODE_1175_length_3110_cov_2.706001	1	3110	639	3110	100	25.773	35.5	56.3
GC1003827_F08_NODE_1176_length_3109_cov_4.878605	1	3109	797	3109	100	36.3963	35.7	58.9
GC1003827_F08_NODE_1177_length_3107_cov_2.459060	1	3107	492	3098	99.7103	21.6727	35.6	58.8
GC1003827_F08_NODE_1178_length_3103_cov_4.424395	1	3103	939	3103	100	39.2333	35.5	55.3
GC1003827_F08_NODE_1179_length_3101_cov_4.629455	1	3101	780	3101	100	35.1038	35.6	58.9
GC1003827_F08_NODE_1180_length_3099_cov_6.473082	1	3099	1054	3099	100	49.0991	35.4	59.4
GC1003827_F08_NODE_1181_length_3099_cov_3.599933	1	3099	772	3099	100	31.5973	35.5	54
GC1003827_F08_NODE_1182_length_3098_cov_7.258835	1	3098	1216	3088	99.6772	55.611	35.5	58.9
GC1003827_F08_NODE_1183_length_3098_cov_4.077078	1	3098	888	3098	100	37.2389	35.6	56.2
GC1003827_F08_NODE_1184_length_3095_cov_4.514825	1	3095	976	3095	100	42.1309	35.4	56.6
GC1003827_F08_NODE_1185_length_3095_cov_4.057615	1	3095	878	3095	100	33.7347	35.3	46.2
GC1003827_F08_NODE_1186_length_3094_cov_12.998989	1	3094	2840	3094	100	115.949	35.4	53.5
GC1003827_F08_NODE_1187_length_3093_cov_5.326028	1	3093	990	3093	100	44.5655	35.4	58.7
GC1003827_F08_NODE_1188_length_3091_cov_7.486167	1	3091	1232	3091	100	56.8615	35.5	59
GC1003827_F08_NODE_1189_length_3090_cov_4.929801	1	3090	836	3090	100	37.5188	35.6	58.1
GC1003827_F08_NODE_1190_length_3088_cov_11.102330	1	3088	2343	3087	99.9676	98.4213	35.5	53
GC1003827_F08_NODE_1191_length_3088_cov_9.353597	1	3088	1875	3079	99.7085	81.6289	35.4	55.1
GC1003827_F08_NODE_1192_length_3087_cov_10.974324	1	3087	2087	3084	99.9028	91.3881	35.7	55.5
GC1003827_F08_NODE_1193_length_3086_cov_5.700575	1	3086	1077	3086	100	48.0382	35.5	58.8
GC1003827_F08_NODE_1194_length_3085_cov_7.519946	1	3085	1285	3085	100	57.2801	35.6	55.7
GC1003827_F08_NODE_1195_length_3084_cov_7.036524	1	3084	1132	3084	100	52.5895	35.5	59.3
GC1003827_F08_NODE_1196_length_3082_cov_4.167513	1	3082	705	3082	100	32.7511	35.5	59.3
GC1003827_F08_NODE_1197_length_3081_cov_9.217671	1	3081	1708	3081	100	76.0487	35.5	58.2
GC1003827_F08_NODE_1198_length_3080_cov_7.516085	1	3080	1260	3080	100	57.7721	35.9	59
GC1003827_F08_NODE_1199_length_3080_cov_6.672875	1	3080	1131	3080	100	51.8455	35.6	58.3
GC1003827_F08_NODE_1200_length_3080_cov_3.776160	1	3080	595	3080	100	27.9182	35.5	59.5
GC1003827_F08_NODE_1201_length_3076_cov_15.326890	1	3076	2575	3076	100	118.189	35.4	58.8
GC1003827_F08_NODE_1202_length_3075_cov_6.528494	1	3075	1808	3075	100	76.041	35.3	55.3
GC1003827_F08_NODE_1203_length_3074_cov_5.259925	1	3074	1214	3074	100	51.1718	35.4	56.4
GC1003827_F08_NODE_1204_length_3073_cov_13.571283	1	3073	2539	3073	100	113.168	35.7	58.2
GC1003827_F08_NODE_1205_length_3073_cov_3.363544	1	3073	521	3073	100	24.2952	35.4	58.9
GC1003827_F08_NODE_1206_length_3070_cov_8.509004	1	3070	1528	3070	100	68.2397	35.9	57.8
GC1003827_F08_NODE_1207_length_3069_cov_10.001020	1	3069	2344	3069	100	105.344	35.6	50.5
GC1003827_F08_NODE_1208_length_3066_cov_8.414427	1	3066	1809	3066	100	76.1432	35.4	54.7
GC1003827_F08_NODE_1209_length_3064_cov_8.377937	1	3064	1796	3064	100	75.2702	35.2	54.5
GC1003827_F08_NODE_1210_length_3064_cov_7.716377	1	3064	2344	3064	100	86.9151	35.2	42.2
GC1003827_F08_NODE_1211_length_3063_cov_10.860695	1	3063	1934	3063	100	86.9553	35.5	57.3
GC1003827_F08_NODE_1212_length_3061_cov_11.519768	1	3061	2048	3061	100	93.1359	35.4	58.8
GC1003827_F08_NODE_1213_length_3059_cov_2.555593	1	3059	405	3059	100	18.9382	35.8	58.2
GC1003827_F08_NODE_1214_length_3058_cov_6.631866	1	3058	2068	3056	99.9346	79.5088	34.8	50.9
GC1003827_F08_NODE_1215_length_3058_cov_5.044353	1	3058	990	3058	100	45.2616	35.5	58.6
GC1003827_F08_NODE_1216_length_3057_cov_7.576792	1	3057	1784	3057	100	75.2552	35.5	56.7
GC1003827_F08_NODE_1217_length_3057_cov_2.552901	1	3057	552	3057	100	23.8014	35.2	58.5
GC1003827_F08_NODE_1218_length_3056_cov_5.158757	1	3056	1028	3056	100	45.1446	35.7	56.1
GC1003827_F08_NODE_1219_length_3055_cov_10.855533	1	3055	1763	3055	100	82.6609	35.5	59.3
GC1003827_F08_NODE_1220_length_3055_cov_3.311134	1	3055	906	3055	100	32.4409	35.3	49.9
GC1003827_F08_NODE_1221_length_3055_cov_2.984631	1	3055	537	3055	100	24.364	35.5	58.2
GC1003827_F08_NODE_1222_length_3054_cov_3.583533	1	3054	757	3054	100	31.9709	35.8	55.4
GC1003827_F08_NODE_1223_length_3053_cov_2.709501	1	3053	460	3043	99.6725	21.0816	35.7	58.7
GC1003827_F08_NODE_1224_length_3052_cov_4.247863	1	3052	726	3052	100	33.8758	35.7	58.6
GC1003827_F08_NODE_1225_length_3051_cov_10.635773	1	3051	2350	3051	100	96.605	35.2	45.8
GC1003827_F08_NODE_1226_length_3051_cov_3.959302	1	3051	738	3051	100	32.689	35.4	57.2
GC1003827_F08_NODE_1227_length_3048_cov_3.523451	1	3048	913	3048	100	35.0144	35.4	53.4
GC1003827_F08_NODE_1228_length_3048_cov_2.956522	1	3048	454	3048	100	21.6053	35.8	59.5
GC1003827_F08_NODE_1229_length_3047_cov_6.485616	1	3047	1655	3047	100	69.0374	35.3	56.8
GC1003827_F08_NODE_1230_length_3047_cov_3.571575	1	3047	636	3047	100	29.1559	35.8	58.7
GC1003827_F08_NODE_1231_length_3046_cov_6.446043	1	3046	1056	3046	100	49.5561	35.5	59.2
GC1003827_F08_NODE_1232_length_3044_cov_2.634213	1	3044	625	3041	99.9014	25.0742	35.1	52.3
GC1003827_F08_NODE_1233_length_3043_cov_8.251372	1	3043	1264	3043	100	60.1314	35.5	59.4
GC1003827_F08_NODE_1234_length_3042_cov_5.526587	1	3042	1270	3042	100	51.4129	35.7	53.3
GC1003827_F08_NODE_1235_length_3042_cov_4.640480	1	3042	954	3039	99.9014	40.6302	35.3	54.4
GC1003827_F08_NODE_1236_length_3041_cov_9.987303	1	3041	1949	3041	100	86.8329	35.6	57.8
GC1003827_F08_NODE_1237_length_3041_cov_6.692176	1	3041	1592	3041	100	64.4804	35.2	55.3
GC1003827_F08_NODE_1238_length_3041_cov_3.855525	1	3041	819	3041	100	35.6287	35.4	54.8
GC1003827_F08_NODE_1239_length_3039_cov_1.889766	1	3039	376	3039	100	16.3175	35.6	55.6
GC1003827_F08_NODE_1240_length_3038_cov_3.197527	1	3038	515	3038	100	24.1162	35.6	58.4
GC1003827_F08_NODE_1241_length_3035_cov_4.067400	1	3035	637	3035	100	30.145	35.5	59.4
GC1003827_F08_NODE_1242_length_3035_cov_3.756878	1	3035	1008	3035	100	40.0287	35.4	53.8
GC1003827_F08_NODE_1243_length_3034_cov_23.398005	1	3034	14394	3034	100	628.88	35.3	39.5
GC1003827_F08_NODE_1244_length_3034_cov_4.825249	1	3034	899	3034	100	40.91	35.6	58.1
GC1003827_F08_NODE_1245_length_3030_cov_3.914571	1	3030	710	3030	100	31.5644	35.7	57.8
GC1003827_F08_NODE_1246_length_3029_cov_8.320469	1	3029	1458	3029	100	64.5196	35.4	55.2
GC1003827_F08_NODE_1247_length_3028_cov_6.768700	1	3028	1231	3028	100	55.9742	35.7	58.2
GC1003827_F08_NODE_1248_length_3028_cov_2.418476	1	3028	416	3028	100	19.2837	35.7	58.6
GC1003827_F08_NODE_1249_length_3026_cov_4.255605	1	3026	701	3026	100	32.9339	35.5	59
GC1003827_F08_NODE_1250_length_3024_cov_5.352434	1	3024	893	3024	100	42.0384	35.5	59.2
GC1003827_F08_NODE_1251_length_3023_cov_18.414019	1	3023	2977	3023	100	140.554	35.7	59.1
GC1003827_F08_NODE_1252_length_3021_cov_7.718383	1	3021	1598	3021	100	72.7276	35.5	59
GC1003827_F08_NODE_1253_length_3021_cov_5.120249	1	3021	824	3020	99.9669	38.6998	35.5	59.1
GC1003827_F08_NODE_1254_length_3021_cov_4.064616	1	3021	760	3019	99.9338	34.6928	35.6	57.9
GC1003827_F08_NODE_1255_length_3021_cov_1.643746	1	3021	298	3021	100	13.3757	35.7	57.9
GC1003827_F08_NODE_1256_length_3019_cov_6.274550	1	3019	1233	3016	99.9006	55.6307	35.2	57.7
GC1003827_F08_NODE_1257_length_3018_cov_7.026980	1	3018	5314	3018	100	176.426	34.4	24.6
GC1003827_F08_NODE_1258_length_3017_cov_2.943945	1	3017	488	3017	100	22.6516	35.6	59.2
GC1003827_F08_NODE_1259_length_3016_cov_4.633091	1	3016	796	3016	100	36.2732	35.5	58.3
GC1003827_F08_NODE_1260_length_3016_cov_4.215299	1	3016	665	3016	100	31.805	35.4	59.3
GC1003827_F08_NODE_1261_length_3015_cov_6.171745	1	3015	1107	3015	100	50.5808	35.7	58.6
GC1003827_F08_NODE_1262_length_3014_cov_7.434707	1	3014	1542	3014	100	69.4137	35.5	57.9
GC1003827_F08_NODE_1263_length_3014_cov_5.720817	1	3014	1143	3014	100	51.644	35.4	58.4
GC1003827_F08_NODE_1264_length_3013_cov_6.370755	1	3013	1450	3013	100	65.8872	35.7	54
GC1003827_F08_NODE_1265_length_3011_cov_9.792302	1	3011	1709	3011	100	79.0389	35.7	58.7
GC1003827_F08_NODE_1266_length_3010_cov_2.490114	1	3010	518	3010	100	22.4791	35.3	56.3
GC1003827_F08_NODE_1267_length_3009_cov_6.359820	1	3009	1476	3009	100	62.0113	35.5	54.7
GC1003827_F08_NODE_1268_length_3006_cov_2.661341	1	3006	577	3006	100	25.6301	35.4	57.8
GC1003827_F08_NODE_1269_length_3005_cov_11.367616	1	3005	2223	3003	99.9334	99.8093	35.6	57
GC1003827_F08_NODE_1270_length_3005_cov_2.813412	1	3005	502	3005	100	22.5308	35.5	57.6
GC1003827_F08_NODE_1271_length_3000_cov_3.105465	1	3000	633	3000	100	27.9863	35.5	56.1
GC1003827_F08_NODE_1272_length_2997_cov_8.941812	1	2997	1372	2994	99.8999	66.0504	35.4	59.6
GC1003827_F08_NODE_1273_length_2995_cov_12.279986	1	2995	2004	2995	100	94.8948	35.4	59.1
GC1003827_F08_NODE_1274_length_2995_cov_10.193166	1	2995	2096	2992	99.8998	92.3523	35.4	56.1
GC1003827_F08_NODE_1275_length_2995_cov_5.335774	1	2995	1450	2995	100	65.6267	35.6	50.3
GC1003827_F08_NODE_1276_length_2994_cov_3.688176	1	2994	681	2993	99.9666	29.6546	35.8	55.4
GC1003827_F08_NODE_1277_length_2992_cov_5.665620	1	2992	1041	2992	100	47.626	35.8	58.6
GC1003827_F08_NODE_1278_length_2990_cov_3.771918	1	2990	570	2990	100	27.488	35.5	59.1
GC1003827_F08_NODE_1279_length_2988_cov_15.299895	1	2988	2626	2988	100	122.344	35.7	58.1
GC1003827_F08_NODE_1280_length_2986_cov_6.462749	1	2986	1035	2986	100	49.6242	35	58.9
GC1003827_F08_NODE_1281_length_2985_cov_4.964661	1	2985	961	2985	100	43.5776	35.7	58
GC1003827_F08_NODE_1282_length_2985_cov_2.523093	1	2985	806	2985	100	29.871	35	50.4
GC1003827_F08_NODE_1283_length_2984_cov_2.849842	1	2984	896	2984	100	40.6022	35.2	47.5
GC1003827_F08_NODE_1284_length_2983_cov_5.104342	1	2983	1000	2983	100	44.8109	35.4	57.2
GC1003827_F08_NODE_1285_length_2982_cov_5.716637	1	2982	961	2982	100	45.0466	35.3	58.6
GC1003827_F08_NODE_1286_length_2982_cov_5.101576	1	2982	1208	2982	100	53.5325	35.1	57.5
GC1003827_F08_NODE_1287_length_2981_cov_6.634548	1	2981	1102	2981	100	52.3999	35.7	58.3
GC1003827_F08_NODE_1288_length_2980_cov_3.340343	1	2980	1071	2979	99.9664	41.944	35.4	53.5
GC1003827_F08_NODE_1289_length_2980_cov_2.620400	1	2980	902	2980	100	30.7091	35.2	36.9
GC1003827_F08_NODE_1290_length_2979_cov_6.624825	1	2979	1073	2979	100	50.0732	35.6	57.4
GC1003827_F08_NODE_1291_length_2979_cov_6.044530	1	2979	1140	2979	100	52.9305	35.3	58.2
GC1003827_F08_NODE_1292_length_2978_cov_11.247632	1	2978	2052	2978	100	94.2562	35.6	58.6
GC1003827_F08_NODE_1293_length_2978_cov_8.800772	1	2978	1614	2978	100	74.455	35.7	58.8
GC1003827_F08_NODE_1294_length_2978_cov_5.849877	1	2978	1046	2978	100	48.4953	35.5	58.7
GC1003827_F08_NODE_1295_length_2975_cov_4.301615	1	2975	758	2975	100	35.1684	35.3	57.2
GC1003827_F08_NODE_1296_length_2975_cov_2.133778	1	2975	338	2963	99.5966	16.077	35.5	59.1
GC1003827_F08_NODE_1297_length_2974_cov_3.563751	1	2974	666	2974	100	30.5679	36	58
GC1003827_F08_NODE_1298_length_2973_cov_7.383345	1	2973	1216	2973	100	57.5604	35.7	59.1
GC1003827_F08_NODE_1299_length_2972_cov_12.736731	1	2972	2021	2972	100	96.464	35.6	58.7
GC1003827_F08_NODE_1300_length_2972_cov_4.428120	1	2972	869	2972	100	37.4216	35.4	52.2
GC1003827_F08_NODE_1301_length_2971_cov_13.086850	1	2971	2868	2971	100	129.599	35.5	57.3
GC1003827_F08_NODE_1302_length_2968_cov_3.697290	1	2968	669	2959	99.6968	32.4579	35.5	59.3
GC1003827_F08_NODE_1303_length_2966_cov_10.716449	1	2966	1688	2966	100	81.7964	35.6	59.4
GC1003827_F08_NODE_1304_length_2966_cov_7.172596	1	2966	1479	2966	100	65.9171	35.4	57.7
GC1003827_F08_NODE_1305_length_2966_cov_6.444170	1	2966	1291	2966	100	56.4616	35.4	53.9
GC1003827_F08_NODE_1306_length_2965_cov_7.491896	1	2965	1670	2965	100	68.832	35.5	48.8
GC1003827_F08_NODE_1307_length_2965_cov_5.742072	1	2965	935	2965	100	44.8024	35.4	58.9
GC1003827_F08_NODE_1308_length_2964_cov_8.511103	1	2964	2942	2964	100	106.807	34.7	32.9
GC1003827_F08_NODE_1309_length_2963_cov_6.696051	1	2963	1187	2963	100	55.3385	35.6	58.6
GC1003827_F08_NODE_1310_length_2961_cov_8.351800	1	2961	1649	2961	100	72.9483	35.3	56.3
GC1003827_F08_NODE_1311_length_2961_cov_4.435074	1	2961	825	2961	100	37.4299	35.4	56.9
GC1003827_F08_NODE_1312_length_2960_cov_10.935051	1	2960	3506	2960	100	156.405	35.2	39.9
GC1003827_F08_NODE_1313_length_2960_cov_6.049418	1	2960	1180	2960	100	56.2943	35.6	58.6
GC1003827_F08_NODE_1314_length_2959_cov_4.052613	1	2959	845	2958	99.9662	36.708	35.6	55.5
GC1003827_F08_NODE_1315_length_2958_cov_4.629813	1	2958	840	2958	100	37.7857	35.7	56.5
GC1003827_F08_NODE_1316_length_2958_cov_4.272695	1	2958	808	2958	100	35.1542	35.5	57.2
GC1003827_F08_NODE_1317_length_2958_cov_1.789120	1	2958	279	2958	100	13.4953	35.5	59.2
GC1003827_F08_NODE_1318_length_2957_cov_15.692933	1	2957	3145	2950	99.7633	144.625	35.4	58.2
GC1003827_F08_NODE_1319_length_2957_cov_8.096820	1	2957	1747	2858	96.652	80.0152	35.7	54.6
GC1003827_F08_NODE_1320_length_2957_cov_4.574912	1	2957	789	2957	100	36.9797	35.8	57.3
GC1003827_F08_NODE_1321_length_2956_cov_10.153765	1	2956	1613	2956	100	75.7121	35.5	55.7
GC1003827_F08_NODE_1322_length_2956_cov_9.722870	1	2956	1939	2956	100	86.1681	35.5	56.6
GC1003827_F08_NODE_1323_length_2956_cov_8.344645	1	2956	2096	2956	100	86.0497	35.8	54
GC1003827_F08_NODE_1324_length_2955_cov_7.697313	1	2955	1872	2955	100	80.2386	35.4	54.9
GC1003827_F08_NODE_1325_length_2954_cov_3.461266	1	2954	615	2945	99.6953	28.5413	35.4	57.2
GC1003827_F08_NODE_1326_length_2952_cov_12.717876	1	2952	2799	2952	100	122.359	35.4	56.4
GC1003827_F08_NODE_1327_length_2952_cov_3.275398	1	2952	532	2952	100	25.0837	35.8	58.5
GC1003827_F08_NODE_1328_length_2951_cov_2.051700	1	2951	366	2951	100	17.5073	35.6	58.3
GC1003827_F08_NODE_1329_length_2949_cov_8.856839	1	2949	1677	2949	100	77.8403	35.5	57.9
GC1003827_F08_NODE_1330_length_2949_cov_5.989724	1	2949	2501	2949	100	87.8111	34.8	33.5
GC1003827_F08_NODE_1331_length_2949_cov_5.745216	1	2949	964	2947	99.9322	45.8352	35.6	58.9
GC1003827_F08_NODE_1332_length_2948_cov_10.415456	1	2948	1885	2948	100	88.0984	35.5	58.4
GC1003827_F08_NODE_1333_length_2946_cov_19.455126	1	2946	3785	2946	100	172.123	35.6	57.6
GC1003827_F08_NODE_1334_length_2946_cov_9.213906	1	2946	1711	2946	100	79.8866	35.5	57.7
GC1003827_F08_NODE_1335_length_2946_cov_4.836822	1	2946	779	2946	100	37.407	35.6	58.9
GC1003827_F08_NODE_1336_length_2946_cov_2.678964	1	2946	413	2946	100	19.4199	35.6	57.8
GC1003827_F08_NODE_1337_length_2946_cov_2.011352	1	2946	321	2946	100	14.7977	35.6	56.8
GC1003827_F08_NODE_1338_length_2943_cov_10.331676	1	2943	1835	2943	100	86.3092	35.7	58.4
GC1003827_F08_NODE_1339_length_2943_cov_8.879972	1	2943	1474	2943	100	69.5505	35.5	58.2
GC1003827_F08_NODE_1340_length_2942_cov_9.392185	1	2942	1630	2942	100	76.5911	35.7	58.3
GC1003827_F08_NODE_1341_length_2942_cov_7.183659	1	2942	1186	2933	99.6941	57.5095	35.4	59.6
GC1003827_F08_NODE_1342_length_2942_cov_4.175844	1	2942	656	2942	100	30.9181	35.3	57.3
GC1003827_F08_NODE_1343_length_2942_cov_3.659680	1	2942	762	2942	100	32.3334	35.5	52.2
GC1003827_F08_NODE_1344_length_2941_cov_3.450604	1	2941	579	2941	100	27.5604	35.8	58.8
GC1003827_F08_NODE_1345_length_2939_cov_7.983642	1	2939	1724	2939	100	79.2589	35.4	57.5
GC1003827_F08_NODE_1346_length_2939_cov_3.160384	1	2939	498	2939	100	24.1558	35.7	59.7
GC1003827_F08_NODE_1347_length_2937_cov_10.011032	1	2937	1937	2937	100	87.6013	35.5	55.1
GC1003827_F08_NODE_1348_length_2936_cov_10.975792	1	2936	1847	2935	99.9659	87.5473	35.4	57.8
GC1003827_F08_NODE_1349_length_2936_cov_4.238519	1	2936	701	2936	100	33.5221	35.5	58.8
GC1003827_F08_NODE_1350_length_2936_cov_1.972232	1	2936	486	2936	100	20.327	35.5	54.7
GC1003827_F08_NODE_1351_length_2935_cov_10.182692	1	2935	2678	2935	100	113.787	35.6	54.5
GC1003827_F08_NODE_1352_length_2935_cov_3.300926	1	2935	555	2935	100	25.6985	35.5	57.5
GC1003827_F08_NODE_1353_length_2932_cov_10.530125	1	2932	1789	2932	100	83.8939	35.7	56.8
GC1003827_F08_NODE_1354_length_2930_cov_11.028541	1	2930	2095	2930	100	95.5672	35.4	57.4
GC1003827_F08_NODE_1355_length_2929_cov_10.837616	1	2929	2137	2929	100	100.066	35.6	57.5
GC1003827_F08_NODE_1356_length_2929_cov_7.553533	1	2929	1331	2929	100	60.449	35.4	54.2
GC1003827_F08_NODE_1357_length_2929_cov_3.614918	1	2929	784	2929	100	33.5654	35.7	56.7
GC1003827_F08_NODE_1358_length_2928_cov_7.515530	1	2928	1451	2928	100	65.8446	35.4	56.7
GC1003827_F08_NODE_1359_length_2928_cov_4.107105	1	2928	672	2928	100	31.7141	35.7	58.5
GC1003827_F08_NODE_1360_length_2928_cov_3.954659	1	2928	645	2928	100	31.029	35.5	59.1
GC1003827_F08_NODE_1361_length_2927_cov_4.718571	1	2927	872	2927	100	39.247	35.8	56.6
GC1003827_F08_NODE_1362_length_2922_cov_6.243649	1	2922	1124	2922	100	52.2823	35.6	58.2
GC1003827_F08_NODE_1363_length_2920_cov_6.710347	1	2920	1422	2920	100	61.6664	35.3	51.7
GC1003827_F08_NODE_1364_length_2920_cov_4.052632	1	2920	718	2920	100	34.2774	35.4	59
GC1003827_F08_NODE_1365_length_2919_cov_5.547994	1	2919	1237	2919	100	53.9678	35.6	53.8
GC1003827_F08_NODE_1366_length_2919_cov_3.430874	1	2919	591	2919	100	28.7348	35.7	59.4
GC1003827_F08_NODE_1367_length_2918_cov_4.398782	1	2918	882	2908	99.6573	40.5473	35.4	57
GC1003827_F08_NODE_1368_length_2917_cov_6.529749	1	2917	1106	2916	99.9657	53.1262	35.4	58.7
GC1003827_F08_NODE_1369_length_2917_cov_4.865233	1	2917	822	2917	100	39.4971	35.2	58.6
GC1003827_F08_NODE_1370_length_2917_cov_4.249104	1	2917	855	2917	100	38.6044	35.8	56.5
GC1003827_F08_NODE_1371_length_2916_cov_8.073503	1	2916	1596	2916	100	74.0326	35.6	58.2
GC1003827_F08_NODE_1372_length_2915_cov_5.110473	1	2915	841	2915	100	41.0679	35.5	59.2
GC1003827_F08_NODE_1373_length_2914_cov_6.731970	1	2914	2418	2914	100	88.0381	34.9	35.4
GC1003827_F08_NODE_1374_length_2913_cov_7.795406	1	2913	1243	2912	99.9657	60.7947	35.6	59.2
GC1003827_F08_NODE_1375_length_2912_cov_5.366607	1	2912	882	2912	100	42.7194	35.3	59.1
GC1003827_F08_NODE_1376_length_2912_cov_4.132855	1	2912	645	2912	100	31.2339	35.8	58.2
GC1003827_F08_NODE_1377_length_2910_cov_10.982393	1	2910	1809	2910	100	83.4244	35.6	54.7
GC1003827_F08_NODE_1378_length_2908_cov_10.332255	1	2908	1853	2908	100	89.186	35.8	59.1
GC1003827_F08_NODE_1379_length_2906_cov_2.752069	1	2906	653	2906	100	26.9374	35.5	49
GC1003827_F08_NODE_1380_length_2904_cov_18.640259	1	2904	3074	2902	99.9311	147.527	35.7	58.2
GC1003827_F08_NODE_1381_length_2904_cov_10.553475	1	2904	1734	2904	100	83.3939	35.5	59.3
GC1003827_F08_NODE_1382_length_2904_cov_8.789701	1	2904	1581	2901	99.8967	73.0207	35.7	57.3
GC1003827_F08_NODE_1383_length_2903_cov_13.529179	1	2903	2173	2903	100	106.379	35.5	59.2
GC1003827_F08_NODE_1384_length_2902_cov_8.664144	1	2902	1378	2902	100	67.4452	35.7	59.3
GC1003827_F08_NODE_1385_length_2902_cov_7.078198	1	2902	1304	2902	100	60.1971	35.6	57.6
GC1003827_F08_NODE_1386_length_2900_cov_9.271547	1	2900	1593	2900	100	74.8686	35.4	57.2
GC1003827_F08_NODE_1387_length_2899_cov_8.114719	1	2899	1585	2899	100	72.2625	35.2	56.3
GC1003827_F08_NODE_1388_length_2898_cov_2.410682	1	2898	450	2898	100	20.4044	35.6	56.1
GC1003827_F08_NODE_1389_length_2897_cov_10.836823	1	2897	1736	2897	100	83.9313	35.5	57.9
GC1003827_F08_NODE_1390_length_2897_cov_5.386643	1	2897	1204	2897	100	52.6959	35.3	55.7
GC1003827_F08_NODE_1391_length_2897_cov_3.490975	1	2897	500	2897	100	24.8964	35.3	58.9
GC1003827_F08_NODE_1392_length_2896_cov_8.979415	1	2896	1761	2886	99.6547	78.9216	35.4	55.5
GC1003827_F08_NODE_1393_length_2896_cov_4.298303	1	2896	659	2896	100	32.5525	35.2	59.1
GC1003827_F08_NODE_1394_length_2895_cov_8.181358	1	2895	1410	2895	100	66.7568	35.4	57.7
GC1003827_F08_NODE_1395_length_2894_cov_7.090712	1	2894	1143	2884	99.6545	55.7571	35.5	59.1
GC1003827_F08_NODE_1396_length_2893_cov_19.524946	1	2893	3881	2893	100	185.434	35.4	58.3
GC1003827_F08_NODE_1397_length_2893_cov_4.321041	1	2893	702	2892	99.9654	34.4034	35.6	59.1
GC1003827_F08_NODE_1398_length_2892_cov_9.133454	1	2892	1549	2888	99.8617	73.4793	35.5	58
GC1003827_F08_NODE_1399_length_2892_cov_6.990597	1	2892	1448	2892	100	64.0225	35.6	54
GC1003827_F08_NODE_1400_length_2889_cov_9.833092	1	2889	1803	2889	100	83.8145	35.5	57
GC1003827_F08_NODE_1401_length_2888_cov_6.246288	1	2888	1016	2888	100	49.7722	35.6	59.3
GC1003827_F08_NODE_1402_length_2885_cov_6.564540	1	2885	1220	2885	100	56.9976	35.6	57.3
GC1003827_F08_NODE_1403_length_2885_cov_3.933285	1	2885	659	2885	100	31.1366	35.8	57.6
GC1003827_F08_NODE_1404_length_2885_cov_3.474982	1	2885	485	2880	99.8267	24.1466	35.8	59
GC1003827_F08_NODE_1405_length_2884_cov_14.100472	1	2884	2626	2884	100	124.005	35.4	57.7
GC1003827_F08_NODE_1406_length_2884_cov_5.869423	1	2884	1392	2876	99.7226	62.9539	35.3	56.7
GC1003827_F08_NODE_1407_length_2883_cov_7.833454	1	2883	1794	2883	100	75.5446	35.3	48.1
GC1003827_F08_NODE_1408_length_2883_cov_5.976778	1	2883	1186	2883	100	54.9105	35.7	58
GC1003827_F08_NODE_1409_length_2882_cov_6.003993	1	2882	1089	2874	99.7224	51.4108	35.6	58.1
GC1003827_F08_NODE_1410_length_2882_cov_5.038475	1	2882	961	2869	99.5489	45.2998	35.5	57.9
GC1003827_F08_NODE_1411_length_2880_cov_4.173992	1	2880	682	2880	100	33.0806	35.6	58
GC1003827_F08_NODE_1412_length_2879_cov_8.397166	1	2879	1268	2879	100	62.6589	35.7	59.1
GC1003827_F08_NODE_1413_length_2879_cov_6.371366	1	2879	1062	2879	100	51.0306	35.6	58.4
GC1003827_F08_NODE_1414_length_2879_cov_5.139535	1	2879	786	2879	100	38.0841	35.3	56.9
GC1003827_F08_NODE_1415_length_2878_cov_6.152672	1	2878	2480	2878	100	85.7307	35.1	28.9
GC1003827_F08_NODE_1416_length_2877_cov_11.592364	1	2877	1999	2877	100	94.601	35.4	57.2
GC1003827_F08_NODE_1417_length_2877_cov_10.995273	1	2877	1736	2877	100	85.8992	35.7	59.3
GC1003827_F08_NODE_1418_length_2877_cov_8.093455	1	2877	1484	2867	99.6524	70.2833	35.4	57.4
GC1003827_F08_NODE_1419_length_2875_cov_7.211790	1	2875	1186	2875	100	56.5951	35.6	58.3
GC1003827_F08_NODE_1420_length_2875_cov_6.603348	1	2875	1207	2875	100	56.9148	35.5	58.2
GC1003827_F08_NODE_1421_length_2875_cov_2.621543	1	2875	478	2875	100	22.9078	35.5	58.7
GC1003827_F08_NODE_1422_length_2874_cov_9.975610	1	2874	1925	2864	99.6521	88.8267	35.5	56.9
GC1003827_F08_NODE_1423_length_2872_cov_9.588707	1	2872	1534	2872	100	75.4652	35.6	59
GC1003827_F08_NODE_1424_length_2870_cov_7.921619	1	2870	1211	2868	99.9303	59.9164	35.5	58.7
GC1003827_F08_NODE_1425_length_2869_cov_5.861050	1	2869	907	2869	100	44.7682	35.5	59
GC1003827_F08_NODE_1426_length_2869_cov_2.060904	1	2869	321	2865	99.8606	16.0244	35.8	59.2
GC1003827_F08_NODE_1427_length_2867_cov_6.878832	1	2867	1753	2867	100	73.384	35.4	49
GC1003827_F08_NODE_1428_length_2867_cov_3.252920	1	2867	516	2865	99.9302	25.113	35.4	58.2
GC1003827_F08_NODE_1429_length_2865_cov_2.830898	1	2865	597	2865	100	27.1487	34.7	55.3
GC1003827_F08_NODE_1430_length_2864_cov_12.573986	1	2864	2224	2864	100	100.275	35.5	51.1
GC1003827_F08_NODE_1431_length_2864_cov_8.004019	1	2864	1284	2864	100	63.411	35.7	59.1
GC1003827_F08_NODE_1432_length_2864_cov_3.067227	1	2864	444	2864	100	21.9417	35.4	58.7
GC1003827_F08_NODE_1433_length_2863_cov_7.751827	1	2863	1818	2863	100	80.78	35.3	54.7
GC1003827_F08_NODE_1434_length_2862_cov_7.889214	1	2862	2924	2862	100	133.391	34.7	53.4
GC1003827_F08_NODE_1435_length_2861_cov_5.435260	1	2861	1214	2854	99.7553	54.4642	35.3	56.6
GC1003827_F08_NODE_1436_length_2861_cov_3.912582	1	2861	775	2860	99.965	35.8665	35.3	56.6
GC1003827_F08_NODE_1437_length_2860_cov_13.721917	1	2860	2407	2860	100	114.006	35.8	57.5
GC1003827_F08_NODE_1438_length_2860_cov_7.767655	1	2860	1428	2860	100	66.2213	35.6	57.5
GC1003827_F08_NODE_1439_length_2860_cov_7.115990	1	2860	1454	2860	100	70.0231	35.7	51.3
GC1003827_F08_NODE_1440_length_2859_cov_2.864934	1	2859	646	2859	100	29.7258	34.9	57.2
GC1003827_F08_NODE_1441_length_2858_cov_9.041377	1	2858	1310	2855	99.895	65.8649	35.6	59.2
GC1003827_F08_NODE_1442_length_2857_cov_3.282418	1	2857	573	2857	100	27.0641	35.6	57.8
GC1003827_F08_NODE_1443_length_2856_cov_5.548919	1	2856	872	2856	100	43.0945	35.4	58.6
GC1003827_F08_NODE_1444_length_2856_cov_5.224624	1	2856	913	2846	99.6499	43.0949	35.3	55.2
GC1003827_F08_NODE_1445_length_2855_cov_7.731672	1	2855	1224	2855	100	60.8602	35.8	59.1
GC1003827_F08_NODE_1446_length_2855_cov_6.839809	1	2855	1091	2855	100	53.786	35.5	59
GC1003827_F08_NODE_1447_length_2855_cov_5.958944	1	2855	1198	2855	100	57.014	35.7	57
GC1003827_F08_NODE_1448_length_2854_cov_9.675834	1	2854	1871	2853	99.965	85.6468	35.7	56
GC1003827_F08_NODE_1449_length_2853_cov_6.253118	1	2853	1014	2853	100	49.6688	35.4	58.3
GC1003827_F08_NODE_1450_length_2852_cov_9.273394	1	2852	1661	2848	99.8597	79.2745	35.4	58
GC1003827_F08_NODE_1451_length_2852_cov_7.035596	1	2852	1964	2852	100	85.5337	35.7	54
GC1003827_F08_NODE_1452_length_2852_cov_6.082569	1	2852	1245	2852	100	57.298	35.4	56
GC1003827_F08_NODE_1453_length_2852_cov_3.564404	1	2852	550	2852	100	27.7489	35.9	59.4
GC1003827_F08_NODE_1454_length_2851_cov_3.513950	1	2851	780	2851	100	30.8643	35.2	41.5
GC1003827_F08_NODE_1455_length_2850_cov_8.780022	1	2850	1902	2850	100	83.074	35.3	51.5
GC1003827_F08_NODE_1456_length_2850_cov_2.785531	1	2850	398	2850	100	20.2018	35.3	59.4
GC1003827_F08_NODE_1457_length_2849_cov_10.629317	1	2849	1774	2849	100	88.2976	35.7	59.2
GC1003827_F08_NODE_1458_length_2849_cov_6.609111	1	2849	1124	2849	100	54.2436	35.7	58.1
GC1003827_F08_NODE_1459_length_2849_cov_3.865907	1	2849	1010	2839	99.649	37.173	35.4	41
GC1003827_F08_NODE_1460_length_2848_cov_3.368614	1	2848	555	2848	100	27.2307	35.8	58.1
GC1003827_F08_NODE_1461_length_2848_cov_3.261669	1	2848	608	2848	100	27.4456	35.5	55.2
GC1003827_F08_NODE_1462_length_2847_cov_3.667279	1	2847	630	2847	100	30.6038	35.5	58.6
GC1003827_F08_NODE_1463_length_2846_cov_2.518573	1	2846	389	2846	100	19.5355	35.7	59.3
GC1003827_F08_NODE_1464_length_2844_cov_2.874862	1	2844	630	2844	100	28.7184	35.4	56.7
GC1003827_F08_NODE_1465_length_2843_cov_12.860457	1	2843	2177	2843	100	106.152	35.5	58.5
GC1003827_F08_NODE_1466_length_2843_cov_3.607511	1	2843	659	2843	100	30.8386	35.2	58
GC1003827_F08_NODE_1467_length_2841_cov_2.910096	1	2841	2486	2831	99.648	81.5354	34	20.2
GC1003827_F08_NODE_1468_length_2840_cov_10.265389	1	2840	1807	2840	100	86.3106	35.5	57.9
GC1003827_F08_NODE_1469_length_2839_cov_8.522861	1	2839	1442	2830	99.683	70.3748	35.5	58.5
GC1003827_F08_NODE_1470_length_2839_cov_6.372050	1	2839	968	2839	100	48.7612	35.5	59.2
GC1003827_F08_NODE_1471_length_2839_cov_2.489676	1	2839	575	2839	100	25.4283	35.4	54.8
GC1003827_F08_NODE_1472_length_2838_cov_9.940243	1	2838	2038	2838	100	93.3037	35.4	55.6
GC1003827_F08_NODE_1473_length_2837_cov_8.585609	1	2837	1401	2837	100	68.7882	35.7	58.7
GC1003827_F08_NODE_1474_length_2837_cov_3.517712	1	2837	593	2837	100	28.7229	35.5	58.5
GC1003827_F08_NODE_1475_length_2833_cov_5.209534	1	2833	910	2833	100	43.7773	35.5	57.7
GC1003827_F08_NODE_1476_length_2833_cov_2.140798	1	2833	430	2833	100	19.9672	35.8	58
GC1003827_F08_NODE_1477_length_2831_cov_9.751849	1	2831	1438	2831	100	72.7421	35.5	59.2
GC1003827_F08_NODE_1478_length_2831_cov_5.342456	1	2831	1541	2830	99.9647	64.8375	35.1	53.8
GC1003827_F08_NODE_1479_length_2830_cov_5.849057	1	2830	951	2830	100	46.4781	35.6	58.9
GC1003827_F08_NODE_1480_length_2830_cov_5.502035	1	2830	1288	2830	100	56.7269	35.7	55.7
GC1003827_F08_NODE_1481_length_2830_cov_1.394007	1	2830	202	2820	99.6466	10.1622	35.7	58.4
GC1003827_F08_NODE_1482_length_2829_cov_7.577350	1	2829	1153	2829	100	58.5698	35.5	59.2
GC1003827_F08_NODE_1483_length_2827_cov_4.731852	1	2827	718	2825	99.9293	35.4089	35.3	58.5
GC1003827_F08_NODE_1484_length_2826_cov_8.530196	1	2826	1337	2826	100	67.3666	35.5	59.4
GC1003827_F08_NODE_1485_length_2826_cov_8.044090	1	2826	1283	2826	100	62.2247	35.6	58.4
GC1003827_F08_NODE_1486_length_2826_cov_4.594665	1	2826	830	2825	99.9646	39.6727	35.4	57.8
GC1003827_F08_NODE_1487_length_2825_cov_6.455893	1	2825	1187	2825	100	56.3781	35.6	58
GC1003827_F08_NODE_1488_length_2825_cov_6.214603	1	2825	1323	2825	100	58.68	34.9	49.6
GC1003827_F08_NODE_1489_length_2825_cov_2.920682	1	2825	529	2825	100	24.3232	36	55.8
GC1003827_F08_NODE_1490_length_2824_cov_10.297738	1	2824	2245	2824	100	101.586	35.5	56.3
GC1003827_F08_NODE_1491_length_2824_cov_3.525399	1	2824	765	2824	100	35.4632	35.6	56.9
GC1003827_F08_NODE_1492_length_2822_cov_8.066419	1	2822	1303	2822	100	64.0418	35.5	58.2
GC1003827_F08_NODE_1493_length_2822_cov_7.266790	1	2822	1133	2822	100	56.2849	35.8	58.4
GC1003827_F08_NODE_1494_length_2822_cov_4.164378	1	2822	969	2822	100	42.5748	34.9	52.9
GC1003827_F08_NODE_1495_length_2822_cov_3.138033	1	2822	745	2822	100	30.5769	35.3	49.4
GC1003827_F08_NODE_1496_length_2821_cov_7.545286	1	2821	1172	2821	100	57.3701	35.5	58.7
GC1003827_F08_NODE_1497_length_2821_cov_3.948033	1	2821	635	2821	100	30.525	35.5	56.4
GC1003827_F08_NODE_1498_length_2819_cov_9.850297	1	2819	1736	2819	100	84.8844	35.4	58.4
GC1003827_F08_NODE_1499_length_2819_cov_3.052006	1	2819	655	2819	100	29.503	35.2	54.2
GC1003827_F08_NODE_1500_length_2817_cov_1.669888	1	2817	265	2817	100	13.4224	35.8	58.7
GC1003827_F08_NODE_1501_length_2817_cov_1.487732	1	2817	277	2817	100	13.2457	35.8	57.4
GC1003827_F08_NODE_1502_length_2816_cov_4.818892	1	2816	715	2816	100	36.239	35.5	58.6
GC1003827_F08_NODE_1503_length_2816_cov_3.556341	1	2816	556	2816	100	27.5064	35.5	58.7
GC1003827_F08_NODE_1504_length_2816_cov_3.101897	1	2816	479	2816	100	24.2734	35.5	58.9
GC1003827_F08_NODE_1505_length_2815_cov_6.028646	1	2815	1022	2801	99.5027	50.6863	35.6	58.6
GC1003827_F08_NODE_1506_length_2814_cov_4.649795	1	2814	769	2814	100	37.5668	35.6	57.3
GC1003827_F08_NODE_1507_length_2811_cov_4.008197	1	2811	681	2811	100	32.5379	35.5	56.4
GC1003827_F08_NODE_1508_length_2810_cov_7.310846	1	2810	1754	2810	100	74.7107	35.5	55
GC1003827_F08_NODE_1509_length_2809_cov_7.374720	1	2809	1359	2807	99.9288	65.3147	35.4	57.4
GC1003827_F08_NODE_1510_length_2809_cov_6.946309	1	2809	1485	2809	100	63.497	35.4	48.3
GC1003827_F08_NODE_1511_length_2808_cov_6.418501	1	2808	1123	2808	100	55.3821	35.4	58.7
GC1003827_F08_NODE_1512_length_2808_cov_4.585229	1	2808	1095	2808	100	42.8565	35.3	40
GC1003827_F08_NODE_1513_length_2807_cov_14.888060	1	2807	2545	2807	100	124.777	35.5	57.8
GC1003827_F08_NODE_1514_length_2807_cov_6.446642	1	2807	1038	2807	100	51.4225	35.7	58.6
GC1003827_F08_NODE_1515_length_2807_cov_6.144403	1	2807	967	2807	100	48.9498	35.6	59.2
GC1003827_F08_NODE_1516_length_2807_cov_3.221642	1	2807	535	2806	99.9644	26.653	35.5	59.1
GC1003827_F08_NODE_1517_length_2807_cov_2.439179	1	2807	528	2807	100	23.1126	35.6	54.1
GC1003827_F08_NODE_1518_length_2806_cov_6.197088	1	2806	1160	2805	99.9644	55.1668	35.7	56.9
GC1003827_F08_NODE_1519_length_2806_cov_2.592758	1	2806	430	2806	100	21.1033	35.7	57.6
GC1003827_F08_NODE_1520_length_2805_cov_9.223674	1	2805	1612	2805	100	78.4763	35.5	57.8
GC1003827_F08_NODE_1521_length_2803_cov_7.528401	1	2803	1353	2803	100	64.969	35.3	57.2
GC1003827_F08_NODE_1522_length_2803_cov_3.926383	1	2803	548	2803	100	28.0392	35.4	59.1
GC1003827_F08_NODE_1523_length_2802_cov_68.641495	1	2802	6121	2802	100	301.357	35.7	42.2
GC1003827_F08_NODE_1524_length_2802_cov_5.966355	1	2802	1352	2802	100	59.56	35.2	53.3
GC1003827_F08_NODE_1525_length_2802_cov_5.425794	1	2802	881	2802	100	43.4861	35.6	58.9
GC1003827_F08_NODE_1526_length_2801_cov_3.112565	1	2801	641	2792	99.6787	30.4152	35.2	57.2
GC1003827_F08_NODE_1527_length_2800_cov_6.213618	1	2800	1031	2800	100	51.6871	35.4	58.8
GC1003827_F08_NODE_1528_length_2800_cov_4.641601	1	2800	704	2798	99.9286	35.5529	35.4	58.9
GC1003827_F08_NODE_1529_length_2799_cov_5.993638	1	2799	867	2799	100	44.8542	35.6	59.6
GC1003827_F08_NODE_1530_length_2799_cov_5.831961	1	2799	1171	2799	100	55.1779	35.6	57.7
GC1003827_F08_NODE_1531_length_2799_cov_3.689371	1	2799	581	2799	100	30.01	35.4	59.2
GC1003827_F08_NODE_1532_length_2799_cov_2.850299	1	2799	466	2799	100	22.5652	35.7	58.8
GC1003827_F08_NODE_1533_length_2799_cov_2.540045	1	2799	526	2799	100	24.2958	35.4	55.7
GC1003827_F08_NODE_1534_length_2798_cov_15.854736	1	2798	10421	2798	100	392.759	34.4	29.6
GC1003827_F08_NODE_1535_length_2798_cov_3.237364	1	2798	583	2798	100	28.7237	35.5	59
GC1003827_F08_NODE_1536_length_2797_cov_8.683895	1	2797	1275	2795	99.9285	64.5517	35.5	58.4
GC1003827_F08_NODE_1537_length_2797_cov_4.104869	1	2797	575	2797	100	29.5906	35.4	59.3
GC1003827_F08_NODE_1538_length_2797_cov_2.946067	1	2797	432	2797	100	21.9725	35.5	59
GC1003827_F08_NODE_1539_length_2796_cov_3.173099	1	2796	783	2796	100	34.4782	35.4	55.1
GC1003827_F08_NODE_1540_length_2795_cov_8.111694	1	2795	1515	2795	100	73.3814	35.3	57.5
GC1003827_F08_NODE_1541_length_2794_cov_8.901387	1	2794	1821	2794	100	85.3178	35.4	56.3
GC1003827_F08_NODE_1542_length_2794_cov_4.990251	1	2794	857	2794	100	40.7459	35.4	55.1
GC1003827_F08_NODE_1543_length_2793_cov_7.108402	1	2793	1271	2790	99.8926	59.8138	35.7	57.4
GC1003827_F08_NODE_1544_length_2793_cov_1.670668	1	2793	633	2793	100	22.0809	35.7	41.8
GC1003827_F08_NODE_1545_length_2792_cov_12.314071	1	2792	2044	2792	100	100.734	35.6	58.1
GC1003827_F08_NODE_1546_length_2792_cov_9.582364	1	2792	1482	2792	100	73.7704	35.5	58.1
GC1003827_F08_NODE_1547_length_2792_cov_2.071670	1	2792	457	2792	100	21.024	35.4	55.7
GC1003827_F08_NODE_1548_length_2790_cov_7.232069	1	2790	1113	2787	99.8925	56.467	35.6	59.3
GC1003827_F08_NODE_1549_length_2790_cov_5.858430	1	2790	1512	2790	100	65.0903	35.5	58.1
GC1003827_F08_NODE_1550_length_2789_cov_11.297521	1	2789	2049	2789	100	97.0452	35.4	55.6
GC1003827_F08_NODE_1551_length_2789_cov_3.796769	1	2789	621	2789	100	30.8745	35.6	58.4
GC1003827_F08_NODE_1552_length_2788_cov_3.834649	1	2788	597	2788	100	30.5373	35.5	59.5
GC1003827_F08_NODE_1553_length_2788_cov_3.672304	1	2788	537	2788	100	27.085	35.6	58.8
GC1003827_F08_NODE_1554_length_2787_cov_9.845113	1	2787	1785	2787	100	84.7714	35.5	56.3
GC1003827_F08_NODE_1555_length_2787_cov_2.704135	1	2787	841	2787	100	36.2519	34.9	52.2
GC1003827_F08_NODE_1556_length_2786_cov_7.851072	1	2786	1147	2783	99.8923	58.7276	35.6	59.1
GC1003827_F08_NODE_1557_length_2786_cov_4.237307	1	2786	618	2780	99.7846	32.107	35.7	59.5
GC1003827_F08_NODE_1558_length_2785_cov_3.888262	1	2785	708	2783	99.9282	34.0969	35.5	58.5
GC1003827_F08_NODE_1559_length_2785_cov_3.843115	1	2785	563	2785	100	28.9494	35.6	59.6
GC1003827_F08_NODE_1560_length_2785_cov_3.483446	1	2785	507	2785	100	25.9968	35.4	59.6
GC1003827_F08_NODE_1561_length_2783_cov_13.682229	1	2783	2112	2783	100	107.237	35.4	59.1
GC1003827_F08_NODE_1562_length_2783_cov_8.554217	1	2783	1483	2783	100	73.2928	35.2	58.5
GC1003827_F08_NODE_1563_length_2782_cov_4.751036	1	2782	739	2782	100	37.3012	35.8	59.1
GC1003827_F08_NODE_1564_length_2782_cov_3.642185	1	2782	909	2782	100	38.6898	35.5	51.8
GC1003827_F08_NODE_1565_length_2781_cov_6.311228	1	2781	968	2781	100	49.2603	35.8	59
GC1003827_F08_NODE_1566_length_2781_cov_5.316503	1	2781	934	2780	99.964	43.1762	35.6	52.2
GC1003827_F08_NODE_1567_length_2780_cov_15.138711	1	2780	2264	2780	100	114.896	35.7	58.9
GC1003827_F08_NODE_1568_length_2780_cov_7.120995	1	2780	1157	2780	100	58.2453	35.8	59.1
GC1003827_F08_NODE_1569_length_2780_cov_5.287222	1	2780	839	2780	100	42.2867	35.7	58.9
GC1003827_F08_NODE_1570_length_2776_cov_10.010948	1	2776	1654	2776	100	83.9784	35.6	59.1
GC1003827_F08_NODE_1571_length_2776_cov_5.520951	1	2776	951	2773	99.8919	48.1131	35.9	58.8
GC1003827_F08_NODE_1572_length_2776_cov_2.693847	1	2776	590	2776	100	25.4009	35.6	55.1
GC1003827_F08_NODE_1573_length_2775_cov_18.148414	1	2775	3254	2772	99.8919	159.611	35.8	57.1
GC1003827_F08_NODE_1574_length_2775_cov_12.215634	1	2775	2472	2773	99.9279	116.565	35.4	56.4
GC1003827_F08_NODE_1575_length_2775_cov_11.671073	1	2775	2219	2775	100	104.338	35.6	55.3
GC1003827_F08_NODE_1576_length_2774_cov_6.052512	1	2774	1020	2774	100	50.1244	35.5	58.6
GC1003827_F08_NODE_1577_length_2773_cov_13.499244	1	2773	2438	2773	100	119.188	35.4	57.9
GC1003827_F08_NODE_1578_length_2773_cov_10.104686	1	2773	1593	2773	100	80.066	35.6	57.7
GC1003827_F08_NODE_1579_length_2772_cov_13.815501	1	2772	2364	2772	100	116.824	35.5	58
GC1003827_F08_NODE_1580_length_2770_cov_12.769202	1	2770	2374	2770	100	117.183	35.4	58.2
GC1003827_F08_NODE_1581_length_2770_cov_8.447976	1	2770	1736	2770	100	81.7242	35.4	56.9
GC1003827_F08_NODE_1582_length_2770_cov_6.481271	1	2770	5649	2770	100	127.569	34.8	10.4
GC1003827_F08_NODE_1583_length_2769_cov_11.786147	1	2769	1855	2769	100	94.4619	35.7	58.9
GC1003827_F08_NODE_1584_length_2769_cov_5.267222	1	2769	894	2769	100	43.2864	35.4	57.7
GC1003827_F08_NODE_1585_length_2768_cov_16.414237	1	2768	2925	2768	100	141.995	35.7	56.8
GC1003827_F08_NODE_1586_length_2768_cov_4.275653	1	2768	741	2768	100	35.1821	35.7	56.1
GC1003827_F08_NODE_1587_length_2767_cov_6.617424	1	2767	1131	2767	100	55.9349	35.1	56.3
GC1003827_F08_NODE_1588_length_2767_cov_6.299242	1	2767	1095	2767	100	53.6119	35.6	57.7
GC1003827_F08_NODE_1589_length_2767_cov_5.634848	1	2767	1013	2767	100	47.7365	35.4	55
GC1003827_F08_NODE_1590_length_2764_cov_3.661737	1	2764	647	2764	100	30.3191	35.5	54.2
GC1003827_F08_NODE_1591_length_2764_cov_1.495639	1	2764	215	2764	100	10.9819	35.8	57.6
GC1003827_F08_NODE_1592_length_2763_cov_13.348255	1	2763	1923	2763	100	99.3246	35.6	59.1
GC1003827_F08_NODE_1593_length_2762_cov_16.956736	1	2762	3154	2760	99.9276	151.572	35.4	55.4
GC1003827_F08_NODE_1594_length_2762_cov_8.788994	1	2762	1429	2762	100	71.6322	35.5	58.3
GC1003827_F08_NODE_1595_length_2762_cov_5.212144	1	2762	1123	2762	100	52.8385	34.9	55
GC1003827_F08_NODE_1596_length_2761_cov_17.643888	1	2761	3338	2761	100	163.511	35.2	56.9
GC1003827_F08_NODE_1597_length_2760_cov_6.343335	1	2760	1158	2760	100	56.6344	35.6	58.1
GC1003827_F08_NODE_1598_length_2757_cov_5.852471	1	2757	1135	2757	100	54.2604	35.4	57.3
GC1003827_F08_NODE_1599_length_2756_cov_10.897299	1	2756	1872	2756	100	93.4655	35.5	58.7
GC1003827_F08_NODE_1600_length_2756_cov_6.152910	1	2756	998	2756	100	48.9086	35.5	55.8
GC1003827_F08_NODE_1601_length_2755_cov_2.734399	1	2755	580	2755	100	23.5764	35.5	47.1
GC1003827_F08_NODE_1602_length_2754_cov_6.389037	1	2754	1270	2751	99.8911	59.6543	35.6	56.1
GC1003827_F08_NODE_1603_length_2754_cov_4.006091	1	2754	1324	2754	100	62.7505	34.9	48.9
GC1003827_F08_NODE_1604_length_2753_cov_2.695735	1	2753	486	2753	100	21.8925	35.7	53.6
GC1003827_F08_NODE_1605_length_2752_cov_7.736000	1	2752	1324	2752	100	64.0273	35.3	57.4
GC1003827_F08_NODE_1606_length_2752_cov_4.987048	1	2752	756	2752	100	38.5265	35.6	59.2
GC1003827_F08_NODE_1607_length_2752_cov_4.124571	1	2752	703	2752	100	33.9153	35.5	56.6
GC1003827_F08_NODE_1608_length_2752_cov_2.552381	1	2752	449	2752	100	23.133	35.6	59.4
GC1003827_F08_NODE_1609_length_2751_cov_10.218750	1	2751	1736	2751	100	86.643	35.7	58.7
GC1003827_F08_NODE_1610_length_2750_cov_4.226077	1	2750	1202	2750	100	42.5338	33.7	34.9
GC1003827_F08_NODE_1611_length_2749_cov_6.934020	1	2749	1167	2749	100	58.9709	35.8	58.7
GC1003827_F08_NODE_1612_length_2748_cov_8.384205	1	2748	1281	2746	99.9272	65.7573	35.4	59.1
GC1003827_F08_NODE_1613_length_2748_cov_7.221290	1	2748	1519	2747	99.9636	70.2787	35.3	53
GC1003827_F08_NODE_1614_length_2745_cov_3.880825	1	2745	800	2745	100	37.6386	35.6	55.6
GC1003827_F08_NODE_1615_length_2744_cov_9.289263	1	2744	1943	2744	100	91.1166	35.6	56.4
GC1003827_F08_NODE_1616_length_2743_cov_24.732416	1	2743	3882	2743	100	193.067	35.6	55.9
GC1003827_F08_NODE_1617_length_2743_cov_10.897171	1	2743	2215	2743	100	104.916	35	54.5
GC1003827_F08_NODE_1618_length_2743_cov_7.470948	1	2743	1502	2742	99.9635	69.0303	35.1	53.1
GC1003827_F08_NODE_1619_length_2743_cov_4.718654	1	2743	758	2743	100	38.6919	35.7	58.5
GC1003827_F08_NODE_1620_length_2743_cov_2.584480	1	2743	379	2743	100	19.914	35.6	59.3
GC1003827_F08_NODE_1621_length_2742_cov_11.787763	1	2742	1840	2740	99.9271	94.3483	35.6	58.9
GC1003827_F08_NODE_1622_length_2741_cov_8.854629	1	2741	1511	2741	100	75.5057	35.8	57.7
GC1003827_F08_NODE_1623_length_2739_cov_11.386294	1	2739	1845	2739	100	91.2147	35.6	58.2
GC1003827_F08_NODE_1624_length_2739_cov_4.608346	1	2739	787	2739	100	38.762	35.3	56.3
GC1003827_F08_NODE_1625_length_2737_cov_6.171648	1	2737	1236	2737	100	57.0194	35.4	51.8
GC1003827_F08_NODE_1626_length_2736_cov_6.158681	1	2736	1168	2736	100	57.5128	35.5	56.5
GC1003827_F08_NODE_1627_length_2736_cov_3.742430	1	2736	912	2736	100	43.0647	34.9	54.3
GC1003827_F08_NODE_1628_length_2735_cov_13.576687	1	2735	2107	2735	100	108.464	35.8	58.9
GC1003827_F08_NODE_1629_length_2735_cov_7.389571	1	2735	1068	2735	100	54.4607	35.5	56.9
GC1003827_F08_NODE_1630_length_2735_cov_4.733512	1	2735	675	2735	100	35.0936	35.4	58.7
GC1003827_F08_NODE_1631_length_2732_cov_1.677543	1	2732	381	2732	100	17.8485	35.3	56.4
GC1003827_F08_NODE_1632_length_2731_cov_11.166667	1	2731	2227	2731	100	108.097	35.3	57.2
GC1003827_F08_NODE_1633_length_2728_cov_2.519416	1	2728	475	2728	100	22.4446	35.5	56.8
GC1003827_F08_NODE_1634_length_2727_cov_2.456154	1	2727	498	2726	99.9633	23.6593	35.3	56.6
GC1003827_F08_NODE_1635_length_2726_cov_16.212005	1	2726	2774	2726	100	137.274	35.4	56.5
GC1003827_F08_NODE_1636_length_2724_cov_5.058914	1	2724	996	2724	100	45.4824	35.6	54.8
GC1003827_F08_NODE_1637_length_2724_cov_3.760878	1	2724	506	2724	100	27.1329	35.6	59.7
GC1003827_F08_NODE_1638_length_2722_cov_3.757611	1	2722	715	2721	99.9633	34.8068	35.5	57.4
GC1003827_F08_NODE_1639_length_2722_cov_1.792678	1	2722	297	2722	100	14.7682	35.6	57.4
GC1003827_F08_NODE_1640_length_2721_cov_2.198921	1	2721	391	2720	99.9632	17.8148	35.8	51.3
GC1003827_F08_NODE_1641_length_2719_cov_12.383102	1	2719	2178	2719	100	108.398	35.6	57.6
GC1003827_F08_NODE_1642_length_2718_cov_7.708221	1	2718	1225	2718	100	61.5066	35.6	56.5
GC1003827_F08_NODE_1643_length_2718_cov_5.944809	1	2718	879	2718	100	45.5265	35.6	58.4
GC1003827_F08_NODE_1644_length_2718_cov_1.566577	1	2718	291	2718	100	14.9868	35.6	58.2
GC1003827_F08_NODE_1645_length_2717_cov_12.638996	1	2717	1799	2717	100	94.4284	35.6	58.8
GC1003827_F08_NODE_1646_length_2717_cov_2.969112	1	2717	438	2717	100	23.0696	35.6	59.6
GC1003827_F08_NODE_1647_length_2715_cov_6.233385	1	2715	1178	2715	100	56.0899	35.2	55.4
GC1003827_F08_NODE_1648_length_2715_cov_2.256955	1	2715	387	2714	99.9632	19.681	35.6	58.8
GC1003827_F08_NODE_1649_length_2714_cov_8.214148	1	2714	1407	2639	97.2366	68.6916	35.5	55.5
GC1003827_F08_NODE_1650_length_2714_cov_5.848087	1	2714	884	2714	100	45.1875	35.7	57.8
GC1003827_F08_NODE_1651_length_2714_cov_3.570932	1	2714	533	2705	99.6684	27.325	35.5	57.9
GC1003827_F08_NODE_1652_length_2713_cov_2.759474	1	2713	478	2713	100	23.3642	35.6	55.5
GC1003827_F08_NODE_1653_length_2712_cov_2.751644	1	2712	423	2712	100	21.9897	35.5	58.1
GC1003827_F08_NODE_1654_length_2711_cov_5.754257	1	2711	1018	2711	100	50.498	35.5	57.4
GC1003827_F08_NODE_1655_length_2711_cov_2.921440	1	2711	681	2711	100	31.9591	35	56.3
GC1003827_F08_NODE_1656_length_2710_cov_16.737902	1	2710	2982	2710	100	148.086	35.3	57.6
GC1003827_F08_NODE_1657_length_2710_cov_13.814170	1	2710	2222	2710	100	114.217	35.5	58.4
GC1003827_F08_NODE_1658_length_2710_cov_3.245838	1	2710	570	2710	100	28.3443	35.6	56.3
GC1003827_F08_NODE_1659_length_2708_cov_3.302983	1	2708	500	2708	100	25.7094	35.5	58.6
GC1003827_F08_NODE_1660_length_2706_cov_2.386972	1	2706	437	2706	100	20.9172	35.6	54.8
GC1003827_F08_NODE_1661_length_2706_cov_2.325708	1	2706	529	2706	100	24.99	35.6	55.2
GC1003827_F08_NODE_1662_length_2703_cov_3.926242	1	2703	577	2703	100	30.0329	35.4	58.8
GC1003827_F08_NODE_1663_length_2702_cov_3.059806	1	2702	488	2702	100	24.7605	35.3	56.7
GC1003827_F08_NODE_1664_length_2701_cov_3.986791	1	2701	647	2701	100	33.3091	35.8	58.2
GC1003827_F08_NODE_1665_length_2701_cov_3.572261	1	2701	503	2701	100	27.0167	35.6	59.5
GC1003827_F08_NODE_1666_length_2701_cov_2.715229	1	2701	608	2701	100	29.1281	34.9	56.8
GC1003827_F08_NODE_1667_length_2701_cov_2.547397	1	2701	389	2701	100	19.8078	35.7	56.4
GC1003827_F08_NODE_1668_length_2701_cov_2.337218	1	2701	404	2701	100	20.4595	35.4	59
GC1003827_F08_NODE_1669_length_2701_cov_1.490676	1	2701	317	2701	100	13.7793	35.5	51.5
GC1003827_F08_NODE_1670_length_2700_cov_10.372328	1	2700	2014	2700	100	97.8004	35.7	54.8
GC1003827_F08_NODE_1671_length_2699_cov_12.405521	1	2699	2249	2699	100	112.43	35.4	57.7
GC1003827_F08_NODE_1672_length_2697_cov_4.050973	1	2697	620	2697	100	32.5143	35.7	58.2
GC1003827_F08_NODE_1673_length_2697_cov_3.319066	1	2697	538	2697	100	26.9359	35.6	58.2
GC1003827_F08_NODE_1674_length_2696_cov_3.820942	1	2696	536	2696	100	28.6031	35.5	59.2
GC1003827_F08_NODE_1675_length_2695_cov_9.637072	1	2695	2904	2695	100	118.333	34.9	37
GC1003827_F08_NODE_1676_length_2695_cov_3.725467	1	2695	761	2695	100	37.9421	35.5	58.5
GC1003827_F08_NODE_1677_length_2695_cov_2.539330	1	2695	553	2695	100	25.1607	35.6	52.6
GC1003827_F08_NODE_1678_length_2693_cov_10.194466	1	2693	1572	2693	100	81.1808	35.6	58.5
GC1003827_F08_NODE_1679_length_2693_cov_4.143024	1	2693	643	2693	100	33.6268	35.3	59.2
GC1003827_F08_NODE_1680_length_2692_cov_12.772320	1	2692	2409	2692	100	122.313	35.3	57.6
GC1003827_F08_NODE_1681_length_2692_cov_12.148148	1	2692	2389	2688	99.8514	116.228	35.5	55.9
GC1003827_F08_NODE_1682_length_2692_cov_5.486550	1	2692	889	2692	100	45.4402	35.8	58
GC1003827_F08_NODE_1683_length_2691_cov_9.295242	1	2691	1933	2691	100	94.6719	34.8	56
GC1003827_F08_NODE_1684_length_2691_cov_5.336973	1	2691	1110	2691	100	51.6618	35.1	55.9
GC1003827_F08_NODE_1685_length_2691_cov_4.367785	1	2691	692	2691	100	34.0427	35.4	53.5
GC1003827_F08_NODE_1686_length_2690_cov_5.764729	1	2690	1084	2690	100	51.6268	35.7	54.7
GC1003827_F08_NODE_1687_length_2690_cov_4.367538	1	2690	805	2690	100	36.3796	35.5	49.9
GC1003827_F08_NODE_1688_length_2690_cov_3.851346	1	2690	610	2690	100	30.5762	35.6	57.2
GC1003827_F08_NODE_1689_length_2690_cov_2.292236	1	2690	480	2690	100	21.5814	35.3	55.5
GC1003827_F08_NODE_1690_length_2689_cov_6.930523	1	2689	1124	2686	99.8884	58.3998	35.6	58.7
GC1003827_F08_NODE_1691_length_2688_cov_15.411168	1	2688	2486	2686	99.9256	130.11	35.4	58.8
GC1003827_F08_NODE_1692_length_2688_cov_11.240531	1	2688	1648	2687	99.9628	87.5644	35.6	58.9
GC1003827_F08_NODE_1693_length_2688_cov_6.820383	1	2688	1001	2687	99.9628	52.5967	35.5	58.8
GC1003827_F08_NODE_1694_length_2687_cov_5.755859	1	2687	1084	2687	100	51.6807	35.4	56.9
GC1003827_F08_NODE_1695_length_2687_cov_4.695312	1	2687	700	2687	100	36.342	35.6	58.9
GC1003827_F08_NODE_1696_length_2687_cov_2.601172	1	2687	529	2687	100	25.4146	35.1	55.5
GC1003827_F08_NODE_1697_length_2686_cov_7.886674	1	2686	1136	2686	100	59.9892	35.5	59.1
GC1003827_F08_NODE_1698_length_2686_cov_7.626807	1	2686	2113	2686	100	92.6355	34.8	50
GC1003827_F08_NODE_1699_length_2686_cov_7.504494	1	2686	1234	2686	100	63.8194	35.5	58.3
GC1003827_F08_NODE_1700_length_2685_cov_3.929633	1	2685	816	2685	100	39.7773	35.3	57.3
GC1003827_F08_NODE_1701_length_2685_cov_3.475371	1	2685	567	2673	99.5531	28.7911	35.7	57.8
GC1003827_F08_NODE_1702_length_2685_cov_1.830336	1	2685	253	2684	99.9628	13.4089	35.5	59
GC1003827_F08_NODE_1703_length_2684_cov_8.019554	1	2684	1617	2684	100	77.9706	35.8	56.9
GC1003827_F08_NODE_1704_length_2684_cov_6.499413	1	2684	1009	2684	100	52.7224	35.7	58.8
GC1003827_F08_NODE_1705_length_2683_cov_6.214397	1	2683	915	2683	100	47.3634	35.8	58.2
GC1003827_F08_NODE_1706_length_2681_cov_7.310493	1	2681	1196	2681	100	60.11	35.6	55
GC1003827_F08_NODE_1707_length_2681_cov_2.961237	1	2681	481	2681	100	24.1988	35.5	56.1
GC1003827_F08_NODE_1708_length_2679_cov_14.476881	1	2679	2243	2679	100	112.991	35.8	56
GC1003827_F08_NODE_1709_length_2678_cov_4.317915	1	2678	734	2678	100	37.5273	35.5	55.9
GC1003827_F08_NODE_1710_length_2675_cov_8.751962	1	2675	1304	2675	100	68.028	35.6	57.6
GC1003827_F08_NODE_1711_length_2675_cov_6.462323	1	2675	1108	2675	100	55.8553	35.5	56.4
GC1003827_F08_NODE_1712_length_2674_cov_3.877896	1	2674	729	2674	100	34.1253	35.5	52
GC1003827_F08_NODE_1713_length_2673_cov_5.808720	1	2673	919	2673	100	46.7561	35.4	57.6
GC1003827_F08_NODE_1714_length_2673_cov_2.553024	1	2673	343	2673	100	18.5627	35.4	59.2
GC1003827_F08_NODE_1715_length_2671_cov_13.232704	1	2671	1933	2671	100	101.482	35.5	58.3
GC1003827_F08_NODE_1716_length_2671_cov_8.562500	1	2671	1743	2671	100	85.7428	35.5	57.6
GC1003827_F08_NODE_1717_length_2671_cov_7.170597	1	2671	1146	2671	100	59.2276	35.5	59
GC1003827_F08_NODE_1718_length_2671_cov_5.188679	1	2671	728	2671	100	38.9929	35.3	58.8
GC1003827_F08_NODE_1719_length_2671_cov_4.909198	1	2671	830	2671	100	40.517	35.7	54.5
GC1003827_F08_NODE_1720_length_2669_cov_10.695909	1	2669	1817	2666	99.8876	94.335	35.5	58.8
GC1003827_F08_NODE_1721_length_2669_cov_9.726593	1	2669	1841	2669	100	83.5867	35.5	47.9
GC1003827_F08_NODE_1722_length_2669_cov_7.858379	1	2669	1399	2669	100	71.5099	35.5	58.3
GC1003827_F08_NODE_1723_length_2669_cov_6.993312	1	2669	1399	2669	100	62.7711	35.5	48.8
GC1003827_F08_NODE_1724_length_2669_cov_5.156176	1	2669	805	2669	100	40.9595	35.5	57.6
GC1003827_F08_NODE_1725_length_2669_cov_3.486625	1	2669	616	2668	99.9625	30.5144	35.6	57.6
GC1003827_F08_NODE_1726_length_2668_cov_2.805195	1	2668	426	2668	100	21.7537	35.5	56.5
GC1003827_F08_NODE_1727_length_2666_cov_9.639622	1	2666	1848	2666	100	89.0221	35.6	51.4
GC1003827_F08_NODE_1728_length_2666_cov_7.803466	1	2666	1190	2666	100	62.3965	35.5	58.6
GC1003827_F08_NODE_1729_length_2666_cov_3.508468	1	2666	3000	2666	100	63.1669	34.4	10
GC1003827_F08_NODE_1730_length_2665_cov_10.173759	1	2665	1549	2665	100	81.4236	35.5	58.3
GC1003827_F08_NODE_1731_length_2664_cov_2.556563	1	2664	625	2664	100	27.5439	35.3	43.6
GC1003827_F08_NODE_1732_length_2661_cov_5.490134	1	2661	1178	2661	100	55.0259	35.3	56.3
GC1003827_F08_NODE_1733_length_2659_cov_2.375197	1	2659	451	2650	99.6615	22.7025	35.3	54.3
GC1003827_F08_NODE_1734_length_2658_cov_9.627025	1	2658	1439	2658	100	74.9274	35.6	58.2
GC1003827_F08_NODE_1735_length_2658_cov_0.741604	1	2658	805	2648	99.6238	24.3932	34	13.8
GC1003827_F08_NODE_1736_length_2657_cov_26.173518	1	2657	5365	2657	100	266.898	35.3	57.6
GC1003827_F08_NODE_1737_length_2657_cov_9.109486	1	2657	1489	2657	100	75.7478	35.8	57.3
GC1003827_F08_NODE_1738_length_2657_cov_5.862451	1	2657	1135	2657	100	49.6921	35.2	43.7
GC1003827_F08_NODE_1739_length_2656_cov_11.733096	1	2656	2188	2656	100	110.177	35.5	57.2
GC1003827_F08_NODE_1740_length_2655_cov_2.940665	1	2655	403	2655	100	21.8768	35.9	59.6
GC1003827_F08_NODE_1741_length_2655_cov_1.225079	1	2655	205	2655	100	9.62863	35.5	54.3
GC1003827_F08_NODE_1742_length_2654_cov_6.412742	1	2654	997	2654	100	53.0418	35.4	58.3
GC1003827_F08_NODE_1743_length_2654_cov_4.539375	1	2654	710	2654	100	35.8493	35.6	56.3
GC1003827_F08_NODE_1744_length_2651_cov_3.742076	1	2651	701	2651	100	33.3719	35.6	57.3
GC1003827_F08_NODE_1745_length_2650_cov_6.637337	1	2650	2520	2650	100	94.9928	34.7	31
GC1003827_F08_NODE_1746_length_2649_cov_5.450040	1	2649	914	2649	100	46.0355	35.6	53.9
GC1003827_F08_NODE_1747_length_2649_cov_3.005948	1	2649	759	2649	100	33.5187	35.2	48.5
GC1003827_F08_NODE_1748_length_2649_cov_2.636796	1	2649	1611	2639	99.6225	76.8894	34.9	37
GC1003827_F08_NODE_1749_length_2648_cov_1.411345	1	2648	454	2648	100	18.8032	35.2	57.3
GC1003827_F08_NODE_1750_length_2647_cov_2.322222	1	2647	477	2642	99.8111	22.4953	35.4	56.3
GC1003827_F08_NODE_1751_length_2646_cov_8.293767	1	2646	1868	2646	100	87.7729	34.8	51.3
GC1003827_F08_NODE_1752_length_2643_cov_12.985294	1	2643	2088	2643	100	108.316	35.6	57.2
GC1003827_F08_NODE_1753_length_2643_cov_3.200715	1	2643	670	2643	100	30.3243	35.7	48.9
GC1003827_F08_NODE_1754_length_2643_cov_1.475358	1	2643	275	2643	100	13.5498	34.9	54.7
GC1003827_F08_NODE_1755_length_2642_cov_16.113718	1	2642	2384	2642	100	127.131	35.5	59
GC1003827_F08_NODE_1756_length_2642_cov_4.579324	1	2642	858	2642	100	42.7801	35.6	55.7
GC1003827_F08_NODE_1757_length_2641_cov_8.293158	1	2641	1253	2641	100	67.3317	35.5	58.7
GC1003827_F08_NODE_1758_length_2640_cov_6.781934	1	2640	1008	2639	99.9621	53.3004	35.6	58.3
GC1003827_F08_NODE_1759_length_2639_cov_5.181927	1	2639	687	2637	99.9242	37.5896	35.6	59.5
GC1003827_F08_NODE_1760_length_2639_cov_3.887341	1	2639	724	2639	100	35.6476	35.9	56.4
GC1003827_F08_NODE_1761_length_2638_cov_6.074472	1	2638	1243	2638	100	56.6319	35.4	51.9
GC1003827_F08_NODE_1762_length_2638_cov_5.446037	1	2638	1488	2629	99.6588	56.1907	34.6	39.2
GC1003827_F08_NODE_1763_length_2637_cov_3.426295	1	2637	734	2637	100	34.7133	35.3	54.3
GC1003827_F08_NODE_1764_length_2637_cov_2.470120	1	2637	302	2637	100	16.8134	35.7	59.6
GC1003827_F08_NODE_1765_length_2636_cov_10.029892	1	2636	2047	2636	100	101.551	35.5	57.7
GC1003827_F08_NODE_1766_length_2636_cov_6.188920	1	2636	790	2636	100	43.2549	35.8	59.4
GC1003827_F08_NODE_1767_length_2635_cov_7.224482	1	2635	1084	2623	99.5446	57.2137	35.5	57.7
GC1003827_F08_NODE_1768_length_2635_cov_4.553030	1	2635	765	2635	100	38.5689	35.5	57.2
GC1003827_F08_NODE_1769_length_2635_cov_2.750797	1	2635	666	2635	100	26.2679	34.9	37.4
GC1003827_F08_NODE_1770_length_2633_cov_3.366321	1	2633	503	2630	99.8861	27.0573	35.6	59.1
GC1003827_F08_NODE_1771_length_2632_cov_7.147705	1	2632	1313	2632	100	64.5038	35.7	57.1
GC1003827_F08_NODE_1772_length_2632_cov_6.337325	1	2632	879	2632	100	46.9324	35.4	59
GC1003827_F08_NODE_1773_length_2632_cov_2.419960	1	2632	333	2632	100	18.155	35.2	59.4
GC1003827_F08_NODE_1774_length_2630_cov_10.297643	1	2630	1974	2630	100	98.4913	35.4	57.1
GC1003827_F08_NODE_1775_length_2630_cov_6.511386	1	2630	3848	2630	100	104.022	35.3	35.6
GC1003827_F08_NODE_1776_length_2625_cov_14.558447	1	2625	2071	2625	100	112.303	35.6	58.9
GC1003827_F08_NODE_1777_length_2625_cov_7.958367	1	2625	1245	2625	100	66.1665	35.7	58.3
GC1003827_F08_NODE_1778_length_2625_cov_6.001601	1	2625	816	2625	100	44.4381	35.5	59.6
GC1003827_F08_NODE_1779_length_2624_cov_6.074890	1	2624	1051	2622	99.9238	52.4188	35.3	56.1
GC1003827_F08_NODE_1780_length_2624_cov_1.733280	1	2624	478	2624	100	21.2195	34.9	54.7
GC1003827_F08_NODE_1781_length_2623_cov_2.624199	1	2623	453	2622	99.9619	22.5196	35.3	56.2
GC1003827_F08_NODE_1782_length_2622_cov_4.179559	1	2622	1393	2622	100	61.521	34.7	32.6
GC1003827_F08_NODE_1783_length_2621_cov_3.500802	1	2621	485	2617	99.8474	26.4418	35.3	58.8
GC1003827_F08_NODE_1784_length_2619_cov_7.636437	1	2619	1363	2618	99.9618	67.9435	35.6	55.3
GC1003827_F08_NODE_1785_length_2619_cov_2.816613	1	2619	488	2619	100	25.0092	35.7	58.3
GC1003827_F08_NODE_1786_length_2618_cov_6.515857	1	2618	1310	2618	100	62.0332	35.4	53
GC1003827_F08_NODE_1787_length_2618_cov_4.669209	1	2618	670	2618	100	36.0103	35.5	59.1
GC1003827_F08_NODE_1788_length_2618_cov_2.061421	1	2618	381	2608	99.618	18.1196	35.6	53.7
GC1003827_F08_NODE_1789_length_2616_cov_8.763761	1	2616	1477	2616	100	74.5333	35.6	58.4
GC1003827_F08_NODE_1790_length_2615_cov_4.712621	1	2615	651	2615	100	35.0386	35.6	58.8
GC1003827_F08_NODE_1791_length_2615_cov_3.360932	1	2615	622	2615	100	28.8382	35.1	46.3
GC1003827_F08_NODE_1792_length_2614_cov_8.213510	1	2614	1119	2614	100	61.4568	35.4	59.1
GC1003827_F08_NODE_1793_length_2614_cov_7.682348	1	2614	1152	2603	99.5792	61.6584	35.5	58.6
GC1003827_F08_NODE_1794_length_2614_cov_6.346602	1	2614	1173	2614	100	58.4239	35.5	56
GC1003827_F08_NODE_1795_length_2614_cov_5.443908	1	2614	912	2614	100	46.2299	35.6	55.3
GC1003827_F08_NODE_1796_length_2613_cov_8.064360	1	2613	1175	2613	100	62.9774	35.8	58.7
GC1003827_F08_NODE_1797_length_2613_cov_7.046259	1	2613	981	2613	100	53.2602	35.6	58.9
GC1003827_F08_NODE_1798_length_2613_cov_4.260257	1	2613	760	2613	100	37.8285	35.5	56.8
GC1003827_F08_NODE_1799_length_2613_cov_3.984312	1	2613	629	2613	100	32.7914	35.7	58.2
GC1003827_F08_NODE_1800_length_2613_cov_3.492357	1	2613	617	2613	100	30.039	35.7	52.1
GC1003827_F08_NODE_1801_length_2613_cov_3.086082	1	2613	464	2603	99.6173	24.9062	35.7	58.8
GC1003827_F08_NODE_1802_length_2612_cov_9.929980	1	2612	1792	2612	100	87.776	35.3	53.5
GC1003827_F08_NODE_1803_length_2612_cov_5.507847	1	2612	767	2612	100	41.1214	35.5	58.6
GC1003827_F08_NODE_1804_length_2611_cov_8.876812	1	2611	1489	2611	100	76.8717	35.5	56.9
GC1003827_F08_NODE_1805_length_2611_cov_4.611111	1	2611	939	2611	100	44.9276	35.5	53.9
GC1003827_F08_NODE_1806_length_2610_cov_6.467982	1	2610	843	2610	100	46.7065	35.5	59.3
GC1003827_F08_NODE_1807_length_2610_cov_4.621426	1	2610	972	2610	100	43.3904	35.2	47.2
GC1003827_F08_NODE_1808_length_2609_cov_9.638195	1	2609	2052	2609	100	93.9751	35.3	48.7
GC1003827_F08_NODE_1809_length_2609_cov_5.814263	1	2609	835	2606	99.885	44.1299	35.6	57.7
GC1003827_F08_NODE_1810_length_2608_cov_5.567916	1	2608	853	2608	100	45.5456	35.6	58.6
GC1003827_F08_NODE_1811_length_2605_cov_5.077482	1	2605	1072	2605	100	50.2411	35.2	51.7
GC1003827_F08_NODE_1812_length_2605_cov_4.127119	1	2605	593	2605	100	31.2461	35.6	58.4
GC1003827_F08_NODE_1813_length_2604_cov_4.771498	1	2604	708	2604	100	38.4105	35.5	58.3
GC1003827_F08_NODE_1814_length_2604_cov_2.333064	1	2604	301	2601	99.8848	16.793	35.6	59.4
GC1003827_F08_NODE_1815_length_2603_cov_7.636511	1	2603	1090	2603	100	59.0392	35.5	59.1
GC1003827_F08_NODE_1816_length_2602_cov_9.386263	1	2602	1758	2602	100	85.2729	35.5	52
GC1003827_F08_NODE_1817_length_2602_cov_9.109899	1	2602	1664	2602	100	84.8194	35.5	57.8
GC1003827_F08_NODE_1818_length_2602_cov_6.287273	1	2602	1127	2602	100	58.3655	35.6	57.8
GC1003827_F08_NODE_1819_length_2602_cov_6.233131	1	2602	918	2602	100	49.696	35.4	59
GC1003827_F08_NODE_1820_length_2600_cov_9.155681	1	2600	1349	2600	100	72.6496	35.7	58.8
GC1003827_F08_NODE_1821_length_2600_cov_5.035180	1	2600	678	2600	100	36.4596	35.6	58.5
GC1003827_F08_NODE_1822_length_2600_cov_3.192479	1	2600	602	2600	100	30.0735	35.6	55
GC1003827_F08_NODE_1823_length_2599_cov_9.287217	1	2599	1436	2599	100	75.5629	35.6	58.5
GC1003827_F08_NODE_1824_length_2599_cov_3.011731	1	2599	504	2589	99.6152	25.8684	35.6	55.7
GC1003827_F08_NODE_1825_length_2597_cov_8.346154	1	2597	1311	2597	100	68.0866	35.7	57.6
GC1003827_F08_NODE_1826_length_2597_cov_6.952227	1	2597	1003	2597	100	53.4424	35.7	58.1
GC1003827_F08_NODE_1827_length_2596_cov_11.133252	1	2596	2378	2596	100	108.166	35.4	48.4
GC1003827_F08_NODE_1828_length_2596_cov_6.454435	1	2596	961	2596	100	51.3991	35.7	58.7
GC1003827_F08_NODE_1829_length_2595_cov_4.555916	1	2595	692	2595	100	37.1742	35.8	58.7
GC1003827_F08_NODE_1830_length_2594_cov_5.607621	1	2594	741	2594	100	40.7267	35.6	58.9
GC1003827_F08_NODE_1831_length_2594_cov_4.924199	1	2594	956	2594	100	48.1218	35.2	54.9
GC1003827_F08_NODE_1832_length_2593_cov_4.632198	1	2593	640	2593	100	34.7829	35.6	58.8
GC1003827_F08_NODE_1833_length_2593_cov_4.138686	1	2593	593	2593	100	32.2568	35.6	58.7
GC1003827_F08_NODE_1834_length_2593_cov_3.249797	1	2593	431	2582	99.5758	24.1921	35.5	59.4
GC1003827_F08_NODE_1835_length_2592_cov_5.845842	1	2592	1052	2592	100	54.6188	35.6	57.9
GC1003827_F08_NODE_1836_length_2592_cov_3.518864	1	2592	517	2590	99.9228	28.4163	35.8	59.5
GC1003827_F08_NODE_1837_length_2590_cov_4.143727	1	2590	751	2590	100	38.6274	35.2	57.1
GC1003827_F08_NODE_1838_length_2589_cov_10.194963	1	2589	1454	2589	100	79.7076	35.7	58.9
GC1003827_F08_NODE_1839_length_2589_cov_5.612104	1	2589	1223	2589	100	57.5052	35	50.5
GC1003827_F08_NODE_1840_length_2589_cov_3.392364	1	2589	521	2589	100	27.4894	35.4	57.9
GC1003827_F08_NODE_1841_length_2588_cov_11.305973	1	2588	2883	2588	100	135.539	35.6	56.4
GC1003827_F08_NODE_1842_length_2588_cov_8.297034	1	2588	1149	2588	100	62.9811	35.3	58.8
GC1003827_F08_NODE_1843_length_2588_cov_4.829338	1	2588	693	2588	100	37.8837	35.5	58.8
GC1003827_F08_NODE_1844_length_2588_cov_4.123121	1	2588	886	2578	99.6136	44.5151	34.9	57.3
GC1003827_F08_NODE_1845_length_2587_cov_4.822764	1	2587	703	2587	100	37.1082	35.5	56.1
GC1003827_F08_NODE_1846_length_2587_cov_3.887398	1	2587	789	2587	100	34.736	35.2	42.7
GC1003827_F08_NODE_1847_length_2586_cov_3.575844	1	2586	500	2586	100	27.6535	35.8	58.9
GC1003827_F08_NODE_1848_length_2584_cov_14.542939	1	2584	2232	2584	100	119.332	35.7	58.2
GC1003827_F08_NODE_1849_length_2584_cov_8.691494	1	2584	1360	2584	100	72.7194	35.6	58.7
GC1003827_F08_NODE_1850_length_2584_cov_6.132275	1	2584	1086	2584	100	53.8065	35.6	54.5
GC1003827_F08_NODE_1851_length_2584_cov_3.610908	1	2584	571	2584	100	30.5507	35.8	58.8
GC1003827_F08_NODE_1852_length_2583_cov_9.817182	1	2583	1682	2583	100	84.2102	35.3	54.9
GC1003827_F08_NODE_1853_length_2583_cov_4.519544	1	2583	682	2583	100	36.1738	35.5	56.9
GC1003827_F08_NODE_1854_length_2583_cov_3.707248	1	2583	572	2583	100	29.971	35.4	56.6
GC1003827_F08_NODE_1855_length_2581_cov_5.996740	1	2581	805	2581	100	44.42	35.7	58.9
GC1003827_F08_NODE_1856_length_2581_cov_2.472290	1	2581	374	2578	99.8838	20.0527	35.8	58.4
GC1003827_F08_NODE_1857_length_2580_cov_5.067265	1	2580	1147	2580	100	55.2787	35.1	52.4
GC1003827_F08_NODE_1858_length_2579_cov_7.045269	1	2579	945	2579	100	52.0872	35.7	58.9
GC1003827_F08_NODE_1859_length_2579_cov_4.081158	1	2579	820	2579	100	36.701	35.5	45.3
GC1003827_F08_NODE_1860_length_2579_cov_2.857259	1	2579	1504	2579	100	50.2292	35.1	26.6
GC1003827_F08_NODE_1861_length_2578_cov_7.510812	1	2578	1089	2578	100	58.6649	35.8	57.8
GC1003827_F08_NODE_1862_length_2575_cov_6.170752	1	2575	1147	2575	100	57.5033	35.4	55.7
GC1003827_F08_NODE_1863_length_2575_cov_5.162582	1	2575	2716	2567	99.6893	99.5569	34.3	23.2
GC1003827_F08_NODE_1864_length_2571_cov_9.217676	1	2571	1618	2571	100	84.233	35.3	56.2
GC1003827_F08_NODE_1865_length_2568_cov_13.252356	1	2568	2541	2568	100	126.454	35.1	52.6
GC1003827_F08_NODE_1866_length_2567_cov_5.559426	1	2567	788	2567	100	43.4149	35.7	58.7
GC1003827_F08_NODE_1867_length_2567_cov_2.813115	1	2567	753	2566	99.961	32.1648	34.8	46.3
GC1003827_F08_NODE_1868_length_2566_cov_6.209512	1	2566	890	2566	100	48.8122	35.6	59.1
GC1003827_F08_NODE_1869_length_2566_cov_3.080771	1	2566	432	2566	100	24.0666	35.3	59.3
GC1003827_F08_NODE_1870_length_2566_cov_2.318983	1	2566	498	2564	99.9221	23.5421	35.3	51.6
GC1003827_F08_NODE_1871_length_2565_cov_2.173503	1	2565	325	2565	100	17.191	35.6	56.9
GC1003827_F08_NODE_1872_length_2564_cov_11.460402	1	2564	1850	2564	100	97.4247	35.6	57.7
GC1003827_F08_NODE_1873_length_2564_cov_10.954863	1	2564	1524	2564	100	83.5788	35.5	58.6
GC1003827_F08_NODE_1874_length_2564_cov_2.977021	1	2564	432	2561	99.883	23.1529	35.6	58.4
GC1003827_F08_NODE_1875_length_2563_cov_4.030378	1	2563	591	2563	100	31.9715	35.7	58.9
GC1003827_F08_NODE_1876_length_2562_cov_20.132649	1	2562	3367	2562	100	180.541	35.4	58.4
GC1003827_F08_NODE_1877_length_2561_cov_10.769926	1	2561	1806	2561	100	94.0488	35.5	57.3
GC1003827_F08_NODE_1878_length_2561_cov_7.800740	1	2561	1351	2561	100	68.4604	35.4	54.4
GC1003827_F08_NODE_1879_length_2560_cov_5.579942	1	2560	856	2560	100	46.0664	35.7	58.4
GC1003827_F08_NODE_1880_length_2560_cov_3.383477	1	2560	516	2553	99.7266	27.8855	35.7	58.2
GC1003827_F08_NODE_1881_length_2559_cov_2.818668	1	2559	428	2559	100	22.4932	35.5	56.7
GC1003827_F08_NODE_1882_length_2559_cov_1.529194	1	2559	516	2559	100	27.1633	35.7	57.4
GC1003827_F08_NODE_1883_length_2558_cov_11.131633	1	2558	1850	2558	100	97.335	35.7	56.8
GC1003827_F08_NODE_1884_length_2557_cov_15.867901	1	2557	2355	2557	100	127.233	35.4	58
GC1003827_F08_NODE_1885_length_2557_cov_8.048971	1	2557	1131	2557	100	61.1486	35.7	58.6
GC1003827_F08_NODE_1886_length_2557_cov_8.027160	1	2557	1250	2557	100	66.2612	35.6	56.6
GC1003827_F08_NODE_1887_length_2557_cov_7.000412	1	2557	989	2557	100	54.6523	35.7	59.1
GC1003827_F08_NODE_1888_length_2555_cov_9.456343	1	2555	1671	2555	100	87.0168	35.4	57
GC1003827_F08_NODE_1889_length_2554_cov_3.742892	1	2554	521	2554	100	29.094	35.6	59.5
GC1003827_F08_NODE_1890_length_2553_cov_5.410140	1	2553	805	2553	100	43.4477	35.8	57.7
GC1003827_F08_NODE_1891_length_2552_cov_11.662268	1	2552	2119	2552	100	106.407	35.5	56
GC1003827_F08_NODE_1892_length_2551_cov_6.749587	1	2551	1234	2551	100	64.7323	35.3	57.6
GC1003827_F08_NODE_1893_length_2551_cov_1.703383	1	2551	250	2551	100	13.6762	35.4	58.4
GC1003827_F08_NODE_1894_length_2550_cov_6.602972	1	2550	913	2549	99.9608	50.0106	35.4	58.1
GC1003827_F08_NODE_1895_length_2550_cov_4.277755	1	2550	738	2550	100	38.7992	35.7	57
GC1003827_F08_NODE_1896_length_2549_cov_4.631709	1	2549	668	2549	100	36.9172	35.2	58.7
GC1003827_F08_NODE_1897_length_2549_cov_3.390586	1	2549	455	2549	100	25.053	35.5	58.3
GC1003827_F08_NODE_1898_length_2548_cov_4.059893	1	2548	610	2548	100	33.1566	35.7	57.3
GC1003827_F08_NODE_1899_length_2546_cov_3.131046	1	2546	430	2546	100	23.5621	35.8	59.1
GC1003827_F08_NODE_1900_length_2545_cov_5.779983	1	2545	913	2545	100	49.7139	35.7	58.3
GC1003827_F08_NODE_1901_length_2545_cov_5.263441	1	2545	876	2545	100	46.0361	35.7	57.5
GC1003827_F08_NODE_1902_length_2544_cov_6.199835	1	2544	1078	2544	100	57.3432	35.2	58
GC1003827_F08_NODE_1903_length_2543_cov_8.717301	1	2543	1312	2543	100	70.3343	35.4	58.2
GC1003827_F08_NODE_1904_length_2543_cov_7.041391	1	2543	1174	2543	100	61.4573	35.5	57.3
GC1003827_F08_NODE_1905_length_2543_cov_3.842715	1	2543	905	2543	100	43.523	35	56
GC1003827_F08_NODE_1906_length_2543_cov_3.526490	1	2543	574	2543	100	30.884	35.5	58.4
GC1003827_F08_NODE_1907_length_2539_cov_12.188640	1	2539	1853	2539	100	100.57	35.8	58.5
GC1003827_F08_NODE_1908_length_2539_cov_9.143035	1	2539	3381	2539	100	135.202	35	31
GC1003827_F08_NODE_1909_length_2539_cov_7.813018	1	2539	1235	2539	100	64.7133	35.5	54.7
GC1003827_F08_NODE_1910_length_2539_cov_6.634328	1	2539	952	2539	100	53.4281	35.7	59.1
GC1003827_F08_NODE_1911_length_2539_cov_5.383914	1	2539	907	2539	100	45.7877	35.5	54.6
GC1003827_F08_NODE_1912_length_2539_cov_1.256633	1	2539	168	2529	99.6061	9.40803	35.6	58.7
GC1003827_F08_NODE_1913_length_2538_cov_9.459560	1	2538	1295	2538	100	71.3735	35.7	58.7
GC1003827_F08_NODE_1914_length_2538_cov_4.192866	1	2538	938	2538	100	46.4685	34.7	56.2
GC1003827_F08_NODE_1915_length_2537_cov_9.192116	1	2537	1428	2537	100	78.2337	35.5	58.6
GC1003827_F08_NODE_1916_length_2536_cov_13.310502	1	2536	2362	2536	100	121.477	35.6	52.1
GC1003827_F08_NODE_1917_length_2535_cov_8.166944	1	2535	1329	2533	99.9211	70.0087	35.5	54.6
GC1003827_F08_NODE_1918_length_2535_cov_6.211794	1	2535	1145	2535	100	56.6071	35.7	54.9
GC1003827_F08_NODE_1919_length_2535_cov_3.071844	1	2535	483	2535	100	25.7819	35.7	56.7
GC1003827_F08_NODE_1920_length_2534_cov_3.785210	1	2534	504	2534	100	28.1069	35.5	59.3
GC1003827_F08_NODE_1921_length_2533_cov_10.790524	1	2533	1469	2533	100	82.8212	35.7	59.2
GC1003827_F08_NODE_1922_length_2533_cov_4.436409	1	2533	785	2533	100	39.2779	34.9	53.3
GC1003827_F08_NODE_1923_length_2532_cov_4.572973	1	2532	712	2532	100	38.3365	35.8	58.4
GC1003827_F08_NODE_1924_length_2531_cov_6.489601	1	2531	1208	2531	100	56.6057	35.3	44.5
GC1003827_F08_NODE_1925_length_2529_cov_6.668193	1	2529	1018	2529	100	53.6196	35.5	55.2
GC1003827_F08_NODE_1926_length_2529_cov_5.350541	1	2529	811	2529	100	44.9166	35.7	59.2
GC1003827_F08_NODE_1927_length_2529_cov_5.184013	1	2529	802	2529	100	43.0526	35.5	57.8
GC1003827_F08_NODE_1928_length_2527_cov_7.120000	1	2527	979	2527	100	54.9786	35.7	59
GC1003827_F08_NODE_1929_length_2526_cov_4.618591	1	2526	1124	2526	100	52.2391	35.4	50.2
GC1003827_F08_NODE_1930_length_2525_cov_5.701418	1	2525	1005	2525	100	53.9786	35.4	58.4
GC1003827_F08_NODE_1931_length_2524_cov_4.325824	1	2524	596	2524	100	33.376	35.8	59.3
GC1003827_F08_NODE_1932_length_2524_cov_3.090530	1	2524	482	2524	100	26.2441	35.3	57.9
GC1003827_F08_NODE_1933_length_2523_cov_4.166110	1	2523	554	2520	99.8811	31.6338	35.5	59.3
GC1003827_F08_NODE_1934_length_2523_cov_3.454508	1	2523	502	2523	100	28.0432	35.6	58.8
GC1003827_F08_NODE_1935_length_2522_cov_8.058038	1	2522	1010	2522	100	57.7756	35.6	59.2
GC1003827_F08_NODE_1936_length_2522_cov_3.637161	1	2522	598	2522	100	31.1182	35.5	53.9
GC1003827_F08_NODE_1937_length_2522_cov_3.217954	1	2522	587	2522	100	27.6142	35.7	51.3
GC1003827_F08_NODE_1938_length_2521_cov_9.815789	1	2521	1993	2395	95.002	103.71	35.3	56.3
GC1003827_F08_NODE_1939_length_2521_cov_7.160401	1	2521	1403	2521	100	69.6922	35.5	52.1
GC1003827_F08_NODE_1940_length_2520_cov_16.001254	1	2520	2436	2520	100	131.968	35.6	58.3
GC1003827_F08_NODE_1941_length_2520_cov_7.259089	1	2520	933	2520	100	52.9528	35.6	59.3
GC1003827_F08_NODE_1942_length_2520_cov_4.537401	1	2520	583	2520	100	33.2964	35.4	59.2
GC1003827_F08_NODE_1943_length_2520_cov_3.564981	1	2520	465	2512	99.6825	26.3988	35.7	59.4
GC1003827_F08_NODE_1944_length_2519_cov_8.126254	1	2519	1492	2519	100	73.0397	35.4	46.4
GC1003827_F08_NODE_1945_length_2519_cov_5.900084	1	2519	837	2519	100	46.1949	35.6	58.7
GC1003827_F08_NODE_1946_length_2519_cov_3.497910	1	2519	534	2519	100	28.7642	35.5	57.8
GC1003827_F08_NODE_1947_length_2519_cov_1.178094	1	2519	158	2519	100	8.78285	35.9	58.6
GC1003827_F08_NODE_1948_length_2518_cov_6.929737	1	2518	970	2517	99.9603	54.0564	35.4	58.9
GC1003827_F08_NODE_1949_length_2517_cov_7.517573	1	2517	1064	2517	100	59.4287	35.7	58.3
GC1003827_F08_NODE_1950_length_2517_cov_4.574895	1	2517	680	2514	99.8808	36.8526	35.5	57.5
GC1003827_F08_NODE_1951_length_2516_cov_6.388866	1	2516	1067	2516	100	57.18	35.6	57.2
GC1003827_F08_NODE_1952_length_2515_cov_12.623953	1	2515	1769	2515	100	97.3038	35.6	58.3
GC1003827_F08_NODE_1953_length_2515_cov_6.649079	1	2515	909	2515	100	50.8282	35.7	59
GC1003827_F08_NODE_1954_length_2513_cov_5.144593	1	2513	671	2513	100	38.694	35.6	59.7
GC1003827_F08_NODE_1955_length_2512_cov_3.904822	1	2512	807	2512	100	37.1744	35.5	51.2
GC1003827_F08_NODE_1956_length_2511_cov_7.708473	1	2511	1057	2511	100	59.8116	35.7	59.3
GC1003827_F08_NODE_1957_length_2511_cov_7.033977	1	2511	1271	2511	100	64.9164	35.4	55.9
GC1003827_F08_NODE_1958_length_2510_cov_10.474612	1	2510	1617	2510	100	88.4068	35.5	56.5
GC1003827_F08_NODE_1959_length_2510_cov_6.496433	1	2510	896	2510	100	49.9598	35.2	58.2
GC1003827_F08_NODE_1960_length_2510_cov_4.494335	1	2510	600	2510	100	33.9582	35.7	59.4
GC1003827_F08_NODE_1961_length_2510_cov_1.747377	1	2510	273	2509	99.9602	14.6916	35.8	57.4
GC1003827_F08_NODE_1962_length_2509_cov_6.925273	1	2509	918	2505	99.8406	51.9498	35.5	58.9
GC1003827_F08_NODE_1963_length_2508_cov_6.441831	1	2508	1066	2508	100	57.9936	35.8	58.8
GC1003827_F08_NODE_1964_length_2508_cov_5.434691	1	2508	721	2508	100	41.3911	35.7	59.7
GC1003827_F08_NODE_1965_length_2508_cov_4.313314	1	2508	728	2508	100	37.4629	35.7	56.9
GC1003827_F08_NODE_1966_length_2508_cov_3.233515	1	2508	1003	2508	100	43.0618	35.2	42.9
GC1003827_F08_NODE_1967_length_2507_cov_7.005462	1	2507	927	2502	99.8006	53.347	35.6	59.6
GC1003827_F08_NODE_1968_length_2507_cov_4.364286	1	2507	648	2507	100	36.6741	35.5	59
GC1003827_F08_NODE_1969_length_2507_cov_4.291597	1	2507	1045	2507	100	53.8943	35.8	43
GC1003827_F08_NODE_1970_length_2507_cov_3.914706	1	2507	556	2507	100	30.4001	35.8	58.4
GC1003827_F08_NODE_1971_length_2506_cov_14.563262	1	2506	2200	2506	100	121.051	35.5	58.2
GC1003827_F08_NODE_1972_length_2506_cov_6.889870	1	2506	1102	2506	100	56.4832	35.6	54.4
GC1003827_F08_NODE_1973_length_2506_cov_3.521227	1	2506	517	2506	100	28.2454	35.7	59
GC1003827_F08_NODE_1974_length_2505_cov_5.652229	1	2505	4107	2505	100	149.026	34.4	19.2
GC1003827_F08_NODE_1975_length_2505_cov_3.908326	1	2505	520	2503	99.9202	29.4539	35.4	58.9
GC1003827_F08_NODE_1976_length_2504_cov_9.051325	1	2504	1174	2504	100	66.9904	35.5	59
GC1003827_F08_NODE_1977_length_2504_cov_7.008835	1	2504	1013	2504	100	56.3854	35.6	58
GC1003827_F08_NODE_1978_length_2504_cov_4.756836	1	2504	944	2504	100	47.7077	35.4	57
GC1003827_F08_NODE_1979_length_2503_cov_8.764310	1	2503	1227	2503	100	69.4087	35.6	59.1
GC1003827_F08_NODE_1980_length_2503_cov_7.867845	1	2503	1343	2503	100	73.1622	35.3	53.8
GC1003827_F08_NODE_1981_length_2503_cov_2.128788	1	2503	330	2503	100	17.8422	35.4	54.3
GC1003827_F08_NODE_1982_length_2502_cov_5.510316	1	2502	840	2502	100	44.8661	35.4	58.2
GC1003827_F08_NODE_1983_length_2502_cov_5.405474	1	2502	733	2502	100	41.7618	35.7	59.1
GC1003827_F08_NODE_1984_length_2502_cov_3.878737	1	2502	1245	2502	100	55.0627	34.9	49.5
GC1003827_F08_NODE_1985_length_2502_cov_3.047158	1	2502	415	2502	100	23.5252	35.2	58.9
GC1003827_F08_NODE_1986_length_2502_cov_1.680421	1	2502	263	2502	100	14.3817	35.6	57.7
GC1003827_F08_NODE_1987_length_2501_cov_8.753580	1	2501	1174	2501	100	67.0868	35.3	59.3
GC1003827_F08_NODE_1988_length_2501_cov_7.702190	1	2501	1080	2501	100	60.7217	35.6	58.7
GC1003827_F08_NODE_1989_length_2501_cov_6.620051	1	2501	1041	2501	100	56.8832	35.6	58.2
GC1003827_F08_NODE_1990_length_2501_cov_5.668071	1	2501	809	2501	100	44.7565	35.3	57.5
GC1003827_F08_NODE_1991_length_2500_cov_12.252002	1	2500	1769	2500	100	99.0108	35.4	58.6
GC1003827_F08_NODE_1992_length_2500_cov_4.568900	1	2500	624	2500	100	35.0584	35.7	58.8
GC1003827_F08_NODE_1993_length_2499_cov_7.226813	1	2499	996	2499	100	56.3497	35.4	59
GC1003827_F08_NODE_1994_length_2499_cov_5.840219	1	2499	923	2499	100	50.7171	35.2	58.4
GC1003827_F08_NODE_1995_length_2498_cov_18.860818	1	2498	2959	2498	100	162.885	35.6	58.3
GC1003827_F08_NODE_1996_length_2498_cov_12.303248	1	2498	2062	2498	100	109.857	35.6	57.3
GC1003827_F08_NODE_1997_length_2498_cov_1.620835	1	2498	232	2498	100	12.8287	35.6	56.8
GC1003827_F08_NODE_1998_length_2497_cov_10.041772	1	2497	1423	2497	100	80.2695	35.6	58.8
GC1003827_F08_NODE_1999_length_2497_cov_8.531646	1	2497	2101	2497	100	100.596	35	49.7
GC1003827_F08_NODE_2000_length_2497_cov_2.532068	1	2497	409	2497	100	22.469	35.4	58.6
GC1003827_F08_NODE_2001_length_2497_cov_1.924895	1	2497	302	2497	100	15.6608	36	53.5
GC1003827_F08_NODE_2002_length_2496_cov_4.430139	1	2496	699	2496	100	38.0312	35	57.5
GC1003827_F08_NODE_2003_length_2496_cov_4.067539	1	2496	608	2496	100	34.0737	35.5	58.8
GC1003827_F08_NODE_2004_length_2496_cov_3.365133	1	2496	538	2496	100	29.4235	35.4	58.7
GC1003827_F08_NODE_2005_length_2496_cov_1.894048	1	2496	344	2496	100	18.3754	35.3	57.7
GC1003827_F08_NODE_2006_length_2495_cov_3.497044	1	2495	482	2495	100	27.317	35.6	59.1
GC1003827_F08_NODE_2007_length_2495_cov_1.782517	1	2495	259	2494	99.9599	14.42	35.7	58.5
GC1003827_F08_NODE_2008_length_2494_cov_5.846641	1	2494	915	2494	100	48.9094	35.8	57.1
GC1003827_F08_NODE_2009_length_2493_cov_11.387574	1	2493	2095	2493	100	107.087	35.5	54.1
GC1003827_F08_NODE_2010_length_2493_cov_8.913779	1	2493	1312	2493	100	72.8937	35.4	57.8
GC1003827_F08_NODE_2011_length_2493_cov_4.029163	1	2493	517	2492	99.9599	29.4087	35.3	58.8
GC1003827_F08_NODE_2012_length_2491_cov_5.907783	1	2491	805	2481	99.5986	46.0895	35.4	59
GC1003827_F08_NODE_2013_length_2490_cov_9.583157	1	2490	1465	2490	100	80.6345	35.7	58.2
GC1003827_F08_NODE_2014_length_2490_cov_6.788828	1	2490	1080	2490	100	58.549	35.5	57.9
GC1003827_F08_NODE_2015_length_2490_cov_5.447736	1	2490	898	2490	100	47.0141	35.7	56.2
GC1003827_F08_NODE_2016_length_2490_cov_2.625476	1	2490	355	2490	100	20.6775	35.6	59.7
GC1003827_F08_NODE_2017_length_2489_cov_9.311177	1	2489	2007	2489	100	102.649	35.1	55.3
GC1003827_F08_NODE_2018_length_2488_cov_8.485811	1	2488	1375	2478	99.5981	73.4936	35.6	55.5
GC1003827_F08_NODE_2019_length_2488_cov_6.861076	1	2488	1454	2488	100	70.8991	35.7	53.4
GC1003827_F08_NODE_2020_length_2488_cov_4.174926	1	2488	551	2488	100	31.4678	35.3	59.3
GC1003827_F08_NODE_2021_length_2487_cov_6.065254	1	2487	860	2487	100	47.3647	35.7	57.4
GC1003827_F08_NODE_2022_length_2486_cov_4.378550	1	2486	591	2484	99.9195	33.0145	35.6	58.6
GC1003827_F08_NODE_2023_length_2486_cov_4.166596	1	2486	549	2486	100	30.9883	35.6	58.1
GC1003827_F08_NODE_2024_length_2486_cov_2.725731	1	2486	411	2486	100	22.5692	35.6	57.5
GC1003827_F08_NODE_2025_length_2486_cov_2.627808	1	2486	436	2486	100	22.4545	35.5	53.5
GC1003827_F08_NODE_2026_length_2486_cov_2.107249	1	2486	442	2486	100	20.8307	35.4	56.3
GC1003827_F08_NODE_2027_length_2485_cov_12.486853	1	2485	2110	2485	100	114.038	35.2	56.3
GC1003827_F08_NODE_2028_length_2485_cov_10.627226	1	2485	1516	2485	100	85.7618	35.5	58.9
GC1003827_F08_NODE_2029_length_2485_cov_8.201018	1	2485	1146	2485	100	65.472	35.7	59.1
GC1003827_F08_NODE_2030_length_2485_cov_7.611111	1	2485	1214	2485	100	64.6724	35.7	55.1
GC1003827_F08_NODE_2031_length_2485_cov_7.590331	1	2485	1203	2485	100	65.5952	35.6	57.5
GC1003827_F08_NODE_2032_length_2485_cov_7.576336	1	2485	1076	2485	100	60.8012	35.6	59.1
GC1003827_F08_NODE_2033_length_2485_cov_3.162002	1	2485	586	2476	99.6378	30.4459	35.7	56.9
GC1003827_F08_NODE_2034_length_2484_cov_7.215528	1	2484	1206	2482	99.9195	63.3221	35.6	56.7
GC1003827_F08_NODE_2035_length_2484_cov_2.568519	1	2484	406	2484	100	22.1711	35.8	58.2
GC1003827_F08_NODE_2036_length_2482_cov_7.721868	1	2482	1297	2482	100	70.6007	35.3	58.4
GC1003827_F08_NODE_2037_length_2481_cov_6.118946	1	2481	870	2481	100	48.2991	35.8	57.9
GC1003827_F08_NODE_2038_length_2481_cov_4.413764	1	2481	675	2481	100	37.0621	35.4	58.1
GC1003827_F08_NODE_2039_length_2480_cov_4.107947	1	2480	694	2480	100	37.002	35.4	56.1
GC1003827_F08_NODE_2040_length_2479_cov_12.005102	1	2479	1691	2479	100	96.9484	35.7	59
GC1003827_F08_NODE_2041_length_2479_cov_8.333333	1	2479	1114	2479	100	61.1549	35.6	58.1
GC1003827_F08_NODE_2042_length_2479_cov_5.454082	1	2479	776	2479	100	43.2126	35.7	58.1
GC1003827_F08_NODE_2043_length_2479_cov_2.541241	1	2479	427	2478	99.9597	23.8826	35.5	58.8
GC1003827_F08_NODE_2044_length_2479_cov_1.228316	1	2479	206	2479	100	11.5413	35.7	57.7
GC1003827_F08_NODE_2045_length_2478_cov_11.898766	1	2478	2117	2478	100	110.586	35.5	54.3
GC1003827_F08_NODE_2046_length_2476_cov_6.578118	1	2476	1498	2476	100	74.6264	35.5	55.1
GC1003827_F08_NODE_2047_length_2475_cov_6.675043	1	2475	1153	2475	100	61.2077	35.6	56.5
GC1003827_F08_NODE_2048_length_2475_cov_4.954003	1	2475	712	2475	100	39.8319	35.9	58.9
GC1003827_F08_NODE_2049_length_2475_cov_2.609455	1	2475	342	2475	100	19.7479	35.5	59.1
GC1003827_F08_NODE_2050_length_2474_cov_13.894759	1	2474	2434	2474	100	131.392	35.3	57.9
GC1003827_F08_NODE_2051_length_2474_cov_6.792927	1	2474	966	2474	100	52.7037	35.4	56.9
GC1003827_F08_NODE_2052_length_2473_cov_8.764706	1	2473	1180	2473	100	67.3534	35.5	59
GC1003827_F08_NODE_2053_length_2473_cov_4.905371	1	2473	1860	2473	100	87.9951	35.5	47.2
GC1003827_F08_NODE_2054_length_2472_cov_8.581237	1	2472	2551	2375	96.0761	130.289	35.1	49.7
GC1003827_F08_NODE_2055_length_2472_cov_7.968443	1	2472	1086	2472	100	62.1392	35.1	58.8
GC1003827_F08_NODE_2056_length_2472_cov_2.490832	1	2472	408	2472	100	19.6375	35.4	51.1
GC1003827_F08_NODE_2057_length_2471_cov_5.683447	1	2471	827	2471	100	46.0724	35.7	56.8
GC1003827_F08_NODE_2058_length_2470_cov_7.885617	1	2470	1287	2470	100	67.5769	35.6	53.8
GC1003827_F08_NODE_2059_length_2470_cov_4.929151	1	2470	770	2470	100	42.2579	35.5	56.5
GC1003827_F08_NODE_2060_length_2469_cov_13.220751	1	2469	2069	2469	100	114.433	35.6	57.8
GC1003827_F08_NODE_2061_length_2468_cov_22.777446	1	2468	3841	2463	99.7974	211.22	35.3	58.4
GC1003827_F08_NODE_2062_length_2466_cov_7.385635	1	2466	1035	2466	100	58.6683	35.6	58.6
GC1003827_F08_NODE_2063_length_2466_cov_5.950406	1	2466	960	2466	100	53.1302	35.7	56.7
GC1003827_F08_NODE_2064_length_2466_cov_5.398888	1	2466	1250	2466	100	54.6257	35.3	40.9
GC1003827_F08_NODE_2065_length_2465_cov_15.016681	1	2465	2170	2465	100	122.678	35.4	58.6
GC1003827_F08_NODE_2066_length_2465_cov_6.557742	1	2465	1346	2465	100	63.7907	35.7	49.3
GC1003827_F08_NODE_2067_length_2463_cov_4.572346	1	2463	700	2463	100	38.9829	34.9	57.5
GC1003827_F08_NODE_2068_length_2461_cov_6.118252	1	2461	852	2461	100	49.1577	35.6	58.8
GC1003827_F08_NODE_2069_length_2460_cov_9.976425	1	2460	1591	2460	100	88.0134	35.5	58.3
GC1003827_F08_NODE_2070_length_2460_cov_7.014145	1	2460	992	2460	100	55.172	35.8	55.4
GC1003827_F08_NODE_2071_length_2459_cov_3.223413	1	2459	450	2459	100	24.1574	35.6	52.8
GC1003827_F08_NODE_2072_length_2458_cov_5.848134	1	2458	789	2451	99.7152	45.2705	35.7	58.7
GC1003827_F08_NODE_2073_length_2458_cov_3.909481	1	2458	519	2458	100	30.0639	35.4	58.9
GC1003827_F08_NODE_2074_length_2457_cov_10.106867	1	2457	1352	2457	100	78.5934	35.6	59.2
GC1003827_F08_NODE_2075_length_2457_cov_5.874249	1	2457	856	2457	100	47.7672	35.6	56.7
GC1003827_F08_NODE_2076_length_2456_cov_8.419493	1	2456	1286	2456	100	71.2622	35.6	57.8
GC1003827_F08_NODE_2077_length_2456_cov_5.622155	1	2456	755	2456	100	43.3318	35.3	58.6
GC1003827_F08_NODE_2078_length_2456_cov_5.448690	1	2456	743	2456	100	42.8335	35.5	59.3
GC1003827_F08_NODE_2079_length_2455_cov_5.182560	1	2455	989	2453	99.9185	49.677	35.4	54.3
GC1003827_F08_NODE_2080_length_2455_cov_4.127148	1	2455	698	2455	100	35.1193	35.2	53.4
GC1003827_F08_NODE_2081_length_2453_cov_7.147463	1	2453	1179	2453	100	61.2409	35.6	54.8
GC1003827_F08_NODE_2082_length_2453_cov_5.379192	1	2453	789	2453	100	43.8353	35.8	58.1
GC1003827_F08_NODE_2083_length_2452_cov_6.374194	1	2452	986	2450	99.9184	55.0008	35.7	58.5
GC1003827_F08_NODE_2084_length_2451_cov_1.935886	1	2451	479	2446	99.796	22.1114	35.4	43.8
GC1003827_F08_NODE_2085_length_2450_cov_15.204907	1	2450	2220	2450	100	125.841	35.6	58.9
GC1003827_F08_NODE_2086_length_2449_cov_7.048234	1	2449	1035	2449	100	56.7693	35.9	57
GC1003827_F08_NODE_2087_length_2449_cov_4.688200	1	2449	610	2449	100	35.214	35.9	59.5
GC1003827_F08_NODE_2088_length_2447_cov_10.823276	1	2447	1627	2447	100	91.756	35.5	58.3
GC1003827_F08_NODE_2089_length_2447_cov_8.739224	1	2447	1261	2447	100	69.9914	35.5	56.4
GC1003827_F08_NODE_2090_length_2447_cov_6.046552	1	2447	869	2447	100	49.7532	35.6	58.6
GC1003827_F08_NODE_2091_length_2447_cov_4.351293	1	2447	770	2447	100	42.6298	35.1	57.6
GC1003827_F08_NODE_2092_length_2446_cov_2.361794	1	2446	396	2446	100	19.6112	35.8	49.6
GC1003827_F08_NODE_2093_length_2445_cov_26.762295	1	2445	4163	2445	100	233.276	35.8	58.4
GC1003827_F08_NODE_2094_length_2445_cov_3.942192	1	2445	772	2445	100	40.2131	35.1	46.9
GC1003827_F08_NODE_2095_length_2444_cov_6.194648	1	2444	903	2444	100	50.8081	35.7	57.8
GC1003827_F08_NODE_2096_length_2443_cov_4.383851	1	2443	563	2443	100	32.9857	35.4	59
GC1003827_F08_NODE_2097_length_2443_cov_3.753886	1	2443	570	2443	100	30.264	35.3	52.4
GC1003827_F08_NODE_2098_length_2442_cov_4.920518	1	2442	871	2442	100	41.4341	35.4	44.9
GC1003827_F08_NODE_2099_length_2442_cov_4.091577	1	2442	1063	2442	100	43.7183	35.1	32.4
GC1003827_F08_NODE_2100_length_2442_cov_2.833693	1	2442	395	2442	100	22.7113	35.7	58.8
GC1003827_F08_NODE_2101_length_2441_cov_8.226016	1	2441	1382	2441	100	76.4043	35.7	58.2
GC1003827_F08_NODE_2102_length_2441_cov_1.055748	1	2441	136	2441	100	8.09218	35.4	60
GC1003827_F08_NODE_2103_length_2440_cov_2.710333	1	2440	479	2438	99.918	25.7717	35.4	57.2
GC1003827_F08_NODE_2104_length_2439_cov_7.528979	1	2439	1192	2439	100	66.3407	35.8	58.4
GC1003827_F08_NODE_2105_length_2439_cov_4.521626	1	2439	610	2439	100	35.2403	35.6	59.3
GC1003827_F08_NODE_2106_length_2438_cov_12.276504	1	2438	1523	2438	100	89.0964	35.7	58.6
GC1003827_F08_NODE_2107_length_2438_cov_7.030723	1	2438	1083	2438	100	60.8474	35.7	57.7
GC1003827_F08_NODE_2108_length_2438_cov_5.263090	1	2438	828	2438	100	45.742	35.5	56.4
GC1003827_F08_NODE_2109_length_2438_cov_4.684985	1	2438	671	2438	100	37.0078	35.6	57.1
GC1003827_F08_NODE_2110_length_2437_cov_15.419481	1	2437	2526	2437	100	141.421	35.4	57.6
GC1003827_F08_NODE_2111_length_2437_cov_5.999567	1	2437	1143	2437	100	61.0726	35.7	56.7
GC1003827_F08_NODE_2112_length_2437_cov_4.223377	1	2437	647	2437	100	35.9179	35.6	57.7
GC1003827_F08_NODE_2113_length_2435_cov_10.179376	1	2435	1414	2435	100	79.9175	35.4	57.7
GC1003827_F08_NODE_2114_length_2435_cov_9.168977	1	2435	1494	2435	100	82.0846	35.5	57.6
GC1003827_F08_NODE_2115_length_2435_cov_1.050260	1	2435	126	2435	100	7.5117	35.6	58.7
GC1003827_F08_NODE_2116_length_2434_cov_5.240139	1	2434	1181	2433	99.9589	57.8402	35	50.2
GC1003827_F08_NODE_2117_length_2434_cov_3.028175	1	2434	505	2434	100	25.3233	35.5	49.6
GC1003827_F08_NODE_2118_length_2433_cov_8.136167	1	2433	1080	2433	100	62.3679	35.5	58.8
GC1003827_F08_NODE_2119_length_2433_cov_5.094970	1	2433	782	2433	100	43.1278	35.5	58.8
GC1003827_F08_NODE_2120_length_2432_cov_5.641649	1	2432	939	2432	100	50.0181	35.6	55.5
GC1003827_F08_NODE_2121_length_2431_cov_1.753038	1	2431	263	2431	100	14.2081	35.2	56.5
GC1003827_F08_NODE_2122_length_2429_cov_3.550391	1	2429	521	2429	100	29.0111	35.6	57.7
GC1003827_F08_NODE_2123_length_2429_cov_1.627715	1	2429	317	2428	99.9588	16.0515	35.4	55.4
GC1003827_F08_NODE_2124_length_2428_cov_4.996958	1	2428	746	2428	100	40.4197	35.6	57.4
GC1003827_F08_NODE_2125_length_2428_cov_4.573229	1	2428	556	2428	100	33.0119	35.6	59.1
GC1003827_F08_NODE_2126_length_2428_cov_3.335072	1	2428	518	2428	100	27.1141	35.9	52
GC1003827_F08_NODE_2127_length_2427_cov_9.499565	1	2427	1541	2427	100	85.1603	35.5	57.1
GC1003827_F08_NODE_2128_length_2427_cov_5.820000	1	2427	904	2427	100	49.9477	35.6	56.4
GC1003827_F08_NODE_2129_length_2427_cov_3.259565	1	2427	441	2427	100	25.611	35.7	58.6
GC1003827_F08_NODE_2130_length_2426_cov_6.294911	1	2426	1091	2426	100	57.4654	35.6	53.6
GC1003827_F08_NODE_2131_length_2426_cov_5.011744	1	2426	667	2426	100	38.5334	35.5	58.4
GC1003827_F08_NODE_2132_length_2425_cov_12.357267	1	2425	1587	2425	100	93.5381	35.4	59.5
GC1003827_F08_NODE_2133_length_2425_cov_7.604874	1	2425	1685	2424	99.9588	86.6903	35.3	54
GC1003827_F08_NODE_2134_length_2425_cov_4.241514	1	2425	626	2425	100	35.3843	35.7	58.7
GC1003827_F08_NODE_2135_length_2424_cov_5.737048	1	2424	801	2424	100	45.9076	35.4	58.4
GC1003827_F08_NODE_2136_length_2424_cov_3.918589	1	2424	589	2424	100	33.0441	35.7	56.9
GC1003827_F08_NODE_2137_length_2424_cov_1.329996	1	2424	212	2424	100	11.9823	35.2	58.1
GC1003827_F08_NODE_2138_length_2423_cov_2.141115	1	2423	537	2423	100	22.8861	35.1	34.6
GC1003827_F08_NODE_2139_length_2422_cov_6.233987	1	2422	954	2422	100	53.2374	35.7	57.8
GC1003827_F08_NODE_2140_length_2421_cov_3.896687	1	2421	646	2421	100	34.3449	35.2	53.5
GC1003827_F08_NODE_2141_length_2421_cov_3.015693	1	2421	590	2421	100	29.3094	35.6	54.4
GC1003827_F08_NODE_2142_length_2421_cov_2.065388	1	2421	247	2421	100	14.6101	35.6	58.6
GC1003827_F08_NODE_2143_length_2420_cov_3.800262	1	2420	508	2420	100	30.3632	35.7	59.3
GC1003827_F08_NODE_2144_length_2419_cov_2.861257	1	2419	660	2419	100	31.1703	35.3	47.5
GC1003827_F08_NODE_2145_length_2419_cov_2.643979	1	2419	393	2419	100	21.6296	35.8	57
GC1003827_F08_NODE_2146_length_2418_cov_12.886949	1	2418	2337	2418	100	125.071	35	57.6
GC1003827_F08_NODE_2147_length_2418_cov_8.374072	1	2418	1422	2418	100	77.8147	35.3	56.7
GC1003827_F08_NODE_2148_length_2418_cov_5.345701	1	2418	1062	2417	99.9586	53.1514	34.8	52.9
GC1003827_F08_NODE_2149_length_2418_cov_2.384112	1	2418	320	2418	100	19.0451	35.8	59.7
GC1003827_F08_NODE_2150_length_2417_cov_12.506550	1	2417	2023	2408	99.6276	112.956	35.5	58
GC1003827_F08_NODE_2151_length_2417_cov_2.449345	1	2417	357	2417	100	19.9168	35.7	57.8
GC1003827_F08_NODE_2152_length_2417_cov_1.502620	1	2417	188	2417	100	11.084	35.5	60
GC1003827_F08_NODE_2153_length_2415_cov_2.234266	1	2415	599	2415	100	24.4315	35.7	50.8
GC1003827_F08_NODE_2154_length_2414_cov_6.172278	1	2414	827	2414	100	48.4594	35.8	59
GC1003827_F08_NODE_2155_length_2414_cov_5.430258	1	2414	720	2414	100	42.0853	35.6	59.1
GC1003827_F08_NODE_2156_length_2414_cov_1.614779	1	2414	215	2414	100	12.5754	35.8	58.5
GC1003827_F08_NODE_2157_length_2413_cov_8.779090	1	2413	1455	2411	99.9171	80.327	35.6	58.4
GC1003827_F08_NODE_2158_length_2413_cov_3.701662	1	2413	2000	2413	100	104.662	34.6	42.3
GC1003827_F08_NODE_2159_length_2413_cov_2.588801	1	2413	392	2413	100	21.0207	35.4	55.1
GC1003827_F08_NODE_2160_length_2412_cov_3.650328	1	2412	582	2412	100	28.9631	35.3	48.2
GC1003827_F08_NODE_2161_length_2412_cov_2.794748	1	2412	498	2410	99.9171	25.2392	35.4	52.5
GC1003827_F08_NODE_2162_length_2412_cov_1.908534	1	2412	227	2404	99.6683	13.556	35.7	59.2
GC1003827_F08_NODE_2163_length_2411_cov_8.838004	1	2411	1303	2411	100	74.9365	35.3	58.3
GC1003827_F08_NODE_2164_length_2410_cov_8.541393	1	2410	1260	2406	99.834	71.5398	35.8	57.3
GC1003827_F08_NODE_2165_length_2410_cov_4.989488	1	2410	680	2410	100	39.3523	35.7	57.8
GC1003827_F08_NODE_2166_length_2410_cov_4.039422	1	2410	548	2409	99.9585	31.8776	35.7	58.7
GC1003827_F08_NODE_2167_length_2409_cov_6.958808	1	2409	1001	2408	99.9585	56.4836	35.7	57.3
GC1003827_F08_NODE_2168_length_2409_cov_4.184049	1	2409	1090	2409	100	51.2698	34.5	51.3
GC1003827_F08_NODE_2169_length_2408_cov_7.272249	1	2408	906	2408	100	53.9992	35.4	59.2
GC1003827_F08_NODE_2170_length_2408_cov_4.987725	1	2408	734	2408	100	41.4556	35.7	57.4
GC1003827_F08_NODE_2171_length_2408_cov_4.527400	1	2408	688	2408	100	38.2184	35.6	55.5
GC1003827_F08_NODE_2172_length_2407_cov_5.319298	1	2407	778	2407	100	43.248	35.5	56.2
GC1003827_F08_NODE_2173_length_2407_cov_3.172368	1	2407	400	2398	99.6261	23.7229	35.3	58.5
GC1003827_F08_NODE_2174_length_2406_cov_10.584028	1	2406	2252	2406	100	116.043	35	53.4
GC1003827_F08_NODE_2175_length_2405_cov_7.109745	1	2405	955	2405	100	53.8848	35.5	57.9
GC1003827_F08_NODE_2176_length_2404_cov_13.031621	1	2404	2495	2404	100	124.64	35.5	55
GC1003827_F08_NODE_2177_length_2403_cov_7.095343	1	2403	1261	2403	100	63.7395	35.2	50.6
GC1003827_F08_NODE_2178_length_2403_cov_3.992531	1	2403	604	2403	100	32.9367	35.8	57
GC1003827_F08_NODE_2179_length_2402_cov_7.796044	1	2402	1215	2402	100	69.1432	35.6	57.9
GC1003827_F08_NODE_2180_length_2401_cov_9.822779	1	2401	1366	2401	100	80.3365	35.5	59
GC1003827_F08_NODE_2181_length_2400_cov_7.476023	1	2400	1103	2400	100	63.9046	35.5	58.3
GC1003827_F08_NODE_2182_length_2400_cov_6.202376	1	2400	1109	2400	100	57.7992	35.5	55.2
GC1003827_F08_NODE_2183_length_2400_cov_6.195337	1	2400	858	2400	100	49.7067	35.4	58.1
GC1003827_F08_NODE_2184_length_2400_cov_4.996480	1	2400	630	2400	100	37.7071	35.5	59.5
GC1003827_F08_NODE_2185_length_2399_cov_10.752201	1	2399	1669	2399	100	94.1405	35.4	57.6
GC1003827_F08_NODE_2186_length_2399_cov_6.932218	1	2399	954	2399	100	55.7499	35.6	59.3
GC1003827_F08_NODE_2187_length_2399_cov_3.632482	1	2399	622	2399	100	32.9516	35.3	54.8
GC1003827_F08_NODE_2188_length_2399_cov_2.314701	1	2399	336	2399	100	19.727	35.5	59.3
GC1003827_F08_NODE_2189_length_2398_cov_2.924262	1	2398	1108	2389	99.6247	48.0855	34.8	37.1
GC1003827_F08_NODE_2190_length_2398_cov_2.791722	1	2398	373	2398	100	21.3328	35.5	57.5
GC1003827_F08_NODE_2191_length_2397_cov_6.315419	1	2397	1044	2397	100	57.1635	35.8	57.4
GC1003827_F08_NODE_2192_length_2397_cov_4.148018	1	2397	605	2397	100	34.5682	35.9	58.1
GC1003827_F08_NODE_2193_length_2397_cov_1.575330	1	2397	891	2397	100	39.753	34.9	43.8
GC1003827_F08_NODE_2194_length_2396_cov_7.146320	1	2396	920	2395	99.9583	54.3969	35.4	59.2
GC1003827_F08_NODE_2195_length_2396_cov_6.766417	1	2396	1160	2395	99.9583	62.7917	35.5	56.3
GC1003827_F08_NODE_2196_length_2396_cov_3.591891	1	2396	432	2396	100	25.9161	35.8	59.6
GC1003827_F08_NODE_2197_length_2396_cov_2.556633	1	2396	330	2387	99.6244	19.4032	35.7	58.2
GC1003827_F08_NODE_2198_length_2395_cov_13.374339	1	2395	2677	2395	100	142.462	35.2	55.1
GC1003827_F08_NODE_2199_length_2395_cov_12.098765	1	2395	1714	2395	100	99.9065	35.7	59
GC1003827_F08_NODE_2200_length_2395_cov_8.906966	1	2395	1201	2395	100	69.6589	35.7	58.9
GC1003827_F08_NODE_2201_length_2395_cov_8.698413	1	2395	1113	2395	100	65.1942	35.7	58.3
GC1003827_F08_NODE_2202_length_2395_cov_6.159612	1	2395	906	2395	100	51.3503	35.6	57.7
GC1003827_F08_NODE_2203_length_2395_cov_2.417108	1	2395	495	2388	99.7077	24.8338	35.6	53
GC1003827_F08_NODE_2204_length_2394_cov_4.549184	1	2394	512	2394	100	31.2289	35.4	59.5
GC1003827_F08_NODE_2205_length_2394_cov_4.121747	1	2394	505	2394	100	29.3358	35.5	57.5
GC1003827_F08_NODE_2206_length_2392_cov_5.025166	1	2392	700	2382	99.5819	39.3115	35.6	55.5
GC1003827_F08_NODE_2207_length_2391_cov_6.135601	1	2391	846	2391	100	49.4082	35.7	59
GC1003827_F08_NODE_2208_length_2391_cov_5.258834	1	2391	625	2391	100	37.8444	35.7	59.6
GC1003827_F08_NODE_2209_length_2390_cov_7.914273	1	2390	960	2390	100	57.8983	35.5	59.3
GC1003827_F08_NODE_2210_length_2390_cov_5.318162	1	2390	1383	2378	99.4979	72.9243	34.6	54.5
GC1003827_F08_NODE_2211_length_2389_cov_5.063218	1	2389	1715	2389	100	78.5408	34.9	49.3
GC1003827_F08_NODE_2212_length_2389_cov_3.342617	1	2389	427	2389	100	25.6957	35.1	59.8
GC1003827_F08_NODE_2213_length_2388_cov_7.070765	1	2388	938	2385	99.8744	55.2965	35.7	59.3
GC1003827_F08_NODE_2214_length_2387_cov_2.221681	1	2387	456	2387	100	21.0838	35.5	49.4
GC1003827_F08_NODE_2215_length_2386_cov_6.767596	1	2386	990	2385	99.9581	54.7297	35.2	54.3
GC1003827_F08_NODE_2216_length_2386_cov_4.620629	1	2386	936	2386	100	53.0075	35.5	58
GC1003827_F08_NODE_2217_length_2386_cov_4.248340	1	2386	530	2385	99.9581	31.5738	35.9	58.8
GC1003827_F08_NODE_2218_length_2386_cov_3.055777	1	2386	464	2386	100	25.293	35.6	55.6
GC1003827_F08_NODE_2219_length_2385_cov_6.415412	1	2385	977	2385	100	53.8398	35.6	55.1
GC1003827_F08_NODE_2220_length_2385_cov_3.023472	1	2385	427	2385	100	24.452	35.7	57.5
GC1003827_F08_NODE_2221_length_2384_cov_10.396544	1	2384	1420	2381	99.8742	82.5503	35.7	58.2
GC1003827_F08_NODE_2222_length_2384_cov_5.178113	1	2384	701	2384	100	41.0172	35.8	59
GC1003827_F08_NODE_2223_length_2383_cov_6.719858	1	2383	1026	2383	100	56.9064	35.5	57.1
GC1003827_F08_NODE_2224_length_2382_cov_7.546785	1	2382	1161	2382	100	62.4971	35.7	55.3
GC1003827_F08_NODE_2225_length_2381_cov_2.981810	1	2381	370	2381	100	22.8186	35.6	59.6
GC1003827_F08_NODE_2226_length_2380_cov_7.205948	1	2380	944	2380	100	54.9987	35.6	59.3
GC1003827_F08_NODE_2227_length_2380_cov_2.681758	1	2380	551	2380	100	28.2248	35.6	55.9
GC1003827_F08_NODE_2228_length_2379_cov_4.164742	1	2379	519	2379	100	31.0475	35.7	58.8
GC1003827_F08_NODE_2229_length_2379_cov_3.019982	1	2379	370	2379	100	21.9853	35.7	58.9
GC1003827_F08_NODE_2230_length_2378_cov_11.340293	1	2378	1850	2378	100	96.6644	35.5	51.9
GC1003827_F08_NODE_2231_length_2377_cov_6.832000	1	2377	831	2376	99.9579	50.0631	35.6	59.1
GC1003827_F08_NODE_2232_length_2377_cov_5.189333	1	2377	649	2377	100	38.9752	35.7	58
GC1003827_F08_NODE_2233_length_2377_cov_3.267556	1	2377	506	2377	100	28.162	35.5	56.2
GC1003827_F08_NODE_2234_length_2376_cov_10.932414	1	2376	1443	2374	99.9158	85.0236	35.6	58.2
GC1003827_F08_NODE_2235_length_2376_cov_7.280124	1	2376	1231	2376	100	68.4529	35.6	57.6
GC1003827_F08_NODE_2236_length_2375_cov_14.075623	1	2375	2067	2375	100	118.096	35.7	58.2
GC1003827_F08_NODE_2237_length_2375_cov_3.700178	1	2375	527	2372	99.8737	31.0202	35.3	57.9
GC1003827_F08_NODE_2238_length_2374_cov_10.016466	1	2374	1424	2374	100	81.9676	35.7	57.6
GC1003827_F08_NODE_2239_length_2374_cov_7.704940	1	2374	1602	2374	100	75.2355	35.5	54.2
GC1003827_F08_NODE_2240_length_2374_cov_2.979083	1	2374	460	2374	100	25.492	35.6	56.6
GC1003827_F08_NODE_2241_length_2374_cov_1.870939	1	2374	277	2374	100	15.6302	35.2	56.7
GC1003827_F08_NODE_2242_length_2373_cov_1.910953	1	2373	340	2373	100	16.6001	35.4	46.7
GC1003827_F08_NODE_2243_length_2372_cov_4.043207	1	2372	562	2372	100	33.0902	35.7	58.3
GC1003827_F08_NODE_2244_length_2372_cov_2.832517	1	2372	351	2372	100	20.9013	35.4	59.1
GC1003827_F08_NODE_2245_length_2371_cov_6.761586	1	2371	1120	2371	100	57.0692	35.2	47
GC1003827_F08_NODE_2246_length_2371_cov_6.702317	1	2371	1287	2371	100	58.3323	34.7	46.8
GC1003827_F08_NODE_2247_length_2371_cov_1.814617	1	2371	378	2371	100	18.8764	35.3	51
GC1003827_F08_NODE_2248_length_2370_cov_2.250557	1	2370	391	2370	100	20.4236	35.5	51
GC1003827_F08_NODE_2249_length_2369_cov_7.350580	1	2369	1057	2369	100	60.1	35.7	56.5
GC1003827_F08_NODE_2250_length_2369_cov_4.661017	1	2369	613	2369	100	36.71	35.7	59
GC1003827_F08_NODE_2251_length_2369_cov_3.657003	1	2369	849	2369	100	41.913	34.6	49.2
GC1003827_F08_NODE_2252_length_2369_cov_3.622658	1	2369	464	2362	99.7045	27.2068	35.4	56.3
GC1003827_F08_NODE_2253_length_2368_cov_10.406961	1	2368	1462	2368	100	86.4941	35.5	58.7
GC1003827_F08_NODE_2254_length_2368_cov_4.912985	1	2368	667	2368	100	39.4785	35.7	59.3
GC1003827_F08_NODE_2255_length_2367_cov_4.182143	1	2367	743	2367	100	39.0089	35.3	55.4
GC1003827_F08_NODE_2256_length_2367_cov_4.165179	1	2367	766	2367	100	41.3883	35.4	54.5
GC1003827_F08_NODE_2257_length_2366_cov_1.690933	1	2366	246	2358	99.6619	13.9544	35.4	57.8
GC1003827_F08_NODE_2258_length_2365_cov_6.239500	1	2365	1123	2365	100	59.3476	35.5	55.4
GC1003827_F08_NODE_2259_length_2365_cov_4.575961	1	2365	870	2356	99.6195	44.2097	35.5	53.7
GC1003827_F08_NODE_2260_length_2364_cov_10.303979	1	2364	1521	2364	100	87.7043	35.7	58.5
GC1003827_F08_NODE_2261_length_2364_cov_2.285650	1	2364	295	2364	100	17.3469	35.2	57.7
GC1003827_F08_NODE_2262_length_2363_cov_12.692755	1	2363	1885	2363	100	109.809	35.3	57.9
GC1003827_F08_NODE_2263_length_2363_cov_6.219141	1	2363	890	2357	99.7461	52.5764	35.7	58.3
GC1003827_F08_NODE_2264_length_2363_cov_3.778175	1	2363	490	2363	100	29.4752	35.5	58.8
GC1003827_F08_NODE_2265_length_2362_cov_1.827293	1	2362	232	2362	100	13.9433	35.5	58
GC1003827_F08_NODE_2266_length_2361_cov_4.619964	1	2361	757	2361	100	42.0385	35.3	56.6
GC1003827_F08_NODE_2267_length_2361_cov_4.209042	1	2361	548	2361	100	32.8878	35.6	59.2
GC1003827_F08_NODE_2268_length_2360_cov_8.894313	1	2360	1237	2360	100	72.186	35.7	58.5
GC1003827_F08_NODE_2269_length_2360_cov_2.423645	1	2360	390	2360	100	21.2581	35.8	54.2
GC1003827_F08_NODE_2270_length_2360_cov_2.079713	1	2360	242	2360	100	14.9606	35.3	59.8
GC1003827_F08_NODE_2271_length_2359_cov_4.534498	1	2359	658	2358	99.9576	37.1454	35.7	56.5
GC1003827_F08_NODE_2272_length_2359_cov_4.321237	1	2359	558	2359	100	33.3234	35.5	58.3
GC1003827_F08_NODE_2273_length_2359_cov_2.166667	1	2359	279	2359	100	16.8012	35.6	59.8
GC1003827_F08_NODE_2274_length_2358_cov_8.699686	1	2358	1145	2358	100	68.2019	35.4	58.9
GC1003827_F08_NODE_2275_length_2358_cov_6.725684	1	2358	1258	2358	100	71.5327	35.3	54
GC1003827_F08_NODE_2276_length_2358_cov_4.947109	1	2358	604	2358	100	36.7014	35.5	59.2
GC1003827_F08_NODE_2277_length_2357_cov_8.273991	1	2357	1187	2357	100	69.328	35.2	58.5
GC1003827_F08_NODE_2278_length_2357_cov_7.265471	1	2357	996	2357	100	57.0004	35.7	58.3
GC1003827_F08_NODE_2279_length_2357_cov_3.814350	1	2357	751	2357	100	40.8574	35.3	55.6
GC1003827_F08_NODE_2280_length_2356_cov_7.423060	1	2356	1071	2356	100	63.298	35.7	58.7
GC1003827_F08_NODE_2281_length_2356_cov_7.308659	1	2356	1024	2356	100	60.0106	35.3	58.3
GC1003827_F08_NODE_2282_length_2355_cov_5.451077	1	2355	727	2355	100	43.648	35.6	59.2
GC1003827_F08_NODE_2283_length_2354_cov_5.229906	1	2354	785	2354	100	45.0692	35.7	57.4
GC1003827_F08_NODE_2284_length_2354_cov_3.922317	1	2354	752	2354	100	37.545	35.4	48.2
GC1003827_F08_NODE_2285_length_2353_cov_10.441150	1	2353	1321	2353	100	80.3676	35.5	59.3
GC1003827_F08_NODE_2286_length_2352_cov_11.804944	1	2352	2615	2352	100	133.964	35	52.6
GC1003827_F08_NODE_2287_length_2352_cov_10.903371	1	2352	1582	2352	100	90.7564	35.5	57.6
GC1003827_F08_NODE_2288_length_2352_cov_5.434157	1	2352	702	2352	100	41.6607	35.9	58.5
GC1003827_F08_NODE_2289_length_2352_cov_3.932584	1	2352	875	2352	100	46.3695	35.6	52
GC1003827_F08_NODE_2290_length_2351_cov_8.011241	1	2351	943	2351	100	57.9226	35.6	59.3
GC1003827_F08_NODE_2291_length_2351_cov_4.566996	1	2351	979	2351	100	55.473	35	47.2
GC1003827_F08_NODE_2292_length_2351_cov_4.216277	1	2351	652	2351	100	37.0017	35.6	57.3
GC1003827_F08_NODE_2293_length_2351_cov_3.579137	1	2351	493	2351	100	28.8588	35.7	57.6
GC1003827_F08_NODE_2294_length_2351_cov_3.450090	1	2351	549	2351	100	30.3407	35.4	55.7
GC1003827_F08_NODE_2295_length_2350_cov_23.636977	1	2350	9026	2350	100	514.991	35.3	45
GC1003827_F08_NODE_2296_length_2350_cov_6.309942	1	2350	1025	2350	100	56.2689	35.3	56.6
GC1003827_F08_NODE_2297_length_2350_cov_3.291048	1	2350	633	2350	100	31.6579	35.7	49.9
GC1003827_F08_NODE_2298_length_2349_cov_8.112511	1	2349	1197	2349	100	66.3525	35.8	53.3
GC1003827_F08_NODE_2299_length_2349_cov_6.553105	1	2349	975	2349	100	54.6977	35.5	54.9
GC1003827_F08_NODE_2300_length_2348_cov_10.700585	1	2348	1520	2348	100	89.2108	35.5	58.2
GC1003827_F08_NODE_2301_length_2348_cov_5.134624	1	2348	729	2348	100	42.1095	35.8	58.3
GC1003827_F08_NODE_2302_length_2348_cov_1.113913	1	2348	192	2348	100	10.0102	35.6	51.4
GC1003827_F08_NODE_2303_length_2347_cov_17.899550	1	2347	2676	2347	100	155.333	35.4	58.6
GC1003827_F08_NODE_2304_length_2347_cov_11.522523	1	2347	1393	2347	100	84.9936	35.4	59.6
GC1003827_F08_NODE_2305_length_2347_cov_7.166216	1	2347	1546	2347	100	84.1206	34.8	55.9
GC1003827_F08_NODE_2306_length_2347_cov_4.739189	1	2347	624	2347	100	37.9122	35.6	59.2
GC1003827_F08_NODE_2307_length_2347_cov_2.546847	1	2347	308	2347	100	18.8023	35.5	59.5
GC1003827_F08_NODE_2308_length_2345_cov_5.591073	1	2345	818	2345	100	47.5245	35.5	58.4
GC1003827_F08_NODE_2309_length_2345_cov_3.863390	1	2345	742	2345	100	37.8887	35.5	48.9
GC1003827_F08_NODE_2310_length_2345_cov_1.880523	1	2345	281	2345	100	16.1318	35.1	57.2
GC1003827_F08_NODE_2311_length_2344_cov_8.576455	1	2344	1305	2344	100	75.3669	35.8	57.7
GC1003827_F08_NODE_2312_length_2344_cov_6.208390	1	2344	925	2344	100	52.7197	35.5	57.3
GC1003827_F08_NODE_2313_length_2344_cov_6.012179	1	2344	1113	2344	100	59.8584	34.8	54.5
GC1003827_F08_NODE_2314_length_2344_cov_3.584574	1	2344	606	2344	100	33.1254	35.7	55.4
GC1003827_F08_NODE_2315_length_2343_cov_3.887635	1	2343	645	2334	99.6159	35.5169	35.6	56.8
GC1003827_F08_NODE_2316_length_2343_cov_1.504061	1	2343	260	2343	100	13.7849	35.7	54.2
GC1003827_F08_NODE_2317_length_2341_cov_2.507678	1	2341	313	2331	99.5728	19.0636	35.7	58.7
GC1003827_F08_NODE_2318_length_2340_cov_8.195210	1	2340	1179	2340	100	69.6692	35.6	58.3
GC1003827_F08_NODE_2319_length_2340_cov_6.759150	1	2340	846	2340	100	52.0949	35.4	59.6
GC1003827_F08_NODE_2320_length_2340_cov_2.491188	1	2340	343	2329	99.5299	19.6769	35.7	57.2
GC1003827_F08_NODE_2321_length_2339_cov_3.277577	1	2339	421	2339	100	26.0333	35.7	59.1
GC1003827_F08_NODE_2322_length_2339_cov_1.976040	1	2339	255	2335	99.829	15.4754	35.6	59.5
GC1003827_F08_NODE_2323_length_2338_cov_21.300769	1	2338	3734	2338	100	212.407	35.2	57.9
GC1003827_F08_NODE_2324_length_2338_cov_5.533695	1	2338	724	2338	100	43.7605	35.5	59
GC1003827_F08_NODE_2325_length_2337_cov_5.246606	1	2337	857	2329	99.6577	47.9255	35.2	54.8
GC1003827_F08_NODE_2326_length_2336_cov_6.747397	1	2336	838	2336	100	51.0955	35.7	57.2
GC1003827_F08_NODE_2327_length_2336_cov_4.860118	1	2336	657	2336	100	37.4058	35.3	55.1
GC1003827_F08_NODE_2328_length_2336_cov_3.888637	1	2336	471	2336	100	28.9658	35.4	59.6
GC1003827_F08_NODE_2329_length_2336_cov_2.180625	1	2336	273	2336	100	16.8022	35.9	59.4
GC1003827_F08_NODE_2330_length_2335_cov_6.356884	1	2335	945	2335	100	56.1632	35.7	58.6
GC1003827_F08_NODE_2331_length_2335_cov_3.975996	1	2335	651	2335	100	37.0801	34.8	56.7
GC1003827_F08_NODE_2332_length_2334_cov_3.331672	1	2334	390	2334	100	23.8642	35.6	59.2
GC1003827_F08_NODE_2333_length_2333_cov_21.759293	1	2333	3097	2333	100	182.41	35.6	58.4
GC1003827_F08_NODE_2334_length_2333_cov_13.274252	1	2333	2299	2333	100	126.267	35.4	55.2
GC1003827_F08_NODE_2335_length_2333_cov_6.674524	1	2333	1006	2333	100	56.0862	35.7	58.5
GC1003827_F08_NODE_2336_length_2333_cov_3.825929	1	2333	856	2333	100	38.6207	35	36
GC1003827_F08_NODE_2337_length_2333_cov_3.267906	1	2333	424	2333	100	25.8243	35.8	59.4
GC1003827_F08_NODE_2338_length_2332_cov_12.499773	1	2332	1910	2310	99.0566	105.977	35.5	53.9
GC1003827_F08_NODE_2339_length_2330_cov_8.917385	1	2330	1508	2330	100	83.1661	35.2	54.4
GC1003827_F08_NODE_2340_length_2329_cov_7.693915	1	2329	932	2329	100	57.7192	35.9	59.2
GC1003827_F08_NODE_2341_length_2329_cov_6.456403	1	2329	1103	2329	100	61.681	35.6	55.4
GC1003827_F08_NODE_2342_length_2328_cov_5.411177	1	2328	668	2328	100	40.5434	35.8	58.9
GC1003827_F08_NODE_2343_length_2328_cov_4.073603	1	2328	505	2328	100	30.2371	35.5	57.6
GC1003827_F08_NODE_2344_length_2328_cov_2.648342	1	2328	444	2328	100	24.6418	35.5	56.8
GC1003827_F08_NODE_2345_length_2326_cov_8.867212	1	2326	1190	2326	100	71.1174	35.7	58.9
GC1003827_F08_NODE_2346_length_2326_cov_7.914961	1	2326	1309	2326	100	73.7244	35.5	57.7
GC1003827_F08_NODE_2347_length_2325_cov_21.170155	1	2325	3485	2325	100	190.582	35.4	53
GC1003827_F08_NODE_2348_length_2325_cov_4.100546	1	2325	714	2325	100	35.9772	35.5	47.1
GC1003827_F08_NODE_2349_length_2324_cov_17.727355	1	2324	2319	2324	100	138.392	35.8	57.2
GC1003827_F08_NODE_2350_length_2324_cov_3.926263	1	2324	791	2324	100	38.8701	35.3	44.6
GC1003827_F08_NODE_2351_length_2323_cov_10.280965	1	2323	1325	2323	100	79.7391	35.6	58.7
GC1003827_F08_NODE_2352_length_2323_cov_10.050091	1	2323	1664	2323	100	96.09	35.4	56.5
GC1003827_F08_NODE_2353_length_2323_cov_5.653916	1	2323	771	2323	100	44.2449	35.7	54.4
GC1003827_F08_NODE_2354_length_2322_cov_22.477904	1	2322	3085	2322	100	182.571	35.5	58.4
GC1003827_F08_NODE_2355_length_2322_cov_6.688838	1	2322	1221	2322	100	75.2407	35.6	50.5
GC1003827_F08_NODE_2356_length_2322_cov_6.148064	1	2322	892	2322	100	51.5991	35.5	55.4
GC1003827_F08_NODE_2357_length_2322_cov_5.635080	1	2322	836	2322	100	46.9608	35.6	54.6
GC1003827_F08_NODE_2358_length_2321_cov_5.373291	1	2321	878	2321	100	49.7953	35.5	56.9
GC1003827_F08_NODE_2359_length_2321_cov_1.458979	1	2321	209	2321	100	12.6071	35.8	59.2
GC1003827_F08_NODE_2360_length_2320_cov_3.349293	1	2320	1020	2320	100	42.8259	34.9	25.4
GC1003827_F08_NODE_2361_length_2319_cov_6.257299	1	2319	1040	2308	99.5257	58.7469	35.3	57.6
GC1003827_F08_NODE_2362_length_2319_cov_5.558394	1	2319	746	2319	100	43.5179	35.7	55.2
GC1003827_F08_NODE_2363_length_2318_cov_6.120493	1	2318	1322	2318	100	64.4922	35.3	43.9
GC1003827_F08_NODE_2364_length_2318_cov_5.594706	1	2318	777	2318	100	45.6531	35.3	57.8
GC1003827_F08_NODE_2365_length_2318_cov_4.666362	1	2318	1035	2310	99.6549	53.7019	34.5	54.4
GC1003827_F08_NODE_2366_length_2317_cov_5.374429	1	2317	780	2317	100	44.6388	35.3	55.1
GC1003827_F08_NODE_2367_length_2316_cov_14.032892	1	2316	2735	2316	100	148.124	35.7	57.5
GC1003827_F08_NODE_2368_length_2316_cov_1.894472	1	2316	220	2314	99.9136	13.6149	35.7	58.9
GC1003827_F08_NODE_2369_length_2315_cov_4.928702	1	2315	746	2315	100	42.9719	35.5	58.2
GC1003827_F08_NODE_2370_length_2314_cov_7.085048	1	2314	878	2314	100	53.7978	35.6	58.8
GC1003827_F08_NODE_2371_length_2314_cov_6.927298	1	2314	1005	2314	100	58.6379	35.6	57.4
GC1003827_F08_NODE_2372_length_2314_cov_3.780979	1	2314	941	2314	100	43.4162	34.9	40.4
GC1003827_F08_NODE_2373_length_2313_cov_12.929094	1	2313	1811	2313	100	105.425	35.7	57.2
GC1003827_F08_NODE_2374_length_2313_cov_2.099726	1	2313	393	2313	100	20.035	35.2	51.1
GC1003827_F08_NODE_2375_length_2312_cov_6.955606	1	2312	924	2312	100	55.6246	35.7	57.9
GC1003827_F08_NODE_2376_length_2312_cov_5.877346	1	2312	937	2312	100	52.4827	35.6	53.9
GC1003827_F08_NODE_2377_length_2310_cov_13.306459	1	2310	2084	2310	100	122.35	35.2	58.1
GC1003827_F08_NODE_2378_length_2310_cov_3.855245	1	2310	577	2310	100	32.7169	35.5	54.8
GC1003827_F08_NODE_2379_length_2309_cov_9.252521	1	2309	1738	2309	100	87.8926	35.3	45.4
GC1003827_F08_NODE_2380_length_2309_cov_7.059120	1	2309	1198	2309	100	68.5721	35.1	57.3
GC1003827_F08_NODE_2381_length_2309_cov_2.390926	1	2309	611	2309	100	25.133	34.6	30.3
GC1003827_F08_NODE_2382_length_2308_cov_6.121045	1	2308	680	2308	100	43.1226	35.7	59.7
GC1003827_F08_NODE_2383_length_2308_cov_3.257221	1	2308	429	2308	100	25.7067	35.5	58.3
GC1003827_F08_NODE_2384_length_2307_cov_13.645872	1	2307	1752	2307	100	106.29	35.6	58.8
GC1003827_F08_NODE_2385_length_2307_cov_12.988073	1	2307	1934	2292	99.3498	109.304	35.5	56.5
GC1003827_F08_NODE_2386_length_2307_cov_11.309174	1	2307	1510	2306	99.9567	90.5977	35.4	58.4
GC1003827_F08_NODE_2387_length_2307_cov_7.416055	1	2307	981	2307	100	59.4317	35.7	58.8
GC1003827_F08_NODE_2388_length_2307_cov_7.221560	1	2307	1235	2307	100	62.8054	35.4	45.3
GC1003827_F08_NODE_2389_length_2306_cov_11.407526	1	2306	2350	2306	100	138.922	35.3	51.2
GC1003827_F08_NODE_2390_length_2306_cov_3.999541	1	2306	881	2306	100	41.5724	34.9	43.8
GC1003827_F08_NODE_2391_length_2305_cov_9.372819	1	2305	1460	2305	100	84.2187	35.4	56.6
GC1003827_F08_NODE_2392_length_2305_cov_8.461892	1	2305	1767	2278	98.8286	99.3267	35.7	41.7
GC1003827_F08_NODE_2393_length_2305_cov_5.499541	1	2305	735	2305	100	44.0048	35.7	58.5
GC1003827_F08_NODE_2394_length_2305_cov_5.290634	1	2305	643	2305	100	39.4312	35.5	58.8
GC1003827_F08_NODE_2395_length_2304_cov_9.177768	1	2304	1255	2304	100	74.2305	35.7	57.7
GC1003827_F08_NODE_2396_length_2304_cov_8.680753	1	2304	1231	2304	100	72.4423	35.6	57.5
GC1003827_F08_NODE_2397_length_2304_cov_7.538356	1	2304	1127	2304	100	67.1115	35.4	59
GC1003827_F08_NODE_2398_length_2303_cov_6.402114	1	2303	1227	2303	100	62.7173	35.5	52.9
GC1003827_F08_NODE_2399_length_2303_cov_5.818474	1	2303	833	2303	100	49.8024	35.7	57.4
GC1003827_F08_NODE_2400_length_2301_cov_8.640294	1	2301	1192	2301	100	70.4459	35.6	57.5
GC1003827_F08_NODE_2401_length_2301_cov_5.744710	1	2301	748	2301	100	45.4272	35.5	57.5
GC1003827_F08_NODE_2402_length_2301_cov_4.900644	1	2301	689	2292	99.6089	41.7232	35.5	58.2
GC1003827_F08_NODE_2403_length_2300_cov_3.713760	1	2300	450	2300	100	28.2948	35.5	59.4
GC1003827_F08_NODE_2404_length_2300_cov_2.344685	1	2300	385	2300	100	21.2117	35.4	54.6
GC1003827_F08_NODE_2405_length_2300_cov_1.415094	1	2300	224	2300	100	12.7561	35.5	55.5
GC1003827_F08_NODE_2406_length_2299_cov_7.231123	1	2299	1768	2299	100	86.6346	34.8	42.8
GC1003827_F08_NODE_2407_length_2299_cov_2.104972	1	2299	873	2299	100	32.7982	34.8	22.9
GC1003827_F08_NODE_2408_length_2298_cov_7.351912	1	2298	956	2298	100	58.4151	35.7	58.8
GC1003827_F08_NODE_2409_length_2297_cov_6.396774	1	2297	1063	2297	100	59.1741	35.4	55.5
GC1003827_F08_NODE_2410_length_2297_cov_4.452535	1	2297	958	2297	100	43.0418	34.7	36.9
GC1003827_F08_NODE_2411_length_2297_cov_2.332719	1	2297	313	2297	100	18.5934	35.3	58.3
GC1003827_F08_NODE_2412_length_2296_cov_13.048870	1	2296	2500	2296	100	138.488	35.2	52.9
GC1003827_F08_NODE_2413_length_2296_cov_5.567543	1	2296	692	2296	100	42.4255	35.7	59.5
GC1003827_F08_NODE_2414_length_2295_cov_7.227860	1	2295	933	2295	100	56.6057	35.5	56.7
GC1003827_F08_NODE_2415_length_2295_cov_5.481089	1	2295	793	2295	100	46.2501	35.5	56.5
GC1003827_F08_NODE_2416_length_2295_cov_5.088561	1	2295	691	2295	100	41.7224	35.7	58.3
GC1003827_F08_NODE_2417_length_2294_cov_23.485002	1	2294	3215	2294	100	196.647	35.5	59
GC1003827_F08_NODE_2418_length_2294_cov_9.116751	1	2294	1305	2294	100	77.8832	35.6	58.1
GC1003827_F08_NODE_2419_length_2294_cov_8.996770	1	2294	1229	2294	100	73.7066	35.7	58.4
GC1003827_F08_NODE_2420_length_2294_cov_7.491001	1	2294	1276	2294	100	70.9599	35.3	54.1
GC1003827_F08_NODE_2421_length_2293_cov_26.865651	1	2293	4030	2293	100	236.507	35.5	57.6
GC1003827_F08_NODE_2422_length_2293_cov_10.796861	1	2293	2234	2293	100	119.317	35.2	52.3
GC1003827_F08_NODE_2423_length_2293_cov_7.738689	1	2293	926	2292	99.9564	57.4492	35.6	59.3
GC1003827_F08_NODE_2424_length_2293_cov_4.103878	1	2293	839	2293	100	42.1771	35	49.3
GC1003827_F08_NODE_2425_length_2293_cov_3.645429	1	2293	489	2293	100	29.7911	35.8	59.2
GC1003827_F08_NODE_2426_length_2292_cov_13.515012	1	2292	1995	2292	100	116.166	35.6	56.8
GC1003827_F08_NODE_2427_length_2292_cov_7.247575	1	2292	867	2292	100	54.1475	35.5	59
GC1003827_F08_NODE_2428_length_2292_cov_2.642494	1	2292	312	2292	100	19.548	35.8	59.5
GC1003827_F08_NODE_2429_length_2291_cov_5.817930	1	2291	4620	2291	100	209.711	34.2	20.8
GC1003827_F08_NODE_2430_length_2291_cov_4.249538	1	2291	692	2291	100	37.2353	35.8	54.4
GC1003827_F08_NODE_2431_length_2291_cov_4.056377	1	2291	1056	2291	100	61.1157	35.7	49.8
GC1003827_F08_NODE_2432_length_2291_cov_3.995379	1	2291	637	2291	100	35.9834	35.6	55.6
GC1003827_F08_NODE_2433_length_2290_cov_14.093389	1	2290	1738	2290	100	103.942	35.7	57.3
GC1003827_F08_NODE_2434_length_2290_cov_11.921405	1	2290	1727	2288	99.9127	103.855	35.5	58.6
GC1003827_F08_NODE_2435_length_2290_cov_7.390199	1	2290	1136	2290	100	62.4576	35.7	54.4
GC1003827_F08_NODE_2436_length_2290_cov_6.716597	1	2290	1082	2280	99.5633	64.1039	35.6	58.5
GC1003827_F08_NODE_2437_length_2289_cov_6.068918	1	2289	834	2289	100	50.3303	35.7	58.1
GC1003827_F08_NODE_2438_length_2289_cov_3.205828	1	2289	367	2289	100	23.5863	35.4	59.8
GC1003827_F08_NODE_2439_length_2288_cov_12.681166	1	2288	1864	2288	100	110.538	35.5	57.1
GC1003827_F08_NODE_2440_length_2288_cov_4.849144	1	2288	731	2286	99.9126	42.8855	35.4	58.1
GC1003827_F08_NODE_2441_length_2288_cov_3.481721	1	2288	422	2288	100	26.2059	35.6	58.9
GC1003827_F08_NODE_2442_length_2287_cov_15.058796	1	2287	2222	2287	100	130.685	35.7	57.5
GC1003827_F08_NODE_2443_length_2287_cov_6.063426	1	2287	732	2287	100	45.7818	35.3	58.9
GC1003827_F08_NODE_2444_length_2287_cov_4.690741	1	2287	844	2287	100	44.7202	35.5	50.1
GC1003827_F08_NODE_2445_length_2287_cov_2.485185	1	2287	321	2276	99.519	19.2628	35.5	58.3
GC1003827_F08_NODE_2446_length_2286_cov_3.042612	1	2286	435	2286	100	24.7878	35.7	58.3
GC1003827_F08_NODE_2447_length_2285_cov_8.821131	1	2285	1478	2279	99.7374	83.0088	35.6	56.5
GC1003827_F08_NODE_2448_length_2285_cov_3.407785	1	2285	452	2285	100	27.6595	35.7	58.5
GC1003827_F08_NODE_2449_length_2285_cov_2.898517	1	2285	384	2285	100	22.7904	35.6	55.8
GC1003827_F08_NODE_2450_length_2285_cov_2.189527	1	2285	314	2285	100	18.4044	35.5	56.3
GC1003827_F08_NODE_2451_length_2284_cov_7.022253	1	2284	1210	2284	100	69.4339	35.1	57.3
GC1003827_F08_NODE_2452_length_2284_cov_6.152063	1	2284	766	2284	100	46.5933	35.4	58.7
GC1003827_F08_NODE_2453_length_2284_cov_6.111266	1	2284	1050	2284	100	55.5521	35.8	50.5
GC1003827_F08_NODE_2454_length_2284_cov_2.562819	1	2284	325	2275	99.606	19.9663	35.5	59.2
GC1003827_F08_NODE_2455_length_2283_cov_11.566327	1	2283	1421	2283	100	88.6242	35.6	59
GC1003827_F08_NODE_2456_length_2283_cov_7.178108	1	2283	1452	2283	100	76.8918	35.5	57.6
GC1003827_F08_NODE_2457_length_2282_cov_6.080278	1	2282	1043	2282	100	51.7564	35.4	50.2
GC1003827_F08_NODE_2458_length_2282_cov_2.385151	1	2282	357	2273	99.6056	21.6358	35.5	58.3
GC1003827_F08_NODE_2459_length_2282_cov_1.460789	1	2282	191	2282	100	11.7156	35.4	59.1
GC1003827_F08_NODE_2460_length_2281_cov_14.584958	1	2281	6103	2281	100	292.288	34.5	28.9
GC1003827_F08_NODE_2461_length_2281_cov_8.360260	1	2281	1097	2281	100	66.829	35.6	58.7
GC1003827_F08_NODE_2462_length_2281_cov_6.904364	1	2281	897	2281	100	54.6931	35.5	58.4
GC1003827_F08_NODE_2463_length_2281_cov_5.653668	1	2281	1048	2281	100	59.0903	35.4	56
GC1003827_F08_NODE_2464_length_2281_cov_3.004178	1	2281	407	2271	99.5616	23.1372	35.5	53.6
GC1003827_F08_NODE_2465_length_2280_cov_8.836043	1	2280	1124	2280	100	69.8789	35.6	59.1
GC1003827_F08_NODE_2466_length_2280_cov_5.208546	1	2280	1443	2280	100	66.0189	35	43.3
GC1003827_F08_NODE_2467_length_2280_cov_4.268463	1	2280	617	2280	100	37.9522	35.5	59
GC1003827_F08_NODE_2468_length_2279_cov_8.284387	1	2279	1444	2279	100	84.6863	34.6	57.9
GC1003827_F08_NODE_2469_length_2279_cov_5.514405	1	2279	777	2269	99.5612	46.7442	35.5	58.2
GC1003827_F08_NODE_2470_length_2279_cov_4.464684	1	2279	1007	2279	100	49.0097	35.3	53.6
GC1003827_F08_NODE_2471_length_2279_cov_3.448420	1	2279	492	2279	100	26.4221	35.6	48.9
GC1003827_F08_NODE_2472_length_2278_cov_8.347745	1	2278	1181	2278	100	69.1422	35.6	54.7
GC1003827_F08_NODE_2473_length_2278_cov_7.940958	1	2278	1260	2278	100	74.8661	35.1	57.9
GC1003827_F08_NODE_2474_length_2278_cov_6.210600	1	2278	2168	2278	100	109.021	34.8	53.6
GC1003827_F08_NODE_2475_length_2278_cov_5.837750	1	2278	1093	2278	100	60.4675	35.5	56
GC1003827_F08_NODE_2476_length_2278_cov_4.748489	1	2278	725	2278	100	43.9271	35.2	58.1
GC1003827_F08_NODE_2477_length_2278_cov_2.682008	1	2278	775	2277	99.9561	33.9627	34.6	43
GC1003827_F08_NODE_2478_length_2276_cov_9.101443	1	2276	1318	2276	100	78.4385	35.3	56.9
GC1003827_F08_NODE_2479_length_2276_cov_8.602606	1	2276	1319	2276	100	78.6687	35.6	56.6
GC1003827_F08_NODE_2480_length_2276_cov_1.541182	1	2276	164	2276	100	10.6366	35.6	59.7
GC1003827_F08_NODE_2481_length_2275_cov_8.462291	1	2275	1427	2275	100	78.4031	35	51.7
GC1003827_F08_NODE_2482_length_2275_cov_5.356611	1	2275	645	2273	99.9121	40.7213	35.5	59.6
GC1003827_F08_NODE_2483_length_2274_cov_11.074523	1	2274	1689	2274	100	97.6552	35.5	56.4
GC1003827_F08_NODE_2484_length_2274_cov_6.565440	1	2274	996	2274	100	57.0317	35.6	56
GC1003827_F08_NODE_2485_length_2273_cov_3.844828	1	2273	665	2273	100	38.1562	34.9	56.3
GC1003827_F08_NODE_2486_length_2273_cov_3.826654	1	2273	467	2273	100	28.7747	35.5	58.2
GC1003827_F08_NODE_2487_length_2273_cov_2.666356	1	2273	349	2273	100	21.6498	35.4	59.3
GC1003827_F08_NODE_2488_length_2272_cov_10.798135	1	2272	1606	2272	100	94.4547	35.5	57.7
GC1003827_F08_NODE_2489_length_2272_cov_2.446620	1	2272	403	2272	100	23.5224	35.7	58.2
GC1003827_F08_NODE_2490_length_2272_cov_2.257809	1	2272	322	2260	99.4718	19.0814	36	58.4
GC1003827_F08_NODE_2491_length_2271_cov_2.939832	1	2271	369	2271	100	22.8529	35.6	58.5
GC1003827_F08_NODE_2492_length_2271_cov_2.206623	1	2271	321	2271	100	18.5077	35.5	55.9
GC1003827_F08_NODE_2493_length_2271_cov_1.100280	1	2271	478	2271	100	16.0951	34.7	21.2
GC1003827_F08_NODE_2494_length_2270_cov_6.155390	1	2270	988	2270	100	56.3586	35.4	57.2
GC1003827_F08_NODE_2495_length_2269_cov_5.784781	1	2269	1282	2269	100	64.7726	35.4	44.8
GC1003827_F08_NODE_2496_length_2269_cov_5.190943	1	2269	794	2269	100	46.6633	35.5	56.4
GC1003827_F08_NODE_2497_length_2268_cov_5.046707	1	2268	767	2268	100	44.4885	35.4	53.3
GC1003827_F08_NODE_2498_length_2268_cov_2.637085	1	2268	468	2268	100	23.7377	35.2	42.5
GC1003827_F08_NODE_2499_length_2268_cov_2.579169	1	2268	421	2268	100	23.3263	35	54.5
GC1003827_F08_NODE_2500_length_2267_cov_5.610748	1	2267	824	2267	100	48.2836	35.7	57.2
GC1003827_F08_NODE_2501_length_2267_cov_5.069626	1	2267	664	2267	100	40.9047	35.8	58.3
GC1003827_F08_NODE_2502_length_2267_cov_4.059346	1	2267	672	2267	100	37.5174	35.3	53
GC1003827_F08_NODE_2503_length_2267_cov_2.226168	1	2267	271	2267	100	16.7437	36	57.6
GC1003827_F08_NODE_2504_length_2266_cov_6.400655	1	2266	877	2263	99.8676	53.876	35.5	58
GC1003827_F08_NODE_2505_length_2266_cov_3.866293	1	2266	468	2265	99.9559	29.0013	35.2	58.4
GC1003827_F08_NODE_2506_length_2265_cov_14.871375	1	2265	2891	2265	100	168.077	34.9	56.6
GC1003827_F08_NODE_2507_length_2264_cov_3.095461	1	2264	549	2256	99.6466	29.7253	35.8	55.8
GC1003827_F08_NODE_2508_length_2264_cov_2.656996	1	2264	350	2264	100	21.03	35.5	58.3
GC1003827_F08_NODE_2509_length_2263_cov_10.208333	1	2263	1599	2263	100	88.224	35.6	50.7
GC1003827_F08_NODE_2510_length_2263_cov_6.687266	1	2263	1257	2263	100	64.5077	34.9	48.1
GC1003827_F08_NODE_2511_length_2263_cov_5.931648	1	2263	778	2263	100	47.8639	35.6	58.6
GC1003827_F08_NODE_2512_length_2263_cov_2.726592	1	2263	322	2263	100	20.1516	35.6	59
GC1003827_F08_NODE_2513_length_2262_cov_7.059953	1	2262	1480	2262	100	79.9792	35	55.4
GC1003827_F08_NODE_2514_length_2262_cov_6.617799	1	2262	998	2262	100	56.7179	35.7	56.2
GC1003827_F08_NODE_2515_length_2262_cov_6.561124	1	2262	1000	2262	100	54.5438	35.4	49.2
GC1003827_F08_NODE_2516_length_2262_cov_6.499297	1	2262	962	2245	99.2485	58.7308	35.6	57.8
GC1003827_F08_NODE_2517_length_2262_cov_6.317564	1	2262	1097	2262	100	61.084	35.6	56
GC1003827_F08_NODE_2518_length_2262_cov_5.293677	1	2262	706	2262	100	42.1468	35.8	58.1
GC1003827_F08_NODE_2519_length_2262_cov_2.048712	1	2262	252	2261	99.9558	15.6622	35.8	58.2
GC1003827_F08_NODE_2520_length_2261_cov_7.691659	1	2261	923	2261	100	58.0924	35.5	59.3
GC1003827_F08_NODE_2521_length_2260_cov_8.887482	1	2260	1102	2260	100	68.8814	35.6	59.1
GC1003827_F08_NODE_2522_length_2260_cov_5.485232	1	2260	804	2260	100	48.3075	35.5	57.1
GC1003827_F08_NODE_2523_length_2259_cov_6.374765	1	2259	753	2259	100	45.8606	35.4	55.4
GC1003827_F08_NODE_2524_length_2259_cov_5.386492	1	2259	702	2259	100	43.2665	35.6	57.8
GC1003827_F08_NODE_2525_length_2259_cov_5.170263	1	2259	929	2259	100	50.826	35.4	56
GC1003827_F08_NODE_2526_length_2259_cov_3.043152	1	2259	396	2259	100	24.1695	35.5	58.3
GC1003827_F08_NODE_2527_length_2258_cov_7.479587	1	2258	897	2258	100	55.9597	35.4	58.9
GC1003827_F08_NODE_2528_length_2258_cov_7.387611	1	2258	891	2258	100	55.9207	35.6	58.6
GC1003827_F08_NODE_2529_length_2258_cov_4.645237	1	2258	638	2258	100	37.2484	35.9	55.6
GC1003827_F08_NODE_2530_length_2258_cov_4.138902	1	2258	633	2256	99.9114	37.2343	35.4	52.1
GC1003827_F08_NODE_2531_length_2258_cov_4.055373	1	2258	474	2258	100	29.841	35.3	58.8
GC1003827_F08_NODE_2532_length_2258_cov_2.664477	1	2258	371	2248	99.5571	20.4903	35.4	53.4
GC1003827_F08_NODE_2533_length_2258_cov_2.429845	1	2258	1734	2258	100	65.8539	34.1	17.4
GC1003827_F08_NODE_2534_length_2256_cov_7.883513	1	2256	994	2256	100	59.4198	35.5	55.2
GC1003827_F08_NODE_2535_length_2256_cov_4.856740	1	2256	714	2246	99.5567	42.5403	35.6	57
GC1003827_F08_NODE_2536_length_2256_cov_4.854861	1	2256	707	2256	100	41.1064	35.4	57.1
GC1003827_F08_NODE_2537_length_2255_cov_7.413534	1	2255	999	2255	100	59.7268	35.5	56.3
GC1003827_F08_NODE_2538_length_2255_cov_6.870301	1	2255	915	2255	100	53.9255	35.6	54.4
GC1003827_F08_NODE_2539_length_2255_cov_6.803102	1	2255	898	2255	100	55.1251	35.7	59
GC1003827_F08_NODE_2540_length_2254_cov_4.645980	1	2254	780	2254	100	45.0297	35.7	56
GC1003827_F08_NODE_2541_length_2253_cov_12.015522	1	2253	1843	2253	100	108.132	35.4	57.4
GC1003827_F08_NODE_2542_length_2253_cov_10.907338	1	2253	1331	2253	100	83.0728	35.2	58.8
GC1003827_F08_NODE_2543_length_2253_cov_4.134525	1	2253	1143	2243	99.5561	49.3551	35	29.7
GC1003827_F08_NODE_2544_length_2252_cov_5.114353	1	2252	903	2252	100	47.0311	35.1	47.5
GC1003827_F08_NODE_2545_length_2251_cov_7.509887	1	2251	899	2251	100	56.5335	35.3	59.2
GC1003827_F08_NODE_2546_length_2251_cov_3.939266	1	2251	560	2250	99.9556	32.3612	35.7	56.6
GC1003827_F08_NODE_2547_length_2251_cov_3.301318	1	2251	384	2234	99.2448	24.4025	35.4	59
GC1003827_F08_NODE_2548_length_2250_cov_7.281677	1	2250	1032	2249	99.9556	63.1804	35.3	58.3
GC1003827_F08_NODE_2549_length_2249_cov_17.889727	1	2249	2574	2249	100	155.929	35.6	58
GC1003827_F08_NODE_2550_length_2249_cov_8.922243	1	2249	1669	2249	100	88.9351	35.2	47.7
GC1003827_F08_NODE_2551_length_2249_cov_8.497644	1	2249	1819	2249	100	90.5878	35	43.4
GC1003827_F08_NODE_2552_length_2249_cov_5.719133	1	2249	721	2249	100	44.466	35.3	57.9
GC1003827_F08_NODE_2553_length_2249_cov_5.012724	1	2249	632	2249	100	39.1049	35.9	59
GC1003827_F08_NODE_2554_length_2248_cov_9.767091	1	2248	1480	2248	100	84.4818	35.6	55.5
GC1003827_F08_NODE_2555_length_2248_cov_6.497878	1	2248	1199	2248	100	63.7286	34.9	54.5
GC1003827_F08_NODE_2556_length_2248_cov_6.099010	1	2248	847	2248	100	50.1855	35.7	57.3
GC1003827_F08_NODE_2557_length_2248_cov_5.157473	1	2248	928	2248	100	51.3087	35.2	53.4
GC1003827_F08_NODE_2558_length_2247_cov_14.313208	1	2247	1860	2247	100	114.962	35.6	58.7
GC1003827_F08_NODE_2559_length_2247_cov_10.442453	1	2247	1440	2247	100	88.4953	35.3	58.2
GC1003827_F08_NODE_2560_length_2247_cov_4.854717	1	2247	879	2247	100	48.3502	34.9	53
GC1003827_F08_NODE_2561_length_2247_cov_1.460377	1	2247	195	2236	99.5105	11.9662	35.7	58.4
GC1003827_F08_NODE_2562_length_2246_cov_5.839075	1	2246	726	2246	100	45.7876	35.7	58.7
GC1003827_F08_NODE_2563_length_2246_cov_3.543181	1	2246	393	2246	100	25.3963	35.4	59.4
GC1003827_F08_NODE_2564_length_2246_cov_3.117980	1	2246	518	2246	100	28.9773	35.7	54.6
GC1003827_F08_NODE_2565_length_2246_cov_1.515337	1	2246	434	2243	99.8664	18.2809	34	31.5
GC1003827_F08_NODE_2566_length_2245_cov_5.257790	1	2245	985	2245	100	53.9465	35.2	52.5
GC1003827_F08_NODE_2567_length_2245_cov_4.761568	1	2245	657	2245	100	40.0036	35.6	58.6
GC1003827_F08_NODE_2568_length_2244_cov_5.710439	1	2244	637	2244	100	40.8614	35.6	59.5
GC1003827_F08_NODE_2569_length_2244_cov_4.621162	1	2244	664	2244	100	38.8044	35.6	55.8
GC1003827_F08_NODE_2570_length_2243_cov_3.864367	1	2243	544	2243	100	32.095	35.6	57.4
GC1003827_F08_NODE_2571_length_2242_cov_6.459574	1	2242	1045	2242	100	59.5687	35.6	54
GC1003827_F08_NODE_2572_length_2242_cov_3.087943	1	2242	724	2225	99.2417	38.9857	35.2	56.2
GC1003827_F08_NODE_2573_length_2240_cov_13.878372	1	2240	2063	2240	100	119.854	35.5	57.1
GC1003827_F08_NODE_2574_length_2240_cov_10.265973	1	2240	1267	2240	100	79.1411	35.7	59
GC1003827_F08_NODE_2575_length_2240_cov_9.053478	1	2240	1080	2240	100	67.8411	35.7	58.6
GC1003827_F08_NODE_2576_length_2240_cov_4.709418	1	2240	666	2240	100	40.5607	35.5	56.9
GC1003827_F08_NODE_2577_length_2240_cov_4.080454	1	2240	578	2238	99.9107	35.2031	35.5	58.5
GC1003827_F08_NODE_2578_length_2240_cov_3.737814	1	2240	690	2240	100	38.5112	35.4	55.5
GC1003827_F08_NODE_2579_length_2240_cov_2.415050	1	2240	305	2240	100	19.3701	35.4	59
GC1003827_F08_NODE_2580_length_2239_cov_9.572443	1	2239	1788	2238	99.9553	101.113	35.5	53.3
GC1003827_F08_NODE_2581_length_2238_cov_6.864519	1	2238	926	2238	100	55.8481	35.7	57.7
GC1003827_F08_NODE_2582_length_2238_cov_3.693984	1	2238	444	2237	99.9553	28.2551	35.8	59.5
GC1003827_F08_NODE_2583_length_2237_cov_11.716588	1	2237	1449	2237	100	90.7903	35.5	58.9
GC1003827_F08_NODE_2584_length_2237_cov_8.065877	1	2237	1253	2237	100	73.9303	35.4	57.8
GC1003827_F08_NODE_2585_length_2237_cov_3.853555	1	2237	460	2237	100	28.5239	35.5	56
GC1003827_F08_NODE_2586_length_2237_cov_3.359242	1	2237	446	2237	100	27.0197	35.6	57.2
GC1003827_F08_NODE_2587_length_2236_cov_21.221906	1	2236	2861	2236	100	173.82	35.6	56.9
GC1003827_F08_NODE_2588_length_2236_cov_11.223329	1	2236	1688	2236	100	99.5134	35.4	57
GC1003827_F08_NODE_2589_length_2236_cov_10.811759	1	2236	1295	2236	100	81.797	35.7	58.8
GC1003827_F08_NODE_2590_length_2236_cov_7.621622	1	2236	2621	2236	100	142.338	35.4	39.1
GC1003827_F08_NODE_2591_length_2235_cov_8.024668	1	2235	2054	2235	100	118.581	35.1	52.5
GC1003827_F08_NODE_2592_length_2235_cov_3.293169	1	2235	495	2235	100	28.7812	35.8	56.4
GC1003827_F08_NODE_2593_length_2234_cov_10.230660	1	2234	1486	2234	100	90.8026	35.3	57.2
GC1003827_F08_NODE_2594_length_2234_cov_5.113431	1	2234	647	2234	100	39.1428	35.6	57.4
GC1003827_F08_NODE_2595_length_2234_cov_3.921215	1	2234	883	2234	100	41.5067	35.3	34.4
GC1003827_F08_NODE_2596_length_2234_cov_1.401044	1	2234	172	2234	100	10.9324	35.6	59.1
GC1003827_F08_NODE_2597_length_2234_cov_1.187470	1	2234	153	2234	100	9.3966	35.5	57.4
GC1003827_F08_NODE_2598_length_2233_cov_5.599715	1	2233	703	2233	100	43.4138	35.7	57.5
GC1003827_F08_NODE_2599_length_2233_cov_5.207028	1	2233	767	2233	100	46.3206	35.6	57.2
GC1003827_F08_NODE_2600_length_2233_cov_3.325261	1	2233	485	2232	99.9552	28.339	35.6	54.3
GC1003827_F08_NODE_2601_length_2233_cov_3.135802	1	2233	357	2233	100	23.0336	35.4	59.5
GC1003827_F08_NODE_2602_length_2232_cov_9.733017	1	2232	1107	2232	100	71.5744	35.3	59.5
GC1003827_F08_NODE_2603_length_2231_cov_4.367395	1	2231	727	2231	100	40.7315	34.7	54.6
GC1003827_F08_NODE_2604_length_2231_cov_2.250475	1	2231	281	2231	100	17.6818	35.7	58.8
GC1003827_F08_NODE_2605_length_2230_cov_15.103661	1	2230	1904	2230	100	118.3	35.6	57.2
GC1003827_F08_NODE_2606_length_2230_cov_5.674275	1	2230	1918	2230	100	91.2	34.7	50.1
GC1003827_F08_NODE_2607_length_2230_cov_4.419401	1	2230	823	2230	100	44.5453	35.8	53.3
GC1003827_F08_NODE_2608_length_2229_cov_5.603711	1	2229	2066	2229	100	116.459	35.1	50.2
GC1003827_F08_NODE_2609_length_2229_cov_4.029496	1	2229	781	2229	100	41.3876	35.4	50.2
GC1003827_F08_NODE_2610_length_2229_cov_3.375357	1	2229	383	2229	100	24.1781	35.5	59.5
GC1003827_F08_NODE_2611_length_2229_cov_2.156042	1	2229	249	2219	99.5514	15.454	35.7	58.7
GC1003827_F08_NODE_2612_length_2229_cov_1.872502	1	2229	286	2229	100	16.2571	35.5	55.7
GC1003827_F08_NODE_2613_length_2227_cov_10.564762	1	2227	1416	2227	100	87.4845	35.6	58.1
GC1003827_F08_NODE_2614_length_2227_cov_8.719048	1	2227	1122	2227	100	70.0615	35.5	58.3
GC1003827_F08_NODE_2615_length_2226_cov_12.547404	1	2226	1831	2226	100	109.472	35.6	57.7
GC1003827_F08_NODE_2616_length_2226_cov_7.995236	1	2226	1162	2214	99.4609	70.4043	35.6	57.8
GC1003827_F08_NODE_2617_length_2225_cov_8.466158	1	2225	1452	2225	100	87.6333	35.6	57.9
GC1003827_F08_NODE_2618_length_2225_cov_7.430887	1	2225	1093	2222	99.8652	64.9371	35.6	57.5
GC1003827_F08_NODE_2619_length_2224_cov_5.889843	1	2224	693	2224	100	44.286	35.7	59
GC1003827_F08_NODE_2620_length_2224_cov_3.987124	1	2224	504	2224	100	31.8593	35.7	59.1
GC1003827_F08_NODE_2621_length_2223_cov_5.580630	1	2223	760	2223	100	46.2753	35.6	57.2
GC1003827_F08_NODE_2622_length_2222_cov_3.993317	1	2222	503	2222	100	31.4415	35.5	58.8
GC1003827_F08_NODE_2623_length_2222_cov_3.876850	1	2222	493	2222	100	29.9824	35.7	57.4
GC1003827_F08_NODE_2624_length_2222_cov_2.854893	1	2222	352	2222	100	21.7556	35.6	58.6
GC1003827_F08_NODE_2625_length_2222_cov_2.609547	1	2222	306	2222	100	19.1949	35.4	58.3
GC1003827_F08_NODE_2626_length_2221_cov_22.323305	1	2221	3960	2221	100	227.913	35.5	56.2
GC1003827_F08_NODE_2627_length_2221_cov_6.335721	1	2221	722	2221	100	46.9068	35.4	59.4
GC1003827_F08_NODE_2628_length_2219_cov_7.902964	1	2219	1583	2219	100	99.7242	35.6	57.4
GC1003827_F08_NODE_2629_length_2219_cov_6.992352	1	2219	1108	2218	99.9549	66.8693	35.2	57.3
GC1003827_F08_NODE_2630_length_2219_cov_4.791587	1	2219	595	2219	100	37.7922	35.2	58.7
GC1003827_F08_NODE_2631_length_2219_cov_2.196941	1	2219	234	2219	100	15.2663	35.6	59.4
GC1003827_F08_NODE_2632_length_2218_cov_7.814443	1	2218	950	2218	100	60.1492	35.6	58.7
GC1003827_F08_NODE_2633_length_2218_cov_6.511239	1	2218	877	2218	100	54.5609	35.4	57.5
GC1003827_F08_NODE_2634_length_2218_cov_4.554758	1	2218	528	2218	100	33.5766	35.6	58.3
GC1003827_F08_NODE_2635_length_2218_cov_3.543281	1	2218	467	2218	100	29.7656	35.7	58.8
GC1003827_F08_NODE_2636_length_2217_cov_6.927273	1	2217	951	2217	100	56.8259	35.6	57.5
GC1003827_F08_NODE_2637_length_2217_cov_5.244498	1	2217	829	2217	100	47.1263	35.5	54.8
GC1003827_F08_NODE_2638_length_2216_cov_4.891814	1	2216	621	2216	100	36.9016	35.5	53.5
GC1003827_F08_NODE_2639_length_2215_cov_13.966954	1	2215	1798	2215	100	112.576	35.5	57.6
GC1003827_F08_NODE_2640_length_2215_cov_5.038793	1	2215	591	2215	100	37.5928	35.5	58.9
GC1003827_F08_NODE_2641_length_2215_cov_4.911877	1	2215	763	2208	99.684	42.6853	35.4	53
GC1003827_F08_NODE_2642_length_2214_cov_7.191184	1	2214	1120	2214	100	67.0691	35.5	57.3
GC1003827_F08_NODE_2643_length_2214_cov_6.102060	1	2214	855	2214	100	52.0009	35.8	58.3
GC1003827_F08_NODE_2644_length_2214_cov_5.586488	1	2214	672	2214	100	42.9196	35.6	58.7
GC1003827_F08_NODE_2645_length_2214_cov_4.735026	1	2214	1062	2212	99.9097	52.1924	35.4	43
GC1003827_F08_NODE_2646_length_2214_cov_4.698131	1	2214	764	2214	100	43.7778	35.5	55.4
GC1003827_F08_NODE_2647_length_2214_cov_3.791567	1	2214	666	2214	100	33.4146	35.4	42.2
GC1003827_F08_NODE_2648_length_2214_cov_2.586009	1	2214	352	2214	100	21.2164	35.3	57.7
GC1003827_F08_NODE_2649_length_2214_cov_2.255870	1	2214	277	2214	100	17.4124	35.5	58.4
GC1003827_F08_NODE_2650_length_2214_cov_2.193100	1	2214	471	2214	100	21.2466	35.4	35.2
GC1003827_F08_NODE_2651_length_2214_cov_1.908960	1	2214	291	2204	99.5483	16.9033	35.5	57
GC1003827_F08_NODE_2652_length_2213_cov_7.784276	1	2213	1599	2213	100	88.972	35.7	55.6
GC1003827_F08_NODE_2653_length_2212_cov_8.034532	1	2212	1134	2212	100	66.4304	35.6	56.5
GC1003827_F08_NODE_2654_length_2212_cov_7.599520	1	2212	1025	2212	100	63.1903	35.7	57.8
GC1003827_F08_NODE_2655_length_2212_cov_6.424940	1	2212	1036	2212	100	60.2265	35.4	56.1
GC1003827_F08_NODE_2656_length_2211_cov_11.463532	1	2211	1485	2211	100	92.7069	35.7	58.2
GC1003827_F08_NODE_2657_length_2211_cov_4.980806	1	2211	598	2211	100	38.2465	35.8	58.8
GC1003827_F08_NODE_2658_length_2211_cov_3.342131	1	2211	549	2201	99.5477	30.2347	35.5	51
GC1003827_F08_NODE_2659_length_2210_cov_9.744119	1	2210	1357	2200	99.5475	83.0149	35.5	57.2
GC1003827_F08_NODE_2660_length_2210_cov_5.969755	1	2210	785	2210	100	48.0068	35.3	55.4
GC1003827_F08_NODE_2661_length_2210_cov_4.603457	1	2210	591	2210	100	36.8072	35.8	57.9
GC1003827_F08_NODE_2662_length_2210_cov_3.525684	1	2210	517	2209	99.9548	31.8167	35.4	58
GC1003827_F08_NODE_2663_length_2210_cov_1.386462	1	2210	169	2210	100	10.2787	35.6	57.1
GC1003827_F08_NODE_2664_length_2208_cov_8.795291	1	2208	1382	2208	100	84.4284	35.4	58
GC1003827_F08_NODE_2665_length_2208_cov_8.715041	1	2208	1351	2208	100	81.8524	35.4	57.3
GC1003827_F08_NODE_2666_length_2208_cov_5.488707	1	2208	892	2208	100	54.3877	35	58
GC1003827_F08_NODE_2667_length_2208_cov_4.758289	1	2208	890	2208	100	48.2695	35	51.5
GC1003827_F08_NODE_2668_length_2208_cov_4.484383	1	2208	493	2208	100	32.159	35.4	59.3
GC1003827_F08_NODE_2669_length_2208_cov_3.892359	1	2208	543	2208	100	33.0856	35.2	57.2
GC1003827_F08_NODE_2670_length_2208_cov_3.822201	1	2208	431	2208	100	27.2301	35.4	57.5
GC1003827_F08_NODE_2671_length_2208_cov_2.702547	1	2208	367	2208	100	22.5421	35.7	57.9
GC1003827_F08_NODE_2672_length_2207_cov_4.064423	1	2207	545	2205	99.9094	33.2696	35.6	57.7
GC1003827_F08_NODE_2673_length_2206_cov_10.147186	1	2206	1283	2206	100	82.3404	35.5	59.4
GC1003827_F08_NODE_2674_length_2206_cov_6.077441	1	2206	761	2206	100	48.0571	35.7	58.1
GC1003827_F08_NODE_2675_length_2206_cov_5.000481	1	2206	760	2206	100	45.8286	35.2	58.5
GC1003827_F08_NODE_2676_length_2206_cov_4.402597	1	2206	648	2206	100	38.3413	35.6	55.6
GC1003827_F08_NODE_2677_length_2206_cov_4.171717	1	2206	474	2206	100	30.6822	35.5	59.2
GC1003827_F08_NODE_2678_length_2206_cov_1.793170	1	2206	210	2206	100	13.3998	35.5	58.6
GC1003827_F08_NODE_2679_length_2205_cov_11.456689	1	2205	1461	2205	100	93.6254	35.8	59.1
GC1003827_F08_NODE_2680_length_2205_cov_2.796439	1	2205	368	2205	100	22.571	35.7	58.4
GC1003827_F08_NODE_2681_length_2204_cov_4.948483	1	2204	612	2204	100	39.2854	35.4	59.2
GC1003827_F08_NODE_2682_length_2203_cov_8.919075	1	2203	1274	2203	100	77.7322	35.3	58.5
GC1003827_F08_NODE_2683_length_2203_cov_1.686898	1	2203	188	2203	100	12.1634	35.6	59
GC1003827_F08_NODE_2684_length_2202_cov_11.049639	1	2202	1436	2202	100	93.0522	35.7	59.3
GC1003827_F08_NODE_2685_length_2202_cov_2.906506	1	2202	659	2193	99.5913	33.3538	35.1	50.4
GC1003827_F08_NODE_2686_length_2202_cov_2.003855	1	2202	222	2202	100	14.5431	35.6	58.7
GC1003827_F08_NODE_2687_length_2202_cov_1.774458	1	2202	278	2202	100	15.2648	34.9	51.1
GC1003827_F08_NODE_2688_length_2201_cov_15.347155	1	2201	1979	2200	99.9546	125.11	35.6	58.6
GC1003827_F08_NODE_2689_length_2200_cov_10.801737	1	2200	1706	2200	100	96.4809	35.4	51.4
GC1003827_F08_NODE_2690_length_2200_cov_4.830198	1	2200	699	2200	100	42.2518	35.5	56.2
GC1003827_F08_NODE_2691_length_2199_cov_7.991313	1	2199	951	2189	99.5452	61.1201	35.4	59
GC1003827_F08_NODE_2692_length_2199_cov_6.872104	1	2199	916	2199	100	57.4261	35.6	57.7
GC1003827_F08_NODE_2693_length_2199_cov_3.987452	1	2199	515	2197	99.909	31.5962	35.6	59.1
GC1003827_F08_NODE_2694_length_2199_cov_3.628378	1	2199	3219	2199	100	136.247	34.1	16.1
GC1003827_F08_NODE_2695_length_2199_cov_1.748069	1	2199	234	2199	100	14.2515	35.7	56.7
GC1003827_F08_NODE_2696_length_2198_cov_9.747465	1	2198	1224	2198	100	78.5851	35.5	58.9
GC1003827_F08_NODE_2697_length_2198_cov_3.482859	1	2198	1000	2198	100	58.3094	34.6	49.7
GC1003827_F08_NODE_2698_length_2197_cov_2.724155	1	2197	373	2182	99.3173	22.6641	35.5	56
GC1003827_F08_NODE_2699_length_2196_cov_11.770904	1	2196	1450	2196	100	93.5765	35.7	59.3
GC1003827_F08_NODE_2700_length_2196_cov_10.255679	1	2196	1546	2196	100	91.4394	35.5	56.1
GC1003827_F08_NODE_2701_length_2196_cov_3.403577	1	2196	399	2196	100	25.7659	35.6	58.7
GC1003827_F08_NODE_2702_length_2196_cov_3.229580	1	2196	363	2196	100	23.8279	35.6	59.4
GC1003827_F08_NODE_2703_length_2196_cov_3.105848	1	2196	372	2196	100	23.9526	35.7	59.1
GC1003827_F08_NODE_2704_length_2196_cov_2.837603	1	2196	363	2195	99.9545	22.3807	35.4	55.8
GC1003827_F08_NODE_2705_length_2195_cov_9.818665	1	2195	2057	2195	100	110.589	34.8	50.1
GC1003827_F08_NODE_2706_length_2195_cov_7.721954	1	2195	1096	2195	100	66.9116	35.7	57.8
GC1003827_F08_NODE_2707_length_2195_cov_7.583656	1	2195	1236	2195	100	68.2278	35.4	46.1
GC1003827_F08_NODE_2708_length_2195_cov_7.339458	1	2195	923	2194	99.9544	59.0943	35.1	58.9
GC1003827_F08_NODE_2709_length_2195_cov_6.892166	1	2195	874	2195	100	54.4829	35.9	57.9
GC1003827_F08_NODE_2710_length_2195_cov_3.113636	1	2195	328	2192	99.8633	21.8747	35.3	59.8
GC1003827_F08_NODE_2711_length_2195_cov_2.930851	1	2195	359	2195	100	23.1048	35.4	58.7
GC1003827_F08_NODE_2712_length_2194_cov_8.292211	1	2194	1168	2194	100	72.7183	35.5	58.4
GC1003827_F08_NODE_2713_length_2194_cov_6.601838	1	2194	783	2194	100	50.4886	35.5	58.8
GC1003827_F08_NODE_2714_length_2194_cov_5.743106	1	2194	1871	2194	100	78.2343	34.8	28.3
GC1003827_F08_NODE_2715_length_2194_cov_2.027576	1	2194	4867	2194	100	104.109	33.9	3.88
GC1003827_F08_NODE_2716_length_2193_cov_5.703775	1	2193	910	2193	100	53.6776	35.6	54.6
GC1003827_F08_NODE_2717_length_2193_cov_3.010165	1	2193	322	2193	100	21.5048	35.5	60
GC1003827_F08_NODE_2718_length_2193_cov_2.238625	1	2193	264	2193	100	17.0771	35.8	59.2
GC1003827_F08_NODE_2719_length_2192_cov_6.087167	1	2192	811	2192	100	50.6829	35.5	57.9
GC1003827_F08_NODE_2720_length_2192_cov_4.219370	1	2192	560	2192	100	34.7692	35.4	57
GC1003827_F08_NODE_2721_length_2191_cov_5.507752	1	2191	708	2191	100	44.2218	35.6	57.5
GC1003827_F08_NODE_2722_length_2189_cov_5.241513	1	2189	807	2187	99.9086	50.1786	35.5	58.5
GC1003827_F08_NODE_2723_length_2189_cov_4.584869	1	2189	528	2189	100	33.9525	35.7	57.4
GC1003827_F08_NODE_2724_length_2189_cov_3.495635	1	2189	505	2189	100	31.1873	35.5	57.4
GC1003827_F08_NODE_2725_length_2189_cov_2.243453	1	2189	269	2189	100	17.9648	35.6	59.3
GC1003827_F08_NODE_2726_length_2188_cov_6.747210	1	2188	955	2187	99.9543	58.0457	35.3	55.4
GC1003827_F08_NODE_2727_length_2188_cov_3.038331	1	2188	348	2186	99.9086	22.7029	35.8	59.1
GC1003827_F08_NODE_2728_length_2187_cov_2.328155	1	2187	262	2186	99.9543	17.0681	35.5	58.8
GC1003827_F08_NODE_2729_length_2186_cov_10.897523	1	2186	1289	2186	100	83.8312	35.1	59.2
GC1003827_F08_NODE_2730_length_2186_cov_8.872754	1	2186	1256	2186	100	75.8353	35.6	57.1
GC1003827_F08_NODE_2731_length_2186_cov_5.884896	1	2186	977	2186	100	58.29	35.3	56.3
GC1003827_F08_NODE_2732_length_2186_cov_1.745508	1	2186	200	2185	99.9543	13.1171	35.3	59
GC1003827_F08_NODE_2733_length_2185_cov_6.590865	1	2185	932	2185	100	57.0847	35.6	57.3
GC1003827_F08_NODE_2734_length_2185_cov_5.371720	1	2185	839	2185	100	48.9474	35.4	55.1
GC1003827_F08_NODE_2735_length_2185_cov_5.189018	1	2185	644	2185	100	40.5048	35.6	57.9
GC1003827_F08_NODE_2736_length_2185_cov_5.064140	1	2185	616	2185	100	39.6481	35.6	58.4
GC1003827_F08_NODE_2737_length_2185_cov_5.015549	1	2185	691	2185	100	43.8691	35.6	58.6
GC1003827_F08_NODE_2738_length_2185_cov_5.003401	1	2185	782	2185	100	44.0178	35.5	54.4
GC1003827_F08_NODE_2739_length_2185_cov_4.103013	1	2185	515	2175	99.5423	32.0371	35.4	57.3
GC1003827_F08_NODE_2740_length_2184_cov_7.460379	1	2184	885	2183	99.9542	57.7743	35.6	59.4
GC1003827_F08_NODE_2741_length_2184_cov_2.787069	1	2184	304	2184	100	20.1364	35.6	59.5
GC1003827_F08_NODE_2742_length_2183_cov_9.888619	1	2183	1388	2183	100	86.9418	35.5	58.4
GC1003827_F08_NODE_2743_length_2183_cov_6.794261	1	2183	840	2183	100	52.8745	35.5	58.5
GC1003827_F08_NODE_2744_length_2183_cov_5.642510	1	2183	786	2181	99.9084	48.7265	35.5	57.9
GC1003827_F08_NODE_2745_length_2183_cov_3.158560	1	2183	383	2183	100	24.7618	35.9	59
GC1003827_F08_NODE_2746_length_2182_cov_7.776156	1	2182	2054	2182	100	97.874	35.1	36.8
GC1003827_F08_NODE_2747_length_2182_cov_5.471533	1	2182	948	2182	100	55.4276	35.5	57
GC1003827_F08_NODE_2748_length_2182_cov_4.172263	1	2182	585	2182	100	36.203	35.2	56.9
GC1003827_F08_NODE_2749_length_2181_cov_7.741480	1	2181	1159	2181	100	63.9972	35.3	47.7
GC1003827_F08_NODE_2750_length_2179_cov_6.095517	1	2179	863	2179	100	53.1914	35.6	57.6
GC1003827_F08_NODE_2751_length_2178_cov_6.117504	1	2178	864	2178	100	52.0643	35.6	57
GC1003827_F08_NODE_2752_length_2178_cov_3.668454	1	2178	488	2178	100	29.7617	35.7	57.8
GC1003827_F08_NODE_2753_length_2177_cov_9.109756	1	2177	1394	2177	100	86.0299	35.6	58
GC1003827_F08_NODE_2754_length_2177_cov_8.699024	1	2177	1087	2177	100	69.7832	35.6	59
GC1003827_F08_NODE_2755_length_2177_cov_6.021951	1	2177	928	2177	100	55.774	35.7	58.1
GC1003827_F08_NODE_2756_length_2177_cov_4.972683	1	2177	606	2177	100	38.8277	35.4	57.7
GC1003827_F08_NODE_2757_length_2176_cov_3.861884	1	2176	462	2176	100	29.2845	35.7	58.9
GC1003827_F08_NODE_2758_length_2176_cov_2.149341	1	2176	297	2176	100	18.1314	35.7	58.3
GC1003827_F08_NODE_2759_length_2175_cov_4.592773	1	2175	613	2175	100	35.6386	35.4	53.9
GC1003827_F08_NODE_2760_length_2174_cov_21.369809	1	2174	2996	2174	100	189.122	35.5	58.7
GC1003827_F08_NODE_2761_length_2174_cov_5.386908	1	2174	668	2174	100	42.2222	35.7	58.4
GC1003827_F08_NODE_2762_length_2174_cov_2.872985	1	2174	336	2174	100	21.5193	35.9	57.6
GC1003827_F08_NODE_2763_length_2173_cov_11.504399	1	2173	1876	2173	100	113.887	35.2	57.1
GC1003827_F08_NODE_2764_length_2173_cov_9.669599	1	2173	2016	2173	100	122.805	35.5	58
GC1003827_F08_NODE_2765_length_2173_cov_5.534213	1	2173	716	2173	100	45.1809	35.7	58.1
GC1003827_F08_NODE_2766_length_2173_cov_4.323069	1	2173	507	2173	100	32.8601	35.6	59
GC1003827_F08_NODE_2767_length_2172_cov_13.558435	1	2172	1582	2172	100	101.51	35.8	58.6
GC1003827_F08_NODE_2768_length_2172_cov_5.636186	1	2172	730	2172	100	45.4056	35.6	58.4
GC1003827_F08_NODE_2769_length_2172_cov_1.076284	1	2172	175	2172	100	9.47099	35.5	51.4
GC1003827_F08_NODE_2770_length_2171_cov_8.095890	1	2171	1320	2171	100	76.86	35.4	52.8
GC1003827_F08_NODE_2771_length_2170_cov_12.847773	1	2170	1950	2170	100	107.223	35.4	46.2
GC1003827_F08_NODE_2772_length_2170_cov_4.357318	1	2170	865	2170	100	52.8889	34.8	57.1
GC1003827_F08_NODE_2773_length_2170_cov_3.587861	1	2170	1513	2170	100	61.0949	34.4	21
GC1003827_F08_NODE_2774_length_2170_cov_3.223691	1	2170	448	2170	100	27.3207	35.7	57.4
GC1003827_F08_NODE_2775_length_2170_cov_2.329907	1	2170	307	2161	99.5853	19.4728	35.7	58.9
GC1003827_F08_NODE_2776_length_2169_cov_11.523017	1	2169	1334	2169	100	87.7022	35.6	59.4
GC1003827_F08_NODE_2777_length_2169_cov_5.075416	1	2169	663	2169	100	41.1858	35.5	56.1
GC1003827_F08_NODE_2778_length_2169_cov_4.871694	1	2169	608	2169	100	38.5597	35.4	57.8
GC1003827_F08_NODE_2779_length_2169_cov_3.197845	1	2169	398	2169	100	25.509	35.4	58.8
GC1003827_F08_NODE_2780_length_2169_cov_2.966699	1	2169	361	2169	100	22.9982	35.3	58.5
GC1003827_F08_NODE_2781_length_2168_cov_13.927487	1	2168	2399	2168	100	143.233	35.3	56.1
GC1003827_F08_NODE_2782_length_2168_cov_7.055365	1	2168	900	2168	100	56.7053	35.4	57.5
GC1003827_F08_NODE_2783_length_2168_cov_5.253797	1	2168	746	2168	100	46.4585	35.4	56.7
GC1003827_F08_NODE_2784_length_2168_cov_3.720725	1	2168	903	2168	100	48.5876	35	52
GC1003827_F08_NODE_2785_length_2167_cov_11.617157	1	2167	1258	2167	100	83.6022	35.6	59.5
GC1003827_F08_NODE_2786_length_2167_cov_7.963725	1	2167	1041	2167	100	66.1131	35.5	58.1
GC1003827_F08_NODE_2787_length_2167_cov_6.348039	1	2167	1153	2167	100	67.5095	35.6	56.4
GC1003827_F08_NODE_2788_length_2167_cov_4.722549	1	2167	530	2167	100	34.8394	35.4	59.3
GC1003827_F08_NODE_2789_length_2167_cov_2.305882	1	2167	287	2166	99.9539	18.3521	35.8	58.2
GC1003827_F08_NODE_2790_length_2166_cov_5.380579	1	2166	610	2166	100	40.2816	35.5	59.2
GC1003827_F08_NODE_2791_length_2166_cov_1.115253	1	2166	143	2166	100	9.45522	35.4	59.8
GC1003827_F08_NODE_2792_length_2165_cov_7.443572	1	2165	1217	2165	100	73.5506	35.2	56.9
GC1003827_F08_NODE_2793_length_2165_cov_6.942100	1	2165	968	2148	99.2148	60.885	35.5	58
GC1003827_F08_NODE_2794_length_2165_cov_6.500491	1	2165	1128	2165	100	67.4245	35.1	56.2
GC1003827_F08_NODE_2795_length_2165_cov_6.496565	1	2165	890	2165	100	56.1737	35.6	57.8
GC1003827_F08_NODE_2796_length_2165_cov_4.100098	1	2165	495	2165	100	32.1991	35.5	58.6
GC1003827_F08_NODE_2797_length_2165_cov_3.631992	1	2165	569	2165	100	33.6065	35.5	53.6
GC1003827_F08_NODE_2798_length_2165_cov_2.553974	1	2165	294	2165	100	19.6083	35.4	59.1
GC1003827_F08_NODE_2799_length_2164_cov_10.919980	1	2164	1271	2164	100	84.8614	35.7	59.5
GC1003827_F08_NODE_2800_length_2164_cov_5.082965	1	2164	555	2164	100	37.1063	35.6	59.7
GC1003827_F08_NODE_2801_length_2164_cov_4.475700	1	2164	567	2164	100	36.1654	35.8	57.8
GC1003827_F08_NODE_2802_length_2164_cov_3.702013	1	2164	458	2164	100	29.055	35.6	57.9
GC1003827_F08_NODE_2803_length_2164_cov_3.439863	1	2164	394	2164	100	25.914	35.8	59.3
GC1003827_F08_NODE_2804_length_2164_cov_2.967599	1	2164	371	2164	100	24.1885	35.7	58.9
GC1003827_F08_NODE_2805_length_2163_cov_15.189587	1	2163	2875	2163	100	152.065	34.7	44
GC1003827_F08_NODE_2806_length_2162_cov_16.448157	1	2162	2405	2157	99.7687	146.834	35.6	56.6
GC1003827_F08_NODE_2807_length_2162_cov_7.359705	1	2162	843	2162	100	55.0722	35.7	58.7
GC1003827_F08_NODE_2808_length_2162_cov_4.621130	1	2162	632	2162	100	39.9676	35.4	58.5
GC1003827_F08_NODE_2809_length_2160_cov_12.527300	1	2160	1454	2160	100	95.4023	35.5	59
GC1003827_F08_NODE_2810_length_2160_cov_1.931628	1	2160	459	2160	100	23.8912	35.5	51.5
GC1003827_F08_NODE_2811_length_2159_cov_6.785433	1	2159	953	2159	100	58.1464	35.5	55.4
GC1003827_F08_NODE_2812_length_2159_cov_4.253937	1	2159	712	2159	100	39.9755	35.4	52.7
GC1003827_F08_NODE_2813_length_2159_cov_2.969980	1	2159	477	2159	100	29.3529	35.4	58.5
GC1003827_F08_NODE_2814_length_2159_cov_1.742618	1	2159	236	2150	99.5831	14.3177	35.5	52.1
GC1003827_F08_NODE_2815_length_2159_cov_1.507874	1	2159	220	2159	100	13.9453	35.8	58.5
GC1003827_F08_NODE_2816_length_2158_cov_3.057607	1	2158	548	2158	100	31.3582	35.5	55.6
GC1003827_F08_NODE_2817_length_2157_cov_3.218227	1	2157	431	2157	100	27.1043	35.6	56.8
GC1003827_F08_NODE_2818_length_2156_cov_6.937900	1	2156	714	2156	100	48.1851	35.4	59.3
GC1003827_F08_NODE_2819_length_2156_cov_1.929029	1	2156	442	2156	100	22.7291	35.3	50.9
GC1003827_F08_NODE_2820_length_2155_cov_6.329389	1	2155	1834	2155	100	88.2552	34.8	35.2
GC1003827_F08_NODE_2821_length_2155_cov_4.724852	1	2155	761	2155	100	45.0687	35.3	56.2
GC1003827_F08_NODE_2822_length_2155_cov_2.539448	1	2155	315	2155	100	20.3652	35.5	58.4
GC1003827_F08_NODE_2823_length_2154_cov_3.469166	1	2154	962	2154	100	42.3222	35.1	39.4
GC1003827_F08_NODE_2824_length_2154_cov_3.218056	1	2154	355	2154	100	24.1328	35.6	59.7
GC1003827_F08_NODE_2825_length_2153_cov_3.528628	1	2153	632	2153	100	31.5128	35.6	52.4
GC1003827_F08_NODE_2826_length_2152_cov_6.704691	1	2152	986	2152	100	63.7217	35.4	56.4
GC1003827_F08_NODE_2827_length_2152_cov_4.344198	1	2152	595	2152	100	38.0441	35.5	58.6
GC1003827_F08_NODE_2828_length_2152_cov_3.462222	1	2152	452	2152	100	28.9661	35.9	58.3
GC1003827_F08_NODE_2829_length_2151_cov_8.459486	1	2151	1046	2149	99.907	67.5444	35.8	57.9
GC1003827_F08_NODE_2830_length_2150_cov_10.830944	1	2150	1425	2150	100	92.587	35.4	58.7
GC1003827_F08_NODE_2831_length_2149_cov_21.095945	1	2149	3216	2149	100	201.45	35.4	55.6
GC1003827_F08_NODE_2832_length_2149_cov_7.244313	1	2149	836	2149	100	55.1694	35.7	59
GC1003827_F08_NODE_2833_length_2149_cov_5.863996	1	2149	985	2149	100	52.751	35.5	44.1
GC1003827_F08_NODE_2834_length_2149_cov_5.746291	1	2149	646	2149	100	42.4095	35.6	58.8
GC1003827_F08_NODE_2835_length_2149_cov_5.386251	1	2149	1213	2149	100	60.9139	35	31.9
GC1003827_F08_NODE_2836_length_2149_cov_4.294758	1	2149	488	2149	100	32.2285	35.3	58
GC1003827_F08_NODE_2837_length_2148_cov_12.612568	1	2148	1909	2148	100	119.788	35.4	58.1
GC1003827_F08_NODE_2838_length_2148_cov_6.191984	1	2148	865	2148	100	51.5265	35.3	52.6
GC1003827_F08_NODE_2839_length_2148_cov_1.466601	1	2148	200	2148	100	12.216	35.8	56.1
GC1003827_F08_NODE_2840_length_2147_cov_13.319802	1	2147	2839	2147	100	166.751	34.6	53.8
GC1003827_F08_NODE_2841_length_2146_cov_5.746904	1	2146	609	2146	100	41.5634	35.5	59.8
GC1003827_F08_NODE_2842_length_2146_cov_5.656265	1	2146	874	2146	100	48.0056	35.5	47.8
GC1003827_F08_NODE_2843_length_2146_cov_5.465577	1	2146	700	2146	100	44.9101	35.7	57
GC1003827_F08_NODE_2844_length_2145_cov_8.526264	1	2145	1047	2145	100	67.3483	35.5	57.7
GC1003827_F08_NODE_2845_length_2145_cov_4.684341	1	2145	750	2145	100	45.0713	35.3	55.3
GC1003827_F08_NODE_2846_length_2145_cov_4.657086	1	2145	657	2145	100	40.2555	35.8	56.9
GC1003827_F08_NODE_2847_length_2145_cov_2.816650	1	2145	437	2145	100	24.8196	35.4	55
GC1003827_F08_NODE_2848_length_2145_cov_2.673439	1	2145	328	2145	100	21.1865	35.7	58.8
GC1003827_F08_NODE_2849_length_2144_cov_8.558751	1	2144	1287	2144	100	76.5541	35.7	56.5
GC1003827_F08_NODE_2850_length_2144_cov_6.437779	1	2144	765	2144	100	49.3745	35.7	58.7
GC1003827_F08_NODE_2851_length_2144_cov_6.194348	1	2144	899	2142	99.9067	55.5812	35.7	57.2
GC1003827_F08_NODE_2852_length_2144_cov_6.087754	1	2144	931	2144	100	53.9538	35.5	54.5
GC1003827_F08_NODE_2853_length_2144_cov_1.487853	1	2144	144	2143	99.9534	9.90438	35.6	60
GC1003827_F08_NODE_2854_length_2143_cov_3.304067	1	2143	481	2143	100	29.454	35.4	55.6
GC1003827_F08_NODE_2855_length_2143_cov_2.832837	1	2143	375	2143	100	23.4293	35.2	56.8
GC1003827_F08_NODE_2856_length_2141_cov_6.595333	1	2141	1046	2141	100	62.5189	35.3	55.6
GC1003827_F08_NODE_2857_length_2141_cov_4.860477	1	2141	422944	2141	100	9259.54	35.1	2.74
GC1003827_F08_NODE_2858_length_2141_cov_3.760179	1	2141	465	2141	100	29.7184	36	57.5
GC1003827_F08_NODE_2859_length_2140_cov_12.255340	1	2140	1826	2140	100	107.889	35.6	53.4
GC1003827_F08_NODE_2860_length_2140_cov_9.927471	1	2140	1509	2140	100	93.486	35.5	57.3
GC1003827_F08_NODE_2861_length_2140_cov_6.568803	1	2140	856	2140	100	49.2472	35.7	55.8
GC1003827_F08_NODE_2862_length_2139_cov_6.455765	1	2139	1212	2139	100	66.9705	35.1	51.4
GC1003827_F08_NODE_2863_length_2139_cov_4.959245	1	2139	581	2139	100	37.1304	35.7	58
GC1003827_F08_NODE_2864_length_2138_cov_3.814023	1	2138	832	2138	100	39.6572	35.2	36.5
GC1003827_F08_NODE_2865_length_2138_cov_3.425659	1	2138	548	2138	100	34.3461	35.4	56.5
GC1003827_F08_NODE_2866_length_2137_cov_8.570647	1	2137	1038	2137	100	68.4151	35.8	58.6
GC1003827_F08_NODE_2867_length_2137_cov_4.048756	1	2137	507	2137	100	33.2251	35.7	59
GC1003827_F08_NODE_2868_length_2137_cov_2.963184	1	2137	885	2137	100	39.5732	34.8	32
GC1003827_F08_NODE_2869_length_2137_cov_0.749254	1	2137	85	2127	99.5321	5.62705	35.7	58.7
GC1003827_F08_NODE_2870_length_2136_cov_21.194624	1	2136	2943	2136	100	185.26	35.5	57.2
GC1003827_F08_NODE_2871_length_2136_cov_5.164759	1	2136	915	2136	100	54.1222	35.1	57.5
GC1003827_F08_NODE_2872_length_2136_cov_3.890493	1	2136	1141	2136	100	73.5473	35.5	40.5
GC1003827_F08_NODE_2873_length_2136_cov_3.007466	1	2136	329	2136	100	22.2851	35.6	59.5
GC1003827_F08_NODE_2874_length_2135_cov_19.364542	1	2135	2446	2135	100	155.797	35.5	58
GC1003827_F08_NODE_2875_length_2135_cov_10.103586	1	2135	1276	2135	100	81.2581	35.5	57.5
GC1003827_F08_NODE_2876_length_2135_cov_5.203187	1	2135	1146	2135	100	59.5803	35.3	47.9
GC1003827_F08_NODE_2877_length_2135_cov_3.345618	1	2135	467	2135	100	29.497	35.4	57
GC1003827_F08_NODE_2878_length_2134_cov_7.200797	1	2134	782	2131	99.8594	52.6256	35.7	59.1
GC1003827_F08_NODE_2879_length_2134_cov_5.077728	1	2134	763	2134	100	46.9878	35.2	56.9
GC1003827_F08_NODE_2880_length_2134_cov_3.134031	1	2134	429	2134	100	25.5731	35.7	51.4
GC1003827_F08_NODE_2881_length_2134_cov_2.107623	1	2134	247	2134	100	16.2723	35.6	59.1
GC1003827_F08_NODE_2882_length_2133_cov_10.846959	1	2133	1459	2133	100	92.4365	35.7	57.4
GC1003827_F08_NODE_2883_length_2133_cov_5.803589	1	2133	864	2133	100	50.5227	35.7	51.7
GC1003827_F08_NODE_2884_length_2133_cov_5.789631	1	2133	772	2133	100	47.1641	35.4	57
GC1003827_F08_NODE_2885_length_2133_cov_5.152542	1	2133	839	2133	100	52.1195	35.3	57.9
GC1003827_F08_NODE_2886_length_2133_cov_4.474078	1	2133	818	2130	99.8594	49.1256	35	56.8
GC1003827_F08_NODE_2887_length_2133_cov_3.872383	1	2133	463	2133	100	30.5087	35.2	58.4
GC1003827_F08_NODE_2888_length_2132_cov_12.181047	1	2132	1753	2132	100	110.539	35.5	58
GC1003827_F08_NODE_2889_length_2132_cov_7.693267	1	2132	1241	2132	100	71.3537	35.3	51.3
GC1003827_F08_NODE_2890_length_2132_cov_6.872818	1	2132	7243	2132	100	185.244	32.3	6.95
GC1003827_F08_NODE_2891_length_2132_cov_4.833416	1	2132	561	2131	99.9531	36.8171	35.5	58.5
GC1003827_F08_NODE_2892_length_2132_cov_3.299252	1	2132	353	2122	99.531	24.0605	35.7	59.8
GC1003827_F08_NODE_2893_length_2131_cov_13.121756	1	2131	1670	2131	100	107.263	35.6	58.2
GC1003827_F08_NODE_2894_length_2131_cov_6.358782	1	2131	1270	2131	100	73.5298	35.5	54.1
GC1003827_F08_NODE_2895_length_2131_cov_4.516467	1	2131	584	2121	99.5307	36.8592	35.5	57.9
GC1003827_F08_NODE_2896_length_2130_cov_5.417873	1	2130	8058	2128	99.9061	195.808	34.5	5.41
GC1003827_F08_NODE_2897_length_2129_cov_20.139361	1	2129	3506	2129	100	203.616	35.3	52.5
GC1003827_F08_NODE_2898_length_2129_cov_5.707792	1	2129	1293	2129	100	78.7182	35.1	49.5
GC1003827_F08_NODE_2899_length_2129_cov_4.585914	1	2129	525	2129	100	34.5857	35.7	58.7
GC1003827_F08_NODE_2900_length_2129_cov_3.604396	1	2129	481	2129	100	31.38	35.6	58.8
GC1003827_F08_NODE_2901_length_2128_cov_10.205397	1	2128	1322	2128	100	84.1508	35.4	57.5
GC1003827_F08_NODE_2902_length_2128_cov_4.070965	1	2128	421	2128	100	28.4596	35.8	59.2
GC1003827_F08_NODE_2903_length_2127_cov_10.207000	1	2127	1830	2127	100	105.011	34.7	52.7
GC1003827_F08_NODE_2904_length_2127_cov_7.931000	1	2127	1405	2127	100	77.5049	35.6	49.8
GC1003827_F08_NODE_2905_length_2127_cov_6.104000	1	2127	1095	2127	100	63.7019	35.1	54.5
GC1003827_F08_NODE_2906_length_2127_cov_3.658500	1	2127	563	2127	100	32.8707	35.4	53
GC1003827_F08_NODE_2907_length_2126_cov_20.119560	1	2126	2928	2126	100	183.468	35.3	58.4
GC1003827_F08_NODE_2908_length_2126_cov_9.939970	1	2126	1699	2126	100	104.707	35.5	52.2
GC1003827_F08_NODE_2909_length_2126_cov_6.269635	1	2126	807	2126	100	50.9045	35.7	57.3
GC1003827_F08_NODE_2910_length_2126_cov_4.280140	1	2126	439	2126	100	30.3194	35.5	59.9
GC1003827_F08_NODE_2911_length_2126_cov_3.453727	1	2126	630	2126	100	34.0207	35.5	50.5
GC1003827_F08_NODE_2912_length_2126_cov_1.650325	1	2126	219	2126	100	13.7493	36	58.6
GC1003827_F08_NODE_2913_length_2125_cov_9.624124	1	2125	1887	2125	100	104.659	35.2	49.5
GC1003827_F08_NODE_2914_length_2125_cov_6.376376	1	2125	740	2125	100	48.2588	35.5	58.3
GC1003827_F08_NODE_2915_length_2124_cov_21.467702	1	2124	3549	2124	100	204.808	35.4	49.6
GC1003827_F08_NODE_2916_length_2124_cov_8.905859	1	2124	1109	2124	100	73.4666	35.7	59.1
GC1003827_F08_NODE_2917_length_2124_cov_5.849775	1	2124	681	2124	100	44.9727	35.6	58.6
GC1003827_F08_NODE_2918_length_2124_cov_5.061092	1	2124	743	2124	100	46.4807	35.8	57.5
GC1003827_F08_NODE_2919_length_2124_cov_2.961943	1	2124	439	2124	100	26.7269	35.7	57.8
GC1003827_F08_NODE_2920_length_2123_cov_10.202906	1	2123	1442	2123	100	90.1027	35.6	57
GC1003827_F08_NODE_2921_length_2123_cov_9.953908	1	2123	1175	2123	100	77.4941	35.7	58.7
GC1003827_F08_NODE_2922_length_2123_cov_4.090180	1	2123	562	2118	99.7645	34.0659	35.8	54.3
GC1003827_F08_NODE_2923_length_2122_cov_7.102757	1	2122	818	2110	99.4345	54.2059	35.8	59.1
GC1003827_F08_NODE_2924_length_2122_cov_4.193985	1	2122	510	2122	100	34.2903	35.5	58.9
GC1003827_F08_NODE_2925_length_2122_cov_4.186967	1	2122	459	2122	100	31.3148	35.5	59
GC1003827_F08_NODE_2926_length_2121_cov_14.249248	1	2121	1898	2121	100	120.055	35.5	55.2
GC1003827_F08_NODE_2927_length_2121_cov_8.547141	1	2121	1089	2121	100	69.3423	35.6	56.4
GC1003827_F08_NODE_2928_length_2121_cov_2.840522	1	2121	329	2121	100	21.7987	35.9	59.5
GC1003827_F08_NODE_2929_length_2120_cov_3.544405	1	2120	692	2120	100	34.6	35	41.4
GC1003827_F08_NODE_2930_length_2119_cov_9.539157	1	2119	1351	2119	100	83.8414	35.3	55.4
GC1003827_F08_NODE_2931_length_2119_cov_5.267570	1	2119	817	2119	100	49.9212	35.4	57
GC1003827_F08_NODE_2932_length_2118_cov_2.996484	1	2118	326	2113	99.7639	22.4405	35.5	59.6
GC1003827_F08_NODE_2933_length_2117_cov_8.195980	1	2117	928	2117	100	62.6854	35.3	59.3
GC1003827_F08_NODE_2934_length_2117_cov_7.972362	1	2117	1032	2117	100	66.1757	35.5	58.1
GC1003827_F08_NODE_2935_length_2117_cov_5.043216	1	2117	666	2117	100	43.615	35.7	59.1
GC1003827_F08_NODE_2936_length_2116_cov_12.603318	1	2116	1984	2116	100	113.612	35.5	54.9
GC1003827_F08_NODE_2937_length_2116_cov_9.481649	1	2116	1108	2116	100	72.8129	35.6	58
GC1003827_F08_NODE_2938_length_2116_cov_7.555053	1	2116	1102	2116	100	66.2717	35.3	53.7
GC1003827_F08_NODE_2939_length_2116_cov_6.058321	1	2116	1109	2116	100	67.431	35.3	56.8
GC1003827_F08_NODE_2940_length_2116_cov_5.865259	1	2116	650	2116	100	43.327	35.7	59
GC1003827_F08_NODE_2941_length_2116_cov_5.666164	1	2116	869	2116	100	52.612	35.4	56.7
GC1003827_F08_NODE_2942_length_2115_cov_3.612676	1	2115	374	2115	100	25.7844	35.4	59.3
GC1003827_F08_NODE_2943_length_2115_cov_3.477364	1	2115	412	2115	100	27.0459	35.5	57.7
GC1003827_F08_NODE_2944_length_2114_cov_7.281329	1	2114	1299	2114	100	77.9465	35.3	54
GC1003827_F08_NODE_2945_length_2114_cov_7.155008	1	2114	1062	2114	100	65.2034	35.2	54.9
GC1003827_F08_NODE_2946_length_2114_cov_3.679416	1	2114	542	2110	99.8108	33.7299	35.3	55.9
GC1003827_F08_NODE_2947_length_2113_cov_6.846425	1	2113	1042	2113	100	63.8391	35.4	56
GC1003827_F08_NODE_2948_length_2112_cov_9.164736	1	2112	1198	2112	100	75.4148	35.5	57.1
GC1003827_F08_NODE_2949_length_2112_cov_6.767254	1	2112	1051	2112	100	65.9962	35.5	57
GC1003827_F08_NODE_2950_length_2111_cov_6.202621	1	2111	766	2111	100	51.0033	35.7	59.3
GC1003827_F08_NODE_2951_length_2111_cov_5.220262	1	2111	751	2111	100	48.0677	35.3	57.3
GC1003827_F08_NODE_2952_length_2111_cov_5.013105	1	2111	778	2104	99.6684	47.8783	35.7	56.3
GC1003827_F08_NODE_2953_length_2111_cov_4.390625	1	2111	520	2111	100	34.1071	35.3	58.3
GC1003827_F08_NODE_2954_length_2110_cov_15.236510	1	2110	1897	2110	100	123.113	35.7	58.2
GC1003827_F08_NODE_2955_length_2110_cov_6.869894	1	2110	790	2110	100	53.2886	35.3	59.4
GC1003827_F08_NODE_2956_length_2109_cov_6.180626	1	2109	854	2109	100	53.5187	35.4	57.8
GC1003827_F08_NODE_2957_length_2109_cov_3.406660	1	2109	424	2109	100	28.807	35.4	59.2
GC1003827_F08_NODE_2958_length_2109_cov_2.447023	1	2109	445	2109	100	22.6676	35.3	45.1
GC1003827_F08_NODE_2959_length_2108_cov_15.664816	1	2108	2987	2108	100	178.234	34.9	54.9
GC1003827_F08_NODE_2960_length_2108_cov_3.996971	1	2108	426	2108	100	29.3098	35.4	59.7
GC1003827_F08_NODE_2961_length_2108_cov_3.748612	1	2108	503	2108	100	30.3653	35.3	58.9
GC1003827_F08_NODE_2962_length_2107_cov_18.852525	1	2107	2144	2107	100	141.5	35.8	58.7
GC1003827_F08_NODE_2963_length_2107_cov_6.308586	1	2107	767	2107	100	49.8287	35.8	57.1
GC1003827_F08_NODE_2964_length_2107_cov_5.115657	1	2107	544	2107	100	37.7333	35.7	59.9
GC1003827_F08_NODE_2965_length_2107_cov_2.809596	1	2107	2226	2107	100	92.6554	34.2	15.1
GC1003827_F08_NODE_2966_length_2106_cov_9.499747	1	2106	1290	2106	100	84.378	35.5	58.3
GC1003827_F08_NODE_2967_length_2106_cov_8.731683	1	2106	954	2106	100	64.8822	35.4	59.3
GC1003827_F08_NODE_2968_length_2106_cov_7.825164	1	2106	1221	2106	100	74.2298	35.5	54
GC1003827_F08_NODE_2969_length_2106_cov_5.026276	1	2106	789	2106	100	43.1928	35.3	45.6
GC1003827_F08_NODE_2970_length_2106_cov_4.880243	1	2106	1180	2104	99.905	54.7707	34.6	30.9
GC1003827_F08_NODE_2971_length_2106_cov_1.129864	1	2106	130	2106	100	8.83428	35.3	58.6
GC1003827_F08_NODE_2972_length_2105_cov_4.533873	1	2105	794	2105	100	43.5487	35.3	51
GC1003827_F08_NODE_2973_length_2105_cov_2.517189	1	2105	368	2096	99.5724	22.553	35.5	56.5
GC1003827_F08_NODE_2974_length_2104_cov_5.904906	1	2104	660	2104	100	44.2258	35.7	58.2
GC1003827_F08_NODE_2975_length_2103_cov_5.461538	1	2103	661	2103	100	43.6619	35.8	58.4
GC1003827_F08_NODE_2976_length_2103_cov_5.443826	1	2103	750	2102	99.9524	48.3799	35.4	57.9
GC1003827_F08_NODE_2977_length_2103_cov_4.819332	1	2103	614	2103	100	39.7646	35.5	58.3
GC1003827_F08_NODE_2978_length_2102_cov_9.073924	1	2102	1302	2102	100	83.8183	35.3	57.6
GC1003827_F08_NODE_2979_length_2102_cov_5.361519	1	2102	550	2102	100	38.0785	35.3	59.5
GC1003827_F08_NODE_2980_length_2102_cov_2.358987	1	2102	276	2102	100	17.7193	35.7	56.1
GC1003827_F08_NODE_2981_length_2102_cov_1.739747	1	2102	194	2102	100	13.0423	35.3	58.6
GC1003827_F08_NODE_2982_length_2101_cov_6.052685	1	2101	921	2099	99.9048	58.575	34.9	57.5
GC1003827_F08_NODE_2983_length_2101_cov_4.487842	1	2101	1021	2098	99.8572	48.5374	35	32.3
GC1003827_F08_NODE_2984_length_2101_cov_3.577508	1	2101	679	2101	100	36.5131	35.3	48.4
GC1003827_F08_NODE_2985_length_2101_cov_2.383485	1	2101	316	2101	100	20.4379	35.9	59.5
GC1003827_F08_NODE_2986_length_2100_cov_6.373543	1	2100	767	2100	100	49.6948	35.7	58.1
GC1003827_F08_NODE_2987_length_2100_cov_4.329448	1	2100	491	2100	100	32.2605	35.8	57.1
GC1003827_F08_NODE_2988_length_2100_cov_1.908768	1	2100	227	2100	100	14.2971	35.5	53.1
GC1003827_F08_NODE_2989_length_2099_cov_8.322008	1	2099	1102	2099	100	69.6332	35.7	57.3
GC1003827_F08_NODE_2990_length_2099_cov_5.487323	1	2099	598	2089	99.5236	40.7465	35.6	59.1
GC1003827_F08_NODE_2991_length_2099_cov_4.384381	1	2099	583	2099	100	35.1153	35.3	50.3
GC1003827_F08_NODE_2992_length_2099_cov_3.563895	1	2099	380	2099	100	25.849	35.6	58.3
GC1003827_F08_NODE_2993_length_2099_cov_3.078600	1	2099	393	2075	98.8566	24.3497	35.7	54.6
GC1003827_F08_NODE_2994_length_2099_cov_2.650609	1	2099	313	2097	99.9047	20.5912	35.4	58.3
GC1003827_F08_NODE_2995_length_2097_cov_14.520305	1	2097	1922	2097	100	120.784	35.6	55.1
GC1003827_F08_NODE_2996_length_2097_cov_8.792893	1	2097	1670	2097	100	97.3147	35.3	53.8
GC1003827_F08_NODE_2997_length_2097_cov_8.003046	1	2097	1055	2096	99.9523	66.8817	35.5	54.5
GC1003827_F08_NODE_2998_length_2097_cov_5.984772	1	2097	1304	2097	100	74.4359	35.3	44.7
GC1003827_F08_NODE_2999_length_2097_cov_5.979188	1	2097	732	2097	100	46.2451	35.9	56
GC1003827_F08_NODE_3000_length_2096_cov_12.777044	1	2096	1842	2096	100	114.399	35.8	56
GC1003827_F08_NODE_3001_length_2096_cov_8.430168	1	2096	1075	2096	100	67.6288	35.3	56.3
GC1003827_F08_NODE_3002_length_2096_cov_7.352463	1	2096	808	2093	99.8569	54.9885	35.4	59.4
GC1003827_F08_NODE_3003_length_2096_cov_4.273235	1	2096	523	2096	100	33.9065	35.3	57.4
GC1003827_F08_NODE_3004_length_2096_cov_4.219909	1	2096	754	2096	100	45.8063	34.8	54.1
GC1003827_F08_NODE_3005_length_2096_cov_3.425597	1	2096	435	2094	99.9046	28.5949	35.4	58.5
GC1003827_F08_NODE_3006_length_2094_cov_10.098119	1	2094	2133	2093	99.9522	114.275	34.4	39
GC1003827_F08_NODE_3007_length_2094_cov_3.040163	1	2094	351	2094	100	23.8243	35.6	59.4
GC1003827_F08_NODE_3008_length_2093_cov_6.789420	1	2093	954	2093	100	57.172	35.6	55.7
GC1003827_F08_NODE_3009_length_2092_cov_11.591858	1	2092	1659	2092	100	106.922	35.6	57.7
GC1003827_F08_NODE_3010_length_2092_cov_7.619338	1	2092	1025	2092	100	63.2988	35.6	55.9
GC1003827_F08_NODE_3011_length_2092_cov_5.886514	1	2092	707	2092	100	48.3657	35.5	59.5
GC1003827_F08_NODE_3012_length_2091_cov_8.200611	1	2091	1468	2091	100	88.1989	35.8	55.7
GC1003827_F08_NODE_3013_length_2091_cov_4.850815	1	2091	704	2091	100	46.9847	35.3	59.6
GC1003827_F08_NODE_3014_length_2090_cov_7.403974	1	2090	1037	2090	100	61.4852	35.4	49.3
GC1003827_F08_NODE_3015_length_2090_cov_6.933775	1	2090	901	2090	100	58.2837	35.5	57.7
GC1003827_F08_NODE_3016_length_2090_cov_5.539990	1	2090	568	2090	100	39.1746	35.6	59.4
GC1003827_F08_NODE_3017_length_2090_cov_1.595517	1	2090	246	2090	100	15.1675	35.6	56.3
GC1003827_F08_NODE_3018_length_2089_cov_8.643731	1	2089	909	2086	99.8564	62.1991	35.5	59.4
GC1003827_F08_NODE_3019_length_2089_cov_7.982161	1	2089	1087	2088	99.9521	68.4332	35.7	54.4
GC1003827_F08_NODE_3020_length_2089_cov_7.745158	1	2089	1121	2088	99.9521	70.5079	35.5	56
GC1003827_F08_NODE_3021_length_2089_cov_6.510194	1	2089	613907	2089	100	20916	35.1	23.7
GC1003827_F08_NODE_3022_length_2089_cov_5.830785	1	2089	691	2089	100	46.0618	35.6	58.2
GC1003827_F08_NODE_3023_length_2089_cov_5.304281	1	2089	593	2089	100	39.7104	35.7	59.1
GC1003827_F08_NODE_3024_length_2089_cov_2.980122	1	2089	486	2089	100	28.629	35.1	51.1
GC1003827_F08_NODE_3025_length_2089_cov_1.136086	1	2089	130	2089	100	8.67209	35.8	59
GC1003827_F08_NODE_3026_length_2088_cov_6.194289	1	2088	885	2088	100	55.9157	35.2	58.1
GC1003827_F08_NODE_3027_length_2088_cov_2.574707	1	2088	342	2088	100	23.0426	35.7	59.1
GC1003827_F08_NODE_3028_length_2087_cov_1.596429	1	2087	189	2087	100	12.6675	35.6	59.1
GC1003827_F08_NODE_3029_length_2086_cov_10.852986	1	2086	1302	2086	100	83.8581	35.6	55.7
GC1003827_F08_NODE_3030_length_2086_cov_10.296580	1	2086	1332	2086	100	86.6453	35.5	57
GC1003827_F08_NODE_3031_length_2086_cov_10.092905	1	2086	1269	2086	100	81.7474	35.6	58
GC1003827_F08_NODE_3032_length_2086_cov_5.157734	1	2086	625	2085	99.9521	39.8878	35.6	56.5
GC1003827_F08_NODE_3033_length_2086_cov_5.009699	1	2086	1376	2086	100	81.0355	35.1	45.9
GC1003827_F08_NODE_3034_length_2086_cov_4.906075	1	2086	655	2086	100	42.0724	35.5	56.5
GC1003827_F08_NODE_3035_length_2086_cov_1.552833	1	2086	169	2086	100	11.7435	35.8	59
GC1003827_F08_NODE_3036_length_2085_cov_7.073544	1	2085	870	2082	99.8561	57.9381	35.5	58.7
GC1003827_F08_NODE_3037_length_2085_cov_4.730337	1	2085	881	2085	100	52.5367	35	56
GC1003827_F08_NODE_3038_length_2085_cov_3.258427	1	2085	431	2085	100	27.7607	35.6	58
GC1003827_F08_NODE_3039_length_2084_cov_7.500766	1	2084	893	2084	100	59.595	35.5	57.7
GC1003827_F08_NODE_3040_length_2083_cov_10.346626	1	2083	1486	2083	100	90.7187	35.5	55.8
GC1003827_F08_NODE_3041_length_2083_cov_5.742843	1	2083	705	2083	100	46.5142	35.5	58.7
GC1003827_F08_NODE_3042_length_2083_cov_5.088446	1	2083	798	2083	100	50.0677	35.1	56.1
GC1003827_F08_NODE_3043_length_2083_cov_4.776074	1	2083	1567	2083	100	72.1843	34.4	23.8
GC1003827_F08_NODE_3044_length_2083_cov_4.186094	1	2083	541	2080	99.856	34.1258	35.7	53.8
GC1003827_F08_NODE_3045_length_2083_cov_2.913088	1	2083	505	2083	100	26.7168	35.2	40.1
GC1003827_F08_NODE_3046_length_2083_cov_2.345092	1	2083	311	2083	100	19.6702	35.8	54.9
GC1003827_F08_NODE_3047_length_2082_cov_10.786701	1	2082	1658	2082	100	107.158	35.4	56.2
GC1003827_F08_NODE_3048_length_2082_cov_7.783632	1	2082	1370	2082	100	85.2541	35.3	57.2
GC1003827_F08_NODE_3049_length_2082_cov_7.014322	1	2082	811	2082	100	55.2733	35.8	58.8
GC1003827_F08_NODE_3050_length_2082_cov_5.901279	1	2082	820	2082	100	49.9601	35.3	50.3
GC1003827_F08_NODE_3051_length_2082_cov_5.712020	1	2082	720	2082	100	48.0043	35.4	58.3
GC1003827_F08_NODE_3052_length_2082_cov_3.334527	1	2082	406	2072	99.5197	26.9126	35.4	59.5
GC1003827_F08_NODE_3053_length_2081_cov_8.418117	1	2081	931	2081	100	64.8337	35.6	59.5
GC1003827_F08_NODE_3054_length_2081_cov_5.879734	1	2081	670	2079	99.9039	45.8241	35.6	59.2
GC1003827_F08_NODE_3055_length_2081_cov_3.252815	1	2081	546	2081	100	28.1552	35.4	40.4
GC1003827_F08_NODE_3056_length_2081_cov_3.186285	1	2081	605	2078	99.8558	34.6699	35.5	55.3
GC1003827_F08_NODE_3057_length_2081_cov_2.743603	1	2081	353	2081	100	22.4507	34.8	56.5
GC1003827_F08_NODE_3058_length_2080_cov_7.164875	1	2080	1125	2080	100	73.3779	35.6	56.5
GC1003827_F08_NODE_3059_length_2080_cov_5.012801	1	2080	533	2080	100	37.6606	35.4	59.7
GC1003827_F08_NODE_3060_length_2080_cov_3.602151	1	2080	446	2080	100	28.5817	35.7	56.1
GC1003827_F08_NODE_3061_length_2080_cov_2.684588	1	2080	301	2076	99.8077	20.1577	35.2	59
GC1003827_F08_NODE_3062_length_2079_cov_10.311988	1	2079	1371	2079	100	90.4666	35.7	58.5
GC1003827_F08_NODE_3063_length_2079_cov_7.213627	1	2079	959	2079	100	62.4839	35.5	57.6
GC1003827_F08_NODE_3064_length_2079_cov_5.913934	1	2079	788	2079	100	50.0399	35.4	57.1
GC1003827_F08_NODE_3065_length_2079_cov_3.889857	1	2079	458	2077	99.9038	31.6965	35.5	59.3
GC1003827_F08_NODE_3066_length_2078_cov_10.640697	1	2078	1729	2078	100	107.226	35.2	53.9
GC1003827_F08_NODE_3067_length_2078_cov_4.774475	1	2078	624	2078	100	39.8787	35.6	56.7
GC1003827_F08_NODE_3068_length_2078_cov_3.186058	1	2078	362	2078	100	24.5577	35.4	59.5
GC1003827_F08_NODE_3069_length_2078_cov_2.723219	1	2078	362	2078	100	22.0164	35.5	56.9
GC1003827_F08_NODE_3070_length_2077_cov_4.158462	1	2077	1220	2077	100	60.8575	34.7	40.1
GC1003827_F08_NODE_3071_length_2077_cov_3.524615	1	2077	434	2077	100	29.2191	35.5	58.7
GC1003827_F08_NODE_3072_length_2076_cov_11.045151	1	2076	1476	2076	100	95.5116	35.4	57.3
GC1003827_F08_NODE_3073_length_2076_cov_3.774756	1	2076	691	2076	100	37.1045	35.1	51
GC1003827_F08_NODE_3074_length_2075_cov_8.947639	1	2075	1136	2075	100	75.5094	35.6	58.7
GC1003827_F08_NODE_3075_length_2075_cov_2.572895	1	2075	349	2075	100	22.7581	35.4	57.6
GC1003827_F08_NODE_3076_length_2074_cov_11.469440	1	2074	1616	2074	100	96.9961	35.4	52.7
GC1003827_F08_NODE_3077_length_2074_cov_4.042630	1	2074	591	2074	100	36.3635	35.3	51
GC1003827_F08_NODE_3078_length_2074_cov_3.783256	1	2074	548	2074	100	34.9441	35.4	58
GC1003827_F08_NODE_3079_length_2074_cov_2.418079	1	2074	326	2074	100	19.4696	35.7	56.7
GC1003827_F08_NODE_3080_length_2073_cov_5.988181	1	2073	825	2072	99.9518	52.3401	35.5	56.9
GC1003827_F08_NODE_3081_length_2073_cov_2.644399	1	2073	342	2073	100	21.8394	35.4	56.8
GC1003827_F08_NODE_3082_length_2073_cov_1.592497	1	2073	304	2073	100	17.3603	35.2	51.4
GC1003827_F08_NODE_3083_length_2072_cov_9.919280	1	2072	1394	2072	100	89.8185	35.6	56.7
GC1003827_F08_NODE_3084_length_2072_cov_6.596401	1	2072	741	2072	100	50.3634	35.6	58.4
GC1003827_F08_NODE_3085_length_2072_cov_6.230334	1	2072	791	2072	100	52.764	35.4	58.9
GC1003827_F08_NODE_3086_length_2071_cov_10.314815	1	2071	1319	2071	100	85.0971	35.4	56.6
GC1003827_F08_NODE_3087_length_2071_cov_2.351337	1	2071	270	2071	100	17.7774	35.3	55.7
GC1003827_F08_NODE_3088_length_2070_cov_6.116830	1	2070	947	2070	100	54.2043	35.7	54.9
GC1003827_F08_NODE_3089_length_2070_cov_5.971693	1	2070	1162	2068	99.9034	64.3831	34.8	45.8
GC1003827_F08_NODE_3090_length_2070_cov_4.623778	1	2070	537	2069	99.9517	37.5024	35.6	59.4
GC1003827_F08_NODE_3091_length_2069_cov_2.800721	1	2069	286	2068	99.9517	19.7796	35.8	59.2
GC1003827_F08_NODE_3092_length_2069_cov_2.690525	1	2069	323	2066	99.855	21.1609	35.7	57.3
GC1003827_F08_NODE_3093_length_2068_cov_18.760433	1	2068	2239	2068	100	148.068	35.6	57
GC1003827_F08_NODE_3094_length_2068_cov_11.788769	1	2068	1762	2068	100	110.493	35.6	56.3
GC1003827_F08_NODE_3095_length_2068_cov_8.095312	1	2068	1302	2068	100	84.3714	35.5	58.3
GC1003827_F08_NODE_3096_length_2068_cov_6.828954	1	2068	874	2068	100	57.766	35.4	59.1
GC1003827_F08_NODE_3097_length_2067_cov_7.248454	1	2067	785	2067	100	53.9565	35.6	58.8
GC1003827_F08_NODE_3098_length_2067_cov_6.193814	1	2067	886	2067	100	56.463	35.6	57.8
GC1003827_F08_NODE_3099_length_2067_cov_5.097938	1	2067	823	2067	100	51.2254	35.6	56.8
GC1003827_F08_NODE_3100_length_2067_cov_4.878351	1	2067	483	2067	100	34.1655	35.4	59.8
GC1003827_F08_NODE_3101_length_2067_cov_4.851546	1	2067	670	2067	100	41.9661	35.4	55.8
GC1003827_F08_NODE_3102_length_2067_cov_2.543814	1	2067	306	2067	100	21.0044	35.5	59.4
GC1003827_F08_NODE_3103_length_2066_cov_10.733368	1	2066	1596	2066	100	101.298	35.5	57.7
GC1003827_F08_NODE_3104_length_2066_cov_3.196493	1	2066	484	2066	100	30.0426	35.6	56.6
GC1003827_F08_NODE_3105_length_2066_cov_2.283651	1	2066	342	2066	100	19.2827	35.4	43.8
GC1003827_F08_NODE_3106_length_2065_cov_15.218782	1	2065	2013	2065	100	133.669	35.3	57.7
GC1003827_F08_NODE_3107_length_2065_cov_7.666151	1	2065	1003	2065	100	63.6073	35.4	54.8
GC1003827_F08_NODE_3108_length_2065_cov_6.587719	1	2065	719	2065	100	49.2349	35.3	59.3
GC1003827_F08_NODE_3109_length_2065_cov_2.176471	1	2065	255	2065	100	17.2271	35.8	57.9
GC1003827_F08_NODE_3110_length_2064_cov_11.253485	1	2064	1382	2064	100	92.3498	35.8	57.9
GC1003827_F08_NODE_3111_length_2064_cov_6.350026	1	2064	718	2062	99.9031	48.1904	35.7	58.1
GC1003827_F08_NODE_3112_length_2063_cov_6.872417	1	2063	1132	2063	100	70.6835	35.3	55
GC1003827_F08_NODE_3113_length_2063_cov_6.708161	1	2063	813	2063	100	54.7208	35.2	59
GC1003827_F08_NODE_3114_length_2062_cov_12.693023	1	2062	1700	2062	100	110.996	35.2	58.1
GC1003827_F08_NODE_3115_length_2062_cov_6.052713	1	2062	641	2062	100	44.6969	35.8	59.2
GC1003827_F08_NODE_3116_length_2062_cov_3.968475	1	2062	436	2062	100	29.7949	35.5	58.4
GC1003827_F08_NODE_3117_length_2062_cov_1.540568	1	2062	155	2061	99.9515	10.9326	35.1	59.4
GC1003827_F08_NODE_3118_length_2061_cov_10.270941	1	2061	1345	2061	100	88.6274	35.6	58
GC1003827_F08_NODE_3119_length_2061_cov_4.741468	1	2061	702	2061	100	41.8685	35.7	53.8
GC1003827_F08_NODE_3120_length_2060_cov_4.615623	1	2060	731	2060	100	42.5617	35.5	53.3
GC1003827_F08_NODE_3121_length_2060_cov_4.494568	1	2060	452	2060	100	31.665	35.6	59.3
GC1003827_F08_NODE_3122_length_2060_cov_3.766167	1	2060	588	2060	100	35.3286	35.5	50
GC1003827_F08_NODE_3123_length_2060_cov_2.789964	1	2060	426	2060	100	23.8039	35.2	44.9
GC1003827_F08_NODE_3124_length_2060_cov_2.468702	1	2060	285	2060	100	19.9087	35.7	59.5
GC1003827_F08_NODE_3125_length_2060_cov_1.927574	1	2060	324	2060	100	18.3544	35.2	50.1
GC1003827_F08_NODE_3126_length_2059_cov_9.268634	1	2059	1489	2059	100	83.4565	35.4	45.9
GC1003827_F08_NODE_3127_length_2058_cov_5.662351	1	2058	923	2058	100	57.1735	35.7	56.2
GC1003827_F08_NODE_3128_length_2058_cov_4.529777	1	2058	487	2058	100	33.4587	35.7	59.2
GC1003827_F08_NODE_3129_length_2058_cov_2.858622	1	2058	503	2058	100	28.8124	35.4	54.8
GC1003827_F08_NODE_3130_length_2057_cov_5.608808	1	2057	764	2057	100	50.0997	35.4	58.5
GC1003827_F08_NODE_3131_length_2057_cov_3.214508	1	2057	502	2057	100	32.4239	35.3	57.6
GC1003827_F08_NODE_3132_length_2056_cov_3.656299	1	2056	433	2056	100	29.18	35.5	58.1
GC1003827_F08_NODE_3133_length_2056_cov_2.861586	1	2056	317	2047	99.5623	21.6201	35.4	59.4
GC1003827_F08_NODE_3134_length_2055_cov_6.161826	1	2055	1012	2055	100	64.7689	35.5	56.5
GC1003827_F08_NODE_3135_length_2055_cov_4.176867	1	2055	739	2055	100	37.0078	35.1	37
GC1003827_F08_NODE_3136_length_2054_cov_10.274001	1	2054	1317	2054	100	87.0682	35.5	58.4
GC1003827_F08_NODE_3137_length_2054_cov_7.957447	1	2054	1024	2054	100	67.6422	35.5	57.9
GC1003827_F08_NODE_3138_length_2054_cov_2.040996	1	2054	266	2052	99.9026	17.2955	35.7	57.5
GC1003827_F08_NODE_3139_length_2053_cov_3.585670	1	2053	503	2043	99.5129	33.1544	35.4	55.7
GC1003827_F08_NODE_3140_length_2052_cov_9.009351	1	2052	1041	2052	100	72.1866	35.6	59
GC1003827_F08_NODE_3141_length_2052_cov_7.456623	1	2052	812	2050	99.9025	56.2442	35.6	59.3
GC1003827_F08_NODE_3142_length_2051_cov_12.179314	1	2051	1585	2051	100	106.192	35.7	58.4
GC1003827_F08_NODE_3143_length_2051_cov_9.322765	1	2051	1287	2051	100	83.7479	35.4	57.3
GC1003827_F08_NODE_3144_length_2051_cov_6.134615	1	2051	1269	2051	100	77.3306	35.5	54.4
GC1003827_F08_NODE_3145_length_2051_cov_5.458420	1	2051	923	2051	100	56.8294	35.1	53.6
GC1003827_F08_NODE_3146_length_2051_cov_4.602391	1	2051	501	2051	100	34.4817	35.7	58.7
GC1003827_F08_NODE_3147_length_2051_cov_4.571206	1	2051	610	2051	100	40.4281	35.5	58.8
GC1003827_F08_NODE_3148_length_2051_cov_4.223493	1	2051	448	2051	100	31.0302	35.6	59.1
GC1003827_F08_NODE_3149_length_2051_cov_3.852911	1	2051	981	2051	100	45.4125	35.1	32.8
GC1003827_F08_NODE_3150_length_2051_cov_3.761435	1	2051	460	2051	100	30.8123	35.5	57.2
GC1003827_F08_NODE_3151_length_2050_cov_11.310452	1	2050	1244	2050	100	85.582	35.7	59
GC1003827_F08_NODE_3152_length_2050_cov_9.477899	1	2050	1412	2050	100	93.2849	35.3	58
GC1003827_F08_NODE_3153_length_2049_cov_5.396462	1	2049	645	2049	100	43.5144	35.3	57.6
GC1003827_F08_NODE_3154_length_2048_cov_8.182717	1	2048	981	2044	99.8047	65.6772	35.5	58.6
GC1003827_F08_NODE_3155_length_2048_cov_3.335242	1	2048	385	2048	100	25.978	35.7	58.6
GC1003827_F08_NODE_3156_length_2048_cov_2.403436	1	2048	243	2048	100	17.3662	35.5	59.9
GC1003827_F08_NODE_3157_length_2047_cov_15.665625	1	2047	2505	2047	100	158.537	35.6	57.1
GC1003827_F08_NODE_3158_length_2047_cov_12.009896	1	2047	1693	2047	100	111.183	35.2	57.7
GC1003827_F08_NODE_3159_length_2047_cov_8.883854	1	2047	952	2047	100	66.0928	35.5	59.1
GC1003827_F08_NODE_3160_length_2047_cov_8.335938	1	2047	886	2047	100	61.8026	35.8	59.2
GC1003827_F08_NODE_3161_length_2047_cov_5.954688	1	2047	671	2047	100	45.3952	35.3	57.5
GC1003827_F08_NODE_3162_length_2047_cov_4.548438	1	2047	610	2047	100	39.5613	35.4	56.7
GC1003827_F08_NODE_3163_length_2047_cov_4.411979	1	2047	540	2047	100	36.5496	35.6	58.3
GC1003827_F08_NODE_3164_length_2046_cov_7.668056	1	2046	784	2046	100	55.1202	35.5	59.1
GC1003827_F08_NODE_3165_length_2046_cov_5.875456	1	2046	670	2046	100	45.4658	35.6	58.8
GC1003827_F08_NODE_3166_length_2046_cov_5.854612	1	2046	701	2046	100	48.9453	35.5	59.4
GC1003827_F08_NODE_3167_length_2046_cov_4.848359	1	2046	550	2046	100	37.8959	35.6	58.4
GC1003827_F08_NODE_3168_length_2045_cov_7.557351	1	2045	1547	2036	99.5599	84.3242	34.8	38.9
GC1003827_F08_NODE_3169_length_2045_cov_6.180396	1	2045	720	2043	99.9022	48.8	35.2	58.2
GC1003827_F08_NODE_3170_length_2044_cov_4.535733	1	2044	580	2044	100	37.5724	35.4	57.6
GC1003827_F08_NODE_3171_length_2044_cov_2.211268	1	2044	267	2044	100	18.3968	35.7	58.9
GC1003827_F08_NODE_3172_length_2043_cov_9.541754	1	2043	1043	2043	100	71.6437	35.7	58.7
GC1003827_F08_NODE_3173_length_2043_cov_8.208246	1	2043	971	2042	99.9511	65.8869	35.3	58.6
GC1003827_F08_NODE_3174_length_2042_cov_8.710705	1	2042	1159	2042	100	75.023	35.6	56.1
GC1003827_F08_NODE_3175_length_2042_cov_4.181201	1	2042	497	2042	100	33.1582	35.6	57.3
GC1003827_F08_NODE_3176_length_2042_cov_2.994256	1	2042	305	2042	100	21.381	35.4	59.1
GC1003827_F08_NODE_3177_length_2041_cov_6.356844	1	2041	667	2039	99.902	46.6281	35.7	58.8
GC1003827_F08_NODE_3178_length_2041_cov_6.266980	1	2041	767	2041	100	52.3283	35.8	57.7
GC1003827_F08_NODE_3179_length_2040_cov_8.710925	1	2040	977	2040	100	67.4721	35.8	58.2
GC1003827_F08_NODE_3180_length_2040_cov_2.806587	1	2040	291	2040	100	20.4525	35.5	59.7
GC1003827_F08_NODE_3181_length_2040_cov_2.414532	1	2040	313	2040	100	21.1314	35.8	57.5
GC1003827_F08_NODE_3182_length_2040_cov_1.775222	1	2040	192	2040	100	13.4681	35.8	59.6
GC1003827_F08_NODE_3183_length_2040_cov_1.622582	1	2040	256	2040	100	15.3652	35.3	53.2
GC1003827_F08_NODE_3184_length_2039_cov_10.989017	1	2039	1313	2039	100	89.693	35.6	59.1
GC1003827_F08_NODE_3185_length_2039_cov_7.122385	1	2039	1061	2039	100	67.7886	35.2	57.3
GC1003827_F08_NODE_3186_length_2039_cov_6.514644	1	2039	1061	2039	100	60.3673	35.5	48.8
GC1003827_F08_NODE_3187_length_2039_cov_2.980649	1	2039	418	2039	100	26.2501	35.5	54.9
GC1003827_F08_NODE_3188_length_2038_cov_6.937729	1	2038	811	2038	100	57.0824	35.5	59.5
GC1003827_F08_NODE_3189_length_2038_cov_6.215071	1	2038	1058	2038	100	64.3317	35.1	53.1
GC1003827_F08_NODE_3190_length_2038_cov_5.954997	1	2038	1049	2028	99.5093	57.7326	35.4	44.3
GC1003827_F08_NODE_3191_length_2038_cov_5.303506	1	2038	672	2038	100	45.5417	35.7	58.3
GC1003827_F08_NODE_3192_length_2038_cov_3.472004	1	2038	408	2038	100	27.9392	35.9	57.9
GC1003827_F08_NODE_3193_length_2037_cov_9.046073	1	2037	1158	2037	100	77.0334	35.4	58
GC1003827_F08_NODE_3194_length_2037_cov_4.800000	1	2037	583	2037	100	39.1532	35.8	58.2
GC1003827_F08_NODE_3195_length_2037_cov_4.596335	1	2037	706	2037	100	44.3019	35.4	56
GC1003827_F08_NODE_3196_length_2037_cov_3.945026	1	2037	1071	2037	100	52.8012	34.9	43.6
GC1003827_F08_NODE_3197_length_2036_cov_8.025144	1	2036	1136	2036	100	73.8124	35.4	57.7
GC1003827_F08_NODE_3198_length_2036_cov_2.763751	1	2036	311	2027	99.558	21.7264	35.9	59
GC1003827_F08_NODE_3199_length_2036_cov_1.341016	1	2036	147	2036	100	10.1493	35.6	58
GC1003827_F08_NODE_3200_length_2035_cov_11.009434	1	2035	1271	2035	100	85.771	35.6	58
GC1003827_F08_NODE_3201_length_2034_cov_9.652334	1	2034	1371	2034	100	84.056	35.5	54.4
GC1003827_F08_NODE_3202_length_2034_cov_2.307289	1	2034	627	2034	100	34.5054	35.5	53.1
GC1003827_F08_NODE_3203_length_2033_cov_6.758132	1	2033	1255	2033	100	76.5971	34.6	54.8
GC1003827_F08_NODE_3204_length_2033_cov_6.032529	1	2033	1713	2033	100	101.953	35.3	52.2
GC1003827_F08_NODE_3205_length_2033_cov_3.771249	1	2033	537	2033	100	33.5986	35.1	53.4
GC1003827_F08_NODE_3206_length_2033_cov_2.603358	1	2033	361	2033	100	22.4766	35.6	53.3
GC1003827_F08_NODE_3207_length_2032_cov_11.687664	1	2032	2444	2032	100	141.497	35	53.4
GC1003827_F08_NODE_3208_length_2032_cov_6.989501	1	2032	849	2032	100	56.7933	35.6	58.1
GC1003827_F08_NODE_3209_length_2032_cov_6.804724	1	2032	1042	2029	99.8524	67.966	35.4	57.8
GC1003827_F08_NODE_3210_length_2032_cov_3.885039	1	2032	654	2032	100	39.4227	35.3	51.5
GC1003827_F08_NODE_3211_length_2031_cov_10.314601	1	2031	1506	2031	100	100.554	35.7	54.5
GC1003827_F08_NODE_3212_length_2031_cov_6.285714	1	2031	686	2031	100	48.034	35.4	59.3
GC1003827_F08_NODE_3213_length_2031_cov_2.689601	1	2031	534	2031	100	30.2422	35.1	52.4
GC1003827_F08_NODE_3214_length_2031_cov_0.800420	1	2031	134	2031	100	7.57607	35.5	49.4
GC1003827_F08_NODE_3215_length_2030_cov_14.803994	1	2030	1697	2030	100	112.658	35.7	58.8
GC1003827_F08_NODE_3216_length_2030_cov_11.518129	1	2030	1207	2030	100	85.0655	35.6	59.5
GC1003827_F08_NODE_3217_length_2030_cov_6.169207	1	2030	787	2030	100	50.8138	35.6	58.6
GC1003827_F08_NODE_3218_length_2030_cov_5.930110	1	2030	648	2030	100	44.5517	35.6	58.9
GC1003827_F08_NODE_3219_length_2030_cov_5.175512	1	2030	574	2030	100	40.1892	35.7	58.3
GC1003827_F08_NODE_3220_length_2030_cov_3.157646	1	2030	549	2021	99.5567	29.2217	35.4	47.6
GC1003827_F08_NODE_3221_length_2030_cov_1.119285	1	2030	204	2021	99.5567	13.067	35.3	54.6
GC1003827_F08_NODE_3222_length_2029_cov_5.599895	1	2029	727	2029	100	45.4519	35.6	54
GC1003827_F08_NODE_3223_length_2028_cov_10.016833	1	2028	1206	2025	99.8521	81.7554	35.7	58.9
GC1003827_F08_NODE_3224_length_2028_cov_8.661757	1	2028	987	2028	100	68.0039	35.7	58
GC1003827_F08_NODE_3225_length_2028_cov_6.900579	1	2028	832	2028	100	56.3309	35.6	58.4
GC1003827_F08_NODE_3226_length_2028_cov_2.609679	1	2028	264	2028	100	18.2929	35.9	57
GC1003827_F08_NODE_3227_length_2028_cov_1.426618	1	2028	152	2028	100	10.3146	35.8	58.5
GC1003827_F08_NODE_3228_length_2027_cov_8.278421	1	2027	895	2026	99.9507	62.8969	35.7	59.4
GC1003827_F08_NODE_3229_length_2027_cov_2.304211	1	2027	389	2027	100	23.8851	34.7	53.2
GC1003827_F08_NODE_3230_length_2027_cov_1.534737	1	2027	171	2027	100	11.5442	35.3	58.1
GC1003827_F08_NODE_3231_length_2026_cov_7.086888	1	2026	886	1974	97.4334	59.9457	35.7	58.2
GC1003827_F08_NODE_3232_length_2026_cov_6.640337	1	2026	749	2025	99.9506	51.1037	35.4	58.1
GC1003827_F08_NODE_3233_length_2026_cov_2.934702	1	2026	437	2026	100	25.5972	35.2	45.4
GC1003827_F08_NODE_3234_length_2026_cov_2.484466	1	2026	804	2026	100	35.6974	34.6	36.6
GC1003827_F08_NODE_3235_length_2026_cov_2.215377	1	2026	279	2026	100	18.9358	35.5	58.3
GC1003827_F08_NODE_3236_length_2025_cov_15.891465	1	2025	1798	2025	100	124.729	35.6	58.8
GC1003827_F08_NODE_3237_length_2025_cov_7.961538	1	2025	42814	2025	100	879.47	34.4	1.5
GC1003827_F08_NODE_3238_length_2025_cov_5.561644	1	2025	660	2025	100	45.4336	35.8	58.9
GC1003827_F08_NODE_3239_length_2025_cov_2.100632	1	2025	222	2022	99.8519	15.1837	35.4	57.6
GC1003827_F08_NODE_3240_length_2024_cov_6.576700	1	2024	807	2014	99.5059	52.7006	35.7	55.9
GC1003827_F08_NODE_3241_length_2024_cov_5.967317	1	2024	999	2024	100	60.8686	35.1	52.6
GC1003827_F08_NODE_3242_length_2024_cov_5.565630	1	2024	718	2024	100	47.2752	35.2	56.6
GC1003827_F08_NODE_3243_length_2024_cov_5.400105	1	2024	707	2024	100	47.3913	35.5	57.7
GC1003827_F08_NODE_3244_length_2024_cov_2.322615	1	2024	293	2024	100	18.2796	35.8	51.5
GC1003827_F08_NODE_3245_length_2023_cov_17.116561	1	2023	1867	2023	100	130.284	35.7	58.8
GC1003827_F08_NODE_3246_length_2023_cov_4.450422	1	2023	660	2023	100	42.5309	35.2	56.6
GC1003827_F08_NODE_3247_length_2023_cov_2.579114	1	2023	691	2023	100	33.0746	35.3	46.2
GC1003827_F08_NODE_3248_length_2022_cov_12.376781	1	2022	1654	2022	100	109.017	35.5	58.5
GC1003827_F08_NODE_3249_length_2022_cov_9.826385	1	2022	1204	2022	100	80.3675	35.5	56.7
GC1003827_F08_NODE_3250_length_2022_cov_8.455937	1	2022	883	2018	99.8022	61.9144	35.6	58.4
GC1003827_F08_NODE_3251_length_2022_cov_6.837995	1	2022	918	2022	100	53.5801	35.3	44.9
GC1003827_F08_NODE_3252_length_2022_cov_1.429024	1	2022	264	2013	99.5549	12.587	35.3	57.5
GC1003827_F08_NODE_3253_length_2021_cov_13.987856	1	2021	1843	2021	100	120.41	35.5	55.8
GC1003827_F08_NODE_3254_length_2021_cov_7.857445	1	2021	1175	2021	100	74.5492	35.2	56.6
GC1003827_F08_NODE_3255_length_2020_cov_6.281564	1	2020	906	2020	100	60.9386	35.4	58.2
GC1003827_F08_NODE_3256_length_2020_cov_4.162176	1	2020	482	2020	100	32.8777	35.6	58.3
GC1003827_F08_NODE_3257_length_2020_cov_2.680401	1	2020	404	2020	100	25.0025	35.6	55.4
GC1003827_F08_NODE_3258_length_2019_cov_9.545983	1	2019	1344	2019	100	84.579	35.4	52.3
GC1003827_F08_NODE_3259_length_2019_cov_3.056554	1	2019	434	2017	99.9009	26.0951	35.6	49.4
GC1003827_F08_NODE_3260_length_2019_cov_2.336152	1	2019	280	2015	99.8019	19.1179	35.5	58.5
GC1003827_F08_NODE_3261_length_2019_cov_2.201903	1	2019	231	2019	100	15.9896	35.5	58.5
GC1003827_F08_NODE_3262_length_2018_cov_17.775251	1	2018	2370	2006	99.4054	155.323	35.7	57.7
GC1003827_F08_NODE_3263_length_2018_cov_7.228979	1	2018	796	2018	100	54.4851	35.6	58.4
GC1003827_F08_NODE_3264_length_2017_cov_11.256085	1	2017	1477	2017	100	98.8815	35.3	57.5
GC1003827_F08_NODE_3265_length_2017_cov_4.448148	1	2017	462	2017	100	33.1641	35.8	59.2
GC1003827_F08_NODE_3266_length_2017_cov_4.054497	1	2017	488	2017	100	33.3941	35.9	58.2
GC1003827_F08_NODE_3267_length_2017_cov_2.055026	1	2017	256	2002	99.2563	16.9256	35.7	55.8
GC1003827_F08_NODE_3268_length_2016_cov_12.339862	1	2016	1372	2015	99.9504	96.7133	35.5	59.3
GC1003827_F08_NODE_3269_length_2016_cov_4.761779	1	2016	2487	2016	100	102.844	34.5	18.5
GC1003827_F08_NODE_3270_length_2016_cov_4.039704	1	2016	403	2016	100	28.5293	35.8	59.2
GC1003827_F08_NODE_3271_length_2015_cov_8.654661	1	2015	1049	2015	100	71.4998	35.5	57.7
GC1003827_F08_NODE_3272_length_2015_cov_6.502648	1	2015	734	2015	100	51.0119	35.7	58.6
GC1003827_F08_NODE_3273_length_2015_cov_6.255826	1	2015	846	2015	100	55.5246	35.4	56.6
GC1003827_F08_NODE_3274_length_2015_cov_4.567267	1	2015	672	2015	100	43.6804	35.2	56.7
GC1003827_F08_NODE_3275_length_2015_cov_3.675318	1	2015	936	2014	99.9504	53.8839	34.9	54.6
GC1003827_F08_NODE_3276_length_2014_cov_15.993641	1	2014	2014	2014	100	133.957	35.9	57
GC1003827_F08_NODE_3277_length_2014_cov_15.901431	1	2014	1851	2014	100	127.288	35.5	57.5
GC1003827_F08_NODE_3278_length_2014_cov_3.439852	1	2014	370	2012	99.9007	25.8347	35.6	59.3
GC1003827_F08_NODE_3279_length_2014_cov_2.517753	1	2014	396	2014	100	23.8982	35.7	53.7
GC1003827_F08_NODE_3280_length_2013_cov_5.285790	1	2013	559	2013	100	38.5753	35.7	57.2
GC1003827_F08_NODE_3281_length_2013_cov_2.711029	1	2013	274	2013	100	19.3125	35.5	58.4
GC1003827_F08_NODE_3282_length_2012_cov_5.681698	1	2012	616	2012	100	43.836	35.4	59.6
GC1003827_F08_NODE_3283_length_2012_cov_3.628117	1	2012	1097	2012	100	51.2634	34.8	22.1
GC1003827_F08_NODE_3284_length_2012_cov_3.326260	1	2012	427	2012	100	27.7744	35.9	57.2
GC1003827_F08_NODE_3285_length_2011_cov_7.101380	1	2011	748	2011	100	53.7578	35.7	59.5
GC1003827_F08_NODE_3286_length_2011_cov_3.438429	1	2011	376	2011	100	26.3088	35.3	58.3
GC1003827_F08_NODE_3287_length_2011_cov_2.529724	1	2011	279	2011	100	19.5485	35.8	59.2
GC1003827_F08_NODE_3288_length_2010_cov_21.391397	1	2010	2586	2010	100	178.196	35.7	58.5
GC1003827_F08_NODE_3289_length_2010_cov_2.556028	1	2010	482	2010	100	25.0269	35.2	39.6
GC1003827_F08_NODE_3290_length_2010_cov_2.131705	1	2010	270	2010	100	18.3726	35.5	57.5
GC1003827_F08_NODE_3291_length_2009_cov_6.456429	1	2009	1207	2009	100	70.9099	35.1	54.5
GC1003827_F08_NODE_3292_length_2009_cov_4.912859	1	2009	607	2009	100	40.3141	35.8	57.9
GC1003827_F08_NODE_3293_length_2009_cov_2.937301	1	2009	454	2009	100	24.9537	35.6	42.6
GC1003827_F08_NODE_3294_length_2008_cov_8.213716	1	2008	1204	2008	100	77.0563	35.6	57
GC1003827_F08_NODE_3295_length_2008_cov_7.766082	1	2008	1039	2008	100	68.6643	35.4	57.2
GC1003827_F08_NODE_3296_length_2008_cov_2.186071	1	2008	279	2008	100	18.4377	35.4	58.5
GC1003827_F08_NODE_3297_length_2007_cov_12.282979	1	2007	1947	2007	100	125.596	35.4	55.1
GC1003827_F08_NODE_3298_length_2007_cov_6.637234	1	2007	875	2007	100	57.13	35.2	54.2
GC1003827_F08_NODE_3299_length_2007_cov_4.801596	1	2007	577	2007	100	39.7105	35.5	58.9
GC1003827_F08_NODE_3300_length_2007_cov_2.851596	1	2007	280	2007	100	20.0862	35.7	59.5
GC1003827_F08_NODE_3301_length_2007_cov_1.923404	1	2007	242	2007	100	16.3498	35.9	57.8
GC1003827_F08_NODE_3302_length_2006_cov_3.036189	1	2006	372	2006	100	25.1331	35.5	57.4
GC1003827_F08_NODE_3303_length_2005_cov_2.422258	1	2005	253	2005	100	17.9601	35.7	58.1
GC1003827_F08_NODE_3304_length_2004_cov_14.594033	1	2004	1753	2004	100	119.75	35.6	58.5
GC1003827_F08_NODE_3305_length_2004_cov_5.509856	1	2004	859	2004	100	54.0434	35.5	56.3
GC1003827_F08_NODE_3306_length_2004_cov_5.214704	1	2004	636	2002	99.9002	41.7949	35.2	54.8
GC1003827_F08_NODE_3307_length_2004_cov_5.068727	1	2004	655	2004	100	42.99	35.7	57.6
GC1003827_F08_NODE_3308_length_2004_cov_3.993074	1	2004	476	2002	99.9002	32.8832	35.3	58.7
GC1003827_F08_NODE_3309_length_2004_cov_3.795418	1	2004	441	2004	100	30.5893	35.7	58.7
GC1003827_F08_NODE_3310_length_2003_cov_5.556503	1	2003	788	2003	100	47.8687	34.8	50.8
GC1003827_F08_NODE_3311_length_2003_cov_3.873667	1	2003	436	2003	100	31.2087	35.7	59.5
GC1003827_F08_NODE_3312_length_2003_cov_3.215352	1	2003	435	2003	100	29.3445	34.9	52.3
GC1003827_F08_NODE_3313_length_2003_cov_2.490938	1	2003	343	2003	100	20.3919	35.7	47.5
GC1003827_F08_NODE_3314_length_2003_cov_1.574094	1	2003	220	1993	99.5007	14.2257	35.6	56.5
GC1003827_F08_NODE_3315_length_2002_cov_12.226667	1	2002	1878	2002	100	113.423	35.8	50.1
GC1003827_F08_NODE_3316_length_2002_cov_12.132800	1	2002	1562	2002	100	101.034	35.5	53.2
GC1003827_F08_NODE_3317_length_2002_cov_2.799467	1	2002	384	2002	100	25.4685	35.6	57.9
GC1003827_F08_NODE_3318_length_2001_cov_10.086446	1	2001	1124	2001	100	78.9215	35.6	58.3
GC1003827_F08_NODE_3319_length_2001_cov_9.832444	1	2001	1290	2001	100	88.092	35.4	58.3
GC1003827_F08_NODE_3320_length_2001_cov_7.756137	1	2001	1023	2001	100	69.2204	35.4	56.4
GC1003827_F08_NODE_3321_length_2000_cov_7.705286	1	2000	1207	2000	100	77.0175	35.3	53.6
GC1003827_F08_NODE_3322_length_2000_cov_5.948745	1	2000	734	2000	100	49.51	35.2	57.9
GC1003827_F08_NODE_3323_length_2000_cov_4.667379	1	2000	488	1991	99.55	34.636	35.5	59
GC1003827_F08_NODE_3324_length_2000_cov_3.350774	1	2000	331	2000	100	23.8105	35.6	59.2
GC1003827_F08_NODE_3325_length_1999_cov_11.846688	1	1999	1620	1999	100	107.896	35.4	56.8
GC1003827_F08_NODE_3326_length_1999_cov_3.368590	1	1999	521	1999	100	33.6698	35.3	57.1
GC1003827_F08_NODE_3327_length_1999_cov_3.270299	1	1999	450	1999	100	29.9795	35.1	57.4
GC1003827_F08_NODE_3328_length_1998_cov_8.212720	1	1998	961	1998	100	65.3914	35.6	56.8
GC1003827_F08_NODE_3329_length_1998_cov_7.011224	1	1998	839	1998	100	56.7162	35.7	57.5
GC1003827_F08_NODE_3330_length_1998_cov_6.274185	1	1998	913	1929	96.5465	59.0726	35.5	56.5
GC1003827_F08_NODE_3331_length_1998_cov_4.645110	1	1998	2708	1998	100	116.379	34.3	21.6
GC1003827_F08_NODE_3332_length_1998_cov_4.519508	1	1998	454	1998	100	32.5415	35.5	59.3
GC1003827_F08_NODE_3333_length_1998_cov_3.504009	1	1998	407	1998	100	27.493	35.2	57
GC1003827_F08_NODE_3334_length_1998_cov_2.824693	1	1998	321	1998	100	22.2978	35.2	58.2
GC1003827_F08_NODE_3335_length_1998_cov_2.680919	1	1998	280	1995	99.8498	20.0671	35.4	59.8
GC1003827_F08_NODE_3336_length_1997_cov_4.539572	1	1997	523	1996	99.9499	35.5704	35.4	56.6
GC1003827_F08_NODE_3337_length_1997_cov_4.196791	1	1997	560	1987	99.4992	37.4512	35.6	57.7
GC1003827_F08_NODE_3338_length_1997_cov_4.045455	1	1997	509	1997	100	34.9675	35.6	58.8
GC1003827_F08_NODE_3339_length_1996_cov_4.649545	1	1996	1097	1996	100	55.7781	34.9	34.5
GC1003827_F08_NODE_3340_length_1996_cov_0.985019	1	1996	116	1996	100	7.88627	35.7	58.7
GC1003827_F08_NODE_3341_length_1995_cov_2.713597	1	1995	280	1992	99.8496	20.4797	35.2	59.8
GC1003827_F08_NODE_3342_length_1994_cov_8.720407	1	1994	1048	1994	100	71.1379	35.7	58
GC1003827_F08_NODE_3343_length_1994_cov_4.645956	1	1994	3311	1994	100	149.938	34.1	21.5
GC1003827_F08_NODE_3344_length_1994_cov_3.658275	1	1994	557	1994	100	33.1008	35.6	48.1
GC1003827_F08_NODE_3345_length_1994_cov_2.829673	1	1994	374	1994	100	24.2442	35.6	55.4
GC1003827_F08_NODE_3346_length_1994_cov_2.720407	1	1994	334	1994	100	23.7136	35.6	59.4
GC1003827_F08_NODE_3347_length_1993_cov_10.510718	1	1993	1358	1993	100	92.6377	35.7	56.7
GC1003827_F08_NODE_3348_length_1993_cov_5.555198	1	1993	816	1993	100	53.0151	35.1	56.8
GC1003827_F08_NODE_3349_length_1993_cov_3.404073	1	1993	677	1993	100	38.3156	35.4	49.5
GC1003827_F08_NODE_3350_length_1992_cov_7.575335	1	1992	983	1992	100	65.7023	35.4	56.3
GC1003827_F08_NODE_3351_length_1992_cov_5.875067	1	1992	1404	1992	100	82.496	35.3	52.9
GC1003827_F08_NODE_3352_length_1992_cov_4.364075	1	1992	489	1992	100	33.4016	35.4	55.3
GC1003827_F08_NODE_3353_length_1992_cov_1.956032	1	1992	199	1992	100	14.1104	35.9	58.3
GC1003827_F08_NODE_3354_length_1991_cov_21.592811	1	1991	2596	1991	100	181.421	35.6	58.3
GC1003827_F08_NODE_3355_length_1991_cov_6.887339	1	1991	1022	1991	100	66.998	35.4	56.9
GC1003827_F08_NODE_3356_length_1991_cov_6.785408	1	1991	788	1991	100	53.7393	35.7	58.4
GC1003827_F08_NODE_3357_length_1991_cov_3.788090	1	1991	386	1991	100	27.6871	35.5	58.6
GC1003827_F08_NODE_3358_length_1991_cov_3.571352	1	1991	519	1981	99.4977	32.2004	35.2	55.1
GC1003827_F08_NODE_3359_length_1990_cov_10.110574	1	1990	1060	1990	100	75.7965	35.8	59.5
GC1003827_F08_NODE_3360_length_1990_cov_9.783145	1	1990	1106	1990	100	77.7769	35.7	58.8
GC1003827_F08_NODE_3361_length_1990_cov_4.269995	1	1990	742	1990	100	44.3915	35.7	53.1
GC1003827_F08_NODE_3362_length_1989_cov_13.790548	1	1989	1497	1989	100	105.86	35.6	58.6
GC1003827_F08_NODE_3363_length_1989_cov_12.648228	1	1989	1415	1989	100	98.9251	35.6	58.8
GC1003827_F08_NODE_3364_length_1989_cov_11.580559	1	1989	1801	1989	100	116.349	35.5	55.3
GC1003827_F08_NODE_3365_length_1989_cov_8.114930	1	1989	848	1989	100	60.7999	35.5	59.4
GC1003827_F08_NODE_3366_length_1989_cov_4.262621	1	1989	575	1989	100	37.2192	35.7	55.2
GC1003827_F08_NODE_3367_length_1988_cov_21.163890	1	1988	2934	1988	100	199.839	35.4	57.9
GC1003827_F08_NODE_3368_length_1988_cov_11.740999	1	1988	1226	1988	100	87.664	35.5	59.1
GC1003827_F08_NODE_3369_length_1988_cov_8.444385	1	1988	1224	1988	100	79.3833	35.6	55.6
GC1003827_F08_NODE_3370_length_1988_cov_7.120903	1	1988	1168	1988	100	73.9467	35.6	54.5
GC1003827_F08_NODE_3371_length_1988_cov_3.652337	1	1988	602	1988	100	32.5141	35.3	43.1
GC1003827_F08_NODE_3372_length_1987_cov_4.959140	1	1987	526	1987	100	38.1585	35.8	59.3
GC1003827_F08_NODE_3373_length_1987_cov_4.795699	1	1987	596	1987	100	40.2104	35.7	56.5
GC1003827_F08_NODE_3374_length_1987_cov_3.862903	1	1987	448	1987	100	31.6241	35.9	57.9
GC1003827_F08_NODE_3375_length_1986_cov_9.176977	1	1986	1000	1986	100	69.6984	35.4	58.1
GC1003827_F08_NODE_3376_length_1986_cov_7.161377	1	1986	700	1986	100	51.2699	35.9	59.8
GC1003827_F08_NODE_3377_length_1986_cov_4.224852	1	1986	597	1986	100	38.4416	35.8	56.5
GC1003827_F08_NODE_3378_length_1986_cov_4.132867	1	1986	549	1986	100	34.7674	35.7	55.8
GC1003827_F08_NODE_3379_length_1986_cov_2.820334	1	1986	347	1986	100	24.6027	35.7	59
GC1003827_F08_NODE_3380_length_1985_cov_13.274489	1	1985	1579	1985	100	109.35	35.6	58
GC1003827_F08_NODE_3381_length_1985_cov_7.221206	1	1985	998	1985	100	66.8433	35.4	57.6
GC1003827_F08_NODE_3382_length_1985_cov_6.861141	1	1985	825	1985	100	57.3385	35.8	58
GC1003827_F08_NODE_3383_length_1985_cov_5.318084	1	1985	619	1985	100	43.4121	35.5	58.8
GC1003827_F08_NODE_3384_length_1985_cov_4.588267	1	1985	609	1984	99.9496	38.8529	35.5	54.4
GC1003827_F08_NODE_3385_length_1984_cov_23.645665	1	1984	3168	1984	100	213.901	35.6	58.8
GC1003827_F08_NODE_3386_length_1984_cov_7.061928	1	1984	968	1984	100	64.5786	35.7	57.8
GC1003827_F08_NODE_3387_length_1984_cov_6.746904	1	1984	1280	1984	100	80.6981	35	56.5
GC1003827_F08_NODE_3388_length_1984_cov_2.127625	1	1984	238	1975	99.5464	16.2692	35.9	57.9
GC1003827_F08_NODE_3389_length_1984_cov_1.733441	1	1984	328	1984	100	17.63	35.2	44.2
GC1003827_F08_NODE_3390_length_1983_cov_6.500539	1	1983	735	1983	100	52.1089	35.5	58.9
GC1003827_F08_NODE_3391_length_1983_cov_4.765625	1	1983	555	1983	100	37.9158	35.7	55.5
GC1003827_F08_NODE_3392_length_1983_cov_4.115302	1	1983	422	1982	99.9496	30.6783	35.8	59.1
GC1003827_F08_NODE_3393_length_1983_cov_3.758621	1	1983	513	1983	100	33.2365	35.4	56.1
GC1003827_F08_NODE_3394_length_1983_cov_2.700970	1	1983	289	1983	100	20.7015	35.5	58.9
GC1003827_F08_NODE_3395_length_1982_cov_14.940162	1	1982	1941	1982	100	130.521	35.3	57.6
GC1003827_F08_NODE_3396_length_1982_cov_5.604852	1	1982	924	1982	100	54.0071	35.5	45.5
GC1003827_F08_NODE_3397_length_1981_cov_19.146170	1	1981	3401	1978	99.8486	216.055	35.7	55.6
GC1003827_F08_NODE_3398_length_1981_cov_9.340345	1	1981	1001	1981	100	71.792	35.5	59.4
GC1003827_F08_NODE_3399_length_1981_cov_6.470334	1	1981	1179	1981	100	73.7703	35	53.9
GC1003827_F08_NODE_3400_length_1981_cov_6.276699	1	1981	898	1981	100	61.1736	35.6	58.4
GC1003827_F08_NODE_3401_length_1981_cov_6.132147	1	1981	729	1981	100	49.7436	35.4	58
GC1003827_F08_NODE_3402_length_1981_cov_4.933118	1	1981	516	1981	100	36.7688	35.4	58.7
GC1003827_F08_NODE_3403_length_1981_cov_3.764833	1	1981	466	1981	100	30.3104	35.4	54.5
GC1003827_F08_NODE_3404_length_1981_cov_2.908306	1	1981	353	1981	100	23.6159	35.5	55.7
GC1003827_F08_NODE_3405_length_1980_cov_8.533729	1	1980	1080	1980	100	75.1298	35.5	58.5
GC1003827_F08_NODE_3406_length_1980_cov_7.474366	1	1980	950	1980	100	60.2035	35.5	53.3
GC1003827_F08_NODE_3407_length_1980_cov_5.451700	1	1980	1373	1980	100	77.4207	35	51.3
GC1003827_F08_NODE_3408_length_1980_cov_3.958446	1	1980	389	1978	99.899	27.8283	35.5	58.1
GC1003827_F08_NODE_3409_length_1979_cov_5.660367	1	1979	693	1979	100	47.5806	35.5	57.2
GC1003827_F08_NODE_3410_length_1979_cov_4.159287	1	1979	505	1979	100	34.4037	35.9	55.7
GC1003827_F08_NODE_3411_length_1979_cov_4.065335	1	1979	623	1963	99.1915	41.1774	35.5	56.8
GC1003827_F08_NODE_3412_length_1979_cov_2.048056	1	1979	234	1979	100	15.0237	35.7	54.2
GC1003827_F08_NODE_3413_length_1979_cov_1.916847	1	1979	191	1979	100	13.9601	35.1	59.6
GC1003827_F08_NODE_3414_length_1978_cov_18.035116	1	1978	2003	1978	100	143.175	35.5	58.9
GC1003827_F08_NODE_3415_length_1978_cov_10.733657	1	1978	1251	1978	100	87.7877	35.6	58.6
GC1003827_F08_NODE_3416_length_1978_cov_9.774716	1	1978	1179	1978	100	81.3696	35.8	57.7
GC1003827_F08_NODE_3417_length_1978_cov_3.593733	1	1978	357	1978	100	25.8413	35.8	58.8
GC1003827_F08_NODE_3418_length_1978_cov_1.840086	1	1978	235	1978	100	16.0121	35.6	58.5
GC1003827_F08_NODE_3419_length_1976_cov_14.709032	1	1976	1986	1976	100	130.554	35.3	56.2
GC1003827_F08_NODE_3420_length_1976_cov_5.796647	1	1976	635	1976	100	45.0754	35.8	58
GC1003827_F08_NODE_3421_length_1976_cov_5.191455	1	1976	550	1976	100	39.7687	35.5	59.1
GC1003827_F08_NODE_3422_length_1976_cov_3.504597	1	1976	457	1976	100	31.7303	34.9	58.8
GC1003827_F08_NODE_3423_length_1976_cov_2.686317	1	1976	307	1976	100	20.54	35.6	53.6
GC1003827_F08_NODE_3424_length_1975_cov_2.608766	1	1975	279	1975	100	19.9985	35.5	59
GC1003827_F08_NODE_3425_length_1974_cov_4.518138	1	1974	913	1974	100	52.9564	34.9	54.5
GC1003827_F08_NODE_3426_length_1973_cov_11.203684	1	1973	1743	1973	100	112.378	35.4	54.8
GC1003827_F08_NODE_3427_length_1973_cov_4.145179	1	1973	457	1973	100	32.9883	35.5	59.2
GC1003827_F08_NODE_3428_length_1972_cov_8.815718	1	1972	1178	1972	100	77.2333	35.7	55.4
GC1003827_F08_NODE_3429_length_1972_cov_5.719241	1	1972	602	1972	100	44.0685	35.7	59.4
GC1003827_F08_NODE_3430_length_1972_cov_4.691057	1	1972	500	1972	100	34.7586	35.7	57.1
GC1003827_F08_NODE_3431_length_1972_cov_2.497019	1	1972	278	1972	100	19.8286	35.5	58.8
GC1003827_F08_NODE_3432_length_1971_cov_2.042299	1	1971	202	1971	100	14.7884	35.1	59.6
GC1003827_F08_NODE_3433_length_1970_cov_5.602279	1	1970	651	1970	100	46.035	35.7	58.8
GC1003827_F08_NODE_3434_length_1970_cov_4.292458	1	1970	398	1970	100	29.4208	35.7	59.2
GC1003827_F08_NODE_3435_length_1969_cov_3.955483	1	1969	415	1968	99.9492	30.1955	35.5	58.9
GC1003827_F08_NODE_3436_length_1969_cov_3.354506	1	1969	341	1969	100	24.9675	35.4	59.3
GC1003827_F08_NODE_3437_length_1969_cov_2.160695	1	1969	299	1969	100	21.0457	35.5	57.8
GC1003827_F08_NODE_3438_length_1968_cov_6.004345	1	1968	638	1967	99.9492	45.5112	35.5	58.5
GC1003827_F08_NODE_3439_length_1967_cov_1.908696	1	1967	249	1965	99.8983	16.5211	35.4	53.4
GC1003827_F08_NODE_3440_length_1966_cov_12.976074	1	1966	1379	1937	98.5249	99.1236	35.8	59.4
GC1003827_F08_NODE_3441_length_1966_cov_8.219685	1	1966	1183	1966	100	78.1373	35.6	57.3
GC1003827_F08_NODE_3442_length_1966_cov_3.914084	1	1966	624	1966	100	39.2869	35.4	55.6
GC1003827_F08_NODE_3443_length_1966_cov_3.852637	1	1966	383	1966	100	28.03	35.6	59.8
GC1003827_F08_NODE_3444_length_1966_cov_3.482871	1	1966	642	1966	100	38.5422	35.5	53.3
GC1003827_F08_NODE_3445_length_1965_cov_22.495103	1	1965	3253	1965	100	217.097	35.6	57.1
GC1003827_F08_NODE_3446_length_1965_cov_11.208923	1	1965	1761	1965	100	110.449	35.4	54
GC1003827_F08_NODE_3447_length_1965_cov_8.256801	1	1965	1262	1965	100	78.4967	35.4	51.5
GC1003827_F08_NODE_3448_length_1965_cov_7.384657	1	1965	783	1965	100	55.3405	35.7	58.4
GC1003827_F08_NODE_3449_length_1965_cov_5.073993	1	1965	574	1965	100	38.9369	35.5	57.1
GC1003827_F08_NODE_3450_length_1965_cov_4.980958	1	1965	519	1965	100	37.4163	35.6	59.1
GC1003827_F08_NODE_3451_length_1965_cov_4.498912	1	1965	472	1965	100	33.8896	35.7	58.7
GC1003827_F08_NODE_3452_length_1965_cov_3.903700	1	1965	755	1964	99.9491	45.3567	35.3	51.8
GC1003827_F08_NODE_3453_length_1965_cov_2.165941	1	1965	226	1965	100	15.9578	35.5	58.4
GC1003827_F08_NODE_3454_length_1965_cov_1.722524	1	1965	174	1965	100	12.8555	35.8	59.7
GC1003827_F08_NODE_3455_length_1964_cov_5.081111	1	1964	742	1962	99.8982	47.8203	35.3	55.2
GC1003827_F08_NODE_3456_length_1964_cov_5.078389	1	1964	606	1964	100	43.1212	35.6	58.1
GC1003827_F08_NODE_3457_length_1964_cov_3.326075	1	1964	368	1964	100	25.7816	35.6	58.6
GC1003827_F08_NODE_3458_length_1963_cov_3.459150	1	1963	504	1963	100	31.6363	35.3	50.4
GC1003827_F08_NODE_3459_length_1963_cov_2.590959	1	1963	286	1960	99.8472	20.9109	35.7	58.7
GC1003827_F08_NODE_3460_length_1962_cov_7.003270	1	1962	773	1962	100	54.287	35.5	58
GC1003827_F08_NODE_3461_length_1962_cov_3.319346	1	1962	435	1962	100	27.6351	35.4	54.1
GC1003827_F08_NODE_3462_length_1961_cov_4.444929	1	1961	551	1951	99.4901	39.0036	35.1	59.6
GC1003827_F08_NODE_3463_length_1961_cov_3.929662	1	1961	478	1961	100	32.8766	35.1	58
GC1003827_F08_NODE_3464_length_1961_cov_2.163032	1	1961	1015	1961	100	63.3427	34.9	34.9
GC1003827_F08_NODE_3465_length_1960_cov_5.045281	1	1960	630	1960	100	43.1811	35.8	56.8
GC1003827_F08_NODE_3466_length_1960_cov_4.968903	1	1960	505	1960	100	37.2791	35.9	59.3
GC1003827_F08_NODE_3467_length_1960_cov_2.979269	1	1960	292	1960	100	21.6235	35.4	59.5
GC1003827_F08_NODE_3468_length_1960_cov_2.060011	1	1960	359	1960	100	20.1209	34.8	50.6
GC1003827_F08_NODE_3469_length_1959_cov_9.350983	1	1959	1056	1959	100	73.731	35.7	58.4
GC1003827_F08_NODE_3470_length_1958_cov_8.933370	1	1958	924	1958	100	66.573	35.5	58.6
GC1003827_F08_NODE_3471_length_1958_cov_4.661933	1	1958	540	1957	99.9489	39.2993	35.3	59.2
GC1003827_F08_NODE_3472_length_1958_cov_2.777171	1	1958	2721	1958	100	141.888	34.1	18.8
GC1003827_F08_NODE_3473_length_1957_cov_17.456831	1	1957	1940	1957	100	139.375	35.7	58.9
GC1003827_F08_NODE_3474_length_1957_cov_16.295082	1	1957	1649	1957	100	121.19	35.6	59.5
GC1003827_F08_NODE_3475_length_1957_cov_6.685246	1	1957	942	1957	100	63.2386	35	56.5
GC1003827_F08_NODE_3476_length_1957_cov_6.514754	1	1957	714	1957	100	52.1599	35.8	59.5
GC1003827_F08_NODE_3477_length_1957_cov_6.302186	1	1957	781	1957	100	53.4175	35.8	57.5
GC1003827_F08_NODE_3478_length_1957_cov_5.249727	1	1957	846	1957	100	52.7251	35.1	50.2
GC1003827_F08_NODE_3479_length_1957_cov_4.339344	1	1957	410	1957	100	30.65	35.5	59.8
GC1003827_F08_NODE_3480_length_1957_cov_4.275956	1	1957	474	1957	100	34.4875	35.9	59.5
GC1003827_F08_NODE_3481_length_1957_cov_2.003825	1	1957	637	1957	100	28.254	34.7	28.8
GC1003827_F08_NODE_3482_length_1956_cov_2.824494	1	1956	373	1956	100	25.2122	35.4	57
GC1003827_F08_NODE_3483_length_1956_cov_1.319847	1	1956	167	1956	100	11.1754	35.2	55
GC1003827_F08_NODE_3484_length_1955_cov_7.144420	1	1955	875	1952	99.8465	60.6123	35.3	57.3
GC1003827_F08_NODE_3485_length_1955_cov_4.298687	1	1955	454	1955	100	33.1182	35.6	59.5
GC1003827_F08_NODE_3486_length_1955_cov_2.173961	1	1955	212	1955	100	15.3156	35.8	58.6
GC1003827_F08_NODE_3487_length_1955_cov_1.605580	1	1955	585	1955	100	24.1381	35.1	25.3
GC1003827_F08_NODE_3488_length_1954_cov_8.067871	1	1954	991	1954	100	68.5036	35.5	57.2
GC1003827_F08_NODE_3489_length_1954_cov_4.580733	1	1954	509	1942	99.3859	35.3925	35.3	58.2
GC1003827_F08_NODE_3490_length_1954_cov_4.297756	1	1954	488	1954	100	34.6986	35.6	58.2
GC1003827_F08_NODE_3491_length_1954_cov_4.096333	1	1954	445	1954	100	32.8352	35.7	59.4
GC1003827_F08_NODE_3492_length_1954_cov_3.599891	1	1954	382	1954	100	27.3475	35.7	58.4
GC1003827_F08_NODE_3493_length_1953_cov_13.384995	1	1953	1975	1953	100	128.257	35.4	54.1
GC1003827_F08_NODE_3494_length_1953_cov_4.070646	1	1953	403	1953	100	29.8638	35.6	59.6
GC1003827_F08_NODE_3495_length_1953_cov_3.997262	1	1953	405	1953	100	29.3687	35.6	59.1
GC1003827_F08_NODE_3496_length_1953_cov_3.845016	1	1953	422	1953	100	31.1352	35.7	59.9
GC1003827_F08_NODE_3497_length_1953_cov_3.169770	1	1953	377	1953	100	25.9852	35.4	57.7
GC1003827_F08_NODE_3498_length_1953_cov_2.920591	1	1953	387	1952	99.9488	26.5289	35.4	58.5
GC1003827_F08_NODE_3499_length_1952_cov_2.406027	1	1952	403	1952	100	23.8161	35.4	48.5
GC1003827_F08_NODE_3500_length_1952_cov_1.020822	1	1952	111	1942	99.4877	8.0251	35.8	58.1
GC1003827_F08_NODE_3501_length_1951_cov_9.683662	1	1951	2455	1951	100	141.238	34.8	51.4
GC1003827_F08_NODE_3502_length_1951_cov_5.049890	1	1951	548	1951	100	39.0456	35.7	58.1
GC1003827_F08_NODE_3503_length_1951_cov_4.632675	1	1951	604	1951	100	42.0379	35.4	58.1
GC1003827_F08_NODE_3504_length_1951_cov_3.360197	1	1951	347	1948	99.8462	24.713	35.8	59.3
GC1003827_F08_NODE_3505_length_1951_cov_2.902961	1	1951	354	1948	99.8462	24.7196	35.4	56.9
GC1003827_F08_NODE_3506_length_1950_cov_13.218870	1	1950	2285	1950	100	138.115	35.7	54.4
GC1003827_F08_NODE_3507_length_1950_cov_12.623149	1	1950	1500	1950	100	104.053	35.5	58
GC1003827_F08_NODE_3508_length_1950_cov_7.256720	1	1950	834	1950	100	59.5051	35.7	57.9
GC1003827_F08_NODE_3509_length_1949_cov_7.908891	1	1949	838	1949	100	60.8835	35.5	59.3
GC1003827_F08_NODE_3510_length_1949_cov_3.485730	1	1949	434	1947	99.8974	28.433	35	51.4
GC1003827_F08_NODE_3511_length_1949_cov_3.277717	1	1949	330	1949	100	23.7276	35.7	58.7
GC1003827_F08_NODE_3512_length_1948_cov_7.238331	1	1948	1077	1948	100	65.1694	35.6	46.5
GC1003827_F08_NODE_3513_length_1948_cov_6.646348	1	1948	876	1948	100	56.6745	35.6	55.5
GC1003827_F08_NODE_3514_length_1948_cov_5.554640	1	1948	660	1948	100	46.3814	35.5	58
GC1003827_F08_NODE_3515_length_1948_cov_5.152663	1	1948	549	1948	100	40.307	35.6	59
GC1003827_F08_NODE_3516_length_1948_cov_3.361340	1	1948	342	1948	100	25.5277	35.6	59.6
GC1003827_F08_NODE_3517_length_1948_cov_1.327842	1	1948	173	1891	97.0739	11.5554	35.5	55.6
GC1003827_F08_NODE_3518_length_1948_cov_1.242724	1	1948	158	1948	100	10.6812	35.6	57.9
GC1003827_F08_NODE_3519_length_1947_cov_9.194505	1	1947	1393	1947	100	88.888	35.5	55.1
GC1003827_F08_NODE_3520_length_1947_cov_7.315385	1	1947	1026	1947	100	67.2363	35.6	55.9
GC1003827_F08_NODE_3521_length_1947_cov_5.381868	1	1947	568	1947	100	41.3934	35.9	58.9
GC1003827_F08_NODE_3522_length_1947_cov_2.364835	1	1947	237	1937	99.4864	17.5758	35.7	59.8
GC1003827_F08_NODE_3523_length_1946_cov_17.084112	1	1946	1922	1946	100	135.355	35.8	57.5
GC1003827_F08_NODE_3524_length_1946_cov_9.974711	1	1946	1150	1946	100	83.1382	35.5	58.9
GC1003827_F08_NODE_3525_length_1946_cov_9.283123	1	1946	960	1946	100	68.9892	35.8	58.5
GC1003827_F08_NODE_3526_length_1946_cov_6.009896	1	1946	687	1946	100	48.9532	35.7	58.5
GC1003827_F08_NODE_3527_length_1946_cov_5.063771	1	1946	595	1946	100	42.4615	35.6	57.3
GC1003827_F08_NODE_3528_length_1946_cov_2.863661	1	1946	370	1946	100	23.4697	35.7	51.7
GC1003827_F08_NODE_3529_length_1945_cov_22.942244	1	1945	2756	1945	100	191.445	35.5	56.9
GC1003827_F08_NODE_3530_length_1945_cov_14.254125	1	1945	3107	1945	100	189.89	34.5	49.2
GC1003827_F08_NODE_3531_length_1945_cov_10.970847	1	1945	1316	1945	100	93.2607	35.6	58.8
GC1003827_F08_NODE_3532_length_1945_cov_6.387239	1	1945	906	1945	100	57.6262	35.3	55.3
GC1003827_F08_NODE_3533_length_1945_cov_1.896590	1	1945	229	1945	100	16.1933	35.7	57.8
GC1003827_F08_NODE_3534_length_1944_cov_11.799119	1	1944	1452	1944	100	102.205	35.8	58
GC1003827_F08_NODE_3535_length_1944_cov_10.498074	1	1944	1129	1944	100	78.8637	35.7	57.8
GC1003827_F08_NODE_3536_length_1944_cov_5.943313	1	1944	699	1944	100	49.7917	35.2	58.3
GC1003827_F08_NODE_3537_length_1944_cov_5.757843	1	1944	614	1944	100	44.1111	35.6	58.9
GC1003827_F08_NODE_3538_length_1943_cov_11.832048	1	1943	2114	1943	100	132.936	35.4	56.2
GC1003827_F08_NODE_3539_length_1943_cov_7.672907	1	1943	805	1943	100	59.2017	35.5	58.9
GC1003827_F08_NODE_3540_length_1943_cov_6.241189	1	1943	770	1943	100	53.7138	35.2	57.2
GC1003827_F08_NODE_3541_length_1943_cov_5.017070	1	1943	569	1943	100	40.9161	35.2	58.9
GC1003827_F08_NODE_3542_length_1943_cov_4.900881	1	1943	605	1943	100	40.6927	35.5	56.4
GC1003827_F08_NODE_3543_length_1943_cov_3.013767	1	1943	351	1941	99.8971	25.1647	35.7	58.2
GC1003827_F08_NODE_3544_length_1942_cov_6.185124	1	1942	611	1942	100	45.137	35.5	59.1
GC1003827_F08_NODE_3545_length_1942_cov_2.843526	1	1942	314	1942	100	22.3862	35.7	58.8
GC1003827_F08_NODE_3546_length_1941_cov_5.179162	1	1941	681	1941	100	44.8841	35.7	55.9
GC1003827_F08_NODE_3547_length_1941_cov_4.268467	1	1941	583	1941	100	36.1643	35.7	47.8
GC1003827_F08_NODE_3548_length_1941_cov_4.236494	1	1941	571	1941	100	39.798	35.1	57
GC1003827_F08_NODE_3549_length_1940_cov_14.591837	1	1940	1884	1940	100	130.608	35.8	58.3
GC1003827_F08_NODE_3550_length_1940_cov_8.640927	1	1940	846	1940	100	62.1371	35.8	59.3
GC1003827_F08_NODE_3551_length_1940_cov_5.470491	1	1940	624	1939	99.9485	41.7938	35.2	56.5
GC1003827_F08_NODE_3552_length_1940_cov_3.494208	1	1940	427	1940	100	29.5371	35.6	57.4
GC1003827_F08_NODE_3553_length_1939_cov_14.128587	1	1939	1906	1939	100	131.203	35.4	57.4
GC1003827_F08_NODE_3554_length_1939_cov_5.694260	1	1939	1005	1939	100	64.3063	35.6	50.5
GC1003827_F08_NODE_3555_length_1939_cov_4.588300	1	1939	501	1939	100	35.9479	35.6	58.4
GC1003827_F08_NODE_3556_length_1939_cov_1.690397	1	1939	207	1939	100	14.2151	35.5	55.1
GC1003827_F08_NODE_3557_length_1938_cov_7.853120	1	1938	871	1936	99.8968	63.0789	35.5	59.1
GC1003827_F08_NODE_3558_length_1938_cov_7.502485	1	1938	1400	1938	100	78.6151	35.3	38
GC1003827_F08_NODE_3559_length_1938_cov_6.320817	1	1938	620	1938	100	45.3173	35.8	58.4
GC1003827_F08_NODE_3560_length_1938_cov_5.868581	1	1938	816	1938	100	56.0382	35.3	56.9
GC1003827_F08_NODE_3561_length_1938_cov_5.387079	1	1938	863	1938	100	55.5021	34.8	54.8
GC1003827_F08_NODE_3562_length_1938_cov_4.998896	1	1938	805	1938	100	50.9954	35	51.8
GC1003827_F08_NODE_3563_length_1938_cov_3.008283	1	1938	481	1938	100	27.7033	34.7	37
GC1003827_F08_NODE_3564_length_1937_cov_12.108840	1	1937	1372	1937	100	98.8906	35.5	58.6
GC1003827_F08_NODE_3565_length_1937_cov_6.310497	1	1937	729	1937	100	50.6298	35.6	56.5
GC1003827_F08_NODE_3566_length_1937_cov_4.980663	1	1937	441	1937	100	33.3588	35.5	59.5
GC1003827_F08_NODE_3567_length_1937_cov_3.416575	1	1937	429	1937	100	30.1446	35.3	58.6
GC1003827_F08_NODE_3568_length_1937_cov_1.241989	1	1937	223	1937	100	12.9071	35.1	45.2
GC1003827_F08_NODE_3569_length_1936_cov_6.779436	1	1936	837	1933	99.845	57.7314	35.6	57.9
GC1003827_F08_NODE_3570_length_1936_cov_5.451078	1	1936	721	1936	100	47.0894	35.7	52.1
GC1003827_F08_NODE_3571_length_1936_cov_2.433389	1	1936	244	1932	99.7934	17.766	35.5	58.9
GC1003827_F08_NODE_3572_length_1935_cov_8.099558	1	1935	1282	1935	100	82.8755	35.3	45.2
GC1003827_F08_NODE_3573_length_1935_cov_6.388827	1	1935	693	1935	100	48.4873	35.7	56
GC1003827_F08_NODE_3574_length_1935_cov_6.305863	1	1935	722	1935	100	51.3649	35.7	58.6
GC1003827_F08_NODE_3575_length_1935_cov_2.084624	1	1935	328	1935	100	22.0388	35	55.3
GC1003827_F08_NODE_3576_length_1934_cov_16.153293	1	1934	2152	1931	99.8449	147.181	35.3	57.4
GC1003827_F08_NODE_3577_length_1934_cov_7.941339	1	1934	1087	1934	100	72.2079	35.1	54.6
GC1003827_F08_NODE_3578_length_1934_cov_3.175429	1	1934	369	1934	100	24.455	35.4	49.4
GC1003827_F08_NODE_3579_length_1934_cov_2.827338	1	1934	285	1934	100	21.1256	35.2	59.2
GC1003827_F08_NODE_3580_length_1934_cov_2.052020	1	1934	276	1934	100	18.8537	35.6	56.9
GC1003827_F08_NODE_3581_length_1934_cov_1.547869	1	1934	153	1934	100	11.4442	35.7	60
GC1003827_F08_NODE_3582_length_1933_cov_7.764673	1	1933	1253	1933	100	73.566	35.2	46.5
GC1003827_F08_NODE_3583_length_1933_cov_6.505537	1	1933	742	1933	100	53.0533	35.6	58.5
GC1003827_F08_NODE_3584_length_1933_cov_1.027132	1	1933	2169	1933	100	119.272	33.8	13.5
GC1003827_F08_NODE_3585_length_1932_cov_6.997230	1	1932	896	1932	100	58.5129	35.6	51.5
GC1003827_F08_NODE_3586_length_1932_cov_5.582825	1	1932	607	1932	100	44.1641	36	58.5
GC1003827_F08_NODE_3587_length_1932_cov_3.125762	1	1932	1325	1922	99.4824	59.133	34.5	26.5
GC1003827_F08_NODE_3588_length_1932_cov_2.250416	1	1932	224	1932	100	16.6827	35.7	59.5
GC1003827_F08_NODE_3589_length_1932_cov_2.202770	1	1932	245	1932	100	17.2924	35.3	57.3
GC1003827_F08_NODE_3590_length_1931_cov_7.042129	1	1931	891	1931	100	62.8358	35.3	58.2
GC1003827_F08_NODE_3591_length_1931_cov_2.757206	1	1931	292	1931	100	21.4961	35.4	59
GC1003827_F08_NODE_3592_length_1931_cov_2.490576	1	1931	302	1931	100	21.6939	35.2	49.4
GC1003827_F08_NODE_3593_length_1930_cov_12.193012	1	1930	1636	1930	100	114.559	35.3	57.7
GC1003827_F08_NODE_3594_length_1930_cov_9.285635	1	1930	2790	1930	100	161.938	34.4	30.9
GC1003827_F08_NODE_3595_length_1930_cov_8.328896	1	1930	851	1930	100	62.3306	35.6	58.8
GC1003827_F08_NODE_3596_length_1929_cov_8.895117	1	1929	854	1929	100	63.5044	35.6	59.2
GC1003827_F08_NODE_3597_length_1929_cov_8.552719	1	1929	1109	1929	100	75.2359	35.6	56.3
GC1003827_F08_NODE_3598_length_1929_cov_6.728635	1	1929	680	1929	100	49.0114	35.6	57.8
GC1003827_F08_NODE_3599_length_1929_cov_4.738069	1	1929	541	1929	100	38.5936	35.5	56.9
GC1003827_F08_NODE_3600_length_1929_cov_4.607103	1	1929	555	1929	100	35.9927	35.7	54.8
GC1003827_F08_NODE_3601_length_1929_cov_3.707547	1	1929	628	1929	100	39.2488	34.8	52.4
GC1003827_F08_NODE_3602_length_1928_cov_7.470850	1	1928	1007	1928	100	67.3532	35	55.2
GC1003827_F08_NODE_3603_length_1928_cov_2.627984	1	1928	335	1928	100	23.0456	35.3	57.9
GC1003827_F08_NODE_3604_length_1928_cov_1.881177	1	1928	174	1928	100	13.1432	35.3	59.5
GC1003827_F08_NODE_3605_length_1927_cov_9.745000	1	1927	1026	1927	100	74.6305	35.8	59.1
GC1003827_F08_NODE_3606_length_1927_cov_7.439444	1	1927	1183	1927	100	76.5864	35	54
GC1003827_F08_NODE_3607_length_1927_cov_4.589444	1	1927	530	1927	100	36.9974	35.4	57.5
GC1003827_F08_NODE_3608_length_1927_cov_4.131111	1	1927	695	1927	100	44.287	35	53.5
GC1003827_F08_NODE_3609_length_1927_cov_3.907778	1	1927	468	1927	100	30.9943	35.4	54
GC1003827_F08_NODE_3610_length_1927_cov_3.387222	1	1927	497	1927	100	30.1396	35.6	54.4
GC1003827_F08_NODE_3611_length_1926_cov_7.365203	1	1926	733	1926	100	54.2606	35.8	59.2
GC1003827_F08_NODE_3612_length_1926_cov_3.984992	1	1926	463	1926	100	31.3832	35.7	54.3
GC1003827_F08_NODE_3613_length_1926_cov_2.916064	1	1926	333	1926	100	23.8583	35.6	58.5
GC1003827_F08_NODE_3614_length_1925_cov_5.570078	1	1925	614	1925	100	42.786	35.3	55.5
GC1003827_F08_NODE_3615_length_1925_cov_3.855395	1	1925	460	1925	100	32.4888	35.6	57.8
GC1003827_F08_NODE_3616_length_1924_cov_7.616027	1	1924	1072	1924	100	72.5837	35.2	58.2
GC1003827_F08_NODE_3617_length_1924_cov_5.734558	1	1924	795	1924	100	52.1414	35.3	54.7
GC1003827_F08_NODE_3618_length_1924_cov_2.230940	1	1924	221	1924	100	16.3259	35.6	58.2
GC1003827_F08_NODE_3619_length_1924_cov_1.247078	1	1924	129	1924	100	9.4184	35.4	58.4
GC1003827_F08_NODE_3620_length_1923_cov_8.760022	1	1923	1079	1923	100	75.9516	35.6	58
GC1003827_F08_NODE_3621_length_1923_cov_8.045100	1	1923	860	1923	100	61.9698	35.7	57.9
GC1003827_F08_NODE_3622_length_1923_cov_5.377506	1	1923	482	1923	100	36.5772	35.5	59.4
GC1003827_F08_NODE_3623_length_1923_cov_3.237194	1	1923	361	1909	99.272	26.1862	35.6	59
GC1003827_F08_NODE_3624_length_1923_cov_3.003898	1	1923	306	1922	99.948	23.0536	35.6	59.1
GC1003827_F08_NODE_3625_length_1923_cov_2.949332	1	1923	383	1923	100	24.6885	35.5	53.4
GC1003827_F08_NODE_3626_length_1923_cov_2.265033	1	1923	230	1923	100	16.9199	35.6	58
GC1003827_F08_NODE_3627_length_1922_cov_6.174373	1	1922	762	1912	99.4797	53.2726	35.6	57.8
GC1003827_F08_NODE_3628_length_1922_cov_6.022284	1	1922	650	1922	100	47.2097	35.8	58.8
GC1003827_F08_NODE_3629_length_1922_cov_3.954875	1	1922	431	1922	100	31.9428	35.4	59.2
GC1003827_F08_NODE_3630_length_1922_cov_3.689136	1	1922	463	1922	100	31.9199	35.6	57.6
GC1003827_F08_NODE_3631_length_1921_cov_6.289298	1	1921	1263	1921	100	77.3363	34.5	51.2
GC1003827_F08_NODE_3632_length_1921_cov_2.256968	1	1921	413	1921	100	26.0172	35.1	52.9
GC1003827_F08_NODE_3633_length_1921_cov_2.153846	1	1921	248	1921	100	17.4919	35.9	59.1
GC1003827_F08_NODE_3634_length_1921_cov_1.972687	1	1921	230	1919	99.8959	16.735	35.8	59.2
GC1003827_F08_NODE_3635_length_1920_cov_6.765756	1	1920	882	1920	100	61.0938	35.6	56.8
GC1003827_F08_NODE_3636_length_1920_cov_3.974902	1	1920	512	1920	100	33.6958	35.4	53.7
GC1003827_F08_NODE_3637_length_1920_cov_2.918015	1	1920	291	1920	100	21.2578	35.5	56.1
GC1003827_F08_NODE_3638_length_1920_cov_2.513664	1	1920	235	1920	100	17.413	35.6	59.7
GC1003827_F08_NODE_3639_length_1920_cov_1.712214	1	1920	291	1919	99.9479	16.5266	35.2	48
GC1003827_F08_NODE_3640_length_1919_cov_4.643973	1	1919	595	1919	100	40.9276	35.7	56.9
GC1003827_F08_NODE_3641_length_1919_cov_3.571987	1	1919	505	1919	100	31.1829	35.6	52.6
GC1003827_F08_NODE_3642_length_1919_cov_3.540179	1	1919	471	1911	99.5831	31.544	35.6	54.9
GC1003827_F08_NODE_3643_length_1919_cov_2.573103	1	1919	467	1919	100	29.8577	34.6	55.1
GC1003827_F08_NODE_3644_length_1918_cov_6.691792	1	1918	1027	1918	100	65.6027	35.1	52.6
GC1003827_F08_NODE_3645_length_1918_cov_2.240648	1	1918	229	1918	100	16.4937	35.6	57.6
GC1003827_F08_NODE_3646_length_1917_cov_12.179330	1	1917	1991	1917	100	123.354	35.4	50
GC1003827_F08_NODE_3647_length_1917_cov_8.293855	1	1917	883	1917	100	63.7517	35.6	58.3
GC1003827_F08_NODE_3648_length_1917_cov_1.932402	1	1917	227	1917	100	16.3777	35.9	58.4
GC1003827_F08_NODE_3649_length_1917_cov_1.460335	1	1917	565	1917	100	31.879	34.8	31.2
GC1003827_F08_NODE_3650_length_1916_cov_10.133035	1	1916	1135	1916	100	81.6185	35.6	58.5
GC1003827_F08_NODE_3651_length_1916_cov_9.219117	1	1916	949	1916	100	69.8246	35.6	58.1
GC1003827_F08_NODE_3652_length_1915_cov_15.308725	1	1915	2260	1915	100	167.354	35.7	58.1
GC1003827_F08_NODE_3653_length_1915_cov_11.978747	1	1915	1449	1915	100	104.149	35.5	58.8
GC1003827_F08_NODE_3654_length_1915_cov_6.064877	1	1915	668	1914	99.9478	47.6956	35.4	57.5
GC1003827_F08_NODE_3655_length_1915_cov_4.371924	1	1915	494	1915	100	36.0303	35.6	58.4
GC1003827_F08_NODE_3656_length_1915_cov_3.369687	1	1915	506	1915	100	33.6809	35.6	56.8
GC1003827_F08_NODE_3657_length_1914_cov_8.121433	1	1914	916	1914	100	63.4415	35.7	55
GC1003827_F08_NODE_3658_length_1914_cov_7.083380	1	1914	752	1914	100	53.4347	35.6	57.6
GC1003827_F08_NODE_3659_length_1914_cov_2.257415	1	1914	212	1914	100	15.9535	35.6	59.5
GC1003827_F08_NODE_3660_length_1914_cov_1.870733	1	1914	199	1914	100	14.6891	35.6	57.5
GC1003827_F08_NODE_3661_length_1913_cov_9.005039	1	1913	1615	1913	100	98.5975	35.3	47.4
GC1003827_F08_NODE_3662_length_1913_cov_8.289474	1	1913	1155	1910	99.8432	77.0559	35.7	53.2
GC1003827_F08_NODE_3663_length_1913_cov_5.411534	1	1913	757	1912	99.9477	51.8207	35.7	57.3
GC1003827_F08_NODE_3664_length_1913_cov_2.625420	1	1913	237	1913	100	18.0528	35.7	59.5
GC1003827_F08_NODE_3665_length_1913_cov_1.537514	1	1913	142	1912	99.9477	10.7674	35.8	58.2
GC1003827_F08_NODE_3666_length_1912_cov_11.016246	1	1912	1125	1912	100	83.8285	35.7	58.9
GC1003827_F08_NODE_3667_length_1912_cov_7.816807	1	1912	791	1912	100	58.9592	35.7	59
GC1003827_F08_NODE_3668_length_1912_cov_7.012325	1	1912	788	1912	100	57.2667	35.5	58.6
GC1003827_F08_NODE_3669_length_1912_cov_1.705322	1	1912	187	1912	100	13.5073	35.9	59.3
GC1003827_F08_NODE_3670_length_1911_cov_7.785874	1	1911	928	1911	100	66.0277	35.4	58.3
GC1003827_F08_NODE_3671_length_1911_cov_5.611547	1	1911	796	1911	100	53.3794	35.5	56.3
GC1003827_F08_NODE_3672_length_1911_cov_3.974776	1	1911	534	1911	100	37.2779	35.6	57.8
GC1003827_F08_NODE_3673_length_1911_cov_2.245516	1	1911	240	1909	99.8953	16.7713	35.6	57.4
GC1003827_F08_NODE_3674_length_1911_cov_1.397422	1	1911	159	1902	99.529	10.6075	35.5	54.8
GC1003827_F08_NODE_3675_length_1910_cov_9.678632	1	1910	1566	1910	100	107.538	34.9	56.4
GC1003827_F08_NODE_3676_length_1910_cov_5.256870	1	1910	2647	1910	100	138.509	34.2	24.5
GC1003827_F08_NODE_3677_length_1910_cov_4.113292	1	1910	605	1910	100	38.8419	35.3	52.3
GC1003827_F08_NODE_3678_length_1909_cov_9.566218	1	1909	1098	1909	100	79.3227	35.7	58.4
GC1003827_F08_NODE_3679_length_1909_cov_8.030864	1	1909	1056	1909	100	68.153	35.8	53.1
GC1003827_F08_NODE_3680_length_1909_cov_6.686308	1	1909	708	1909	100	52.3641	35.7	58.7
GC1003827_F08_NODE_3681_length_1909_cov_6.478114	1	1909	1011	1906	99.8428	64.1771	35.1	53.5
GC1003827_F08_NODE_3682_length_1908_cov_4.740034	1	1908	635	1908	100	40.7542	35.3	51.8
GC1003827_F08_NODE_3683_length_1908_cov_3.661988	1	1908	385	1908	100	27.9691	35.5	58.1
GC1003827_F08_NODE_3684_length_1908_cov_3.032566	1	1908	445	1908	100	27.4602	35.3	46.8
GC1003827_F08_NODE_3685_length_1907_cov_13.557303	1	1907	1394	1907	100	103.365	35.5	59.1
GC1003827_F08_NODE_3686_length_1907_cov_9.235955	1	1907	1168	1907	100	79.3917	35.7	53.4
GC1003827_F08_NODE_3687_length_1907_cov_5.707865	1	1907	1337	1907	100	92.3776	35.2	45.4
GC1003827_F08_NODE_3688_length_1907_cov_5.630899	1	1907	590	1907	100	42.8411	35.6	57.2
GC1003827_F08_NODE_3689_length_1907_cov_3.193258	1	1907	837	1907	100	48.0404	35	51.3
GC1003827_F08_NODE_3690_length_1906_cov_23.287802	1	1906	2844	1906	100	201.444	35.7	57.5
GC1003827_F08_NODE_3691_length_1906_cov_11.798201	1	1906	1515	1906	100	108.122	35.7	58.5
GC1003827_F08_NODE_3692_length_1906_cov_10.948848	1	1906	1137	1906	100	85.1065	35.7	59
GC1003827_F08_NODE_3693_length_1906_cov_9.341765	1	1906	992	1906	100	73.2665	35.7	59
GC1003827_F08_NODE_3694_length_1906_cov_7.238336	1	1906	923	1906	100	63.277	35.7	56.2
GC1003827_F08_NODE_3695_length_1906_cov_6.518269	1	1906	629	1906	100	46.9113	35.7	59.1
GC1003827_F08_NODE_3696_length_1905_cov_7.682227	1	1905	1314	1905	100	84.978	35.1	53
GC1003827_F08_NODE_3697_length_1905_cov_2.174916	1	1905	304	1905	100	20.0745	35	54.3
GC1003827_F08_NODE_3698_length_1904_cov_12.578503	1	1904	1657	1904	100	117.399	35.4	58.3
GC1003827_F08_NODE_3699_length_1904_cov_9.906021	1	1904	1358	1904	100	92.9764	35.2	56.8
GC1003827_F08_NODE_3700_length_1904_cov_4.787845	1	1904	523	1904	100	36.6192	35.6	56.5
GC1003827_F08_NODE_3701_length_1904_cov_4.536860	1	1904	469	1904	100	34.6345	35.6	59.4
GC1003827_F08_NODE_3702_length_1904_cov_4.525605	1	1904	788	1904	100	51.2206	35.7	56.4
GC1003827_F08_NODE_3703_length_1904_cov_3.550929	1	1904	480	1904	100	31.6702	35.8	55.3
GC1003827_F08_NODE_3704_length_1904_cov_2.866066	1	1904	325	1904	100	23.1801	35.4	57.9
GC1003827_F08_NODE_3705_length_1904_cov_2.824986	1	1904	332	1904	100	23.4076	35.4	55.6
GC1003827_F08_NODE_3706_length_1903_cov_15.585023	1	1903	1863	1903	100	133.185	35.4	58.1
GC1003827_F08_NODE_3707_length_1903_cov_15.579392	1	1903	2279	1903	100	156.137	35.4	54.3
GC1003827_F08_NODE_3708_length_1903_cov_14.040541	1	1903	1600	1903	100	114.676	35.6	58.3
GC1003827_F08_NODE_3709_length_1903_cov_5.462838	1	1903	593	1903	100	43.1319	35.3	58
GC1003827_F08_NODE_3710_length_1902_cov_6.252958	1	1902	834	1902	100	55.603	35.4	53.6
GC1003827_F08_NODE_3711_length_1902_cov_6.103662	1	1902	1011	1902	100	63.8402	35.3	53.1
GC1003827_F08_NODE_3712_length_1902_cov_4.393803	1	1902	566	1902	100	39.3239	35.4	56.4
GC1003827_F08_NODE_3713_length_1902_cov_3.434366	1	1902	355	1902	100	25.8233	35.6	59.2
GC1003827_F08_NODE_3714_length_1902_cov_2.370141	1	1902	444	1902	100	24.49	35.1	46.1
GC1003827_F08_NODE_3715_length_1901_cov_10.453777	1	1901	1125	1901	100	83.3225	35.5	58.8
GC1003827_F08_NODE_3716_length_1901_cov_5.887824	1	1901	590	1901	100	45.1173	35.5	59.4
GC1003827_F08_NODE_3717_length_1901_cov_4.352311	1	1901	695	1901	100	44.2988	35.4	53.6
GC1003827_F08_NODE_3718_length_1901_cov_2.721533	1	1901	427	1899	99.8948	26.1252	35.7	53.6
GC1003827_F08_NODE_3719_length_1901_cov_2.516911	1	1901	291	1901	100	20.7065	35.4	57.1
GC1003827_F08_NODE_3720_length_1900_cov_8.054146	1	1900	1731	1900	100	113.295	34.7	55.3
GC1003827_F08_NODE_3721_length_1900_cov_7.163001	1	1900	989	1900	100	68.5626	35.2	56.2
GC1003827_F08_NODE_3722_length_1900_cov_2.745065	1	1900	278	1890	99.4737	20.5089	35.5	58
GC1003827_F08_NODE_3723_length_1899_cov_6.036117	1	1899	565	1898	99.9473	42.95	35.3	59.3
GC1003827_F08_NODE_3724_length_1899_cov_5.858352	1	1899	599	1898	99.9473	44.1422	35.6	58.5
GC1003827_F08_NODE_3725_length_1899_cov_4.356095	1	1899	436	1895	99.7894	31.7762	35.7	57.3
GC1003827_F08_NODE_3726_length_1899_cov_2.303047	1	1899	201	1897	99.8947	15.5582	35.6	59.2
GC1003827_F08_NODE_3727_length_1898_cov_6.197628	1	1898	559	1898	100	42.9305	35.4	59.5
GC1003827_F08_NODE_3728_length_1898_cov_2.166008	1	1898	1580	1898	100	69.4889	34.2	15.9
GC1003827_F08_NODE_3729_length_1897_cov_17.321469	1	1897	2021	1897	100	143.215	35.7	57.4
GC1003827_F08_NODE_3730_length_1897_cov_7.836158	1	1897	1104	1897	100	81.0849	35.7	57.8
GC1003827_F08_NODE_3731_length_1897_cov_3.247458	1	1897	849	1897	100	45.0348	35	35.2
GC1003827_F08_NODE_3732_length_1897_cov_2.005650	1	1897	214	1897	100	15.9668	35.8	59.1
GC1003827_F08_NODE_3733_length_1897_cov_1.112429	1	1897	119	1897	100	8.89773	35.4	59.6
GC1003827_F08_NODE_3734_length_1896_cov_18.379310	1	1896	1811	1896	100	136.64	35.3	59.3
GC1003827_F08_NODE_3735_length_1896_cov_17.308649	1	1896	2164	1896	100	155.162	35.5	58.1
GC1003827_F08_NODE_3736_length_1896_cov_6.386094	1	1896	634	1896	100	47.5549	35.7	59
GC1003827_F08_NODE_3737_length_1896_cov_5.148672	1	1896	586	1896	100	41.8112	35.8	57.8
GC1003827_F08_NODE_3738_length_1896_cov_4.785755	1	1896	472	1894	99.8945	35.692	35.6	59.4
GC1003827_F08_NODE_3739_length_1896_cov_3.133409	1	1896	295	1896	100	22.6957	35.5	59.7
GC1003827_F08_NODE_3740_length_1896_cov_2.563595	1	1896	302	1896	100	21.7991	35.7	56.7
GC1003827_F08_NODE_3741_length_1895_cov_20.511312	1	1895	2183	1895	100	158.657	35.7	57.7
GC1003827_F08_NODE_3742_length_1895_cov_13.391403	1	1895	1581	1895	100	115.722	35.7	57.7
GC1003827_F08_NODE_3743_length_1895_cov_7.081448	1	1895	1237	1895	100	78.5383	35.5	56.2
GC1003827_F08_NODE_3744_length_1895_cov_6.968326	1	1895	796	1895	100	57.7525	35.5	58.5
GC1003827_F08_NODE_3745_length_1895_cov_2.690045	1	1895	521	1895	100	32.9873	35.2	49.7
GC1003827_F08_NODE_3746_length_1894_cov_15.991511	1	1894	1697	1894	100	124.76	35.8	58.6
GC1003827_F08_NODE_3747_length_1894_cov_13.769666	1	1894	1615	1894	100	111.78	35.4	54.1
GC1003827_F08_NODE_3748_length_1894_cov_5.852858	1	1894	753	1892	99.8944	49.8342	35.6	51.2
GC1003827_F08_NODE_3749_length_1894_cov_5.713639	1	1894	612	1894	100	45.727	35.5	59
GC1003827_F08_NODE_3750_length_1894_cov_4.212790	1	1894	453	1894	100	32.7302	35.6	57.4
GC1003827_F08_NODE_3751_length_1893_cov_12.900906	1	1893	1340	1893	100	98.2721	35.7	58.4
GC1003827_F08_NODE_3752_length_1893_cov_4.949604	1	1893	571	1893	100	39.8727	35.5	54.6
GC1003827_F08_NODE_3753_length_1893_cov_3.969989	1	1893	386	1893	100	29.2266	35.3	59.6
GC1003827_F08_NODE_3754_length_1893_cov_1.603058	1	1893	160	1892	99.9472	11.8151	35.4	57.6
GC1003827_F08_NODE_3755_length_1892_cov_14.497450	1	1892	2073	1890	99.8943	135.79	35.7	55.5
GC1003827_F08_NODE_3756_length_1892_cov_4.873088	1	1892	526	1892	100	38.9556	35.6	58.5
GC1003827_F08_NODE_3757_length_1892_cov_4.331445	1	1892	565	1892	100	36.9223	35.6	48.6
GC1003827_F08_NODE_3758_length_1892_cov_3.951275	1	1892	401	1892	100	29.6739	35.4	59.4
GC1003827_F08_NODE_3759_length_1892_cov_3.088952	1	1892	304	1882	99.4715	22.8494	35.7	58.9
GC1003827_F08_NODE_3760_length_1892_cov_2.569972	1	1892	283	1892	100	20.4678	35.5	58.3
GC1003827_F08_NODE_3761_length_1892_cov_1.949008	1	1892	277	1892	100	17.4625	35.5	53.3
GC1003827_F08_NODE_3762_length_1891_cov_3.571429	1	1891	396	1891	100	28.5701	35.6	57.1
GC1003827_F08_NODE_3763_length_1891_cov_2.825964	1	1891	324	1891	100	23.1195	35.3	56.6
GC1003827_F08_NODE_3764_length_1891_cov_1.346939	1	1891	143	1888	99.8414	10.1856	35.9	56.9
GC1003827_F08_NODE_3765_length_1891_cov_1.290816	1	1891	119	1891	100	8.95135	35.5	57.7
GC1003827_F08_NODE_3766_length_1890_cov_9.328417	1	1890	1151	1890	100	80.0302	35.5	56.9
GC1003827_F08_NODE_3767_length_1890_cov_3.740783	1	1890	375	1890	100	27.8566	35.1	58.2
GC1003827_F08_NODE_3768_length_1890_cov_3.519569	1	1890	3078	1890	100	143.159	34.3	22.8
GC1003827_F08_NODE_3769_length_1890_cov_3.298922	1	1890	1357	1890	100	65.4566	34.2	21.3
GC1003827_F08_NODE_3770_length_1890_cov_2.086784	1	1890	222	1890	100	16.3661	35.6	57.6
GC1003827_F08_NODE_3771_length_1889_cov_11.115210	1	1889	3256	1889	100	224.26	35.1	42.3
GC1003827_F08_NODE_3772_length_1888_cov_9.907439	1	1888	1360	1888	100	95.6928	35.2	57.3
GC1003827_F08_NODE_3773_length_1888_cov_6.247587	1	1888	806	1888	100	56.7754	35.3	57.5
GC1003827_F08_NODE_3774_length_1888_cov_4.152186	1	1888	519	1887	99.947	35.9094	35.6	54.6
GC1003827_F08_NODE_3775_length_1887_cov_5.213068	1	1887	626	1887	100	45.1399	35.6	57.1
GC1003827_F08_NODE_3776_length_1887_cov_4.168182	1	1887	474	1887	100	33.7901	35.8	58.2
GC1003827_F08_NODE_3777_length_1887_cov_3.411932	1	1887	400	1887	100	29.495	35.4	58.5
GC1003827_F08_NODE_3778_length_1886_cov_21.536669	1	1886	2278	1886	100	169.552	35.6	58.9
GC1003827_F08_NODE_3779_length_1886_cov_4.674815	1	1886	448	1886	100	33.6251	35.3	58.4
GC1003827_F08_NODE_3780_length_1886_cov_4.279136	1	1886	517	1876	99.4698	36.0069	35.3	56.8
GC1003827_F08_NODE_3781_length_1886_cov_3.452530	1	1886	371	1884	99.894	26.93	35.1	57.1
GC1003827_F08_NODE_3782_length_1886_cov_1.496873	1	1886	258	1884	99.894	16.0567	35.6	47.5
GC1003827_F08_NODE_3783_length_1885_cov_2.662116	1	1885	280	1885	100	21.2393	35.8	58.7
GC1003827_F08_NODE_3784_length_1885_cov_2.624005	1	1885	259	1885	100	19.2398	35.6	59
GC1003827_F08_NODE_3785_length_1884_cov_9.140581	1	1884	1032	1884	100	74.4321	35.6	58.1
GC1003827_F08_NODE_3786_length_1884_cov_6.619806	1	1884	1491	1884	100	97.1879	35.2	42.4
GC1003827_F08_NODE_3787_length_1884_cov_4.065452	1	1884	492	1884	100	34.2436	35.7	55.5
GC1003827_F08_NODE_3788_length_1884_cov_3.258964	1	1884	377	1884	100	26.6083	35.8	56.9
GC1003827_F08_NODE_3789_length_1884_cov_3.186113	1	1884	343	1884	100	25.0993	35.9	58.1
GC1003827_F08_NODE_3790_length_1884_cov_2.611838	1	1884	328	1884	100	22.9437	35.6	56
GC1003827_F08_NODE_3791_length_1884_cov_2.193512	1	1884	223	1884	100	16.7935	35.3	59
GC1003827_F08_NODE_3792_length_1884_cov_1.509391	1	1884	176	1884	100	12.422	35.1	59.3
GC1003827_F08_NODE_3793_length_1883_cov_15.190205	1	1883	2716	1883	100	184.734	34.7	56.2
GC1003827_F08_NODE_3794_length_1883_cov_9.210137	1	1883	2535	1883	100	164.675	34.4	47.7
GC1003827_F08_NODE_3795_length_1883_cov_6.490888	1	1883	650	1883	100	50.0728	35.5	59.2
GC1003827_F08_NODE_3796_length_1883_cov_4.379841	1	1883	483	1883	100	34.3335	35.4	53.8
GC1003827_F08_NODE_3797_length_1883_cov_3.869021	1	1883	594	1883	100	37.2862	35.5	47.5
GC1003827_F08_NODE_3798_length_1883_cov_3.648064	1	1883	473	1883	100	31.3818	35.5	54.3
GC1003827_F08_NODE_3799_length_1883_cov_3.506834	1	1883	355	1883	100	26.7562	35.9	58.3
GC1003827_F08_NODE_3800_length_1883_cov_1.445330	1	1883	300	1883	100	14.7945	35.5	29.5
GC1003827_F08_NODE_3801_length_1882_cov_18.384615	1	1882	2191	1882	100	155.68	35.5	58
GC1003827_F08_NODE_3802_length_1882_cov_3.736752	1	1882	546	1882	100	37	35.6	54.7
GC1003827_F08_NODE_3803_length_1882_cov_2.939601	1	1882	323	1882	100	23.4145	35.5	58.1
GC1003827_F08_NODE_3804_length_1881_cov_15.496579	1	1881	2058	1881	100	141.46	35.7	57.4
GC1003827_F08_NODE_3805_length_1881_cov_12.391106	1	1881	1581	1881	100	112.352	35.6	57.9
GC1003827_F08_NODE_3806_length_1881_cov_10.200684	1	1881	1088	1880	99.9468	80.5667	35.7	58.6
GC1003827_F08_NODE_3807_length_1881_cov_9.134550	1	1881	998	1881	100	72.7204	35.7	57.3
GC1003827_F08_NODE_3808_length_1881_cov_7.257697	1	1881	762	1881	100	54.9825	35.4	57
GC1003827_F08_NODE_3809_length_1881_cov_1.499430	1	1881	135	1881	100	10.5524	35.5	60
GC1003827_F08_NODE_3810_length_1880_cov_11.640616	1	1880	1597	1880	100	109.886	35.2	57.1
GC1003827_F08_NODE_3811_length_1880_cov_5.103252	1	1880	824	1880	100	52.9532	35	52.7
GC1003827_F08_NODE_3812_length_1880_cov_4.223617	1	1880	538	1880	100	37.6138	35.3	57.8
GC1003827_F08_NODE_3813_length_1880_cov_3.944666	1	1880	393	1880	100	29.3293	35.5	58.7
GC1003827_F08_NODE_3814_length_1880_cov_3.277809	1	1880	636	1880	100	41.0798	35.4	54.1
GC1003827_F08_NODE_3815_length_1879_cov_8.220890	1	1879	792	1879	100	60.553	35.7	59.4
GC1003827_F08_NODE_3816_length_1879_cov_7.978881	1	1879	1166	1869	99.4678	80.3156	35.7	56.2
GC1003827_F08_NODE_3817_length_1879_cov_7.186073	1	1879	740	1878	99.9468	56.0479	35.6	58.8
GC1003827_F08_NODE_3818_length_1879_cov_4.951484	1	1879	475	1869	99.4678	36.6115	35.7	59.7
GC1003827_F08_NODE_3819_length_1879_cov_2.002283	1	1879	240	1879	100	17.9361	35.5	59.2
GC1003827_F08_NODE_3820_length_1878_cov_4.757853	1	1878	526	1878	100	38.1661	35.6	56.5
GC1003827_F08_NODE_3821_length_1878_cov_2.897773	1	1878	528	1869	99.5208	32.7891	35.4	50.2
GC1003827_F08_NODE_3822_length_1877_cov_20.009143	1	1877	1998	1877	100	150.118	35.5	58.8
GC1003827_F08_NODE_3823_length_1877_cov_16.685714	1	1877	2110	1877	100	150.84	35.7	57.2
GC1003827_F08_NODE_3824_length_1877_cov_8.581714	1	1877	1245	1876	99.9467	87.634	34.7	57.5
GC1003827_F08_NODE_3825_length_1877_cov_7.769714	1	1877	961	1877	100	68.8034	35.8	57.6
GC1003827_F08_NODE_3826_length_1877_cov_3.165143	1	1877	306	1877	100	22.8135	35.7	58.4
GC1003827_F08_NODE_3827_length_1876_cov_6.452258	1	1876	853	1866	99.467	58.2244	35.5	55.7
GC1003827_F08_NODE_3828_length_1876_cov_6.407662	1	1876	672	1876	100	51.2436	35.6	59.1
GC1003827_F08_NODE_3829_length_1876_cov_5.055460	1	1876	607	1876	100	43.5677	35.6	58.1
GC1003827_F08_NODE_3830_length_1875_cov_33.447941	1	1875	4291	1875	100	311.492	35.5	58.2
GC1003827_F08_NODE_3831_length_1875_cov_8.979977	1	1875	1429	1875	100	96.0608	35.7	43.5
GC1003827_F08_NODE_3832_length_1875_cov_8.465103	1	1875	888	1875	100	65.7291	35.7	58.7
GC1003827_F08_NODE_3833_length_1875_cov_4.183638	1	1875	791	1855	98.9333	38.48	34.9	15.1
GC1003827_F08_NODE_3834_length_1875_cov_3.816362	1	1875	3706	1875	100	184.047	33.8	17.4
GC1003827_F08_NODE_3835_length_1875_cov_1.918764	1	1875	176	1875	100	13.2656	35.6	59.9
GC1003827_F08_NODE_3836_length_1875_cov_1.106407	1	1875	125	1875	100	9.43147	35.5	58.7
GC1003827_F08_NODE_3837_length_1874_cov_3.480824	1	1874	550	1874	100	33.4034	35.6	52
GC1003827_F08_NODE_3838_length_1873_cov_7.842497	1	1873	1068	1873	100	74.0182	35.1	57
GC1003827_F08_NODE_3839_length_1873_cov_3.242268	1	1873	499	1873	100	29.4293	35.3	44.6
GC1003827_F08_NODE_3840_length_1873_cov_2.718213	1	1873	309	1869	99.7864	22.7352	35.5	58.5
GC1003827_F08_NODE_3841_length_1873_cov_1.252577	1	1873	143	1873	100	10.6967	35.3	58.5
GC1003827_F08_NODE_3842_length_1872_cov_17.410315	1	1872	2298	1870	99.8932	161.41	35.5	57.5
GC1003827_F08_NODE_3843_length_1872_cov_7.906017	1	1872	775	1872	100	58.9995	35.5	59.4
GC1003827_F08_NODE_3844_length_1872_cov_5.962178	1	1872	579	1871	99.9466	43.5321	35.5	58.5
GC1003827_F08_NODE_3845_length_1872_cov_5.761605	1	1872	672	1871	99.9466	47.7212	35.8	57.1
GC1003827_F08_NODE_3846_length_1872_cov_4.036103	1	1872	687	1872	100	44.6159	35.5	57.5
GC1003827_F08_NODE_3847_length_1872_cov_2.276791	1	1872	266	1863	99.5192	19.1234	35.7	59.2
GC1003827_F08_NODE_3848_length_1871_cov_4.319954	1	1871	814	1871	100	52.5943	34.2	53.9
GC1003827_F08_NODE_3849_length_1871_cov_2.864679	1	1871	592	1871	100	32.1309	35.8	48.1
GC1003827_F08_NODE_3850_length_1870_cov_15.467011	1	1870	2096	1870	100	146.978	35.7	56.2
GC1003827_F08_NODE_3851_length_1870_cov_14.772232	1	1870	1447	1870	100	111.444	35.4	59.7
GC1003827_F08_NODE_3852_length_1869_cov_13.689437	1	1869	1882	1869	100	131.744	35.2	56.9
GC1003827_F08_NODE_3853_length_1869_cov_3.148680	1	1869	331	1869	100	24.7999	35.6	59.4
GC1003827_F08_NODE_3854_length_1868_cov_5.464675	1	1868	626	1868	100	45.3565	35.6	58.5
GC1003827_F08_NODE_3855_length_1868_cov_3.777140	1	1868	656	1868	100	41.3587	35.2	49.4
GC1003827_F08_NODE_3856_length_1867_cov_4.976437	1	1867	544	1865	99.8929	40.1805	35.6	58.1
GC1003827_F08_NODE_3857_length_1867_cov_3.717241	1	1867	352	1859	99.5715	27.2378	35.6	59.7
GC1003827_F08_NODE_3858_length_1866_cov_15.578493	1	1866	1657	1866	100	121.599	35.8	58.1
GC1003827_F08_NODE_3859_length_1866_cov_8.441058	1	1866	907	1866	100	67.0198	35.6	58.8
GC1003827_F08_NODE_3860_length_1866_cov_7.426107	1	1866	761	1866	100	56.6083	35.7	58.7
GC1003827_F08_NODE_3861_length_1866_cov_5.198390	1	1866	916	1859	99.6249	55.8296	34.9	40.3
GC1003827_F08_NODE_3862_length_1866_cov_3.006901	1	1866	338	1866	100	24.5327	35.6	58.2
GC1003827_F08_NODE_3863_length_1866_cov_2.500288	1	1866	340	1866	100	23.9657	35.5	55.5
GC1003827_F08_NODE_3864_length_1866_cov_2.050604	1	1866	214	1866	100	16.2106	35.2	59.1
GC1003827_F08_NODE_3865_length_1865_cov_6.742808	1	1865	900	1865	100	63.207	35.6	57.5
GC1003827_F08_NODE_3866_length_1865_cov_4.438435	1	1865	491	1856	99.5174	36.2509	35.4	58.4
GC1003827_F08_NODE_3867_length_1865_cov_2.990794	1	1865	304	1865	100	23.1834	35.6	58.4
GC1003827_F08_NODE_3868_length_1864_cov_12.617732	1	1864	1755	1864	100	123.226	35.1	54.5
GC1003827_F08_NODE_3869_length_1864_cov_12.367300	1	1864	1475	1864	100	107.024	35.5	58.5
GC1003827_F08_NODE_3870_length_1864_cov_11.023028	1	1864	1334	1855	99.5172	96.882	35.6	57.9
GC1003827_F08_NODE_3871_length_1864_cov_7.229131	1	1864	800	1853	99.4099	59.6701	35.6	58.3
GC1003827_F08_NODE_3872_length_1864_cov_6.442717	1	1864	3498	1864	100	117.187	34.5	13
GC1003827_F08_NODE_3873_length_1864_cov_3.397812	1	1864	520	1864	100	32.2114	35.4	50.1
GC1003827_F08_NODE_3874_length_1863_cov_15.433756	1	1863	1606	1863	100	118.618	35.7	58.5
GC1003827_F08_NODE_3875_length_1863_cov_4.260369	1	1863	467	1852	99.4096	34.7606	35.4	59
GC1003827_F08_NODE_3876_length_1863_cov_3.447005	1	1863	360	1856	99.6243	27.3521	35.4	59.3
GC1003827_F08_NODE_3877_length_1863_cov_3.123272	1	1863	296	1863	100	22.2324	35.7	58.5
GC1003827_F08_NODE_3878_length_1862_cov_19.162536	1	1862	2944	1862	100	192.494	35.3	51.5
GC1003827_F08_NODE_3879_length_1862_cov_5.810375	1	1862	585	1862	100	44.7068	35.7	59.4
GC1003827_F08_NODE_3880_length_1862_cov_4.861095	1	1862	613	1862	100	42.384	34.9	54
GC1003827_F08_NODE_3881_length_1862_cov_3.768300	1	1862	419	1862	100	30.2556	35.7	57
GC1003827_F08_NODE_3882_length_1862_cov_3.413256	1	1862	458	1862	100	32.9828	35.9	55.4
GC1003827_F08_NODE_3883_length_1862_cov_2.418444	1	1862	307	1862	100	21.428	35.5	55.3
GC1003827_F08_NODE_3884_length_1861_cov_4.580161	1	1861	611	1861	100	41.6341	35.4	53
GC1003827_F08_NODE_3885_length_1860_cov_8.595499	1	1860	927	1860	100	67.4226	35.7	57.1
GC1003827_F08_NODE_3886_length_1860_cov_2.975765	1	1860	511	1860	100	29.2349	35.4	42.6
GC1003827_F08_NODE_3887_length_1860_cov_2.653780	1	1860	328	1860	100	21.4651	35.8	48.7
GC1003827_F08_NODE_3888_length_1860_cov_2.511829	1	1860	299	1860	100	21.393	35.5	55.8
GC1003827_F08_NODE_3889_length_1859_cov_9.166859	1	1859	1086	1859	100	79.2555	35.6	57.5
GC1003827_F08_NODE_3890_length_1859_cov_8.316975	1	1859	819	1859	100	61.7391	35.6	58.9
GC1003827_F08_NODE_3891_length_1859_cov_7.290416	1	1859	766	1859	100	56.7988	35.6	58.6
GC1003827_F08_NODE_3892_length_1859_cov_6.764434	1	1859	832	1859	100	60.5729	35.5	58
GC1003827_F08_NODE_3893_length_1859_cov_4.136836	1	1859	398	1849	99.4621	30.6143	35.6	59.2
GC1003827_F08_NODE_3894_length_1859_cov_3.049654	1	1859	364	1859	100	25.6799	35.5	56.2
GC1003827_F08_NODE_3895_length_1859_cov_2.077367	1	1859	250	1859	100	16.7875	35.8	53.6
GC1003827_F08_NODE_3896_length_1859_cov_0.672055	1	1859	66	1859	100	5.01183	35.5	58.1
GC1003827_F08_NODE_3897_length_1858_cov_9.497978	1	1858	1085	1858	100	79.8498	35.5	58.1
GC1003827_F08_NODE_3898_length_1858_cov_8.015598	1	1858	784	1858	100	58.9171	35.6	58.4
GC1003827_F08_NODE_3899_length_1858_cov_6.577701	1	1858	594	1858	100	45.3816	35.7	59.2
GC1003827_F08_NODE_3900_length_1858_cov_5.072213	1	1858	522	1858	100	38.5603	35.5	57.3
GC1003827_F08_NODE_3901_length_1858_cov_1.756210	1	1858	199	1858	100	13.8358	35.3	53.8
GC1003827_F08_NODE_3902_length_1857_cov_7.015029	1	1857	1137	1857	100	68.9806	35.1	43.2
GC1003827_F08_NODE_3903_length_1856_cov_9.073453	1	1856	842	1856	100	65.0625	35.4	59.6
GC1003827_F08_NODE_3904_length_1856_cov_6.629265	1	1856	692	1856	100	51.8669	35.3	59.1
GC1003827_F08_NODE_3905_length_1856_cov_5.791787	1	1856	919	1856	100	56.8567	35.4	50.6
GC1003827_F08_NODE_3906_length_1856_cov_1.761712	1	1856	178	1856	100	12.8508	35.4	58
GC1003827_F08_NODE_3907_length_1855_cov_12.023727	1	1855	1317	1855	100	97.4814	35.7	58.4
GC1003827_F08_NODE_3908_length_1855_cov_9.024884	1	1855	974	1855	100	72.3941	35.6	57.9
GC1003827_F08_NODE_3909_length_1855_cov_8.202546	1	1855	808	1855	100	62.5208	35.5	59.7
GC1003827_F08_NODE_3910_length_1855_cov_7.671875	1	1855	3566	1850	99.7305	256.628	35.4	39.2
GC1003827_F08_NODE_3911_length_1855_cov_5.491898	1	1855	634	1855	100	46.5504	35.5	57.7
GC1003827_F08_NODE_3912_length_1855_cov_5.222801	1	1855	555	1855	100	40.4739	35	54.8
GC1003827_F08_NODE_3913_length_1854_cov_18.632889	1	1854	2252	1854	100	163.317	35.7	58
GC1003827_F08_NODE_3914_length_1854_cov_7.463231	1	1854	721	1854	100	53.3641	35.7	56.4
GC1003827_F08_NODE_3915_length_1854_cov_4.317313	1	1854	492	1853	99.9461	36.1483	35.5	57.5
GC1003827_F08_NODE_3916_length_1854_cov_4.225825	1	1854	419	1854	100	31.7923	35.6	58.7
GC1003827_F08_NODE_3917_length_1854_cov_3.734800	1	1854	627	1854	100	36.6931	35	44.3
GC1003827_F08_NODE_3918_length_1854_cov_2.486972	1	1854	316	1854	100	22.4693	35.8	58.4
GC1003827_F08_NODE_3919_length_1853_cov_8.632677	1	1853	905	1853	100	65.5186	35.6	55.3
GC1003827_F08_NODE_3920_length_1853_cov_3.697567	1	1853	361	1853	100	27.8489	35.2	59.2
GC1003827_F08_NODE_3921_length_1853_cov_3.111819	1	1853	298	1850	99.8381	22.776	35.6	57.9
GC1003827_F08_NODE_3922_length_1852_cov_11.201739	1	1852	1207	1852	100	89.919	35.6	58.3
GC1003827_F08_NODE_3923_length_1852_cov_4.154783	1	1852	514	1852	100	35.3391	35.4	53.9
GC1003827_F08_NODE_3924_length_1852_cov_3.877101	1	1852	371	1843	99.514	28.5319	35.8	58.8
GC1003827_F08_NODE_3925_length_1852_cov_3.742609	1	1852	396	1852	100	30.1474	35.5	58.4
GC1003827_F08_NODE_3926_length_1851_cov_3.604988	1	1851	326	1851	100	25.2161	35.6	59.4
GC1003827_F08_NODE_3927_length_1851_cov_2.899072	1	1851	298	1851	100	22.3506	35.8	58.9
GC1003827_F08_NODE_3928_length_1851_cov_2.093968	1	1851	197	1851	100	15.5224	35.7	59.8
GC1003827_F08_NODE_3929_length_1850_cov_11.041207	1	1850	1397	1850	100	100.678	35.6	57.4
GC1003827_F08_NODE_3930_length_1850_cov_8.456761	1	1850	1312	1850	100	87.8746	34.9	54.4
GC1003827_F08_NODE_3931_length_1850_cov_1.918166	1	1850	590	1850	100	26.5341	35	22.4
GC1003827_F08_NODE_3932_length_1849_cov_3.821719	1	1849	399	1849	100	30.6512	35.5	59.2
GC1003827_F08_NODE_3933_length_1848_cov_9.253922	1	1848	1942	1848	100	113.098	35	43.3
GC1003827_F08_NODE_3934_length_1848_cov_8.809413	1	1848	1380	1848	100	96.0417	35.2	55.4
GC1003827_F08_NODE_3935_length_1848_cov_7.460198	1	1848	937	1848	100	69.2024	35.7	58.8
GC1003827_F08_NODE_3936_length_1848_cov_6.302731	1	1848	653	1848	100	48.6607	35.5	58.1
GC1003827_F08_NODE_3937_length_1848_cov_1.631028	1	1848	220	1848	100	15.158	35.5	55.4
GC1003827_F08_NODE_3938_length_1847_cov_7.186047	1	1847	809	1847	100	59.6394	35.7	58.7
GC1003827_F08_NODE_3939_length_1847_cov_5.572093	1	1847	542	1847	100	41.686	35.6	59.4
GC1003827_F08_NODE_3940_length_1847_cov_2.699419	1	1847	443	1847	100	27.5961	35.5	47.2
GC1003827_F08_NODE_3941_length_1846_cov_10.136707	1	1846	1409	1846	100	99.4036	35.6	57.5
GC1003827_F08_NODE_3942_length_1846_cov_7.303665	1	1846	886	1846	100	63.6224	35.8	55.4
GC1003827_F08_NODE_3943_length_1846_cov_6.084351	1	1846	706	1846	100	50.3954	35.4	56
GC1003827_F08_NODE_3944_length_1846_cov_5.136126	1	1846	585	1846	100	43.065	35.6	59.1
GC1003827_F08_NODE_3945_length_1846_cov_2.688773	1	1846	286	1846	100	21.5195	35.5	59.6
GC1003827_F08_NODE_3946_length_1845_cov_9.133877	1	1845	995	1833	99.3496	73.2428	35.8	57.6
GC1003827_F08_NODE_3947_length_1845_cov_8.718859	1	1845	896	1845	100	67.0309	35.6	57.1
GC1003827_F08_NODE_3948_length_1845_cov_8.026775	1	1845	1019	1845	100	72.5274	35.6	55.8
GC1003827_F08_NODE_3949_length_1845_cov_5.319558	1	1845	532	1844	99.9458	40.2759	35.7	59.1
GC1003827_F08_NODE_3950_length_1845_cov_2.509313	1	1845	364	1835	99.458	25.0201	36	56.2
GC1003827_F08_NODE_3951_length_1844_cov_6.365754	1	1844	744	1844	100	55.9084	35.7	58.1
GC1003827_F08_NODE_3952_length_1844_cov_3.690157	1	1844	390	1844	100	28.1958	35.7	55.1
GC1003827_F08_NODE_3953_length_1844_cov_2.574840	1	1844	309	1844	100	23.1784	35.4	59.2
GC1003827_F08_NODE_3954_length_1843_cov_7.432401	1	1843	737	1843	100	56.4525	35.5	58.9
GC1003827_F08_NODE_3955_length_1843_cov_5.667249	1	1843	691	1843	100	48.178	35.4	55.6
GC1003827_F08_NODE_3956_length_1843_cov_4.171911	1	1843	425	1843	100	30.2442	35.5	59.7
GC1003827_F08_NODE_3957_length_1843_cov_2.626457	1	1843	391	1843	100	25.318	35.2	54.1
GC1003827_F08_NODE_3958_length_1843_cov_1.929487	1	1843	187	1843	100	14.4281	35.5	58.8
GC1003827_F08_NODE_3959_length_1842_cov_4.613994	1	1842	489	1842	100	36.5326	35.7	58
GC1003827_F08_NODE_3960_length_1841_cov_7.428821	1	1841	740	1841	100	56.0755	35.7	58.1
GC1003827_F08_NODE_3961_length_1841_cov_5.211202	1	1841	605	1832	99.5111	44.5959	35.5	57.6
GC1003827_F08_NODE_3962_length_1841_cov_4.689615	1	1841	1195	1841	100	61.4851	35	33.5
GC1003827_F08_NODE_3963_length_1841_cov_2.922404	1	1841	291	1840	99.9457	22.5236	35.5	59
GC1003827_F08_NODE_3964_length_1841_cov_1.270128	1	1841	123	1831	99.4568	9.65454	35.8	58.7
GC1003827_F08_NODE_3965_length_1840_cov_12.161705	1	1840	1285	1840	100	97.1908	35.8	57.6
GC1003827_F08_NODE_3966_length_1840_cov_9.000000	1	1840	905	1840	100	68.8038	35.8	58.9
GC1003827_F08_NODE_3967_length_1840_cov_5.913018	1	1840	573	1840	100	44.8826	35.5	59.6
GC1003827_F08_NODE_3968_length_1840_cov_5.322825	1	1840	487	1840	100	37.6924	35.6	59
GC1003827_F08_NODE_3969_length_1839_cov_8.571846	1	1839	1056	1839	100	79.4573	35.6	58.2
GC1003827_F08_NODE_3970_length_1839_cov_4.457360	1	1839	383	1839	100	30.1207	35.4	59.1
GC1003827_F08_NODE_3971_length_1838_cov_6.568089	1	1838	1458	1838	100	84.5022	35.1	40
GC1003827_F08_NODE_3972_length_1838_cov_6.224430	1	1838	682	1837	99.9456	51.7008	35.5	58.5
GC1003827_F08_NODE_3973_length_1838_cov_3.847458	1	1838	424	1838	100	30.8324	35.6	57.4
GC1003827_F08_NODE_3974_length_1838_cov_2.482174	1	1838	310	1838	100	20.648	35.6	53.1
GC1003827_F08_NODE_3975_length_1837_cov_11.416374	1	1837	1182	1837	100	89.2531	35.5	58.3
GC1003827_F08_NODE_3976_length_1837_cov_9.854386	1	1837	1273	1837	100	91.932	35.3	57.4
GC1003827_F08_NODE_3977_length_1837_cov_3.339766	1	1837	433	1837	100	28.6723	35.4	47.1
GC1003827_F08_NODE_3978_length_1837_cov_2.323977	1	1837	221	1836	99.9456	17.196	35.5	59.3
GC1003827_F08_NODE_3979_length_1836_cov_15.040960	1	1836	1528	1836	100	117.21	35.4	58.7
GC1003827_F08_NODE_3980_length_1836_cov_10.473376	1	1836	1014	1836	100	77.256	36	58.6
GC1003827_F08_NODE_3981_length_1836_cov_5.868344	1	1836	569	1836	100	43.811	35.7	59.2
GC1003827_F08_NODE_3982_length_1836_cov_4.949093	1	1836	504	1836	100	38.6046	35.6	58.6
GC1003827_F08_NODE_3983_length_1835_cov_15.244731	1	1835	2349	1835	100	161.285	35.2	53.4
GC1003827_F08_NODE_3984_length_1835_cov_5.879391	1	1835	606	1835	100	45.8392	35.6	57.2
GC1003827_F08_NODE_3985_length_1835_cov_5.772834	1	1835	551	1835	100	42.7253	35.7	58.7
GC1003827_F08_NODE_3986_length_1835_cov_3.747658	1	1835	1167	1835	100	55.9847	34.4	29.4
GC1003827_F08_NODE_3987_length_1834_cov_8.449912	1	1834	1168	1834	100	81.5834	35.6	56.2
GC1003827_F08_NODE_3988_length_1834_cov_6.478032	1	1834	705	1834	100	51.8424	35.6	55.1
GC1003827_F08_NODE_3989_length_1834_cov_5.726421	1	1834	803	1834	100	56.3724	35.8	57.1
GC1003827_F08_NODE_3990_length_1834_cov_5.340363	1	1834	569	1834	100	42.8195	35.5	58.4
GC1003827_F08_NODE_3991_length_1834_cov_5.246046	1	1834	554	1834	100	42.3855	35.8	58.4
GC1003827_F08_NODE_3992_length_1834_cov_3.257762	1	1834	327	1834	100	24.8593	35.7	58.3
GC1003827_F08_NODE_3993_length_1834_cov_2.547159	1	1834	1644	1832	99.8909	107.564	34.6	32
GC1003827_F08_NODE_3994_length_1834_cov_1.312244	1	1834	394	1834	100	24.8119	35.8	45.5
GC1003827_F08_NODE_3995_length_1833_cov_2.410903	1	1833	249	1833	100	18.3006	35.9	57.1
GC1003827_F08_NODE_3996_length_1832_cov_10.262757	1	1832	1291	1832	100	92.738	35.4	56.5
GC1003827_F08_NODE_3997_length_1832_cov_9.645161	1	1832	1236	1832	100	88.393	35.6	56.9
GC1003827_F08_NODE_3998_length_1832_cov_9.526686	1	1832	1230	1832	100	87.0289	35.4	54.4
GC1003827_F08_NODE_3999_length_1832_cov_3.901466	1	1832	350	1832	100	27.2293	35.6	59.1
GC1003827_F08_NODE_4000_length_1832_cov_2.897361	1	1832	329	1832	100	24.8008	35.2	58.1
GC1003827_F08_NODE_4001_length_1832_cov_2.110850	1	1832	251	1832	100	18.1174	35.4	56.2
GC1003827_F08_NODE_4002_length_1831_cov_14.407277	1	1831	2529	1830	99.9454	151.699	35.2	40.7
GC1003827_F08_NODE_4003_length_1831_cov_7.723005	1	1831	728	1831	100	58.0273	35.7	59.7
GC1003827_F08_NODE_4004_length_1831_cov_5.714202	1	1831	604	1831	100	44.3561	35.9	56
GC1003827_F08_NODE_4005_length_1831_cov_3.496479	1	1831	345	1831	100	26.5167	35.4	57.6
GC1003827_F08_NODE_4006_length_1831_cov_3.478873	1	1831	393	1828	99.8362	29.3244	35.7	58.4
GC1003827_F08_NODE_4007_length_1830_cov_6.990018	1	1830	658	1830	100	51.1923	35.7	58.7
GC1003827_F08_NODE_4008_length_1829_cov_5.745593	1	1829	630	1829	100	47.6834	35.2	57.9
GC1003827_F08_NODE_4009_length_1829_cov_4.066980	1	1829	391	1829	100	30.6654	35.7	59.8
GC1003827_F08_NODE_4010_length_1829_cov_3.716804	1	1829	791	1829	100	42.866	34.8	41.8
GC1003827_F08_NODE_4011_length_1829_cov_3.688014	1	1829	631	1829	100	40.6916	35.6	42
GC1003827_F08_NODE_4012_length_1829_cov_3.181551	1	1829	334	1819	99.4533	25.5511	35.3	58
GC1003827_F08_NODE_4013_length_1829_cov_2.135135	1	1829	194	1828	99.9453	15.5325	35.8	59.3
GC1003827_F08_NODE_4014_length_1828_cov_18.249853	1	1828	1891	1828	100	145.252	35.6	58.8
GC1003827_F08_NODE_4015_length_1828_cov_12.334509	1	1828	1573	1828	100	111.132	35.2	51.7
GC1003827_F08_NODE_4016_length_1828_cov_10.209877	1	1828	1047	1826	99.8906	80.4059	35.4	58.3
GC1003827_F08_NODE_4017_length_1828_cov_7.321576	1	1828	1078	1828	100	75.3211	35.6	57
GC1003827_F08_NODE_4018_length_1828_cov_3.552028	1	1828	337	1825	99.8359	26.331	35.6	59.2
GC1003827_F08_NODE_4019_length_1828_cov_1.975309	1	1828	200	1826	99.8906	14.8381	35.3	56.1
GC1003827_F08_NODE_4020_length_1827_cov_17.823529	1	1827	2310	1827	100	170.443	35.4	56
GC1003827_F08_NODE_4021_length_1827_cov_12.513529	1	1827	1629	1826	99.9453	119.205	35.4	57.7
GC1003827_F08_NODE_4022_length_1827_cov_6.954118	1	1827	719	1827	100	53.994	35.5	58.1
GC1003827_F08_NODE_4023_length_1826_cov_5.350206	1	1826	486	1826	100	38.0197	35.5	58.8
GC1003827_F08_NODE_4024_length_1826_cov_4.180695	1	1826	391	1826	100	30.5126	35.5	58.9
GC1003827_F08_NODE_4025_length_1826_cov_2.844614	1	1826	320	1826	100	23.8143	35.4	57.6
GC1003827_F08_NODE_4026_length_1826_cov_1.723955	1	1826	204	1826	100	15.6046	35.3	58.2
GC1003827_F08_NODE_4027_length_1826_cov_1.606239	1	1826	3457	1826	100	84.5641	34.2	2.98
GC1003827_F08_NODE_4028_length_1825_cov_18.736160	1	1825	1964	1825	100	150.569	35.5	58.8
GC1003827_F08_NODE_4029_length_1825_cov_8.892815	1	1825	908	1825	100	68.9907	35.5	57.9
GC1003827_F08_NODE_4030_length_1825_cov_7.934040	1	1825	790	1825	100	60.1627	35.7	57.3
GC1003827_F08_NODE_4031_length_1824_cov_12.516794	1	1824	1677	1824	100	117.652	35.8	54.9
GC1003827_F08_NODE_4032_length_1824_cov_10.482616	1	1824	1116	1824	100	85.926	35.8	58.7
GC1003827_F08_NODE_4033_length_1824_cov_3.067177	1	1824	323	1824	100	24.4885	35.6	58.3
GC1003827_F08_NODE_4034_length_1824_cov_3.001768	1	1824	334	1824	100	25.1393	35.6	58.9
GC1003827_F08_NODE_4035_length_1823_cov_7.683373	1	1823	987	1823	100	68.1805	35.7	54.7
GC1003827_F08_NODE_4036_length_1823_cov_4.551887	1	1823	460	1823	100	35.0565	35.6	58.3
GC1003827_F08_NODE_4037_length_1822_cov_10.558702	1	1822	1557	1822	100	113.948	35.2	50.8
GC1003827_F08_NODE_4038_length_1822_cov_7.428909	1	1822	718	1822	100	54.0834	35.7	56.4
GC1003827_F08_NODE_4039_length_1822_cov_4.888496	1	1822	515	1822	100	38.0939	35.8	58.4
GC1003827_F08_NODE_4040_length_1822_cov_2.798820	1	1822	245	1822	100	19.5889	35.8	59.3
GC1003827_F08_NODE_4041_length_1822_cov_2.497345	1	1822	253	1822	100	19.9265	36	59.3
GC1003827_F08_NODE_4042_length_1821_cov_2.706612	1	1821	277	1821	100	20.5014	35.5	56.4
GC1003827_F08_NODE_4043_length_1821_cov_1.171783	1	1821	347	1821	100	14.5371	35.6	36
GC1003827_F08_NODE_4044_length_1820_cov_12.842882	1	1820	1442	1820	100	113.118	35.2	59.1
GC1003827_F08_NODE_4045_length_1820_cov_11.057885	1	1820	1047	1820	100	82.0962	35.5	59.2
GC1003827_F08_NODE_4046_length_1820_cov_8.753101	1	1820	1009	1820	100	75.4423	35.7	58.5
GC1003827_F08_NODE_4047_length_1820_cov_6.036621	1	1820	675	1820	100	49.8038	35.5	56.7
GC1003827_F08_NODE_4048_length_1820_cov_4.374483	1	1820	526	1820	100	36.15	35.7	52.2
GC1003827_F08_NODE_4049_length_1820_cov_3.953928	1	1820	436	1820	100	31.9544	35.3	57.8
GC1003827_F08_NODE_4050_length_1820_cov_3.513881	1	1820	339	1820	100	26.6033	35.8	59.2
GC1003827_F08_NODE_4051_length_1820_cov_2.223863	1	1820	236	1820	100	18.0753	35.6	58.9
GC1003827_F08_NODE_4052_length_1819_cov_14.379433	1	1819	1537	1819	100	115.859	35.7	57.7
GC1003827_F08_NODE_4053_length_1819_cov_5.571513	1	1819	531	1819	100	42.1391	35.4	57.7
GC1003827_F08_NODE_4054_length_1819_cov_5.359338	1	1819	556	1819	100	43.0033	35.7	59
GC1003827_F08_NODE_4055_length_1819_cov_4.764775	1	1819	492	1819	100	37.6053	35.7	58.8
GC1003827_F08_NODE_4056_length_1819_cov_3.226359	1	1819	2531	1819	100	114.387	34.2	19.3
GC1003827_F08_NODE_4057_length_1819_cov_3.051418	1	1819	491	1817	99.89	27.9995	35.5	36.5
GC1003827_F08_NODE_4058_length_1819_cov_2.917849	1	1819	425	1819	100	28.9379	35.3	55.2
GC1003827_F08_NODE_4059_length_1818_cov_14.403903	1	1818	1423	1818	100	109.622	35.7	59.2
GC1003827_F08_NODE_4060_length_1818_cov_8.593732	1	1818	1306	1818	100	90.2558	35.7	55.5
GC1003827_F08_NODE_4061_length_1818_cov_4.212300	1	1818	451	1787	98.2948	34.407	35.8	58.1
GC1003827_F08_NODE_4062_length_1818_cov_3.586635	1	1818	364	1818	100	27.0061	35.6	56.4
GC1003827_F08_NODE_4063_length_1818_cov_3.523950	1	1818	361	1818	100	27.8273	35.6	58.9
GC1003827_F08_NODE_4064_length_1818_cov_3.426375	1	1818	357	1818	100	27.544	35.7	59
GC1003827_F08_NODE_4065_length_1818_cov_3.399763	1	1818	380	1818	100	28.0897	35.7	56.2
GC1003827_F08_NODE_4066_length_1817_cov_7.500000	1	1817	903	1817	100	65.1849	35.3	57
GC1003827_F08_NODE_4067_length_1817_cov_6.669822	1	1817	769	1817	100	57.0583	35.6	57.8
GC1003827_F08_NODE_4068_length_1817_cov_3.115976	1	1817	382	1817	100	27.3616	35.5	55.4
GC1003827_F08_NODE_4069_length_1816_cov_7.121966	1	1816	828	1816	100	61.3541	35.4	57.1
GC1003827_F08_NODE_4070_length_1816_cov_5.826525	1	1816	542	1816	100	41.3992	35.6	57.9
GC1003827_F08_NODE_4071_length_1816_cov_3.397276	1	1816	381	1816	100	29.1404	35.5	58.7
GC1003827_F08_NODE_4072_length_1816_cov_2.510361	1	1816	232	1816	100	18.3276	35.5	57.3
GC1003827_F08_NODE_4073_length_1815_cov_10.680687	1	1815	2593	1815	100	179.107	34.5	43.6
GC1003827_F08_NODE_4074_length_1815_cov_5.291469	1	1815	644	1815	100	47.7063	35.5	58.6
GC1003827_F08_NODE_4075_length_1815_cov_4.511848	1	1815	413	1814	99.9449	32.5129	35.5	59.1
GC1003827_F08_NODE_4076_length_1814_cov_4.892709	1	1814	517	1814	100	38.9763	35.7	58.1
GC1003827_F08_NODE_4077_length_1814_cov_4.306461	1	1814	477	1814	100	35.1703	35.7	57.5
GC1003827_F08_NODE_4078_length_1814_cov_3.263189	1	1814	342	1814	100	25.8859	35.7	56
GC1003827_F08_NODE_4079_length_1814_cov_1.373444	1	1814	123	1814	100	9.85777	35.4	59.7
GC1003827_F08_NODE_4080_length_1813_cov_10.244958	1	1813	1189	1811	99.8897	88.9812	35.6	57.1
GC1003827_F08_NODE_4081_length_1813_cov_7.682088	1	1813	864	1726	95.2013	62.2714	35.6	56.1
GC1003827_F08_NODE_4082_length_1812_cov_3.713947	1	1812	363	1804	99.5585	27.8184	35.5	58.7
GC1003827_F08_NODE_4083_length_1812_cov_3.490208	1	1812	338	1812	100	26.2914	35.6	58.5
GC1003827_F08_NODE_4084_length_1811_cov_6.675772	1	1811	5655	1811	100	211.795	35.1	12.6
GC1003827_F08_NODE_4085_length_1811_cov_4.539192	1	1811	531	1811	100	39.0044	35.8	57
GC1003827_F08_NODE_4086_length_1810_cov_10.590612	1	1810	1200	1810	100	89.0492	35.7	57.7
GC1003827_F08_NODE_4087_length_1810_cov_3.534165	1	1810	321	1810	100	25.7171	35.6	59.8
GC1003827_F08_NODE_4088_length_1810_cov_2.613191	1	1810	611	1810	100	28.9177	35.2	27
GC1003827_F08_NODE_4089_length_1810_cov_2.416518	1	1810	287	1810	100	21.8243	35.3	59.4
GC1003827_F08_NODE_4090_length_1810_cov_0.887701	1	1810	118	1810	100	8.15525	36.1	60
GC1003827_F08_NODE_4091_length_1809_cov_19.523187	1	1809	2067	1808	99.9447	156.928	35.6	57.1
GC1003827_F08_NODE_4092_length_1809_cov_1.797265	1	1809	169	1809	100	13.2322	35.5	58.3
GC1003827_F08_NODE_4093_length_1809_cov_0.776457	1	1809	76	1809	100	5.85185	35.4	58.5
GC1003827_F08_NODE_4094_length_1808_cov_21.969661	1	1808	2425	1808	100	182.169	35.5	58.2
GC1003827_F08_NODE_4095_length_1808_cov_14.130280	1	1808	1912	1808	100	124.996	35.4	46.7
GC1003827_F08_NODE_4096_length_1808_cov_9.343843	1	1808	1121	1808	100	80.1781	35.8	54.5
GC1003827_F08_NODE_4097_length_1808_cov_7.656752	1	1808	867	1808	100	63.8711	35.2	57.2
GC1003827_F08_NODE_4098_length_1808_cov_7.042832	1	1808	788	1808	100	60.4519	35.5	58.8
GC1003827_F08_NODE_4099_length_1808_cov_5.206425	1	1808	586	1808	100	43.1162	35.7	57.5
GC1003827_F08_NODE_4100_length_1808_cov_4.867341	1	1808	6192	1808	100	206.642	34.6	14.8
GC1003827_F08_NODE_4101_length_1808_cov_2.295062	1	1808	207	1806	99.8894	16.0332	35.6	58.6
GC1003827_F08_NODE_4102_length_1807_cov_8.505357	1	1807	953	1807	100	69.7609	35.5	56.2
GC1003827_F08_NODE_4103_length_1807_cov_5.063095	1	1807	469	1807	100	37.1184	35.4	59.2
GC1003827_F08_NODE_4104_length_1807_cov_1.512500	1	1807	167	1807	100	12.0614	35.6	57.1
GC1003827_F08_NODE_4105_length_1807_cov_1.468452	1	1807	124	1806	99.9447	10.0885	36	60
GC1003827_F08_NODE_4106_length_1806_cov_12.960691	1	1806	1725	1796	99.4463	121.627	35.4	53.3
GC1003827_F08_NODE_4107_length_1806_cov_9.918404	1	1806	1477	1806	100	97.6561	35.6	54.5
GC1003827_F08_NODE_4108_length_1806_cov_2.574151	1	1806	405	1806	100	25.036	35.2	53
GC1003827_F08_NODE_4109_length_1805_cov_11.343862	1	1805	1318	1805	100	95.5163	35.2	54.7
GC1003827_F08_NODE_4110_length_1805_cov_9.458284	1	1805	837	1804	99.9446	66.4898	35.4	59.2
GC1003827_F08_NODE_4111_length_1805_cov_8.781883	1	1805	1990	1805	100	144.829	34.8	49.1
GC1003827_F08_NODE_4112_length_1805_cov_5.321216	1	1805	625	1805	100	44.0848	35.7	55.8
GC1003827_F08_NODE_4113_length_1805_cov_5.228248	1	1805	505	1805	100	37.4355	35.5	57.4
GC1003827_F08_NODE_4114_length_1805_cov_1.470203	1	1805	212	1805	100	14.1939	35.2	55
GC1003827_F08_NODE_4115_length_1804_cov_12.586166	1	1804	1376	1803	99.9446	104.579	35.5	58.1
GC1003827_F08_NODE_4116_length_1804_cov_8.924270	1	1804	1229	1804	100	87.6746	35.5	55.7
GC1003827_F08_NODE_4117_length_1804_cov_4.437686	1	1804	796	1801	99.8337	48.5693	34.9	43.7
GC1003827_F08_NODE_4118_length_1804_cov_4.220036	1	1804	420	1804	100	32.4701	35.6	59.2
GC1003827_F08_NODE_4119_length_1804_cov_3.984496	1	1804	489	1804	100	35.0626	35.9	54.6
GC1003827_F08_NODE_4120_length_1804_cov_2.008348	1	1804	462	1804	100	30.7223	35.4	47.7
GC1003827_F08_NODE_4121_length_1803_cov_10.039976	1	1803	2395	1803	100	147.465	35.2	50.7
GC1003827_F08_NODE_4122_length_1803_cov_7.331146	1	1803	778	1803	100	59.1625	35.6	57.7
GC1003827_F08_NODE_4123_length_1803_cov_5.351432	1	1803	482	1803	100	38.4115	35.4	59
GC1003827_F08_NODE_4124_length_1803_cov_1.206444	1	1803	127	1803	100	9.11148	36.2	57.6
GC1003827_F08_NODE_4125_length_1802_cov_11.324776	1	1802	1208	1802	100	91.3263	35.7	58.9
GC1003827_F08_NODE_4126_length_1802_cov_6.945672	1	1802	827	1802	100	62.7725	35.3	57.3
GC1003827_F08_NODE_4127_length_1802_cov_6.389851	1	1802	678	1800	99.889	52.7048	35.6	59.3
GC1003827_F08_NODE_4128_length_1802_cov_6.232836	1	1802	627	1802	100	49.1043	35.5	58.9
GC1003827_F08_NODE_4129_length_1802_cov_3.635821	1	1802	345	1802	100	27.3474	35.4	58.7
GC1003827_F08_NODE_4130_length_1802_cov_1.711642	1	1802	175	1802	100	14.0932	35.6	59.7
GC1003827_F08_NODE_4131_length_1801_cov_16.647551	1	1801	1686	1801	100	129.943	35.5	58.6
GC1003827_F08_NODE_4132_length_1801_cov_11.499403	1	1801	1391	1801	100	106.807	35.7	58.5
GC1003827_F08_NODE_4133_length_1801_cov_9.207288	1	1801	1103	1801	100	82.2865	35.4	57.6
GC1003827_F08_NODE_4134_length_1801_cov_4.916368	1	1801	576	1801	100	41.0944	35.3	56
GC1003827_F08_NODE_4135_length_1801_cov_4.409200	1	1801	519	1801	100	39.5769	35.4	58.4
GC1003827_F08_NODE_4136_length_1801_cov_3.075269	1	1801	387	1799	99.889	27.1227	35.6	53.1
GC1003827_F08_NODE_4137_length_1801_cov_1.710872	1	1801	148	1792	99.5003	11.8145	35.6	59
GC1003827_F08_NODE_4138_length_1800_cov_10.436342	1	1800	1028	1800	100	79.8933	35.5	57.9
GC1003827_F08_NODE_4139_length_1800_cov_4.508667	1	1800	761	1800	100	51.4811	35.2	53.2
GC1003827_F08_NODE_4140_length_1800_cov_3.526001	1	1800	364	1800	100	26.9433	35.6	55.4
GC1003827_F08_NODE_4141_length_1800_cov_3.276151	1	1800	340	1796	99.7778	25.905	35.7	57.9
GC1003827_F08_NODE_4142_length_1800_cov_1.949791	1	1800	231	1790	99.4444	16.1644	35.5	51.8
GC1003827_F08_NODE_4143_length_1799_cov_7.719498	1	1799	955	1798	99.9444	68.5442	35.2	54.6
GC1003827_F08_NODE_4144_length_1799_cov_4.678230	1	1799	697	1799	100	49.1601	35.4	56
GC1003827_F08_NODE_4145_length_1799_cov_3.674641	1	1799	425	1799	100	30.6454	36	57.3
GC1003827_F08_NODE_4146_length_1798_cov_5.296828	1	1798	567	1798	100	41.7948	35.4	57
GC1003827_F08_NODE_4147_length_1797_cov_10.701796	1	1797	1530	1797	100	108.459	35.6	55.6
GC1003827_F08_NODE_4148_length_1797_cov_4.559281	1	1797	510	1797	100	37.3189	35.6	58.5
GC1003827_F08_NODE_4149_length_1797_cov_3.699401	1	1797	444	1797	100	30.2821	35.5	49
GC1003827_F08_NODE_4150_length_1796_cov_12.330737	1	1796	1132	1796	100	89.6876	35.6	59.1
GC1003827_F08_NODE_4151_length_1796_cov_5.403235	1	1796	577	1796	100	42.1965	35.6	57.4
GC1003827_F08_NODE_4152_length_1796_cov_5.127621	1	1796	606	1796	100	43.382	35.7	56.5
GC1003827_F08_NODE_4153_length_1796_cov_4.602756	1	1796	595	1796	100	39.7767	35.7	52.5
GC1003827_F08_NODE_4154_length_1796_cov_4.312762	1	1796	506	1796	100	37.5028	35.6	57.2
GC1003827_F08_NODE_4155_length_1796_cov_1.276812	1	1796	129	1796	100	9.99053	35	58.2
GC1003827_F08_NODE_4156_length_1795_cov_7.034173	1	1795	927	1795	100	61.5705	35.8	47.6
GC1003827_F08_NODE_4157_length_1795_cov_6.154077	1	1795	649	1795	100	50.0618	35.2	56.3
GC1003827_F08_NODE_4158_length_1795_cov_3.862110	1	1795	445	1795	100	31.3421	35.3	53.6
GC1003827_F08_NODE_4159_length_1795_cov_3.374101	1	1795	328	1785	99.4429	26.3682	35.8	59.6
GC1003827_F08_NODE_4160_length_1795_cov_2.774580	1	1795	392	1795	100	26.3916	35.3	53
GC1003827_F08_NODE_4161_length_1795_cov_2.241607	1	1795	344	1795	100	22.6574	35.1	53.1
GC1003827_F08_NODE_4162_length_1794_cov_10.202759	1	1794	1184	1794	100	88.7469	35.7	57.7
GC1003827_F08_NODE_4163_length_1794_cov_9.350330	1	1794	906	1794	100	70.0268	35.5	56.9
GC1003827_F08_NODE_4164_length_1794_cov_5.570486	1	1794	1171	1794	100	69.2977	34.8	34.4
GC1003827_F08_NODE_4165_length_1794_cov_2.860828	1	1794	318	1794	100	23.8116	35.2	57.8
GC1003827_F08_NODE_4166_length_1794_cov_1.039592	1	1794	141	1791	99.8328	9.69287	34.8	57
GC1003827_F08_NODE_4167_length_1793_cov_8.790516	1	1793	854	1793	100	66.2922	35.7	58.6
GC1003827_F08_NODE_4168_length_1793_cov_2.634454	1	1793	294	1793	100	21.6347	35.7	56.9
GC1003827_F08_NODE_4169_length_1792_cov_6.372372	1	1792	670	1792	100	51.4023	35.7	58.3
GC1003827_F08_NODE_4170_length_1792_cov_5.559760	1	1792	605	1792	100	45.0636	35.8	57.8
GC1003827_F08_NODE_4171_length_1792_cov_5.249249	1	1792	639	1792	100	45.8477	35.5	54
GC1003827_F08_NODE_4172_length_1792_cov_3.906907	1	1792	464	1792	100	34.2243	35.5	56.7
GC1003827_F08_NODE_4173_length_1791_cov_10.233173	1	1791	889	1757	98.1016	68.3322	35.6	44
GC1003827_F08_NODE_4174_length_1791_cov_6.492188	1	1791	674	1791	100	51.861	35.6	58
GC1003827_F08_NODE_4175_length_1791_cov_2.389423	1	1791	252	1781	99.4417	19.2328	35.2	59.4
GC1003827_F08_NODE_4176_length_1791_cov_1.832933	1	1791	192	1791	100	14.8252	35.5	58
GC1003827_F08_NODE_4177_length_1790_cov_6.136500	1	1790	1148	1790	100	72.3832	35	48.5
GC1003827_F08_NODE_4178_length_1790_cov_4.785929	1	1790	560	1790	100	42.1335	35.2	56.9
GC1003827_F08_NODE_4179_length_1790_cov_2.806374	1	1790	269	1790	100	21.4318	35.6	58.2
GC1003827_F08_NODE_4180_length_1789_cov_7.435018	1	1789	844	1789	100	62.5595	35.7	57.9
GC1003827_F08_NODE_4181_length_1789_cov_5.325511	1	1789	9021	1789	100	274.506	34	4.43
GC1003827_F08_NODE_4182_length_1789_cov_2.505415	1	1789	292	1789	100	21.1627	35.5	57.3
GC1003827_F08_NODE_4183_length_1789_cov_2.276173	1	1789	276	1789	100	21.2538	35.4	57.8
GC1003827_F08_NODE_4184_length_1788_cov_14.872968	1	1788	1961	1788	100	133.485	35.6	48.9
GC1003827_F08_NODE_4185_length_1788_cov_6.108970	1	1788	742	1779	99.4966	52.1991	35.7	52.8
GC1003827_F08_NODE_4186_length_1788_cov_4.754967	1	1788	623	1778	99.4407	42.4072	35.4	50.1
GC1003827_F08_NODE_4187_length_1788_cov_3.266105	1	1788	312	1788	100	24.1913	35.6	58.7
GC1003827_F08_NODE_4188_length_1787_cov_13.016265	1	1787	1340	1787	100	104.017	35.5	58.4
GC1003827_F08_NODE_4189_length_1787_cov_4.237349	1	1787	501	1787	100	37.6368	35.7	58
GC1003827_F08_NODE_4190_length_1787_cov_2.222892	1	1787	201	1787	100	15.8321	35.6	58.8
GC1003827_F08_NODE_4191_length_1787_cov_0.480723	1	1787	68	1787	100	4.9944	35.7	52.9
GC1003827_F08_NODE_4192_length_1786_cov_10.933092	1	1786	1080	1786	100	83.4938	35.8	57
GC1003827_F08_NODE_4193_length_1786_cov_8.289331	1	1786	752	1786	100	60.1226	35.4	59.1
GC1003827_F08_NODE_4194_length_1786_cov_5.376130	1	1786	523	1786	100	40.9468	35.7	58.9
GC1003827_F08_NODE_4195_length_1786_cov_3.468354	1	1786	294	1786	100	23.9703	35.6	59.3
GC1003827_F08_NODE_4196_length_1786_cov_1.781796	1	1786	219	1786	100	16.5314	35.4	59
GC1003827_F08_NODE_4197_length_1786_cov_1.659433	1	1786	246	1786	100	14.1848	35.7	36.3
GC1003827_F08_NODE_4198_length_1785_cov_12.125452	1	1785	1431	1785	100	105.452	35.7	57.1
GC1003827_F08_NODE_4199_length_1785_cov_5.217732	1	1785	493	1785	100	39.5417	35.7	59.2
GC1003827_F08_NODE_4200_length_1785_cov_3.937274	1	1785	465	1785	100	34.3378	35.4	58.4
GC1003827_F08_NODE_4201_length_1785_cov_2.220145	1	1785	336	1785	100	20.2504	35.2	43.7
GC1003827_F08_NODE_4202_length_1785_cov_2.103739	1	1785	248	1785	100	18.0224	35.7	57.3
GC1003827_F08_NODE_4203_length_1784_cov_8.579964	1	1784	856	1784	100	67.065	35.7	58.6
GC1003827_F08_NODE_4204_length_1784_cov_4.927580	1	1784	550	1783	99.9439	42.0617	35.5	58.4
GC1003827_F08_NODE_4205_length_1784_cov_3.476765	1	1784	313	1784	100	24.9339	35.8	59.3
GC1003827_F08_NODE_4206_length_1783_cov_9.090580	1	1783	920	1780	99.8317	70.5861	35.8	58.5
GC1003827_F08_NODE_4207_length_1783_cov_8.410628	1	1783	835	1783	100	65.5883	35.5	58.7
GC1003827_F08_NODE_4208_length_1783_cov_5.135266	1	1783	1140	1783	100	65.7852	35.2	41.1
GC1003827_F08_NODE_4209_length_1783_cov_2.845411	1	1783	333	1783	100	22.2709	35.4	50.5
GC1003827_F08_NODE_4210_length_1782_cov_9.329909	1	1782	846	1782	100	67.7957	35.5	59.1
GC1003827_F08_NODE_4211_length_1782_cov_7.801813	1	1782	713	1782	100	56.6268	35.4	59
GC1003827_F08_NODE_4212_length_1782_cov_7.268882	1	1782	690	1782	100	53.8552	35.6	58.3
GC1003827_F08_NODE_4213_length_1782_cov_5.905136	1	1782	656	1782	100	48.7284	35.5	57.8
GC1003827_F08_NODE_4214_length_1782_cov_5.358308	1	1782	595	1782	100	43.3058	35.7	54.9
GC1003827_F08_NODE_4215_length_1782_cov_3.848338	1	1782	393	1782	100	30.4646	35.6	58.5
GC1003827_F08_NODE_4216_length_1782_cov_2.992749	1	1782	318	1782	100	23.8311	35.7	56.8
GC1003827_F08_NODE_4217_length_1782_cov_2.816918	1	1782	262	1782	100	20.5926	35.7	59.5
GC1003827_F08_NODE_4218_length_1782_cov_2.190332	1	1782	272	1781	99.9439	19.6341	35.7	55.6
GC1003827_F08_NODE_4219_length_1781_cov_10.852479	1	1781	1130	1780	99.9439	85.9034	35.7	58.3
GC1003827_F08_NODE_4220_length_1781_cov_8.152358	1	1781	876	1781	100	65.306	35.5	55.9
GC1003827_F08_NODE_4221_length_1781_cov_6.863362	1	1781	666	1781	100	51.1898	35.6	57
GC1003827_F08_NODE_4222_length_1781_cov_4.732769	1	1781	1478	1781	100	76.7215	34.6	22.2
GC1003827_F08_NODE_4223_length_1781_cov_3.782346	1	1781	367	1781	100	29.1769	35.2	59.6
GC1003827_F08_NODE_4224_length_1781_cov_3.052600	1	1781	301	1781	100	22.4795	35.5	56.6
GC1003827_F08_NODE_4225_length_1781_cov_2.215840	1	1781	359	1781	100	21.3728	35.2	40.1
GC1003827_F08_NODE_4226_length_1781_cov_1.470979	1	1781	137	1781	100	10.79	35.9	59.1
GC1003827_F08_NODE_4227_length_1780_cov_12.022384	1	1780	1216	1780	100	94.0489	35.7	57.5
GC1003827_F08_NODE_4228_length_1780_cov_9.608590	1	1780	1356	1780	100	94.3157	35.4	53.4
GC1003827_F08_NODE_4229_length_1780_cov_7.188143	1	1780	871	1780	100	65.3899	35.3	58.6
GC1003827_F08_NODE_4230_length_1780_cov_7.046582	1	1780	835	1780	100	60.2635	35.5	53.8
GC1003827_F08_NODE_4231_length_1780_cov_4.055051	1	1780	592	1780	100	41.5331	35.6	56.9
GC1003827_F08_NODE_4232_length_1780_cov_3.643073	1	1780	512	1780	100	35.0596	35.6	51.4
GC1003827_F08_NODE_4233_length_1780_cov_1.362976	1	1780	129	1780	100	10.2854	36.1	59.4
GC1003827_F08_NODE_4234_length_1779_cov_9.998184	1	1779	978	1779	100	76.6183	35.7	58.7
GC1003827_F08_NODE_4235_length_1779_cov_9.455811	1	1779	813	1779	100	66.602	35.5	59.4
GC1003827_F08_NODE_4236_length_1779_cov_7.658596	1	1779	740	1779	100	58.5773	35.8	58.9
GC1003827_F08_NODE_4237_length_1779_cov_7.169492	1	1779	688	1779	100	53.9741	35.6	58.2
GC1003827_F08_NODE_4238_length_1779_cov_4.766344	1	1779	523	1779	100	38.5868	35.2	54.5
GC1003827_F08_NODE_4239_length_1779_cov_2.624092	1	1779	290	1779	100	21.6076	35.3	58.6
GC1003827_F08_NODE_4240_length_1779_cov_1.802663	1	1779	179	1779	100	14.2456	35.5	59.6
GC1003827_F08_NODE_4241_length_1778_cov_7.787402	1	1778	949	1778	100	70.5793	35.2	57.3
GC1003827_F08_NODE_4242_length_1778_cov_5.354936	1	1778	496	1769	99.4938	40.3138	35.7	59.3
GC1003827_F08_NODE_4243_length_1778_cov_5.093882	1	1778	524	1778	100	41.0444	35.7	57.2
GC1003827_F08_NODE_4244_length_1778_cov_4.444579	1	1778	547	1778	100	35.6271	35.6	45.8
GC1003827_F08_NODE_4245_length_1778_cov_3.924894	1	1778	369	1778	100	29.2447	35.8	58.9
GC1003827_F08_NODE_4246_length_1778_cov_1.060569	1	1778	100	1778	100	8.05568	35.4	59.4
GC1003827_F08_NODE_4247_length_1777_cov_2.561212	1	1777	288	1777	100	22.0805	35.8	58.8
GC1003827_F08_NODE_4248_length_1776_cov_4.682232	1	1776	464	1776	100	35.8429	35.4	57.7
GC1003827_F08_NODE_4249_length_1776_cov_4.208611	1	1776	625	1776	100	43.5236	35.3	56.2
GC1003827_F08_NODE_4250_length_1776_cov_2.883566	1	1776	474	1776	100	31.2849	35.4	52
GC1003827_F08_NODE_4251_length_1775_cov_15.810680	1	1775	1613	1775	100	126.263	35.7	58.5
GC1003827_F08_NODE_4252_length_1775_cov_9.814927	1	1775	1106	1775	100	84.1301	35.9	58.5
GC1003827_F08_NODE_4253_length_1775_cov_8.399879	1	1775	966	1775	100	72.1859	35.7	57.5
GC1003827_F08_NODE_4254_length_1775_cov_7.563107	1	1775	878	1775	100	65.351	35.8	57.4
GC1003827_F08_NODE_4255_length_1775_cov_6.960558	1	1775	834	1745	98.3099	62.5414	35.8	58.3
GC1003827_F08_NODE_4256_length_1775_cov_4.875000	1	1775	638	1773	99.8873	48.3189	35.2	57.4
GC1003827_F08_NODE_4257_length_1775_cov_4.344053	1	1775	721	1775	100	47.4282	34.9	52.9
GC1003827_F08_NODE_4258_length_1775_cov_3.099515	1	1775	378	1775	100	26.6006	35.8	56.2
GC1003827_F08_NODE_4259_length_1775_cov_3.054005	1	1775	312	1775	100	24.2766	35.8	59.1
GC1003827_F08_NODE_4260_length_1775_cov_2.251820	1	1775	230	1765	99.4366	17.453	35.3	56.5
GC1003827_F08_NODE_4261_length_1774_cov_10.794171	1	1774	1168	1774	100	91.8033	35.2	59.1
GC1003827_F08_NODE_4262_length_1774_cov_6.927140	1	1774	765	1774	100	58.1691	35.8	57.8
GC1003827_F08_NODE_4263_length_1774_cov_4.171828	1	1774	423	1774	100	33.6082	35.6	58.6
GC1003827_F08_NODE_4264_length_1774_cov_3.712811	1	1774	422	1774	100	31.7469	35.9	58.2
GC1003827_F08_NODE_4265_length_1774_cov_2.374013	1	1774	626	1774	100	28.9526	35	27.4
GC1003827_F08_NODE_4266_length_1774_cov_2.319369	1	1774	223	1774	100	17.3822	35.3	58.1
GC1003827_F08_NODE_4267_length_1774_cov_1.994536	1	1774	342	1774	100	18.4955	35.5	31.9
GC1003827_F08_NODE_4268_length_1774_cov_1.629630	1	1774	178	1774	100	13.3985	35.7	57.9
GC1003827_F08_NODE_4269_length_1773_cov_6.224787	1	1773	567	1773	100	45.705	35.9	59.5
GC1003827_F08_NODE_4270_length_1773_cov_5.815917	1	1773	592	1768	99.718	45.0654	35.6	57.5
GC1003827_F08_NODE_4271_length_1773_cov_4.928919	1	1773	443	1773	100	35.4174	35	58.9
GC1003827_F08_NODE_4272_length_1773_cov_3.910085	1	1773	393	1773	100	30.9983	35.6	58.6
GC1003827_F08_NODE_4273_length_1773_cov_2.863913	1	1773	655	1773	100	35.2222	35.3	50.8
GC1003827_F08_NODE_4274_length_1773_cov_1.595990	1	1773	132	1756	99.0412	10.8962	35.3	60
GC1003827_F08_NODE_4275_length_1773_cov_0.770352	1	1773	76	1763	99.436	6.21827	35.5	58.9
GC1003827_F08_NODE_4276_length_1772_cov_14.487538	1	1772	1807	1772	100	135.267	35.6	57.3
GC1003827_F08_NODE_4277_length_1772_cov_8.180547	1	1772	738	1772	100	59.2472	35.6	58.4
GC1003827_F08_NODE_4278_length_1772_cov_3.999392	1	1772	412	1762	99.4357	31.2771	35.8	56.5
GC1003827_F08_NODE_4279_length_1772_cov_2.282067	1	1772	257	1772	100	19.8877	35.5	57.6
GC1003827_F08_NODE_4280_length_1771_cov_2.983577	1	1771	251	1771	100	20.4257	35.5	59
GC1003827_F08_NODE_4281_length_1771_cov_2.522506	1	1771	639	1771	100	35.3501	34.3	44.3
GC1003827_F08_NODE_4282_length_1771_cov_2.267640	1	1771	237	1771	100	18.2609	35.9	58.2
GC1003827_F08_NODE_4283_length_1770_cov_7.967133	1	1770	748	1770	100	59.978	35.7	59.2
GC1003827_F08_NODE_4284_length_1770_cov_7.239197	1	1770	974	1770	100	70.448	35.3	56.2
GC1003827_F08_NODE_4285_length_1770_cov_5.728545	1	1770	888	1760	99.435	54.6842	35.4	39.3
GC1003827_F08_NODE_4286_length_1770_cov_5.622033	1	1770	681	1770	100	49.9232	35.2	56.1
GC1003827_F08_NODE_4287_length_1770_cov_4.328667	1	1770	1237	1770	100	64.4785	34.8	22.3
GC1003827_F08_NODE_4288_length_1770_cov_3.822885	1	1770	597	1770	100	35.9023	35.2	40.5
GC1003827_F08_NODE_4289_length_1770_cov_3.205721	1	1770	434	1770	100	26.9	35.8	48.8
GC1003827_F08_NODE_4290_length_1770_cov_2.648813	1	1770	221	1770	100	17.9537	35.4	59.4
GC1003827_F08_NODE_4291_length_1770_cov_1.931223	1	1770	179	1768	99.887	14.2141	35.7	59.1
GC1003827_F08_NODE_4292_length_1769_cov_11.447016	1	1769	1132	1769	100	90.4551	35.8	59.3
GC1003827_F08_NODE_4293_length_1769_cov_9.332521	1	1769	868	1768	99.9435	69.2685	35.6	58.8
GC1003827_F08_NODE_4294_length_1769_cov_6.204629	1	1769	544	1769	100	44.6439	35.5	59.7
GC1003827_F08_NODE_4295_length_1769_cov_5.325822	1	1769	831	1769	100	59.4245	34.6	55.4
GC1003827_F08_NODE_4296_length_1769_cov_4.827649	1	1769	460	1769	100	36.4828	35.6	59.3
GC1003827_F08_NODE_4297_length_1769_cov_3.559683	1	1769	333	1769	100	26.6518	35.2	58.1
GC1003827_F08_NODE_4298_length_1768_cov_15.330896	1	1768	1611	1766	99.8869	125.248	35.6	58.6
GC1003827_F08_NODE_4299_length_1768_cov_2.458257	1	1768	291	1768	100	20.4525	35.8	53.3
GC1003827_F08_NODE_4300_length_1768_cov_1.982328	1	1768	289	1768	100	18.3558	35.6	44.8
GC1003827_F08_NODE_4301_length_1767_cov_6.244512	1	1767	757	1767	100	54.5348	35.5	51.7
GC1003827_F08_NODE_4302_length_1767_cov_5.129878	1	1767	617	1767	100	46.4301	35.5	57
GC1003827_F08_NODE_4303_length_1766_cov_7.647346	1	1766	826	1766	100	63.3318	35.3	58.1
GC1003827_F08_NODE_4304_length_1766_cov_5.107993	1	1766	507	1766	100	40.2271	35.7	59.2
GC1003827_F08_NODE_4305_length_1766_cov_4.407566	1	1766	465	1766	100	36.0243	35.5	57.8
GC1003827_F08_NODE_4306_length_1766_cov_3.589384	1	1766	416	1766	100	31.7729	35.7	58.4
GC1003827_F08_NODE_4307_length_1766_cov_2.870653	1	1766	268	1766	100	21.7027	35	59.4
GC1003827_F08_NODE_4308_length_1766_cov_2.810250	1	1766	440	1766	100	30.1772	35.4	55.3
GC1003827_F08_NODE_4309_length_1765_cov_14.737485	1	1765	1584	1765	100	124.118	35.4	58.2
GC1003827_F08_NODE_4310_length_1765_cov_8.380952	1	1765	1293	1765	100	91.847	34.9	51.5
GC1003827_F08_NODE_4311_length_1765_cov_6.100733	1	1765	766	1765	100	56.5309	35.2	55.8
GC1003827_F08_NODE_4312_length_1765_cov_4.219170	1	1765	422	1729	97.9603	32.8901	35.6	58
GC1003827_F08_NODE_4313_length_1765_cov_1.998779	1	1765	172	1765	100	14.2408	35.4	59.8
GC1003827_F08_NODE_4314_length_1765_cov_1.551282	1	1765	153	1764	99.9433	12.3473	35.8	59.3
GC1003827_F08_NODE_4315_length_1764_cov_18.352474	1	1764	1708	1764	100	135.705	35.7	58.7
GC1003827_F08_NODE_4316_length_1764_cov_11.275504	1	1764	1575	1764	100	113.273	35.3	51.8
GC1003827_F08_NODE_4317_length_1764_cov_10.709224	1	1764	2941	1764	100	214.239	34.9	46.1
GC1003827_F08_NODE_4318_length_1764_cov_6.147831	1	1764	597	1764	100	47.2052	35.3	59.2
GC1003827_F08_NODE_4319_length_1764_cov_4.744655	1	1764	820	1764	100	53.5731	35.1	54.3
GC1003827_F08_NODE_4320_length_1764_cov_4.597434	1	1764	559	1764	100	42.6457	35.4	56.8
GC1003827_F08_NODE_4321_length_1764_cov_2.254734	1	1764	245	1764	100	19.5816	35.5	59.9
GC1003827_F08_NODE_4322_length_1763_cov_19.431540	1	1763	2296	1763	100	173.247	35.7	57.5
GC1003827_F08_NODE_4323_length_1763_cov_14.533007	1	1763	1582	1763	100	121.573	35.9	57.2
GC1003827_F08_NODE_4324_length_1763_cov_9.709046	1	1763	1036	1763	100	78.4793	35.5	56.6
GC1003827_F08_NODE_4325_length_1763_cov_8.706601	1	1763	894	1760	99.8298	70.2104	35.3	59.2
GC1003827_F08_NODE_4326_length_1763_cov_7.588020	1	1763	1382	1763	100	86.4135	35.3	45.3
GC1003827_F08_NODE_4327_length_1763_cov_7.314792	1	1763	953	1763	100	69.3035	35.3	55.9
GC1003827_F08_NODE_4328_length_1763_cov_6.196210	1	1763	537	1763	100	43.8185	35.4	59.3
GC1003827_F08_NODE_4329_length_1763_cov_6.154034	1	1763	633	1753	99.4328	49.2473	35.5	58.1
GC1003827_F08_NODE_4330_length_1763_cov_4.917482	1	1763	5493	1763	100	270.668	33.8	18.8
GC1003827_F08_NODE_4331_length_1763_cov_2.382029	1	1763	194	1763	100	15.8208	35.6	58.8
GC1003827_F08_NODE_4332_length_1763_cov_1.666870	1	1763	150	1763	100	12.1038	35.5	59.5
GC1003827_F08_NODE_4333_length_1763_cov_1.468215	1	1763	135	1763	100	10.6858	35.6	56.9
GC1003827_F08_NODE_4334_length_1762_cov_11.242202	1	1762	1086	1762	100	86.8961	35.6	58.9
GC1003827_F08_NODE_4335_length_1762_cov_6.642202	1	1762	777	1762	100	60.9512	35.4	58.9
GC1003827_F08_NODE_4336_length_1762_cov_2.744343	1	1762	431	1762	100	31.5329	35.7	56
GC1003827_F08_NODE_4337_length_1762_cov_1.926606	1	1762	205	1762	100	16.227	35.7	58.2
GC1003827_F08_NODE_4338_length_1762_cov_1.863609	1	1762	213	1762	100	14.0533	35.6	46.6
GC1003827_F08_NODE_4339_length_1761_cov_17.373317	1	1761	1646	1761	100	132.224	35.2	59.1
GC1003827_F08_NODE_4340_length_1761_cov_12.708690	1	1761	1311	1761	100	102.41	35.6	58.5
GC1003827_F08_NODE_4341_length_1761_cov_9.705018	1	1761	1009	1761	100	76.9199	35.5	57
GC1003827_F08_NODE_4342_length_1761_cov_5.263770	1	1761	446	1761	100	36.3481	35.5	58.6
GC1003827_F08_NODE_4343_length_1761_cov_4.499388	1	1761	463	1761	100	36.1499	35.5	58.2
GC1003827_F08_NODE_4344_length_1761_cov_3.540392	1	1761	349	1761	100	27.251	36	58.7
GC1003827_F08_NODE_4345_length_1761_cov_2.919217	1	1761	395	1754	99.6025	25.4287	35.5	44.5
GC1003827_F08_NODE_4346_length_1760_cov_14.739743	1	1760	1867	1760	100	137.922	35.7	56.9
GC1003827_F08_NODE_4347_length_1760_cov_10.612370	1	1760	1313	1760	100	91.9483	35.6	52
GC1003827_F08_NODE_4348_length_1760_cov_7.756277	1	1760	969	1760	100	69.5943	35.6	53.1
GC1003827_F08_NODE_4349_length_1760_cov_3.101041	1	1760	323	1760	100	24.3017	35.5	56.9
GC1003827_F08_NODE_4350_length_1760_cov_2.688916	1	1760	291	1757	99.8295	22.3773	35.5	57.1
GC1003827_F08_NODE_4351_length_1760_cov_2.280465	1	1760	363	1760	100	24.9722	35.2	52.6
GC1003827_F08_NODE_4352_length_1760_cov_0.614207	1	1760	59	1757	99.8295	4.71364	35.3	59.7
GC1003827_F08_NODE_4353_length_1759_cov_12.014706	1	1759	1231	1759	100	94.9483	35.4	56.4
GC1003827_F08_NODE_4354_length_1759_cov_8.064338	1	1759	998	1759	100	71.4656	35.2	52.6
GC1003827_F08_NODE_4355_length_1758_cov_6.313305	1	1758	722	1750	99.5449	54.2327	35.7	56.9
GC1003827_F08_NODE_4356_length_1758_cov_4.891478	1	1758	617	1748	99.4312	44.9465	35.7	54.7
GC1003827_F08_NODE_4357_length_1758_cov_3.548130	1	1758	292	1756	99.8862	24.285	35.5	59.8
GC1003827_F08_NODE_4358_length_1757_cov_9.015337	1	1757	1165	1757	100	81.4354	35.4	54.8
GC1003827_F08_NODE_4359_length_1757_cov_6.640491	1	1757	722	1757	100	54.8691	35.7	57
GC1003827_F08_NODE_4360_length_1757_cov_5.078528	1	1757	522	1757	100	41.1571	35.8	58.9
GC1003827_F08_NODE_4361_length_1757_cov_3.648466	1	1757	500	1757	100	34.2356	35.4	48.9
GC1003827_F08_NODE_4362_length_1757_cov_2.877301	1	1757	309	1757	100	24.029	35.7	58.1
GC1003827_F08_NODE_4363_length_1757_cov_1.534356	1	1757	154	1757	100	12.4974	35.5	59.4
GC1003827_F08_NODE_4364_length_1757_cov_1.170552	1	1757	173	1757	100	11.5538	35.2	48.7
GC1003827_F08_NODE_4365_length_1756_cov_20.455494	1	1756	2255	1756	100	174.243	35.5	56.8
GC1003827_F08_NODE_4366_length_1756_cov_7.926335	1	1756	990	1756	100	73.6139	35.7	57.6
GC1003827_F08_NODE_4367_length_1756_cov_4.629834	1	1756	946	1756	100	58.0894	34.6	44.4
GC1003827_F08_NODE_4368_length_1756_cov_4.457950	1	1756	1665	1756	100	79.7825	34.3	19.4
GC1003827_F08_NODE_4369_length_1756_cov_1.904236	1	1756	263	1756	100	18.6025	35.4	52.9
GC1003827_F08_NODE_4370_length_1755_cov_12.745700	1	1755	1556	1755	100	114.191	35.7	55.5
GC1003827_F08_NODE_4371_length_1755_cov_12.176904	1	1755	1553	1755	100	121.432	35.2	58.3
GC1003827_F08_NODE_4372_length_1755_cov_10.253686	1	1755	858	1755	100	70.6598	35.6	59.3
GC1003827_F08_NODE_4373_length_1755_cov_9.635135	1	1755	897	1755	100	72.6917	35.3	59.1
GC1003827_F08_NODE_4374_length_1755_cov_9.493243	1	1755	899	1755	100	70.8991	35.8	58
GC1003827_F08_NODE_4375_length_1755_cov_4.377150	1	1755	407	1755	100	33.033	35.4	59.2
GC1003827_F08_NODE_4376_length_1755_cov_3.129607	1	1755	255	1755	100	21.2604	35.4	59.2
GC1003827_F08_NODE_4377_length_1754_cov_8.786724	1	1754	3257	1754	100	174.696	34.4	24.3
GC1003827_F08_NODE_4378_length_1754_cov_8.322065	1	1754	870	1754	100	65.1471	35.5	54.2
GC1003827_F08_NODE_4379_length_1754_cov_7.145667	1	1754	815	1754	100	63.6129	35.7	57.2
GC1003827_F08_NODE_4380_length_1754_cov_6.236632	1	1754	563	1754	100	45.2377	35.5	58.6
GC1003827_F08_NODE_4381_length_1754_cov_4.851875	1	1754	537	1754	100	41.3563	35.7	57.3
GC1003827_F08_NODE_4382_length_1754_cov_3.921328	1	1754	364	1753	99.943	29.394	35.5	58.5
GC1003827_F08_NODE_4383_length_1754_cov_2.741856	1	1754	451	1753	99.943	30.8826	35.4	54.2
GC1003827_F08_NODE_4384_length_1753_cov_16.484625	1	1753	1637	1753	100	129.495	35.4	58.2
GC1003827_F08_NODE_4385_length_1753_cov_13.319188	1	1753	1578	1751	99.8859	115.747	35.3	55.5
GC1003827_F08_NODE_4386_length_1753_cov_7.848708	1	1753	711	1753	100	57.5762	35.7	59
GC1003827_F08_NODE_4387_length_1753_cov_7.060271	1	1753	770	1753	100	58.9886	35.4	55.5
GC1003827_F08_NODE_4388_length_1753_cov_5.774908	1	1753	797	1753	100	57.7581	35.2	57.1
GC1003827_F08_NODE_4389_length_1753_cov_4.002460	1	1753	555	1753	100	37.8916	35.1	49.5
GC1003827_F08_NODE_4390_length_1753_cov_3.892989	1	1753	403	1753	100	31.7946	35.5	58.6
GC1003827_F08_NODE_4391_length_1753_cov_3.284133	1	1753	336	1735	98.9732	27.1746	35.9	59.7
GC1003827_F08_NODE_4392_length_1753_cov_3.161747	1	1753	386	1753	100	27.8026	35.4	55.3
GC1003827_F08_NODE_4393_length_1752_cov_3.146462	1	1752	260	1751	99.9429	21.2346	35.8	58.9
GC1003827_F08_NODE_4394_length_1752_cov_2.684923	1	1752	253	1752	100	20.8499	35.2	58.5
GC1003827_F08_NODE_4395_length_1751_cov_10.221059	1	1751	1101	1741	99.4289	84.743	35.6	57.2
GC1003827_F08_NODE_4396_length_1751_cov_8.605296	1	1751	1302	1751	100	80.9092	35.5	40.4
GC1003827_F08_NODE_4397_length_1751_cov_7.658251	1	1751	962	1751	100	65.1622	35.5	46.8
GC1003827_F08_NODE_4398_length_1751_cov_7.367611	1	1751	821	1751	100	63.2975	35.7	57.3
GC1003827_F08_NODE_4399_length_1751_cov_6.705049	1	1751	885	1751	100	67.8955	35.1	57.8
GC1003827_F08_NODE_4400_length_1751_cov_6.149631	1	1751	880	1751	100	61.1114	35.8	57.9
GC1003827_F08_NODE_4401_length_1751_cov_3.410099	1	1751	294	1751	100	23.7179	35.7	59.3
GC1003827_F08_NODE_4402_length_1751_cov_2.740148	1	1751	281	1751	100	20.9366	35.5	54.1
GC1003827_F08_NODE_4403_length_1750_cov_19.653112	1	1750	2714	1750	100	194.938	35.3	54.4
GC1003827_F08_NODE_4404_length_1750_cov_17.261245	1	1750	1637	1750	100	131.269	35.7	58.7
GC1003827_F08_NODE_4405_length_1750_cov_16.540357	1	1750	2177	1750	100	165.362	35.3	57.3
GC1003827_F08_NODE_4406_length_1750_cov_4.857055	1	1750	575	1750	100	44.1554	35.1	56.8
GC1003827_F08_NODE_4407_length_1749_cov_6.974723	1	1749	1071	1749	100	76.47	35.6	47.9
GC1003827_F08_NODE_4408_length_1749_cov_6.049322	1	1749	572	1749	100	46.4671	35.6	59.1
GC1003827_F08_NODE_4409_length_1749_cov_5.422935	1	1749	629	1749	100	47.5946	35.4	57.6
GC1003827_F08_NODE_4410_length_1749_cov_2.551788	1	1749	253	1749	100	19.7193	35.8	57.4
GC1003827_F08_NODE_4411_length_1749_cov_1.477805	1	1749	133	1749	100	10.964	35.2	58.2
GC1003827_F08_NODE_4412_length_1749_cov_1.472873	1	1749	122	1739	99.4282	10.2653	35.7	60
GC1003827_F08_NODE_4413_length_1748_cov_17.201110	1	1748	1813	1748	100	141.378	35.5	57.1
GC1003827_F08_NODE_4414_length_1748_cov_8.710672	1	1748	1268	1748	100	85.1384	35.5	50.6
GC1003827_F08_NODE_4415_length_1748_cov_7.986428	1	1748	725	1748	100	58.7672	35.5	58.6
GC1003827_F08_NODE_4416_length_1748_cov_6.342381	1	1748	871	1748	100	67.6299	35.3	58.1
GC1003827_F08_NODE_4417_length_1748_cov_4.928439	1	1748	1013	1748	100	65.1728	34.7	51.9
GC1003827_F08_NODE_4418_length_1748_cov_4.200494	1	1748	476	1748	100	33.9348	35.2	50.8
GC1003827_F08_NODE_4419_length_1747_cov_4.174691	1	1747	429	1747	100	33.676	35.9	57.9
GC1003827_F08_NODE_4420_length_1747_cov_3.593827	1	1747	552	1747	100	39.2278	34.9	55.8
GC1003827_F08_NODE_4421_length_1747_cov_2.390741	1	1747	225	1747	100	18.3537	35.4	59.3
GC1003827_F08_NODE_4422_length_1746_cov_24.800494	1	1746	2435	1746	100	195.243	35.6	58.7
GC1003827_F08_NODE_4423_length_1746_cov_10.872143	1	1746	976	1746	100	79.6392	35.6	59.1
GC1003827_F08_NODE_4424_length_1746_cov_6.688697	1	1746	978	1746	100	73.4364	34.6	58.2
GC1003827_F08_NODE_4425_length_1746_cov_5.397159	1	1746	803	1746	100	58.7881	35	54.3
GC1003827_F08_NODE_4426_length_1746_cov_4.128474	1	1746	351	1746	100	28.622	35.9	59.2
GC1003827_F08_NODE_4427_length_1746_cov_3.368746	1	1746	424	1746	100	30.9135	35.4	53.9
GC1003827_F08_NODE_4428_length_1746_cov_1.338481	1	1746	298	1745	99.9427	16.016	35.4	30
GC1003827_F08_NODE_4429_length_1745_cov_10.074166	1	1745	1074	1734	99.3696	82.5347	35.6	52.2
GC1003827_F08_NODE_4430_length_1745_cov_2.443140	1	1745	287	1745	100	21.2109	35.5	54.9
GC1003827_F08_NODE_4431_length_1744_cov_5.899814	1	1744	593	1744	100	46.7259	35.8	57.9
GC1003827_F08_NODE_4432_length_1744_cov_5.412492	1	1744	475	1744	100	39.2454	35.8	58.7
GC1003827_F08_NODE_4433_length_1744_cov_4.925170	1	1744	741	1744	100	51.4679	35.5	55
GC1003827_F08_NODE_4434_length_1744_cov_4.167594	1	1744	436	1744	100	33.3532	35.3	56.6
GC1003827_F08_NODE_4435_length_1744_cov_3.841064	1	1744	331	1744	100	27.3217	35.7	59.5
GC1003827_F08_NODE_4436_length_1743_cov_7.731436	1	1743	742	1743	100	59.4205	35.7	57.9
GC1003827_F08_NODE_4437_length_1743_cov_5.508663	1	1743	579	1743	100	41.475	35.4	58.2
GC1003827_F08_NODE_4438_length_1743_cov_5.329827	1	1743	781	1743	100	58.6099	35	57.4
GC1003827_F08_NODE_4439_length_1743_cov_4.860767	1	1743	439	1743	100	35.3419	35.3	59.3
GC1003827_F08_NODE_4440_length_1743_cov_3.218441	1	1743	353	1743	100	27.9157	35.1	58
GC1003827_F08_NODE_4441_length_1743_cov_1.379332	1	1743	307	1743	100	17.4326	35.4	48.3
GC1003827_F08_NODE_4442_length_1742_cov_8.076161	1	1742	787	1742	100	63.0786	35.6	58.8
GC1003827_F08_NODE_4443_length_1742_cov_7.883591	1	1742	1104	1742	100	79.8456	35.3	52.2
GC1003827_F08_NODE_4444_length_1741_cov_5.199504	1	1741	757	1736	99.7128	56.3986	34.9	57.8
GC1003827_F08_NODE_4445_length_1741_cov_3.079306	1	1741	329	1741	100	26.0534	35.4	58.6
GC1003827_F08_NODE_4446_length_1741_cov_1.785006	1	1741	183	1741	100	13.6996	35.3	53.6
GC1003827_F08_NODE_4447_length_1740_cov_6.159950	1	1740	566	1740	100	46.3471	35.8	59.1
GC1003827_F08_NODE_4448_length_1740_cov_4.100434	1	1740	533	1739	99.9425	38.0845	35.6	55.4
GC1003827_F08_NODE_4449_length_1740_cov_3.208927	1	1740	520	1740	100	37.1776	35.8	55.5
GC1003827_F08_NODE_4450_length_1740_cov_3.106634	1	1740	302	1740	100	23.5948	35.4	55.4
GC1003827_F08_NODE_4451_length_1740_cov_1.083695	1	1740	94	1740	100	7.67701	35.4	58.2
GC1003827_F08_NODE_4452_length_1739_cov_5.228288	1	1739	552	1739	100	42.8292	35.7	56.7
GC1003827_F08_NODE_4453_length_1739_cov_5.221464	1	1739	484	1739	100	39.6078	35.6	59
GC1003827_F08_NODE_4454_length_1739_cov_5.089330	1	1739	460	1739	100	38.2605	35.7	59
GC1003827_F08_NODE_4455_length_1738_cov_20.283054	1	1738	2291	1738	100	180.219	35.7	57.9
GC1003827_F08_NODE_4456_length_1738_cov_18.004966	1	1738	3813	1738	100	254.709	35.2	43.1
GC1003827_F08_NODE_4457_length_1738_cov_5.941651	1	1738	527	1736	99.8849	43.1122	35.8	58.7
GC1003827_F08_NODE_4458_length_1738_cov_2.262570	1	1738	206	1738	100	16.7376	35.6	57.9
GC1003827_F08_NODE_4459_length_1737_cov_10.726087	1	1737	1442	1736	99.9424	109.322	35.7	58.2
GC1003827_F08_NODE_4460_length_1737_cov_5.549068	1	1737	616	1737	100	48.0472	35.5	58.7
GC1003827_F08_NODE_4461_length_1737_cov_5.391304	1	1737	497	1737	100	41.3166	35.5	59.7
GC1003827_F08_NODE_4462_length_1737_cov_4.772671	1	1737	642	1737	100	47.5492	35.4	56.4
GC1003827_F08_NODE_4463_length_1737_cov_3.239130	1	1737	275	1737	100	22.5694	35.4	59
GC1003827_F08_NODE_4464_length_1737_cov_3.019255	1	1737	278	1737	100	22.6563	35.4	58.9
GC1003827_F08_NODE_4465_length_1736_cov_15.943443	1	1736	1497	1736	100	120.218	35.8	58.8
GC1003827_F08_NODE_4466_length_1736_cov_5.778123	1	1736	521	1736	100	43.1768	35.8	59.6
GC1003827_F08_NODE_4467_length_1736_cov_3.384089	1	1736	320	1736	100	26.0513	35.7	59.4
GC1003827_F08_NODE_4468_length_1736_cov_1.827843	1	1736	177	1736	100	14.4395	35.7	58.6
GC1003827_F08_NODE_4469_length_1735_cov_13.668532	1	1735	1187	1731	99.7695	98.1948	35.6	59.1
GC1003827_F08_NODE_4470_length_1735_cov_7.174751	1	1735	778	1735	100	60.1937	35.7	56
GC1003827_F08_NODE_4471_length_1735_cov_6.954602	1	1735	702	1735	100	56.3902	35.6	58.7
GC1003827_F08_NODE_4472_length_1735_cov_2.896766	1	1735	572	1735	100	42.1141	34.8	48.8
GC1003827_F08_NODE_4473_length_1735_cov_2.306592	1	1735	197	1735	100	15.8738	35.6	56
GC1003827_F08_NODE_4474_length_1735_cov_1.769900	1	1735	200	1735	100	15.253	35.5	57.2
GC1003827_F08_NODE_4475_length_1734_cov_11.688239	1	1734	1780	1734	100	122.817	35.1	46.1
GC1003827_F08_NODE_4476_length_1734_cov_8.593030	1	1734	919	1734	100	69.6448	35.7	56.7
GC1003827_F08_NODE_4477_length_1734_cov_7.362166	1	1734	782	1734	100	62.1027	35.3	58.6
GC1003827_F08_NODE_4478_length_1734_cov_4.327940	1	1734	415	1734	100	33.1747	35.6	58.7
GC1003827_F08_NODE_4479_length_1734_cov_4.175482	1	1734	432	1734	100	33.2999	35.8	57.3
GC1003827_F08_NODE_4480_length_1733_cov_11.722291	1	1733	1336	1733	100	100.544	35.7	55.2
GC1003827_F08_NODE_4481_length_1733_cov_9.714197	1	1733	1179	1728	99.7115	92.2112	34.8	57
GC1003827_F08_NODE_4482_length_1733_cov_7.823786	1	1733	943	1733	100	70.4495	35.3	54.9
GC1003827_F08_NODE_4483_length_1733_cov_7.786426	1	1733	803	1733	100	62.8038	35.6	55.9
GC1003827_F08_NODE_4484_length_1733_cov_6.681818	1	1733	754	1733	100	58.1264	35.8	55.6
GC1003827_F08_NODE_4485_length_1733_cov_5.105853	1	1733	499	1733	100	41.2631	35.6	59.1
GC1003827_F08_NODE_4486_length_1733_cov_2.966376	1	1733	279	1733	100	22.4657	35.6	58.8
GC1003827_F08_NODE_4487_length_1732_cov_6.046729	1	1732	638	1730	99.8845	51.0572	35.7	59
GC1003827_F08_NODE_4488_length_1732_cov_5.441745	1	1732	572	1732	100	43.6726	35.7	55.1
GC1003827_F08_NODE_4489_length_1732_cov_5.016822	1	1732	548	1732	100	41.3447	35.3	53.5
GC1003827_F08_NODE_4490_length_1732_cov_1.675389	1	1732	146	1732	100	12.3343	35.4	60
GC1003827_F08_NODE_4491_length_1731_cov_14.226933	1	1731	1426	1731	100	115.077	35.6	58.5
GC1003827_F08_NODE_4492_length_1731_cov_7.460100	1	1731	839	1731	100	63.5719	35.6	53.5
GC1003827_F08_NODE_4493_length_1731_cov_6.788030	1	1731	772	1731	100	59.8273	35.5	58
GC1003827_F08_NODE_4494_length_1731_cov_4.480673	1	1731	599	1731	100	44.026	35.5	55.9
GC1003827_F08_NODE_4495_length_1731_cov_2.782419	1	1731	299	1731	100	24.0162	35.5	59
GC1003827_F08_NODE_4496_length_1730_cov_7.658765	1	1730	751	1730	100	58.9769	35.4	57.5
GC1003827_F08_NODE_4497_length_1730_cov_7.284467	1	1730	783	1730	100	61.2306	35.8	58.2
GC1003827_F08_NODE_4498_length_1730_cov_6.691204	1	1730	638	1730	100	51.1723	35.8	59
GC1003827_F08_NODE_4499_length_1730_cov_4.815346	1	1730	434	1730	100	35.5439	35.4	58.4
GC1003827_F08_NODE_4500_length_1730_cov_4.424205	1	1730	410	1730	100	32.6243	35.4	57.7
GC1003827_F08_NODE_4501_length_1730_cov_2.698066	1	1730	468	1730	100	27.9324	34.9	43.2
GC1003827_F08_NODE_4502_length_1729_cov_13.417603	1	1729	1334	1722	99.5951	106.679	35.5	58.2
GC1003827_F08_NODE_4503_length_1729_cov_5.956929	1	1729	1331	1729	100	86.4303	35.3	45.2
GC1003827_F08_NODE_4504_length_1729_cov_3.736579	1	1729	340	1729	100	27.7351	35.3	59.5
GC1003827_F08_NODE_4505_length_1729_cov_3.003121	1	1729	305	1729	100	23.4673	35.5	57.8
GC1003827_F08_NODE_4506_length_1728_cov_9.446596	1	1728	955	1728	100	75.5712	35.6	57.6
GC1003827_F08_NODE_4507_length_1728_cov_7.452217	1	1728	987	1728	100	74.3796	35.6	56.4
GC1003827_F08_NODE_4508_length_1728_cov_5.549656	1	1728	697	1728	100	52.5179	35.6	57.2
GC1003827_F08_NODE_4509_length_1728_cov_5.417239	1	1728	721	1728	100	48.5741	35.5	45.5
GC1003827_F08_NODE_4510_length_1727_cov_8.796250	1	1727	920	1724	99.8263	71.5947	35.5	57.8
GC1003827_F08_NODE_4511_length_1727_cov_5.884375	1	1727	4199	1727	100	229.155	33.9	17
GC1003827_F08_NODE_4512_length_1727_cov_2.214375	1	1727	201	1727	100	15.6809	35.7	55.5
GC1003827_F08_NODE_4513_length_1727_cov_2.165000	1	1727	200	1727	100	15.7122	35.6	55.8
GC1003827_F08_NODE_4514_length_1727_cov_1.633125	1	1727	264	1726	99.9421	20.0857	34.8	53.5
GC1003827_F08_NODE_4515_length_1726_cov_7.622264	1	1726	872	1726	100	68.832	35.4	58.1
GC1003827_F08_NODE_4516_length_1725_cov_25.692741	1	1725	2239	1725	100	185.815	35.7	59.2
GC1003827_F08_NODE_4517_length_1725_cov_6.939299	1	1725	904	1725	100	61.6116	35.3	47.5
GC1003827_F08_NODE_4518_length_1725_cov_6.933041	1	1725	605	1725	100	49.5362	35.5	58.4
GC1003827_F08_NODE_4519_length_1725_cov_5.501877	1	1725	478	1725	100	39.4417	35.5	58.9
GC1003827_F08_NODE_4520_length_1725_cov_5.491239	1	1725	603	1725	100	45.5154	35.6	55.9
GC1003827_F08_NODE_4521_length_1725_cov_3.761577	1	1725	393	1725	100	29.8006	35.7	54.3
GC1003827_F08_NODE_4522_length_1725_cov_2.886108	1	1725	246	1725	100	20.1571	35.6	57.4
GC1003827_F08_NODE_4523_length_1725_cov_1.278473	1	1725	1227	1722	99.8261	56.0846	33.3	14.7
GC1003827_F08_NODE_4524_length_1724_cov_18.817783	1	1724	1936	1724	100	153.882	35.7	57.7
GC1003827_F08_NODE_4525_length_1724_cov_9.663118	1	1724	1084	1724	100	84.7082	35.5	57.8
GC1003827_F08_NODE_4526_length_1724_cov_7.368817	1	1724	654	1724	100	53.3283	35.4	59.2
GC1003827_F08_NODE_4527_length_1724_cov_5.429555	1	1724	494	1724	100	40.3567	35.6	59.1
GC1003827_F08_NODE_4528_length_1724_cov_5.324984	1	1724	593	1724	100	46.4803	35.8	57
GC1003827_F08_NODE_4529_length_1724_cov_1.179712	1	1724	103	1724	100	8.52552	35.2	58.5
GC1003827_F08_NODE_4530_length_1723_cov_4.829574	1	1723	498	1723	100	38.4469	35.5	56.5
GC1003827_F08_NODE_4531_length_1723_cov_4.367168	1	1723	441	1723	100	32.3099	35.3	49.5
GC1003827_F08_NODE_4532_length_1723_cov_4.277569	1	1723	446	1719	99.7678	34.5194	35.7	56.6
GC1003827_F08_NODE_4533_length_1722_cov_21.673354	1	1722	1933	1721	99.9419	158.011	35.6	59.1
GC1003827_F08_NODE_4534_length_1722_cov_10.354232	1	1722	1443	1722	100	105.003	35.4	53.2
GC1003827_F08_NODE_4535_length_1722_cov_8.247022	1	1722	825	1720	99.8839	66.4251	35.5	58.8
GC1003827_F08_NODE_4536_length_1722_cov_3.969279	1	1722	617	1722	100	39.1771	35.6	46.4
GC1003827_F08_NODE_4537_length_1722_cov_3.689655	1	1722	324	1722	100	26.9477	35.5	59.3
GC1003827_F08_NODE_4538_length_1722_cov_3.355486	1	1722	272	1722	100	22.9698	35.7	59.2
GC1003827_F08_NODE_4539_length_1722_cov_2.875862	1	1722	255	1718	99.7677	21.5581	35.6	59.7
GC1003827_F08_NODE_4540_length_1722_cov_2.055172	1	1722	219	1710	99.3031	17.4895	36	59.3
GC1003827_F08_NODE_4541_length_1722_cov_1.704075	1	1722	513	1722	100	33.5383	35.7	53.6
GC1003827_F08_NODE_4542_length_1721_cov_8.865119	1	1721	848	1721	100	68.9884	35.6	59.1
GC1003827_F08_NODE_4543_length_1721_cov_4.887704	1	1721	476	1721	100	38.0732	35.5	57.3
GC1003827_F08_NODE_4544_length_1721_cov_4.457967	1	1721	1369	1721	100	72.8611	34.8	27
GC1003827_F08_NODE_4545_length_1721_cov_4.253450	1	1721	409	1721	100	33.8786	35.7	58.8
GC1003827_F08_NODE_4546_length_1720_cov_13.696798	1	1720	1913	1720	100	147.711	35.6	52.9
GC1003827_F08_NODE_4547_length_1720_cov_5.834275	1	1720	542	1720	100	43.243	35.7	58.3
GC1003827_F08_NODE_4548_length_1720_cov_5.309479	1	1720	659	1720	100	50.3203	35.5	55.1
GC1003827_F08_NODE_4549_length_1720_cov_3.730697	1	1720	643	1720	100	41.0238	35.5	43.2
GC1003827_F08_NODE_4550_length_1720_cov_3.225361	1	1720	518	1720	100	35.6064	35.2	50.8
GC1003827_F08_NODE_4551_length_1720_cov_3.064658	1	1720	326	1691	98.314	25.5157	35.9	57.7
GC1003827_F08_NODE_4552_length_1720_cov_0.539862	1	1720	46	1720	100	4.02907	35.3	60
GC1003827_F08_NODE_4553_length_1719_cov_13.042085	1	1719	1276	1719	100	103.174	35.6	58
GC1003827_F08_NODE_4554_length_1719_cov_8.575377	1	1719	861	1717	99.8837	69.2653	35.8	58.4
GC1003827_F08_NODE_4555_length_1719_cov_7.098618	1	1719	702	1719	100	56.0809	35.9	57.6
GC1003827_F08_NODE_4556_length_1719_cov_5.406407	1	1719	544	1719	100	43.5038	35.5	58.3
GC1003827_F08_NODE_4557_length_1719_cov_3.906407	1	1719	678	1719	100	40.2699	34.9	42
GC1003827_F08_NODE_4558_length_1719_cov_3.479271	1	1719	351	1718	99.9418	28.1222	35.6	57.7
GC1003827_F08_NODE_4559_length_1719_cov_3.215452	1	1719	276	1719	100	23.1547	35.8	59.6
GC1003827_F08_NODE_4560_length_1719_cov_2.283291	1	1719	270	1709	99.4183	21.4549	35.3	57.2
GC1003827_F08_NODE_4561_length_1718_cov_10.050283	1	1718	1281	1716	99.8836	97.369	35.3	56.5
GC1003827_F08_NODE_4562_length_1718_cov_9.557511	1	1718	1068	1718	100	82.9319	35.8	57.9
GC1003827_F08_NODE_4563_length_1718_cov_7.192332	1	1718	1128	1718	100	72.4901	35.4	49.1
GC1003827_F08_NODE_4564_length_1718_cov_5.697674	1	1718	641	1718	100	50.0151	35.7	57.7
GC1003827_F08_NODE_4565_length_1718_cov_5.076053	1	1718	658	1718	100	47.4255	35.2	54.5
GC1003827_F08_NODE_4566_length_1718_cov_3.297297	1	1718	305	1718	100	24.0815	35.4	57.7
GC1003827_F08_NODE_4567_length_1718_cov_2.526713	1	1718	299	1718	100	21.7014	35.3	55
GC1003827_F08_NODE_4568_length_1717_cov_10.044654	1	1717	934	1717	100	75.682	35.8	57.9
GC1003827_F08_NODE_4569_length_1717_cov_6.962264	1	1717	909	1717	100	70.3628	35.3	55.5
GC1003827_F08_NODE_4570_length_1717_cov_2.371698	1	1717	236	1717	100	18.0676	35.9	56.8
GC1003827_F08_NODE_4571_length_1717_cov_1.401258	1	1717	146	1717	100	11.855	35.6	59.8
GC1003827_F08_NODE_4572_length_1717_cov_1.290566	1	1717	106	1717	100	9.01689	35.8	59.9
GC1003827_F08_NODE_4573_length_1716_cov_12.260541	1	1716	1318	1716	100	99.7984	35.4	50.2
GC1003827_F08_NODE_4574_length_1716_cov_9.514160	1	1716	923	1716	100	75.2506	35.8	58.7
GC1003827_F08_NODE_4575_length_1716_cov_8.362492	1	1716	697	1716	100	58.7319	35.5	59.2
GC1003827_F08_NODE_4576_length_1716_cov_4.310887	1	1716	421	1716	100	34.1742	35.7	58.6
GC1003827_F08_NODE_4577_length_1716_cov_3.643801	1	1716	591	1716	100	39.546	35.2	48.8
GC1003827_F08_NODE_4578_length_1716_cov_2.639396	1	1716	236	1716	100	19.8485	35.7	58.9
GC1003827_F08_NODE_4579_length_1716_cov_2.451227	1	1716	257	1716	100	20.3473	35.8	58.2
GC1003827_F08_NODE_4580_length_1715_cov_12.627204	1	1715	1314	1715	100	105.262	35.5	58.5
GC1003827_F08_NODE_4581_length_1715_cov_11.731108	1	1715	1036	1715	100	85.2373	35.7	58.8
GC1003827_F08_NODE_4582_length_1715_cov_6.329975	1	1715	613	1715	100	49.7213	35.4	58.6
GC1003827_F08_NODE_4583_length_1715_cov_3.969773	1	1715	376	1715	100	30.7259	35.4	59.7
GC1003827_F08_NODE_4584_length_1715_cov_2.972922	1	1715	361	1715	100	25.1545	35.5	49.7
GC1003827_F08_NODE_4585_length_1715_cov_1.275819	1	1715	130	1715	100	10.7545	35.4	59.1
GC1003827_F08_NODE_4586_length_1714_cov_21.727788	1	1714	2979	1714	100	207.527	35.5	57.8
GC1003827_F08_NODE_4587_length_1714_cov_15.162571	1	1714	1959	1714	100	146.836	35.1	54.4
GC1003827_F08_NODE_4588_length_1714_cov_8.726528	1	1714	1154	1714	100	85.5805	35.3	54.3
GC1003827_F08_NODE_4589_length_1714_cov_8.651544	1	1714	864	1714	100	69.7316	35.5	57.5
GC1003827_F08_NODE_4590_length_1714_cov_4.261500	1	1714	431	1711	99.825	35.2736	35.6	59.3
GC1003827_F08_NODE_4591_length_1713_cov_17.170870	1	1713	1727	1713	100	139.42	35.5	58
GC1003827_F08_NODE_4592_length_1713_cov_11.324086	1	1713	1293	1713	100	104.363	35.5	53.6
GC1003827_F08_NODE_4593_length_1713_cov_11.216267	1	1713	1210	1713	100	94.4752	35.8	57.5
GC1003827_F08_NODE_4594_length_1713_cov_8.805801	1	1713	825	1713	100	66.9107	35.6	58.2
GC1003827_F08_NODE_4595_length_1713_cov_5.849937	1	1713	732	1713	100	53.3112	35.5	53.4
GC1003827_F08_NODE_4596_length_1713_cov_2.267339	1	1713	230	1713	100	18.042	35.6	57.4
GC1003827_F08_NODE_4597_length_1713_cov_1.843001	1	1713	195	1710	99.8249	15.7624	35.3	58.8
GC1003827_F08_NODE_4598_length_1712_cov_21.096530	1	1712	2242	1712	100	170.054	35.6	52.6
GC1003827_F08_NODE_4599_length_1712_cov_16.020189	1	1712	1664	1712	100	132.829	35.7	58.5
GC1003827_F08_NODE_4600_length_1712_cov_8.650473	1	1712	748	1712	100	62.9836	35.6	59.1
GC1003827_F08_NODE_4601_length_1712_cov_3.288328	1	1712	592	1712	100	40.3213	34.8	50.4
GC1003827_F08_NODE_4602_length_1711_cov_9.345960	1	1711	823	1711	100	68.5751	35.5	59.3
GC1003827_F08_NODE_4603_length_1711_cov_7.376894	1	1711	701	1711	100	56.5967	35.6	58.9
GC1003827_F08_NODE_4604_length_1711_cov_7.109217	1	1711	873	1711	100	65.7995	35.4	56.4
GC1003827_F08_NODE_4605_length_1711_cov_6.160985	1	1711	1331	1711	100	69.4202	35	28.5
GC1003827_F08_NODE_4606_length_1711_cov_1.212121	1	1711	305	1707	99.7662	20.3735	35.6	51.6
GC1003827_F08_NODE_4607_length_1710_cov_9.900821	1	1710	982	1710	100	79.8111	35.4	58.9
GC1003827_F08_NODE_4608_length_1710_cov_4.127606	1	1710	409	1710	100	32.3643	35.5	57.3
GC1003827_F08_NODE_4609_length_1709_cov_11.137168	1	1709	1275	1709	100	96.8935	35.4	56.8
GC1003827_F08_NODE_4610_length_1709_cov_8.447535	1	1709	1569	1709	100	109.901	34.9	50
GC1003827_F08_NODE_4611_length_1709_cov_8.170670	1	1709	719	1709	100	60.5933	35.4	59.4
GC1003827_F08_NODE_4612_length_1709_cov_5.408344	1	1709	497	1709	100	40.7326	35.7	58.9
GC1003827_F08_NODE_4613_length_1709_cov_4.329962	1	1709	696	1709	100	42.636	35.6	42
GC1003827_F08_NODE_4614_length_1709_cov_4.329962	1	1709	388	1709	100	32.1668	35.6	59.5
GC1003827_F08_NODE_4615_length_1709_cov_3.304678	1	1709	321	1709	100	25.6594	35.4	58
GC1003827_F08_NODE_4616_length_1709_cov_2.427307	1	1709	225	1709	100	19.1217	35.5	59.6
GC1003827_F08_NODE_4617_length_1709_cov_1.499368	1	1709	140	1709	100	11.4985	35.7	58.1
GC1003827_F08_NODE_4618_length_1708_cov_14.564832	1	1708	1894	1708	100	139.091	35.3	48.1
GC1003827_F08_NODE_4619_length_1708_cov_5.472486	1	1708	597	1708	100	47.0263	35.7	58.5
GC1003827_F08_NODE_4620_length_1708_cov_5.077799	1	1708	491	1706	99.8829	39.767	35.6	57.9
GC1003827_F08_NODE_4621_length_1708_cov_3.296015	1	1708	266	1708	100	22.5732	35.6	59.7
GC1003827_F08_NODE_4622_length_1708_cov_2.644529	1	1708	343	1708	100	25.2629	35.9	57.2
GC1003827_F08_NODE_4623_length_1708_cov_1.435168	1	1708	148	1708	100	12.2541	35.9	59.7
GC1003827_F08_NODE_4624_length_1707_cov_12.028481	1	1707	1428	1707	100	110.494	35.5	56.3
GC1003827_F08_NODE_4625_length_1707_cov_10.083544	1	1707	1656	1707	100	118.181	35.4	55
GC1003827_F08_NODE_4626_length_1707_cov_6.351899	1	1707	538	1707	100	45.4318	35.7	59.2
GC1003827_F08_NODE_4627_length_1707_cov_6.009494	1	1707	600	1707	100	47.1125	35.7	55.1
GC1003827_F08_NODE_4628_length_1706_cov_7.711210	1	1706	725	1706	100	59.473	35.7	58.9
GC1003827_F08_NODE_4629_length_1706_cov_6.275491	1	1706	965	1706	100	62.6553	35.1	47.4
GC1003827_F08_NODE_4630_length_1706_cov_5.243825	1	1706	486	1706	100	38.5041	36	55.3
GC1003827_F08_NODE_4631_length_1706_cov_4.507916	1	1706	4471	1706	100	147.857	34.9	8.1
GC1003827_F08_NODE_4632_length_1706_cov_1.468018	1	1706	130	1706	100	10.7784	35.7	59.8
GC1003827_F08_NODE_4633_length_1705_cov_22.465779	1	1705	2313	1705	100	185.76	35.8	58.3
GC1003827_F08_NODE_4634_length_1705_cov_5.212928	1	1705	631	1705	100	47.4886	35.7	56.8
GC1003827_F08_NODE_4635_length_1705_cov_2.888466	1	1705	272	1705	100	22.1636	35.4	59.8
GC1003827_F08_NODE_4636_length_1704_cov_11.554217	1	1704	1332	1704	100	96.7858	35.8	50.3
GC1003827_F08_NODE_4637_length_1704_cov_6.703234	1	1704	685	1704	100	54.7975	35.4	57.6
GC1003827_F08_NODE_4638_length_1704_cov_6.439442	1	1704	1192	1704	100	68.3991	35.3	33
GC1003827_F08_NODE_4639_length_1704_cov_4.797083	1	1704	768	1704	100	46.9988	35.3	39
GC1003827_F08_NODE_4640_length_1704_cov_3.251744	1	1704	306	1704	100	25.392	35.3	58.8
GC1003827_F08_NODE_4641_length_1704_cov_2.783767	1	1704	634	1704	100	34.7019	35	33.9
GC1003827_F08_NODE_4642_length_1704_cov_2.272036	1	1704	202	1704	100	16.7905	35.9	58.5
GC1003827_F08_NODE_4643_length_1703_cov_18.500000	1	1703	1883	1703	100	147.925	35.6	58.7
GC1003827_F08_NODE_4644_length_1703_cov_3.124365	1	1703	610	1703	100	33.0528	35.1	32.5
GC1003827_F08_NODE_4645_length_1703_cov_3.045685	1	1703	252	1703	100	21.5455	35.6	59.9
GC1003827_F08_NODE_4646_length_1703_cov_2.467005	1	1703	260	1703	100	21.0922	35.2	58.5
GC1003827_F08_NODE_4647_length_1703_cov_1.682107	1	1703	151	1703	100	12.3893	35.7	57.7
GC1003827_F08_NODE_4648_length_1703_cov_1.503173	1	1703	186	1693	99.4128	14.0799	35.2	55.1
GC1003827_F08_NODE_4649_length_1702_cov_13.935238	1	1702	1406	1702	100	111.355	35.8	57.2
GC1003827_F08_NODE_4650_length_1702_cov_11.805714	1	1702	1162	1702	100	95.6863	35.7	58.9
GC1003827_F08_NODE_4651_length_1702_cov_8.916190	1	1702	813	1702	100	67.0229	35.6	58.6
GC1003827_F08_NODE_4652_length_1702_cov_7.467302	1	1702	929	1702	100	76.2632	35.5	58.9
GC1003827_F08_NODE_4653_length_1702_cov_7.000635	1	1702	679	1702	100	54.4465	35.6	58.2
GC1003827_F08_NODE_4654_length_1702_cov_6.739048	1	1702	712	1702	100	57.0605	35.5	58.6
GC1003827_F08_NODE_4655_length_1702_cov_5.454603	1	1702	660	1702	100	49.2756	35.5	56.8
GC1003827_F08_NODE_4656_length_1702_cov_4.652063	1	1702	451	1700	99.8825	35.7714	35.8	57.6
GC1003827_F08_NODE_4657_length_1702_cov_4.308571	1	1702	432	1702	100	34.0188	35.5	57.5
GC1003827_F08_NODE_4658_length_1702_cov_2.156825	1	1702	236	1702	100	18.8749	35.6	58
GC1003827_F08_NODE_4659_length_1701_cov_18.554638	1	1701	2310	1701	100	177.313	35.3	56.7
GC1003827_F08_NODE_4660_length_1701_cov_7.632147	1	1701	686	1701	100	57.2792	35.7	59.2
GC1003827_F08_NODE_4661_length_1701_cov_4.032402	1	1701	377	1701	100	28.9976	35.8	54.6
GC1003827_F08_NODE_4662_length_1701_cov_3.308767	1	1701	463	1701	100	34.5173	35.6	57.1
GC1003827_F08_NODE_4663_length_1701_cov_3.213469	1	1701	319	1701	100	26.3063	35.4	58.6
GC1003827_F08_NODE_4664_length_1701_cov_0.757942	1	1701	14787	1701	100	375.327	33.9	1.4
GC1003827_F08_NODE_4665_length_1700_cov_14.445010	1	1700	1662	1700	100	128.339	35.3	56.1
GC1003827_F08_NODE_4666_length_1700_cov_10.034329	1	1700	1011	1700	100	81.6371	35.7	57.7
GC1003827_F08_NODE_4667_length_1700_cov_9.968849	1	1700	1575	1693	99.5882	110.419	35.6	53
GC1003827_F08_NODE_4668_length_1700_cov_7.682136	1	1700	936	1700	100	73.6135	35.3	58
GC1003827_F08_NODE_4669_length_1700_cov_6.183090	1	1700	604	1700	100	48.3459	35.5	56.5
GC1003827_F08_NODE_4670_length_1700_cov_4.563255	1	1700	455	1693	99.5882	36.9153	35.7	55.8
GC1003827_F08_NODE_4671_length_1700_cov_3.284170	1	1700	339	1700	100	26.8288	35.5	59.7
GC1003827_F08_NODE_4672_length_1700_cov_1.849968	1	1700	157	1700	100	13.4335	35.5	60
GC1003827_F08_NODE_4673_length_1699_cov_8.767176	1	1699	812	1699	100	67.7646	35.6	59.4
GC1003827_F08_NODE_4674_length_1699_cov_7.015903	1	1699	690	1691	99.5291	56.4838	35.5	58.7
GC1003827_F08_NODE_4675_length_1699_cov_6.291985	1	1699	1053	1699	100	71.6722	35	47.2
GC1003827_F08_NODE_4676_length_1699_cov_6.122137	1	1699	484	1699	100	41.7222	35.5	59.7
GC1003827_F08_NODE_4677_length_1699_cov_5.432570	1	1699	730	1699	100	46.0736	35.2	38
GC1003827_F08_NODE_4678_length_1699_cov_4.164758	1	1699	365	1699	100	30.4067	35.7	58.9
GC1003827_F08_NODE_4679_length_1699_cov_3.431298	1	1699	453	1699	100	30.6451	35.4	48.2
GC1003827_F08_NODE_4680_length_1699_cov_3.429389	1	1699	276	1699	100	23.6639	35.5	59.6
GC1003827_F08_NODE_4681_length_1699_cov_2.693384	1	1699	355	1699	100	25.2401	35.2	54.4
GC1003827_F08_NODE_4682_length_1699_cov_1.173028	1	1699	103	1699	100	8.70571	35.7	59.1
GC1003827_F08_NODE_4683_length_1698_cov_9.621260	1	1698	876	1698	100	72.7038	35.5	58.8
GC1003827_F08_NODE_4684_length_1698_cov_6.246340	1	1698	592	1698	100	49.6402	35.7	59.4
GC1003827_F08_NODE_4685_length_1698_cov_3.514322	1	1698	390	1698	100	28.6873	35.2	50.9
GC1003827_F08_NODE_4686_length_1698_cov_3.313176	1	1698	501	1698	100	35.2055	34.8	48.9
GC1003827_F08_NODE_4687_length_1698_cov_3.175048	1	1698	273	1698	100	22.808	35.6	58.5
GC1003827_F08_NODE_4688_length_1698_cov_1.692553	1	1698	383	1697	99.9411	22.0371	34.7	39.4
GC1003827_F08_NODE_4689_length_1697_cov_8.527389	1	1697	1040	1697	100	80.274	35.6	57.7
GC1003827_F08_NODE_4690_length_1697_cov_6.071975	1	1697	640	1697	100	49.7301	35.5	56.8
GC1003827_F08_NODE_4691_length_1697_cov_3.001911	1	1697	302	1697	100	24.4779	35.7	57.5
GC1003827_F08_NODE_4692_length_1697_cov_2.550955	1	1697	267	1695	99.8821	21.6046	35.6	59.1
GC1003827_F08_NODE_4693_length_1697_cov_1.840764	1	1697	218	1697	100	16.2746	35.4	55.8
GC1003827_F08_NODE_4694_length_1697_cov_1.764331	1	1697	182	1697	100	14.1014	36	54.9
GC1003827_F08_NODE_4695_length_1696_cov_12.266412	1	1696	1181	1696	100	96.3255	35.7	57.7
GC1003827_F08_NODE_4696_length_1696_cov_4.807521	1	1696	699	1686	99.4104	52.1604	35.4	56.7
GC1003827_F08_NODE_4697_length_1696_cov_3.235182	1	1696	450	1687	99.4693	30.0478	35.4	48.8
GC1003827_F08_NODE_4698_length_1696_cov_2.924156	1	1696	339	1696	100	24.7624	35.2	56.4
GC1003827_F08_NODE_4699_length_1695_cov_5.554847	1	1695	536	1695	100	44.0218	35.6	57.8
GC1003827_F08_NODE_4700_length_1694_cov_15.155073	1	1694	1272	1694	100	108.601	35.5	59.5
GC1003827_F08_NODE_4701_length_1694_cov_11.517549	1	1694	1084	1694	100	90.0313	35.6	59.3
GC1003827_F08_NODE_4702_length_1694_cov_10.996171	1	1694	1063	1694	100	87.3253	35.6	58.5
GC1003827_F08_NODE_4703_length_1694_cov_7.052329	1	1694	675	1694	100	54.902	35.6	58.3
GC1003827_F08_NODE_4704_length_1694_cov_5.252074	1	1694	449	1694	100	38.1429	35.6	59.7
GC1003827_F08_NODE_4705_length_1694_cov_4.044033	1	1694	463	1692	99.8819	35.6983	35.6	58.4
GC1003827_F08_NODE_4706_length_1694_cov_3.720485	1	1694	434	1694	100	32.6535	35.6	55.7
GC1003827_F08_NODE_4707_length_1694_cov_2.119974	1	1694	265	1692	99.8819	19.0921	35.4	56.3
GC1003827_F08_NODE_4708_length_1693_cov_10.064496	1	1693	1006	1693	100	81.0402	35.6	58.3
GC1003827_F08_NODE_4709_length_1693_cov_9.101533	1	1693	990	1693	100	78.0159	35.7	57.2
GC1003827_F08_NODE_4710_length_1693_cov_6.800128	1	1693	790	1693	100	61.4135	35.6	57.1
GC1003827_F08_NODE_4711_length_1693_cov_4.915070	1	1693	566	1693	100	39.8966	35.6	48.1
GC1003827_F08_NODE_4712_length_1693_cov_4.840996	1	1693	796	1693	100	56.5641	35.4	56.3
GC1003827_F08_NODE_4713_length_1693_cov_4.613027	1	1693	594	1691	99.8819	42.5924	35.4	51
GC1003827_F08_NODE_4714_length_1692_cov_8.789776	1	1692	777	1692	100	65.5361	35.6	58.9
GC1003827_F08_NODE_4715_length_1692_cov_5.424920	1	1692	445	1692	100	37.8487	35.6	59.4
GC1003827_F08_NODE_4716_length_1692_cov_4.032588	1	1692	378	1689	99.8227	31.065	35.4	58.2
GC1003827_F08_NODE_4717_length_1692_cov_3.322045	1	1692	251	1692	100	21.6956	35.5	58.8
GC1003827_F08_NODE_4718_length_1692_cov_3.020447	1	1692	247	1692	100	20.9368	35.9	59.5
GC1003827_F08_NODE_4719_length_1691_cov_9.196931	1	1691	1003	1691	100	80.9231	35.6	58.6
GC1003827_F08_NODE_4720_length_1691_cov_9.093990	1	1691	1271	1691	100	93.2046	35.5	52.9
GC1003827_F08_NODE_4721_length_1691_cov_8.999361	1	1691	1246	1691	100	94.8924	35.4	57.1
GC1003827_F08_NODE_4722_length_1691_cov_6.668798	1	1691	775	1685	99.6452	59.7629	35.5	56.3
GC1003827_F08_NODE_4723_length_1691_cov_4.441816	1	1691	630	1691	100	46.9556	35.3	54.7
GC1003827_F08_NODE_4724_length_1691_cov_3.944373	1	1691	948	1691	100	56.126	34.6	37.7
GC1003827_F08_NODE_4725_length_1691_cov_2.560742	1	1691	212	1691	100	18.1035	35.7	59.6
GC1003827_F08_NODE_4726_length_1690_cov_13.207933	1	1690	1403	1690	100	114.115	35.6	58.8
GC1003827_F08_NODE_4727_length_1690_cov_2.179143	1	1690	180	1688	99.8817	14.5817	35.6	57.1
GC1003827_F08_NODE_4728_length_1689_cov_16.460948	1	1689	1493	1689	100	124.758	35.4	59.4
GC1003827_F08_NODE_4729_length_1689_cov_7.603713	1	1689	776	1680	99.4671	59.4772	35.5	53.2
GC1003827_F08_NODE_4730_length_1689_cov_5.881562	1	1689	480	1689	100	41.508	35.7	59.8
GC1003827_F08_NODE_4731_length_1689_cov_5.713188	1	1689	501	1689	100	40.9147	35.7	58.3
GC1003827_F08_NODE_4732_length_1689_cov_5.072983	1	1689	469	1689	100	38.7691	35.9	58.8
GC1003827_F08_NODE_4733_length_1689_cov_4.662612	1	1689	410	1689	100	35.5287	35.9	59.7
GC1003827_F08_NODE_4734_length_1689_cov_2.477593	1	1689	326	1679	99.4079	26.7294	35.6	50.1
GC1003827_F08_NODE_4735_length_1689_cov_2.293854	1	1689	259	1688	99.9408	19.653	35.5	55.8
GC1003827_F08_NODE_4736_length_1689_cov_1.746479	1	1689	140	1689	100	11.9882	35.2	59.4
GC1003827_F08_NODE_4737_length_1688_cov_6.866752	1	1688	786	1688	100	57.5409	35.5	49.5
GC1003827_F08_NODE_4738_length_1688_cov_4.768097	1	1688	476	1688	100	39.173	35.6	58.4
GC1003827_F08_NODE_4739_length_1688_cov_4.290199	1	1688	559	1688	100	42.1872	35.6	57.3
GC1003827_F08_NODE_4740_length_1688_cov_3.038437	1	1688	395	1688	100	27.6647	35.5	51.3
GC1003827_F08_NODE_4741_length_1688_cov_2.831518	1	1688	2901	1662	98.4597	181.557	34.3	17
GC1003827_F08_NODE_4742_length_1688_cov_2.597053	1	1688	225	1688	100	18.6357	35.5	57.9
GC1003827_F08_NODE_4743_length_1688_cov_2.538757	1	1688	224	1687	99.9408	18.9331	35.7	58.6
GC1003827_F08_NODE_4744_length_1688_cov_1.839846	1	1688	210	1688	100	16.3833	35.2	55.6
GC1003827_F08_NODE_4745_length_1687_cov_9.378846	1	1687	885	1687	100	69.7676	35.5	58.2
GC1003827_F08_NODE_4746_length_1687_cov_5.813462	1	1687	961	1687	100	67.6224	35.2	52.2
GC1003827_F08_NODE_4747_length_1687_cov_5.666667	1	1687	636	1687	100	50.3628	35.7	57.6
GC1003827_F08_NODE_4748_length_1687_cov_4.794872	1	1687	769	1666	98.7552	52.2496	35.5	49.3
GC1003827_F08_NODE_4749_length_1687_cov_3.172436	1	1687	290	1687	100	23.9129	35.9	58.7
GC1003827_F08_NODE_4750_length_1687_cov_3.132692	1	1687	264	1687	100	22.3491	35.6	59.4
GC1003827_F08_NODE_4751_length_1687_cov_2.761538	1	1687	249	1687	100	20.9075	35.7	59.4
GC1003827_F08_NODE_4752_length_1687_cov_1.530128	1	1687	127	1687	100	10.6378	35.5	57.9
GC1003827_F08_NODE_4753_length_1687_cov_1.317949	1	1687	127	1686	99.9407	10.2709	35.5	56.8
GC1003827_F08_NODE_4754_length_1686_cov_9.567672	1	1686	1096	1686	100	88.8274	34.6	58.4
GC1003827_F08_NODE_4755_length_1686_cov_6.821681	1	1686	866	1686	100	63.9531	35.2	53.5
GC1003827_F08_NODE_4756_length_1686_cov_4.744708	1	1686	533	1686	100	38.554	35.5	51.7
GC1003827_F08_NODE_4757_length_1686_cov_3.939705	1	1686	537	1686	100	37.6151	34.9	50
GC1003827_F08_NODE_4758_length_1686_cov_2.155869	1	1686	254	1686	100	18.3387	34.7	46.6
GC1003827_F08_NODE_4759_length_1686_cov_1.358563	1	1686	140	1686	100	11.2491	35.6	54
GC1003827_F08_NODE_4760_length_1685_cov_11.353659	1	1685	1576	1685	100	122.8	35.1	55.4
GC1003827_F08_NODE_4761_length_1685_cov_5.493582	1	1685	547	1685	100	42.5199	35.2	54.7
GC1003827_F08_NODE_4762_length_1685_cov_4.596919	1	1685	458	1685	100	37.2036	35.2	59.2
GC1003827_F08_NODE_4763_length_1685_cov_3.760591	1	1685	303	1685	100	25.7009	35.7	59.5
GC1003827_F08_NODE_4764_length_1685_cov_2.420411	1	1685	213	1685	100	17.4742	35.6	59.3
GC1003827_F08_NODE_4765_length_1684_cov_13.645472	1	1684	1628	1683	99.9406	129.55	35.4	56.8
GC1003827_F08_NODE_4766_length_1684_cov_10.357739	1	1684	866	1684	100	74.1835	35.6	59
GC1003827_F08_NODE_4767_length_1684_cov_7.144509	1	1684	811	1676	99.5249	65.8765	35.4	59.1
GC1003827_F08_NODE_4768_length_1684_cov_6.737958	1	1684	766	1684	100	60.149	35.7	57.4
GC1003827_F08_NODE_4769_length_1684_cov_5.501606	1	1684	474	1684	100	40.31	35.7	58.3
GC1003827_F08_NODE_4770_length_1684_cov_5.053308	1	1684	658	1684	100	50.4252	35.4	56.7
GC1003827_F08_NODE_4771_length_1684_cov_2.697495	1	1684	1473	1674	99.4062	68.5897	34	22.1
GC1003827_F08_NODE_4772_length_1683_cov_9.191517	1	1683	1265	1683	100	98.0654	35.3	56.8
GC1003827_F08_NODE_4773_length_1683_cov_6.701799	1	1683	623	1683	100	52.1349	35.7	59.2
GC1003827_F08_NODE_4774_length_1683_cov_4.221722	1	1683	401	1681	99.8812	31.9602	35.7	57.8
GC1003827_F08_NODE_4775_length_1683_cov_3.764139	1	1683	380	1673	99.4058	30.8057	35.6	58.3
GC1003827_F08_NODE_4776_length_1682_cov_7.953698	1	1682	779	1682	100	63.4465	35.3	57.8
GC1003827_F08_NODE_4777_length_1682_cov_5.993569	1	1682	530	1682	100	44.0577	35.7	58.4
GC1003827_F08_NODE_4778_length_1682_cov_5.825080	1	1682	733	1682	100	51.3597	35	42.2
GC1003827_F08_NODE_4779_length_1682_cov_2.926045	1	1682	278	1676	99.6433	23.3567	35.7	59.3
GC1003827_F08_NODE_4780_length_1682_cov_2.836013	1	1682	344	1682	100	27.1956	35.4	57.3
GC1003827_F08_NODE_4781_length_1681_cov_8.884813	1	1681	996	1681	100	77.0577	35.6	55.7
GC1003827_F08_NODE_4782_length_1681_cov_7.932432	1	1681	1351	1673	99.5241	83.019	34.5	34.5
GC1003827_F08_NODE_4783_length_1681_cov_3.864221	1	1681	452	1681	100	33.3081	35.4	52.5
GC1003827_F08_NODE_4784_length_1681_cov_2.184041	1	1681	194	1680	99.9405	16.1285	35.5	57.3
GC1003827_F08_NODE_4785_length_1681_cov_0.696911	1	1681	68	1681	100	5.32421	35.6	53.8
GC1003827_F08_NODE_4786_length_1680_cov_8.641983	1	1680	914	1680	100	72.4143	35.7	56.9
GC1003827_F08_NODE_4787_length_1680_cov_6.926594	1	1680	650	1680	100	52.1685	35.6	55.8
GC1003827_F08_NODE_4788_length_1680_cov_6.755312	1	1680	1050	1680	100	73.4012	35.2	55.9
GC1003827_F08_NODE_4789_length_1680_cov_6.194462	1	1680	761	1680	100	59.3214	35.8	56.3
GC1003827_F08_NODE_4790_length_1680_cov_2.974243	1	1680	326	1680	100	25.7065	35.3	57.9
GC1003827_F08_NODE_4791_length_1680_cov_2.546684	1	1680	305	1677	99.8214	22.9345	35.3	52.7
GC1003827_F08_NODE_4792_length_1680_cov_2.098519	1	1680	190	1680	100	15.581	35.5	56.5
GC1003827_F08_NODE_4793_length_1679_cov_8.197165	1	1679	726	1679	100	61.2555	35.3	59.2
GC1003827_F08_NODE_4794_length_1679_cov_3.093428	1	1679	285	1679	100	23.6855	35.2	57.8
GC1003827_F08_NODE_4795_length_1679_cov_1.399485	1	1679	134	1676	99.8213	10.9529	35.3	57.8
GC1003827_F08_NODE_4796_length_1678_cov_5.219213	1	1678	502	1678	100	40.913	35.8	57.8
GC1003827_F08_NODE_4797_length_1678_cov_2.375887	1	1678	204	1678	100	17.1716	35.3	58.2
GC1003827_F08_NODE_4798_length_1678_cov_2.147002	1	1678	523	1678	100	33.112	35.2	53
GC1003827_F08_NODE_4799_length_1677_cov_10.323871	1	1677	1262	1677	100	96.6983	35.5	57.2
GC1003827_F08_NODE_4800_length_1677_cov_4.580000	1	1677	457	1677	100	34.4025	35.7	54
GC1003827_F08_NODE_4801_length_1677_cov_3.589032	1	1677	327	1676	99.9404	27.0048	35.5	57.7
GC1003827_F08_NODE_4802_length_1677_cov_1.789032	1	1677	360	1677	100	18.672	35.1	36.2
GC1003827_F08_NODE_4803_length_1676_cov_12.632021	1	1676	1184	1676	100	98.4511	35.6	58.4
GC1003827_F08_NODE_4804_length_1676_cov_5.109103	1	1676	751	1676	100	52.1874	35.6	53.9
GC1003827_F08_NODE_4805_length_1676_cov_4.863783	1	1676	578	1676	100	46.2733	35.6	58.4
GC1003827_F08_NODE_4806_length_1676_cov_2.547450	1	1676	362	1670	99.642	27.148	35.4	56.6
GC1003827_F08_NODE_4807_length_1676_cov_1.982569	1	1676	155	1676	100	13.534	35.4	58.9
GC1003827_F08_NODE_4808_length_1675_cov_9.175711	1	1675	1059	1675	100	83.4209	35.1	56.9
GC1003827_F08_NODE_4809_length_1675_cov_2.970284	1	1675	516	1675	100	35.2448	34.9	53.1
GC1003827_F08_NODE_4810_length_1675_cov_2.891473	1	1675	422	1675	100	27.2693	35.8	43.2
GC1003827_F08_NODE_4811_length_1675_cov_0.956718	1	1675	85	1675	100	6.71582	35.4	55.6
GC1003827_F08_NODE_4812_length_1674_cov_10.270847	1	1674	988	1674	100	80.5884	35.2	58.4
GC1003827_F08_NODE_4813_length_1674_cov_6.552683	1	1674	524	1674	100	45.9767	35.4	59.7
GC1003827_F08_NODE_4814_length_1674_cov_5.885585	1	1674	501	1674	100	42.6798	35.6	58.5
GC1003827_F08_NODE_4815_length_1674_cov_5.171946	1	1674	428	1674	100	36.7019	35.5	58.8
GC1003827_F08_NODE_4816_length_1674_cov_5.032967	1	1674	473	1673	99.9403	39.4044	35.9	58.4
GC1003827_F08_NODE_4817_length_1674_cov_4.864253	1	1674	460	1674	100	37.7419	35.4	57.2
GC1003827_F08_NODE_4818_length_1674_cov_3.420168	1	1674	384	1674	100	30.8005	35.5	57.6
GC1003827_F08_NODE_4819_length_1674_cov_3.411765	1	1674	360	1674	100	29.6171	35.7	59.2
GC1003827_F08_NODE_4820_length_1674_cov_3.400129	1	1674	378	1674	100	29.8763	35.6	57.4
GC1003827_F08_NODE_4821_length_1674_cov_3.328378	1	1674	517	1674	100	36.4851	34.6	48.7
GC1003827_F08_NODE_4822_length_1674_cov_2.117647	1	1674	170	1674	100	14.6756	35.4	59.3
GC1003827_F08_NODE_4823_length_1674_cov_2.019392	1	1674	180	1674	100	15.1691	35.7	59.2
GC1003827_F08_NODE_4824_length_1674_cov_1.638655	1	1674	144	1664	99.4026	12.1786	35.8	58.7
GC1003827_F08_NODE_4825_length_1673_cov_10.060155	1	1673	1421	1673	100	112.931	35.2	50.6
GC1003827_F08_NODE_4826_length_1673_cov_9.026520	1	1673	1119	1673	100	84.4011	35.1	54.1
GC1003827_F08_NODE_4827_length_1673_cov_4.551100	1	1673	398	1673	100	33.0418	35.8	58.9
GC1003827_F08_NODE_4828_length_1673_cov_3.798189	1	1673	320	1673	100	26.728	35.5	58.2
GC1003827_F08_NODE_4829_length_1673_cov_3.423027	1	1673	277	1673	100	23.9044	35.4	59.7
GC1003827_F08_NODE_4830_length_1673_cov_1.972186	1	1673	182	1673	100	14.4369	35.6	57.5
GC1003827_F08_NODE_4831_length_1672_cov_8.748220	1	1672	723	1672	100	61.7147	35.6	59.5
GC1003827_F08_NODE_4832_length_1671_cov_6.381477	1	1671	646	1671	100	52.0604	35.6	57.4
GC1003827_F08_NODE_4833_length_1671_cov_4.303756	1	1671	712	1671	100	54.3573	35.2	58.6
GC1003827_F08_NODE_4834_length_1671_cov_3.696244	1	1671	310	1671	100	26.4147	35.5	58.4
GC1003827_F08_NODE_4835_length_1671_cov_3.140544	1	1671	279	1671	100	23.0353	35.5	58.7
GC1003827_F08_NODE_4836_length_1671_cov_2.904145	1	1671	365	1662	99.4614	26.228	35.4	48.2
GC1003827_F08_NODE_4837_length_1671_cov_1.968912	1	1671	247	1671	100	17.4213	35.8	50.2
GC1003827_F08_NODE_4838_length_1670_cov_3.085548	1	1670	230	1668	99.8802	20.0084	35.6	59.3
GC1003827_F08_NODE_4839_length_1670_cov_3.050551	1	1670	350	1670	100	25.7856	35.5	53.6
GC1003827_F08_NODE_4840_length_1670_cov_3.044718	1	1670	267	1670	100	21.6042	35.4	56
GC1003827_F08_NODE_4841_length_1669_cov_5.332685	1	1669	809	1668	99.9401	62.6998	35.5	57.3
GC1003827_F08_NODE_4842_length_1669_cov_3.510376	1	1669	975	1669	100	48.2684	34.6	23.3
GC1003827_F08_NODE_4843_length_1669_cov_2.391699	1	1669	470	1669	100	32.6447	34.6	52.4
GC1003827_F08_NODE_4844_length_1668_cov_8.861129	1	1668	895	1668	100	74.268	35.3	59
GC1003827_F08_NODE_4845_length_1668_cov_7.171317	1	1668	575	1665	99.8201	49.7362	35.8	59.3
GC1003827_F08_NODE_4846_length_1668_cov_6.619079	1	1668	981	1668	100	76.5048	35.2	52.7
GC1003827_F08_NODE_4847_length_1668_cov_3.676184	1	1668	431	1668	100	33.2878	35.1	55.9
GC1003827_F08_NODE_4848_length_1668_cov_3.538611	1	1668	331	1668	100	28.2902	35.8	59.4
GC1003827_F08_NODE_4849_length_1668_cov_3.184296	1	1668	312	1668	100	26.6918	35.6	58.7
GC1003827_F08_NODE_4850_length_1668_cov_2.728099	1	1668	281	1668	100	21.8237	35.8	56.2
GC1003827_F08_NODE_4851_length_1667_cov_10.900649	1	1667	887	1667	100	77.4163	35.4	59.8
GC1003827_F08_NODE_4852_length_1667_cov_9.543506	1	1667	769	1667	100	67.4859	35.8	59.5
GC1003827_F08_NODE_4853_length_1667_cov_6.583117	1	1667	779	1667	100	59.8266	35.4	55.4
GC1003827_F08_NODE_4854_length_1667_cov_5.324026	1	1667	502	1667	100	41.4199	35.7	57.8
GC1003827_F08_NODE_4855_length_1667_cov_4.315584	1	1667	369	1667	100	31.3875	35.4	57.9
GC1003827_F08_NODE_4856_length_1667_cov_3.342857	1	1667	316	1667	100	26.6767	35.6	58.2
GC1003827_F08_NODE_4857_length_1666_cov_6.904483	1	1666	720	1666	100	57.3872	35.5	56.1
GC1003827_F08_NODE_4858_length_1666_cov_6.326836	1	1666	553	1666	100	47.5384	35.5	59.5
GC1003827_F08_NODE_4859_length_1666_cov_5.744639	1	1666	514	1666	100	42.6092	35.8	57.4
GC1003827_F08_NODE_4860_length_1666_cov_2.073424	1	1666	445	1666	100	29.5414	35	49.6
GC1003827_F08_NODE_4861_length_1665_cov_13.521456	1	1665	1315	1663	99.8799	107.287	35.6	58.4
GC1003827_F08_NODE_4862_length_1665_cov_8.840702	1	1665	919	1665	100	73.5327	35.6	56.2
GC1003827_F08_NODE_4863_length_1665_cov_7.109883	1	1665	667	1665	100	54.3477	35.6	58.2
GC1003827_F08_NODE_4864_length_1665_cov_6.079974	1	1665	608	1665	100	47.4865	35.4	51
GC1003827_F08_NODE_4865_length_1665_cov_5.909623	1	1665	537	1665	100	45.764	35.5	58.7
GC1003827_F08_NODE_4866_length_1665_cov_5.480494	1	1665	469	1662	99.8198	39.7267	35.7	58.8
GC1003827_F08_NODE_4867_length_1664_cov_6.467144	1	1664	734	1664	100	58.7867	35.4	56.4
GC1003827_F08_NODE_4868_length_1664_cov_5.956409	1	1664	530	1664	100	43.1641	35.4	57.1
GC1003827_F08_NODE_4869_length_1664_cov_5.324658	1	1664	453	1664	100	38.8065	35.3	58.8
GC1003827_F08_NODE_4870_length_1664_cov_3.191932	1	1664	276	1664	100	23.595	35.7	59
GC1003827_F08_NODE_4871_length_1664_cov_2.283669	1	1664	187	1661	99.8197	16.0613	35.6	59.4
GC1003827_F08_NODE_4872_length_1664_cov_1.433312	1	1664	228	1654	99.399	13.9135	35.7	35
GC1003827_F08_NODE_4873_length_1663_cov_10.149740	1	1663	952	1663	100	79.7925	35.5	58.4
GC1003827_F08_NODE_4874_length_1663_cov_9.434896	1	1663	820	1663	100	70.5448	35.6	59.5
GC1003827_F08_NODE_4875_length_1663_cov_9.394531	1	1663	1188	1663	100	87.0553	35.5	50.5
GC1003827_F08_NODE_4876_length_1663_cov_8.860026	1	1663	750	1663	100	64.2959	35.8	59
GC1003827_F08_NODE_4877_length_1663_cov_6.852214	1	1663	590	1663	100	50.7565	35.3	59.5
GC1003827_F08_NODE_4878_length_1663_cov_3.455729	1	1663	304	1663	100	24.9597	35.5	57.9
GC1003827_F08_NODE_4879_length_1663_cov_2.264974	1	1663	287	1663	100	20.8677	35.8	54.3
GC1003827_F08_NODE_4880_length_1663_cov_2.247396	1	1663	205	1663	100	17	35.4	58.3
GC1003827_F08_NODE_4881_length_1663_cov_1.888672	1	1663	229	1663	100	16.4197	35.2	49.2
GC1003827_F08_NODE_4882_length_1662_cov_9.482736	1	1662	942	1662	100	78.6667	35.7	58.3
GC1003827_F08_NODE_4883_length_1662_cov_8.793485	1	1662	1192	1662	100	91.4759	35.5	56.7
GC1003827_F08_NODE_4884_length_1662_cov_7.722476	1	1662	1091	1662	100	75.9771	35.2	48
GC1003827_F08_NODE_4885_length_1662_cov_6.792834	1	1662	706	1662	100	57.6895	35.6	58
GC1003827_F08_NODE_4886_length_1662_cov_5.046254	1	1662	453	1662	100	38.5012	36	59.2
GC1003827_F08_NODE_4887_length_1662_cov_3.326384	1	1662	665	1662	100	44.6697	35.3	52.1
GC1003827_F08_NODE_4888_length_1662_cov_3.081433	1	1662	321	1652	99.3983	25.6077	35.6	58.2
GC1003827_F08_NODE_4889_length_1662_cov_2.940065	1	1662	766	1662	100	42.1943	34.9	33.8
GC1003827_F08_NODE_4890_length_1662_cov_2.796743	1	1662	242	1662	100	20.4771	35.5	58.9
GC1003827_F08_NODE_4891_length_1661_cov_8.600391	1	1661	767	1661	100	66.4527	35.8	59.2
GC1003827_F08_NODE_4892_length_1661_cov_7.627119	1	1661	698	1661	100	58.1397	35.5	56.3
GC1003827_F08_NODE_4893_length_1661_cov_5.015645	1	1661	455	1661	100	39.18	35.4	59.5
GC1003827_F08_NODE_4894_length_1661_cov_4.716428	1	1661	544	1661	100	42.823	35.7	56.6
GC1003827_F08_NODE_4895_length_1661_cov_2.045632	1	1661	316	1661	100	21.0265	35.3	48.4
GC1003827_F08_NODE_4896_length_1661_cov_1.387875	1	1661	161	1661	100	11.5226	34.8	49.1
GC1003827_F08_NODE_4897_length_1660_cov_8.788650	1	1660	878	1660	100	72.159	35.9	58.2
GC1003827_F08_NODE_4898_length_1660_cov_7.911285	1	1660	842	1660	100	67.1006	35.6	54.5
GC1003827_F08_NODE_4899_length_1660_cov_5.893673	1	1660	492	1660	100	41.8295	35.7	58.3
GC1003827_F08_NODE_4900_length_1660_cov_4.299413	1	1660	589	1658	99.8795	41.5193	35.3	51
GC1003827_F08_NODE_4901_length_1660_cov_3.855838	1	1660	376	1660	100	30.8241	35.7	57.2
GC1003827_F08_NODE_4902_length_1660_cov_3.307893	1	1660	421	1660	100	33.2494	35.2	57.6
GC1003827_F08_NODE_4903_length_1660_cov_3.161774	1	1660	310	1660	100	26.1825	35.3	59.4
GC1003827_F08_NODE_4904_length_1659_cov_7.859008	1	1659	657	1659	100	55.8782	35.7	57
GC1003827_F08_NODE_4905_length_1659_cov_3.424935	1	1659	292	1659	100	25.3382	35.4	59
GC1003827_F08_NODE_4906_length_1658_cov_6.344219	1	1658	602	1658	100	50.0838	35.6	58.7
GC1003827_F08_NODE_4907_length_1658_cov_6.077074	1	1658	570	1658	100	48.0856	35.3	57.8
GC1003827_F08_NODE_4908_length_1658_cov_4.993468	1	1658	551	1658	100	43.6755	35.5	57
GC1003827_F08_NODE_4909_length_1658_cov_4.318093	1	1658	479	1658	100	37.7461	35.4	55.6
GC1003827_F08_NODE_4910_length_1657_cov_14.751634	1	1657	4821	1657	100	320.241	34.3	32.3
GC1003827_F08_NODE_4911_length_1657_cov_10.372549	1	1657	1018	1657	100	79.131	35	51.6
GC1003827_F08_NODE_4912_length_1657_cov_5.983007	1	1657	1168	1657	100	68.1364	35.1	35.1
GC1003827_F08_NODE_4913_length_1657_cov_4.409804	1	1657	504	1657	100	39.0175	35.2	55.8
GC1003827_F08_NODE_4914_length_1657_cov_4.167974	1	1657	346	1657	100	29.9716	35.5	59.3
GC1003827_F08_NODE_4915_length_1657_cov_2.525490	1	1657	244	1654	99.8189	20.2523	35.3	57.7
GC1003827_F08_NODE_4916_length_1657_cov_1.596078	1	1657	131	1657	100	11.4472	35.5	59
GC1003827_F08_NODE_4917_length_1656_cov_21.458470	1	1656	2026	1656	100	170.969	35.5	58.7
GC1003827_F08_NODE_4918_length_1656_cov_7.615435	1	1656	666	1656	100	57.7874	35.7	59
GC1003827_F08_NODE_4919_length_1656_cov_6.578810	1	1656	539	1656	100	46.8478	35.8	59.5
GC1003827_F08_NODE_4920_length_1656_cov_5.704382	1	1656	827	1656	100	62.3798	35.2	55
GC1003827_F08_NODE_4921_length_1656_cov_5.623283	1	1656	857	1656	100	64.9004	35.2	55.8
GC1003827_F08_NODE_4922_length_1656_cov_4.432309	1	1656	461	1655	99.9396	38.2192	35.7	58.4
GC1003827_F08_NODE_4923_length_1655_cov_12.072644	1	1655	1167	1655	100	98.4556	35.1	59.1
GC1003827_F08_NODE_4924_length_1655_cov_11.316754	1	1655	1094	1652	99.8187	91.4326	35.5	58.1
GC1003827_F08_NODE_4925_length_1655_cov_7.672775	1	1655	652	1654	99.9396	57.0502	35.7	59.4
GC1003827_F08_NODE_4926_length_1655_cov_6.860602	1	1655	1299	1655	100	100.366	35	53.2
GC1003827_F08_NODE_4927_length_1655_cov_4.844241	1	1655	483	1655	100	39.3293	35.8	56.7
GC1003827_F08_NODE_4928_length_1655_cov_3.818063	1	1655	400	1655	100	32.3704	35.5	57.7
GC1003827_F08_NODE_4929_length_1654_cov_20.726261	1	1654	1926	1654	100	163.587	35.6	58.6
GC1003827_F08_NODE_4930_length_1654_cov_6.792403	1	1654	563	1644	99.3954	48.2842	35.6	59.1
GC1003827_F08_NODE_4931_length_1654_cov_5.091028	1	1654	530	1654	100	43.9492	35.5	58.5
GC1003827_F08_NODE_4932_length_1654_cov_4.414538	1	1654	744	1654	100	51.5272	35.7	49
GC1003827_F08_NODE_4933_length_1654_cov_2.757695	1	1654	249	1602	96.8561	17.7104	35.7	36.6
GC1003827_F08_NODE_4934_length_1654_cov_2.754420	1	1654	1105	1654	100	59.2497	33.8	20.2
GC1003827_F08_NODE_4935_length_1653_cov_13.000000	1	1653	1275	1653	100	101.393	35.5	57.5
GC1003827_F08_NODE_4936_length_1653_cov_6.550459	1	1653	791	1653	100	57.5735	35.5	51.4
GC1003827_F08_NODE_4937_length_1653_cov_6.280472	1	1653	666	1653	100	55.1319	35.1	58.4
GC1003827_F08_NODE_4938_length_1653_cov_5.060944	1	1653	415	1653	100	35.1289	35.8	58.8
GC1003827_F08_NODE_4939_length_1653_cov_4.152031	1	1653	536	1653	100	34.6328	35.5	45.8
GC1003827_F08_NODE_4940_length_1653_cov_3.068152	1	1653	274	1653	100	22.9994	35.8	57.9
GC1003827_F08_NODE_4941_length_1652_cov_9.093115	1	1652	901	1652	100	74.4413	35.4	57.8
GC1003827_F08_NODE_4942_length_1652_cov_7.081311	1	1652	585	1647	99.6973	51.6005	35.7	59.5
GC1003827_F08_NODE_4943_length_1652_cov_5.773770	1	1652	554	1565	94.7337	47.3832	35.5	57.9
GC1003827_F08_NODE_4944_length_1652_cov_4.955410	1	1652	530	1652	100	42.3753	35.3	55.5
GC1003827_F08_NODE_4945_length_1652_cov_2.992787	1	1652	248	1652	100	21.3444	35.4	58.5
GC1003827_F08_NODE_4946_length_1652_cov_2.898361	1	1652	491	1652	100	32.5975	35.3	50.7
GC1003827_F08_NODE_4947_length_1652_cov_2.427541	1	1652	255	1652	100	22.0109	35.5	59.6
GC1003827_F08_NODE_4948_length_1652_cov_1.952787	1	1652	210	1652	100	15.589	35	53.9
GC1003827_F08_NODE_4949_length_1651_cov_12.065617	1	1651	1134	1651	100	94.272	35.5	58.6
GC1003827_F08_NODE_4950_length_1651_cov_11.912730	1	1651	1036	1651	100	89.1908	35.6	59
GC1003827_F08_NODE_4951_length_1651_cov_4.746063	1	1651	459	1651	100	37.0442	35.5	57.4
GC1003827_F08_NODE_4952_length_1651_cov_4.225066	1	1651	491	1651	100	38.788	35.8	56.4
GC1003827_F08_NODE_4953_length_1651_cov_4.120079	1	1651	363	1651	100	30.6626	35.1	59
GC1003827_F08_NODE_4954_length_1651_cov_1.814961	1	1651	162	1651	100	13.8698	35.4	59.5
GC1003827_F08_NODE_4955_length_1651_cov_0.871391	1	1651	69	1651	100	6.106	35.6	59.1
GC1003827_F08_NODE_4956_length_1650_cov_8.973736	1	1650	1492	1650	100	116.145	35.5	57.6
GC1003827_F08_NODE_4957_length_1650_cov_8.155614	1	1650	870	1650	100	67.8903	35.6	57.5
GC1003827_F08_NODE_4958_length_1650_cov_4.170059	1	1650	452	1650	100	32.5891	35.7	51
GC1003827_F08_NODE_4959_length_1650_cov_1.473408	1	1650	123	1650	100	10.6127	35.6	59
GC1003827_F08_NODE_4960_length_1650_cov_1.388707	1	1650	111	1640	99.3939	9.82545	35.1	59.7
GC1003827_F08_NODE_4961_length_1649_cov_8.823916	1	1649	803	1649	100	68.2668	35.6	58
GC1003827_F08_NODE_4962_length_1649_cov_8.404074	1	1649	1121	1649	100	81.8981	35.2	51.3
GC1003827_F08_NODE_4963_length_1649_cov_7.712221	1	1649	857	1649	100	67.3717	35.5	56.4
GC1003827_F08_NODE_4964_length_1649_cov_5.634034	1	1649	1465	1649	100	98.2298	34.6	40.1
GC1003827_F08_NODE_4965_length_1649_cov_3.486859	1	1649	371	1649	100	29.9842	35.3	55.8
GC1003827_F08_NODE_4966_length_1649_cov_3.429041	1	1649	317	1649	100	27.1862	35.9	57.4
GC1003827_F08_NODE_4967_length_1649_cov_1.689225	1	1649	177	1649	100	14.4512	35.5	54.4
GC1003827_F08_NODE_4968_length_1649_cov_1.600526	1	1649	215	1649	100	15.5161	35.9	51.6
GC1003827_F08_NODE_4969_length_1649_cov_1.576216	1	1649	149	1649	100	13.094	35.7	59.2
GC1003827_F08_NODE_4970_length_1648_cov_7.358974	1	1648	706	1648	100	59.1335	35.6	58.2
GC1003827_F08_NODE_4971_length_1648_cov_4.665352	1	1648	917	1648	100	64.4545	34.1	51.3
GC1003827_F08_NODE_4972_length_1648_cov_4.596976	1	1648	404	1648	100	34.0874	35.5	57.5
GC1003827_F08_NODE_4973_length_1648_cov_3.834977	1	1648	367	1648	100	29.1772	35.5	53.8
GC1003827_F08_NODE_4974_length_1648_cov_3.812623	1	1648	331	1648	100	27.909	35.6	58.2
GC1003827_F08_NODE_4975_length_1648_cov_2.477975	1	1648	577	1648	100	44.9575	35.6	42.2
GC1003827_F08_NODE_4976_length_1647_cov_5.170395	1	1647	535	1647	100	43.0261	35.6	56.4
GC1003827_F08_NODE_4977_length_1647_cov_2.359868	1	1647	406	1647	100	25.8464	35.4	42.8
GC1003827_F08_NODE_4978_length_1646_cov_11.383805	1	1646	1338	1646	100	104.374	35.3	55.1
GC1003827_F08_NODE_4979_length_1646_cov_10.408822	1	1646	1084	1646	100	87.1853	35.7	57.9
GC1003827_F08_NODE_4980_length_1646_cov_7.491113	1	1646	665	1646	100	57.4666	35.7	58.6
GC1003827_F08_NODE_4981_length_1646_cov_4.596445	1	1646	531	1646	100	40.4775	35.6	53.8
GC1003827_F08_NODE_4982_length_1646_cov_2.380513	1	1646	266	1646	100	18.5875	35.3	47.1
GC1003827_F08_NODE_4983_length_1645_cov_11.982872	1	1645	1220	1643	99.8784	100.143	35.7	58.1
GC1003827_F08_NODE_4984_length_1645_cov_7.934783	1	1645	907	1645	100	67.4596	35.8	51.2
GC1003827_F08_NODE_4985_length_1645_cov_5.059289	1	1645	677	1645	100	49.8736	35.4	52.4
GC1003827_F08_NODE_4986_length_1645_cov_4.209486	1	1645	546	1645	100	36.0389	35.3	42.2
GC1003827_F08_NODE_4987_length_1645_cov_3.123847	1	1645	283	1645	100	24.3216	35.8	59.5
GC1003827_F08_NODE_4988_length_1644_cov_9.653263	1	1644	1520	1644	100	113.011	35.4	54.6
GC1003827_F08_NODE_4989_length_1644_cov_7.111404	1	1644	806	1644	100	62.5967	35.3	55.4
GC1003827_F08_NODE_4990_length_1644_cov_5.033619	1	1644	451	1644	100	39.2597	35.9	59.1
GC1003827_F08_NODE_4991_length_1644_cov_1.947924	1	1644	381	1644	100	21.2202	35.8	41.2
GC1003827_F08_NODE_4992_length_1643_cov_11.620053	1	1643	2024	1643	100	148.676	34.9	51.7
GC1003827_F08_NODE_4993_length_1643_cov_10.231530	1	1643	975	1643	100	82.3713	35.3	58.5
GC1003827_F08_NODE_4994_length_1643_cov_6.274406	1	1643	851	1643	100	56.3183	35.3	38.3
GC1003827_F08_NODE_4995_length_1643_cov_5.282982	1	1643	475	1643	100	40.7565	35.3	59.3
GC1003827_F08_NODE_4996_length_1642_cov_12.316832	1	1642	1275	1642	100	102.499	35.4	56.5
GC1003827_F08_NODE_4997_length_1642_cov_11.147195	1	1642	1128	1642	100	91.4275	35.5	57.5
GC1003827_F08_NODE_4998_length_1642_cov_8.651485	1	1642	787	1642	100	65.246	35.6	56.4
GC1003827_F08_NODE_4999_length_1642_cov_6.229043	1	1642	1006	1642	100	80.9604	35.4	55.7
GC1003827_F08_NODE_5000_length_1642_cov_5.990099	1	1642	520	1642	100	45.1054	35.6	59.1
GC1003827_F08_NODE_5001_length_1642_cov_5.005941	1	1642	411	1640	99.8782	35.5207	35.5	59.1
GC1003827_F08_NODE_5002_length_1641_cov_13.544254	1	1641	1580	1641	100	125.764	35	55.5
GC1003827_F08_NODE_5003_length_1641_cov_11.180317	1	1641	1111	1641	100	91.262	35.4	56.8
GC1003827_F08_NODE_5004_length_1641_cov_9.455086	1	1641	1023	1641	100	81.2523	35.3	56.7
GC1003827_F08_NODE_5005_length_1641_cov_8.867239	1	1641	931	1641	100	78.234	35.3	58.7
GC1003827_F08_NODE_5006_length_1641_cov_5.143329	1	1641	452	1641	100	37.7952	35.7	57.2
GC1003827_F08_NODE_5007_length_1641_cov_4.245046	1	1641	613	1641	100	44.4156	35.3	56.4
GC1003827_F08_NODE_5008_length_1640_cov_8.174488	1	1640	683	1640	100	60.472	35.6	59.5
GC1003827_F08_NODE_5009_length_1640_cov_4.932584	1	1640	848	1640	100	63.1957	35.4	50.6
GC1003827_F08_NODE_5010_length_1640_cov_3.662921	1	1640	399	1640	100	30.0537	35.4	49.7
GC1003827_F08_NODE_5011_length_1640_cov_2.819564	1	1640	870	1640	100	39.886	34.6	23.3
GC1003827_F08_NODE_5012_length_1640_cov_2.717118	1	1640	271	1640	100	22.0683	35.6	57.6
GC1003827_F08_NODE_5013_length_1640_cov_2.327826	1	1640	235	1640	100	20.5433	35.3	59.5
GC1003827_F08_NODE_5014_length_1640_cov_2.212161	1	1640	210	1637	99.8171	17.4988	35.5	56
GC1003827_F08_NODE_5015_length_1640_cov_0.944481	1	1640	87	1640	100	6.71951	34.7	51.5
GC1003827_F08_NODE_5016_length_1639_cov_6.583995	1	1639	612	1639	100	52.2044	35.7	58.4
GC1003827_F08_NODE_5017_length_1639_cov_1.117063	1	1639	119	1636	99.817	9.205	35.5	51.5
GC1003827_F08_NODE_5018_length_1638_cov_4.534083	1	1638	542	1638	100	41.6313	35.4	56.6
GC1003827_F08_NODE_5019_length_1638_cov_4.493713	1	1638	541	1638	100	42.812	35.3	57.2
GC1003827_F08_NODE_5020_length_1638_cov_4.443415	1	1638	561	1638	100	41.0922	35.6	52.4
GC1003827_F08_NODE_5021_length_1638_cov_4.289874	1	1638	395	1638	100	33.1074	35.6	58.7
GC1003827_F08_NODE_5022_length_1638_cov_2.616148	1	1638	514	1638	100	36.3535	34.8	53.2
GC1003827_F08_NODE_5023_length_1638_cov_2.299801	1	1638	233	1638	100	19.9371	35.7	59.3
GC1003827_F08_NODE_5024_length_1638_cov_1.978822	1	1638	258	1638	100	18.2204	35.4	51.5
GC1003827_F08_NODE_5025_length_1638_cov_1.026473	1	1638	119	1638	100	9.21917	35.5	54.8
GC1003827_F08_NODE_5026_length_1637_cov_4.298013	1	1637	364	1637	100	31.8296	35.6	58.5
GC1003827_F08_NODE_5027_length_1637_cov_3.317881	1	1637	315	1637	100	26.1698	35.5	58.9
GC1003827_F08_NODE_5028_length_1637_cov_2.280132	1	1637	189	1637	100	17.0452	35.8	60
GC1003827_F08_NODE_5029_length_1636_cov_16.563950	1	1636	1675	1636	100	135.702	35.6	55.7
GC1003827_F08_NODE_5030_length_1636_cov_8.666004	1	1636	700	1636	100	61.0544	35.4	59
GC1003827_F08_NODE_5031_length_1636_cov_7.698476	1	1636	862	1636	100	66.6577	35.7	56.2
GC1003827_F08_NODE_5032_length_1636_cov_3.916501	1	1636	395	1636	100	30.7115	35.6	55.3
GC1003827_F08_NODE_5033_length_1636_cov_2.974155	1	1636	278	1636	100	22.563	35.6	57
GC1003827_F08_NODE_5034_length_1636_cov_1.877402	1	1636	320	1636	100	19.989	35.7	40.7
GC1003827_F08_NODE_5035_length_1635_cov_10.098806	1	1635	938	1635	100	77.1982	35.5	56.6
GC1003827_F08_NODE_5036_length_1635_cov_4.315650	1	1635	380	1635	100	32.1419	35.8	57.9
GC1003827_F08_NODE_5037_length_1634_cov_8.337094	1	1634	1144	1634	100	80.5165	35.5	47.7
GC1003827_F08_NODE_5038_length_1634_cov_6.660916	1	1634	759	1634	100	55.3403	35	46
GC1003827_F08_NODE_5039_length_1634_cov_6.461181	1	1634	531	1634	100	46.161	35.6	59.2
GC1003827_F08_NODE_5040_length_1634_cov_2.387525	1	1634	296	1634	100	20.5031	35.6	48.6
GC1003827_F08_NODE_5041_length_1634_cov_2.248175	1	1634	240	1634	100	19.336	35.7	57.8
GC1003827_F08_NODE_5042_length_1634_cov_1.936297	1	1634	175	1634	100	14.0532	35.8	53
GC1003827_F08_NODE_5043_length_1633_cov_8.007304	1	1633	718	1633	100	59.0912	35.2	55.8
GC1003827_F08_NODE_5044_length_1633_cov_7.086985	1	1633	667	1633	100	56.368	35.5	58
GC1003827_F08_NODE_5045_length_1633_cov_5.389774	1	1633	606	1633	100	51.1519	35.6	57.6
GC1003827_F08_NODE_5046_length_1633_cov_2.100266	1	1633	186	1633	100	15.9498	35.7	59.5
GC1003827_F08_NODE_5047_length_1633_cov_1.850598	1	1633	540	1631	99.8775	27.1243	34.6	22.9
GC1003827_F08_NODE_5048_length_1633_cov_1.528552	1	1633	342	1633	100	22.041	34.7	47.9
GC1003827_F08_NODE_5049_length_1633_cov_1.043825	1	1633	209	1633	100	11.2921	34.8	28.4
GC1003827_F08_NODE_5050_length_1632_cov_11.868439	1	1632	1251	1632	100	102.576	35.5	56.6
GC1003827_F08_NODE_5051_length_1632_cov_9.718272	1	1632	1327	1632	100	112.581	35.6	55.6
GC1003827_F08_NODE_5052_length_1632_cov_5.811296	1	1632	541	1632	100	45.2408	35.6	57.4
GC1003827_F08_NODE_5053_length_1631_cov_5.347074	1	1631	484	1631	100	41.1833	35.6	58.2
GC1003827_F08_NODE_5054_length_1631_cov_2.339096	1	1631	235	1621	99.3869	19.7437	35.8	58.4
GC1003827_F08_NODE_5055_length_1630_cov_10.103792	1	1630	1019	1630	100	85.7767	35.5	57.4
GC1003827_F08_NODE_5056_length_1630_cov_9.284098	1	1630	883	1630	100	73.7104	35.6	57.9
GC1003827_F08_NODE_5057_length_1630_cov_8.624085	1	1630	4278	1630	100	254.493	34.4	16.8
GC1003827_F08_NODE_5058_length_1630_cov_7.075183	1	1630	648	1630	100	55.808	35.7	58.6
GC1003827_F08_NODE_5059_length_1630_cov_5.948104	1	1630	555	1630	100	48.2141	35.5	59.2
GC1003827_F08_NODE_5060_length_1630_cov_3.750499	1	1630	333	1630	100	27.7264	35.7	58.3
GC1003827_F08_NODE_5061_length_1630_cov_2.123752	1	1630	202	1630	100	16.7871	35.6	57.8
GC1003827_F08_NODE_5062_length_1629_cov_13.090546	1	1629	1445	1629	100	118.782	35.5	56.9
GC1003827_F08_NODE_5063_length_1629_cov_11.318908	1	1629	1007	1627	99.8772	86.8011	35.6	58.9
GC1003827_F08_NODE_5064_length_1629_cov_5.243675	1	1629	476	1628	99.9386	41.8128	35.5	59.6
GC1003827_F08_NODE_5065_length_1629_cov_5.013981	1	1629	964	1629	100	64.2916	34.7	44
GC1003827_F08_NODE_5066_length_1629_cov_3.250333	1	1629	370	1629	100	28.3517	35.2	50.1
GC1003827_F08_NODE_5067_length_1629_cov_3.065246	1	1629	350	1629	100	28.6703	34.9	57.7
GC1003827_F08_NODE_5068_length_1628_cov_9.704863	1	1628	1191	1624	99.7543	91.9281	35.7	56.4
GC1003827_F08_NODE_5069_length_1628_cov_9.065290	1	1628	955	1628	100	76.9582	35.4	57.1
GC1003827_F08_NODE_5070_length_1628_cov_9.063957	1	1628	1382	1628	100	101.119	34.8	51.6
GC1003827_F08_NODE_5071_length_1628_cov_7.427715	1	1628	831	1628	100	66.1474	35.8	56.8
GC1003827_F08_NODE_5072_length_1628_cov_3.078614	1	1628	269	1628	100	23.3053	35.4	59.7
GC1003827_F08_NODE_5073_length_1628_cov_2.286476	1	1628	515	1628	100	26.9257	35.2	30.6
GC1003827_F08_NODE_5074_length_1627_cov_9.643333	1	1627	813	1617	99.3854	69.9668	35.3	57.4
GC1003827_F08_NODE_5075_length_1627_cov_6.486667	1	1627	521	1626	99.9385	46.0436	35.7	59.2
GC1003827_F08_NODE_5076_length_1627_cov_5.042000	1	1627	583	1627	100	45.8119	35.7	54.3
GC1003827_F08_NODE_5077_length_1627_cov_3.820667	1	1627	353	1627	100	30.9287	35.7	59.1
GC1003827_F08_NODE_5078_length_1627_cov_3.817333	1	1627	337	1627	100	30.0068	36	59.5
GC1003827_F08_NODE_5079_length_1627_cov_2.400000	1	1627	190	1627	100	17.3153	35.8	59.4
GC1003827_F08_NODE_5080_length_1627_cov_1.576000	1	1627	153	1627	100	12.2323	35.8	57.5
GC1003827_F08_NODE_5081_length_1626_cov_10.741161	1	1626	3179	1626	100	268.501	35.4	46.4
GC1003827_F08_NODE_5082_length_1626_cov_10.016011	1	1626	804	1624	99.877	71.0541	35.4	59.1
GC1003827_F08_NODE_5083_length_1626_cov_8.895264	1	1626	841	1626	100	70.6089	35.7	56.9
GC1003827_F08_NODE_5084_length_1626_cov_8.144763	1	1626	864	1626	100	71.4594	35.9	56.4
GC1003827_F08_NODE_5085_length_1625_cov_33.287049	1	1625	7746	1625	100	537.324	34.4	33.9
GC1003827_F08_NODE_5086_length_1625_cov_5.467957	1	1625	558	1625	100	46.5735	35.5	57.5
GC1003827_F08_NODE_5087_length_1625_cov_4.371829	1	1625	636	1625	100	42.4554	35.4	41.8
GC1003827_F08_NODE_5088_length_1625_cov_3.859146	1	1625	1132	1616	99.4462	59.0246	34.1	30.9
GC1003827_F08_NODE_5089_length_1625_cov_3.012016	1	1625	323	1623	99.8769	25.0978	35.7	53
GC1003827_F08_NODE_5090_length_1625_cov_2.722296	1	1625	214	1625	100	19.2031	35.3	59.7
GC1003827_F08_NODE_5091_length_1625_cov_0.652203	1	1625	397	1625	100	25.256	34.6	41.9
GC1003827_F08_NODE_5092_length_1624_cov_8.160989	1	1624	754	1624	100	65.5819	35.7	59.3
GC1003827_F08_NODE_5093_length_1624_cov_8.036740	1	1624	978	1624	100	73.8054	35.4	51.7
GC1003827_F08_NODE_5094_length_1624_cov_6.515030	1	1624	565	1624	100	48.3639	35.4	58
GC1003827_F08_NODE_5095_length_1624_cov_5.253841	1	1624	488	1624	100	40.109	35.9	54.8
GC1003827_F08_NODE_5096_length_1624_cov_4.439546	1	1624	485	1616	99.5074	39.2026	35.7	56.8
GC1003827_F08_NODE_5097_length_1624_cov_1.527722	1	1624	148	1624	100	11.2161	34.8	52.7
GC1003827_F08_NODE_5098_length_1623_cov_14.645722	1	1623	1532	1623	100	126.896	35.8	57.9
GC1003827_F08_NODE_5099_length_1623_cov_6.617647	1	1623	585	1623	100	48.2994	35.4	58.5
GC1003827_F08_NODE_5100_length_1623_cov_4.632353	1	1623	463	1623	100	37.273	35.5	53.7
GC1003827_F08_NODE_5101_length_1623_cov_4.267380	1	1623	321	1621	99.8768	28.8398	35.3	59.4
GC1003827_F08_NODE_5102_length_1622_cov_7.158528	1	1622	732	1622	100	62.8995	35.6	58.7
GC1003827_F08_NODE_5103_length_1622_cov_2.081605	1	1622	298	1622	100	22.9624	35.1	54.6
GC1003827_F08_NODE_5104_length_1622_cov_1.703679	1	1622	135	1620	99.8767	12.0894	35.9	59.3
GC1003827_F08_NODE_5105_length_1621_cov_3.852744	1	1621	512	1621	100	38.8822	35.5	50.4
GC1003827_F08_NODE_5106_length_1621_cov_2.647925	1	1621	407	1621	100	24.8371	34.7	35.3
GC1003827_F08_NODE_5107_length_1621_cov_1.127845	1	1621	114	1621	100	9.12585	35.7	58.3
GC1003827_F08_NODE_5108_length_1620_cov_5.322840	1	1620	435	1620	100	38.4068	35.7	59.1
GC1003827_F08_NODE_5109_length_1620_cov_4.408573	1	1620	763	1620	100	54.929	35.1	52.7
GC1003827_F08_NODE_5110_length_1620_cov_3.899531	1	1620	503	1620	100	40.3475	35.2	56.3
GC1003827_F08_NODE_5111_length_1620_cov_3.565975	1	1620	356	1620	100	28.8525	35.7	54.5
GC1003827_F08_NODE_5112_length_1620_cov_2.636973	1	1620	212	1620	100	18.229	35.5	58.8
GC1003827_F08_NODE_5113_length_1620_cov_1.519759	1	1620	141	1620	100	11.6784	35.3	56.4
GC1003827_F08_NODE_5114_length_1619_cov_9.585791	1	1619	1457	1619	100	114.796	35.3	56.5
GC1003827_F08_NODE_5115_length_1619_cov_7.353887	1	1619	808	1619	100	64.3471	35.5	52.1
GC1003827_F08_NODE_5116_length_1619_cov_6.866622	1	1619	672	1609	99.3823	56.4126	35.7	57.6
GC1003827_F08_NODE_5117_length_1619_cov_6.237936	1	1619	597	1619	100	51.4577	35.5	57.8
GC1003827_F08_NODE_5118_length_1618_cov_5.488263	1	1618	608	1618	100	44.1706	35.2	41.7
GC1003827_F08_NODE_5119_length_1618_cov_2.066398	1	1618	188	1618	100	15.246	35.5	52.8
GC1003827_F08_NODE_5120_length_1617_cov_14.170470	1	1617	1281	1617	100	110.332	35.7	58.6
GC1003827_F08_NODE_5121_length_1617_cov_10.920805	1	1617	1004	1617	100	86.9035	35.7	59.2
GC1003827_F08_NODE_5122_length_1617_cov_8.273826	1	1617	1317	1617	100	105.002	35	57
GC1003827_F08_NODE_5123_length_1617_cov_7.276510	1	1617	875	1617	100	71.9301	35.1	57.9
GC1003827_F08_NODE_5124_length_1617_cov_7.048993	1	1617	532	1617	100	48.0921	35.7	59.4
GC1003827_F08_NODE_5125_length_1617_cov_5.822148	1	1617	531	1617	100	45.517	35.4	58.2
GC1003827_F08_NODE_5126_length_1617_cov_5.153691	1	1617	501	1617	100	39.5813	35.6	52
GC1003827_F08_NODE_5127_length_1617_cov_4.251678	1	1617	331	1617	100	29.6178	35.5	58.9
GC1003827_F08_NODE_5128_length_1617_cov_3.002685	1	1617	764	1617	100	42.778	35.2	34.1
GC1003827_F08_NODE_5129_length_1617_cov_2.436913	1	1617	207	1616	99.9382	18.5448	35.7	59.4
GC1003827_F08_NODE_5130_length_1616_cov_10.633983	1	1616	1328	1616	100	101.49	35.6	56.1
GC1003827_F08_NODE_5131_length_1616_cov_7.873741	1	1616	1051	1616	100	73.5625	35.3	49.6
GC1003827_F08_NODE_5132_length_1616_cov_6.364003	1	1616	729	1616	100	59.3626	35.2	58.1
GC1003827_F08_NODE_5133_length_1616_cov_5.748825	1	1616	512	1616	100	42.9932	35.9	58.9
GC1003827_F08_NODE_5134_length_1616_cov_5.240430	1	1616	827	1616	100	57.9412	35.3	47.4
GC1003827_F08_NODE_5135_length_1616_cov_5.121558	1	1616	437	1607	99.4431	38.8391	35.7	59.4
GC1003827_F08_NODE_5136_length_1616_cov_5.112156	1	1616	464	1616	100	39.6801	35.7	58.5
GC1003827_F08_NODE_5137_length_1616_cov_4.520484	1	1616	875	1616	100	58.1151	35.1	47.5
GC1003827_F08_NODE_5138_length_1615_cov_10.346774	1	1615	1098	1615	100	91.2161	35.4	57.6
GC1003827_F08_NODE_5139_length_1615_cov_8.135081	1	1615	840	1614	99.9381	70.3851	35.6	57.7
GC1003827_F08_NODE_5140_length_1615_cov_3.006048	1	1615	413	1615	100	31.8025	34.9	54.4
GC1003827_F08_NODE_5141_length_1614_cov_9.332213	1	1614	1241	1614	100	93.9715	35.4	47.6
GC1003827_F08_NODE_5142_length_1614_cov_5.653665	1	1614	713	1613	99.938	46.9257	35.7	42.6
GC1003827_F08_NODE_5143_length_1614_cov_4.262946	1	1614	419	1614	100	35.8922	35.9	58.8
GC1003827_F08_NODE_5144_length_1614_cov_3.940820	1	1614	440	1614	100	32.1475	35.6	55.2
GC1003827_F08_NODE_5145_length_1614_cov_2.989240	1	1614	705	1614	100	43.2292	35.2	41.5
GC1003827_F08_NODE_5146_length_1614_cov_1.920646	1	1614	178	1614	100	15.9988	35.5	59.6
GC1003827_F08_NODE_5147_length_1613_cov_12.238896	1	1613	1143	1613	100	98.2195	35.4	58.2
GC1003827_F08_NODE_5148_length_1613_cov_6.617093	1	1613	621	1613	100	52.9436	35.7	57.6
GC1003827_F08_NODE_5149_length_1613_cov_6.607672	1	1613	997	1613	100	72.6342	35	48.4
GC1003827_F08_NODE_5150_length_1613_cov_5.753701	1	1613	598	1613	100	50.9101	35.5	58
GC1003827_F08_NODE_5151_length_1613_cov_5.315612	1	1613	483	1613	100	41.5338	35.3	57.8
GC1003827_F08_NODE_5152_length_1613_cov_3.272544	1	1613	487	1613	100	35.3063	35.4	49.5
GC1003827_F08_NODE_5153_length_1613_cov_3.265141	1	1613	281	1603	99.38	24.3869	35.9	59
GC1003827_F08_NODE_5154_length_1613_cov_2.648721	1	1613	240	1613	100	21.8407	35.4	60
GC1003827_F08_NODE_5155_length_1612_cov_10.404714	1	1612	1066	1612	100	88.585	35.3	56.9
GC1003827_F08_NODE_5156_length_1612_cov_9.484175	1	1612	850	1612	100	71.8015	35.7	58.1
GC1003827_F08_NODE_5157_length_1612_cov_3.777778	1	1612	310	1612	100	27.4349	35.3	58.4
GC1003827_F08_NODE_5158_length_1612_cov_3.558249	1	1612	504	1612	100	31.1737	35.1	33.4
GC1003827_F08_NODE_5159_length_1612_cov_1.913805	1	1612	228	1612	100	19.0682	35.3	58.8
GC1003827_F08_NODE_5160_length_1611_cov_7.621294	1	1611	714	1611	100	60.1037	35.4	57.1
GC1003827_F08_NODE_5161_length_1611_cov_5.314690	1	1611	603	1611	100	48.4264	35.5	53.8
GC1003827_F08_NODE_5162_length_1611_cov_4.957547	1	1611	479	1611	100	39.6487	35.6	57.4
GC1003827_F08_NODE_5163_length_1611_cov_3.117251	1	1611	374	1611	100	28.7256	35.5	54.2
GC1003827_F08_NODE_5164_length_1611_cov_2.375337	1	1611	196	1611	100	17.1782	35.2	58.5
GC1003827_F08_NODE_5165_length_1611_cov_1.278976	1	1611	113	1611	100	9.80385	35.5	58
GC1003827_F08_NODE_5166_length_1610_cov_6.920432	1	1610	593	1610	100	52.1205	35.9	59
GC1003827_F08_NODE_5167_length_1610_cov_6.166554	1	1610	919	1610	100	68.8994	35.2	52.8
GC1003827_F08_NODE_5168_length_1610_cov_3.628456	1	1610	388	1610	100	28.5503	35.6	43.6
GC1003827_F08_NODE_5169_length_1610_cov_3.081591	1	1610	340	1610	100	27.3708	35.7	57.6
GC1003827_F08_NODE_5170_length_1610_cov_3.053270	1	1610	262	1610	100	22.6342	35.3	58.5
GC1003827_F08_NODE_5171_length_1610_cov_2.799056	1	1610	530	1610	100	36.2286	35	46.9
GC1003827_F08_NODE_5172_length_1610_cov_2.611598	1	1610	484	1610	100	27.1317	35.1	42.9
GC1003827_F08_NODE_5173_length_1610_cov_2.198921	1	1610	221	1610	100	18.7329	35.6	55.4
GC1003827_F08_NODE_5174_length_1610_cov_1.504383	1	1610	115	1610	100	10.318	35.2	59.5
GC1003827_F08_NODE_5175_length_1610_cov_1.432906	1	1610	108	1610	100	9.87267	35.1	60
GC1003827_F08_NODE_5176_length_1609_cov_16.408232	1	1609	1617	1609	100	136.863	35.6	57.9
GC1003827_F08_NODE_5177_length_1609_cov_10.595142	1	1609	957	1609	100	83.133	35.1	58.2
GC1003827_F08_NODE_5178_length_1609_cov_7.852227	1	1609	790	1609	100	65.2927	35.7	56.6
GC1003827_F08_NODE_5179_length_1609_cov_1.582321	1	1609	135	1609	100	11.995	35.4	59.6
GC1003827_F08_NODE_5180_length_1609_cov_0.734143	1	1609	73	1609	100	6.39652	35.9	59.6
GC1003827_F08_NODE_5181_length_1608_cov_19.735314	1	1608	2073	1608	100	175.162	35.5	58.2
GC1003827_F08_NODE_5182_length_1608_cov_6.369345	1	1608	618	1608	100	51.7693	35.5	58.3
GC1003827_F08_NODE_5183_length_1608_cov_4.533423	1	1608	446	1608	100	37.4198	35.5	56.6
GC1003827_F08_NODE_5184_length_1608_cov_2.704929	1	1608	495	1599	99.4403	32.9701	34.9	48.5
GC1003827_F08_NODE_5185_length_1608_cov_0.942606	1	1608	146	1588	98.7562	8.83271	34.9	41
GC1003827_F08_NODE_5186_length_1607_cov_15.416216	1	1607	1221	1607	100	109.188	35.7	59.2
GC1003827_F08_NODE_5187_length_1607_cov_8.699324	1	1607	800	1607	100	68.5115	35.4	58.1
GC1003827_F08_NODE_5188_length_1607_cov_1.285135	1	1607	106	1607	100	9.55258	35.9	59.6
GC1003827_F08_NODE_5189_length_1607_cov_0.925000	1	1607	63	1607	100	5.84256	36	59.9
GC1003827_F08_NODE_5190_length_1606_cov_8.866802	1	1606	1444	1606	100	98.8194	34.7	44.3
GC1003827_F08_NODE_5191_length_1606_cov_4.554429	1	1606	420	1606	100	35.7435	35.7	57.7
GC1003827_F08_NODE_5192_length_1606_cov_4.396214	1	1606	371	1606	100	32.7983	35.6	59.3
GC1003827_F08_NODE_5193_length_1606_cov_3.829615	1	1606	349	1606	100	30.2179	35.6	58.1
GC1003827_F08_NODE_5194_length_1606_cov_3.718053	1	1606	333	1606	100	29.5125	35.4	59.2
GC1003827_F08_NODE_5195_length_1606_cov_3.280595	1	1606	366	1606	100	29.9309	35.4	56.5
GC1003827_F08_NODE_5196_length_1606_cov_2.286004	1	1606	195	1606	100	17.2279	35	59.6
GC1003827_F08_NODE_5197_length_1606_cov_1.646383	1	1606	149	1596	99.3773	13.0149	35.6	59.9
GC1003827_F08_NODE_5198_length_1606_cov_0.755240	1	1606	61	1606	100	5.2391	35.5	58.2
GC1003827_F08_NODE_5199_length_1604_cov_13.032498	1	1604	1274	1604	100	101.526	35.4	49.8
GC1003827_F08_NODE_5200_length_1604_cov_8.950575	1	1604	1151	1604	100	91.9046	35.2	56.2
GC1003827_F08_NODE_5201_length_1604_cov_6.866622	1	1604	650	1604	100	56.0792	35.4	58.5
GC1003827_F08_NODE_5202_length_1604_cov_5.345295	1	1604	460	1604	100	40.7936	35.8	59.6
GC1003827_F08_NODE_5203_length_1604_cov_3.285714	1	1604	311	1604	100	25.4227	35.7	57
GC1003827_F08_NODE_5204_length_1604_cov_2.392688	1	1604	239	1604	100	18.7737	35.7	48.8
GC1003827_F08_NODE_5205_length_1603_cov_12.455962	1	1603	1453	1603	100	118.966	35.1	55
GC1003827_F08_NODE_5206_length_1603_cov_1.570461	1	1603	171	1603	100	13.7555	35.4	55.8
GC1003827_F08_NODE_5207_length_1602_cov_8.081356	1	1602	880	1602	100	72.0524	35.3	56.2
GC1003827_F08_NODE_5208_length_1602_cov_6.820339	1	1602	730	1602	100	59.4638	35.4	55.8
GC1003827_F08_NODE_5209_length_1602_cov_5.023729	1	1602	429	1590	99.2509	37.2772	35.7	58.7
GC1003827_F08_NODE_5210_length_1602_cov_4.492881	1	1602	360	1600	99.8752	31.7909	35.8	58
GC1003827_F08_NODE_5211_length_1602_cov_3.237966	1	1602	271	1602	100	24.0481	35.9	58.8
GC1003827_F08_NODE_5212_length_1602_cov_3.175593	1	1602	257	1602	100	23.5824	35.4	59.9
GC1003827_F08_NODE_5213_length_1602_cov_1.917966	1	1602	218	1602	100	15.7853	35.4	45.4
GC1003827_F08_NODE_5214_length_1602_cov_1.574915	1	1602	127	1601	99.9376	10.9613	35.2	57.6
GC1003827_F08_NODE_5215_length_1601_cov_7.661465	1	1601	874	1601	100	62.6384	35.3	42.2
GC1003827_F08_NODE_5216_length_1601_cov_3.246947	1	1601	288	1601	100	25.3898	34.9	59.4
GC1003827_F08_NODE_5217_length_1600_cov_3.674813	1	1600	341	1600	100	27.845	35.5	56.5
GC1003827_F08_NODE_5218_length_1600_cov_1.966056	1	1600	294	1600	100	23.3612	35	55.2
GC1003827_F08_NODE_5219_length_1599_cov_11.658967	1	1599	1045	1599	100	89.546	35.6	57.1
GC1003827_F08_NODE_5220_length_1599_cov_8.781929	1	1599	897	1599	100	75.0763	35.5	58.5
GC1003827_F08_NODE_5221_length_1599_cov_6.938179	1	1599	580	1599	100	50.778	35.5	58.1
GC1003827_F08_NODE_5222_length_1599_cov_4.347826	1	1599	411	1599	100	35.404	35.7	58.4
GC1003827_F08_NODE_5223_length_1599_cov_4.207880	1	1599	341	1598	99.9375	30.5754	35.4	59.2
GC1003827_F08_NODE_5224_length_1599_cov_4.205842	1	1599	511	1599	100	39.96	35.3	51
GC1003827_F08_NODE_5225_length_1599_cov_3.956522	1	1599	430	1599	100	36.0269	35.3	58.4
GC1003827_F08_NODE_5226_length_1599_cov_3.104620	1	1599	286	1599	100	24.4053	35.9	57.4
GC1003827_F08_NODE_5227_length_1599_cov_2.795516	1	1599	329	1599	100	24.4146	35.3	46.7
GC1003827_F08_NODE_5228_length_1598_cov_27.460911	1	1598	2966	1598	100	248.855	35.6	57.5
GC1003827_F08_NODE_5229_length_1598_cov_8.732835	1	1598	875	1598	100	74.7447	35	58.4
GC1003827_F08_NODE_5230_length_1598_cov_1.434398	1	1598	181	1598	100	13.2196	35.6	48.4
GC1003827_F08_NODE_5231_length_1597_cov_21.998639	1	1597	1773	1597	100	157.787	35.6	58.8
GC1003827_F08_NODE_5232_length_1597_cov_6.726531	1	1597	1117	1597	100	71.7858	35.5	45
GC1003827_F08_NODE_5233_length_1597_cov_3.946259	1	1597	5562	1597	100	196.979	32.5	5.74
GC1003827_F08_NODE_5234_length_1597_cov_2.097959	1	1597	201	1597	100	17.8228	35.8	59
GC1003827_F08_NODE_5235_length_1597_cov_1.900000	1	1597	203	1597	100	16.454	35.4	55
GC1003827_F08_NODE_5236_length_1596_cov_22.107556	1	1596	1968	1596	100	174.372	35.7	59.2
GC1003827_F08_NODE_5237_length_1596_cov_6.377127	1	1596	615	1596	100	54.037	35.5	59.1
GC1003827_F08_NODE_5238_length_1596_cov_4.317903	1	1596	364	1596	100	32.4342	35.5	59.3
GC1003827_F08_NODE_5239_length_1596_cov_4.179714	1	1596	374	1596	100	32.1228	35.8	58.8
GC1003827_F08_NODE_5240_length_1596_cov_2.906059	1	1596	370	1596	100	29.151	35.3	53.2
GC1003827_F08_NODE_5241_length_1596_cov_2.342410	1	1596	194	1596	100	17.3365	35.8	59.4
GC1003827_F08_NODE_5242_length_1595_cov_8.713896	1	1595	892	1595	100	75.3223	35.6	57
GC1003827_F08_NODE_5243_length_1595_cov_7.802452	1	1595	898	1595	100	69.3668	35.3	51
GC1003827_F08_NODE_5244_length_1595_cov_5.307902	1	1595	488	1595	100	42.81	35.8	58.7
GC1003827_F08_NODE_5245_length_1595_cov_1.760218	1	1595	152	1595	100	12.7918	35.5	57.5
GC1003827_F08_NODE_5246_length_1595_cov_1.641008	1	1595	150	1595	100	12.7831	35.5	57.8
GC1003827_F08_NODE_5247_length_1594_cov_9.937969	1	1594	795	1594	100	71.2917	35.4	59.1
GC1003827_F08_NODE_5248_length_1594_cov_7.145194	1	1594	686	1593	99.9373	58.7164	35.9	57.6
GC1003827_F08_NODE_5249_length_1594_cov_2.649625	1	1594	230	1594	100	20.1361	35.6	58.6
GC1003827_F08_NODE_5250_length_1593_cov_12.426330	1	1593	1743	1593	100	142.832	35.4	52.7
GC1003827_F08_NODE_5251_length_1593_cov_7.083902	1	1593	651	1593	100	54.99	35.4	56.2
GC1003827_F08_NODE_5252_length_1593_cov_6.970668	1	1593	530	1593	100	48.4965	35.7	59.5
GC1003827_F08_NODE_5253_length_1593_cov_4.737381	1	1593	736	1593	100	58.0025	34.4	52.5
GC1003827_F08_NODE_5254_length_1593_cov_4.541610	1	1593	377	1593	100	33.6987	35.8	59
GC1003827_F08_NODE_5255_length_1593_cov_1.813779	1	1593	309	1593	100	19.4614	35.5	30.5
GC1003827_F08_NODE_5256_length_1592_cov_6.734471	1	1592	569	1592	100	49.1106	35.7	56
GC1003827_F08_NODE_5257_length_1592_cov_3.735836	1	1592	775	1592	100	57.6263	35.1	38.8
GC1003827_F08_NODE_5258_length_1592_cov_2.599317	1	1592	259	1592	100	22.0421	35.5	55.5
GC1003827_F08_NODE_5259_length_1592_cov_1.620478	1	1592	499	1582	99.3719	21.6281	32.9	23.2
GC1003827_F08_NODE_5260_length_1591_cov_16.680328	1	1591	2164	1591	100	178.423	34.5	57.4
GC1003827_F08_NODE_5261_length_1591_cov_13.098361	1	1591	1281	1591	100	109.966	35.6	58.1
GC1003827_F08_NODE_5262_length_1591_cov_12.257514	1	1591	1055	1591	100	92.9302	35.6	58.8
GC1003827_F08_NODE_5263_length_1591_cov_11.709699	1	1591	1142	1591	100	95.9642	35.7	55.5
GC1003827_F08_NODE_5264_length_1591_cov_7.853825	1	1591	662	1591	100	59.807	35.5	59.4
GC1003827_F08_NODE_5265_length_1591_cov_6.394809	1	1591	644	1591	100	54.6273	35.9	58.6
GC1003827_F08_NODE_5266_length_1591_cov_1.538251	1	1591	281	1591	100	19.0559	34.8	47
GC1003827_F08_NODE_5267_length_1591_cov_1.442623	1	1591	173	1581	99.3715	12.8661	35.2	50.4
GC1003827_F08_NODE_5268_length_1591_cov_1.117486	1	1591	112	1591	100	10.0698	35	59.5
GC1003827_F08_NODE_5269_length_1590_cov_8.370472	1	1590	864	1590	100	71.0887	35.4	55.4
GC1003827_F08_NODE_5270_length_1590_cov_5.493506	1	1590	645	1590	100	53.1792	35.5	58.2
GC1003827_F08_NODE_5271_length_1590_cov_1.938483	1	1590	135	1589	99.9371	12.4679	35.5	59.8
GC1003827_F08_NODE_5272_length_1589_cov_10.574555	1	1589	1110	1589	100	94.4493	35.4	57.9
GC1003827_F08_NODE_5273_length_1589_cov_9.162107	1	1589	912	1589	100	74.2014	35.5	56.1
GC1003827_F08_NODE_5274_length_1589_cov_6.289330	1	1589	547	1589	100	48.8351	35.5	58.6
GC1003827_F08_NODE_5275_length_1589_cov_4.649795	1	1589	361	1589	100	32.7445	35.6	59.3
GC1003827_F08_NODE_5276_length_1589_cov_4.219562	1	1589	1125	1589	100	67.0126	34.6	24
GC1003827_F08_NODE_5277_length_1589_cov_3.899453	1	1589	1245	1589	100	71.7697	34.5	28.6
GC1003827_F08_NODE_5278_length_1589_cov_3.709302	1	1589	295	1589	100	26.1045	35	58.7
GC1003827_F08_NODE_5279_length_1589_cov_2.522572	1	1589	176	1589	100	16.2146	35.6	60
GC1003827_F08_NODE_5280_length_1589_cov_2.413133	1	1589	180	1588	99.9371	16.1894	35.5	58.3
GC1003827_F08_NODE_5281_length_1588_cov_15.518823	1	1588	1283	1588	100	114.329	35.6	59.2
GC1003827_F08_NODE_5282_length_1588_cov_4.984257	1	1588	574	1588	100	47.7336	35.5	57.7
GC1003827_F08_NODE_5283_length_1588_cov_3.806982	1	1588	329	1588	100	28.9918	35.7	59.3
GC1003827_F08_NODE_5284_length_1588_cov_3.713210	1	1588	271	1588	100	25.1278	35.7	60
GC1003827_F08_NODE_5285_length_1588_cov_1.008898	1	1588	96	1588	100	8.60957	36	58.8
GC1003827_F08_NODE_5286_length_1587_cov_9.016438	1	1587	1096	1587	100	84.0397	35.5	54.9
GC1003827_F08_NODE_5287_length_1587_cov_5.245890	1	1587	572	1587	100	45.5186	35.9	56.6
GC1003827_F08_NODE_5288_length_1587_cov_5.170548	1	1587	568	1587	100	44.8387	35.6	51.5
GC1003827_F08_NODE_5289_length_1587_cov_2.797945	1	1587	420	1587	100	26.1802	35.4	40.9
GC1003827_F08_NODE_5290_length_1587_cov_1.801370	1	1587	295	1587	100	23.0365	35	55.1
GC1003827_F08_NODE_5291_length_1586_cov_9.015764	1	1586	829	1586	100	72.3121	35.4	58.6
GC1003827_F08_NODE_5292_length_1586_cov_8.788211	1	1586	757	1586	100	67.256	35.2	58.8
GC1003827_F08_NODE_5293_length_1586_cov_7.073338	1	1586	767	1586	100	63.918	35.7	56.5
GC1003827_F08_NODE_5294_length_1586_cov_6.607951	1	1586	520	1586	100	46.6349	35.7	58.9
GC1003827_F08_NODE_5295_length_1586_cov_6.119260	1	1586	1672	1586	100	92.1765	35	29.2
GC1003827_F08_NODE_5296_length_1586_cov_5.767649	1	1586	838	1586	100	55.5259	35.4	37
GC1003827_F08_NODE_5297_length_1586_cov_5.071282	1	1586	443	1586	100	38.7629	35.7	57.7
GC1003827_F08_NODE_5298_length_1585_cov_13.616598	1	1585	1275	1585	100	112.818	35.6	59
GC1003827_F08_NODE_5299_length_1585_cov_11.152263	1	1585	900	1585	100	80.8442	35.5	59.4
GC1003827_F08_NODE_5300_length_1585_cov_10.478738	1	1585	822	1585	100	73.3653	35.7	59.1
GC1003827_F08_NODE_5301_length_1585_cov_9.733196	1	1585	941	1585	100	78.6536	35.6	57.7
GC1003827_F08_NODE_5302_length_1585_cov_7.768861	1	1585	973	1585	100	67.4397	35.4	43.5
GC1003827_F08_NODE_5303_length_1585_cov_5.637174	1	1585	461	1585	100	41.2353	35.7	59.2
GC1003827_F08_NODE_5304_length_1585_cov_4.956104	1	1585	466	1585	100	40.5129	35.8	58.2
GC1003827_F08_NODE_5305_length_1585_cov_3.072016	1	1585	311	1585	100	25.3893	35.7	56.6
GC1003827_F08_NODE_5306_length_1584_cov_4.279341	1	1584	392	1584	100	32.8415	35.5	56.9
GC1003827_F08_NODE_5307_length_1584_cov_2.619080	1	1584	240	1584	100	20.6168	35.7	57.1
GC1003827_F08_NODE_5308_length_1583_cov_12.062500	1	1583	1002	1583	100	89.1693	35.7	58.8
GC1003827_F08_NODE_5309_length_1583_cov_10.174451	1	1583	915	1583	100	79.6639	35.5	58.8
GC1003827_F08_NODE_5310_length_1583_cov_8.313187	1	1583	873	1583	100	74.6342	35.1	57.2
GC1003827_F08_NODE_5311_length_1583_cov_7.692308	1	1583	867	1583	100	69.4232	35.6	55.1
GC1003827_F08_NODE_5312_length_1583_cov_3.665522	1	1583	381	1583	100	31.602	35.3	57.3
GC1003827_F08_NODE_5313_length_1583_cov_0.964973	1	1583	84	1583	100	7.35818	35.1	60
GC1003827_F08_NODE_5314_length_1582_cov_8.737457	1	1582	807	1582	100	70.1378	35.5	57.4
GC1003827_F08_NODE_5315_length_1582_cov_4.788316	1	1582	496	1582	100	41.3938	35.6	56.9
GC1003827_F08_NODE_5316_length_1582_cov_4.632990	1	1582	629	1582	100	49.8685	34.7	54.3
GC1003827_F08_NODE_5317_length_1582_cov_3.699656	1	1582	429	1582	100	34.4722	35.9	55.6
GC1003827_F08_NODE_5318_length_1582_cov_2.257732	1	1582	206	1582	100	18.1757	35.5	57.9
GC1003827_F08_NODE_5319_length_1582_cov_1.426804	1	1582	113	1582	100	10.0809	35.5	59.3
GC1003827_F08_NODE_5320_length_1581_cov_8.593535	1	1581	938	1581	100	77.3662	35.1	54.2
GC1003827_F08_NODE_5321_length_1581_cov_6.372077	1	1581	536	1581	100	47.716	35.5	58.5
GC1003827_F08_NODE_5322_length_1581_cov_6.034388	1	1581	533	1581	100	47.2397	35.5	58.4
GC1003827_F08_NODE_5323_length_1581_cov_4.743466	1	1581	397	1578	99.8102	35.8564	35.6	59.5
GC1003827_F08_NODE_5324_length_1581_cov_2.901651	1	1581	415	1581	100	26.389	35.6	48.7
GC1003827_F08_NODE_5325_length_1581_cov_1.927785	1	1581	191	1581	100	15.8071	35.9	58.8
GC1003827_F08_NODE_5326_length_1581_cov_1.702201	1	1581	226	1581	100	16.7736	35.7	50.4
GC1003827_F08_NODE_5327_length_1581_cov_1.302613	1	1581	115	1581	100	10.2479	35.5	59.3
GC1003827_F08_NODE_5328_length_1581_cov_1.116919	1	1581	90	1581	100	8.24858	35.8	60
GC1003827_F08_NODE_5329_length_1580_cov_8.209222	1	1580	1120	1580	100	89.3108	34.9	54.2
GC1003827_F08_NODE_5330_length_1580_cov_7.743290	1	1580	732	1580	100	59.2741	35.5	53.7
GC1003827_F08_NODE_5331_length_1580_cov_7.555403	1	1580	1538	1580	100	131.814	35.1	39.3
GC1003827_F08_NODE_5332_length_1580_cov_3.445974	1	1580	307	1580	100	27.9456	35.8	59.8
GC1003827_F08_NODE_5333_length_1580_cov_1.926359	1	1580	214	1580	100	17.2823	35.7	55.5
GC1003827_F08_NODE_5334_length_1580_cov_1.577426	1	1580	152	1580	100	13.6152	35.7	59.6
GC1003827_F08_NODE_5335_length_1579_cov_10.949725	1	1579	924	1579	100	82.969	35.4	59.3
GC1003827_F08_NODE_5336_length_1579_cov_4.379477	1	1579	367	1579	100	31.0931	36	57.8
GC1003827_F08_NODE_5337_length_1579_cov_3.556474	1	1579	281	1579	100	25.4414	35.7	59.1
GC1003827_F08_NODE_5338_length_1579_cov_3.103306	1	1579	324	1577	99.8733	25.9867	35.8	56.2
GC1003827_F08_NODE_5339_length_1578_cov_11.597519	1	1578	1370	1578	100	102.248	35.4	43.5
GC1003827_F08_NODE_5340_length_1578_cov_6.616816	1	1578	566	1578	100	50.6984	35.4	58.4
GC1003827_F08_NODE_5341_length_1578_cov_4.091661	1	1578	594	1578	100	40.2839	35.5	44.9
GC1003827_F08_NODE_5342_length_1578_cov_3.606478	1	1578	533	1578	100	37.6888	35.2	47.7
GC1003827_F08_NODE_5343_length_1578_cov_3.505169	1	1578	358	1578	100	27.91	35.8	50.8
GC1003827_F08_NODE_5344_length_1578_cov_1.856651	1	1578	162	1578	100	13.9328	35.8	57.4
GC1003827_F08_NODE_5345_length_1577_cov_12.191034	1	1577	1108	1577	100	97.6918	35.6	57.9
GC1003827_F08_NODE_5346_length_1577_cov_6.773103	1	1577	898	1572	99.6829	68.9328	35.7	55.2
GC1003827_F08_NODE_5347_length_1577_cov_6.088966	1	1577	694	1577	100	55.806	35.4	56.6
GC1003827_F08_NODE_5348_length_1577_cov_4.861379	1	1577	398	1577	100	35.8979	35.7	59.1
GC1003827_F08_NODE_5349_length_1576_cov_13.769496	1	1576	1705	1576	100	138.248	35.7	56
GC1003827_F08_NODE_5350_length_1576_cov_6.275362	1	1576	505	1576	100	46.2145	35.6	59.4
GC1003827_F08_NODE_5351_length_1576_cov_3.242236	1	1576	344	1576	100	26.2291	35.8	51.8
GC1003827_F08_NODE_5352_length_1576_cov_1.699793	1	1576	269	1574	99.8731	19.3687	35.5	50.5
GC1003827_F08_NODE_5353_length_1575_cov_13.025552	1	1575	1219	1575	100	104.648	35.7	58.4
GC1003827_F08_NODE_5354_length_1575_cov_10.448895	1	1575	1104	1575	100	89.5581	35.3	52.4
GC1003827_F08_NODE_5355_length_1575_cov_4.531077	1	1575	496	1575	100	41.4578	35.5	57.7
GC1003827_F08_NODE_5356_length_1575_cov_3.625000	1	1575	307	1575	100	26.9321	35.5	58
GC1003827_F08_NODE_5357_length_1575_cov_3.520718	1	1575	391	1575	100	33.4057	35.1	57.9
GC1003827_F08_NODE_5358_length_1575_cov_3.394337	1	1575	340	1575	100	28.4444	35.6	58
GC1003827_F08_NODE_5359_length_1575_cov_3.348757	1	1575	270	1575	100	24.567	35.4	59.6
GC1003827_F08_NODE_5360_length_1575_cov_1.326657	1	1575	112	1573	99.873	10.1695	35.9	59.5
GC1003827_F08_NODE_5361_length_1575_cov_1.160912	1	1575	90	1575	100	8.36635	35.6	60
GC1003827_F08_NODE_5362_length_1574_cov_6.552868	1	1574	617	1574	100	52.0928	35.8	56.9
GC1003827_F08_NODE_5363_length_1574_cov_5.579129	1	1574	706	1574	100	54.6614	35.5	55.6
GC1003827_F08_NODE_5364_length_1574_cov_3.391845	1	1574	281	1574	100	24.9682	35.8	56.3
GC1003827_F08_NODE_5365_length_1574_cov_2.821009	1	1574	226	1574	100	20.7325	35.6	59.4
GC1003827_F08_NODE_5366_length_1574_cov_2.041465	1	1574	148	1574	100	13.4879	35.9	58.8
GC1003827_F08_NODE_5367_length_1573_cov_6.578838	1	1573	531	1573	100	47.8938	35.7	59.9
GC1003827_F08_NODE_5368_length_1573_cov_5.719225	1	1573	772	1573	100	60.5264	35.5	53.9
GC1003827_F08_NODE_5369_length_1573_cov_4.503458	1	1573	367	1573	100	33.2371	35.3	59.2
GC1003827_F08_NODE_5370_length_1573_cov_4.173582	1	1573	429	1573	100	37.007	35.5	58.3
GC1003827_F08_NODE_5371_length_1573_cov_3.486860	1	1573	286	1573	100	25.7254	35.5	59.4
GC1003827_F08_NODE_5372_length_1573_cov_1.835408	1	1573	163	1573	100	14.5168	35.6	59.4
GC1003827_F08_NODE_5373_length_1572_cov_17.755709	1	1572	1685	1572	100	148.169	35.6	52.3
GC1003827_F08_NODE_5374_length_1572_cov_12.379239	1	1572	1688	1572	100	136.291	35.3	49.7
GC1003827_F08_NODE_5375_length_1572_cov_10.446367	1	1572	1062	1572	100	87.5057	35.4	55.7
GC1003827_F08_NODE_5376_length_1572_cov_8.558478	1	1572	945	1572	100	79.6425	35.8	54
GC1003827_F08_NODE_5377_length_1572_cov_5.963322	1	1572	531	1572	100	47.1081	35.7	58.6
GC1003827_F08_NODE_5378_length_1572_cov_4.728720	1	1572	679	1572	100	46	35.1	46.7
GC1003827_F08_NODE_5379_length_1571_cov_11.486842	1	1571	1042	1570	99.9363	92.9822	35.7	58.6
GC1003827_F08_NODE_5380_length_1571_cov_10.554709	1	1571	1030	1571	100	86.9675	35.6	56.5
GC1003827_F08_NODE_5381_length_1571_cov_8.634349	1	1571	885	1571	100	75.2451	35.5	57.7
GC1003827_F08_NODE_5382_length_1571_cov_6.553324	1	1571	517	1571	100	47.3488	35.7	59.3
GC1003827_F08_NODE_5383_length_1571_cov_6.241690	1	1571	495	1571	100	45.345	35.3	59.4
GC1003827_F08_NODE_5384_length_1571_cov_3.079640	1	1571	350	1571	100	30.5048	35.3	58.6
GC1003827_F08_NODE_5385_length_1571_cov_1.948061	1	1571	594	1571	100	34.9332	34.5	22.2
GC1003827_F08_NODE_5386_length_1571_cov_0.677978	1	1571	55	1571	100	5.07002	36.3	60
GC1003827_F08_NODE_5387_length_1570_cov_14.302148	1	1570	1507	1570	100	128.382	35.4	56.4
GC1003827_F08_NODE_5388_length_1570_cov_7.970201	1	1570	1079	1570	100	82.5586	35.7	54.6
GC1003827_F08_NODE_5389_length_1570_cov_6.733888	1	1570	497	1570	100	46.0732	35.6	59.1
GC1003827_F08_NODE_5390_length_1570_cov_6.043659	1	1570	618	1570	100	51.6834	35.4	57.5
GC1003827_F08_NODE_5391_length_1570_cov_5.758836	1	1570	801	1570	100	60.4732	35	54
GC1003827_F08_NODE_5392_length_1570_cov_4.948718	1	1570	471	1570	100	41.7803	35.6	57.3
GC1003827_F08_NODE_5393_length_1570_cov_4.406098	1	1570	652	1570	100	48.7732	35.3	53.9
GC1003827_F08_NODE_5394_length_1570_cov_3.853084	1	1570	419	1570	100	35.1369	35.9	58.3
GC1003827_F08_NODE_5395_length_1570_cov_2.417186	1	1570	239	1570	100	19.1045	35.8	51.1
GC1003827_F08_NODE_5396_length_1570_cov_0.395703	1	1570	1191	1570	100	59.4025	34.1	17.8
GC1003827_F08_NODE_5397_length_1569_cov_8.144244	1	1569	913	1569	100	66.7368	35.5	47.3
GC1003827_F08_NODE_5398_length_1569_cov_3.945215	1	1569	568	1569	100	42.1511	35	53.9
GC1003827_F08_NODE_5399_length_1569_cov_2.689320	1	1569	226	1569	100	19.7744	35.6	59.1
GC1003827_F08_NODE_5400_length_1569_cov_2.518031	1	1569	235	1569	100	21.0312	35.5	58.9
GC1003827_F08_NODE_5401_length_1569_cov_2.000693	1	1569	303	1567	99.8725	21.6794	35.1	48.2
GC1003827_F08_NODE_5402_length_1569_cov_1.630374	1	1569	138	1569	100	12.1224	36	58.7
GC1003827_F08_NODE_5403_length_1568_cov_8.613463	1	1568	808	1565	99.8087	71.3603	35.1	56
GC1003827_F08_NODE_5404_length_1568_cov_8.440666	1	1568	644	1568	100	58.5351	35.5	59.3
GC1003827_F08_NODE_5405_length_1568_cov_3.964608	1	1568	648	1568	100	47.8431	34.6	48.1
GC1003827_F08_NODE_5406_length_1568_cov_3.287300	1	1568	279	1568	100	25.3393	35.8	59.4
GC1003827_F08_NODE_5407_length_1568_cov_2.313671	1	1568	181	1568	100	16.8036	36	59.7
GC1003827_F08_NODE_5408_length_1568_cov_2.253990	1	1568	677	1568	100	52.9732	34.8	36.6
GC1003827_F08_NODE_5409_length_1568_cov_1.836919	1	1568	152	1567	99.9362	13.6269	35.8	58.7
GC1003827_F08_NODE_5410_length_1568_cov_1.814018	1	1568	167	1566	99.8724	14.5676	35.3	57.5
GC1003827_F08_NODE_5411_length_1567_cov_5.434028	1	1567	456	1566	99.9362	40.1615	35.6	57.9
GC1003827_F08_NODE_5412_length_1567_cov_4.976389	1	1567	499	1567	100	45.6414	35.5	59.6
GC1003827_F08_NODE_5413_length_1567_cov_3.190278	1	1567	337	1567	100	28.1161	35.5	56.4
GC1003827_F08_NODE_5414_length_1567_cov_3.100000	1	1567	306	1567	100	25.6394	35.6	57.2
GC1003827_F08_NODE_5415_length_1566_cov_16.355803	1	1566	2324	1566	100	185.844	35.3	52.2
GC1003827_F08_NODE_5416_length_1566_cov_15.687978	1	1566	1655	1566	100	137.845	35.4	55.1
GC1003827_F08_NODE_5417_length_1566_cov_4.786657	1	1566	527	1566	100	43.2011	35.4	54.9
GC1003827_F08_NODE_5418_length_1566_cov_4.590688	1	1566	578	1566	100	46.4968	34.8	55
GC1003827_F08_NODE_5419_length_1566_cov_4.151494	1	1566	564	1566	100	41.0498	35.4	42.8
GC1003827_F08_NODE_5420_length_1565_cov_11.474965	1	1565	1023	1565	100	92.676	35.6	59
GC1003827_F08_NODE_5421_length_1565_cov_11.315716	1	1565	1200	1564	99.9361	101.073	35.7	56.8
GC1003827_F08_NODE_5422_length_1565_cov_6.216968	1	1565	624	1565	100	52.6652	35.8	58.3
GC1003827_F08_NODE_5423_length_1565_cov_5.691933	1	1565	452	1565	100	41.0703	35.6	58.7
GC1003827_F08_NODE_5424_length_1565_cov_5.165508	1	1565	601	1565	100	45.0045	35.5	48.7
GC1003827_F08_NODE_5425_length_1565_cov_3.841446	1	1565	388	1565	100	31.7623	35.9	55.1
GC1003827_F08_NODE_5426_length_1565_cov_2.117524	1	1565	275	1565	100	20.2185	35.8	52.2
GC1003827_F08_NODE_5427_length_1564_cov_8.353514	1	1564	817	1564	100	72.5019	35.1	58
GC1003827_F08_NODE_5428_length_1564_cov_5.855950	1	1564	531	1564	100	44.5786	35.3	52.5
GC1003827_F08_NODE_5429_length_1564_cov_4.161447	1	1564	385	1564	100	33.6503	35.5	58.4
GC1003827_F08_NODE_5430_length_1564_cov_1.051496	1	1564	219	1564	100	19.3434	35.9	58.5
GC1003827_F08_NODE_5431_length_1563_cov_16.682451	1	1563	1408	1563	100	125.324	35.5	58.8
GC1003827_F08_NODE_5432_length_1563_cov_7.016713	1	1563	574	1563	100	51.9091	35.4	52.5
GC1003827_F08_NODE_5433_length_1563_cov_4.191504	1	1563	903	1563	100	51.8957	34.5	30.7
GC1003827_F08_NODE_5434_length_1563_cov_1.496518	1	1563	132	1563	100	11.3954	35.3	57.1
GC1003827_F08_NODE_5435_length_1562_cov_22.469686	1	1562	2730	1562	100	224.357	35.1	58.1
GC1003827_F08_NODE_5436_length_1562_cov_10.685714	1	1562	1180	1562	100	101.536	35.7	57.6
GC1003827_F08_NODE_5437_length_1562_cov_7.817422	1	1562	584	1562	100	54.5423	35.6	59.6
GC1003827_F08_NODE_5438_length_1562_cov_7.090592	1	1562	859	1562	100	68.2932	35.6	53.3
GC1003827_F08_NODE_5439_length_1562_cov_6.228571	1	1562	863	1562	100	65.9545	35.3	52.7
GC1003827_F08_NODE_5440_length_1562_cov_5.381185	1	1562	499	1562	100	42.9539	35.5	57.9
GC1003827_F08_NODE_5441_length_1562_cov_4.373519	1	1562	560	1562	100	41.2497	34.9	48.8
GC1003827_F08_NODE_5442_length_1562_cov_4.345645	1	1562	355	1561	99.936	32.2343	35.7	58.9
GC1003827_F08_NODE_5443_length_1562_cov_2.574913	1	1562	234	1562	100	19.0339	35.6	56
GC1003827_F08_NODE_5444_length_1561_cov_10.302650	1	1561	863	1561	100	76.0346	35.3	56.3
GC1003827_F08_NODE_5445_length_1561_cov_8.966527	1	1561	817	1561	100	73.0173	35.8	58.3
GC1003827_F08_NODE_5446_length_1561_cov_5.917015	1	1561	943	1526	97.7578	69.9334	34.7	49.9
GC1003827_F08_NODE_5447_length_1561_cov_1.308926	1	1561	98	1561	100	9.07047	35.3	58.6
GC1003827_F08_NODE_5448_length_1560_cov_6.872296	1	1560	601	1560	100	52.6455	35.7	58.2
GC1003827_F08_NODE_5449_length_1560_cov_5.520586	1	1560	554	1560	100	45.3853	35.6	52.9
GC1003827_F08_NODE_5450_length_1559_cov_12.436453	1	1559	1302	1559	100	111.083	35.5	56.6
GC1003827_F08_NODE_5451_length_1559_cov_4.757682	1	1559	446	1559	100	38.0244	35.5	56.9
GC1003827_F08_NODE_5452_length_1559_cov_4.522346	1	1559	423	1559	100	37.7781	35.9	58.9
GC1003827_F08_NODE_5453_length_1559_cov_4.108240	1	1559	412	1558	99.9359	33.4965	35.4	50.6
GC1003827_F08_NODE_5454_length_1559_cov_2.524441	1	1559	308	1559	100	24.4599	35.8	56.1
GC1003827_F08_NODE_5455_length_1559_cov_2.246508	1	1559	847	1547	99.2303	51.5985	35.6	27.7
GC1003827_F08_NODE_5456_length_1558_cov_11.462614	1	1558	923	1557	99.9358	82.9012	35.4	57.3
GC1003827_F08_NODE_5457_length_1558_cov_4.606569	1	1558	406	1558	100	36.7125	35.8	59.2
GC1003827_F08_NODE_5458_length_1558_cov_3.419287	1	1558	350	1547	99.294	29.3113	35.5	55.7
GC1003827_F08_NODE_5459_length_1558_cov_1.828092	1	1558	164	1558	100	14.9653	35.4	58.5
GC1003827_F08_NODE_5460_length_1557_cov_14.846853	1	1557	1405	1557	100	122.108	35.4	58
GC1003827_F08_NODE_5461_length_1557_cov_12.646154	1	1557	1076	1556	99.9358	96.8144	35.9	58.6
GC1003827_F08_NODE_5462_length_1557_cov_6.391608	1	1557	533	1557	100	48.3841	35.6	58.9
GC1003827_F08_NODE_5463_length_1557_cov_5.514685	1	1557	494	1557	100	45.201	35.4	59.2
GC1003827_F08_NODE_5464_length_1557_cov_5.071329	1	1557	456	1554	99.8073	41.5151	35.8	58.9
GC1003827_F08_NODE_5465_length_1557_cov_5.018182	1	1557	441	1557	100	39.2813	35.7	58.7
GC1003827_F08_NODE_5466_length_1557_cov_4.275524	1	1557	511	1557	100	42.0392	35.5	55.6
GC1003827_F08_NODE_5467_length_1557_cov_2.732168	1	1557	254	1557	100	21.8773	35.1	54.1
GC1003827_F08_NODE_5468_length_1556_cov_6.450665	1	1556	608	1556	100	52.7796	35.7	58.3
GC1003827_F08_NODE_5469_length_1555_cov_20.063025	1	1555	2239	1555	100	179.433	35.3	52.5
GC1003827_F08_NODE_5470_length_1555_cov_11.433473	1	1555	1101	1555	100	92.5408	35.5	55
GC1003827_F08_NODE_5471_length_1555_cov_8.054622	1	1555	754	1555	100	65.2605	35.7	58.1
GC1003827_F08_NODE_5472_length_1555_cov_8.025210	1	1555	660	1555	100	60.1402	35.5	58.7
GC1003827_F08_NODE_5473_length_1555_cov_4.549720	1	1555	396	1555	100	36.4527	35.6	59.6
GC1003827_F08_NODE_5474_length_1555_cov_4.316527	1	1555	373	1555	100	34.1936	35.4	58.9
GC1003827_F08_NODE_5475_length_1555_cov_4.023810	1	1555	529	1555	100	40.1582	35.2	52.9
GC1003827_F08_NODE_5476_length_1555_cov_3.891457	1	1555	655	1555	100	51.5164	35.4	45.6
GC1003827_F08_NODE_5477_length_1555_cov_3.842437	1	1555	405	1555	100	33.5717	35.5	55
GC1003827_F08_NODE_5478_length_1555_cov_3.078431	1	1555	297	1555	100	26.1691	35.6	58.7
GC1003827_F08_NODE_5479_length_1555_cov_2.116246	1	1555	199	1546	99.4212	16.6341	35.6	57.3
GC1003827_F08_NODE_5480_length_1554_cov_5.389629	1	1554	433	1554	100	39.9466	35.3	58.9
GC1003827_F08_NODE_5481_length_1554_cov_4.855641	1	1554	462	1554	100	39.5077	35.8	57.1
GC1003827_F08_NODE_5482_length_1554_cov_4.135249	1	1554	313	1554	100	29.029	35.7	59.2
GC1003827_F08_NODE_5483_length_1554_cov_4.124036	1	1554	374	1554	100	33.4968	35.4	58.8
GC1003827_F08_NODE_5484_length_1554_cov_2.900491	1	1554	442	1554	100	29.7973	35.6	43.7
GC1003827_F08_NODE_5485_length_1554_cov_1.440785	1	1554	100	1554	100	9.59524	35.7	60
GC1003827_F08_NODE_5486_length_1553_cov_8.613604	1	1553	738	1553	100	68.0534	35.6	59.3
GC1003827_F08_NODE_5487_length_1553_cov_8.126227	1	1553	674	1553	100	60.4237	35.4	57.9
GC1003827_F08_NODE_5488_length_1553_cov_6.889902	1	1553	817	1550	99.8068	66.5692	35.4	54.2
GC1003827_F08_NODE_5489_length_1553_cov_5.698457	1	1553	497	1553	100	44.9111	35.5	55.4
GC1003827_F08_NODE_5490_length_1553_cov_5.439691	1	1553	480	1553	100	42.0077	35.6	58.6
GC1003827_F08_NODE_5491_length_1553_cov_4.753156	1	1553	362	1553	100	33.5061	35.5	59.2
GC1003827_F08_NODE_5492_length_1553_cov_4.336606	1	1553	339	1553	100	30.669	35.5	58.6
GC1003827_F08_NODE_5493_length_1553_cov_4.309958	1	1553	343	1551	99.8712	31.7495	35.6	59.4
GC1003827_F08_NODE_5494_length_1553_cov_2.809257	1	1553	231	1553	100	21.1842	35.1	58
GC1003827_F08_NODE_5495_length_1553_cov_1.778401	1	1553	161	1553	100	14.7405	35.6	59.3
GC1003827_F08_NODE_5496_length_1553_cov_1.009116	1	1553	82	1533	98.7122	7.13393	35.7	59.8
GC1003827_F08_NODE_5497_length_1552_cov_7.625965	1	1552	607	1549	99.8067	54.7622	35.7	57.9
GC1003827_F08_NODE_5498_length_1552_cov_6.487018	1	1552	506	1552	100	46.8479	35.7	58.9
GC1003827_F08_NODE_5499_length_1552_cov_5.971228	1	1552	481	1552	100	43.8918	35.7	59.3
GC1003827_F08_NODE_5500_length_1552_cov_4.840000	1	1552	698	1552	100	51.5857	34.3	49.4
GC1003827_F08_NODE_5501_length_1552_cov_3.369123	1	1552	310	1552	100	25.5799	35.2	52.2
GC1003827_F08_NODE_5502_length_1552_cov_3.310877	1	1552	359	1550	99.8711	31.2687	35.4	57.8
GC1003827_F08_NODE_5503_length_1552_cov_2.437895	1	1552	288	1552	100	22.837	35.2	52.1
GC1003827_F08_NODE_5504_length_1552_cov_1.821053	1	1552	260	1552	100	19.4762	35	53.1
GC1003827_F08_NODE_5505_length_1551_cov_3.814607	1	1551	537	1551	100	43.0496	35.1	50
GC1003827_F08_NODE_5506_length_1551_cov_3.371489	1	1551	295	1551	100	27.1122	35.5	59.6
GC1003827_F08_NODE_5507_length_1551_cov_2.689607	1	1551	234	1551	100	20.5422	35.7	57.5
GC1003827_F08_NODE_5508_length_1551_cov_1.639045	1	1551	166	1551	100	13.7028	35.2	53.9
GC1003827_F08_NODE_5509_length_1550_cov_14.699227	1	1550	2343	1550	100	185.463	34.9	54.9
GC1003827_F08_NODE_5510_length_1550_cov_11.634575	1	1550	995	1549	99.9355	90.2161	35.6	59
GC1003827_F08_NODE_5511_length_1550_cov_9.640900	1	1550	1119	1550	100	91.831	34.9	52.7
GC1003827_F08_NODE_5512_length_1550_cov_9.350668	1	1550	1511	1543	99.5484	102.139	35.2	37.3
GC1003827_F08_NODE_5513_length_1550_cov_7.240337	1	1550	695	1541	99.4194	60.8394	35.7	55.4
GC1003827_F08_NODE_5514_length_1550_cov_6.369642	1	1550	662	1550	100	57.5	35.2	57.6
GC1003827_F08_NODE_5515_length_1550_cov_4.799016	1	1550	400	1550	100	35.9329	35.8	59.3
GC1003827_F08_NODE_5516_length_1549_cov_9.266526	1	1549	931	1549	100	79.2782	35.7	57.2
GC1003827_F08_NODE_5517_length_1549_cov_8.251758	1	1549	808	1547	99.8709	71.255	35.7	58.9
GC1003827_F08_NODE_5518_length_1549_cov_5.109001	1	1549	667	1549	100	53.5061	35.5	50.1
GC1003827_F08_NODE_5519_length_1549_cov_4.884669	1	1549	426	1549	100	37.3686	35.8	58.1
GC1003827_F08_NODE_5520_length_1549_cov_4.371308	1	1549	426	1549	100	35.2079	35.5	52.7
GC1003827_F08_NODE_5521_length_1549_cov_3.814346	1	1549	381	1549	100	30.2776	35.8	53.3
GC1003827_F08_NODE_5522_length_1549_cov_1.763713	1	1549	214	1549	100	16.6966	35.8	50.9
GC1003827_F08_NODE_5523_length_1549_cov_1.673699	1	1549	132	1549	100	12.1904	36	59.5
GC1003827_F08_NODE_5524_length_1548_cov_15.571429	1	1548	1263	1541	99.5478	115.663	35.6	59.1
GC1003827_F08_NODE_5525_length_1548_cov_6.084448	1	1548	538	1548	100	47.2448	35.5	57.8
GC1003827_F08_NODE_5526_length_1548_cov_4.975369	1	1548	468	1548	100	41.416	35.5	58.4
GC1003827_F08_NODE_5527_length_1548_cov_3.768473	1	1548	364	1548	100	32.8152	35.6	57.5
GC1003827_F08_NODE_5528_length_1548_cov_3.700915	1	1548	319	1548	100	28.8947	35.5	59.6
GC1003827_F08_NODE_5529_length_1548_cov_2.318086	1	1548	196	1546	99.8708	17.3611	35.7	57.6
GC1003827_F08_NODE_5530_length_1548_cov_1.529909	1	1548	116	1548	100	11.0917	35.5	60
GC1003827_F08_NODE_5531_length_1548_cov_1.397607	1	1548	141	1548	100	12.5019	35.5	58.3
GC1003827_F08_NODE_5532_length_1548_cov_0.809289	1	1548	54	1548	100	5.16085	35.8	60
GC1003827_F08_NODE_5533_length_1547_cov_4.323944	1	1547	305	1547	100	28.9606	35.7	59.6
GC1003827_F08_NODE_5534_length_1547_cov_3.647183	1	1547	404	1547	100	31.8093	35.9	51.2
GC1003827_F08_NODE_5535_length_1547_cov_3.620423	1	1547	525	1547	100	39.9037	35.5	49.7
GC1003827_F08_NODE_5536_length_1547_cov_3.577465	1	1547	269	1547	100	24.6949	35.4	58.4
GC1003827_F08_NODE_5537_length_1547_cov_1.985915	1	1547	178	1547	100	16.1189	35.4	58.8
GC1003827_F08_NODE_5538_length_1546_cov_14.301621	1	1546	1696	1546	100	141.008	34.8	56.5
GC1003827_F08_NODE_5539_length_1546_cov_5.004228	1	1546	3758	1546	100	240.404	34.2	21
GC1003827_F08_NODE_5540_length_1546_cov_4.921071	1	1546	453	1546	100	39.8797	35.2	58.1
GC1003827_F08_NODE_5541_length_1546_cov_3.922481	1	1546	337	1546	100	31.1507	35.7	59.5
GC1003827_F08_NODE_5542_length_1546_cov_3.055673	1	1546	475	1546	100	34.8195	33.8	52.8
GC1003827_F08_NODE_5543_length_1546_cov_2.062720	1	1546	160	1546	100	14.6656	35.7	58.7
GC1003827_F08_NODE_5544_length_1546_cov_1.693446	1	1546	125	1546	100	11.6028	35.8	59.5
GC1003827_F08_NODE_5545_length_1545_cov_15.115656	1	1545	1507	1545	100	133.54	35.5	57.9
GC1003827_F08_NODE_5546_length_1545_cov_4.495063	1	1545	4449	1545	100	159.07	33.6	7.04
GC1003827_F08_NODE_5547_length_1545_cov_3.237659	1	1545	254	1545	100	23.4867	35.6	59.2
GC1003827_F08_NODE_5548_length_1545_cov_1.241185	1	1545	181	1545	100	11.7469	35.4	37.3
GC1003827_F08_NODE_5549_length_1544_cov_8.385321	1	1544	737	1544	100	63.899	35.6	55.9
GC1003827_F08_NODE_5550_length_1544_cov_3.674665	1	1544	2163	1544	100	115.464	34.3	18.9
GC1003827_F08_NODE_5551_length_1544_cov_3.152435	1	1544	244	1535	99.4171	22.5285	35.5	59.4
GC1003827_F08_NODE_5552_length_1544_cov_1.923783	1	1544	196	1542	99.8705	16.2953	35.3	54
GC1003827_F08_NODE_5553_length_1544_cov_1.859562	1	1544	143	1544	100	13.1328	35.4	58.8
GC1003827_F08_NODE_5554_length_1543_cov_18.050847	1	1543	1612	1543	100	146.649	35.5	58.7
GC1003827_F08_NODE_5555_length_1543_cov_5.663842	1	1543	413	1543	100	38.6196	35.5	59
GC1003827_F08_NODE_5556_length_1543_cov_5.207627	1	1543	1268	1543	100	80.711	35.2	49
GC1003827_F08_NODE_5557_length_1543_cov_4.371469	1	1543	384	1543	100	35.0065	35.5	58.6
GC1003827_F08_NODE_5558_length_1543_cov_3.437147	1	1543	308	1543	100	28.8898	35.4	59.5
GC1003827_F08_NODE_5559_length_1542_cov_7.914488	1	1542	651	1542	100	58.1329	35	58.1
GC1003827_F08_NODE_5560_length_1542_cov_3.298940	1	1542	415	1542	100	31.1394	35.5	48.6
GC1003827_F08_NODE_5561_length_1541_cov_18.067185	1	1541	1604	1541	100	143.477	35.7	58.4
GC1003827_F08_NODE_5562_length_1541_cov_5.372702	1	1541	603	1541	100	53.8988	35.9	58.6
GC1003827_F08_NODE_5563_length_1541_cov_5.013437	1	1541	410	1541	100	36.9714	35.7	57.5
GC1003827_F08_NODE_5564_length_1541_cov_2.918670	1	1541	237	1541	100	22.2219	35.5	60
GC1003827_F08_NODE_5565_length_1541_cov_2.772277	1	1541	343	1541	100	27.2959	35.1	55.1
GC1003827_F08_NODE_5566_length_1540_cov_7.525832	1	1540	1029	1540	100	79.674	35.1	49.4
GC1003827_F08_NODE_5567_length_1540_cov_5.239915	1	1540	465	1540	100	41.0916	35.7	57.7
GC1003827_F08_NODE_5568_length_1540_cov_4.295117	1	1540	560	1540	100	44.7877	35.5	57.1
GC1003827_F08_NODE_5569_length_1540_cov_3.631281	1	1540	426	1540	100	34.9968	35.1	52.3
GC1003827_F08_NODE_5570_length_1539_cov_9.059490	1	1539	759	1539	100	69.3158	35.7	58.3
GC1003827_F08_NODE_5571_length_1539_cov_7.167139	1	1539	579	1539	100	53.2645	35.6	59.1
GC1003827_F08_NODE_5572_length_1539_cov_5.899433	1	1539	638	1539	100	53.4425	35.7	56.5
GC1003827_F08_NODE_5573_length_1539_cov_5.621105	1	1539	471	1539	100	43.8083	35.6	58.9
GC1003827_F08_NODE_5574_length_1539_cov_3.588527	1	1539	283	1539	100	25.3704	35.3	59
GC1003827_F08_NODE_5575_length_1539_cov_3.246459	1	1539	261	1538	99.935	23.373	35.9	58.2
GC1003827_F08_NODE_5576_length_1539_cov_1.810907	1	1539	173	1539	100	15.5257	36.1	58.4
GC1003827_F08_NODE_5577_length_1539_cov_1.184844	1	1539	122	1529	99.3502	10.2917	35.9	57.6
GC1003827_F08_NODE_5578_length_1538_cov_21.284904	1	1538	4635	1538	100	375.04	35.2	41
GC1003827_F08_NODE_5579_length_1538_cov_3.496811	1	1538	303	1531	99.5449	26.7081	35.6	57.5
GC1003827_F08_NODE_5580_length_1538_cov_3.168675	1	1538	252	1538	100	22.9798	35.5	58.5
GC1003827_F08_NODE_5581_length_1538_cov_2.835578	1	1538	240	1536	99.87	21.4785	35.8	57.6
GC1003827_F08_NODE_5582_length_1537_cov_9.801418	1	1537	963	1537	100	85.4867	35.7	58.6
GC1003827_F08_NODE_5583_length_1537_cov_9.326241	1	1537	2298	1537	100	137.119	34.5	26.8
GC1003827_F08_NODE_5584_length_1537_cov_5.456028	1	1537	579	1537	100	47.2811	35.4	52.8
GC1003827_F08_NODE_5585_length_1537_cov_4.727660	1	1537	577	1526	99.2843	46.2524	35.5	56.9
GC1003827_F08_NODE_5586_length_1537_cov_2.258865	1	1537	538	1537	100	33.8367	34.3	36.3
GC1003827_F08_NODE_5587_length_1537_cov_2.228369	1	1537	166	1537	100	15.5394	35.7	59.9
GC1003827_F08_NODE_5588_length_1536_cov_7.409510	1	1536	814	1536	100	70.6263	35.1	57.1
GC1003827_F08_NODE_5589_length_1536_cov_4.563520	1	1536	373	1536	100	33.9544	35.8	59.1
GC1003827_F08_NODE_5590_length_1536_cov_2.413059	1	1536	191	1536	100	17.8092	35.5	58.8
GC1003827_F08_NODE_5591_length_1535_cov_7.720170	1	1535	753	1535	100	65.6625	35.5	55.9
GC1003827_F08_NODE_5592_length_1535_cov_3.789773	1	1535	456	1535	100	35.7381	35.2	49.5
GC1003827_F08_NODE_5593_length_1535_cov_1.273438	1	1535	98	1535	100	9.25537	35.6	60
GC1003827_F08_NODE_5594_length_1534_cov_7.535892	1	1534	927	1534	100	76.161	34.8	55.1
GC1003827_F08_NODE_5595_length_1534_cov_5.444918	1	1534	491	1534	100	44.0606	35.7	57.9
GC1003827_F08_NODE_5596_length_1534_cov_5.151386	1	1534	885	1534	100	68.4022	34.5	55.5
GC1003827_F08_NODE_5597_length_1534_cov_3.164890	1	1534	369	1534	100	28.8937	35.6	54
GC1003827_F08_NODE_5598_length_1534_cov_2.895522	1	1534	229	1534	100	20.9687	35.9	58.5
GC1003827_F08_NODE_5599_length_1534_cov_2.746979	1	1534	302	1534	100	22.8116	35.6	55.7
GC1003827_F08_NODE_5600_length_1534_cov_1.857854	1	1534	374	1534	100	24.6102	35.6	51.5
GC1003827_F08_NODE_5601_length_1533_cov_13.472262	1	1533	1057	1533	100	99.4827	35.5	59.5
GC1003827_F08_NODE_5602_length_1533_cov_11.126600	1	1533	1053	1533	100	91.3046	35.7	57.6
GC1003827_F08_NODE_5603_length_1533_cov_5.216927	1	1533	380	1533	100	36.0835	35.5	59.6
GC1003827_F08_NODE_5604_length_1533_cov_4.256046	1	1533	323	1533	100	30.2068	35.5	59.3
GC1003827_F08_NODE_5605_length_1533_cov_3.629445	1	1533	333	1533	100	30.3659	35.4	59
GC1003827_F08_NODE_5606_length_1533_cov_3.605263	1	1533	428	1532	99.9348	35.4031	35.6	57.1
GC1003827_F08_NODE_5607_length_1533_cov_3.077525	1	1533	286	1533	100	24.3098	35.7	55.3
GC1003827_F08_NODE_5608_length_1532_cov_13.342349	1	1532	1042	1532	100	96.7128	35.6	58.8
GC1003827_F08_NODE_5609_length_1532_cov_8.609253	1	1532	853	1532	100	75.7304	35.5	58.4
GC1003827_F08_NODE_5610_length_1532_cov_4.531673	1	1532	1101	1532	100	62.9275	34.5	24
GC1003827_F08_NODE_5611_length_1532_cov_2.641993	1	1532	243	1532	100	22.1364	35.7	58.3
GC1003827_F08_NODE_5612_length_1532_cov_2.294662	1	1532	257	1532	100	20.6077	36	57.9
GC1003827_F08_NODE_5613_length_1531_cov_20.930199	1	1531	1903	1531	100	170.502	35.6	58.4
GC1003827_F08_NODE_5614_length_1531_cov_15.036325	1	1531	1341	1531	100	120.457	35.6	58.4
GC1003827_F08_NODE_5615_length_1531_cov_14.174501	1	1531	1816	1531	100	149.831	35.3	56.3
GC1003827_F08_NODE_5616_length_1531_cov_12.194444	1	1531	1305	1531	100	114.105	34.7	56.7
GC1003827_F08_NODE_5617_length_1531_cov_9.137464	1	1531	966	1531	100	81.9379	35.2	56.5
GC1003827_F08_NODE_5618_length_1531_cov_9.131054	1	1531	802	1531	100	72.3214	35.6	58.3
GC1003827_F08_NODE_5619_length_1531_cov_7.457977	1	1531	876	1530	99.9347	70.7054	35.6	55.4
GC1003827_F08_NODE_5620_length_1531_cov_4.955840	1	1531	380	1522	99.4121	35.6349	35.8	58.9
GC1003827_F08_NODE_5621_length_1531_cov_4.002137	1	1531	391	1531	100	35.3769	35.6	59.2
GC1003827_F08_NODE_5622_length_1531_cov_3.306980	1	1531	398	1531	100	31.9739	35.6	56.5
GC1003827_F08_NODE_5623_length_1530_cov_15.764790	1	1530	1622	1530	100	133.856	35.3	50.3
GC1003827_F08_NODE_5624_length_1530_cov_8.177477	1	1530	1196	1530	100	97.5745	34.9	53.7
GC1003827_F08_NODE_5625_length_1530_cov_8.045617	1	1530	1208	1530	100	85.8961	35	39.5
GC1003827_F08_NODE_5626_length_1530_cov_6.635780	1	1530	784	1530	100	64.7928	34.9	50.3
GC1003827_F08_NODE_5627_length_1530_cov_6.074127	1	1530	1163	1530	100	61.3497	34.2	31.8
GC1003827_F08_NODE_5628_length_1530_cov_5.856023	1	1530	439	1529	99.9346	40.9386	35.2	59.4
GC1003827_F08_NODE_5629_length_1530_cov_4.749822	1	1530	474	1530	100	40.5732	35.5	57.5
GC1003827_F08_NODE_5630_length_1530_cov_3.857448	1	1530	369	1530	100	32.934	35.7	58.2
GC1003827_F08_NODE_5631_length_1529_cov_11.355207	1	1529	1214	1529	100	104.385	35.5	56.9
GC1003827_F08_NODE_5632_length_1529_cov_10.299572	1	1529	916	1529	100	82.6396	35.2	58.6
GC1003827_F08_NODE_5633_length_1529_cov_5.591298	1	1529	457	1529	100	41.7914	35.8	58.8
GC1003827_F08_NODE_5634_length_1529_cov_4.783167	1	1529	574	1529	100	49.6906	35	58.4
GC1003827_F08_NODE_5635_length_1529_cov_3.420114	1	1529	913	1528	99.9346	52.0399	34.3	28.1
GC1003827_F08_NODE_5636_length_1529_cov_2.981455	1	1529	343	1529	100	28.6959	35.1	53.4
GC1003827_F08_NODE_5637_length_1529_cov_2.758916	1	1529	300	1529	100	23.2976	35	44.2
GC1003827_F08_NODE_5638_length_1529_cov_2.385877	1	1529	352	1529	100	27.8587	36	56.9
GC1003827_F08_NODE_5639_length_1528_cov_13.396859	1	1528	1112	1528	100	102.37	35.7	58.8
GC1003827_F08_NODE_5640_length_1528_cov_7.756602	1	1528	610	1528	100	56.1381	35.5	58.6
GC1003827_F08_NODE_5641_length_1528_cov_7.703069	1	1528	851	1528	100	71.3665	35.3	55.7
GC1003827_F08_NODE_5642_length_1528_cov_5.523911	1	1528	1233	1519	99.411	92.1793	35.2	41.3
GC1003827_F08_NODE_5643_length_1528_cov_4.179158	1	1528	443	1528	100	38.5995	35.2	58.2
GC1003827_F08_NODE_5644_length_1528_cov_2.553176	1	1528	291	1528	100	23.9935	35.8	57.3
GC1003827_F08_NODE_5645_length_1528_cov_2.035689	1	1528	213	1528	100	17.5674	35.7	50.6
GC1003827_F08_NODE_5646_length_1527_cov_30.232143	1	1527	2793	1527	100	257.34	35.6	52.9
GC1003827_F08_NODE_5647_length_1527_cov_8.595000	1	1527	813	1527	100	70.7957	35.7	57.7
GC1003827_F08_NODE_5648_length_1527_cov_6.567143	1	1527	625	1527	100	53.7872	35.9	57.8
GC1003827_F08_NODE_5649_length_1527_cov_2.692143	1	1527	204	1527	100	19.6942	35.7	60
GC1003827_F08_NODE_5650_length_1527_cov_1.824286	1	1527	161	1527	100	14.4859	35.2	56.9
GC1003827_F08_NODE_5651_length_1526_cov_18.237312	1	1526	1871	1522	99.7379	161.347	35.3	56.3
GC1003827_F08_NODE_5652_length_1526_cov_8.299500	1	1526	748	1526	100	66.8702	35.7	58
GC1003827_F08_NODE_5653_length_1526_cov_7.706219	1	1526	882	1526	100	69.0636	35.6	50.6
GC1003827_F08_NODE_5654_length_1526_cov_4.987134	1	1526	379	1526	100	35.2556	35.6	59.3
GC1003827_F08_NODE_5655_length_1526_cov_3.508220	1	1526	281	1524	99.8689	26.4318	35.7	59
GC1003827_F08_NODE_5656_length_1526_cov_1.074339	1	1526	157	1526	100	11.6638	35.9	49
GC1003827_F08_NODE_5657_length_1525_cov_9.412017	1	1525	1104	1525	100	92.541	35.8	56.6
GC1003827_F08_NODE_5658_length_1525_cov_4.269671	1	1525	405	1525	100	34.6767	35.7	58.5
GC1003827_F08_NODE_5659_length_1525_cov_4.015021	1	1525	353	1525	100	31.2164	35.4	57.8
GC1003827_F08_NODE_5660_length_1525_cov_3.623033	1	1525	372	1525	100	31.3252	35.3	55.3
GC1003827_F08_NODE_5661_length_1525_cov_2.148069	1	1525	626	1525	100	51.6203	34.5	42.4
GC1003827_F08_NODE_5662_length_1525_cov_1.762518	1	1525	177	1525	100	15.2721	35.5	57.3
GC1003827_F08_NODE_5663_length_1525_cov_1.612303	1	1525	141	1525	100	13.3351	35.7	60
GC1003827_F08_NODE_5664_length_1524_cov_18.146027	1	1524	1884	1524	100	169.005	35.4	57.9
GC1003827_F08_NODE_5665_length_1524_cov_5.816034	1	1524	796	1524	100	62.8734	34.6	49.6
GC1003827_F08_NODE_5666_length_1524_cov_3.613457	1	1524	263	1524	100	25.0958	35.1	59.7
GC1003827_F08_NODE_5667_length_1524_cov_2.304223	1	1524	243	1524	100	20.7644	35.3	55.6
GC1003827_F08_NODE_5668_length_1524_cov_1.458125	1	1524	114	1524	100	10.914	35.1	59.9
GC1003827_F08_NODE_5669_length_1523_cov_11.002149	1	1523	1147	1523	100	100.673	35.6	57.7
GC1003827_F08_NODE_5670_length_1523_cov_5.265043	1	1523	807	1523	100	63.4314	34.6	54.7
GC1003827_F08_NODE_5671_length_1523_cov_4.167622	1	1523	345	1496	98.2272	31.5686	35.4	58.6
GC1003827_F08_NODE_5672_length_1523_cov_3.722063	1	1523	279	1523	100	26.1293	35.5	58.7
GC1003827_F08_NODE_5673_length_1523_cov_2.895415	1	1523	292	1523	100	24.5371	35.8	57.5
GC1003827_F08_NODE_5674_length_1522_cov_11.476703	1	1522	1016	1522	100	91.479	35.6	58.4
GC1003827_F08_NODE_5675_length_1522_cov_7.589247	1	1522	661	1522	100	59.4625	35.9	58.5
GC1003827_F08_NODE_5676_length_1522_cov_5.174194	1	1522	550	1522	100	43.2727	35.1	45.6
GC1003827_F08_NODE_5677_length_1522_cov_3.706093	1	1522	345	1522	100	30.2208	34.9	55.9
GC1003827_F08_NODE_5678_length_1521_cov_6.187948	1	1521	510	1521	100	47.0894	35.8	59.2
GC1003827_F08_NODE_5679_length_1521_cov_5.915352	1	1521	544	1519	99.8685	49.3616	35.7	59
GC1003827_F08_NODE_5680_length_1521_cov_5.893113	1	1521	511	1521	100	46.3649	35.6	58.6
GC1003827_F08_NODE_5681_length_1521_cov_4.263271	1	1521	336	1521	100	31.6239	35.3	59.5
GC1003827_F08_NODE_5682_length_1521_cov_2.114778	1	1521	477	1514	99.5398	31.1302	34.8	31.9
GC1003827_F08_NODE_5683_length_1520_cov_11.927495	1	1520	1001	1520	100	91.0882	35.6	58.4
GC1003827_F08_NODE_5684_length_1520_cov_7.452261	1	1520	620	1520	100	57.0993	35.6	58.6
GC1003827_F08_NODE_5685_length_1520_cov_6.162240	1	1520	556	1520	100	48.8691	35.4	56.7
GC1003827_F08_NODE_5686_length_1520_cov_5.142139	1	1520	544	1520	100	47.6724	35.7	58.1
GC1003827_F08_NODE_5687_length_1520_cov_4.362527	1	1520	552	1519	99.9342	45.5743	35	52.7
GC1003827_F08_NODE_5688_length_1519_cov_9.939655	1	1519	836	1519	100	76.6182	35.2	58.7
GC1003827_F08_NODE_5689_length_1519_cov_7.578305	1	1519	729	1519	100	64.5892	35.8	58.1
GC1003827_F08_NODE_5690_length_1519_cov_5.490661	1	1519	469	1519	100	41.6267	35.3	55.9
GC1003827_F08_NODE_5691_length_1519_cov_3.553161	1	1519	434	1519	100	34.763	35.3	50.8
GC1003827_F08_NODE_5692_length_1519_cov_3.338362	1	1519	251	1519	100	22.449	35.6	57.4
GC1003827_F08_NODE_5693_length_1519_cov_2.910920	1	1519	259	1519	100	23.6465	35.4	58.3
GC1003827_F08_NODE_5694_length_1519_cov_1.494253	1	1519	143	1519	100	13.2653	35.8	58.9
GC1003827_F08_NODE_5695_length_1518_cov_8.199856	1	1518	831	1518	100	71.8953	35.5	55.8
GC1003827_F08_NODE_5696_length_1518_cov_4.991373	1	1518	529	1518	100	49.193	35.9	59
GC1003827_F08_NODE_5697_length_1518_cov_3.418404	1	1518	267	1518	100	24.529	35.9	59.2
GC1003827_F08_NODE_5698_length_1518_cov_3.267434	1	1518	290	1518	100	27.3841	35.6	59.1
GC1003827_F08_NODE_5699_length_1518_cov_2.798706	1	1518	254	1518	100	23.2108	35.8	57.1
GC1003827_F08_NODE_5700_length_1517_cov_7.297122	1	1517	567	1517	100	52.8945	35.6	58.6
GC1003827_F08_NODE_5701_length_1517_cov_3.900719	1	1517	353	1517	100	31.6928	35.7	57.5
GC1003827_F08_NODE_5702_length_1516_cov_2.168467	1	1516	331	1516	100	22.4274	34.8	33.9
GC1003827_F08_NODE_5703_length_1515_cov_6.904899	1	1515	952	1515	100	82.6759	35.1	48.9
GC1003827_F08_NODE_5704_length_1515_cov_6.025216	1	1515	512	1515	100	46.8515	35.7	59.1
GC1003827_F08_NODE_5705_length_1515_cov_5.002161	1	1515	372	1515	100	34.6647	35.5	58.2
GC1003827_F08_NODE_5706_length_1515_cov_4.188040	1	1515	410	1515	100	34.0581	36.1	55.9
GC1003827_F08_NODE_5707_length_1515_cov_3.180115	1	1515	282	1515	100	26.2403	35.6	58.4
GC1003827_F08_NODE_5708_length_1515_cov_1.585735	1	1515	147	1515	100	13.4185	35.7	57.3
GC1003827_F08_NODE_5709_length_1515_cov_1.156340	1	1515	193	1515	100	15.3083	35.5	44
GC1003827_F08_NODE_5710_length_1514_cov_6.688536	1	1514	565	1511	99.8018	51.177	35.6	58
GC1003827_F08_NODE_5711_length_1514_cov_5.154290	1	1514	1092	1514	100	72.3824	34.5	40.5
GC1003827_F08_NODE_5712_length_1514_cov_4.069214	1	1514	304	1514	100	28.9604	35.5	59.2
GC1003827_F08_NODE_5713_length_1514_cov_3.461428	1	1514	320	1514	100	28.0429	35.5	58.3
GC1003827_F08_NODE_5714_length_1514_cov_3.310743	1	1514	275	1514	100	26.0383	35.3	59.7
GC1003827_F08_NODE_5715_length_1514_cov_3.072819	1	1514	253	1514	100	22.753	36	57
GC1003827_F08_NODE_5716_length_1513_cov_12.163059	1	1513	1514	1513	100	131.601	35	57.1
GC1003827_F08_NODE_5717_length_1513_cov_9.289322	1	1513	951	1513	100	84.9055	35.1	57.4
GC1003827_F08_NODE_5718_length_1513_cov_4.813853	1	1513	1234	1513	100	78.9524	35.6	57.5
GC1003827_F08_NODE_5719_length_1512_cov_22.686643	1	1512	2293	1511	99.9339	205.167	35.3	58.1
GC1003827_F08_NODE_5720_length_1512_cov_12.058484	1	1512	999	1512	100	93.3029	35.6	59.1
GC1003827_F08_NODE_5721_length_1512_cov_10.425993	1	1512	1118	1496	98.9418	98.3399	35.5	57.1
GC1003827_F08_NODE_5722_length_1512_cov_9.948736	1	1512	1026	1512	100	87.8922	35.7	57.1
GC1003827_F08_NODE_5723_length_1512_cov_9.010108	1	1512	781	1512	100	70.4511	35.6	58
GC1003827_F08_NODE_5724_length_1512_cov_5.791336	1	1512	587	1512	100	48.6925	35.8	51.7
GC1003827_F08_NODE_5725_length_1512_cov_1.592780	1	1512	3445	1503	99.4048	135.243	26	6.47
GC1003827_F08_NODE_5726_length_1511_cov_8.684971	1	1511	631	1511	100	60.5222	35.8	59.8
GC1003827_F08_NODE_5727_length_1511_cov_8.657514	1	1511	643	1511	100	60.7942	35.4	59.1
GC1003827_F08_NODE_5728_length_1511_cov_3.936416	1	1511	366	1511	100	32.8021	35.5	57.8
GC1003827_F08_NODE_5729_length_1511_cov_2.315751	1	1511	177	1511	100	16.4514	35.4	59
GC1003827_F08_NODE_5730_length_1510_cov_10.655098	1	1510	1201	1510	100	98.9709	35.4	54.4
GC1003827_F08_NODE_5731_length_1510_cov_5.028200	1	1510	407	1510	100	38.3344	35.6	59.2
GC1003827_F08_NODE_5732_length_1510_cov_5.024584	1	1510	428	1510	100	39.1252	35.7	58.8
GC1003827_F08_NODE_5733_length_1510_cov_4.569053	1	1510	653	1502	99.4702	44.1424	35.5	40.5
GC1003827_F08_NODE_5734_length_1510_cov_3.263919	1	1510	388	1510	100	28.8603	35.3	46.5
GC1003827_F08_NODE_5735_length_1510_cov_2.576283	1	1510	189	1509	99.9338	17.4252	35.5	58.5
GC1003827_F08_NODE_5736_length_1510_cov_1.234996	1	1510	98	1508	99.8675	9.33444	35.3	59.8
GC1003827_F08_NODE_5737_length_1510_cov_1.085322	1	1510	178	1510	100	11.2669	36	48.4
GC1003827_F08_NODE_5738_length_1509_cov_17.050651	1	1509	1685	1507	99.8675	152.577	35.3	57.7
GC1003827_F08_NODE_5739_length_1509_cov_9.429812	1	1509	941	1509	100	80.5799	35.5	55
GC1003827_F08_NODE_5740_length_1509_cov_7.540521	1	1509	652	1509	100	60.4069	35.5	57.6
GC1003827_F08_NODE_5741_length_1509_cov_5.034009	1	1509	489	1509	100	44.6899	35.4	57.9
GC1003827_F08_NODE_5742_length_1509_cov_3.625904	1	1509	258	1509	100	24.3817	36	59.4
GC1003827_F08_NODE_5743_length_1509_cov_1.813314	1	1509	211	1509	100	16.0146	35.4	44.6
GC1003827_F08_NODE_5744_length_1509_cov_0.714906	1	1509	82	1508	99.9337	6.20212	35.7	47.7
GC1003827_F08_NODE_5745_length_1508_cov_13.235337	1	1508	1113	1508	100	103.16	35.4	59
GC1003827_F08_NODE_5746_length_1508_cov_6.481535	1	1508	502	1507	99.9337	47.1651	35.5	58.9
GC1003827_F08_NODE_5747_length_1508_cov_4.422882	1	1508	374	1508	100	33.37	35.4	56.6
GC1003827_F08_NODE_5748_length_1507_cov_10.432609	1	1507	958	1507	100	85.7658	35.6	57.1
GC1003827_F08_NODE_5749_length_1507_cov_6.248551	1	1507	520	1507	100	49.5408	35.9	59.2
GC1003827_F08_NODE_5750_length_1507_cov_5.441304	1	1507	690	1507	100	63.0743	35.6	58.4
GC1003827_F08_NODE_5751_length_1507_cov_5.289130	1	1507	375	1507	100	36.708	35.6	59.7
GC1003827_F08_NODE_5752_length_1507_cov_3.922464	1	1507	288	1507	100	26.4559	35.4	57.5
GC1003827_F08_NODE_5753_length_1507_cov_2.618116	1	1507	188	1507	100	18.3477	35.8	60
GC1003827_F08_NODE_5754_length_1507_cov_1.555797	1	1507	214	1507	100	15.2322	35.5	47.5
GC1003827_F08_NODE_5755_length_1507_cov_1.375362	1	1507	1995	1507	100	99.3683	34	10.5
GC1003827_F08_NODE_5756_length_1506_cov_15.131255	1	1506	2473	1506	100	184.218	35.4	47.8
GC1003827_F08_NODE_5757_length_1506_cov_9.562001	1	1506	1012	1506	100	86.5876	35.5	55.4
GC1003827_F08_NODE_5758_length_1506_cov_7.708484	1	1506	551	1506	100	52.7072	35.4	59.4
GC1003827_F08_NODE_5759_length_1506_cov_5.808557	1	1506	516	1506	100	48.3944	35.7	59.1
GC1003827_F08_NODE_5760_length_1506_cov_4.163887	1	1506	434	1506	100	38.0046	35.6	57.4
GC1003827_F08_NODE_5761_length_1506_cov_3.451777	1	1506	307	1497	99.4024	28.1859	35.7	59.1
GC1003827_F08_NODE_5762_length_1506_cov_3.424220	1	1506	262	1506	100	24.3645	35.4	57.9
GC1003827_F08_NODE_5763_length_1506_cov_3.276287	1	1506	247	1506	100	23.5996	35.5	59.6
GC1003827_F08_NODE_5764_length_1506_cov_3.004351	1	1506	431	1506	100	27.2596	35.4	35.3
GC1003827_F08_NODE_5765_length_1506_cov_2.540972	1	1506	215	1506	100	19.2317	35.8	57.9
GC1003827_F08_NODE_5766_length_1506_cov_2.423495	1	1506	188	1506	100	17.8898	35.7	59.9
GC1003827_F08_NODE_5767_length_1506_cov_2.137056	1	1506	303	1506	100	24.761	35.1	56
GC1003827_F08_NODE_5768_length_1506_cov_1.474982	1	1506	127	1506	100	10.7576	35.8	57.3
GC1003827_F08_NODE_5769_length_1505_cov_8.738026	1	1505	899	1505	100	79.2757	35.4	53.2
GC1003827_F08_NODE_5770_length_1505_cov_7.092888	1	1505	608	1505	100	55.0219	35.5	57.6
GC1003827_F08_NODE_5771_length_1505_cov_6.682874	1	1505	538	1505	100	51	35.4	59.3
GC1003827_F08_NODE_5772_length_1505_cov_6.492743	1	1505	722	1505	100	64.6066	34.9	57.9
GC1003827_F08_NODE_5773_length_1505_cov_2.497823	1	1505	275	1505	100	23.2924	35.5	57
GC1003827_F08_NODE_5774_length_1504_cov_10.035585	1	1504	920	1504	100	82.9767	35.8	58.2
GC1003827_F08_NODE_5775_length_1504_cov_9.278141	1	1504	734	1504	100	69.7779	35.8	58.8
GC1003827_F08_NODE_5776_length_1504_cov_8.824982	1	1504	645	1504	100	61.7028	35.8	59.3
GC1003827_F08_NODE_5777_length_1504_cov_5.669572	1	1504	423	1504	100	40.018	35.7	59.8
GC1003827_F08_NODE_5778_length_1504_cov_5.546841	1	1504	621	1502	99.867	56.0392	35.1	58.4
GC1003827_F08_NODE_5779_length_1504_cov_5.387073	1	1504	1001	1504	100	61.0984	31.8	30.8
GC1003827_F08_NODE_5780_length_1504_cov_4.910675	1	1504	625	1504	100	46.2553	35.7	51.1
GC1003827_F08_NODE_5781_length_1504_cov_2.791576	1	1504	203	1504	100	19.2094	35.9	58.7
GC1003827_F08_NODE_5782_length_1504_cov_2.723312	1	1504	315	1504	100	27.611	35.5	57.6
GC1003827_F08_NODE_5783_length_1504_cov_2.411038	1	1504	226	1504	100	19.3205	35.8	52.5
GC1003827_F08_NODE_5784_length_1504_cov_1.350036	1	1504	123	1504	100	10.1137	35.3	51.4
GC1003827_F08_NODE_5785_length_1503_cov_18.651163	1	1503	1485	1503	100	138.917	35.6	58.9
GC1003827_F08_NODE_5786_length_1503_cov_8.944767	1	1503	849	1503	100	74.2588	35.5	56.8
GC1003827_F08_NODE_5787_length_1503_cov_4.040698	1	1503	389	1503	100	34.7578	35.6	57.4
GC1003827_F08_NODE_5788_length_1503_cov_3.321221	1	1503	432	1499	99.7339	38.1823	35.4	57.5
GC1003827_F08_NODE_5789_length_1503_cov_2.875000	1	1503	221	1503	100	21.165	35.3	59.9
GC1003827_F08_NODE_5790_length_1503_cov_2.432413	1	1503	332	1503	100	25.6274	35.1	52.3
GC1003827_F08_NODE_5791_length_1503_cov_2.381541	1	1503	252	1503	100	22.5835	35.7	58.3
GC1003827_F08_NODE_5792_length_1503_cov_2.209302	1	1503	457	1503	100	29.4265	34.1	32.1
GC1003827_F08_NODE_5793_length_1503_cov_2.196948	1	1503	193	1503	100	17.2735	35.7	54.4
GC1003827_F08_NODE_5794_length_1503_cov_1.792151	1	1503	155	1503	100	14.2096	35.4	53.6
GC1003827_F08_NODE_5795_length_1502_cov_11.870545	1	1502	1127	1500	99.8668	99.7177	35.2	56.7
GC1003827_F08_NODE_5796_length_1502_cov_6.942545	1	1502	1107	1502	100	79.4374	34.7	48.7
GC1003827_F08_NODE_5797_length_1502_cov_5.543273	1	1502	419	1502	100	40.4041	35.5	59.7
GC1003827_F08_NODE_5798_length_1502_cov_4.142545	1	1502	330	1502	100	30.9654	35.6	58.7
GC1003827_F08_NODE_5799_length_1502_cov_4.000000	1	1502	298	1502	100	27.9294	35.7	57.8
GC1003827_F08_NODE_5800_length_1502_cov_3.807273	1	1502	735	1502	100	58.0786	34.8	50.3
GC1003827_F08_NODE_5801_length_1502_cov_3.738182	1	1502	367	1502	100	34.0366	35.7	58.8
GC1003827_F08_NODE_5802_length_1501_cov_15.422853	1	1501	1682	1501	100	142.815	35.7	55.5
GC1003827_F08_NODE_5803_length_1501_cov_7.552402	1	1501	956	1501	100	80.4417	35.1	56.4
GC1003827_F08_NODE_5804_length_1501_cov_5.374090	1	1501	820	1501	100	59.1532	35.3	49.8
GC1003827_F08_NODE_5805_length_1501_cov_4.274381	1	1501	350	1501	100	32.7908	35.7	58.1
GC1003827_F08_NODE_5806_length_1501_cov_2.096070	1	1501	291	1501	100	20.6029	35.5	40.3
GC1003827_F08_NODE_5807_length_1501_cov_1.471616	1	1501	103	1501	100	10.0333	35.4	60
GC1003827_F08_NODE_5808_length_1500_cov_10.109250	1	1500	885	1491	99.4	80.4113	35.6	57.9
GC1003827_F08_NODE_5809_length_1500_cov_6.646031	1	1500	653	1500	100	59.3853	35	56.9
GC1003827_F08_NODE_5810_length_1500_cov_6.464676	1	1500	979	1500	100	86.856	35.6	55.2
GC1003827_F08_NODE_5811_length_1500_cov_4.554261	1	1500	352	1500	100	33.3233	35.8	59.4
GC1003827_F08_NODE_5812_length_1500_cov_2.651857	1	1500	211	1490	99.3333	20	35.8	59.6
GC1003827_F08_NODE_5813_length_1500_cov_2.038602	1	1500	180	1500	100	16.0307	35.6	55.4
GC1003827_F08_NODE_5814_length_1500_cov_0.834669	1	1500	110	1500	100	7.36133	35.7	38.9
GC1003827_F08_NODE_5815_length_1499_cov_17.582362	1	1499	1796	1499	100	162.206	35.4	57.9
GC1003827_F08_NODE_5816_length_1499_cov_11.653790	1	1499	1034	1499	100	96.0887	35.9	58.3
GC1003827_F08_NODE_5817_length_1499_cov_10.198980	1	1499	828	1499	100	78.5444	35.6	59.5
GC1003827_F08_NODE_5818_length_1499_cov_9.807580	1	1499	753	1499	100	71.8659	35.5	58.9
GC1003827_F08_NODE_5819_length_1499_cov_6.215015	1	1499	781	1499	100	62.2221	34.9	51.9
GC1003827_F08_NODE_5820_length_1499_cov_5.247085	1	1499	420	1499	100	38.9159	35.6	59.2
GC1003827_F08_NODE_5821_length_1499_cov_4.830904	1	1499	414	1499	100	37.8646	35.9	58.1
GC1003827_F08_NODE_5822_length_1499_cov_3.185131	1	1499	287	1499	100	26.2068	35.9	58.2
GC1003827_F08_NODE_5823_length_1499_cov_3.179300	1	1499	277	1499	100	25.9967	35.8	59.5
GC1003827_F08_NODE_5824_length_1499_cov_3.094752	1	1499	376	1499	100	29.507	35.3	50.3
GC1003827_F08_NODE_5825_length_1498_cov_28.457330	1	1498	4351	1498	100	331.709	35.1	41.2
GC1003827_F08_NODE_5826_length_1498_cov_9.368344	1	1498	982	1498	100	92.7583	35.6	58.8
GC1003827_F08_NODE_5827_length_1498_cov_6.978848	1	1498	523	1498	100	49.7056	35.6	58.9
GC1003827_F08_NODE_5828_length_1498_cov_5.838074	1	1498	529	1497	99.9332	48.2964	35.9	58.7
GC1003827_F08_NODE_5829_length_1498_cov_5.602480	1	1498	721	1498	100	53.3972	35.4	46.7
GC1003827_F08_NODE_5830_length_1498_cov_3.783370	1	1498	604	1498	100	48.1362	35.7	41.7
GC1003827_F08_NODE_5831_length_1498_cov_2.031364	1	1498	192	1498	100	16.0113	35.9	51.1
GC1003827_F08_NODE_5832_length_1497_cov_9.949635	1	1497	5464	1497	100	404.135	35.2	44.3
GC1003827_F08_NODE_5833_length_1497_cov_7.089781	1	1497	651	1495	99.8664	56.6379	35.6	54.6
GC1003827_F08_NODE_5834_length_1497_cov_7.046715	1	1497	876	1497	100	68.0675	35.2	50
GC1003827_F08_NODE_5835_length_1497_cov_5.507299	1	1497	1542	1497	100	102.311	34.7	31.9
GC1003827_F08_NODE_5836_length_1497_cov_4.908029	1	1497	553	1497	100	42.9906	35.4	45.8
GC1003827_F08_NODE_5837_length_1497_cov_4.897080	1	1497	388	1497	100	36.358	35.6	59.5
GC1003827_F08_NODE_5838_length_1497_cov_2.614599	1	1497	575	1497	100	34.324	34.9	21.7
GC1003827_F08_NODE_5839_length_1497_cov_0.921168	1	1497	80	1487	99.332	7.86373	35.5	60
GC1003827_F08_NODE_5840_length_1497_cov_0.864964	1	1497	63	1497	100	6.03741	35.3	58
GC1003827_F08_NODE_5841_length_1497_cov_0.788321	1	1497	185	1497	100	13.9185	33.2	50.3
GC1003827_F08_NODE_5842_length_1496_cov_5.010957	1	1496	394	1496	100	35.9532	35.7	57.6
GC1003827_F08_NODE_5843_length_1496_cov_4.360117	1	1496	335	1494	99.8663	31.7961	35.7	59
GC1003827_F08_NODE_5844_length_1496_cov_4.267348	1	1496	326	1496	100	31.6798	35.8	59.3
GC1003827_F08_NODE_5845_length_1496_cov_4.015340	1	1496	339	1496	100	32.6644	35.5	59.6
GC1003827_F08_NODE_5846_length_1496_cov_2.372535	1	1496	353	1496	100	28.881	35.6	50.9
GC1003827_F08_NODE_5847_length_1496_cov_2.049671	1	1496	163	1496	100	15.3596	35.4	58.3
GC1003827_F08_NODE_5848_length_1495_cov_8.274123	1	1495	799	1495	100	69.9378	35.4	55.8
GC1003827_F08_NODE_5849_length_1495_cov_5.962719	1	1495	599	1486	99.398	47.5344	35.6	51.9
GC1003827_F08_NODE_5850_length_1495_cov_4.994152	1	1495	380	1495	100	36.2742	35.5	59.2
GC1003827_F08_NODE_5851_length_1495_cov_4.052632	1	1495	352	1495	100	32.5853	35.7	58
GC1003827_F08_NODE_5852_length_1495_cov_3.632310	1	1495	311	1495	100	29.2181	35.5	59.2
GC1003827_F08_NODE_5853_length_1495_cov_3.024854	1	1495	241	1495	100	23.0221	35.6	59.3
GC1003827_F08_NODE_5854_length_1495_cov_2.687865	1	1495	228	1495	100	20.8194	35.9	57.9
GC1003827_F08_NODE_5855_length_1495_cov_2.165936	1	1495	194	1495	100	16.2682	35.7	52.6
GC1003827_F08_NODE_5856_length_1494_cov_10.725677	1	1494	1322	1494	100	100.645	35.5	41.4
GC1003827_F08_NODE_5857_length_1494_cov_6.193124	1	1494	507	1494	100	48.0254	35.7	58
GC1003827_F08_NODE_5858_length_1494_cov_3.498171	1	1494	249	1492	99.8661	24.328	35.7	59.9
GC1003827_F08_NODE_5859_length_1494_cov_2.269934	1	1494	284	1494	100	23.4618	35.5	54.4
GC1003827_F08_NODE_5860_length_1494_cov_0.965618	1	1494	85	1484	99.3307	7.09237	36	54.3
GC1003827_F08_NODE_5861_length_1494_cov_0.705925	1	1494	60	1484	99.3307	5.78581	34.7	59.5
GC1003827_F08_NODE_5862_length_1493_cov_10.672767	1	1493	1579	1493	100	114.017	34.9	45.7
GC1003827_F08_NODE_5863_length_1493_cov_10.536603	1	1493	1290	1493	100	106.348	35.5	53.3
GC1003827_F08_NODE_5864_length_1493_cov_10.099561	1	1493	972	1493	100	85.5968	35.3	54.8
GC1003827_F08_NODE_5865_length_1493_cov_6.433382	1	1493	646	1493	100	55.2384	35.7	57.4
GC1003827_F08_NODE_5866_length_1493_cov_5.707906	1	1493	661	1493	100	54.069	35.2	54.5
GC1003827_F08_NODE_5867_length_1493_cov_3.197657	1	1493	256	1493	100	24.1768	35.4	59
GC1003827_F08_NODE_5868_length_1493_cov_2.725476	1	1493	301	1493	100	25.5452	35.4	57
GC1003827_F08_NODE_5869_length_1493_cov_2.535139	1	1493	350	1493	100	29.134	34.7	48.7
GC1003827_F08_NODE_5870_length_1493_cov_0.687408	1	1493	58	1493	100	5.31011	35.1	56.1
GC1003827_F08_NODE_5871_length_1492_cov_8.334066	1	1492	801	1490	99.866	73.1294	35.5	57.9
GC1003827_F08_NODE_5872_length_1492_cov_5.761172	1	1492	692	1492	100	57.5168	35.4	56.3
GC1003827_F08_NODE_5873_length_1492_cov_5.652015	1	1492	534	1492	100	47.6186	35.1	55.6
GC1003827_F08_NODE_5874_length_1492_cov_3.669597	1	1492	733	1492	100	56.8432	35.2	52.6
GC1003827_F08_NODE_5875_length_1492_cov_1.906960	1	1492	200	1492	100	17.0322	35.6	54.7
GC1003827_F08_NODE_5876_length_1491_cov_11.050587	1	1491	944	1491	100	86.8095	35.8	58.2
GC1003827_F08_NODE_5877_length_1491_cov_8.151026	1	1491	724	1491	100	63.4903	35.7	53.5
GC1003827_F08_NODE_5878_length_1491_cov_4.879765	1	1491	503	1491	100	41.0805	35.3	51.9
GC1003827_F08_NODE_5879_length_1491_cov_3.531525	1	1491	298	1491	100	25.9262	35.5	55.1
GC1003827_F08_NODE_5880_length_1490_cov_9.964784	1	1490	828	1490	100	77.3443	35.6	58
GC1003827_F08_NODE_5881_length_1490_cov_8.617021	1	1490	673	1490	100	61.8282	35.4	56.5
GC1003827_F08_NODE_5882_length_1490_cov_7.531181	1	1490	568	1490	100	53.8329	35.7	59
GC1003827_F08_NODE_5883_length_1489_cov_9.492658	1	1489	908	1489	100	74.448	35.6	57.5
GC1003827_F08_NODE_5884_length_1489_cov_7.464758	1	1489	749	1489	100	60.4533	35.4	47.9
GC1003827_F08_NODE_5885_length_1489_cov_6.871512	1	1489	512	1489	100	49.1733	35.7	58.7
GC1003827_F08_NODE_5886_length_1489_cov_4.555800	1	1489	361	1489	100	34.6535	35.4	58.6
GC1003827_F08_NODE_5887_length_1489_cov_2.118943	1	1489	188	1489	100	17.3842	35.5	58.8
GC1003827_F08_NODE_5888_length_1489_cov_2.022026	1	1489	145	1489	100	14.0101	35.7	59.7
GC1003827_F08_NODE_5889_length_1489_cov_0.935389	1	1489	83	1489	100	7.73338	35.1	59.3
GC1003827_F08_NODE_5890_length_1488_cov_14.598090	1	1488	1244	1488	100	115.228	35.8	57.6
GC1003827_F08_NODE_5891_length_1488_cov_11.753857	1	1488	1135	1488	100	103.7	34.8	57.7
GC1003827_F08_NODE_5892_length_1488_cov_8.115356	1	1488	2248	1488	100	146.18	34.5	23
GC1003827_F08_NODE_5893_length_1488_cov_6.484203	1	1488	781	1488	100	65.0927	35.1	53.2
GC1003827_F08_NODE_5894_length_1488_cov_5.088905	1	1488	411	1488	100	37.6499	35.5	58.3
GC1003827_F08_NODE_5895_length_1488_cov_4.202792	1	1488	402	1488	100	35.8192	35.5	57
GC1003827_F08_NODE_5896_length_1488_cov_3.015430	1	1488	300	1488	100	26.4603	35.7	57.7
GC1003827_F08_NODE_5897_length_1487_cov_7.809559	1	1487	721	1487	100	67.4156	35.5	58.7
GC1003827_F08_NODE_5898_length_1487_cov_6.969853	1	1487	711	1486	99.9328	59.6052	35.5	52.5
GC1003827_F08_NODE_5899_length_1487_cov_3.922059	1	1487	287	1487	100	27.8204	35.6	59.6
GC1003827_F08_NODE_5900_length_1487_cov_3.340441	1	1487	292	1486	99.9328	26.0585	35.7	56.2
GC1003827_F08_NODE_5901_length_1487_cov_2.722794	1	1487	250	1487	100	23.1406	35.6	57.1
GC1003827_F08_NODE_5902_length_1487_cov_1.597059	1	1487	115	1487	100	11.0034	35.8	59.7
GC1003827_F08_NODE_5903_length_1486_cov_11.772627	1	1486	1051	1486	100	97.502	35.7	58.6
GC1003827_F08_NODE_5904_length_1486_cov_7.939662	1	1486	602	1486	100	58.1602	35.9	59.5
GC1003827_F08_NODE_5905_length_1486_cov_4.707138	1	1486	521	1486	100	46.9065	35.8	57.9
GC1003827_F08_NODE_5906_length_1486_cov_3.289919	1	1486	257	1486	100	24.5693	35.6	59
GC1003827_F08_NODE_5907_length_1486_cov_2.501104	1	1486	348	1486	100	24.4206	35.7	52.7
GC1003827_F08_NODE_5908_length_1486_cov_2.332597	1	1486	247	1486	100	22.2766	35.4	55.5
GC1003827_F08_NODE_5909_length_1485_cov_16.884389	1	1485	1661	1485	100	151.265	35.5	58.5
GC1003827_F08_NODE_5910_length_1485_cov_7.835788	1	1485	912	1485	100	75.8774	35.1	52.8
GC1003827_F08_NODE_5911_length_1485_cov_5.282032	1	1485	584	1485	100	50.7919	35.1	55.4
GC1003827_F08_NODE_5912_length_1485_cov_3.871134	1	1485	284	1485	100	27.835	35.3	59.6
GC1003827_F08_NODE_5913_length_1485_cov_3.656848	1	1485	328	1485	100	28.7138	35.3	53.8
GC1003827_F08_NODE_5914_length_1485_cov_2.764359	1	1485	340	1485	100	27.3131	35.2	51.2
GC1003827_F08_NODE_5915_length_1485_cov_2.605302	1	1485	244	1485	100	21.9886	35.5	56.7
GC1003827_F08_NODE_5916_length_1485_cov_2.131075	1	1485	165	1485	100	16.1832	35.6	60
GC1003827_F08_NODE_5917_length_1484_cov_14.951363	1	1484	1099	1484	100	106.075	35.6	59.3
GC1003827_F08_NODE_5918_length_1484_cov_11.553427	1	1484	943	1484	100	87.0539	35.8	56.1
GC1003827_F08_NODE_5919_length_1484_cov_7.489315	1	1484	687	1484	100	60.4272	35.6	57.4
GC1003827_F08_NODE_5920_length_1484_cov_7.389831	1	1484	1439	1484	100	121.328	34.7	50.5
GC1003827_F08_NODE_5921_length_1484_cov_3.788504	1	1484	488	1484	100	38.7426	35.5	51.7
GC1003827_F08_NODE_5922_length_1484_cov_2.649963	1	1484	341	1484	100	28.3342	35.7	50
GC1003827_F08_NODE_5923_length_1484_cov_2.372144	1	1484	166	1482	99.8652	16.5613	35.7	60
GC1003827_F08_NODE_5924_length_1484_cov_2.027266	1	1484	175	1484	100	15.9306	35.3	56.2
GC1003827_F08_NODE_5925_length_1484_cov_1.682388	1	1484	457	1484	100	24.6563	34.6	19.1
GC1003827_F08_NODE_5926_length_1484_cov_1.361828	1	1484	248	1484	100	15.7655	35.5	43.3
GC1003827_F08_NODE_5927_length_1483_cov_5.423304	1	1483	567	1483	100	51.6689	35.2	57.6
GC1003827_F08_NODE_5928_length_1483_cov_4.005162	1	1483	468	1483	100	33.8847	35.3	42.1
GC1003827_F08_NODE_5929_length_1483_cov_3.287611	1	1483	442	1483	100	36.7633	34.8	51.7
GC1003827_F08_NODE_5930_length_1483_cov_3.287611	1	1483	531	1483	100	39.5873	34.6	46.6
GC1003827_F08_NODE_5931_length_1483_cov_2.452065	1	1483	195	1483	100	18.2205	35.7	58.9
GC1003827_F08_NODE_5932_length_1483_cov_1.479351	1	1483	208	1483	100	12.8719	34.7	30.2
GC1003827_F08_NODE_5933_length_1482_cov_7.231734	1	1482	534	1482	100	51.4413	35.6	59.5
GC1003827_F08_NODE_5934_length_1482_cov_1.106273	1	1482	688	1482	100	29.859	34.4	15.2
GC1003827_F08_NODE_5935_length_1482_cov_1.053875	1	1482	79	1482	100	7.36775	36	54.8
GC1003827_F08_NODE_5936_length_1481_cov_4.804284	1	1481	785	1481	100	59.2498	34.7	45.1
GC1003827_F08_NODE_5937_length_1481_cov_2.983013	1	1481	230	1481	100	21.9865	35.8	58.3
GC1003827_F08_NODE_5938_length_1480_cov_14.456024	1	1480	1726	1480	100	150.737	34.7	56.5
GC1003827_F08_NODE_5939_length_1480_cov_13.749446	1	1480	1332	1480	100	114.436	35.6	53.4
GC1003827_F08_NODE_5940_length_1480_cov_12.716925	1	1480	1632	1480	100	144.699	35.1	53.7
GC1003827_F08_NODE_5941_length_1479_cov_19.217456	1	1479	1733	1479	100	162.14	35.5	58
GC1003827_F08_NODE_5942_length_1479_cov_7.843195	1	1479	770	1479	100	72.8878	35.7	59
GC1003827_F08_NODE_5943_length_1479_cov_7.342456	1	1479	596	1479	100	55.4726	35.6	58
GC1003827_F08_NODE_5944_length_1479_cov_6.869083	1	1479	611	1479	100	54.9831	35.6	54.6
GC1003827_F08_NODE_5945_length_1479_cov_6.173077	1	1479	787	1479	100	64.6193	35.5	52.6
GC1003827_F08_NODE_5946_length_1479_cov_5.177515	1	1479	464	1479	100	42.7181	35.5	58.4
GC1003827_F08_NODE_5947_length_1479_cov_4.855769	1	1479	523	1479	100	45.549	35.7	56.2
GC1003827_F08_NODE_5948_length_1479_cov_4.758876	1	1479	526	1479	100	45.9222	35.3	57.2
GC1003827_F08_NODE_5949_length_1479_cov_3.400888	1	1479	322	1479	100	30.3327	35.7	58.7
GC1003827_F08_NODE_5950_length_1479_cov_3.053254	1	1479	238	1479	100	22.906	35.2	58.8
GC1003827_F08_NODE_5951_length_1479_cov_2.433432	1	1479	263	1479	100	21.9175	35.2	53.8
GC1003827_F08_NODE_5952_length_1479_cov_1.965237	1	1479	214	1479	100	16.2705	35.4	45.1
GC1003827_F08_NODE_5953_length_1479_cov_1.807692	1	1479	309	1479	100	20.1602	35.4	37.2
GC1003827_F08_NODE_5954_length_1478_cov_14.831236	1	1478	3154	1478	100	201.596	35	43.2
GC1003827_F08_NODE_5955_length_1478_cov_9.408586	1	1478	962	1478	100	83.0778	35.4	50.9
GC1003827_F08_NODE_5956_length_1478_cov_8.124352	1	1478	749	1478	100	70.5061	35.5	58.3
GC1003827_F08_NODE_5957_length_1478_cov_6.802369	1	1478	510	1478	100	50.3018	35.7	59.9
GC1003827_F08_NODE_5958_length_1478_cov_3.707624	1	1478	300	1478	100	28.0656	36	58.3
GC1003827_F08_NODE_5959_length_1478_cov_2.815692	1	1478	675	1478	100	43.1049	34.7	49.9
GC1003827_F08_NODE_5960_length_1478_cov_2.507772	1	1478	851	1478	100	45.2605	34.3	19
GC1003827_F08_NODE_5961_length_1478_cov_1.493708	1	1478	124	1478	100	11.4472	35.9	58.1
GC1003827_F08_NODE_5962_length_1477_cov_9.437037	1	1477	913	1477	100	84.1923	35.3	58.2
GC1003827_F08_NODE_5963_length_1477_cov_8.977778	1	1477	708	1477	100	66.8653	35.5	58.7
GC1003827_F08_NODE_5964_length_1477_cov_3.968148	1	1477	313	1476	99.9323	29.149	35.3	58.3
GC1003827_F08_NODE_5965_length_1477_cov_1.354074	1	1477	175	1477	100	14.6662	34.5	56.9
GC1003827_F08_NODE_5966_length_1476_cov_21.673832	1	1476	1877	1476	100	177.55	35.5	58.9
GC1003827_F08_NODE_5967_length_1476_cov_10.554485	1	1476	878	1476	100	82.0196	35.6	58.4
GC1003827_F08_NODE_5968_length_1476_cov_9.083766	1	1476	756	1475	99.9322	70.3692	35.7	58.3
GC1003827_F08_NODE_5969_length_1476_cov_3.782802	1	1476	390	1476	100	33.8469	35.5	56.1
GC1003827_F08_NODE_5970_length_1476_cov_3.351371	1	1476	263	1476	100	24.4343	35.8	57.3
GC1003827_F08_NODE_5971_length_1476_cov_3.220904	1	1476	287	1476	100	26.229	35.7	58
GC1003827_F08_NODE_5972_length_1476_cov_1.737583	1	1476	140	1472	99.729	13.164	35.6	57.8
GC1003827_F08_NODE_5973_length_1476_cov_1.466271	1	1476	124	1476	100	11.9539	35.2	59.1
GC1003827_F08_NODE_5974_length_1476_cov_1.229059	1	1476	92	1476	100	8.84621	35.4	58.8
GC1003827_F08_NODE_5975_length_1475_cov_18.832344	1	1475	1337	1475	100	132.466	35.7	59.5
GC1003827_F08_NODE_5976_length_1475_cov_8.729970	1	1475	1139	1475	100	93.3824	34.9	49.9
GC1003827_F08_NODE_5977_length_1475_cov_5.133531	1	1475	635	1475	100	46.9241	35.2	38.9
GC1003827_F08_NODE_5978_length_1475_cov_4.873887	1	1475	478	1475	100	42.2644	35.2	56.7
GC1003827_F08_NODE_5979_length_1475_cov_2.928783	1	1475	241	1475	100	22.8169	35.7	58.7
GC1003827_F08_NODE_5980_length_1475_cov_2.784866	1	1475	227	1475	100	21.4793	35.8	58.6
GC1003827_F08_NODE_5981_length_1474_cov_16.269488	1	1474	3030	1473	99.9322	215.735	34.9	41.2
GC1003827_F08_NODE_5982_length_1474_cov_11.887899	1	1474	997	1474	100	90.0265	35.7	57.7
GC1003827_F08_NODE_5983_length_1474_cov_10.590200	1	1474	959	1474	100	89.057	35.4	58.4
GC1003827_F08_NODE_5984_length_1474_cov_9.218263	1	1474	908	1474	100	80.4817	35.7	56.5
GC1003827_F08_NODE_5985_length_1474_cov_7.939124	1	1474	988	1474	100	81.5787	35.5	54.8
GC1003827_F08_NODE_5986_length_1474_cov_3.659985	1	1474	440	1474	100	33.2836	35.7	44.2
GC1003827_F08_NODE_5987_length_1474_cov_3.399406	1	1474	261	1474	100	25.4166	35.4	59.6
GC1003827_F08_NODE_5988_length_1474_cov_1.561247	1	1474	148	1474	100	12.9403	35.6	57.7
GC1003827_F08_NODE_5989_length_1474_cov_1.461767	1	1474	131	1474	100	11.8223	35.3	55.4
GC1003827_F08_NODE_5990_length_1473_cov_10.399703	1	1473	994	1473	100	86.7006	35.6	54.4
GC1003827_F08_NODE_5991_length_1473_cov_8.102526	1	1473	692	1473	100	65.1942	35.4	58.3
GC1003827_F08_NODE_5992_length_1473_cov_8.026003	1	1473	698	1473	100	64.2512	35.8	58.3
GC1003827_F08_NODE_5993_length_1473_cov_4.788262	1	1473	362	1472	99.9321	34.446	35.7	58
GC1003827_F08_NODE_5994_length_1473_cov_3.540862	1	1473	323	1473	100	31.797	35.7	59.6
GC1003827_F08_NODE_5995_length_1473_cov_3.017088	1	1473	244	1471	99.8642	23.6049	35.3	59.1
GC1003827_F08_NODE_5996_length_1473_cov_2.822437	1	1473	455	1473	100	33.7712	35	41.2
GC1003827_F08_NODE_5997_length_1473_cov_2.006686	1	1473	397	1473	100	20.8133	35.4	29.9
GC1003827_F08_NODE_5998_length_1472_cov_4.311524	1	1472	336	1469	99.7962	32.748	35.8	58.9
GC1003827_F08_NODE_5999_length_1472_cov_1.002974	1	1472	119	1462	99.3207	9.36685	35.2	46.7
GC1003827_F08_NODE_6000_length_1471_cov_7.238095	1	1471	707	1471	100	58.2481	35.8	48.8
GC1003827_F08_NODE_6001_length_1471_cov_4.831101	1	1471	395	1471	100	37.6275	35.5	58.2
GC1003827_F08_NODE_6002_length_1471_cov_4.447173	1	1471	577	1471	100	49.3107	35.4	55.1
GC1003827_F08_NODE_6003_length_1471_cov_3.833333	1	1471	359	1471	100	31.8824	35.5	57.5
GC1003827_F08_NODE_6004_length_1471_cov_1.956101	1	1471	266	1471	100	21.6329	35.4	53.8
GC1003827_F08_NODE_6005_length_1470_cov_12.965004	1	1470	1949	1470	100	157.663	34.8	51.6
GC1003827_F08_NODE_6006_length_1470_cov_7.466121	1	1470	647	1470	100	58.532	35.6	55.3
GC1003827_F08_NODE_6007_length_1470_cov_7.198809	1	1470	888	1470	100	75.4476	34.9	54.3
GC1003827_F08_NODE_6008_length_1470_cov_7.115413	1	1470	610	1470	100	57.8782	35.5	57.5
GC1003827_F08_NODE_6009_length_1470_cov_5.326136	1	1470	568	1470	100	47.7898	35.4	55.2
GC1003827_F08_NODE_6010_length_1470_cov_4.087863	1	1470	386	1470	100	32.5878	35.3	56.9
GC1003827_F08_NODE_6011_length_1470_cov_4.062547	1	1470	422	1470	100	34.6136	35.5	55.1
GC1003827_F08_NODE_6012_length_1470_cov_3.702159	1	1470	259	1470	100	25.3197	35.9	59.4
GC1003827_F08_NODE_6013_length_1470_cov_3.668652	1	1470	288	1470	100	27.7653	35.7	59.7
GC1003827_F08_NODE_6014_length_1470_cov_3.273269	1	1470	409	1470	100	34.2429	34.9	55.7
GC1003827_F08_NODE_6015_length_1470_cov_2.481013	1	1470	260	1470	100	21.6102	35.4	54.9
GC1003827_F08_NODE_6016_length_1470_cov_1.545048	1	1470	111	1469	99.932	10.8551	35.7	59.1
GC1003827_F08_NODE_6017_length_1469_cov_7.529061	1	1469	662	1467	99.8639	60.1933	35.7	57.9
GC1003827_F08_NODE_6018_length_1469_cov_7.460507	1	1469	608	1468	99.9319	57.4983	35.4	58.7
GC1003827_F08_NODE_6019_length_1468_cov_11.287099	1	1468	1028	1468	100	93.2997	35.6	56.8
GC1003827_F08_NODE_6020_length_1468_cov_7.636092	1	1468	654	1465	99.7956	62.5559	35.7	58.5
GC1003827_F08_NODE_6021_length_1468_cov_6.832215	1	1468	781	1468	100	69.8188	34.7	55.6
GC1003827_F08_NODE_6022_length_1468_cov_5.888143	1	1468	501	1466	99.8638	46.9646	35.2	58.3
GC1003827_F08_NODE_6023_length_1468_cov_3.994780	1	1468	294	1468	100	28.8658	35.6	59.4
GC1003827_F08_NODE_6024_length_1468_cov_1.398210	1	1468	107	1468	100	10.6274	35.5	60
GC1003827_F08_NODE_6025_length_1467_cov_15.191791	1	1467	1366	1467	100	127.346	35.4	58.6
GC1003827_F08_NODE_6026_length_1467_cov_14.765672	1	1467	1240	1467	100	115.481	35.5	57.8
GC1003827_F08_NODE_6027_length_1467_cov_7.844776	1	1467	656	1464	99.7955	61.7212	35.5	58.9
GC1003827_F08_NODE_6028_length_1467_cov_7.189552	1	1467	679	1467	100	61.8269	35.6	57.5
GC1003827_F08_NODE_6029_length_1467_cov_6.640299	1	1467	469	1465	99.8637	45.6714	35.3	59.1
GC1003827_F08_NODE_6030_length_1467_cov_6.191791	1	1467	473	1467	100	45.6864	35.5	59.4
GC1003827_F08_NODE_6031_length_1467_cov_4.494776	1	1467	541	1466	99.9318	44.0818	35.3	53.4
GC1003827_F08_NODE_6032_length_1467_cov_4.394776	1	1467	522	1467	100	42.743	35.4	53.5
GC1003827_F08_NODE_6033_length_1467_cov_3.137313	1	1467	553	1467	100	34.2706	35.4	31
GC1003827_F08_NODE_6034_length_1467_cov_2.425373	1	1467	460	1467	100	26.6183	35.2	37
GC1003827_F08_NODE_6035_length_1467_cov_1.850746	1	1467	136	1467	100	13.3306	35.8	58.7
GC1003827_F08_NODE_6036_length_1467_cov_1.726866	1	1467	148	1467	100	12.6789	35.9	58.8
GC1003827_F08_NODE_6037_length_1466_cov_11.256161	1	1466	945	1464	99.8636	89.384	35.4	58.9
GC1003827_F08_NODE_6038_length_1466_cov_9.403286	1	1466	978	1466	100	85.9202	35.2	53.8
GC1003827_F08_NODE_6039_length_1466_cov_9.000000	1	1466	634	1465	99.9318	62.3745	35.8	58.7
GC1003827_F08_NODE_6040_length_1466_cov_6.331591	1	1466	616	1466	100	54.2101	35.6	55.7
GC1003827_F08_NODE_6041_length_1466_cov_5.289768	1	1466	585	1466	100	51.5566	35.5	56.2
GC1003827_F08_NODE_6042_length_1466_cov_4.967140	1	1466	651	1466	100	55.8001	34.7	55.5
GC1003827_F08_NODE_6043_length_1466_cov_2.202390	1	1466	156	1466	100	15.1965	35.2	59.2
GC1003827_F08_NODE_6044_length_1466_cov_2.182226	1	1466	199	1466	100	17.8813	35.5	57.7
GC1003827_F08_NODE_6045_length_1465_cov_5.416293	1	1465	603	1465	100	50.9099	35.5	53.7
GC1003827_F08_NODE_6046_length_1465_cov_4.355007	1	1465	302	1465	100	29.8969	35.6	59.7
GC1003827_F08_NODE_6047_length_1465_cov_3.794469	1	1465	580	1465	100	42.1338	35.3	48.8
GC1003827_F08_NODE_6048_length_1465_cov_3.245889	1	1465	261	1465	100	24.7973	35.6	58.2
GC1003827_F08_NODE_6049_length_1465_cov_0.927504	1	1465	70	1455	99.3174	6.68805	36	56.4
GC1003827_F08_NODE_6050_length_1464_cov_11.708302	1	1464	866	1464	100	84.5635	35.5	59.1
GC1003827_F08_NODE_6051_length_1464_cov_4.990277	1	1464	345	1464	100	34.5389	35.6	59.6
GC1003827_F08_NODE_6052_length_1464_cov_4.929693	1	1464	374	1464	100	36.0977	35.7	59.3
GC1003827_F08_NODE_6053_length_1464_cov_2.827225	1	1464	292	1464	100	24.7541	35.2	51.7
GC1003827_F08_NODE_6054_length_1464_cov_1.386687	1	1464	118	1464	100	11.4303	35.1	59.4
GC1003827_F08_NODE_6055_length_1463_cov_6.084581	1	1463	491	1463	100	47.0191	35.7	59.4
GC1003827_F08_NODE_6056_length_1463_cov_5.696108	1	1463	780	1463	100	69.6336	35.5	49.1
GC1003827_F08_NODE_6057_length_1463_cov_5.468563	1	1463	638	1463	100	55.3158	35.3	56.4
GC1003827_F08_NODE_6058_length_1463_cov_0.762725	1	1463	63	1453	99.3165	6.23172	34.9	60
GC1003827_F08_NODE_6059_length_1462_cov_16.699625	1	1462	2714	1462	100	243.547	35.7	55.1
GC1003827_F08_NODE_6060_length_1462_cov_13.158801	1	1462	995	1458	99.7264	96.7086	35.8	59.2
GC1003827_F08_NODE_6061_length_1462_cov_12.486142	1	1462	1049	1461	99.9316	97.1183	35.7	57.4
GC1003827_F08_NODE_6062_length_1462_cov_8.558801	1	1462	1488	1462	100	102.166	35.1	33.2
GC1003827_F08_NODE_6063_length_1462_cov_8.268914	1	1462	897	1462	100	75.5397	34.9	53.6
GC1003827_F08_NODE_6064_length_1462_cov_7.485393	1	1462	546	1462	100	53.2278	35.7	58.8
GC1003827_F08_NODE_6065_length_1462_cov_4.764794	1	1462	869	1462	100	75.5711	34.7	48
GC1003827_F08_NODE_6066_length_1462_cov_3.909363	1	1462	554	1462	100	41.3126	35.3	48.8
GC1003827_F08_NODE_6067_length_1462_cov_2.169288	1	1462	158	1462	100	15.6703	35.3	59.2
GC1003827_F08_NODE_6068_length_1461_cov_17.754873	1	1461	1674	1461	100	152.598	35.6	57.6
GC1003827_F08_NODE_6069_length_1461_cov_12.768366	1	1461	1222	1461	100	106.954	35.3	55
GC1003827_F08_NODE_6070_length_1461_cov_10.461019	1	1461	880	1461	100	84.3491	35.8	58.6
GC1003827_F08_NODE_6071_length_1461_cov_5.683658	1	1461	551	1461	100	49.2827	35.7	56.5
GC1003827_F08_NODE_6072_length_1461_cov_4.996252	1	1461	360	1461	100	35.1355	35.5	59.3
GC1003827_F08_NODE_6073_length_1461_cov_4.706147	1	1461	423	1461	100	40.3559	35.3	58.2
GC1003827_F08_NODE_6074_length_1461_cov_1.609445	1	1461	139	1461	100	12.7372	35.8	58.6
GC1003827_F08_NODE_6075_length_1460_cov_8.063766	1	1460	642	1460	100	59.6719	35.6	56.5
GC1003827_F08_NODE_6076_length_1460_cov_6.974494	1	1460	800	1460	100	71.9144	34.9	57.9
GC1003827_F08_NODE_6077_length_1460_cov_5.618155	1	1460	462	1460	100	44.3767	35.6	58.7
GC1003827_F08_NODE_6078_length_1460_cov_4.596399	1	1460	383	1460	100	35.7116	35.4	59
GC1003827_F08_NODE_6079_length_1460_cov_4.349587	1	1460	365	1460	100	34.5877	35.7	57.9
GC1003827_F08_NODE_6080_length_1460_cov_3.665416	1	1460	414	1460	100	36.3493	35.1	55.4
GC1003827_F08_NODE_6081_length_1460_cov_3.616654	1	1460	248	1460	100	24.6541	35.5	59.3
GC1003827_F08_NODE_6082_length_1460_cov_2.639910	1	1460	257	1459	99.9315	22.7664	35.2	55.3
GC1003827_F08_NODE_6083_length_1459_cov_15.707207	1	1459	1584	1459	100	145.169	35.6	58
GC1003827_F08_NODE_6084_length_1459_cov_6.102853	1	1459	542	1459	100	51.7958	35.6	58.2
GC1003827_F08_NODE_6085_length_1459_cov_5.409910	1	1459	411	1459	100	40.5271	35.8	59.5
GC1003827_F08_NODE_6086_length_1459_cov_3.658408	1	1459	447	1457	99.8629	36.1254	35.3	51.8
GC1003827_F08_NODE_6087_length_1459_cov_3.021772	1	1459	243	1459	100	23.6683	35.8	59.4
GC1003827_F08_NODE_6088_length_1459_cov_2.648649	1	1459	210	1459	100	20.2694	35.4	59.1
GC1003827_F08_NODE_6089_length_1459_cov_1.737988	1	1459	2076	1459	100	135.84	34.1	14.6
GC1003827_F08_NODE_6090_length_1458_cov_12.665665	1	1458	962	1458	100	93.6481	35.5	58.3
GC1003827_F08_NODE_6091_length_1458_cov_6.395192	1	1458	498	1456	99.8628	46.1358	35.7	56.9
GC1003827_F08_NODE_6092_length_1458_cov_4.364388	1	1458	300	1458	100	29.4767	35.9	59.5
GC1003827_F08_NODE_6093_length_1458_cov_2.946657	1	1458	223	1457	99.9314	21.7723	35.8	59.7
GC1003827_F08_NODE_6094_length_1458_cov_2.603306	1	1458	367	1458	100	29.203	35.3	51.4
GC1003827_F08_NODE_6095_length_1458_cov_2.577010	1	1458	608	1458	100	36.6413	34.4	23.8
GC1003827_F08_NODE_6096_length_1458_cov_1.987228	1	1458	158	1458	100	15.4609	35	58.5
GC1003827_F08_NODE_6097_length_1457_cov_7.700000	1	1457	986	1457	100	75.1496	35.4	46.3
GC1003827_F08_NODE_6098_length_1457_cov_4.733835	1	1457	643	1457	100	46.0501	35.4	44.9
GC1003827_F08_NODE_6099_length_1457_cov_4.609774	1	1457	794	1457	100	58.4324	34.9	44.3
GC1003827_F08_NODE_6100_length_1457_cov_4.303759	1	1457	450	1457	100	41.2752	34.9	57.1
GC1003827_F08_NODE_6101_length_1457_cov_4.008271	1	1457	326	1457	100	29.9993	35.4	57.7
GC1003827_F08_NODE_6102_length_1457_cov_3.303759	1	1457	287	1457	100	26.8092	35.7	57.5
GC1003827_F08_NODE_6103_length_1457_cov_2.463158	1	1457	266	1457	100	21.2231	35.5	48.6
GC1003827_F08_NODE_6104_length_1456_cov_11.070730	1	1456	811	1456	100	78.7624	35.6	58.8
GC1003827_F08_NODE_6105_length_1456_cov_9.016554	1	1456	990	1456	100	85.0831	35	52.1
GC1003827_F08_NODE_6106_length_1456_cov_8.802859	1	1456	822	1456	100	76.8427	35.7	57.3
GC1003827_F08_NODE_6107_length_1456_cov_7.263356	1	1456	891	1456	100	76.1964	35	53.9
GC1003827_F08_NODE_6108_length_1456_cov_7.033108	1	1456	925	1456	100	71.5872	35.5	48.4
GC1003827_F08_NODE_6109_length_1456_cov_2.963883	1	1456	948	1456	100	58.7129	35.7	53
GC1003827_F08_NODE_6110_length_1456_cov_1.761475	1	1456	380	1456	100	27.2047	35.4	38.9
GC1003827_F08_NODE_6111_length_1456_cov_1.708804	1	1456	174	1456	100	15.6841	35.6	59.6
GC1003827_F08_NODE_6112_length_1455_cov_7.097139	1	1455	498	1455	100	49.2838	35.8	59.5
GC1003827_F08_NODE_6113_length_1455_cov_7.049699	1	1455	693	1447	99.4502	63.3271	35.9	57.9
GC1003827_F08_NODE_6114_length_1455_cov_4.322289	1	1455	312	1454	99.9313	30.7849	35.3	59.1
GC1003827_F08_NODE_6115_length_1455_cov_2.677711	1	1455	211	1455	100	19.6887	35.5	57.1
GC1003827_F08_NODE_6116_length_1455_cov_2.577560	1	1455	219	1453	99.8625	21.2687	34.9	59.8
GC1003827_F08_NODE_6117_length_1455_cov_2.442018	1	1455	161	1455	100	16.3979	35.4	60
GC1003827_F08_NODE_6118_length_1455_cov_2.359187	1	1455	709	1448	99.5189	39.5162	34.4	30.3
GC1003827_F08_NODE_6119_length_1455_cov_1.545934	1	1455	136	1455	100	12.4103	35.2	54.6
GC1003827_F08_NODE_6120_length_1454_cov_10.040693	1	1454	931	1452	99.8624	87.7985	35.5	59
GC1003827_F08_NODE_6121_length_1454_cov_7.399397	1	1454	991	1454	100	79.3054	35.2	48.1
GC1003827_F08_NODE_6122_length_1454_cov_4.003014	1	1454	418	1454	100	36.945	35.3	57.7
GC1003827_F08_NODE_6123_length_1454_cov_3.191409	1	1454	235	1454	100	23.2448	35.7	59.2
GC1003827_F08_NODE_6124_length_1454_cov_2.057272	1	1454	163	1454	100	15.5585	35.4	58.3
GC1003827_F08_NODE_6125_length_1454_cov_1.699322	1	1454	133	1454	100	12.707	35.5	58.2
GC1003827_F08_NODE_6126_length_1453_cov_11.438160	1	1453	2299	1453	100	206.684	35.3	36.2
GC1003827_F08_NODE_6127_length_1453_cov_7.729261	1	1453	637	1453	100	59.4535	35.8	56.7
GC1003827_F08_NODE_6128_length_1453_cov_7.340121	1	1453	529	1453	100	52.2209	35.7	59.1
GC1003827_F08_NODE_6129_length_1453_cov_7.272247	1	1453	542	1453	100	54.0358	35.6	59.1
GC1003827_F08_NODE_6130_length_1453_cov_7.236802	1	1453	734	1453	100	66.1232	35.6	57.3
GC1003827_F08_NODE_6131_length_1453_cov_6.076923	1	1453	466	1451	99.8624	45.9931	35.3	59.4
GC1003827_F08_NODE_6132_length_1452_cov_11.484528	1	1452	1014	1452	100	96.6915	35.3	55.6
GC1003827_F08_NODE_6133_length_1452_cov_10.804528	1	1452	974	1452	100	90.8547	35.4	57.8
GC1003827_F08_NODE_6134_length_1452_cov_9.019623	1	1452	838	1452	100	73.9008	35.6	54.9
GC1003827_F08_NODE_6135_length_1452_cov_5.120755	1	1452	521	1452	100	45.73	35.1	54.3
GC1003827_F08_NODE_6136_length_1452_cov_4.276226	1	1452	313	1452	100	30.5372	35.5	58.5
GC1003827_F08_NODE_6137_length_1452_cov_3.352453	1	1452	238	1450	99.8623	23.2025	35.2	58.7
GC1003827_F08_NODE_6138_length_1452_cov_2.269434	1	1452	183	1452	100	16.6315	36	55.5
GC1003827_F08_NODE_6139_length_1452_cov_2.015094	1	1452	143	1451	99.9311	14.1357	35.5	58.8
GC1003827_F08_NODE_6140_length_1452_cov_0.991698	1	1452	77	1452	100	7.25964	35.5	58.8
GC1003827_F08_NODE_6141_length_1451_cov_9.741692	1	1451	831	1451	100	79.468	35.6	58.4
GC1003827_F08_NODE_6142_length_1451_cov_9.533233	1	1451	974	1451	100	85.5003	35.4	53.2
GC1003827_F08_NODE_6143_length_1451_cov_8.253776	1	1451	1037	1451	100	79.7037	35.1	39.2
GC1003827_F08_NODE_6144_length_1451_cov_4.188066	1	1451	397	1451	100	38.816	35.7	59
GC1003827_F08_NODE_6145_length_1451_cov_1.814955	1	1451	136	1451	100	13.2136	35.6	58.9
GC1003827_F08_NODE_6146_length_1450_cov_7.201058	1	1450	1501	1450	100	96.8683	34.6	24.5
GC1003827_F08_NODE_6147_length_1450_cov_4.554800	1	1450	373	1450	100	35.4062	35.7	57.2
GC1003827_F08_NODE_6148_length_1450_cov_3.760393	1	1450	274	1450	100	25.8559	35.7	58.3
GC1003827_F08_NODE_6149_length_1450_cov_3.200302	1	1450	223	1450	100	21.9159	35.8	59.5
GC1003827_F08_NODE_6150_length_1450_cov_3.067271	1	1450	927	1450	100	53.7076	34.5	23.5
GC1003827_F08_NODE_6151_length_1450_cov_1.724868	1	1450	128	1450	100	12.3703	35.7	58.7
GC1003827_F08_NODE_6152_length_1449_cov_13.802572	1	1449	1190	1449	100	108.832	35.6	58.6
GC1003827_F08_NODE_6153_length_1449_cov_11.593797	1	1449	1556	1449	100	136.468	35.7	53.1
GC1003827_F08_NODE_6154_length_1449_cov_8.293495	1	1449	691	1449	100	65.3478	36	58.3
GC1003827_F08_NODE_6155_length_1449_cov_8.219365	1	1449	606	1449	100	58.7598	35.6	58.9
GC1003827_F08_NODE_6156_length_1449_cov_7.428896	1	1449	563	1449	100	55.0787	35.5	59.2
GC1003827_F08_NODE_6157_length_1448_cov_9.527631	1	1448	1160	1445	99.7928	96.8384	35	54.5
GC1003827_F08_NODE_6158_length_1448_cov_8.838759	1	1448	692	1448	100	67.7465	35.8	59.5
GC1003827_F08_NODE_6159_length_1448_cov_7.528388	1	1448	594	1448	100	56.0684	35.4	55.9
GC1003827_F08_NODE_6160_length_1448_cov_4.235428	1	1448	300	1448	100	29.4855	35.4	58.7
GC1003827_F08_NODE_6161_length_1448_cov_3.857684	1	1448	377	1448	100	34.3522	35.2	54.1
GC1003827_F08_NODE_6162_length_1448_cov_3.473883	1	1448	271	1448	100	26.0974	35.7	57.7
GC1003827_F08_NODE_6163_length_1448_cov_0.825132	1	1448	56	1448	100	5.65124	35.3	60
GC1003827_F08_NODE_6164_length_1448_cov_0.540500	1	1448	48	1448	100	4.51312	35.3	59
GC1003827_F08_NODE_6165_length_1447_cov_7.275000	1	1447	595	1447	100	56.4865	35.9	58.8
GC1003827_F08_NODE_6166_length_1447_cov_6.834091	1	1447	547	1447	100	53.5418	35.5	59.1
GC1003827_F08_NODE_6167_length_1447_cov_5.953030	1	1447	486	1437	99.3089	46.6773	35.7	58.3
GC1003827_F08_NODE_6168_length_1447_cov_4.587879	1	1447	389	1447	100	36.1997	35.8	56.8
GC1003827_F08_NODE_6169_length_1447_cov_4.182576	1	1447	420	1447	100	39.4098	35.1	57.3
GC1003827_F08_NODE_6170_length_1447_cov_3.648485	1	1447	255	1446	99.9309	25.472	35.5	59.2
GC1003827_F08_NODE_6171_length_1447_cov_3.145455	1	1447	275	1447	100	26.5356	35.9	59.5
GC1003827_F08_NODE_6172_length_1447_cov_3.030303	1	1447	271	1446	99.9309	24.6227	35.1	58.3
GC1003827_F08_NODE_6173_length_1447_cov_1.179545	1	1447	88	1447	100	8.70974	35.6	58.4
GC1003827_F08_NODE_6174_length_1446_cov_10.108415	1	1446	1171	1446	100	104.637	35	54.3
GC1003827_F08_NODE_6175_length_1446_cov_6.478393	1	1446	679	1446	100	62.7683	35.3	57.8
GC1003827_F08_NODE_6176_length_1446_cov_6.297195	1	1446	503	1446	100	49.2524	35.5	58.7
GC1003827_F08_NODE_6177_length_1446_cov_5.876422	1	1446	578	1446	100	48.834	35	50.1
GC1003827_F08_NODE_6178_length_1446_cov_3.786960	1	1446	287	1446	100	28.2718	35.7	59.5
GC1003827_F08_NODE_6179_length_1446_cov_1.890826	1	1446	142	1446	100	13.9087	35.1	59.4
GC1003827_F08_NODE_6180_length_1446_cov_1.324488	1	1446	309	1446	100	20.1203	35.4	39.2
GC1003827_F08_NODE_6181_length_1445_cov_11.951442	1	1445	870	1445	100	84.9218	35.4	59
GC1003827_F08_NODE_6182_length_1445_cov_6.213961	1	1445	467	1445	100	45.7446	35.9	59
GC1003827_F08_NODE_6183_length_1445_cov_6.187405	1	1445	564	1445	100	53.308	35.5	58.6
GC1003827_F08_NODE_6184_length_1445_cov_6.036419	1	1445	472	1445	100	46.2803	35.7	58.5
GC1003827_F08_NODE_6185_length_1445_cov_5.964340	1	1445	461	1445	100	44.8173	35.3	58.6
GC1003827_F08_NODE_6186_length_1445_cov_4.971927	1	1445	389	1445	100	36.8913	35.4	57.2
GC1003827_F08_NODE_6187_length_1445_cov_4.639605	1	1445	460	1442	99.7924	38.5889	35.6	52.3
GC1003827_F08_NODE_6188_length_1445_cov_4.477997	1	1445	380	1445	100	36.51	35.5	58.7
GC1003827_F08_NODE_6189_length_1445_cov_2.754173	1	1445	229	1445	100	22.0215	35.9	58.9
GC1003827_F08_NODE_6190_length_1445_cov_2.204856	1	1445	1262	1445	100	44.3017	33.7	9.88
GC1003827_F08_NODE_6191_length_1445_cov_1.745068	1	1445	309	1445	100	21.6173	34.9	46.3
GC1003827_F08_NODE_6192_length_1445_cov_1.734446	1	1445	157	1445	100	14.3149	34.8	56.4
GC1003827_F08_NODE_6193_length_1444_cov_11.119970	1	1444	966	1444	100	90.6579	35.7	58.2
GC1003827_F08_NODE_6194_length_1444_cov_10.485194	1	1444	770	1444	100	75.6503	35.6	59
GC1003827_F08_NODE_6195_length_1444_cov_6.301443	1	1444	834	1444	100	60.9384	35.3	36.3
GC1003827_F08_NODE_6196_length_1444_cov_5.324981	1	1444	962	1444	100	87.5942	35.4	43
GC1003827_F08_NODE_6197_length_1444_cov_5.271830	1	1444	994	1444	100	65.9411	35	35.9
GC1003827_F08_NODE_6198_length_1444_cov_4.477601	1	1444	483	1444	100	44.4432	35.3	57.6
GC1003827_F08_NODE_6199_length_1444_cov_3.829157	1	1444	306	1444	100	27.9211	35.5	52.7
GC1003827_F08_NODE_6200_length_1444_cov_3.479119	1	1444	256	1444	100	25.1378	35.6	59.1
GC1003827_F08_NODE_6201_length_1444_cov_1.064541	1	1444	115	1444	100	9.63712	35.8	46.8
GC1003827_F08_NODE_6202_length_1443_cov_9.625380	1	1443	857	1443	100	82.7713	35.5	58.7
GC1003827_F08_NODE_6203_length_1443_cov_5.403495	1	1443	705	1442	99.9307	59.9307	35	51.3
GC1003827_F08_NODE_6204_length_1443_cov_4.617021	1	1443	345	1443	100	33.158	35.7	57.2
GC1003827_F08_NODE_6205_length_1443_cov_3.993921	1	1443	631	1443	100	50.3368	35.1	52
GC1003827_F08_NODE_6206_length_1443_cov_3.861702	1	1443	300	1443	100	29.4532	35.6	59
GC1003827_F08_NODE_6207_length_1443_cov_3.104103	1	1443	349	1443	100	27.7131	35.5	46.2
GC1003827_F08_NODE_6208_length_1443_cov_3.069149	1	1443	331	1443	100	28.7554	35.5	57.2
GC1003827_F08_NODE_6209_length_1442_cov_4.415209	1	1442	458	1442	100	36.1345	35.8	45.5
GC1003827_F08_NODE_6210_length_1442_cov_3.587833	1	1442	342	1442	100	30.0721	35.5	53.1
GC1003827_F08_NODE_6211_length_1442_cov_3.371103	1	1442	233	1442	100	22.9521	35.8	59.6
GC1003827_F08_NODE_6212_length_1442_cov_3.209886	1	1442	319	1442	100	25.2212	35.3	42.8
GC1003827_F08_NODE_6213_length_1442_cov_3.050190	1	1442	292	1442	100	27.1671	35.6	57.7
GC1003827_F08_NODE_6214_length_1442_cov_2.951331	1	1442	191	1442	100	19.5201	35.2	59.6
GC1003827_F08_NODE_6215_length_1442_cov_2.407605	1	1442	188	1442	100	18.3135	35.8	57.8
GC1003827_F08_NODE_6216_length_1442_cov_2.222053	1	1442	183	1433	99.3759	17.1227	35.6	57.3
GC1003827_F08_NODE_6217_length_1442_cov_1.175665	1	1442	109	1442	100	9.75381	35.2	55.9
GC1003827_F08_NODE_6218_length_1441_cov_12.194064	1	1441	913	1441	100	89.4469	35.6	59.1
GC1003827_F08_NODE_6219_length_1441_cov_6.436834	1	1441	523	1441	100	49.6051	35.7	58.9
GC1003827_F08_NODE_6220_length_1441_cov_4.410959	1	1441	344	1441	100	33.059	35.8	58.5
GC1003827_F08_NODE_6221_length_1441_cov_3.920852	1	1441	519	1441	100	43.6704	35.3	56.6
GC1003827_F08_NODE_6222_length_1441_cov_3.819635	1	1441	373	1441	100	32.043	35.7	54.5
GC1003827_F08_NODE_6223_length_1441_cov_1.883562	1	1441	147	1441	100	14.177	35.3	57.5
GC1003827_F08_NODE_6224_length_1441_cov_1.056317	1	1441	556	1441	100	36.8452	35.8	28.9
GC1003827_F08_NODE_6225_length_1440_cov_10.921554	1	1440	3242	1440	100	214.453	34.6	22.6
GC1003827_F08_NODE_6226_length_1440_cov_10.060168	1	1440	827	1440	100	78.6937	35.5	57.4
GC1003827_F08_NODE_6227_length_1440_cov_8.040366	1	1440	799	1440	100	66.2361	35.5	46
GC1003827_F08_NODE_6228_length_1440_cov_7.741813	1	1440	738	1440	100	66.0778	35.5	56.2
GC1003827_F08_NODE_6229_length_1440_cov_7.108911	1	1440	493	1440	100	49.7715	35.7	59.4
GC1003827_F08_NODE_6230_length_1440_cov_3.592536	1	1440	274	1385	96.1806	26.8792	35.9	59.1
GC1003827_F08_NODE_6231_length_1439_cov_6.891006	1	1439	774	1439	100	71.6588	35.1	55.9
GC1003827_F08_NODE_6232_length_1439_cov_5.134146	1	1439	726	1439	100	61.9736	35.5	54.4
GC1003827_F08_NODE_6233_length_1439_cov_4.407774	1	1439	506	1439	100	43.4774	34.8	54.9
GC1003827_F08_NODE_6234_length_1439_cov_3.580793	1	1439	280	1439	100	27.3482	35.6	58.1
GC1003827_F08_NODE_6235_length_1439_cov_3.001524	1	1439	623	1439	100	38.8193	35.2	28.6
GC1003827_F08_NODE_6236_length_1439_cov_1.807927	1	1439	200	1439	100	14.8902	35.3	41
GC1003827_F08_NODE_6237_length_1438_cov_9.132723	1	1438	680	1437	99.9305	66.7239	35.5	59.3
GC1003827_F08_NODE_6238_length_1438_cov_3.478261	1	1438	348	1438	100	32.2629	35.5	55.9
GC1003827_F08_NODE_6239_length_1437_cov_8.803817	1	1437	761	1437	100	71.1371	35.9	57.8
GC1003827_F08_NODE_6240_length_1437_cov_5.958779	1	1437	466	1436	99.9304	44.5073	35.5	57.6
GC1003827_F08_NODE_6241_length_1437_cov_4.503053	1	1437	420	1437	100	36.7328	35.5	53.3
GC1003827_F08_NODE_6242_length_1437_cov_3.550382	1	1437	336	1437	100	30.4523	35.8	54.7
GC1003827_F08_NODE_6243_length_1437_cov_3.385496	1	1437	320	1437	100	29.6569	35.3	56.9
GC1003827_F08_NODE_6244_length_1437_cov_2.941985	1	1437	218	1437	100	21.8434	35.5	59.8
GC1003827_F08_NODE_6245_length_1437_cov_2.510687	1	1437	250	1437	100	23.5087	35.5	57.8
GC1003827_F08_NODE_6246_length_1436_cov_12.642475	1	1436	1274	1436	100	113.357	35.6	57
GC1003827_F08_NODE_6247_length_1436_cov_10.985485	1	1436	974	1436	100	91.5223	35.2	57.6
GC1003827_F08_NODE_6248_length_1436_cov_10.647059	1	1436	951	1428	99.4429	89.8809	35.6	58.2
GC1003827_F08_NODE_6249_length_1436_cov_6.359053	1	1436	501	1436	100	49.4617	35.7	59.4
GC1003827_F08_NODE_6250_length_1436_cov_6.193277	1	1436	434	1433	99.7911	43.6692	35.7	58.9
GC1003827_F08_NODE_6251_length_1436_cov_6.064935	1	1436	435	1436	100	42.9805	35.6	58.3
GC1003827_F08_NODE_6252_length_1436_cov_4.090909	1	1436	402	1436	100	37.163	35.4	57.6
GC1003827_F08_NODE_6253_length_1436_cov_3.000764	1	1436	237	1436	100	23.3357	35.6	58.4
GC1003827_F08_NODE_6254_length_1436_cov_2.577540	1	1436	229	1436	100	21.5884	35.7	58.5
GC1003827_F08_NODE_6255_length_1435_cov_10.539755	1	1435	703	1435	100	71.0021	35.6	59.7
GC1003827_F08_NODE_6256_length_1435_cov_3.582569	1	1435	270	1432	99.7909	26.3345	35.4	58.2
GC1003827_F08_NODE_6257_length_1435_cov_1.994648	1	1435	141	1435	100	14.4495	35.6	60
GC1003827_F08_NODE_6258_length_1434_cov_21.519510	1	1434	1723	1434	100	169.037	35.6	58.9
GC1003827_F08_NODE_6259_length_1434_cov_10.111706	1	1434	905	1434	100	85.0342	35.6	55.8
GC1003827_F08_NODE_6260_length_1434_cov_9.462892	1	1434	805	1434	100	76.3026	35.6	58.2
GC1003827_F08_NODE_6261_length_1434_cov_8.785769	1	1434	1050	1434	100	104.208	35.4	45.2
GC1003827_F08_NODE_6262_length_1434_cov_6.586075	1	1434	519	1434	100	49.2741	35.5	57.1
GC1003827_F08_NODE_6263_length_1434_cov_5.132364	1	1434	496	1434	100	44.8319	35.6	57
GC1003827_F08_NODE_6264_length_1434_cov_4.485080	1	1434	342	1434	100	33.2204	35.6	57.9
GC1003827_F08_NODE_6265_length_1434_cov_3.233359	1	1434	297	1434	100	25.5593	35.9	52.3
GC1003827_F08_NODE_6266_length_1434_cov_3.172915	1	1434	253	1434	100	24.9847	35.4	59.3
GC1003827_F08_NODE_6267_length_1434_cov_1.628921	1	1434	272	1434	100	18.1987	35	31.2
GC1003827_F08_NODE_6268_length_1433_cov_10.803982	1	1433	856	1433	100	83.1835	35.7	58.6
GC1003827_F08_NODE_6269_length_1433_cov_4.542113	1	1433	624	1433	100	52.7537	34.3	55.2
GC1003827_F08_NODE_6270_length_1433_cov_3.514548	1	1433	266	1424	99.3719	26.2903	35.7	59.1
GC1003827_F08_NODE_6271_length_1433_cov_2.918836	1	1433	212	1433	100	20.3196	35.5	56.5
GC1003827_F08_NODE_6272_length_1433_cov_2.537519	1	1433	262	1433	100	22.8863	35.6	54.5
GC1003827_F08_NODE_6273_length_1432_cov_12.943295	1	1432	1072	1432	100	99.8659	35.4	56.9
GC1003827_F08_NODE_6274_length_1432_cov_11.468966	1	1432	880	1432	100	87.199	35.9	59.4
GC1003827_F08_NODE_6275_length_1432_cov_7.288889	1	1432	622	1432	100	59.7577	35.5	56.7
GC1003827_F08_NODE_6276_length_1432_cov_6.257471	1	1432	589	1432	100	54.0189	35.5	56.5
GC1003827_F08_NODE_6277_length_1432_cov_5.518774	1	1432	614	1432	100	54.6124	35.2	55.6
GC1003827_F08_NODE_6278_length_1432_cov_5.361686	1	1432	396	1432	100	38.926	35.7	58.9
GC1003827_F08_NODE_6279_length_1432_cov_5.133333	1	1432	484	1428	99.7207	43.4909	35.5	55.7
GC1003827_F08_NODE_6280_length_1432_cov_4.209195	1	1432	584	1432	100	44.3436	34.4	40.5
GC1003827_F08_NODE_6281_length_1432_cov_3.960920	1	1432	330	1432	100	33.1683	34.9	59.1
GC1003827_F08_NODE_6282_length_1432_cov_3.622989	1	1432	307	1432	100	30.7954	35.7	58.6
GC1003827_F08_NODE_6283_length_1432_cov_2.032184	1	1432	245	1432	100	20.9951	35.4	56
GC1003827_F08_NODE_6284_length_1431_cov_12.231595	1	1431	1195	1431	100	111.687	35.5	57
GC1003827_F08_NODE_6285_length_1431_cov_10.433282	1	1431	916	1420	99.2313	80.8148	35.8	52
GC1003827_F08_NODE_6286_length_1431_cov_8.500767	1	1431	661	1431	100	63.5604	35.8	57.9
GC1003827_F08_NODE_6287_length_1431_cov_5.942485	1	1431	445	1431	100	44.5961	35.7	59.1
GC1003827_F08_NODE_6288_length_1431_cov_4.931748	1	1431	641	1431	100	53.8043	34.9	50
GC1003827_F08_NODE_6289_length_1431_cov_4.642638	1	1431	453	1431	100	41.7128	35.1	57.3
GC1003827_F08_NODE_6290_length_1431_cov_2.925613	1	1431	897	1425	99.5807	43.1461	35.4	27.3
GC1003827_F08_NODE_6291_length_1431_cov_2.239264	1	1431	160	1431	100	15.6261	35.9	58.7
GC1003827_F08_NODE_6292_length_1431_cov_1.643405	1	1431	176	1431	100	15.4703	34.6	53.7
GC1003827_F08_NODE_6293_length_1430_cov_8.485802	1	1430	1351	1430	100	122.133	34.8	50.6
GC1003827_F08_NODE_6294_length_1430_cov_4.578665	1	1430	474	1430	100	42.714	35.8	55.4
GC1003827_F08_NODE_6295_length_1430_cov_3.431312	1	1430	250	1429	99.9301	24.6902	35.4	58.1
GC1003827_F08_NODE_6296_length_1430_cov_3.081351	1	1430	238	1430	100	23.6678	35.7	59.5
GC1003827_F08_NODE_6297_length_1430_cov_2.534919	1	1430	277	1430	100	24.4636	35.6	56.2
GC1003827_F08_NODE_6298_length_1430_cov_1.577897	1	1430	438	1430	100	23.6308	34.5	21.4
GC1003827_F08_NODE_6299_length_1429_cov_7.043779	1	1429	519	1429	100	51.9405	35.7	59.4
GC1003827_F08_NODE_6300_length_1429_cov_5.252688	1	1429	581	1429	100	51.0539	35.6	54.8
GC1003827_F08_NODE_6301_length_1429_cov_4.757296	1	1429	403	1429	100	38.4479	35.7	58.5
GC1003827_F08_NODE_6302_length_1429_cov_3.823349	1	1429	270	1429	100	25.8495	35.8	57.3
GC1003827_F08_NODE_6303_length_1429_cov_3.086790	1	1429	220	1429	100	22.1379	35.7	59
GC1003827_F08_NODE_6304_length_1429_cov_0.957757	1	1429	192	1429	100	11.8838	35.1	35.8
GC1003827_F08_NODE_6305_length_1428_cov_7.708686	1	1428	1298	1428	100	95.7647	35.1	47.3
GC1003827_F08_NODE_6306_length_1428_cov_7.133743	1	1428	645	1428	100	61.1835	35.9	58.3
GC1003827_F08_NODE_6307_length_1428_cov_4.006918	1	1428	318	1428	100	31.8564	35.6	59.6
GC1003827_F08_NODE_6308_length_1427_cov_14.860000	1	1427	1242	1427	100	118.549	35.7	57.7
GC1003827_F08_NODE_6309_length_1427_cov_7.597692	1	1427	692	1427	100	59.9993	35.7	52.6
GC1003827_F08_NODE_6310_length_1427_cov_6.926923	1	1427	717	1427	100	60.965	35.4	50.5
GC1003827_F08_NODE_6311_length_1427_cov_5.203846	1	1427	528	1427	100	46.3083	35.6	52.7
GC1003827_F08_NODE_6312_length_1427_cov_4.833846	1	1427	420	1408	98.6685	39.6013	35.8	57.1
GC1003827_F08_NODE_6313_length_1427_cov_4.816154	1	1427	528	1427	100	45.8732	35.1	55.5
GC1003827_F08_NODE_6314_length_1427_cov_4.279231	1	1427	374	1427	100	34.6559	35.4	54.4
GC1003827_F08_NODE_6315_length_1427_cov_1.850000	1	1427	186	1427	100	16.6819	35.8	49.8
GC1003827_F08_NODE_6316_length_1427_cov_1.601538	1	1427	156	1427	100	13.0841	35.8	48
GC1003827_F08_NODE_6317_length_1427_cov_1.305385	1	1427	577	1417	99.2992	33.9685	34.2	17.7
GC1003827_F08_NODE_6318_length_1426_cov_9.701309	1	1426	969	1426	100	86.4874	35.2	53.4
GC1003827_F08_NODE_6319_length_1426_cov_9.428791	1	1426	768	1426	100	74.5231	35.7	58.1
GC1003827_F08_NODE_6320_length_1426_cov_8.556582	1	1426	815	1426	100	75.4797	35.6	57.6
GC1003827_F08_NODE_6321_length_1426_cov_4.064665	1	1426	433	1426	100	35.655	35.5	53.6
GC1003827_F08_NODE_6322_length_1426_cov_3.444958	1	1426	295	1426	100	28.1858	35.4	58.2
GC1003827_F08_NODE_6323_length_1426_cov_3.177829	1	1426	371	1426	100	31.4158	36	52.8
GC1003827_F08_NODE_6324_length_1426_cov_2.971517	1	1426	257	1426	100	24.8345	35.5	59.7
GC1003827_F08_NODE_6325_length_1426_cov_1.735951	1	1426	126	1426	100	12.723	35.4	59.3
GC1003827_F08_NODE_6326_length_1425_cov_11.713405	1	1425	845	1425	100	85.6863	35.7	59.5
GC1003827_F08_NODE_6327_length_1425_cov_3.933744	1	1425	305	1425	100	30.4884	35.6	59.2
GC1003827_F08_NODE_6328_length_1425_cov_3.834361	1	1425	303	1425	100	29.1874	35.6	58.6
GC1003827_F08_NODE_6329_length_1425_cov_1.776579	1	1425	129	1425	100	12.9354	35.7	58.8
GC1003827_F08_NODE_6330_length_1424_cov_14.380879	1	1424	1393	1424	100	129.33	35.7	52.7
GC1003827_F08_NODE_6331_length_1424_cov_14.067849	1	1424	1852	1421	99.7893	145.459	34.8	41.8
GC1003827_F08_NODE_6332_length_1424_cov_10.478026	1	1424	893	1424	100	86.4326	35.9	58.6
GC1003827_F08_NODE_6333_length_1424_cov_9.511180	1	1424	1367	1424	100	108.65	35	50.4
GC1003827_F08_NODE_6334_length_1424_cov_9.182729	1	1424	659	1424	100	67.2065	35.9	59.6
GC1003827_F08_NODE_6335_length_1424_cov_8.439476	1	1424	1098	1424	100	82.1348	35.4	42.5
GC1003827_F08_NODE_6336_length_1424_cov_7.852737	1	1424	1047	1424	100	84.0351	34.7	46.2
GC1003827_F08_NODE_6337_length_1424_cov_6.876638	1	1424	743	1424	100	63.5962	35.1	52.6
GC1003827_F08_NODE_6338_length_1424_cov_4.787201	1	1424	399	1424	100	37.2549	35.7	57
GC1003827_F08_NODE_6339_length_1424_cov_4.536623	1	1424	374	1424	100	36.3764	35.6	58.9
GC1003827_F08_NODE_6340_length_1424_cov_4.304549	1	1424	582	1424	100	48.3223	35.6	54.6
GC1003827_F08_NODE_6341_length_1424_cov_3.646877	1	1424	384	1424	100	34.6735	35.4	53.8
GC1003827_F08_NODE_6342_length_1424_cov_2.190439	1	1424	153	1423	99.9298	15.5358	35.8	59.8
GC1003827_F08_NODE_6343_length_1424_cov_1.585968	1	1424	236	1424	100	16.6994	35.6	47.9
GC1003827_F08_NODE_6344_length_1423_cov_13.051698	1	1423	1095	1423	100	102.438	35.7	56.3
GC1003827_F08_NODE_6345_length_1423_cov_11.265432	1	1423	887	1422	99.9297	86.0576	35.4	58.2
GC1003827_F08_NODE_6346_length_1423_cov_6.105710	1	1423	731	1423	100	66.416	34.9	55.9
GC1003827_F08_NODE_6347_length_1423_cov_6.101080	1	1423	521	1423	100	49.629	35.4	57.6
GC1003827_F08_NODE_6348_length_1423_cov_6.092593	1	1423	509	1423	100	49.0267	35.1	57.3
GC1003827_F08_NODE_6349_length_1423_cov_1.689815	1	1423	132	1423	100	13.1623	36.2	59.3
GC1003827_F08_NODE_6350_length_1423_cov_1.637346	1	1423	117	1423	100	11.435	35.5	56.8
GC1003827_F08_NODE_6351_length_1423_cov_1.199846	1	1423	198	1423	100	14.0415	35.9	41.8
GC1003827_F08_NODE_6352_length_1423_cov_1.097994	1	1423	86	1423	100	8.3837	35.2	58.4
GC1003827_F08_NODE_6353_length_1422_cov_4.647104	1	1422	355	1422	100	35.0028	35.4	59
GC1003827_F08_NODE_6354_length_1422_cov_3.176834	1	1422	336	1422	100	34.3748	35.7	55.4
GC1003827_F08_NODE_6355_length_1422_cov_1.891892	1	1422	172	1422	100	15.8924	35.3	54.2
GC1003827_F08_NODE_6356_length_1422_cov_1.743629	1	1422	195	1422	100	16.7932	34.7	52.2
GC1003827_F08_NODE_6357_length_1422_cov_1.240927	1	1422	96	1422	100	9.44796	35.7	58.7
GC1003827_F08_NODE_6358_length_1421_cov_29.543277	1	1421	3541	1421	100	325.679	35.4	50.3
GC1003827_F08_NODE_6359_length_1421_cov_10.213292	1	1421	996	1421	100	93.3357	35.6	52.8
GC1003827_F08_NODE_6360_length_1421_cov_9.118238	1	1421	771	1421	100	71.8135	35.6	56
GC1003827_F08_NODE_6361_length_1421_cov_4.352396	1	1421	351	1421	100	35.3505	35.5	59.5
GC1003827_F08_NODE_6362_length_1421_cov_2.894127	1	1421	216	1421	100	20.8839	35.6	56.4
GC1003827_F08_NODE_6363_length_1421_cov_1.258887	1	1421	117	1421	100	11.468	35.8	59.4
GC1003827_F08_NODE_6364_length_1420_cov_12.986852	1	1420	1180	1420	100	112.749	35.8	57.8
GC1003827_F08_NODE_6365_length_1420_cov_10.748647	1	1420	940	1420	100	90.3021	35.6	58
GC1003827_F08_NODE_6366_length_1420_cov_5.979118	1	1420	592	1420	100	54.4824	35.6	56
GC1003827_F08_NODE_6367_length_1420_cov_4.868523	1	1420	699	1420	100	50.9641	35.3	39.4
GC1003827_F08_NODE_6368_length_1420_cov_4.075793	1	1420	522	1420	100	41.1944	35.2	47.8
GC1003827_F08_NODE_6369_length_1420_cov_2.542150	1	1420	302	1420	100	21.4261	35.7	55.1
GC1003827_F08_NODE_6370_length_1420_cov_1.993813	1	1420	136	1420	100	13.6535	35.4	58.2
GC1003827_F08_NODE_6371_length_1420_cov_1.979892	1	1420	171	1420	100	15.0134	35.4	49.7
GC1003827_F08_NODE_6372_length_1420_cov_1.900232	1	1420	172	1420	100	16.2373	34.8	59.2
GC1003827_F08_NODE_6373_length_1419_cov_13.341331	1	1419	1088	1419	100	104.301	35.3	57.1
GC1003827_F08_NODE_6374_length_1419_cov_10.021672	1	1419	888	1419	100	84.3805	35.5	57.7
GC1003827_F08_NODE_6375_length_1419_cov_8.246130	1	1419	637	1419	100	64.0197	35.6	58.9
GC1003827_F08_NODE_6376_length_1419_cov_6.301858	1	1419	460	1419	100	45.475	35.6	58.2
GC1003827_F08_NODE_6377_length_1419_cov_5.905573	1	1419	495	1418	99.9295	48.5447	35.9	59
GC1003827_F08_NODE_6378_length_1419_cov_5.795666	1	1419	467	1419	100	44.5243	35.8	57.9
GC1003827_F08_NODE_6379_length_1419_cov_4.712074	1	1419	337	1419	100	34.5236	36	59.5
GC1003827_F08_NODE_6380_length_1419_cov_2.955108	1	1419	285	1419	100	25.1261	35.6	52.9
GC1003827_F08_NODE_6381_length_1418_cov_14.092951	1	1418	1709	1418	100	161.788	35.2	55.3
GC1003827_F08_NODE_6382_length_1418_cov_6.807901	1	1418	1213	1418	100	107.414	35.7	40.7
GC1003827_F08_NODE_6383_length_1418_cov_5.477149	1	1418	441	1418	100	43.3329	35.6	58.5
GC1003827_F08_NODE_6384_length_1418_cov_4.870643	1	1418	1322	1418	100	130.868	35.4	42.7
GC1003827_F08_NODE_6385_length_1418_cov_4.188226	1	1418	387	1418	100	35.0205	35.4	52
GC1003827_F08_NODE_6386_length_1418_cov_3.604183	1	1418	645	1418	100	48.1495	35.1	47.8
GC1003827_F08_NODE_6387_length_1418_cov_2.676220	1	1418	212	1418	100	20.646	35.5	57.4
GC1003827_F08_NODE_6388_length_1417_cov_11.299225	1	1417	986	1417	100	93.5215	35.4	57.5
GC1003827_F08_NODE_6389_length_1417_cov_6.595349	1	1417	490	1417	100	49.0868	35.9	59
GC1003827_F08_NODE_6390_length_1417_cov_3.258915	1	1417	268	1417	100	25.7474	35.7	57.8
GC1003827_F08_NODE_6391_length_1417_cov_3.040310	1	1417	229	1414	99.7883	23.2872	35.5	59.5
GC1003827_F08_NODE_6392_length_1417_cov_2.352713	1	1417	179	1417	100	17.1263	35.8	55.2
GC1003827_F08_NODE_6393_length_1417_cov_1.524806	1	1417	412	1417	100	24.6083	34.5	33.2
GC1003827_F08_NODE_6394_length_1416_cov_6.695112	1	1416	550	1416	100	54.149	35.4	57.7
GC1003827_F08_NODE_6395_length_1416_cov_5.581846	1	1416	512	1416	100	45.1603	35.5	53
GC1003827_F08_NODE_6396_length_1416_cov_4.191621	1	1416	324	1416	100	32.6448	35.8	59.2
GC1003827_F08_NODE_6397_length_1416_cov_3.388673	1	1416	276	1416	100	26.9273	35.9	58.5
GC1003827_F08_NODE_6398_length_1416_cov_3.365400	1	1416	286	1416	100	26.8665	35.3	56.5
GC1003827_F08_NODE_6399_length_1415_cov_26.708851	1	1415	3828	1415	100	339.401	35.3	44.1
GC1003827_F08_NODE_6400_length_1415_cov_21.513199	1	1415	2799	1415	100	253.341	34.8	57.3
GC1003827_F08_NODE_6401_length_1415_cov_11.111025	1	1415	947	1413	99.8587	90.0205	35.6	57.6
GC1003827_F08_NODE_6402_length_1415_cov_7.884317	1	1415	822	1415	100	73.7739	35.5	53.6
GC1003827_F08_NODE_6403_length_1415_cov_6.949534	1	1415	531	1415	100	52.4163	35.9	58.8
GC1003827_F08_NODE_6404_length_1415_cov_3.711180	1	1415	286	1405	99.2933	28.8975	35.7	59.9
GC1003827_F08_NODE_6405_length_1415_cov_3.087733	1	1415	291	1415	100	26.0848	34.8	54.8
GC1003827_F08_NODE_6406_length_1414_cov_6.249417	1	1414	480	1414	100	47.2822	35.8	58.1
GC1003827_F08_NODE_6407_length_1414_cov_4.905983	1	1414	382	1405	99.3635	37.0771	35.5	58.2
GC1003827_F08_NODE_6408_length_1414_cov_4.322455	1	1414	373	1414	100	36.4434	35.4	59
GC1003827_F08_NODE_6409_length_1414_cov_3.202797	1	1414	288	1414	100	27.0849	35.4	56.9
GC1003827_F08_NODE_6410_length_1414_cov_1.730381	1	1414	127	1414	100	12.889	35.8	59.1
GC1003827_F08_NODE_6411_length_1413_cov_15.786159	1	1413	1606	1413	100	149.908	35.2	58
GC1003827_F08_NODE_6412_length_1413_cov_12.131415	1	1413	994	1413	100	95.9009	35.6	57.5
GC1003827_F08_NODE_6413_length_1413_cov_11.068429	1	1413	1330	1413	100	96.4565	34.5	41.7
GC1003827_F08_NODE_6414_length_1413_cov_9.637636	1	1413	734	1413	100	72.8054	35.3	58.4
GC1003827_F08_NODE_6415_length_1413_cov_7.450233	1	1413	788	1413	100	70.6164	35.4	54.6
GC1003827_F08_NODE_6416_length_1413_cov_7.034215	1	1413	923	1413	100	80.1026	35.3	54.4
GC1003827_F08_NODE_6417_length_1413_cov_5.173406	1	1413	391	1413	100	39.1415	35.9	58.9
GC1003827_F08_NODE_6418_length_1413_cov_4.207621	1	1413	421	1413	100	37.8549	35.8	56.4
GC1003827_F08_NODE_6419_length_1413_cov_4.010109	1	1413	441	1413	100	37.1267	35.4	49.8
GC1003827_F08_NODE_6420_length_1413_cov_2.702177	1	1413	281	1413	100	25.1026	34.6	57
GC1003827_F08_NODE_6421_length_1413_cov_2.501555	1	1413	177	1413	100	17.3673	35.9	58.5
GC1003827_F08_NODE_6422_length_1413_cov_1.043546	1	1413	81	1413	100	7.73602	36	57.3
GC1003827_F08_NODE_6423_length_1412_cov_12.921401	1	1412	1102	1412	100	104.722	35.5	58
GC1003827_F08_NODE_6424_length_1412_cov_4.371206	1	1412	322	1412	100	32.0184	35.9	59.7
GC1003827_F08_NODE_6425_length_1412_cov_3.679377	1	1412	862	1403	99.3626	51.5333	34.5	34.7
GC1003827_F08_NODE_6426_length_1412_cov_3.193774	1	1412	413	1412	100	33.6402	35.8	53.1
GC1003827_F08_NODE_6427_length_1412_cov_2.962646	1	1412	398	1403	99.3626	31.0439	34.2	51.1
GC1003827_F08_NODE_6428_length_1412_cov_2.289494	1	1412	192	1412	100	18.068	35.8	57.3
GC1003827_F08_NODE_6429_length_1412_cov_2.251362	1	1412	502	1411	99.9292	42.2146	35.6	55.3
GC1003827_F08_NODE_6430_length_1412_cov_1.066148	1	1412	68	1412	100	7.03399	36.3	59.7
GC1003827_F08_NODE_6431_length_1411_cov_7.601246	1	1411	577	1411	100	54.9142	35.7	54.5
GC1003827_F08_NODE_6432_length_1411_cov_6.059969	1	1411	953	1411	100	74.6875	35.4	52.1
GC1003827_F08_NODE_6433_length_1411_cov_2.679907	1	1411	287	1411	100	25.0928	36	54
GC1003827_F08_NODE_6434_length_1411_cov_2.518692	1	1411	174	1409	99.8583	17.1871	35.5	55.9
GC1003827_F08_NODE_6435_length_1411_cov_1.917445	1	1411	185	1411	100	17.1141	35.9	58.7
GC1003827_F08_NODE_6436_length_1411_cov_1.441589	1	1411	110	1411	100	10.5648	35.4	56.5
GC1003827_F08_NODE_6437_length_1410_cov_11.817615	1	1410	864	1410	100	87.8021	35.8	59.2
GC1003827_F08_NODE_6438_length_1410_cov_11.805924	1	1410	1002	1410	100	97.0206	35.8	58.3
GC1003827_F08_NODE_6439_length_1410_cov_7.623539	1	1410	625	1410	100	61.4809	35.7	59.3
GC1003827_F08_NODE_6440_length_1410_cov_7.198753	1	1410	635	1410	100	61.1858	35.6	58
GC1003827_F08_NODE_6441_length_1410_cov_6.797350	1	1410	777	1410	100	66.0206	35.7	55.4
GC1003827_F08_NODE_6442_length_1410_cov_4.941543	1	1410	770	1410	100	71.2177	35.4	50
GC1003827_F08_NODE_6443_length_1410_cov_3.473110	1	1410	377	1410	100	35.3454	35.6	58
GC1003827_F08_NODE_6444_length_1410_cov_3.193297	1	1410	438	1410	100	30.7014	35	37
GC1003827_F08_NODE_6445_length_1410_cov_1.471551	1	1410	114	1405	99.6454	11.2376	35.9	59.1
GC1003827_F08_NODE_6446_length_1409_cov_14.709048	1	1409	1168	1409	100	114.903	35.6	58.5
GC1003827_F08_NODE_6447_length_1409_cov_7.344774	1	1409	1466	1409	100	109.59	34.7	39.5
GC1003827_F08_NODE_6448_length_1409_cov_5.364275	1	1409	515	1409	100	46.401	35.9	55.1
GC1003827_F08_NODE_6449_length_1409_cov_3.577223	1	1409	246	1407	99.8581	25.0788	35.6	59.2
GC1003827_F08_NODE_6450_length_1409_cov_2.558502	1	1409	434	1409	100	33.8332	35.5	47.1
GC1003827_F08_NODE_6451_length_1409_cov_2.269111	1	1409	152	1409	100	16.1348	35.4	60
GC1003827_F08_NODE_6452_length_1409_cov_2.173167	1	1409	153	1409	100	15.6302	35.6	59.9
GC1003827_F08_NODE_6453_length_1409_cov_1.998440	1	1409	385	1409	100	26.8517	35.4	37.2
GC1003827_F08_NODE_6454_length_1409_cov_1.953198	1	1409	226	1409	100	18.362	35.5	48.5
GC1003827_F08_NODE_6455_length_1409_cov_1.790172	1	1409	135	1409	100	12.6203	35.3	55.2
GC1003827_F08_NODE_6456_length_1408_cov_10.550351	1	1408	819	1408	100	77.1257	35.3	53.8
GC1003827_F08_NODE_6457_length_1408_cov_2.458236	1	1408	222	1408	100	20.4183	35	56.3
GC1003827_F08_NODE_6458_length_1408_cov_2.313037	1	1408	232	1407	99.929	18.473	34.8	44.2
GC1003827_F08_NODE_6459_length_1408_cov_1.618267	1	1408	118	1408	100	11.9141	35.5	58.9
GC1003827_F08_NODE_6460_length_1407_cov_6.266406	1	1407	704	1407	100	58.5139	35.5	49.5
GC1003827_F08_NODE_6461_length_1407_cov_3.139844	1	1407	221	1407	100	22.0924	35.9	58.3
GC1003827_F08_NODE_6462_length_1407_cov_2.703125	1	1407	260	1407	100	23.285	35.5	54
GC1003827_F08_NODE_6463_length_1407_cov_2.035156	1	1407	136	1397	99.2893	13.4641	36	57.8
GC1003827_F08_NODE_6464_length_1407_cov_1.499219	1	1407	122	1407	100	11.6219	36	57.8
GC1003827_F08_NODE_6465_length_1406_cov_5.403440	1	1406	399	1406	100	39.2482	35.8	58.5
GC1003827_F08_NODE_6466_length_1406_cov_4.035966	1	1406	451	1406	100	35.2738	35.7	48
GC1003827_F08_NODE_6467_length_1406_cov_3.791243	1	1406	265	1406	100	26.6088	35.6	58.4
GC1003827_F08_NODE_6468_length_1406_cov_3.687256	1	1406	335	1406	100	30.8578	35.8	54.2
GC1003827_F08_NODE_6469_length_1406_cov_3.027365	1	1406	523	1406	100	35.6757	35.2	39.6
GC1003827_F08_NODE_6470_length_1406_cov_2.940579	1	1406	334	1406	100	28.2575	35.3	48.8
GC1003827_F08_NODE_6471_length_1406_cov_2.125098	1	1406	226	1406	100	19.8428	35.7	54.3
GC1003827_F08_NODE_6472_length_1406_cov_1.586396	1	1406	327	1406	100	21.4794	35.3	54
GC1003827_F08_NODE_6473_length_1405_cov_7.244914	1	1405	494	1405	100	50.9153	35.3	59.5
GC1003827_F08_NODE_6474_length_1405_cov_5.131455	1	1405	507	1405	100	48.1445	35.6	57.3
GC1003827_F08_NODE_6475_length_1405_cov_3.874022	1	1405	327	1405	100	31.9274	35.5	58.1
GC1003827_F08_NODE_6476_length_1405_cov_3.504695	1	1405	303	1405	100	27.8335	35.4	52.7
GC1003827_F08_NODE_6477_length_1405_cov_1.899844	1	1405	339	1405	100	27.368	35.1	51
GC1003827_F08_NODE_6478_length_1405_cov_1.543036	1	1405	266	1405	100	23.3587	35.1	47.1
GC1003827_F08_NODE_6479_length_1405_cov_1.476526	1	1405	116	1405	100	11.8285	35.8	57.9
GC1003827_F08_NODE_6480_length_1404_cov_22.909162	1	1404	1793	1404	100	172.56	35.7	56.7
GC1003827_F08_NODE_6481_length_1404_cov_17.529366	1	1404	1522	1404	100	148.59	35.6	58.3
GC1003827_F08_NODE_6482_length_1404_cov_9.079092	1	1404	745	1404	100	72.2108	35.3	56.8
GC1003827_F08_NODE_6483_length_1404_cov_8.299922	1	1404	660	1404	100	64.0826	35.6	58.1
GC1003827_F08_NODE_6484_length_1404_cov_4.386844	1	1404	344	1402	99.8575	34.6503	35.5	59.4
GC1003827_F08_NODE_6485_length_1403_cov_10.543887	1	1403	1321	1403	100	117.857	35.1	55.5
GC1003827_F08_NODE_6486_length_1403_cov_5.398903	1	1403	358	1403	100	37.0271	35.7	59.2
GC1003827_F08_NODE_6487_length_1403_cov_4.867555	1	1403	524	1403	100	48.7684	35.1	58.3
GC1003827_F08_NODE_6488_length_1403_cov_3.514890	1	1403	244	1403	100	25.2502	36	59.8
GC1003827_F08_NODE_6489_length_1403_cov_2.788401	1	1403	381	1403	100	26.0328	35.2	34.5
GC1003827_F08_NODE_6490_length_1403_cov_2.717868	1	1403	186	1403	100	19.5068	35.4	59.7
GC1003827_F08_NODE_6491_length_1403_cov_2.012539	1	1403	154	1402	99.9287	15.2537	35.5	58.9
GC1003827_F08_NODE_6492_length_1403_cov_0.936520	1	1403	75	1392	99.216	6.80542	35.5	56.9
GC1003827_F08_NODE_6493_length_1402_cov_29.481569	1	1402	2351	1400	99.8573	230.888	35.6	58
GC1003827_F08_NODE_6494_length_1402_cov_11.996863	1	1402	1016	1402	100	98.1961	35.4	57.6
GC1003827_F08_NODE_6495_length_1402_cov_11.167843	1	1402	788	1402	100	80.6348	35.1	59.3
GC1003827_F08_NODE_6496_length_1402_cov_6.425098	1	1402	423	1402	100	43.7126	35.3	59.6
GC1003827_F08_NODE_6497_length_1402_cov_5.690980	1	1402	513	1402	100	49.3759	35.8	56.9
GC1003827_F08_NODE_6498_length_1402_cov_3.839216	1	1402	390	1402	100	35.8238	35.4	57.3
GC1003827_F08_NODE_6499_length_1401_cov_9.634223	1	1401	766	1401	100	74.4318	35.4	55.9
GC1003827_F08_NODE_6500_length_1401_cov_7.591837	1	1401	564	1401	100	54.6731	35.6	55.4
GC1003827_F08_NODE_6501_length_1401_cov_3.178179	1	1401	336	1401	100	26.1071	35.8	42.4
GC1003827_F08_NODE_6502_length_1401_cov_3.083987	1	1401	198	1401	100	20.2363	35.6	59.6
GC1003827_F08_NODE_6503_length_1401_cov_2.703297	1	1401	206	1401	100	20.4647	35.9	56.5
GC1003827_F08_NODE_6504_length_1401_cov_2.447410	1	1401	351	1401	100	27.3084	35.1	45.8
GC1003827_F08_NODE_6505_length_1401_cov_2.153846	1	1401	194	1401	100	16.9479	35.6	48.9
GC1003827_F08_NODE_6506_length_1400_cov_7.980361	1	1400	551	1400	100	55.8214	35.4	58.6
GC1003827_F08_NODE_6507_length_1400_cov_4.575020	1	1400	758	1399	99.9286	62.8943	35	55.2
GC1003827_F08_NODE_6508_length_1400_cov_2.432050	1	1400	190	1400	100	18.4093	35.5	58.4
GC1003827_F08_NODE_6509_length_1399_cov_10.128931	1	1399	794	1399	100	80.3424	35.3	57.5
GC1003827_F08_NODE_6510_length_1399_cov_9.344340	1	1399	913	1399	100	87.466	35.3	56.4
GC1003827_F08_NODE_6511_length_1399_cov_5.742138	1	1399	383	1399	100	39.3281	35.8	59.2
GC1003827_F08_NODE_6512_length_1399_cov_3.522799	1	1399	241	1397	99.857	24.6112	35.4	58.9
GC1003827_F08_NODE_6513_length_1399_cov_3.248428	1	1399	1249	1399	100	109.389	35.2	26.7
GC1003827_F08_NODE_6514_length_1399_cov_1.661164	1	1399	141	1399	100	14.03	35.6	59.5
GC1003827_F08_NODE_6515_length_1398_cov_20.771046	1	1398	1805	1398	100	174.281	35.6	58.1
GC1003827_F08_NODE_6516_length_1398_cov_8.518489	1	1398	640	1398	100	63.8276	35.7	58
GC1003827_F08_NODE_6517_length_1398_cov_5.327301	1	1398	383	1398	100	38.0079	35.4	57
GC1003827_F08_NODE_6518_length_1398_cov_5.067663	1	1398	406	1395	99.7854	38.2403	35.6	54.4
GC1003827_F08_NODE_6519_length_1397_cov_22.829921	1	1397	1929	1397	100	186.024	35.4	57.6
GC1003827_F08_NODE_6520_length_1397_cov_15.011811	1	1397	1249	1397	100	122.639	35.6	58.2
GC1003827_F08_NODE_6521_length_1397_cov_8.956693	1	1397	8195	1397	100	322.547	31.5	6.08
GC1003827_F08_NODE_6522_length_1397_cov_8.737795	1	1397	633	1397	100	63.0644	35.5	58.5
GC1003827_F08_NODE_6523_length_1397_cov_3.499213	1	1397	292	1397	100	28.8676	35.9	57.9
GC1003827_F08_NODE_6524_length_1397_cov_3.011811	1	1397	286	1397	100	26.2756	35.4	53.6
GC1003827_F08_NODE_6525_length_1397_cov_2.933858	1	1397	237	1397	100	23.0916	35.7	56.5
GC1003827_F08_NODE_6526_length_1397_cov_1.414173	1	1397	184	1397	100	14.9678	35.5	54.8
GC1003827_F08_NODE_6527_length_1396_cov_11.709220	1	1396	1322	1396	100	106.661	35.2	40.7
GC1003827_F08_NODE_6528_length_1396_cov_11.137116	1	1396	903	1396	100	90.664	35.9	58.9
GC1003827_F08_NODE_6529_length_1396_cov_10.943262	1	1396	1141	1391	99.6418	107.592	35.1	57.1
GC1003827_F08_NODE_6530_length_1396_cov_8.780930	1	1396	625	1396	100	62.9219	35.8	58.7
GC1003827_F08_NODE_6531_length_1396_cov_6.739953	1	1396	1761	1396	100	121.33	34.6	25.3
GC1003827_F08_NODE_6532_length_1396_cov_5.921986	1	1396	485	1396	100	47.9334	35.7	58.8
GC1003827_F08_NODE_6533_length_1396_cov_4.509062	1	1396	586	1396	100	54.2973	35.3	45.4
GC1003827_F08_NODE_6534_length_1396_cov_2.745469	1	1396	261	1396	100	24.1655	35.6	56
GC1003827_F08_NODE_6535_length_1395_cov_11.880126	1	1395	1151	1392	99.7849	110.036	35.2	56.7
GC1003827_F08_NODE_6536_length_1395_cov_10.985804	1	1395	907	1395	100	87.7763	35.4	57.6
GC1003827_F08_NODE_6537_length_1395_cov_6.324921	1	1395	715	1395	100	60.1133	35.3	51
GC1003827_F08_NODE_6538_length_1395_cov_5.271293	1	1395	384	1395	100	38.5254	35.4	58.5
GC1003827_F08_NODE_6539_length_1395_cov_5.246845	1	1395	880	1393	99.8566	80.5176	34.7	51.7
GC1003827_F08_NODE_6540_length_1395_cov_4.555994	1	1395	377	1394	99.9283	37.0559	35.7	57
GC1003827_F08_NODE_6541_length_1395_cov_4.125394	1	1395	327	1395	100	31.6996	35.4	57.3
GC1003827_F08_NODE_6542_length_1395_cov_2.610410	1	1395	237	1395	100	20.6925	35.4	51.1
GC1003827_F08_NODE_6543_length_1395_cov_2.444795	1	1395	208	1395	100	20.6272	35.6	58.7
GC1003827_F08_NODE_6544_length_1395_cov_2.409306	1	1395	240	1395	100	21.6165	35.4	55.2
GC1003827_F08_NODE_6545_length_1395_cov_2.330442	1	1395	278	1395	100	25.3821	35.2	53.8
GC1003827_F08_NODE_6546_length_1394_cov_16.187845	1	1394	2345	1394	100	206.626	34.8	53.6
GC1003827_F08_NODE_6547_length_1394_cov_9.018942	1	1394	1018	1394	100	86.1341	35.2	50.2
GC1003827_F08_NODE_6548_length_1394_cov_3.475927	1	1394	3245	1394	100	238.841	33.9	17.9
GC1003827_F08_NODE_6549_length_1394_cov_2.702447	1	1394	195	1394	100	20.165	35.7	57.7
GC1003827_F08_NODE_6550_length_1394_cov_2.593528	1	1394	269	1394	100	25.962	35.2	57.4
GC1003827_F08_NODE_6551_length_1393_cov_3.765403	1	1393	364	1392	99.9282	31.6238	35.8	51.6
GC1003827_F08_NODE_6552_length_1393_cov_2.636651	1	1393	273	1393	100	25.2075	35.5	56.3
GC1003827_F08_NODE_6553_length_1393_cov_2.581359	1	1393	174	1393	100	18.3762	35.5	60
GC1003827_F08_NODE_6554_length_1393_cov_2.510269	1	1393	456	1393	100	31.4013	35.1	31.8
GC1003827_F08_NODE_6555_length_1393_cov_2.127172	1	1393	142	1391	99.8564	14.7581	36	59.9
GC1003827_F08_NODE_6556_length_1392_cov_12.369170	1	1392	991	1392	100	98.0862	35.6	58.1
GC1003827_F08_NODE_6557_length_1392_cov_10.090119	1	1392	901	1392	100	84.6034	35.9	55.7
GC1003827_F08_NODE_6558_length_1392_cov_9.271146	1	1392	751	1392	100	73.1681	35.8	57.7
GC1003827_F08_NODE_6559_length_1392_cov_7.523320	1	1392	666	1392	100	63.2874	35.4	56.2
GC1003827_F08_NODE_6560_length_1392_cov_7.203953	1	1392	537	1382	99.2816	54.199	35.6	59
GC1003827_F08_NODE_6561_length_1392_cov_4.649802	1	1392	334	1392	100	33.607	35.7	59
GC1003827_F08_NODE_6562_length_1392_cov_3.388142	1	1392	292	1392	100	26.5618	35.4	53.5
GC1003827_F08_NODE_6563_length_1392_cov_3.030830	1	1392	304	1392	100	27.4382	35.3	54.1
GC1003827_F08_NODE_6564_length_1392_cov_2.590514	1	1392	317	1392	100	28.5884	34.1	52.1
GC1003827_F08_NODE_6565_length_1392_cov_1.113043	1	1392	79	1382	99.2816	8.13793	35.6	57.8
GC1003827_F08_NODE_6566_length_1391_cov_19.790348	1	1391	1680	1391	100	162.648	35.6	57.8
GC1003827_F08_NODE_6567_length_1391_cov_11.630538	1	1391	781	1391	100	80.1359	35.4	58.6
GC1003827_F08_NODE_6568_length_1391_cov_7.841772	1	1391	724	1391	100	68.941	35.2	56
GC1003827_F08_NODE_6569_length_1391_cov_6.561709	1	1391	507	1391	100	50.4838	36	57.6
GC1003827_F08_NODE_6570_length_1391_cov_5.773734	1	1391	1137	1391	100	84.2667	34.9	33.1
GC1003827_F08_NODE_6571_length_1391_cov_4.497627	1	1391	678	1391	100	46.1265	35.1	28.3
GC1003827_F08_NODE_6572_length_1391_cov_1.768196	1	1391	137	1391	100	13.5744	35.6	59.2
GC1003827_F08_NODE_6573_length_1391_cov_1.159810	1	1391	105	1391	100	8.9583	35.9	46.9
GC1003827_F08_NODE_6574_length_1390_cov_12.354711	1	1390	942	1390	100	94.1964	35.7	57.9
GC1003827_F08_NODE_6575_length_1390_cov_9.221694	1	1390	837	1390	100	77.7446	35.3	55.4
GC1003827_F08_NODE_6576_length_1390_cov_4.661916	1	1390	414	1390	100	39.4324	35.8	56.9
GC1003827_F08_NODE_6577_length_1390_cov_3.823436	1	1390	313	1390	100	30.3935	35.7	57.4
GC1003827_F08_NODE_6578_length_1390_cov_3.105305	1	1390	292	1390	100	26.6029	35.3	54.8
GC1003827_F08_NODE_6579_length_1390_cov_1.851148	1	1390	122	1390	100	12.3755	35.6	57.6
GC1003827_F08_NODE_6580_length_1390_cov_1.641330	1	1390	127	1390	100	12.8504	35.4	59
GC1003827_F08_NODE_6581_length_1390_cov_0.820269	1	1390	89	1390	100	7.33453	35.7	48.6
GC1003827_F08_NODE_6582_length_1389_cov_10.702060	1	1389	892	1389	100	84.8675	35.7	54.3
GC1003827_F08_NODE_6583_length_1389_cov_10.058637	1	1389	925	1389	100	87.6746	35.4	55.7
GC1003827_F08_NODE_6584_length_1389_cov_4.081616	1	1389	396	1389	100	36.6616	35.2	56.5
GC1003827_F08_NODE_6585_length_1389_cov_1.994453	1	1389	246	1389	100	19.6515	35.6	49.5
GC1003827_F08_NODE_6586_length_1389_cov_1.107765	1	1389	102	1389	100	8.39885	35.9	49.8
GC1003827_F08_NODE_6587_length_1388_cov_5.719270	1	1388	403	1388	100	41.2853	35.5	59
GC1003827_F08_NODE_6588_length_1388_cov_5.188739	1	1388	449	1388	100	43.3048	35.8	57.3
GC1003827_F08_NODE_6589_length_1388_cov_2.037272	1	1388	128	1385	99.7839	13.5447	35	59.1
GC1003827_F08_NODE_6590_length_1388_cov_1.749405	1	1388	227	1388	100	15.312	34.7	37.2
GC1003827_F08_NODE_6591_length_1388_cov_1.203807	1	1388	179	1388	100	13.7183	34.5	42.6
GC1003827_F08_NODE_6592_length_1387_cov_7.496825	1	1387	1016	1387	100	86.8068	34.8	52.4
GC1003827_F08_NODE_6593_length_1387_cov_7.234921	1	1387	683	1384	99.7837	65.0375	35.6	57.6
GC1003827_F08_NODE_6594_length_1387_cov_4.634127	1	1387	385	1387	100	37.5948	35.6	58.3
GC1003827_F08_NODE_6595_length_1387_cov_2.526190	1	1387	228	1387	100	23.0822	36.1	59.5
GC1003827_F08_NODE_6596_length_1387_cov_2.202381	1	1387	250	1387	100	22.7693	34.9	51.5
GC1003827_F08_NODE_6597_length_1387_cov_1.778571	1	1387	129	1387	100	12.5321	35.3	55.8
GC1003827_F08_NODE_6598_length_1386_cov_13.516283	1	1386	1131	1386	100	110.862	35.5	56.3
GC1003827_F08_NODE_6599_length_1386_cov_12.485306	1	1386	947	1386	100	95.6392	35.6	58.4
GC1003827_F08_NODE_6600_length_1386_cov_8.358221	1	1386	683	1386	100	63.5354	35.4	53.5
GC1003827_F08_NODE_6601_length_1386_cov_7.270056	1	1386	507	1386	100	52.0491	35.6	58.5
GC1003827_F08_NODE_6602_length_1386_cov_5.890389	1	1386	454	1386	100	46.6436	35.4	59.6
GC1003827_F08_NODE_6603_length_1386_cov_5.708499	1	1386	532	1386	100	50.3398	35.1	57.2
GC1003827_F08_NODE_6604_length_1386_cov_3.320095	1	1386	243	1386	100	25.7035	35.8	60
GC1003827_F08_NODE_6605_length_1386_cov_2.067514	1	1386	171	1386	100	16.7821	35.6	58.4
GC1003827_F08_NODE_6606_length_1385_cov_12.596184	1	1385	1199	1385	100	114.195	35.4	57
GC1003827_F08_NODE_6607_length_1385_cov_4.849762	1	1385	343	1385	100	34.7343	35.8	59.2
GC1003827_F08_NODE_6608_length_1385_cov_4.649444	1	1385	389	1384	99.9278	37.2245	35.4	57.5
GC1003827_F08_NODE_6609_length_1385_cov_4.144674	1	1385	295	1383	99.8556	29.9372	35.3	57.8
GC1003827_F08_NODE_6610_length_1385_cov_3.095390	1	1385	235	1385	100	23.4058	35.2	57.8
GC1003827_F08_NODE_6611_length_1385_cov_1.984102	1	1385	171	1385	100	16.3141	35.7	58.3
GC1003827_F08_NODE_6612_length_1384_cov_9.248210	1	1384	876	1384	100	85.354	35.6	53.4
GC1003827_F08_NODE_6613_length_1384_cov_9.179793	1	1384	944	1384	100	86.3974	35.1	55.5
GC1003827_F08_NODE_6614_length_1384_cov_8.727128	1	1384	668	1384	100	68.2175	35.3	59.1
GC1003827_F08_NODE_6615_length_1384_cov_7.914081	1	1384	815	1384	100	75.2486	35.3	55.1
GC1003827_F08_NODE_6616_length_1384_cov_7.891010	1	1384	612	1384	100	59.6431	35.5	58.2
GC1003827_F08_NODE_6617_length_1384_cov_7.886237	1	1384	820	1384	100	75.7081	35.2	56.5
GC1003827_F08_NODE_6618_length_1384_cov_4.667462	1	1384	371	1384	100	37.328	35.6	59.1
GC1003827_F08_NODE_6619_length_1384_cov_3.702466	1	1384	391	1384	100	33.4747	35.4	51.2
GC1003827_F08_NODE_6620_length_1384_cov_3.695306	1	1384	295	1384	100	28.513	35.5	55.2
GC1003827_F08_NODE_6621_length_1384_cov_3.663484	1	1384	347	1384	100	31.8512	35.1	53.6
GC1003827_F08_NODE_6622_length_1384_cov_1.936356	1	1384	130	1384	100	13.2319	35.8	58.1
GC1003827_F08_NODE_6623_length_1384_cov_1.486874	1	1384	635	1384	100	35.3634	34.2	14.9
GC1003827_F08_NODE_6624_length_1383_cov_7.520701	1	1383	660	1356	98.0477	64.3521	35.8	57.9
GC1003827_F08_NODE_6625_length_1383_cov_6.351911	1	1383	483	1383	100	48.2805	35.9	57.8
GC1003827_F08_NODE_6626_length_1383_cov_6.056529	1	1383	446	1383	100	45.9024	35.6	59.2
GC1003827_F08_NODE_6627_length_1383_cov_1.915605	1	1383	178	1383	100	17.0492	35.5	57.4
GC1003827_F08_NODE_6628_length_1382_cov_13.068526	1	1382	1139	1382	100	109.687	35.5	58.2
GC1003827_F08_NODE_6629_length_1382_cov_4.360956	1	1382	311	1382	100	32.4986	35.2	59.5
GC1003827_F08_NODE_6630_length_1382_cov_4.092430	1	1382	282	1382	100	28.7815	35.9	58.9
GC1003827_F08_NODE_6631_length_1382_cov_3.877291	1	1382	267	1382	100	27.8849	35.3	59.7
GC1003827_F08_NODE_6632_length_1382_cov_2.411952	1	1382	177	1382	100	17.7771	35.7	58
GC1003827_F08_NODE_6633_length_1382_cov_2.250996	1	1382	173	1382	100	17.3821	36	58.8
GC1003827_F08_NODE_6634_length_1382_cov_1.436653	1	1382	213	1382	100	16.597	35.8	49.7
GC1003827_F08_NODE_6635_length_1381_cov_14.736842	1	1381	1408	1381	100	133.043	35.4	55.6
GC1003827_F08_NODE_6636_length_1381_cov_11.378788	1	1381	1071	1381	100	99.5902	35.4	54.3
GC1003827_F08_NODE_6637_length_1381_cov_6.288676	1	1381	491	1381	100	50.6285	35.4	59.4
GC1003827_F08_NODE_6638_length_1381_cov_2.114833	1	1381	157	1381	100	16.0594	35.4	59.8
GC1003827_F08_NODE_6639_length_1381_cov_1.822967	1	1381	232	1381	100	21.3389	34.8	55.8
GC1003827_F08_NODE_6640_length_1380_cov_5.948125	1	1380	623	1380	100	58.1181	35.5	55.9
GC1003827_F08_NODE_6641_length_1380_cov_5.917797	1	1380	515	1380	100	49.4812	35.4	55.2
GC1003827_F08_NODE_6642_length_1380_cov_5.499601	1	1380	481	1380	100	45.4268	35.6	53.7
GC1003827_F08_NODE_6643_length_1380_cov_3.932961	1	1380	314	1380	100	30.6341	35.7	55.2
GC1003827_F08_NODE_6644_length_1380_cov_3.420591	1	1380	462	1371	99.3478	32.3522	35.4	36.5
GC1003827_F08_NODE_6645_length_1380_cov_2.750998	1	1380	172	1380	100	18.1442	35.4	58.8
GC1003827_F08_NODE_6646_length_1380_cov_2.344773	1	1380	334	1380	100	24.5471	34.9	37.8
GC1003827_F08_NODE_6647_length_1380_cov_1.980846	1	1380	131	1380	100	13.629	35.4	59.8
GC1003827_F08_NODE_6648_length_1380_cov_1.494014	1	1380	112	1380	100	11.7109	35.3	59.1
GC1003827_F08_NODE_6649_length_1379_cov_20.420128	1	1379	1671	1379	100	166.537	35.6	57.8
GC1003827_F08_NODE_6650_length_1379_cov_10.748403	1	1379	1041	1379	100	96.9521	35.9	54.1
GC1003827_F08_NODE_6651_length_1379_cov_6.371406	1	1379	539	1379	100	49.1233	35.5	50
GC1003827_F08_NODE_6652_length_1379_cov_4.063099	1	1379	314	1379	100	31.6389	35.9	58.1
GC1003827_F08_NODE_6653_length_1379_cov_3.744409	1	1379	289	1379	100	28.5199	35.7	57.4
GC1003827_F08_NODE_6654_length_1379_cov_3.724441	1	1379	779	1379	100	51.2277	34.6	26.1
GC1003827_F08_NODE_6655_length_1379_cov_3.368211	1	1379	366	1379	100	33.1392	35.2	51.7
GC1003827_F08_NODE_6656_length_1379_cov_2.608626	1	1379	191	1379	100	18.7534	35.5	58.9
GC1003827_F08_NODE_6657_length_1378_cov_10.132694	1	1378	1277	1378	100	109.554	34.9	55
GC1003827_F08_NODE_6658_length_1378_cov_9.485212	1	1378	1090	1378	100	97.9231	34.9	54.1
GC1003827_F08_NODE_6659_length_1378_cov_6.408473	1	1378	692	1378	100	57.0936	35.1	41.6
GC1003827_F08_NODE_6660_length_1378_cov_3.189448	1	1378	256	1378	100	25.5958	35.3	58.4
GC1003827_F08_NODE_6661_length_1378_cov_3.181455	1	1378	316	1378	100	28.3251	35.7	52.6
GC1003827_F08_NODE_6662_length_1378_cov_2.697042	1	1378	436	1378	100	32.7685	35	43.5
GC1003827_F08_NODE_6663_length_1377_cov_10.652800	1	1377	786	1377	100	80.9956	35.6	58.7
GC1003827_F08_NODE_6664_length_1377_cov_4.927200	1	1377	394	1377	100	39.5018	35.9	59.3
GC1003827_F08_NODE_6665_length_1377_cov_4.835200	1	1377	363	1377	100	37.9695	35.7	59.7
GC1003827_F08_NODE_6666_length_1377_cov_4.508800	1	1377	544	1377	100	48.8671	35.2	55.3
GC1003827_F08_NODE_6667_length_1377_cov_4.494400	1	1377	485	1373	99.7095	46.4539	35.2	56.2
GC1003827_F08_NODE_6668_length_1376_cov_27.611689	1	1376	2430	1376	100	238.547	35.7	57.2
GC1003827_F08_NODE_6669_length_1376_cov_14.574059	1	1376	1437	1376	100	128.124	35.1	51
GC1003827_F08_NODE_6670_length_1376_cov_13.183347	1	1376	1052	1376	100	102.188	35.5	54.9
GC1003827_F08_NODE_6671_length_1376_cov_6.899119	1	1376	545	1376	100	55.7929	35.9	58.8
GC1003827_F08_NODE_6672_length_1376_cov_6.030424	1	1376	427	1376	100	43.9775	35.4	59.1
GC1003827_F08_NODE_6673_length_1376_cov_3.823058	1	1376	337	1376	100	31.2827	35.4	53.4
GC1003827_F08_NODE_6674_length_1376_cov_3.114492	1	1376	212	1376	100	21.6126	35.6	58.3
GC1003827_F08_NODE_6675_length_1376_cov_1.823859	1	1376	126	1375	99.9273	13.0342	35.4	58
GC1003827_F08_NODE_6676_length_1376_cov_1.630104	1	1376	217	1376	100	20.1824	35.7	57.9
GC1003827_F08_NODE_6677_length_1376_cov_1.550841	1	1376	218	1376	100	15.4666	35.6	45.4
GC1003827_F08_NODE_6678_length_1375_cov_11.506410	1	1375	752	1375	100	79.1971	35.5	59.4
GC1003827_F08_NODE_6679_length_1375_cov_5.122596	1	1375	336	1375	100	35.6975	35.5	59.6
GC1003827_F08_NODE_6680_length_1375_cov_4.971955	1	1375	992	1375	100	74.1316	34.7	38.1
GC1003827_F08_NODE_6681_length_1375_cov_3.580128	1	1375	284	1375	100	26.4553	35.7	57.4
GC1003827_F08_NODE_6682_length_1375_cov_3.563301	1	1375	323	1375	100	30.6131	35.9	57.6
GC1003827_F08_NODE_6683_length_1375_cov_2.712340	1	1375	313	1375	100	24.7273	35.3	44.3
GC1003827_F08_NODE_6684_length_1375_cov_2.483173	1	1375	188	1375	100	18.9476	35.6	59.1
GC1003827_F08_NODE_6685_length_1375_cov_1.915064	1	1375	119	1375	100	12.5527	35.9	60
GC1003827_F08_NODE_6686_length_1375_cov_1.369391	1	1375	113	1375	100	11.1862	35.6	59.4
GC1003827_F08_NODE_6687_length_1374_cov_8.362470	1	1374	785	1374	100	77.3639	35.7	54.7
GC1003827_F08_NODE_6688_length_1374_cov_6.843625	1	1374	530	1374	100	53.0408	35.5	56.3
GC1003827_F08_NODE_6689_length_1374_cov_3.387330	1	1374	203	1374	100	21.5844	35.5	59.6
GC1003827_F08_NODE_6690_length_1374_cov_2.989575	1	1374	257	1374	100	26.1659	35.6	59.2
GC1003827_F08_NODE_6691_length_1374_cov_2.229350	1	1374	133	1374	100	14.0757	35.3	58.6
GC1003827_F08_NODE_6692_length_1373_cov_7.619583	1	1373	595	1373	100	59.3095	35.8	58.6
GC1003827_F08_NODE_6693_length_1373_cov_6.548154	1	1373	561	1373	100	55.2068	34.6	58.2
GC1003827_F08_NODE_6694_length_1373_cov_5.947833	1	1373	628	1373	100	56.1719	35.5	53.7
GC1003827_F08_NODE_6695_length_1373_cov_2.626003	1	1373	232	1373	100	21.5958	35.4	53.7
GC1003827_F08_NODE_6696_length_1373_cov_1.558587	1	1373	156	1373	100	13.6839	35.8	52.6
GC1003827_F08_NODE_6697_length_1372_cov_11.438554	1	1372	865	1372	100	89.2536	35.9	58.6
GC1003827_F08_NODE_6698_length_1372_cov_9.506024	1	1372	1210	1372	100	105.257	35.5	53.5
GC1003827_F08_NODE_6699_length_1372_cov_4.693976	1	1372	568	1372	100	44.9934	34.9	46.2
GC1003827_F08_NODE_6700_length_1372_cov_3.734137	1	1372	418	1370	99.8542	36.2515	35	50.9
GC1003827_F08_NODE_6701_length_1372_cov_3.033735	1	1372	220	1372	100	23.156	35.5	59.9
GC1003827_F08_NODE_6702_length_1372_cov_2.906827	1	1372	326	1372	100	30.9745	35.8	57.7
GC1003827_F08_NODE_6703_length_1371_cov_6.299035	1	1371	637	1371	100	59.2042	35.1	54.2
GC1003827_F08_NODE_6704_length_1371_cov_6.281350	1	1371	418	1371	100	43.6207	35.6	59.2
GC1003827_F08_NODE_6705_length_1371_cov_6.195338	1	1371	440	1362	99.3435	45.6689	35.3	59.6
GC1003827_F08_NODE_6706_length_1371_cov_5.925241	1	1371	530	1365	99.5624	49.9949	35.2	54.9
GC1003827_F08_NODE_6707_length_1371_cov_1.231511	1	1371	91	1368	99.7812	9.46389	35.8	59.8
GC1003827_F08_NODE_6708_length_1371_cov_1.057074	1	1371	217	1371	100	15.7578	34.6	52
GC1003827_F08_NODE_6709_length_1371_cov_1.032958	1	1371	1029	1371	100	57.4303	34	11.8
GC1003827_F08_NODE_6710_length_1370_cov_6.174578	1	1370	598	1370	100	57.7613	35.4	57.6
GC1003827_F08_NODE_6711_length_1370_cov_5.982301	1	1370	637	1370	100	51.4394	35.8	42
GC1003827_F08_NODE_6712_length_1370_cov_5.973451	1	1370	492	1370	100	48.5686	35.8	57.5
GC1003827_F08_NODE_6713_length_1370_cov_4.430410	1	1370	351	1370	100	35.3044	35.7	57.8
GC1003827_F08_NODE_6714_length_1370_cov_4.264682	1	1370	602	1370	100	47.5956	34.9	37.7
GC1003827_F08_NODE_6715_length_1370_cov_2.244570	1	1370	135	1370	100	14.6774	35.9	60
GC1003827_F08_NODE_6716_length_1369_cov_16.592593	1	1369	2389	1369	100	220.14	35	52.6
GC1003827_F08_NODE_6717_length_1369_cov_13.644122	1	1369	1048	1369	100	104.191	35.3	57
GC1003827_F08_NODE_6718_length_1369_cov_9.526570	1	1369	818	1367	99.8539	78.9175	35.9	57.5
GC1003827_F08_NODE_6719_length_1369_cov_7.929952	1	1369	715	1369	100	66.7012	35.7	56.9
GC1003827_F08_NODE_6720_length_1369_cov_5.474235	1	1369	388	1369	100	40.6538	36.2	59.3
GC1003827_F08_NODE_6721_length_1369_cov_5.095813	1	1369	374	1369	100	37.7531	35.8	57
GC1003827_F08_NODE_6722_length_1369_cov_3.344605	1	1369	258	1369	100	25.6757	35.4	58
GC1003827_F08_NODE_6723_length_1369_cov_2.504026	1	1369	187	1369	100	19.542	35.4	58.3
GC1003827_F08_NODE_6724_length_1369_cov_1.198068	1	1369	116	1369	100	9.21987	35.9	45.5
GC1003827_F08_NODE_6725_length_1368_cov_10.974214	1	1368	1192	1368	100	111.197	35.5	55.6
GC1003827_F08_NODE_6726_length_1368_cov_10.408541	1	1368	818	1368	100	80.8282	35.8	56.9
GC1003827_F08_NODE_6727_length_1368_cov_7.829976	1	1368	703	1368	100	67.0241	35.7	56.3
GC1003827_F08_NODE_6728_length_1368_cov_7.633360	1	1368	522	1368	100	53.6038	35.8	58.7
GC1003827_F08_NODE_6729_length_1368_cov_7.297341	1	1368	713	1368	100	68.9189	35.7	57.6
GC1003827_F08_NODE_6730_length_1368_cov_5.738114	1	1368	383	1368	100	39.6937	35.6	59.1
GC1003827_F08_NODE_6731_length_1368_cov_5.535052	1	1368	432	1368	100	43.8874	35.7	58.5
GC1003827_F08_NODE_6732_length_1368_cov_4.979049	1	1368	843	1368	100	64.1469	34.3	39.5
GC1003827_F08_NODE_6733_length_1368_cov_4.632554	1	1368	353	1368	100	35.7836	35.8	58.6
GC1003827_F08_NODE_6734_length_1368_cov_2.695407	1	1368	193	1368	100	20.1455	35.5	58.2
GC1003827_F08_NODE_6735_length_1367_cov_18.372581	1	1367	2177	1367	100	201.764	35.4	56.7
GC1003827_F08_NODE_6736_length_1367_cov_17.119355	1	1367	1397	1367	100	140.508	35.5	58
GC1003827_F08_NODE_6737_length_1367_cov_6.027419	1	1367	456	1367	100	46.0841	35.4	58.9
GC1003827_F08_NODE_6738_length_1367_cov_4.056452	1	1367	265	1367	100	27.5874	35.6	58.7
GC1003827_F08_NODE_6739_length_1367_cov_3.856452	1	1367	285	1367	100	29.0249	35.6	57.8
GC1003827_F08_NODE_6740_length_1367_cov_2.704032	1	1367	235	1367	100	21.4323	35.9	55.4
GC1003827_F08_NODE_6741_length_1367_cov_2.525000	1	1367	225	1367	100	19.8617	35.7	48.4
GC1003827_F08_NODE_6742_length_1367_cov_2.408065	1	1367	224	1367	100	22.368	35.5	57.3
GC1003827_F08_NODE_6743_length_1367_cov_2.181452	1	1367	239	1367	100	21.3343	35.3	53.5
GC1003827_F08_NODE_6744_length_1367_cov_1.746774	1	1367	116	1367	100	12.1068	35.6	59.4
GC1003827_F08_NODE_6745_length_1366_cov_18.410008	1	1366	1273	1366	100	131.339	35.7	58.5
GC1003827_F08_NODE_6746_length_1366_cov_7.577078	1	1366	645	1366	100	62.8177	35.7	56.8
GC1003827_F08_NODE_6747_length_1366_cov_6.952381	1	1366	735	1366	100	73.202	35.6	57.1
GC1003827_F08_NODE_6748_length_1366_cov_4.853914	1	1366	342	1366	100	35.3734	35.6	58.3
GC1003827_F08_NODE_6749_length_1366_cov_4.661017	1	1366	567	1366	100	47.9019	34	47.4
GC1003827_F08_NODE_6750_length_1366_cov_4.358354	1	1366	332	1366	100	34.4092	36	58.1
GC1003827_F08_NODE_6751_length_1366_cov_3.372881	1	1366	271	1366	100	27.5505	35.6	59.2
GC1003827_F08_NODE_6752_length_1366_cov_3.033898	1	1366	210	1363	99.7804	22.1281	35.7	59.5
GC1003827_F08_NODE_6753_length_1366_cov_1.462470	1	1366	146	1366	100	10.9832	35.7	41.3
GC1003827_F08_NODE_6754_length_1366_cov_1.153349	1	1366	169	1366	100	13.6567	35	52.4
GC1003827_F08_NODE_6755_length_1365_cov_10.298869	1	1365	1018	1365	100	93.8308	35.6	54.7
GC1003827_F08_NODE_6756_length_1365_cov_6.495153	1	1365	640	1365	100	57.2821	35.9	47.4
GC1003827_F08_NODE_6757_length_1365_cov_5.160743	1	1365	509	1365	100	47.6132	35.6	55.5
GC1003827_F08_NODE_6758_length_1365_cov_3.840872	1	1365	252	1365	100	26.7216	35.5	58.9
GC1003827_F08_NODE_6759_length_1365_cov_3.618740	1	1365	303	1365	100	28.1341	35.5	51.6
GC1003827_F08_NODE_6760_length_1365_cov_3.177706	1	1365	235	1365	100	23.6176	35.8	57.4
GC1003827_F08_NODE_6761_length_1365_cov_2.923263	1	1365	204	1365	100	21.4549	35.6	59.1
GC1003827_F08_NODE_6762_length_1365_cov_2.863489	1	1365	217	1365	100	21.9172	35.7	58.6
GC1003827_F08_NODE_6763_length_1365_cov_1.924071	1	1365	167	1365	100	16.0593	35.8	56.2
GC1003827_F08_NODE_6764_length_1365_cov_1.797254	1	1365	221	1365	100	18.4396	35.4	49.1
GC1003827_F08_NODE_6765_length_1365_cov_1.725363	1	1365	145	1365	100	14.4769	36.1	58.3
GC1003827_F08_NODE_6766_length_1365_cov_1.621163	1	1365	199	1365	100	15.3451	35.1	44.1
GC1003827_F08_NODE_6767_length_1365_cov_1.289176	1	1365	90	1365	100	9.43077	35.6	59.5
GC1003827_F08_NODE_6768_length_1364_cov_8.416330	1	1364	718	1364	100	71.6004	35.6	58.1
GC1003827_F08_NODE_6769_length_1364_cov_6.904608	1	1364	431	1364	100	45.8387	35.6	59.5
GC1003827_F08_NODE_6770_length_1364_cov_6.299111	1	1364	405	1364	100	43.0682	35.6	59.6
GC1003827_F08_NODE_6771_length_1364_cov_4.638642	1	1364	329	1360	99.7067	33.6452	35.5	58.1
GC1003827_F08_NODE_6772_length_1364_cov_3.886823	1	1364	1764	1364	100	135.616	34.1	24.7
GC1003827_F08_NODE_6773_length_1364_cov_3.183508	1	1364	201	1364	100	21.4677	35.8	59.6
GC1003827_F08_NODE_6774_length_1364_cov_2.370251	1	1364	158	1364	100	16.6774	35.9	59.1
GC1003827_F08_NODE_6775_length_1364_cov_1.337106	1	1364	92	1364	100	9.4824	35.7	58.7
GC1003827_F08_NODE_6776_length_1363_cov_15.216019	1	1363	1183	1363	100	118.96	35.6	57.8
GC1003827_F08_NODE_6777_length_1363_cov_9.949838	1	1363	869	1363	100	86.113	35.4	57.3
GC1003827_F08_NODE_6778_length_1363_cov_8.103560	1	1363	733	1363	100	72.4585	35.5	54.2
GC1003827_F08_NODE_6779_length_1363_cov_4.115696	1	1363	301	1363	100	31.1438	35.9	58.9
GC1003827_F08_NODE_6780_length_1363_cov_3.487864	1	1363	237	1363	100	24.515	35	58.2
GC1003827_F08_NODE_6781_length_1363_cov_3.304207	1	1363	232	1363	100	24.1064	35.4	57.8
GC1003827_F08_NODE_6782_length_1363_cov_1.584951	1	1363	165	1363	100	15.0389	35.3	55.2
GC1003827_F08_NODE_6783_length_1362_cov_5.026721	1	1362	394	1362	100	40.2819	35.8	59.1
GC1003827_F08_NODE_6784_length_1362_cov_4.584615	1	1362	442	1362	100	40.9369	35.3	54.5
GC1003827_F08_NODE_6785_length_1362_cov_2.984615	1	1362	239	1362	100	23.605	35.7	57.6
GC1003827_F08_NODE_6786_length_1362_cov_2.105263	1	1362	221	1362	100	20.185	35.5	53.8
GC1003827_F08_NODE_6787_length_1362_cov_1.251822	1	1362	154	1362	100	12.6322	34.3	47.3
GC1003827_F08_NODE_6788_length_1361_cov_7.242301	1	1361	566	1361	100	55.2645	35.6	52.6
GC1003827_F08_NODE_6789_length_1361_cov_4.891410	1	1361	654	1360	99.9265	60.0926	34.7	56.7
GC1003827_F08_NODE_6790_length_1361_cov_3.581037	1	1361	339	1361	100	31.2579	35.8	54.6
GC1003827_F08_NODE_6791_length_1361_cov_3.177472	1	1361	300	1361	100	27.5952	35.1	55.3
GC1003827_F08_NODE_6792_length_1361_cov_2.290113	1	1361	186	1361	100	18.2145	36.1	57.7
GC1003827_F08_NODE_6793_length_1360_cov_9.704785	1	1360	898	1360	100	86.6831	35.5	57.3
GC1003827_F08_NODE_6794_length_1360_cov_9.049473	1	1360	895	1360	100	85.2412	35.6	55.5
GC1003827_F08_NODE_6795_length_1360_cov_7.693431	1	1360	754	1360	100	67.3765	35.3	48.6
GC1003827_F08_NODE_6796_length_1360_cov_4.790754	1	1360	308	1358	99.8529	32.9662	35.3	59.5
GC1003827_F08_NODE_6797_length_1359_cov_11.540584	1	1359	1107	1359	100	101.884	35.5	52
GC1003827_F08_NODE_6798_length_1359_cov_6.603896	1	1359	678	1359	100	60.1825	35.2	54.5
GC1003827_F08_NODE_6799_length_1359_cov_3.832792	1	1359	278	1359	100	28.6409	35.7	58.7
GC1003827_F08_NODE_6800_length_1359_cov_3.439123	1	1359	311	1357	99.8528	28.1104	35.6	48.3
GC1003827_F08_NODE_6801_length_1358_cov_6.754671	1	1358	618	1356	99.8527	58.4013	35.1	56.8
GC1003827_F08_NODE_6802_length_1358_cov_5.619821	1	1358	464	1358	100	46.6583	35.5	58.2
GC1003827_F08_NODE_6803_length_1358_cov_5.552396	1	1358	464	1358	100	45.8137	35.4	57
GC1003827_F08_NODE_6804_length_1358_cov_4.749797	1	1358	389	1358	100	38.4529	35.4	55.8
GC1003827_F08_NODE_6805_length_1358_cov_4.443542	1	1358	393	1358	100	38.2761	35.5	57.4
GC1003827_F08_NODE_6806_length_1358_cov_2.792851	1	1358	283	1358	100	23.7982	35.3	47.2
GC1003827_F08_NODE_6807_length_1358_cov_0.989439	1	1358	145	1358	100	10.3012	35	48.9
GC1003827_F08_NODE_6808_length_1357_cov_30.469106	1	1357	3325	1357	100	312.925	35.4	54.1
GC1003827_F08_NODE_6809_length_1357_cov_7.293496	1	1357	744	1357	100	64.4399	35.6	51.5
GC1003827_F08_NODE_6810_length_1357_cov_6.726016	1	1357	557	1349	99.4105	54.9189	35.5	57.5
GC1003827_F08_NODE_6811_length_1357_cov_3.493496	1	1357	379	1357	100	36.0103	35.6	52.3
GC1003827_F08_NODE_6812_length_1357_cov_2.447154	1	1357	311	1357	100	27.6035	35.5	51.7
GC1003827_F08_NODE_6813_length_1357_cov_2.007317	1	1357	144	1357	100	14.406	35.7	56.2
GC1003827_F08_NODE_6814_length_1357_cov_1.339024	1	1357	96	1357	100	9.92189	35.2	58.5
GC1003827_F08_NODE_6815_length_1356_cov_9.570382	1	1356	846	1356	100	86.3053	35.1	57.8
GC1003827_F08_NODE_6816_length_1356_cov_5.956876	1	1356	476	1356	100	47.8326	35.4	57.8
GC1003827_F08_NODE_6817_length_1356_cov_5.819365	1	1356	425	1356	100	44.0973	35.8	58.4
GC1003827_F08_NODE_6818_length_1356_cov_4.488202	1	1356	522	1356	100	41.1386	35.5	41.5
GC1003827_F08_NODE_6819_length_1356_cov_3.441009	1	1356	254	1356	100	26.3879	35.6	59.1
GC1003827_F08_NODE_6820_length_1356_cov_3.097640	1	1356	712	1356	100	43.8982	35	25.5
GC1003827_F08_NODE_6821_length_1356_cov_2.481692	1	1356	191	1356	100	20.3614	35.4	58.9
GC1003827_F08_NODE_6822_length_1356_cov_1.756713	1	1356	155	1356	100	15.2736	35.1	57
GC1003827_F08_NODE_6823_length_1356_cov_1.174939	1	1356	86	1356	100	9.11209	35.7	60
GC1003827_F08_NODE_6824_length_1355_cov_13.521173	1	1355	1109	1354	99.9262	111.954	35.6	58.3
GC1003827_F08_NODE_6825_length_1355_cov_4.687296	1	1355	430	1355	100	40.7904	35.5	54.7
GC1003827_F08_NODE_6826_length_1355_cov_3.943811	1	1355	280	1355	100	27.5077	35.4	57.5
GC1003827_F08_NODE_6827_length_1355_cov_2.712541	1	1355	223	1355	100	21.693	35.1	57.5
GC1003827_F08_NODE_6828_length_1355_cov_1.924267	1	1355	135	1353	99.8524	13.7446	35.5	57.3
GC1003827_F08_NODE_6829_length_1355_cov_1.644951	1	1355	104	1355	100	10.9513	35.9	58
GC1003827_F08_NODE_6830_length_1355_cov_1.346906	1	1355	87	1355	100	9.36605	35.8	58.6
GC1003827_F08_NODE_6831_length_1354_cov_11.903830	1	1354	1012	1354	100	101.173	35.5	57.8
GC1003827_F08_NODE_6832_length_1354_cov_6.269764	1	1354	1158	1354	100	89.1647	35.1	48.2
GC1003827_F08_NODE_6833_length_1354_cov_3.518337	1	1354	256	1354	100	26.7991	35.5	58.8
GC1003827_F08_NODE_6834_length_1354_cov_1.962510	1	1354	143	1353	99.9261	14.418	35.1	57.6
GC1003827_F08_NODE_6835_length_1353_cov_11.026101	1	1353	968	1353	100	92.6438	35.4	56.3
GC1003827_F08_NODE_6836_length_1353_cov_9.753670	1	1353	1032	1353	100	94.1168	35.2	51.1
GC1003827_F08_NODE_6837_length_1353_cov_5.212887	1	1353	411	1350	99.7783	39.6475	35.8	57.7
GC1003827_F08_NODE_6838_length_1353_cov_4.761827	1	1353	585	1353	100	58.0665	35	53
GC1003827_F08_NODE_6839_length_1353_cov_4.655791	1	1353	579	1353	100	43.7916	35.6	37.3
GC1003827_F08_NODE_6840_length_1353_cov_3.315661	1	1353	218	1353	100	23.0931	35.6	59
GC1003827_F08_NODE_6841_length_1353_cov_3.196574	1	1353	242	1353	100	24.4523	35.7	57.9
GC1003827_F08_NODE_6842_length_1353_cov_2.504894	1	1353	204	1353	100	19.8551	35.1	56.3
GC1003827_F08_NODE_6843_length_1353_cov_0.857259	1	1353	58	1353	100	5.99926	35.6	58.5
GC1003827_F08_NODE_6844_length_1352_cov_16.771429	1	1352	2229	1352	100	208.734	35.6	46.4
GC1003827_F08_NODE_6845_length_1352_cov_12.673469	1	1352	996	1352	100	102.847	35.5	58.9
GC1003827_F08_NODE_6846_length_1352_cov_7.356735	1	1352	758	1352	100	70.4734	35.7	57.8
GC1003827_F08_NODE_6847_length_1352_cov_6.815510	1	1352	543	1352	100	52.1109	35.5	52.8
GC1003827_F08_NODE_6848_length_1352_cov_6.566531	1	1352	764	1352	100	68.6982	34.7	54.5
GC1003827_F08_NODE_6849_length_1352_cov_5.115102	1	1352	492	1352	100	47.4349	35.8	56.2
GC1003827_F08_NODE_6850_length_1352_cov_4.207347	1	1352	288	1352	100	29.747	35.3	58.1
GC1003827_F08_NODE_6851_length_1352_cov_2.908571	1	1352	269	1352	100	22.5888	35.5	46.8
GC1003827_F08_NODE_6852_length_1352_cov_2.480000	1	1352	302	1340	99.1124	24.8247	35.6	43.9
GC1003827_F08_NODE_6853_length_1352_cov_2.183673	1	1352	143	1352	100	15.4149	35.7	59.3
GC1003827_F08_NODE_6854_length_1351_cov_14.485294	1	1351	1213	1351	100	122.32	35.8	58.2
GC1003827_F08_NODE_6855_length_1351_cov_6.890523	1	1351	742	1351	100	66.6839	35.7	52.2
GC1003827_F08_NODE_6856_length_1351_cov_5.870098	1	1351	454	1351	100	45.795	35.5	57.9
GC1003827_F08_NODE_6857_length_1351_cov_5.630719	1	1351	472	1348	99.7779	46.9704	35.6	58.8
GC1003827_F08_NODE_6858_length_1351_cov_4.205882	1	1351	710	1351	100	49.5463	34.9	26.9
GC1003827_F08_NODE_6859_length_1351_cov_2.623366	1	1351	330	1351	100	28.2502	35.8	52.9
GC1003827_F08_NODE_6860_length_1350_cov_13.910057	1	1350	13294	1350	100	770.897	33.4	12.1
GC1003827_F08_NODE_6861_length_1350_cov_9.829109	1	1350	642	1349	99.9259	67.8941	35.8	58.8
GC1003827_F08_NODE_6862_length_1350_cov_6.267375	1	1350	1008	1350	100	89.3563	33.9	53.9
GC1003827_F08_NODE_6863_length_1350_cov_6.217498	1	1350	488	1350	100	49.9252	35.8	58.2
GC1003827_F08_NODE_6864_length_1350_cov_5.937858	1	1350	423	1350	100	44.3533	35.2	59.4
GC1003827_F08_NODE_6865_length_1350_cov_2.515944	1	1350	213	1350	100	20.9904	35.9	58.5
GC1003827_F08_NODE_6866_length_1350_cov_1.035159	1	1350	75	1349	99.9259	7.74815	35.5	58
GC1003827_F08_NODE_6867_length_1349_cov_4.836334	1	1349	434	1348	99.9259	42.2417	35.5	54.9
GC1003827_F08_NODE_6868_length_1349_cov_4.695581	1	1349	341	1349	100	36.2876	35.7	58.5
GC1003827_F08_NODE_6869_length_1349_cov_4.503273	1	1349	503	1349	100	45.8718	35.3	54.5
GC1003827_F08_NODE_6870_length_1349_cov_3.903437	1	1349	259	1349	100	27.5337	35.7	59.6
GC1003827_F08_NODE_6871_length_1349_cov_3.465630	1	1349	322	1349	100	30.8021	35.7	53.5
GC1003827_F08_NODE_6872_length_1349_cov_3.290507	1	1349	659	1349	100	52.152	34.6	49.2
GC1003827_F08_NODE_6873_length_1349_cov_3.180851	1	1349	397	1349	100	35.6672	35.4	53.6
GC1003827_F08_NODE_6874_length_1349_cov_2.014730	1	1349	216	1349	100	18.3669	35.6	49.8
GC1003827_F08_NODE_6875_length_1348_cov_5.730549	1	1348	385	1348	100	40.8657	35.7	58.5
GC1003827_F08_NODE_6876_length_1348_cov_4.506143	1	1348	338	1348	100	35.7737	35.6	58.8
GC1003827_F08_NODE_6877_length_1348_cov_3.592957	1	1348	251	1348	100	26.3887	35.4	59.1
GC1003827_F08_NODE_6878_length_1348_cov_2.294021	1	1348	185	1348	100	16.9555	35.6	51.3
GC1003827_F08_NODE_6879_length_1348_cov_1.393120	1	1348	88	1348	100	9.45549	35.9	58.6
GC1003827_F08_NODE_6880_length_1347_cov_14.791803	1	1347	1142	1347	100	115.539	35.6	58.4
GC1003827_F08_NODE_6881_length_1347_cov_10.685246	1	1347	834	1347	100	85.8233	35.6	58.8
GC1003827_F08_NODE_6882_length_1347_cov_9.970492	1	1347	669	1347	100	71.1173	35.8	59.3
GC1003827_F08_NODE_6883_length_1347_cov_3.886885	1	1347	300	1347	100	30.0809	35.5	58.2
GC1003827_F08_NODE_6884_length_1347_cov_3.160656	1	1347	2166	1347	100	163.853	34	13.7
GC1003827_F08_NODE_6885_length_1347_cov_2.649180	1	1347	177	1346	99.9258	19.2873	35.4	59.8
GC1003827_F08_NODE_6886_length_1347_cov_2.409016	1	1347	219	1347	100	20.7699	35.6	56.1
GC1003827_F08_NODE_6887_length_1347_cov_2.248361	1	1347	185	1344	99.7773	17.8849	35.5	57.5
GC1003827_F08_NODE_6888_length_1347_cov_1.908197	1	1347	119	1347	100	12.8686	35.8	59.7
GC1003827_F08_NODE_6889_length_1346_cov_14.017227	1	1346	1469	1346	100	140.075	35.7	57.5
GC1003827_F08_NODE_6890_length_1346_cov_10.479081	1	1346	1120	1346	100	93.1367	35.4	44.4
GC1003827_F08_NODE_6891_length_1346_cov_7.045119	1	1346	486	1346	100	50.2957	35.6	58.1
GC1003827_F08_NODE_6892_length_1346_cov_5.917966	1	1346	626	1346	100	54.6516	34.9	48
GC1003827_F08_NODE_6893_length_1346_cov_4.139459	1	1346	363	1346	100	35.9844	34.7	56.2
GC1003827_F08_NODE_6894_length_1346_cov_3.490566	1	1346	231	1346	100	24.5632	35.4	59.2
GC1003827_F08_NODE_6895_length_1346_cov_1.182937	1	1346	101	1346	100	9.89747	35.1	57.2
GC1003827_F08_NODE_6896_length_1345_cov_5.552545	1	1345	979	1336	99.3309	71.7725	35.2	42.6
GC1003827_F08_NODE_6897_length_1345_cov_5.523810	1	1345	419	1345	100	41.852	35.6	55.5
GC1003827_F08_NODE_6898_length_1345_cov_4.597701	1	1345	355	1345	100	37.261	35.5	58.9
GC1003827_F08_NODE_6899_length_1345_cov_3.890805	1	1345	352	1345	100	34.7279	35.4	55.8
GC1003827_F08_NODE_6900_length_1345_cov_3.838259	1	1345	287	1345	100	29.232	35.6	56
GC1003827_F08_NODE_6901_length_1345_cov_3.646962	1	1345	257	1345	100	27.2758	35.7	59.8
GC1003827_F08_NODE_6902_length_1345_cov_2.275862	1	1345	165	1345	100	16.7636	35.5	57.4
GC1003827_F08_NODE_6903_length_1345_cov_1.015599	1	1345	71	1345	100	7.57844	36.1	60
GC1003827_F08_NODE_6904_length_1344_cov_13.689400	1	1344	968	1344	100	100.644	35.5	58.5
GC1003827_F08_NODE_6905_length_1344_cov_5.614626	1	1344	2556	1344	100	173.522	34.3	21
GC1003827_F08_NODE_6906_length_1344_cov_4.489729	1	1344	383	1344	100	37.3787	35.7	57.3
GC1003827_F08_NODE_6907_length_1344_cov_3.954807	1	1344	374	1344	100	37.4003	35.4	58.4
GC1003827_F08_NODE_6908_length_1344_cov_3.822514	1	1344	356	1344	100	33.9382	35.6	56
GC1003827_F08_NODE_6909_length_1344_cov_3.745275	1	1344	293	1344	100	29.6406	35.8	58.3
GC1003827_F08_NODE_6910_length_1344_cov_3.069022	1	1344	211	1344	100	22.0112	35.6	58.9
GC1003827_F08_NODE_6911_length_1344_cov_2.732128	1	1344	239	1344	100	22.2872	34.9	54
GC1003827_F08_NODE_6912_length_1344_cov_2.005752	1	1344	205	1344	100	17.529	35.7	46
GC1003827_F08_NODE_6913_length_1343_cov_9.216283	1	1343	1182	1343	100	106.91	34.6	53.6
GC1003827_F08_NODE_6914_length_1343_cov_8.220395	1	1343	748	1343	100	72.4147	35.4	56.6
GC1003827_F08_NODE_6915_length_1343_cov_8.019737	1	1343	1010	1343	100	90.8384	35	55.6
GC1003827_F08_NODE_6916_length_1343_cov_6.268092	1	1343	1069	1343	100	77.6277	35	36
GC1003827_F08_NODE_6917_length_1343_cov_5.883224	1	1343	400	1343	100	42.2048	35.8	58.2
GC1003827_F08_NODE_6918_length_1343_cov_5.293586	1	1343	358	1336	99.4788	37.3448	35.6	58.6
GC1003827_F08_NODE_6919_length_1343_cov_5.111842	1	1343	311	1343	100	33.627	35.6	59.6
GC1003827_F08_NODE_6920_length_1343_cov_4.830592	1	1343	367	1343	100	38.3023	35.7	58.7
GC1003827_F08_NODE_6921_length_1343_cov_3.402961	1	1343	395	1343	100	35.2844	35.3	51.1
GC1003827_F08_NODE_6922_length_1343_cov_3.299342	1	1343	386	1343	100	35.4371	35.4	49
GC1003827_F08_NODE_6923_length_1343_cov_3.088816	1	1343	434	1343	100	37.8771	35.1	53.7
GC1003827_F08_NODE_6924_length_1343_cov_2.117599	1	1343	224	1343	100	19.2636	35.2	47.8
GC1003827_F08_NODE_6925_length_1343_cov_1.817434	1	1343	452	1343	100	31.825	35.1	35.8
GC1003827_F08_NODE_6926_length_1343_cov_0.992599	1	1343	94	1343	100	8.95458	35.7	54.7
GC1003827_F08_NODE_6927_length_1342_cov_8.228807	1	1342	619	1342	100	61.9933	35.6	57.5
GC1003827_F08_NODE_6928_length_1342_cov_4.145679	1	1342	382	1312	97.7645	34.2534	35.5	56.3
GC1003827_F08_NODE_6929_length_1342_cov_2.828807	1	1342	192	1342	100	19.9873	35.6	57.5
GC1003827_F08_NODE_6930_length_1342_cov_2.776132	1	1342	244	1342	100	23.9419	35.8	57.3
GC1003827_F08_NODE_6931_length_1342_cov_1.582716	1	1342	211	1342	100	16.7519	35.4	49.5
GC1003827_F08_NODE_6932_length_1342_cov_1.574486	1	1342	122	1342	100	13.006	35.6	60
GC1003827_F08_NODE_6933_length_1341_cov_7.694399	1	1341	1122	1335	99.5526	98.5503	35.1	51.2
GC1003827_F08_NODE_6934_length_1341_cov_5.567545	1	1341	459	1341	100	44.8143	35.5	55.3
GC1003827_F08_NODE_6935_length_1341_cov_2.957166	1	1341	201	1341	100	21.6413	35.4	59.3
GC1003827_F08_NODE_6936_length_1341_cov_1.872323	1	1341	175	1341	100	15.8717	35.6	51.6
GC1003827_F08_NODE_6937_length_1341_cov_1.620264	1	1341	923	1341	100	51.962	34.3	15.6
GC1003827_F08_NODE_6938_length_1340_cov_6.641385	1	1340	625	1340	100	60.5642	35.7	56.9
GC1003827_F08_NODE_6939_length_1340_cov_4.409728	1	1340	330	1340	100	34.2216	35.6	58.8
GC1003827_F08_NODE_6940_length_1340_cov_4.037923	1	1340	409	1340	100	38.3	35.4	57.3
GC1003827_F08_NODE_6941_length_1340_cov_3.294312	1	1340	407	1340	100	35.3045	34.9	50.8
GC1003827_F08_NODE_6942_length_1340_cov_2.027205	1	1340	303	1340	100	25.7821	35	53.3
GC1003827_F08_NODE_6943_length_1340_cov_1.612531	1	1340	152	1340	100	14.7015	35.8	57.2
GC1003827_F08_NODE_6944_length_1339_cov_16.301155	1	1339	1192	1339	100	124.219	35.9	58.8
GC1003827_F08_NODE_6945_length_1339_cov_4.223597	1	1339	316	1339	100	31.4862	35.7	58.6
GC1003827_F08_NODE_6946_length_1339_cov_2.303630	1	1339	196	1338	99.9253	19.7468	36	59.1
GC1003827_F08_NODE_6947_length_1339_cov_1.618812	1	1339	195	1339	100	17.3659	34	56.9
GC1003827_F08_NODE_6948_length_1338_cov_10.659785	1	1338	730	1338	100	77.0224	35.4	58.3
GC1003827_F08_NODE_6949_length_1338_cov_9.341866	1	1338	666	1338	100	68.5284	35.7	58.2
GC1003827_F08_NODE_6950_length_1338_cov_8.351775	1	1338	813	1338	100	81.8625	35.2	58.7
GC1003827_F08_NODE_6951_length_1338_cov_5.775392	1	1338	646	1337	99.9253	53.2063	35.3	43.2
GC1003827_F08_NODE_6952_length_1338_cov_3.731627	1	1338	311	1338	100	31.1816	35.5	58.2
GC1003827_F08_NODE_6953_length_1338_cov_2.615194	1	1338	325	1329	99.3274	23.7272	35	33.9
GC1003827_F08_NODE_6954_length_1338_cov_2.129645	1	1338	143	1338	100	14.7167	35.6	58.4
GC1003827_F08_NODE_6955_length_1337_cov_10.633884	1	1337	892	1337	100	90.0651	35.6	57.6
GC1003827_F08_NODE_6956_length_1337_cov_7.742975	1	1337	863	1337	100	75.0239	35.3	52.4
GC1003827_F08_NODE_6957_length_1337_cov_7.703306	1	1337	704	1337	100	67.3732	35.5	52.3
GC1003827_F08_NODE_6958_length_1337_cov_7.681818	1	1337	803	1336	99.9252	73.7577	34.8	52.9
GC1003827_F08_NODE_6959_length_1337_cov_7.433058	1	1337	533	1337	100	55.1174	35.7	59.1
GC1003827_F08_NODE_6960_length_1337_cov_6.206612	1	1337	5527	1337	100	246.01	33.7	7.71
GC1003827_F08_NODE_6961_length_1337_cov_3.551240	1	1337	282	1337	100	28.6687	35.6	59.2
GC1003827_F08_NODE_6962_length_1337_cov_2.893388	1	1337	291	1337	100	27.5191	34.9	52.3
GC1003827_F08_NODE_6963_length_1337_cov_2.336364	1	1337	215	1337	100	20.6387	35.3	56.1
GC1003827_F08_NODE_6964_length_1337_cov_2.300826	1	1337	185	1337	100	17.6283	35.3	52.3
GC1003827_F08_NODE_6965_length_1337_cov_1.815702	1	1337	157	1327	99.2521	16.104	35.3	59
GC1003827_F08_NODE_6966_length_1337_cov_1.676860	1	1337	233	1337	100	20.8377	35.3	53.2
GC1003827_F08_NODE_6967_length_1336_cov_8.905707	1	1336	661	1336	100	66.5651	35.6	57.6
GC1003827_F08_NODE_6968_length_1336_cov_7.894127	1	1336	558	1336	100	59.9693	35.5	59.4
GC1003827_F08_NODE_6969_length_1336_cov_6.822994	1	1336	641	1334	99.8503	63.2799	35.5	57.7
GC1003827_F08_NODE_6970_length_1336_cov_4.825476	1	1336	583	1335	99.9251	49.1751	35.3	56.7
GC1003827_F08_NODE_6971_length_1336_cov_4.686518	1	1336	471	1336	100	45.2275	35	55.7
GC1003827_F08_NODE_6972_length_1336_cov_4.281224	1	1336	360	1336	100	34.8466	35.3	54.5
GC1003827_F08_NODE_6973_length_1336_cov_2.349049	1	1336	1397	1336	100	56.0262	27.9	10.4
GC1003827_F08_NODE_6974_length_1336_cov_2.343259	1	1336	286	1336	100	19.512	35.9	35.4
GC1003827_F08_NODE_6975_length_1336_cov_1.514475	1	1336	136	1334	99.8503	14.0457	35.3	58.7
GC1003827_F08_NODE_6976_length_1335_cov_13.882450	1	1335	1141	1335	100	115.008	35.7	57.3
GC1003827_F08_NODE_6977_length_1335_cov_10.535596	1	1335	1187	1335	100	116.686	35.6	56.8
GC1003827_F08_NODE_6978_length_1335_cov_8.540563	1	1335	718	1335	100	70.2607	35.4	55.4
GC1003827_F08_NODE_6979_length_1335_cov_7.283940	1	1335	521	1332	99.7753	52.9805	35.6	56.7
GC1003827_F08_NODE_6980_length_1335_cov_5.264901	1	1335	447	1335	100	43.6045	35.4	56.2
GC1003827_F08_NODE_6981_length_1335_cov_5.239238	1	1335	350	1335	100	37.2584	35.8	59.5
GC1003827_F08_NODE_6982_length_1334_cov_11.961889	1	1334	1012	1334	100	99.0375	35.2	57.6
GC1003827_F08_NODE_6983_length_1334_cov_11.599834	1	1334	835	1334	100	84.8643	35.4	55.1
GC1003827_F08_NODE_6984_length_1334_cov_10.871582	1	1334	845	1334	100	85.3036	35.7	58.1
GC1003827_F08_NODE_6985_length_1334_cov_10.225352	1	1334	1038	1334	100	98.8036	35.6	55.7
GC1003827_F08_NODE_6986_length_1334_cov_3.930406	1	1334	340	1333	99.925	34.6162	35.8	57.8
GC1003827_F08_NODE_6987_length_1334_cov_3.215410	1	1334	250	1334	100	26.0435	35.4	58.8
GC1003827_F08_NODE_6988_length_1334_cov_2.831814	1	1334	225	1334	100	23.1064	35.7	57.5
GC1003827_F08_NODE_6989_length_1334_cov_2.529412	1	1334	174	1334	100	18.7024	35.3	59.4
GC1003827_F08_NODE_6990_length_1334_cov_2.464789	1	1334	231	1334	100	21.7586	35.6	56
GC1003827_F08_NODE_6991_length_1334_cov_2.382767	1	1334	195	1334	100	19.4153	35.6	56.4
GC1003827_F08_NODE_6992_length_1333_cov_20.257048	1	1333	1374	1330	99.7749	147.483	35.4	59.2
GC1003827_F08_NODE_6993_length_1333_cov_17.361526	1	1333	1377	1333	100	140.003	35.8	58.2
GC1003827_F08_NODE_6994_length_1333_cov_10.966003	1	1333	795	1333	100	83.183	35.6	59.3
GC1003827_F08_NODE_6995_length_1333_cov_6.252073	1	1333	594	1333	100	56.9655	35.3	54.5
GC1003827_F08_NODE_6996_length_1333_cov_5.785240	1	1333	575	1333	100	54.955	35.4	57.3
GC1003827_F08_NODE_6997_length_1333_cov_4.724710	1	1333	314	1333	100	33.3346	35.2	59.3
GC1003827_F08_NODE_6998_length_1333_cov_3.977612	1	1333	250	1331	99.85	26.958	35.6	59.3
GC1003827_F08_NODE_6999_length_1333_cov_3.898839	1	1333	498	1333	100	46.5019	34.9	57.2
GC1003827_F08_NODE_7000_length_1333_cov_2.950249	1	1333	333	1333	100	30.4681	35.8	55.5
GC1003827_F08_NODE_7001_length_1333_cov_2.771973	1	1333	263	1333	100	24.9145	35.5	57.7
GC1003827_F08_NODE_7002_length_1333_cov_2.529022	1	1333	673	1323	99.2498	36.3428	34.9	25.2
GC1003827_F08_NODE_7003_length_1333_cov_2.092869	1	1333	174	1333	100	16.7097	35.6	54.3
GC1003827_F08_NODE_7004_length_1333_cov_1.926202	1	1333	252	1333	100	20.2528	35.2	47.1
GC1003827_F08_NODE_7005_length_1333_cov_1.874793	1	1333	124	1333	100	13.1028	35.7	59
GC1003827_F08_NODE_7006_length_1333_cov_1.537313	1	1333	185	1333	100	16.1898	34.8	54.6
GC1003827_F08_NODE_7007_length_1332_cov_9.820747	1	1332	792	1332	100	79.9369	35.4	58.2
GC1003827_F08_NODE_7008_length_1332_cov_7.090456	1	1332	684	1332	100	65.018	35.4	56.3
GC1003827_F08_NODE_7009_length_1332_cov_6.423237	1	1332	507	1332	100	53.2665	35.5	57.9
GC1003827_F08_NODE_7010_length_1332_cov_6.279668	1	1332	419	1332	100	44.1547	35.5	58.2
GC1003827_F08_NODE_7011_length_1332_cov_4.368465	1	1332	375	1332	100	36.53	35.6	57.2
GC1003827_F08_NODE_7012_length_1332_cov_2.215768	1	1332	182	1332	100	18.6149	36	59.2
GC1003827_F08_NODE_7013_length_1331_cov_11.243355	1	1331	1037	1331	100	96.1818	35.6	54.8
GC1003827_F08_NODE_7014_length_1331_cov_5.690199	1	1331	834	1331	100	72.8062	35.3	46.8
GC1003827_F08_NODE_7015_length_1331_cov_3.739203	1	1331	335	1331	100	29.9083	36	48.3
GC1003827_F08_NODE_7016_length_1331_cov_3.410299	1	1331	333	1330	99.9249	27.7325	34.7	46
GC1003827_F08_NODE_7017_length_1331_cov_2.773256	1	1331	492	1331	100	43.9955	35	43.1
GC1003827_F08_NODE_7018_length_1331_cov_2.495847	1	1331	482	1316	98.873	33.287	34.7	31.9
GC1003827_F08_NODE_7019_length_1331_cov_1.210963	1	1331	131	1331	100	11	35.5	53
GC1003827_F08_NODE_7020_length_1330_cov_11.658354	1	1330	970	1330	100	94.5759	35.4	54.5
GC1003827_F08_NODE_7021_length_1330_cov_7.795511	1	1330	630	1330	100	63.8083	35.5	58.3
GC1003827_F08_NODE_7022_length_1330_cov_7.320865	1	1330	1671	1330	100	156.092	35.6	55.1
GC1003827_F08_NODE_7023_length_1330_cov_5.123857	1	1330	435	1330	100	41.9038	35.5	54.2
GC1003827_F08_NODE_7024_length_1330_cov_3.787199	1	1330	245	1330	100	26.1722	35.7	59.4
GC1003827_F08_NODE_7025_length_1330_cov_3.310889	1	1330	307	1330	100	28.8617	35.4	56.7
GC1003827_F08_NODE_7026_length_1330_cov_2.946800	1	1330	209	1330	100	21.818	35.7	56.2
GC1003827_F08_NODE_7027_length_1330_cov_1.676642	1	1330	116	1330	100	12.5624	35.6	59.3
GC1003827_F08_NODE_7028_length_1330_cov_1.091438	1	1330	69	1330	100	7.54135	35.9	59.7
GC1003827_F08_NODE_7029_length_1330_cov_1.082294	1	1330	72	1329	99.9248	7.60301	35.7	59.3
GC1003827_F08_NODE_7030_length_1329_cov_9.869384	1	1329	700	1329	100	72.8841	35.8	56.5
GC1003827_F08_NODE_7031_length_1329_cov_7.508319	1	1329	1764	1329	100	100.968	34	25.7
GC1003827_F08_NODE_7032_length_1329_cov_6.453411	1	1329	594	1329	100	56.7509	35.7	55.6
GC1003827_F08_NODE_7033_length_1329_cov_6.444260	1	1329	609	1312	98.7208	60.7803	35.2	57.2
GC1003827_F08_NODE_7034_length_1329_cov_6.060732	1	1329	496	1329	100	48.2212	35.4	54.8
GC1003827_F08_NODE_7035_length_1329_cov_4.907654	1	1329	428	1327	99.8495	43.1249	35.6	57.7
GC1003827_F08_NODE_7036_length_1329_cov_4.562396	1	1329	303	1325	99.699	32.7585	35.5	59.2
GC1003827_F08_NODE_7037_length_1329_cov_3.806156	1	1329	368	1329	100	34.6855	35.5	53.4
GC1003827_F08_NODE_7038_length_1328_cov_17.468776	1	1328	1470	1328	100	144.222	35.5	54.5
GC1003827_F08_NODE_7039_length_1328_cov_14.532057	1	1328	1040	1328	100	110.486	35.7	59
GC1003827_F08_NODE_7040_length_1328_cov_8.969192	1	1328	591	1328	100	63.6453	35.7	57.7
GC1003827_F08_NODE_7041_length_1328_cov_3.197336	1	1328	242	1328	100	25.433	36	58.6
GC1003827_F08_NODE_7042_length_1328_cov_3.104913	1	1328	227	1328	100	24.073	35.7	58.8
GC1003827_F08_NODE_7043_length_1328_cov_1.990008	1	1328	197	1328	100	19.2462	34.8	57.5
GC1003827_F08_NODE_7044_length_1327_cov_13.569167	1	1327	961	1327	100	102.222	35.7	59
GC1003827_F08_NODE_7045_length_1327_cov_11.550833	1	1327	958	1327	100	97.7928	35.3	58.3
GC1003827_F08_NODE_7046_length_1327_cov_9.775000	1	1327	997	1327	100	88.1922	35.5	43.7
GC1003827_F08_NODE_7047_length_1327_cov_8.591667	1	1327	934	1327	100	82.5501	35.4	49.5
GC1003827_F08_NODE_7048_length_1327_cov_4.666667	1	1327	302	1327	100	33.1372	35.8	58.7
GC1003827_F08_NODE_7049_length_1326_cov_11.499583	1	1326	736	1326	100	80.3635	35.6	59.6
GC1003827_F08_NODE_7050_length_1326_cov_11.306088	1	1326	866	1326	100	91.049	35.3	58.2
GC1003827_F08_NODE_7051_length_1326_cov_7.743119	1	1326	596	1326	100	62.3982	35.7	58.2
GC1003827_F08_NODE_7052_length_1326_cov_6.830692	1	1326	581	1326	100	60.2549	35.7	58.4
GC1003827_F08_NODE_7053_length_1326_cov_6.152627	1	1326	570	1326	100	57.0875	35.3	56.8
GC1003827_F08_NODE_7054_length_1326_cov_5.584654	1	1326	512	1326	100	49.6395	35.6	56.9
GC1003827_F08_NODE_7055_length_1326_cov_5.434529	1	1326	396	1324	99.8492	41.8439	35.6	58.8
GC1003827_F08_NODE_7056_length_1326_cov_2.174312	1	1326	169	1326	100	17.2594	35.7	55.7
GC1003827_F08_NODE_7057_length_1326_cov_2.009174	1	1326	144	1326	100	15.4796	35.8	59.5
GC1003827_F08_NODE_7058_length_1325_cov_13.181135	1	1325	1128	1325	100	117.568	35.9	58.4
GC1003827_F08_NODE_7059_length_1325_cov_7.054257	1	1325	634	1325	100	61.5615	35.4	56.7
GC1003827_F08_NODE_7060_length_1325_cov_6.987479	1	1325	482	1325	100	52.1125	35.2	59.5
GC1003827_F08_NODE_7061_length_1325_cov_5.909850	1	1325	499	1325	100	52.7992	35.5	59.6
GC1003827_F08_NODE_7062_length_1325_cov_5.000000	1	1325	345	1325	100	35.8166	35.4	57.6
GC1003827_F08_NODE_7063_length_1325_cov_3.561770	1	1325	238	1325	100	24.7683	35.9	57.2
GC1003827_F08_NODE_7064_length_1325_cov_2.259599	1	1325	154	1325	100	16.2075	35.9	59
GC1003827_F08_NODE_7065_length_1325_cov_2.016694	1	1325	148	1325	100	14.6777	35.7	53.4
GC1003827_F08_NODE_7066_length_1325_cov_1.927379	1	1325	144	1325	100	14.7321	35.6	57.2
GC1003827_F08_NODE_7067_length_1325_cov_1.493322	1	1325	159	1325	100	15.4868	35.4	57.4
GC1003827_F08_NODE_7068_length_1325_cov_1.267112	1	1325	127	1324	99.9245	12.5796	35.4	56.6
GC1003827_F08_NODE_7069_length_1324_cov_6.005013	1	1324	394	1324	100	43.2711	35.7	59.4
GC1003827_F08_NODE_7070_length_1324_cov_2.819549	1	1324	260	1324	100	23.6261	35.7	50.3
GC1003827_F08_NODE_7071_length_1324_cov_2.237260	1	1324	159	1324	100	17.2002	35.9	59.7
GC1003827_F08_NODE_7072_length_1324_cov_1.859649	1	1324	169	1324	100	16.5944	34.7	55.4
GC1003827_F08_NODE_7073_length_1324_cov_1.851295	1	1324	150	1324	100	14.5468	35.3	56.8
GC1003827_F08_NODE_7074_length_1324_cov_1.779449	1	1324	128	1324	100	13.4003	36.2	59.2
GC1003827_F08_NODE_7075_length_1324_cov_1.752715	1	1324	144	1324	100	14.0612	35.5	52.5
GC1003827_F08_NODE_7076_length_1324_cov_1.643275	1	1324	118	1324	100	12.54	35.8	58.8
GC1003827_F08_NODE_7077_length_1324_cov_1.610693	1	1324	106	1324	100	11.5906	35.3	59.7
GC1003827_F08_NODE_7078_length_1324_cov_1.282373	1	1324	105	1321	99.7734	10.648	36	58.2
GC1003827_F08_NODE_7079_length_1323_cov_16.320234	1	1323	1440	1323	100	143.178	35.7	57.1
GC1003827_F08_NODE_7080_length_1323_cov_10.443980	1	1323	684	1315	99.3953	73.1277	35.7	59.1
GC1003827_F08_NODE_7081_length_1323_cov_10.286789	1	1323	1620	1323	100	125.145	35.1	30.8
GC1003827_F08_NODE_7082_length_1323_cov_9.535953	1	1323	780	1323	100	76.8949	35.6	55
GC1003827_F08_NODE_7083_length_1323_cov_9.347826	1	1323	1256	1322	99.9244	113.571	35	50.8
GC1003827_F08_NODE_7084_length_1323_cov_6.790970	1	1323	691	1323	100	56.6553	35.5	40.1
GC1003827_F08_NODE_7085_length_1323_cov_6.078595	1	1323	655	1323	100	55.7687	35.5	44.2
GC1003827_F08_NODE_7086_length_1323_cov_4.969064	1	1323	1039	1323	100	76.3386	34.5	27.9
GC1003827_F08_NODE_7087_length_1323_cov_4.896321	1	1323	334	1321	99.8488	34.7853	35.6	58
GC1003827_F08_NODE_7088_length_1323_cov_3.206522	1	1323	427	1313	99.2441	34.9055	35.4	51.7
GC1003827_F08_NODE_7089_length_1323_cov_3.015050	1	1323	180	1323	100	20.2215	35.9	59.9
GC1003827_F08_NODE_7090_length_1323_cov_2.146321	1	1323	176	1323	100	17.9675	35.6	59.4
GC1003827_F08_NODE_7091_length_1322_cov_8.656904	1	1322	652	1322	100	66.9017	35.6	57.8
GC1003827_F08_NODE_7092_length_1322_cov_6.789958	1	1322	445	1322	100	47.9955	35.2	58.6
GC1003827_F08_NODE_7093_length_1322_cov_5.563180	1	1322	402	1322	100	41.0749	35.7	55.3
GC1003827_F08_NODE_7094_length_1322_cov_4.571548	1	1322	427	1322	100	41.1755	35.5	56.8
GC1003827_F08_NODE_7095_length_1322_cov_3.220921	1	1322	256	1322	100	26.857	35.6	58.8
GC1003827_F08_NODE_7096_length_1322_cov_2.262762	1	1322	274	1322	100	24.4576	35.9	56.1
GC1003827_F08_NODE_7097_length_1322_cov_1.717155	1	1322	150	1322	100	13.6188	35.5	46.1
GC1003827_F08_NODE_7098_length_1322_cov_1.688703	1	1322	187	1322	100	14.5643	35.3	38.2
GC1003827_F08_NODE_7099_length_1321_cov_11.091290	1	1321	803	1321	100	83.7986	35.5	58.3
GC1003827_F08_NODE_7100_length_1321_cov_8.595477	1	1321	641	1321	100	66.8849	35.7	58.3
GC1003827_F08_NODE_7101_length_1321_cov_6.769682	1	1321	552	1321	100	57.0886	35.6	58.8
GC1003827_F08_NODE_7102_length_1321_cov_5.987437	1	1321	1150	1308	99.0159	96.3005	34.5	48.7
GC1003827_F08_NODE_7103_length_1321_cov_5.661642	1	1321	393	1321	100	39.813	35.5	53.7
GC1003827_F08_NODE_7104_length_1321_cov_4.967337	1	1321	467	1321	100	45.7131	34.6	55
GC1003827_F08_NODE_7105_length_1321_cov_3.227806	1	1321	342	1321	100	31.6707	35.4	52.8
GC1003827_F08_NODE_7106_length_1321_cov_3.190955	1	1321	366	1321	100	33.2687	35.5	53.2
GC1003827_F08_NODE_7107_length_1321_cov_2.896985	1	1321	210	1321	100	22.2566	35.7	58.8
GC1003827_F08_NODE_7108_length_1321_cov_2.214405	1	1321	157	1321	100	16.7729	35.5	58.7
GC1003827_F08_NODE_7109_length_1320_cov_19.197821	1	1320	1357	1320	100	142.562	35.8	58.4
GC1003827_F08_NODE_7110_length_1320_cov_12.652976	1	1320	1166	1320	100	113.655	35.4	56.3
GC1003827_F08_NODE_7111_length_1320_cov_11.449288	1	1320	991	1320	100	96.0765	34.6	52
GC1003827_F08_NODE_7112_length_1320_cov_8.298407	1	1320	541	1320	100	58.8053	35.7	59.2
GC1003827_F08_NODE_7113_length_1320_cov_5.286672	1	1320	447	1320	100	41.6341	35.3	51.3
GC1003827_F08_NODE_7114_length_1320_cov_4.427494	1	1320	267	1320	100	29.3545	35.8	58.8
GC1003827_F08_NODE_7115_length_1320_cov_4.401509	1	1320	340	1270	96.2121	35.3742	35.7	58.4
GC1003827_F08_NODE_7116_length_1320_cov_3.451802	1	1320	282	1320	100	28.0508	35.8	56.3
GC1003827_F08_NODE_7117_length_1320_cov_3.366303	1	1320	240	1320	100	23.8583	35.5	53.8
GC1003827_F08_NODE_7118_length_1320_cov_3.108969	1	1320	197	1319	99.9242	21.5311	35.9	59.1
GC1003827_F08_NODE_7119_length_1320_cov_1.483655	1	1320	95	1320	100	10.4977	35.4	60
GC1003827_F08_NODE_7120_length_1319_cov_8.950503	1	1319	615	1319	100	65.2191	35.6	57.9
GC1003827_F08_NODE_7121_length_1319_cov_8.819631	1	1319	626	1319	100	66.4738	36	58.6
GC1003827_F08_NODE_7122_length_1319_cov_8.394295	1	1319	650	1319	100	66.9674	35.7	56.8
GC1003827_F08_NODE_7123_length_1319_cov_7.245805	1	1319	502	1319	100	52.8362	35.7	58.5
GC1003827_F08_NODE_7124_length_1319_cov_6.557047	1	1319	594	1319	100	56.6422	35.5	54.2
GC1003827_F08_NODE_7125_length_1319_cov_5.835570	1	1319	393	1319	100	42.1221	35.7	58.6
GC1003827_F08_NODE_7126_length_1319_cov_4.552852	1	1319	394	1319	100	38.2707	35.1	55.1
GC1003827_F08_NODE_7127_length_1319_cov_2.723154	1	1319	193	1319	100	20.4503	35.6	58.6
GC1003827_F08_NODE_7128_length_1319_cov_2.660235	1	1319	163	1319	100	17.8461	35.6	59.5
GC1003827_F08_NODE_7129_length_1319_cov_1.967282	1	1319	326	1319	100	30.5921	35.5	57.4
GC1003827_F08_NODE_7130_length_1319_cov_1.890101	1	1319	273	1319	100	23.4162	35.1	49.6
GC1003827_F08_NODE_7131_length_1318_cov_20.616289	1	1318	1635	1318	100	169.017	35.4	57.9
GC1003827_F08_NODE_7132_length_1318_cov_19.931990	1	1318	1638	1318	100	159.306	35.7	54.2
GC1003827_F08_NODE_7133_length_1318_cov_7.683459	1	1318	600	1318	100	62.6457	35.7	59.2
GC1003827_F08_NODE_7134_length_1318_cov_3.015953	1	1318	236	1318	100	24.4863	35.6	58.2
GC1003827_F08_NODE_7135_length_1318_cov_2.618808	1	1318	169	1318	100	18.0857	35.8	58.8
GC1003827_F08_NODE_7136_length_1318_cov_2.162049	1	1318	132	1318	100	14.6631	35.8	59.8
GC1003827_F08_NODE_7137_length_1318_cov_1.528128	1	1318	99	1318	100	10.3134	35.8	59.5
GC1003827_F08_NODE_7138_length_1317_cov_31.798319	1	1317	2861	1295	98.3295	287.164	35.8	56.5
GC1003827_F08_NODE_7139_length_1317_cov_6.153782	1	1317	550	1317	100	52.492	35.8	51.9
GC1003827_F08_NODE_7140_length_1317_cov_4.863025	1	1317	505	1317	100	48.3273	35.3	55.8
GC1003827_F08_NODE_7141_length_1317_cov_2.659664	1	1317	259	1317	100	23.1746	35.5	53.9
GC1003827_F08_NODE_7142_length_1317_cov_1.207563	1	1317	76	1317	100	8.20501	35.7	59.2
GC1003827_F08_NODE_7143_length_1316_cov_13.692178	1	1316	1088	1316	100	113.174	35.6	58.2
GC1003827_F08_NODE_7144_length_1316_cov_10.970563	1	1316	1095	1316	100	102.687	35.7	54.1
GC1003827_F08_NODE_7145_length_1316_cov_10.203532	1	1316	872	1316	100	87.4726	35.3	56.3
GC1003827_F08_NODE_7146_length_1316_cov_6.680404	1	1316	447	1316	100	48.1938	35.6	58.4
GC1003827_F08_NODE_7147_length_1316_cov_4.494533	1	1316	351	1316	100	34.9673	36	57.3
GC1003827_F08_NODE_7148_length_1316_cov_4.253995	1	1316	598	1316	100	55.4255	35.2	44.6
GC1003827_F08_NODE_7149_length_1316_cov_2.439865	1	1316	149	1301	98.8602	16.5828	35.6	59.7
GC1003827_F08_NODE_7150_length_1316_cov_1.428932	1	1316	99	1316	100	10.6915	35.5	59.6
GC1003827_F08_NODE_7151_length_1315_cov_6.809764	1	1315	482	1315	100	50.0106	35.6	57.5
GC1003827_F08_NODE_7152_length_1315_cov_6.230640	1	1315	357	1299	98.7833	35.5787	34.7	34
GC1003827_F08_NODE_7153_length_1315_cov_4.274411	1	1315	503	1315	100	47.5856	35.1	56.8
GC1003827_F08_NODE_7154_length_1315_cov_3.187710	1	1315	629	1315	100	46.3399	34.6	43.9
GC1003827_F08_NODE_7155_length_1315_cov_2.763468	1	1315	388	1315	100	33.0122	34.8	53.2
GC1003827_F08_NODE_7156_length_1315_cov_2.327441	1	1315	161	1315	100	17.3909	35.4	58.4
GC1003827_F08_NODE_7157_length_1315_cov_2.067340	1	1315	117	1315	100	13.311	35.8	60
GC1003827_F08_NODE_7158_length_1315_cov_1.869529	1	1315	166	1315	100	16.638	35.7	55.9
GC1003827_F08_NODE_7159_length_1315_cov_1.589226	1	1315	130	1315	100	13.4646	35.7	56.9
GC1003827_F08_NODE_7160_length_1315_cov_0.951178	1	1315	100	1313	99.8479	9.76806	35.6	58
GC1003827_F08_NODE_7161_length_1315_cov_0.695286	1	1315	54	1315	100	5.63346	34.9	57
GC1003827_F08_NODE_7162_length_1314_cov_12.678180	1	1314	1097	1314	100	109.475	35.3	56
GC1003827_F08_NODE_7163_length_1314_cov_7.491154	1	1314	529	1313	99.9239	56.1256	35.7	59.2
GC1003827_F08_NODE_7164_length_1314_cov_3.359730	1	1314	1467	1314	100	87.64	34.2	15.2
GC1003827_F08_NODE_7165_length_1314_cov_2.935131	1	1314	182	1314	100	20.503	35.6	60
GC1003827_F08_NODE_7166_length_1314_cov_2.754002	1	1314	365	1314	100	29.8128	35.1	46.8
GC1003827_F08_NODE_7167_length_1314_cov_1.778433	1	1314	397	1314	100	26.1598	35	42.4
GC1003827_F08_NODE_7168_length_1314_cov_1.249368	1	1314	82	1314	100	8.53501	35.7	57.6
GC1003827_F08_NODE_7169_length_1313_cov_13.099494	1	1313	813	1313	100	88.7944	35.5	59.4
GC1003827_F08_NODE_7170_length_1313_cov_11.673693	1	1313	946	1313	100	95.9337	35.6	56.6
GC1003827_F08_NODE_7171_length_1313_cov_9.086847	1	1313	785	1313	100	81.4699	35.5	58.3
GC1003827_F08_NODE_7172_length_1313_cov_8.544688	1	1313	640	1313	100	67.6885	35.9	56.2
GC1003827_F08_NODE_7173_length_1313_cov_6.599494	1	1313	493	1313	100	51.5704	35.8	58.3
GC1003827_F08_NODE_7174_length_1313_cov_5.948567	1	1313	458	1313	100	46.6177	35.8	56.9
GC1003827_F08_NODE_7175_length_1313_cov_3.204047	1	1313	230	1313	100	23.3085	35.8	55.5
GC1003827_F08_NODE_7176_length_1313_cov_3.174536	1	1313	210	1312	99.9238	22.4379	35.4	59.3
GC1003827_F08_NODE_7177_length_1313_cov_2.786678	1	1313	251	1313	100	23.2605	35.6	51.3
GC1003827_F08_NODE_7178_length_1313_cov_2.785835	1	1313	3799	1313	100	315.504	33.7	14.8
GC1003827_F08_NODE_7179_length_1313_cov_1.166105	1	1313	89	1312	99.9238	9.53694	35.4	60
GC1003827_F08_NODE_7180_length_1313_cov_0.981450	1	1313	56	1313	100	6.12034	36	57.9
GC1003827_F08_NODE_7181_length_1312_cov_21.140928	1	1312	2380	1312	100	232.093	34.9	55.9
GC1003827_F08_NODE_7182_length_1312_cov_11.588186	1	1312	1314	1312	100	122.427	35	54.6
GC1003827_F08_NODE_7183_length_1312_cov_9.463291	1	1312	639	1312	100	69.1776	35.2	59.5
GC1003827_F08_NODE_7184_length_1312_cov_9.351899	1	1312	615	1312	100	67.1608	35.8	59.3
GC1003827_F08_NODE_7185_length_1312_cov_6.873418	1	1312	539	1312	100	53.7752	35.6	54.8
GC1003827_F08_NODE_7186_length_1312_cov_6.417722	1	1312	470	1312	100	48.154	36	57.5
GC1003827_F08_NODE_7187_length_1312_cov_6.045570	1	1312	402	1312	100	43.7934	35.6	59.5
GC1003827_F08_NODE_7188_length_1312_cov_5.253165	1	1312	319	1312	100	35.4916	35.6	59.9
GC1003827_F08_NODE_7189_length_1312_cov_5.018565	1	1312	460	1312	100	46.2637	35.4	58.5
GC1003827_F08_NODE_7190_length_1312_cov_4.644726	1	1312	482	1312	100	49.7607	35.3	48.9
GC1003827_F08_NODE_7191_length_1312_cov_4.437975	1	1312	1127	1312	100	72.3186	34.6	21.4
GC1003827_F08_NODE_7192_length_1312_cov_3.260759	1	1312	267	1312	100	28.0777	35.5	58.4
GC1003827_F08_NODE_7193_length_1312_cov_2.933333	1	1312	529	1312	100	38.1784	35.3	34.1
GC1003827_F08_NODE_7194_length_1312_cov_2.551055	1	1312	195	1312	100	19.1776	35.1	56
GC1003827_F08_NODE_7195_length_1312_cov_2.352743	1	1312	150	1312	100	16.3933	35.4	59.2
GC1003827_F08_NODE_7196_length_1312_cov_2.149367	1	1312	156	1312	100	16.2896	35.7	57.8
GC1003827_F08_NODE_7197_length_1311_cov_12.163851	1	1311	848	1311	100	86.3318	35.4	53.5
GC1003827_F08_NODE_7198_length_1311_cov_9.214527	1	1311	1307	1311	100	120.26	35	54.3
GC1003827_F08_NODE_7199_length_1311_cov_3.719595	1	1311	334	1311	100	35.7239	35.8	58.2
GC1003827_F08_NODE_7200_length_1311_cov_2.728885	1	1311	299	1311	100	28.029	35.5	55.3
GC1003827_F08_NODE_7201_length_1311_cov_1.045608	1	1311	90	1311	100	8.61175	36	53.1
GC1003827_F08_NODE_7202_length_1310_cov_8.950972	1	1310	624	1310	100	65.9595	35.7	58.6
GC1003827_F08_NODE_7203_length_1310_cov_8.333052	1	1310	719	1310	100	75.4069	35.8	58.5
GC1003827_F08_NODE_7204_length_1310_cov_7.442942	1	1310	454	1308	99.8473	50.1893	35.6	58.9
GC1003827_F08_NODE_7205_length_1310_cov_6.704142	1	1310	481	1310	100	50.1679	35.4	58
GC1003827_F08_NODE_7206_length_1310_cov_3.939983	1	1310	310	1310	100	30.858	35.5	54.3
GC1003827_F08_NODE_7207_length_1310_cov_3.699070	1	1310	258	1309	99.9237	27.2893	35.7	57.9
GC1003827_F08_NODE_7208_length_1310_cov_3.034658	1	1310	465	1310	100	33.0794	35.1	34.3
GC1003827_F08_NODE_7209_length_1310_cov_0.923077	1	1310	74	1310	100	7.09313	35.6	57.4
GC1003827_F08_NODE_7210_length_1310_cov_0.797971	1	1310	53	1310	100	5.93511	36.1	60
GC1003827_F08_NODE_7211_length_1309_cov_13.321489	1	1309	1104	1307	99.8472	116.201	35.6	58.2
GC1003827_F08_NODE_7212_length_1309_cov_12.923858	1	1309	956	1309	100	97.3209	35.9	56.1
GC1003827_F08_NODE_7213_length_1309_cov_9.716582	1	1309	799	1309	100	81.9305	35.6	56.9
GC1003827_F08_NODE_7214_length_1309_cov_9.145516	1	1309	661	1309	100	70.4072	35.8	59
GC1003827_F08_NODE_7215_length_1309_cov_5.530457	1	1309	556	1309	100	53.9519	35.7	56.1
GC1003827_F08_NODE_7216_length_1309_cov_3.734349	1	1309	275	1309	100	28.4813	35.6	56
GC1003827_F08_NODE_7217_length_1309_cov_3.182741	1	1309	321	1300	99.3125	29.7662	35.3	55.4
GC1003827_F08_NODE_7218_length_1309_cov_3.076142	1	1309	517	1309	100	48.7487	34.3	52.2
GC1003827_F08_NODE_7219_length_1309_cov_2.742809	1	1309	314	1309	100	24.4232	35.5	43.8
GC1003827_F08_NODE_7220_length_1309_cov_2.305415	1	1309	192	1308	99.9236	18.3568	35.3	57.6
GC1003827_F08_NODE_7221_length_1308_cov_17.650296	1	1308	1382	1308	100	144.183	35.5	58.3
GC1003827_F08_NODE_7222_length_1308_cov_7.484335	1	1308	539	1308	100	58.0795	35.5	59.2
GC1003827_F08_NODE_7223_length_1308_cov_6.679932	1	1308	605	1308	100	60.9534	35.4	56.1
GC1003827_F08_NODE_7224_length_1308_cov_6.263336	1	1308	559	1303	99.6177	54.6797	35.8	57.2
GC1003827_F08_NODE_7225_length_1308_cov_5.563082	1	1308	416	1308	100	42.5925	35.3	56.7
GC1003827_F08_NODE_7226_length_1308_cov_3.063506	1	1308	355	1298	99.2355	30.4549	35.2	50
GC1003827_F08_NODE_7227_length_1308_cov_1.886537	1	1308	153	1308	100	14.552	35.3	47.6
GC1003827_F08_NODE_7228_length_1308_cov_0.968671	1	1308	61	1308	100	6.52752	35.3	59.1
GC1003827_F08_NODE_7229_length_1307_cov_16.489831	1	1307	1287	1307	100	133.487	35.7	58.5
GC1003827_F08_NODE_7230_length_1307_cov_14.649153	1	1307	1098	1307	100	113.366	35.4	56.4
GC1003827_F08_NODE_7231_length_1307_cov_7.887288	1	1307	715	1307	100	71.4009	35.7	52
GC1003827_F08_NODE_7232_length_1307_cov_7.368644	1	1307	492	1307	100	52.1377	35.7	57.7
GC1003827_F08_NODE_7233_length_1307_cov_6.728814	1	1307	587	1307	100	54.2295	35	48.4
GC1003827_F08_NODE_7234_length_1307_cov_5.500000	1	1307	385	1307	100	40.4024	35.2	58.2
GC1003827_F08_NODE_7235_length_1307_cov_5.164407	1	1307	1225	1307	100	79.2678	35.1	29.8
GC1003827_F08_NODE_7236_length_1307_cov_4.314407	1	1307	348	1307	100	35.2686	35.3	55.4
GC1003827_F08_NODE_7237_length_1307_cov_3.957627	1	1307	862	1307	100	60.1232	34.7	52.4
GC1003827_F08_NODE_7238_length_1307_cov_2.930508	1	1307	207	1307	100	21.8164	35.2	57.6
GC1003827_F08_NODE_7239_length_1307_cov_1.861017	1	1307	182	1306	99.9235	16.2395	35.1	50.7
GC1003827_F08_NODE_7240_length_1306_cov_11.351145	1	1306	824	1306	100	84.3032	35.7	55.2
GC1003827_F08_NODE_7241_length_1306_cov_11.061069	1	1306	896	1297	99.3109	92.7259	35.3	58
GC1003827_F08_NODE_7242_length_1306_cov_10.346904	1	1306	794	1306	100	83.9173	35.6	58.9
GC1003827_F08_NODE_7243_length_1306_cov_8.064461	1	1306	706	1305	99.9234	64.2933	35.9	46.9
GC1003827_F08_NODE_7244_length_1306_cov_7.162002	1	1306	637	1306	100	65.5314	35.8	58.2
GC1003827_F08_NODE_7245_length_1306_cov_4.703986	1	1306	286	1306	100	31.8683	35.5	60
GC1003827_F08_NODE_7246_length_1306_cov_3.592027	1	1306	325	1306	100	32.9671	35.2	56.7
GC1003827_F08_NODE_7247_length_1306_cov_2.319763	1	1306	188	1305	99.9234	18.6884	35.6	55.5
GC1003827_F08_NODE_7248_length_1306_cov_2.300254	1	1306	182	1306	100	18.4525	35.2	58.5
GC1003827_F08_NODE_7249_length_1305_cov_9.369270	1	1305	778	1305	100	80.2307	35.4	58.3
GC1003827_F08_NODE_7250_length_1305_cov_6.005942	1	1305	594	1305	100	55.069	35.6	50.6
GC1003827_F08_NODE_7251_length_1305_cov_4.738540	1	1305	345	1305	100	37.2835	35.7	58.8
GC1003827_F08_NODE_7252_length_1305_cov_3.775891	1	1305	286	1305	100	30.8421	35.5	59.4
GC1003827_F08_NODE_7253_length_1305_cov_3.766553	1	1305	366	1305	100	39.0452	35.1	57.6
GC1003827_F08_NODE_7254_length_1305_cov_3.752971	1	1305	307	1305	100	31.6299	35.3	54
GC1003827_F08_NODE_7255_length_1305_cov_3.702037	1	1305	433	1296	99.3103	36.0667	35.2	46.4
GC1003827_F08_NODE_7256_length_1305_cov_3.072156	1	1305	930	1305	100	44.7916	30.7	15.2
GC1003827_F08_NODE_7257_length_1305_cov_2.685059	1	1305	237	1305	100	23.8651	35.7	57.1
GC1003827_F08_NODE_7258_length_1305_cov_1.526316	1	1305	135	1305	100	12.0851	36.1	51.3
GC1003827_F08_NODE_7259_length_1304_cov_10.903144	1	1304	837	1304	100	87.2577	35.6	58.9
GC1003827_F08_NODE_7260_length_1304_cov_10.012744	1	1304	851	1304	100	88.0445	35.5	58
GC1003827_F08_NODE_7261_length_1304_cov_6.702634	1	1304	445	1304	100	48.2109	35.2	58.9
GC1003827_F08_NODE_7262_length_1304_cov_5.513169	1	1304	412	1304	100	43.4095	34.9	56
GC1003827_F08_NODE_7263_length_1304_cov_5.369584	1	1304	368	1304	100	39.191	35.6	57.5
GC1003827_F08_NODE_7264_length_1304_cov_4.613424	1	1304	391	1304	100	38.4962	35.4	54.3
GC1003827_F08_NODE_7265_length_1304_cov_4.268479	1	1304	286	1304	100	30.7515	35.6	58.2
GC1003827_F08_NODE_7266_length_1304_cov_3.977910	1	1304	284	1304	100	31.2362	35.6	59.3
GC1003827_F08_NODE_7267_length_1304_cov_3.638912	1	1304	370	1304	100	30.3229	34.8	37.1
GC1003827_F08_NODE_7268_length_1304_cov_2.625319	1	1304	215	1304	100	21.5337	35.6	56.6
GC1003827_F08_NODE_7269_length_1304_cov_1.875956	1	1304	209	1304	100	21.7538	34.7	55.8
GC1003827_F08_NODE_7270_length_1303_cov_21.783163	1	1303	1581	1303	100	165.843	35.8	57.9
GC1003827_F08_NODE_7271_length_1303_cov_11.077381	1	1303	807	1303	100	84.8158	35.4	57.6
GC1003827_F08_NODE_7272_length_1303_cov_10.980442	1	1303	756	1300	99.7698	83.1489	35.4	58.6
GC1003827_F08_NODE_7273_length_1303_cov_8.188776	1	1303	508	1303	100	56.6608	35.5	59
GC1003827_F08_NODE_7274_length_1303_cov_7.648810	1	1303	679	1303	100	68.3484	35.5	57.6
GC1003827_F08_NODE_7275_length_1303_cov_6.944728	1	1303	530	1303	100	55.9163	35.5	58.3
GC1003827_F08_NODE_7276_length_1303_cov_6.550170	1	1303	567	1303	100	56.8312	35.5	57
GC1003827_F08_NODE_7277_length_1303_cov_3.659014	1	1303	363	1303	100	33.7521	35.4	52.2
GC1003827_F08_NODE_7278_length_1303_cov_2.650510	1	1303	164	1303	100	17.8849	35.7	59.1
GC1003827_F08_NODE_7279_length_1303_cov_2.380952	1	1303	153	1301	99.8465	17.013	35.1	59.5
GC1003827_F08_NODE_7280_length_1303_cov_1.786565	1	1303	129	1300	99.7698	13.4797	35.9	56.8
GC1003827_F08_NODE_7281_length_1302_cov_17.400851	1	1302	1237	1302	100	132.49	35.8	58.4
GC1003827_F08_NODE_7282_length_1302_cov_8.333617	1	1302	579	1302	100	63.308	35.8	59.1
GC1003827_F08_NODE_7283_length_1302_cov_2.000851	1	1302	144	1302	100	16.1198	35.7	59.4
GC1003827_F08_NODE_7284_length_1301_cov_18.753833	1	1301	1574	1301	100	166.669	35.7	58.3
GC1003827_F08_NODE_7285_length_1301_cov_15.267462	1	1301	1198	1301	100	123.304	35.7	58
GC1003827_F08_NODE_7286_length_1301_cov_6.436116	1	1301	552	1301	100	54.3597	35.2	55.5
GC1003827_F08_NODE_7287_length_1301_cov_6.390971	1	1301	511	1301	100	53.6018	35.5	57.7
GC1003827_F08_NODE_7288_length_1301_cov_5.806644	1	1301	362	1301	100	40.927	35.9	59.7
GC1003827_F08_NODE_7289_length_1301_cov_4.540886	1	1301	323	1301	100	34.5588	35.5	58.6
GC1003827_F08_NODE_7290_length_1301_cov_3.092845	1	1301	207	1301	100	22.4566	36	59.2
GC1003827_F08_NODE_7291_length_1301_cov_3.079216	1	1301	289	1301	100	26.4512	35.4	52.2
GC1003827_F08_NODE_7292_length_1301_cov_3.025554	1	1301	191	1301	100	20.7025	35.6	59
GC1003827_F08_NODE_7293_length_1301_cov_2.896934	1	1301	212	1301	100	23.1545	35.8	59.4
GC1003827_F08_NODE_7294_length_1301_cov_2.797274	1	1301	288	1301	100	26.3628	35.5	53.7
GC1003827_F08_NODE_7295_length_1301_cov_2.655026	1	1301	192	1301	100	20.6695	35.7	58.8
GC1003827_F08_NODE_7296_length_1301_cov_2.327087	1	1301	176	1301	100	18.7886	36	59
GC1003827_F08_NODE_7297_length_1301_cov_2.298978	1	1301	157	1301	100	17.5811	35.6	59.2
GC1003827_F08_NODE_7298_length_1301_cov_2.267462	1	1301	158	1301	100	16.9078	35.5	56.6
GC1003827_F08_NODE_7299_length_1301_cov_1.786201	1	1301	153	1301	100	16.5027	35.5	58.2
GC1003827_F08_NODE_7300_length_1301_cov_1.580920	1	1301	478	1301	100	33.6226	35.6	31.6
GC1003827_F08_NODE_7301_length_1300_cov_9.934356	1	1300	1500	1300	100	131.695	35.7	57.8
GC1003827_F08_NODE_7302_length_1300_cov_4.614663	1	1300	293	1300	100	31.9554	35.4	59
GC1003827_F08_NODE_7303_length_1300_cov_3.518329	1	1300	300	1291	99.3077	29.0177	35.2	51.6
GC1003827_F08_NODE_7304_length_1300_cov_3.082694	1	1300	224	1300	100	21.7308	35.7	51.1
GC1003827_F08_NODE_7305_length_1300_cov_2.859335	1	1300	502	1299	99.9231	33.9862	35.2	34.7
GC1003827_F08_NODE_7306_length_1300_cov_2.832055	1	1300	785	1300	100	73.4685	34.8	38.2
GC1003827_F08_NODE_7307_length_1300_cov_1.054561	1	1300	65	1298	99.8462	7.40846	35.3	60
GC1003827_F08_NODE_7308_length_1300_cov_0.895141	1	1300	64	1300	100	7.05692	34.3	60
GC1003827_F08_NODE_7309_length_1299_cov_12.728669	1	1299	969	1299	100	100.623	35.6	56.2
GC1003827_F08_NODE_7310_length_1299_cov_12.143345	1	1299	973	1299	100	101.751	35.3	57.7
GC1003827_F08_NODE_7311_length_1299_cov_8.712457	1	1299	711	1299	100	74.7121	35.7	58.6
GC1003827_F08_NODE_7312_length_1299_cov_7.483788	1	1299	595	1299	100	58.5281	35.5	51.5
GC1003827_F08_NODE_7313_length_1299_cov_5.825085	1	1299	585	1299	100	48.7875	35.5	41.8
GC1003827_F08_NODE_7314_length_1299_cov_5.750853	1	1299	517	1298	99.923	52.9407	35.5	57.7
GC1003827_F08_NODE_7315_length_1299_cov_3.646758	1	1299	339	1299	100	32.8691	35.6	56.3
GC1003827_F08_NODE_7316_length_1299_cov_3.522184	1	1299	275	1299	100	28.6105	35.3	58.1
GC1003827_F08_NODE_7317_length_1299_cov_3.473549	1	1299	324	1299	100	33.9869	34.9	57.1
GC1003827_F08_NODE_7318_length_1299_cov_3.345563	1	1299	243	1299	100	25.7937	35.7	58.6
GC1003827_F08_NODE_7319_length_1299_cov_2.820819	1	1299	206	1299	100	22.8984	35.7	59.9
GC1003827_F08_NODE_7320_length_1299_cov_2.275597	1	1299	199	1299	100	20.3641	35.4	57.2
GC1003827_F08_NODE_7321_length_1299_cov_1.740614	1	1299	108	1299	100	11.7791	35.6	58.3
GC1003827_F08_NODE_7322_length_1299_cov_0.847270	1	1299	117	1299	100	9.54965	34.7	58.4
GC1003827_F08_NODE_7323_length_1298_cov_4.736123	1	1298	313	1298	100	34.1071	35.8	59
GC1003827_F08_NODE_7324_length_1298_cov_4.473100	1	1298	513	1298	100	46.4861	35.3	53.1
GC1003827_F08_NODE_7325_length_1298_cov_3.606319	1	1298	221	1298	100	24.6941	35.7	59.5
GC1003827_F08_NODE_7326_length_1298_cov_2.631939	1	1298	200	1298	100	20.9168	36	56.5
GC1003827_F08_NODE_7327_length_1298_cov_2.464560	1	1298	231	1298	100	22.9661	35.6	57.2
GC1003827_F08_NODE_7328_length_1298_cov_2.191289	1	1298	129	1298	100	14.2696	35.7	59
GC1003827_F08_NODE_7329_length_1297_cov_7.923077	1	1297	519	1297	100	56.2953	35.5	59
GC1003827_F08_NODE_7330_length_1297_cov_6.843590	1	1297	448	1294	99.7687	49.0023	35.6	58.7
GC1003827_F08_NODE_7331_length_1297_cov_5.818803	1	1297	441	1297	100	44.7263	35.3	56.5
GC1003827_F08_NODE_7332_length_1297_cov_4.856410	1	1297	355	1297	100	36.5281	35.8	55
GC1003827_F08_NODE_7333_length_1297_cov_4.527350	1	1297	456	1297	100	44.9776	35.4	55.6
GC1003827_F08_NODE_7334_length_1297_cov_4.319658	1	1297	278	1294	99.7687	30.4094	35.7	58.9
GC1003827_F08_NODE_7335_length_1297_cov_3.010256	1	1297	198	1296	99.9229	21.4241	35.6	58.8
GC1003827_F08_NODE_7336_length_1297_cov_2.914530	1	1297	296	1287	99.229	27.6901	35.3	51.2
GC1003827_F08_NODE_7337_length_1297_cov_1.837607	1	1297	113	1297	100	12.4418	35.9	59
GC1003827_F08_NODE_7338_length_1296_cov_9.716852	1	1296	946	1296	100	93.4375	35.4	56.4
GC1003827_F08_NODE_7339_length_1296_cov_8.647562	1	1296	701	1296	100	72.8534	35.8	57.9
GC1003827_F08_NODE_7340_length_1296_cov_7.814371	1	1296	872	1296	100	87.1752	34.2	55.9
GC1003827_F08_NODE_7341_length_1296_cov_7.710864	1	1296	553	1296	100	58.4769	36	57.7
GC1003827_F08_NODE_7342_length_1296_cov_7.093242	1	1296	550	1296	100	55.4198	35.3	54.2
GC1003827_F08_NODE_7343_length_1296_cov_6.532079	1	1296	834	1296	100	76.8542	34.6	51.5
GC1003827_F08_NODE_7344_length_1296_cov_4.816938	1	1296	636	1296	100	55.017	34.8	46.4
GC1003827_F08_NODE_7345_length_1296_cov_3.348161	1	1296	390	1296	100	31.598	35.1	41.6
GC1003827_F08_NODE_7346_length_1296_cov_2.046193	1	1296	160	1286	99.2284	17.0571	35.7	59.4
GC1003827_F08_NODE_7347_length_1295_cov_7.417808	1	1295	538	1295	100	55.2595	35.6	58.6
GC1003827_F08_NODE_7348_length_1295_cov_6.708904	1	1295	512	1295	100	53.5305	35.6	57
GC1003827_F08_NODE_7349_length_1295_cov_5.530822	1	1295	368	1295	100	40.2355	35.5	59.1
GC1003827_F08_NODE_7350_length_1295_cov_4.996575	1	1295	514	1295	100	48.1645	35.3	51.4
GC1003827_F08_NODE_7351_length_1295_cov_3.940925	1	1295	353	1295	100	36.5668	35.3	57.9
GC1003827_F08_NODE_7352_length_1295_cov_1.764555	1	1295	104	1295	100	11.8062	35.4	59.8
GC1003827_F08_NODE_7353_length_1294_cov_31.914310	1	1294	2404	1294	100	256.153	35.6	58.4
GC1003827_F08_NODE_7354_length_1294_cov_11.994002	1	1294	869	1294	100	94.6314	35.7	59
GC1003827_F08_NODE_7355_length_1294_cov_10.125107	1	1294	764	1294	100	79.4104	35.7	56.5
GC1003827_F08_NODE_7356_length_1294_cov_8.525278	1	1294	828	1294	100	82.1043	35.4	55.2
GC1003827_F08_NODE_7357_length_1294_cov_6.234790	1	1294	578	1293	99.9227	60.5046	35.4	58.9
GC1003827_F08_NODE_7358_length_1294_cov_5.161097	1	1294	614	1294	100	54.5881	34.8	49.5
GC1003827_F08_NODE_7359_length_1294_cov_3.473008	1	1294	317	1294	100	31.5031	35.1	53.1
GC1003827_F08_NODE_7360_length_1294_cov_2.529563	1	1294	199	1294	100	20.728	35.7	55.9
GC1003827_F08_NODE_7361_length_1293_cov_9.810463	1	1293	1186	1293	100	104.853	35.4	46.3
GC1003827_F08_NODE_7362_length_1293_cov_7.319039	1	1293	526	1293	100	56.8252	35.7	58.3
GC1003827_F08_NODE_7363_length_1293_cov_6.857633	1	1293	503	1293	100	54.5831	35.7	58.8
GC1003827_F08_NODE_7364_length_1293_cov_6.307890	1	1293	431	1293	100	45.2096	35.6	53.8
GC1003827_F08_NODE_7365_length_1293_cov_5.620926	1	1293	590	1291	99.8453	59.6636	35.5	58
GC1003827_F08_NODE_7366_length_1293_cov_5.326758	1	1293	490	1293	100	51.2854	35.2	55.5
GC1003827_F08_NODE_7367_length_1293_cov_4.023156	1	1293	591	1293	100	43.4671	35	29.3
GC1003827_F08_NODE_7368_length_1293_cov_3.781304	1	1293	265	1293	100	28.6373	35.3	58
GC1003827_F08_NODE_7369_length_1293_cov_3.623499	1	1293	320	1293	100	31.737	35.2	51.8
GC1003827_F08_NODE_7370_length_1293_cov_3.207547	1	1293	250	1291	99.8453	26.7077	35.9	59
GC1003827_F08_NODE_7371_length_1293_cov_2.475986	1	1293	198	1293	100	20.0742	35.7	53.7
GC1003827_F08_NODE_7372_length_1293_cov_2.075472	1	1293	199	1293	100	16.925	35.8	44.9
GC1003827_F08_NODE_7373_length_1293_cov_1.157804	1	1293	224	1293	100	14.7541	34.5	26.9
GC1003827_F08_NODE_7374_length_1293_cov_0.960549	1	1293	404	1293	100	24.1833	35.6	29.2
GC1003827_F08_NODE_7375_length_1292_cov_12.419742	1	1292	958	1292	100	99.2941	35.4	56.8
GC1003827_F08_NODE_7376_length_1292_cov_8.497854	1	1292	718	1292	100	73.5619	35.7	57.2
GC1003827_F08_NODE_7377_length_1292_cov_7.993991	1	1292	538	1292	100	58.6308	35.5	59
GC1003827_F08_NODE_7378_length_1292_cov_7.305579	1	1292	623	1292	100	62.3235	35.4	56.5
GC1003827_F08_NODE_7379_length_1292_cov_4.104721	1	1292	250	1292	100	27.7856	35.8	58.9
GC1003827_F08_NODE_7380_length_1292_cov_2.976824	1	1292	201	1292	100	22.0851	35.4	59.8
GC1003827_F08_NODE_7381_length_1292_cov_2.142489	1	1292	131	1292	100	14.8862	35.4	59.6
GC1003827_F08_NODE_7382_length_1292_cov_1.845494	1	1292	132	1292	100	13.4985	35.7	54.9
GC1003827_F08_NODE_7383_length_1292_cov_0.636910	1	1292	58	1292	100	6.30882	35.1	58.9
GC1003827_F08_NODE_7384_length_1291_cov_10.155498	1	1291	715	1291	100	77.8017	35.6	54.5
GC1003827_F08_NODE_7385_length_1291_cov_6.651203	1	1291	853	1291	100	77.2014	35	41.4
GC1003827_F08_NODE_7386_length_1291_cov_5.362543	1	1291	382	1291	100	41.1797	35.4	58.5
GC1003827_F08_NODE_7387_length_1291_cov_4.233677	1	1291	375	1291	100	36.8164	35.6	52.4
GC1003827_F08_NODE_7388_length_1291_cov_3.810137	1	1291	280	1291	100	28.8916	35.6	55.5
GC1003827_F08_NODE_7389_length_1291_cov_1.563574	1	1291	118	1291	100	12.7444	36	59.4
GC1003827_F08_NODE_7390_length_1291_cov_1.371993	1	1291	110	1289	99.8451	12.1619	35.4	59.3
GC1003827_F08_NODE_7391_length_1291_cov_1.112543	1	1291	81	1291	100	8.12239	35.1	53.4
GC1003827_F08_NODE_7392_length_1290_cov_14.288908	1	1290	1005	1290	100	110.119	35.7	59.1
GC1003827_F08_NODE_7393_length_1290_cov_9.596733	1	1290	818	1290	100	85.4496	35.5	57.8
GC1003827_F08_NODE_7394_length_1290_cov_9.266552	1	1290	620	1290	100	68.3442	35.6	58.9
GC1003827_F08_NODE_7395_length_1290_cov_4.268272	1	1290	4540	1290	100	325.445	33.9	15.7
GC1003827_F08_NODE_7396_length_1290_cov_3.739467	1	1290	258	1290	100	26.4023	35.7	54.6
GC1003827_F08_NODE_7397_length_1290_cov_2.483233	1	1290	252	1290	100	21.5054	35.2	45.4
GC1003827_F08_NODE_7398_length_1290_cov_1.184867	1	1290	118	1290	100	10.4395	35.7	51.7
GC1003827_F08_NODE_7399_length_1290_cov_0.929493	1	1290	250	1290	100	12.3775	35.1	33.9
GC1003827_F08_NODE_7400_length_1289_cov_7.340792	1	1289	745	1289	100	79.3049	35.3	51.1
GC1003827_F08_NODE_7401_length_1289_cov_7.000000	1	1289	581	1289	100	58.2444	35.8	56.2
GC1003827_F08_NODE_7402_length_1289_cov_6.956971	1	1289	549	1289	100	57.7331	35.5	58.6
GC1003827_F08_NODE_7403_length_1289_cov_6.780551	1	1289	517	1289	100	54.5019	35.5	58.4
GC1003827_F08_NODE_7404_length_1289_cov_5.809811	1	1289	357	1289	100	40.0093	35.5	58.7
GC1003827_F08_NODE_7405_length_1289_cov_4.699656	1	1289	344	1289	100	36.8596	35.6	58.1
GC1003827_F08_NODE_7406_length_1289_cov_3.996558	1	1289	579	1289	100	58.8495	35	48.2
GC1003827_F08_NODE_7407_length_1289_cov_3.613597	1	1289	254	1289	100	27.3615	35.9	59.4
GC1003827_F08_NODE_7408_length_1289_cov_3.327022	1	1289	269	1289	100	27.0124	35.8	55.7
GC1003827_F08_NODE_7409_length_1289_cov_2.580895	1	1289	182	1289	100	19.9434	35.7	59.3
GC1003827_F08_NODE_7410_length_1289_cov_1.689329	1	1289	143	1286	99.7673	12.9488	35	46.8
GC1003827_F08_NODE_7411_length_1289_cov_0.758176	1	1289	75	1289	100	7.6377	35.4	56.9
GC1003827_F08_NODE_7412_length_1288_cov_9.111972	1	1288	930	1288	100	92.1739	35	56.4
GC1003827_F08_NODE_7413_length_1288_cov_8.923342	1	1288	640	1288	100	68.5606	35.2	58.2
GC1003827_F08_NODE_7414_length_1288_cov_6.395349	1	1288	412	1288	100	45.6025	35.7	58.9
GC1003827_F08_NODE_7415_length_1288_cov_4.874246	1	1288	347	1288	100	37.6157	35.6	58.9
GC1003827_F08_NODE_7416_length_1288_cov_3.186908	1	1288	459	1288	100	36.1957	35.4	35.5
GC1003827_F08_NODE_7417_length_1288_cov_2.960379	1	1288	511	1288	100	49.3874	34.6	51.2
GC1003827_F08_NODE_7418_length_1288_cov_2.721792	1	1288	173	1288	100	18.7321	35.7	59
GC1003827_F08_NODE_7419_length_1288_cov_1.657192	1	1288	103	1288	100	11.5598	35.1	59.4
GC1003827_F08_NODE_7420_length_1288_cov_1.249785	1	1288	80	1288	100	9.07065	35.6	60
GC1003827_F08_NODE_7421_length_1287_cov_2.917241	1	1287	165	1286	99.9223	18.7747	35.3	59.5
GC1003827_F08_NODE_7422_length_1287_cov_2.394828	1	1287	163	1287	100	18.1538	35.4	58.8
GC1003827_F08_NODE_7423_length_1286_cov_16.127696	1	1286	1273	1286	100	135.842	35.3	58.1
GC1003827_F08_NODE_7424_length_1286_cov_8.763589	1	1286	1028	1286	100	97.9215	35.6	54
GC1003827_F08_NODE_7425_length_1286_cov_8.140638	1	1286	615	1286	100	63.9269	35.4	56.3
GC1003827_F08_NODE_7426_length_1286_cov_6.913719	1	1286	509	1286	100	54.71	35.2	58.3
GC1003827_F08_NODE_7427_length_1286_cov_3.756687	1	1286	278	1286	100	29.5622	35.3	57.5
GC1003827_F08_NODE_7428_length_1286_cov_2.257118	1	1286	196	1286	100	19.0894	35.6	55.1
GC1003827_F08_NODE_7429_length_1285_cov_8.091537	1	1285	750	1285	100	72.4265	35.4	57.3
GC1003827_F08_NODE_7430_length_1285_cov_5.653713	1	1285	358	1285	100	40.1922	35.8	59.4
GC1003827_F08_NODE_7431_length_1285_cov_4.538860	1	1285	334	1285	100	34.7253	35.6	56.5
GC1003827_F08_NODE_7432_length_1285_cov_3.841969	1	1285	289	1285	100	29.716	35.5	56.4
GC1003827_F08_NODE_7433_length_1285_cov_3.493955	1	1285	229	1282	99.7665	24.9206	35.8	57.1
GC1003827_F08_NODE_7434_length_1285_cov_2.990501	1	1285	450	1285	100	41.8506	34.9	38.2
GC1003827_F08_NODE_7435_length_1285_cov_2.464594	1	1285	272	1285	100	25.3393	34.4	51.8
GC1003827_F08_NODE_7436_length_1285_cov_2.445596	1	1285	171	1285	100	18.6288	36	59.2
GC1003827_F08_NODE_7437_length_1284_cov_10.011236	1	1284	810	1284	100	84.4907	35.7	50.6
GC1003827_F08_NODE_7438_length_1284_cov_4.064823	1	1284	487	1284	100	42.6526	34.8	49.8
GC1003827_F08_NODE_7439_length_1284_cov_3.640449	1	1284	243	1284	100	26.9424	35.1	58.5
GC1003827_F08_NODE_7440_length_1284_cov_3.626621	1	1284	963	1284	100	63.1558	34.9	22.9
GC1003827_F08_NODE_7441_length_1284_cov_2.787381	1	1284	251	1284	100	23.7679	35.4	49.9
GC1003827_F08_NODE_7442_length_1284_cov_2.312014	1	1284	199	1284	100	18.2056	35.5	51.6
GC1003827_F08_NODE_7443_length_1284_cov_1.358686	1	1284	82	1284	100	9.23364	35.4	59.7
GC1003827_F08_NODE_7444_length_1284_cov_1.205704	1	1284	74	1284	100	8.31464	35.6	58.6
GC1003827_F08_NODE_7445_length_1283_cov_11.858997	1	1283	841	1283	100	90.735	35.7	58.3
GC1003827_F08_NODE_7446_length_1283_cov_10.455882	1	1283	747	1283	100	81.8168	35.7	58.7
GC1003827_F08_NODE_7447_length_1283_cov_5.536332	1	1283	469	1283	100	48.4045	35.4	56.7
GC1003827_F08_NODE_7448_length_1283_cov_3.794983	1	1283	258	1283	100	26.9945	35.2	53.9
GC1003827_F08_NODE_7449_length_1283_cov_2.292388	1	1283	190	1283	100	20.3203	35.5	57.8
GC1003827_F08_NODE_7450_length_1283_cov_2.256920	1	1283	165	1283	100	16.6968	35.7	55.4
GC1003827_F08_NODE_7451_length_1283_cov_2.101211	1	1283	123	1282	99.9221	13.901	35.5	59.5
GC1003827_F08_NODE_7452_length_1283_cov_1.807093	1	1283	122	1283	100	13.6687	35.3	59.5
GC1003827_F08_NODE_7453_length_1283_cov_1.335640	1	1283	105	1283	100	11.2408	35.1	56.8
GC1003827_F08_NODE_7454_length_1283_cov_0.935986	1	1283	54	1273	99.2206	6.07872	35.4	59.1
GC1003827_F08_NODE_7455_length_1282_cov_4.780952	1	1282	312	1281	99.922	35.2878	35.7	59.7
GC1003827_F08_NODE_7456_length_1282_cov_4.661472	1	1282	290	1282	100	32.2028	35.6	59.3
GC1003827_F08_NODE_7457_length_1282_cov_1.993074	1	1282	132	1282	100	14.0491	35.4	57.7
GC1003827_F08_NODE_7458_length_1282_cov_1.579221	1	1282	200	1282	100	15.961	35.6	49.9
GC1003827_F08_NODE_7459_length_1282_cov_0.667532	1	1282	40	1273	99.298	4.35023	35.5	58.6
GC1003827_F08_NODE_7460_length_1281_cov_24.374350	1	1281	1854	1281	100	197.533	35.7	56.1
GC1003827_F08_NODE_7461_length_1281_cov_16.798960	1	1281	1262	1281	100	136.39	35.8	58.7
GC1003827_F08_NODE_7462_length_1281_cov_9.196707	1	1281	798	1278	99.7658	81.9688	35.2	55.1
GC1003827_F08_NODE_7463_length_1281_cov_7.468804	1	1281	543	1279	99.8439	57.2826	35.4	56.5
GC1003827_F08_NODE_7464_length_1281_cov_6.427210	1	1281	418	1281	100	45.9204	35.8	58.6
GC1003827_F08_NODE_7465_length_1281_cov_6.374350	1	1281	417	1281	100	46.3349	35.7	59.7
GC1003827_F08_NODE_7466_length_1281_cov_5.803293	1	1281	351	1281	100	39.7767	35.8	59.5
GC1003827_F08_NODE_7467_length_1281_cov_4.440208	1	1281	465	1281	100	46.0328	35.4	55.5
GC1003827_F08_NODE_7468_length_1281_cov_4.254766	1	1281	444	1281	100	41.8743	35.6	54.5
GC1003827_F08_NODE_7469_length_1281_cov_3.477470	1	1281	214	1281	100	23.2116	35.8	58.1
GC1003827_F08_NODE_7470_length_1281_cov_2.971404	1	1281	184	1281	100	20.783	35.8	59.7
GC1003827_F08_NODE_7471_length_1281_cov_2.906412	1	1281	250	1281	100	25.146	35.7	57.2
GC1003827_F08_NODE_7472_length_1281_cov_1.864818	1	1281	135	1281	100	14.3958	35.7	56.8
GC1003827_F08_NODE_7473_length_1280_cov_19.935820	1	1280	1793	1280	100	190.88	35.7	57.6
GC1003827_F08_NODE_7474_length_1280_cov_7.321769	1	1280	1089	1280	100	92.9055	35.2	50.5
GC1003827_F08_NODE_7475_length_1280_cov_5.286210	1	1280	324	1280	100	35.9227	35.6	59.5
GC1003827_F08_NODE_7476_length_1280_cov_4.880312	1	1280	406	1280	100	39.7867	35.7	54.7
GC1003827_F08_NODE_7477_length_1280_cov_4.511709	1	1280	362	1280	100	34.1734	35.7	51.7
GC1003827_F08_NODE_7478_length_1280_cov_4.058977	1	1280	268	1280	100	29.6414	35.6	58.2
GC1003827_F08_NODE_7479_length_1280_cov_2.998265	1	1280	211	1280	100	23.0109	35.6	59.2
GC1003827_F08_NODE_7480_length_1280_cov_2.804857	1	1280	187	1272	99.375	20.8289	35.4	59
GC1003827_F08_NODE_7481_length_1279_cov_10.999132	1	1279	1125	1279	100	108.248	35	52.8
GC1003827_F08_NODE_7482_length_1279_cov_9.421875	1	1279	653	1279	100	71.197	35.5	58.3
GC1003827_F08_NODE_7483_length_1279_cov_7.446181	1	1279	490	1276	99.7654	53.2424	35.9	58.3
GC1003827_F08_NODE_7484_length_1279_cov_7.042535	1	1279	756	1279	100	73.7381	35.3	56.9
GC1003827_F08_NODE_7485_length_1279_cov_6.523438	1	1279	570	1279	100	57.2033	35.8	56.3
GC1003827_F08_NODE_7486_length_1279_cov_5.434028	1	1279	1244	1279	100	88.5794	34.6	24.1
GC1003827_F08_NODE_7487_length_1279_cov_5.390625	1	1279	399	1279	100	41.1446	35.7	55.7
GC1003827_F08_NODE_7488_length_1279_cov_3.804688	1	1279	279	1279	100	29.7944	35.4	56.8
GC1003827_F08_NODE_7489_length_1279_cov_2.259549	1	1279	139	1279	100	15.6654	35.5	59.2
GC1003827_F08_NODE_7490_length_1279_cov_1.365451	1	1279	180	1279	100	14.7756	35.4	45.9
GC1003827_F08_NODE_7491_length_1278_cov_13.385752	1	1278	1138	1277	99.9218	118.842	35.6	57.3
GC1003827_F08_NODE_7492_length_1278_cov_7.880104	1	1278	621	1278	100	67.2645	36	59.8
GC1003827_F08_NODE_7493_length_1278_cov_7.824500	1	1278	1498	1278	100	117.728	34.9	33.5
GC1003827_F08_NODE_7494_length_1278_cov_6.332754	1	1278	450	1276	99.8435	48.8818	35.3	58.4
GC1003827_F08_NODE_7495_length_1278_cov_5.134666	1	1278	374	1278	100	39.7567	35.6	58.2
GC1003827_F08_NODE_7496_length_1278_cov_3.036490	1	1278	305	1278	100	30.446	35.4	56.3
GC1003827_F08_NODE_7497_length_1278_cov_2.899218	1	1278	267	1278	100	27.7997	35	58.5
GC1003827_F08_NODE_7498_length_1278_cov_1.428323	1	1278	101	1278	100	10.6362	35.4	55.3
GC1003827_F08_NODE_7499_length_1277_cov_24.040000	1	1277	1659	1277	100	178.59	35.7	58
GC1003827_F08_NODE_7500_length_1277_cov_14.559130	1	1277	1084	1277	100	112.114	35.5	55.1
GC1003827_F08_NODE_7501_length_1277_cov_12.839130	1	1277	893	1277	100	97.5121	35.6	58.6
GC1003827_F08_NODE_7502_length_1277_cov_11.355652	1	1277	1853	1277	100	140.033	34.7	28
GC1003827_F08_NODE_7503_length_1277_cov_7.006087	1	1277	550	1277	100	55.8128	35.1	55
GC1003827_F08_NODE_7504_length_1277_cov_6.474783	1	1277	419	1277	100	46.1597	35.7	59.2
GC1003827_F08_NODE_7505_length_1277_cov_5.347826	1	1277	697	1277	100	60.6226	35.4	47.3
GC1003827_F08_NODE_7506_length_1277_cov_4.981739	1	1277	343	1277	100	38.5004	35.5	59.1
GC1003827_F08_NODE_7507_length_1277_cov_4.668696	1	1277	446	1269	99.3735	42.52	35.8	55.5
GC1003827_F08_NODE_7508_length_1277_cov_4.179130	1	1277	261	1277	100	29.7416	35.5	60
GC1003827_F08_NODE_7509_length_1277_cov_4.123478	1	1277	300	1277	100	33.7431	35.9	59.3
GC1003827_F08_NODE_7510_length_1277_cov_2.521739	1	1277	647	1277	100	44.8943	34	33.1
GC1003827_F08_NODE_7511_length_1277_cov_2.406957	1	1277	150	1277	100	16.5536	35.8	57.9
GC1003827_F08_NODE_7512_length_1277_cov_2.277391	1	1277	160	1277	100	17.1002	35.4	57.9
GC1003827_F08_NODE_7513_length_1277_cov_1.317391	1	1277	82	1277	100	9.48551	35.4	60
GC1003827_F08_NODE_7514_length_1276_cov_10.662315	1	1276	694	1276	100	77.3331	35.8	59.1
GC1003827_F08_NODE_7515_length_1276_cov_7.536989	1	1276	537	1276	100	58.3715	35.6	58.5
GC1003827_F08_NODE_7516_length_1276_cov_7.037424	1	1276	498	1276	100	53.1058	35.7	57.4
GC1003827_F08_NODE_7517_length_1276_cov_6.439513	1	1276	1031	1276	100	102.946	34.8	51.1
GC1003827_F08_NODE_7518_length_1276_cov_5.227154	1	1276	498	1276	100	45.7108	35.2	46
GC1003827_F08_NODE_7519_length_1276_cov_3.862489	1	1276	310	1276	100	32.4867	35.4	58
GC1003827_F08_NODE_7520_length_1276_cov_1.936466	1	1276	219	1276	100	19.2437	35.1	47.7
GC1003827_F08_NODE_7521_length_1276_cov_1.821584	1	1276	126	1276	100	14.1983	35.3	59.8
GC1003827_F08_NODE_7522_length_1276_cov_0.713664	1	1276	81	1276	100	6.79154	35.2	40.6
GC1003827_F08_NODE_7523_length_1275_cov_15.342334	1	1275	1469	1275	100	145.781	35.2	54.9
GC1003827_F08_NODE_7524_length_1275_cov_4.818815	1	1275	335	1275	100	36.1788	35.2	58.5
GC1003827_F08_NODE_7525_length_1275_cov_3.162021	1	1275	199	1275	100	22.1137	35.6	59
GC1003827_F08_NODE_7526_length_1275_cov_3.029617	1	1275	652	1275	100	40.3718	34.5	20.5
GC1003827_F08_NODE_7527_length_1275_cov_2.490418	1	1275	185	1275	100	18.9639	35.2	55
GC1003827_F08_NODE_7528_length_1275_cov_1.813589	1	1275	123	1275	100	13.0086	35.1	57.2
GC1003827_F08_NODE_7529_length_1275_cov_1.555749	1	1275	153	1275	100	14.6078	36	56.2
GC1003827_F08_NODE_7530_length_1275_cov_1.229965	1	1275	97	1273	99.8431	9.4102	35.7	54.2
GC1003827_F08_NODE_7531_length_1274_cov_13.378378	1	1274	817	1274	100	91.8815	35.6	59
GC1003827_F08_NODE_7532_length_1274_cov_12.193548	1	1274	895	1274	100	96.562	35.6	58.2
GC1003827_F08_NODE_7533_length_1274_cov_9.922406	1	1274	645	1274	100	73.3085	35.5	59.3
GC1003827_F08_NODE_7534_length_1274_cov_8.503923	1	1274	542	1274	100	60.7653	35.9	59.6
GC1003827_F08_NODE_7535_length_1274_cov_6.339146	1	1274	482	1274	100	52.0479	35.2	58.3
GC1003827_F08_NODE_7536_length_1274_cov_4.684394	1	1274	540	1274	100	55.0738	35.1	55.7
GC1003827_F08_NODE_7537_length_1274_cov_3.682650	1	1274	499	1274	100	37.8658	35.2	31.8
GC1003827_F08_NODE_7538_length_1274_cov_3.347864	1	1274	217	1274	100	23.6829	35.9	58.6
GC1003827_F08_NODE_7539_length_1274_cov_3.003487	1	1274	186	1274	100	20.8579	35.7	58.5
GC1003827_F08_NODE_7540_length_1274_cov_2.667829	1	1274	219	1271	99.7645	22.5518	35.3	57.5
GC1003827_F08_NODE_7541_length_1274_cov_1.074978	1	1274	182	1274	100	12.3414	35.8	46.7
GC1003827_F08_NODE_7542_length_1273_cov_11.046248	1	1273	861	1273	100	90.4705	35.5	57
GC1003827_F08_NODE_7543_length_1273_cov_8.059337	1	1273	550	1273	100	60.8052	35.7	58.1
GC1003827_F08_NODE_7544_length_1273_cov_4.972949	1	1273	1599	1273	100	83.7989	28.9	13.6
GC1003827_F08_NODE_7545_length_1273_cov_3.044503	1	1273	190	1273	100	21.4163	35.6	58.9
GC1003827_F08_NODE_7546_length_1273_cov_2.253054	1	1273	230	1273	100	23.3087	35.1	56.2
GC1003827_F08_NODE_7547_length_1273_cov_1.931937	1	1273	109	1273	100	11.791	35.4	55.5
GC1003827_F08_NODE_7548_length_1273_cov_1.930192	1	1273	129	1273	100	14.326	35.5	59.6
GC1003827_F08_NODE_7549_length_1273_cov_1.719895	1	1273	111	1270	99.7643	12.3236	35.3	59
GC1003827_F08_NODE_7550_length_1273_cov_1.219023	1	1273	79	1273	100	8.29537	35.6	57.4
GC1003827_F08_NODE_7551_length_1273_cov_1.179756	1	1273	74	1273	100	8.00157	35.5	55.9
GC1003827_F08_NODE_7552_length_1272_cov_10.106550	1	1272	718	1272	100	78.2956	35.7	58
GC1003827_F08_NODE_7553_length_1272_cov_6.226201	1	1272	487	1272	100	50.7358	35.7	57.2
GC1003827_F08_NODE_7554_length_1272_cov_6.216594	1	1272	386	1272	100	43.3593	35.4	59.3
GC1003827_F08_NODE_7555_length_1272_cov_4.002620	1	1272	262	1272	100	29.2524	35.7	57.9
GC1003827_F08_NODE_7556_length_1272_cov_2.007860	1	1272	178	1272	100	16.5755	35.5	50
GC1003827_F08_NODE_7557_length_1272_cov_1.221834	1	1272	100	1272	100	9.50236	34.9	48.1
GC1003827_F08_NODE_7558_length_1271_cov_12.305070	1	1271	976	1263	99.3706	103.054	35.4	51.6
GC1003827_F08_NODE_7559_length_1271_cov_5.648601	1	1271	380	1271	100	41.3745	35.8	57.6
GC1003827_F08_NODE_7560_length_1271_cov_5.271853	1	1271	399	1271	100	43.1369	35.8	58.6
GC1003827_F08_NODE_7561_length_1271_cov_2.118007	1	1271	224	1266	99.6066	18.4524	35.4	43.6
GC1003827_F08_NODE_7562_length_1271_cov_1.632867	1	1271	169	1263	99.3706	15.7986	35.1	50.7
GC1003827_F08_NODE_7563_length_1270_cov_22.414698	1	1270	1802	1270	100	186.172	35.4	57.8
GC1003827_F08_NODE_7564_length_1270_cov_14.920385	1	1270	1027	1268	99.8425	112.695	35.8	58.5
GC1003827_F08_NODE_7565_length_1270_cov_6.767279	1	1270	455	1270	100	50.4165	35.6	58.7
GC1003827_F08_NODE_7566_length_1270_cov_5.626422	1	1270	378	1269	99.9213	41.3425	35.5	59
GC1003827_F08_NODE_7567_length_1270_cov_4.829396	1	1270	787	1270	100	58.6504	34.8	30.8
GC1003827_F08_NODE_7568_length_1270_cov_4.206474	1	1270	308	1270	100	33.5181	35.5	58.8
GC1003827_F08_NODE_7569_length_1270_cov_3.087489	1	1270	273	1270	100	27.8331	35.6	58.6
GC1003827_F08_NODE_7570_length_1270_cov_2.595801	1	1270	193	1270	100	21.0543	35.9	58.6
GC1003827_F08_NODE_7571_length_1269_cov_13.875657	1	1269	917	1269	100	102.18	35.8	58.6
GC1003827_F08_NODE_7572_length_1269_cov_7.564799	1	1269	1205	1269	100	100.322	35.2	33.9
GC1003827_F08_NODE_7573_length_1269_cov_5.840630	1	1269	394	1269	100	45.3475	35.7	59.7
GC1003827_F08_NODE_7574_length_1269_cov_5.760946	1	1269	418	1269	100	43.1166	35.6	55.5
GC1003827_F08_NODE_7575_length_1269_cov_4.977233	1	1269	389	1269	100	37.2632	35.8	49.9
GC1003827_F08_NODE_7576_length_1269_cov_4.089317	1	1269	362	1269	100	36.476	35.4	52.6
GC1003827_F08_NODE_7577_length_1269_cov_2.928196	1	1269	193	1268	99.9212	21.3459	35.8	58.1
GC1003827_F08_NODE_7578_length_1269_cov_2.254816	1	1269	365	1269	100	27.0008	33.5	39.6
GC1003827_F08_NODE_7579_length_1269_cov_1.678634	1	1269	149	1269	100	14.5406	35.9	56.9
GC1003827_F08_NODE_7580_length_1269_cov_1.537653	1	1269	194	1269	100	17.9574	35.6	52
GC1003827_F08_NODE_7581_length_1269_cov_0.818739	1	1269	622	1269	100	32.8842	33.6	12.8
GC1003827_F08_NODE_7582_length_1268_cov_10.772130	1	1268	703	1268	100	78.1096	35.6	58.4
GC1003827_F08_NODE_7583_length_1268_cov_6.762489	1	1268	632	1268	100	64.0339	35	55.4
GC1003827_F08_NODE_7584_length_1268_cov_4.587204	1	1268	338	1268	100	37.4393	35.5	59.2
GC1003827_F08_NODE_7585_length_1268_cov_4.188431	1	1268	250	1268	100	28.0197	35.5	57.3
GC1003827_F08_NODE_7586_length_1268_cov_3.740578	1	1268	320	1257	99.1325	33.2468	35.3	57.6
GC1003827_F08_NODE_7587_length_1268_cov_2.481157	1	1268	182	1267	99.9211	20.2256	35.7	59.1
GC1003827_F08_NODE_7588_length_1268_cov_1.879930	1	1268	148	1268	100	16.3431	35.6	59.6
GC1003827_F08_NODE_7589_length_1268_cov_1.636284	1	1268	105	1267	99.9211	11.7311	35.6	58.6
GC1003827_F08_NODE_7590_length_1267_cov_11.413158	1	1267	1752	1267	100	162.671	35.1	54.3
GC1003827_F08_NODE_7591_length_1267_cov_8.389474	1	1267	1429	1267	100	133.069	35.4	56.3
GC1003827_F08_NODE_7592_length_1267_cov_8.141228	1	1267	669	1267	100	65.0197	35.3	45.7
GC1003827_F08_NODE_7593_length_1267_cov_6.829825	1	1267	656	1267	100	60.056	35.3	50.4
GC1003827_F08_NODE_7594_length_1267_cov_5.014912	1	1267	343	1267	100	39.0071	35.8	59.9
GC1003827_F08_NODE_7595_length_1267_cov_3.264912	1	1267	200	1267	100	22.7798	35.4	58.9
GC1003827_F08_NODE_7596_length_1267_cov_3.038596	1	1267	280	1267	100	26.7348	35.4	52.3
GC1003827_F08_NODE_7597_length_1267_cov_2.385088	1	1267	224	1267	100	22.1279	35	54.4
GC1003827_F08_NODE_7598_length_1267_cov_1.620175	1	1267	85	1267	100	10.0182	35.8	60
GC1003827_F08_NODE_7599_length_1267_cov_1.607018	1	1267	145	1267	100	14.5667	35.3	56.8
GC1003827_F08_NODE_7600_length_1266_cov_10.925373	1	1266	845	1266	100	89.0269	35.6	57.9
GC1003827_F08_NODE_7601_length_1266_cov_7.240562	1	1266	482	1266	100	52.2259	35.7	58.4
GC1003827_F08_NODE_7602_length_1266_cov_6.176471	1	1266	464	1265	99.921	50.6975	35.6	59.1
GC1003827_F08_NODE_7603_length_1266_cov_6.046532	1	1266	637	1266	100	62.7449	35.6	53.4
GC1003827_F08_NODE_7604_length_1266_cov_5.859526	1	1266	415	1266	100	45.5055	35.7	58.9
GC1003827_F08_NODE_7605_length_1266_cov_4.516242	1	1266	653	1266	100	69.451	35.2	50.9
GC1003827_F08_NODE_7606_length_1266_cov_2.970149	1	1266	189	1266	100	21.2591	35.8	58.5
GC1003827_F08_NODE_7607_length_1266_cov_2.654960	1	1266	154	1266	100	17.658	35.8	58.9
GC1003827_F08_NODE_7608_length_1266_cov_2.566286	1	1266	221	1266	100	23.0387	35.5	58.7
GC1003827_F08_NODE_7609_length_1266_cov_2.441615	1	1266	161	1266	100	18.1272	35.3	58.9
GC1003827_F08_NODE_7610_length_1266_cov_2.210711	1	1266	133	1266	100	14.8112	34.9	59.1
GC1003827_F08_NODE_7611_length_1266_cov_1.355575	1	1266	144	1266	100	11.9684	35.8	49.1
GC1003827_F08_NODE_7612_length_1265_cov_5.878735	1	1265	342	1265	100	39.0466	35.9	59.7
GC1003827_F08_NODE_7613_length_1265_cov_5.746924	1	1265	465	1265	100	47.3502	35.7	51.1
GC1003827_F08_NODE_7614_length_1265_cov_5.478910	1	1265	490	1240	98.0237	50.3897	35.8	56.8
GC1003827_F08_NODE_7615_length_1265_cov_2.567663	1	1265	430	1265	100	41.9842	35	47.2
GC1003827_F08_NODE_7616_length_1265_cov_2.492091	1	1265	159	1265	100	18.068	35.5	58.3
GC1003827_F08_NODE_7617_length_1265_cov_2.463972	1	1265	186	1265	100	20.5391	35.4	59.5
GC1003827_F08_NODE_7618_length_1265_cov_2.275923	1	1265	315	1265	100	28.2601	35.5	51
GC1003827_F08_NODE_7619_length_1265_cov_1.723199	1	1265	156	1265	100	15.1708	35.4	51.6
GC1003827_F08_NODE_7620_length_1264_cov_22.250180	1	1264	2534	1264	100	247.584	35.3	56.3
GC1003827_F08_NODE_7621_length_1264_cov_18.185576	1	1264	1251	1264	100	135.589	35.6	57.5
GC1003827_F08_NODE_7622_length_1264_cov_6.888303	1	1264	509	1264	100	56.3774	35.7	59.3
GC1003827_F08_NODE_7623_length_1264_cov_5.854881	1	1264	403	1264	100	44.8584	35.6	59
GC1003827_F08_NODE_7624_length_1264_cov_5.660510	1	1264	339	1264	100	38.7603	35.6	58.8
GC1003827_F08_NODE_7625_length_1264_cov_5.173263	1	1264	551	1264	100	51.9866	35.6	50.4
GC1003827_F08_NODE_7626_length_1264_cov_4.800352	1	1264	298	1264	100	33.1266	35.8	58.3
GC1003827_F08_NODE_7627_length_1264_cov_4.693931	1	1264	307	1264	100	34.2073	35.7	58.8
GC1003827_F08_NODE_7628_length_1264_cov_4.233069	1	1264	266	1264	100	30.1416	35.2	59.4
GC1003827_F08_NODE_7629_length_1264_cov_3.187335	1	1264	1032	1264	100	58.1535	34.5	19
GC1003827_F08_NODE_7630_length_1264_cov_2.149516	1	1264	141	1264	100	15.6661	35.1	59.1
GC1003827_F08_NODE_7631_length_1264_cov_1.425682	1	1264	113	1264	100	11.2342	35.8	51.8
GC1003827_F08_NODE_7632_length_1263_cov_11.690141	1	1263	831	1263	100	90.5329	35.5	58.3
GC1003827_F08_NODE_7633_length_1263_cov_11.405810	1	1263	952	1263	100	94.9541	35.5	53.1
GC1003827_F08_NODE_7634_length_1263_cov_11.325704	1	1263	638	1263	100	73.8511	35.5	59.7
GC1003827_F08_NODE_7635_length_1263_cov_7.981514	1	1263	2044	1263	100	157.679	34.1	36.4
GC1003827_F08_NODE_7636_length_1263_cov_7.042254	1	1263	1998	1263	100	141.776	34.6	21.3
GC1003827_F08_NODE_7637_length_1263_cov_5.963908	1	1263	696	1263	100	67.9945	35.6	48
GC1003827_F08_NODE_7638_length_1263_cov_3.862676	1	1263	390	1263	100	36.7799	35.7	48
GC1003827_F08_NODE_7639_length_1263_cov_1.006162	1	1263	109	1263	100	10.0364	34.9	53.3
GC1003827_F08_NODE_7640_length_1262_cov_14.919824	1	1262	1001	1262	100	110.83	35.4	58.6
GC1003827_F08_NODE_7641_length_1262_cov_6.893392	1	1262	500	1262	100	54.9144	35.5	58.5
GC1003827_F08_NODE_7642_length_1262_cov_5.664317	1	1262	477	1262	100	48.1609	35.7	55.3
GC1003827_F08_NODE_7643_length_1262_cov_4.577974	1	1262	363	1262	100	38.7718	36.1	57.7
GC1003827_F08_NODE_7644_length_1262_cov_4.566520	1	1262	303	1261	99.9208	34.0475	35.4	59.5
GC1003827_F08_NODE_7645_length_1262_cov_3.903084	1	1262	336	1262	100	34.5531	35.6	53.7
GC1003827_F08_NODE_7646_length_1262_cov_3.231718	1	1262	386	1262	100	37.7575	35	55.1
GC1003827_F08_NODE_7647_length_1262_cov_2.354185	1	1262	155	1252	99.2076	17.729	35.4	58.3
GC1003827_F08_NODE_7648_length_1262_cov_1.335683	1	1262	238	1262	100	14.8637	35.2	34
GC1003827_F08_NODE_7649_length_1261_cov_18.317460	1	1261	1195	1261	100	133.676	35.6	58.5
GC1003827_F08_NODE_7650_length_1261_cov_8.204586	1	1261	921	1261	100	90.8224	35.1	55.3
GC1003827_F08_NODE_7651_length_1261_cov_6.633157	1	1261	527	1261	100	54.9278	35.5	56
GC1003827_F08_NODE_7652_length_1261_cov_2.803351	1	1261	178	1261	100	19.912	35.5	58.7
GC1003827_F08_NODE_7653_length_1261_cov_2.689594	1	1261	183	1259	99.8414	20.2292	35.5	59
GC1003827_F08_NODE_7654_length_1261_cov_2.074956	1	1261	132	1261	100	14.3497	35.9	52.1
GC1003827_F08_NODE_7655_length_1261_cov_2.032628	1	1261	300	1261	100	23.2141	34.9	35.3
GC1003827_F08_NODE_7656_length_1261_cov_1.595238	1	1261	104	1261	100	12.0293	35.3	59.6
GC1003827_F08_NODE_7657_length_1260_cov_9.308032	1	1260	984	1260	100	98.6071	34.5	52.3
GC1003827_F08_NODE_7658_length_1260_cov_6.450132	1	1260	445	1260	100	49.7214	35.7	58.9
GC1003827_F08_NODE_7659_length_1260_cov_5.644307	1	1260	413	1260	100	45.2595	35.5	57
GC1003827_F08_NODE_7660_length_1260_cov_4.723742	1	1260	377	1260	100	39.7532	35.4	57.4
GC1003827_F08_NODE_7661_length_1260_cov_3.952339	1	1260	267	1260	100	29.5373	35.8	58.3
GC1003827_F08_NODE_7662_length_1260_cov_3.313327	1	1260	416	1260	100	36.9127	35.6	51
GC1003827_F08_NODE_7663_length_1260_cov_2.774051	1	1260	562	1260	100	41.6405	34.6	34.5
GC1003827_F08_NODE_7664_length_1260_cov_2.557811	1	1260	169	1260	100	18.6484	35.9	59.2
GC1003827_F08_NODE_7665_length_1260_cov_2.307149	1	1260	132	1260	100	15.3746	35.4	59.2
GC1003827_F08_NODE_7666_length_1260_cov_1.000883	1	1260	136	1259	99.9206	11.5151	35.5	52.3
GC1003827_F08_NODE_7667_length_1259_cov_7.883392	1	1259	2025	1259	100	136.706	34.6	22.9
GC1003827_F08_NODE_7668_length_1259_cov_7.382509	1	1259	534	1259	100	57.3995	35.8	57.7
GC1003827_F08_NODE_7669_length_1259_cov_5.439929	1	1259	347	1259	100	37.8062	35.8	57.4
GC1003827_F08_NODE_7670_length_1259_cov_4.528269	1	1259	369	1259	100	38.0913	35.4	57.1
GC1003827_F08_NODE_7671_length_1259_cov_3.934629	1	1259	243	1259	100	27.4218	35.8	59.4
GC1003827_F08_NODE_7672_length_1259_cov_2.314488	1	1259	206	1241	98.5703	19.7601	35.7	54.6
GC1003827_F08_NODE_7673_length_1259_cov_2.015018	1	1259	138	1259	100	14.3749	35.3	57.5
GC1003827_F08_NODE_7674_length_1259_cov_1.931979	1	1259	235	1257	99.8411	21.44	35.2	46.2
GC1003827_F08_NODE_7675_length_1259_cov_1.789753	1	1259	111	1259	100	12.6259	36	60
GC1003827_F08_NODE_7676_length_1259_cov_0.775618	1	1259	49	1259	100	5.64496	35.3	59.4
GC1003827_F08_NODE_7677_length_1258_cov_8.336870	1	1258	585	1258	100	63.2957	35.7	57.9
GC1003827_F08_NODE_7678_length_1258_cov_8.289125	1	1258	688	1258	100	71.5827	35.7	57.8
GC1003827_F08_NODE_7679_length_1258_cov_7.368700	1	1258	517	1258	100	55.5628	35.6	55.5
GC1003827_F08_NODE_7680_length_1258_cov_7.220159	1	1258	479	1258	100	53.4587	35.8	59
GC1003827_F08_NODE_7681_length_1258_cov_5.754200	1	1258	445	1258	100	46.6367	34.8	57.6
GC1003827_F08_NODE_7682_length_1258_cov_3.813439	1	1258	399	1257	99.9205	38.6272	35.6	56.5
GC1003827_F08_NODE_7683_length_1258_cov_3.613616	1	1258	368	1258	100	34.9857	35.4	51.9
GC1003827_F08_NODE_7684_length_1258_cov_3.361627	1	1258	246	1258	100	27.1335	35.6	59.3
GC1003827_F08_NODE_7685_length_1258_cov_3.286472	1	1258	245	1258	100	27.7544	35.8	59.5
GC1003827_F08_NODE_7686_length_1258_cov_2.228117	1	1258	146	1256	99.841	15.9682	35.8	58.9
GC1003827_F08_NODE_7687_length_1258_cov_2.170645	1	1258	145	1258	100	15.9245	35.5	56.9
GC1003827_F08_NODE_7688_length_1258_cov_1.528736	1	1258	130	1258	100	12.969	35.8	57.1
GC1003827_F08_NODE_7689_length_1258_cov_1.479222	1	1258	93	1258	100	10.6669	35.5	59.4
GC1003827_F08_NODE_7690_length_1257_cov_16.235398	1	1257	1356	1257	100	146.074	35.1	57.9
GC1003827_F08_NODE_7691_length_1257_cov_9.801770	1	1257	793	1257	100	84.0302	35.4	55.9
GC1003827_F08_NODE_7692_length_1257_cov_5.923894	1	1257	415	1257	100	45.9364	35.8	58.3
GC1003827_F08_NODE_7693_length_1257_cov_1.885841	1	1257	549	1257	100	53.07	35	36.2
GC1003827_F08_NODE_7694_length_1256_cov_8.220549	1	1256	497	1256	100	57.1919	35.7	59.5
GC1003827_F08_NODE_7695_length_1256_cov_7.527015	1	1256	507	1256	100	54.8623	35.6	56.1
GC1003827_F08_NODE_7696_length_1256_cov_6.325066	1	1256	497	1256	100	53.4236	35.8	58.2
GC1003827_F08_NODE_7697_length_1256_cov_4.527015	1	1256	300	1255	99.9204	33.16	35.3	59
GC1003827_F08_NODE_7698_length_1256_cov_4.412755	1	1256	380	1256	100	40.047	35.6	56.5
GC1003827_F08_NODE_7699_length_1256_cov_2.666076	1	1256	181	1254	99.8408	20.7548	35.5	59.3
GC1003827_F08_NODE_7700_length_1256_cov_1.144376	1	1256	97	1246	99.2038	9.71895	35.4	53.8
GC1003827_F08_NODE_7701_length_1255_cov_9.661348	1	1255	557	1255	100	62.0972	35.6	57.3
GC1003827_F08_NODE_7702_length_1255_cov_6.632979	1	1255	501	1255	100	54.0414	35.3	58.2
GC1003827_F08_NODE_7703_length_1255_cov_4.764184	1	1255	510	1255	100	48.3793	35.2	48.6
GC1003827_F08_NODE_7704_length_1255_cov_3.607270	1	1255	285	1255	100	30.3849	35.8	57.8
GC1003827_F08_NODE_7705_length_1255_cov_2.156028	1	1255	139	1252	99.761	15.5681	35.5	58.9
GC1003827_F08_NODE_7706_length_1255_cov_1.233156	1	1255	170	1255	100	13.2781	34.5	36.2
GC1003827_F08_NODE_7707_length_1254_cov_29.815439	1	1254	2519	1254	100	262.077	35.5	56.6
GC1003827_F08_NODE_7708_length_1254_cov_20.212955	1	1254	1516	1254	100	164.276	35.6	58.2
GC1003827_F08_NODE_7709_length_1254_cov_8.059450	1	1254	603	1254	100	64.445	35.6	56.9
GC1003827_F08_NODE_7710_length_1254_cov_7.527950	1	1254	888	1254	100	81.992	35.2	49.7
GC1003827_F08_NODE_7711_length_1254_cov_7.258208	1	1254	696	1254	100	69.7097	35.3	52.4
GC1003827_F08_NODE_7712_length_1254_cov_5.266193	1	1254	438	1254	100	44.988	34.8	57.2
GC1003827_F08_NODE_7713_length_1254_cov_4.478261	1	1254	313	1254	100	34.7257	35.6	58.4
GC1003827_F08_NODE_7714_length_1254_cov_2.693878	1	1254	266	1254	100	25.6603	35.7	54.7
GC1003827_F08_NODE_7715_length_1254_cov_2.552795	1	1254	218	1254	100	20.1372	35.4	44.4
GC1003827_F08_NODE_7716_length_1254_cov_2.239574	1	1254	148	1252	99.8405	16.9657	35.9	59.6
GC1003827_F08_NODE_7717_length_1254_cov_2.182786	1	1254	220	1254	100	22.1204	35.5	48.5
GC1003827_F08_NODE_7718_length_1254_cov_1.844720	1	1254	107	1254	100	12.4274	35.8	59.6
GC1003827_F08_NODE_7719_length_1253_cov_19.836590	1	1253	1642	1253	100	169.739	35.3	53.8
GC1003827_F08_NODE_7720_length_1253_cov_14.351687	1	1253	945	1247	99.5211	105.09	35.4	57.7
GC1003827_F08_NODE_7721_length_1253_cov_12.080817	1	1253	825	1253	100	90.1173	35.7	55.5
GC1003827_F08_NODE_7722_length_1253_cov_10.645648	1	1253	774	1253	100	86.3224	35.5	58.8
GC1003827_F08_NODE_7723_length_1253_cov_8.886323	1	1253	613	1253	100	65.1229	35.5	57.1
GC1003827_F08_NODE_7724_length_1253_cov_6.387211	1	1253	458	1253	100	48.8356	35	56.7
GC1003827_F08_NODE_7725_length_1253_cov_5.660746	1	1253	737	1253	100	75.3065	34.2	52.8
GC1003827_F08_NODE_7726_length_1253_cov_5.462700	1	1253	694	1253	100	66.7717	35.3	50.7
GC1003827_F08_NODE_7727_length_1253_cov_3.896092	1	1253	369	1253	100	37.3128	35.3	56.8
GC1003827_F08_NODE_7728_length_1253_cov_3.267318	1	1253	216	1253	100	24.6081	35.6	59
GC1003827_F08_NODE_7729_length_1253_cov_2.366785	1	1253	163	1253	100	17.8268	35.8	58.5
GC1003827_F08_NODE_7730_length_1253_cov_2.222913	1	1253	145	1253	100	15.7143	35.6	54.7
GC1003827_F08_NODE_7731_length_1253_cov_2.189165	1	1253	235	1253	100	20.3791	35	41.2
GC1003827_F08_NODE_7732_length_1253_cov_1.997336	1	1253	702	1244	99.2817	40.6361	34.9	22.4
GC1003827_F08_NODE_7733_length_1253_cov_0.959147	1	1253	382	1253	100	37.6385	35.6	51.7
GC1003827_F08_NODE_7734_length_1252_cov_17.632889	1	1252	1554	1252	100	166.653	35.3	55.6
GC1003827_F08_NODE_7735_length_1252_cov_11.308444	1	1252	914	1250	99.8403	96.0024	35.5	57.8
GC1003827_F08_NODE_7736_length_1252_cov_8.462222	1	1252	544	1252	100	60.9561	35.4	56.8
GC1003827_F08_NODE_7737_length_1252_cov_8.107556	1	1252	885	1252	100	83.3458	35.3	53
GC1003827_F08_NODE_7738_length_1252_cov_5.210667	1	1252	502	1252	100	49.7971	34.9	52.9
GC1003827_F08_NODE_7739_length_1252_cov_4.817778	1	1252	359	1252	100	38.4609	35.9	55.7
GC1003827_F08_NODE_7740_length_1252_cov_3.599111	1	1252	275	1252	100	29.8962	35.9	57.2
GC1003827_F08_NODE_7741_length_1252_cov_3.592889	1	1252	473	1252	100	39.5152	34.9	33.8
GC1003827_F08_NODE_7742_length_1252_cov_2.871111	1	1252	277	1252	100	26.8954	35.5	51.6
GC1003827_F08_NODE_7743_length_1252_cov_2.371556	1	1252	426	1252	100	27.1645	34.5	25.6
GC1003827_F08_NODE_7744_length_1252_cov_1.257778	1	1252	91	1252	100	9.53195	35.8	55.7
GC1003827_F08_NODE_7745_length_1251_cov_8.708185	1	1251	539	1251	100	62.2902	35.5	59.2
GC1003827_F08_NODE_7746_length_1251_cov_7.082740	1	1251	731	1251	100	68.0312	35.3	46.3
GC1003827_F08_NODE_7747_length_1251_cov_6.596975	1	1251	671	1249	99.8401	70.0863	34.7	56.7
GC1003827_F08_NODE_7748_length_1251_cov_4.469751	1	1251	304	1251	100	34.988	35.6	59.4
GC1003827_F08_NODE_7749_length_1251_cov_3.626335	1	1251	301	1251	100	32.0232	35.2	57
GC1003827_F08_NODE_7750_length_1251_cov_1.792705	1	1251	110	1251	100	12.7322	35.5	59.9
GC1003827_F08_NODE_7751_length_1251_cov_0.898577	1	1251	58	1247	99.6803	6.83213	35.3	59.4
GC1003827_F08_NODE_7752_length_1250_cov_22.433660	1	1250	2375	1242	99.36	208.662	35.1	41.2
GC1003827_F08_NODE_7753_length_1250_cov_6.341941	1	1250	712	1250	100	67.3648	35.6	51.6
GC1003827_F08_NODE_7754_length_1250_cov_5.842386	1	1250	338	1250	100	39.1536	35.4	59.9
GC1003827_F08_NODE_7755_length_1250_cov_4.772039	1	1250	346	1250	100	34.892	35.8	50.4
GC1003827_F08_NODE_7756_length_1250_cov_3.033838	1	1250	248	1250	100	24.3648	35.6	50.2
GC1003827_F08_NODE_7757_length_1250_cov_2.347284	1	1250	158	1250	100	16.8496	35.3	54.5
GC1003827_F08_NODE_7758_length_1250_cov_2.129118	1	1250	193	1250	100	19.4632	36	56
GC1003827_F08_NODE_7759_length_1250_cov_1.674978	1	1250	154	1250	100	15.2048	35.7	55.9
GC1003827_F08_NODE_7760_length_1250_cov_1.622440	1	1250	485	1250	100	27.392	34.3	20.4
GC1003827_F08_NODE_7761_length_1249_cov_13.374332	1	1249	1230	1249	100	128.604	35.4	57.1
GC1003827_F08_NODE_7762_length_1249_cov_10.675579	1	1249	818	1249	100	89.2026	35.3	57.7
GC1003827_F08_NODE_7763_length_1249_cov_5.407308	1	1249	332	1249	100	37.9472	35.4	59
GC1003827_F08_NODE_7764_length_1249_cov_5.128342	1	1249	390	1249	100	40.9327	35.5	51.6
GC1003827_F08_NODE_7765_length_1249_cov_4.897504	1	1249	272	1248	99.9199	31.0905	35.4	57.8
GC1003827_F08_NODE_7766_length_1249_cov_4.329768	1	1249	279	1249	100	31.6037	35.3	58.5
GC1003827_F08_NODE_7767_length_1249_cov_4.235294	1	1249	990	1249	100	66.0913	35	29.1
GC1003827_F08_NODE_7768_length_1249_cov_3.764706	1	1249	647	1249	100	54.7894	35	54.1
GC1003827_F08_NODE_7769_length_1249_cov_3.546346	1	1249	279	1249	100	29.6837	35.7	55.7
GC1003827_F08_NODE_7770_length_1249_cov_2.915330	1	1249	379	1246	99.7598	32.779	34.9	46.4
GC1003827_F08_NODE_7771_length_1249_cov_2.704100	1	1249	212	1249	100	21.6389	35.5	57.3
GC1003827_F08_NODE_7772_length_1249_cov_2.107843	1	1249	282	1249	100	27.7158	35.2	54.7
GC1003827_F08_NODE_7773_length_1249_cov_1.886809	1	1249	118	1248	99.9199	13.1625	35.6	58.3
GC1003827_F08_NODE_7774_length_1249_cov_1.033868	1	1249	64	1240	99.2794	6.93435	34.9	54.2
GC1003827_F08_NODE_7775_length_1248_cov_11.869759	1	1248	1283	1248	100	123.857	35.1	52
GC1003827_F08_NODE_7776_length_1248_cov_4.603925	1	1248	611	1248	100	51.2139	35.6	45.5
GC1003827_F08_NODE_7777_length_1248_cov_3.654773	1	1248	249	1248	100	28.5136	35.9	59.9
GC1003827_F08_NODE_7778_length_1248_cov_2.683318	1	1248	174	1248	100	19.0697	35.9	57.6
GC1003827_F08_NODE_7779_length_1248_cov_1.972346	1	1248	131	1245	99.7596	15.254	35.9	59.4
GC1003827_F08_NODE_7780_length_1247_cov_28.239286	1	1247	2288	1247	100	244.93	35.5	56.4
GC1003827_F08_NODE_7781_length_1247_cov_11.330357	1	1247	738	1247	100	81.6439	35.5	58.2
GC1003827_F08_NODE_7782_length_1247_cov_4.922321	1	1247	394	1247	100	42.2173	35.6	57.5
GC1003827_F08_NODE_7783_length_1247_cov_4.724107	1	1247	343	1247	100	37.0273	35.4	58.7
GC1003827_F08_NODE_7784_length_1247_cov_4.244643	1	1247	387	1247	100	39.9334	35.3	55.6
GC1003827_F08_NODE_7785_length_1247_cov_3.498214	1	1247	218	1246	99.9198	24.4018	35.3	58.1
GC1003827_F08_NODE_7786_length_1247_cov_2.878571	1	1247	253	1247	100	24.6038	35.9	54.8
GC1003827_F08_NODE_7787_length_1247_cov_0.775893	1	1247	54	1247	100	5.84844	35.7	54.6
GC1003827_F08_NODE_7788_length_1246_cov_12.520107	1	1246	967	1246	100	99.6196	35.9	50.4
GC1003827_F08_NODE_7789_length_1246_cov_8.401251	1	1246	511	1246	100	58.1051	35.7	58.8
GC1003827_F08_NODE_7790_length_1246_cov_7.337802	1	1246	3148	1246	100	335.342	35.3	30.7
GC1003827_F08_NODE_7791_length_1246_cov_6.311886	1	1246	683	1246	100	58.7713	35.3	42
GC1003827_F08_NODE_7792_length_1246_cov_5.371761	1	1246	369	1246	100	40.4663	35.5	58.4
GC1003827_F08_NODE_7793_length_1246_cov_3.988382	1	1246	305	1246	100	31.5578	35.7	54.5
GC1003827_F08_NODE_7794_length_1246_cov_3.764969	1	1246	246	1246	100	28.134	35.5	59.1
GC1003827_F08_NODE_7795_length_1246_cov_2.807864	1	1246	173	1246	100	19.8218	35.4	58.3
GC1003827_F08_NODE_7796_length_1246_cov_2.684540	1	1246	184	1246	100	19.7071	35.9	57
GC1003827_F08_NODE_7797_length_1246_cov_2.321716	1	1246	180	1246	100	19.077	35.7	53.3
GC1003827_F08_NODE_7798_length_1246_cov_1.436104	1	1246	176	1246	100	15.9952	34.5	47.3
GC1003827_F08_NODE_7799_length_1246_cov_1.210903	1	1246	99	1246	100	10.6453	35.3	58.3
GC1003827_F08_NODE_7800_length_1245_cov_8.012522	1	1245	701	1245	100	74.4859	35.6	57.1
GC1003827_F08_NODE_7801_length_1245_cov_6.285331	1	1245	430	1244	99.9197	47.7229	35.5	58.6
GC1003827_F08_NODE_7802_length_1245_cov_6.269231	1	1245	441	1245	100	47.9333	35.6	57.8
GC1003827_F08_NODE_7803_length_1245_cov_5.914132	1	1245	393	1245	100	44.1084	35.5	58.4
GC1003827_F08_NODE_7804_length_1245_cov_4.386404	1	1245	1533	1245	100	118.429	34.3	18.3
GC1003827_F08_NODE_7805_length_1245_cov_3.687835	1	1245	513	1245	100	47.7542	34.9	54.8
GC1003827_F08_NODE_7806_length_1245_cov_3.659213	1	1245	207	1243	99.8394	24.3727	35.7	59.6
GC1003827_F08_NODE_7807_length_1245_cov_3.432916	1	1245	267	1245	100	26.4185	35.5	52.3
GC1003827_F08_NODE_7808_length_1245_cov_3.163685	1	1245	197	1245	100	23.2458	35.5	59.8
GC1003827_F08_NODE_7809_length_1245_cov_3.048301	1	1245	216	1245	100	22.4008	35.8	52.7
GC1003827_F08_NODE_7810_length_1245_cov_1.535778	1	1245	102	1245	100	11.1598	35.4	56.4
GC1003827_F08_NODE_7811_length_1244_cov_5.772605	1	1244	384	1244	100	42.365	35.8	58.5
GC1003827_F08_NODE_7812_length_1244_cov_4.988362	1	1244	569	1244	100	55.7588	34.8	56.1
GC1003827_F08_NODE_7813_length_1244_cov_4.691137	1	1244	313	1243	99.9196	35.0257	35.5	58.4
GC1003827_F08_NODE_7814_length_1244_cov_3.554163	1	1244	708	1244	100	46.2588	34.1	24.2
GC1003827_F08_NODE_7815_length_1244_cov_2.796777	1	1244	186	1244	100	20.75	35.8	58.7
GC1003827_F08_NODE_7816_length_1244_cov_2.143241	1	1244	202	1244	100	18.3063	35.4	44.6
GC1003827_F08_NODE_7817_length_1244_cov_2.128021	1	1244	144	1244	100	16.2621	35.5	59.2
GC1003827_F08_NODE_7818_length_1244_cov_1.888093	1	1244	119	1234	99.1961	13.3087	35.7	56.9
GC1003827_F08_NODE_7819_length_1244_cov_1.727842	1	1244	126	1244	100	13.6415	35.4	57.1
GC1003827_F08_NODE_7820_length_1243_cov_9.397849	1	1243	655	1243	100	71.2518	35.5	55.3
GC1003827_F08_NODE_7821_length_1243_cov_6.099462	1	1243	692	1243	100	61.6903	35.4	50.3
GC1003827_F08_NODE_7822_length_1243_cov_4.684588	1	1243	997	1243	100	72.8648	34.4	22.9
GC1003827_F08_NODE_7823_length_1243_cov_4.545699	1	1243	287	1243	100	32.4562	35.8	58.5
GC1003827_F08_NODE_7824_length_1243_cov_4.239247	1	1243	269	1243	100	29.6525	35.7	57.9
GC1003827_F08_NODE_7825_length_1243_cov_3.543011	1	1243	246	1243	100	27.8882	35.6	59.1
GC1003827_F08_NODE_7826_length_1243_cov_3.036738	1	1243	224	1243	100	24.7184	35.3	58
GC1003827_F08_NODE_7827_length_1243_cov_2.323477	1	1243	235	1233	99.1955	23.2856	36	54.8
GC1003827_F08_NODE_7828_length_1243_cov_1.474910	1	1243	88	1223	98.391	10.1971	35.5	58.9
GC1003827_F08_NODE_7829_length_1242_cov_17.393722	1	1242	1311	1242	100	143.225	35.9	57.8
GC1003827_F08_NODE_7830_length_1242_cov_9.532735	1	1242	874	1242	100	88.2061	35.6	55.3
GC1003827_F08_NODE_7831_length_1242_cov_7.016143	1	1242	566	1242	100	59.1369	35.3	58.3
GC1003827_F08_NODE_7832_length_1242_cov_5.069058	1	1242	328	1242	100	35.8003	35.9	57.2
GC1003827_F08_NODE_7833_length_1242_cov_4.982063	1	1242	502	1242	100	45.9903	35.6	45
GC1003827_F08_NODE_7834_length_1242_cov_4.689686	1	1242	609	1242	100	47.7585	35	32.9
GC1003827_F08_NODE_7835_length_1242_cov_4.659193	1	1242	502	1242	100	41.3422	35.2	38.7
GC1003827_F08_NODE_7836_length_1242_cov_1.330942	1	1242	79	1242	100	9.12319	35.8	59.7
GC1003827_F08_NODE_7837_length_1242_cov_0.844843	1	1242	112	1241	99.9195	7.93961	35.6	33.9
GC1003827_F08_NODE_7838_length_1241_cov_9.175943	1	1241	664	1239	99.8388	71.9041	35.5	56.6
GC1003827_F08_NODE_7839_length_1241_cov_8.469479	1	1241	467	1241	100	55.2546	35.6	59.7
GC1003827_F08_NODE_7840_length_1241_cov_6.423698	1	1241	818	1241	100	76.9299	35.2	50
GC1003827_F08_NODE_7841_length_1241_cov_6.259425	1	1241	419	1241	100	47.3787	35	59.2
GC1003827_F08_NODE_7842_length_1241_cov_4.899461	1	1241	280	1241	100	31.7985	35.8	57
GC1003827_F08_NODE_7843_length_1241_cov_4.395871	1	1241	604	1241	100	48.6688	35.2	43.7
GC1003827_F08_NODE_7844_length_1241_cov_4.052962	1	1241	333	1241	100	37.224	35.5	57.7
GC1003827_F08_NODE_7845_length_1241_cov_3.270197	1	1241	253	1241	100	26.4795	35.8	55.5
GC1003827_F08_NODE_7846_length_1241_cov_3.269300	1	1241	239	1241	100	27.0419	35.5	57.6
GC1003827_F08_NODE_7847_length_1241_cov_2.894075	1	1241	158	1241	100	18.4609	35.8	60
GC1003827_F08_NODE_7848_length_1241_cov_2.459605	1	1241	420	1241	100	34.6551	35	43.9
GC1003827_F08_NODE_7849_length_1241_cov_2.271993	1	1241	175	1241	100	18.9073	35.5	57.1
GC1003827_F08_NODE_7850_length_1241_cov_2.133752	1	1241	137	1241	100	14.867	35.9	55.3
GC1003827_F08_NODE_7851_length_1241_cov_1.910233	1	1241	368	1240	99.9194	27.0105	35.3	41.7
GC1003827_F08_NODE_7852_length_1240_cov_5.757412	1	1240	334	1240	100	39.1895	35.9	59.3
GC1003827_F08_NODE_7853_length_1240_cov_2.859838	1	1240	181	1240	100	20.3944	35.6	58
GC1003827_F08_NODE_7854_length_1240_cov_2.015274	1	1240	132	1240	100	14.9468	35.2	60
GC1003827_F08_NODE_7855_length_1240_cov_1.849057	1	1240	118	1240	100	13.7089	35.6	59.4
GC1003827_F08_NODE_7856_length_1240_cov_1.724169	1	1240	101	1240	100	11.7766	35.7	59.8
GC1003827_F08_NODE_7857_length_1240_cov_1.219227	1	1240	85	1230	99.1935	9.48629	35.7	59.7
GC1003827_F08_NODE_7858_length_1240_cov_1.030548	1	1240	86	1240	100	9.03065	36.1	56.1
GC1003827_F08_NODE_7859_length_1239_cov_18.315647	1	1239	1327	1239	100	146.018	35.6	57.1
GC1003827_F08_NODE_7860_length_1239_cov_13.669964	1	1239	881	1239	100	100.568	35.3	58.7
GC1003827_F08_NODE_7861_length_1239_cov_6.510791	1	1239	558	1239	100	56.1098	35.6	57
GC1003827_F08_NODE_7862_length_1239_cov_5.215827	1	1239	599	1239	100	60.5391	34.7	52.5
GC1003827_F08_NODE_7863_length_1239_cov_4.058453	1	1239	337	1239	100	34.3971	35.2	56.8
GC1003827_F08_NODE_7864_length_1239_cov_3.058453	1	1239	240	1239	100	26.0484	35.4	58.3
GC1003827_F08_NODE_7865_length_1239_cov_2.283273	1	1239	693	1239	100	69.4931	34.8	37.9
GC1003827_F08_NODE_7866_length_1239_cov_2.068345	1	1239	127	1235	99.6772	14.6255	35.9	59.4
GC1003827_F08_NODE_7867_length_1239_cov_2.065647	1	1239	135	1239	100	15.0065	36	58.6
GC1003827_F08_NODE_7868_length_1238_cov_11.922592	1	1238	823	1238	100	89.9661	35.7	57.1
GC1003827_F08_NODE_7869_length_1238_cov_8.355536	1	1238	709	1238	100	78.6971	35.4	58.1
GC1003827_F08_NODE_7870_length_1238_cov_7.938794	1	1238	708	1238	100	70.1519	35	50.2
GC1003827_F08_NODE_7871_length_1238_cov_7.517552	1	1238	469	1238	100	54.3595	35.4	59.5
GC1003827_F08_NODE_7872_length_1238_cov_7.423042	1	1238	1398	1238	100	131.158	34.2	50.2
GC1003827_F08_NODE_7873_length_1238_cov_6.135014	1	1238	403	1238	100	45.5267	35.2	59.1
GC1003827_F08_NODE_7874_length_1238_cov_5.423042	1	1238	401	1238	100	42.7076	35.5	57.9
GC1003827_F08_NODE_7875_length_1238_cov_3.213321	1	1238	217	1238	100	23.2464	35.1	56.5
GC1003827_F08_NODE_7876_length_1238_cov_2.730873	1	1238	174	1238	100	18.6672	35.2	54.8
GC1003827_F08_NODE_7877_length_1238_cov_2.643564	1	1238	223	1238	100	22.7286	35.5	55
GC1003827_F08_NODE_7878_length_1238_cov_2.198920	1	1238	216	1238	100	18.8748	35.1	48.4
GC1003827_F08_NODE_7879_length_1238_cov_1.531053	1	1238	100	1238	100	11.0065	35.5	58.5
GC1003827_F08_NODE_7880_length_1237_cov_25.880180	1	1237	2005	1237	100	207.373	35.6	51.6
GC1003827_F08_NODE_7881_length_1237_cov_9.446847	1	1237	1047	1237	100	107.688	34.7	55.8
GC1003827_F08_NODE_7882_length_1237_cov_4.133333	1	1237	228	1237	100	27.1787	35.5	59.8
GC1003827_F08_NODE_7883_length_1237_cov_2.999099	1	1237	280	1237	100	28.2393	35.2	55
GC1003827_F08_NODE_7884_length_1237_cov_2.783784	1	1237	238	1237	100	24.4592	35.4	54.4
GC1003827_F08_NODE_7885_length_1237_cov_1.078378	1	1237	88	1237	100	8.43816	35.4	47.8
GC1003827_F08_NODE_7886_length_1236_cov_9.052299	1	1236	811	1236	100	83.7031	35.6	57.8
GC1003827_F08_NODE_7887_length_1236_cov_4.460775	1	1236	280	1236	100	32.0574	35.1	59
GC1003827_F08_NODE_7888_length_1236_cov_3.667268	1	1236	284	1236	100	28.0146	35.6	55.8
GC1003827_F08_NODE_7889_length_1236_cov_3.239856	1	1236	202	1236	100	23.5615	35.6	59.8
GC1003827_F08_NODE_7890_length_1236_cov_1.590622	1	1236	307	1224	99.0291	26.873	34.9	45.2
GC1003827_F08_NODE_7891_length_1236_cov_1.158702	1	1236	81	1235	99.9191	8.8754	34.6	59.3
GC1003827_F08_NODE_7892_length_1235_cov_8.425993	1	1235	522	1235	100	60.1895	35.4	59.1
GC1003827_F08_NODE_7893_length_1235_cov_7.399819	1	1235	452	1235	100	51.7206	35.7	58.7
GC1003827_F08_NODE_7894_length_1235_cov_4.212996	1	1235	270	1235	100	30.5466	35.7	58.4
GC1003827_F08_NODE_7895_length_1235_cov_3.491877	1	1235	268	1232	99.7571	28.6267	35.6	55
GC1003827_F08_NODE_7896_length_1235_cov_3.443141	1	1235	227	1234	99.919	25.37	35.9	58.1
GC1003827_F08_NODE_7897_length_1235_cov_2.778881	1	1235	213	1235	100	22.4964	36	57.3
GC1003827_F08_NODE_7898_length_1235_cov_1.667870	1	1235	276	1235	100	25.3895	35.4	52.7
GC1003827_F08_NODE_7899_length_1235_cov_1.635379	1	1235	102	1225	99.1903	11.7085	35.4	57.4
GC1003827_F08_NODE_7900_length_1234_cov_4.907859	1	1234	355	1234	100	40.1434	35.5	58.1
GC1003827_F08_NODE_7901_length_1234_cov_4.311653	1	1234	616	1234	100	48.3622	35.1	34.7
GC1003827_F08_NODE_7902_length_1234_cov_4.130985	1	1234	249	1232	99.8379	29.3703	35.5	59.9
GC1003827_F08_NODE_7903_length_1234_cov_3.645890	1	1234	241	1234	100	26.3541	35.1	56.9
GC1003827_F08_NODE_7904_length_1234_cov_2.688347	1	1234	170	1234	100	19.7269	35.5	59.3
GC1003827_F08_NODE_7905_length_1234_cov_2.655827	1	1234	161	1234	100	18.8088	35.7	60
GC1003827_F08_NODE_7906_length_1234_cov_2.137308	1	1234	209	1234	100	19.6288	35.7	51.6
GC1003827_F08_NODE_7907_length_1234_cov_1.696477	1	1234	105	1234	100	11.6402	35.6	57.2
GC1003827_F08_NODE_7908_length_1234_cov_1.607046	1	1234	98	1234	100	11.3825	35.6	59.4
GC1003827_F08_NODE_7909_length_1234_cov_1.257453	1	1234	74	1224	99.1896	8.14992	35.9	56.4
GC1003827_F08_NODE_7910_length_1234_cov_1.146341	1	1234	69	1224	99.1896	8.12885	35.7	60
GC1003827_F08_NODE_7911_length_1233_cov_12.028933	1	1233	802	1232	99.9189	92.1249	35.5	59
GC1003827_F08_NODE_7912_length_1233_cov_11.673599	1	1233	874	1233	100	96.159	35.6	52.7
GC1003827_F08_NODE_7913_length_1233_cov_10.977396	1	1233	869	1233	100	93.781	35.5	57.9
GC1003827_F08_NODE_7914_length_1233_cov_4.008137	1	1233	666	1233	100	52.2895	34.3	48.5
GC1003827_F08_NODE_7915_length_1233_cov_3.176311	1	1233	460	1233	100	39.2149	34.2	48.7
GC1003827_F08_NODE_7916_length_1233_cov_2.896926	1	1233	171	1231	99.8378	19.6813	35.3	59.1
GC1003827_F08_NODE_7917_length_1233_cov_2.351718	1	1233	132	1233	100	15.8037	35.6	59.8
GC1003827_F08_NODE_7918_length_1233_cov_2.188065	1	1233	189	1233	100	19.6375	35.7	55.5
GC1003827_F08_NODE_7919_length_1232_cov_25.311312	1	1232	1656	1232	100	185.901	35.8	58.1
GC1003827_F08_NODE_7920_length_1232_cov_5.687783	1	1232	407	1232	100	45.0536	35.7	55.9
GC1003827_F08_NODE_7921_length_1232_cov_5.570136	1	1232	576	1231	99.9188	56.9196	35.7	55.8
GC1003827_F08_NODE_7922_length_1232_cov_2.965611	1	1232	2896	1232	100	217.222	33.9	11.9
GC1003827_F08_NODE_7923_length_1232_cov_2.827149	1	1232	224	1232	100	22.4383	35.6	53.7
GC1003827_F08_NODE_7924_length_1232_cov_2.013575	1	1232	279	1232	100	22.9968	34.9	45
GC1003827_F08_NODE_7925_length_1232_cov_1.994570	1	1232	178	1232	100	18.6502	35.6	56.4
GC1003827_F08_NODE_7926_length_1232_cov_1.297738	1	1232	102	1232	100	10.0633	35.5	51.2
GC1003827_F08_NODE_7927_length_1231_cov_11.485507	1	1231	833	1231	100	89.7157	35.3	57.9
GC1003827_F08_NODE_7928_length_1231_cov_6.824275	1	1231	430	1231	100	48.8294	35.8	58.1
GC1003827_F08_NODE_7929_length_1231_cov_5.043478	1	1231	289	1231	100	34.1552	35.5	59.7
GC1003827_F08_NODE_7930_length_1231_cov_3.271739	1	1231	214	1231	100	23.2486	35.5	58
GC1003827_F08_NODE_7931_length_1231_cov_2.278986	1	1231	204	1228	99.7563	20.2859	35.2	52.2
GC1003827_F08_NODE_7932_length_1231_cov_1.839674	1	1231	212	1231	100	18.1747	35.3	47.3
GC1003827_F08_NODE_7933_length_1231_cov_1.819746	1	1231	97	1226	99.5938	11.6548	34.9	59.8
GC1003827_F08_NODE_7934_length_1231_cov_1.664855	1	1231	107	1231	100	11.8343	36	58.5
GC1003827_F08_NODE_7935_length_1231_cov_1.366848	1	1231	164	1231	100	13.4379	35.3	38.9
GC1003827_F08_NODE_7936_length_1231_cov_1.110507	1	1231	115	1231	100	10.026	35.5	48.1
GC1003827_F08_NODE_7937_length_1231_cov_1.096920	1	1231	82	1227	99.6751	8.93907	35.9	55.6
GC1003827_F08_NODE_7938_length_1230_cov_10.728015	1	1230	1002	1230	100	104.03	35.4	55.4
GC1003827_F08_NODE_7939_length_1230_cov_2.616500	1	1230	242	1230	100	25.4431	35.1	56.9
GC1003827_F08_NODE_7940_length_1230_cov_2.400725	1	1230	194	1230	100	19.8902	35.8	55.7
GC1003827_F08_NODE_7941_length_1230_cov_1.505893	1	1230	179	1230	100	14.0154	35.8	41.2
GC1003827_F08_NODE_7942_length_1230_cov_0.932910	1	1230	81	1230	100	8.73008	35.2	58.2
GC1003827_F08_NODE_7943_length_1230_cov_0.892112	1	1230	50	1217	98.9431	6.01626	35.7	60
GC1003827_F08_NODE_7944_length_1230_cov_0.852221	1	1230	98	1230	100	9.41707	35.5	54.3
GC1003827_F08_NODE_7945_length_1229_cov_15.398367	1	1229	1701	1229	100	170.895	35.1	52.4
GC1003827_F08_NODE_7946_length_1229_cov_11.421053	1	1229	1263	1229	100	127.998	35.4	56.6
GC1003827_F08_NODE_7947_length_1229_cov_9.417423	1	1229	691	1226	99.7559	74.2506	35.7	58.1
GC1003827_F08_NODE_7948_length_1229_cov_8.643376	1	1229	793	1229	100	77.0187	35.3	49.8
GC1003827_F08_NODE_7949_length_1229_cov_4.492740	1	1229	276	1228	99.9186	31.9235	35.7	59.7
GC1003827_F08_NODE_7950_length_1229_cov_3.761343	1	1229	279	1229	100	31.716	35.9	58.3
GC1003827_F08_NODE_7951_length_1228_cov_26.063579	1	1228	1708	1228	100	197.007	35.4	59.4
GC1003827_F08_NODE_7952_length_1228_cov_17.863760	1	1228	1307	1228	100	144.329	35.4	57.7
GC1003827_F08_NODE_7953_length_1228_cov_12.830154	1	1228	780	1228	100	90.798	35.6	59.2
GC1003827_F08_NODE_7954_length_1228_cov_11.053588	1	1228	857	1228	100	92.5187	35.5	58.1
GC1003827_F08_NODE_7955_length_1228_cov_10.518619	1	1228	1312	1228	100	138.792	35.7	59.2
GC1003827_F08_NODE_7956_length_1228_cov_6.443233	1	1228	751	1228	100	71.2614	34.7	53.4
GC1003827_F08_NODE_7957_length_1228_cov_6.011807	1	1228	357	1228	100	40.7207	35.4	57.8
GC1003827_F08_NODE_7958_length_1228_cov_5.663034	1	1228	548	1228	100	53.1759	35.4	51.6
GC1003827_F08_NODE_7959_length_1228_cov_4.634877	1	1228	302	1228	100	34.9699	35.7	58.7
GC1003827_F08_NODE_7960_length_1228_cov_3.402361	1	1228	237	1228	100	25.8575	35.6	57.3
GC1003827_F08_NODE_7961_length_1228_cov_2.366939	1	1228	493	1228	100	38.8762	35.2	47.2
GC1003827_F08_NODE_7962_length_1228_cov_2.154405	1	1228	166	1228	100	17.0277	35.5	53.3
GC1003827_F08_NODE_7963_length_1228_cov_1.973660	1	1228	149	1228	100	15.0554	35.8	49.8
GC1003827_F08_NODE_7964_length_1227_cov_14.673636	1	1227	948	1227	100	105.998	35.9	58.8
GC1003827_F08_NODE_7965_length_1227_cov_7.753636	1	1227	620	1214	98.9405	65.5061	35.4	55.9
GC1003827_F08_NODE_7966_length_1227_cov_5.804545	1	1227	361	1227	100	40.1548	35.4	55.4
GC1003827_F08_NODE_7967_length_1227_cov_4.938182	1	1227	318	1227	100	35.2282	35.6	58.1
GC1003827_F08_NODE_7968_length_1227_cov_4.769091	1	1227	364	1227	100	40.6789	35.8	58.7
GC1003827_F08_NODE_7969_length_1227_cov_3.145455	1	1227	230	1227	100	26.2135	35.8	59.3
GC1003827_F08_NODE_7970_length_1227_cov_2.743636	1	1227	188	1227	100	21.9071	35.6	59.8
GC1003827_F08_NODE_7971_length_1227_cov_1.898182	1	1227	115	1227	100	13.2535	35.9	58.4
GC1003827_F08_NODE_7972_length_1226_cov_8.715196	1	1226	986	1226	100	91.0677	35.3	41.2
GC1003827_F08_NODE_7973_length_1226_cov_7.441310	1	1226	907	1226	100	75.5922	35.1	37.1
GC1003827_F08_NODE_7974_length_1226_cov_5.740673	1	1226	609	1226	100	58.2781	35.5	49.2
GC1003827_F08_NODE_7975_length_1226_cov_3.222020	1	1226	221	1226	100	24.8328	35.8	57.6
GC1003827_F08_NODE_7976_length_1226_cov_2.970883	1	1226	199	1226	100	21.0514	35.9	52.1
GC1003827_F08_NODE_7977_length_1226_cov_2.751592	1	1226	170	1226	100	19.5449	35.7	58.9
GC1003827_F08_NODE_7978_length_1226_cov_2.567789	1	1226	192	1166	95.106	20.6403	35.1	51.5
GC1003827_F08_NODE_7979_length_1226_cov_2.417652	1	1226	151	1226	100	17.3206	35.4	58.4
GC1003827_F08_NODE_7980_length_1226_cov_0.909008	1	1226	52	1226	100	6.25041	35.5	60
GC1003827_F08_NODE_7981_length_1226_cov_0.786169	1	1226	58	1226	100	6.61256	35.7	58
GC1003827_F08_NODE_7982_length_1226_cov_0.683348	1	1226	793	1226	100	39.9323	32.8	9.88
GC1003827_F08_NODE_7983_length_1225_cov_17.682149	1	1225	1148	1225	100	133.168	35.6	58.5
GC1003827_F08_NODE_7984_length_1225_cov_13.242259	1	1225	1552	1224	99.9184	162.503	35.1	47.9
GC1003827_F08_NODE_7985_length_1225_cov_7.336066	1	1225	433	1225	100	50.6171	35.5	59.4
GC1003827_F08_NODE_7986_length_1225_cov_5.647541	1	1225	653	1225	100	56.0408	35.4	46.4
GC1003827_F08_NODE_7987_length_1225_cov_5.502732	1	1225	390	1225	100	42.6465	35.6	57.8
GC1003827_F08_NODE_7988_length_1225_cov_5.192168	1	1225	321	1222	99.7551	36.4278	35.9	58.6
GC1003827_F08_NODE_7989_length_1225_cov_4.649362	1	1225	272	1225	100	31.609	35.7	58.6
GC1003827_F08_NODE_7990_length_1225_cov_4.368852	1	1225	285	1223	99.8367	32.8286	35.6	58.4
GC1003827_F08_NODE_7991_length_1225_cov_3.288707	1	1225	210	1225	100	23.2882	35.6	58
GC1003827_F08_NODE_7992_length_1225_cov_3.075592	1	1225	196	1225	100	22.7224	35.4	58.3
GC1003827_F08_NODE_7993_length_1225_cov_2.683060	1	1225	208	1225	100	20.578	35.5	52.6
GC1003827_F08_NODE_7994_length_1225_cov_2.536430	1	1225	211	1225	100	21.0278	35.5	52.8
GC1003827_F08_NODE_7995_length_1225_cov_2.365209	1	1225	199	1225	100	19.5698	35.5	49.2
GC1003827_F08_NODE_7996_length_1225_cov_1.750455	1	1225	163	1225	100	14.7086	35.5	51.1
GC1003827_F08_NODE_7997_length_1225_cov_0.748634	1	1225	45	1215	99.1837	5.39265	34.9	60
GC1003827_F08_NODE_7998_length_1224_cov_9.821331	1	1224	659	1223	99.9183	73.6569	35.7	57.8
GC1003827_F08_NODE_7999_length_1224_cov_5.938924	1	1224	341	1224	100	39.8064	35.6	59.1
GC1003827_F08_NODE_8000_length_1224_cov_4.962625	1	1224	361	1224	100	41.826	35.4	58.9
GC1003827_F08_NODE_8001_length_1224_cov_4.204193	1	1224	257	1224	100	29.5384	35.7	59
GC1003827_F08_NODE_8002_length_1224_cov_3.704649	1	1224	322	1224	100	28.6291	35.4	49.1
GC1003827_F08_NODE_8003_length_1224_cov_3.619872	1	1224	356	1218	99.5098	31.6569	35.4	48
GC1003827_F08_NODE_8004_length_1224_cov_3.555150	1	1224	393	1224	100	36.665	35.7	44.8
GC1003827_F08_NODE_8005_length_1224_cov_3.530538	1	1224	372	1224	100	35.9371	35.1	49
GC1003827_F08_NODE_8006_length_1224_cov_3.273473	1	1224	192	1224	100	22.1642	35.7	57.9
GC1003827_F08_NODE_8007_length_1224_cov_2.739289	1	1224	168	1224	100	19.2843	35.6	58.7
GC1003827_F08_NODE_8008_length_1224_cov_1.615314	1	1224	141	1224	100	13.9763	34.9	55.4
GC1003827_F08_NODE_8009_length_1223_cov_15.923358	1	1223	1060	1220	99.7547	122.084	35.7	59.2
GC1003827_F08_NODE_8010_length_1223_cov_10.391423	1	1223	964	1215	99.3459	106.264	35.2	52.6
GC1003827_F08_NODE_8011_length_1223_cov_8.927007	1	1223	598	1223	100	68.7923	35.7	58.5
GC1003827_F08_NODE_8012_length_1223_cov_5.824818	1	1223	371	1223	100	43.0932	35.7	58.8
GC1003827_F08_NODE_8013_length_1223_cov_5.746350	1	1223	375	1223	100	42.2772	35.7	58.6
GC1003827_F08_NODE_8014_length_1223_cov_5.326642	1	1223	573	1223	100	52.0589	35	46.7
GC1003827_F08_NODE_8015_length_1223_cov_5.281934	1	1223	359	1181	96.5658	41.2829	35.4	58.6
GC1003827_F08_NODE_8016_length_1223_cov_4.968978	1	1223	453	1223	100	44.7882	34.9	50.3
GC1003827_F08_NODE_8017_length_1223_cov_2.513686	1	1223	356	1223	100	38.8757	35.3	45.1
GC1003827_F08_NODE_8018_length_1223_cov_2.343978	1	1223	567	1223	100	36.9689	34.1	21.8
GC1003827_F08_NODE_8019_length_1223_cov_1.906934	1	1223	152	1223	100	16.8038	35.6	56.1
GC1003827_F08_NODE_8020_length_1223_cov_1.884124	1	1223	193	1223	100	17.5053	35.6	45.4
GC1003827_F08_NODE_8021_length_1222_cov_13.378995	1	1222	1262	1216	99.509	134.805	35.2	56.7
GC1003827_F08_NODE_8022_length_1222_cov_8.771689	1	1222	638	1222	100	70.3429	35.7	57.5
GC1003827_F08_NODE_8023_length_1222_cov_5.717808	1	1222	510	1222	100	53.6162	34.9	53.6
GC1003827_F08_NODE_8024_length_1222_cov_5.092237	1	1222	404	1212	99.1817	41.8977	35.7	56.5
GC1003827_F08_NODE_8025_length_1222_cov_3.601826	1	1222	299	1222	100	31.8339	35.7	56
GC1003827_F08_NODE_8026_length_1222_cov_2.621918	1	1222	174	1222	100	19.1154	35.6	56
GC1003827_F08_NODE_8027_length_1222_cov_2.563470	1	1222	189	1222	100	20.2635	35.1	56.8
GC1003827_F08_NODE_8028_length_1222_cov_1.945205	1	1222	116	1222	100	13.2594	35.5	59.2
GC1003827_F08_NODE_8029_length_1222_cov_1.664840	1	1222	187	1222	100	19.2594	35.3	56
GC1003827_F08_NODE_8030_length_1222_cov_1.452968	1	1222	99	1221	99.9182	10.7668	35.4	55.6
GC1003827_F08_NODE_8031_length_1222_cov_1.399087	1	1222	110	1222	100	11.4165	35.8	55.8
GC1003827_F08_NODE_8032_length_1221_cov_20.913163	1	1221	1240	1221	100	144.344	35.7	58.6
GC1003827_F08_NODE_8033_length_1221_cov_9.913163	1	1221	865	1221	100	88.5979	35.7	56.2
GC1003827_F08_NODE_8034_length_1221_cov_8.519196	1	1221	775	1221	100	83.6577	35.5	56
GC1003827_F08_NODE_8035_length_1221_cov_7.841865	1	1221	690	1213	99.3448	73.3595	35.3	56.6
GC1003827_F08_NODE_8036_length_1221_cov_7.603291	1	1221	497	1221	100	57.1679	35.9	59
GC1003827_F08_NODE_8037_length_1221_cov_7.581353	1	1221	563	1219	99.8362	62.7101	35.8	57.8
GC1003827_F08_NODE_8038_length_1221_cov_5.034735	1	1221	633	1221	100	55.4775	35.2	39.5
GC1003827_F08_NODE_8039_length_1221_cov_4.951554	1	1221	546	1221	100	57.7183	34.9	56.1
GC1003827_F08_NODE_8040_length_1221_cov_3.667276	1	1221	364	1221	100	35.0688	35.4	51.4
GC1003827_F08_NODE_8041_length_1221_cov_3.509141	1	1221	290	1221	100	30.5774	35.5	56.3
GC1003827_F08_NODE_8042_length_1221_cov_2.936015	1	1221	246	1221	100	26.009	35.4	53.3
GC1003827_F08_NODE_8043_length_1221_cov_2.471664	1	1221	193	1221	100	20.9959	35.9	58
GC1003827_F08_NODE_8044_length_1221_cov_2.281536	1	1221	156	1220	99.9181	17.0467	35.5	56.7
GC1003827_F08_NODE_8045_length_1221_cov_1.998172	1	1221	127	1221	100	14.502	35.9	59.2
GC1003827_F08_NODE_8046_length_1220_cov_19.967063	1	1220	1462	1220	100	166.36	35.5	57.6
GC1003827_F08_NODE_8047_length_1220_cov_10.738335	1	1220	1398	1220	100	128.801	35.2	46.7
GC1003827_F08_NODE_8048_length_1220_cov_7.748399	1	1220	717	1220	100	72.9631	35.3	51.2
GC1003827_F08_NODE_8049_length_1220_cov_7.064044	1	1220	493	1220	100	54.3615	35.8	56.7
GC1003827_F08_NODE_8050_length_1220_cov_4.499543	1	1220	317	1220	100	35.9984	35.4	57.1
GC1003827_F08_NODE_8051_length_1220_cov_3.251601	1	1220	253	1220	100	26.9377	35.3	52.6
GC1003827_F08_NODE_8052_length_1220_cov_2.399817	1	1220	143	1218	99.8361	17.0295	35.4	59.1
GC1003827_F08_NODE_8053_length_1220_cov_1.600183	1	1220	95	1220	100	11.2475	35.6	58.9
GC1003827_F08_NODE_8054_length_1220_cov_1.401647	1	1220	83	1220	100	9.74344	35.4	58.7
GC1003827_F08_NODE_8055_length_1219_cov_6.422161	1	1219	436	1218	99.918	49.2469	35.9	58.4
GC1003827_F08_NODE_8056_length_1219_cov_5.935897	1	1219	378	1219	100	43.3577	35.7	58.6
GC1003827_F08_NODE_8057_length_1219_cov_5.314103	1	1219	435	1219	100	46.548	35.7	56.9
GC1003827_F08_NODE_8058_length_1219_cov_5.204212	1	1219	427	1219	100	45.8441	35.5	56.5
GC1003827_F08_NODE_8059_length_1219_cov_5.015568	1	1219	347	1219	100	37.4151	35.5	55.2
GC1003827_F08_NODE_8060_length_1219_cov_4.738095	1	1219	450	1219	100	41.6825	35.6	46.5
GC1003827_F08_NODE_8061_length_1219_cov_1.896520	1	1219	132	1207	99.0156	14.927	35.7	58.8
GC1003827_F08_NODE_8062_length_1218_cov_12.296975	1	1218	1411	1218	100	135.574	34.5	48.6
GC1003827_F08_NODE_8063_length_1218_cov_7.225481	1	1218	443	1218	100	52.7619	35.5	59.4
GC1003827_F08_NODE_8064_length_1218_cov_2.832264	1	1218	191	1218	100	21.9015	35.6	58.7
GC1003827_F08_NODE_8065_length_1218_cov_2.588451	1	1218	262	1218	100	22.7053	35.3	44
GC1003827_F08_NODE_8066_length_1218_cov_2.537122	1	1218	316	1218	100	26.6568	35.7	49
GC1003827_F08_NODE_8067_length_1218_cov_2.341888	1	1218	152	1218	100	17.3744	35.8	58.3
GC1003827_F08_NODE_8068_length_1218_cov_1.816682	1	1218	121	1218	100	13.6437	35.7	55.6
GC1003827_F08_NODE_8069_length_1218_cov_1.047663	1	1218	74	1218	100	8.05255	35.6	51.9
GC1003827_F08_NODE_8070_length_1217_cov_12.502752	1	1217	759	1217	100	89.3591	35.5	59.4
GC1003827_F08_NODE_8071_length_1217_cov_12.248624	1	1217	730	1217	100	83.59	35.2	58.6
GC1003827_F08_NODE_8072_length_1217_cov_8.856881	1	1217	1106	1217	100	105.297	34.6	48.8
GC1003827_F08_NODE_8073_length_1217_cov_6.820183	1	1217	570	1214	99.7535	60.3993	35.5	55.8
GC1003827_F08_NODE_8074_length_1217_cov_3.595413	1	1217	470	1217	100	40.3566	34.5	45.2
GC1003827_F08_NODE_8075_length_1217_cov_3.560550	1	1217	208	1217	100	24.3443	35.9	59.2
GC1003827_F08_NODE_8076_length_1217_cov_3.268807	1	1217	284	1217	100	28.6919	35.7	53.4
GC1003827_F08_NODE_8077_length_1217_cov_0.984404	1	1217	60	1217	100	6.91537	35.4	58.8
GC1003827_F08_NODE_8078_length_1217_cov_0.910092	1	1217	64	1216	99.9178	7.34922	36	59
GC1003827_F08_NODE_8079_length_1216_cov_15.707989	1	1216	1658	1216	100	167.597	35.4	56.3
GC1003827_F08_NODE_8080_length_1216_cov_9.332415	1	1216	936	1216	100	94.4572	35.6	56.3
GC1003827_F08_NODE_8081_length_1216_cov_9.324151	1	1216	1461	1216	100	124.856	34.8	43.5
GC1003827_F08_NODE_8082_length_1216_cov_9.143251	1	1216	555	1215	99.9178	64.1826	35.6	58.5
GC1003827_F08_NODE_8083_length_1216_cov_6.732782	1	1216	687	1216	100	64.6678	35.6	43.9
GC1003827_F08_NODE_8084_length_1216_cov_6.492195	1	1216	436	1216	100	50.3355	35.7	59.1
GC1003827_F08_NODE_8085_length_1216_cov_3.545455	1	1216	219	1216	100	25.3898	35.5	59.7
GC1003827_F08_NODE_8086_length_1216_cov_3.305785	1	1216	255	1216	100	26.4391	35.7	52.7
GC1003827_F08_NODE_8087_length_1216_cov_3.155188	1	1216	313	1216	100	30.3906	35.6	50.7
GC1003827_F08_NODE_8088_length_1216_cov_2.973370	1	1216	605	1216	100	40.4696	35	20.9
GC1003827_F08_NODE_8089_length_1216_cov_2.679522	1	1216	6667	1216	100	449.686	33.6	11.1
GC1003827_F08_NODE_8090_length_1216_cov_1.902663	1	1216	148	1215	99.9178	15.6283	35.7	56
GC1003827_F08_NODE_8091_length_1216_cov_1.794307	1	1216	112	1216	100	12.662	36	59.7
GC1003827_F08_NODE_8092_length_1216_cov_0.460055	1	1216	53	1216	100	4.09786	35.9	46.8
GC1003827_F08_NODE_8093_length_1215_cov_22.159926	1	1215	1637	1215	100	181.719	35.9	57.5
GC1003827_F08_NODE_8094_length_1215_cov_15.690257	1	1215	1245	1215	100	139.331	35.5	55.9
GC1003827_F08_NODE_8095_length_1215_cov_10.814338	1	1215	771	1215	100	87.8634	35.6	57.8
GC1003827_F08_NODE_8096_length_1215_cov_9.862132	1	1215	688	1215	100	74.3292	35.6	54.2
GC1003827_F08_NODE_8097_length_1215_cov_7.608456	1	1215	542	1215	100	61.8889	35.5	58.9
GC1003827_F08_NODE_8098_length_1215_cov_7.499081	1	1215	665	1215	100	72.0543	35.1	55.7
GC1003827_F08_NODE_8099_length_1215_cov_5.533088	1	1215	347	1215	100	39.1457	35.8	56.3
GC1003827_F08_NODE_8100_length_1215_cov_4.934743	1	1215	368	1215	100	42.4527	35.3	47.2
GC1003827_F08_NODE_8101_length_1215_cov_4.390625	1	1215	269	1215	100	31.2	35.3	57.5
GC1003827_F08_NODE_8102_length_1215_cov_4.018382	1	1215	219	1215	100	26.223	35.7	59.7
GC1003827_F08_NODE_8103_length_1215_cov_2.954963	1	1215	179	1215	100	20.856	35.9	58.6
GC1003827_F08_NODE_8104_length_1215_cov_2.474265	1	1215	160	1215	100	18.879	35.5	58
GC1003827_F08_NODE_8105_length_1215_cov_2.141544	1	1215	164	1215	100	18.3646	35.4	58.5
GC1003827_F08_NODE_8106_length_1215_cov_1.641544	1	1215	99	1215	100	11.279	35.8	59.1
GC1003827_F08_NODE_8107_length_1214_cov_15.809568	1	1214	1048	1214	100	115.323	35.6	54.6
GC1003827_F08_NODE_8108_length_1214_cov_11.120515	1	1214	738	1214	100	85.7792	35.5	59
GC1003827_F08_NODE_8109_length_1214_cov_5.562098	1	1214	680	1214	100	59.2965	35.6	43.8
GC1003827_F08_NODE_8110_length_1214_cov_4.635695	1	1214	283	1209	99.5881	33.3089	35.7	59.7
GC1003827_F08_NODE_8111_length_1214_cov_2.494940	1	1214	177	1214	100	20.5272	35.1	58.9
GC1003827_F08_NODE_8112_length_1214_cov_2.303588	1	1214	163	1214	100	17.9662	35.7	56.5
GC1003827_F08_NODE_8113_length_1214_cov_1.909844	1	1214	121	1213	99.9176	13.953	35.4	58.1
GC1003827_F08_NODE_8114_length_1213_cov_6.288214	1	1213	471	1213	100	51.5639	35.7	56.6
GC1003827_F08_NODE_8115_length_1213_cov_5.647330	1	1213	408	1213	100	45.4839	35.6	56.9
GC1003827_F08_NODE_8116_length_1213_cov_5.463168	1	1213	394	1213	100	46.5317	35.6	58.8
GC1003827_F08_NODE_8117_length_1213_cov_4.689687	1	1213	287	1213	100	34.1954	35.6	59.3
GC1003827_F08_NODE_8118_length_1213_cov_4.014733	1	1213	424	1213	100	36.2218	35.6	46.2
GC1003827_F08_NODE_8119_length_1213_cov_3.591160	1	1213	230	1212	99.9176	25.5565	35.6	56.3
GC1003827_F08_NODE_8120_length_1213_cov_3.194291	1	1213	736	1209	99.6702	50.2556	34.7	34.7
GC1003827_F08_NODE_8121_length_1213_cov_2.566298	1	1213	198	1213	100	20.7395	35.8	58.7
GC1003827_F08_NODE_8122_length_1213_cov_2.367403	1	1213	193	1213	100	19.7403	35.1	49.7
GC1003827_F08_NODE_8123_length_1213_cov_2.191529	1	1213	228	1213	100	21.9522	35	56.2
GC1003827_F08_NODE_8124_length_1213_cov_1.855433	1	1213	138	1213	100	14.5004	35.8	53.9
GC1003827_F08_NODE_8125_length_1213_cov_1.741252	1	1213	669	1213	100	56.3685	35.6	34
GC1003827_F08_NODE_8126_length_1213_cov_1.075506	1	1213	84	1213	100	9.23001	35.6	55.6
GC1003827_F08_NODE_8127_length_1212_cov_7.057143	1	1212	515	1212	100	56.731	35.4	57
GC1003827_F08_NODE_8128_length_1212_cov_3.008295	1	1212	607	1212	100	64.7904	34.9	41.1
GC1003827_F08_NODE_8129_length_1212_cov_2.737327	1	1212	1146	1212	100	116.938	35.7	32.7
GC1003827_F08_NODE_8130_length_1212_cov_1.238710	1	1212	77	1212	100	8.99092	35.4	58.9
GC1003827_F08_NODE_8131_length_1211_cov_8.976937	1	1211	530	1211	100	61.8233	35.9	58.7
GC1003827_F08_NODE_8132_length_1211_cov_4.433579	1	1211	285	1211	100	32.3452	35.2	57.6
GC1003827_F08_NODE_8133_length_1211_cov_3.572878	1	1211	334	1211	100	33.839	35.6	55.7
GC1003827_F08_NODE_8134_length_1211_cov_2.959410	1	1211	165	1211	100	19.54	35.7	58.9
GC1003827_F08_NODE_8135_length_1211_cov_2.898524	1	1211	276	1201	99.1742	28.777	35.8	57
GC1003827_F08_NODE_8136_length_1211_cov_2.670664	1	1211	173	1211	100	19.4277	35.7	58
GC1003827_F08_NODE_8137_length_1211_cov_1.574723	1	1211	117	1209	99.8348	11.9719	34.8	50.4
GC1003827_F08_NODE_8138_length_1211_cov_1.403137	1	1211	164	1211	100	17.8035	34.8	56.5
GC1003827_F08_NODE_8139_length_1210_cov_18.145891	1	1210	1551	1210	100	164.52	35.5	56.5
GC1003827_F08_NODE_8140_length_1210_cov_5.480148	1	1210	387	1210	100	44.8818	35.5	57.8
GC1003827_F08_NODE_8141_length_1210_cov_4.512465	1	1210	252	1210	100	30.3579	35.7	59.5
GC1003827_F08_NODE_8142_length_1210_cov_3.930748	1	1210	284	1210	100	29.1091	35.6	49.3
GC1003827_F08_NODE_8143_length_1210_cov_3.657433	1	1210	240	1210	100	26.2777	35.7	56
GC1003827_F08_NODE_8144_length_1210_cov_3.276085	1	1210	406	1210	100	37.0017	35.2	50.5
GC1003827_F08_NODE_8145_length_1210_cov_2.819021	1	1210	193	1210	100	22.181	35.7	58.7
GC1003827_F08_NODE_8146_length_1210_cov_2.635272	1	1210	332	1210	100	27.1744	35	34.1
GC1003827_F08_NODE_8147_length_1210_cov_2.513389	1	1210	855	1210	100	52.3562	34.4	24.8
GC1003827_F08_NODE_8148_length_1210_cov_2.161588	1	1210	139	1210	100	15.3347	35.2	59.4
GC1003827_F08_NODE_8149_length_1210_cov_1.911357	1	1210	346	1200	99.1736	22.4149	34.9	46.1
GC1003827_F08_NODE_8150_length_1210_cov_1.342567	1	1210	292	1210	100	23.3099	35	41.3
GC1003827_F08_NODE_8151_length_1209_cov_6.525878	1	1209	451	1209	100	50.9611	35.4	57.2
GC1003827_F08_NODE_8152_length_1209_cov_2.766174	1	1209	184	1209	100	20.8528	35.9	58.8
GC1003827_F08_NODE_8153_length_1209_cov_2.519409	1	1209	198	1209	100	20.9926	35.7	56.1
GC1003827_F08_NODE_8154_length_1209_cov_2.373383	1	1209	165	1209	100	17.5856	35.4	54.2
GC1003827_F08_NODE_8155_length_1209_cov_1.912200	1	1209	125	1209	100	14.4111	36.2	58.9
GC1003827_F08_NODE_8156_length_1208_cov_21.532840	1	1208	2010	1208	100	198.698	35	50.4
GC1003827_F08_NODE_8157_length_1208_cov_11.283071	1	1208	783	1208	100	88.9123	35.4	58.5
GC1003827_F08_NODE_8158_length_1208_cov_9.023127	1	1208	1035	1208	100	106.484	35.1	55.4
GC1003827_F08_NODE_8159_length_1208_cov_7.801110	1	1208	415	1208	100	50.5753	35.7	59.7
GC1003827_F08_NODE_8160_length_1208_cov_5.364477	1	1208	375	1205	99.7517	43.082	35.8	58.5
GC1003827_F08_NODE_8161_length_1208_cov_4.571693	1	1208	256	1208	100	31.0571	35.6	59.9
GC1003827_F08_NODE_8162_length_1208_cov_4.428307	1	1208	292	1208	100	33.3874	35.5	58.7
GC1003827_F08_NODE_8163_length_1208_cov_3.476411	1	1208	234	1208	100	26.5132	35.8	57.7
GC1003827_F08_NODE_8164_length_1208_cov_2.605920	1	1208	155	1208	100	18.2028	35.5	58.6
GC1003827_F08_NODE_8165_length_1208_cov_2.112858	1	1208	257	1206	99.8344	23.4065	34.7	48.6
GC1003827_F08_NODE_8166_length_1208_cov_1.801110	1	1208	211	1198	99.1722	22.5969	35.4	52.5
GC1003827_F08_NODE_8167_length_1208_cov_1.599445	1	1208	163	1208	100	16.6589	35.5	56.9
GC1003827_F08_NODE_8168_length_1207_cov_11.076852	1	1207	1334	1207	100	125.526	35.1	51.2
GC1003827_F08_NODE_8169_length_1207_cov_7.732407	1	1207	557	1207	100	63.1872	35.6	58.5
GC1003827_F08_NODE_8170_length_1207_cov_7.025926	1	1207	486	1207	100	53.9718	35.9	56.7
GC1003827_F08_NODE_8171_length_1207_cov_5.431481	1	1207	390	1204	99.7514	44.2577	35.4	58.6
GC1003827_F08_NODE_8172_length_1207_cov_2.448148	1	1207	191	1206	99.9171	20.633	35.6	57
GC1003827_F08_NODE_8173_length_1207_cov_2.410185	1	1207	192	1207	100	20.5162	35.7	54.6
GC1003827_F08_NODE_8174_length_1207_cov_2.165741	1	1207	143	1205	99.8343	16.6736	35.1	58.7
GC1003827_F08_NODE_8175_length_1207_cov_1.792593	1	1207	149	1207	100	16.3629	35.9	57.9
GC1003827_F08_NODE_8176_length_1207_cov_0.943519	1	1207	52	1206	99.9171	6.15327	35.4	57.7
GC1003827_F08_NODE_8177_length_1207_cov_0.671296	1	1207	50	1207	100	5.64126	36.2	55.2
GC1003827_F08_NODE_8178_length_1206_cov_6.916589	1	1206	764	1206	100	77.3184	35	54.2
GC1003827_F08_NODE_8179_length_1206_cov_5.369787	1	1206	356	1206	100	41.5813	35.9	59.2
GC1003827_F08_NODE_8180_length_1206_cov_4.092678	1	1206	476	1206	100	46.8317	35	53.7
GC1003827_F08_NODE_8181_length_1206_cov_3.926784	1	1206	240	1175	97.4295	27.5987	35.6	57.8
GC1003827_F08_NODE_8182_length_1206_cov_3.155700	1	1206	196	1206	100	22.8955	35.5	58.9
GC1003827_F08_NODE_8183_length_1206_cov_3.028730	1	1206	249	1205	99.9171	26.8151	35.4	57.3
GC1003827_F08_NODE_8184_length_1206_cov_2.880445	1	1206	247	1203	99.7512	25.9154	35.8	56
GC1003827_F08_NODE_8185_length_1206_cov_2.615385	1	1206	187	1206	100	20.9163	35.9	58
GC1003827_F08_NODE_8186_length_1206_cov_2.542169	1	1206	263	1206	100	22.8955	35	37.5
GC1003827_F08_NODE_8187_length_1206_cov_2.227062	1	1206	166	1206	100	18.3118	35.7	57.4
GC1003827_F08_NODE_8188_length_1206_cov_1.905468	1	1206	217	1206	100	19.8491	35.4	54.9
GC1003827_F08_NODE_8189_length_1206_cov_1.225209	1	1206	90	1193	98.9221	10.1924	35.6	57.3
GC1003827_F08_NODE_8190_length_1205_cov_19.960111	1	1205	1243	1205	100	143.861	35.7	58.7
GC1003827_F08_NODE_8191_length_1205_cov_10.495362	1	1205	713	1205	100	80.8108	35.6	57.9
GC1003827_F08_NODE_8192_length_1205_cov_10.105751	1	1205	747	1205	100	85.0805	35.3	58.8
GC1003827_F08_NODE_8193_length_1205_cov_4.821892	1	1205	460	1205	100	48.6432	35.2	53.4
GC1003827_F08_NODE_8194_length_1205_cov_4.274583	1	1205	264	1205	100	30.4266	35.6	58.9
GC1003827_F08_NODE_8195_length_1205_cov_3.576067	1	1205	298	1205	100	31.9568	35.8	55.2
GC1003827_F08_NODE_8196_length_1205_cov_2.530612	1	1205	149	1205	100	17.8373	35.7	59.6
GC1003827_F08_NODE_8197_length_1205_cov_2.249536	1	1205	150	1205	100	16.7768	35	57.2
GC1003827_F08_NODE_8198_length_1204_cov_10.809656	1	1204	805	1204	100	92.7076	35.2	58.5
GC1003827_F08_NODE_8199_length_1204_cov_8.631383	1	1204	533	1204	100	62.0789	35.5	57.8
GC1003827_F08_NODE_8200_length_1204_cov_6.636955	1	1204	406	1204	100	48.3056	35.7	59.6
GC1003827_F08_NODE_8201_length_1204_cov_5.282266	1	1204	299	1204	100	35.0415	35.6	58.2
GC1003827_F08_NODE_8202_length_1204_cov_3.949861	1	1204	255	1204	100	29.0017	35.2	57.3
GC1003827_F08_NODE_8203_length_1204_cov_3.632312	1	1204	549	1204	100	44.8156	34.4	37.2
GC1003827_F08_NODE_8204_length_1204_cov_3.240483	1	1204	271	1204	100	29.5997	35.3	57.5
GC1003827_F08_NODE_8205_length_1204_cov_3.033426	1	1204	313	1204	100	29.7201	35.2	48.7
GC1003827_F08_NODE_8206_length_1204_cov_2.074280	1	1204	5234	1204	100	446.621	33.7	14.8
GC1003827_F08_NODE_8207_length_1203_cov_8.610595	1	1203	1338	1203	100	127.394	35	49.2
GC1003827_F08_NODE_8208_length_1203_cov_6.244424	1	1203	975	1203	100	81.2768	34.3	34.6
GC1003827_F08_NODE_8209_length_1203_cov_6.029740	1	1203	374	1203	100	43.9135	35.7	59.2
GC1003827_F08_NODE_8210_length_1203_cov_5.079926	1	1203	428	1203	100	40.8678	35.4	41.7
GC1003827_F08_NODE_8211_length_1203_cov_3.769517	1	1203	260	1202	99.9169	27.4048	35.5	51.9
GC1003827_F08_NODE_8212_length_1203_cov_3.422862	1	1203	1150	1203	100	75.8853	34.6	18.6
GC1003827_F08_NODE_8213_length_1203_cov_3.320632	1	1203	185	1203	100	22.2136	35.6	59.5
GC1003827_F08_NODE_8214_length_1203_cov_3.087361	1	1203	217	1201	99.8337	24.7914	35.6	57.3
GC1003827_F08_NODE_8215_length_1203_cov_1.798327	1	1203	300	1203	100	22.1704	35	34.9
GC1003827_F08_NODE_8216_length_1202_cov_11.946977	1	1202	740	1202	100	86.0807	35.7	58.9
GC1003827_F08_NODE_8217_length_1202_cov_10.866977	1	1202	709	1202	100	84.1356	35.5	59.1
GC1003827_F08_NODE_8218_length_1202_cov_9.694884	1	1202	727	1202	100	82.1988	35.5	58.4
GC1003827_F08_NODE_8219_length_1202_cov_8.831628	1	1202	493	1202	100	58.9501	35.6	58.5
GC1003827_F08_NODE_8220_length_1202_cov_8.349767	1	1202	599	1202	100	68.9035	35.5	58.9
GC1003827_F08_NODE_8221_length_1202_cov_5.108837	1	1202	318	1202	100	35.8453	35.7	57.4
GC1003827_F08_NODE_8222_length_1202_cov_4.483721	1	1202	278	1202	100	32.3062	35.7	58.2
GC1003827_F08_NODE_8223_length_1202_cov_3.737674	1	1202	266	1200	99.8336	29.3794	35.4	55.4
GC1003827_F08_NODE_8224_length_1202_cov_3.698605	1	1202	220	1202	100	25.1256	35.7	56.8
GC1003827_F08_NODE_8225_length_1202_cov_3.649302	1	1202	227	1202	100	26.8544	35.4	59.2
GC1003827_F08_NODE_8226_length_1202_cov_3.609302	1	1202	501	1202	100	47.9551	35.4	53.6
GC1003827_F08_NODE_8227_length_1202_cov_2.309767	1	1202	116	1202	100	13.9717	36	58.1
GC1003827_F08_NODE_8228_length_1202_cov_1.441860	1	1202	79	1202	100	9.48835	35.5	59.7
GC1003827_F08_NODE_8229_length_1201_cov_11.467412	1	1201	911	1199	99.8335	97.0658	35.4	52.6
GC1003827_F08_NODE_8230_length_1201_cov_11.314711	1	1201	1080	1201	100	116.162	35.3	57.1
GC1003827_F08_NODE_8231_length_1201_cov_9.330540	1	1201	548	1201	100	66.0633	35.5	59.1
GC1003827_F08_NODE_8232_length_1201_cov_5.978585	1	1201	381	1201	100	44.9734	35.6	58
GC1003827_F08_NODE_8233_length_1201_cov_3.962756	1	1201	871	1201	100	58.3264	34.8	23.1
GC1003827_F08_NODE_8234_length_1201_cov_3.474860	1	1201	204	1201	100	23.5137	35.8	57.2
GC1003827_F08_NODE_8235_length_1201_cov_3.295158	1	1201	254	1201	100	28.5279	35.5	57.4
GC1003827_F08_NODE_8236_length_1201_cov_3.016760	1	1201	213	1201	100	24.1132	35.2	58.6
GC1003827_F08_NODE_8237_length_1201_cov_1.061453	1	1201	106	1201	100	10.547	35.9	54.2
GC1003827_F08_NODE_8238_length_1200_cov_9.888164	1	1200	861	1200	100	92.2575	35.6	56.7
GC1003827_F08_NODE_8239_length_1200_cov_7.153774	1	1200	785	1200	100	76.2483	35.6	50.2
GC1003827_F08_NODE_8240_length_1200_cov_4.582479	1	1200	263	1200	100	31.1692	35.2	58.1
GC1003827_F08_NODE_8241_length_1200_cov_4.377446	1	1200	338	1200	100	35.7183	35.5	55.7
GC1003827_F08_NODE_8242_length_1200_cov_3.864865	1	1200	207	1198	99.8333	25.395	35.6	60
GC1003827_F08_NODE_8243_length_1200_cov_3.411929	1	1200	763	1200	100	75.4708	34.2	52.8
GC1003827_F08_NODE_8244_length_1200_cov_3.335508	1	1200	223	1200	100	25.85	35.8	58.5
GC1003827_F08_NODE_8245_length_1200_cov_2.632805	1	1200	223	1200	100	21.985	36	56.8
GC1003827_F08_NODE_8246_length_1200_cov_2.433364	1	1200	142	1200	100	16.6783	36	59
GC1003827_F08_NODE_8247_length_1200_cov_1.960857	1	1200	359	1200	100	28.3358	34.9	44.5
GC1003827_F08_NODE_8248_length_1200_cov_1.821994	1	1200	125	1200	100	14.2425	35.2	58.4
GC1003827_F08_NODE_8249_length_1200_cov_1.745573	1	1200	176	1200	100	17.9692	35.1	56
GC1003827_F08_NODE_8250_length_1200_cov_1.723206	1	1200	99	1198	99.8333	11.8533	35.6	59.6
GC1003827_F08_NODE_8251_length_1200_cov_1.609506	1	1200	93	1200	100	10.9117	35.5	58.7
GC1003827_F08_NODE_8252_length_1200_cov_1.298229	1	1200	89	1200	100	10.5675	35.8	58.7
GC1003827_F08_NODE_8253_length_1200_cov_1.232992	1	1200	135	1199	99.9167	12.0708	35.1	47.1
GC1003827_F08_NODE_8254_length_1199_cov_6.758396	1	1199	472	1199	100	54.3336	35.5	58.4
GC1003827_F08_NODE_8255_length_1199_cov_4.987873	1	1199	309	1199	100	36.0042	35.8	58.4
GC1003827_F08_NODE_8256_length_1199_cov_3.928172	1	1199	221	1199	100	26.3903	35.4	57.9
GC1003827_F08_NODE_8257_length_1199_cov_3.898321	1	1199	253	1199	100	29.3461	35.6	58.4
GC1003827_F08_NODE_8258_length_1199_cov_3.776119	1	1199	207	1199	100	25.1768	35.4	59.9
GC1003827_F08_NODE_8259_length_1199_cov_2.631530	1	1199	159	1199	100	18.7173	35.8	58.9
GC1003827_F08_NODE_8260_length_1199_cov_2.088619	1	1199	119	1190	99.2494	14.1493	35.5	58.7
GC1003827_F08_NODE_8261_length_1199_cov_1.877799	1	1199	128	1199	100	15.2719	35.6	58
GC1003827_F08_NODE_8262_length_1199_cov_0.972948	1	1199	51	1199	100	6.21768	35.9	59.7
GC1003827_F08_NODE_8263_length_1198_cov_15.554622	1	1198	1060	1196	99.8331	124.137	35.5	58.5
GC1003827_F08_NODE_8264_length_1198_cov_11.214753	1	1198	786	1195	99.7496	90.7412	35.6	57.9
GC1003827_F08_NODE_8265_length_1198_cov_9.368814	1	1198	709	1198	100	79.6995	35.5	58.6
GC1003827_F08_NODE_8266_length_1198_cov_3.694678	1	1198	209	1198	100	24.6845	35.2	59
GC1003827_F08_NODE_8267_length_1198_cov_3.213819	1	1198	256	1198	100	24.2312	35.6	46.7
GC1003827_F08_NODE_8268_length_1198_cov_2.012138	1	1198	143	1188	99.1653	16.0651	35.7	57.4
GC1003827_F08_NODE_8269_length_1198_cov_2.000000	1	1198	345	1198	100	26.3948	34.6	31.6
GC1003827_F08_NODE_8270_length_1198_cov_1.423903	1	1198	78	1198	100	9.13689	35.8	59.3
GC1003827_F08_NODE_8271_length_1197_cov_12.805607	1	1197	758	1195	99.8329	90.8622	35.8	59.1
GC1003827_F08_NODE_8272_length_1197_cov_9.465421	1	1197	868	1197	100	95.1738	35.2	57.3
GC1003827_F08_NODE_8273_length_1197_cov_7.186916	1	1197	536	1197	100	60.5723	35.5	59
GC1003827_F08_NODE_8274_length_1197_cov_5.907477	1	1197	3636	1197	100	193.126	32.2	17.6
GC1003827_F08_NODE_8275_length_1197_cov_5.205607	1	1197	507	1197	100	48.812	35.5	46.1
GC1003827_F08_NODE_8276_length_1197_cov_2.492523	1	1197	144	1197	100	16.6232	35.6	57.9
GC1003827_F08_NODE_8277_length_1197_cov_2.327103	1	1197	483	1197	100	39.5205	35.1	47.2
GC1003827_F08_NODE_8278_length_1197_cov_2.273832	1	1197	141	1197	100	15.8454	35.6	57
GC1003827_F08_NODE_8279_length_1197_cov_1.544860	1	1197	102	1197	100	11.7753	35.3	58.1
GC1003827_F08_NODE_8280_length_1196_cov_10.176801	1	1196	912	1196	100	100.595	34.9	56.4
GC1003827_F08_NODE_8281_length_1196_cov_8.076707	1	1196	510	1196	100	60.0594	35.7	58.9
GC1003827_F08_NODE_8282_length_1196_cov_7.710009	1	1196	442	1196	100	53.3311	35.3	59.3
GC1003827_F08_NODE_8283_length_1196_cov_6.991581	1	1196	409	1196	100	48.4657	36	58.9
GC1003827_F08_NODE_8284_length_1196_cov_4.920486	1	1196	445	1175	98.2441	44.1982	35.1	48.1
GC1003827_F08_NODE_8285_length_1196_cov_4.765201	1	1196	539	1196	100	46.5844	35	41
GC1003827_F08_NODE_8286_length_1196_cov_3.241347	1	1196	233	1196	100	26.0686	35.8	58
GC1003827_F08_NODE_8287_length_1196_cov_2.770814	1	1196	144	1192	99.6656	17.8946	35.8	60
GC1003827_F08_NODE_8288_length_1196_cov_2.388213	1	1196	303	1196	100	30.5075	35.7	57.8
GC1003827_F08_NODE_8289_length_1196_cov_2.057063	1	1196	127	1196	100	14.8194	35.4	59.1
GC1003827_F08_NODE_8290_length_1196_cov_1.364827	1	1196	257	1196	100	15.8629	34.8	30.8
GC1003827_F08_NODE_8291_length_1196_cov_1.358279	1	1196	84	1196	100	9.91054	35.8	59.7
GC1003827_F08_NODE_8292_length_1196_cov_1.295603	1	1196	94	1196	100	10.3428	35.6	57.5
GC1003827_F08_NODE_8293_length_1196_cov_0.993452	1	1196	78	1196	100	6.86873	35.4	51.9
GC1003827_F08_NODE_8294_length_1195_cov_4.932584	1	1195	330	1195	100	35.4753	35.4	50.8
GC1003827_F08_NODE_8295_length_1195_cov_4.868914	1	1195	288	1195	100	34.2008	35.6	58
GC1003827_F08_NODE_8296_length_1195_cov_3.575843	1	1195	263	1195	100	29.349	35.5	55.8
GC1003827_F08_NODE_8297_length_1195_cov_2.305243	1	1195	139	1195	100	16.5757	35.9	58.9
GC1003827_F08_NODE_8298_length_1195_cov_1.899813	1	1195	201	1195	100	20.0293	35.4	55.9
GC1003827_F08_NODE_8299_length_1194_cov_4.296157	1	1194	326	1194	100	36.232	35.7	55.3
GC1003827_F08_NODE_8300_length_1194_cov_2.313027	1	1194	146	1194	100	17.1457	35.6	58
GC1003827_F08_NODE_8301_length_1194_cov_1.814433	1	1194	126	1194	100	14.2337	35.7	58.1
GC1003827_F08_NODE_8302_length_1194_cov_1.712277	1	1194	110	1194	100	13.5553	35.1	60
GC1003827_F08_NODE_8303_length_1193_cov_16.874296	1	1193	1079	1193	100	124.179	35.5	57.4
GC1003827_F08_NODE_8304_length_1193_cov_11.173546	1	1193	625	1193	100	74.3638	35.4	58.9
GC1003827_F08_NODE_8305_length_1193_cov_9.228893	1	1193	525	1193	100	61.8349	35.5	57.1
GC1003827_F08_NODE_8306_length_1193_cov_7.301126	1	1193	434	1193	100	50.4158	35.8	57.4
GC1003827_F08_NODE_8307_length_1193_cov_7.132270	1	1193	487	1193	100	53.5356	35.4	57
GC1003827_F08_NODE_8308_length_1193_cov_5.073171	1	1193	307	1193	100	36.7133	35.5	58.7
GC1003827_F08_NODE_8309_length_1193_cov_4.852720	1	1193	578	1193	100	56.1769	34.9	53.9
GC1003827_F08_NODE_8310_length_1193_cov_4.562852	1	1193	371	1193	100	39.4057	34.9	56.8
GC1003827_F08_NODE_8311_length_1193_cov_4.396811	1	1193	342	1193	100	35.938	35.6	54.7
GC1003827_F08_NODE_8312_length_1193_cov_4.192308	1	1193	283	1191	99.8324	32.2037	35.9	56
GC1003827_F08_NODE_8313_length_1193_cov_3.930582	1	1193	252	1192	99.9162	29.451	35.1	58.2
GC1003827_F08_NODE_8314_length_1193_cov_3.260788	1	1193	208	1193	100	24.4191	35.4	58.8
GC1003827_F08_NODE_8315_length_1193_cov_3.031895	1	1193	219	1192	99.9162	22.5499	35.6	55.8
GC1003827_F08_NODE_8316_length_1193_cov_2.368668	1	1193	170	1192	99.9162	18.907	35.2	56.7
GC1003827_F08_NODE_8317_length_1193_cov_2.297373	1	1193	271	1193	100	25.7921	35.4	50.4
GC1003827_F08_NODE_8318_length_1193_cov_1.913696	1	1193	108	1193	100	13.1257	35.7	58.9
GC1003827_F08_NODE_8319_length_1193_cov_1.688555	1	1193	108	1193	100	11.938	35.9	56.9
GC1003827_F08_NODE_8320_length_1192_cov_7.736150	1	1192	672	1192	100	69.9891	35.6	57
GC1003827_F08_NODE_8321_length_1192_cov_6.015023	1	1192	382	1192	100	44.1569	35.5	58.6
GC1003827_F08_NODE_8322_length_1192_cov_5.075117	1	1192	312	1192	100	37.677	35.4	59.5
GC1003827_F08_NODE_8323_length_1192_cov_4.085446	1	1192	362	1191	99.9161	37.8624	35.9	55.2
GC1003827_F08_NODE_8324_length_1192_cov_3.560563	1	1192	311	1192	100	33.5898	35.5	54.8
GC1003827_F08_NODE_8325_length_1192_cov_3.516432	1	1192	343	1192	100	35.078	35.5	53.9
GC1003827_F08_NODE_8326_length_1192_cov_3.129577	1	1192	290	1192	100	28.5117	35.3	59.8
GC1003827_F08_NODE_8327_length_1192_cov_2.872300	1	1192	302	1192	100	31.2953	35	56.1
GC1003827_F08_NODE_8328_length_1192_cov_2.843192	1	1192	220	1192	100	24.6023	35.7	58.3
GC1003827_F08_NODE_8329_length_1192_cov_2.037559	1	1192	101	1192	100	12.7122	36	60
GC1003827_F08_NODE_8330_length_1192_cov_1.806573	1	1192	1561	1192	100	107.457	34	12.8
GC1003827_F08_NODE_8331_length_1191_cov_15.292293	1	1191	1123	1191	100	128.525	35.3	58.3
GC1003827_F08_NODE_8332_length_1191_cov_10.141917	1	1191	666	1191	100	74.8791	35.4	54.7
GC1003827_F08_NODE_8333_length_1191_cov_6.140038	1	1191	640	1191	100	63.4123	35.3	50.5
GC1003827_F08_NODE_8334_length_1191_cov_5.482143	1	1191	352	1191	100	40.9488	35.7	57.6
GC1003827_F08_NODE_8335_length_1191_cov_3.504699	1	1191	281	1191	100	30.5055	34.8	53.8
GC1003827_F08_NODE_8336_length_1191_cov_1.789474	1	1191	107	1191	100	13.1243	35.9	60
GC1003827_F08_NODE_8337_length_1191_cov_1.678571	1	1191	95	1191	100	11.6843	35.8	60
GC1003827_F08_NODE_8338_length_1191_cov_1.347744	1	1191	84	1191	100	10.2569	35.3	59.5
GC1003827_F08_NODE_8339_length_1191_cov_1.228383	1	1191	171	1191	100	12.8707	35.3	30.3
GC1003827_F08_NODE_8340_length_1190_cov_4.484478	1	1190	266	1190	100	31.8647	35.7	59.4
GC1003827_F08_NODE_8341_length_1190_cov_3.751646	1	1190	213	1190	100	25.7227	35.7	59.7
GC1003827_F08_NODE_8342_length_1190_cov_3.503293	1	1190	358	1190	100	37.6126	34.4	55.1
GC1003827_F08_NODE_8343_length_1190_cov_2.615240	1	1190	376	1190	100	25.9294	34.6	24
GC1003827_F08_NODE_8344_length_1190_cov_2.225776	1	1190	463	1190	100	35.2765	35.2	25.6
GC1003827_F08_NODE_8345_length_1190_cov_1.469426	1	1190	189	1190	100	15.495	35.4	45.1
GC1003827_F08_NODE_8346_length_1189_cov_6.937853	1	1189	486	1189	100	56.1758	35.4	57.6
GC1003827_F08_NODE_8347_length_1189_cov_4.547081	1	1189	682	1189	100	65.0185	34.5	53.5
GC1003827_F08_NODE_8348_length_1189_cov_2.597928	1	1189	322	1189	100	29.6426	34.7	47.2
GC1003827_F08_NODE_8349_length_1189_cov_2.582863	1	1189	304	1189	100	30.1598	34.8	55.1
GC1003827_F08_NODE_8350_length_1189_cov_2.327684	1	1189	144	1189	100	17.0463	36	58.5
GC1003827_F08_NODE_8351_length_1189_cov_1.419021	1	1189	74	1189	100	9.15307	36	60
GC1003827_F08_NODE_8352_length_1189_cov_1.157250	1	1189	64	1189	100	7.76367	35.5	60
GC1003827_F08_NODE_8353_length_1188_cov_10.348728	1	1188	703	1188	100	79.1044	35.7	56.7
GC1003827_F08_NODE_8354_length_1188_cov_9.252592	1	1188	511	1188	100	62.3207	35.8	59.7
GC1003827_F08_NODE_8355_length_1188_cov_6.548539	1	1188	582	1188	100	67.4057	35.6	58.8
GC1003827_F08_NODE_8356_length_1188_cov_4.459001	1	1188	264	1188	100	31.9217	35.9	59.7
GC1003827_F08_NODE_8357_length_1188_cov_4.072573	1	1188	250	1188	100	27.7407	35.8	53.3
GC1003827_F08_NODE_8358_length_1188_cov_4.032988	1	1188	259	1188	100	30.8165	35.7	59.4
GC1003827_F08_NODE_8359_length_1188_cov_3.969840	1	1188	274	1188	100	31.3005	35.6	58.1
GC1003827_F08_NODE_8360_length_1188_cov_3.208294	1	1188	212	1188	100	24.287	35.3	56.8
GC1003827_F08_NODE_8361_length_1188_cov_3.124411	1	1188	199	1188	100	24.3476	35.4	59.4
GC1003827_F08_NODE_8362_length_1188_cov_2.558907	1	1188	234	1188	100	23.4697	35	50
GC1003827_F08_NODE_8363_length_1187_cov_5.883962	1	1187	420	1187	100	49.23	35.2	58
GC1003827_F08_NODE_8364_length_1187_cov_3.784906	1	1187	240	1186	99.9158	28.4735	35.8	59.2
GC1003827_F08_NODE_8365_length_1187_cov_2.763208	1	1187	359	1187	100	28.3168	34.6	42.3
GC1003827_F08_NODE_8366_length_1187_cov_2.736792	1	1187	170	1187	100	20.1845	35.9	59.8
GC1003827_F08_NODE_8367_length_1187_cov_2.316038	1	1187	167	1187	100	16.9714	35.2	48.3
GC1003827_F08_NODE_8368_length_1187_cov_1.824528	1	1187	142	1187	100	15.818	35.3	55.5
GC1003827_F08_NODE_8369_length_1186_cov_13.965061	1	1186	1122	1186	100	127.119	35.2	57.9
GC1003827_F08_NODE_8370_length_1186_cov_7.956563	1	1186	486	1186	100	58.3331	35.6	58.7
GC1003827_F08_NODE_8371_length_1186_cov_5.209632	1	1186	421	1186	100	43.8642	35.6	55.9
GC1003827_F08_NODE_8372_length_1186_cov_4.929178	1	1186	280	1186	100	33.4089	35.4	58.6
GC1003827_F08_NODE_8373_length_1186_cov_4.923513	1	1186	305	1186	100	35.1981	35.8	57.7
GC1003827_F08_NODE_8374_length_1186_cov_4.826251	1	1186	268	1186	100	32.5228	35.6	59.6
GC1003827_F08_NODE_8375_length_1186_cov_4.727101	1	1186	436	1186	100	50.688	35.5	57.6
GC1003827_F08_NODE_8376_length_1185_cov_6.543478	1	1185	430	1185	100	49.8759	35.4	58
GC1003827_F08_NODE_8377_length_1185_cov_2.595463	1	1185	200	1184	99.9156	23.7772	35.8	58.8
GC1003827_F08_NODE_8378_length_1185_cov_2.438563	1	1185	593	1185	100	45.0127	34.2	34.8
GC1003827_F08_NODE_8379_length_1185_cov_2.017958	1	1185	171	1185	100	18.0422	35.6	56.7
GC1003827_F08_NODE_8380_length_1185_cov_1.165406	1	1185	63	1185	100	7.81266	35.7	59.6
GC1003827_F08_NODE_8381_length_1185_cov_1.142722	1	1185	109	1185	100	11.9435	35.7	55.1
GC1003827_F08_NODE_8382_length_1185_cov_0.786389	1	1185	46	1185	100	5.52911	35.9	58
GC1003827_F08_NODE_8383_length_1185_cov_0.711720	1	1185	43	1183	99.8312	5.32911	35.3	60
GC1003827_F08_NODE_8384_length_1184_cov_21.879849	1	1184	1501	1184	100	175.31	35.7	58.8
GC1003827_F08_NODE_8385_length_1184_cov_12.105960	1	1184	801	1184	100	95.739	35.5	59.1
GC1003827_F08_NODE_8386_length_1184_cov_10.999054	1	1184	756	1184	100	85.9257	35.3	57.1
GC1003827_F08_NODE_8387_length_1184_cov_4.564806	1	1184	300	1184	100	36.4096	35.6	59.1
GC1003827_F08_NODE_8388_length_1184_cov_3.009461	1	1184	507	1184	100	51.7644	35.1	44
GC1003827_F08_NODE_8389_length_1184_cov_2.786187	1	1184	309	1184	100	30.1774	35.6	54
GC1003827_F08_NODE_8390_length_1184_cov_2.671712	1	1184	163	1184	100	19.3851	35.9	58.9
GC1003827_F08_NODE_8391_length_1184_cov_1.617786	1	1184	4652	1174	99.1554	194.112	34.3	1.71
GC1003827_F08_NODE_8392_length_1184_cov_1.299905	1	1184	71	1184	100	8.81926	35.3	60
GC1003827_F08_NODE_8393_length_1184_cov_1.241249	1	1184	291	1183	99.9155	21.0414	34.1	29.1
GC1003827_F08_NODE_8394_length_1183_cov_17.292614	1	1183	1073	1183	100	129.08	35.6	59.5
GC1003827_F08_NODE_8395_length_1183_cov_11.981061	1	1183	1003	1183	100	107.68	35.6	55.4
GC1003827_F08_NODE_8396_length_1183_cov_11.856061	1	1183	713	1183	100	85.7794	35.6	59.1
GC1003827_F08_NODE_8397_length_1183_cov_9.146780	1	1183	612	1183	100	71.563	35.8	57
GC1003827_F08_NODE_8398_length_1183_cov_8.534091	1	1183	723	1183	100	66.1251	34.9	39.8
GC1003827_F08_NODE_8399_length_1183_cov_8.508523	1	1183	526	1183	100	62.7456	35.7	59.4
GC1003827_F08_NODE_8400_length_1183_cov_4.836174	1	1183	252	1183	100	30.7709	35.6	59.1
GC1003827_F08_NODE_8401_length_1183_cov_4.328598	1	1183	648	1183	100	51.0955	35.1	35.9
GC1003827_F08_NODE_8402_length_1183_cov_3.839015	1	1183	266	1183	100	30.2358	35.5	57.5
GC1003827_F08_NODE_8403_length_1183_cov_3.677083	1	1183	192	1183	100	23.5038	35.7	58.5
GC1003827_F08_NODE_8404_length_1183_cov_3.560606	1	1183	252	1183	100	29.0034	35.5	59.2
GC1003827_F08_NODE_8405_length_1183_cov_1.823864	1	1183	125	1183	100	13.4134	34.6	52.3
GC1003827_F08_NODE_8406_length_1183_cov_1.810606	1	1183	150	1183	100	15.836	35.8	53.6
GC1003827_F08_NODE_8407_length_1183_cov_1.251894	1	1183	74	1183	100	9.17498	34.9	60
GC1003827_F08_NODE_8408_length_1182_cov_6.478673	1	1182	594	1182	100	59.308	35.2	46.8
GC1003827_F08_NODE_8409_length_1182_cov_5.930806	1	1182	459	1180	99.8308	50.4205	35.1	57.6
GC1003827_F08_NODE_8410_length_1182_cov_5.740284	1	1182	354	1182	100	39.775	35.5	57.6
GC1003827_F08_NODE_8411_length_1182_cov_5.672986	1	1182	401	1182	100	44.4814	35.5	56.5
GC1003827_F08_NODE_8412_length_1182_cov_3.824645	1	1182	445	1182	100	45.1675	35	55.4
GC1003827_F08_NODE_8413_length_1182_cov_3.768720	1	1182	352	1182	100	37.1701	35.5	55.1
GC1003827_F08_NODE_8414_length_1182_cov_3.544076	1	1182	210	1182	100	25.2343	35.9	59.3
GC1003827_F08_NODE_8415_length_1182_cov_3.043602	1	1182	329	1182	100	32.4052	35	49
GC1003827_F08_NODE_8416_length_1182_cov_2.633175	1	1182	140	1182	100	16.7267	35.7	57.4
GC1003827_F08_NODE_8417_length_1182_cov_1.684360	1	1182	122	1182	100	14.4958	35.4	57.4
GC1003827_F08_NODE_8418_length_1182_cov_1.370616	1	1182	100	1182	100	10.4044	35.8	52.8
GC1003827_F08_NODE_8419_length_1181_cov_14.679317	1	1181	1636	1171	99.1533	171.477	35.5	54.6
GC1003827_F08_NODE_8420_length_1181_cov_10.437381	1	1181	819	1181	100	90.9382	35.4	57.1
GC1003827_F08_NODE_8421_length_1181_cov_9.258065	1	1181	575	1179	99.8307	68.1363	35.7	59.1
GC1003827_F08_NODE_8422_length_1181_cov_4.632827	1	1181	283	1181	100	32.8942	35.2	57.6
GC1003827_F08_NODE_8423_length_1181_cov_3.973435	1	1181	445	1181	100	40.7875	35.7	43
GC1003827_F08_NODE_8424_length_1181_cov_2.742884	1	1181	161	1168	98.8992	18.7079	35.5	58.5
GC1003827_F08_NODE_8425_length_1181_cov_2.091082	1	1181	120	1181	100	14.2532	35.5	58.9
GC1003827_F08_NODE_8426_length_1181_cov_1.947818	1	1181	130	1181	100	15.2557	35.7	58.5
GC1003827_F08_NODE_8427_length_1181_cov_1.729602	1	1181	112	1171	99.1533	13.442	35.2	59.7
GC1003827_F08_NODE_8428_length_1181_cov_1.257116	1	1181	144	1181	100	12.0279	35.6	44.9
GC1003827_F08_NODE_8429_length_1180_cov_13.186135	1	1180	1066	1180	100	116.171	35.4	56.9
GC1003827_F08_NODE_8430_length_1180_cov_11.298196	1	1180	1362	1180	100	161	35.6	58.7
GC1003827_F08_NODE_8431_length_1180_cov_10.042735	1	1180	539	1180	100	66.6093	35.9	59.8
GC1003827_F08_NODE_8432_length_1180_cov_8.222222	1	1180	569	1180	100	63.2508	35.7	57
GC1003827_F08_NODE_8433_length_1180_cov_7.360874	1	1180	543	1180	100	63.4737	35.7	59.2
GC1003827_F08_NODE_8434_length_1180_cov_4.925926	1	1180	612	1180	100	61.3517	34.7	50.7
GC1003827_F08_NODE_8435_length_1180_cov_2.635328	1	1180	189	1180	100	21.4475	35.9	56
GC1003827_F08_NODE_8436_length_1180_cov_2.477683	1	1180	141	1180	100	16.6254	35.5	58.8
GC1003827_F08_NODE_8437_length_1180_cov_2.310541	1	1180	170	1180	100	18.578	35.4	54.9
GC1003827_F08_NODE_8438_length_1180_cov_2.232669	1	1180	122	1180	100	14.922	35.5	59.2
GC1003827_F08_NODE_8439_length_1180_cov_1.919278	1	1180	121	1180	100	14.3008	36	59.2
GC1003827_F08_NODE_8440_length_1180_cov_1.333333	1	1180	122	1180	100	12.6619	35.5	57.4
GC1003827_F08_NODE_8441_length_1180_cov_1.153846	1	1180	72	1180	100	8.47542	35.7	56.2
GC1003827_F08_NODE_8442_length_1179_cov_13.756654	1	1179	1085	1179	100	124.708	35.5	56.1
GC1003827_F08_NODE_8443_length_1179_cov_10.451521	1	1179	842	1179	100	95.1578	34.4	57.2
GC1003827_F08_NODE_8444_length_1179_cov_10.169202	1	1179	1006	1179	100	98.0534	35.7	46.7
GC1003827_F08_NODE_8445_length_1179_cov_6.477186	1	1179	1078	1179	100	101.874	34.8	52.3
GC1003827_F08_NODE_8446_length_1179_cov_6.065589	1	1179	540	1179	100	60.408	35.7	56.5
GC1003827_F08_NODE_8447_length_1179_cov_5.868821	1	1179	391	1179	100	46.3147	35.3	53.7
GC1003827_F08_NODE_8448_length_1179_cov_4.947719	1	1179	358	1179	100	40.391	35.6	56.8
GC1003827_F08_NODE_8449_length_1179_cov_4.153042	1	1179	242	1179	100	28.6446	35.8	58.3
GC1003827_F08_NODE_8450_length_1179_cov_2.866920	1	1179	152	1179	100	18.6412	35.4	59.4
GC1003827_F08_NODE_8451_length_1179_cov_2.346008	1	1179	162	1179	100	17.7964	35.9	54.5
GC1003827_F08_NODE_8452_length_1179_cov_1.990494	1	1179	210	1179	100	20.3571	35.7	53.5
GC1003827_F08_NODE_8453_length_1179_cov_1.182510	1	1179	98	1179	100	10.2748	35.5	51
GC1003827_F08_NODE_8454_length_1178_cov_16.323501	1	1178	1325	1178	100	138.826	35.6	50.3
GC1003827_F08_NODE_8455_length_1178_cov_5.518554	1	1178	468	1178	100	48.0034	35.3	53.6
GC1003827_F08_NODE_8456_length_1178_cov_5.465271	1	1178	445	1178	100	49.9177	35.3	55.9
GC1003827_F08_NODE_8457_length_1178_cov_4.588011	1	1178	282	1176	99.8302	32.8302	35.6	56.1
GC1003827_F08_NODE_8458_length_1178_cov_4.495718	1	1178	312	1178	100	35.2564	35.4	56
GC1003827_F08_NODE_8459_length_1178_cov_3.384396	1	1178	230	1178	100	27.7182	35.4	58.6
GC1003827_F08_NODE_8460_length_1178_cov_2.518554	1	1178	191	1178	100	20.3251	35.5	50.1
GC1003827_F08_NODE_8461_length_1178_cov_1.954329	1	1178	258	1178	100	25.5238	34.5	52.3
GC1003827_F08_NODE_8462_length_1178_cov_0.724072	1	1178	70	1178	100	6.33871	35.1	44.3
GC1003827_F08_NODE_8463_length_1177_cov_19.688571	1	1177	1291	1177	100	150.272	35.5	57.5
GC1003827_F08_NODE_8464_length_1177_cov_8.805714	1	1177	496	1177	100	60.0204	35.5	58.6
GC1003827_F08_NODE_8465_length_1177_cov_8.263810	1	1177	564	1177	100	64.3356	35.5	54.8
GC1003827_F08_NODE_8466_length_1177_cov_7.164762	1	1177	485	1177	100	56.4019	35.5	58
GC1003827_F08_NODE_8467_length_1177_cov_6.971429	1	1177	409	1177	100	50.1546	35.5	59.8
GC1003827_F08_NODE_8468_length_1177_cov_5.921905	1	1177	498	1176	99.915	53.2201	35.4	55.9
GC1003827_F08_NODE_8469_length_1177_cov_4.030476	1	1177	319	1177	100	34.8828	35.4	56.6
GC1003827_F08_NODE_8470_length_1177_cov_2.127619	1	1177	947	1167	99.1504	48.3195	33.2	23.4
GC1003827_F08_NODE_8471_length_1177_cov_1.658095	1	1177	87	1177	100	10.6177	35.6	57.8
GC1003827_F08_NODE_8472_length_1177_cov_1.429524	1	1177	98	1177	100	11.5523	35.7	58.5
GC1003827_F08_NODE_8473_length_1177_cov_0.944762	1	1177	100	1177	100	10.6228	35.7	55
GC1003827_F08_NODE_8474_length_1176_cov_8.873213	1	1176	1063	1176	100	110.955	35.3	55.8
GC1003827_F08_NODE_8475_length_1176_cov_8.834128	1	1176	804	1176	100	88.2577	34.8	56.5
GC1003827_F08_NODE_8476_length_1176_cov_6.377502	1	1176	548	1176	100	56.5961	35.5	57.2
GC1003827_F08_NODE_8477_length_1176_cov_5.535748	1	1176	364	1176	100	44.381	35.6	59.6
GC1003827_F08_NODE_8478_length_1176_cov_3.166826	1	1176	193	1176	100	23.3503	35.5	59.6
GC1003827_F08_NODE_8479_length_1176_cov_1.909438	1	1176	188	1176	100	17.04	35.3	42.1
GC1003827_F08_NODE_8480_length_1176_cov_0.580553	1	1176	125	1176	100	12.6871	34.6	48.7
GC1003827_F08_NODE_8481_length_1175_cov_9.410305	1	1175	624	1175	100	73.2604	35.4	58.5
GC1003827_F08_NODE_8482_length_1175_cov_5.604008	1	1175	368	1175	100	43.3489	35.7	59
GC1003827_F08_NODE_8483_length_1175_cov_5.065840	1	1175	352	1175	100	40.5021	35.7	58.3
GC1003827_F08_NODE_8484_length_1175_cov_4.226145	1	1175	220	1175	100	27.2264	35.7	59.7
GC1003827_F08_NODE_8485_length_1175_cov_1.920802	1	1175	160	1175	100	17.486	35.3	52.4
GC1003827_F08_NODE_8486_length_1174_cov_39.794651	1	1174	5553	1174	100	592.035	35.7	52.8
GC1003827_F08_NODE_8487_length_1174_cov_8.635148	1	1174	492	1174	100	60.3901	35.7	59.4
GC1003827_F08_NODE_8488_length_1174_cov_7.089780	1	1174	426	1174	100	50.8313	35.4	58.7
GC1003827_F08_NODE_8489_length_1174_cov_4.767908	1	1174	281	1174	100	34.4983	35.5	58.8
GC1003827_F08_NODE_8490_length_1174_cov_4.398281	1	1174	325	1164	99.1482	37.471	35.4	58.6
GC1003827_F08_NODE_8491_length_1174_cov_4.259790	1	1174	344	1168	99.4889	39.4489	36.1	56.3
GC1003827_F08_NODE_8492_length_1174_cov_3.746896	1	1174	241	1174	100	29.0009	35.4	58.9
GC1003827_F08_NODE_8493_length_1174_cov_3.504298	1	1174	209	1174	100	25.0997	35.8	58.9
GC1003827_F08_NODE_8494_length_1174_cov_3.061127	1	1174	178	1174	100	20.7394	35.3	56.7
GC1003827_F08_NODE_8495_length_1174_cov_3.026743	1	1174	217	1174	100	25.8952	35.8	59
GC1003827_F08_NODE_8496_length_1174_cov_0.773639	1	1174	45	1174	100	5.32794	35.5	58
GC1003827_F08_NODE_8497_length_1174_cov_0.649475	1	1174	42	1174	100	4.86116	35.7	59.6
GC1003827_F08_NODE_8498_length_1173_cov_13.606119	1	1173	1100	1173	100	120.916	35	54.7
GC1003827_F08_NODE_8499_length_1173_cov_13.313576	1	1173	883	1173	100	103.584	35.8	58.7
GC1003827_F08_NODE_8500_length_1173_cov_9.038241	1	1173	564	1173	100	68.1228	35.7	58.3
GC1003827_F08_NODE_8501_length_1173_cov_6.827916	1	1173	479	1172	99.9147	55.0375	35.7	58.2
GC1003827_F08_NODE_8502_length_1173_cov_4.958891	1	1173	279	1173	100	33.9676	35.4	58.6
GC1003827_F08_NODE_8503_length_1173_cov_4.731358	1	1173	795	1173	100	57.9506	35.3	32.1
GC1003827_F08_NODE_8504_length_1173_cov_3.984704	1	1173	292	1173	100	32.5976	35.7	55.6
GC1003827_F08_NODE_8505_length_1173_cov_3.557361	1	1173	216	1173	100	25.3419	35.2	58
GC1003827_F08_NODE_8506_length_1173_cov_1.586998	1	1173	105	1173	100	12.6735	35.3	58.4
GC1003827_F08_NODE_8507_length_1172_cov_10.338756	1	1172	636	1172	100	75.1203	35.7	57.8
GC1003827_F08_NODE_8508_length_1172_cov_4.087081	1	1172	238	1172	100	28.7671	35.6	59.2
GC1003827_F08_NODE_8509_length_1172_cov_2.983732	1	1172	159	1170	99.8294	19.7295	36	58.9
GC1003827_F08_NODE_8510_length_1172_cov_2.879426	1	1172	155	1172	100	19.1903	35.6	59.6
GC1003827_F08_NODE_8511_length_1172_cov_2.389474	1	1172	141	1169	99.744	17.0239	35.8	59.4
GC1003827_F08_NODE_8512_length_1172_cov_1.396172	1	1172	107	1172	100	11.1237	35.6	53.3
GC1003827_F08_NODE_8513_length_1171_cov_12.188697	1	1171	1952	1171	100	194.219	35.3	35.3
GC1003827_F08_NODE_8514_length_1171_cov_7.468391	1	1171	570	1171	100	57.3185	35.5	50
GC1003827_F08_NODE_8515_length_1171_cov_6.156130	1	1171	386	1171	100	46.4757	35.5	58
GC1003827_F08_NODE_8516_length_1171_cov_4.958812	1	1171	299	1171	100	36.2442	36	59.1
GC1003827_F08_NODE_8517_length_1171_cov_4.890805	1	1171	292	1171	100	35.3766	36	58.8
GC1003827_F08_NODE_8518_length_1171_cov_4.523946	1	1171	246	1171	100	29.9718	35.7	57.1
GC1003827_F08_NODE_8519_length_1171_cov_3.419540	1	1171	195	1171	100	23.462	36.1	58.6
GC1003827_F08_NODE_8520_length_1171_cov_3.350575	1	1171	192	1171	100	23.3177	35.8	59.4
GC1003827_F08_NODE_8521_length_1171_cov_3.128352	1	1171	253	1171	100	27.7088	35.4	53.3
GC1003827_F08_NODE_8522_length_1171_cov_2.665709	1	1171	148	1170	99.9146	18.1921	35.8	59.6
GC1003827_F08_NODE_8523_length_1171_cov_2.301724	1	1171	179	1170	99.9146	18.3168	35.1	49.1
GC1003827_F08_NODE_8524_length_1171_cov_1.865900	1	1171	139	1171	100	15.7267	35.5	54.5
GC1003827_F08_NODE_8525_length_1171_cov_1.785441	1	1171	286	1171	100	22.8215	35.1	47.6
GC1003827_F08_NODE_8526_length_1171_cov_1.330460	1	1171	79	1161	99.146	9.73356	35.6	60
GC1003827_F08_NODE_8527_length_1170_cov_6.718121	1	1170	487	1162	99.3162	52.6983	35.5	55.4
GC1003827_F08_NODE_8528_length_1170_cov_4.608821	1	1170	258	1170	100	31.6513	35.7	59.7
GC1003827_F08_NODE_8529_length_1170_cov_4.158198	1	1170	437	1170	100	42.8094	35.1	48.4
GC1003827_F08_NODE_8530_length_1170_cov_2.884947	1	1170	447	1170	100	46.4889	35.4	35.4
GC1003827_F08_NODE_8531_length_1170_cov_2.480345	1	1170	153	1170	100	18.6846	35.7	57.8
GC1003827_F08_NODE_8532_length_1170_cov_0.904123	1	1170	49	1159	99.0598	6.19231	35.5	60
GC1003827_F08_NODE_8533_length_1169_cov_10.161228	1	1169	631	1169	100	74.4662	35.5	57.6
GC1003827_F08_NODE_8534_length_1169_cov_4.777351	1	1169	441	1169	100	41.9735	35.2	42.4
GC1003827_F08_NODE_8535_length_1169_cov_4.236084	1	1169	292	1169	100	34.0197	35.7	57.3
GC1003827_F08_NODE_8536_length_1169_cov_2.416507	1	1169	122	1167	99.8289	15.024	36.1	58.6
GC1003827_F08_NODE_8537_length_1169_cov_2.049904	1	1169	247	1169	100	23.805	35.6	53
GC1003827_F08_NODE_8538_length_1169_cov_1.906910	1	1169	384	1169	100	25.7203	35.2	31.3
GC1003827_F08_NODE_8539_length_1169_cov_1.817658	1	1169	191	1169	100	17.0291	35.4	44.8
GC1003827_F08_NODE_8540_length_1169_cov_1.373321	1	1169	320	1166	99.7434	18.8571	35.3	36.3
GC1003827_F08_NODE_8541_length_1169_cov_0.690979	1	1169	53	1166	99.7434	5.94696	35.9	57
GC1003827_F08_NODE_8542_length_1168_cov_4.289145	1	1168	347	1168	100	39.8836	35	56.8
GC1003827_F08_NODE_8543_length_1167_cov_17.596154	1	1167	1060	1167	100	129.124	35.7	59.2
GC1003827_F08_NODE_8544_length_1167_cov_11.823077	1	1167	717	1167	100	87.1371	35.6	59.1
GC1003827_F08_NODE_8545_length_1167_cov_8.437500	1	1167	590	1167	100	66.0403	35.7	55.6
GC1003827_F08_NODE_8546_length_1167_cov_6.949038	1	1167	722	1167	100	78.1851	34.5	56.3
GC1003827_F08_NODE_8547_length_1167_cov_6.162500	1	1167	372	1167	100	45.6495	35.7	59.2
GC1003827_F08_NODE_8548_length_1167_cov_5.922115	1	1167	502	1167	100	55.3573	35.1	56.3
GC1003827_F08_NODE_8549_length_1167_cov_3.274038	1	1167	267	1167	100	30.4096	35.5	57
GC1003827_F08_NODE_8550_length_1167_cov_2.251923	1	1167	187	1166	99.9143	19.6838	35.6	49.1
GC1003827_F08_NODE_8551_length_1167_cov_2.194231	1	1167	598	1167	100	38.1705	34.8	16.3
GC1003827_F08_NODE_8552_length_1167_cov_2.011538	1	1167	140	1167	100	15.6127	35.9	54.7
GC1003827_F08_NODE_8553_length_1167_cov_1.625962	1	1167	117	1167	100	13.6932	35.7	59.4
GC1003827_F08_NODE_8554_length_1166_cov_6.076997	1	1166	436	1166	100	48.837	35.7	56.5
GC1003827_F08_NODE_8555_length_1166_cov_5.816169	1	1166	691	1166	100	67.5549	34.6	51.2
GC1003827_F08_NODE_8556_length_1166_cov_3.021174	1	1166	265	1166	100	28.9288	35.6	56.3
GC1003827_F08_NODE_8557_length_1166_cov_2.420597	1	1166	125	1165	99.9142	15.6244	35.5	59
GC1003827_F08_NODE_8558_length_1166_cov_2.299326	1	1166	160	1166	100	19.2161	35.5	59.3
GC1003827_F08_NODE_8559_length_1166_cov_2.270452	1	1166	235	1166	100	26.1964	34.9	51
GC1003827_F08_NODE_8560_length_1166_cov_1.423484	1	1166	130	1164	99.8285	14.7444	35.5	58.7
GC1003827_F08_NODE_8561_length_1166_cov_1.380173	1	1166	192	1166	100	17.6389	34.6	49.9
GC1003827_F08_NODE_8562_length_1166_cov_1.268527	1	1166	69	1166	100	8.43053	35.6	60
GC1003827_F08_NODE_8563_length_1166_cov_0.948989	1	1166	55	1166	100	6.61321	35.8	59.3
GC1003827_F08_NODE_8564_length_1165_cov_13.834297	1	1165	813	1165	100	97.9682	35.8	58.2
GC1003827_F08_NODE_8565_length_1165_cov_4.111753	1	1165	257	1165	100	31.8953	35.5	59.5
GC1003827_F08_NODE_8566_length_1165_cov_3.690751	1	1165	441	1165	100	39.3124	35.2	44.6
GC1003827_F08_NODE_8567_length_1165_cov_0.986513	1	1165	73	1162	99.7425	7.73906	35.4	56
GC1003827_F08_NODE_8568_length_1165_cov_0.923892	1	1165	56	1165	100	6.99313	35.5	59.5
GC1003827_F08_NODE_8569_length_1164_cov_17.810993	1	1164	1042	1164	100	128.138	35.6	58.8
GC1003827_F08_NODE_8570_length_1164_cov_11.383799	1	1164	721	1164	100	85.329	35.7	58.4
GC1003827_F08_NODE_8571_length_1164_cov_11.051109	1	1164	1291	1164	100	135.152	34.1	53.6
GC1003827_F08_NODE_8572_length_1164_cov_7.084860	1	1164	406	1161	99.7423	50.3995	35.7	59.2
GC1003827_F08_NODE_8573_length_1164_cov_5.939248	1	1164	526	1164	100	56.6349	35.5	55.5
GC1003827_F08_NODE_8574_length_1164_cov_5.536162	1	1164	626	1164	100	54.2294	35	38.3
GC1003827_F08_NODE_8575_length_1164_cov_4.429122	1	1164	808	1164	100	43.9983	35.6	22.2
GC1003827_F08_NODE_8576_length_1164_cov_3.947927	1	1164	282	1164	100	33.0816	35.8	58.2
GC1003827_F08_NODE_8577_length_1164_cov_3.931533	1	1164	225	1164	100	27.4631	35.8	59.3
GC1003827_F08_NODE_8578_length_1164_cov_2.347155	1	1164	152	1164	100	18.4021	35.4	57.7
GC1003827_F08_NODE_8579_length_1164_cov_2.186114	1	1164	157	1164	100	18.1271	35.7	57.6
GC1003827_F08_NODE_8580_length_1163_cov_13.603282	1	1163	1459	1163	100	151.515	35.2	52.7
GC1003827_F08_NODE_8581_length_1163_cov_7.933398	1	1163	607	1159	99.6561	67.3457	35.3	56.8
GC1003827_F08_NODE_8582_length_1163_cov_6.828185	1	1163	480	1163	100	55.178	35.6	57.5
GC1003827_F08_NODE_8583_length_1163_cov_6.524131	1	1163	534	1160	99.742	58.4927	35.2	56.7
GC1003827_F08_NODE_8584_length_1163_cov_4.891892	1	1163	485	1163	100	54.1969	35.2	43.4
GC1003827_F08_NODE_8585_length_1163_cov_3.723938	1	1163	229	1163	100	27.7756	35.8	58.7
GC1003827_F08_NODE_8586_length_1163_cov_3.153475	1	1163	200	1163	100	23.2872	35	56.6
GC1003827_F08_NODE_8587_length_1163_cov_2.392857	1	1163	171	1163	100	19.3027	35.9	55.7
GC1003827_F08_NODE_8588_length_1163_cov_1.931467	1	1163	193	1163	100	20.0911	35.7	54.7
GC1003827_F08_NODE_8589_length_1163_cov_1.011583	1	1163	60	1163	100	7.42046	35.3	58.6
GC1003827_F08_NODE_8590_length_1162_cov_7.252174	1	1162	534	1162	100	61.0293	35.8	58.1
GC1003827_F08_NODE_8591_length_1162_cov_6.261836	1	1162	373	1162	100	45.4191	35.8	58.9
GC1003827_F08_NODE_8592_length_1162_cov_4.350725	1	1162	392	1162	100	40.1489	35.6	49.2
GC1003827_F08_NODE_8593_length_1162_cov_3.871498	1	1162	286	1162	100	33.3985	36	57.6
GC1003827_F08_NODE_8594_length_1162_cov_2.543961	1	1162	303	1162	100	28.6652	35.4	43.7
GC1003827_F08_NODE_8595_length_1162_cov_1.888889	1	1162	143	1162	100	17.0026	35.6	58.9
GC1003827_F08_NODE_8596_length_1162_cov_1.685990	1	1162	117	1162	100	12.6592	35.8	53.2
GC1003827_F08_NODE_8597_length_1162_cov_1.345894	1	1162	121	1161	99.9139	11.6997	35.8	50.6
GC1003827_F08_NODE_8598_length_1162_cov_0.695652	1	1162	46	1162	100	5.33993	35.2	57.3
GC1003827_F08_NODE_8599_length_1161_cov_22.950677	1	1161	1551	1161	100	184.583	35.5	58.6
GC1003827_F08_NODE_8600_length_1161_cov_14.995164	1	1161	974	1161	100	118.37	35.7	58.8
GC1003827_F08_NODE_8601_length_1161_cov_5.678917	1	1161	365	1161	100	42.559	35.3	56.9
GC1003827_F08_NODE_8602_length_1161_cov_4.698259	1	1161	678	1161	100	63.1843	35	45.9
GC1003827_F08_NODE_8603_length_1161_cov_4.157640	1	1161	238	1161	100	29.2567	35.8	58.8
GC1003827_F08_NODE_8604_length_1161_cov_3.701161	1	1161	311	1161	100	33.4281	35.6	54.6
GC1003827_F08_NODE_8605_length_1161_cov_3.254352	1	1161	616	1161	100	38.5418	35.5	24.4
GC1003827_F08_NODE_8606_length_1161_cov_2.784333	1	1161	188	1161	100	21.5668	35.3	57.1
GC1003827_F08_NODE_8607_length_1161_cov_2.754352	1	1161	492	1161	100	39.1714	35.4	33.5
GC1003827_F08_NODE_8608_length_1161_cov_2.745648	1	1161	145	1161	100	18.1852	35.8	59.9
GC1003827_F08_NODE_8609_length_1161_cov_1.872340	1	1161	106	1160	99.9139	12.8984	35.6	59
GC1003827_F08_NODE_8610_length_1161_cov_0.800774	1	1161	39	1152	99.2248	5.03704	35.9	60
GC1003827_F08_NODE_8611_length_1160_cov_6.563408	1	1160	421	1160	100	47.6879	35.5	58.5
GC1003827_F08_NODE_8612_length_1160_cov_5.990319	1	1160	489	1160	100	53.1862	34.9	52.4
GC1003827_F08_NODE_8613_length_1160_cov_4.778316	1	1160	266	1160	100	32.569	34.9	58.8
GC1003827_F08_NODE_8614_length_1160_cov_4.332043	1	1160	642	1160	100	66.7655	34.7	44.4
GC1003827_F08_NODE_8615_length_1160_cov_4.308809	1	1160	348	1159	99.9138	38.0664	35.5	54.9
GC1003827_F08_NODE_8616_length_1160_cov_3.439497	1	1160	237	1160	100	27.5853	35	56.5
GC1003827_F08_NODE_8617_length_1160_cov_2.757018	1	1160	400	1160	100	42.7198	34.9	43.5
GC1003827_F08_NODE_8618_length_1160_cov_1.763795	1	1160	176	1160	100	17.6845	35.5	50.6
GC1003827_F08_NODE_8619_length_1160_cov_1.343659	1	1160	99	1158	99.8276	11.3897	35.6	57.8
GC1003827_F08_NODE_8620_length_1159_cov_19.968023	1	1159	1267	1159	100	149.489	35.4	57.5
GC1003827_F08_NODE_8621_length_1159_cov_11.176357	1	1159	837	1159	100	88.4064	35.2	42.6
GC1003827_F08_NODE_8622_length_1159_cov_8.570736	1	1159	1491	1159	100	138.354	35.1	51
GC1003827_F08_NODE_8623_length_1159_cov_5.816860	1	1159	506	1151	99.3097	52.7791	35.1	50.3
GC1003827_F08_NODE_8624_length_1159_cov_4.974806	1	1159	619	1159	100	59.629	34.9	48.5
GC1003827_F08_NODE_8625_length_1159_cov_2.811047	1	1159	180	1159	100	21.1061	34.9	56
GC1003827_F08_NODE_8626_length_1159_cov_1.807171	1	1159	102	1159	100	12.6773	35.7	59.5
GC1003827_F08_NODE_8627_length_1159_cov_1.799419	1	1159	326	1159	100	27.6506	35.5	49.3
GC1003827_F08_NODE_8628_length_1159_cov_0.812016	1	1159	44	1159	100	5.50561	35.7	58.2
GC1003827_F08_NODE_8629_length_1159_cov_0.809109	1	1159	77	1159	100	7.30371	34.6	50.4
GC1003827_F08_NODE_8630_length_1158_cov_7.967992	1	1158	633	1157	99.9136	72.4845	34.9	57.6
GC1003827_F08_NODE_8631_length_1158_cov_7.775946	1	1158	532	1158	100	61.4862	35.7	57.5
GC1003827_F08_NODE_8632_length_1158_cov_5.943744	1	1158	574	1158	100	56.9551	35.6	48
GC1003827_F08_NODE_8633_length_1158_cov_4.226964	1	1158	265	1158	100	31.8851	35.5	57.9
GC1003827_F08_NODE_8634_length_1158_cov_3.518914	1	1158	235	1158	100	28.1364	35.8	57.9
GC1003827_F08_NODE_8635_length_1158_cov_3.353055	1	1158	396	1158	100	36.1174	34.9	40.7
GC1003827_F08_NODE_8636_length_1158_cov_2.909796	1	1158	165	1158	100	19.8575	35.6	57.6
GC1003827_F08_NODE_8637_length_1158_cov_2.709020	1	1158	142	1158	100	17.8022	35.2	58.9
GC1003827_F08_NODE_8638_length_1158_cov_1.398642	1	1158	295	1153	99.5682	19.0812	34.6	27.8
GC1003827_F08_NODE_8639_length_1158_cov_1.245393	1	1158	87	1158	100	10.7168	35.4	59.6
GC1003827_F08_NODE_8640_length_1157_cov_13.282524	1	1157	947	1157	100	106.649	35.8	55.8
GC1003827_F08_NODE_8641_length_1157_cov_8.766990	1	1157	1213	1119	96.7156	116.502	35.2	49.1
GC1003827_F08_NODE_8642_length_1157_cov_8.520388	1	1157	509	1157	100	62.7882	35.6	59.1
GC1003827_F08_NODE_8643_length_1157_cov_6.814563	1	1157	427	1157	100	50.8012	35.7	57.8
GC1003827_F08_NODE_8644_length_1157_cov_3.654369	1	1157	1708	1157	100	117.689	34.4	22.9
GC1003827_F08_NODE_8645_length_1157_cov_2.855340	1	1157	261	1157	100	29.1435	35.1	57.4
GC1003827_F08_NODE_8646_length_1157_cov_2.703883	1	1157	159	1157	100	19.1331	35.7	58.6
GC1003827_F08_NODE_8647_length_1157_cov_2.390291	1	1157	139	1156	99.9136	17.0346	35.7	60
GC1003827_F08_NODE_8648_length_1157_cov_1.921359	1	1157	295	1157	100	30.4788	34.4	53.7
GC1003827_F08_NODE_8649_length_1157_cov_1.437864	1	1157	86	1157	100	10.7312	34.6	59.7
GC1003827_F08_NODE_8650_length_1157_cov_0.902913	1	1157	54	1154	99.7407	6.38807	35.6	56
GC1003827_F08_NODE_8651_length_1156_cov_8.965986	1	1156	716	1156	100	82.4862	35.5	57.4
GC1003827_F08_NODE_8652_length_1156_cov_6.434402	1	1156	423	1156	100	50.3564	35.6	58.9
GC1003827_F08_NODE_8653_length_1156_cov_6.432459	1	1156	400	1156	100	48.1159	35.7	58.8
GC1003827_F08_NODE_8654_length_1156_cov_6.364431	1	1156	394	1156	100	47.9567	35.5	58.6
GC1003827_F08_NODE_8655_length_1156_cov_5.293489	1	1156	476	1155	99.9135	53.0363	35	54.2
GC1003827_F08_NODE_8656_length_1156_cov_5.164237	1	1156	337	1156	100	40.346	35.6	57.8
GC1003827_F08_NODE_8657_length_1156_cov_4.925170	1	1156	609	1156	100	55.4481	35.4	46.3
GC1003827_F08_NODE_8658_length_1156_cov_3.983479	1	1156	275	1156	100	31.2145	35.8	56.7
GC1003827_F08_NODE_8659_length_1156_cov_3.344995	1	1156	211	1156	100	24.9308	35.5	57.5
GC1003827_F08_NODE_8660_length_1156_cov_2.363460	1	1156	150	1155	99.9135	18.1254	35.9	59.5
GC1003827_F08_NODE_8661_length_1155_cov_4.121595	1	1155	284	1155	100	33.5948	35.6	58.3
GC1003827_F08_NODE_8662_length_1155_cov_3.476654	1	1155	193	1155	100	23.9411	35.4	59.1
GC1003827_F08_NODE_8663_length_1155_cov_3.294747	1	1155	210	1155	100	25.0346	35.9	58
GC1003827_F08_NODE_8664_length_1155_cov_1.920233	1	1155	224	1155	100	20.587	34.6	41.5
GC1003827_F08_NODE_8665_length_1155_cov_1.834630	1	1155	90	1154	99.9134	11.3732	35.6	59.3
GC1003827_F08_NODE_8666_length_1154_cov_10.119766	1	1154	1830	1154	100	146.859	34.7	26.5
GC1003827_F08_NODE_8667_length_1154_cov_9.178189	1	1154	566	1154	100	69.0269	35.5	59
GC1003827_F08_NODE_8668_length_1154_cov_8.788705	1	1154	494	1153	99.9133	60.9012	35.6	58.6
GC1003827_F08_NODE_8669_length_1154_cov_7.370010	1	1154	513	1153	99.9133	60.3899	35.5	57.1
GC1003827_F08_NODE_8670_length_1154_cov_5.145083	1	1154	332	1154	100	40.2374	35.8	58.9
GC1003827_F08_NODE_8671_length_1154_cov_3.078870	1	1154	184	1154	100	22.4489	35.2	58.2
GC1003827_F08_NODE_8672_length_1154_cov_3.037975	1	1154	190	1154	100	21.9133	35.7	57
GC1003827_F08_NODE_8673_length_1154_cov_2.946446	1	1154	214	1154	100	23.9983	34.9	55.5
GC1003827_F08_NODE_8674_length_1154_cov_2.540409	1	1154	154	1154	100	19.5	35.9	59.1
GC1003827_F08_NODE_8675_length_1154_cov_2.253165	1	1154	134	1154	100	15.4151	35.4	56.4
GC1003827_F08_NODE_8676_length_1154_cov_2.102240	1	1154	146	1154	100	16.513	35.7	56.8
GC1003827_F08_NODE_8677_length_1154_cov_1.247322	1	1154	72	1154	100	9.01386	35.4	59.5
GC1003827_F08_NODE_8678_length_1154_cov_0.983447	1	1154	127	1154	100	12.5667	34.5	52.2
GC1003827_F08_NODE_8679_length_1153_cov_9.845029	1	1153	594	1153	100	72.8855	35.6	59.3
GC1003827_F08_NODE_8680_length_1153_cov_8.843080	1	1153	506	1153	100	60.9757	35.7	56.9
GC1003827_F08_NODE_8681_length_1153_cov_7.497076	1	1153	452	1152	99.9133	55.5672	35.5	58.7
GC1003827_F08_NODE_8682_length_1153_cov_6.666667	1	1153	359	1153	100	45.1691	35.7	59.1
GC1003827_F08_NODE_8683_length_1153_cov_5.164717	1	1153	439	1153	100	49.6106	35.5	58.4
GC1003827_F08_NODE_8684_length_1153_cov_4.375244	1	1153	353	1152	99.9133	37.1058	35.2	49.7
GC1003827_F08_NODE_8685_length_1153_cov_2.792398	1	1153	186	1153	100	20.4692	35.2	51.5
GC1003827_F08_NODE_8686_length_1153_cov_2.364522	1	1153	178	1153	100	20.5438	35.9	58.4
GC1003827_F08_NODE_8687_length_1153_cov_1.722222	1	1153	104	1153	100	12.7433	35.3	58.7
GC1003827_F08_NODE_8688_length_1153_cov_1.690058	1	1153	99	1153	100	12.137	35.5	58.3
GC1003827_F08_NODE_8689_length_1153_cov_1.596491	1	1153	119	1153	100	13.5915	35.8	56.2
GC1003827_F08_NODE_8690_length_1152_cov_26.485854	1	1152	1861	1152	100	221.487	35.3	58.6
GC1003827_F08_NODE_8691_length_1152_cov_20.041951	1	1152	1203	1150	99.8264	147.719	35.6	59
GC1003827_F08_NODE_8692_length_1152_cov_12.793171	1	1152	1030	1152	100	120.714	35.4	57.7
GC1003827_F08_NODE_8693_length_1152_cov_9.190244	1	1152	564	1150	99.8264	65.8924	35.7	56.6
GC1003827_F08_NODE_8694_length_1152_cov_8.206829	1	1152	464	1152	100	56.8273	35.8	58.3
GC1003827_F08_NODE_8695_length_1152_cov_8.120976	1	1152	718	1152	100	74.9106	35.1	52.7
GC1003827_F08_NODE_8696_length_1152_cov_6.093659	1	1152	391	1152	100	47.6641	35.9	58.7
GC1003827_F08_NODE_8697_length_1152_cov_5.504390	1	1152	2230	1152	100	166.574	34.3	20.7
GC1003827_F08_NODE_8698_length_1152_cov_1.911220	1	1152	104	1152	100	12.7543	35.6	56.2
GC1003827_F08_NODE_8699_length_1151_cov_13.477539	1	1151	729	1151	100	91.8236	35.4	59.6
GC1003827_F08_NODE_8700_length_1151_cov_8.791992	1	1151	503	1149	99.8262	61.7055	35.7	58.8
GC1003827_F08_NODE_8701_length_1151_cov_4.867188	1	1151	306	1151	100	36.51	35.6	56.9
GC1003827_F08_NODE_8702_length_1151_cov_3.137695	1	1151	357	1151	100	35.3562	35.6	51.9
GC1003827_F08_NODE_8703_length_1151_cov_1.953125	1	1151	124	1151	100	14.6699	35.4	58.6
GC1003827_F08_NODE_8704_length_1151_cov_1.743164	1	1151	200	1148	99.7394	16.8914	35.5	35.6
GC1003827_F08_NODE_8705_length_1151_cov_1.391602	1	1151	80	1151	100	9.76977	36.1	58.5
GC1003827_F08_NODE_8706_length_1151_cov_1.369141	1	1151	86	1151	100	10.3771	35.5	58.9
GC1003827_F08_NODE_8707_length_1151_cov_1.252930	1	1151	523	1151	100	30.6811	34.3	12.3
GC1003827_F08_NODE_8708_length_1150_cov_14.822092	1	1150	906	1150	100	109.69	35.8	58.7
GC1003827_F08_NODE_8709_length_1150_cov_10.082111	1	1150	664	1150	100	77.4635	35.2	58.3
GC1003827_F08_NODE_8710_length_1150_cov_8.662757	1	1150	832	1150	100	86.8626	34.8	52.1
GC1003827_F08_NODE_8711_length_1150_cov_7.967742	1	1150	491	1150	100	57.5922	35.7	57
GC1003827_F08_NODE_8712_length_1150_cov_5.025415	1	1150	308	1149	99.913	37.3704	35.1	59.3
GC1003827_F08_NODE_8713_length_1150_cov_3.941349	1	1150	223	1150	100	27.8035	35.5	58.7
GC1003827_F08_NODE_8714_length_1150_cov_3.941349	1	1150	279	1149	99.913	32.4704	35.3	57.5
GC1003827_F08_NODE_8715_length_1150_cov_3.521994	1	1150	222	1150	100	26.3052	35.7	58.1
GC1003827_F08_NODE_8716_length_1150_cov_3.102639	1	1150	312	1150	100	31.5922	35.1	50.1
GC1003827_F08_NODE_8717_length_1150_cov_1.694037	1	1150	148	1150	100	15.0617	35.8	49.3
GC1003827_F08_NODE_8718_length_1149_cov_14.688845	1	1149	906	1149	100	110.595	35.6	58.7
GC1003827_F08_NODE_8719_length_1149_cov_11.972603	1	1149	716	1149	100	88.47	35.5	58.9
GC1003827_F08_NODE_8720_length_1149_cov_10.929550	1	1149	1074	1149	100	122.44	35.5	57.4
GC1003827_F08_NODE_8721_length_1149_cov_9.621331	1	1149	588	1149	100	69.356	35.8	54.4
GC1003827_F08_NODE_8722_length_1149_cov_7.524462	1	1149	1116	1147	99.8259	104.489	35.2	49.6
GC1003827_F08_NODE_8723_length_1149_cov_7.054795	1	1149	519	1142	99.3908	59.5936	35.2	55.9
GC1003827_F08_NODE_8724_length_1149_cov_6.632094	1	1149	366	1149	100	45.5579	35.5	59.3
GC1003827_F08_NODE_8725_length_1149_cov_4.692759	1	1149	713	1149	100	53.235	34.2	31.6
GC1003827_F08_NODE_8726_length_1149_cov_4.598826	1	1149	813	1149	100	78.4656	34.1	49.5
GC1003827_F08_NODE_8727_length_1149_cov_2.897260	1	1149	206	1149	100	23.7189	35.5	56.3
GC1003827_F08_NODE_8728_length_1149_cov_2.335616	1	1149	216	1149	100	24.7781	35.1	57.6
GC1003827_F08_NODE_8729_length_1148_cov_13.260529	1	1148	1247	1148	100	133.482	35.3	53.5
GC1003827_F08_NODE_8730_length_1148_cov_11.263467	1	1148	601	1148	100	76.2814	35.7	59.2
GC1003827_F08_NODE_8731_length_1148_cov_8.411361	1	1148	474	1148	100	59.5009	35.6	59.1
GC1003827_F08_NODE_8732_length_1148_cov_8.355534	1	1148	1311	1148	100	125.686	35.3	47.3
GC1003827_F08_NODE_8733_length_1148_cov_8.060725	1	1148	618	1148	100	64.3545	35.4	51.5
GC1003827_F08_NODE_8734_length_1148_cov_6.203722	1	1148	445	1148	100	52.122	35.4	56.8
GC1003827_F08_NODE_8735_length_1148_cov_5.503428	1	1148	464	1148	100	51.0183	35.1	56.8
GC1003827_F08_NODE_8736_length_1148_cov_3.776690	1	1148	315	1147	99.9129	32.2787	35.4	50.7
GC1003827_F08_NODE_8737_length_1148_cov_3.528893	1	1148	236	1148	100	26.1289	35.8	51
GC1003827_F08_NODE_8738_length_1148_cov_2.895201	1	1148	175	1148	100	21.3885	35.6	58.8
GC1003827_F08_NODE_8739_length_1148_cov_2.395690	1	1148	138	1148	100	17.135	35.4	59.2
GC1003827_F08_NODE_8740_length_1148_cov_1.530852	1	1148	107	1148	100	12.5453	35.1	59
GC1003827_F08_NODE_8741_length_1147_cov_5.890196	1	1147	608	1147	100	64.5641	35	56.5
GC1003827_F08_NODE_8742_length_1147_cov_3.783333	1	1147	240	1147	100	29.1517	35.6	58.7
GC1003827_F08_NODE_8743_length_1147_cov_3.053922	1	1147	236	1145	99.8256	26.7672	35.7	57.1
GC1003827_F08_NODE_8744_length_1147_cov_3.018627	1	1147	234	1147	100	25.3339	35.4	53.4
GC1003827_F08_NODE_8745_length_1147_cov_2.638235	1	1147	179	1147	100	20.735	35.2	57
GC1003827_F08_NODE_8746_length_1147_cov_1.939216	1	1147	105	1147	100	13.0846	34.9	57.3
GC1003827_F08_NODE_8747_length_1147_cov_1.844118	1	1147	112	1147	100	13.347	35.1	55.9
GC1003827_F08_NODE_8748_length_1147_cov_1.101961	1	1147	203	1147	100	14.211	29.6	24.9
GC1003827_F08_NODE_8749_length_1146_cov_22.109912	1	1146	2315	1146	100	243.692	34.8	56.7
GC1003827_F08_NODE_8750_length_1146_cov_17.366045	1	1146	1173	1146	100	141.188	35.5	58.4
GC1003827_F08_NODE_8751_length_1146_cov_10.734053	1	1146	3027	1146	100	159.649	35.5	34.6
GC1003827_F08_NODE_8752_length_1146_cov_8.198234	1	1146	551	1146	100	66.2164	35.5	58.1
GC1003827_F08_NODE_8753_length_1146_cov_6.232581	1	1146	432	1143	99.7382	51.4084	35.4	57.9
GC1003827_F08_NODE_8754_length_1146_cov_6.144259	1	1146	347	1146	100	43.0716	35.4	59.4
GC1003827_F08_NODE_8755_length_1146_cov_4.071639	1	1146	238	1146	100	29.3569	35.6	58.8
GC1003827_F08_NODE_8756_length_1146_cov_3.422964	1	1146	575	1136	99.1274	45.7478	34.9	30.2
GC1003827_F08_NODE_8757_length_1146_cov_2.547596	1	1146	249	1146	100	24.212	34.9	50.1
GC1003827_F08_NODE_8758_length_1146_cov_2.328754	1	1146	127	1146	100	15.7714	35.7	59.1
GC1003827_F08_NODE_8759_length_1146_cov_2.129539	1	1146	194	1146	100	20.0454	36.1	53.1
GC1003827_F08_NODE_8760_length_1146_cov_1.957802	1	1146	104	1146	100	13.3857	35.9	59.8
GC1003827_F08_NODE_8761_length_1146_cov_0.421982	1	1146	22	1146	100	2.89878	36.3	60
GC1003827_F08_NODE_8762_length_1145_cov_12.667976	1	1145	1222	1145	100	122.339	35	50.8
GC1003827_F08_NODE_8763_length_1145_cov_8.202358	1	1145	515	1145	100	63.5965	35.9	59.4
GC1003827_F08_NODE_8764_length_1145_cov_5.835953	1	1145	370	1145	100	45.4987	35.4	59.1
GC1003827_F08_NODE_8765_length_1145_cov_4.414538	1	1145	265	1143	99.8253	31.9782	35.2	58.7
GC1003827_F08_NODE_8766_length_1145_cov_4.214145	1	1145	242	1145	100	28.3633	35	54.8
GC1003827_F08_NODE_8767_length_1145_cov_2.683694	1	1145	443	1145	100	37.841	34.7	39.5
GC1003827_F08_NODE_8768_length_1145_cov_2.512770	1	1145	579	1145	100	68.7031	35.4	35.7
GC1003827_F08_NODE_8769_length_1145_cov_2.101179	1	1145	126	1142	99.738	15.5162	35.5	58.8
GC1003827_F08_NODE_8770_length_1145_cov_1.514735	1	1145	108	1145	100	12.2192	35.8	59.5
GC1003827_F08_NODE_8771_length_1145_cov_1.352652	1	1145	251	1145	100	19.8017	35	46.1
GC1003827_F08_NODE_8772_length_1145_cov_1.265226	1	1145	174	1114	97.2926	13.2751	35.3	34.1
GC1003827_F08_NODE_8773_length_1145_cov_0.904715	1	1145	149	1145	100	11.4568	34.9	33.8
GC1003827_F08_NODE_8774_length_1145_cov_0.823183	1	1145	53	1142	99.738	6.60611	35.6	60
GC1003827_F08_NODE_8775_length_1144_cov_11.241888	1	1144	718	1144	100	86.5691	35.6	57.7
GC1003827_F08_NODE_8776_length_1144_cov_6.244838	1	1144	470	1144	100	54.1495	35.6	54.7
GC1003827_F08_NODE_8777_length_1144_cov_5.374631	1	1144	297	1144	100	37.1171	35.7	59.7
GC1003827_F08_NODE_8778_length_1144_cov_5.215339	1	1144	308	1142	99.8252	37.5638	35.8	58.2
GC1003827_F08_NODE_8779_length_1144_cov_4.180924	1	1144	877	1144	100	75.7247	35.5	49.9
GC1003827_F08_NODE_8780_length_1144_cov_3.759095	1	1144	211	1144	100	25.8444	35.8	58.9
GC1003827_F08_NODE_8781_length_1144_cov_2.568338	1	1144	179	1144	100	20.8051	35.1	57.7
GC1003827_F08_NODE_8782_length_1144_cov_2.437561	1	1144	185	1144	100	20.8488	35.5	55.8
GC1003827_F08_NODE_8783_length_1144_cov_2.356932	1	1144	156	1144	100	19.2142	35.9	58.6
GC1003827_F08_NODE_8784_length_1144_cov_2.046214	1	1144	236	1144	100	24.0367	35.5	48.7
GC1003827_F08_NODE_8785_length_1144_cov_1.522124	1	1144	107	1144	100	12.9178	35.6	59
GC1003827_F08_NODE_8786_length_1144_cov_1.422812	1	1144	104	1136	99.3007	11.8636	35.8	56.4
GC1003827_F08_NODE_8787_length_1143_cov_7.235236	1	1143	414	1143	100	50.8688	35.6	58.2
GC1003827_F08_NODE_8788_length_1143_cov_4.551181	1	1143	268	1143	100	33.2161	35.5	58.9
GC1003827_F08_NODE_8789_length_1143_cov_3.085630	1	1143	181	1142	99.9125	22.0875	35.8	58.3
GC1003827_F08_NODE_8790_length_1143_cov_1.533465	1	1143	2219	1143	100	172.612	33.8	11.6
GC1003827_F08_NODE_8791_length_1143_cov_1.130906	1	1143	101	1143	100	10.9668	35.5	57.8
GC1003827_F08_NODE_8792_length_1143_cov_0.980315	1	1143	65	1143	100	7.86352	35.8	59.7
GC1003827_F08_NODE_8793_length_1142_cov_5.178325	1	1142	291	1142	100	36.4615	35.4	59.4
GC1003827_F08_NODE_8794_length_1142_cov_3.707389	1	1142	242	1142	100	28.7723	36.1	57.1
GC1003827_F08_NODE_8795_length_1142_cov_2.794089	1	1142	213	1142	100	25.3888	35.6	58.1
GC1003827_F08_NODE_8796_length_1142_cov_2.670936	1	1142	196	1142	100	21.2741	36.1	50.6
GC1003827_F08_NODE_8797_length_1142_cov_2.550739	1	1142	135	1142	100	17.3494	36.1	60
GC1003827_F08_NODE_8798_length_1142_cov_2.394089	1	1142	181	1142	100	21.8336	35.7	59.3
GC1003827_F08_NODE_8799_length_1142_cov_1.037438	1	1142	55	1142	100	6.89492	35.4	59
GC1003827_F08_NODE_8800_length_1141_cov_9.356016	1	1141	599	1141	100	72.2638	35.7	58.1
GC1003827_F08_NODE_8801_length_1141_cov_7.993097	1	1141	556	1141	100	65.4365	35.3	57.2
GC1003827_F08_NODE_8802_length_1141_cov_5.870809	1	1141	347	1141	100	43.6643	35.7	59.4
GC1003827_F08_NODE_8803_length_1141_cov_5.080868	1	1141	614	1141	100	59.9991	35	50.5
GC1003827_F08_NODE_8804_length_1141_cov_3.736686	1	1141	307	1141	100	33.2805	35.9	49.5
GC1003827_F08_NODE_8805_length_1141_cov_3.428994	1	1141	181	1141	100	22.6494	35.8	59.1
GC1003827_F08_NODE_8806_length_1141_cov_3.028600	1	1141	229	1141	100	27.362	35.2	58.1
GC1003827_F08_NODE_8807_length_1141_cov_1.934911	1	1141	103	1141	100	13.0885	35.8	59.8
GC1003827_F08_NODE_8808_length_1141_cov_1.581854	1	1141	115	1141	100	13.0938	35.8	58
GC1003827_F08_NODE_8809_length_1141_cov_1.418146	1	1141	84	1141	100	9.99124	35.3	56.3
GC1003827_F08_NODE_8810_length_1140_cov_10.754195	1	1140	701	1140	100	83.9982	35.7	57.9
GC1003827_F08_NODE_8811_length_1140_cov_9.010859	1	1140	785	1140	100	84.4825	35.3	53.4
GC1003827_F08_NODE_8812_length_1140_cov_4.854886	1	1140	313	1140	100	37.7781	35.5	58.4
GC1003827_F08_NODE_8813_length_1140_cov_4.811451	1	1140	404	1140	100	42.7351	35.1	49.7
GC1003827_F08_NODE_8814_length_1140_cov_3.645607	1	1140	228	1140	100	26.9947	35.8	57.8
GC1003827_F08_NODE_8815_length_1140_cov_3.569595	1	1140	704	1140	100	69.5342	34.4	39.3
GC1003827_F08_NODE_8816_length_1140_cov_3.304047	1	1140	230	1140	100	26.3368	35	55.6
GC1003827_F08_NODE_8817_length_1140_cov_2.742349	1	1140	324	1140	100	31.0061	35.2	47.4
GC1003827_F08_NODE_8818_length_1140_cov_2.591313	1	1140	579	1140	100	39.5316	34.5	22
GC1003827_F08_NODE_8819_length_1140_cov_2.029615	1	1140	114	1140	100	14.4535	35.6	58.9
GC1003827_F08_NODE_8820_length_1140_cov_1.943731	1	1140	112	1140	100	13.9702	35.6	58.2
GC1003827_F08_NODE_8821_length_1140_cov_1.692004	1	1140	117	1140	100	13.6772	35.9	57
GC1003827_F08_NODE_8822_length_1140_cov_1.567621	1	1140	155	1140	100	15.1482	35.2	54.2
GC1003827_F08_NODE_8823_length_1140_cov_1.498519	1	1140	112	1140	100	12.5096	35.7	52.9
GC1003827_F08_NODE_8824_length_1140_cov_1.061204	1	1140	51	1140	100	6.62895	35.3	60
GC1003827_F08_NODE_8825_length_1140_cov_0.964462	1	1140	61	1140	100	7.3114	35.6	59
GC1003827_F08_NODE_8826_length_1140_cov_0.663376	1	1140	64712	1140	100	2551.45	33.4	4.01
GC1003827_F08_NODE_8827_length_1139_cov_11.522727	1	1139	726	1139	100	83.7234	35.7	53.1
GC1003827_F08_NODE_8828_length_1139_cov_7.671937	1	1139	538	1139	100	64.086	35.8	57.8
GC1003827_F08_NODE_8829_length_1139_cov_7.512846	1	1139	1047	1139	100	93.079	35.1	41
GC1003827_F08_NODE_8830_length_1139_cov_7.234190	1	1139	408	1139	100	50.7024	35.5	57.9
GC1003827_F08_NODE_8831_length_1139_cov_4.159091	1	1139	368	1139	100	41.1071	34.9	56.7
GC1003827_F08_NODE_8832_length_1139_cov_3.104743	1	1139	208	1139	100	25.4091	35.7	58.3
GC1003827_F08_NODE_8833_length_1139_cov_2.569170	1	1139	175	1139	100	19.3968	35.7	52.1
GC1003827_F08_NODE_8834_length_1139_cov_1.742095	1	1139	177	1133	99.4732	17.3082	35.8	50.3
GC1003827_F08_NODE_8835_length_1139_cov_1.152174	1	1139	100	1139	100	10.3126	35.5	51.8
GC1003827_F08_NODE_8836_length_1139_cov_0.791502	1	1139	61	1139	100	6.42581	35.1	48.4
GC1003827_F08_NODE_8837_length_1138_cov_8.067260	1	1138	646	1138	100	75.065	35.3	54.2
GC1003827_F08_NODE_8838_length_1138_cov_7.862512	1	1138	495	1138	100	59.8946	35.7	58.6
GC1003827_F08_NODE_8839_length_1138_cov_7.389713	1	1138	458	1138	100	54.406	35.5	56.3
GC1003827_F08_NODE_8840_length_1138_cov_3.453017	1	1138	180	1138	100	23.0923	35.5	59.8
GC1003827_F08_NODE_8841_length_1138_cov_2.143422	1	1138	116	1138	100	14.0861	35.5	57.9
GC1003827_F08_NODE_8842_length_1138_cov_2.006924	1	1138	172	1138	100	19.5606	35.6	54.8
GC1003827_F08_NODE_8843_length_1138_cov_1.525223	1	1138	79	1138	100	10.0852	35.9	58.5
GC1003827_F08_NODE_8844_length_1138_cov_0.801187	1	1138	42	1138	100	5.49033	34.9	60
GC1003827_F08_NODE_8845_length_1137_cov_15.952475	1	1137	1014	1137	100	122.364	35.7	56.1
GC1003827_F08_NODE_8846_length_1137_cov_10.560396	1	1137	674	1137	100	80.584	35.6	58.4
GC1003827_F08_NODE_8847_length_1137_cov_6.661386	1	1137	372	1137	100	46.6271	35.6	58.4
GC1003827_F08_NODE_8848_length_1137_cov_2.997030	1	1137	333	1137	100	31.2032	35.9	49.1
GC1003827_F08_NODE_8849_length_1137_cov_2.705941	1	1137	199	1137	100	23.6086	35.7	58.5
GC1003827_F08_NODE_8850_length_1137_cov_1.702970	1	1137	157	1135	99.8241	16.7071	35.1	55.2
GC1003827_F08_NODE_8851_length_1137_cov_1.407921	1	1137	216	1137	100	15.1328	35.8	28.7
GC1003827_F08_NODE_8852_length_1136_cov_19.753221	1	1136	1255	1136	100	151.955	35.2	57.5
GC1003827_F08_NODE_8853_length_1136_cov_11.728444	1	1136	682	1136	100	86.1805	35.9	59.5
GC1003827_F08_NODE_8854_length_1136_cov_4.944500	1	1136	516	1136	100	47.5678	35.3	38.7
GC1003827_F08_NODE_8855_length_1136_cov_4.433102	1	1136	411	1136	100	43.3838	35.4	56.7
GC1003827_F08_NODE_8856_length_1136_cov_3.202180	1	1136	222	1136	100	24.772	35.3	55
GC1003827_F08_NODE_8857_length_1136_cov_2.897919	1	1136	178	1136	100	22.2254	35.3	59.3
GC1003827_F08_NODE_8858_length_1136_cov_2.811695	1	1136	171	1136	100	20.7236	35.5	58.8
GC1003827_F08_NODE_8859_length_1136_cov_2.593657	1	1136	402	1136	100	29.8697	34.9	27.7
GC1003827_F08_NODE_8860_length_1136_cov_1.998018	1	1136	255	1136	100	22.8046	35.4	42.4
GC1003827_F08_NODE_8861_length_1136_cov_1.827552	1	1136	138	1136	100	12.9736	35.2	45.8
GC1003827_F08_NODE_8862_length_1135_cov_9.119048	1	1135	515	1135	100	64.2423	35.7	59.1
GC1003827_F08_NODE_8863_length_1135_cov_6.942460	1	1135	908	1135	100	94.4696	34.6	49.7
GC1003827_F08_NODE_8864_length_1135_cov_6.354167	1	1135	575	1135	100	57.7586	35.4	49.8
GC1003827_F08_NODE_8865_length_1135_cov_6.102183	1	1135	476	1135	100	52.2308	35.5	54.7
GC1003827_F08_NODE_8866_length_1135_cov_5.303571	1	1135	378	1135	100	43.1419	35.9	56.4
GC1003827_F08_NODE_8867_length_1135_cov_4.486111	1	1135	265	1135	100	32.926	35.6	58.6
GC1003827_F08_NODE_8868_length_1135_cov_3.289683	1	1135	205	1133	99.8238	25.3744	35.3	59.2
GC1003827_F08_NODE_8869_length_1135_cov_2.827381	1	1135	204	1133	99.8238	24.4511	35.3	59.1
GC1003827_F08_NODE_8870_length_1135_cov_2.743056	1	1135	186	1134	99.9119	22.0546	35.6	57.8
GC1003827_F08_NODE_8871_length_1135_cov_2.241071	1	1135	304	1135	100	31.6934	34.7	53
GC1003827_F08_NODE_8872_length_1135_cov_1.514881	1	1135	126	1135	100	13.6899	35.8	53.7
GC1003827_F08_NODE_8873_length_1134_cov_9.562066	1	1134	651	1134	100	77.3422	35.4	56.9
GC1003827_F08_NODE_8874_length_1134_cov_7.887786	1	1134	760	1134	100	74.4286	35.1	53.2
GC1003827_F08_NODE_8875_length_1134_cov_7.721946	1	1134	504	1134	100	60.6164	35.6	58.1
GC1003827_F08_NODE_8876_length_1134_cov_7.421053	1	1134	697	1134	100	69.1261	35.5	45.2
GC1003827_F08_NODE_8877_length_1134_cov_5.055611	1	1134	365	1130	99.6473	43.6896	35.8	58.3
GC1003827_F08_NODE_8878_length_1134_cov_4.930487	1	1134	551	1131	99.7354	50.8571	35.2	38.2
GC1003827_F08_NODE_8879_length_1134_cov_4.272095	1	1134	550	1134	100	62.6226	34.6	48.9
GC1003827_F08_NODE_8880_length_1134_cov_1.650447	1	1134	1809	1134	100	71.0317	33.3	6.05
GC1003827_F08_NODE_8881_length_1134_cov_1.422046	1	1134	485	1134	100	34.0141	34.4	20.5
GC1003827_F08_NODE_8882_length_1134_cov_0.802383	1	1134	52	1134	100	5.98589	35.8	53.8
GC1003827_F08_NODE_8883_length_1133_cov_7.385686	1	1133	389	1133	100	49.5243	35.4	58.8
GC1003827_F08_NODE_8884_length_1133_cov_6.960239	1	1133	376	1133	100	47.7873	35.8	59.1
GC1003827_F08_NODE_8885_length_1133_cov_6.191849	1	1133	392	1133	100	46.474	35.3	56.6
GC1003827_F08_NODE_8886_length_1133_cov_5.987078	1	1133	685	1133	100	74.5004	35.2	55.8
GC1003827_F08_NODE_8887_length_1133_cov_4.654076	1	1133	240	1133	100	30.2145	35.4	59.6
GC1003827_F08_NODE_8888_length_1133_cov_4.641153	1	1133	325	1124	99.2056	38.2118	35.8	57.9
GC1003827_F08_NODE_8889_length_1133_cov_4.027833	1	1133	235	1132	99.9117	28.496	35.4	58
GC1003827_F08_NODE_8890_length_1133_cov_3.555666	1	1133	295	1133	100	28.3998	35.9	52.2
GC1003827_F08_NODE_8891_length_1133_cov_3.447316	1	1133	204	1133	100	25.4678	35.4	58.4
GC1003827_F08_NODE_8892_length_1133_cov_3.020875	1	1133	143	1133	100	18.6531	35.5	59.2
GC1003827_F08_NODE_8893_length_1133_cov_2.945328	1	1133	170	1133	100	20.7396	35.7	59.2
GC1003827_F08_NODE_8894_length_1133_cov_2.583499	1	1133	153	1133	100	18.3054	35.4	59.5
GC1003827_F08_NODE_8895_length_1132_cov_11.012935	1	1132	616	1132	100	77.0848	35.7	58.9
GC1003827_F08_NODE_8896_length_1132_cov_8.606965	1	1132	642	1132	100	71.8816	35.6	51.9
GC1003827_F08_NODE_8897_length_1132_cov_7.426866	1	1132	400	1132	100	49.8595	35.9	58.4
GC1003827_F08_NODE_8898_length_1132_cov_5.059701	1	1132	307	1132	100	37.9399	35.4	59.2
GC1003827_F08_NODE_8899_length_1132_cov_4.708458	1	1132	284	1132	100	34.9708	35.3	58.8
GC1003827_F08_NODE_8900_length_1132_cov_3.382090	1	1132	183	1131	99.9117	23.4629	35.1	59.1
GC1003827_F08_NODE_8901_length_1132_cov_2.693532	1	1132	207	1132	100	20.9276	35.8	47.8
GC1003827_F08_NODE_8902_length_1132_cov_2.259701	1	1132	273	1132	100	28.5327	35.6	50.1
GC1003827_F08_NODE_8903_length_1132_cov_2.158209	1	1132	122	1131	99.9117	14.7261	35.7	58.7
GC1003827_F08_NODE_8904_length_1132_cov_1.920398	1	1132	147	1132	100	16.3489	35.9	54.3
GC1003827_F08_NODE_8905_length_1132_cov_1.493532	1	1132	93	1132	100	10.8216	35.8	54.8
GC1003827_F08_NODE_8906_length_1131_cov_14.884462	1	1131	801	1131	100	103.313	35.6	59.6
GC1003827_F08_NODE_8907_length_1131_cov_11.054781	1	1131	808	1131	100	90.3979	35.8	54.8
GC1003827_F08_NODE_8908_length_1131_cov_7.540837	1	1131	522	1131	100	62.3581	35.4	55.4
GC1003827_F08_NODE_8909_length_1131_cov_5.609562	1	1131	432	1131	100	49.2025	35.4	53.1
GC1003827_F08_NODE_8910_length_1131_cov_4.328685	1	1131	321	1131	100	38.0637	35.7	56.3
GC1003827_F08_NODE_8911_length_1131_cov_4.215139	1	1131	4825	1131	100	204.165	33.8	4.11
GC1003827_F08_NODE_8912_length_1131_cov_4.206175	1	1131	428	1131	100	39.7003	35.4	38.7
GC1003827_F08_NODE_8913_length_1131_cov_3.991036	1	1131	260	1131	100	31.466	35.7	57.8
GC1003827_F08_NODE_8914_length_1131_cov_2.618526	1	1131	147	1121	99.1158	18.6914	35.6	59.3
GC1003827_F08_NODE_8915_length_1131_cov_2.503984	1	1131	162	1131	100	18.9859	35.7	55.8
GC1003827_F08_NODE_8916_length_1131_cov_1.886454	1	1131	110	1131	100	13.7153	35	59.8
GC1003827_F08_NODE_8917_length_1131_cov_1.447211	1	1131	82	1131	100	10.4235	35.4	58.5
GC1003827_F08_NODE_8918_length_1131_cov_1.235060	1	1131	72	1131	100	8.54023	35	56
GC1003827_F08_NODE_8919_length_1131_cov_0.916335	1	1131	52	1131	100	6.21397	36.1	57.8
GC1003827_F08_NODE_8920_length_1130_cov_7.644068	1	1130	515	1130	100	62.1044	35.5	58.9
GC1003827_F08_NODE_8921_length_1130_cov_6.427717	1	1130	521	1130	100	57.5619	35.4	54.6
GC1003827_F08_NODE_8922_length_1130_cov_3.788634	1	1130	182	1130	100	23.654	35.6	59.8
GC1003827_F08_NODE_8923_length_1130_cov_3.332004	1	1130	199	1130	100	24.9593	35.6	58.4
GC1003827_F08_NODE_8924_length_1130_cov_3.133599	1	1130	250	1130	100	28.3504	35.3	57.2
GC1003827_F08_NODE_8925_length_1130_cov_2.553340	1	1130	148	1130	100	18.5531	35.7	57.7
GC1003827_F08_NODE_8926_length_1129_cov_11.631737	1	1129	937	1129	100	99.7006	35.4	49.9
GC1003827_F08_NODE_8927_length_1129_cov_9.336327	1	1129	661	1129	100	78.9849	35.6	58.4
GC1003827_F08_NODE_8928_length_1129_cov_5.555888	1	1129	375	1129	100	42.3729	35.4	52.5
GC1003827_F08_NODE_8929_length_1129_cov_4.844311	1	1129	447	1129	100	55.5908	35.7	44.8
GC1003827_F08_NODE_8930_length_1129_cov_4.451098	1	1129	423	1129	100	50.9247	35.2	58.4
GC1003827_F08_NODE_8931_length_1129_cov_3.846307	1	1129	301	1129	100	30.8583	35.5	44.8
GC1003827_F08_NODE_8932_length_1129_cov_3.513972	1	1129	243	1129	100	28.2498	35.3	58
GC1003827_F08_NODE_8933_length_1129_cov_3.324351	1	1129	893	1129	100	62.7493	34.7	21.6
GC1003827_F08_NODE_8934_length_1129_cov_2.945110	1	1129	206	1129	100	23.8273	35.3	55.3
GC1003827_F08_NODE_8935_length_1129_cov_2.797405	1	1129	156	1129	100	19.5297	35.6	58.7
GC1003827_F08_NODE_8936_length_1129_cov_0.674651	1	1129	54	1129	100	6.55004	35.4	56.9
GC1003827_F08_NODE_8937_length_1128_cov_10.389610	1	1128	620	1128	100	78.0895	35.4	59.2
GC1003827_F08_NODE_8938_length_1128_cov_6.883117	1	1128	1226	1128	100	106.139	34.8	27.3
GC1003827_F08_NODE_8939_length_1128_cov_3.099900	1	1128	287	1128	100	27.9193	35.5	51.6
GC1003827_F08_NODE_8940_length_1128_cov_2.975025	1	1128	171	1128	100	21.094	35.7	58.9
GC1003827_F08_NODE_8941_length_1128_cov_1.594406	1	1128	74	1128	100	9.68085	35.6	60
GC1003827_F08_NODE_8942_length_1128_cov_1.200799	1	1128	65	1127	99.9113	8.13652	35.3	57.9
GC1003827_F08_NODE_8943_length_1127_cov_8.896000	1	1127	645	1127	100	78.3753	35.7	57.9
GC1003827_F08_NODE_8944_length_1127_cov_2.613000	1	1127	137	1127	100	17.3407	35.1	59
GC1003827_F08_NODE_8945_length_1127_cov_2.553000	1	1127	130	1127	100	16.866	35.2	60
GC1003827_F08_NODE_8946_length_1127_cov_2.440000	1	1127	148	1127	100	17.9831	35.9	57.3
GC1003827_F08_NODE_8947_length_1127_cov_2.185000	1	1127	121	1127	100	15.3718	36	60
GC1003827_F08_NODE_8948_length_1127_cov_1.982000	1	1127	108	1127	100	13.8731	35.3	59.3
GC1003827_F08_NODE_8949_length_1127_cov_1.547000	1	1127	122	1127	100	12.1757	35.4	47.3
GC1003827_F08_NODE_8950_length_1126_cov_11.844845	1	1126	656	1126	100	82.3694	35.5	59.4
GC1003827_F08_NODE_8951_length_1126_cov_9.734735	1	1126	613	1126	100	76.8943	35.8	59
GC1003827_F08_NODE_8952_length_1126_cov_9.478478	1	1126	567	1125	99.9112	70.3144	35.7	57.9
GC1003827_F08_NODE_8953_length_1126_cov_8.729730	1	1126	814	1126	100	90.2842	35	53.9
GC1003827_F08_NODE_8954_length_1126_cov_4.846847	1	1126	354	1126	100	38.2416	35.4	49.3
GC1003827_F08_NODE_8955_length_1126_cov_3.992993	1	1126	444	1126	100	40.4671	35.5	42
GC1003827_F08_NODE_8956_length_1126_cov_3.745746	1	1126	265	1124	99.8224	27.8046	35.6	44
GC1003827_F08_NODE_8957_length_1126_cov_3.269269	1	1126	214	1125	99.9112	24.6066	35.7	56.8
GC1003827_F08_NODE_8958_length_1126_cov_3.047047	1	1126	204	1125	99.9112	25.0044	35.6	59.1
GC1003827_F08_NODE_8959_length_1126_cov_0.816817	1	1126	67	1126	100	6.43872	35	49.3
GC1003827_F08_NODE_8960_length_1125_cov_15.934870	1	1125	1219	1124	99.9111	141.991	35.4	56.3
GC1003827_F08_NODE_8961_length_1125_cov_13.350701	1	1125	806	1125	100	99.144	35.3	55.4
GC1003827_F08_NODE_8962_length_1125_cov_8.803607	1	1125	565	1124	99.9111	65.6756	35.3	55.5
GC1003827_F08_NODE_8963_length_1125_cov_6.893788	1	1125	685	1125	100	70.0098	35.4	51.6
GC1003827_F08_NODE_8964_length_1125_cov_6.079158	1	1125	390	1125	100	48.2853	35.9	58.5
GC1003827_F08_NODE_8965_length_1125_cov_4.638277	1	1125	276	1125	100	34.2987	35.6	59.1
GC1003827_F08_NODE_8966_length_1125_cov_4.471944	1	1125	435	1125	100	48.312	35.5	58.7
GC1003827_F08_NODE_8967_length_1125_cov_3.900802	1	1125	544	1125	100	50.9218	35.1	44
GC1003827_F08_NODE_8968_length_1125_cov_1.900802	1	1125	120	1125	100	13.7253	35.7	54.7
GC1003827_F08_NODE_8969_length_1125_cov_1.766533	1	1125	104	1125	100	12.8898	35.6	56.6
GC1003827_F08_NODE_8970_length_1124_cov_25.282849	1	1124	1420	1124	100	182.505	35.4	59.6
GC1003827_F08_NODE_8971_length_1124_cov_19.323972	1	1124	1354	1124	100	159.023	35.6	57.4
GC1003827_F08_NODE_8972_length_1124_cov_10.597793	1	1124	672	1124	100	82.1139	35.7	58.3
GC1003827_F08_NODE_8973_length_1124_cov_6.638917	1	1124	480	1124	100	56.0676	35.9	56.5
GC1003827_F08_NODE_8974_length_1124_cov_5.943831	1	1124	2149	1124	100	174.996	34.2	17.8
GC1003827_F08_NODE_8975_length_1124_cov_5.375125	1	1124	539	1124	100	55.0587	35.3	52.7
GC1003827_F08_NODE_8976_length_1124_cov_4.207623	1	1124	569	1124	100	64.5436	35.4	45.7
GC1003827_F08_NODE_8977_length_1124_cov_4.001003	1	1124	582	1124	100	66.4075	35.3	49.1
GC1003827_F08_NODE_8978_length_1124_cov_3.885657	1	1124	327	1124	100	30.6299	35.2	40.8
GC1003827_F08_NODE_8979_length_1124_cov_3.773320	1	1124	348	1124	100	37.9804	35.7	55.8
GC1003827_F08_NODE_8980_length_1124_cov_3.434303	1	1124	282	1124	100	31.6077	35.2	53.4
GC1003827_F08_NODE_8981_length_1124_cov_3.147442	1	1124	165	1121	99.7331	21.0694	35.4	59.4
GC1003827_F08_NODE_8982_length_1124_cov_2.944835	1	1124	151	1124	100	18.8203	35.7	58
GC1003827_F08_NODE_8983_length_1124_cov_2.103310	1	1124	120	1124	100	14.944	35.3	58.3
GC1003827_F08_NODE_8984_length_1124_cov_2.103310	1	1124	123	1124	100	14.9662	35.9	56.5
GC1003827_F08_NODE_8985_length_1124_cov_1.831494	1	1124	122	1124	100	14.9164	35.4	48.5
GC1003827_F08_NODE_8986_length_1124_cov_1.731194	1	1124	115	1124	100	14.1468	34.9	57.7
GC1003827_F08_NODE_8987_length_1124_cov_1.063190	1	1124	93	1124	100	9.83897	35.2	50.4
GC1003827_F08_NODE_8988_length_1124_cov_1.035105	1	1124	81	1124	100	8.31495	36	47.5
GC1003827_F08_NODE_8989_length_1124_cov_0.449348	1	1124	36	1124	100	3.38968	35.6	41.5
GC1003827_F08_NODE_8990_length_1123_cov_15.410643	1	1123	1048	1123	100	125.097	35.7	57.8
GC1003827_F08_NODE_8991_length_1123_cov_13.690763	1	1123	751	1122	99.911	95.089	35.5	59
GC1003827_F08_NODE_8992_length_1123_cov_10.297189	1	1123	590	1123	100	75.228	35.4	58.9
GC1003827_F08_NODE_8993_length_1123_cov_6.497992	1	1123	428	1088	96.8833	50.3437	35.5	56.9
GC1003827_F08_NODE_8994_length_1123_cov_6.336345	1	1123	394	1123	100	46.2796	35.4	59.3
GC1003827_F08_NODE_8995_length_1123_cov_5.575301	1	1123	480	1123	100	54.4105	35.1	55.7
GC1003827_F08_NODE_8996_length_1123_cov_3.686747	1	1123	291	1123	100	33.6625	35.2	57.4
GC1003827_F08_NODE_8997_length_1123_cov_2.993976	1	1123	197	1123	100	23.0703	35.8	56.7
GC1003827_F08_NODE_8998_length_1123_cov_2.199799	1	1123	118	1123	100	14.6999	35.6	56.8
GC1003827_F08_NODE_8999_length_1123_cov_2.059237	1	1123	120	1113	99.1095	15.2199	34.8	58.4
GC1003827_F08_NODE_9000_length_1123_cov_1.860442	1	1123	191	1123	100	19.6857	35.8	49.6
GC1003827_F08_NODE_9001_length_1123_cov_1.809237	1	1123	262	1122	99.911	21.3642	35.2	41.4
GC1003827_F08_NODE_9002_length_1122_cov_12.723618	1	1122	726	1122	100	89.5437	35.5	57.9
GC1003827_F08_NODE_9003_length_1122_cov_5.770854	1	1122	488	1122	100	51.4225	35.8	49.7
GC1003827_F08_NODE_9004_length_1122_cov_4.772864	1	1122	285	1122	100	36.3841	35.4	59.7
GC1003827_F08_NODE_9005_length_1122_cov_4.700503	1	1122	419	1122	100	43.7932	34.9	52.4
GC1003827_F08_NODE_9006_length_1122_cov_4.504523	1	1122	284	1122	100	34.7781	35.6	58.2
GC1003827_F08_NODE_9007_length_1122_cov_4.048241	1	1122	256	1121	99.9109	30.9394	35.4	56.1
GC1003827_F08_NODE_9008_length_1122_cov_2.920603	1	1122	385	1122	100	33.7219	35.6	54.4
GC1003827_F08_NODE_9009_length_1122_cov_2.443216	1	1122	182	1122	100	21.1854	35	54.8
GC1003827_F08_NODE_9010_length_1122_cov_2.299497	1	1122	369	1122	100	28.6346	34.7	30.1
GC1003827_F08_NODE_9011_length_1122_cov_2.282412	1	1122	167	1122	100	19.9447	35.7	56.1
GC1003827_F08_NODE_9012_length_1122_cov_2.143719	1	1122	111	1122	100	14.0071	35.4	58.4
GC1003827_F08_NODE_9013_length_1122_cov_1.948744	1	1122	111	1120	99.8217	14.0909	35.6	58.7
GC1003827_F08_NODE_9014_length_1122_cov_1.879397	1	1122	99	1121	99.9109	12.6916	35.4	59.4
GC1003827_F08_NODE_9015_length_1122_cov_1.098492	1	1122	65	1122	100	7.47326	35.8	55.5
GC1003827_F08_NODE_9016_length_1122_cov_0.885427	1	1122	55	1122	100	6.83957	35.4	58.1
GC1003827_F08_NODE_9017_length_1121_cov_11.256539	1	1121	632	1120	99.9108	79.5147	35.6	58.9
GC1003827_F08_NODE_9018_length_1121_cov_8.079477	1	1121	445	1121	100	57.7618	35.5	59.6
GC1003827_F08_NODE_9019_length_1121_cov_7.223340	1	1121	763	1121	100	74.884	35.6	44.4
GC1003827_F08_NODE_9020_length_1121_cov_4.583501	1	1121	469	1121	100	54.4951	34.7	56.3
GC1003827_F08_NODE_9021_length_1121_cov_4.436620	1	1121	290	1121	100	36.3649	35.9	57.2
GC1003827_F08_NODE_9022_length_1121_cov_3.509054	1	1121	185	1121	100	23.7199	35.6	58.9
GC1003827_F08_NODE_9023_length_1121_cov_3.185111	1	1121	296	1121	100	33.0062	35	54
GC1003827_F08_NODE_9024_length_1121_cov_1.231388	1	1121	62	1121	100	8.09723	35.5	59.9
GC1003827_F08_NODE_9025_length_1120_cov_11.919436	1	1120	814	1120	100	97.2438	35.5	55.8
GC1003827_F08_NODE_9026_length_1120_cov_6.278953	1	1120	340	1120	100	43.2563	35.7	59.4
GC1003827_F08_NODE_9027_length_1120_cov_5.634441	1	1120	429	1120	100	48.1	35.6	55.9
GC1003827_F08_NODE_9028_length_1120_cov_4.521652	1	1120	257	1120	100	31.7446	35.4	59.1
GC1003827_F08_NODE_9029_length_1120_cov_3.979859	1	1120	533	1120	100	45.783	34.7	29
GC1003827_F08_NODE_9030_length_1120_cov_3.485398	1	1120	231	1120	100	27.8009	35.4	54.6
GC1003827_F08_NODE_9031_length_1120_cov_1.548842	1	1120	96	1120	100	11.4991	35.8	55.2
GC1003827_F08_NODE_9032_length_1119_cov_8.399194	1	1119	477	1119	100	59.7399	35.5	58.8
GC1003827_F08_NODE_9033_length_1119_cov_7.277218	1	1119	375	1119	100	47.7721	35.6	58.8
GC1003827_F08_NODE_9034_length_1119_cov_4.509073	1	1119	531	1119	100	45.4343	35.3	33.6
GC1003827_F08_NODE_9035_length_1119_cov_4.161290	1	1119	238	1119	100	28.9508	35.7	56.3
GC1003827_F08_NODE_9036_length_1119_cov_3.521169	1	1119	224	1115	99.6425	26.8543	35.7	56.1
GC1003827_F08_NODE_9037_length_1119_cov_2.199597	1	1119	212	1119	100	22.9196	35.2	47.6
GC1003827_F08_NODE_9038_length_1119_cov_1.934476	1	1119	108	1119	100	14.1224	35.4	60
GC1003827_F08_NODE_9039_length_1119_cov_1.764113	1	1119	83	1119	100	10.9803	35.3	59.5
GC1003827_F08_NODE_9040_length_1119_cov_1.686492	1	1119	82	1110	99.1957	10.9508	35.7	60
GC1003827_F08_NODE_9041_length_1119_cov_1.645161	1	1119	86	1119	100	11.1582	35.5	59.1
GC1003827_F08_NODE_9042_length_1119_cov_0.568548	1	1119	177	1119	100	15.2574	34.9	31.8
GC1003827_F08_NODE_9043_length_1118_cov_10.286579	1	1118	734	1118	100	87.8229	35.6	56.1
GC1003827_F08_NODE_9044_length_1118_cov_7.810293	1	1118	555	1118	100	66.4043	35.7	58.6
GC1003827_F08_NODE_9045_length_1118_cov_6.892028	1	1118	512	1118	100	60.2728	35.6	54.5
GC1003827_F08_NODE_9046_length_1118_cov_6.282543	1	1118	343	1118	100	43.7335	35.5	58.5
GC1003827_F08_NODE_9047_length_1118_cov_4.548940	1	1118	313	1118	100	36.9857	35.4	56.7
GC1003827_F08_NODE_9048_length_1118_cov_4.489405	1	1118	817	1118	100	69.7343	34.3	41.5
GC1003827_F08_NODE_9049_length_1118_cov_2.314834	1	1118	154	1118	100	19.3623	36	58.4
GC1003827_F08_NODE_9050_length_1118_cov_1.107972	1	1118	172	1118	100	13.9204	35.3	34.7
GC1003827_F08_NODE_9051_length_1117_cov_17.994949	1	1117	3388	1117	100	402.305	35.3	44.3
GC1003827_F08_NODE_9052_length_1117_cov_11.845455	1	1117	1670	1117	100	204.565	35.4	38.8
GC1003827_F08_NODE_9053_length_1117_cov_4.575758	1	1117	243	1117	100	31.1047	35.8	58.7
GC1003827_F08_NODE_9054_length_1117_cov_4.093939	1	1117	234	1115	99.8209	28.863	35.8	58.7
GC1003827_F08_NODE_9055_length_1117_cov_3.546465	1	1117	204	1117	100	26.4637	35.9	60
GC1003827_F08_NODE_9056_length_1117_cov_2.674747	1	1117	144	1117	100	18.6714	35.6	59.8
GC1003827_F08_NODE_9057_length_1117_cov_2.103030	1	1117	492	1117	100	46.2587	35.6	37.9
GC1003827_F08_NODE_9058_length_1117_cov_1.888889	1	1117	126	1117	100	14.402	35.7	52
GC1003827_F08_NODE_9059_length_1117_cov_1.150505	1	1117	135	1117	100	12.222	35.9	38.8
GC1003827_F08_NODE_9060_length_1116_cov_10.078868	1	1116	584	1116	100	73.3826	35.5	59.4
GC1003827_F08_NODE_9061_length_1116_cov_9.215369	1	1116	639	1116	100	77.6102	35.6	57.7
GC1003827_F08_NODE_9062_length_1116_cov_5.406471	1	1116	325	1116	100	40.4552	35.4	58.2
GC1003827_F08_NODE_9063_length_1116_cov_4.741153	1	1116	315	1113	99.7312	36.655	35.6	57
GC1003827_F08_NODE_9064_length_1116_cov_4.646107	1	1116	259	1114	99.8208	31.5815	35.6	58
GC1003827_F08_NODE_9065_length_1116_cov_4.405460	1	1116	369	1116	100	39.103	34.7	49.6
GC1003827_F08_NODE_9066_length_1116_cov_2.947422	1	1116	272	1116	100	26.2088	35.3	45.4
GC1003827_F08_NODE_9067_length_1116_cov_2.081901	1	1116	129	1116	100	15.3181	35.4	57.3
GC1003827_F08_NODE_9068_length_1116_cov_1.487361	1	1116	196	1116	100	15.6478	34.9	36.6
GC1003827_F08_NODE_9069_length_1115_cov_12.558704	1	1115	1020	1115	100	119.965	35.6	58.4
GC1003827_F08_NODE_9070_length_1115_cov_9.670040	1	1115	515	1115	100	66.5749	35.3	59.6
GC1003827_F08_NODE_9071_length_1115_cov_6.167004	1	1115	319	1115	100	40.6789	35.4	58.3
GC1003827_F08_NODE_9072_length_1115_cov_5.920040	1	1115	349	1115	100	43.3309	35.6	58.4
GC1003827_F08_NODE_9073_length_1115_cov_5.338057	1	1115	438	1115	100	46.1857	35.7	55.3
GC1003827_F08_NODE_9074_length_1115_cov_3.808704	1	1115	227	1115	100	28.9049	35.7	58.6
GC1003827_F08_NODE_9075_length_1115_cov_2.566802	1	1115	142	1115	100	17.4036	35.9	57
GC1003827_F08_NODE_9076_length_1115_cov_2.361336	1	1115	145	1115	100	16.7928	35.8	52.3
GC1003827_F08_NODE_9077_length_1115_cov_1.557692	1	1115	87	1115	100	10.6413	35.6	56.2
GC1003827_F08_NODE_9078_length_1114_cov_17.245187	1	1114	957	1114	100	122.674	35.8	59.4
GC1003827_F08_NODE_9079_length_1114_cov_14.612969	1	1114	885	1114	100	109.818	35.5	58.3
GC1003827_F08_NODE_9080_length_1114_cov_8.087133	1	1114	660	1114	100	75.9542	35.5	57.5
GC1003827_F08_NODE_9081_length_1114_cov_5.904762	1	1114	428	1113	99.9102	50.2065	35.1	56.9
GC1003827_F08_NODE_9082_length_1114_cov_3.134752	1	1114	195	1114	100	22.9381	35.6	55.7
GC1003827_F08_NODE_9083_length_1114_cov_2.611955	1	1114	176	1114	100	21.5251	35.4	58.7
GC1003827_F08_NODE_9084_length_1114_cov_2.605876	1	1114	220	1114	100	24.64	35.8	57.4
GC1003827_F08_NODE_9085_length_1114_cov_2.316109	1	1114	149	1114	100	18.4946	35.7	59.5
GC1003827_F08_NODE_9086_length_1114_cov_1.611955	1	1114	82	1114	100	10.518	36.1	57.8
GC1003827_F08_NODE_9087_length_1114_cov_1.575481	1	1114	104	1114	100	12.4704	36	56
GC1003827_F08_NODE_9088_length_1114_cov_1.032421	1	1114	97	1114	100	10.8016	35.9	55.8
GC1003827_F08_NODE_9089_length_1113_cov_20.031440	1	1113	1502	1113	100	172.027	35.5	56
GC1003827_F08_NODE_9090_length_1113_cov_6.685598	1	1113	398	1113	100	50.2686	35.8	59
GC1003827_F08_NODE_9091_length_1113_cov_4.657201	1	1113	311	1113	100	36.469	35.2	57.9
GC1003827_F08_NODE_9092_length_1113_cov_4.011156	1	1113	407	1113	100	39.9245	35.9	42.8
GC1003827_F08_NODE_9093_length_1113_cov_3.669371	1	1113	202	1113	100	25.4142	35.6	59
GC1003827_F08_NODE_9094_length_1113_cov_2.734280	1	1113	300	1113	100	31.3693	35	52.2
GC1003827_F08_NODE_9095_length_1113_cov_2.364097	1	1113	152	1113	100	18.4807	35.6	57.8
GC1003827_F08_NODE_9096_length_1113_cov_1.870183	1	1113	308	1113	100	25.4663	34.5	40.9
GC1003827_F08_NODE_9097_length_1113_cov_1.399594	1	1113	70	1113	100	9.19677	35.3	60
GC1003827_F08_NODE_9098_length_1112_cov_6.782741	1	1112	488	1112	100	56.4047	35.4	52.7
GC1003827_F08_NODE_9099_length_1112_cov_5.684264	1	1112	448	1112	100	49.2266	35.4	52.6
GC1003827_F08_NODE_9100_length_1112_cov_4.703553	1	1112	414	1112	100	39.1304	35.4	57.6
GC1003827_F08_NODE_9101_length_1112_cov_3.822335	1	1112	265	1112	100	31.9254	35.5	58.1
GC1003827_F08_NODE_9102_length_1112_cov_3.016244	1	1112	211	1112	100	25.1906	35.5	57.8
GC1003827_F08_NODE_9103_length_1112_cov_2.900508	1	1112	204	1112	100	25.1691	35.6	58.6
GC1003827_F08_NODE_9104_length_1112_cov_2.671066	1	1112	156	1110	99.8201	19.875	35.1	58.8
GC1003827_F08_NODE_9105_length_1112_cov_2.025381	1	1112	139	1112	100	17.107	35.6	59.2
GC1003827_F08_NODE_9106_length_1112_cov_2.002030	1	1112	384	1112	100	27.3309	34.9	22.1
GC1003827_F08_NODE_9107_length_1112_cov_1.750254	1	1112	114	1112	100	13.2752	35.5	57.5
GC1003827_F08_NODE_9108_length_1112_cov_1.117766	1	1112	100	1112	100	10.1106	35.4	48.9
GC1003827_F08_NODE_9109_length_1112_cov_0.824365	1	1112	171	1112	100	13.7869	35.6	32.1
GC1003827_F08_NODE_9110_length_1111_cov_12.468496	1	1111	1165	1111	100	124.532	34.9	51.3
GC1003827_F08_NODE_9111_length_1111_cov_11.867886	1	1111	1138	1111	100	125.035	35.5	56.2
GC1003827_F08_NODE_9112_length_1111_cov_9.380081	1	1111	629	1111	100	75.2664	35.5	57.7
GC1003827_F08_NODE_9113_length_1111_cov_6.815041	1	1111	602	1111	100	64.9433	35.4	49.5
GC1003827_F08_NODE_9114_length_1111_cov_5.270325	1	1111	369	1111	100	41.0828	35.8	51.9
GC1003827_F08_NODE_9115_length_1111_cov_1.761179	1	1111	492	1111	100	48.7309	33.9	48.6
GC1003827_F08_NODE_9116_length_1111_cov_1.454268	1	1111	81	1111	100	10.4392	35.8	58.1
GC1003827_F08_NODE_9117_length_1111_cov_1.149390	1	1111	66	1111	100	8.60036	36.2	60
GC1003827_F08_NODE_9118_length_1111_cov_1.072154	1	1111	128	1111	100	9.44194	35.4	37.4
GC1003827_F08_NODE_9119_length_1111_cov_1.045732	1	1111	241	1111	100	18.3384	33.9	36.3
GC1003827_F08_NODE_9120_length_1111_cov_0.911585	1	1111	45	1111	100	5.68947	35.8	58.7
GC1003827_F08_NODE_9121_length_1110_cov_6.304171	1	1110	369	1110	100	45.5036	35.8	57.4
GC1003827_F08_NODE_9122_length_1110_cov_5.842319	1	1110	447	1110	100	50.6018	35.8	51.4
GC1003827_F08_NODE_9123_length_1110_cov_5.654120	1	1110	373	1110	100	46.4703	35.5	58.5
GC1003827_F08_NODE_9124_length_1110_cov_5.555443	1	1110	609	1110	100	66.8577	35.4	54.8
GC1003827_F08_NODE_9125_length_1110_cov_5.461851	1	1110	325	1110	100	39.282	35.6	57.5
GC1003827_F08_NODE_9126_length_1110_cov_3.731434	1	1110	339	1110	100	36.9523	35.6	55.7
GC1003827_F08_NODE_9127_length_1110_cov_3.644964	1	1110	240	1110	100	27.2369	35.7	52.6
GC1003827_F08_NODE_9128_length_1110_cov_3.379451	1	1110	317	1110	100	34.4333	35.4	53.7
GC1003827_F08_NODE_9129_length_1110_cov_3.009156	1	1110	464	1110	100	35.7297	34.8	25.6
GC1003827_F08_NODE_9130_length_1110_cov_2.089522	1	1110	155	1110	100	18.5261	35.6	57.6
GC1003827_F08_NODE_9131_length_1109_cov_24.074338	1	1109	1911	1099	99.0983	221.524	35.6	54.2
GC1003827_F08_NODE_9132_length_1109_cov_17.076375	1	1109	977	1109	100	123.06	35.8	58.8
GC1003827_F08_NODE_9133_length_1109_cov_9.837067	1	1109	604	1109	100	74.2218	35.3	57.7
GC1003827_F08_NODE_9134_length_1109_cov_9.627291	1	1109	622	1102	99.3688	71.7944	35.7	52.7
GC1003827_F08_NODE_9135_length_1109_cov_4.610998	1	1109	275	1109	100	34.6997	35.7	59.2
GC1003827_F08_NODE_9136_length_1109_cov_4.283096	1	1109	221	1109	100	28.5573	35.8	59
GC1003827_F08_NODE_9137_length_1109_cov_3.529532	1	1109	212	1109	100	26.7331	35.8	58.9
GC1003827_F08_NODE_9138_length_1109_cov_3.211813	1	1109	189	1109	100	23.4274	35.8	57.9
GC1003827_F08_NODE_9139_length_1109_cov_3.045825	1	1109	176	1109	100	22.1488	35.7	58.9
GC1003827_F08_NODE_9140_length_1109_cov_2.606925	1	1109	220	1106	99.7295	23.3787	35.4	51.9
GC1003827_F08_NODE_9141_length_1109_cov_2.493890	1	1109	193	1109	100	23.1244	35.5	58.1
GC1003827_F08_NODE_9142_length_1109_cov_1.718941	1	1109	213	1105	99.6393	21.8305	34.5	52.8
GC1003827_F08_NODE_9143_length_1109_cov_1.567210	1	1109	108	1109	100	12.7069	35.7	56.7
GC1003827_F08_NODE_9144_length_1109_cov_0.691446	1	1109	40	1107	99.8197	4.88188	35.6	57.5
GC1003827_F08_NODE_9145_length_1108_cov_8.407747	1	1108	599	1108	100	70.102	35.4	57.5
GC1003827_F08_NODE_9146_length_1108_cov_7.811417	1	1108	607	1108	100	72.5352	35.3	58.4
GC1003827_F08_NODE_9147_length_1108_cov_7.211009	1	1108	411	1108	100	53.1255	35.6	59
GC1003827_F08_NODE_9148_length_1108_cov_6.626911	1	1108	426	1108	100	52.4215	35.4	58.4
GC1003827_F08_NODE_9149_length_1108_cov_5.696228	1	1108	465	1108	100	54.0767	35.7	53.8
GC1003827_F08_NODE_9150_length_1108_cov_5.240571	1	1108	304	1108	100	37.7265	35.9	56.8
GC1003827_F08_NODE_9151_length_1108_cov_4.904179	1	1108	259	1108	100	34.0812	35.7	59.5
GC1003827_F08_NODE_9152_length_1108_cov_4.461774	1	1108	246	1108	100	31.1706	35.2	58.2
GC1003827_F08_NODE_9153_length_1108_cov_3.762487	1	1108	225	1108	100	27.2319	35.6	57.9
GC1003827_F08_NODE_9154_length_1108_cov_2.972477	1	1108	592	1108	100	59.6137	34.9	36
GC1003827_F08_NODE_9155_length_1108_cov_2.703364	1	1108	193	1108	100	23.1236	35.8	57.4
GC1003827_F08_NODE_9156_length_1108_cov_2.514781	1	1108	256	1108	100	23.8619	35.6	37.5
GC1003827_F08_NODE_9157_length_1108_cov_2.424057	1	1108	131	1107	99.9097	16.704	35.7	59
GC1003827_F08_NODE_9158_length_1108_cov_2.054027	1	1108	130	1108	100	15.6155	35.7	55.8
GC1003827_F08_NODE_9159_length_1107_cov_5.174490	1	1107	291	1107	100	37.1897	35.6	59.2
GC1003827_F08_NODE_9160_length_1107_cov_4.758163	1	1107	332	1107	100	42.0443	35.6	58.5
GC1003827_F08_NODE_9161_length_1107_cov_4.003061	1	1107	347	1107	100	36.5727	35.1	51.5
GC1003827_F08_NODE_9162_length_1107_cov_3.774490	1	1107	195	1107	100	25.2502	35.7	59.6
GC1003827_F08_NODE_9163_length_1107_cov_3.118367	1	1107	195	1107	100	23.7651	35.9	59.2
GC1003827_F08_NODE_9164_length_1107_cov_2.500000	1	1107	139	1104	99.729	17.6522	35.8	59.3
GC1003827_F08_NODE_9165_length_1107_cov_1.929592	1	1107	154	1107	100	16.3333	35.7	47.6
GC1003827_F08_NODE_9166_length_1106_cov_14.457610	1	1106	924	1106	100	113.231	35.4	58.1
GC1003827_F08_NODE_9167_length_1106_cov_9.472932	1	1106	489	1106	100	63.2676	35.7	59.2
GC1003827_F08_NODE_9168_length_1106_cov_7.931563	1	1106	475	1106	100	60.7116	35.6	58.9
GC1003827_F08_NODE_9169_length_1106_cov_6.899898	1	1106	816	1106	100	88.5072	35.6	56.3
GC1003827_F08_NODE_9170_length_1106_cov_6.460674	1	1106	486	1106	100	56.8671	35.4	55.6
GC1003827_F08_NODE_9171_length_1106_cov_4.597549	1	1106	922	1106	100	96.6537	34.9	39.4
GC1003827_F08_NODE_9172_length_1106_cov_3.747702	1	1106	209	1106	100	26.6917	35.8	59.6
GC1003827_F08_NODE_9173_length_1106_cov_3.574055	1	1106	269	1106	100	28.4548	35.9	48.2
GC1003827_F08_NODE_9174_length_1106_cov_3.267620	1	1106	475	1106	100	45.6148	35	51.4
GC1003827_F08_NODE_9175_length_1106_cov_2.349336	1	1106	351	1106	100	30.1745	35.2	36.2
GC1003827_F08_NODE_9176_length_1106_cov_2.250255	1	1106	167	1106	100	19.1347	35.3	55.3
GC1003827_F08_NODE_9177_length_1106_cov_2.182840	1	1106	162	1106	100	19.5814	35.5	58.3
GC1003827_F08_NODE_9178_length_1106_cov_2.180797	1	1106	136	1106	100	16.2821	35.4	57.1
GC1003827_F08_NODE_9179_length_1106_cov_1.729316	1	1106	105	1106	100	13.0316	35.6	58.5
GC1003827_F08_NODE_9180_length_1106_cov_1.702758	1	1106	94	1106	100	12.1139	35.4	60
GC1003827_F08_NODE_9181_length_1106_cov_0.954035	1	1106	80	1106	100	9.38065	35.8	57
GC1003827_F08_NODE_9182_length_1106_cov_0.864147	1	1106	2233	1096	99.0958	184.337	33.6	12.7
GC1003827_F08_NODE_9183_length_1105_cov_25.111452	1	1105	2328	1105	100	273.316	35.3	57.5
GC1003827_F08_NODE_9184_length_1105_cov_7.306748	1	1105	407	1105	100	51.476	35.4	58.6
GC1003827_F08_NODE_9185_length_1105_cov_5.322086	1	1105	273	1105	100	35.7819	35.7	59.4
GC1003827_F08_NODE_9186_length_1105_cov_3.296524	1	1105	238	1105	100	28.4516	35.6	55.9
GC1003827_F08_NODE_9187_length_1105_cov_2.327198	1	1105	126	1105	100	16.0253	35.9	59.2
GC1003827_F08_NODE_9188_length_1105_cov_1.965235	1	1105	1033	1105	100	74.7674	34	14.7
GC1003827_F08_NODE_9189_length_1105_cov_1.748466	1	1105	147	1105	100	15.6796	35.8	49.8
GC1003827_F08_NODE_9190_length_1105_cov_1.699387	1	1105	92	1105	100	11.238	35.7	55.4
GC1003827_F08_NODE_9191_length_1105_cov_1.450920	1	1105	155	1105	100	14.6371	35.2	45.2
GC1003827_F08_NODE_9192_length_1105_cov_0.931493	1	1105	59	1105	100	6.34389	35.7	46.4
GC1003827_F08_NODE_9193_length_1104_cov_14.432958	1	1104	853	1104	100	108.059	35.6	58.7
GC1003827_F08_NODE_9194_length_1104_cov_8.219038	1	1104	543	1104	100	66.5027	35.6	57.5
GC1003827_F08_NODE_9195_length_1104_cov_8.088025	1	1104	537	1104	100	68.0199	35.8	58.3
GC1003827_F08_NODE_9196_length_1104_cov_5.749232	1	1104	375	1104	100	44.1042	35.2	54.8
GC1003827_F08_NODE_9197_length_1104_cov_5.500512	1	1104	540	1104	100	58.0996	35.6	52.6
GC1003827_F08_NODE_9198_length_1104_cov_4.793245	1	1104	500	1104	100	58.6875	35.4	52.6
GC1003827_F08_NODE_9199_length_1104_cov_4.387922	1	1104	478	1104	100	48.8777	35.5	55.8
GC1003827_F08_NODE_9200_length_1104_cov_3.440123	1	1104	383	1104	100	37.9194	35.2	46.7
GC1003827_F08_NODE_9201_length_1104_cov_3.275333	1	1104	206	1104	100	25.8678	35	57.3
GC1003827_F08_NODE_9202_length_1104_cov_2.596725	1	1104	251	1104	100	27.481	34.1	51.6
GC1003827_F08_NODE_9203_length_1103_cov_16.929303	1	1103	995	1102	99.9093	127.047	35.5	58.5
GC1003827_F08_NODE_9204_length_1103_cov_12.068648	1	1103	691	1103	100	88.2339	35.6	58.7
GC1003827_F08_NODE_9205_length_1103_cov_10.811475	1	1103	791	1103	100	92.2112	35.5	55.3
GC1003827_F08_NODE_9206_length_1103_cov_7.900615	1	1103	3221	1103	100	171.895	29.5	10
GC1003827_F08_NODE_9207_length_1103_cov_5.368852	1	1103	311	1103	100	39.6936	35.6	59
GC1003827_F08_NODE_9208_length_1103_cov_4.290984	1	1103	244	1103	100	30.9637	35.8	58.4
GC1003827_F08_NODE_9209_length_1103_cov_4.098361	1	1103	229	1103	100	29.9927	35.8	59.1
GC1003827_F08_NODE_9210_length_1103_cov_3.673156	1	1103	184	1103	100	23.7117	35.5	57.9
GC1003827_F08_NODE_9211_length_1103_cov_3.236680	1	1103	174	1103	100	22.7189	35.9	59.8
GC1003827_F08_NODE_9212_length_1103_cov_2.806352	1	1103	261	1103	100	24.864	35.6	42.6
GC1003827_F08_NODE_9213_length_1103_cov_2.648566	1	1103	155	1103	100	19.1596	35.5	58.6
GC1003827_F08_NODE_9214_length_1103_cov_1.071721	1	1103	55	1103	100	7.16954	35.4	59.5
GC1003827_F08_NODE_9215_length_1103_cov_0.568648	1	1103	25	1103	100	3.41614	35.9	60
GC1003827_F08_NODE_9216_length_1102_cov_28.821538	1	1102	2082	1102	100	256.044	35.7	58.1
GC1003827_F08_NODE_9217_length_1102_cov_14.754872	1	1102	986	1102	100	121.595	35.4	58.5
GC1003827_F08_NODE_9218_length_1102_cov_13.084103	1	1102	1036	1102	100	118.296	35.9	56.4
GC1003827_F08_NODE_9219_length_1102_cov_6.909744	1	1102	417	1102	100	52.6016	35.8	58.9
GC1003827_F08_NODE_9220_length_1102_cov_6.585641	1	1102	568	1102	100	60.3548	35.3	51
GC1003827_F08_NODE_9221_length_1102_cov_6.292308	1	1102	690	1102	100	77.255	35	54.3
GC1003827_F08_NODE_9222_length_1102_cov_6.281026	1	1102	370	1102	100	47.6216	35.6	59.4
GC1003827_F08_NODE_9223_length_1102_cov_5.320000	1	1102	482	1102	100	50.5064	35.2	47.2
GC1003827_F08_NODE_9224_length_1102_cov_5.204103	1	1102	615	1102	100	51.8303	35	33
GC1003827_F08_NODE_9225_length_1102_cov_4.709744	1	1102	256	1102	100	32.7323	35.5	58.9
GC1003827_F08_NODE_9226_length_1101_cov_10.012320	1	1101	876	1101	100	100.134	35.4	54.9
GC1003827_F08_NODE_9227_length_1101_cov_7.698152	1	1101	572	1101	100	68.1108	35.6	57.3
GC1003827_F08_NODE_9228_length_1101_cov_5.463039	1	1101	553	1101	100	57.8556	34.4	54.1
GC1003827_F08_NODE_9229_length_1101_cov_5.264887	1	1101	308	1101	100	38.9519	35.6	58.9
GC1003827_F08_NODE_9230_length_1101_cov_4.941478	1	1101	475	1101	100	53.4387	34.7	54.3
GC1003827_F08_NODE_9231_length_1101_cov_4.308008	1	1101	329	1101	100	38.8683	35.7	58.9
GC1003827_F08_NODE_9232_length_1101_cov_4.133470	1	1101	272	1101	100	32.1126	35.5	56.7
GC1003827_F08_NODE_9233_length_1101_cov_3.417864	1	1101	189	1101	100	24.9328	35.7	59.3
GC1003827_F08_NODE_9234_length_1101_cov_3.044148	1	1101	175	1101	100	21.5386	35.6	56.7
GC1003827_F08_NODE_9235_length_1101_cov_2.797741	1	1101	305	1101	100	30.0708	35	30.4
GC1003827_F08_NODE_9236_length_1101_cov_2.507187	1	1101	154	1101	100	18.5731	35.6	55.7
GC1003827_F08_NODE_9237_length_1101_cov_2.018480	1	1101	146	1095	99.455	17.2652	35.3	57.5
GC1003827_F08_NODE_9238_length_1101_cov_1.735113	1	1101	231	1101	100	23.5658	34.9	49.9
GC1003827_F08_NODE_9239_length_1101_cov_1.013347	1	1101	89	1101	100	7.93733	35.4	34.9
GC1003827_F08_NODE_9240_length_1100_cov_28.255910	1	1100	1716	1100	100	214.041	35.6	58.4
GC1003827_F08_NODE_9241_length_1100_cov_23.476876	1	1100	1361	1100	100	169.172	35.5	55.8
GC1003827_F08_NODE_9242_length_1100_cov_19.085303	1	1100	1169	1100	100	148.941	35.5	59.1
GC1003827_F08_NODE_9243_length_1100_cov_7.846865	1	1100	540	1100	100	65.0927	35.9	57.6
GC1003827_F08_NODE_9244_length_1100_cov_4.844810	1	1100	247	1100	100	32.0536	35.5	58.6
GC1003827_F08_NODE_9245_length_1100_cov_2.789311	1	1100	202	1100	100	22.9918	35.4	54.8
GC1003827_F08_NODE_9246_length_1100_cov_2.557040	1	1100	307	1100	100	29.9709	35.1	51.2
GC1003827_F08_NODE_9247_length_1099_cov_17.766461	1	1099	1168	1099	100	143.538	35.5	58.2
GC1003827_F08_NODE_9248_length_1099_cov_8.181070	1	1099	474	1099	100	62.1119	35.6	58.8
GC1003827_F08_NODE_9249_length_1099_cov_6.875514	1	1099	408	1099	100	50.7962	35.5	55.9
GC1003827_F08_NODE_9250_length_1099_cov_6.309671	1	1099	388	1096	99.727	47.6215	35.7	55.4
GC1003827_F08_NODE_9251_length_1099_cov_5.580247	1	1099	310	1099	100	40.0009	35.7	59.4
GC1003827_F08_NODE_9252_length_1099_cov_2.932099	1	1099	187	1099	100	23.2639	35.6	58.6
GC1003827_F08_NODE_9253_length_1099_cov_2.254115	1	1099	187	1099	100	20.5268	35.4	54.7
GC1003827_F08_NODE_9254_length_1099_cov_0.942387	1	1099	57	1099	100	7.49864	35.7	59.6
GC1003827_F08_NODE_9255_length_1099_cov_0.920782	1	1099	62	1099	100	7.43676	36	58.3
GC1003827_F08_NODE_9256_length_1098_cov_14.457261	1	1098	1165	1098	100	128.66	35.5	53
GC1003827_F08_NODE_9257_length_1098_cov_11.626159	1	1098	808	1098	100	96.429	35.5	57.5
GC1003827_F08_NODE_9258_length_1098_cov_9.720906	1	1098	867	1098	100	101.225	35	57.2
GC1003827_F08_NODE_9259_length_1098_cov_8.237899	1	1098	519	1098	100	64.8078	35.1	57.8
GC1003827_F08_NODE_9260_length_1098_cov_5.554068	1	1098	308	1098	100	39.7423	35.6	59.5
GC1003827_F08_NODE_9261_length_1098_cov_4.220391	1	1098	335	1098	100	37.8069	35.8	53.1
GC1003827_F08_NODE_9262_length_1098_cov_4.157570	1	1098	414	1098	100	39.0647	35	40.5
GC1003827_F08_NODE_9263_length_1098_cov_3.989701	1	1098	354	1098	100	39.5064	35.6	55.7
GC1003827_F08_NODE_9264_length_1098_cov_1.381050	1	1098	108	1098	100	12.0984	36	52.6
GC1003827_F08_NODE_9265_length_1098_cov_1.320288	1	1098	84	1098	100	10.1284	34.6	58.4
GC1003827_F08_NODE_9266_length_1097_cov_7.967010	1	1097	452	1097	100	57.0447	35.6	56.4
GC1003827_F08_NODE_9267_length_1097_cov_6.378351	1	1097	2474	1097	100	226.437	34.3	15.9
GC1003827_F08_NODE_9268_length_1097_cov_5.929897	1	1097	652	1096	99.9088	54.9325	35.8	33.7
GC1003827_F08_NODE_9269_length_1097_cov_5.882474	1	1097	390	1097	100	47.1477	35.8	57.3
GC1003827_F08_NODE_9270_length_1097_cov_4.881443	1	1097	263	1097	100	33.2479	35.9	58.2
GC1003827_F08_NODE_9271_length_1097_cov_4.742268	1	1097	299	1094	99.7265	37.1623	35.6	58.1
GC1003827_F08_NODE_9272_length_1097_cov_4.362887	1	1097	235	1097	100	30.4932	35.5	58.7
GC1003827_F08_NODE_9273_length_1097_cov_4.256701	1	1097	339	1097	100	36.2899	35.1	53.5
GC1003827_F08_NODE_9274_length_1097_cov_4.112371	1	1097	345	1097	100	37.7448	35.5	57.4
GC1003827_F08_NODE_9275_length_1097_cov_4.020619	1	1097	261	1097	100	32.1851	35.6	58.4
GC1003827_F08_NODE_9276_length_1097_cov_3.521649	1	1097	213	1096	99.9088	25.4467	35.7	56.3
GC1003827_F08_NODE_9277_length_1097_cov_3.061856	1	1097	183	1097	100	23.5187	35.5	58.3
GC1003827_F08_NODE_9278_length_1097_cov_2.752577	1	1097	158	1097	100	19.9015	35.5	57.5
GC1003827_F08_NODE_9279_length_1097_cov_2.716495	1	1097	123	1095	99.8177	16.3665	35.9	59.4
GC1003827_F08_NODE_9280_length_1097_cov_2.197938	1	1097	123	1097	100	15.4795	35.9	57.6
GC1003827_F08_NODE_9281_length_1097_cov_1.980412	1	1097	120	1097	100	14.9426	35.8	57.3
GC1003827_F08_NODE_9282_length_1097_cov_1.868041	1	1097	118	1086	98.9973	14.887	35.7	58.3
GC1003827_F08_NODE_9283_length_1097_cov_1.024742	1	1097	71	1097	100	7.85688	35.2	51.9
GC1003827_F08_NODE_9284_length_1096_cov_12.289990	1	1096	772	1096	100	97.8759	35.5	58.8
GC1003827_F08_NODE_9285_length_1096_cov_9.690402	1	1096	498	1096	100	65.3303	35.4	58.9
GC1003827_F08_NODE_9286_length_1096_cov_8.603715	1	1096	700	1096	100	79.3531	35.8	52.8
GC1003827_F08_NODE_9287_length_1096_cov_8.092879	1	1096	479	1093	99.7263	57.7901	35.8	53.6
GC1003827_F08_NODE_9288_length_1096_cov_4.330237	1	1096	225	1096	100	30.1551	35.8	59.6
GC1003827_F08_NODE_9289_length_1096_cov_4.050568	1	1096	249	1096	100	30.9653	36.1	58.1
GC1003827_F08_NODE_9290_length_1096_cov_3.367389	1	1096	170	1096	100	22.6816	35.9	59.8
GC1003827_F08_NODE_9291_length_1096_cov_2.343653	1	1096	241	1096	100	25.8376	34.8	51.2
GC1003827_F08_NODE_9292_length_1096_cov_2.169247	1	1096	131	1096	100	16.594	35.8	57.5
GC1003827_F08_NODE_9293_length_1096_cov_1.981424	1	1096	103	1096	100	13.4772	35.9	58.3
GC1003827_F08_NODE_9294_length_1096_cov_1.734778	1	1096	96	1096	100	11.6971	35.2	55.8
GC1003827_F08_NODE_9295_length_1095_cov_10.303719	1	1095	546	1095	100	69.4411	35.5	56.9
GC1003827_F08_NODE_9296_length_1095_cov_9.633264	1	1095	601	1092	99.726	74.9753	35.6	58.2
GC1003827_F08_NODE_9297_length_1095_cov_9.102273	1	1095	507	1095	100	65.7434	35.8	59.2
GC1003827_F08_NODE_9298_length_1095_cov_7.023760	1	1095	383	1095	100	49.9543	35.7	59.4
GC1003827_F08_NODE_9299_length_1095_cov_5.807851	1	1095	11892	1095	100	527.002	35	4.88
GC1003827_F08_NODE_9300_length_1095_cov_3.091942	1	1095	419	1095	100	35.4968	34.3	37
GC1003827_F08_NODE_9301_length_1095_cov_2.715909	1	1095	143	1095	100	18.0146	35.2	57
GC1003827_F08_NODE_9302_length_1095_cov_2.690083	1	1095	889	1095	100	57.0594	34.1	15.5
GC1003827_F08_NODE_9303_length_1095_cov_2.094008	1	1095	117	1084	98.9954	13.8237	35.7	55
GC1003827_F08_NODE_9304_length_1095_cov_1.581612	1	1095	197	1095	100	17.2685	34.7	34.1
GC1003827_F08_NODE_9305_length_1095_cov_1.543388	1	1095	194	1086	99.1781	20.0858	34.7	49.2
GC1003827_F08_NODE_9306_length_1095_cov_1.500000	1	1095	73	1095	100	9.90137	36.1	60
GC1003827_F08_NODE_9307_length_1095_cov_1.206612	1	1095	64	1095	100	8.31598	35.2	59.5
GC1003827_F08_NODE_9308_length_1094_cov_9.733195	1	1094	716	1094	100	85.5064	35.7	56.8
GC1003827_F08_NODE_9309_length_1094_cov_9.663909	1	1094	684	1094	100	80.8766	35.5	55.1
GC1003827_F08_NODE_9310_length_1094_cov_8.755946	1	1094	673	1094	100	75.5823	35.5	52.1
GC1003827_F08_NODE_9311_length_1094_cov_4.489142	1	1094	341	1094	100	39.9589	35.2	53.1
GC1003827_F08_NODE_9312_length_1094_cov_3.804550	1	1094	346	1094	100	35.0082	33.4	39.5
GC1003827_F08_NODE_9313_length_1094_cov_2.385729	1	1094	115	1094	100	15.5768	35.7	59.5
GC1003827_F08_NODE_9314_length_1094_cov_2.142709	1	1094	142	1094	100	16.6993	35.9	53.5
GC1003827_F08_NODE_9315_length_1094_cov_1.676319	1	1094	96	1094	100	11.6508	35.5	57
GC1003827_F08_NODE_9316_length_1094_cov_1.588418	1	1094	91	1094	100	12.1563	35.5	60
GC1003827_F08_NODE_9317_length_1094_cov_1.442606	1	1094	88	1094	100	10.734	35.7	56.1
GC1003827_F08_NODE_9318_length_1094_cov_1.125129	1	1094	55	1093	99.9086	7.30804	35.6	59.7
GC1003827_F08_NODE_9319_length_1093_cov_10.231884	1	1093	587	1093	100	74.6267	35.7	57
GC1003827_F08_NODE_9320_length_1093_cov_5.760870	1	1093	759	1093	100	63.301	35.2	28
GC1003827_F08_NODE_9321_length_1093_cov_4.988613	1	1093	331	1093	100	41.5965	35	57.9
GC1003827_F08_NODE_9322_length_1093_cov_4.171843	1	1093	432	1093	100	46.2086	34.9	55.5
GC1003827_F08_NODE_9323_length_1093_cov_3.835404	1	1093	235	1093	100	29.7594	35.4	58.9
GC1003827_F08_NODE_9324_length_1093_cov_3.538302	1	1093	441	1093	100	40.9314	35.7	48.1
GC1003827_F08_NODE_9325_length_1093_cov_2.930642	1	1093	337	1093	100	27.5883	35.8	52.5
GC1003827_F08_NODE_9326_length_1093_cov_2.537267	1	1093	521	1093	100	42.2095	34.8	33.2
GC1003827_F08_NODE_9327_length_1092_cov_25.672539	1	1092	2279	1092	100	257.209	35	52.7
GC1003827_F08_NODE_9328_length_1092_cov_10.922280	1	1092	575	1092	100	75.1136	35.5	59.1
GC1003827_F08_NODE_9329_length_1092_cov_7.584456	1	1092	390	1092	100	50.4158	35.7	58.9
GC1003827_F08_NODE_9330_length_1092_cov_7.475648	1	1092	756	1092	100	73.2353	35.3	36.7
GC1003827_F08_NODE_9331_length_1092_cov_5.923316	1	1092	476	1092	100	52.5201	35.7	51.5
GC1003827_F08_NODE_9332_length_1092_cov_4.572021	1	1092	238	1092	100	31.3297	35.7	59.2
GC1003827_F08_NODE_9333_length_1092_cov_4.292228	1	1092	445	1092	100	44.6245	35.2	40.5
GC1003827_F08_NODE_9334_length_1092_cov_3.492228	1	1092	211	1092	100	26.1319	35.9	58.8
GC1003827_F08_NODE_9335_length_1092_cov_2.554404	1	1092	190	1092	100	22.9661	35.2	57.7
GC1003827_F08_NODE_9336_length_1092_cov_2.522280	1	1092	584	1092	100	40.9011	34.6	17.3
GC1003827_F08_NODE_9337_length_1092_cov_1.265285	1	1092	69	1092	100	8.78755	35.7	58.7
GC1003827_F08_NODE_9338_length_1092_cov_1.090155	1	1092	237	1092	100	15.3407	34.9	24.8
GC1003827_F08_NODE_9339_length_1092_cov_0.841451	1	1092	52	1085	99.359	6.05037	35.7	54.5
GC1003827_F08_NODE_9340_length_1091_cov_6.252075	1	1091	581	1091	100	64.7021	35.3	54.9
GC1003827_F08_NODE_9341_length_1091_cov_4.963693	1	1091	810	1091	100	92.4647	35.2	44.5
GC1003827_F08_NODE_9342_length_1091_cov_3.724066	1	1091	282	1091	100	30.7819	35.6	50.5
GC1003827_F08_NODE_9343_length_1091_cov_2.704357	1	1091	140	1091	100	18.4134	35.6	59.9
GC1003827_F08_NODE_9344_length_1091_cov_2.404564	1	1091	125	1091	100	16.5115	35.4	60
GC1003827_F08_NODE_9345_length_1091_cov_1.946058	1	1091	268	1088	99.725	25.8552	35.1	47.2
GC1003827_F08_NODE_9346_length_1090_cov_9.357217	1	1090	984	1090	100	104.609	34.5	50.6
GC1003827_F08_NODE_9347_length_1090_cov_6.257529	1	1090	461	1090	100	50.6606	35.2	48.3
GC1003827_F08_NODE_9348_length_1090_cov_5.779855	1	1090	413	1090	100	47.7422	35.6	55.7
GC1003827_F08_NODE_9349_length_1090_cov_4.632399	1	1090	231	1090	100	30.8165	35.6	59.4
GC1003827_F08_NODE_9350_length_1090_cov_3.956386	1	1090	315	1090	100	34.1826	35.8	48.8
GC1003827_F08_NODE_9351_length_1090_cov_3.355140	1	1090	222	1090	100	24.5358	35.6	52.6
GC1003827_F08_NODE_9352_length_1090_cov_3.025961	1	1090	2025	1090	100	163.272	34	15.7
GC1003827_F08_NODE_9353_length_1090_cov_2.510903	1	1090	286	1090	100	25.4073	35.5	34.2
GC1003827_F08_NODE_9354_length_1090_cov_2.474559	1	1090	205	1090	100	18.8073	35.6	37
GC1003827_F08_NODE_9355_length_1090_cov_2.346833	1	1090	181	1090	100	21.1211	35.7	56.8
GC1003827_F08_NODE_9356_length_1090_cov_2.211838	1	1090	3578	1090	100	119.437	33.3	3.67
GC1003827_F08_NODE_9357_length_1090_cov_1.927310	1	1090	267	1090	100	23.978	35.4	45
GC1003827_F08_NODE_9358_length_1090_cov_1.159917	1	1090	168	1090	100	16.3972	34.9	48.9
GC1003827_F08_NODE_9359_length_1090_cov_0.706127	1	1090	61	1090	100	6.57156	34.7	47.5
GC1003827_F08_NODE_9360_length_1089_cov_27.457380	1	1089	2428	1089	100	293.862	35.7	57.9
GC1003827_F08_NODE_9361_length_1089_cov_10.588358	1	1089	591	1089	100	75.9412	35.7	59.1
GC1003827_F08_NODE_9362_length_1089_cov_3.598753	1	1089	222	1089	100	28.1873	35.5	58.9
GC1003827_F08_NODE_9363_length_1089_cov_3.561331	1	1089	197	1089	100	25.483	35.8	59.2
GC1003827_F08_NODE_9364_length_1089_cov_3.223493	1	1089	259	1089	100	30.3251	35.6	59
GC1003827_F08_NODE_9365_length_1089_cov_2.831601	1	1089	202	1089	100	25.9807	35.3	58.5
GC1003827_F08_NODE_9366_length_1089_cov_1.570686	1	1089	86	1089	100	11.0119	35.4	57.7
GC1003827_F08_NODE_9367_length_1088_cov_10.241415	1	1088	724	1088	100	88.4347	35.6	57.7
GC1003827_F08_NODE_9368_length_1088_cov_9.904266	1	1088	560	1088	100	72.2353	35.7	58.3
GC1003827_F08_NODE_9369_length_1088_cov_6.958377	1	1088	417	1088	100	53.3079	35.3	59
GC1003827_F08_NODE_9370_length_1088_cov_4.653486	1	1088	487	1088	100	51.6746	35.7	51.6
GC1003827_F08_NODE_9371_length_1088_cov_4.596254	1	1088	323	1088	100	39.3952	35.9	57.9
GC1003827_F08_NODE_9372_length_1088_cov_4.519251	1	1088	216	1088	100	28.9246	35.8	59.2
GC1003827_F08_NODE_9373_length_1088_cov_3.122789	1	1088	378	1088	100	34.2325	35	38.3
GC1003827_F08_NODE_9374_length_1088_cov_2.808533	1	1088	503	1088	100	36.807	34.6	21.1
GC1003827_F08_NODE_9375_length_1088_cov_2.124870	1	1088	107	1088	100	13.9963	35.9	57.8
GC1003827_F08_NODE_9376_length_1088_cov_2.120708	1	1088	154	1088	100	18.534	35.9	57.3
GC1003827_F08_NODE_9377_length_1088_cov_1.855359	1	1088	117	1088	100	14.2335	36.1	56.3
GC1003827_F08_NODE_9378_length_1088_cov_1.838710	1	1088	190	1088	100	20.1131	35.5	52.1
GC1003827_F08_NODE_9379_length_1088_cov_1.821020	1	1088	93	1088	100	12.4136	35.9	58.4
GC1003827_F08_NODE_9380_length_1088_cov_0.767950	1	1088	829	1088	100	60.9311	34.2	6.48
GC1003827_F08_NODE_9381_length_1087_cov_19.423958	1	1087	1372	1087	100	163.688	35.5	57.1
GC1003827_F08_NODE_9382_length_1087_cov_19.195833	1	1087	1079	1087	100	140.119	35.6	58.6
GC1003827_F08_NODE_9383_length_1087_cov_13.181250	1	1087	734	1087	100	96.448	35.6	58.5
GC1003827_F08_NODE_9384_length_1087_cov_10.260417	1	1087	683	1087	100	84.0488	35.3	58.2
GC1003827_F08_NODE_9385_length_1087_cov_4.594792	1	1087	273	1087	100	34.4278	35.8	57.9
GC1003827_F08_NODE_9386_length_1087_cov_3.964583	1	1087	200	1087	100	25.9319	35.4	59
GC1003827_F08_NODE_9387_length_1087_cov_2.791667	1	1087	193	1087	100	21.8804	35.4	56.5
GC1003827_F08_NODE_9388_length_1087_cov_1.167708	1	1087	62	1087	100	7.97516	35.6	57.9
GC1003827_F08_NODE_9389_length_1087_cov_1.160417	1	1087	95	1087	100	10.7645	35.5	55.3
GC1003827_F08_NODE_9390_length_1087_cov_1.048958	1	1087	72	1087	100	8.16835	35.5	54.2
GC1003827_F08_NODE_9391_length_1087_cov_0.622917	1	1087	31	1087	100	4.25943	36.1	60
GC1003827_F08_NODE_9392_length_1086_cov_9.854015	1	1086	1811	1086	100	151.193	34.2	26.6
GC1003827_F08_NODE_9393_length_1086_cov_7.587070	1	1086	544	1086	100	66.0101	35.6	56.7
GC1003827_F08_NODE_9394_length_1086_cov_7.342023	1	1086	430	1086	100	54.2017	35.5	58.4
GC1003827_F08_NODE_9395_length_1086_cov_4.046924	1	1086	448	1086	100	53.814	34.9	47
GC1003827_F08_NODE_9396_length_1086_cov_2.920751	1	1086	248	1086	100	28.721	35.3	55
GC1003827_F08_NODE_9397_length_1086_cov_2.155370	1	1086	106	1076	99.0792	14.2284	35.4	60
GC1003827_F08_NODE_9398_length_1086_cov_1.832117	1	1086	3979	1080	99.4475	425.405	33.5	22.1
GC1003827_F08_NODE_9399_length_1086_cov_1.307612	1	1086	115	1086	100	12.5276	34.8	54.9
GC1003827_F08_NODE_9400_length_1086_cov_1.058394	1	1086	49	1086	100	6.62799	35.9	60
GC1003827_F08_NODE_9401_length_1085_cov_13.594990	1	1085	755	1085	100	96.8608	35.6	58.6
GC1003827_F08_NODE_9402_length_1085_cov_9.216075	1	1085	479	1085	100	64.0359	35.8	59.5
GC1003827_F08_NODE_9403_length_1085_cov_5.035491	1	1085	519	1085	100	55.6433	34.4	48.7
GC1003827_F08_NODE_9404_length_1085_cov_2.736952	1	1085	280	1085	100	32.2157	35	57.2
GC1003827_F08_NODE_9405_length_1085_cov_1.522965	1	1085	136	1085	100	12.8369	34.6	43.5
GC1003827_F08_NODE_9406_length_1085_cov_1.325678	1	1085	78	1085	100	10.2221	35.4	60
GC1003827_F08_NODE_9407_length_1085_cov_1.183716	1	1085	113	1085	100	10.6092	35.9	45.6
GC1003827_F08_NODE_9408_length_1085_cov_1.072025	1	1085	187	1085	100	18.1189	34.6	35
GC1003827_F08_NODE_9409_length_1084_cov_28.017764	1	1084	1838	1084	100	231.144	35.4	56.4
GC1003827_F08_NODE_9410_length_1084_cov_11.197492	1	1084	685	1084	100	81.9696	35.4	52.6
GC1003827_F08_NODE_9411_length_1084_cov_6.583072	1	1084	358	1084	100	45.9659	35.6	58.1
GC1003827_F08_NODE_9412_length_1084_cov_5.635319	1	1084	436	1084	100	49.762	35.2	52.9
GC1003827_F08_NODE_9413_length_1084_cov_4.326019	1	1084	250	1084	100	30.9096	35.5	55.9
GC1003827_F08_NODE_9414_length_1084_cov_3.965517	1	1084	515	1084	100	49.9317	34.9	47.2
GC1003827_F08_NODE_9415_length_1084_cov_3.089864	1	1084	192	1084	100	24.9013	35.4	58.9
GC1003827_F08_NODE_9416_length_1084_cov_2.301985	1	1084	141	1084	100	18.4511	34.6	58.4
GC1003827_F08_NODE_9417_length_1084_cov_2.265413	1	1084	333	1082	99.8155	27.2297	34.8	43.7
GC1003827_F08_NODE_9418_length_1084_cov_1.760711	1	1084	93	1082	99.8155	11.8266	36.1	59
GC1003827_F08_NODE_9419_length_1083_cov_13.359833	1	1083	1246	1083	100	132.148	35.2	44.1
GC1003827_F08_NODE_9420_length_1083_cov_7.156904	1	1083	394	1083	100	50.0028	35.7	58.2
GC1003827_F08_NODE_9421_length_1083_cov_7.065900	1	1083	2013	1083	100	234.366	35.3	39.6
GC1003827_F08_NODE_9422_length_1083_cov_6.743724	1	1083	451	1083	100	56.6722	35.4	57.7
GC1003827_F08_NODE_9423_length_1083_cov_5.808577	1	1083	525	1082	99.9077	60.9972	34.9	52.7
GC1003827_F08_NODE_9424_length_1083_cov_5.637029	1	1083	282	1083	100	37.9705	35.7	59.5
GC1003827_F08_NODE_9425_length_1083_cov_5.408996	1	1083	279	1081	99.8153	36.9446	35.6	59
GC1003827_F08_NODE_9426_length_1083_cov_4.585774	1	1083	259	1083	100	32.8763	36	57.1
GC1003827_F08_NODE_9427_length_1083_cov_3.422594	1	1083	195	1082	99.9077	25.0203	35.7	58.4
GC1003827_F08_NODE_9428_length_1083_cov_3.270921	1	1083	203	1083	100	25.2779	35.6	57.5
GC1003827_F08_NODE_9429_length_1083_cov_2.671548	1	1083	176	1083	100	20.482	35	52.3
GC1003827_F08_NODE_9430_length_1083_cov_2.453975	1	1083	140	1083	100	18.1773	35.7	58.9
GC1003827_F08_NODE_9431_length_1083_cov_1.162134	1	1083	67	1081	99.8153	8.68698	35.6	59.6
GC1003827_F08_NODE_9432_length_1083_cov_1.084728	1	1083	60	1071	98.892	7.93167	35.6	60
GC1003827_F08_NODE_9433_length_1082_cov_22.183246	1	1082	1300	1082	100	167.46	35.8	58.7
GC1003827_F08_NODE_9434_length_1082_cov_15.659686	1	1082	886	1082	100	115.257	35.7	58.9
GC1003827_F08_NODE_9435_length_1082_cov_13.458639	1	1082	870	1082	100	108.7	35.8	58
GC1003827_F08_NODE_9436_length_1082_cov_7.500524	1	1082	631	1082	100	67.232	35.2	49.4
GC1003827_F08_NODE_9437_length_1082_cov_5.273298	1	1082	510	1082	100	44.5832	35.3	37.1
GC1003827_F08_NODE_9438_length_1082_cov_2.639791	1	1082	227	1082	100	25.7357	34.9	54.7
GC1003827_F08_NODE_9439_length_1082_cov_1.043979	1	1082	73	1082	100	8.56377	35.6	51
GC1003827_F08_NODE_9440_length_1081_cov_20.508386	1	1081	1409	1081	100	170.519	35.4	56.6
GC1003827_F08_NODE_9441_length_1081_cov_8.338574	1	1081	581	1081	100	71.6031	35.4	58
GC1003827_F08_NODE_9442_length_1081_cov_3.679245	1	1081	207	1081	100	26.2895	35.5	57.3
GC1003827_F08_NODE_9443_length_1081_cov_3.335430	1	1081	216	1081	100	26.9787	35.4	57
GC1003827_F08_NODE_9444_length_1081_cov_3.023061	1	1081	223	1081	100	26.3885	35.8	56.3
GC1003827_F08_NODE_9445_length_1081_cov_2.943396	1	1081	255	1081	100	28.9204	35.8	54.5
GC1003827_F08_NODE_9446_length_1081_cov_2.867925	1	1081	198	1079	99.815	23.6975	35.4	55.4
GC1003827_F08_NODE_9447_length_1081_cov_2.790356	1	1081	322	1081	100	26.2572	34.8	38.5
GC1003827_F08_NODE_9448_length_1080_cov_35.050367	1	1080	8157	1080	100	962.449	35	39.2
GC1003827_F08_NODE_9449_length_1080_cov_9.286464	1	1080	473	1080	100	61.6111	35.7	58.1
GC1003827_F08_NODE_9450_length_1080_cov_8.775446	1	1080	546	1080	100	68.3157	35.4	57.6
GC1003827_F08_NODE_9451_length_1080_cov_8.367261	1	1080	485	1080	100	59.6389	35.6	54.7
GC1003827_F08_NODE_9452_length_1080_cov_7.819517	1	1080	520	1080	100	63.0407	35.6	56.8
GC1003827_F08_NODE_9453_length_1080_cov_7.097587	1	1080	943	1076	99.6296	87.8167	35.1	31.4
GC1003827_F08_NODE_9454_length_1080_cov_6.256034	1	1080	360	1080	100	45.4435	35.8	58.7
GC1003827_F08_NODE_9455_length_1080_cov_4.753410	1	1080	313	1080	100	38.9194	35.3	58.5
GC1003827_F08_NODE_9456_length_1080_cov_4.114376	1	1080	215	1080	100	28.5241	35.8	58.9
GC1003827_F08_NODE_9457_length_1080_cov_3.775446	1	1080	243	1080	100	28.9898	35.5	51.8
GC1003827_F08_NODE_9458_length_1080_cov_3.432319	1	1080	170	1080	100	22.7315	35.9	59.7
GC1003827_F08_NODE_9459_length_1080_cov_2.321091	1	1080	184	1080	100	21.0204	34.9	50.2
GC1003827_F08_NODE_9460_length_1080_cov_2.136411	1	1080	123	1079	99.9074	16.0083	34.8	59.2
GC1003827_F08_NODE_9461_length_1080_cov_1.997901	1	1080	107	1079	99.9074	13.5759	35.8	58.3
GC1003827_F08_NODE_9462_length_1080_cov_1.099685	1	1080	883	1080	100	61.7231	33.9	9.67
GC1003827_F08_NODE_9463_length_1080_cov_0.925498	1	1080	54	1080	100	6.97685	35.9	56.8
GC1003827_F08_NODE_9464_length_1079_cov_8.500000	1	1079	472	1079	100	61.6339	35.6	58.6
GC1003827_F08_NODE_9465_length_1079_cov_7.000000	1	1079	1287	1079	100	103.791	35.1	27.5
GC1003827_F08_NODE_9466_length_1079_cov_4.689076	1	1079	297	1079	100	38.1437	35	59.3
GC1003827_F08_NODE_9467_length_1079_cov_4.385504	1	1079	416	1079	100	45.7516	34.7	53.2
GC1003827_F08_NODE_9468_length_1079_cov_3.898109	1	1079	311	1079	100	35.3763	35.2	54.2
GC1003827_F08_NODE_9469_length_1079_cov_3.595588	1	1079	329	1072	99.3513	35.4588	35.5	49.2
GC1003827_F08_NODE_9470_length_1079_cov_3.413866	1	1079	195	1079	100	25.6061	35.6	59
GC1003827_F08_NODE_9471_length_1079_cov_2.829832	1	1079	161	1079	100	20.3874	36	56.1
GC1003827_F08_NODE_9472_length_1079_cov_2.793067	1	1079	252	1079	100	26.9861	35.5	48.7
GC1003827_F08_NODE_9473_length_1079_cov_2.404412	1	1079	141	1079	100	18.3095	36	59
GC1003827_F08_NODE_9474_length_1079_cov_2.237395	1	1079	110	1079	100	15.1409	35.8	60
GC1003827_F08_NODE_9475_length_1079_cov_1.865546	1	1079	159	1079	100	15.0992	35.7	43.6
GC1003827_F08_NODE_9476_length_1079_cov_0.975840	1	1079	168	1070	99.1659	14.139	35.5	31.1
GC1003827_F08_NODE_9477_length_1078_cov_19.812829	1	1078	1401	1078	100	169.417	35.5	56.2
GC1003827_F08_NODE_9478_length_1078_cov_11.373291	1	1078	927	1078	100	109.75	34.9	54.4
GC1003827_F08_NODE_9479_length_1078_cov_10.860147	1	1078	594	1078	100	77.4351	35.7	58.8
GC1003827_F08_NODE_9480_length_1078_cov_9.095689	1	1078	568	1078	100	72.0696	35.5	57.9
GC1003827_F08_NODE_9481_length_1078_cov_7.900105	1	1078	662	1078	100	86.2347	35.6	46.9
GC1003827_F08_NODE_9482_length_1078_cov_7.174553	1	1078	374	1078	100	50.1429	35.6	59.1
GC1003827_F08_NODE_9483_length_1078_cov_7.010515	1	1078	363	1078	100	47.8553	35.3	59.1
GC1003827_F08_NODE_9484_length_1078_cov_4.069401	1	1078	235	1078	100	30.4137	35.6	56.4
GC1003827_F08_NODE_9485_length_1078_cov_2.841220	1	1078	780	1078	100	55.7013	34.5	15.4
GC1003827_F08_NODE_9486_length_1078_cov_2.825447	1	1078	160	1077	99.9072	20.0195	35.6	58.5
GC1003827_F08_NODE_9487_length_1078_cov_1.709779	1	1078	240	1078	100	19.5603	35.6	37.1
GC1003827_F08_NODE_9488_length_1078_cov_1.261830	1	1078	123	1078	100	11.192	35.8	51.1
GC1003827_F08_NODE_9489_length_1078_cov_1.009464	1	1078	278	1078	100	17.1262	35.3	25.4
GC1003827_F08_NODE_9490_length_1078_cov_0.568875	1	1078	37	1078	100	4.80612	35.8	60
GC1003827_F08_NODE_9491_length_1077_cov_10.632632	1	1077	812	1077	100	100.105	34.7	58.5
GC1003827_F08_NODE_9492_length_1077_cov_10.158947	1	1077	700	1077	100	84.9248	35.4	56
GC1003827_F08_NODE_9493_length_1077_cov_6.215789	1	1077	396	1077	100	48.4717	35.7	55.8
GC1003827_F08_NODE_9494_length_1077_cov_6.200000	1	1077	298	1077	100	39.5942	35.4	57.7
GC1003827_F08_NODE_9495_length_1077_cov_5.386316	1	1077	750	1077	100	68.26	35.4	43.2
GC1003827_F08_NODE_9496_length_1077_cov_5.143158	1	1077	294	1077	100	36.4308	35.8	57.1
GC1003827_F08_NODE_9497_length_1077_cov_5.027368	1	1077	264	1077	100	32.5125	35.3	53.8
GC1003827_F08_NODE_9498_length_1077_cov_4.771579	1	1077	244	1077	100	31.9647	35.8	58.4
GC1003827_F08_NODE_9499_length_1077_cov_4.644211	1	1077	727	1077	100	66.1356	34.9	36.8
GC1003827_F08_NODE_9500_length_1077_cov_4.518947	1	1077	541	1077	100	51.5543	34.7	39.9
GC1003827_F08_NODE_9501_length_1077_cov_3.846316	1	1077	825	1077	100	62.1504	34.3	21.8
GC1003827_F08_NODE_9502_length_1077_cov_3.298947	1	1077	169	1077	100	22.7855	35.5	59.9
GC1003827_F08_NODE_9503_length_1077_cov_2.487368	1	1077	134	1077	100	16.9499	35.5	58.2
GC1003827_F08_NODE_9504_length_1077_cov_2.401053	1	1077	178	1077	100	20.8171	34.9	55.6
GC1003827_F08_NODE_9505_length_1077_cov_1.773684	1	1077	231	1077	100	19.6518	35.1	36.9
GC1003827_F08_NODE_9506_length_1077_cov_1.742105	1	1077	407	1077	100	26.4364	34.1	18.6
GC1003827_F08_NODE_9507_length_1077_cov_1.172632	1	1077	65	1076	99.9071	7.54689	36.1	52.4
GC1003827_F08_NODE_9508_length_1076_cov_25.031612	1	1076	1595	1076	100	201.312	35.8	58.6
GC1003827_F08_NODE_9509_length_1076_cov_11.324552	1	1076	623	1076	100	82.7509	35.5	58.9
GC1003827_F08_NODE_9510_length_1076_cov_8.771338	1	1076	558	1076	100	72.8188	35.7	59.1
GC1003827_F08_NODE_9511_length_1076_cov_7.155954	1	1076	515	1076	100	59.5753	35.7	54
GC1003827_F08_NODE_9512_length_1076_cov_4.417281	1	1076	256	1076	100	32.8866	35.5	57.6
GC1003827_F08_NODE_9513_length_1076_cov_4.298209	1	1076	425	1076	100	50.8783	35	46.6
GC1003827_F08_NODE_9514_length_1076_cov_4.245522	1	1076	302	1076	100	35.9823	35.5	57.1
GC1003827_F08_NODE_9515_length_1076_cov_2.416228	1	1076	162	1076	100	20.1952	35.2	58.6
GC1003827_F08_NODE_9516_length_1076_cov_1.069547	1	1076	57	1076	100	7.78903	34.9	60
GC1003827_F08_NODE_9517_length_1075_cov_20.193038	1	1075	1149	1075	100	147.61	35.6	57.8
GC1003827_F08_NODE_9518_length_1075_cov_8.003165	1	1075	557	1075	100	69.6223	34.9	58
GC1003827_F08_NODE_9519_length_1075_cov_7.352321	1	1075	760	1075	100	76.427	35.4	45.3
GC1003827_F08_NODE_9520_length_1075_cov_4.910338	1	1075	325	1071	99.6279	40.8233	35.5	58.7
GC1003827_F08_NODE_9521_length_1075_cov_3.296414	1	1075	167	1075	100	22.2447	35.5	59.8
GC1003827_F08_NODE_9522_length_1075_cov_3.215190	1	1075	383	1075	100	38.8577	34.8	49.8
GC1003827_F08_NODE_9523_length_1075_cov_3.101266	1	1075	155	1075	100	20.7749	35.7	58.3
GC1003827_F08_NODE_9524_length_1075_cov_3.029536	1	1075	351	1075	100	34.1526	35	43.5
GC1003827_F08_NODE_9525_length_1075_cov_2.758439	1	1075	502	1075	100	38.4726	34.6	26.5
GC1003827_F08_NODE_9526_length_1075_cov_2.312236	1	1075	119	1075	100	15.4884	35.3	57.2
GC1003827_F08_NODE_9527_length_1075_cov_2.157173	1	1075	117	1073	99.814	15.5451	35.5	57.7
GC1003827_F08_NODE_9528_length_1075_cov_1.920886	1	1075	98	1075	100	13.226	35.4	59.8
GC1003827_F08_NODE_9529_length_1075_cov_1.785865	1	1075	104	1074	99.907	13.3674	36	58
GC1003827_F08_NODE_9530_length_1075_cov_1.782700	1	1075	755	1075	100	55.2251	33.9	15.9
GC1003827_F08_NODE_9531_length_1075_cov_0.613924	1	1075	28	1075	100	3.92	35.9	60
GC1003827_F08_NODE_9532_length_1074_cov_10.557550	1	1074	749	1074	100	90.0968	35.6	56.1
GC1003827_F08_NODE_9533_length_1074_cov_8.130940	1	1074	543	1074	100	67.7235	35.5	57.3
GC1003827_F08_NODE_9534_length_1074_cov_5.809926	1	1074	544	1074	100	58.8594	35	46.8
GC1003827_F08_NODE_9535_length_1074_cov_4.392819	1	1074	211	1073	99.9069	28.5801	35.7	59
GC1003827_F08_NODE_9536_length_1074_cov_2.586061	1	1074	149	1074	100	19.3017	35.6	57.5
GC1003827_F08_NODE_9537_length_1074_cov_1.868004	1	1074	157	1074	100	17.527	35.2	55.8
GC1003827_F08_NODE_9538_length_1074_cov_1.827878	1	1074	115	1074	100	14.3547	35.3	56.5
GC1003827_F08_NODE_9539_length_1074_cov_0.787751	1	1074	35	1064	99.0689	4.71508	36.2	58.8
GC1003827_F08_NODE_9540_length_1073_cov_8.360465	1	1073	593	1073	100	73.2498	35.5	54.4
GC1003827_F08_NODE_9541_length_1073_cov_5.323467	1	1073	529	1073	100	55.9459	34.6	45.2
GC1003827_F08_NODE_9542_length_1073_cov_4.751586	1	1073	317	1073	100	36.0224	35.4	51.3
GC1003827_F08_NODE_9543_length_1073_cov_4.456660	1	1073	237	1073	100	31.2283	35.6	58.3
GC1003827_F08_NODE_9544_length_1073_cov_4.152220	1	1073	320	1073	100	38.5238	35.4	57.7
GC1003827_F08_NODE_9545_length_1073_cov_3.846723	1	1073	222	1073	100	28.1528	35.6	58.2
GC1003827_F08_NODE_9546_length_1073_cov_2.762156	1	1073	215	1070	99.7204	24.2451	36	54.6
GC1003827_F08_NODE_9547_length_1073_cov_2.146934	1	1073	426	1073	100	29.1072	34.5	20.5
GC1003827_F08_NODE_9548_length_1073_cov_0.898520	1	1073	322	1073	100	25.9208	34.8	24.6
GC1003827_F08_NODE_9549_length_1072_cov_19.819048	1	1072	1566	1071	99.9067	189.382	35.5	57.3
GC1003827_F08_NODE_9550_length_1072_cov_17.949206	1	1072	1158	1072	100	145.875	35.8	58.1
GC1003827_F08_NODE_9551_length_1072_cov_10.164021	1	1072	981	1072	100	112.41	35.4	55.9
GC1003827_F08_NODE_9552_length_1072_cov_7.777778	1	1072	534	1069	99.7201	66.097	35.4	57.2
GC1003827_F08_NODE_9553_length_1072_cov_3.605291	1	1072	226	1072	100	28.4021	35.9	57.1
GC1003827_F08_NODE_9554_length_1072_cov_3.495238	1	1072	486	1072	100	56.3666	35	45
GC1003827_F08_NODE_9555_length_1072_cov_3.440212	1	1072	207	1072	100	26.9869	35.6	59.6
GC1003827_F08_NODE_9556_length_1072_cov_2.903704	1	1072	165	1069	99.7201	21.5793	35.6	59.8
GC1003827_F08_NODE_9557_length_1072_cov_1.816931	1	1072	126	1072	100	14.8004	35.6	55
GC1003827_F08_NODE_9558_length_1072_cov_1.762963	1	1072	96	1072	100	12.6362	35.3	59.2
GC1003827_F08_NODE_9559_length_1072_cov_1.734392	1	1072	84	1070	99.8134	11.3321	35.7	58.7
GC1003827_F08_NODE_9560_length_1072_cov_1.629630	1	1072	89	1072	100	12.0224	35.8	60
GC1003827_F08_NODE_9561_length_1072_cov_1.538624	1	1072	84	1072	100	10.4011	35.5	56.9
GC1003827_F08_NODE_9562_length_1072_cov_1.180952	1	1072	72	1072	100	8.5681	36.1	54.4
GC1003827_F08_NODE_9563_length_1071_cov_6.695975	1	1071	362	1071	100	48.1737	35.9	58.7
GC1003827_F08_NODE_9564_length_1071_cov_5.551907	1	1071	437	1071	100	51.2045	35.5	59.3
GC1003827_F08_NODE_9565_length_1071_cov_5.241525	1	1071	245	1070	99.9066	34.1587	35.1	60
GC1003827_F08_NODE_9566_length_1071_cov_5.144068	1	1071	287	1071	100	37.31	35.7	58.6
GC1003827_F08_NODE_9567_length_1071_cov_5.091102	1	1071	397	1070	99.9066	46.0542	35	56.6
GC1003827_F08_NODE_9568_length_1071_cov_5.079449	1	1071	367	1071	100	43.465	35.7	54.5
GC1003827_F08_NODE_9569_length_1071_cov_4.959746	1	1071	293	1071	100	37.3137	35.8	58.6
GC1003827_F08_NODE_9570_length_1071_cov_4.760593	1	1071	401	1071	100	48.4678	35.5	53.9
GC1003827_F08_NODE_9571_length_1071_cov_4.290254	1	1071	540	1071	100	52.648	35.4	40.6
GC1003827_F08_NODE_9572_length_1071_cov_3.645127	1	1071	392	1071	100	37.4687	35.4	41.9
GC1003827_F08_NODE_9573_length_1071_cov_2.591102	1	1071	133	1071	100	17.8357	36	59
GC1003827_F08_NODE_9574_length_1071_cov_2.266949	1	1071	291	1071	100	24.6228	35	33.5
GC1003827_F08_NODE_9575_length_1071_cov_2.105932	1	1071	192	1071	100	21.239	34.3	50.8
GC1003827_F08_NODE_9576_length_1071_cov_1.953390	1	1071	537	1071	100	39.4715	35.7	54
GC1003827_F08_NODE_9577_length_1071_cov_1.784958	1	1071	93	1071	100	12.55	35.9	60
GC1003827_F08_NODE_9578_length_1071_cov_1.728814	1	1071	127	1071	100	14.4622	35.7	53.8
GC1003827_F08_NODE_9579_length_1071_cov_0.586864	1	1071	26	1061	99.0663	3.62838	36.3	60
GC1003827_F08_NODE_9580_length_1070_cov_19.570520	1	1070	1018	1070	100	134.143	35.6	58.7
GC1003827_F08_NODE_9581_length_1070_cov_2.768823	1	1070	253	1070	100	31.1533	35.3	56.7
GC1003827_F08_NODE_9582_length_1070_cov_2.402969	1	1070	283	1070	100	31.4542	35.1	56.2
GC1003827_F08_NODE_9583_length_1070_cov_2.106045	1	1070	108	1070	100	14.0636	36	58.6
GC1003827_F08_NODE_9584_length_1070_cov_1.915164	1	1070	422	1070	100	31.7196	35.1	27.4
GC1003827_F08_NODE_9585_length_1070_cov_1.750795	1	1070	123	1070	100	14.5495	35.2	55.3
GC1003827_F08_NODE_9586_length_1070_cov_1.689290	1	1070	94	1070	100	11.8187	35.9	58
GC1003827_F08_NODE_9587_length_1069_cov_9.644374	1	1069	578	1069	100	76.3686	35.7	57.4
GC1003827_F08_NODE_9588_length_1069_cov_8.174098	1	1069	430	1069	100	56.7558	35.6	59
GC1003827_F08_NODE_9589_length_1069_cov_5.682590	1	1069	440	1069	100	50.783	35.2	53.6
GC1003827_F08_NODE_9590_length_1069_cov_5.290870	1	1069	826	1069	100	84.652	34.7	37
GC1003827_F08_NODE_9591_length_1069_cov_4.557325	1	1069	298	1069	100	37.8335	36	58.5
GC1003827_F08_NODE_9592_length_1069_cov_4.268577	1	1069	202	1069	100	27.4967	35.7	59
GC1003827_F08_NODE_9593_length_1069_cov_3.996815	1	1069	368	1069	100	36.9233	35.1	43
GC1003827_F08_NODE_9594_length_1069_cov_2.405520	1	1069	107	1069	100	14.7671	36.1	59.5
GC1003827_F08_NODE_9595_length_1068_cov_27.662062	1	1068	1976	1068	100	245.147	35.3	54.8
GC1003827_F08_NODE_9596_length_1068_cov_8.249734	1	1068	555	1068	100	70.0627	35.8	58.5
GC1003827_F08_NODE_9597_length_1068_cov_7.564293	1	1068	491	1068	100	61.0365	35.5	56.2
GC1003827_F08_NODE_9598_length_1068_cov_6.998937	1	1068	475	1068	100	58.9906	35.6	58.4
GC1003827_F08_NODE_9599_length_1068_cov_6.405951	1	1068	347	1068	100	46.5983	35.8	59.6
GC1003827_F08_NODE_9600_length_1068_cov_4.874601	1	1068	318	1068	100	40.8062	35.1	56.3
GC1003827_F08_NODE_9601_length_1068_cov_4.620616	1	1068	331	1068	100	37.6199	35.3	47.5
GC1003827_F08_NODE_9602_length_1068_cov_3.523911	1	1068	235	1068	100	29.6882	35.2	57.8
GC1003827_F08_NODE_9603_length_1068_cov_3.496281	1	1068	209	1068	100	26.177	35.7	58
GC1003827_F08_NODE_9604_length_1068_cov_2.792774	1	1068	151	1068	100	20.0702	35.7	58.8
GC1003827_F08_NODE_9605_length_1068_cov_2.514346	1	1068	140	1068	100	18.3006	35.6	58.3
GC1003827_F08_NODE_9606_length_1068_cov_2.314559	1	1068	301	1068	100	32.1161	34.9	46.2
GC1003827_F08_NODE_9607_length_1068_cov_0.944740	1	1068	84	1068	100	10.1751	35.2	57.3
GC1003827_F08_NODE_9608_length_1068_cov_0.920298	1	1068	50	1068	100	6.21816	36	58.2
GC1003827_F08_NODE_9609_length_1068_cov_0.912859	1	1068	48	1068	100	6.39513	35.6	57
GC1003827_F08_NODE_9610_length_1067_cov_9.293617	1	1067	586	1067	100	73.5801	35.2	55.6
GC1003827_F08_NODE_9611_length_1067_cov_8.472340	1	1067	600	1067	100	73.4752	35.7	57.4
GC1003827_F08_NODE_9612_length_1067_cov_6.909574	1	1067	456	1067	100	54.2493	35.5	53.9
GC1003827_F08_NODE_9613_length_1067_cov_6.015957	1	1067	541	1067	100	60.7938	35.4	55.9
GC1003827_F08_NODE_9614_length_1067_cov_6.001064	1	1067	338	1067	100	45.314	35.5	59.5
GC1003827_F08_NODE_9615_length_1067_cov_3.588298	1	1067	232	1067	100	27.9316	35.6	57.3
GC1003827_F08_NODE_9616_length_1067_cov_2.894681	1	1067	158	1067	100	20.2699	35.5	58.1
GC1003827_F08_NODE_9617_length_1067_cov_1.190426	1	1067	67	1067	100	8.75164	35.7	59.9
GC1003827_F08_NODE_9618_length_1067_cov_1.130851	1	1067	91	1067	100	10.2371	35.8	54.4
GC1003827_F08_NODE_9619_length_1066_cov_10.792332	1	1066	704	1066	100	89.8218	35.7	58.6
GC1003827_F08_NODE_9620_length_1066_cov_7.971246	1	1066	416	1066	100	56.2242	35.6	59.7
GC1003827_F08_NODE_9621_length_1066_cov_6.943557	1	1066	1259	1064	99.8124	98.8415	34.7	22.6
GC1003827_F08_NODE_9622_length_1066_cov_5.235357	1	1066	269	1066	100	35.4719	35.8	58.6
GC1003827_F08_NODE_9623_length_1066_cov_4.801917	1	1066	254	1063	99.7186	33.5938	35.7	59.5
GC1003827_F08_NODE_9624_length_1066_cov_3.317359	1	1066	302	1066	100	35.7552	35.4	54.7
GC1003827_F08_NODE_9625_length_1066_cov_2.861555	1	1066	628	1066	100	48.4353	34	18.2
GC1003827_F08_NODE_9626_length_1066_cov_1.224707	1	1066	88	1056	99.0619	10.6829	35.3	56.4
GC1003827_F08_NODE_9627_length_1066_cov_0.810437	1	1066	150	1066	100	12.334	34.5	27.1
GC1003827_F08_NODE_9628_length_1065_cov_10.391258	1	1065	968	1065	100	108.584	35.6	55.2
GC1003827_F08_NODE_9629_length_1065_cov_9.957356	1	1065	652	1065	100	82.8404	35.8	58.6
GC1003827_F08_NODE_9630_length_1065_cov_8.356077	1	1065	425	1065	100	58.1718	35.6	59.2
GC1003827_F08_NODE_9631_length_1065_cov_7.515991	1	1065	431	1065	100	55.8939	35.8	58.4
GC1003827_F08_NODE_9632_length_1065_cov_4.660981	1	1065	250	1065	100	31.293	35.6	54.4
GC1003827_F08_NODE_9633_length_1065_cov_3.775053	1	1065	204	1065	100	26.7822	35.7	58.8
GC1003827_F08_NODE_9634_length_1065_cov_3.740938	1	1065	222	1065	100	27.9427	35.5	58.2
GC1003827_F08_NODE_9635_length_1065_cov_3.018124	1	1065	223	1065	100	25.5653	35.7	50.1
GC1003827_F08_NODE_9636_length_1065_cov_1.955224	1	1065	101	1065	100	13.5869	35.6	58.6
GC1003827_F08_NODE_9637_length_1065_cov_1.921109	1	1065	194	1065	100	20.0977	35.4	48.4
GC1003827_F08_NODE_9638_length_1065_cov_1.904051	1	1065	224	1065	100	22.0131	35.6	52.5
GC1003827_F08_NODE_9639_length_1065_cov_1.591684	1	1065	106	1065	100	13.785	35.4	59.2
GC1003827_F08_NODE_9640_length_1065_cov_0.454158	1	1065	24	1065	100	3.33146	35.5	60
GC1003827_F08_NODE_9641_length_1064_cov_4.144077	1	1064	328	1064	100	36.875	35.8	53.8
GC1003827_F08_NODE_9642_length_1064_cov_3.740662	1	1064	347	1064	100	39.8102	34.5	56.3
GC1003827_F08_NODE_9643_length_1064_cov_3.294557	1	1064	4688	1064	100	373.39	33.7	11.5
GC1003827_F08_NODE_9644_length_1064_cov_1.947705	1	1064	110	1064	100	14.2293	35.8	57.6
GC1003827_F08_NODE_9645_length_1064_cov_1.762006	1	1064	97	1064	100	12.265	35.8	55.2
GC1003827_F08_NODE_9646_length_1064_cov_1.045891	1	1064	280	1064	100	18.1626	35.3	15.6
GC1003827_F08_NODE_9647_length_1064_cov_0.969050	1	1064	246	1064	100	15.0094	34.1	16.3
GC1003827_F08_NODE_9648_length_1063_cov_15.266026	1	1063	957	1063	100	116.681	35.7	56.7
GC1003827_F08_NODE_9649_length_1063_cov_9.225427	1	1063	1328	1063	100	132.168	34.5	43.2
GC1003827_F08_NODE_9650_length_1063_cov_4.819444	1	1063	312	1063	100	41.269	35.8	58.8
GC1003827_F08_NODE_9651_length_1063_cov_4.363248	1	1063	238	1063	100	32.0423	35.5	59.2
GC1003827_F08_NODE_9652_length_1063_cov_3.696581	1	1063	1381	1063	100	112.883	33.9	19
GC1003827_F08_NODE_9653_length_1063_cov_3.350427	1	1063	211	1061	99.8119	26.4704	35.7	58.1
GC1003827_F08_NODE_9654_length_1063_cov_3.034188	1	1063	178	1063	100	22.9163	35.7	57.7
GC1003827_F08_NODE_9655_length_1063_cov_1.010684	1	1063	153	1036	97.46	14.5748	34	47.4
GC1003827_F08_NODE_9656_length_1062_cov_7.605348	1	1062	560	1062	100	64.0056	35.4	49.6
GC1003827_F08_NODE_9657_length_1062_cov_7.308021	1	1062	669	1062	100	77.2279	35.1	55.4
GC1003827_F08_NODE_9658_length_1062_cov_5.913369	1	1062	286	1062	100	38.9322	35.7	58.7
GC1003827_F08_NODE_9659_length_1062_cov_3.921925	1	1062	422	1062	100	44.3371	34.8	49.7
GC1003827_F08_NODE_9660_length_1062_cov_3.884492	1	1062	337	1062	100	38.2316	34.7	51
GC1003827_F08_NODE_9661_length_1062_cov_2.956150	1	1062	400	1062	100	39.242	34.9	42.2
GC1003827_F08_NODE_9662_length_1062_cov_2.104813	1	1062	1454	1062	100	76.3296	27.3	11.8
GC1003827_F08_NODE_9663_length_1062_cov_1.885561	1	1062	102	1062	100	13.887	35.1	58.9
GC1003827_F08_NODE_9664_length_1062_cov_1.487701	1	1062	245	1062	100	18.8616	35.3	34.9
GC1003827_F08_NODE_9665_length_1062_cov_1.356150	1	1062	68	1062	100	9.43597	35.6	59.8
GC1003827_F08_NODE_9666_length_1061_cov_12.605996	1	1061	641	1061	100	86.4826	35.8	59.5
GC1003827_F08_NODE_9667_length_1061_cov_4.183084	1	1061	228	1061	100	29.9868	35.7	59.5
GC1003827_F08_NODE_9668_length_1061_cov_3.970021	1	1061	217	1061	100	29.5156	36	59.4
GC1003827_F08_NODE_9669_length_1061_cov_1.800857	1	1061	122	1061	100	15.3167	36.1	56.8
GC1003827_F08_NODE_9670_length_1061_cov_1.357602	1	1061	80	1061	100	10.5862	35.7	58.6
GC1003827_F08_NODE_9671_length_1061_cov_1.206638	1	1061	62	1061	100	8.30254	35.7	60
GC1003827_F08_NODE_9672_length_1061_cov_0.638116	1	1061	36	1061	100	4.67484	35.2	59.4
GC1003827_F08_NODE_9673_length_1060_cov_21.294748	1	1060	1883	1058	99.8113	233.628	35.3	58
GC1003827_F08_NODE_9674_length_1060_cov_6.825295	1	1060	404	1060	100	51.3406	35.9	56.4
GC1003827_F08_NODE_9675_length_1060_cov_6.157556	1	1060	536	1060	100	62.7689	34.7	50.9
GC1003827_F08_NODE_9676_length_1060_cov_4.618435	1	1060	386	1060	100	36.8962	35.2	38.3
GC1003827_F08_NODE_9677_length_1060_cov_4.523044	1	1060	446	1060	100	44.9302	35.5	45.8
GC1003827_F08_NODE_9678_length_1060_cov_4.460879	1	1060	377	1060	100	41.5509	35.2	47.1
GC1003827_F08_NODE_9679_length_1060_cov_4.204716	1	1060	255	1060	100	32.2632	35.8	57.7
GC1003827_F08_NODE_9680_length_1060_cov_4.031083	1	1060	1061	1060	100	94.7849	35.7	37.1
GC1003827_F08_NODE_9681_length_1060_cov_3.883173	1	1060	251	1060	100	29.6406	35.1	55.4
GC1003827_F08_NODE_9682_length_1060_cov_3.471597	1	1060	238	1060	100	28.5792	35.8	53.9
GC1003827_F08_NODE_9683_length_1060_cov_3.246517	1	1060	1109	1060	100	79.9132	34.4	14.9
GC1003827_F08_NODE_9684_length_1060_cov_2.610932	1	1060	161	1060	100	20.4443	35.4	55.7
GC1003827_F08_NODE_9685_length_1060_cov_2.595927	1	1060	185	1060	100	22.4783	34.3	56.5
GC1003827_F08_NODE_9686_length_1060_cov_1.341908	1	1060	96	1060	100	12.0821	35.9	57.6
GC1003827_F08_NODE_9687_length_1060_cov_1.069668	1	1060	72	1060	100	8.90094	35.5	55.9
GC1003827_F08_NODE_9688_length_1059_cov_8.489270	1	1059	634	1059	100	72.0992	35.3	49.6
GC1003827_F08_NODE_9689_length_1059_cov_5.802575	1	1059	503	1059	100	53.7951	35.3	44.6
GC1003827_F08_NODE_9690_length_1059_cov_4.332618	1	1059	247	1059	100	31.7384	35.6	58
GC1003827_F08_NODE_9691_length_1059_cov_3.769313	1	1059	226	1058	99.9056	29.2776	35.5	58.7
GC1003827_F08_NODE_9692_length_1059_cov_2.688841	1	1059	134	1059	100	18.1161	35.2	59.6
GC1003827_F08_NODE_9693_length_1059_cov_2.444206	1	1059	461	1059	100	31.916	34.8	23.5
GC1003827_F08_NODE_9694_length_1059_cov_0.816524	1	1059	76	1059	100	8.44193	35.6	50.4
GC1003827_F08_NODE_9695_length_1058_cov_10.502685	1	1058	600	1058	100	78.6588	35.6	57.9
GC1003827_F08_NODE_9696_length_1058_cov_9.132116	1	1058	526	1058	100	68.6607	35.5	58.5
GC1003827_F08_NODE_9697_length_1058_cov_6.184748	1	1058	441	1058	100	57.8393	35.3	58.5
GC1003827_F08_NODE_9698_length_1058_cov_5.216971	1	1058	298	1058	100	38.9537	35.7	57.6
GC1003827_F08_NODE_9699_length_1058_cov_4.842105	1	1058	699	1058	100	75.3913	34.4	52.2
GC1003827_F08_NODE_9700_length_1058_cov_4.436090	1	1058	319	1058	100	37.6342	35.1	53.1
GC1003827_F08_NODE_9701_length_1057_cov_19.677419	1	1057	1075	1057	100	142.36	35.7	58.3
GC1003827_F08_NODE_9702_length_1057_cov_7.143011	1	1057	454	1057	100	59.368	35.5	58.7
GC1003827_F08_NODE_9703_length_1057_cov_4.566667	1	1057	257	1057	100	34.6736	35.5	59.8
GC1003827_F08_NODE_9704_length_1057_cov_4.182796	1	1057	327	1057	100	34.5052	35.8	54.7
GC1003827_F08_NODE_9705_length_1057_cov_3.294624	1	1057	290	1057	100	30.2176	34.9	47.4
GC1003827_F08_NODE_9706_length_1057_cov_3.174194	1	1057	235	1057	100	28.474	35.5	58.5
GC1003827_F08_NODE_9707_length_1057_cov_2.587097	1	1057	141	1057	100	19.2696	35.6	58.8
GC1003827_F08_NODE_9708_length_1056_cov_10.800861	1	1056	790	1056	100	96.1316	35.4	57.6
GC1003827_F08_NODE_9709_length_1056_cov_5.539290	1	1056	300	1056	100	40.5436	35.7	59.7
GC1003827_F08_NODE_9710_length_1056_cov_5.067815	1	1056	302	1056	100	38.8977	35.8	58.5
GC1003827_F08_NODE_9711_length_1056_cov_3.452099	1	1056	229	1056	100	29.0956	35.6	59
GC1003827_F08_NODE_9712_length_1056_cov_3.063509	1	1056	158	1054	99.8106	21.4659	36.1	59.2
GC1003827_F08_NODE_9713_length_1056_cov_2.759957	1	1056	131	1055	99.9053	17.5966	35.4	58.8
GC1003827_F08_NODE_9714_length_1056_cov_2.072121	1	1056	116	1056	100	15.5919	35.2	58.9
GC1003827_F08_NODE_9715_length_1056_cov_1.655544	1	1056	192	1056	100	21.9223	35.1	57.1
GC1003827_F08_NODE_9716_length_1056_cov_0.891281	1	1056	38	1046	99.053	5.4214	34.8	60
GC1003827_F08_NODE_9717_length_1055_cov_8.447198	1	1055	621	1055	100	74.0938	35.5	55
GC1003827_F08_NODE_9718_length_1055_cov_7.853448	1	1055	627	1055	100	73.854	35.6	54.4
GC1003827_F08_NODE_9719_length_1055_cov_7.448276	1	1055	710	1055	100	79.3791	35.9	58.8
GC1003827_F08_NODE_9720_length_1055_cov_6.703664	1	1055	364	1055	100	47.5185	35.6	57.4
GC1003827_F08_NODE_9721_length_1055_cov_5.824353	1	1055	323	1055	100	42.7403	35.6	59
GC1003827_F08_NODE_9722_length_1055_cov_4.379310	1	1055	253	1055	100	32.5156	35.6	58.6
GC1003827_F08_NODE_9723_length_1055_cov_3.628233	1	1055	213	1055	100	28.1621	36	59.2
GC1003827_F08_NODE_9724_length_1055_cov_2.047414	1	1055	114	1055	100	14.7166	35.5	58.4
GC1003827_F08_NODE_9725_length_1055_cov_1.871767	1	1055	143	1055	100	15.509	34.5	55.4
GC1003827_F08_NODE_9726_length_1055_cov_1.316810	1	1055	78	1055	100	10.2445	35.4	58.3
GC1003827_F08_NODE_9727_length_1054_cov_11.937433	1	1054	689	1054	100	88.1888	35.5	56
GC1003827_F08_NODE_9728_length_1054_cov_10.865156	1	1054	677	1054	100	87.2979	35.7	57.6
GC1003827_F08_NODE_9729_length_1054_cov_10.562028	1	1054	764	1054	100	93.575	35.3	57.7
GC1003827_F08_NODE_9730_length_1054_cov_8.128371	1	1054	458	1053	99.9051	59.3131	35.5	59.1
GC1003827_F08_NODE_9731_length_1054_cov_7.748652	1	1054	538	1054	100	69.2979	34.8	58.4
GC1003827_F08_NODE_9732_length_1054_cov_7.067961	1	1054	469	1054	100	57.7647	35.6	54.3
GC1003827_F08_NODE_9733_length_1054_cov_5.417476	1	1054	1598	1054	100	134.04	34.3	17.5
GC1003827_F08_NODE_9734_length_1054_cov_5.025890	1	1054	304	1054	100	37.3463	35.1	56.7
GC1003827_F08_NODE_9735_length_1054_cov_3.278317	1	1054	315	1054	100	31.3558	35.6	46.8
GC1003827_F08_NODE_9736_length_1054_cov_3.140237	1	1054	220	1050	99.6205	26.0171	35.5	52.4
GC1003827_F08_NODE_9737_length_1054_cov_2.463862	1	1054	131	1054	100	17.3824	35.9	58.9
GC1003827_F08_NODE_9738_length_1054_cov_1.771305	1	1054	107	1054	100	14.3966	36	53.8
GC1003827_F08_NODE_9739_length_1054_cov_1.700108	1	1054	125	1054	100	15.1888	35.4	55.3
GC1003827_F08_NODE_9740_length_1054_cov_1.037756	1	1054	48	1054	100	6.67457	35.5	60
GC1003827_F08_NODE_9741_length_1054_cov_0.466019	1	1054	32	1054	100	4.43264	35.7	60
GC1003827_F08_NODE_9742_length_1053_cov_18.574514	1	1053	1110	1053	100	148.836	35.7	59.2
GC1003827_F08_NODE_9743_length_1053_cov_9.190065	1	1053	485	1053	100	64.9554	35.7	59
GC1003827_F08_NODE_9744_length_1053_cov_6.576674	1	1053	421	1052	99.905	55.8186	35.4	59.2
GC1003827_F08_NODE_9745_length_1053_cov_6.407127	1	1053	491	1053	100	59.2061	35.6	52.9
GC1003827_F08_NODE_9746_length_1053_cov_5.681425	1	1053	332	1053	100	43.6743	35.5	58.7
GC1003827_F08_NODE_9747_length_1053_cov_5.637149	1	1053	282	1052	99.905	38.0722	35.4	58.8
GC1003827_F08_NODE_9748_length_1053_cov_4.750540	1	1053	290	1053	100	37.6382	35.7	57.7
GC1003827_F08_NODE_9749_length_1053_cov_4.042117	1	1053	394	1053	100	40.1975	35.7	44.1
GC1003827_F08_NODE_9750_length_1053_cov_3.998920	1	1053	237	1053	100	30.529	35.6	57.9
GC1003827_F08_NODE_9751_length_1053_cov_3.449244	1	1053	519	1053	100	50.812	34.8	45.4
GC1003827_F08_NODE_9752_length_1053_cov_3.293737	1	1053	289	1053	100	32.0009	35.2	43.9
GC1003827_F08_NODE_9753_length_1053_cov_2.734341	1	1053	321	1053	100	28.5176	35.2	36.8
GC1003827_F08_NODE_9754_length_1053_cov_2.645788	1	1053	440	1050	99.7151	32.7968	34.9	20.2
GC1003827_F08_NODE_9755_length_1053_cov_2.566955	1	1053	232	1053	100	22.0228	35.3	31.8
GC1003827_F08_NODE_9756_length_1053_cov_2.213823	1	1053	397	1053	100	30.0171	34	20
GC1003827_F08_NODE_9757_length_1053_cov_1.286177	1	1053	61	1053	100	8.54986	35.8	59.5
GC1003827_F08_NODE_9758_length_1053_cov_1.237581	1	1053	92	1052	99.905	10.3808	35.4	56.7
GC1003827_F08_NODE_9759_length_1052_cov_17.728649	1	1052	1084	1052	100	142.576	35.4	56.4
GC1003827_F08_NODE_9760_length_1052_cov_8.296216	1	1052	470	1052	100	62.1293	35.7	58.3
GC1003827_F08_NODE_9761_length_1052_cov_5.301622	1	1052	281	1052	100	37.8194	35.6	59.3
GC1003827_F08_NODE_9762_length_1052_cov_5.144865	1	1052	406	1052	100	47.847	35.8	55.2
GC1003827_F08_NODE_9763_length_1052_cov_4.321081	1	1052	245	1052	100	31.9762	35.6	58.9
GC1003827_F08_NODE_9764_length_1052_cov_4.127568	1	1052	682	1052	100	49.7595	35.4	28.8
GC1003827_F08_NODE_9765_length_1052_cov_3.190270	1	1052	203	1052	100	25.3669	35.1	56.9
GC1003827_F08_NODE_9766_length_1052_cov_3.047568	1	1052	181	1018	96.7681	23.327	35.4	58.2
GC1003827_F08_NODE_9767_length_1052_cov_2.201081	1	1052	128	1051	99.9049	16.8755	35.6	59.6
GC1003827_F08_NODE_9768_length_1052_cov_1.484324	1	1052	121	1052	100	13.4829	35.6	53.2
GC1003827_F08_NODE_9769_length_1052_cov_1.455135	1	1052	82	1052	100	10.5428	35.7	57.1
GC1003827_F08_NODE_9770_length_1052_cov_1.296216	1	1052	445	1052	100	31.3137	34.4	15.6
GC1003827_F08_NODE_9771_length_1052_cov_0.790270	1	1052	61	1051	99.9049	7.05133	35.7	47.4
GC1003827_F08_NODE_9772_length_1051_cov_8.483766	1	1051	459	1051	100	60.7678	35.6	58.5
GC1003827_F08_NODE_9773_length_1051_cov_8.419913	1	1051	463	1045	99.4291	61.843	35.8	58.2
GC1003827_F08_NODE_9774_length_1051_cov_8.216450	1	1051	423	1051	100	57.8563	35.5	58.9
GC1003827_F08_NODE_9775_length_1051_cov_7.104978	1	1051	493	1051	100	62.254	35	57.7
GC1003827_F08_NODE_9776_length_1051_cov_6.204545	1	1051	619	1051	100	64.3616	35.4	43.5
GC1003827_F08_NODE_9777_length_1051_cov_5.581169	1	1051	292	1051	100	39.0761	35.7	57.8
GC1003827_F08_NODE_9778_length_1051_cov_4.888528	1	1051	250	1051	100	33.8164	35.3	59.1
GC1003827_F08_NODE_9779_length_1051_cov_4.555195	1	1051	233	1049	99.8097	31.844	35.3	58.9
GC1003827_F08_NODE_9780_length_1051_cov_4.132035	1	1051	356	1051	100	41.9505	35.6	56.1
GC1003827_F08_NODE_9781_length_1051_cov_4.086580	1	1051	228	1051	100	30.0409	35.7	57
GC1003827_F08_NODE_9782_length_1051_cov_3.199134	1	1051	277	1051	100	27.3739	35.2	38.3
GC1003827_F08_NODE_9783_length_1051_cov_3.003247	1	1051	196	1051	100	23.3283	35.5	50.2
GC1003827_F08_NODE_9784_length_1051_cov_2.510823	1	1051	288	1051	100	35.746	35.4	42.5
GC1003827_F08_NODE_9785_length_1050_cov_12.009751	1	1050	860	1050	100	108.055	35.6	55.2
GC1003827_F08_NODE_9786_length_1050_cov_11.351029	1	1050	585	1050	100	77.8848	35.9	58.4
GC1003827_F08_NODE_9787_length_1050_cov_10.126761	1	1050	544	1050	100	71.9495	35.5	58.5
GC1003827_F08_NODE_9788_length_1050_cov_8.983749	1	1050	441	1050	100	60.5114	35.7	58.6
GC1003827_F08_NODE_9789_length_1050_cov_6.463705	1	1050	620	1050	100	80.1152	35.5	58.6
GC1003827_F08_NODE_9790_length_1050_cov_6.267606	1	1050	388	1048	99.8095	47.5762	35.6	55.8
GC1003827_F08_NODE_9791_length_1050_cov_4.476706	1	1050	275	1050	100	36.4943	35.8	58.3
GC1003827_F08_NODE_9792_length_1050_cov_4.133261	1	1050	214	1050	100	28.3229	35.7	58.5
GC1003827_F08_NODE_9793_length_1050_cov_3.167931	1	1050	196	1050	100	25.4276	35.9	57.2
GC1003827_F08_NODE_9794_length_1050_cov_2.746479	1	1050	129	1050	100	17.9038	35.7	59
GC1003827_F08_NODE_9795_length_1050_cov_2.148429	1	1050	118	1050	100	15.7733	35.7	58.8
GC1003827_F08_NODE_9796_length_1050_cov_1.895991	1	1050	106	1050	100	13.8248	35.7	58.6
GC1003827_F08_NODE_9797_length_1050_cov_1.213434	1	1050	63	1050	100	8.69714	35.5	59.1
GC1003827_F08_NODE_9798_length_1049_cov_9.836226	1	1049	535	1049	100	72.2374	35.2	58.7
GC1003827_F08_NODE_9799_length_1049_cov_4.608460	1	1049	414	1049	100	46.1868	34.9	50
GC1003827_F08_NODE_9800_length_1049_cov_3.386117	1	1049	184	1049	100	24.775	35.9	59.3
GC1003827_F08_NODE_9801_length_1049_cov_3.363341	1	1049	345	1049	100	37.9685	34.5	49.2
GC1003827_F08_NODE_9802_length_1049_cov_3.195228	1	1049	253	1049	100	31.0686	35.7	57.4
GC1003827_F08_NODE_9803_length_1048_cov_13.783931	1	1048	930	1048	100	114.531	35.6	51.7
GC1003827_F08_NODE_9804_length_1048_cov_8.589577	1	1048	945	1047	99.9046	88.5792	35.1	34
GC1003827_F08_NODE_9805_length_1048_cov_7.156352	1	1048	619	1048	100	74.542	35.3	56.5
GC1003827_F08_NODE_9806_length_1048_cov_6.347448	1	1048	473	1044	99.6183	56.2462	35.3	53.9
GC1003827_F08_NODE_9807_length_1048_cov_5.373507	1	1048	343	1048	100	44.2824	35.5	58.7
GC1003827_F08_NODE_9808_length_1048_cov_4.216069	1	1048	214	1048	100	29.4513	35.4	59.5
GC1003827_F08_NODE_9809_length_1048_cov_4.109663	1	1048	219	1045	99.7137	29.9656	35.5	59.5
GC1003827_F08_NODE_9810_length_1048_cov_3.920738	1	1048	231	1048	100	29.3311	35.5	56.8
GC1003827_F08_NODE_9811_length_1048_cov_3.716612	1	1048	521	1048	100	46.2042	34.8	38.3
GC1003827_F08_NODE_9812_length_1048_cov_3.547231	1	1048	221	1048	100	26.7662	35.6	53
GC1003827_F08_NODE_9813_length_1048_cov_2.471227	1	1048	118	1048	100	16.3006	35.4	59.4
GC1003827_F08_NODE_9814_length_1048_cov_2.440825	1	1048	148	1048	100	19.5468	35.5	57.2
GC1003827_F08_NODE_9815_length_1048_cov_1.289902	1	1048	70	1048	100	8.6374	35.6	54.9
GC1003827_F08_NODE_9816_length_1047_cov_9.034783	1	1047	508	1047	100	67.6839	35.7	58.1
GC1003827_F08_NODE_9817_length_1047_cov_8.481522	1	1047	489	1047	100	63.1538	36	57.9
GC1003827_F08_NODE_9818_length_1047_cov_2.558696	1	1047	167	1047	100	19.5874	35.3	52.6
GC1003827_F08_NODE_9819_length_1047_cov_1.752174	1	1047	95	1045	99.809	12.893	36	60
GC1003827_F08_NODE_9820_length_1047_cov_1.700000	1	1047	156	1047	100	18.7278	35.1	55.2
GC1003827_F08_NODE_9821_length_1047_cov_1.671739	1	1047	82	1047	100	11.66	35.4	60
GC1003827_F08_NODE_9822_length_1047_cov_1.368478	1	1047	56	1038	99.1404	7.86915	35.7	57.9
GC1003827_F08_NODE_9823_length_1047_cov_1.230435	1	1047	80	1047	100	9.92359	34.9	57.6
GC1003827_F08_NODE_9824_length_1046_cov_27.182807	1	1046	2069	1046	100	264.766	34.9	57.8
GC1003827_F08_NODE_9825_length_1046_cov_7.645267	1	1046	405	1046	100	54.0411	35.7	58.9
GC1003827_F08_NODE_9826_length_1046_cov_6.207835	1	1046	320	1046	100	43.3394	35.8	58.5
GC1003827_F08_NODE_9827_length_1046_cov_5.875952	1	1046	411	1046	100	49.6185	35.5	52.3
GC1003827_F08_NODE_9828_length_1046_cov_5.041349	1	1046	227	1046	100	31.6061	35.8	59.7
GC1003827_F08_NODE_9829_length_1046_cov_4.487486	1	1046	422	1046	100	50.1912	34.9	55.9
GC1003827_F08_NODE_9830_length_1046_cov_4.067465	1	1046	309	1046	100	35.6396	35.5	51.4
GC1003827_F08_NODE_9831_length_1046_cov_3.686616	1	1046	325	1046	100	35.1568	34.8	41.4
GC1003827_F08_NODE_9832_length_1046_cov_3.634385	1	1046	189	1046	100	25.4933	35.8	58.8
GC1003827_F08_NODE_9833_length_1046_cov_2.848749	1	1046	220	1035	98.9484	26.0402	35.1	53
GC1003827_F08_NODE_9834_length_1046_cov_2.711643	1	1046	165	1046	100	21.6138	35.5	56.4
GC1003827_F08_NODE_9835_length_1046_cov_2.482046	1	1046	169	1046	100	19.6099	35.5	50.3
GC1003827_F08_NODE_9836_length_1046_cov_2.011970	1	1046	91	1046	100	12.8193	35.4	59.7
GC1003827_F08_NODE_9837_length_1046_cov_1.730141	1	1046	95	1046	100	12.5612	35.2	58.3
GC1003827_F08_NODE_9838_length_1046_cov_1.373232	1	1046	74	1046	100	9.84799	35	56.8
GC1003827_F08_NODE_9839_length_1046_cov_1.223069	1	1046	79	1046	100	9.49618	36	53.7
GC1003827_F08_NODE_9840_length_1046_cov_0.677911	1	1046	31	1046	100	4.39197	35.6	60
GC1003827_F08_NODE_9841_length_1045_cov_16.247277	1	1045	1062	1045	100	134.314	35.5	56.1
GC1003827_F08_NODE_9842_length_1045_cov_14.266885	1	1045	977	1045	100	118.471	35.4	54.5
GC1003827_F08_NODE_9843_length_1045_cov_12.090414	1	1045	43045	1043	99.8086	1409.54	35.1	4.16
GC1003827_F08_NODE_9844_length_1045_cov_6.532680	1	1045	461	1045	100	59.6153	35.3	58
GC1003827_F08_NODE_9845_length_1045_cov_5.835512	1	1045	289	1045	100	38.3397	35.5	56.5
GC1003827_F08_NODE_9846_length_1045_cov_5.777778	1	1045	344	1045	100	45.8258	36.1	58.9
GC1003827_F08_NODE_9847_length_1045_cov_2.786492	1	1045	230	1045	100	26.9742	34.9	56.4
GC1003827_F08_NODE_9848_length_1045_cov_2.498911	1	1045	123	1045	100	17.0402	35.4	59.1
GC1003827_F08_NODE_9849_length_1045_cov_0.376906	1	1045	210	1042	99.7129	25.1263	35.1	47.5
GC1003827_F08_NODE_9850_length_1044_cov_16.737186	1	1044	1359	1044	100	164.351	35.2	57.1
GC1003827_F08_NODE_9851_length_1044_cov_8.201745	1	1044	580	1044	100	68.1456	35.5	55.9
GC1003827_F08_NODE_9852_length_1044_cov_6.250818	1	1044	376	1044	100	51.5632	35.6	59.4
GC1003827_F08_NODE_9853_length_1044_cov_4.628135	1	1044	246	1044	100	33.8094	35.8	59.1
GC1003827_F08_NODE_9854_length_1044_cov_4.604144	1	1044	272	1044	100	33.9808	35.3	55.6
GC1003827_F08_NODE_9855_length_1044_cov_4.086150	1	1044	282	1044	100	36.0536	35.8	58.1
GC1003827_F08_NODE_9856_length_1044_cov_4.073064	1	1044	253	1044	100	33.9157	35.9	59.6
GC1003827_F08_NODE_9857_length_1044_cov_1.516903	1	1044	73	1044	100	10.0508	35.2	59
GC1003827_F08_NODE_9858_length_1044_cov_0.940022	1	1044	78	1044	100	7.65996	35.5	39.1
GC1003827_F08_NODE_9859_length_1043_cov_16.935590	1	1043	902	1043	100	121.165	35.7	55.9
GC1003827_F08_NODE_9860_length_1043_cov_13.315502	1	1043	1064	1043	100	127.303	35.7	56.8
GC1003827_F08_NODE_9861_length_1043_cov_9.629913	1	1043	568	1043	100	72.3509	35.7	55.6
GC1003827_F08_NODE_9862_length_1043_cov_8.111354	1	1043	448	1043	100	59.5292	35.6	58.6
GC1003827_F08_NODE_9863_length_1043_cov_7.888646	1	1043	495	1043	100	60.7593	35.4	49.3
GC1003827_F08_NODE_9864_length_1043_cov_6.507642	1	1043	347	1043	100	48.3538	35.8	59.4
GC1003827_F08_NODE_9865_length_1043_cov_5.661572	1	1043	344	1043	100	44.3365	35.7	56.6
GC1003827_F08_NODE_9866_length_1043_cov_3.262009	1	1043	293	1043	100	30.023	35.8	41.6
GC1003827_F08_NODE_9867_length_1043_cov_3.204148	1	1043	359	1043	100	29.5542	36.1	44.4
GC1003827_F08_NODE_9868_length_1043_cov_2.680131	1	1043	2519	1043	100	144.007	30.5	13.2
GC1003827_F08_NODE_9869_length_1043_cov_2.001092	1	1043	127	1033	99.0412	16.1659	35.7	58
GC1003827_F08_NODE_9870_length_1043_cov_1.393013	1	1043	115	1040	99.7124	10.581	35.8	52.1
GC1003827_F08_NODE_9871_length_1043_cov_1.325328	1	1043	64	1043	100	9.09204	35.1	60
GC1003827_F08_NODE_9872_length_1043_cov_0.732533	1	1043	36	1043	100	5.06807	35.4	60
GC1003827_F08_NODE_9873_length_1042_cov_18.626230	1	1042	2086	1042	100	212.572	35	33.2
GC1003827_F08_NODE_9874_length_1042_cov_6.121311	1	1042	296	1042	100	40.476	35.8	59.5
GC1003827_F08_NODE_9875_length_1042_cov_2.577049	1	1042	272	1042	100	25.4952	34	37.9
GC1003827_F08_NODE_9876_length_1042_cov_2.549727	1	1042	146	1042	100	19.2342	36	57
GC1003827_F08_NODE_9877_length_1042_cov_2.514754	1	1042	134	1040	99.8081	18.214	35.7	58.6
GC1003827_F08_NODE_9878_length_1042_cov_2.288525	1	1042	137	1042	100	18.0797	35.4	57.5
GC1003827_F08_NODE_9879_length_1042_cov_1.765027	1	1042	98	1042	100	12.9789	35.6	58.8
GC1003827_F08_NODE_9880_length_1042_cov_1.486339	1	1042	77	1042	100	10.2217	35.2	57.7
GC1003827_F08_NODE_9881_length_1042_cov_1.096175	1	1042	253	1042	100	28.8388	35	34.5
GC1003827_F08_NODE_9882_length_1042_cov_0.577049	1	1042	25	1042	100	3.4856	35.9	59.2
GC1003827_F08_NODE_9883_length_1041_cov_21.251641	1	1041	1206	1039	99.8079	160.335	35.7	57.7
GC1003827_F08_NODE_9884_length_1041_cov_9.703501	1	1041	591	1041	100	75.9395	35.7	56.6
GC1003827_F08_NODE_9885_length_1041_cov_6.833698	1	1041	598	1041	100	70.2824	35.8	55.4
GC1003827_F08_NODE_9886_length_1041_cov_4.912473	1	1041	296	1041	100	38.611	35.5	56.5
GC1003827_F08_NODE_9887_length_1041_cov_4.233042	1	1041	320	1041	100	41.0692	35.4	58.6
GC1003827_F08_NODE_9888_length_1041_cov_3.205689	1	1041	5655	1041	100	538.453	33.7	17.6
GC1003827_F08_NODE_9889_length_1041_cov_2.661926	1	1041	184	1041	100	23.6551	35.2	57.3
GC1003827_F08_NODE_9890_length_1041_cov_2.271335	1	1041	113	1041	100	15.3276	35.3	58.7
GC1003827_F08_NODE_9891_length_1041_cov_1.195842	1	1041	67	1041	100	8.93084	35.8	59
GC1003827_F08_NODE_9892_length_1040_cov_22.613363	1	1040	1164	1038	99.8077	159.885	35.6	59.1
GC1003827_F08_NODE_9893_length_1040_cov_7.350493	1	1040	507	1040	100	66.8077	35.7	57.3
GC1003827_F08_NODE_9894_length_1040_cov_6.621030	1	1040	636	1040	100	64.4115	35.2	43.8
GC1003827_F08_NODE_9895_length_1040_cov_5.629792	1	1040	371	1040	100	47.8663	35.6	57.7
GC1003827_F08_NODE_9896_length_1040_cov_4.905805	1	1040	265	1040	100	35.3798	35.5	58.7
GC1003827_F08_NODE_9897_length_1040_cov_3.814896	1	1040	209	1040	100	28.1471	35.7	58.3
GC1003827_F08_NODE_9898_length_1040_cov_3.162103	1	1040	161	1040	100	22.1952	35.6	59.6
GC1003827_F08_NODE_9899_length_1040_cov_2.292442	1	1040	121	1040	100	15.3288	35.8	53.6
GC1003827_F08_NODE_9900_length_1040_cov_1.737130	1	1040	191	1040	100	19.8663	35.8	51.5
GC1003827_F08_NODE_9901_length_1040_cov_1.573932	1	1040	156	1040	100	15.7596	35.4	39.5
GC1003827_F08_NODE_9902_length_1040_cov_1.545455	1	1040	84	1040	100	10.6125	35.8	55.8
GC1003827_F08_NODE_9903_length_1040_cov_1.416210	1	1040	127	1040	100	14.4423	35.4	51.2
GC1003827_F08_NODE_9904_length_1040_cov_0.799562	1	1040	38	1040	100	5.34135	35.5	60
GC1003827_F08_NODE_9905_length_1039_cov_11.870614	1	1039	654	1039	100	81.8335	35.5	52.3
GC1003827_F08_NODE_9906_length_1039_cov_9.650219	1	1039	666	1039	100	80.2271	35.5	53.2
GC1003827_F08_NODE_9907_length_1039_cov_5.248904	1	1039	250	1039	100	34.8325	35.8	59.7
GC1003827_F08_NODE_9908_length_1039_cov_4.673246	1	1039	264	1039	100	34.9644	35.7	58.5
GC1003827_F08_NODE_9909_length_1039_cov_4.107456	1	1039	225	1039	100	30.3157	35.7	58.1
GC1003827_F08_NODE_9910_length_1039_cov_3.899123	1	1039	219	1039	100	29.4418	35.7	59.4
GC1003827_F08_NODE_9911_length_1039_cov_3.410088	1	1039	308	1038	99.9038	33.5938	35.8	53.6
GC1003827_F08_NODE_9912_length_1039_cov_2.774123	1	1039	290	1039	100	30.8065	35.3	43.8
GC1003827_F08_NODE_9913_length_1038_cov_17.322722	1	1038	1194	1038	100	151.842	35.5	57.2
GC1003827_F08_NODE_9914_length_1038_cov_13.991218	1	1038	720	1038	100	98.9008	35	59.3
GC1003827_F08_NODE_9915_length_1038_cov_8.900110	1	1038	502	1038	100	66.1484	35.5	58.5
GC1003827_F08_NODE_9916_length_1038_cov_7.518112	1	1038	470	1038	100	60.7813	35.5	58.4
GC1003827_F08_NODE_9917_length_1038_cov_3.980241	1	1038	316	1038	100	38.842	35.6	55.7
GC1003827_F08_NODE_9918_length_1038_cov_3.895719	1	1038	203	1038	100	28.342	35.3	59.8
GC1003827_F08_NODE_9919_length_1038_cov_3.594951	1	1038	242	1037	99.9037	27.9316	34.2	48.7
GC1003827_F08_NODE_9920_length_1038_cov_3.436883	1	1038	400	1034	99.6146	45.2726	34.5	55.5
GC1003827_F08_NODE_9921_length_1038_cov_3.274424	1	1038	172	1036	99.8073	23.0491	35.4	57.9
GC1003827_F08_NODE_9922_length_1038_cov_3.233809	1	1038	177	1038	100	23.2071	35.6	56.6
GC1003827_F08_NODE_9923_length_1038_cov_3.031833	1	1038	159	1038	100	21.7919	35.4	59.3
GC1003827_F08_NODE_9924_length_1038_cov_2.849616	1	1038	146	1035	99.711	20.3507	35.5	58.9
GC1003827_F08_NODE_9925_length_1038_cov_2.076839	1	1038	194	1038	100	22.683	35.7	52.9
GC1003827_F08_NODE_9926_length_1038_cov_1.493963	1	1038	96	1038	100	11.8064	35.6	54.9
GC1003827_F08_NODE_9927_length_1038_cov_1.317234	1	1038	100	1038	100	11.5356	35.5	53
GC1003827_F08_NODE_9928_length_1038_cov_1.298573	1	1038	104	1038	100	10.6503	35.5	41.2
GC1003827_F08_NODE_9929_length_1038_cov_1.285401	1	1038	114	1038	100	14.0289	35.4	46.7
GC1003827_F08_NODE_9930_length_1037_cov_11.800000	1	1037	761	1037	100	94.6278	35.4	55.8
GC1003827_F08_NODE_9931_length_1037_cov_4.434066	1	1037	229	1037	100	30.3067	35.2	54
GC1003827_F08_NODE_9932_length_1037_cov_3.104396	1	1037	260	1037	100	30.4108	35.3	51.4
GC1003827_F08_NODE_9933_length_1037_cov_2.960440	1	1037	175	1037	100	23.1263	35.4	58.3
GC1003827_F08_NODE_9934_length_1037_cov_2.714286	1	1037	156	1037	100	20.3298	35.4	57.7
GC1003827_F08_NODE_9935_length_1037_cov_2.675824	1	1037	147	1037	100	20.0849	36	58
GC1003827_F08_NODE_9936_length_1037_cov_1.679121	1	1037	141	1037	100	15.0781	35.5	49.6
GC1003827_F08_NODE_9937_length_1036_cov_9.961496	1	1036	651	1036	100	83.1815	35.2	57.6
GC1003827_F08_NODE_9938_length_1036_cov_8.092409	1	1036	511	1036	100	67.2896	35.5	57
GC1003827_F08_NODE_9939_length_1036_cov_4.529153	1	1036	545	1033	99.7104	53.4112	35	44.2
GC1003827_F08_NODE_9940_length_1036_cov_4.187019	1	1036	283	1036	100	33.334	36	55.9
GC1003827_F08_NODE_9941_length_1036_cov_2.837184	1	1036	135	1036	100	18.5608	35.5	58.8
GC1003827_F08_NODE_9942_length_1036_cov_2.386139	1	1036	148	1036	100	18.8909	35.8	55.7
GC1003827_F08_NODE_9943_length_1036_cov_2.173817	1	1036	132	1036	100	16.6226	35.7	57.6
GC1003827_F08_NODE_9944_length_1036_cov_2.173817	1	1036	414	1036	100	36.0676	34.6	25.3
GC1003827_F08_NODE_9945_length_1036_cov_1.327833	1	1036	104	1036	100	12.5869	36	55
GC1003827_F08_NODE_9946_length_1035_cov_5.016520	1	1035	259	1035	100	33.9391	35.5	56.7
GC1003827_F08_NODE_9947_length_1035_cov_3.798458	1	1035	213	1035	100	28.5816	35.8	58.3
GC1003827_F08_NODE_9948_length_1035_cov_3.115639	1	1035	289	1035	100	34.2802	34.6	56
GC1003827_F08_NODE_9949_length_1035_cov_2.863436	1	1035	178	1035	100	21.7498	35.2	49.4
GC1003827_F08_NODE_9950_length_1035_cov_0.995595	1	1035	46	1035	100	6.63382	35.4	60
GC1003827_F08_NODE_9951_length_1034_cov_11.673649	1	1034	756	1034	100	96.2911	35.5	55.2
GC1003827_F08_NODE_9952_length_1034_cov_7.861080	1	1034	602	1034	100	75.6199	35.2	57
GC1003827_F08_NODE_9953_length_1034_cov_6.873208	1	1034	478	1034	100	59.0213	35.5	51.9
GC1003827_F08_NODE_9954_length_1034_cov_6.417861	1	1034	395	1034	100	52.7031	35.4	58.9
GC1003827_F08_NODE_9955_length_1034_cov_6.413451	1	1034	383	1034	100	49.7544	35.8	58
GC1003827_F08_NODE_9956_length_1034_cov_6.045204	1	1034	331	1034	100	45.7099	36	59.6
GC1003827_F08_NODE_9957_length_1034_cov_5.662624	1	1034	298	1034	100	40.765	35.3	59.5
GC1003827_F08_NODE_9958_length_1034_cov_4.985667	1	1034	264	1034	100	35.1692	35.8	57.4
GC1003827_F08_NODE_9959_length_1034_cov_4.051819	1	1034	454	1034	100	47.4178	35.4	43.9
GC1003827_F08_NODE_9960_length_1034_cov_4.006615	1	1034	279	1034	100	32.8617	35.6	50.3
GC1003827_F08_NODE_9961_length_1034_cov_3.378170	1	1034	198	1034	100	25.1074	35.7	57.2
GC1003827_F08_NODE_9962_length_1034_cov_2.241455	1	1034	138	1034	100	18.1006	34.7	56.9
GC1003827_F08_NODE_9963_length_1034_cov_2.000000	1	1034	125	1034	100	16.4855	36.1	57.8
GC1003827_F08_NODE_9964_length_1034_cov_1.441014	1	1034	923	1034	100	53.8675	34.2	11.8
GC1003827_F08_NODE_9965_length_1033_cov_11.005519	1	1033	665	1033	100	86.4182	35.3	57.6
GC1003827_F08_NODE_9966_length_1033_cov_3.928256	1	1033	276	1033	100	35.453	35.7	56.3
GC1003827_F08_NODE_9967_length_1033_cov_1.760486	1	1033	112	1033	100	14.7648	35.4	58.3
GC1003827_F08_NODE_9968_length_1033_cov_0.950331	1	1033	83	1033	100	8.18877	35.8	40.9
GC1003827_F08_NODE_9969_length_1033_cov_0.738411	1	1033	50	1033	100	6.08132	35.5	58.6
GC1003827_F08_NODE_9970_length_1032_cov_8.832044	1	1032	460	1032	100	61.0116	35.8	55.1
GC1003827_F08_NODE_9971_length_1032_cov_6.923757	1	1032	505	1032	100	60.9283	35.6	56.3
GC1003827_F08_NODE_9972_length_1032_cov_4.587845	1	1032	210	1032	100	29.281	35.7	58.6
GC1003827_F08_NODE_9973_length_1032_cov_4.439779	1	1032	245	1030	99.8062	32.5998	35.8	58.9
GC1003827_F08_NODE_9974_length_1032_cov_3.176796	1	1032	252	1032	100	29.4109	35.9	55.6
GC1003827_F08_NODE_9975_length_1032_cov_2.944751	1	1032	180	1032	100	24.8905	35.4	58.3
GC1003827_F08_NODE_9976_length_1032_cov_2.788950	1	1032	143	1032	100	19.4903	35.7	57.2
GC1003827_F08_NODE_9977_length_1032_cov_2.619890	1	1032	183	1030	99.8062	23.1376	35.5	57.2
GC1003827_F08_NODE_9978_length_1032_cov_2.114917	1	1032	125	1022	99.031	16.8547	35.7	58.4
GC1003827_F08_NODE_9979_length_1032_cov_1.649724	1	1032	82	1032	100	10.8953	35.7	56.1
GC1003827_F08_NODE_9980_length_1032_cov_1.286188	1	1032	55	1032	100	7.92829	34.8	60
GC1003827_F08_NODE_9981_length_1031_cov_4.960177	1	1031	234	1031	100	32.7226	35.7	59.9
GC1003827_F08_NODE_9982_length_1031_cov_4.893805	1	1031	248	1031	100	34.6004	35.8	59.4
GC1003827_F08_NODE_9983_length_1031_cov_4.311947	1	1031	253	1031	100	34.6537	35.7	58.8
GC1003827_F08_NODE_9984_length_1031_cov_3.259956	1	1031	329	1031	100	42.644	35.2	47.9
GC1003827_F08_NODE_9985_length_1031_cov_3.207965	1	1031	224	1031	100	26.8788	34.9	52.3
GC1003827_F08_NODE_9986_length_1031_cov_3.027655	1	1031	380	1031	100	49.8914	35.4	49.8
GC1003827_F08_NODE_9987_length_1031_cov_3.007743	1	1031	204	1031	100	25.2473	35.6	52.2
GC1003827_F08_NODE_9988_length_1031_cov_2.655973	1	1031	268	1031	100	21.84	35.6	29.7
GC1003827_F08_NODE_9989_length_1031_cov_2.622788	1	1031	158	1031	100	20.3666	35.9	57.3
GC1003827_F08_NODE_9990_length_1031_cov_2.310841	1	1031	200	1031	100	20.6469	35.7	46.3
GC1003827_F08_NODE_9991_length_1031_cov_1.237832	1	1031	59	1031	100	8.16392	35.8	58.7
GC1003827_F08_NODE_9992_length_1031_cov_0.777655	1	1031	58	1031	100	6.54413	35.5	48.4
GC1003827_F08_NODE_9993_length_1031_cov_0.503319	1	1031	27	1021	99.0301	3.68574	35.4	60
GC1003827_F08_NODE_9994_length_1030_cov_12.828350	1	1030	642	1030	100	88.3505	35.7	59
GC1003827_F08_NODE_9995_length_1030_cov_9.464009	1	1030	616	1030	100	82.9437	35.7	58.3
GC1003827_F08_NODE_9996_length_1030_cov_4.775194	1	1030	427	1030	100	47.868	35.1	44.8
GC1003827_F08_NODE_9997_length_1030_cov_4.074197	1	1030	277	1028	99.8058	35.2534	35.6	57.3
GC1003827_F08_NODE_9998_length_1030_cov_3.820598	1	1030	1055	1030	100	125.791	35.9	26.9
GC1003827_F08_NODE_9999_length_1030_cov_3.794020	1	1030	213	1030	100	27.7369	35.9	53.9
GC1003827_F08_NODE_10000_length_1030_cov_3.118494	1	1030	271	1030	100	32.5748	35.3	55
GC1003827_F08_NODE_10001_length_1030_cov_2.894795	1	1030	173	1030	100	22.2058	35.8	57
GC1003827_F08_NODE_10002_length_1030_cov_1.852713	1	1030	424	1030	100	29.5068	34.9	25.8
GC1003827_F08_NODE_10003_length_1029_cov_18.798226	1	1029	1235	1029	100	157.434	35.5	54.7
GC1003827_F08_NODE_10004_length_1029_cov_10.371397	1	1029	647	1029	100	85.0612	34.9	57.7
GC1003827_F08_NODE_10005_length_1029_cov_6.731707	1	1029	339	1029	100	46.8115	35.4	59
GC1003827_F08_NODE_10006_length_1029_cov_4.437916	1	1029	430	1029	100	50.7668	35.3	55.9
GC1003827_F08_NODE_10007_length_1029_cov_4.382483	1	1029	200	1029	100	28.6453	35.8	59.6
GC1003827_F08_NODE_10008_length_1029_cov_4.109756	1	1029	351	1029	100	41.1798	35.7	53.8
GC1003827_F08_NODE_10009_length_1029_cov_3.945676	1	1029	305	1029	100	35.379	34.8	54.4
GC1003827_F08_NODE_10010_length_1029_cov_2.068736	1	1029	122	1029	100	15.7104	35.4	58.3
GC1003827_F08_NODE_10011_length_1029_cov_1.894678	1	1029	146	1025	99.6113	15.5228	35.4	54.7
GC1003827_F08_NODE_10012_length_1029_cov_1.472284	1	1029	72	1029	100	10.3022	35.8	60
GC1003827_F08_NODE_10013_length_1029_cov_0.931264	1	1029	67	1021	99.2225	7.90671	35.4	53.5
GC1003827_F08_NODE_10014_length_1029_cov_0.843681	1	1029	63	1029	100	6.49174	35.3	45.1
GC1003827_F08_NODE_10015_length_1029_cov_0.703991	1	1029	38	1029	100	5.30709	35.3	60
GC1003827_F08_NODE_10016_length_1028_cov_14.286349	1	1028	2351	1028	100	262.589	33.6	48
GC1003827_F08_NODE_10017_length_1028_cov_13.950055	1	1028	850	1028	100	109.175	35.7	54
GC1003827_F08_NODE_10018_length_1028_cov_10.098779	1	1028	633	1028	100	77.2033	35.3	51.1
GC1003827_F08_NODE_10019_length_1028_cov_9.814650	1	1028	615	1028	100	81.7782	35.5	58.6
GC1003827_F08_NODE_10020_length_1028_cov_7.047725	1	1028	408	1028	100	54.4329	35.3	57.6
GC1003827_F08_NODE_10021_length_1028_cov_5.275250	1	1028	332	1028	100	43.1829	35.8	58
GC1003827_F08_NODE_10022_length_1028_cov_5.118757	1	1028	323	1028	100	40.607	35.6	57
GC1003827_F08_NODE_10023_length_1028_cov_4.884573	1	1028	289	1028	100	38.9407	35.6	57.9
GC1003827_F08_NODE_10024_length_1028_cov_4.446171	1	1028	586	1028	100	63.0885	35.2	54.8
GC1003827_F08_NODE_10025_length_1028_cov_3.576027	1	1028	217	1028	100	29.0535	35.4	58.6
GC1003827_F08_NODE_10026_length_1028_cov_2.574917	1	1028	205	1020	99.2218	23.5924	35.2	52.7
GC1003827_F08_NODE_10027_length_1028_cov_2.340733	1	1028	123	1028	100	17.1109	35.6	59.1
GC1003827_F08_NODE_10028_length_1028_cov_2.334073	1	1028	146	1028	100	20.0068	35.8	59.5
GC1003827_F08_NODE_10029_length_1028_cov_1.432852	1	1028	80	1028	100	10.2558	35.5	57.9
GC1003827_F08_NODE_10030_length_1028_cov_1.302997	1	1028	80	1026	99.8054	10.3706	35	58.3
GC1003827_F08_NODE_10031_length_1028_cov_1.006659	1	1028	68	1028	100	8.58171	35.5	53.1
GC1003827_F08_NODE_10032_length_1027_cov_19.092222	1	1027	1523	1027	100	184.294	35.3	52.8
GC1003827_F08_NODE_10033_length_1027_cov_13.678889	1	1027	862	1027	100	110.718	35.5	55.9
GC1003827_F08_NODE_10034_length_1027_cov_6.972222	1	1027	408	1027	100	52.4732	35.7	55.2
GC1003827_F08_NODE_10035_length_1027_cov_5.511111	1	1027	266	1027	100	37.1402	35.5	59.2
GC1003827_F08_NODE_10036_length_1027_cov_3.321111	1	1027	257	1027	100	30.9426	36.1	56.4
GC1003827_F08_NODE_10037_length_1027_cov_2.287778	1	1027	127	1027	100	15.6446	35.4	53.5
GC1003827_F08_NODE_10038_length_1027_cov_1.943333	1	1027	366	1021	99.4158	44.4187	35.8	58.3
GC1003827_F08_NODE_10039_length_1027_cov_1.437778	1	1027	65	1027	100	9.05258	36	59.6
GC1003827_F08_NODE_10040_length_1027_cov_1.208889	1	1027	74	1027	100	10.2035	35.9	60
GC1003827_F08_NODE_10041_length_1027_cov_0.787778	1	1027	67	1026	99.9026	7.10224	35.3	44.2
GC1003827_F08_NODE_10042_length_1026_cov_13.886541	1	1026	789	1026	100	106.592	35.6	58.3
GC1003827_F08_NODE_10043_length_1026_cov_13.781980	1	1026	851	1026	100	109.804	35.5	57.2
GC1003827_F08_NODE_10044_length_1026_cov_13.375973	1	1026	786	1026	100	103.7	35.7	58.7
GC1003827_F08_NODE_10045_length_1026_cov_12.391546	1	1026	695	1026	100	90.1481	35.4	55
GC1003827_F08_NODE_10046_length_1026_cov_8.437152	1	1026	515	1026	100	67.7329	35.8	57.8
GC1003827_F08_NODE_10047_length_1026_cov_6.332592	1	1026	877	1026	100	102.431	34.7	49.4
GC1003827_F08_NODE_10048_length_1026_cov_6.064516	1	1026	602	1026	100	64.1901	35.1	45.7
GC1003827_F08_NODE_10049_length_1026_cov_4.628476	1	1026	245	1026	100	34.2544	35.1	59.8
GC1003827_F08_NODE_10050_length_1026_cov_4.542825	1	1026	238	1026	100	32.8996	35.7	59.5
GC1003827_F08_NODE_10051_length_1026_cov_4.147942	1	1026	207	1026	100	28.4912	35.6	59.3
GC1003827_F08_NODE_10052_length_1026_cov_2.595106	1	1026	399	1026	100	30.8616	35.5	29
GC1003827_F08_NODE_10053_length_1026_cov_2.321468	1	1026	237	1026	100	20.9581	36	35.5
GC1003827_F08_NODE_10054_length_1026_cov_2.194661	1	1026	132	1026	100	16.7057	35.9	55.8
GC1003827_F08_NODE_10055_length_1026_cov_2.139043	1	1026	102	1026	100	14.1179	36	58.9
GC1003827_F08_NODE_10056_length_1026_cov_2.123471	1	1026	223	1026	100	24.5526	35	47.3
GC1003827_F08_NODE_10057_length_1026_cov_2.050056	1	1026	135	1026	100	18.0731	35	57.8
GC1003827_F08_NODE_10058_length_1026_cov_1.819800	1	1026	102	1025	99.9025	13.6784	35.8	56.4
GC1003827_F08_NODE_10059_length_1026_cov_1.191324	1	1026	62	1017	99.1228	8.67836	34.8	59.6
GC1003827_F08_NODE_10060_length_1026_cov_1.010011	1	1026	52	1026	100	7.35088	35.5	58.8
GC1003827_F08_NODE_10061_length_1025_cov_19.664811	1	1025	1335	1025	100	170.112	35.5	56.7
GC1003827_F08_NODE_10062_length_1025_cov_14.013363	1	1025	742	1025	100	100.92	35.5	58.6
GC1003827_F08_NODE_10063_length_1025_cov_9.924276	1	1025	524	1025	100	69.8488	35.5	56.6
GC1003827_F08_NODE_10064_length_1025_cov_8.612472	1	1025	722	1025	100	83.8654	34.7	46
GC1003827_F08_NODE_10065_length_1025_cov_7.875278	1	1025	455	1025	100	58.4927	35.7	56.6
GC1003827_F08_NODE_10066_length_1025_cov_6.636971	1	1025	435	1025	100	55.3141	35.5	56.9
GC1003827_F08_NODE_10067_length_1025_cov_5.838530	1	1025	347	1025	100	45.2712	35.8	58.4
GC1003827_F08_NODE_10068_length_1025_cov_5.787305	1	1025	361	1025	100	46.7327	35.7	57.7
GC1003827_F08_NODE_10069_length_1025_cov_5.785078	1	1025	554	1023	99.8049	65.321	34.7	54.3
GC1003827_F08_NODE_10070_length_1025_cov_4.994432	1	1025	329	1025	100	41.9639	35.8	59.2
GC1003827_F08_NODE_10071_length_1025_cov_4.905345	1	1025	305	1025	100	40.4049	35.7	57.8
GC1003827_F08_NODE_10072_length_1025_cov_4.580178	1	1025	344	1022	99.7073	42.9385	35.5	55.2
GC1003827_F08_NODE_10073_length_1025_cov_4.484410	1	1025	380	1025	100	45.5785	35.4	56.9
GC1003827_F08_NODE_10074_length_1025_cov_3.219376	1	1025	177	1024	99.9024	23.4966	35.8	57.1
GC1003827_F08_NODE_10075_length_1025_cov_2.971047	1	1025	166	1025	100	23.1844	35.5	59
GC1003827_F08_NODE_10076_length_1025_cov_2.734967	1	1025	247	1025	100	29.8059	35.5	57.4
GC1003827_F08_NODE_10077_length_1025_cov_2.471047	1	1025	391	1025	100	32.5063	34.7	25.7
GC1003827_F08_NODE_10078_length_1025_cov_2.136971	1	1025	98	1025	100	14.0429	35.7	60
GC1003827_F08_NODE_10079_length_1025_cov_1.174833	1	1025	74	1025	100	9.89951	35.3	58.6
GC1003827_F08_NODE_10080_length_1024_cov_5.102564	1	1024	278	1024	100	37.9199	35.7	58.6
GC1003827_F08_NODE_10081_length_1024_cov_3.308807	1	1024	198	1024	100	25.6406	36.2	58.4
GC1003827_F08_NODE_10082_length_1024_cov_2.739130	1	1024	201	1024	100	25.4961	35.9	58
GC1003827_F08_NODE_10083_length_1024_cov_2.532887	1	1024	1226	1024	100	90.9375	34.3	18.5
GC1003827_F08_NODE_10084_length_1024_cov_1.412486	1	1024	65	1024	100	9.21582	35.2	58.9
GC1003827_F08_NODE_10085_length_1024_cov_1.122631	1	1024	63	1024	100	8.12988	36.2	56.2
GC1003827_F08_NODE_10086_length_1023_cov_19.333705	1	1023	1146	1023	100	152.393	35.6	58.3
GC1003827_F08_NODE_10087_length_1023_cov_11.287946	1	1023	676	1023	100	90.7517	35.4	58.2
GC1003827_F08_NODE_10088_length_1023_cov_8.235491	1	1023	475	1023	100	62.8035	35	56.5
GC1003827_F08_NODE_10089_length_1023_cov_7.191964	1	1023	415	1023	100	56.6725	35.4	57.7
GC1003827_F08_NODE_10090_length_1023_cov_6.238839	1	1023	337	1023	100	46.043	35.9	59.5
GC1003827_F08_NODE_10091_length_1023_cov_6.217634	1	1023	328	1023	100	44.9277	35.8	58.6
GC1003827_F08_NODE_10092_length_1023_cov_5.616071	1	1023	306	1023	100	42.2522	35.3	58.7
GC1003827_F08_NODE_10093_length_1023_cov_5.193080	1	1023	276	1012	98.9247	37.5034	35.7	58.6
GC1003827_F08_NODE_10094_length_1023_cov_2.568080	1	1023	143	1021	99.8045	19.2444	35.9	56.5
GC1003827_F08_NODE_10095_length_1023_cov_2.398438	1	1023	127	1023	100	17.2884	36	57.8
GC1003827_F08_NODE_10096_length_1023_cov_1.429688	1	1023	101	1023	100	12.8407	35.5	56.7
GC1003827_F08_NODE_10097_length_1023_cov_1.414062	1	1023	66	1023	100	9.22385	36	59.3
GC1003827_F08_NODE_10098_length_1023_cov_1.062500	1	1023	50	1022	99.9022	7.13881	34.5	60
GC1003827_F08_NODE_10099_length_1023_cov_0.945312	1	1023	48	1023	100	6.57478	35	59.1
GC1003827_F08_NODE_10100_length_1023_cov_0.875000	1	1023	88	1023	100	8.54448	36	47.8
GC1003827_F08_NODE_10101_length_1022_cov_19.246927	1	1022	1010	1022	100	139.609	35.8	59.1
GC1003827_F08_NODE_10102_length_1022_cov_17.378771	1	1022	1012	1022	100	134.541	35.7	58.3
GC1003827_F08_NODE_10103_length_1022_cov_7.096089	1	1022	475	1022	100	56.7319	35.5	51.5
GC1003827_F08_NODE_10104_length_1022_cov_6.381006	1	1022	478	1022	100	50.7299	35.4	39.9
GC1003827_F08_NODE_10105_length_1022_cov_5.346369	1	1022	283	1022	100	38.9892	35.7	59.3
GC1003827_F08_NODE_10106_length_1022_cov_4.136313	1	1022	202	1022	100	28.5068	35.7	59.2
GC1003827_F08_NODE_10107_length_1022_cov_3.825698	1	1022	245	1022	100	31.8483	35.2	58.2
GC1003827_F08_NODE_10108_length_1022_cov_3.767598	1	1022	204	1022	100	27.9736	35.5	59.1
GC1003827_F08_NODE_10109_length_1022_cov_3.288268	1	1022	176	1022	100	24.364	35.6	59.8
GC1003827_F08_NODE_10110_length_1022_cov_3.093855	1	1022	168	1022	100	22.7456	35.4	58
GC1003827_F08_NODE_10111_length_1022_cov_2.825698	1	1022	222	1022	100	27.4061	35.8	56.2
GC1003827_F08_NODE_10112_length_1022_cov_2.248045	1	1022	334	1022	100	26.3033	32.6	26.5
GC1003827_F08_NODE_10113_length_1022_cov_1.803352	1	1022	90	1022	100	12.1644	35.6	58.2
GC1003827_F08_NODE_10114_length_1022_cov_1.660335	1	1022	105	1022	100	13.4305	35.4	56.8
GC1003827_F08_NODE_10115_length_1022_cov_0.765363	1	1022	52	1022	100	6.16536	35.5	54.2
GC1003827_F08_NODE_10116_length_1021_cov_14.049217	1	1021	1058	1021	100	115.476	35.1	40.8
GC1003827_F08_NODE_10117_length_1021_cov_7.708054	1	1021	474	1021	100	61.238	35.6	57.6
GC1003827_F08_NODE_10118_length_1021_cov_7.341163	1	1021	361	1021	100	49.6699	35.8	59.1
GC1003827_F08_NODE_10119_length_1021_cov_6.600671	1	1021	437	1021	100	56.0235	35.4	56.9
GC1003827_F08_NODE_10120_length_1021_cov_5.372483	1	1021	396	1021	100	47.6043	35.7	48.3
GC1003827_F08_NODE_10121_length_1021_cov_4.958613	1	1021	348	1021	100	44.0421	35.5	58
GC1003827_F08_NODE_10122_length_1021_cov_3.468680	1	1021	210	1021	100	26.5867	35.6	57.4
GC1003827_F08_NODE_10123_length_1021_cov_3.146532	1	1021	148	1021	100	21.0979	35.6	59.7
GC1003827_F08_NODE_10124_length_1021_cov_3.114094	1	1021	140	1021	100	20.0255	35.6	59.3
GC1003827_F08_NODE_10125_length_1021_cov_1.947427	1	1021	96	1021	100	13.1518	35.5	58.4
GC1003827_F08_NODE_10126_length_1021_cov_1.237136	1	1021	744	1021	100	49.1802	34	11.2
GC1003827_F08_NODE_10127_length_1020_cov_7.736842	1	1020	682	1020	100	78.9284	35.6	55.7
GC1003827_F08_NODE_10128_length_1020_cov_5.656215	1	1020	591	1020	100	66.4176	35	50.2
GC1003827_F08_NODE_10129_length_1020_cov_3.754759	1	1020	376	1020	100	43.0961	35.2	51.5
GC1003827_F08_NODE_10130_length_1020_cov_2.630459	1	1020	172	1020	100	23.1441	35.7	57.5
GC1003827_F08_NODE_10131_length_1020_cov_1.832027	1	1020	84	1019	99.902	11.9078	35.9	58.6
GC1003827_F08_NODE_10132_length_1020_cov_1.192609	1	1020	57	1020	100	8.05784	35.4	60
GC1003827_F08_NODE_10133_length_1020_cov_0.490482	1	1020	24	1020	100	3.5402	35	60
GC1003827_F08_NODE_10134_length_1019_cov_16.943946	1	1019	934	1019	100	127.834	35.7	59
GC1003827_F08_NODE_10135_length_1019_cov_9.689462	1	1019	565	1019	100	75.6006	35.7	58.2
GC1003827_F08_NODE_10136_length_1019_cov_6.811659	1	1019	354	1019	100	48.262	35.8	58
GC1003827_F08_NODE_10137_length_1019_cov_3.088565	1	1019	157	1009	99.0186	22.1894	35.7	59.9
GC1003827_F08_NODE_10138_length_1019_cov_2.557175	1	1019	148	1019	100	19.3258	35.7	57.4
GC1003827_F08_NODE_10139_length_1019_cov_1.835202	1	1019	111	1019	100	14.0677	35.9	56.2
GC1003827_F08_NODE_10140_length_1019_cov_1.230942	1	1019	92	1019	100	11.2552	35.9	57.7
GC1003827_F08_NODE_10141_length_1019_cov_1.160314	1	1019	73	1016	99.7056	9.11678	35.6	56.5
GC1003827_F08_NODE_10142_length_1019_cov_0.688341	1	1019	46	1009	99.0186	5.9686	34.9	54.2
GC1003827_F08_NODE_10143_length_1018_cov_20.628507	1	1018	1315	1018	100	168.4	35.6	57.2
GC1003827_F08_NODE_10144_length_1018_cov_19.968575	1	1018	979	992	97.446	136.815	35.6	57.9
GC1003827_F08_NODE_10145_length_1018_cov_14.445567	1	1018	1436	1018	100	186.116	35.1	53.1
GC1003827_F08_NODE_10146_length_1018_cov_9.140292	1	1018	527	1014	99.6071	69.9342	35.4	55.7
GC1003827_F08_NODE_10147_length_1018_cov_8.927048	1	1018	466	1018	100	64.2682	35.7	58.9
GC1003827_F08_NODE_10148_length_1018_cov_7.307520	1	1018	340	1018	100	48.3969	35.1	59.7
GC1003827_F08_NODE_10149_length_1018_cov_6.672278	1	1018	964	1018	100	119.743	35	44.9
GC1003827_F08_NODE_10150_length_1018_cov_5.650954	1	1018	264	1017	99.9018	37.6365	35.8	59.1
GC1003827_F08_NODE_10151_length_1018_cov_5.008979	1	1018	246	1018	100	34.8369	35.7	59.7
GC1003827_F08_NODE_10152_length_1018_cov_4.226712	1	1018	271	1018	100	31.1493	35.8	46.1
GC1003827_F08_NODE_10153_length_1018_cov_3.283951	1	1018	218	1008	99.0177	27.5697	35.9	54.3
GC1003827_F08_NODE_10154_length_1018_cov_2.747475	1	1018	176	1017	99.9018	22.6218	35.5	53.5
GC1003827_F08_NODE_10155_length_1018_cov_2.234568	1	1018	459	1018	100	55.2367	34.8	45.4
GC1003827_F08_NODE_10156_length_1018_cov_1.914703	1	1018	221	1016	99.8035	24.6356	34.7	53.2
GC1003827_F08_NODE_10157_length_1018_cov_1.790123	1	1018	94	1018	100	12.5923	35.9	56.8
GC1003827_F08_NODE_10158_length_1018_cov_1.423120	1	1018	71	1018	100	9.68075	35.8	59.4
GC1003827_F08_NODE_10159_length_1017_cov_9.662921	1	1017	750	1017	100	92.3992	35.6	55.6
GC1003827_F08_NODE_10160_length_1017_cov_6.240449	1	1017	332	1015	99.8033	47.3707	35.5	59.7
GC1003827_F08_NODE_10161_length_1017_cov_4.714607	1	1017	395	1017	100	41.9174	35.8	39.5
GC1003827_F08_NODE_10162_length_1017_cov_3.961798	1	1017	394	1017	100	40.3451	35	45.5
GC1003827_F08_NODE_10163_length_1017_cov_3.938202	1	1017	321	1017	100	40.0895	35.3	53.1
GC1003827_F08_NODE_10164_length_1017_cov_3.677528	1	1017	225	1015	99.8033	28.8702	35.3	56.7
GC1003827_F08_NODE_10165_length_1017_cov_2.475281	1	1017	128	1017	100	17.3451	35.4	58.4
GC1003827_F08_NODE_10166_length_1017_cov_2.341573	1	1017	116	1017	100	16.2242	35.6	59.4
GC1003827_F08_NODE_10167_length_1017_cov_2.158427	1	1017	164	1017	100	19.9941	35.6	55.7
GC1003827_F08_NODE_10168_length_1017_cov_1.802247	1	1017	102	1017	100	13.5949	35.5	57.7
GC1003827_F08_NODE_10169_length_1017_cov_1.144944	1	1017	68	1017	100	8.43265	35.4	54
GC1003827_F08_NODE_10170_length_1017_cov_1.139326	1	1017	53	1017	100	7.53294	35.2	59.2
GC1003827_F08_NODE_10171_length_1016_cov_16.274466	1	1016	1580	1016	100	198.986	35	51.4
GC1003827_F08_NODE_10172_length_1016_cov_11.133858	1	1016	579	1016	100	80.06	35.7	58.9
GC1003827_F08_NODE_10173_length_1016_cov_4.233971	1	1016	295	1016	100	36.7303	35.6	53.5
GC1003827_F08_NODE_10174_length_1016_cov_2.941507	1	1016	172	1016	100	22.4508	35.6	55.5
GC1003827_F08_NODE_10175_length_1016_cov_2.907762	1	1016	146	1014	99.8031	20.2096	35.5	59
GC1003827_F08_NODE_10176_length_1016_cov_2.380202	1	1016	133	1016	100	16.8376	35.9	56.2
GC1003827_F08_NODE_10177_length_1016_cov_2.084364	1	1016	103	1016	100	14.6732	35.3	59.8
GC1003827_F08_NODE_10178_length_1016_cov_1.768279	1	1016	97	1016	100	12.1988	35.3	55.4
GC1003827_F08_NODE_10179_length_1016_cov_1.654668	1	1016	78	1016	100	11.378	35.7	59.7
GC1003827_F08_NODE_10180_length_1016_cov_1.122610	1	1016	53	1016	100	7.64272	35.9	60
GC1003827_F08_NODE_10181_length_1016_cov_1.059618	1	1016	112	1016	100	11.0807	35.1	45.1
GC1003827_F08_NODE_10182_length_1016_cov_0.931384	1	1016	53	1016	100	6.79528	35.8	54.3
GC1003827_F08_NODE_10183_length_1016_cov_0.727784	1	1016	62	1016	100	6.85925	35.8	55.2
GC1003827_F08_NODE_10184_length_1015_cov_22.036036	1	1015	1274	1015	100	166.417	35.7	54.8
GC1003827_F08_NODE_10185_length_1015_cov_11.686937	1	1015	804	1015	100	104.044	35.7	56.6
GC1003827_F08_NODE_10186_length_1015_cov_7.370495	1	1015	521	1015	100	67.8345	35.1	56.9
GC1003827_F08_NODE_10187_length_1015_cov_5.496622	1	1015	515	1015	100	53.2374	35.4	39.8
GC1003827_F08_NODE_10188_length_1015_cov_4.994369	1	1015	404	1015	100	46.2463	35.4	52.7
GC1003827_F08_NODE_10189_length_1015_cov_4.355856	1	1015	986	1015	100	81.3734	34.1	26.6
GC1003827_F08_NODE_10190_length_1015_cov_3.265766	1	1015	186	1015	100	24.5419	35.4	57.2
GC1003827_F08_NODE_10191_length_1015_cov_2.637387	1	1015	163	1015	100	21.8365	35.6	59.2
GC1003827_F08_NODE_10192_length_1015_cov_2.002252	1	1015	174	1015	100	20.0473	35.8	53.8
GC1003827_F08_NODE_10193_length_1015_cov_1.829955	1	1015	94	1015	100	13.3783	35.7	59.7
GC1003827_F08_NODE_10194_length_1015_cov_1.679054	1	1015	104	1015	100	14.0818	35.8	59.2
GC1003827_F08_NODE_10195_length_1014_cov_33.711387	1	1014	2211	1014	100	291.32	35.5	57
GC1003827_F08_NODE_10196_length_1014_cov_17.244645	1	1014	858	1014	100	118.963	35.5	59
GC1003827_F08_NODE_10197_length_1014_cov_9.118377	1	1014	555	1014	100	68.8373	35.6	49.9
GC1003827_F08_NODE_10198_length_1014_cov_4.190530	1	1014	302	1014	100	37.3846	35.6	54.5
GC1003827_F08_NODE_10199_length_1014_cov_3.603157	1	1014	164	1014	100	23.855	35.8	60
GC1003827_F08_NODE_10200_length_1014_cov_1.420519	1	1014	100	1014	100	11.9921	35.1	50.4
GC1003827_F08_NODE_10201_length_1014_cov_1.196167	1	1014	61	1014	100	8.48028	35.1	59.5
GC1003827_F08_NODE_10202_length_1014_cov_1.107103	1	1014	423	1014	100	29.5759	33.5	18.6
GC1003827_F08_NODE_10203_length_1013_cov_19.550790	1	1013	1125	1013	100	153.28	35.8	58.4
GC1003827_F08_NODE_10204_length_1013_cov_11.826185	1	1013	645	1013	100	88.3327	35.6	59
GC1003827_F08_NODE_10205_length_1013_cov_6.195260	1	1013	454	1013	100	54.6417	35.6	53.9
GC1003827_F08_NODE_10206_length_1013_cov_3.284424	1	1013	168	1013	100	21.5123	36	52.1
GC1003827_F08_NODE_10207_length_1013_cov_2.788939	1	1013	138	1013	100	19.233	35.7	59.6
GC1003827_F08_NODE_10208_length_1013_cov_2.370203	1	1013	115	1010	99.7038	15.5281	35.4	57.2
GC1003827_F08_NODE_10209_length_1013_cov_2.352144	1	1013	173	1012	99.9013	17.5025	35.5	47.1
GC1003827_F08_NODE_10210_length_1013_cov_2.266366	1	1013	120	1013	100	17.2359	35.4	59.7
GC1003827_F08_NODE_10211_length_1013_cov_1.981941	1	1013	108	1013	100	14.4501	36.1	58
GC1003827_F08_NODE_10212_length_1013_cov_1.830700	1	1013	108	1013	100	12.3475	35.5	46
GC1003827_F08_NODE_10213_length_1013_cov_0.967269	1	1013	45	1013	100	6.33268	35.9	57.7
GC1003827_F08_NODE_10214_length_1012_cov_10.969492	1	1012	584	1012	100	80.7569	35.7	59.3
GC1003827_F08_NODE_10215_length_1012_cov_8.468927	1	1012	477	1012	100	64.3063	35.7	57.7
GC1003827_F08_NODE_10216_length_1012_cov_8.277966	1	1012	413	1012	100	58.6927	35.5	59.1
GC1003827_F08_NODE_10217_length_1012_cov_6.924294	1	1012	412	1012	100	55.9625	35.6	58.2
GC1003827_F08_NODE_10218_length_1012_cov_6.140113	1	1012	391	1012	100	52.0375	35.5	57.9
GC1003827_F08_NODE_10219_length_1012_cov_5.584181	1	1012	308	1012	100	42.6047	35.5	58.8
GC1003827_F08_NODE_10220_length_1012_cov_3.663277	1	1012	184	1012	100	25.8043	35.8	57.2
GC1003827_F08_NODE_10221_length_1012_cov_3.595480	1	1012	170	1012	100	24.2727	35.4	59.5
GC1003827_F08_NODE_10222_length_1012_cov_3.221469	1	1012	181	1012	100	24.7391	35.3	59.6
GC1003827_F08_NODE_10223_length_1012_cov_2.934463	1	1012	150	1012	100	20.7372	35.9	58.8
GC1003827_F08_NODE_10224_length_1012_cov_2.348023	1	1012	203	1012	100	21.5998	35.7	47.1
GC1003827_F08_NODE_10225_length_1012_cov_1.875706	1	1012	131	1012	100	14.4733	33.7	49.5
GC1003827_F08_NODE_10226_length_1011_cov_13.781674	1	1011	867	1011	100	114.317	35.3	56.5
GC1003827_F08_NODE_10227_length_1011_cov_9.809955	1	1011	561	1011	100	78.0742	35.5	58.5
GC1003827_F08_NODE_10228_length_1011_cov_7.046380	1	1011	317	1011	100	45.8803	35.7	59.7
GC1003827_F08_NODE_10229_length_1011_cov_5.660633	1	1011	411	1008	99.7033	54.4471	35.3	57.1
GC1003827_F08_NODE_10230_length_1011_cov_2.433258	1	1011	156	1011	100	20.998	35	52.5
GC1003827_F08_NODE_10231_length_1011_cov_2.262443	1	1011	279	1011	100	35.822	34.1	49.3
GC1003827_F08_NODE_10232_length_1011_cov_1.616516	1	1011	91	1011	100	12.5381	35.2	58.5
GC1003827_F08_NODE_10233_length_1011_cov_0.873303	1	1011	58	1011	100	7.2275	35	55.7
GC1003827_F08_NODE_10234_length_1011_cov_0.574661	1	1011	89	1009	99.8022	6.75865	34.7	37.7
GC1003827_F08_NODE_10235_length_1010_cov_15.134768	1	1010	2069	1010	100	283.155	35.4	42.5
GC1003827_F08_NODE_10236_length_1010_cov_13.255946	1	1010	742	1010	100	102.857	35.5	58.3
GC1003827_F08_NODE_10237_length_1010_cov_7.713477	1	1010	362	1010	100	50.9238	35.5	58.8
GC1003827_F08_NODE_10238_length_1010_cov_6.830125	1	1010	386	1010	100	53.8307	35.6	57.6
GC1003827_F08_NODE_10239_length_1010_cov_4.978482	1	1010	283	1010	100	37.1485	35.6	56.6
GC1003827_F08_NODE_10240_length_1010_cov_3.891280	1	1010	185	1010	100	26.4208	35.7	59.8
GC1003827_F08_NODE_10241_length_1010_cov_3.590034	1	1010	205	1010	100	28.0861	35.5	59
GC1003827_F08_NODE_10242_length_1010_cov_3.232163	1	1010	199	1010	100	26.3248	35	57.4
GC1003827_F08_NODE_10243_length_1010_cov_3.231031	1	1010	186	1009	99.901	23.0931	36.1	53.3
GC1003827_F08_NODE_10244_length_1010_cov_3.010193	1	1010	330	1010	100	33.4594	35.1	47.4
GC1003827_F08_NODE_10245_length_1010_cov_2.295583	1	1010	102	1010	100	14.8703	35.6	59.4
GC1003827_F08_NODE_10246_length_1010_cov_1.310306	1	1010	70	1001	99.1089	9.44059	36.2	56.1
GC1003827_F08_NODE_10247_length_1010_cov_0.585504	1	1010	36	1010	100	5.09406	35.9	60
GC1003827_F08_NODE_10248_length_1009_cov_6.055556	1	1009	436	1009	100	56.1893	35	55.6
GC1003827_F08_NODE_10249_length_1009_cov_5.272109	1	1009	305	1009	100	40.9049	35.4	57.6
GC1003827_F08_NODE_10250_length_1009_cov_4.665533	1	1009	305	1009	100	39.442	35.7	57.9
GC1003827_F08_NODE_10251_length_1009_cov_4.335601	1	1009	458	1009	100	55.2785	34.9	53.2
GC1003827_F08_NODE_10252_length_1009_cov_3.421769	1	1009	172	1009	100	24.4599	35.5	59
GC1003827_F08_NODE_10253_length_1009_cov_3.259637	1	1009	164	1009	100	22.8325	35.4	59.4
GC1003827_F08_NODE_10254_length_1009_cov_2.997732	1	1009	136	1009	100	19.4628	36	58.4
GC1003827_F08_NODE_10255_length_1009_cov_2.580499	1	1009	153	1009	100	20.5937	35.6	56.7
GC1003827_F08_NODE_10256_length_1009_cov_1.049887	1	1009	48	1009	100	6.68979	36	59.7
GC1003827_F08_NODE_10257_length_1008_cov_19.757094	1	1008	1126	1008	100	158.999	35.6	59.1
GC1003827_F08_NODE_10258_length_1008_cov_10.279228	1	1008	909	1008	100	98.5347	34.6	47.2
GC1003827_F08_NODE_10259_length_1008_cov_9.955732	1	1008	615	1008	100	80.496	35.2	53.2
GC1003827_F08_NODE_10260_length_1008_cov_5.013621	1	1008	337	1008	100	42.3433	35.4	57.6
GC1003827_F08_NODE_10261_length_1008_cov_4.736663	1	1008	258	1008	100	34.4712	35.5	56.2
GC1003827_F08_NODE_10262_length_1008_cov_4.408627	1	1008	233	1008	100	32.3522	35.8	58.7
GC1003827_F08_NODE_10263_length_1008_cov_4.356413	1	1008	284	1008	100	36.0784	35.7	52
GC1003827_F08_NODE_10264_length_1008_cov_3.607264	1	1008	302	1008	100	39.4325	35.7	55.5
GC1003827_F08_NODE_10265_length_1008_cov_3.183882	1	1008	224	1008	100	25.2609	35	51.7
GC1003827_F08_NODE_10266_length_1008_cov_2.695800	1	1008	156	1006	99.8016	20.5407	35.5	58.1
GC1003827_F08_NODE_10267_length_1008_cov_2.321226	1	1008	163	1008	100	19.9127	35.6	55.1
GC1003827_F08_NODE_10268_length_1008_cov_1.905789	1	1008	165	1008	100	17.2063	34.9	47.7
GC1003827_F08_NODE_10269_length_1007_cov_6.694318	1	1007	388	1007	100	50.0606	35.6	56.1
GC1003827_F08_NODE_10270_length_1007_cov_6.477273	1	1007	349	1007	100	49.7309	35.4	59.2
GC1003827_F08_NODE_10271_length_1007_cov_5.417045	1	1007	280	1007	100	39.7527	35.4	59.5
GC1003827_F08_NODE_10272_length_1007_cov_4.605682	1	1007	267	1007	100	36.2929	35.5	59.1
GC1003827_F08_NODE_10273_length_1007_cov_3.685227	1	1007	412	1007	100	46.715	34.8	56
GC1003827_F08_NODE_10274_length_1007_cov_2.955682	1	1007	181	1007	100	22.3893	35.5	51.9
GC1003827_F08_NODE_10275_length_1007_cov_2.278409	1	1007	136	1007	100	18.1351	35.7	57.8
GC1003827_F08_NODE_10276_length_1006_cov_8.039818	1	1006	397	1006	100	55.9583	35.9	58.5
GC1003827_F08_NODE_10277_length_1006_cov_5.002275	1	1006	338	1006	100	44.4622	35.1	58
GC1003827_F08_NODE_10278_length_1006_cov_4.621160	1	1006	288	1006	100	38.0318	35.7	55
GC1003827_F08_NODE_10279_length_1006_cov_4.170648	1	1006	270	1006	100	34.8827	35.8	55.3
GC1003827_F08_NODE_10280_length_1006_cov_3.563140	1	1006	299	1006	100	33.3082	35.2	48
GC1003827_F08_NODE_10281_length_1006_cov_2.134243	1	1006	132	1006	100	18.0795	35.9	58.4
GC1003827_F08_NODE_10282_length_1006_cov_1.960182	1	1006	139	1006	100	18.0507	35.4	57.3
GC1003827_F08_NODE_10283_length_1006_cov_1.290102	1	1006	66	1006	100	9.15507	36	57.7
GC1003827_F08_NODE_10284_length_1006_cov_1.155859	1	1006	58	1006	100	8.35487	34.7	58.3
GC1003827_F08_NODE_10285_length_1006_cov_1.013652	1	1006	47	1006	100	6.68986	35.7	60
GC1003827_F08_NODE_10286_length_1006_cov_0.665529	1	1006	38	1006	100	5.3996	35.9	59.4
GC1003827_F08_NODE_10287_length_1005_cov_12.025057	1	1005	734	1005	100	98.2348	35.6	57.7
GC1003827_F08_NODE_10288_length_1005_cov_11.375854	1	1005	734	1005	100	98.8945	35.4	58.3
GC1003827_F08_NODE_10289_length_1005_cov_3.566059	1	1005	220	1005	100	30.2846	35.8	59
GC1003827_F08_NODE_10290_length_1005_cov_3.375854	1	1005	226	1005	100	30.4925	35.6	58.2
GC1003827_F08_NODE_10291_length_1005_cov_2.571754	1	1005	118	1005	100	16.591	35.8	58.3
GC1003827_F08_NODE_10292_length_1005_cov_0.665148	1	1005	27	1005	100	4.02488	35.2	60
GC1003827_F08_NODE_10293_length_1004_cov_19.792474	1	1004	1537	1004	100	197.287	35.3	56
GC1003827_F08_NODE_10294_length_1004_cov_16.058153	1	1004	852	1001	99.7012	119.063	35.8	58.4
GC1003827_F08_NODE_10295_length_1004_cov_12.193843	1	1004	565	1004	100	81.6504	35.6	59.3
GC1003827_F08_NODE_10296_length_1004_cov_7.615735	1	1004	832	1003	99.9004	97.4173	34.8	53.2
GC1003827_F08_NODE_10297_length_1004_cov_6.511973	1	1004	694	1004	100	84.2361	35.4	54.8
GC1003827_F08_NODE_10298_length_1004_cov_5.071836	1	1004	455	1004	100	51.738	35.1	49.8
GC1003827_F08_NODE_10299_length_1004_cov_4.997719	1	1004	729	1004	100	69.4771	35.1	37.9
GC1003827_F08_NODE_10300_length_1004_cov_2.532497	1	1004	119	1004	100	16.9064	35.7	59.4
GC1003827_F08_NODE_10301_length_1004_cov_2.104903	1	1004	141	1004	100	18.5727	35.1	57.5
GC1003827_F08_NODE_10302_length_1004_cov_1.822121	1	1004	90	1004	100	12.8217	35.9	59.7
GC1003827_F08_NODE_10303_length_1004_cov_1.745724	1	1004	126	1004	100	14.8008	35.1	55.8
GC1003827_F08_NODE_10304_length_1004_cov_0.971494	1	1004	48	1004	100	7.06076	35.8	60
GC1003827_F08_NODE_10305_length_1003_cov_5.098174	1	1003	264	1003	100	35.9422	35.8	59.3
GC1003827_F08_NODE_10306_length_1003_cov_4.321918	1	1003	537	1003	100	57.001	34.9	47.7
GC1003827_F08_NODE_10307_length_1003_cov_4.279680	1	1003	257	1003	100	33.5803	35.5	57.2
GC1003827_F08_NODE_10308_length_1003_cov_4.122146	1	1003	215	1003	100	29.7069	35.8	58.1
GC1003827_F08_NODE_10309_length_1003_cov_4.101598	1	1003	264	1003	100	36.7817	35.8	58.5
GC1003827_F08_NODE_10310_length_1003_cov_3.916667	1	1003	317	1003	100	35.35	35.6	44.7
GC1003827_F08_NODE_10311_length_1003_cov_3.105023	1	1003	179	1003	100	23.9801	36	58.4
GC1003827_F08_NODE_10312_length_1003_cov_3.021689	1	1003	351	1003	100	35.9581	34.4	37.3
GC1003827_F08_NODE_10313_length_1003_cov_2.656393	1	1003	188	1003	100	22.4018	35.2	51.3
GC1003827_F08_NODE_10314_length_1003_cov_1.954338	1	1003	126	1003	100	16.3709	35.4	56.7
GC1003827_F08_NODE_10315_length_1003_cov_1.730594	1	1003	168	1001	99.8006	18.335	35.4	49.1
GC1003827_F08_NODE_10316_length_1003_cov_1.267123	1	1003	87	1003	100	9.69492	35.7	46.6
GC1003827_F08_NODE_10317_length_1003_cov_1.208904	1	1003	154	1003	100	14.1147	33.7	37.1
GC1003827_F08_NODE_10318_length_1003_cov_0.394977	1	1003	20	1003	100	2.92124	36.1	60
GC1003827_F08_NODE_10319_length_1002_cov_14.732571	1	1002	773	1002	100	107.603	35.8	58.6
GC1003827_F08_NODE_10320_length_1002_cov_5.386286	1	1002	265	1002	100	38.1267	35.7	59.7
GC1003827_F08_NODE_10321_length_1002_cov_4.745143	1	1002	287	1002	100	38.3892	35.8	55.1
GC1003827_F08_NODE_10322_length_1002_cov_3.860571	1	1002	214	1002	100	28.8972	35.7	56
GC1003827_F08_NODE_10323_length_1002_cov_3.766857	1	1002	208	1002	100	28.9291	35.6	58.4
GC1003827_F08_NODE_10324_length_1002_cov_3.763429	1	1002	381	1002	100	42.3872	35.8	55.5
GC1003827_F08_NODE_10325_length_1002_cov_2.226286	1	1002	1152	1002	100	76.5579	33.3	14.1
GC1003827_F08_NODE_10326_length_1002_cov_1.493714	1	1002	87	1002	100	12.494	36.1	59.6
GC1003827_F08_NODE_10327_length_1002_cov_1.477714	1	1002	149	1002	100	15.2166	35.1	41.2
GC1003827_F08_NODE_10328_length_1002_cov_1.444571	1	1002	85	1002	100	11.6307	35.7	58.2
GC1003827_F08_NODE_10329_length_1002_cov_1.251429	1	1002	135	1002	100	14.6826	35.3	49.3
GC1003827_F08_NODE_10330_length_1002_cov_1.122286	1	1002	192	1002	100	14.8373	35.2	35.4
GC1003827_F08_NODE_10331_length_1002_cov_1.097143	1	1002	53	1002	100	7.45908	35.9	60
GC1003827_F08_NODE_10332_length_1002_cov_1.006857	1	1002	120	1002	100	14.0389	35.7	58
GC1003827_F08_NODE_10333_length_1001_cov_22.255149	1	1001	1432	1001	100	180.341	35.1	51.5
GC1003827_F08_NODE_10334_length_1001_cov_9.303204	1	1001	623	1001	100	76.1089	35.4	47.1
GC1003827_F08_NODE_10335_length_1001_cov_8.742563	1	1001	422	1001	100	59.5015	35.7	59.1
GC1003827_F08_NODE_10336_length_1001_cov_6.736842	1	1001	572	1001	100	67.3297	35.3	52.8
GC1003827_F08_NODE_10337_length_1001_cov_5.590389	1	1001	992	1001	100	88.1439	34.8	21.1
GC1003827_F08_NODE_10338_length_1001_cov_5.435927	1	1001	274	1001	100	39.0619	35.9	58.9
GC1003827_F08_NODE_10339_length_1001_cov_4.456522	1	1001	188	1001	100	27.7013	35.4	59.9
GC1003827_F08_NODE_10340_length_1001_cov_3.429062	1	1001	188	1001	100	26.1778	35.7	57.1
GC1003827_F08_NODE_10341_length_1001_cov_1.926773	1	1001	103	998	99.7003	13.0519	35.8	53.4
GC1003827_F08_NODE_10342_length_1001_cov_1.591533	1	1001	150	1001	100	19.026	35.6	55
GC1003827_F08_NODE_10343_length_1001_cov_1.279176	1	1001	83	1001	100	11.3796	35.4	60
GC1003827_F08_NODE_10344_length_1001_cov_1.239130	1	1001	62	1001	100	8.56244	35.8	58.9
GC1003827_F08_NODE_10345_length_1001_cov_0.853547	1	1001	79	1001	100	8.56543	35.4	47.6
GC1003827_F08_NODE_10346_length_1000_cov_10.436426	1	1000	735	1000	100	92.096	35.8	56.5
GC1003827_F08_NODE_10347_length_1000_cov_9.837342	1	1000	618	1000	100	88.674	35.7	54.3
GC1003827_F08_NODE_10348_length_1000_cov_9.428408	1	1000	567	1000	100	77.143	35.6	57.6
GC1003827_F08_NODE_10349_length_1000_cov_7.814433	1	1000	494	998	99.8	65.7	35.6	56.3
GC1003827_F08_NODE_10350_length_1000_cov_6.327606	1	1000	375	1000	100	49.906	35.9	55.9
GC1003827_F08_NODE_10351_length_1000_cov_5.534937	1	1000	296	1000	100	41.202	35.6	59
GC1003827_F08_NODE_10352_length_1000_cov_5.343643	1	1000	395	1000	100	51.14	35	56.8
GC1003827_F08_NODE_10353_length_1000_cov_4.167239	1	1000	218	1000	100	30.217	35.7	58.4
GC1003827_F08_NODE_10354_length_1000_cov_3.599084	1	1000	154	1000	100	22.707	35.7	59.8
GC1003827_F08_NODE_10355_length_1000_cov_3.474227	1	1000	1192	1000	100	94.843	34.2	14
GC1003827_F08_NODE_10356_length_1000_cov_3.246277	1	1000	162	1000	100	22.793	35.2	60
GC1003827_F08_NODE_10357_length_1000_cov_2.942726	1	1000	514	1000	100	45.384	32.9	32.1
GC1003827_F08_NODE_10358_length_1000_cov_2.597938	1	1000	137	1000	100	19.114	35.3	59
GC1003827_F08_NODE_10359_length_1000_cov_2.474227	1	1000	118	1000	100	16.855	35.8	58.8
GC1003827_F08_NODE_10360_length_1000_cov_2.277205	1	1000	115	1000	100	15.861	35.7	57.7
GC1003827_F08_NODE_10361_length_1000_cov_1.959908	1	1000	96	1000	100	13.856	35.7	59.5
