GC1003827_G04_NODE_1_length_9608_cov_4.312942	9608	47.46
GC1003827_G04_NODE_2_length_9596_cov_8.611680	9596	44.71
GC1003827_G04_NODE_3_length_9467_cov_5.359101	9467	48.71
GC1003827_G04_NODE_4_length_9450_cov_6.083986	9450	45.35
GC1003827_G04_NODE_5_length_9073_cov_5.529399	9073	48.59
GC1003827_G04_NODE_6_length_8245_cov_9.526854	8245	44.57
GC1003827_G04_NODE_7_length_8192_cov_7.388221	8192	41.96
GC1003827_G04_NODE_8_length_8114_cov_7.664956	8114	46.71
GC1003827_G04_NODE_9_length_7543_cov_5.397923	7543	51.82
GC1003827_G04_NODE_10_length_7483_cov_5.939097	7483	45.44
GC1003827_G04_NODE_11_length_7480_cov_3.977152	7480	50.52
GC1003827_G04_NODE_12_length_7278_cov_4.631940	7278	46.63
GC1003827_G04_NODE_13_length_7233_cov_8.085843	7233	43.12
GC1003827_G04_NODE_14_length_7187_cov_6.601841	7187	47.73
GC1003827_G04_NODE_15_length_7181_cov_6.999716	7181	45.41
GC1003827_G04_NODE_16_length_7063_cov_6.084343	7063	50.63
GC1003827_G04_NODE_17_length_6994_cov_5.297801	6994	44.11
GC1003827_G04_NODE_18_length_6972_cov_7.538203	6972	45.18
GC1003827_G04_NODE_19_length_6962_cov_6.977176	6962	49.15
GC1003827_G04_NODE_20_length_6933_cov_7.307670	6933	47.11
GC1003827_G04_NODE_21_length_6888_cov_2.994084	6888	46.65
GC1003827_G04_NODE_22_length_6870_cov_5.673884	6870	48.60
GC1003827_G04_NODE_23_length_6829_cov_4.001791	6829	46.39
GC1003827_G04_NODE_24_length_6814_cov_9.345745	6814	50.57
GC1003827_G04_NODE_25_length_6790_cov_5.304067	6790	43.81
GC1003827_G04_NODE_26_length_6770_cov_4.825982	6770	44.80
GC1003827_G04_NODE_27_length_6767_cov_5.819578	6767	51.00
GC1003827_G04_NODE_28_length_6612_cov_6.778720	6612	46.23
GC1003827_G04_NODE_29_length_6582_cov_5.313555	6582	48.25
GC1003827_G04_NODE_30_length_6574_cov_3.496200	6574	45.09
GC1003827_G04_NODE_31_length_6559_cov_5.525498	6559	44.75
GC1003827_G04_NODE_32_length_6534_cov_6.361792	6534	46.24
GC1003827_G04_NODE_33_length_6499_cov_6.078311	6499	46.59
GC1003827_G04_NODE_34_length_6499_cov_4.031230	6499	43.01
GC1003827_G04_NODE_35_length_6486_cov_11.873408	6486	46.58
GC1003827_G04_NODE_36_length_6481_cov_6.795090	6481	44.82
GC1003827_G04_NODE_37_length_6481_cov_5.497010	6481	46.77
GC1003827_G04_NODE_38_length_6470_cov_5.296863	6470	45.38
GC1003827_G04_NODE_39_length_6469_cov_4.780196	6469	45.15
GC1003827_G04_NODE_40_length_6468_cov_4.921621	6468	42.70
GC1003827_G04_NODE_41_length_6443_cov_5.477834	6443	49.01
GC1003827_G04_NODE_42_length_6442_cov_3.787965	6442	47.52
GC1003827_G04_NODE_43_length_6436_cov_15.341576	6436	47.22
GC1003827_G04_NODE_44_length_6426_cov_3.689157	6426	44.51
GC1003827_G04_NODE_45_length_6410_cov_4.593665	6410	51.67
GC1003827_G04_NODE_46_length_6402_cov_9.255139	6402	45.72
GC1003827_G04_NODE_47_length_6395_cov_3.397735	6395	45.25
GC1003827_G04_NODE_48_length_6381_cov_4.957307	6381	43.24
GC1003827_G04_NODE_49_length_6381_cov_4.287816	6381	47.05
GC1003827_G04_NODE_50_length_6366_cov_7.108992	6366	42.30
GC1003827_G04_NODE_51_length_6366_cov_6.470107	6366	46.69
GC1003827_G04_NODE_52_length_6365_cov_5.397724	6365	50.29
GC1003827_G04_NODE_53_length_6304_cov_9.049215	6304	50.22
GC1003827_G04_NODE_54_length_6300_cov_7.332739	6300	45.79
GC1003827_G04_NODE_55_length_6266_cov_7.560841	6266	46.78
GC1003827_G04_NODE_56_length_6250_cov_5.164625	6250	44.74
GC1003827_G04_NODE_57_length_6219_cov_4.846684	6219	45.39
GC1003827_G04_NODE_58_length_6218_cov_3.489246	6218	44.16
GC1003827_G04_NODE_59_length_6194_cov_4.741882	6194	44.22
GC1003827_G04_NODE_60_length_6160_cov_5.877507	6160	48.08
GC1003827_G04_NODE_61_length_6155_cov_3.509788	6155	46.09
GC1003827_G04_NODE_62_length_6143_cov_5.057680	6143	44.03
GC1003827_G04_NODE_63_length_6120_cov_4.529284	6120	42.76
GC1003827_G04_NODE_64_length_6068_cov_4.532065	6068	44.45
GC1003827_G04_NODE_65_length_6062_cov_9.217860	6062	44.99
GC1003827_G04_NODE_66_length_6021_cov_4.300984	6021	44.36
GC1003827_G04_NODE_67_length_6012_cov_20.042821	6012	42.83
GC1003827_G04_NODE_68_length_5983_cov_2.062671	5983	45.43
GC1003827_G04_NODE_69_length_5977_cov_6.290085	5977	43.48
GC1003827_G04_NODE_70_length_5973_cov_4.995553	5973	46.54
GC1003827_G04_NODE_71_length_5958_cov_7.756474	5958	42.16
GC1003827_G04_NODE_72_length_5941_cov_9.517716	5941	44.39
GC1003827_G04_NODE_73_length_5931_cov_5.779635	5931	45.95
GC1003827_G04_NODE_74_length_5907_cov_6.572837	5907	48.48
GC1003827_G04_NODE_75_length_5895_cov_12.196775	5895	45.19
GC1003827_G04_NODE_76_length_5891_cov_4.910826	5891	45.82
GC1003827_G04_NODE_77_length_5863_cov_11.928522	5863	45.23
GC1003827_G04_NODE_78_length_5848_cov_4.606188	5848	44.20
GC1003827_G04_NODE_79_length_5843_cov_3.197166	5843	49.22
GC1003827_G04_NODE_80_length_5838_cov_5.497811	5838	45.14
GC1003827_G04_NODE_81_length_5822_cov_6.286743	5822	45.14
GC1003827_G04_NODE_82_length_5817_cov_3.904569	5817	44.68
GC1003827_G04_NODE_83_length_5786_cov_5.786711	5786	46.79
GC1003827_G04_NODE_84_length_5785_cov_17.489926	5785	43.09
GC1003827_G04_NODE_85_length_5783_cov_15.883840	5783	44.77
GC1003827_G04_NODE_86_length_5766_cov_5.317255	5766	47.61
GC1003827_G04_NODE_87_length_5752_cov_5.862578	5752	44.47
GC1003827_G04_NODE_88_length_5744_cov_6.142603	5744	46.74
GC1003827_G04_NODE_89_length_5731_cov_5.678979	5731	45.19
GC1003827_G04_NODE_90_length_5731_cov_5.337794	5731	45.52
GC1003827_G04_NODE_91_length_5694_cov_6.800072	5694	51.63
GC1003827_G04_NODE_92_length_5694_cov_4.831327	5694	47.05
GC1003827_G04_NODE_93_length_5688_cov_10.565726	5688	46.84
GC1003827_G04_NODE_94_length_5679_cov_6.836275	5679	43.32
GC1003827_G04_NODE_95_length_5620_cov_5.654469	5620	44.06
GC1003827_G04_NODE_96_length_5590_cov_4.714809	5590	45.96
GC1003827_G04_NODE_97_length_5588_cov_12.542758	5588	44.76
GC1003827_G04_NODE_98_length_5587_cov_5.961355	5587	43.08
GC1003827_G04_NODE_99_length_5585_cov_10.563576	5585	45.69
GC1003827_G04_NODE_100_length_5583_cov_4.142595	5583	46.50
GC1003827_G04_NODE_101_length_5569_cov_6.072216	5569	44.91
GC1003827_G04_NODE_102_length_5565_cov_4.089739	5565	44.35
GC1003827_G04_NODE_103_length_5543_cov_8.680391	5543	58.90
GC1003827_G04_NODE_104_length_5539_cov_3.863082	5539	47.66
GC1003827_G04_NODE_105_length_5523_cov_5.745182	5523	45.66
GC1003827_G04_NODE_106_length_5521_cov_18.313682	5521	47.53
GC1003827_G04_NODE_107_length_5521_cov_7.986466	5521	45.03
GC1003827_G04_NODE_108_length_5518_cov_7.161195	5518	63.65
GC1003827_G04_NODE_109_length_5516_cov_8.117276	5516	46.50
GC1003827_G04_NODE_110_length_5475_cov_6.604338	5475	50.92
GC1003827_G04_NODE_111_length_5464_cov_3.817500	5464	49.91
GC1003827_G04_NODE_112_length_5456_cov_6.269844	5456	45.31
GC1003827_G04_NODE_113_length_5454_cov_6.985545	5454	50.20
GC1003827_G04_NODE_114_length_5429_cov_5.466994	5429	44.48
GC1003827_G04_NODE_115_length_5426_cov_8.040951	5426	48.42
GC1003827_G04_NODE_116_length_5424_cov_6.939588	5424	49.65
GC1003827_G04_NODE_117_length_5420_cov_3.593425	5420	47.64
GC1003827_G04_NODE_118_length_5402_cov_6.483033	5402	43.02
GC1003827_G04_NODE_119_length_5377_cov_4.943238	5377	50.10
GC1003827_G04_NODE_120_length_5355_cov_8.635807	5355	44.22
GC1003827_G04_NODE_121_length_5354_cov_9.687201	5354	45.91
GC1003827_G04_NODE_122_length_5304_cov_5.409890	5304	49.34
GC1003827_G04_NODE_123_length_5298_cov_4.552118	5298	44.19
GC1003827_G04_NODE_124_length_5292_cov_3.415876	5292	43.12
GC1003827_G04_NODE_125_length_5289_cov_7.532933	5289	45.11
GC1003827_G04_NODE_126_length_5289_cov_4.408369	5289	44.39
GC1003827_G04_NODE_127_length_5283_cov_2.969162	5283	49.67
GC1003827_G04_NODE_128_length_5278_cov_2.282081	5278	48.86
GC1003827_G04_NODE_129_length_5274_cov_6.930056	5274	49.32
GC1003827_G04_NODE_130_length_5273_cov_6.254567	5273	43.79
GC1003827_G04_NODE_131_length_5266_cov_7.700136	5266	46.15
GC1003827_G04_NODE_132_length_5252_cov_4.276098	5252	45.34
GC1003827_G04_NODE_133_length_5241_cov_5.791357	5241	45.93
GC1003827_G04_NODE_134_length_5236_cov_5.347818	5236	50.78
GC1003827_G04_NODE_135_length_5221_cov_7.723204	5221	44.26
GC1003827_G04_NODE_136_length_5221_cov_4.149784	5221	52.81
GC1003827_G04_NODE_137_length_5220_cov_5.829963	5220	46.17
GC1003827_G04_NODE_138_length_5213_cov_2.983091	5213	44.14
GC1003827_G04_NODE_139_length_5205_cov_7.111461	5205	42.73
GC1003827_G04_NODE_140_length_5203_cov_9.528172	5203	45.94
GC1003827_G04_NODE_141_length_5201_cov_7.269216	5201	44.24
GC1003827_G04_NODE_142_length_5196_cov_6.487867	5196	44.13
GC1003827_G04_NODE_143_length_5184_cov_18.079889	5184	47.65
GC1003827_G04_NODE_144_length_5182_cov_6.067260	5182	47.34
GC1003827_G04_NODE_145_length_5167_cov_11.813294	5167	49.29
GC1003827_G04_NODE_146_length_5162_cov_8.798411	5162	44.94
GC1003827_G04_NODE_147_length_5154_cov_6.234732	5154	46.33
GC1003827_G04_NODE_148_length_5147_cov_7.284263	5147	49.41
GC1003827_G04_NODE_149_length_5145_cov_5.248505	5145	44.22
GC1003827_G04_NODE_150_length_5130_cov_6.533880	5130	49.75
GC1003827_G04_NODE_151_length_5128_cov_2.605079	5128	47.87
GC1003827_G04_NODE_152_length_5119_cov_16.152845	5119	44.56
GC1003827_G04_NODE_153_length_5115_cov_8.588212	5115	45.24
GC1003827_G04_NODE_154_length_5115_cov_5.176022	5115	46.61
GC1003827_G04_NODE_155_length_5104_cov_5.448061	5104	43.26
GC1003827_G04_NODE_156_length_5088_cov_6.869381	5088	45.79
GC1003827_G04_NODE_157_length_5085_cov_5.543768	5085	47.55
GC1003827_G04_NODE_158_length_5082_cov_6.238951	5082	42.35
GC1003827_G04_NODE_159_length_5079_cov_13.438409	5079	43.73
GC1003827_G04_NODE_160_length_5062_cov_7.168186	5062	45.26
GC1003827_G04_NODE_161_length_5058_cov_3.009329	5058	45.85
GC1003827_G04_NODE_162_length_5054_cov_5.703471	5054	46.54
GC1003827_G04_NODE_163_length_5050_cov_5.152752	5050	47.60
GC1003827_G04_NODE_164_length_5036_cov_2.218782	5036	48.55
GC1003827_G04_NODE_165_length_5032_cov_5.141692	5032	52.01
GC1003827_G04_NODE_166_length_5025_cov_8.645570	5025	46.11
GC1003827_G04_NODE_167_length_5011_cov_10.983825	5011	45.14
GC1003827_G04_NODE_168_length_5008_cov_4.699242	5008	50.06
GC1003827_G04_NODE_169_length_5003_cov_11.024815	5003	43.11
GC1003827_G04_NODE_170_length_4998_cov_8.456990	4998	49.80
GC1003827_G04_NODE_171_length_4989_cov_6.391403	4989	47.10
GC1003827_G04_NODE_172_length_4986_cov_4.559992	4986	41.70
GC1003827_G04_NODE_173_length_4979_cov_3.303380	4979	43.48
GC1003827_G04_NODE_174_length_4969_cov_7.600578	4969	47.55
GC1003827_G04_NODE_175_length_4964_cov_3.373579	4964	43.51
GC1003827_G04_NODE_176_length_4957_cov_4.778882	4957	45.69
GC1003827_G04_NODE_177_length_4956_cov_2.388693	4956	44.83
GC1003827_G04_NODE_178_length_4947_cov_6.964938	4947	45.32
GC1003827_G04_NODE_179_length_4943_cov_6.818522	4943	43.27
GC1003827_G04_NODE_180_length_4929_cov_5.693461	4929	47.33
GC1003827_G04_NODE_181_length_4924_cov_5.332916	4924	44.74
GC1003827_G04_NODE_182_length_4915_cov_7.472640	4915	50.11
GC1003827_G04_NODE_183_length_4911_cov_8.959030	4911	45.69
GC1003827_G04_NODE_184_length_4902_cov_8.922304	4902	46.39
GC1003827_G04_NODE_185_length_4901_cov_7.217847	4901	39.95
GC1003827_G04_NODE_186_length_4898_cov_6.523161	4898	43.14
GC1003827_G04_NODE_187_length_4889_cov_10.267745	4889	45.45
GC1003827_G04_NODE_188_length_4887_cov_6.468908	4887	44.16
GC1003827_G04_NODE_189_length_4872_cov_2.122445	4872	48.67
GC1003827_G04_NODE_190_length_4868_cov_4.063489	4868	49.79
GC1003827_G04_NODE_191_length_4863_cov_3.764569	4863	49.83
GC1003827_G04_NODE_192_length_4857_cov_7.841226	4857	43.65
GC1003827_G04_NODE_193_length_4855_cov_9.131345	4855	43.87
GC1003827_G04_NODE_194_length_4854_cov_7.163529	4854	44.44
GC1003827_G04_NODE_195_length_4847_cov_7.660381	4847	43.39
GC1003827_G04_NODE_196_length_4843_cov_3.992154	4843	49.97
GC1003827_G04_NODE_197_length_4839_cov_6.840620	4839	46.64
GC1003827_G04_NODE_198_length_4838_cov_7.591806	4838	45.97
GC1003827_G04_NODE_199_length_4835_cov_9.740229	4835	45.52
GC1003827_G04_NODE_200_length_4835_cov_9.717077	4835	43.76
GC1003827_G04_NODE_201_length_4830_cov_3.440782	4830	46.42
GC1003827_G04_NODE_202_length_4830_cov_3.410376	4830	50.56
GC1003827_G04_NODE_203_length_4827_cov_4.292766	4827	46.65
GC1003827_G04_NODE_204_length_4825_cov_7.330992	4825	47.46
GC1003827_G04_NODE_205_length_4824_cov_6.020864	4824	47.28
GC1003827_G04_NODE_206_length_4813_cov_4.420188	4813	45.07
GC1003827_G04_NODE_207_length_4808_cov_3.588122	4808	44.45
GC1003827_G04_NODE_208_length_4799_cov_7.715111	4799	44.11
GC1003827_G04_NODE_209_length_4791_cov_8.569039	4791	49.18
GC1003827_G04_NODE_210_length_4790_cov_8.425906	4790	46.37
GC1003827_G04_NODE_211_length_4785_cov_5.612924	4785	47.15
GC1003827_G04_NODE_212_length_4782_cov_3.608378	4782	43.48
GC1003827_G04_NODE_213_length_4774_cov_7.584463	4774	46.67
GC1003827_G04_NODE_214_length_4766_cov_5.073292	4766	40.31
GC1003827_G04_NODE_215_length_4765_cov_5.429495	4765	49.28
GC1003827_G04_NODE_216_length_4763_cov_6.083261	4763	49.55
GC1003827_G04_NODE_217_length_4760_cov_3.744442	4760	49.60
GC1003827_G04_NODE_218_length_4759_cov_6.101900	4759	45.98
GC1003827_G04_NODE_219_length_4753_cov_11.808042	4753	45.61
GC1003827_G04_NODE_220_length_4752_cov_6.904216	4752	45.39
GC1003827_G04_NODE_221_length_4749_cov_10.216357	4749	48.62
GC1003827_G04_NODE_222_length_4742_cov_3.026436	4742	46.79
GC1003827_G04_NODE_223_length_4741_cov_6.828132	4741	42.69
GC1003827_G04_NODE_224_length_4739_cov_6.364918	4739	47.92
GC1003827_G04_NODE_225_length_4724_cov_7.038286	4724	48.75
GC1003827_G04_NODE_226_length_4723_cov_3.984987	4723	51.73
GC1003827_G04_NODE_227_length_4719_cov_7.647213	4719	47.17
GC1003827_G04_NODE_228_length_4708_cov_5.651604	4708	47.24
GC1003827_G04_NODE_229_length_4703_cov_6.226399	4703	45.46
GC1003827_G04_NODE_230_length_4701_cov_7.197202	4701	43.93
GC1003827_G04_NODE_231_length_4701_cov_6.632269	4701	45.37
GC1003827_G04_NODE_232_length_4698_cov_9.850361	4698	45.96
GC1003827_G04_NODE_233_length_4694_cov_3.739435	4694	43.82
GC1003827_G04_NODE_234_length_4691_cov_6.797108	4691	42.81
GC1003827_G04_NODE_235_length_4689_cov_8.898948	4689	46.41
GC1003827_G04_NODE_236_length_4687_cov_5.385746	4687	46.77
GC1003827_G04_NODE_237_length_4687_cov_4.340789	4687	44.53
GC1003827_G04_NODE_238_length_4685_cov_3.845766	4685	54.43
GC1003827_G04_NODE_239_length_4676_cov_8.352385	4676	41.72
GC1003827_G04_NODE_240_length_4676_cov_7.268411	4676	49.53
GC1003827_G04_NODE_241_length_4675_cov_3.568162	4675	43.32
GC1003827_G04_NODE_242_length_4673_cov_5.192477	4673	45.75
GC1003827_G04_NODE_243_length_4666_cov_3.409562	4666	43.53
GC1003827_G04_NODE_244_length_4665_cov_7.744822	4665	47.50
GC1003827_G04_NODE_245_length_4664_cov_5.131585	4664	44.53
GC1003827_G04_NODE_246_length_4662_cov_8.137155	4662	44.70
GC1003827_G04_NODE_247_length_4661_cov_7.977944	4661	46.49
GC1003827_G04_NODE_248_length_4635_cov_5.732919	4635	43.71
GC1003827_G04_NODE_249_length_4632_cov_4.956271	4632	44.26
GC1003827_G04_NODE_250_length_4622_cov_5.560178	4622	49.18
GC1003827_G04_NODE_251_length_4617_cov_9.292873	4617	50.08
GC1003827_G04_NODE_252_length_4617_cov_3.150334	4617	45.18
GC1003827_G04_NODE_253_length_4616_cov_3.087102	4616	48.81
GC1003827_G04_NODE_254_length_4609_cov_5.406069	4609	45.24
GC1003827_G04_NODE_255_length_4606_cov_3.584059	4606	49.04
GC1003827_G04_NODE_256_length_4605_cov_4.298571	4605	48.06
GC1003827_G04_NODE_257_length_4602_cov_9.581453	4602	45.09
GC1003827_G04_NODE_258_length_4600_cov_8.638498	4600	48.22
GC1003827_G04_NODE_259_length_4599_cov_5.865608	4599	44.21
GC1003827_G04_NODE_260_length_4597_cov_5.617002	4597	44.42
GC1003827_G04_NODE_261_length_4590_cov_22.026216	4590	46.12
GC1003827_G04_NODE_262_length_4590_cov_4.803271	4590	46.01
GC1003827_G04_NODE_263_length_4587_cov_8.394619	4587	45.89
GC1003827_G04_NODE_264_length_4587_cov_6.773543	4587	45.15
GC1003827_G04_NODE_265_length_4585_cov_6.239121	4585	47.61
GC1003827_G04_NODE_266_length_4583_cov_6.389811	4583	45.43
GC1003827_G04_NODE_267_length_4579_cov_4.461590	4579	49.31
GC1003827_G04_NODE_268_length_4576_cov_9.432906	4576	48.54
GC1003827_G04_NODE_269_length_4573_cov_5.274629	4573	43.84
GC1003827_G04_NODE_270_length_4568_cov_4.199955	4568	47.09
GC1003827_G04_NODE_271_length_4564_cov_7.388776	4564	43.49
GC1003827_G04_NODE_272_length_4560_cov_4.007219	4560	46.60
GC1003827_G04_NODE_273_length_4555_cov_4.500903	4555	47.40
GC1003827_G04_NODE_274_length_4553_cov_6.410529	4553	42.04
GC1003827_G04_NODE_275_length_4552_cov_4.526328	4552	43.61
GC1003827_G04_NODE_276_length_4547_cov_17.326244	4547	49.20
GC1003827_G04_NODE_277_length_4539_cov_9.338622	4539	43.64
GC1003827_G04_NODE_278_length_4539_cov_7.079102	4539	50.03
GC1003827_G04_NODE_279_length_4539_cov_5.410925	4539	47.48
GC1003827_G04_NODE_280_length_4539_cov_4.153445	4539	43.34
GC1003827_G04_NODE_281_length_4530_cov_6.325460	4530	42.47
GC1003827_G04_NODE_282_length_4529_cov_8.147887	4529	47.85
GC1003827_G04_NODE_283_length_4528_cov_7.308339	4528	46.00
GC1003827_G04_NODE_284_length_4528_cov_3.825721	4528	50.91
GC1003827_G04_NODE_285_length_4523_cov_4.858735	4523	45.48
GC1003827_G04_NODE_286_length_4521_cov_3.040055	4521	44.41
GC1003827_G04_NODE_287_length_4515_cov_2.435278	4515	43.65
GC1003827_G04_NODE_288_length_4512_cov_8.377651	4512	50.84
GC1003827_G04_NODE_289_length_4511_cov_4.276916	4511	50.08
GC1003827_G04_NODE_290_length_4508_cov_3.873317	4508	47.58
GC1003827_G04_NODE_291_length_4506_cov_2.992236	4506	46.80
GC1003827_G04_NODE_292_length_4504_cov_8.043409	4504	43.43
GC1003827_G04_NODE_293_length_4503_cov_3.929845	4503	50.70
GC1003827_G04_NODE_294_length_4500_cov_4.462840	4500	46.24
GC1003827_G04_NODE_295_length_4498_cov_9.973690	4498	43.64
GC1003827_G04_NODE_296_length_4497_cov_11.347140	4497	47.72
GC1003827_G04_NODE_297_length_4485_cov_4.949059	4485	42.61
GC1003827_G04_NODE_298_length_4485_cov_4.516521	4485	50.08
GC1003827_G04_NODE_299_length_4484_cov_2.233647	4484	43.64
GC1003827_G04_NODE_300_length_4483_cov_8.841368	4483	45.35
GC1003827_G04_NODE_301_length_4480_cov_6.034459	4480	45.00
GC1003827_G04_NODE_302_length_4479_cov_4.311351	4479	43.74
GC1003827_G04_NODE_303_length_4478_cov_5.296713	4478	46.87
GC1003827_G04_NODE_304_length_4478_cov_3.612273	4478	46.69
GC1003827_G04_NODE_305_length_4473_cov_7.709388	4473	46.05
GC1003827_G04_NODE_306_length_4468_cov_4.900714	4468	50.36
GC1003827_G04_NODE_307_length_4462_cov_8.846367	4462	44.46
GC1003827_G04_NODE_308_length_4459_cov_4.438366	4459	43.13
GC1003827_G04_NODE_309_length_4458_cov_10.478181	4458	44.57
GC1003827_G04_NODE_310_length_4455_cov_5.335028	4455	42.18
GC1003827_G04_NODE_311_length_4452_cov_3.743584	4452	59.28
GC1003827_G04_NODE_312_length_4451_cov_5.129510	4451	45.47
GC1003827_G04_NODE_313_length_4451_cov_3.335569	4451	45.20
GC1003827_G04_NODE_314_length_4445_cov_3.981704	4445	46.43
GC1003827_G04_NODE_315_length_4442_cov_9.107300	4442	42.66
GC1003827_G04_NODE_316_length_4439_cov_5.530380	4439	50.60
GC1003827_G04_NODE_317_length_4436_cov_6.263170	4436	48.24
GC1003827_G04_NODE_318_length_4435_cov_5.880223	4435	48.16
GC1003827_G04_NODE_319_length_4434_cov_11.280474	4434	48.06
GC1003827_G04_NODE_320_length_4433_cov_5.399675	4433	50.60
GC1003827_G04_NODE_321_length_4431_cov_11.955390	4431	42.27
GC1003827_G04_NODE_322_length_4424_cov_5.634163	4424	50.18
GC1003827_G04_NODE_323_length_4421_cov_5.548905	4421	44.20
GC1003827_G04_NODE_324_length_4419_cov_6.782153	4419	46.44
GC1003827_G04_NODE_325_length_4410_cov_7.313799	4410	48.30
GC1003827_G04_NODE_326_length_4406_cov_7.600374	4406	44.03
GC1003827_G04_NODE_327_length_4404_cov_9.870938	4404	46.62
GC1003827_G04_NODE_328_length_4403_cov_12.517306	4403	42.61
GC1003827_G04_NODE_329_length_4400_cov_4.960215	4400	45.50
GC1003827_G04_NODE_330_length_4393_cov_10.331458	4393	45.73
GC1003827_G04_NODE_331_length_4390_cov_4.243021	4390	44.58
GC1003827_G04_NODE_332_length_4382_cov_7.349941	4382	46.81
GC1003827_G04_NODE_333_length_4382_cov_3.569918	4382	46.39
GC1003827_G04_NODE_334_length_4380_cov_16.097578	4380	44.32
GC1003827_G04_NODE_335_length_4379_cov_8.087959	4379	44.78
GC1003827_G04_NODE_336_length_4379_cov_3.711430	4379	45.12
GC1003827_G04_NODE_337_length_4378_cov_12.551870	4378	45.36
GC1003827_G04_NODE_338_length_4362_cov_6.530815	4362	43.05
GC1003827_G04_NODE_339_length_4361_cov_7.914974	4361	44.58
GC1003827_G04_NODE_340_length_4360_cov_6.141743	4360	49.72
GC1003827_G04_NODE_341_length_4359_cov_11.904537	4359	43.06
GC1003827_G04_NODE_342_length_4352_cov_2.870533	4352	43.45
GC1003827_G04_NODE_343_length_4350_cov_6.143973	4350	46.16
GC1003827_G04_NODE_344_length_4345_cov_8.124704	4345	49.57
GC1003827_G04_NODE_345_length_4343_cov_9.473672	4343	44.16
GC1003827_G04_NODE_346_length_4340_cov_8.541894	4340	45.71
GC1003827_G04_NODE_347_length_4338_cov_3.982190	4338	48.27
GC1003827_G04_NODE_348_length_4333_cov_7.497147	4333	44.01
GC1003827_G04_NODE_349_length_4332_cov_6.190488	4332	44.41
GC1003827_G04_NODE_350_length_4331_cov_5.556375	4331	45.97
GC1003827_G04_NODE_351_length_4324_cov_6.827019	4324	45.72
GC1003827_G04_NODE_352_length_4324_cov_6.267334	4324	43.27
GC1003827_G04_NODE_353_length_4324_cov_4.430784	4324	47.50
GC1003827_G04_NODE_354_length_4322_cov_6.315852	4322	45.03
GC1003827_G04_NODE_355_length_4321_cov_7.333095	4321	44.43
GC1003827_G04_NODE_356_length_4320_cov_6.944193	4320	49.54
GC1003827_G04_NODE_357_length_4319_cov_4.897662	4319	50.45
GC1003827_G04_NODE_358_length_4317_cov_6.458711	4317	46.24
GC1003827_G04_NODE_359_length_4316_cov_7.956553	4316	50.05
GC1003827_G04_NODE_360_length_4315_cov_3.800621	4315	42.71
GC1003827_G04_NODE_361_length_4315_cov_2.395893	4315	47.86
GC1003827_G04_NODE_362_length_4311_cov_3.141730	4311	46.42
GC1003827_G04_NODE_363_length_4310_cov_4.123596	4310	46.89
GC1003827_G04_NODE_364_length_4309_cov_3.593496	4309	48.83
GC1003827_G04_NODE_365_length_4303_cov_8.208812	4303	43.04
GC1003827_G04_NODE_366_length_4301_cov_3.794442	4301	53.82
GC1003827_G04_NODE_367_length_4300_cov_10.368081	4300	44.56
GC1003827_G04_NODE_368_length_4298_cov_5.191321	4298	48.02
GC1003827_G04_NODE_369_length_4297_cov_10.293765	4297	44.01
GC1003827_G04_NODE_370_length_4296_cov_4.871672	4296	46.37
GC1003827_G04_NODE_371_length_4291_cov_9.834774	4291	45.21
GC1003827_G04_NODE_372_length_4287_cov_6.668990	4287	44.04
GC1003827_G04_NODE_373_length_4286_cov_4.605434	4286	50.98
GC1003827_G04_NODE_374_length_4273_cov_9.783164	4273	48.37
GC1003827_G04_NODE_375_length_4273_cov_2.668596	4273	46.27
GC1003827_G04_NODE_376_length_4270_cov_9.802317	4270	47.61
GC1003827_G04_NODE_377_length_4269_cov_5.722839	4269	47.83
GC1003827_G04_NODE_378_length_4268_cov_6.771553	4268	46.81
GC1003827_G04_NODE_379_length_4259_cov_8.949903	4259	44.40
GC1003827_G04_NODE_380_length_4256_cov_4.007750	4256	46.26
GC1003827_G04_NODE_381_length_4254_cov_13.420160	4254	49.48
GC1003827_G04_NODE_382_length_4253_cov_4.285991	4253	47.38
GC1003827_G04_NODE_383_length_4252_cov_3.943030	4252	49.06
GC1003827_G04_NODE_384_length_4234_cov_3.819576	4234	44.19
GC1003827_G04_NODE_385_length_4231_cov_12.937135	4231	42.26
GC1003827_G04_NODE_386_length_4231_cov_5.884016	4231	43.82
GC1003827_G04_NODE_387_length_4228_cov_6.380639	4228	44.06
GC1003827_G04_NODE_388_length_4227_cov_8.742195	4227	47.41
GC1003827_G04_NODE_389_length_4225_cov_8.725720	4225	47.79
GC1003827_G04_NODE_390_length_4224_cov_5.649744	4224	47.02
GC1003827_G04_NODE_391_length_4217_cov_5.269193	4217	50.32
GC1003827_G04_NODE_392_length_4213_cov_8.849976	4213	44.48
GC1003827_G04_NODE_393_length_4209_cov_5.485546	4209	46.97
GC1003827_G04_NODE_394_length_4206_cov_6.273596	4206	46.70
GC1003827_G04_NODE_395_length_4205_cov_8.828102	4205	45.99
GC1003827_G04_NODE_396_length_4204_cov_4.026245	4204	44.79
GC1003827_G04_NODE_397_length_4202_cov_4.354356	4202	45.48
GC1003827_G04_NODE_398_length_4200_cov_2.557574	4200	48.55
GC1003827_G04_NODE_399_length_4198_cov_2.964137	4198	48.43
GC1003827_G04_NODE_400_length_4189_cov_12.907435	4189	45.93
GC1003827_G04_NODE_401_length_4189_cov_5.342196	4189	45.43
GC1003827_G04_NODE_402_length_4185_cov_2.934943	4185	43.89
GC1003827_G04_NODE_403_length_4183_cov_6.902120	4183	48.70
GC1003827_G04_NODE_404_length_4182_cov_8.127990	4182	44.79
GC1003827_G04_NODE_405_length_4181_cov_9.685249	4181	51.02
GC1003827_G04_NODE_406_length_4181_cov_5.267144	4181	49.49
GC1003827_G04_NODE_407_length_4180_cov_7.910190	4180	46.24
GC1003827_G04_NODE_408_length_4177_cov_8.447901	4177	46.49
GC1003827_G04_NODE_409_length_4176_cov_4.408496	4176	48.99
GC1003827_G04_NODE_410_length_4172_cov_9.626700	4172	48.23
GC1003827_G04_NODE_411_length_4166_cov_5.967814	4166	50.05
GC1003827_G04_NODE_412_length_4165_cov_4.224864	4165	48.33
GC1003827_G04_NODE_413_length_4164_cov_7.079514	4164	46.25
GC1003827_G04_NODE_414_length_4160_cov_10.904290	4160	49.98
GC1003827_G04_NODE_415_length_4159_cov_4.761657	4159	47.61
GC1003827_G04_NODE_416_length_4158_cov_4.186306	4158	46.92
GC1003827_G04_NODE_417_length_4156_cov_7.984612	4156	46.61
GC1003827_G04_NODE_418_length_4155_cov_2.886048	4155	47.65
GC1003827_G04_NODE_419_length_4152_cov_7.445217	4152	42.05
GC1003827_G04_NODE_420_length_4147_cov_8.211194	4147	47.82
GC1003827_G04_NODE_421_length_4147_cov_5.011194	4147	43.62
GC1003827_G04_NODE_422_length_4147_cov_2.847761	4147	44.80
GC1003827_G04_NODE_423_length_4145_cov_2.919114	4145	48.49
GC1003827_G04_NODE_424_length_4144_cov_5.764750	4144	45.75
GC1003827_G04_NODE_425_length_4143_cov_4.607072	4143	45.28
GC1003827_G04_NODE_426_length_4140_cov_4.555445	4140	47.49
GC1003827_G04_NODE_427_length_4138_cov_7.475193	4138	50.27
GC1003827_G04_NODE_428_length_4136_cov_7.180594	4136	44.92
GC1003827_G04_NODE_429_length_4135_cov_5.789920	4135	47.18
GC1003827_G04_NODE_430_length_4134_cov_4.025455	4134	50.05
GC1003827_G04_NODE_431_length_4131_cov_3.085415	4131	49.26
GC1003827_G04_NODE_432_length_4129_cov_4.084208	4129	54.42
GC1003827_G04_NODE_433_length_4128_cov_7.289678	4128	43.92
GC1003827_G04_NODE_434_length_4127_cov_16.986250	4127	46.35
GC1003827_G04_NODE_435_length_4126_cov_7.462116	4126	43.89
GC1003827_G04_NODE_436_length_4124_cov_4.303978	4124	48.62
GC1003827_G04_NODE_437_length_4124_cov_4.023267	4124	43.91
GC1003827_G04_NODE_438_length_4122_cov_6.855820	4122	50.53
GC1003827_G04_NODE_439_length_4122_cov_3.693867	4122	43.45
GC1003827_G04_NODE_440_length_4120_cov_10.469321	4120	46.75
GC1003827_G04_NODE_441_length_4110_cov_5.701481	4110	48.39
GC1003827_G04_NODE_442_length_4109_cov_4.549724	4109	43.39
GC1003827_G04_NODE_443_length_4108_cov_8.736498	4108	52.82
GC1003827_G04_NODE_444_length_4107_cov_3.197236	4107	43.85
GC1003827_G04_NODE_445_length_4097_cov_2.746599	4097	45.55
GC1003827_G04_NODE_446_length_4094_cov_8.222334	4094	46.46
GC1003827_G04_NODE_447_length_4093_cov_9.057993	4093	47.59
GC1003827_G04_NODE_448_length_4093_cov_8.243066	4093	47.03
GC1003827_G04_NODE_449_length_4092_cov_3.126608	4092	45.65
GC1003827_G04_NODE_450_length_4090_cov_5.618723	4090	44.30
GC1003827_G04_NODE_451_length_4088_cov_9.497097	4088	47.82
GC1003827_G04_NODE_452_length_4086_cov_6.244001	4086	47.94
GC1003827_G04_NODE_453_length_4083_cov_5.644590	4083	48.76
GC1003827_G04_NODE_454_length_4079_cov_5.531377	4079	44.91
GC1003827_G04_NODE_455_length_4077_cov_7.402278	4077	49.13
GC1003827_G04_NODE_456_length_4077_cov_6.392911	4077	39.69
GC1003827_G04_NODE_457_length_4070_cov_5.709358	4070	48.77
GC1003827_G04_NODE_458_length_4068_cov_10.715808	4068	47.39
GC1003827_G04_NODE_459_length_4065_cov_7.332402	4065	46.22
GC1003827_G04_NODE_460_length_4061_cov_6.018556	4061	46.34
GC1003827_G04_NODE_461_length_4061_cov_3.246823	4061	45.38
GC1003827_G04_NODE_462_length_4060_cov_4.828375	4060	47.27
GC1003827_G04_NODE_463_length_4058_cov_6.005342	4058	48.92
GC1003827_G04_NODE_464_length_4050_cov_7.929136	4050	43.98
GC1003827_G04_NODE_465_length_4046_cov_6.273029	4046	46.32
GC1003827_G04_NODE_466_length_4043_cov_7.284729	4043	47.79
GC1003827_G04_NODE_467_length_4041_cov_20.443025	4041	47.36
GC1003827_G04_NODE_468_length_4041_cov_3.892693	4041	48.50
GC1003827_G04_NODE_469_length_4040_cov_5.845898	4040	49.18
GC1003827_G04_NODE_470_length_4036_cov_6.077258	4036	45.34
GC1003827_G04_NODE_471_length_4036_cov_5.465081	4036	44.03
GC1003827_G04_NODE_472_length_4035_cov_5.829836	4035	46.07
GC1003827_G04_NODE_473_length_4035_cov_3.405067	4035	45.38
GC1003827_G04_NODE_474_length_4033_cov_8.796723	4033	45.25
GC1003827_G04_NODE_475_length_4033_cov_7.163594	4033	45.95
GC1003827_G04_NODE_476_length_4033_cov_4.441372	4033	45.23
GC1003827_G04_NODE_477_length_4032_cov_4.298848	4032	42.41
GC1003827_G04_NODE_478_length_4030_cov_25.777351	4030	42.33
GC1003827_G04_NODE_479_length_4030_cov_3.982578	4030	48.93
GC1003827_G04_NODE_480_length_4028_cov_9.343245	4028	45.33
GC1003827_G04_NODE_481_length_4026_cov_4.601436	4026	49.63
GC1003827_G04_NODE_482_length_4025_cov_5.195998	4025	50.11
GC1003827_G04_NODE_483_length_4019_cov_8.458119	4019	48.37
GC1003827_G04_NODE_484_length_4018_cov_12.826523	4018	44.97
GC1003827_G04_NODE_485_length_4018_cov_7.117451	4018	46.74
GC1003827_G04_NODE_486_length_4018_cov_2.923670	4018	48.68
GC1003827_G04_NODE_487_length_4018_cov_2.879979	4018	49.10
GC1003827_G04_NODE_488_length_4016_cov_12.144767	4016	60.88
GC1003827_G04_NODE_489_length_4016_cov_2.699151	4016	49.20
GC1003827_G04_NODE_490_length_4014_cov_9.232313	4014	50.42
GC1003827_G04_NODE_491_length_4010_cov_6.260881	4010	44.26
GC1003827_G04_NODE_492_length_4007_cov_6.501289	4007	43.05
GC1003827_G04_NODE_493_length_4005_cov_6.631769	4005	43.67
GC1003827_G04_NODE_494_length_4005_cov_4.151367	4005	49.49
GC1003827_G04_NODE_495_length_4004_cov_3.969048	4004	46.35
GC1003827_G04_NODE_496_length_4003_cov_3.324303	4003	44.79
GC1003827_G04_NODE_497_length_4002_cov_10.529032	4002	43.60
GC1003827_G04_NODE_498_length_3998_cov_7.406613	3998	48.75
GC1003827_G04_NODE_499_length_3997_cov_4.678295	3997	46.18
GC1003827_G04_NODE_500_length_3995_cov_10.119442	3995	45.68
GC1003827_G04_NODE_501_length_3992_cov_12.185511	3992	48.07
GC1003827_G04_NODE_502_length_3991_cov_9.590062	3991	45.43
GC1003827_G04_NODE_503_length_3981_cov_8.531915	3981	44.91
GC1003827_G04_NODE_504_length_3981_cov_4.291386	3981	45.57
GC1003827_G04_NODE_505_length_3979_cov_11.325805	3979	47.63
GC1003827_G04_NODE_506_length_3978_cov_6.603739	3978	49.45
GC1003827_G04_NODE_507_length_3977_cov_8.157143	3977	45.61
GC1003827_G04_NODE_508_length_3977_cov_4.748052	3977	45.46
GC1003827_G04_NODE_509_length_3972_cov_11.768270	3972	41.92
GC1003827_G04_NODE_510_length_3967_cov_8.017969	3967	47.26
GC1003827_G04_NODE_511_length_3966_cov_8.175046	3966	45.94
GC1003827_G04_NODE_512_length_3966_cov_6.772076	3966	48.06
GC1003827_G04_NODE_513_length_3965_cov_8.095362	3965	47.84
GC1003827_G04_NODE_514_length_3964_cov_18.797237	3964	50.33
GC1003827_G04_NODE_515_length_3962_cov_13.564276	3962	47.91
GC1003827_G04_NODE_516_length_3962_cov_6.597132	3962	44.83
GC1003827_G04_NODE_517_length_3962_cov_0.936636	3962	68.78
GC1003827_G04_NODE_518_length_3959_cov_6.607255	3959	48.50
GC1003827_G04_NODE_519_length_3959_cov_5.651096	3959	42.64
GC1003827_G04_NODE_520_length_3958_cov_4.987210	3958	45.40
GC1003827_G04_NODE_521_length_3958_cov_2.146437	3958	48.84
GC1003827_G04_NODE_522_length_3957_cov_5.753264	3957	41.98
GC1003827_G04_NODE_523_length_3955_cov_7.018286	3955	46.42
GC1003827_G04_NODE_524_length_3954_cov_3.935981	3954	44.97
GC1003827_G04_NODE_525_length_3953_cov_8.943283	3953	49.51
GC1003827_G04_NODE_526_length_3950_cov_6.687680	3950	44.58
GC1003827_G04_NODE_527_length_3950_cov_3.153544	3950	44.30
GC1003827_G04_NODE_528_length_3947_cov_3.840314	3947	52.34
GC1003827_G04_NODE_529_length_3945_cov_8.998690	3945	43.02
GC1003827_G04_NODE_530_length_3943_cov_3.839361	3943	51.00
GC1003827_G04_NODE_531_length_3942_cov_5.757274	3942	42.69
GC1003827_G04_NODE_532_length_3937_cov_14.432546	3937	45.87
GC1003827_G04_NODE_533_length_3937_cov_3.743570	3937	49.35
GC1003827_G04_NODE_534_length_3935_cov_10.146534	3935	39.14
GC1003827_G04_NODE_535_length_3935_cov_4.336397	3935	48.06
GC1003827_G04_NODE_536_length_3933_cov_4.505780	3933	44.14
GC1003827_G04_NODE_537_length_3931_cov_8.098843	3931	46.58
GC1003827_G04_NODE_538_length_3928_cov_4.250987	3928	46.08
GC1003827_G04_NODE_539_length_3928_cov_2.839253	3928	42.82
GC1003827_G04_NODE_540_length_3926_cov_9.920242	3926	56.90
GC1003827_G04_NODE_541_length_3925_cov_6.106372	3925	48.69
GC1003827_G04_NODE_542_length_3924_cov_7.463524	3924	46.25
GC1003827_G04_NODE_543_length_3923_cov_2.071918	3923	43.97
GC1003827_G04_NODE_544_length_3919_cov_10.534283	3919	49.68
GC1003827_G04_NODE_545_length_3919_cov_5.049578	3919	47.51
GC1003827_G04_NODE_546_length_3918_cov_3.518860	3918	49.87
GC1003827_G04_NODE_547_length_3918_cov_2.757056	3918	51.28
GC1003827_G04_NODE_548_length_3917_cov_7.186807	3917	47.79
GC1003827_G04_NODE_549_length_3916_cov_6.932964	3916	45.40
GC1003827_G04_NODE_550_length_3916_cov_5.591713	3916	50.72
GC1003827_G04_NODE_551_length_3915_cov_4.708817	3915	51.67
GC1003827_G04_NODE_552_length_3914_cov_8.631899	3914	49.95
GC1003827_G04_NODE_553_length_3914_cov_1.736203	3914	50.84
GC1003827_G04_NODE_554_length_3913_cov_3.829107	3913	48.04
GC1003827_G04_NODE_555_length_3910_cov_5.291039	3910	45.47
GC1003827_G04_NODE_556_length_3908_cov_8.208939	3908	45.96
GC1003827_G04_NODE_557_length_3906_cov_8.350622	3906	47.39
GC1003827_G04_NODE_558_length_3902_cov_3.909139	3902	49.92
GC1003827_G04_NODE_559_length_3902_cov_2.952318	3902	50.87
GC1003827_G04_NODE_560_length_3900_cov_4.502783	3900	44.23
GC1003827_G04_NODE_561_length_3898_cov_3.945638	3898	43.84
GC1003827_G04_NODE_562_length_3896_cov_3.092332	3896	45.76
GC1003827_G04_NODE_563_length_3895_cov_3.226115	3895	44.08
GC1003827_G04_NODE_564_length_3893_cov_6.905470	3893	43.98
GC1003827_G04_NODE_565_length_3893_cov_4.792618	3893	44.46
GC1003827_G04_NODE_566_length_3892_cov_8.989110	3892	50.41
GC1003827_G04_NODE_567_length_3891_cov_6.839798	3891	46.98
GC1003827_G04_NODE_568_length_3890_cov_6.600319	3890	49.10
GC1003827_G04_NODE_569_length_3890_cov_3.400213	3890	51.70
GC1003827_G04_NODE_570_length_3889_cov_8.454014	3889	47.00
GC1003827_G04_NODE_571_length_3886_cov_3.884544	3886	46.78
GC1003827_G04_NODE_572_length_3886_cov_3.261240	3886	47.48
GC1003827_G04_NODE_573_length_3885_cov_4.570250	3885	41.70
GC1003827_G04_NODE_574_length_3883_cov_10.398296	3883	46.90
GC1003827_G04_NODE_575_length_3882_cov_2.247936	3882	51.49
GC1003827_G04_NODE_576_length_3881_cov_6.684337	3881	43.13
GC1003827_G04_NODE_577_length_3881_cov_3.744273	3881	42.70
GC1003827_G04_NODE_578_length_3878_cov_8.590776	3878	43.06
GC1003827_G04_NODE_579_length_3874_cov_6.051241	3874	48.86
GC1003827_G04_NODE_580_length_3873_cov_5.510945	3873	43.12
GC1003827_G04_NODE_581_length_3871_cov_4.714744	3871	44.07
GC1003827_G04_NODE_582_length_3868_cov_4.939054	3868	47.96
GC1003827_G04_NODE_583_length_3868_cov_4.199947	3868	48.91
GC1003827_G04_NODE_584_length_3866_cov_8.206472	3866	49.43
GC1003827_G04_NODE_585_length_3865_cov_4.978866	3865	49.37
GC1003827_G04_NODE_586_length_3863_cov_5.471092	3863	43.18
GC1003827_G04_NODE_587_length_3863_cov_4.656317	3863	41.91
GC1003827_G04_NODE_588_length_3862_cov_5.094511	3862	45.47
GC1003827_G04_NODE_589_length_3856_cov_9.683025	3856	47.85
GC1003827_G04_NODE_590_length_3854_cov_8.543332	3854	46.89
GC1003827_G04_NODE_591_length_3853_cov_7.152711	3853	47.31
GC1003827_G04_NODE_592_length_3851_cov_4.125940	3851	52.97
GC1003827_G04_NODE_593_length_3848_cov_6.197796	3848	44.54
GC1003827_G04_NODE_594_length_3847_cov_4.605108	3847	42.92
GC1003827_G04_NODE_595_length_3846_cov_5.164023	3846	49.84
GC1003827_G04_NODE_596_length_3841_cov_13.151050	3841	43.48
GC1003827_G04_NODE_597_length_3840_cov_7.561002	3840	43.41
GC1003827_G04_NODE_598_length_3838_cov_4.567502	3838	46.43
GC1003827_G04_NODE_599_length_3836_cov_8.240226	3836	46.90
GC1003827_G04_NODE_600_length_3835_cov_4.342772	3835	46.23
GC1003827_G04_NODE_601_length_3834_cov_8.693013	3834	45.15
GC1003827_G04_NODE_602_length_3833_cov_13.279007	3833	46.02
GC1003827_G04_NODE_603_length_3833_cov_5.798435	3833	43.75
GC1003827_G04_NODE_604_length_3831_cov_1.986231	3831	47.04
GC1003827_G04_NODE_605_length_3830_cov_9.418039	3830	46.61
GC1003827_G04_NODE_606_length_3830_cov_4.928706	3830	46.71
GC1003827_G04_NODE_607_length_3830_cov_4.496624	3830	43.79
GC1003827_G04_NODE_608_length_3827_cov_7.615135	3827	50.93
GC1003827_G04_NODE_609_length_3827_cov_5.446757	3827	53.72
GC1003827_G04_NODE_610_length_3826_cov_6.570154	3826	43.91
GC1003827_G04_NODE_611_length_3824_cov_5.584258	3824	43.57
GC1003827_G04_NODE_612_length_3822_cov_14.282003	3822	45.21
GC1003827_G04_NODE_613_length_3822_cov_8.366171	3822	49.92
GC1003827_G04_NODE_614_length_3821_cov_8.740119	3821	49.15
GC1003827_G04_NODE_615_length_3820_cov_8.844571	3820	43.04
GC1003827_G04_NODE_616_length_3820_cov_3.215001	3820	48.95
GC1003827_G04_NODE_617_length_3811_cov_5.492128	3811	44.71
GC1003827_G04_NODE_618_length_3810_cov_4.600054	3810	48.56
GC1003827_G04_NODE_619_length_3809_cov_12.413362	3809	47.28
GC1003827_G04_NODE_620_length_3809_cov_5.343835	3809	47.83
GC1003827_G04_NODE_621_length_3809_cov_4.779739	3809	48.28
GC1003827_G04_NODE_622_length_3807_cov_11.222826	3807	43.95
GC1003827_G04_NODE_623_length_3807_cov_7.488859	3807	43.84
GC1003827_G04_NODE_624_length_3805_cov_5.444807	3805	42.86
GC1003827_G04_NODE_625_length_3804_cov_5.544738	3804	43.48
GC1003827_G04_NODE_626_length_3802_cov_3.655238	3802	44.87
GC1003827_G04_NODE_627_length_3801_cov_7.554709	3801	43.20
GC1003827_G04_NODE_628_length_3797_cov_7.723161	3797	50.14
GC1003827_G04_NODE_629_length_3795_cov_2.597056	3795	41.98
GC1003827_G04_NODE_630_length_3789_cov_8.887220	3789	42.81
GC1003827_G04_NODE_631_length_3786_cov_8.677234	3786	48.94
GC1003827_G04_NODE_632_length_3786_cov_5.835747	3786	51.24
GC1003827_G04_NODE_633_length_3785_cov_3.091853	3785	40.92
GC1003827_G04_NODE_634_length_3784_cov_13.556194	3784	47.01
GC1003827_G04_NODE_635_length_3784_cov_11.405797	3784	46.78
GC1003827_G04_NODE_636_length_3784_cov_8.618813	3784	44.34
GC1003827_G04_NODE_637_length_3781_cov_17.062397	3781	44.01
GC1003827_G04_NODE_638_length_3778_cov_9.531087	3778	46.08
GC1003827_G04_NODE_639_length_3775_cov_5.412829	3775	49.80
GC1003827_G04_NODE_640_length_3775_cov_4.017270	3775	66.28
GC1003827_G04_NODE_641_length_3774_cov_3.161777	3774	47.43
GC1003827_G04_NODE_642_length_3773_cov_4.074054	3773	43.63
GC1003827_G04_NODE_643_length_3772_cov_10.050206	3772	48.22
GC1003827_G04_NODE_644_length_3772_cov_7.703978	3772	42.74
GC1003827_G04_NODE_645_length_3771_cov_5.686334	3771	44.66
GC1003827_G04_NODE_646_length_3770_cov_7.079056	3770	47.29
GC1003827_G04_NODE_647_length_3768_cov_5.557814	3768	45.78
GC1003827_G04_NODE_648_length_3763_cov_6.195545	3763	48.71
GC1003827_G04_NODE_649_length_3763_cov_5.724697	3763	48.39
GC1003827_G04_NODE_650_length_3762_cov_7.003026	3762	44.87
GC1003827_G04_NODE_651_length_3761_cov_3.317281	3761	40.97
GC1003827_G04_NODE_652_length_3757_cov_6.735537	3757	43.76
GC1003827_G04_NODE_653_length_3757_cov_4.149587	3757	45.94
GC1003827_G04_NODE_654_length_3755_cov_2.861080	3755	47.54
GC1003827_G04_NODE_655_length_3754_cov_3.959195	3754	42.99
GC1003827_G04_NODE_656_length_3748_cov_6.330295	3748	44.10
GC1003827_G04_NODE_657_length_3745_cov_11.491432	3745	52.39
GC1003827_G04_NODE_658_length_3740_cov_4.397454	3740	44.68
GC1003827_G04_NODE_659_length_3740_cov_3.632438	3740	48.80
GC1003827_G04_NODE_660_length_3740_cov_3.600055	3740	43.42
GC1003827_G04_NODE_661_length_3739_cov_5.747508	3739	47.82
GC1003827_G04_NODE_662_length_3738_cov_6.637773	3738	45.91
GC1003827_G04_NODE_663_length_3735_cov_6.707594	3735	47.44
GC1003827_G04_NODE_664_length_3734_cov_9.272803	3734	49.52
GC1003827_G04_NODE_665_length_3734_cov_6.501525	3734	45.15
GC1003827_G04_NODE_666_length_3732_cov_6.628849	3732	46.76
GC1003827_G04_NODE_667_length_3732_cov_4.986130	3732	44.56
GC1003827_G04_NODE_668_length_3730_cov_5.801554	3730	44.05
GC1003827_G04_NODE_669_length_3729_cov_5.172127	3729	46.42
GC1003827_G04_NODE_670_length_3727_cov_5.655556	3727	45.59
GC1003827_G04_NODE_671_length_3720_cov_8.130253	3720	45.59
GC1003827_G04_NODE_672_length_3720_cov_6.114389	3720	43.01
GC1003827_G04_NODE_673_length_3719_cov_3.355791	3719	44.72
GC1003827_G04_NODE_674_length_3718_cov_8.977722	3718	44.51
GC1003827_G04_NODE_675_length_3716_cov_8.205071	3716	42.92
GC1003827_G04_NODE_676_length_3716_cov_6.980775	3716	48.47
GC1003827_G04_NODE_677_length_3715_cov_3.465440	3715	45.46
GC1003827_G04_NODE_678_length_3710_cov_6.614569	3710	44.64
GC1003827_G04_NODE_679_length_3707_cov_11.193855	3707	46.51
GC1003827_G04_NODE_680_length_3706_cov_6.240570	3706	45.20
GC1003827_G04_NODE_681_length_3704_cov_4.824993	3704	45.82
GC1003827_G04_NODE_682_length_3704_cov_3.816606	3704	48.97
GC1003827_G04_NODE_683_length_3702_cov_7.530909	3702	49.16
GC1003827_G04_NODE_684_length_3701_cov_4.413542	3701	41.93
GC1003827_G04_NODE_685_length_3699_cov_27.609462	3699	48.28
GC1003827_G04_NODE_686_length_3698_cov_8.010641	3698	45.35
GC1003827_G04_NODE_687_length_3698_cov_3.917110	3698	43.83
GC1003827_G04_NODE_688_length_3698_cov_2.196584	3698	44.21
GC1003827_G04_NODE_689_length_3697_cov_7.208123	3697	48.42
GC1003827_G04_NODE_690_length_3697_cov_6.302521	3697	48.01
GC1003827_G04_NODE_691_length_3697_cov_1.715966	3697	49.18
GC1003827_G04_NODE_692_length_3696_cov_3.226394	3696	50.35
GC1003827_G04_NODE_693_length_3694_cov_7.035604	3694	42.20
GC1003827_G04_NODE_694_length_3693_cov_3.160684	3693	47.50
GC1003827_G04_NODE_695_length_3691_cov_4.224186	3691	43.40
GC1003827_G04_NODE_696_length_3687_cov_3.415730	3687	45.97
GC1003827_G04_NODE_697_length_3686_cov_10.543411	3686	51.98
GC1003827_G04_NODE_698_length_3684_cov_9.546809	3684	43.43
GC1003827_G04_NODE_699_length_3682_cov_9.818284	3682	44.84
GC1003827_G04_NODE_700_length_3682_cov_7.931364	3682	41.01
GC1003827_G04_NODE_701_length_3681_cov_6.658976	3681	52.35
GC1003827_G04_NODE_702_length_3681_cov_4.552617	3681	47.89
GC1003827_G04_NODE_703_length_3679_cov_7.743806	3679	49.01
GC1003827_G04_NODE_704_length_3678_cov_7.281611	3678	43.64
GC1003827_G04_NODE_705_length_3678_cov_5.744016	3678	46.19
GC1003827_G04_NODE_706_length_3677_cov_7.486197	3677	44.71
GC1003827_G04_NODE_707_length_3677_cov_5.815775	3677	48.74
GC1003827_G04_NODE_708_length_3677_cov_4.386761	3677	46.80
GC1003827_G04_NODE_709_length_3675_cov_2.727170	3675	63.43
GC1003827_G04_NODE_710_length_3673_cov_6.631416	3673	45.88
GC1003827_G04_NODE_711_length_3673_cov_4.989284	3673	47.29
GC1003827_G04_NODE_712_length_3673_cov_3.315003	3673	46.31
GC1003827_G04_NODE_713_length_3672_cov_4.310578	3672	52.34
GC1003827_G04_NODE_714_length_3669_cov_8.952569	3669	46.50
GC1003827_G04_NODE_715_length_3668_cov_20.806552	3668	44.87
GC1003827_G04_NODE_716_length_3666_cov_6.809833	3666	46.92
GC1003827_G04_NODE_717_length_3666_cov_4.300650	3666	44.35
GC1003827_G04_NODE_718_length_3664_cov_5.552446	3664	48.94
GC1003827_G04_NODE_719_length_3662_cov_5.967751	3662	45.55
GC1003827_G04_NODE_720_length_3660_cov_16.066233	3660	45.08
GC1003827_G04_NODE_721_length_3660_cov_9.605434	3660	43.39
GC1003827_G04_NODE_722_length_3660_cov_6.488254	3660	44.59
GC1003827_G04_NODE_723_length_3654_cov_5.225688	3654	46.31
GC1003827_G04_NODE_724_length_3654_cov_4.869578	3654	42.47
GC1003827_G04_NODE_725_length_3653_cov_9.609472	3653	43.58
GC1003827_G04_NODE_726_length_3651_cov_2.432747	3651	47.11
GC1003827_G04_NODE_727_length_3647_cov_6.073580	3647	46.83
GC1003827_G04_NODE_728_length_3647_cov_5.718750	3647	45.43
GC1003827_G04_NODE_729_length_3646_cov_7.548735	3646	48.79
GC1003827_G04_NODE_730_length_3646_cov_6.156579	3646	46.82
GC1003827_G04_NODE_731_length_3645_cov_7.781978	3645	42.09
GC1003827_G04_NODE_732_length_3645_cov_4.592098	3645	48.31
GC1003827_G04_NODE_733_length_3644_cov_6.058004	3644	50.33
GC1003827_G04_NODE_734_length_3644_cov_5.547341	3644	45.58
GC1003827_G04_NODE_735_length_3638_cov_6.372259	3638	46.34
GC1003827_G04_NODE_736_length_3637_cov_6.221937	3637	48.94
GC1003827_G04_NODE_737_length_3636_cov_7.250214	3636	46.89
GC1003827_G04_NODE_738_length_3635_cov_10.176169	3635	43.82
GC1003827_G04_NODE_739_length_3635_cov_5.795895	3635	46.38
GC1003827_G04_NODE_740_length_3627_cov_7.006286	3627	40.94
GC1003827_G04_NODE_741_length_3627_cov_2.610857	3627	47.70
GC1003827_G04_NODE_742_length_3626_cov_10.780795	3626	43.08
GC1003827_G04_NODE_743_length_3623_cov_4.276030	3623	46.40
GC1003827_G04_NODE_744_length_3622_cov_5.769671	3622	48.37
GC1003827_G04_NODE_745_length_3621_cov_9.842587	3621	44.21
GC1003827_G04_NODE_746_length_3618_cov_9.743340	3618	43.73
GC1003827_G04_NODE_747_length_3618_cov_4.754512	3618	43.62
GC1003827_G04_NODE_748_length_3616_cov_3.627400	3616	60.62
GC1003827_G04_NODE_749_length_3614_cov_5.210496	3614	47.34
GC1003827_G04_NODE_750_length_3614_cov_5.073702	3614	46.98
GC1003827_G04_NODE_751_length_3613_cov_4.392714	3613	48.96
GC1003827_G04_NODE_752_length_3612_cov_3.174175	3612	44.02
GC1003827_G04_NODE_753_length_3609_cov_6.680643	3609	50.12
GC1003827_G04_NODE_754_length_3605_cov_9.306210	3605	43.19
GC1003827_G04_NODE_755_length_3603_cov_4.806962	3603	44.99
GC1003827_G04_NODE_756_length_3602_cov_7.607194	3602	46.28
GC1003827_G04_NODE_757_length_3600_cov_5.588540	3600	47.56
GC1003827_G04_NODE_758_length_3599_cov_6.183468	3599	50.07
GC1003827_G04_NODE_759_length_3599_cov_5.716014	3599	44.35
GC1003827_G04_NODE_760_length_3597_cov_18.965706	3597	43.17
GC1003827_G04_NODE_761_length_3596_cov_10.310464	3596	48.44
GC1003827_G04_NODE_762_length_3596_cov_5.954742	3596	47.00
GC1003827_G04_NODE_763_length_3594_cov_6.279781	3594	47.91
GC1003827_G04_NODE_764_length_3591_cov_9.673499	3591	50.26
GC1003827_G04_NODE_765_length_3591_cov_9.435912	3591	49.04
GC1003827_G04_NODE_766_length_3591_cov_3.534642	3591	44.95
GC1003827_G04_NODE_767_length_3590_cov_4.528732	3590	48.27
GC1003827_G04_NODE_768_length_3588_cov_5.019648	3588	43.78
GC1003827_G04_NODE_769_length_3587_cov_5.498266	3587	45.47
GC1003827_G04_NODE_770_length_3585_cov_8.753904	3585	43.51
GC1003827_G04_NODE_771_length_3584_cov_7.391091	3584	42.75
GC1003827_G04_NODE_772_length_3584_cov_6.448076	3584	46.57
GC1003827_G04_NODE_773_length_3583_cov_3.808449	3583	50.43
GC1003827_G04_NODE_774_length_3582_cov_4.258755	3582	48.41
GC1003827_G04_NODE_775_length_3579_cov_5.078216	3579	49.59
GC1003827_G04_NODE_776_length_3579_cov_3.468134	3579	52.81
GC1003827_G04_NODE_777_length_3577_cov_10.484348	3577	43.47
GC1003827_G04_NODE_778_length_3577_cov_3.199420	3577	47.58
GC1003827_G04_NODE_779_length_3576_cov_4.096550	3576	44.57
GC1003827_G04_NODE_780_length_3574_cov_7.974471	3574	41.69
GC1003827_G04_NODE_781_length_3573_cov_4.567615	3573	46.26
GC1003827_G04_NODE_782_length_3572_cov_7.951524	3572	49.75
GC1003827_G04_NODE_783_length_3572_cov_5.398258	3572	46.16
GC1003827_G04_NODE_784_length_3572_cov_2.938171	3572	51.51
GC1003827_G04_NODE_785_length_3569_cov_9.499128	3569	42.22
GC1003827_G04_NODE_786_length_3567_cov_4.277907	3567	42.89
GC1003827_G04_NODE_787_length_3567_cov_3.550581	3567	51.98
GC1003827_G04_NODE_788_length_3566_cov_5.020646	3566	49.33
GC1003827_G04_NODE_789_length_3564_cov_6.034623	3564	43.66
GC1003827_G04_NODE_790_length_3563_cov_4.456054	3563	46.25
GC1003827_G04_NODE_791_length_3562_cov_4.232023	3562	52.86
GC1003827_G04_NODE_792_length_3562_cov_2.564192	3562	53.45
GC1003827_G04_NODE_793_length_3560_cov_4.518788	3560	46.49
GC1003827_G04_NODE_794_length_3560_cov_3.957763	3560	47.89
GC1003827_G04_NODE_795_length_3559_cov_10.992716	3559	52.63
GC1003827_G04_NODE_796_length_3559_cov_6.157634	3559	46.02
GC1003827_G04_NODE_797_length_3559_cov_5.357809	3559	46.16
GC1003827_G04_NODE_798_length_3559_cov_5.075175	3559	44.31
GC1003827_G04_NODE_799_length_3558_cov_7.561352	3558	46.88
GC1003827_G04_NODE_800_length_3556_cov_10.308253	3556	50.67
GC1003827_G04_NODE_801_length_3555_cov_12.318261	3555	46.22
GC1003827_G04_NODE_802_length_3552_cov_3.349197	3552	48.34
GC1003827_G04_NODE_803_length_3549_cov_6.009059	3549	45.08
GC1003827_G04_NODE_804_length_3548_cov_8.757089	3548	45.74
GC1003827_G04_NODE_805_length_3547_cov_7.888012	3547	47.65
GC1003827_G04_NODE_806_length_3547_cov_4.037135	3547	48.52
GC1003827_G04_NODE_807_length_3546_cov_8.417958	3546	47.12
GC1003827_G04_NODE_808_length_3540_cov_9.020803	3540	45.00
GC1003827_G04_NODE_809_length_3537_cov_3.195015	3537	49.08
GC1003827_G04_NODE_810_length_3536_cov_9.149604	3536	46.24
GC1003827_G04_NODE_811_length_3535_cov_9.984742	3535	44.89
GC1003827_G04_NODE_812_length_3535_cov_5.460681	3535	45.77
GC1003827_G04_NODE_813_length_3534_cov_5.635750	3534	43.66
GC1003827_G04_NODE_814_length_3532_cov_11.994714	3532	44.65
GC1003827_G04_NODE_815_length_3530_cov_5.434029	3530	44.90
GC1003827_G04_NODE_816_length_3530_cov_3.851014	3530	45.24
GC1003827_G04_NODE_817_length_3530_cov_1.205407	3530	67.39
GC1003827_G04_NODE_818_length_3529_cov_4.011758	3529	49.56
GC1003827_G04_NODE_819_length_3529_cov_3.243092	3529	45.17
GC1003827_G04_NODE_820_length_3528_cov_7.030285	3528	43.68
GC1003827_G04_NODE_821_length_3528_cov_3.325787	3528	47.11
GC1003827_G04_NODE_822_length_3527_cov_3.598235	3527	67.22
GC1003827_G04_NODE_823_length_3525_cov_4.816068	3525	41.87
GC1003827_G04_NODE_824_length_3525_cov_4.195409	3525	45.53
GC1003827_G04_NODE_825_length_3524_cov_8.022078	3524	48.81
GC1003827_G04_NODE_826_length_3523_cov_4.063604	3523	45.33
GC1003827_G04_NODE_827_length_3523_cov_3.883687	3523	46.44
GC1003827_G04_NODE_828_length_3521_cov_10.274897	3521	47.63
GC1003827_G04_NODE_829_length_3520_cov_8.325081	3520	46.19
GC1003827_G04_NODE_830_length_3520_cov_4.824344	3520	64.83
GC1003827_G04_NODE_831_length_3519_cov_11.283903	3519	47.29
GC1003827_G04_NODE_832_length_3516_cov_6.927117	3516	47.16
GC1003827_G04_NODE_833_length_3513_cov_2.551683	3513	46.06
GC1003827_G04_NODE_834_length_3512_cov_5.967799	3512	43.14
GC1003827_G04_NODE_835_length_3512_cov_5.555096	3512	46.24
GC1003827_G04_NODE_836_length_3511_cov_10.529551	3511	47.99
GC1003827_G04_NODE_837_length_3511_cov_6.916371	3511	47.45
GC1003827_G04_NODE_838_length_3511_cov_6.631206	3511	44.92
GC1003827_G04_NODE_839_length_3510_cov_14.673662	3510	52.25
GC1003827_G04_NODE_840_length_3510_cov_5.772391	3510	47.66
GC1003827_G04_NODE_841_length_3506_cov_4.730098	3506	48.40
GC1003827_G04_NODE_842_length_3505_cov_7.211960	3505	43.02
GC1003827_G04_NODE_843_length_3503_cov_5.872038	3503	48.07
GC1003827_G04_NODE_844_length_3502_cov_9.642074	3502	50.46
GC1003827_G04_NODE_845_length_3502_cov_4.469333	3502	45.06
GC1003827_G04_NODE_846_length_3498_cov_7.934144	3498	47.54
GC1003827_G04_NODE_847_length_3497_cov_7.221068	3497	46.84
GC1003827_G04_NODE_848_length_3497_cov_4.302077	3497	48.58
GC1003827_G04_NODE_849_length_3497_cov_3.601484	3497	49.16
GC1003827_G04_NODE_850_length_3497_cov_3.401780	3497	47.33
GC1003827_G04_NODE_851_length_3496_cov_3.115761	3496	45.62
GC1003827_G04_NODE_852_length_3495_cov_4.866983	3495	48.07
GC1003827_G04_NODE_853_length_3494_cov_7.192753	3494	49.66
GC1003827_G04_NODE_854_length_3493_cov_4.612597	3493	48.78
GC1003827_G04_NODE_855_length_3492_cov_7.033878	3492	48.57
GC1003827_G04_NODE_856_length_3492_cov_6.015453	3492	46.33
GC1003827_G04_NODE_857_length_3491_cov_7.904875	3491	47.38
GC1003827_G04_NODE_858_length_3489_cov_1.925342	3489	46.35
GC1003827_G04_NODE_859_length_3487_cov_5.521131	3487	45.74
GC1003827_G04_NODE_860_length_3486_cov_19.821673	3486	44.46
GC1003827_G04_NODE_861_length_3486_cov_11.882108	3486	49.28
GC1003827_G04_NODE_862_length_3485_cov_7.596188	3485	45.22
GC1003827_G04_NODE_863_length_3484_cov_15.935359	3484	45.44
GC1003827_G04_NODE_864_length_3484_cov_5.060173	3484	47.90
GC1003827_G04_NODE_865_length_3484_cov_4.064939	3484	47.24
GC1003827_G04_NODE_866_length_3483_cov_4.616508	3483	46.14
GC1003827_G04_NODE_867_length_3482_cov_7.444113	3482	44.11
GC1003827_G04_NODE_868_length_3482_cov_3.849776	3482	42.94
GC1003827_G04_NODE_869_length_3481_cov_10.447525	3481	44.61
GC1003827_G04_NODE_870_length_3479_cov_15.394093	3479	46.54
GC1003827_G04_NODE_871_length_3479_cov_7.418556	3479	45.73
GC1003827_G04_NODE_872_length_3478_cov_6.110116	3478	44.82
GC1003827_G04_NODE_873_length_3478_cov_3.499851	3478	51.35
GC1003827_G04_NODE_874_length_3477_cov_8.475224	3477	47.14
GC1003827_G04_NODE_875_length_3476_cov_13.264855	3476	45.54
GC1003827_G04_NODE_876_length_3473_cov_7.351166	3473	44.37
GC1003827_G04_NODE_877_length_3469_cov_9.127469	3469	49.93
GC1003827_G04_NODE_878_length_3469_cov_8.810592	3469	45.60
GC1003827_G04_NODE_879_length_3468_cov_5.861119	3468	45.88
GC1003827_G04_NODE_880_length_3467_cov_7.943713	3467	48.25
GC1003827_G04_NODE_881_length_3467_cov_7.641617	3467	43.55
GC1003827_G04_NODE_882_length_3467_cov_6.404192	3467	44.56
GC1003827_G04_NODE_883_length_3465_cov_4.037148	3465	47.47
GC1003827_G04_NODE_884_length_3463_cov_8.809353	3463	43.34
GC1003827_G04_NODE_885_length_3463_cov_7.160072	3463	43.11
GC1003827_G04_NODE_886_length_3462_cov_13.553823	3462	45.98
GC1003827_G04_NODE_887_length_3462_cov_6.476162	3462	45.35
GC1003827_G04_NODE_888_length_3461_cov_6.049490	3461	40.94
GC1003827_G04_NODE_889_length_3460_cov_10.907591	3460	48.27
GC1003827_G04_NODE_890_length_3459_cov_3.807623	3459	50.25
GC1003827_G04_NODE_891_length_3459_cov_3.370348	3459	49.09
GC1003827_G04_NODE_892_length_3458_cov_11.485140	3458	45.00
GC1003827_G04_NODE_893_length_3455_cov_8.973858	3455	45.12
GC1003827_G04_NODE_894_length_3453_cov_10.117859	3453	47.58
GC1003827_G04_NODE_895_length_3453_cov_8.779615	3453	44.19
GC1003827_G04_NODE_896_length_3453_cov_6.852375	3453	49.09
GC1003827_G04_NODE_897_length_3451_cov_6.644103	3451	44.16
GC1003827_G04_NODE_898_length_3451_cov_3.664862	3451	45.44
GC1003827_G04_NODE_899_length_3449_cov_6.922637	3449	48.22
GC1003827_G04_NODE_900_length_3446_cov_14.580295	3446	47.48
GC1003827_G04_NODE_901_length_3446_cov_5.415788	3446	43.18
GC1003827_G04_NODE_902_length_3445_cov_4.852321	3445	43.43
GC1003827_G04_NODE_903_length_3441_cov_9.164454	3441	47.78
GC1003827_G04_NODE_904_length_3440_cov_6.994265	3440	45.35
GC1003827_G04_NODE_905_length_3440_cov_3.640205	3440	50.55
GC1003827_G04_NODE_906_length_3439_cov_4.686896	3439	53.27
GC1003827_G04_NODE_907_length_3438_cov_10.429780	3438	44.18
GC1003827_G04_NODE_908_length_3436_cov_8.400725	3436	51.54
GC1003827_G04_NODE_909_length_3435_cov_20.515417	3435	46.75
GC1003827_G04_NODE_910_length_3435_cov_7.700726	3435	47.98
GC1003827_G04_NODE_911_length_3434_cov_6.951315	3434	45.43
GC1003827_G04_NODE_912_length_3434_cov_3.491987	3434	46.48
GC1003827_G04_NODE_913_length_3433_cov_4.872958	3433	48.41
GC1003827_G04_NODE_914_length_3433_cov_4.535995	3433	45.38
GC1003827_G04_NODE_915_length_3432_cov_14.161573	3432	46.15
GC1003827_G04_NODE_916_length_3432_cov_3.195159	3432	49.07
GC1003827_G04_NODE_917_length_3432_cov_3.091982	3432	42.25
GC1003827_G04_NODE_918_length_3430_cov_9.463518	3430	45.92
GC1003827_G04_NODE_919_length_3429_cov_8.372199	3429	47.39
GC1003827_G04_NODE_920_length_3427_cov_5.262121	3427	45.40
GC1003827_G04_NODE_921_length_3426_cov_8.389512	3426	44.05
GC1003827_G04_NODE_922_length_3426_cov_7.194908	3426	44.10
GC1003827_G04_NODE_923_length_3424_cov_8.411283	3424	49.56
GC1003827_G04_NODE_924_length_3423_cov_9.349818	3423	47.88
GC1003827_G04_NODE_925_length_3422_cov_6.846434	3422	43.13
GC1003827_G04_NODE_926_length_3418_cov_13.116986	3418	48.39
GC1003827_G04_NODE_927_length_3418_cov_5.254026	3418	46.23
GC1003827_G04_NODE_928_length_3417_cov_6.295441	3417	44.72
GC1003827_G04_NODE_929_length_3416_cov_5.408635	3416	43.94
GC1003827_G04_NODE_930_length_3415_cov_3.653285	3415	51.36
GC1003827_G04_NODE_931_length_3414_cov_5.788257	3414	44.99
GC1003827_G04_NODE_932_length_3413_cov_2.856665	3413	49.96
GC1003827_G04_NODE_933_length_3411_cov_11.905298	3411	44.68
GC1003827_G04_NODE_934_length_3411_cov_4.228989	3411	47.00
GC1003827_G04_NODE_935_length_3409_cov_8.340341	3409	48.96
GC1003827_G04_NODE_936_length_3409_cov_5.255941	3409	50.66
GC1003827_G04_NODE_937_length_3408_cov_3.380372	3408	49.59
GC1003827_G04_NODE_938_length_3407_cov_21.881098	3407	45.38
GC1003827_G04_NODE_939_length_3403_cov_11.417277	3403	44.90
GC1003827_G04_NODE_940_length_3403_cov_10.528388	3403	45.17
GC1003827_G04_NODE_941_length_3403_cov_4.228938	3403	46.55
GC1003827_G04_NODE_942_length_3401_cov_8.426695	3401	48.31
GC1003827_G04_NODE_943_length_3401_cov_3.838729	3401	46.75
GC1003827_G04_NODE_944_length_3401_cov_3.010996	3401	41.63
GC1003827_G04_NODE_945_length_3400_cov_7.492209	3400	48.79
GC1003827_G04_NODE_946_length_3400_cov_2.530095	3400	53.21
GC1003827_G04_NODE_947_length_3399_cov_5.443765	3399	47.13
GC1003827_G04_NODE_948_length_3398_cov_8.524916	3398	46.97
GC1003827_G04_NODE_949_length_3395_cov_5.900551	3395	52.87
GC1003827_G04_NODE_950_length_3394_cov_5.105908	3394	44.34
GC1003827_G04_NODE_951_length_3394_cov_4.625650	3394	46.29
GC1003827_G04_NODE_952_length_3393_cov_2.582976	3393	63.48
GC1003827_G04_NODE_953_length_3392_cov_2.443798	3392	47.55
GC1003827_G04_NODE_954_length_3390_cov_4.520686	3390	49.35
GC1003827_G04_NODE_955_length_3390_cov_2.376954	3390	48.88
GC1003827_G04_NODE_956_length_3389_cov_14.061006	3389	46.59
GC1003827_G04_NODE_957_length_3388_cov_3.903097	3388	48.55
GC1003827_G04_NODE_958_length_3387_cov_5.340491	3387	48.54
GC1003827_G04_NODE_959_length_3386_cov_3.953053	3386	43.92
GC1003827_G04_NODE_960_length_3384_cov_6.674854	3384	46.10
GC1003827_G04_NODE_961_length_3383_cov_4.745393	3383	47.50
GC1003827_G04_NODE_962_length_3379_cov_6.210947	3379	47.71
GC1003827_G04_NODE_963_length_3376_cov_9.157279	3376	48.19
GC1003827_G04_NODE_964_length_3375_cov_5.267857	3375	44.71
GC1003827_G04_NODE_965_length_3374_cov_3.179858	3374	47.75
GC1003827_G04_NODE_966_length_3374_cov_2.232522	3374	45.08
GC1003827_G04_NODE_967_length_3373_cov_3.536044	3373	48.00
GC1003827_G04_NODE_968_length_3370_cov_6.808202	3370	46.23
GC1003827_G04_NODE_969_length_3370_cov_5.589886	3370	45.07
GC1003827_G04_NODE_970_length_3368_cov_4.347424	3368	49.61
GC1003827_G04_NODE_971_length_3367_cov_10.072840	3367	41.73
GC1003827_G04_NODE_972_length_3365_cov_6.380791	3365	45.68
GC1003827_G04_NODE_973_length_3363_cov_14.056860	3363	45.82
GC1003827_G04_NODE_974_length_3361_cov_8.608844	3361	48.38
GC1003827_G04_NODE_975_length_3360_cov_8.009898	3360	53.57
GC1003827_G04_NODE_976_length_3359_cov_6.402228	3359	42.96
GC1003827_G04_NODE_977_length_3359_cov_6.323948	3359	42.33
GC1003827_G04_NODE_978_length_3357_cov_4.720433	3357	46.62
GC1003827_G04_NODE_979_length_3356_cov_10.810777	3356	49.43
GC1003827_G04_NODE_980_length_3356_cov_5.968721	3356	44.99
GC1003827_G04_NODE_981_length_3355_cov_6.521685	3355	50.01
GC1003827_G04_NODE_982_length_3355_cov_3.682156	3355	42.38
GC1003827_G04_NODE_983_length_3355_cov_2.829926	3355	45.84
GC1003827_G04_NODE_984_length_3353_cov_7.353999	3353	46.82
GC1003827_G04_NODE_985_length_3353_cov_6.113143	3353	47.03
GC1003827_G04_NODE_986_length_3353_cov_6.026968	3353	43.63
GC1003827_G04_NODE_987_length_3352_cov_6.416124	3352	49.28
GC1003827_G04_NODE_988_length_3352_cov_3.758140	3352	45.82
GC1003827_G04_NODE_989_length_3351_cov_4.478598	3351	43.03
GC1003827_G04_NODE_990_length_3349_cov_12.675667	3349	49.51
GC1003827_G04_NODE_991_length_3349_cov_9.546865	3349	45.92
GC1003827_G04_NODE_992_length_3348_cov_15.540826	3348	47.07
GC1003827_G04_NODE_993_length_3346_cov_7.695868	3346	43.42
GC1003827_G04_NODE_994_length_3346_cov_5.853371	3346	45.16
GC1003827_G04_NODE_995_length_3345_cov_7.917651	3345	47.20
GC1003827_G04_NODE_996_length_3341_cov_8.681083	3341	51.18
GC1003827_G04_NODE_997_length_3340_cov_7.308746	3340	44.97
GC1003827_G04_NODE_998_length_3340_cov_2.808590	3340	46.11
GC1003827_G04_NODE_999_length_3339_cov_6.143836	3339	47.56
GC1003827_G04_NODE_1000_length_3338_cov_10.958891	3338	44.70
GC1003827_G04_NODE_1001_length_3338_cov_7.082529	3338	43.38
GC1003827_G04_NODE_1002_length_3337_cov_4.826791	3337	48.31
GC1003827_G04_NODE_1003_length_3337_cov_2.448910	3337	46.63
GC1003827_G04_NODE_1004_length_3335_cov_5.716958	3335	43.42
GC1003827_G04_NODE_1005_length_3334_cov_4.609916	3334	45.56
GC1003827_G04_NODE_1006_length_3332_cov_6.616849	3332	49.10
GC1003827_G04_NODE_1007_length_3332_cov_4.125429	3332	44.48
GC1003827_G04_NODE_1008_length_3331_cov_10.744694	3331	47.19
GC1003827_G04_NODE_1009_length_3328_cov_3.205248	3328	60.49
GC1003827_G04_NODE_1010_length_3327_cov_4.286875	3327	42.59
GC1003827_G04_NODE_1011_length_3322_cov_12.332081	3322	44.31
GC1003827_G04_NODE_1012_length_3322_cov_10.671362	3322	45.61
GC1003827_G04_NODE_1013_length_3322_cov_5.116119	3322	43.77
GC1003827_G04_NODE_1014_length_3322_cov_4.938654	3322	47.62
GC1003827_G04_NODE_1015_length_3321_cov_4.769255	3321	48.21
GC1003827_G04_NODE_1016_length_3321_cov_3.854101	3321	64.59
GC1003827_G04_NODE_1017_length_3320_cov_4.157219	3320	44.22
GC1003827_G04_NODE_1018_length_3319_cov_4.677318	3319	42.75
GC1003827_G04_NODE_1019_length_3318_cov_6.238483	3318	46.96
GC1003827_G04_NODE_1020_length_3318_cov_5.018490	3318	44.54
GC1003827_G04_NODE_1021_length_3317_cov_9.531661	3317	45.49
GC1003827_G04_NODE_1022_length_3316_cov_3.035748	3316	50.39
GC1003827_G04_NODE_1023_length_3313_cov_2.810421	3313	50.23
GC1003827_G04_NODE_1024_length_3313_cov_2.590395	3313	42.83
GC1003827_G04_NODE_1025_length_3312_cov_7.950078	3312	46.20
GC1003827_G04_NODE_1026_length_3312_cov_7.544741	3312	50.60
GC1003827_G04_NODE_1027_length_3312_cov_5.742543	3312	42.21
GC1003827_G04_NODE_1028_length_3311_cov_9.011621	3311	48.02
GC1003827_G04_NODE_1029_length_3310_cov_5.957273	3310	45.26
GC1003827_G04_NODE_1030_length_3309_cov_4.530170	3309	48.08
GC1003827_G04_NODE_1031_length_3306_cov_6.675370	3306	47.70
GC1003827_G04_NODE_1032_length_3306_cov_6.521548	3306	48.97
GC1003827_G04_NODE_1033_length_3306_cov_4.221768	3306	45.77
GC1003827_G04_NODE_1034_length_3306_cov_3.494181	3306	48.12
GC1003827_G04_NODE_1035_length_3303_cov_7.238665	3303	43.57
GC1003827_G04_NODE_1036_length_3302_cov_8.272126	3302	45.12
GC1003827_G04_NODE_1037_length_3301_cov_5.962508	3301	46.65
GC1003827_G04_NODE_1038_length_3301_cov_5.865154	3301	43.41
GC1003827_G04_NODE_1039_length_3300_cov_5.205799	3300	52.18
GC1003827_G04_NODE_1040_length_3300_cov_4.090766	3300	43.91
GC1003827_G04_NODE_1041_length_3299_cov_5.694830	3299	50.56
GC1003827_G04_NODE_1042_length_3299_cov_4.855296	3299	48.56
GC1003827_G04_NODE_1043_length_3298_cov_8.989909	3298	45.72
GC1003827_G04_NODE_1044_length_3298_cov_7.321034	3298	41.75
GC1003827_G04_NODE_1045_length_3297_cov_12.510410	3297	45.44
GC1003827_G04_NODE_1046_length_3297_cov_5.762776	3297	51.35
GC1003827_G04_NODE_1047_length_3296_cov_27.346797	3296	47.24
GC1003827_G04_NODE_1048_length_3296_cov_2.842537	3296	45.96
GC1003827_G04_NODE_1049_length_3294_cov_4.820966	3294	47.30
GC1003827_G04_NODE_1050_length_3293_cov_9.944725	3293	42.27
GC1003827_G04_NODE_1051_length_3293_cov_6.557486	3293	45.95
GC1003827_G04_NODE_1052_length_3293_cov_4.104232	3293	49.41
GC1003827_G04_NODE_1053_length_3291_cov_8.181416	3291	48.22
GC1003827_G04_NODE_1054_length_3291_cov_5.813843	3291	49.59
GC1003827_G04_NODE_1055_length_3290_cov_10.813468	3290	45.56
GC1003827_G04_NODE_1056_length_3290_cov_7.615239	3290	44.86
GC1003827_G04_NODE_1057_length_3289_cov_3.890576	3289	41.35
GC1003827_G04_NODE_1058_length_3288_cov_4.530528	3288	49.70
GC1003827_G04_NODE_1059_length_3288_cov_2.650743	3288	43.70
GC1003827_G04_NODE_1060_length_3287_cov_9.658544	3287	46.27
GC1003827_G04_NODE_1061_length_3285_cov_12.782457	3285	44.78
GC1003827_G04_NODE_1062_length_3285_cov_6.620963	3285	49.47
GC1003827_G04_NODE_1063_length_3285_cov_3.863205	3285	47.76
GC1003827_G04_NODE_1064_length_3283_cov_6.643219	3283	45.93
GC1003827_G04_NODE_1065_length_3282_cov_7.711886	3282	45.64
GC1003827_G04_NODE_1066_length_3282_cov_7.291918	3282	45.16
GC1003827_G04_NODE_1067_length_3282_cov_2.020285	3282	47.35
GC1003827_G04_NODE_1068_length_3280_cov_9.435458	3280	52.80
GC1003827_G04_NODE_1069_length_3280_cov_5.496670	3280	46.65
GC1003827_G04_NODE_1070_length_3280_cov_5.442119	3280	51.22
GC1003827_G04_NODE_1071_length_3280_cov_4.803996	3280	46.62
GC1003827_G04_NODE_1072_length_3279_cov_2.658312	3279	47.54
GC1003827_G04_NODE_1073_length_3278_cov_3.706760	3278	48.78
GC1003827_G04_NODE_1074_length_3276_cov_1.798349	3276	47.28
GC1003827_G04_NODE_1075_length_3275_cov_7.509848	3275	45.34
GC1003827_G04_NODE_1076_length_3275_cov_5.349428	3275	47.33
GC1003827_G04_NODE_1077_length_3274_cov_2.874166	3274	47.98
GC1003827_G04_NODE_1078_length_3274_cov_2.847792	3274	46.95
GC1003827_G04_NODE_1079_length_3274_cov_2.243406	3274	54.49
GC1003827_G04_NODE_1080_length_3273_cov_5.760013	3273	47.54
GC1003827_G04_NODE_1081_length_3272_cov_6.219078	3272	49.51
GC1003827_G04_NODE_1082_length_3271_cov_2.335560	3271	60.10
GC1003827_G04_NODE_1083_length_3270_cov_4.859688	3270	45.72
GC1003827_G04_NODE_1084_length_3267_cov_10.889809	3267	48.94
GC1003827_G04_NODE_1085_length_3267_cov_4.435032	3267	44.75
GC1003827_G04_NODE_1086_length_3266_cov_8.862695	3266	47.00
GC1003827_G04_NODE_1087_length_3266_cov_7.538069	3266	46.60
GC1003827_G04_NODE_1088_length_3265_cov_3.991396	3265	45.94
GC1003827_G04_NODE_1089_length_3264_cov_9.137392	3264	48.04
GC1003827_G04_NODE_1090_length_3264_cov_8.872808	3264	50.61
GC1003827_G04_NODE_1091_length_3263_cov_7.038584	3263	45.20
GC1003827_G04_NODE_1092_length_3262_cov_5.433174	3262	45.86
GC1003827_G04_NODE_1093_length_3262_cov_3.306220	3262	46.57
GC1003827_G04_NODE_1094_length_3262_cov_3.175439	3262	47.33
GC1003827_G04_NODE_1095_length_3259_cov_5.048212	3259	43.73
GC1003827_G04_NODE_1096_length_3256_cov_2.686162	3256	50.89
GC1003827_G04_NODE_1097_length_3253_cov_3.275752	3253	41.35
GC1003827_G04_NODE_1098_length_3252_cov_6.715200	3252	49.63
GC1003827_G04_NODE_1099_length_3252_cov_2.469440	3252	47.14
GC1003827_G04_NODE_1100_length_3251_cov_5.216389	3251	46.91
GC1003827_G04_NODE_1101_length_3249_cov_7.205958	3249	45.49
GC1003827_G04_NODE_1102_length_3244_cov_8.503048	3244	47.60
GC1003827_G04_NODE_1103_length_3241_cov_2.743417	3241	66.92
GC1003827_G04_NODE_1104_length_3240_cov_7.452939	3240	45.31
GC1003827_G04_NODE_1105_length_3239_cov_6.168702	3239	51.53
GC1003827_G04_NODE_1106_length_3237_cov_9.122186	3237	44.45
GC1003827_G04_NODE_1107_length_3236_cov_4.382760	3236	44.07
GC1003827_G04_NODE_1108_length_3235_cov_4.994208	3235	46.21
GC1003827_G04_NODE_1109_length_3233_cov_13.630393	3233	45.65
GC1003827_G04_NODE_1110_length_3231_cov_9.586985	3231	47.85
GC1003827_G04_NODE_1111_length_3231_cov_7.764497	3231	45.09
GC1003827_G04_NODE_1112_length_3231_cov_6.557023	3231	61.96
GC1003827_G04_NODE_1113_length_3231_cov_4.877255	3231	45.28
GC1003827_G04_NODE_1114_length_3230_cov_6.494360	3230	39.63
GC1003827_G04_NODE_1115_length_3229_cov_7.986138	3229	50.39
GC1003827_G04_NODE_1116_length_3229_cov_7.677950	3229	44.87
GC1003827_G04_NODE_1117_length_3229_cov_5.794326	3229	47.63
GC1003827_G04_NODE_1118_length_3229_cov_4.022566	3229	47.94
GC1003827_G04_NODE_1119_length_3229_cov_3.941006	3229	46.45
GC1003827_G04_NODE_1120_length_3228_cov_9.851983	3228	47.71
GC1003827_G04_NODE_1121_length_3227_cov_13.736774	3227	46.54
GC1003827_G04_NODE_1122_length_3227_cov_3.225161	3227	50.42
GC1003827_G04_NODE_1123_length_3227_cov_2.223871	3227	38.64
GC1003827_G04_NODE_1124_length_3224_cov_4.258637	3224	48.73
GC1003827_G04_NODE_1125_length_3224_cov_3.573458	3224	46.50
GC1003827_G04_NODE_1126_length_3223_cov_5.256460	3223	44.40
GC1003827_G04_NODE_1127_length_3222_cov_7.709208	3222	49.04
GC1003827_G04_NODE_1128_length_3221_cov_2.513251	3221	46.57
GC1003827_G04_NODE_1129_length_3220_cov_5.206919	3220	47.02
GC1003827_G04_NODE_1130_length_3219_cov_4.658150	3219	47.44
GC1003827_G04_NODE_1131_length_3218_cov_11.643158	3218	47.64
GC1003827_G04_NODE_1132_length_3218_cov_5.928179	3218	46.55
GC1003827_G04_NODE_1133_length_3218_cov_5.586218	3218	49.75
GC1003827_G04_NODE_1134_length_3218_cov_3.094791	3218	43.72
GC1003827_G04_NODE_1135_length_3214_cov_9.215420	3214	45.33
GC1003827_G04_NODE_1136_length_3214_cov_7.175899	3214	44.12
GC1003827_G04_NODE_1137_length_3214_cov_6.919987	3214	48.01
GC1003827_G04_NODE_1138_length_3214_cov_4.624231	3214	47.70
GC1003827_G04_NODE_1139_length_3214_cov_4.420473	3214	46.39
GC1003827_G04_NODE_1140_length_3213_cov_7.489631	3213	47.74
GC1003827_G04_NODE_1141_length_3212_cov_4.256726	3212	46.26
GC1003827_G04_NODE_1142_length_3211_cov_5.916342	3211	50.83
GC1003827_G04_NODE_1143_length_3210_cov_2.392151	3210	51.18
GC1003827_G04_NODE_1144_length_3209_cov_20.784555	3209	43.88
GC1003827_G04_NODE_1145_length_3208_cov_9.759169	3208	47.35
GC1003827_G04_NODE_1146_length_3206_cov_3.365054	3206	44.35
GC1003827_G04_NODE_1147_length_3204_cov_5.648034	3204	47.07
GC1003827_G04_NODE_1148_length_3204_cov_2.566136	3204	47.97
GC1003827_G04_NODE_1149_length_3202_cov_9.022439	3202	42.35
GC1003827_G04_NODE_1150_length_3202_cov_4.989919	3202	44.38
GC1003827_G04_NODE_1151_length_3202_cov_2.637073	3202	46.44
GC1003827_G04_NODE_1152_length_3202_cov_1.416911	3202	44.16
GC1003827_G04_NODE_1153_length_3201_cov_6.770657	3201	50.89
GC1003827_G04_NODE_1154_length_3201_cov_6.500000	3201	46.36
GC1003827_G04_NODE_1155_length_3201_cov_4.922576	3201	45.95
GC1003827_G04_NODE_1156_length_3201_cov_3.309369	3201	45.58
GC1003827_G04_NODE_1157_length_3200_cov_7.450700	3200	48.41
GC1003827_G04_NODE_1158_length_3198_cov_4.049495	3198	48.56
GC1003827_G04_NODE_1159_length_3197_cov_8.217590	3197	45.67
GC1003827_G04_NODE_1160_length_3197_cov_5.375896	3197	44.35
GC1003827_G04_NODE_1161_length_3196_cov_3.464646	3196	43.05
GC1003827_G04_NODE_1162_length_3195_cov_6.479791	3195	43.88
GC1003827_G04_NODE_1163_length_3194_cov_9.659276	3194	44.46
GC1003827_G04_NODE_1164_length_3192_cov_7.208157	3192	46.33
GC1003827_G04_NODE_1165_length_3191_cov_13.283943	3191	42.24
GC1003827_G04_NODE_1166_length_3190_cov_9.606595	3190	45.61
GC1003827_G04_NODE_1167_length_3190_cov_3.464904	3190	49.53
GC1003827_G04_NODE_1168_length_3189_cov_6.378837	3189	44.62
GC1003827_G04_NODE_1169_length_3189_cov_5.335075	3189	48.35
GC1003827_G04_NODE_1170_length_3188_cov_11.897092	3188	46.05
GC1003827_G04_NODE_1171_length_3186_cov_6.694671	3186	46.89
GC1003827_G04_NODE_1172_length_3186_cov_6.455051	3186	42.94
GC1003827_G04_NODE_1173_length_3182_cov_9.737807	3182	48.62
GC1003827_G04_NODE_1174_length_3181_cov_5.179764	3181	43.73
GC1003827_G04_NODE_1175_length_3181_cov_3.658481	3181	44.23
GC1003827_G04_NODE_1176_length_3180_cov_7.086472	3180	46.92
GC1003827_G04_NODE_1177_length_3180_cov_5.196528	3180	45.57
GC1003827_G04_NODE_1178_length_3179_cov_6.522608	3179	45.05
GC1003827_G04_NODE_1179_length_3177_cov_11.097377	3177	46.93
GC1003827_G04_NODE_1180_length_3177_cov_8.090164	3177	46.24
GC1003827_G04_NODE_1181_length_3177_cov_7.982951	3177	50.83
GC1003827_G04_NODE_1182_length_3177_cov_5.819016	3177	44.26
GC1003827_G04_NODE_1183_length_3176_cov_4.916694	3176	47.17
GC1003827_G04_NODE_1184_length_3172_cov_5.431527	3172	50.60
GC1003827_G04_NODE_1185_length_3171_cov_6.351183	3171	46.42
GC1003827_G04_NODE_1186_length_3170_cov_8.115347	3170	49.37
GC1003827_G04_NODE_1187_length_3170_cov_3.861321	3170	43.82
GC1003827_G04_NODE_1188_length_3169_cov_2.276463	3169	50.80
GC1003827_G04_NODE_1189_length_3168_cov_6.268990	3168	48.74
GC1003827_G04_NODE_1190_length_3166_cov_5.041790	3166	46.49
GC1003827_G04_NODE_1191_length_3165_cov_4.877880	3165	47.55
GC1003827_G04_NODE_1192_length_3165_cov_4.183015	3165	48.31
GC1003827_G04_NODE_1193_length_3164_cov_4.075074	3164	46.59
GC1003827_G04_NODE_1194_length_3164_cov_1.769509	3164	65.61
GC1003827_G04_NODE_1195_length_3162_cov_2.371664	3162	48.13
GC1003827_G04_NODE_1196_length_3161_cov_5.172709	3161	46.57
GC1003827_G04_NODE_1197_length_3161_cov_2.232367	3161	64.47
GC1003827_G04_NODE_1198_length_3160_cov_11.314870	3160	41.42
GC1003827_G04_NODE_1199_length_3160_cov_7.394329	3160	50.06
GC1003827_G04_NODE_1200_length_3160_cov_6.659413	3160	44.24
GC1003827_G04_NODE_1201_length_3160_cov_4.719420	3160	48.13
GC1003827_G04_NODE_1202_length_3160_cov_3.403891	3160	50.09
GC1003827_G04_NODE_1203_length_3158_cov_7.106565	3158	45.95
GC1003827_G04_NODE_1204_length_3158_cov_6.731772	3158	47.63
GC1003827_G04_NODE_1205_length_3158_cov_5.647641	3158	47.21
GC1003827_G04_NODE_1206_length_3158_cov_3.500495	3158	47.18
GC1003827_G04_NODE_1207_length_3157_cov_14.440264	3157	45.55
GC1003827_G04_NODE_1208_length_3157_cov_10.494059	3157	47.13
GC1003827_G04_NODE_1209_length_3156_cov_6.941565	3156	49.71
GC1003827_G04_NODE_1210_length_3156_cov_3.800924	3156	52.85
GC1003827_G04_NODE_1211_length_3156_cov_2.905249	3156	42.90
GC1003827_G04_NODE_1212_length_3155_cov_12.354359	3155	45.20
GC1003827_G04_NODE_1213_length_3154_cov_7.293690	3154	43.60
GC1003827_G04_NODE_1214_length_3153_cov_7.713814	3153	46.65
GC1003827_G04_NODE_1215_length_3153_cov_7.043622	3153	47.10
GC1003827_G04_NODE_1216_length_3152_cov_6.294215	3152	46.57
GC1003827_G04_NODE_1217_length_3152_cov_6.259504	3152	45.05
GC1003827_G04_NODE_1218_length_3152_cov_5.815207	3152	50.57
GC1003827_G04_NODE_1219_length_3150_cov_4.560040	3150	48.73
GC1003827_G04_NODE_1220_length_3150_cov_4.349322	3150	45.49
GC1003827_G04_NODE_1221_length_3149_cov_7.595632	3149	47.41
GC1003827_G04_NODE_1222_length_3149_cov_6.967571	3149	46.46
GC1003827_G04_NODE_1223_length_3149_cov_2.566512	3149	49.25
GC1003827_G04_NODE_1224_length_3148_cov_10.911619	3148	43.11
GC1003827_G04_NODE_1225_length_3144_cov_5.860126	3144	45.26
GC1003827_G04_NODE_1226_length_3144_cov_4.326152	3144	44.66
GC1003827_G04_NODE_1227_length_3143_cov_13.439655	3143	47.98
GC1003827_G04_NODE_1228_length_3143_cov_5.316313	3143	45.75
GC1003827_G04_NODE_1229_length_3142_cov_5.865340	3142	42.36
GC1003827_G04_NODE_1230_length_3141_cov_4.564366	3141	44.38
GC1003827_G04_NODE_1231_length_3141_cov_2.805574	3141	65.68
GC1003827_G04_NODE_1232_length_3140_cov_4.149685	3140	49.17
GC1003827_G04_NODE_1233_length_3138_cov_3.211890	3138	46.21
GC1003827_G04_NODE_1234_length_3137_cov_4.862458	3137	45.27
GC1003827_G04_NODE_1235_length_3136_cov_3.658691	3136	50.29
GC1003827_G04_NODE_1236_length_3136_cov_3.578265	3136	46.81
GC1003827_G04_NODE_1237_length_3135_cov_9.754654	3135	46.41
GC1003827_G04_NODE_1238_length_3135_cov_4.186170	3135	46.32
GC1003827_G04_NODE_1239_length_3132_cov_4.285857	3132	46.49
GC1003827_G04_NODE_1240_length_3131_cov_8.969707	3131	44.14
GC1003827_G04_NODE_1241_length_3130_cov_6.768232	3130	45.78
GC1003827_G04_NODE_1242_length_3129_cov_6.435043	3129	48.74
GC1003827_G04_NODE_1243_length_3128_cov_6.661113	3128	48.85
GC1003827_G04_NODE_1244_length_3126_cov_3.410470	3126	43.76
GC1003827_G04_NODE_1245_length_3125_cov_3.073382	3125	45.06
GC1003827_G04_NODE_1246_length_3124_cov_6.110110	3124	45.10
GC1003827_G04_NODE_1247_length_3123_cov_5.793725	3123	48.00
GC1003827_G04_NODE_1248_length_3123_cov_1.897530	3123	42.65
GC1003827_G04_NODE_1249_length_3120_cov_2.051453	3120	48.65
GC1003827_G04_NODE_1250_length_3116_cov_13.529609	3116	42.01
GC1003827_G04_NODE_1251_length_3116_cov_6.148879	3116	44.45
GC1003827_G04_NODE_1252_length_3114_cov_4.476398	3114	48.43
GC1003827_G04_NODE_1253_length_3114_cov_2.630398	3114	51.03
GC1003827_G04_NODE_1254_length_3112_cov_5.641206	3112	46.92
GC1003827_G04_NODE_1255_length_3111_cov_6.060322	3111	47.93
GC1003827_G04_NODE_1256_length_3109_cov_5.092891	3109	45.16
GC1003827_G04_NODE_1257_length_3108_cov_6.503858	3108	47.33
GC1003827_G04_NODE_1258_length_3108_cov_3.576988	3108	44.40
GC1003827_G04_NODE_1259_length_3107_cov_2.401007	3107	49.66
GC1003827_G04_NODE_1260_length_3106_cov_2.823095	3106	49.00
GC1003827_G04_NODE_1261_length_3105_cov_4.869040	3105	47.70
GC1003827_G04_NODE_1262_length_3104_cov_8.574068	3104	47.16
GC1003827_G04_NODE_1263_length_3104_cov_6.918038	3104	64.24
GC1003827_G04_NODE_1264_length_3104_cov_3.165267	3104	43.88
GC1003827_G04_NODE_1265_length_3103_cov_25.130376	3103	47.73
GC1003827_G04_NODE_1266_length_3103_cov_7.544691	3103	47.57
GC1003827_G04_NODE_1267_length_3102_cov_7.474286	3102	43.00
GC1003827_G04_NODE_1268_length_3102_cov_4.528403	3102	45.36
GC1003827_G04_NODE_1269_length_3102_cov_4.036639	3102	43.52
GC1003827_G04_NODE_1270_length_3102_cov_3.386555	3102	65.89
GC1003827_G04_NODE_1271_length_3101_cov_9.711836	3101	46.44
GC1003827_G04_NODE_1272_length_3101_cov_6.332885	3101	45.99
GC1003827_G04_NODE_1273_length_3101_cov_3.939139	3101	47.37
GC1003827_G04_NODE_1274_length_3100_cov_8.630003	3100	41.16
GC1003827_G04_NODE_1275_length_3098_cov_3.617301	3098	45.90
GC1003827_G04_NODE_1276_length_3096_cov_5.829235	3096	47.87
GC1003827_G04_NODE_1277_length_3096_cov_3.928259	3096	48.87
GC1003827_G04_NODE_1278_length_3096_cov_3.711014	3096	46.74
GC1003827_G04_NODE_1279_length_3094_cov_3.898551	3094	49.81
GC1003827_G04_NODE_1280_length_3091_cov_8.073212	3091	47.14
GC1003827_G04_NODE_1281_length_3091_cov_3.917004	3091	50.21
GC1003827_G04_NODE_1282_length_3091_cov_3.516532	3091	45.71
GC1003827_G04_NODE_1283_length_3091_cov_2.735830	3091	53.38
GC1003827_G04_NODE_1284_length_3091_cov_2.210189	3091	52.86
GC1003827_G04_NODE_1285_length_3090_cov_8.052987	3090	49.03
GC1003827_G04_NODE_1286_length_3089_cov_16.916273	3089	48.69
GC1003827_G04_NODE_1287_length_3089_cov_3.780891	3089	45.29
GC1003827_G04_NODE_1288_length_3088_cov_2.166498	3088	47.28
GC1003827_G04_NODE_1289_length_3087_cov_17.536149	3087	46.74
GC1003827_G04_NODE_1290_length_3087_cov_3.918581	3087	49.11
GC1003827_G04_NODE_1291_length_3086_cov_6.651234	3086	62.35
GC1003827_G04_NODE_1292_length_3086_cov_6.510308	3086	48.54
GC1003827_G04_NODE_1293_length_3086_cov_2.847246	3086	64.06
GC1003827_G04_NODE_1294_length_3084_cov_6.047007	3084	45.14
GC1003827_G04_NODE_1295_length_3084_cov_4.765303	3084	41.60
GC1003827_G04_NODE_1296_length_3083_cov_5.945873	3083	46.71
GC1003827_G04_NODE_1297_length_3082_cov_9.712690	3082	45.52
GC1003827_G04_NODE_1298_length_3081_cov_4.882532	3081	43.04
GC1003827_G04_NODE_1299_length_3081_cov_4.580569	3081	46.41
GC1003827_G04_NODE_1300_length_3080_cov_6.449374	3080	45.13
GC1003827_G04_NODE_1301_length_3080_cov_5.744666	3080	48.80
GC1003827_G04_NODE_1302_length_3079_cov_4.551829	3079	48.13
GC1003827_G04_NODE_1303_length_3078_cov_3.269739	3078	45.48
GC1003827_G04_NODE_1304_length_3076_cov_11.169210	3076	46.07
GC1003827_G04_NODE_1305_length_3075_cov_3.330054	3075	44.78
GC1003827_G04_NODE_1306_length_3074_cov_4.513743	3074	45.28
GC1003827_G04_NODE_1307_length_3072_cov_8.868251	3072	51.17
GC1003827_G04_NODE_1308_length_3072_cov_3.888625	3072	48.96
GC1003827_G04_NODE_1309_length_3070_cov_4.978593	3070	47.49
GC1003827_G04_NODE_1310_length_3069_cov_7.854181	3069	45.36
GC1003827_G04_NODE_1311_length_3068_cov_2.569874	3068	45.86
GC1003827_G04_NODE_1312_length_3067_cov_8.377211	3067	47.70
GC1003827_G04_NODE_1313_length_3067_cov_4.573469	3067	50.80
GC1003827_G04_NODE_1314_length_3066_cov_9.055461	3066	46.93
GC1003827_G04_NODE_1315_length_3066_cov_5.510037	3066	46.87
GC1003827_G04_NODE_1316_length_3065_cov_10.093941	3065	44.21
GC1003827_G04_NODE_1317_length_3065_cov_7.286930	3065	47.70
GC1003827_G04_NODE_1318_length_3064_cov_7.311542	3064	46.67
GC1003827_G04_NODE_1319_length_3064_cov_6.256044	3064	49.28
GC1003827_G04_NODE_1320_length_3063_cov_3.725817	3063	43.65
GC1003827_G04_NODE_1321_length_3062_cov_13.304940	3062	46.11
GC1003827_G04_NODE_1322_length_3062_cov_8.795911	3062	49.90
GC1003827_G04_NODE_1323_length_3062_cov_5.330153	3062	42.85
GC1003827_G04_NODE_1324_length_3062_cov_4.000000	3062	48.30
GC1003827_G04_NODE_1325_length_3062_cov_3.497104	3062	43.14
GC1003827_G04_NODE_1326_length_3061_cov_16.358896	3061	45.02
GC1003827_G04_NODE_1327_length_3061_cov_4.267553	3061	44.17
GC1003827_G04_NODE_1328_length_3060_cov_7.002387	3060	44.80
GC1003827_G04_NODE_1329_length_3059_cov_4.287858	3059	49.04
GC1003827_G04_NODE_1330_length_3058_cov_5.620266	3058	41.82
GC1003827_G04_NODE_1331_length_3058_cov_3.048789	3058	48.72
GC1003827_G04_NODE_1332_length_3056_cov_8.074087	3056	46.86
GC1003827_G04_NODE_1333_length_3056_cov_2.620348	3056	41.92
GC1003827_G04_NODE_1334_length_3055_cov_4.948429	3055	44.45
GC1003827_G04_NODE_1335_length_3054_cov_12.099078	3054	44.86
GC1003827_G04_NODE_1336_length_3054_cov_3.666553	3054	43.91
GC1003827_G04_NODE_1337_length_3053_cov_4.332536	3053	43.53
GC1003827_G04_NODE_1338_length_3052_cov_10.151453	3052	45.74
GC1003827_G04_NODE_1339_length_3052_cov_5.724786	3052	49.21
GC1003827_G04_NODE_1340_length_3052_cov_3.502222	3052	44.63
GC1003827_G04_NODE_1341_length_3051_cov_6.276334	3051	47.36
GC1003827_G04_NODE_1342_length_3051_cov_4.273598	3051	42.05
GC1003827_G04_NODE_1343_length_3051_cov_1.425103	3051	63.03
GC1003827_G04_NODE_1344_length_3050_cov_8.893602	3050	45.18
GC1003827_G04_NODE_1345_length_3049_cov_15.466119	3049	44.24
GC1003827_G04_NODE_1346_length_3049_cov_6.913758	3049	49.52
GC1003827_G04_NODE_1347_length_3048_cov_12.053064	3048	47.34
GC1003827_G04_NODE_1348_length_3048_cov_9.649435	3048	48.92
GC1003827_G04_NODE_1349_length_3047_cov_8.493836	3047	45.98
GC1003827_G04_NODE_1350_length_3047_cov_5.987671	3047	45.42
GC1003827_G04_NODE_1351_length_3045_cov_13.344414	3045	47.82
GC1003827_G04_NODE_1352_length_3045_cov_7.585675	3045	44.07
GC1003827_G04_NODE_1353_length_3044_cov_7.553651	3044	46.98
GC1003827_G04_NODE_1354_length_3044_cov_7.029825	3044	47.01
GC1003827_G04_NODE_1355_length_3044_cov_6.546452	3044	46.45
GC1003827_G04_NODE_1356_length_3043_cov_5.472565	3043	51.73
GC1003827_G04_NODE_1357_length_3042_cov_7.954031	3042	49.15
GC1003827_G04_NODE_1358_length_3042_cov_3.461750	3042	44.08
GC1003827_G04_NODE_1359_length_3041_cov_15.196637	3041	47.94
GC1003827_G04_NODE_1360_length_3040_cov_8.510814	3040	54.51
GC1003827_G04_NODE_1361_length_3039_cov_6.755838	3039	45.64
GC1003827_G04_NODE_1362_length_3039_cov_6.591690	3039	46.73
GC1003827_G04_NODE_1363_length_3038_cov_5.422192	3038	43.71
GC1003827_G04_NODE_1364_length_3037_cov_6.749485	3037	44.58
GC1003827_G04_NODE_1365_length_3037_cov_5.832990	3037	49.95
GC1003827_G04_NODE_1366_length_3035_cov_9.223177	3035	45.17
GC1003827_G04_NODE_1367_length_3035_cov_3.427098	3035	45.44
GC1003827_G04_NODE_1368_length_3035_cov_1.930193	3035	46.03
GC1003827_G04_NODE_1369_length_3033_cov_10.396765	3033	43.22
GC1003827_G04_NODE_1370_length_3033_cov_3.316242	3033	47.61
GC1003827_G04_NODE_1371_length_3033_cov_2.907433	3033	43.46
GC1003827_G04_NODE_1372_length_3030_cov_5.865656	3030	47.13
GC1003827_G04_NODE_1373_length_3029_cov_7.325293	3029	46.09
GC1003827_G04_NODE_1374_length_3029_cov_7.128877	3029	46.29
GC1003827_G04_NODE_1375_length_3029_cov_5.931771	3029	45.39
GC1003827_G04_NODE_1376_length_3029_cov_2.544452	3029	61.74
GC1003827_G04_NODE_1377_length_3027_cov_7.582069	3027	47.11
GC1003827_G04_NODE_1378_length_3026_cov_8.549845	3026	46.36
GC1003827_G04_NODE_1379_length_3026_cov_4.273543	3026	42.70
GC1003827_G04_NODE_1380_length_3025_cov_4.904072	3025	47.67
GC1003827_G04_NODE_1381_length_3024_cov_6.953400	3024	45.47
GC1003827_G04_NODE_1382_length_3024_cov_4.949948	3024	45.50
GC1003827_G04_NODE_1383_length_3024_cov_3.461167	3024	45.44
GC1003827_G04_NODE_1384_length_3023_cov_9.206146	3023	42.84
GC1003827_G04_NODE_1385_length_3023_cov_4.403315	3023	45.22
GC1003827_G04_NODE_1386_length_3023_cov_4.116022	3023	47.44
GC1003827_G04_NODE_1387_length_3022_cov_4.862867	3022	47.72
GC1003827_G04_NODE_1388_length_3020_cov_7.855513	3020	44.01
GC1003827_G04_NODE_1389_length_3019_cov_4.260028	3019	42.80
GC1003827_G04_NODE_1390_length_3018_cov_8.147700	3018	46.62
GC1003827_G04_NODE_1391_length_3018_cov_6.823936	3018	43.90
GC1003827_G04_NODE_1392_length_3016_cov_5.176878	3016	42.74
GC1003827_G04_NODE_1393_length_3016_cov_4.927310	3016	42.21
GC1003827_G04_NODE_1394_length_3015_cov_7.909280	3015	49.98
GC1003827_G04_NODE_1395_length_3015_cov_5.353186	3015	47.69
GC1003827_G04_NODE_1396_length_3015_cov_3.422438	3015	51.28
GC1003827_G04_NODE_1397_length_3014_cov_26.305854	3014	51.82
GC1003827_G04_NODE_1398_length_3013_cov_11.773042	3013	47.49
GC1003827_G04_NODE_1399_length_3013_cov_9.290021	3013	43.68
GC1003827_G04_NODE_1400_length_3013_cov_8.104297	3013	49.49
GC1003827_G04_NODE_1401_length_3011_cov_9.690014	3011	52.27
GC1003827_G04_NODE_1402_length_3011_cov_6.600208	3011	43.47
GC1003827_G04_NODE_1403_length_3011_cov_3.948336	3011	47.66
GC1003827_G04_NODE_1404_length_3011_cov_3.445562	3011	49.29
GC1003827_G04_NODE_1405_length_3009_cov_4.199514	3009	46.13
GC1003827_G04_NODE_1406_length_3008_cov_9.990628	3008	46.91
GC1003827_G04_NODE_1407_length_3007_cov_12.572222	3007	47.62
GC1003827_G04_NODE_1408_length_3007_cov_9.272569	3007	45.46
GC1003827_G04_NODE_1409_length_3007_cov_7.905208	3007	45.06
GC1003827_G04_NODE_1410_length_3006_cov_11.481417	3006	43.51
GC1003827_G04_NODE_1411_length_3006_cov_8.558875	3006	52.26
GC1003827_G04_NODE_1412_length_3006_cov_3.927753	3006	63.17
GC1003827_G04_NODE_1413_length_3005_cov_19.158443	3005	41.86
GC1003827_G04_NODE_1414_length_3005_cov_12.154621	3005	44.43
GC1003827_G04_NODE_1415_length_3005_cov_6.489576	3005	48.99
GC1003827_G04_NODE_1416_length_3004_cov_12.343761	3004	42.58
GC1003827_G04_NODE_1417_length_3004_cov_6.688217	3004	46.77
GC1003827_G04_NODE_1418_length_3004_cov_6.346194	3004	46.50
GC1003827_G04_NODE_1419_length_3001_cov_8.252610	3001	44.62
GC1003827_G04_NODE_1420_length_3000_cov_5.062652	3000	46.27
GC1003827_G04_NODE_1421_length_3000_cov_4.652280	3000	45.97
GC1003827_G04_NODE_1422_length_2999_cov_6.962396	2999	48.95
GC1003827_G04_NODE_1423_length_2998_cov_17.827586	2998	50.13
GC1003827_G04_NODE_1424_length_2997_cov_4.129268	2997	45.88
GC1003827_G04_NODE_1425_length_2996_cov_2.934123	2996	41.52
GC1003827_G04_NODE_1426_length_2995_cov_13.976290	2995	44.41
GC1003827_G04_NODE_1427_length_2995_cov_6.950488	2995	44.21
GC1003827_G04_NODE_1428_length_2995_cov_4.662483	2995	48.78
GC1003827_G04_NODE_1429_length_2994_cov_6.475759	2994	49.43
GC1003827_G04_NODE_1430_length_2994_cov_4.703872	2994	46.16
GC1003827_G04_NODE_1431_length_2993_cov_9.222610	2993	49.68
GC1003827_G04_NODE_1432_length_2993_cov_7.079553	2993	46.54
GC1003827_G04_NODE_1433_length_2993_cov_4.771458	2993	47.31
GC1003827_G04_NODE_1434_length_2993_cov_4.551640	2993	44.07
GC1003827_G04_NODE_1435_length_2992_cov_5.297731	2992	59.53
GC1003827_G04_NODE_1436_length_2991_cov_12.607542	2991	46.14
GC1003827_G04_NODE_1437_length_2991_cov_6.460545	2991	43.63
GC1003827_G04_NODE_1438_length_2991_cov_4.527235	2991	44.43
GC1003827_G04_NODE_1439_length_2991_cov_3.661313	2991	45.17
GC1003827_G04_NODE_1440_length_2991_cov_2.621858	2991	59.65
GC1003827_G04_NODE_1441_length_2990_cov_7.778903	2990	46.25
GC1003827_G04_NODE_1442_length_2990_cov_7.493538	2990	45.85
GC1003827_G04_NODE_1443_length_2989_cov_12.300839	2989	44.03
GC1003827_G04_NODE_1444_length_2989_cov_5.204053	2989	48.04
GC1003827_G04_NODE_1445_length_2989_cov_5.033892	2989	44.86
GC1003827_G04_NODE_1446_length_2989_cov_4.887142	2989	44.20
GC1003827_G04_NODE_1447_length_2987_cov_9.002448	2987	43.32
GC1003827_G04_NODE_1448_length_2987_cov_1.258741	2987	55.04
GC1003827_G04_NODE_1449_length_2985_cov_8.598321	2985	51.56
GC1003827_G04_NODE_1450_length_2985_cov_6.418824	2985	43.02
GC1003827_G04_NODE_1451_length_2984_cov_13.140707	2984	49.87
GC1003827_G04_NODE_1452_length_2984_cov_9.029051	2984	44.67
GC1003827_G04_NODE_1453_length_2984_cov_5.757438	2984	42.69
GC1003827_G04_NODE_1454_length_2983_cov_9.819678	2983	44.22
GC1003827_G04_NODE_1455_length_2983_cov_8.466036	2983	62.72
GC1003827_G04_NODE_1456_length_2983_cov_7.701681	2983	44.15
GC1003827_G04_NODE_1457_length_2983_cov_6.925770	2983	43.78
GC1003827_G04_NODE_1458_length_2983_cov_5.671569	2983	48.94
GC1003827_G04_NODE_1459_length_2983_cov_3.902661	2983	46.40
GC1003827_G04_NODE_1460_length_2982_cov_10.848336	2982	44.74
GC1003827_G04_NODE_1461_length_2982_cov_7.210158	2982	46.45
GC1003827_G04_NODE_1462_length_2982_cov_6.664098	2982	44.37
GC1003827_G04_NODE_1463_length_2982_cov_3.695622	2982	48.26
GC1003827_G04_NODE_1464_length_2982_cov_3.528897	2982	50.37
GC1003827_G04_NODE_1465_length_2982_cov_2.224168	2982	48.22
GC1003827_G04_NODE_1466_length_2981_cov_4.354590	2981	41.33
GC1003827_G04_NODE_1467_length_2981_cov_4.102313	2981	53.10
GC1003827_G04_NODE_1468_length_2979_cov_18.413043	2979	44.21
GC1003827_G04_NODE_1469_length_2979_cov_6.976157	2979	48.44
GC1003827_G04_NODE_1470_length_2979_cov_5.947756	2979	45.69
GC1003827_G04_NODE_1471_length_2979_cov_3.177419	2979	43.30
GC1003827_G04_NODE_1472_length_2977_cov_13.025614	2977	51.53
GC1003827_G04_NODE_1473_length_2977_cov_5.318246	2977	43.16
GC1003827_G04_NODE_1474_length_2977_cov_1.097544	2977	45.18
GC1003827_G04_NODE_1475_length_2976_cov_4.619867	2976	45.43
GC1003827_G04_NODE_1476_length_2976_cov_1.399789	2976	67.51
GC1003827_G04_NODE_1477_length_2975_cov_10.906601	2975	45.18
GC1003827_G04_NODE_1478_length_2975_cov_5.665028	2975	42.42
GC1003827_G04_NODE_1479_length_2974_cov_13.419740	2974	46.77
GC1003827_G04_NODE_1480_length_2974_cov_5.604847	2974	61.57
GC1003827_G04_NODE_1481_length_2974_cov_4.305936	2974	51.71
GC1003827_G04_NODE_1482_length_2974_cov_4.062522	2974	45.49
GC1003827_G04_NODE_1483_length_2972_cov_6.560633	2972	45.26
GC1003827_G04_NODE_1484_length_2972_cov_5.929350	2972	45.83
GC1003827_G04_NODE_1485_length_2972_cov_3.002460	2972	46.67
GC1003827_G04_NODE_1486_length_2972_cov_2.469947	2972	45.66
GC1003827_G04_NODE_1487_length_2971_cov_5.951828	2971	42.85
GC1003827_G04_NODE_1488_length_2971_cov_4.569972	2971	48.87
GC1003827_G04_NODE_1489_length_2970_cov_3.311291	2970	65.79
GC1003827_G04_NODE_1490_length_2969_cov_6.683322	2969	47.69
GC1003827_G04_NODE_1491_length_2968_cov_7.143259	2968	48.75
GC1003827_G04_NODE_1492_length_2968_cov_6.684970	2968	48.01
GC1003827_G04_NODE_1493_length_2966_cov_7.412821	2966	50.61
GC1003827_G04_NODE_1494_length_2966_cov_2.960902	2966	43.90
GC1003827_G04_NODE_1495_length_2965_cov_2.673362	2965	48.36
GC1003827_G04_NODE_1496_length_2964_cov_6.578075	2964	48.65
GC1003827_G04_NODE_1497_length_2963_cov_7.094147	2963	42.52
GC1003827_G04_NODE_1498_length_2963_cov_5.657616	2963	39.72
GC1003827_G04_NODE_1499_length_2963_cov_5.300776	2963	45.49
GC1003827_G04_NODE_1500_length_2963_cov_4.839563	2963	55.55
GC1003827_G04_NODE_1501_length_2963_cov_2.953808	2963	43.91
GC1003827_G04_NODE_1502_length_2961_cov_6.786168	2961	60.76
GC1003827_G04_NODE_1503_length_2961_cov_5.271701	2961	47.89
GC1003827_G04_NODE_1504_length_2961_cov_5.130558	2961	45.29
GC1003827_G04_NODE_1505_length_2961_cov_1.330981	2961	46.91
GC1003827_G04_NODE_1506_length_2960_cov_5.686198	2960	47.84
GC1003827_G04_NODE_1507_length_2960_cov_4.932933	2960	44.22
GC1003827_G04_NODE_1508_length_2958_cov_4.913811	2958	55.04
GC1003827_G04_NODE_1509_length_2958_cov_3.924055	2958	48.28
GC1003827_G04_NODE_1510_length_2958_cov_2.886966	2958	47.53
GC1003827_G04_NODE_1511_length_2957_cov_4.963251	2957	46.03
GC1003827_G04_NODE_1512_length_2957_cov_2.895053	2957	65.57
GC1003827_G04_NODE_1513_length_2956_cov_13.670908	2956	45.77
GC1003827_G04_NODE_1514_length_2956_cov_9.120537	2956	48.27
GC1003827_G04_NODE_1515_length_2956_cov_6.286320	2956	47.46
GC1003827_G04_NODE_1516_length_2954_cov_6.563141	2954	43.81
GC1003827_G04_NODE_1517_length_2954_cov_4.295366	2954	42.96
GC1003827_G04_NODE_1518_length_2953_cov_3.739561	2953	63.26
GC1003827_G04_NODE_1519_length_2952_cov_2.592566	2952	47.02
GC1003827_G04_NODE_1520_length_2950_cov_10.837053	2950	42.85
GC1003827_G04_NODE_1521_length_2950_cov_2.989019	2950	42.68
GC1003827_G04_NODE_1522_length_2950_cov_2.166844	2950	48.24
GC1003827_G04_NODE_1523_length_2948_cov_6.732364	2948	45.25
GC1003827_G04_NODE_1524_length_2946_cov_6.140830	2946	44.70
GC1003827_G04_NODE_1525_length_2946_cov_3.168499	2946	49.42
GC1003827_G04_NODE_1526_length_2945_cov_10.198722	2945	43.77
GC1003827_G04_NODE_1527_length_2945_cov_4.927963	2945	43.97
GC1003827_G04_NODE_1528_length_2943_cov_8.920099	2943	49.13
GC1003827_G04_NODE_1529_length_2943_cov_4.524148	2943	46.52
GC1003827_G04_NODE_1530_length_2942_cov_10.204263	2942	46.53
GC1003827_G04_NODE_1531_length_2941_cov_6.700426	2941	45.26
GC1003827_G04_NODE_1532_length_2938_cov_4.270011	2938	49.35
GC1003827_G04_NODE_1533_length_2937_cov_1.403203	2937	66.70
GC1003827_G04_NODE_1534_length_2936_cov_7.267711	2936	48.26
GC1003827_G04_NODE_1535_length_2936_cov_4.546458	2936	53.27
GC1003827_G04_NODE_1536_length_2935_cov_4.304843	2935	44.70
GC1003827_G04_NODE_1537_length_2934_cov_8.314571	2934	49.05
GC1003827_G04_NODE_1538_length_2934_cov_5.005700	2934	49.39
GC1003827_G04_NODE_1539_length_2934_cov_3.944068	2934	42.40
GC1003827_G04_NODE_1540_length_2932_cov_2.767914	2932	44.51
GC1003827_G04_NODE_1541_length_2931_cov_7.272111	2931	41.28
GC1003827_G04_NODE_1542_length_2931_cov_4.034593	2931	44.32
GC1003827_G04_NODE_1543_length_2931_cov_1.766762	2931	42.48
GC1003827_G04_NODE_1544_length_2930_cov_6.882269	2930	43.99
GC1003827_G04_NODE_1545_length_2929_cov_9.336902	2929	45.58
GC1003827_G04_NODE_1546_length_2929_cov_4.984654	2929	44.83
GC1003827_G04_NODE_1547_length_2929_cov_2.098858	2929	51.42
GC1003827_G04_NODE_1548_length_2928_cov_11.539093	2928	48.84
GC1003827_G04_NODE_1549_length_2928_cov_8.523027	2928	46.62
GC1003827_G04_NODE_1550_length_2927_cov_3.372857	2927	48.89
GC1003827_G04_NODE_1551_length_2927_cov_3.154286	2927	62.59
GC1003827_G04_NODE_1552_length_2927_cov_2.332500	2927	67.61
GC1003827_G04_NODE_1553_length_2926_cov_7.159700	2926	47.33
GC1003827_G04_NODE_1554_length_2926_cov_6.595213	2926	43.71
GC1003827_G04_NODE_1555_length_2926_cov_6.041801	2926	46.38
GC1003827_G04_NODE_1556_length_2926_cov_4.022151	2926	48.33
GC1003827_G04_NODE_1557_length_2925_cov_12.478199	2925	50.80
GC1003827_G04_NODE_1558_length_2924_cov_10.136575	2924	45.76
GC1003827_G04_NODE_1559_length_2924_cov_9.681802	2924	45.31
GC1003827_G04_NODE_1560_length_2924_cov_6.938506	2924	47.16
GC1003827_G04_NODE_1561_length_2923_cov_12.938126	2923	44.47
GC1003827_G04_NODE_1562_length_2922_cov_12.387478	2922	48.32
GC1003827_G04_NODE_1563_length_2922_cov_4.459392	2922	44.42
GC1003827_G04_NODE_1564_length_2921_cov_6.968146	2921	47.86
GC1003827_G04_NODE_1565_length_2921_cov_5.430565	2921	45.40
GC1003827_G04_NODE_1566_length_2920_cov_2.069459	2920	71.06
GC1003827_G04_NODE_1567_length_2919_cov_5.655802	2919	43.78
GC1003827_G04_NODE_1568_length_2919_cov_5.606734	2919	46.28
GC1003827_G04_NODE_1569_length_2919_cov_4.131805	2919	45.84
GC1003827_G04_NODE_1570_length_2918_cov_5.658187	2918	47.43
GC1003827_G04_NODE_1571_length_2918_cov_3.000717	2918	44.31
GC1003827_G04_NODE_1572_length_2916_cov_5.572248	2916	43.38
GC1003827_G04_NODE_1573_length_2915_cov_8.840746	2915	46.76
GC1003827_G04_NODE_1574_length_2915_cov_1.873745	2915	61.48
GC1003827_G04_NODE_1575_length_2914_cov_2.457481	2914	44.85
GC1003827_G04_NODE_1576_length_2913_cov_16.987437	2913	47.85
GC1003827_G04_NODE_1577_length_2913_cov_8.788945	2913	42.71
GC1003827_G04_NODE_1578_length_2913_cov_7.239770	2913	44.94
GC1003827_G04_NODE_1579_length_2913_cov_7.199569	2913	46.89
GC1003827_G04_NODE_1580_length_2912_cov_12.091921	2912	41.59
GC1003827_G04_NODE_1581_length_2912_cov_7.846320	2912	45.05
GC1003827_G04_NODE_1582_length_2912_cov_7.029803	2912	43.72
GC1003827_G04_NODE_1583_length_2910_cov_13.969457	2910	42.41
GC1003827_G04_NODE_1584_length_2910_cov_6.056773	2910	50.76
GC1003827_G04_NODE_1585_length_2910_cov_4.260510	2910	42.13
GC1003827_G04_NODE_1586_length_2910_cov_3.237873	2910	45.53
GC1003827_G04_NODE_1587_length_2908_cov_8.336929	2908	45.32
GC1003827_G04_NODE_1588_length_2908_cov_3.763394	2908	46.77
GC1003827_G04_NODE_1589_length_2907_cov_13.531655	2907	48.71
GC1003827_G04_NODE_1590_length_2907_cov_9.767986	2907	46.61
GC1003827_G04_NODE_1591_length_2907_cov_7.468705	2907	48.68
GC1003827_G04_NODE_1592_length_2906_cov_7.394386	2906	46.52
GC1003827_G04_NODE_1593_length_2905_cov_5.578474	2905	49.33
GC1003827_G04_NODE_1594_length_2904_cov_14.917897	2904	45.59
GC1003827_G04_NODE_1595_length_2904_cov_8.341376	2904	48.55
GC1003827_G04_NODE_1596_length_2904_cov_7.286640	2904	47.52
GC1003827_G04_NODE_1597_length_2901_cov_5.875270	2901	48.47
GC1003827_G04_NODE_1598_length_2901_cov_4.610671	2901	49.16
GC1003827_G04_NODE_1599_length_2901_cov_3.351478	2901	46.57
GC1003827_G04_NODE_1600_length_2901_cov_2.537130	2901	63.94
GC1003827_G04_NODE_1601_length_2900_cov_7.526506	2900	45.14
GC1003827_G04_NODE_1602_length_2900_cov_5.228273	2900	46.03
GC1003827_G04_NODE_1603_length_2899_cov_4.449134	2899	43.98
GC1003827_G04_NODE_1604_length_2899_cov_1.679654	2899	43.05
GC1003827_G04_NODE_1605_length_2898_cov_6.193071	2898	44.86
GC1003827_G04_NODE_1606_length_2898_cov_5.568387	2898	55.62
GC1003827_G04_NODE_1607_length_2897_cov_4.286282	2897	49.05
GC1003827_G04_NODE_1608_length_2897_cov_2.334296	2897	46.67
GC1003827_G04_NODE_1609_length_2896_cov_6.094980	2896	42.92
GC1003827_G04_NODE_1610_length_2896_cov_5.985915	2896	51.76
GC1003827_G04_NODE_1611_length_2895_cov_3.888728	2895	56.75
GC1003827_G04_NODE_1612_length_2895_cov_2.284321	2895	50.50
GC1003827_G04_NODE_1613_length_2894_cov_7.224069	2894	50.52
GC1003827_G04_NODE_1614_length_2892_cov_6.564195	2892	43.98
GC1003827_G04_NODE_1615_length_2892_cov_5.000723	2892	46.16
GC1003827_G04_NODE_1616_length_2891_cov_9.075615	2891	44.00
GC1003827_G04_NODE_1617_length_2891_cov_7.028220	2891	46.73
GC1003827_G04_NODE_1618_length_2891_cov_6.611795	2891	49.19
GC1003827_G04_NODE_1619_length_2891_cov_1.851664	2891	42.34
GC1003827_G04_NODE_1620_length_2890_cov_5.412957	2890	49.69
GC1003827_G04_NODE_1621_length_2889_cov_3.880521	2889	42.96
GC1003827_G04_NODE_1622_length_2887_cov_6.815942	2887	44.99
GC1003827_G04_NODE_1623_length_2887_cov_4.701812	2887	46.35
GC1003827_G04_NODE_1624_length_2887_cov_4.087681	2887	44.37
GC1003827_G04_NODE_1625_length_2885_cov_4.189268	2885	44.61
GC1003827_G04_NODE_1626_length_2885_cov_2.687455	2885	44.58
GC1003827_G04_NODE_1627_length_2884_cov_6.402249	2884	45.87
GC1003827_G04_NODE_1628_length_2883_cov_3.225689	2883	44.99
GC1003827_G04_NODE_1629_length_2882_cov_5.796007	2882	50.38
GC1003827_G04_NODE_1630_length_2880_cov_8.495459	2880	46.32
GC1003827_G04_NODE_1631_length_2880_cov_6.033781	2880	44.97
GC1003827_G04_NODE_1632_length_2880_cov_4.986560	2880	44.13
GC1003827_G04_NODE_1633_length_2880_cov_4.798039	2880	44.97
GC1003827_G04_NODE_1634_length_2879_cov_8.607922	2879	45.29
GC1003827_G04_NODE_1635_length_2879_cov_4.855378	2879	51.62
GC1003827_G04_NODE_1636_length_2879_cov_4.713299	2879	48.35
GC1003827_G04_NODE_1637_length_2879_cov_4.541788	2879	43.45
GC1003827_G04_NODE_1638_length_2879_cov_4.378997	2879	46.75
GC1003827_G04_NODE_1639_length_2879_cov_2.740189	2879	43.35
GC1003827_G04_NODE_1640_length_2878_cov_7.276263	2878	43.75
GC1003827_G04_NODE_1641_length_2878_cov_3.065431	2878	44.96
GC1003827_G04_NODE_1642_length_2877_cov_4.823636	2877	47.55
GC1003827_G04_NODE_1643_length_2877_cov_1.746545	2877	51.86
GC1003827_G04_NODE_1644_length_2876_cov_8.572936	2876	50.80
GC1003827_G04_NODE_1645_length_2876_cov_4.556202	2876	43.95
GC1003827_G04_NODE_1646_length_2875_cov_7.177220	2875	47.06
GC1003827_G04_NODE_1647_length_2874_cov_6.330906	2874	47.67
GC1003827_G04_NODE_1648_length_2874_cov_5.134692	2874	44.75
GC1003827_G04_NODE_1649_length_2873_cov_9.077567	2873	42.60
GC1003827_G04_NODE_1650_length_2873_cov_4.295339	2873	46.33
GC1003827_G04_NODE_1651_length_2872_cov_1.691803	2872	42.06
GC1003827_G04_NODE_1652_length_2871_cov_8.513484	2871	49.81
GC1003827_G04_NODE_1653_length_2870_cov_5.499453	2870	40.84
GC1003827_G04_NODE_1654_length_2870_cov_5.314619	2870	48.15
GC1003827_G04_NODE_1655_length_2869_cov_19.181984	2869	44.23
GC1003827_G04_NODE_1656_length_2869_cov_12.020788	2869	46.78
GC1003827_G04_NODE_1657_length_2869_cov_4.696207	2869	46.81
GC1003827_G04_NODE_1658_length_2869_cov_4.512764	2869	50.30
GC1003827_G04_NODE_1659_length_2869_cov_4.244347	2869	48.69
GC1003827_G04_NODE_1660_length_2867_cov_7.439781	2867	45.06
GC1003827_G04_NODE_1661_length_2867_cov_4.801460	2867	43.95
GC1003827_G04_NODE_1662_length_2867_cov_2.613869	2867	45.59
GC1003827_G04_NODE_1663_length_2867_cov_1.786861	2867	46.91
GC1003827_G04_NODE_1664_length_2865_cov_3.894449	2865	42.41
GC1003827_G04_NODE_1665_length_2864_cov_11.367190	2864	40.71
GC1003827_G04_NODE_1666_length_2864_cov_10.457435	2864	44.17
GC1003827_G04_NODE_1667_length_2864_cov_6.095725	2864	46.72
GC1003827_G04_NODE_1668_length_2864_cov_4.620022	2864	49.23
GC1003827_G04_NODE_1669_length_2863_cov_6.574561	2863	45.65
GC1003827_G04_NODE_1670_length_2863_cov_4.155336	2863	47.47
GC1003827_G04_NODE_1671_length_2863_cov_2.514620	2863	46.04
GC1003827_G04_NODE_1672_length_2862_cov_12.350640	2862	48.01
GC1003827_G04_NODE_1673_length_2862_cov_4.787934	2862	42.31
GC1003827_G04_NODE_1674_length_2861_cov_6.196416	2861	46.56
GC1003827_G04_NODE_1675_length_2861_cov_4.602048	2861	47.50
GC1003827_G04_NODE_1676_length_2859_cov_30.329795	2859	51.42
GC1003827_G04_NODE_1677_length_2859_cov_14.655930	2859	45.65
GC1003827_G04_NODE_1678_length_2859_cov_6.253660	2859	42.22
GC1003827_G04_NODE_1679_length_2858_cov_7.998535	2858	46.47
GC1003827_G04_NODE_1680_length_2858_cov_6.931161	2858	42.30
GC1003827_G04_NODE_1681_length_2858_cov_6.139143	2858	46.36
GC1003827_G04_NODE_1682_length_2857_cov_12.942125	2857	49.60
GC1003827_G04_NODE_1683_length_2857_cov_3.069231	2857	49.46
GC1003827_G04_NODE_1684_length_2856_cov_2.378893	2856	47.69
GC1003827_G04_NODE_1685_length_2856_cov_2.174423	2856	45.87
GC1003827_G04_NODE_1686_length_2856_cov_1.936973	2856	50.49
GC1003827_G04_NODE_1687_length_2855_cov_15.635630	2855	49.53
GC1003827_G04_NODE_1688_length_2855_cov_4.871701	2855	44.17
GC1003827_G04_NODE_1689_length_2855_cov_4.236804	2855	45.39
GC1003827_G04_NODE_1690_length_2854_cov_8.845618	2854	47.90
GC1003827_G04_NODE_1691_length_2853_cov_9.975789	2853	46.13
GC1003827_G04_NODE_1692_length_2853_cov_8.452311	2853	44.90
GC1003827_G04_NODE_1693_length_2853_cov_4.557960	2853	46.62
GC1003827_G04_NODE_1694_length_2852_cov_16.095780	2852	47.34
GC1003827_G04_NODE_1695_length_2852_cov_6.330275	2852	42.53
GC1003827_G04_NODE_1696_length_2852_cov_5.211743	2852	46.88
GC1003827_G04_NODE_1697_length_2852_cov_4.347523	2852	47.72
GC1003827_G04_NODE_1698_length_2851_cov_8.986417	2851	55.21
GC1003827_G04_NODE_1699_length_2851_cov_3.405286	2851	43.98
GC1003827_G04_NODE_1700_length_2850_cov_10.766067	2850	43.33
GC1003827_G04_NODE_1701_length_2850_cov_6.307749	2850	45.86
GC1003827_G04_NODE_1702_length_2850_cov_4.708410	2850	47.37
GC1003827_G04_NODE_1703_length_2850_cov_4.088138	2850	44.84
GC1003827_G04_NODE_1704_length_2850_cov_2.026441	2850	48.14
GC1003827_G04_NODE_1705_length_2850_cov_1.609622	2850	43.96
GC1003827_G04_NODE_1706_length_2848_cov_9.894524	2848	42.10
GC1003827_G04_NODE_1707_length_2848_cov_6.515252	2848	43.47
GC1003827_G04_NODE_1708_length_2847_cov_4.018015	2847	43.17
GC1003827_G04_NODE_1709_length_2847_cov_2.913603	2847	62.14
GC1003827_G04_NODE_1710_length_2846_cov_8.517470	2846	44.66
GC1003827_G04_NODE_1711_length_2846_cov_3.632218	2846	53.09
GC1003827_G04_NODE_1712_length_2845_cov_6.403238	2845	48.15
GC1003827_G04_NODE_1713_length_2845_cov_5.153054	2845	48.93
GC1003827_G04_NODE_1714_length_2845_cov_2.816041	2845	45.94
GC1003827_G04_NODE_1715_length_2844_cov_4.463747	2844	43.21
GC1003827_G04_NODE_1716_length_2843_cov_5.740795	2843	46.61
GC1003827_G04_NODE_1717_length_2842_cov_1.587845	2842	48.31
GC1003827_G04_NODE_1718_length_2841_cov_5.897568	2841	50.79
GC1003827_G04_NODE_1719_length_2840_cov_3.892739	2840	46.27
GC1003827_G04_NODE_1720_length_2839_cov_6.425516	2839	41.85
GC1003827_G04_NODE_1721_length_2837_cov_5.000000	2837	46.00
GC1003827_G04_NODE_1722_length_2837_cov_4.159041	2837	49.00
GC1003827_G04_NODE_1723_length_2835_cov_11.584195	2835	62.15
GC1003827_G04_NODE_1724_length_2835_cov_8.050591	2835	49.70
GC1003827_G04_NODE_1725_length_2835_cov_6.912482	2835	48.54
GC1003827_G04_NODE_1726_length_2835_cov_2.894756	2835	45.47
GC1003827_G04_NODE_1727_length_2834_cov_8.444403	2834	51.06
GC1003827_G04_NODE_1728_length_2834_cov_4.618027	2834	42.20
GC1003827_G04_NODE_1729_length_2832_cov_4.108318	2832	46.89
GC1003827_G04_NODE_1730_length_2832_cov_3.095009	2832	41.81
GC1003827_G04_NODE_1731_length_2830_cov_2.908990	2830	42.54
GC1003827_G04_NODE_1732_length_2829_cov_8.101776	2829	46.66
GC1003827_G04_NODE_1733_length_2828_cov_7.643465	2828	47.14
GC1003827_G04_NODE_1734_length_2828_cov_2.727879	2828	42.08
GC1003827_G04_NODE_1735_length_2828_cov_2.630507	2828	51.10
GC1003827_G04_NODE_1736_length_2827_cov_5.363704	2827	45.88
GC1003827_G04_NODE_1737_length_2827_cov_3.754074	2827	49.84
GC1003827_G04_NODE_1738_length_2826_cov_6.259355	2826	44.52
GC1003827_G04_NODE_1739_length_2826_cov_3.385698	2826	42.99
GC1003827_G04_NODE_1740_length_2826_cov_1.939978	2826	68.26
GC1003827_G04_NODE_1741_length_2825_cov_9.011861	2825	41.88
GC1003827_G04_NODE_1742_length_2825_cov_5.732394	2825	45.49
GC1003827_G04_NODE_1743_length_2825_cov_4.468866	2825	44.21
GC1003827_G04_NODE_1744_length_2824_cov_5.847608	2824	44.44
GC1003827_G04_NODE_1745_length_2824_cov_4.087875	2824	45.93
GC1003827_G04_NODE_1746_length_2823_cov_6.934347	2823	43.78
GC1003827_G04_NODE_1747_length_2823_cov_6.800816	2823	43.39
GC1003827_G04_NODE_1748_length_2823_cov_6.149852	2823	42.58
GC1003827_G04_NODE_1749_length_2823_cov_3.797478	2823	49.88
GC1003827_G04_NODE_1750_length_2823_cov_3.176558	2823	66.52
GC1003827_G04_NODE_1751_length_2822_cov_7.603340	2822	46.99
GC1003827_G04_NODE_1752_length_2822_cov_4.644898	2822	45.57
GC1003827_G04_NODE_1753_length_2820_cov_9.051615	2820	44.33
GC1003827_G04_NODE_1754_length_2819_cov_10.573923	2819	52.50
GC1003827_G04_NODE_1755_length_2819_cov_7.759658	2819	49.63
GC1003827_G04_NODE_1756_length_2819_cov_5.700223	2819	42.57
GC1003827_G04_NODE_1757_length_2818_cov_7.328131	2818	42.58
GC1003827_G04_NODE_1758_length_2818_cov_4.513935	2818	46.17
GC1003827_G04_NODE_1759_length_2817_cov_15.839777	2817	45.26
GC1003827_G04_NODE_1760_length_2817_cov_8.665428	2817	48.63
GC1003827_G04_NODE_1761_length_2817_cov_7.447212	2817	48.78
GC1003827_G04_NODE_1762_length_2815_cov_5.246280	2815	42.02
GC1003827_G04_NODE_1763_length_2814_cov_3.601786	2814	44.17
GC1003827_G04_NODE_1764_length_2813_cov_8.186523	2813	47.67
GC1003827_G04_NODE_1765_length_2813_cov_8.090841	2813	47.74
GC1003827_G04_NODE_1766_length_2813_cov_7.399479	2813	50.59
GC1003827_G04_NODE_1767_length_2813_cov_3.930380	2813	44.54
GC1003827_G04_NODE_1768_length_2811_cov_12.356930	2811	50.66
GC1003827_G04_NODE_1769_length_2811_cov_6.231371	2811	62.61
GC1003827_G04_NODE_1770_length_2811_cov_1.666915	2811	48.99
GC1003827_G04_NODE_1771_length_2810_cov_5.468878	2810	43.63
GC1003827_G04_NODE_1772_length_2810_cov_5.291092	2810	44.56
GC1003827_G04_NODE_1773_length_2810_cov_4.702199	2810	48.33
GC1003827_G04_NODE_1774_length_2809_cov_6.175242	2809	47.99
GC1003827_G04_NODE_1775_length_2808_cov_16.022753	2808	48.40
GC1003827_G04_NODE_1776_length_2808_cov_3.735546	2808	50.89
GC1003827_G04_NODE_1777_length_2808_cov_2.384558	2808	48.11
GC1003827_G04_NODE_1778_length_2808_cov_1.744871	2808	46.51
GC1003827_G04_NODE_1779_length_2807_cov_6.413806	2807	42.75
GC1003827_G04_NODE_1780_length_2807_cov_3.833955	2807	47.81
GC1003827_G04_NODE_1781_length_2806_cov_10.710340	2806	46.54
GC1003827_G04_NODE_1782_length_2806_cov_4.277342	2806	48.82
GC1003827_G04_NODE_1783_length_2805_cov_4.075056	2805	49.80
GC1003827_G04_NODE_1784_length_2805_cov_3.254668	2805	47.24
GC1003827_G04_NODE_1785_length_2804_cov_6.246545	2804	42.94
GC1003827_G04_NODE_1786_length_2803_cov_4.340060	2803	46.41
GC1003827_G04_NODE_1787_length_2802_cov_5.142430	2802	47.64
GC1003827_G04_NODE_1788_length_2802_cov_4.858318	2802	45.18
GC1003827_G04_NODE_1789_length_2801_cov_5.847794	2801	44.16
GC1003827_G04_NODE_1790_length_2801_cov_4.176889	2801	46.30
GC1003827_G04_NODE_1791_length_2801_cov_2.729245	2801	46.27
GC1003827_G04_NODE_1792_length_2800_cov_6.652825	2800	46.04
GC1003827_G04_NODE_1793_length_2800_cov_5.083053	2800	48.00
GC1003827_G04_NODE_1794_length_2800_cov_4.951740	2800	48.04
GC1003827_G04_NODE_1795_length_2800_cov_4.677142	2800	46.79
GC1003827_G04_NODE_1796_length_2799_cov_5.955090	2799	45.94
GC1003827_G04_NODE_1797_length_2799_cov_2.941991	2799	49.70
GC1003827_G04_NODE_1798_length_2799_cov_2.623503	2799	46.27
GC1003827_G04_NODE_1799_length_2799_cov_1.894835	2799	49.52
GC1003827_G04_NODE_1800_length_2798_cov_6.777237	2798	48.43
GC1003827_G04_NODE_1801_length_2797_cov_9.500749	2797	46.23
GC1003827_G04_NODE_1802_length_2796_cov_9.107531	2796	43.03
GC1003827_G04_NODE_1803_length_2796_cov_9.046085	2796	46.67
GC1003827_G04_NODE_1804_length_2796_cov_5.240914	2796	46.71
GC1003827_G04_NODE_1805_length_2796_cov_4.507306	2796	51.04
GC1003827_G04_NODE_1806_length_2794_cov_3.681665	2794	48.71
GC1003827_G04_NODE_1807_length_2792_cov_7.491557	2792	42.94
GC1003827_G04_NODE_1808_length_2791_cov_4.698949	2791	45.18
GC1003827_G04_NODE_1809_length_2791_cov_2.575826	2791	51.20
GC1003827_G04_NODE_1810_length_2790_cov_2.287646	2790	47.28
GC1003827_G04_NODE_1811_length_2789_cov_5.773103	2789	46.32
GC1003827_G04_NODE_1812_length_2788_cov_13.541150	2788	43.51
GC1003827_G04_NODE_1813_length_2788_cov_5.136415	2788	44.05
GC1003827_G04_NODE_1814_length_2787_cov_7.943233	2787	44.46
GC1003827_G04_NODE_1815_length_2787_cov_5.238346	2787	43.16
GC1003827_G04_NODE_1816_length_2786_cov_9.990598	2786	48.10
GC1003827_G04_NODE_1817_length_2786_cov_6.250470	2786	48.67
GC1003827_G04_NODE_1818_length_2785_cov_10.305493	2785	43.88
GC1003827_G04_NODE_1819_length_2785_cov_3.560196	2785	50.74
GC1003827_G04_NODE_1820_length_2784_cov_8.619872	2784	44.15
GC1003827_G04_NODE_1821_length_2784_cov_6.963869	2784	48.60
GC1003827_G04_NODE_1822_length_2783_cov_6.013178	2783	46.46
GC1003827_G04_NODE_1823_length_2783_cov_3.871235	2783	50.27
GC1003827_G04_NODE_1824_length_2783_cov_2.627259	2783	44.92
GC1003827_G04_NODE_1825_length_2780_cov_6.537882	2780	47.84
GC1003827_G04_NODE_1826_length_2778_cov_5.074312	2778	53.92
GC1003827_G04_NODE_1827_length_2778_cov_2.340249	2778	44.24
GC1003827_G04_NODE_1828_length_2777_cov_14.994340	2777	49.33
GC1003827_G04_NODE_1829_length_2776_cov_6.780294	2776	45.39
GC1003827_G04_NODE_1830_length_2776_cov_3.736504	2776	44.85
GC1003827_G04_NODE_1831_length_2775_cov_6.889728	2775	48.76
GC1003827_G04_NODE_1832_length_2775_cov_4.055136	2775	51.03
GC1003827_G04_NODE_1833_length_2774_cov_7.010578	2774	47.73
GC1003827_G04_NODE_1834_length_2774_cov_6.973177	2774	46.68
GC1003827_G04_NODE_1835_length_2774_cov_5.260295	2774	46.54
GC1003827_G04_NODE_1836_length_2774_cov_4.972422	2774	45.64
GC1003827_G04_NODE_1837_length_2774_cov_3.842085	2774	47.37
GC1003827_G04_NODE_1838_length_2773_cov_3.883598	2773	45.91
GC1003827_G04_NODE_1839_length_2772_cov_6.103214	2772	45.42
GC1003827_G04_NODE_1840_length_2771_cov_6.807110	2771	48.07
GC1003827_G04_NODE_1841_length_2771_cov_5.232980	2771	43.63
GC1003827_G04_NODE_1842_length_2771_cov_4.194781	2771	44.32
GC1003827_G04_NODE_1843_length_2770_cov_22.792660	2770	43.25
GC1003827_G04_NODE_1844_length_2770_cov_4.688233	2770	42.60
GC1003827_G04_NODE_1845_length_2769_cov_4.672975	2769	50.20
GC1003827_G04_NODE_1846_length_2768_cov_7.901931	2768	40.32
GC1003827_G04_NODE_1847_length_2768_cov_7.872018	2768	47.00
GC1003827_G04_NODE_1848_length_2767_cov_6.551136	2767	42.72
GC1003827_G04_NODE_1849_length_2767_cov_5.293939	2767	45.39
GC1003827_G04_NODE_1850_length_2766_cov_2.871542	2766	49.10
GC1003827_G04_NODE_1851_length_2765_cov_15.056861	2765	44.59
GC1003827_G04_NODE_1852_length_2765_cov_6.490902	2765	46.29
GC1003827_G04_NODE_1853_length_2765_cov_5.912434	2765	45.28
GC1003827_G04_NODE_1854_length_2765_cov_4.394617	2765	45.82
GC1003827_G04_NODE_1855_length_2764_cov_5.828593	2764	47.14
GC1003827_G04_NODE_1856_length_2764_cov_5.233599	2764	46.13
GC1003827_G04_NODE_1857_length_2764_cov_4.085324	2764	45.55
GC1003827_G04_NODE_1858_length_2763_cov_7.422610	2763	46.33
GC1003827_G04_NODE_1859_length_2763_cov_3.963581	2763	48.57
GC1003827_G04_NODE_1860_length_2762_cov_6.264896	2762	46.96
GC1003827_G04_NODE_1861_length_2762_cov_4.245920	2762	42.76
GC1003827_G04_NODE_1862_length_2761_cov_14.307137	2761	39.44
GC1003827_G04_NODE_1863_length_2761_cov_6.274487	2761	45.96
GC1003827_G04_NODE_1864_length_2761_cov_1.968489	2761	55.31
GC1003827_G04_NODE_1865_length_2760_cov_10.914166	2760	45.04
GC1003827_G04_NODE_1866_length_2760_cov_8.735283	2760	45.69
GC1003827_G04_NODE_1867_length_2760_cov_7.342575	2760	47.10
GC1003827_G04_NODE_1868_length_2760_cov_2.805925	2760	48.77
GC1003827_G04_NODE_1869_length_2759_cov_5.411854	2759	50.24
GC1003827_G04_NODE_1870_length_2758_cov_7.606233	2758	46.27
GC1003827_G04_NODE_1871_length_2758_cov_4.397187	2758	53.55
GC1003827_G04_NODE_1872_length_2757_cov_8.504183	2757	47.52
GC1003827_G04_NODE_1873_length_2757_cov_8.300380	2757	44.18
GC1003827_G04_NODE_1874_length_2757_cov_5.912167	2757	44.32
GC1003827_G04_NODE_1875_length_2757_cov_5.230038	2757	46.25
GC1003827_G04_NODE_1876_length_2757_cov_3.995817	2757	46.39
GC1003827_G04_NODE_1877_length_2757_cov_3.796958	2757	45.67
GC1003827_G04_NODE_1878_length_2757_cov_3.190114	2757	51.14
GC1003827_G04_NODE_1879_length_2756_cov_6.112210	2756	43.90
GC1003827_G04_NODE_1880_length_2756_cov_5.384937	2756	47.86
GC1003827_G04_NODE_1881_length_2756_cov_4.349943	2756	55.48
GC1003827_G04_NODE_1882_length_2754_cov_5.101637	2754	43.97
GC1003827_G04_NODE_1883_length_2753_cov_4.950495	2753	47.69
GC1003827_G04_NODE_1884_length_2752_cov_5.585143	2752	63.74
GC1003827_G04_NODE_1885_length_2752_cov_4.691429	2752	45.82
GC1003827_G04_NODE_1886_length_2752_cov_4.020571	2752	43.46
GC1003827_G04_NODE_1887_length_2752_cov_3.974857	2752	48.18
GC1003827_G04_NODE_1888_length_2752_cov_1.512381	2752	51.20
GC1003827_G04_NODE_1889_length_2751_cov_0.795351	2751	47.62
GC1003827_G04_NODE_1890_length_2750_cov_6.244758	2750	42.65
GC1003827_G04_NODE_1891_length_2750_cov_2.216165	2750	47.78
GC1003827_G04_NODE_1892_length_2749_cov_7.872616	2749	43.03
GC1003827_G04_NODE_1893_length_2749_cov_6.252098	2749	44.89
GC1003827_G04_NODE_1894_length_2749_cov_4.118993	2749	43.29
GC1003827_G04_NODE_1895_length_2746_cov_2.681176	2746	40.75
GC1003827_G04_NODE_1896_length_2745_cov_9.207410	2745	42.99
GC1003827_G04_NODE_1897_length_2745_cov_5.101986	2745	48.96
GC1003827_G04_NODE_1898_length_2744_cov_4.967520	2744	46.25
GC1003827_G04_NODE_1899_length_2743_cov_6.871177	2743	44.77
GC1003827_G04_NODE_1900_length_2743_cov_4.842890	2743	46.59
GC1003827_G04_NODE_1901_length_2743_cov_3.975153	2743	43.93
GC1003827_G04_NODE_1902_length_2743_cov_3.863532	2743	53.15
GC1003827_G04_NODE_1903_length_2743_cov_3.035933	2743	46.23
GC1003827_G04_NODE_1904_length_2742_cov_5.565966	2742	47.12
GC1003827_G04_NODE_1905_length_2742_cov_3.990822	2742	50.33
GC1003827_G04_NODE_1906_length_2741_cov_9.324790	2741	43.67
GC1003827_G04_NODE_1907_length_2740_cov_6.437811	2740	56.93
GC1003827_G04_NODE_1908_length_2740_cov_4.826253	2740	45.77
GC1003827_G04_NODE_1909_length_2740_cov_3.436663	2740	48.32
GC1003827_G04_NODE_1910_length_2739_cov_8.143185	2739	47.21
GC1003827_G04_NODE_1911_length_2739_cov_7.483538	2739	45.78
GC1003827_G04_NODE_1912_length_2738_cov_10.355036	2738	44.52
GC1003827_G04_NODE_1913_length_2738_cov_6.648411	2738	43.46
GC1003827_G04_NODE_1914_length_2737_cov_4.934483	2737	48.23
GC1003827_G04_NODE_1915_length_2737_cov_2.943295	2737	54.59
GC1003827_G04_NODE_1916_length_2736_cov_8.480644	2736	48.79
GC1003827_G04_NODE_1917_length_2735_cov_6.245015	2735	43.99
GC1003827_G04_NODE_1918_length_2735_cov_3.149923	2735	44.57
GC1003827_G04_NODE_1919_length_2734_cov_7.158803	2734	46.45
GC1003827_G04_NODE_1920_length_2734_cov_6.891830	2734	48.28
GC1003827_G04_NODE_1921_length_2734_cov_5.263521	2734	51.39
GC1003827_G04_NODE_1922_length_2734_cov_2.817031	2734	47.66
GC1003827_G04_NODE_1923_length_2733_cov_9.245203	2733	47.16
GC1003827_G04_NODE_1924_length_2732_cov_11.335509	2732	39.49
GC1003827_G04_NODE_1925_length_2732_cov_7.161996	2732	45.10
GC1003827_G04_NODE_1926_length_2732_cov_5.433781	2732	50.40
GC1003827_G04_NODE_1927_length_2732_cov_4.518618	2732	40.52
GC1003827_G04_NODE_1928_length_2731_cov_7.915131	2731	49.91
GC1003827_G04_NODE_1929_length_2731_cov_4.932028	2731	47.38
GC1003827_G04_NODE_1930_length_2730_cov_10.460622	2730	45.46
GC1003827_G04_NODE_1931_length_2730_cov_2.966961	2730	46.12
GC1003827_G04_NODE_1932_length_2729_cov_8.591084	2729	43.28
GC1003827_G04_NODE_1933_length_2729_cov_7.618370	2729	49.21
GC1003827_G04_NODE_1934_length_2729_cov_7.480400	2729	43.53
GC1003827_G04_NODE_1935_length_2729_cov_4.363182	2729	44.52
GC1003827_G04_NODE_1936_length_2729_cov_2.169485	2729	43.02
GC1003827_G04_NODE_1937_length_2728_cov_11.953479	2728	47.03
GC1003827_G04_NODE_1938_length_2728_cov_7.753172	2728	42.34
GC1003827_G04_NODE_1939_length_2728_cov_4.646674	2728	43.88
GC1003827_G04_NODE_1940_length_2727_cov_9.673846	2727	44.74
GC1003827_G04_NODE_1941_length_2727_cov_3.033462	2727	43.86
GC1003827_G04_NODE_1942_length_2727_cov_2.950769	2727	50.86
GC1003827_G04_NODE_1943_length_2726_cov_5.755290	2726	44.39
GC1003827_G04_NODE_1944_length_2726_cov_4.724509	2726	48.61
GC1003827_G04_NODE_1945_length_2725_cov_5.525404	2725	48.11
GC1003827_G04_NODE_1946_length_2725_cov_3.718245	2725	47.12
GC1003827_G04_NODE_1947_length_2724_cov_5.606469	2724	45.15
GC1003827_G04_NODE_1948_length_2723_cov_4.092065	2723	48.66
GC1003827_G04_NODE_1949_length_2722_cov_1.961079	2722	49.38
GC1003827_G04_NODE_1950_length_2721_cov_5.136854	2721	50.24
GC1003827_G04_NODE_1951_length_2721_cov_4.336931	2721	48.40
GC1003827_G04_NODE_1952_length_2721_cov_2.653045	2721	50.17
GC1003827_G04_NODE_1953_length_2720_cov_6.129194	2720	47.83
GC1003827_G04_NODE_1954_length_2720_cov_4.724643	2720	44.60
GC1003827_G04_NODE_1955_length_2720_cov_2.891246	2720	49.74
GC1003827_G04_NODE_1956_length_2720_cov_2.866949	2720	44.60
GC1003827_G04_NODE_1957_length_2719_cov_18.099151	2719	46.52
GC1003827_G04_NODE_1958_length_2719_cov_6.666281	2719	48.51
GC1003827_G04_NODE_1959_length_2719_cov_4.169367	2719	43.14
GC1003827_G04_NODE_1960_length_2719_cov_3.630401	2719	44.32
GC1003827_G04_NODE_1961_length_2719_cov_3.520062	2719	47.11
GC1003827_G04_NODE_1962_length_2719_cov_2.759259	2719	46.71
GC1003827_G04_NODE_1963_length_2718_cov_8.142416	2718	49.19
GC1003827_G04_NODE_1964_length_2718_cov_3.126978	2718	44.59
GC1003827_G04_NODE_1965_length_2718_cov_1.636820	2718	46.03
GC1003827_G04_NODE_1966_length_2717_cov_11.690347	2717	44.31
GC1003827_G04_NODE_1967_length_2717_cov_9.284942	2717	46.78
GC1003827_G04_NODE_1968_length_2717_cov_9.001158	2717	47.41
GC1003827_G04_NODE_1969_length_2716_cov_10.159521	2716	48.34
GC1003827_G04_NODE_1970_length_2716_cov_3.765933	2716	49.12
GC1003827_G04_NODE_1971_length_2716_cov_3.496331	2716	50.29
GC1003827_G04_NODE_1972_length_2715_cov_14.987249	2715	47.81
GC1003827_G04_NODE_1973_length_2714_cov_8.079629	2714	46.24
GC1003827_G04_NODE_1974_length_2714_cov_6.027445	2714	45.87
GC1003827_G04_NODE_1975_length_2713_cov_5.695669	2713	47.07
GC1003827_G04_NODE_1976_length_2712_cov_6.292456	2712	44.21
GC1003827_G04_NODE_1977_length_2712_cov_4.114507	2712	46.94
GC1003827_G04_NODE_1978_length_2711_cov_11.910217	2711	44.74
GC1003827_G04_NODE_1979_length_2710_cov_16.663569	2710	47.75
GC1003827_G04_NODE_1980_length_2710_cov_4.783198	2710	47.08
GC1003827_G04_NODE_1981_length_2710_cov_4.075106	2710	49.89
GC1003827_G04_NODE_1982_length_2709_cov_2.895817	2709	44.96
GC1003827_G04_NODE_1983_length_2707_cov_12.761628	2707	47.21
GC1003827_G04_NODE_1984_length_2707_cov_8.682946	2707	46.99
GC1003827_G04_NODE_1985_length_2707_cov_7.188760	2707	44.55
GC1003827_G04_NODE_1986_length_2707_cov_4.977907	2707	48.21
GC1003827_G04_NODE_1987_length_2707_cov_4.104651	2707	48.91
GC1003827_G04_NODE_1988_length_2707_cov_3.085271	2707	48.98
GC1003827_G04_NODE_1989_length_2705_cov_10.613654	2705	46.58
GC1003827_G04_NODE_1990_length_2705_cov_7.736230	2705	48.17
GC1003827_G04_NODE_1991_length_2705_cov_7.495733	2705	44.88
GC1003827_G04_NODE_1992_length_2705_cov_6.228084	2705	46.80
GC1003827_G04_NODE_1993_length_2703_cov_10.850543	2703	49.02
GC1003827_G04_NODE_1994_length_2703_cov_2.774068	2703	47.98
GC1003827_G04_NODE_1995_length_2703_cov_2.503106	2703	65.08
GC1003827_G04_NODE_1996_length_2702_cov_3.259029	2702	43.93
GC1003827_G04_NODE_1997_length_2701_cov_4.630536	2701	44.39
GC1003827_G04_NODE_1998_length_2700_cov_8.131753	2700	50.85
GC1003827_G04_NODE_1999_length_2700_cov_7.898562	2700	43.37
GC1003827_G04_NODE_2000_length_2700_cov_5.414691	2700	50.41
GC1003827_G04_NODE_2001_length_2700_cov_5.118150	2700	47.78
GC1003827_G04_NODE_2002_length_2700_cov_3.301982	2700	64.41
GC1003827_G04_NODE_2003_length_2697_cov_9.205837	2697	41.71
GC1003827_G04_NODE_2004_length_2697_cov_3.887160	2697	45.94
GC1003827_G04_NODE_2005_length_2696_cov_12.607240	2696	43.99
GC1003827_G04_NODE_2006_length_2696_cov_6.559751	2696	44.51
GC1003827_G04_NODE_2007_length_2696_cov_3.857921	2696	47.22
GC1003827_G04_NODE_2008_length_2696_cov_3.638381	2696	45.33
GC1003827_G04_NODE_2009_length_2696_cov_2.867653	2696	46.59
GC1003827_G04_NODE_2010_length_2695_cov_26.469626	2695	47.20
GC1003827_G04_NODE_2011_length_2695_cov_6.663941	2695	45.23
GC1003827_G04_NODE_2012_length_2695_cov_4.683411	2695	43.97
GC1003827_G04_NODE_2013_length_2695_cov_2.620327	2695	49.02
GC1003827_G04_NODE_2014_length_2695_cov_2.550623	2695	49.09
GC1003827_G04_NODE_2015_length_2695_cov_2.447040	2695	56.10
GC1003827_G04_NODE_2016_length_2694_cov_3.663031	2694	48.14
GC1003827_G04_NODE_2017_length_2694_cov_3.183483	2694	43.10
GC1003827_G04_NODE_2018_length_2691_cov_6.198128	2691	49.98
GC1003827_G04_NODE_2019_length_2691_cov_3.221529	2691	46.30
GC1003827_G04_NODE_2020_length_2690_cov_11.237612	2690	48.55
GC1003827_G04_NODE_2021_length_2690_cov_5.791260	2690	46.17
GC1003827_G04_NODE_2022_length_2689_cov_6.875488	2689	42.99
GC1003827_G04_NODE_2023_length_2689_cov_3.763466	2689	46.89
GC1003827_G04_NODE_2024_length_2688_cov_4.001952	2688	46.17
GC1003827_G04_NODE_2025_length_2687_cov_7.873437	2687	45.29
GC1003827_G04_NODE_2026_length_2687_cov_6.041406	2687	43.65
GC1003827_G04_NODE_2027_length_2687_cov_5.351172	2687	40.01
GC1003827_G04_NODE_2028_length_2687_cov_3.254688	2687	45.81
GC1003827_G04_NODE_2029_length_2687_cov_1.835547	2687	63.68
GC1003827_G04_NODE_2030_length_2686_cov_7.931614	2686	48.99
GC1003827_G04_NODE_2031_length_2686_cov_6.093005	2686	49.44
GC1003827_G04_NODE_2032_length_2685_cov_8.703675	2685	45.81
GC1003827_G04_NODE_2033_length_2684_cov_5.736801	2684	45.49
GC1003827_G04_NODE_2034_length_2684_cov_5.166601	2684	44.93
GC1003827_G04_NODE_2035_length_2684_cov_4.580759	2684	44.75
GC1003827_G04_NODE_2036_length_2684_cov_3.886586	2684	44.19
GC1003827_G04_NODE_2037_length_2683_cov_4.529734	2683	49.27
GC1003827_G04_NODE_2038_length_2683_cov_3.189358	2683	42.15
GC1003827_G04_NODE_2039_length_2683_cov_2.918232	2683	45.84
GC1003827_G04_NODE_2040_length_2682_cov_3.918200	2682	47.95
GC1003827_G04_NODE_2041_length_2682_cov_2.577691	2682	42.02
GC1003827_G04_NODE_2042_length_2681_cov_7.021926	2681	48.30
GC1003827_G04_NODE_2043_length_2679_cov_12.503135	2679	47.48
GC1003827_G04_NODE_2044_length_2679_cov_5.380486	2679	45.58
GC1003827_G04_NODE_2045_length_2679_cov_2.687304	2679	42.18
GC1003827_G04_NODE_2046_length_2678_cov_3.132889	2678	51.34
GC1003827_G04_NODE_2047_length_2677_cov_13.470980	2677	44.42
GC1003827_G04_NODE_2048_length_2677_cov_7.656863	2677	47.85
GC1003827_G04_NODE_2049_length_2677_cov_4.640392	2677	43.18
GC1003827_G04_NODE_2050_length_2677_cov_3.172941	2677	47.14
GC1003827_G04_NODE_2051_length_2676_cov_7.552373	2676	45.48
GC1003827_G04_NODE_2052_length_2676_cov_3.927030	2676	50.30
GC1003827_G04_NODE_2053_length_2673_cov_6.719167	2673	45.45
GC1003827_G04_NODE_2054_length_2673_cov_6.232914	2673	46.80
GC1003827_G04_NODE_2055_length_2673_cov_4.187745	2673	44.52
GC1003827_G04_NODE_2056_length_2671_cov_5.175708	2671	42.79
GC1003827_G04_NODE_2057_length_2671_cov_4.704009	2671	45.56
GC1003827_G04_NODE_2058_length_2670_cov_5.165552	2670	47.15
GC1003827_G04_NODE_2059_length_2669_cov_3.483871	2669	46.91
GC1003827_G04_NODE_2060_length_2668_cov_6.743015	2668	41.64
GC1003827_G04_NODE_2061_length_2668_cov_6.034238	2668	47.41
GC1003827_G04_NODE_2062_length_2667_cov_9.653543	2667	46.91
GC1003827_G04_NODE_2063_length_2666_cov_6.611264	2666	45.46
GC1003827_G04_NODE_2064_length_2666_cov_1.491926	2666	39.16
GC1003827_G04_NODE_2065_length_2663_cov_10.233833	2663	46.75
GC1003827_G04_NODE_2066_length_2663_cov_2.992902	2663	45.32
GC1003827_G04_NODE_2067_length_2661_cov_9.430939	2661	45.06
GC1003827_G04_NODE_2068_length_2661_cov_8.629834	2661	45.85
GC1003827_G04_NODE_2069_length_2661_cov_7.588398	2661	58.25
GC1003827_G04_NODE_2070_length_2660_cov_4.225819	2660	46.13
GC1003827_G04_NODE_2071_length_2659_cov_4.999210	2659	43.36
GC1003827_G04_NODE_2072_length_2659_cov_4.469194	2659	45.32
GC1003827_G04_NODE_2073_length_2659_cov_4.468009	2659	45.13
GC1003827_G04_NODE_2074_length_2657_cov_4.805929	2657	44.49
GC1003827_G04_NODE_2075_length_2657_cov_4.432806	2657	50.73
GC1003827_G04_NODE_2076_length_2656_cov_4.772242	2656	43.30
GC1003827_G04_NODE_2077_length_2655_cov_10.168908	2655	42.71
GC1003827_G04_NODE_2078_length_2655_cov_5.380142	2655	50.92
GC1003827_G04_NODE_2079_length_2655_cov_2.360364	2655	47.83
GC1003827_G04_NODE_2080_length_2655_cov_2.234177	2655	49.94
GC1003827_G04_NODE_2081_length_2655_cov_1.715981	2655	50.13
GC1003827_G04_NODE_2082_length_2654_cov_7.527107	2654	48.00
GC1003827_G04_NODE_2083_length_2653_cov_10.941409	2653	45.12
GC1003827_G04_NODE_2084_length_2653_cov_4.529691	2653	47.68
GC1003827_G04_NODE_2085_length_2652_cov_10.192871	2652	48.83
GC1003827_G04_NODE_2086_length_2652_cov_4.973069	2652	47.74
GC1003827_G04_NODE_2087_length_2651_cov_6.473059	2651	50.55
GC1003827_G04_NODE_2088_length_2651_cov_5.966323	2651	45.61
GC1003827_G04_NODE_2089_length_2651_cov_3.437401	2651	47.38
GC1003827_G04_NODE_2090_length_2651_cov_3.337956	2651	49.68
GC1003827_G04_NODE_2091_length_2650_cov_4.190250	2650	42.98
GC1003827_G04_NODE_2092_length_2650_cov_3.904479	2650	45.28
GC1003827_G04_NODE_2093_length_2649_cov_11.885408	2649	49.87
GC1003827_G04_NODE_2094_length_2649_cov_6.005948	2649	46.58
GC1003827_G04_NODE_2095_length_2648_cov_11.469655	2648	44.41
GC1003827_G04_NODE_2096_length_2648_cov_8.389528	2648	44.07
GC1003827_G04_NODE_2097_length_2648_cov_7.185244	2648	42.86
GC1003827_G04_NODE_2098_length_2648_cov_5.917493	2648	48.64
GC1003827_G04_NODE_2099_length_2648_cov_4.975407	2648	43.13
GC1003827_G04_NODE_2100_length_2648_cov_4.462912	2648	44.52
GC1003827_G04_NODE_2101_length_2647_cov_12.326587	2647	44.05
GC1003827_G04_NODE_2102_length_2646_cov_8.250496	2646	45.54
GC1003827_G04_NODE_2103_length_2646_cov_6.120683	2646	43.24
GC1003827_G04_NODE_2104_length_2646_cov_5.681620	2646	44.18
GC1003827_G04_NODE_2105_length_2644_cov_31.273341	2644	39.45
GC1003827_G04_NODE_2106_length_2644_cov_6.011124	2644	45.84
GC1003827_G04_NODE_2107_length_2643_cov_8.887520	2643	42.64
GC1003827_G04_NODE_2108_length_2643_cov_3.113275	2643	42.91
GC1003827_G04_NODE_2109_length_2642_cov_3.209543	2642	44.51
GC1003827_G04_NODE_2110_length_2641_cov_7.151154	2641	44.83
GC1003827_G04_NODE_2111_length_2641_cov_6.109785	2641	43.39
GC1003827_G04_NODE_2112_length_2638_cov_4.303067	2638	50.23
GC1003827_G04_NODE_2113_length_2637_cov_6.321116	2637	44.67
GC1003827_G04_NODE_2114_length_2637_cov_4.295618	2637	46.99
GC1003827_G04_NODE_2115_length_2637_cov_3.362948	2637	46.95
GC1003827_G04_NODE_2116_length_2637_cov_3.060956	2637	44.25
GC1003827_G04_NODE_2117_length_2636_cov_2.891192	2636	42.75
GC1003827_G04_NODE_2118_length_2635_cov_10.121212	2635	48.16
GC1003827_G04_NODE_2119_length_2635_cov_9.356858	2635	50.47
GC1003827_G04_NODE_2120_length_2635_cov_4.725279	2635	45.12
GC1003827_G04_NODE_2121_length_2635_cov_3.694976	2635	45.05
GC1003827_G04_NODE_2122_length_2634_cov_10.860391	2634	44.23
GC1003827_G04_NODE_2123_length_2634_cov_3.948943	2634	43.20
GC1003827_G04_NODE_2124_length_2634_cov_3.366175	2634	41.34
GC1003827_G04_NODE_2125_length_2632_cov_6.764072	2632	48.18
GC1003827_G04_NODE_2126_length_2632_cov_6.111776	2632	44.57
GC1003827_G04_NODE_2127_length_2632_cov_4.556886	2632	38.03
GC1003827_G04_NODE_2128_length_2632_cov_3.507784	2632	44.49
GC1003827_G04_NODE_2129_length_2631_cov_6.622604	2631	45.04
GC1003827_G04_NODE_2130_length_2631_cov_5.343850	2631	44.77
GC1003827_G04_NODE_2131_length_2631_cov_3.313898	2631	46.64
GC1003827_G04_NODE_2132_length_2630_cov_7.445066	2630	47.30
GC1003827_G04_NODE_2133_length_2630_cov_5.973232	2630	45.89
GC1003827_G04_NODE_2134_length_2630_cov_5.401518	2630	46.73
GC1003827_G04_NODE_2135_length_2630_cov_4.693168	2630	43.35
GC1003827_G04_NODE_2136_length_2630_cov_1.522573	2630	42.89
GC1003827_G04_NODE_2137_length_2629_cov_6.521183	2629	47.85
GC1003827_G04_NODE_2138_length_2629_cov_4.179856	2629	44.96
GC1003827_G04_NODE_2139_length_2628_cov_6.054378	2628	45.55
GC1003827_G04_NODE_2140_length_2627_cov_11.679600	2627	45.53
GC1003827_G04_NODE_2141_length_2627_cov_6.542800	2627	46.52
GC1003827_G04_NODE_2142_length_2627_cov_5.139600	2627	48.69
GC1003827_G04_NODE_2143_length_2627_cov_2.008000	2627	69.55
GC1003827_G04_NODE_2144_length_2626_cov_9.324530	2626	50.04
GC1003827_G04_NODE_2145_length_2626_cov_6.030812	2626	46.23
GC1003827_G04_NODE_2146_length_2626_cov_4.198479	2626	45.70
GC1003827_G04_NODE_2147_length_2626_cov_1.910764	2626	46.57
GC1003827_G04_NODE_2148_length_2626_cov_1.773509	2626	48.71
GC1003827_G04_NODE_2149_length_2625_cov_3.728583	2625	45.79
GC1003827_G04_NODE_2150_length_2624_cov_7.615539	2624	48.25
GC1003827_G04_NODE_2151_length_2623_cov_12.805689	2623	46.74
GC1003827_G04_NODE_2152_length_2623_cov_5.716747	2623	46.70
GC1003827_G04_NODE_2153_length_2623_cov_3.685497	2623	46.21
GC1003827_G04_NODE_2154_length_2622_cov_14.006413	2622	43.75
GC1003827_G04_NODE_2155_length_2622_cov_3.915030	2622	47.64
GC1003827_G04_NODE_2156_length_2621_cov_7.919808	2621	52.38
GC1003827_G04_NODE_2157_length_2621_cov_7.810746	2621	49.87
GC1003827_G04_NODE_2158_length_2621_cov_6.368083	2621	49.48
GC1003827_G04_NODE_2159_length_2621_cov_3.292702	2621	47.35
GC1003827_G04_NODE_2160_length_2621_cov_3.275060	2621	41.63
GC1003827_G04_NODE_2161_length_2620_cov_6.748897	2620	43.44
GC1003827_G04_NODE_2162_length_2619_cov_9.223515	2619	45.90
GC1003827_G04_NODE_2163_length_2619_cov_3.508026	2619	48.15
GC1003827_G04_NODE_2164_length_2618_cov_5.745484	2618	49.24
GC1003827_G04_NODE_2165_length_2618_cov_4.329185	2618	46.49
GC1003827_G04_NODE_2166_length_2618_cov_4.099157	2618	46.03
GC1003827_G04_NODE_2167_length_2617_cov_4.563052	2617	41.46
GC1003827_G04_NODE_2168_length_2616_cov_6.940137	2616	45.53
GC1003827_G04_NODE_2169_length_2616_cov_5.740458	2616	48.70
GC1003827_G04_NODE_2170_length_2616_cov_1.433909	2616	67.35
GC1003827_G04_NODE_2171_length_2615_cov_7.411174	2615	45.20
GC1003827_G04_NODE_2172_length_2614_cov_5.524326	2614	47.44
GC1003827_G04_NODE_2173_length_2614_cov_3.451548	2614	43.61
GC1003827_G04_NODE_2174_length_2613_cov_11.622687	2613	48.18
GC1003827_G04_NODE_2175_length_2613_cov_2.917538	2613	45.46
GC1003827_G04_NODE_2176_length_2612_cov_5.908249	2612	50.61
GC1003827_G04_NODE_2177_length_2612_cov_3.288531	2612	46.75
GC1003827_G04_NODE_2178_length_2610_cov_4.030205	2610	50.27
GC1003827_G04_NODE_2179_length_2610_cov_3.525171	2610	47.20
GC1003827_G04_NODE_2180_length_2610_cov_2.635522	2610	44.79
GC1003827_G04_NODE_2181_length_2609_cov_9.472200	2609	48.49
GC1003827_G04_NODE_2182_length_2608_cov_2.022168	2608	45.94
GC1003827_G04_NODE_2183_length_2607_cov_7.293952	2607	49.52
GC1003827_G04_NODE_2184_length_2607_cov_4.405645	2607	49.21
GC1003827_G04_NODE_2185_length_2605_cov_7.163438	2605	44.07
GC1003827_G04_NODE_2186_length_2605_cov_7.043987	2605	44.15
GC1003827_G04_NODE_2187_length_2605_cov_3.441082	2605	44.26
GC1003827_G04_NODE_2188_length_2605_cov_3.259887	2605	47.06
GC1003827_G04_NODE_2189_length_2604_cov_5.215987	2604	47.12
GC1003827_G04_NODE_2190_length_2604_cov_4.573274	2604	46.89
GC1003827_G04_NODE_2191_length_2604_cov_4.106177	2604	45.81
GC1003827_G04_NODE_2192_length_2603_cov_7.104604	2603	51.21
GC1003827_G04_NODE_2193_length_2603_cov_4.472940	2603	50.60
GC1003827_G04_NODE_2194_length_2602_cov_1.995556	2602	47.54
GC1003827_G04_NODE_2195_length_2601_cov_5.571948	2601	49.94
GC1003827_G04_NODE_2196_length_2601_cov_5.521827	2601	47.94
GC1003827_G04_NODE_2197_length_2601_cov_3.868230	2601	64.09
GC1003827_G04_NODE_2198_length_2600_cov_18.986656	2600	51.46
GC1003827_G04_NODE_2199_length_2600_cov_6.175091	2600	48.50
GC1003827_G04_NODE_2200_length_2600_cov_4.931662	2600	45.35
GC1003827_G04_NODE_2201_length_2600_cov_4.067529	2600	45.27
GC1003827_G04_NODE_2202_length_2599_cov_8.518204	2599	41.98
GC1003827_G04_NODE_2203_length_2599_cov_3.427184	2599	41.79
GC1003827_G04_NODE_2204_length_2599_cov_3.088592	2599	51.17
GC1003827_G04_NODE_2205_length_2598_cov_6.590449	2598	45.73
GC1003827_G04_NODE_2206_length_2598_cov_6.357750	2598	50.65
GC1003827_G04_NODE_2207_length_2598_cov_3.989478	2598	59.62
GC1003827_G04_NODE_2208_length_2598_cov_3.515176	2598	49.85
GC1003827_G04_NODE_2209_length_2598_cov_3.052206	2598	43.96
GC1003827_G04_NODE_2210_length_2597_cov_16.214170	2597	48.83
GC1003827_G04_NODE_2211_length_2597_cov_9.183806	2597	45.13
GC1003827_G04_NODE_2212_length_2597_cov_7.821457	2597	44.36
GC1003827_G04_NODE_2213_length_2597_cov_4.308097	2597	48.40
GC1003827_G04_NODE_2214_length_2596_cov_10.590928	2596	44.92
GC1003827_G04_NODE_2215_length_2596_cov_5.947347	2596	48.57
GC1003827_G04_NODE_2216_length_2595_cov_8.086305	2595	45.43
GC1003827_G04_NODE_2217_length_2595_cov_3.197326	2595	47.44
GC1003827_G04_NODE_2218_length_2595_cov_2.915316	2595	40.96
GC1003827_G04_NODE_2219_length_2595_cov_2.281605	2595	50.33
GC1003827_G04_NODE_2220_length_2594_cov_4.891366	2594	46.34
GC1003827_G04_NODE_2221_length_2594_cov_3.378192	2594	49.73
GC1003827_G04_NODE_2222_length_2593_cov_10.214923	2593	50.91
GC1003827_G04_NODE_2223_length_2593_cov_7.048256	2593	49.90
GC1003827_G04_NODE_2224_length_2593_cov_5.798459	2593	49.09
GC1003827_G04_NODE_2225_length_2593_cov_3.900243	2593	44.54
GC1003827_G04_NODE_2226_length_2592_cov_10.007708	2592	49.73
GC1003827_G04_NODE_2227_length_2592_cov_8.242191	2592	48.23
GC1003827_G04_NODE_2228_length_2592_cov_7.459635	2592	49.69
GC1003827_G04_NODE_2229_length_2592_cov_7.199189	2592	47.76
GC1003827_G04_NODE_2230_length_2592_cov_4.266937	2592	47.69
GC1003827_G04_NODE_2231_length_2591_cov_9.084416	2591	44.81
GC1003827_G04_NODE_2232_length_2591_cov_7.957386	2591	43.19
GC1003827_G04_NODE_2233_length_2591_cov_5.636769	2591	47.36
GC1003827_G04_NODE_2234_length_2591_cov_5.421266	2591	49.86
GC1003827_G04_NODE_2235_length_2591_cov_1.353896	2591	49.94
GC1003827_G04_NODE_2236_length_2590_cov_5.012992	2590	47.41
GC1003827_G04_NODE_2237_length_2590_cov_4.473812	2590	45.06
GC1003827_G04_NODE_2238_length_2590_cov_4.216809	2590	44.86
GC1003827_G04_NODE_2239_length_2589_cov_5.634444	2589	44.30
GC1003827_G04_NODE_2240_length_2589_cov_5.235581	2589	43.41
GC1003827_G04_NODE_2241_length_2589_cov_3.840374	2589	47.35
GC1003827_G04_NODE_2242_length_2588_cov_6.020723	2588	50.46
GC1003827_G04_NODE_2243_length_2588_cov_3.886631	2588	41.42
GC1003827_G04_NODE_2244_length_2588_cov_3.371800	2588	49.38
GC1003827_G04_NODE_2245_length_2587_cov_12.361789	2587	46.12
GC1003827_G04_NODE_2246_length_2587_cov_10.720325	2587	44.18
GC1003827_G04_NODE_2247_length_2587_cov_9.271138	2587	43.56
GC1003827_G04_NODE_2248_length_2587_cov_8.511382	2587	49.05
GC1003827_G04_NODE_2249_length_2587_cov_6.558537	2587	44.34
GC1003827_G04_NODE_2250_length_2587_cov_6.280488	2587	39.35
GC1003827_G04_NODE_2251_length_2587_cov_4.160163	2587	46.62
GC1003827_G04_NODE_2252_length_2587_cov_3.646341	2587	46.54
GC1003827_G04_NODE_2253_length_2587_cov_1.941463	2587	50.91
GC1003827_G04_NODE_2254_length_2586_cov_6.955266	2586	42.61
GC1003827_G04_NODE_2255_length_2586_cov_5.919886	2586	44.01
GC1003827_G04_NODE_2256_length_2586_cov_5.507117	2586	49.50
GC1003827_G04_NODE_2257_length_2586_cov_2.793819	2586	46.91
GC1003827_G04_NODE_2258_length_2586_cov_2.526637	2586	41.07
GC1003827_G04_NODE_2259_length_2585_cov_10.911310	2585	44.02
GC1003827_G04_NODE_2260_length_2585_cov_6.058584	2585	44.29
GC1003827_G04_NODE_2261_length_2584_cov_12.596663	2584	46.71
GC1003827_G04_NODE_2262_length_2584_cov_2.773301	2584	47.56
GC1003827_G04_NODE_2263_length_2583_cov_6.320440	2583	44.48
GC1003827_G04_NODE_2264_length_2583_cov_2.486156	2583	46.07
GC1003827_G04_NODE_2265_length_2582_cov_6.861914	2582	45.04
GC1003827_G04_NODE_2266_length_2581_cov_3.363081	2581	44.98
GC1003827_G04_NODE_2267_length_2580_cov_6.481044	2580	47.33
GC1003827_G04_NODE_2268_length_2580_cov_3.328985	2580	44.73
GC1003827_G04_NODE_2269_length_2579_cov_8.937194	2579	45.48
GC1003827_G04_NODE_2270_length_2579_cov_6.119902	2579	42.15
GC1003827_G04_NODE_2271_length_2579_cov_3.154976	2579	42.07
GC1003827_G04_NODE_2272_length_2578_cov_10.877193	2578	45.62
GC1003827_G04_NODE_2273_length_2578_cov_4.195430	2578	46.59
GC1003827_G04_NODE_2274_length_2578_cov_3.778458	2578	63.85
GC1003827_G04_NODE_2275_length_2577_cov_6.023265	2577	45.21
GC1003827_G04_NODE_2276_length_2577_cov_3.966939	2577	45.71
GC1003827_G04_NODE_2277_length_2577_cov_3.922857	2577	48.54
GC1003827_G04_NODE_2278_length_2576_cov_15.930992	2576	46.70
GC1003827_G04_NODE_2279_length_2576_cov_2.727644	2576	47.79
GC1003827_G04_NODE_2280_length_2575_cov_2.185458	2575	46.21
GC1003827_G04_NODE_2281_length_2573_cov_6.612837	2573	46.25
GC1003827_G04_NODE_2282_length_2570_cov_3.461318	2570	43.35
GC1003827_G04_NODE_2283_length_2569_cov_6.939803	2569	49.01
GC1003827_G04_NODE_2284_length_2569_cov_3.369779	2569	47.02
GC1003827_G04_NODE_2285_length_2567_cov_6.931148	2567	43.90
GC1003827_G04_NODE_2286_length_2567_cov_4.741803	2567	44.29
GC1003827_G04_NODE_2287_length_2566_cov_4.348913	2566	48.56
GC1003827_G04_NODE_2288_length_2565_cov_4.065628	2565	48.73
GC1003827_G04_NODE_2289_length_2564_cov_13.242922	2564	44.46
GC1003827_G04_NODE_2290_length_2564_cov_2.826426	2564	42.98
GC1003827_G04_NODE_2291_length_2563_cov_10.114532	2563	48.30
GC1003827_G04_NODE_2292_length_2563_cov_9.003695	2563	43.97
GC1003827_G04_NODE_2293_length_2563_cov_4.367816	2563	45.53
GC1003827_G04_NODE_2294_length_2562_cov_3.608214	2562	50.35
GC1003827_G04_NODE_2295_length_2560_cov_5.505960	2560	50.35
GC1003827_G04_NODE_2296_length_2560_cov_3.108919	2560	42.54
GC1003827_G04_NODE_2297_length_2559_cov_9.613076	2559	42.75
GC1003827_G04_NODE_2298_length_2558_cov_6.633896	2558	64.15
GC1003827_G04_NODE_2299_length_2558_cov_6.498972	2558	43.00
GC1003827_G04_NODE_2300_length_2557_cov_12.248148	2557	45.33
GC1003827_G04_NODE_2301_length_2557_cov_5.924280	2557	42.32
GC1003827_G04_NODE_2302_length_2557_cov_5.055967	2557	45.64
GC1003827_G04_NODE_2303_length_2556_cov_12.836970	2556	50.43
GC1003827_G04_NODE_2304_length_2556_cov_6.741046	2556	45.62
GC1003827_G04_NODE_2305_length_2555_cov_8.034185	2555	51.39
GC1003827_G04_NODE_2306_length_2555_cov_6.443987	2555	48.53
GC1003827_G04_NODE_2307_length_2554_cov_7.156160	2554	48.67
GC1003827_G04_NODE_2308_length_2554_cov_1.910589	2554	41.70
GC1003827_G04_NODE_2309_length_2552_cov_5.783093	2552	47.26
GC1003827_G04_NODE_2310_length_2552_cov_4.289897	2552	49.33
GC1003827_G04_NODE_2311_length_2552_cov_4.203711	2552	47.84
GC1003827_G04_NODE_2312_length_2552_cov_2.622680	2552	48.32
GC1003827_G04_NODE_2313_length_2552_cov_1.481649	2552	49.80
GC1003827_G04_NODE_2314_length_2551_cov_4.072607	2551	51.78
GC1003827_G04_NODE_2315_length_2550_cov_7.635163	2550	49.49
GC1003827_G04_NODE_2316_length_2549_cov_6.869529	2549	45.15
GC1003827_G04_NODE_2317_length_2549_cov_4.628406	2549	45.00
GC1003827_G04_NODE_2318_length_2548_cov_8.778191	2548	42.90
GC1003827_G04_NODE_2319_length_2548_cov_8.115242	2548	44.62
GC1003827_G04_NODE_2320_length_2548_cov_7.218505	2548	45.53
GC1003827_G04_NODE_2321_length_2548_cov_6.587361	2548	44.35
GC1003827_G04_NODE_2322_length_2548_cov_4.579513	2548	44.11
GC1003827_G04_NODE_2323_length_2548_cov_2.634862	2548	47.29
GC1003827_G04_NODE_2324_length_2547_cov_10.875207	2547	43.78
GC1003827_G04_NODE_2325_length_2547_cov_10.495868	2547	48.37
GC1003827_G04_NODE_2326_length_2547_cov_9.967769	2547	45.43
GC1003827_G04_NODE_2327_length_2547_cov_6.476860	2547	42.48
GC1003827_G04_NODE_2328_length_2547_cov_4.948347	2547	46.72
GC1003827_G04_NODE_2329_length_2547_cov_3.979339	2547	47.19
GC1003827_G04_NODE_2330_length_2547_cov_3.904132	2547	45.03
GC1003827_G04_NODE_2331_length_2546_cov_9.381976	2546	44.93
GC1003827_G04_NODE_2332_length_2546_cov_8.237288	2546	49.57
GC1003827_G04_NODE_2333_length_2546_cov_5.305912	2546	50.12
GC1003827_G04_NODE_2334_length_2545_cov_11.055004	2545	50.18
GC1003827_G04_NODE_2335_length_2545_cov_3.223739	2545	45.62
GC1003827_G04_NODE_2336_length_2545_cov_1.590571	2545	44.87
GC1003827_G04_NODE_2337_length_2544_cov_7.992553	2544	44.06
GC1003827_G04_NODE_2338_length_2544_cov_4.528755	2544	45.83
GC1003827_G04_NODE_2339_length_2543_cov_8.424669	2543	49.35
GC1003827_G04_NODE_2340_length_2543_cov_5.395281	2543	42.78
GC1003827_G04_NODE_2341_length_2543_cov_2.808775	2543	44.00
GC1003827_G04_NODE_2342_length_2543_cov_2.642798	2543	47.82
GC1003827_G04_NODE_2343_length_2542_cov_3.409110	2542	50.12
GC1003827_G04_NODE_2344_length_2542_cov_3.271636	2542	40.72
GC1003827_G04_NODE_2345_length_2540_cov_11.454621	2540	42.56
GC1003827_G04_NODE_2346_length_2540_cov_6.839204	2540	49.65
GC1003827_G04_NODE_2347_length_2540_cov_5.007460	2540	42.83
GC1003827_G04_NODE_2348_length_2540_cov_4.263572	2540	47.72
GC1003827_G04_NODE_2349_length_2540_cov_3.299627	2540	44.45
GC1003827_G04_NODE_2350_length_2540_cov_3.097389	2540	48.46
GC1003827_G04_NODE_2351_length_2539_cov_14.154229	2539	46.79
GC1003827_G04_NODE_2352_length_2539_cov_8.854063	2539	49.00
GC1003827_G04_NODE_2353_length_2539_cov_7.798507	2539	45.10
GC1003827_G04_NODE_2354_length_2539_cov_5.574212	2539	49.51
GC1003827_G04_NODE_2355_length_2539_cov_3.365672	2539	68.69
GC1003827_G04_NODE_2356_length_2539_cov_1.971808	2539	50.37
GC1003827_G04_NODE_2357_length_2538_cov_7.108254	2538	46.38
GC1003827_G04_NODE_2358_length_2538_cov_6.447532	2538	49.41
GC1003827_G04_NODE_2359_length_2538_cov_4.701783	2538	45.15
GC1003827_G04_NODE_2360_length_2537_cov_8.295436	2537	44.07
GC1003827_G04_NODE_2361_length_2537_cov_7.387552	2537	49.98
GC1003827_G04_NODE_2362_length_2537_cov_6.207469	2537	63.11
GC1003827_G04_NODE_2363_length_2537_cov_4.074274	2537	49.70
GC1003827_G04_NODE_2364_length_2536_cov_8.366957	2536	43.65
GC1003827_G04_NODE_2365_length_2536_cov_2.968037	2536	51.50
GC1003827_G04_NODE_2366_length_2536_cov_2.803238	2536	44.52
GC1003827_G04_NODE_2367_length_2535_cov_5.814784	2535	45.76
GC1003827_G04_NODE_2368_length_2535_cov_5.769103	2535	41.18
GC1003827_G04_NODE_2369_length_2534_cov_11.939759	2534	49.84
GC1003827_G04_NODE_2370_length_2534_cov_8.353552	2534	47.59
GC1003827_G04_NODE_2371_length_2534_cov_5.199418	2534	53.12
GC1003827_G04_NODE_2372_length_2534_cov_3.283756	2534	45.22
GC1003827_G04_NODE_2373_length_2533_cov_11.124688	2533	47.22
GC1003827_G04_NODE_2374_length_2533_cov_10.200333	2533	43.66
GC1003827_G04_NODE_2375_length_2533_cov_6.672901	2533	44.81
GC1003827_G04_NODE_2376_length_2533_cov_3.448462	2533	48.32
GC1003827_G04_NODE_2377_length_2533_cov_3.251039	2533	44.93
GC1003827_G04_NODE_2378_length_2533_cov_2.965503	2533	43.78
GC1003827_G04_NODE_2379_length_2532_cov_13.332225	2532	48.14
GC1003827_G04_NODE_2380_length_2532_cov_5.120166	2532	37.56
GC1003827_G04_NODE_2381_length_2532_cov_2.763410	2532	47.95
GC1003827_G04_NODE_2382_length_2531_cov_8.247088	2531	41.76
GC1003827_G04_NODE_2383_length_2531_cov_6.032030	2531	50.73
GC1003827_G04_NODE_2384_length_2530_cov_19.437370	2530	50.63
GC1003827_G04_NODE_2385_length_2530_cov_11.508531	2530	44.03
GC1003827_G04_NODE_2386_length_2530_cov_2.717437	2530	63.36
GC1003827_G04_NODE_2387_length_2529_cov_11.353872	2529	45.47
GC1003827_G04_NODE_2388_length_2528_cov_13.218659	2528	43.00
GC1003827_G04_NODE_2389_length_2528_cov_8.362349	2528	46.16
GC1003827_G04_NODE_2390_length_2528_cov_5.558934	2528	50.79
GC1003827_G04_NODE_2391_length_2528_cov_4.464390	2528	39.99
GC1003827_G04_NODE_2392_length_2528_cov_3.694711	2528	47.75
GC1003827_G04_NODE_2393_length_2527_cov_6.263333	2527	42.58
GC1003827_G04_NODE_2394_length_2527_cov_4.220417	2527	49.39
GC1003827_G04_NODE_2395_length_2527_cov_2.800833	2527	47.69
GC1003827_G04_NODE_2396_length_2526_cov_21.951647	2526	43.78
GC1003827_G04_NODE_2397_length_2526_cov_19.225927	2526	44.06
GC1003827_G04_NODE_2398_length_2526_cov_5.053356	2526	43.82
GC1003827_G04_NODE_2399_length_2526_cov_4.528970	2526	48.18
GC1003827_G04_NODE_2400_length_2526_cov_2.406419	2526	43.98
GC1003827_G04_NODE_2401_length_2525_cov_9.634696	2525	41.50
GC1003827_G04_NODE_2402_length_2525_cov_7.900751	2525	47.29
GC1003827_G04_NODE_2403_length_2525_cov_7.079650	2525	46.18
GC1003827_G04_NODE_2404_length_2525_cov_5.033778	2525	49.31
GC1003827_G04_NODE_2405_length_2525_cov_3.535863	2525	45.47
GC1003827_G04_NODE_2406_length_2524_cov_8.150605	2524	45.76
GC1003827_G04_NODE_2407_length_2524_cov_4.447226	2524	48.18
GC1003827_G04_NODE_2408_length_2523_cov_6.032972	2523	48.75
GC1003827_G04_NODE_2409_length_2523_cov_4.995409	2523	47.09
GC1003827_G04_NODE_2410_length_2522_cov_10.149061	2522	46.23
GC1003827_G04_NODE_2411_length_2522_cov_4.972860	2522	46.67
GC1003827_G04_NODE_2412_length_2521_cov_9.340017	2521	41.61
GC1003827_G04_NODE_2413_length_2521_cov_7.993734	2521	47.20
GC1003827_G04_NODE_2414_length_2521_cov_6.548037	2521	47.96
GC1003827_G04_NODE_2415_length_2521_cov_2.449457	2521	47.32
GC1003827_G04_NODE_2416_length_2521_cov_2.383459	2521	54.07
GC1003827_G04_NODE_2417_length_2520_cov_8.285416	2520	47.18
GC1003827_G04_NODE_2418_length_2520_cov_3.325533	2520	45.63
GC1003827_G04_NODE_2419_length_2519_cov_8.149247	2519	46.57
GC1003827_G04_NODE_2420_length_2519_cov_3.840301	2519	52.60
GC1003827_G04_NODE_2421_length_2519_cov_3.400920	2519	45.65
GC1003827_G04_NODE_2422_length_2518_cov_5.731075	2518	48.09
GC1003827_G04_NODE_2423_length_2517_cov_4.973222	2517	49.70
GC1003827_G04_NODE_2424_length_2517_cov_3.992469	2517	44.78
GC1003827_G04_NODE_2425_length_2516_cov_6.887401	2516	47.46
GC1003827_G04_NODE_2426_length_2516_cov_4.849728	2516	48.77
GC1003827_G04_NODE_2427_length_2516_cov_4.453328	2516	43.00
GC1003827_G04_NODE_2428_length_2515_cov_15.049832	2515	46.76
GC1003827_G04_NODE_2429_length_2515_cov_10.492881	2515	46.44
GC1003827_G04_NODE_2430_length_2515_cov_5.096734	2515	42.62
GC1003827_G04_NODE_2431_length_2515_cov_3.572864	2515	45.96
GC1003827_G04_NODE_2432_length_2515_cov_2.439280	2515	44.37
GC1003827_G04_NODE_2433_length_2514_cov_7.710515	2514	45.19
GC1003827_G04_NODE_2434_length_2514_cov_6.865522	2514	44.63
GC1003827_G04_NODE_2435_length_2514_cov_6.210725	2514	53.66
GC1003827_G04_NODE_2436_length_2514_cov_3.884374	2514	53.22
GC1003827_G04_NODE_2437_length_2513_cov_12.398575	2513	42.10
GC1003827_G04_NODE_2438_length_2513_cov_4.034367	2513	47.55
GC1003827_G04_NODE_2439_length_2512_cov_9.137107	2512	42.40
GC1003827_G04_NODE_2440_length_2512_cov_9.023899	2512	47.21
GC1003827_G04_NODE_2441_length_2512_cov_5.231027	2512	42.00
GC1003827_G04_NODE_2442_length_2512_cov_5.205031	2512	48.73
GC1003827_G04_NODE_2443_length_2511_cov_16.773909	2511	48.59
GC1003827_G04_NODE_2444_length_2511_cov_2.968540	2511	50.94
GC1003827_G04_NODE_2445_length_2510_cov_6.972304	2510	45.14
GC1003827_G04_NODE_2446_length_2510_cov_6.832144	2510	45.26
GC1003827_G04_NODE_2447_length_2509_cov_4.633921	2509	44.20
GC1003827_G04_NODE_2448_length_2508_cov_4.049979	2508	42.19
GC1003827_G04_NODE_2449_length_2508_cov_2.481730	2508	44.66
GC1003827_G04_NODE_2450_length_2506_cov_10.767549	2506	44.69
GC1003827_G04_NODE_2451_length_2506_cov_5.403111	2506	39.23
GC1003827_G04_NODE_2452_length_2506_cov_1.705759	2506	65.04
GC1003827_G04_NODE_2453_length_2505_cov_7.767031	2505	45.91
GC1003827_G04_NODE_2454_length_2505_cov_3.859966	2505	46.35
GC1003827_G04_NODE_2455_length_2504_cov_10.881784	2504	44.69
GC1003827_G04_NODE_2456_length_2503_cov_5.858586	2503	49.70
GC1003827_G04_NODE_2457_length_2502_cov_15.683368	2502	42.97
GC1003827_G04_NODE_2458_length_2502_cov_6.336842	2502	43.65
GC1003827_G04_NODE_2459_length_2502_cov_4.666947	2502	45.88
GC1003827_G04_NODE_2460_length_2502_cov_3.841263	2502	47.28
GC1003827_G04_NODE_2461_length_2502_cov_3.093895	2502	43.29
GC1003827_G04_NODE_2462_length_2501_cov_3.217776	2501	50.22
GC1003827_G04_NODE_2463_length_2500_cov_8.271386	2500	52.20
GC1003827_G04_NODE_2464_length_2500_cov_6.979351	2500	48.04
GC1003827_G04_NODE_2465_length_2499_cov_5.947723	2499	41.30
GC1003827_G04_NODE_2466_length_2499_cov_5.944772	2499	42.22
GC1003827_G04_NODE_2467_length_2499_cov_1.872260	2499	68.71
GC1003827_G04_NODE_2468_length_2499_cov_1.804384	2499	45.14
GC1003827_G04_NODE_2469_length_2498_cov_7.580768	2498	48.92
GC1003827_G04_NODE_2470_length_2498_cov_4.720793	2498	46.04
GC1003827_G04_NODE_2471_length_2498_cov_4.330240	2498	44.52
GC1003827_G04_NODE_2472_length_2497_cov_6.533755	2497	48.02
GC1003827_G04_NODE_2473_length_2497_cov_4.189030	2497	47.26
GC1003827_G04_NODE_2474_length_2497_cov_3.009705	2497	51.26
GC1003827_G04_NODE_2475_length_2496_cov_10.628535	2496	49.76
GC1003827_G04_NODE_2476_length_2496_cov_6.767412	2496	47.60
GC1003827_G04_NODE_2477_length_2496_cov_6.720557	2496	42.87
GC1003827_G04_NODE_2478_length_2496_cov_5.352469	2496	44.83
GC1003827_G04_NODE_2479_length_2495_cov_9.661740	2495	50.02
GC1003827_G04_NODE_2480_length_2495_cov_9.525760	2495	46.25
GC1003827_G04_NODE_2481_length_2495_cov_6.369932	2495	43.05
GC1003827_G04_NODE_2482_length_2495_cov_4.922720	2495	48.94
GC1003827_G04_NODE_2483_length_2495_cov_2.342905	2495	44.17
GC1003827_G04_NODE_2484_length_2494_cov_6.995353	2494	42.94
GC1003827_G04_NODE_2485_length_2494_cov_5.967892	2494	43.99
GC1003827_G04_NODE_2486_length_2494_cov_4.251796	2494	42.58
GC1003827_G04_NODE_2487_length_2494_cov_1.525560	2494	47.59
GC1003827_G04_NODE_2488_length_2493_cov_8.670752	2493	49.50
GC1003827_G04_NODE_2489_length_2493_cov_6.719358	2493	47.25
GC1003827_G04_NODE_2490_length_2493_cov_5.352494	2493	45.25
GC1003827_G04_NODE_2491_length_2492_cov_20.381818	2492	43.98
GC1003827_G04_NODE_2492_length_2492_cov_13.436786	2492	42.13
GC1003827_G04_NODE_2493_length_2492_cov_6.958985	2492	49.16
GC1003827_G04_NODE_2494_length_2492_cov_3.766173	2492	51.20
GC1003827_G04_NODE_2495_length_2491_cov_14.854061	2491	50.58
GC1003827_G04_NODE_2496_length_2490_cov_6.995768	2490	44.90
GC1003827_G04_NODE_2497_length_2490_cov_6.132036	2490	46.27
GC1003827_G04_NODE_2498_length_2490_cov_5.208210	2490	49.40
GC1003827_G04_NODE_2499_length_2490_cov_4.024545	2490	46.71
GC1003827_G04_NODE_2500_length_2490_cov_2.172662	2490	43.21
GC1003827_G04_NODE_2501_length_2489_cov_17.270533	2489	44.07
GC1003827_G04_NODE_2502_length_2489_cov_5.824301	2489	49.26
GC1003827_G04_NODE_2503_length_2489_cov_5.556308	2489	45.32
GC1003827_G04_NODE_2504_length_2489_cov_5.224809	2489	41.94
GC1003827_G04_NODE_2505_length_2489_cov_3.071126	2489	45.28
GC1003827_G04_NODE_2506_length_2488_cov_4.783566	2488	47.63
GC1003827_G04_NODE_2507_length_2487_cov_17.590254	2487	48.57
GC1003827_G04_NODE_2508_length_2487_cov_4.005085	2487	53.04
GC1003827_G04_NODE_2509_length_2485_cov_8.650975	2485	44.63
GC1003827_G04_NODE_2510_length_2485_cov_5.901187	2485	42.74
GC1003827_G04_NODE_2511_length_2485_cov_5.810857	2485	43.94
GC1003827_G04_NODE_2512_length_2484_cov_12.071277	2484	50.68
GC1003827_G04_NODE_2513_length_2484_cov_4.624947	2484	46.86
GC1003827_G04_NODE_2514_length_2484_cov_3.887569	2484	46.82
GC1003827_G04_NODE_2515_length_2484_cov_3.518031	2484	59.74
GC1003827_G04_NODE_2516_length_2484_cov_1.986848	2484	42.91
GC1003827_G04_NODE_2517_length_2483_cov_7.433362	2483	47.04
GC1003827_G04_NODE_2518_length_2483_cov_4.216469	2483	48.05
GC1003827_G04_NODE_2519_length_2483_cov_3.525042	2483	53.00
GC1003827_G04_NODE_2520_length_2483_cov_2.494058	2483	61.50
GC1003827_G04_NODE_2521_length_2482_cov_4.221656	2482	45.41
GC1003827_G04_NODE_2522_length_2481_cov_7.595582	2481	45.26
GC1003827_G04_NODE_2523_length_2481_cov_3.341546	2481	46.19
GC1003827_G04_NODE_2524_length_2480_cov_20.616660	2480	44.80
GC1003827_G04_NODE_2525_length_2480_cov_3.896303	2480	41.21
GC1003827_G04_NODE_2526_length_2479_cov_4.986820	2479	50.38
GC1003827_G04_NODE_2527_length_2477_cov_2.858723	2477	49.50
GC1003827_G04_NODE_2528_length_2476_cov_12.433802	2476	53.63
GC1003827_G04_NODE_2529_length_2476_cov_1.660281	2476	48.67
GC1003827_G04_NODE_2530_length_2475_cov_2.372232	2475	52.57
GC1003827_G04_NODE_2531_length_2475_cov_1.803237	2475	45.05
GC1003827_G04_NODE_2532_length_2474_cov_16.459736	2474	47.90
GC1003827_G04_NODE_2533_length_2474_cov_7.143588	2474	43.98
GC1003827_G04_NODE_2534_length_2474_cov_5.112484	2474	47.90
GC1003827_G04_NODE_2535_length_2474_cov_2.930124	2474	42.12
GC1003827_G04_NODE_2536_length_2473_cov_8.558397	2473	47.51
GC1003827_G04_NODE_2537_length_2473_cov_5.669650	2473	44.56
GC1003827_G04_NODE_2538_length_2473_cov_4.788576	2473	42.05
GC1003827_G04_NODE_2539_length_2473_cov_3.624467	2473	48.77
GC1003827_G04_NODE_2540_length_2472_cov_11.303625	2472	46.44
GC1003827_G04_NODE_2541_length_2472_cov_4.164606	2472	43.33
GC1003827_G04_NODE_2542_length_2472_cov_3.428145	2472	50.89
GC1003827_G04_NODE_2543_length_2471_cov_5.717150	2471	48.36
GC1003827_G04_NODE_2544_length_2471_cov_3.454352	2471	48.20
GC1003827_G04_NODE_2545_length_2471_cov_2.346843	2471	50.22
GC1003827_G04_NODE_2546_length_2470_cov_7.661545	2470	46.40
GC1003827_G04_NODE_2547_length_2470_cov_2.848485	2470	53.97
GC1003827_G04_NODE_2548_length_2469_cov_6.963279	2469	44.75
GC1003827_G04_NODE_2549_length_2468_cov_9.454934	2468	44.45
GC1003827_G04_NODE_2550_length_2468_cov_4.435284	2468	45.83
GC1003827_G04_NODE_2551_length_2468_cov_4.092695	2468	49.39
GC1003827_G04_NODE_2552_length_2467_cov_2.582479	2467	48.84
GC1003827_G04_NODE_2553_length_2465_cov_7.212575	2465	49.61
GC1003827_G04_NODE_2554_length_2465_cov_6.828058	2465	48.48
GC1003827_G04_NODE_2555_length_2465_cov_2.948674	2465	67.42
GC1003827_G04_NODE_2556_length_2465_cov_2.416595	2465	48.44
GC1003827_G04_NODE_2557_length_2464_cov_8.480531	2464	41.96
GC1003827_G04_NODE_2558_length_2464_cov_6.586222	2464	47.89
GC1003827_G04_NODE_2559_length_2464_cov_2.608472	2464	47.56
GC1003827_G04_NODE_2560_length_2463_cov_9.614726	2463	46.89
GC1003827_G04_NODE_2561_length_2463_cov_8.653253	2463	48.96
GC1003827_G04_NODE_2562_length_2463_cov_3.581764	2463	42.51
GC1003827_G04_NODE_2563_length_2462_cov_7.022270	2462	45.69
GC1003827_G04_NODE_2564_length_2462_cov_5.158458	2462	44.80
GC1003827_G04_NODE_2565_length_2462_cov_3.993576	2462	47.81
GC1003827_G04_NODE_2566_length_2461_cov_9.792631	2461	43.48
GC1003827_G04_NODE_2567_length_2461_cov_5.500428	2461	43.44
GC1003827_G04_NODE_2568_length_2461_cov_4.955870	2461	46.24
GC1003827_G04_NODE_2569_length_2459_cov_7.864065	2459	52.66
GC1003827_G04_NODE_2570_length_2459_cov_5.331475	2459	46.48
GC1003827_G04_NODE_2571_length_2459_cov_5.322041	2459	44.29
GC1003827_G04_NODE_2572_length_2459_cov_4.666381	2459	47.09
GC1003827_G04_NODE_2573_length_2459_cov_3.608919	2459	49.08
GC1003827_G04_NODE_2574_length_2459_cov_3.588336	2459	48.96
GC1003827_G04_NODE_2575_length_2458_cov_5.610039	2458	51.46
GC1003827_G04_NODE_2576_length_2458_cov_5.450879	2458	43.49
GC1003827_G04_NODE_2577_length_2458_cov_3.427713	2458	45.20
GC1003827_G04_NODE_2578_length_2457_cov_15.612017	2457	46.32
GC1003827_G04_NODE_2579_length_2457_cov_4.596996	2457	48.19
GC1003827_G04_NODE_2580_length_2457_cov_3.350215	2457	47.66
GC1003827_G04_NODE_2581_length_2456_cov_8.485616	2456	43.08
GC1003827_G04_NODE_2582_length_2456_cov_4.062688	2456	48.66
GC1003827_G04_NODE_2583_length_2456_cov_2.017604	2456	68.00
GC1003827_G04_NODE_2584_length_2455_cov_8.432560	2455	46.27
GC1003827_G04_NODE_2585_length_2455_cov_4.876289	2455	48.31
GC1003827_G04_NODE_2586_length_2455_cov_4.262027	2455	49.00
GC1003827_G04_NODE_2587_length_2455_cov_1.922251	2455	43.22
GC1003827_G04_NODE_2588_length_2454_cov_10.033520	2454	48.41
GC1003827_G04_NODE_2589_length_2454_cov_7.984959	2454	49.51
GC1003827_G04_NODE_2590_length_2454_cov_5.903309	2454	45.72
GC1003827_G04_NODE_2591_length_2453_cov_9.289338	2453	47.90
GC1003827_G04_NODE_2592_length_2453_cov_3.180567	2453	50.47
GC1003827_G04_NODE_2593_length_2453_cov_1.139295	2453	42.97
GC1003827_G04_NODE_2594_length_2452_cov_15.144946	2452	51.39
GC1003827_G04_NODE_2595_length_2452_cov_11.264516	2452	45.92
GC1003827_G04_NODE_2596_length_2452_cov_6.222366	2452	42.21
GC1003827_G04_NODE_2597_length_2452_cov_1.842581	2452	63.99
GC1003827_G04_NODE_2598_length_2451_cov_10.575731	2451	47.78
GC1003827_G04_NODE_2599_length_2451_cov_7.274096	2451	45.94
GC1003827_G04_NODE_2600_length_2451_cov_5.192771	2451	46.51
GC1003827_G04_NODE_2601_length_2450_cov_9.564356	2450	44.24
GC1003827_G04_NODE_2602_length_2450_cov_8.900990	2450	46.65
GC1003827_G04_NODE_2603_length_2450_cov_5.656909	2450	48.24
GC1003827_G04_NODE_2604_length_2450_cov_1.320276	2450	62.20
GC1003827_G04_NODE_2605_length_2449_cov_5.611111	2449	49.04
GC1003827_G04_NODE_2606_length_2449_cov_5.391042	2449	48.92
GC1003827_G04_NODE_2607_length_2449_cov_3.390181	2449	62.68
GC1003827_G04_NODE_2608_length_2449_cov_3.211886	2449	57.94
GC1003827_G04_NODE_2609_length_2448_cov_6.862990	2448	43.46
GC1003827_G04_NODE_2610_length_2447_cov_4.471552	2447	47.32
GC1003827_G04_NODE_2611_length_2446_cov_7.577404	2446	47.96
GC1003827_G04_NODE_2612_length_2446_cov_6.917637	2446	47.55
GC1003827_G04_NODE_2613_length_2445_cov_6.487058	2445	43.76
GC1003827_G04_NODE_2614_length_2445_cov_1.701035	2445	43.07
GC1003827_G04_NODE_2615_length_2444_cov_15.933966	2444	47.30
GC1003827_G04_NODE_2616_length_2444_cov_10.895123	2444	46.85
GC1003827_G04_NODE_2617_length_2444_cov_3.654294	2444	44.39
GC1003827_G04_NODE_2618_length_2443_cov_11.256045	2443	46.05
GC1003827_G04_NODE_2619_length_2443_cov_7.332470	2443	43.23
GC1003827_G04_NODE_2620_length_2443_cov_2.528497	2443	45.52
GC1003827_G04_NODE_2621_length_2442_cov_5.348164	2442	46.76
GC1003827_G04_NODE_2622_length_2441_cov_8.727312	2441	51.13
GC1003827_G04_NODE_2623_length_2441_cov_5.731634	2441	48.34
GC1003827_G04_NODE_2624_length_2440_cov_6.409425	2440	45.33
GC1003827_G04_NODE_2625_length_2440_cov_2.081280	2440	40.29
GC1003827_G04_NODE_2626_length_2439_cov_8.733131	2439	43.30
GC1003827_G04_NODE_2627_length_2439_cov_5.507785	2439	47.93
GC1003827_G04_NODE_2628_length_2438_cov_9.496755	2438	40.77
GC1003827_G04_NODE_2629_length_2438_cov_8.083081	2438	45.41
GC1003827_G04_NODE_2630_length_2438_cov_8.004327	2438	46.68
GC1003827_G04_NODE_2631_length_2438_cov_6.630463	2438	46.51
GC1003827_G04_NODE_2632_length_2437_cov_7.989610	2437	44.73
GC1003827_G04_NODE_2633_length_2437_cov_5.504329	2437	51.13
GC1003827_G04_NODE_2634_length_2437_cov_5.219913	2437	51.74
GC1003827_G04_NODE_2635_length_2437_cov_4.566667	2437	44.56
GC1003827_G04_NODE_2636_length_2437_cov_2.720779	2437	65.08
GC1003827_G04_NODE_2637_length_2436_cov_5.604591	2436	46.18
GC1003827_G04_NODE_2638_length_2436_cov_4.461672	2436	46.80
GC1003827_G04_NODE_2639_length_2436_cov_4.331745	2436	43.68
GC1003827_G04_NODE_2640_length_2435_cov_6.069757	2435	46.04
GC1003827_G04_NODE_2641_length_2435_cov_5.636049	2435	44.80
GC1003827_G04_NODE_2642_length_2435_cov_3.868718	2435	67.56
GC1003827_G04_NODE_2643_length_2435_cov_2.769064	2435	43.12
GC1003827_G04_NODE_2644_length_2434_cov_9.869094	2434	47.53
GC1003827_G04_NODE_2645_length_2434_cov_3.685306	2434	44.41
GC1003827_G04_NODE_2646_length_2433_cov_6.304423	2433	44.80
GC1003827_G04_NODE_2647_length_2433_cov_3.560278	2433	53.88
GC1003827_G04_NODE_2648_length_2433_cov_2.960104	2433	50.51
GC1003827_G04_NODE_2649_length_2432_cov_11.694143	2432	48.93
GC1003827_G04_NODE_2650_length_2432_cov_9.440347	2432	48.27
GC1003827_G04_NODE_2651_length_2431_cov_4.522135	2431	48.29
GC1003827_G04_NODE_2652_length_2430_cov_16.409032	2430	47.28
GC1003827_G04_NODE_2653_length_2430_cov_9.477638	2430	44.24
GC1003827_G04_NODE_2654_length_2430_cov_6.702128	2430	45.64
GC1003827_G04_NODE_2655_length_2430_cov_5.025185	2430	48.23
GC1003827_G04_NODE_2656_length_2430_cov_4.502822	2430	45.02
GC1003827_G04_NODE_2657_length_2429_cov_7.853171	2429	49.81
GC1003827_G04_NODE_2658_length_2429_cov_3.821460	2429	47.63
GC1003827_G04_NODE_2659_length_2429_cov_2.876195	2429	46.89
GC1003827_G04_NODE_2660_length_2428_cov_7.621034	2428	45.80
GC1003827_G04_NODE_2661_length_2428_cov_6.956541	2428	48.89
GC1003827_G04_NODE_2662_length_2427_cov_3.816522	2427	46.02
GC1003827_G04_NODE_2663_length_2427_cov_3.128261	2427	36.22
GC1003827_G04_NODE_2664_length_2427_cov_2.095217	2427	50.52
GC1003827_G04_NODE_2665_length_2426_cov_10.250979	2426	43.03
GC1003827_G04_NODE_2666_length_2426_cov_8.870813	2426	47.77
GC1003827_G04_NODE_2667_length_2426_cov_3.264898	2426	41.71
GC1003827_G04_NODE_2668_length_2426_cov_3.123097	2426	50.87
GC1003827_G04_NODE_2669_length_2424_cov_13.235525	2424	44.27
GC1003827_G04_NODE_2670_length_2424_cov_7.041794	2424	47.32
GC1003827_G04_NODE_2671_length_2424_cov_4.501524	2424	45.79
GC1003827_G04_NODE_2672_length_2424_cov_1.448411	2424	43.81
GC1003827_G04_NODE_2673_length_2423_cov_6.594948	2423	47.71
GC1003827_G04_NODE_2674_length_2423_cov_4.784408	2423	52.46
GC1003827_G04_NODE_2675_length_2422_cov_12.662745	2422	45.05
GC1003827_G04_NODE_2676_length_2422_cov_9.335948	2422	42.07
GC1003827_G04_NODE_2677_length_2422_cov_6.405664	2422	48.35
GC1003827_G04_NODE_2678_length_2422_cov_3.080610	2422	44.76
GC1003827_G04_NODE_2679_length_2421_cov_2.531822	2421	42.13
GC1003827_G04_NODE_2680_length_2421_cov_2.511770	2421	42.92
GC1003827_G04_NODE_2681_length_2421_cov_1.234961	2421	49.24
GC1003827_G04_NODE_2682_length_2420_cov_4.410379	2420	49.21
GC1003827_G04_NODE_2683_length_2420_cov_3.930659	2420	44.21
GC1003827_G04_NODE_2684_length_2419_cov_5.256545	2419	46.13
GC1003827_G04_NODE_2685_length_2419_cov_2.541012	2419	43.82
GC1003827_G04_NODE_2686_length_2418_cov_19.163684	2418	45.74
GC1003827_G04_NODE_2687_length_2418_cov_8.881275	2418	44.33
GC1003827_G04_NODE_2688_length_2418_cov_3.252292	2418	54.14
GC1003827_G04_NODE_2689_length_2417_cov_8.425764	2417	43.53
GC1003827_G04_NODE_2690_length_2417_cov_6.651965	2417	48.66
GC1003827_G04_NODE_2691_length_2417_cov_6.159389	2417	47.08
GC1003827_G04_NODE_2692_length_2417_cov_4.666376	2417	47.17
GC1003827_G04_NODE_2693_length_2417_cov_4.321834	2417	44.39
GC1003827_G04_NODE_2694_length_2417_cov_1.817031	2417	46.05
GC1003827_G04_NODE_2695_length_2416_cov_7.043250	2416	44.58
GC1003827_G04_NODE_2696_length_2416_cov_6.692879	2416	44.41
GC1003827_G04_NODE_2697_length_2416_cov_3.862385	2416	44.12
GC1003827_G04_NODE_2698_length_2415_cov_16.504371	2415	45.76
GC1003827_G04_NODE_2699_length_2415_cov_7.811189	2415	42.82
GC1003827_G04_NODE_2700_length_2415_cov_5.015297	2415	41.99
GC1003827_G04_NODE_2701_length_2415_cov_3.704545	2415	46.38
GC1003827_G04_NODE_2702_length_2414_cov_5.961959	2414	43.33
GC1003827_G04_NODE_2703_length_2414_cov_3.491036	2414	60.52
GC1003827_G04_NODE_2704_length_2413_cov_7.406824	2413	46.83
GC1003827_G04_NODE_2705_length_2413_cov_7.225722	2413	46.50
GC1003827_G04_NODE_2706_length_2412_cov_11.501969	2412	45.44
GC1003827_G04_NODE_2707_length_2412_cov_10.314661	2412	45.23
GC1003827_G04_NODE_2708_length_2412_cov_5.448578	2412	56.38
GC1003827_G04_NODE_2709_length_2412_cov_4.343107	2412	41.92
GC1003827_G04_NODE_2710_length_2411_cov_8.576620	2411	47.82
GC1003827_G04_NODE_2711_length_2411_cov_7.802102	2411	52.22
GC1003827_G04_NODE_2712_length_2411_cov_7.051664	2411	44.79
GC1003827_G04_NODE_2713_length_2410_cov_7.382830	2410	46.47
GC1003827_G04_NODE_2714_length_2410_cov_4.809461	2410	43.32
GC1003827_G04_NODE_2715_length_2410_cov_1.124398	2410	61.70
GC1003827_G04_NODE_2716_length_2409_cov_5.716039	2409	49.36
GC1003827_G04_NODE_2717_length_2409_cov_4.673094	2409	43.38
GC1003827_G04_NODE_2718_length_2409_cov_3.559159	2409	46.99
GC1003827_G04_NODE_2719_length_2408_cov_8.141166	2408	48.59
GC1003827_G04_NODE_2720_length_2408_cov_1.978518	2408	46.59
GC1003827_G04_NODE_2721_length_2407_cov_8.866228	2407	49.40
GC1003827_G04_NODE_2722_length_2407_cov_3.657018	2407	41.17
GC1003827_G04_NODE_2723_length_2407_cov_2.930263	2407	50.35
GC1003827_G04_NODE_2724_length_2406_cov_4.810443	2406	45.10
GC1003827_G04_NODE_2725_length_2406_cov_3.274682	2406	47.96
GC1003827_G04_NODE_2726_length_2406_cov_2.392277	2406	47.34
GC1003827_G04_NODE_2727_length_2406_cov_1.606406	2406	62.76
GC1003827_G04_NODE_2728_length_2405_cov_5.714223	2405	44.24
GC1003827_G04_NODE_2729_length_2405_cov_1.969271	2405	63.37
GC1003827_G04_NODE_2730_length_2404_cov_10.539745	2404	42.93
GC1003827_G04_NODE_2731_length_2404_cov_10.226175	2404	44.05
GC1003827_G04_NODE_2732_length_2404_cov_5.972332	2404	43.80
GC1003827_G04_NODE_2733_length_2404_cov_3.181379	2404	43.22
GC1003827_G04_NODE_2734_length_2403_cov_2.718366	2403	47.02
GC1003827_G04_NODE_2735_length_2402_cov_3.948571	2402	44.17
GC1003827_G04_NODE_2736_length_2401_cov_16.939754	2401	44.61
GC1003827_G04_NODE_2737_length_2401_cov_6.559367	2401	44.77
GC1003827_G04_NODE_2738_length_2401_cov_5.792876	2401	50.69
GC1003827_G04_NODE_2739_length_2401_cov_1.626209	2401	67.72
GC1003827_G04_NODE_2740_length_2401_cov_1.313984	2401	65.14
GC1003827_G04_NODE_2741_length_2400_cov_7.716674	2400	47.83
GC1003827_G04_NODE_2742_length_2399_cov_12.608715	2399	44.02
GC1003827_G04_NODE_2743_length_2399_cov_7.040493	2399	46.60
GC1003827_G04_NODE_2744_length_2399_cov_5.327465	2399	46.48
GC1003827_G04_NODE_2745_length_2398_cov_8.983267	2398	41.83
GC1003827_G04_NODE_2746_length_2397_cov_5.058150	2397	47.02
GC1003827_G04_NODE_2747_length_2397_cov_2.180176	2397	46.98
GC1003827_G04_NODE_2748_length_2397_cov_2.155507	2397	44.51
GC1003827_G04_NODE_2749_length_2396_cov_8.118114	2396	43.86
GC1003827_G04_NODE_2750_length_2396_cov_4.559277	2396	49.46
GC1003827_G04_NODE_2751_length_2396_cov_2.893345	2396	46.70
GC1003827_G04_NODE_2752_length_2395_cov_7.047619	2395	42.59
GC1003827_G04_NODE_2753_length_2395_cov_4.245591	2395	42.51
GC1003827_G04_NODE_2754_length_2395_cov_4.077160	2395	49.60
GC1003827_G04_NODE_2755_length_2395_cov_4.074515	2395	50.94
GC1003827_G04_NODE_2756_length_2395_cov_3.842593	2395	49.27
GC1003827_G04_NODE_2757_length_2394_cov_4.074548	2394	46.95
GC1003827_G04_NODE_2758_length_2394_cov_2.679312	2394	47.45
GC1003827_G04_NODE_2759_length_2393_cov_10.541041	2393	59.76
GC1003827_G04_NODE_2760_length_2393_cov_7.977052	2393	46.01
GC1003827_G04_NODE_2761_length_2393_cov_3.227273	2393	51.78
GC1003827_G04_NODE_2762_length_2392_cov_10.734658	2392	39.26
GC1003827_G04_NODE_2763_length_2392_cov_7.431788	2392	44.31
GC1003827_G04_NODE_2764_length_2392_cov_6.635320	2392	44.77
GC1003827_G04_NODE_2765_length_2392_cov_6.503311	2392	41.35
GC1003827_G04_NODE_2766_length_2392_cov_5.353201	2392	50.13
GC1003827_G04_NODE_2767_length_2392_cov_5.003974	2392	47.16
GC1003827_G04_NODE_2768_length_2392_cov_4.609713	2392	49.79
GC1003827_G04_NODE_2769_length_2391_cov_6.326413	2391	43.41
GC1003827_G04_NODE_2770_length_2390_cov_7.293858	2390	46.65
GC1003827_G04_NODE_2771_length_2390_cov_4.258948	2390	48.95
GC1003827_G04_NODE_2772_length_2390_cov_1.923995	2390	49.16
GC1003827_G04_NODE_2773_length_2389_cov_9.987179	2389	44.50
GC1003827_G04_NODE_2774_length_2389_cov_5.868258	2389	45.37
GC1003827_G04_NODE_2775_length_2388_cov_5.996019	2388	42.84
GC1003827_G04_NODE_2776_length_2388_cov_5.417514	2388	47.45
GC1003827_G04_NODE_2777_length_2388_cov_4.457320	2388	42.80
GC1003827_G04_NODE_2778_length_2388_cov_1.972579	2388	51.38
GC1003827_G04_NODE_2779_length_2387_cov_6.511947	2387	46.17
GC1003827_G04_NODE_2780_length_2387_cov_6.014602	2387	46.00
GC1003827_G04_NODE_2781_length_2387_cov_5.389381	2387	49.98
GC1003827_G04_NODE_2782_length_2387_cov_5.061504	2387	42.90
GC1003827_G04_NODE_2783_length_2387_cov_3.717257	2387	42.77
GC1003827_G04_NODE_2784_length_2387_cov_3.309735	2387	62.88
GC1003827_G04_NODE_2785_length_2386_cov_9.207171	2386	48.16
GC1003827_G04_NODE_2786_length_2386_cov_5.527224	2386	42.67
GC1003827_G04_NODE_2787_length_2386_cov_1.568393	2386	66.55
GC1003827_G04_NODE_2788_length_2385_cov_9.370682	2385	46.42
GC1003827_G04_NODE_2789_length_2383_cov_12.574468	2383	50.06
GC1003827_G04_NODE_2790_length_2383_cov_4.770833	2383	46.37
GC1003827_G04_NODE_2791_length_2383_cov_3.573138	2383	47.00
GC1003827_G04_NODE_2792_length_2383_cov_3.544326	2383	56.74
GC1003827_G04_NODE_2793_length_2382_cov_11.320621	2382	43.79
GC1003827_G04_NODE_2794_length_2382_cov_5.823060	2382	45.47
GC1003827_G04_NODE_2795_length_2382_cov_4.954324	2382	43.28
GC1003827_G04_NODE_2796_length_2382_cov_2.118404	2382	58.44
GC1003827_G04_NODE_2797_length_2381_cov_11.522626	2381	45.15
GC1003827_G04_NODE_2798_length_2380_cov_11.177097	2380	46.47
GC1003827_G04_NODE_2799_length_2380_cov_7.806036	2380	44.75
GC1003827_G04_NODE_2800_length_2380_cov_6.364403	2380	49.20
GC1003827_G04_NODE_2801_length_2380_cov_3.620950	2380	42.90
GC1003827_G04_NODE_2802_length_2379_cov_18.310835	2379	47.67
GC1003827_G04_NODE_2803_length_2379_cov_11.488455	2379	45.48
GC1003827_G04_NODE_2804_length_2378_cov_9.161706	2378	44.07
GC1003827_G04_NODE_2805_length_2377_cov_22.574222	2377	51.16
GC1003827_G04_NODE_2806_length_2377_cov_7.672000	2377	43.00
GC1003827_G04_NODE_2807_length_2377_cov_5.692889	2377	47.45
GC1003827_G04_NODE_2808_length_2377_cov_5.183111	2377	52.00
GC1003827_G04_NODE_2809_length_2376_cov_10.742108	2376	43.64
GC1003827_G04_NODE_2810_length_2376_cov_8.418408	2376	46.84
GC1003827_G04_NODE_2811_length_2375_cov_20.262456	2375	42.15
GC1003827_G04_NODE_2812_length_2375_cov_11.914591	2375	41.94
GC1003827_G04_NODE_2813_length_2375_cov_5.929715	2375	49.56
GC1003827_G04_NODE_2814_length_2375_cov_1.777580	2375	64.93
GC1003827_G04_NODE_2815_length_2374_cov_1.521139	2374	65.88
GC1003827_G04_NODE_2816_length_2373_cov_5.623776	2373	43.07
GC1003827_G04_NODE_2817_length_2372_cov_5.845434	2372	42.66
GC1003827_G04_NODE_2818_length_2372_cov_4.300668	2372	44.65
GC1003827_G04_NODE_2819_length_2372_cov_3.968374	2372	50.08
GC1003827_G04_NODE_2820_length_2372_cov_3.219154	2372	64.59
GC1003827_G04_NODE_2821_length_2371_cov_12.589127	2371	44.96
GC1003827_G04_NODE_2822_length_2371_cov_6.068182	2371	42.64
GC1003827_G04_NODE_2823_length_2371_cov_3.983957	2371	46.01
GC1003827_G04_NODE_2824_length_2371_cov_1.312389	2371	49.35
GC1003827_G04_NODE_2825_length_2370_cov_15.749443	2370	42.91
GC1003827_G04_NODE_2826_length_2370_cov_8.250557	2370	44.64
GC1003827_G04_NODE_2827_length_2370_cov_3.571110	2370	46.79
GC1003827_G04_NODE_2828_length_2369_cov_7.643622	2369	40.90
GC1003827_G04_NODE_2829_length_2369_cov_4.711864	2369	41.66
GC1003827_G04_NODE_2830_length_2368_cov_8.170013	2368	60.73
GC1003827_G04_NODE_2831_length_2368_cov_7.105756	2368	45.44
GC1003827_G04_NODE_2832_length_2368_cov_4.049531	2368	42.91
GC1003827_G04_NODE_2833_length_2368_cov_2.825971	2368	61.82
GC1003827_G04_NODE_2834_length_2368_cov_2.403838	2368	44.68
GC1003827_G04_NODE_2835_length_2367_cov_6.236161	2367	47.57
GC1003827_G04_NODE_2836_length_2367_cov_6.066964	2367	44.44
GC1003827_G04_NODE_2837_length_2367_cov_5.519196	2367	44.95
GC1003827_G04_NODE_2838_length_2366_cov_12.426976	2366	45.44
GC1003827_G04_NODE_2839_length_2366_cov_8.866012	2366	48.48
GC1003827_G04_NODE_2840_length_2366_cov_7.783385	2366	48.06
GC1003827_G04_NODE_2841_length_2366_cov_7.467173	2366	46.49
GC1003827_G04_NODE_2842_length_2366_cov_4.478785	2366	36.09
GC1003827_G04_NODE_2843_length_2365_cov_5.932529	2365	41.90
GC1003827_G04_NODE_2844_length_2365_cov_5.613494	2365	51.46
GC1003827_G04_NODE_2845_length_2364_cov_20.078677	2364	46.40
GC1003827_G04_NODE_2846_length_2364_cov_7.395619	2364	46.11
GC1003827_G04_NODE_2847_length_2364_cov_7.371480	2364	49.62
GC1003827_G04_NODE_2848_length_2364_cov_3.786768	2364	47.93
GC1003827_G04_NODE_2849_length_2364_cov_3.726419	2364	51.06
GC1003827_G04_NODE_2850_length_2363_cov_6.562165	2363	42.45
GC1003827_G04_NODE_2851_length_2363_cov_4.435599	2363	46.13
GC1003827_G04_NODE_2852_length_2362_cov_10.374497	2362	44.45
GC1003827_G04_NODE_2853_length_2362_cov_7.898434	2362	45.05
GC1003827_G04_NODE_2854_length_2362_cov_5.620134	2362	44.96
GC1003827_G04_NODE_2855_length_2362_cov_2.124385	2362	45.68
GC1003827_G04_NODE_2856_length_2361_cov_10.679499	2361	47.86
GC1003827_G04_NODE_2857_length_2361_cov_7.768129	2361	45.83
GC1003827_G04_NODE_2858_length_2361_cov_5.765443	2361	41.13
GC1003827_G04_NODE_2859_length_2360_cov_6.844156	2360	42.29
GC1003827_G04_NODE_2860_length_2359_cov_9.775538	2359	47.73
GC1003827_G04_NODE_2861_length_2359_cov_8.752688	2359	46.97
GC1003827_G04_NODE_2862_length_2359_cov_8.680556	2359	47.44
GC1003827_G04_NODE_2863_length_2359_cov_3.941308	2359	42.22
GC1003827_G04_NODE_2864_length_2359_cov_3.008513	2359	45.57
GC1003827_G04_NODE_2865_length_2359_cov_1.944892	2359	66.21
GC1003827_G04_NODE_2866_length_2358_cov_10.470641	2358	46.61
GC1003827_G04_NODE_2867_length_2358_cov_10.328104	2358	44.53
GC1003827_G04_NODE_2868_length_2358_cov_8.017033	2358	43.17
GC1003827_G04_NODE_2869_length_2358_cov_5.796952	2358	48.98
GC1003827_G04_NODE_2870_length_2358_cov_2.794711	2358	50.55
GC1003827_G04_NODE_2871_length_2358_cov_2.367548	2358	49.75
GC1003827_G04_NODE_2872_length_2357_cov_6.394170	2357	49.22
GC1003827_G04_NODE_2873_length_2357_cov_5.054260	2357	46.08
GC1003827_G04_NODE_2874_length_2357_cov_2.353363	2357	50.45
GC1003827_G04_NODE_2875_length_2357_cov_1.804484	2357	46.33
GC1003827_G04_NODE_2876_length_2357_cov_1.662780	2357	43.06
GC1003827_G04_NODE_2877_length_2356_cov_8.220278	2356	45.76
GC1003827_G04_NODE_2878_length_2356_cov_7.963212	2356	42.23
GC1003827_G04_NODE_2879_length_2356_cov_7.409152	2356	47.50
GC1003827_G04_NODE_2880_length_2356_cov_4.270525	2356	43.21
GC1003827_G04_NODE_2881_length_2356_cov_4.096904	2356	46.65
GC1003827_G04_NODE_2882_length_2356_cov_4.080754	2356	62.35
GC1003827_G04_NODE_2883_length_2356_cov_4.061463	2356	44.31
GC1003827_G04_NODE_2884_length_2356_cov_3.527591	2356	41.85
GC1003827_G04_NODE_2885_length_2356_cov_2.427546	2356	48.85
GC1003827_G04_NODE_2886_length_2355_cov_14.473968	2355	44.54
GC1003827_G04_NODE_2887_length_2354_cov_13.805119	2354	42.48
GC1003827_G04_NODE_2888_length_2354_cov_8.740907	2354	41.80
GC1003827_G04_NODE_2889_length_2354_cov_8.698698	2354	47.58
GC1003827_G04_NODE_2890_length_2354_cov_7.815447	2354	44.86
GC1003827_G04_NODE_2891_length_2353_cov_3.256514	2353	44.79
GC1003827_G04_NODE_2892_length_2353_cov_2.115454	2353	49.55
GC1003827_G04_NODE_2893_length_2352_cov_4.116854	2352	49.96
GC1003827_G04_NODE_2894_length_2351_cov_8.781924	2351	51.00
GC1003827_G04_NODE_2895_length_2351_cov_2.925809	2351	49.04
GC1003827_G04_NODE_2896_length_2350_cov_11.802969	2350	46.94
GC1003827_G04_NODE_2897_length_2350_cov_2.251012	2350	42.72
GC1003827_G04_NODE_2898_length_2349_cov_6.671467	2349	47.85
GC1003827_G04_NODE_2899_length_2349_cov_2.908191	2349	46.53
GC1003827_G04_NODE_2900_length_2348_cov_14.110761	2348	47.10
GC1003827_G04_NODE_2901_length_2347_cov_7.911261	2347	44.99
GC1003827_G04_NODE_2902_length_2347_cov_7.054955	2347	48.66
GC1003827_G04_NODE_2903_length_2346_cov_3.258675	2346	42.63
GC1003827_G04_NODE_2904_length_2346_cov_2.800361	2346	49.70
GC1003827_G04_NODE_2905_length_2345_cov_8.415239	2345	50.66
GC1003827_G04_NODE_2906_length_2345_cov_8.012173	2345	43.80
GC1003827_G04_NODE_2907_length_2344_cov_3.974290	2344	44.20
GC1003827_G04_NODE_2908_length_2344_cov_3.838972	2344	51.11
GC1003827_G04_NODE_2909_length_2343_cov_12.643502	2343	42.25
GC1003827_G04_NODE_2910_length_2343_cov_8.334838	2343	53.18
GC1003827_G04_NODE_2911_length_2343_cov_3.982852	2343	46.73
GC1003827_G04_NODE_2912_length_2342_cov_13.560271	2342	47.82
GC1003827_G04_NODE_2913_length_2341_cov_9.617886	2341	42.72
GC1003827_G04_NODE_2914_length_2341_cov_8.342367	2341	42.80
GC1003827_G04_NODE_2915_length_2341_cov_7.290876	2341	45.92
GC1003827_G04_NODE_2916_length_2341_cov_2.564137	2341	50.15
GC1003827_G04_NODE_2917_length_2340_cov_1.638500	2340	48.97
GC1003827_G04_NODE_2918_length_2339_cov_20.839060	2339	45.40
GC1003827_G04_NODE_2919_length_2339_cov_4.538427	2339	48.61
GC1003827_G04_NODE_2920_length_2339_cov_4.487342	2339	54.30
GC1003827_G04_NODE_2921_length_2339_cov_4.288879	2339	49.64
GC1003827_G04_NODE_2922_length_2339_cov_4.210217	2339	49.25
GC1003827_G04_NODE_2923_length_2338_cov_13.677069	2338	44.31
GC1003827_G04_NODE_2924_length_2338_cov_3.952058	2338	45.98
GC1003827_G04_NODE_2925_length_2338_cov_1.688829	2338	45.42
GC1003827_G04_NODE_2926_length_2337_cov_9.035747	2337	64.18
GC1003827_G04_NODE_2927_length_2337_cov_3.474661	2337	44.03
GC1003827_G04_NODE_2928_length_2336_cov_8.330014	2336	47.47
GC1003827_G04_NODE_2929_length_2336_cov_4.989135	2336	43.58
GC1003827_G04_NODE_2930_length_2336_cov_2.904029	2336	47.47
GC1003827_G04_NODE_2931_length_2336_cov_2.740607	2336	44.48
GC1003827_G04_NODE_2932_length_2336_cov_2.504753	2336	46.79
GC1003827_G04_NODE_2933_length_2335_cov_11.213315	2335	46.94
GC1003827_G04_NODE_2934_length_2335_cov_8.748188	2335	45.40
GC1003827_G04_NODE_2935_length_2335_cov_5.247736	2335	46.47
GC1003827_G04_NODE_2936_length_2335_cov_3.193841	2335	39.53
GC1003827_G04_NODE_2937_length_2335_cov_1.460598	2335	49.81
GC1003827_G04_NODE_2938_length_2334_cov_13.597644	2334	48.16
GC1003827_G04_NODE_2939_length_2334_cov_5.121432	2334	46.02
GC1003827_G04_NODE_2940_length_2333_cov_9.574343	2333	42.31
GC1003827_G04_NODE_2941_length_2333_cov_7.833182	2333	42.95
GC1003827_G04_NODE_2942_length_2333_cov_3.738441	2333	50.84
GC1003827_G04_NODE_2943_length_2332_cov_5.391837	2332	44.30
GC1003827_G04_NODE_2944_length_2332_cov_2.701587	2332	46.61
GC1003827_G04_NODE_2945_length_2331_cov_9.747278	2331	45.99
GC1003827_G04_NODE_2946_length_2331_cov_5.048548	2331	60.96
GC1003827_G04_NODE_2947_length_2331_cov_4.460980	2331	50.79
GC1003827_G04_NODE_2948_length_2331_cov_3.807623	2331	43.33
GC1003827_G04_NODE_2949_length_2330_cov_7.659555	2330	45.11
GC1003827_G04_NODE_2950_length_2330_cov_4.515660	2330	39.79
GC1003827_G04_NODE_2951_length_2330_cov_4.240581	2330	44.59
GC1003827_G04_NODE_2952_length_2330_cov_2.103949	2330	50.09
GC1003827_G04_NODE_2953_length_2329_cov_7.455495	2329	50.06
GC1003827_G04_NODE_2954_length_2329_cov_6.640781	2329	42.42
GC1003827_G04_NODE_2955_length_2329_cov_5.098093	2329	46.84
GC1003827_G04_NODE_2956_length_2329_cov_3.208901	2329	47.02
GC1003827_G04_NODE_2957_length_2328_cov_9.412994	2328	45.10
GC1003827_G04_NODE_2958_length_2328_cov_4.445252	2328	49.23
GC1003827_G04_NODE_2959_length_2328_cov_3.997274	2328	48.75
GC1003827_G04_NODE_2960_length_2328_cov_3.479328	2328	44.63
GC1003827_G04_NODE_2961_length_2327_cov_3.893182	2327	62.66
GC1003827_G04_NODE_2962_length_2327_cov_2.309545	2327	43.96
GC1003827_G04_NODE_2963_length_2326_cov_11.367894	2326	48.32
GC1003827_G04_NODE_2964_length_2326_cov_8.150068	2326	45.27
GC1003827_G04_NODE_2965_length_2326_cov_6.879491	2326	45.01
GC1003827_G04_NODE_2966_length_2326_cov_2.264211	2326	67.20
GC1003827_G04_NODE_2967_length_2325_cov_8.626024	2325	50.37
GC1003827_G04_NODE_2968_length_2325_cov_4.134213	2325	44.90
GC1003827_G04_NODE_2969_length_2324_cov_5.673191	2324	44.10
GC1003827_G04_NODE_2970_length_2324_cov_4.755121	2324	50.77
GC1003827_G04_NODE_2971_length_2324_cov_4.336368	2324	46.08
GC1003827_G04_NODE_2972_length_2324_cov_3.468821	2324	50.26
GC1003827_G04_NODE_2973_length_2324_cov_2.926263	2324	47.25
GC1003827_G04_NODE_2974_length_2323_cov_24.706740	2323	48.82
GC1003827_G04_NODE_2975_length_2323_cov_14.707650	2323	47.48
GC1003827_G04_NODE_2976_length_2323_cov_10.791894	2323	44.68
GC1003827_G04_NODE_2977_length_2322_cov_9.785421	2322	45.48
GC1003827_G04_NODE_2978_length_2322_cov_7.565831	2322	54.57
GC1003827_G04_NODE_2979_length_2322_cov_5.737585	2322	46.55
GC1003827_G04_NODE_2980_length_2322_cov_3.340319	2322	44.10
GC1003827_G04_NODE_2981_length_2322_cov_1.309795	2322	62.02
GC1003827_G04_NODE_2982_length_2321_cov_8.027347	2321	40.84
GC1003827_G04_NODE_2983_length_2321_cov_4.458523	2321	46.40
GC1003827_G04_NODE_2984_length_2320_cov_7.824441	2320	51.51
GC1003827_G04_NODE_2985_length_2319_cov_8.326186	2319	45.11
GC1003827_G04_NODE_2986_length_2318_cov_4.087631	2318	46.98
GC1003827_G04_NODE_2987_length_2318_cov_3.317207	2318	41.67
GC1003827_G04_NODE_2988_length_2317_cov_11.050685	2317	45.75
GC1003827_G04_NODE_2989_length_2317_cov_10.188584	2317	44.84
GC1003827_G04_NODE_2990_length_2317_cov_9.614612	2317	50.76
GC1003827_G04_NODE_2991_length_2317_cov_7.763014	2317	44.67
GC1003827_G04_NODE_2992_length_2317_cov_6.388128	2317	45.49
GC1003827_G04_NODE_2993_length_2317_cov_6.264384	2317	49.55
GC1003827_G04_NODE_2994_length_2317_cov_3.830594	2317	45.92
GC1003827_G04_NODE_2995_length_2316_cov_3.977615	2316	47.84
GC1003827_G04_NODE_2996_length_2316_cov_3.312471	2316	45.81
GC1003827_G04_NODE_2997_length_2316_cov_3.174052	2316	44.65
GC1003827_G04_NODE_2998_length_2316_cov_2.399726	2316	44.43
GC1003827_G04_NODE_2999_length_2315_cov_10.226691	2315	44.92
GC1003827_G04_NODE_3000_length_2315_cov_2.287477	2315	48.94
GC1003827_G04_NODE_3001_length_2314_cov_11.545496	2314	44.12
GC1003827_G04_NODE_3002_length_2314_cov_2.305441	2314	61.67
GC1003827_G04_NODE_3003_length_2313_cov_11.141812	2313	43.93
GC1003827_G04_NODE_3004_length_2313_cov_6.249314	2313	45.40
GC1003827_G04_NODE_3005_length_2313_cov_4.315645	2313	50.67
GC1003827_G04_NODE_3006_length_2313_cov_3.802379	2313	44.79
GC1003827_G04_NODE_3007_length_2312_cov_4.533638	2312	44.68
GC1003827_G04_NODE_3008_length_2312_cov_3.994050	2312	54.58
GC1003827_G04_NODE_3009_length_2311_cov_5.229396	2311	49.76
GC1003827_G04_NODE_3010_length_2311_cov_4.992216	2311	42.88
GC1003827_G04_NODE_3011_length_2311_cov_1.013278	2311	46.34
GC1003827_G04_NODE_3012_length_2310_cov_4.299588	2310	44.37
GC1003827_G04_NODE_3013_length_2309_cov_11.186526	2309	47.16
GC1003827_G04_NODE_3014_length_2308_cov_11.568088	2308	44.15
GC1003827_G04_NODE_3015_length_2308_cov_3.092618	2308	59.14
GC1003827_G04_NODE_3016_length_2308_cov_2.392939	2308	35.70
GC1003827_G04_NODE_3017_length_2307_cov_11.375688	2307	45.34
GC1003827_G04_NODE_3018_length_2307_cov_7.819725	2307	43.61
GC1003827_G04_NODE_3019_length_2307_cov_4.552752	2307	64.24
GC1003827_G04_NODE_3020_length_2307_cov_3.841743	2307	41.61
GC1003827_G04_NODE_3021_length_2306_cov_15.138596	2306	43.71
GC1003827_G04_NODE_3022_length_2306_cov_8.399725	2306	48.53
GC1003827_G04_NODE_3023_length_2306_cov_3.085360	2306	43.71
GC1003827_G04_NODE_3024_length_2306_cov_2.391923	2306	44.23
GC1003827_G04_NODE_3025_length_2305_cov_13.210744	2305	47.98
GC1003827_G04_NODE_3026_length_2305_cov_12.985767	2305	48.59
GC1003827_G04_NODE_3027_length_2305_cov_10.842057	2305	48.76
GC1003827_G04_NODE_3028_length_2305_cov_9.601010	2305	42.04
GC1003827_G04_NODE_3029_length_2305_cov_5.389348	2305	45.86
GC1003827_G04_NODE_3030_length_2305_cov_3.812213	2305	42.04
GC1003827_G04_NODE_3031_length_2304_cov_10.588424	2304	42.75
GC1003827_G04_NODE_3032_length_2304_cov_1.481856	2304	45.14
GC1003827_G04_NODE_3033_length_2303_cov_14.252757	2303	47.85
GC1003827_G04_NODE_3034_length_2303_cov_11.168658	2303	46.46
GC1003827_G04_NODE_3035_length_2303_cov_8.829963	2303	45.98
GC1003827_G04_NODE_3036_length_2303_cov_2.338235	2303	55.36
GC1003827_G04_NODE_3037_length_2302_cov_7.522759	2302	47.05
GC1003827_G04_NODE_3038_length_2302_cov_3.615632	2302	44.70
GC1003827_G04_NODE_3039_length_2302_cov_3.192644	2302	47.74
GC1003827_G04_NODE_3040_length_2302_cov_3.068506	2302	50.65
GC1003827_G04_NODE_3041_length_2302_cov_1.996322	2302	41.23
GC1003827_G04_NODE_3042_length_2301_cov_5.014719	2301	48.46
GC1003827_G04_NODE_3043_length_2301_cov_2.782889	2301	63.41
GC1003827_G04_NODE_3044_length_2301_cov_2.626035	2301	48.41
GC1003827_G04_NODE_3045_length_2300_cov_6.205246	2300	49.87
GC1003827_G04_NODE_3046_length_2300_cov_4.100322	2300	45.78
GC1003827_G04_NODE_3047_length_2300_cov_2.510354	2300	43.26
GC1003827_G04_NODE_3048_length_2299_cov_5.187845	2299	43.50
GC1003827_G04_NODE_3049_length_2299_cov_3.378453	2299	53.37
GC1003827_G04_NODE_3050_length_2299_cov_3.300645	2299	43.37
GC1003827_G04_NODE_3051_length_2298_cov_6.178719	2298	53.26
GC1003827_G04_NODE_3052_length_2298_cov_4.024413	2298	44.43
GC1003827_G04_NODE_3053_length_2298_cov_3.820359	2298	47.04
GC1003827_G04_NODE_3054_length_2298_cov_3.517273	2298	45.56
GC1003827_G04_NODE_3055_length_2298_cov_2.537540	2298	45.56
GC1003827_G04_NODE_3056_length_2297_cov_10.049770	2297	48.63
GC1003827_G04_NODE_3057_length_2297_cov_8.829032	2297	43.49
GC1003827_G04_NODE_3058_length_2297_cov_6.959447	2297	57.21
GC1003827_G04_NODE_3059_length_2297_cov_4.890783	2297	47.28
GC1003827_G04_NODE_3060_length_2297_cov_3.673733	2297	50.63
GC1003827_G04_NODE_3061_length_2297_cov_2.600461	2297	50.07
GC1003827_G04_NODE_3062_length_2296_cov_7.768096	2296	43.68
GC1003827_G04_NODE_3063_length_2296_cov_4.231443	2296	41.86
GC1003827_G04_NODE_3064_length_2296_cov_3.479945	2296	44.99
GC1003827_G04_NODE_3065_length_2296_cov_2.412633	2296	50.09
GC1003827_G04_NODE_3066_length_2295_cov_4.350092	2295	42.00
GC1003827_G04_NODE_3067_length_2295_cov_3.901753	2295	49.85
GC1003827_G04_NODE_3068_length_2295_cov_2.005074	2295	49.63
GC1003827_G04_NODE_3069_length_2294_cov_11.058145	2294	46.03
GC1003827_G04_NODE_3070_length_2294_cov_8.699123	2294	45.68
GC1003827_G04_NODE_3071_length_2294_cov_8.059991	2294	48.30
GC1003827_G04_NODE_3072_length_2294_cov_7.777111	2294	43.20
GC1003827_G04_NODE_3073_length_2294_cov_6.702815	2294	41.85
GC1003827_G04_NODE_3074_length_2294_cov_5.995385	2294	45.68
GC1003827_G04_NODE_3075_length_2293_cov_15.965836	2293	52.55
GC1003827_G04_NODE_3076_length_2293_cov_8.273777	2293	48.02
GC1003827_G04_NODE_3077_length_2293_cov_4.548938	2293	44.05
GC1003827_G04_NODE_3078_length_2293_cov_4.442290	2293	47.84
GC1003827_G04_NODE_3079_length_2293_cov_4.162973	2293	47.41
GC1003827_G04_NODE_3080_length_2293_cov_3.346722	2293	44.74
GC1003827_G04_NODE_3081_length_2292_cov_9.448499	2292	46.03
GC1003827_G04_NODE_3082_length_2292_cov_6.921478	2292	45.38
GC1003827_G04_NODE_3083_length_2292_cov_3.300231	2292	45.86
GC1003827_G04_NODE_3084_length_2291_cov_9.734750	2291	44.74
GC1003827_G04_NODE_3085_length_2291_cov_6.731516	2291	47.40
GC1003827_G04_NODE_3086_length_2291_cov_4.823937	2291	49.85
GC1003827_G04_NODE_3087_length_2291_cov_3.706562	2291	42.60
GC1003827_G04_NODE_3088_length_2290_cov_10.067499	2290	49.34
GC1003827_G04_NODE_3089_length_2290_cov_5.502080	2290	46.59
GC1003827_G04_NODE_3090_length_2290_cov_5.257050	2290	48.91
GC1003827_G04_NODE_3091_length_2290_cov_2.036061	2290	65.94
GC1003827_G04_NODE_3092_length_2289_cov_4.917669	2289	52.91
GC1003827_G04_NODE_3093_length_2289_cov_4.369103	2289	46.48
GC1003827_G04_NODE_3094_length_2289_cov_4.040703	2289	40.80
GC1003827_G04_NODE_3095_length_2289_cov_2.698890	2289	49.28
GC1003827_G04_NODE_3096_length_2289_cov_2.148936	2289	54.43
GC1003827_G04_NODE_3097_length_2288_cov_10.295234	2288	43.49
GC1003827_G04_NODE_3098_length_2288_cov_5.625636	2288	45.89
GC1003827_G04_NODE_3099_length_2288_cov_2.386858	2288	46.02
GC1003827_G04_NODE_3100_length_2287_cov_12.480556	2287	48.45
GC1003827_G04_NODE_3101_length_2287_cov_9.775463	2287	46.83
GC1003827_G04_NODE_3102_length_2287_cov_3.856481	2287	49.98
GC1003827_G04_NODE_3103_length_2286_cov_4.940713	2286	46.46
GC1003827_G04_NODE_3104_length_2286_cov_2.323298	2286	45.58
GC1003827_G04_NODE_3105_length_2285_cov_8.168675	2285	45.25
GC1003827_G04_NODE_3106_length_2285_cov_5.876738	2285	51.99
GC1003827_G04_NODE_3107_length_2285_cov_1.856348	2285	50.28
GC1003827_G04_NODE_3108_length_2284_cov_9.226240	2284	44.83
GC1003827_G04_NODE_3109_length_2283_cov_7.281540	2283	46.34
GC1003827_G04_NODE_3110_length_2283_cov_5.591837	2283	57.25
GC1003827_G04_NODE_3111_length_2283_cov_5.345547	2283	52.78
GC1003827_G04_NODE_3112_length_2283_cov_1.184137	2283	44.24
GC1003827_G04_NODE_3113_length_2281_cov_5.084494	2281	52.08
GC1003827_G04_NODE_3114_length_2281_cov_4.871866	2281	46.60
GC1003827_G04_NODE_3115_length_2281_cov_2.691272	2281	50.37
GC1003827_G04_NODE_3116_length_2281_cov_1.328691	2281	46.82
GC1003827_G04_NODE_3117_length_2280_cov_7.929865	2280	42.63
GC1003827_G04_NODE_3118_length_2280_cov_6.634928	2280	47.15
GC1003827_G04_NODE_3119_length_2280_cov_5.763121	2280	45.44
GC1003827_G04_NODE_3120_length_2280_cov_3.278681	2280	48.03
GC1003827_G04_NODE_3121_length_2280_cov_2.969345	2280	45.70
GC1003827_G04_NODE_3122_length_2279_cov_10.104089	2279	51.51
GC1003827_G04_NODE_3123_length_2279_cov_7.717472	2279	44.27
GC1003827_G04_NODE_3124_length_2279_cov_4.541357	2279	48.57
GC1003827_G04_NODE_3125_length_2278_cov_13.274291	2278	48.24
GC1003827_G04_NODE_3126_length_2278_cov_4.080428	2278	43.72
GC1003827_G04_NODE_3127_length_2278_cov_3.411437	2278	45.83
GC1003827_G04_NODE_3128_length_2278_cov_2.042306	2278	46.84
GC1003827_G04_NODE_3129_length_2277_cov_6.600000	2277	49.98
GC1003827_G04_NODE_3130_length_2276_cov_8.449511	2276	47.93
GC1003827_G04_NODE_3131_length_2276_cov_6.305724	2276	43.67
GC1003827_G04_NODE_3132_length_2275_cov_2.648976	2275	41.63
GC1003827_G04_NODE_3133_length_2274_cov_5.940382	2274	45.29
GC1003827_G04_NODE_3134_length_2273_cov_12.235788	2273	47.82
GC1003827_G04_NODE_3135_length_2273_cov_9.989282	2273	44.48
GC1003827_G04_NODE_3136_length_2273_cov_4.969711	2273	44.48
GC1003827_G04_NODE_3137_length_2273_cov_3.627679	2273	45.14
GC1003827_G04_NODE_3138_length_2272_cov_24.400000	2272	44.54
GC1003827_G04_NODE_3139_length_2272_cov_9.083916	2272	46.61
GC1003827_G04_NODE_3140_length_2272_cov_5.813986	2272	43.13
GC1003827_G04_NODE_3141_length_2272_cov_3.836364	2272	47.89
GC1003827_G04_NODE_3142_length_2271_cov_10.585821	2271	49.14
GC1003827_G04_NODE_3143_length_2271_cov_5.900653	2271	50.15
GC1003827_G04_NODE_3144_length_2271_cov_5.246735	2271	45.75
GC1003827_G04_NODE_3145_length_2271_cov_4.305504	2271	46.98
GC1003827_G04_NODE_3146_length_2271_cov_3.879198	2271	46.68
GC1003827_G04_NODE_3147_length_2271_cov_2.013993	2271	62.22
GC1003827_G04_NODE_3148_length_2271_cov_1.255131	2271	48.13
GC1003827_G04_NODE_3149_length_2270_cov_14.823145	2270	44.01
GC1003827_G04_NODE_3150_length_2269_cov_8.774510	2269	44.73
GC1003827_G04_NODE_3151_length_2269_cov_0.904295	2269	49.23
GC1003827_G04_NODE_3152_length_2267_cov_10.698131	2267	45.92
GC1003827_G04_NODE_3153_length_2267_cov_9.578505	2267	44.60
GC1003827_G04_NODE_3154_length_2267_cov_1.363084	2267	49.85
GC1003827_G04_NODE_3155_length_2266_cov_6.234222	2266	43.91
GC1003827_G04_NODE_3156_length_2266_cov_5.168303	2266	46.78
GC1003827_G04_NODE_3157_length_2266_cov_4.996260	2266	49.03
GC1003827_G04_NODE_3158_length_2265_cov_7.516838	2265	48.92
GC1003827_G04_NODE_3159_length_2265_cov_6.866698	2265	44.77
GC1003827_G04_NODE_3160_length_2265_cov_3.762395	2265	42.87
GC1003827_G04_NODE_3161_length_2265_cov_3.039757	2265	43.97
GC1003827_G04_NODE_3162_length_2264_cov_11.037904	2264	42.71
GC1003827_G04_NODE_3163_length_2264_cov_10.501638	2264	44.43
GC1003827_G04_NODE_3164_length_2264_cov_5.358914	2264	43.73
GC1003827_G04_NODE_3165_length_2264_cov_4.237716	2264	43.95
GC1003827_G04_NODE_3166_length_2264_cov_3.281703	2264	42.89
GC1003827_G04_NODE_3167_length_2263_cov_6.709738	2263	44.85
GC1003827_G04_NODE_3168_length_2263_cov_5.959270	2263	45.43
GC1003827_G04_NODE_3169_length_2263_cov_5.529026	2263	48.83
GC1003827_G04_NODE_3170_length_2262_cov_3.988759	2262	46.51
GC1003827_G04_NODE_3171_length_2262_cov_3.978454	2262	48.59
GC1003827_G04_NODE_3172_length_2262_cov_3.387822	2262	45.23
GC1003827_G04_NODE_3173_length_2261_cov_10.106373	2261	47.01
GC1003827_G04_NODE_3174_length_2261_cov_5.633083	2261	45.11
GC1003827_G04_NODE_3175_length_2261_cov_3.439550	2261	48.70
GC1003827_G04_NODE_3176_length_2261_cov_1.390347	2261	51.04
GC1003827_G04_NODE_3177_length_2259_cov_1.237805	2259	43.60
GC1003827_G04_NODE_3178_length_2258_cov_5.075082	2258	40.17
GC1003827_G04_NODE_3179_length_2258_cov_2.728297	2258	65.90
GC1003827_G04_NODE_3180_length_2257_cov_8.956338	2257	55.07
GC1003827_G04_NODE_3181_length_2257_cov_2.245070	2257	65.93
GC1003827_G04_NODE_3182_length_2257_cov_1.795775	2257	38.64
GC1003827_G04_NODE_3183_length_2256_cov_7.105214	2256	55.98
GC1003827_G04_NODE_3184_length_2256_cov_5.137623	2256	49.42
GC1003827_G04_NODE_3185_length_2256_cov_3.854861	2256	66.53
GC1003827_G04_NODE_3186_length_2255_cov_11.965695	2255	44.66
GC1003827_G04_NODE_3187_length_2255_cov_6.550752	2255	44.61
GC1003827_G04_NODE_3188_length_2255_cov_5.367481	2255	53.44
GC1003827_G04_NODE_3189_length_2255_cov_4.405075	2255	45.19
GC1003827_G04_NODE_3190_length_2255_cov_1.825658	2255	51.26
GC1003827_G04_NODE_3191_length_2254_cov_8.729196	2254	44.45
GC1003827_G04_NODE_3192_length_2254_cov_6.755994	2254	45.34
GC1003827_G04_NODE_3193_length_2254_cov_3.829807	2254	46.50
GC1003827_G04_NODE_3194_length_2252_cov_8.685647	2252	45.29
GC1003827_G04_NODE_3195_length_2252_cov_4.024941	2252	40.01
GC1003827_G04_NODE_3196_length_2251_cov_5.438795	2251	44.60
GC1003827_G04_NODE_3197_length_2251_cov_4.958098	2251	47.58
GC1003827_G04_NODE_3198_length_2251_cov_1.990584	2251	63.35
GC1003827_G04_NODE_3199_length_2250_cov_9.897786	2250	39.60
GC1003827_G04_NODE_3200_length_2250_cov_6.723033	2250	41.20
GC1003827_G04_NODE_3201_length_2250_cov_2.768252	2250	47.56
GC1003827_G04_NODE_3202_length_2250_cov_2.150259	2250	47.82
GC1003827_G04_NODE_3203_length_2249_cov_10.609802	2249	41.57
GC1003827_G04_NODE_3204_length_2249_cov_10.506598	2249	45.26
GC1003827_G04_NODE_3205_length_2249_cov_7.921301	2249	44.46
GC1003827_G04_NODE_3206_length_2249_cov_7.651744	2249	46.38
GC1003827_G04_NODE_3207_length_2248_cov_12.558227	2248	47.82
GC1003827_G04_NODE_3208_length_2248_cov_11.042433	2248	44.88
GC1003827_G04_NODE_3209_length_2248_cov_10.987270	2248	44.31
GC1003827_G04_NODE_3210_length_2248_cov_9.857614	2248	37.90
GC1003827_G04_NODE_3211_length_2248_cov_8.772749	2248	49.11
GC1003827_G04_NODE_3212_length_2248_cov_2.637907	2248	45.60
GC1003827_G04_NODE_3213_length_2247_cov_8.462736	2247	51.27
GC1003827_G04_NODE_3214_length_2247_cov_6.974528	2247	45.30
GC1003827_G04_NODE_3215_length_2247_cov_6.843396	2247	45.66
GC1003827_G04_NODE_3216_length_2247_cov_5.770283	2247	47.49
GC1003827_G04_NODE_3217_length_2247_cov_5.509906	2247	51.89
GC1003827_G04_NODE_3218_length_2247_cov_4.383962	2247	40.41
GC1003827_G04_NODE_3219_length_2247_cov_2.988208	2247	44.50
GC1003827_G04_NODE_3220_length_2246_cov_12.155734	2246	45.90
GC1003827_G04_NODE_3221_length_2246_cov_10.034922	2246	41.27
GC1003827_G04_NODE_3222_length_2246_cov_4.425201	2246	44.79
GC1003827_G04_NODE_3223_length_2246_cov_2.507315	2246	50.49
GC1003827_G04_NODE_3224_length_2245_cov_14.410765	2245	45.12
GC1003827_G04_NODE_3225_length_2245_cov_9.676110	2245	41.11
GC1003827_G04_NODE_3226_length_2245_cov_8.787063	2245	43.03
GC1003827_G04_NODE_3227_length_2244_cov_18.561644	2244	49.38
GC1003827_G04_NODE_3228_length_2244_cov_4.854511	2244	36.54
GC1003827_G04_NODE_3229_length_2244_cov_1.329239	2244	69.56
GC1003827_G04_NODE_3230_length_2243_cov_12.333176	2243	45.92
GC1003827_G04_NODE_3231_length_2243_cov_8.945180	2243	50.16
GC1003827_G04_NODE_3232_length_2243_cov_6.836957	2243	42.67
GC1003827_G04_NODE_3233_length_2242_cov_17.592908	2242	44.34
GC1003827_G04_NODE_3234_length_2242_cov_4.580615	2242	47.90
GC1003827_G04_NODE_3235_length_2242_cov_2.627423	2242	44.87
GC1003827_G04_NODE_3236_length_2241_cov_5.283822	2241	42.26
GC1003827_G04_NODE_3237_length_2241_cov_4.885052	2241	46.41
GC1003827_G04_NODE_3238_length_2241_cov_3.525544	2241	52.92
GC1003827_G04_NODE_3239_length_2240_cov_6.168481	2240	52.86
GC1003827_G04_NODE_3240_length_2239_cov_7.114110	2239	47.03
GC1003827_G04_NODE_3241_length_2238_cov_8.147324	2238	59.96
GC1003827_G04_NODE_3242_length_2238_cov_7.398863	2238	44.28
GC1003827_G04_NODE_3243_length_2238_cov_1.600189	2238	45.17
GC1003827_G04_NODE_3244_length_2238_cov_1.312648	2238	65.50
GC1003827_G04_NODE_3245_length_2237_cov_5.619431	2237	46.36
GC1003827_G04_NODE_3246_length_2237_cov_3.876777	2237	43.14
GC1003827_G04_NODE_3247_length_2236_cov_8.455192	2236	44.72
GC1003827_G04_NODE_3248_length_2235_cov_3.588235	2235	41.57
GC1003827_G04_NODE_3249_length_2234_cov_11.776934	2234	49.33
GC1003827_G04_NODE_3250_length_2234_cov_7.187470	2234	42.70
GC1003827_G04_NODE_3251_length_2234_cov_5.836735	2234	47.09
GC1003827_G04_NODE_3252_length_2234_cov_4.774086	2234	45.57
GC1003827_G04_NODE_3253_length_2234_cov_3.172283	2234	42.17
GC1003827_G04_NODE_3254_length_2234_cov_2.326056	2234	40.02
GC1003827_G04_NODE_3255_length_2233_cov_8.185185	2233	46.04
GC1003827_G04_NODE_3256_length_2233_cov_4.367996	2233	48.72
GC1003827_G04_NODE_3257_length_2233_cov_4.255935	2233	42.77
GC1003827_G04_NODE_3258_length_2233_cov_3.915005	2233	47.60
GC1003827_G04_NODE_3259_length_2232_cov_4.042755	2232	42.20
GC1003827_G04_NODE_3260_length_2231_cov_20.211502	2231	42.27
GC1003827_G04_NODE_3261_length_2231_cov_14.333175	2231	48.77
GC1003827_G04_NODE_3262_length_2230_cov_18.939135	2230	47.22
GC1003827_G04_NODE_3263_length_2230_cov_5.162149	2230	51.03
GC1003827_G04_NODE_3264_length_2229_cov_6.251189	2229	45.67
GC1003827_G04_NODE_3265_length_2229_cov_4.195528	2229	40.87
GC1003827_G04_NODE_3266_length_2229_cov_3.685062	2229	47.96
GC1003827_G04_NODE_3267_length_2226_cov_12.820867	2226	42.68
GC1003827_G04_NODE_3268_length_2226_cov_8.329204	2226	45.24
GC1003827_G04_NODE_3269_length_2226_cov_6.136255	2226	46.00
GC1003827_G04_NODE_3270_length_2226_cov_4.835160	2226	43.94
GC1003827_G04_NODE_3271_length_2226_cov_3.910910	2226	43.40
GC1003827_G04_NODE_3272_length_2226_cov_2.840400	2226	51.03
GC1003827_G04_NODE_3273_length_2226_cov_2.371606	2226	45.64
GC1003827_G04_NODE_3274_length_2225_cov_7.183508	2225	44.99
GC1003827_G04_NODE_3275_length_2225_cov_1.444709	2225	46.92
GC1003827_G04_NODE_3276_length_2224_cov_7.154030	2224	44.51
GC1003827_G04_NODE_3277_length_2224_cov_6.031950	2224	41.64
GC1003827_G04_NODE_3278_length_2224_cov_4.369576	2224	48.79
GC1003827_G04_NODE_3279_length_2224_cov_2.958512	2224	67.63
GC1003827_G04_NODE_3280_length_2224_cov_1.748689	2224	44.29
GC1003827_G04_NODE_3281_length_2223_cov_7.649332	2223	47.32
GC1003827_G04_NODE_3282_length_2223_cov_5.465649	2223	47.19
GC1003827_G04_NODE_3283_length_2223_cov_2.296756	2223	46.20
GC1003827_G04_NODE_3284_length_2222_cov_7.662530	2222	46.94
GC1003827_G04_NODE_3285_length_2222_cov_7.409069	2222	48.56
GC1003827_G04_NODE_3286_length_2222_cov_5.440095	2222	46.40
GC1003827_G04_NODE_3287_length_2221_cov_7.308978	2221	43.36
GC1003827_G04_NODE_3288_length_2221_cov_6.938395	2221	45.38
GC1003827_G04_NODE_3289_length_2221_cov_5.495702	2221	48.09
GC1003827_G04_NODE_3290_length_2221_cov_4.336199	2221	48.67
GC1003827_G04_NODE_3291_length_2220_cov_6.985667	2220	45.86
GC1003827_G04_NODE_3292_length_2219_cov_3.822180	2219	44.21
GC1003827_G04_NODE_3293_length_2218_cov_19.411765	2218	47.84
GC1003827_G04_NODE_3294_length_2218_cov_15.171688	2218	47.43
GC1003827_G04_NODE_3295_length_2218_cov_7.294118	2218	49.19
GC1003827_G04_NODE_3296_length_2218_cov_4.791009	2218	50.59
GC1003827_G04_NODE_3297_length_2218_cov_3.972740	2218	49.91
GC1003827_G04_NODE_3298_length_2218_cov_3.422286	2218	47.20
GC1003827_G04_NODE_3299_length_2218_cov_2.925395	2218	49.37
GC1003827_G04_NODE_3300_length_2217_cov_16.789952	2217	43.84
GC1003827_G04_NODE_3301_length_2217_cov_16.766986	2217	44.84
GC1003827_G04_NODE_3302_length_2217_cov_5.247368	2217	46.68
GC1003827_G04_NODE_3303_length_2217_cov_4.803349	2217	47.86
GC1003827_G04_NODE_3304_length_2217_cov_4.243062	2217	50.70
GC1003827_G04_NODE_3305_length_2217_cov_4.145933	2217	45.29
GC1003827_G04_NODE_3306_length_2217_cov_3.576077	2217	45.06
GC1003827_G04_NODE_3307_length_2216_cov_5.514600	2216	42.92
GC1003827_G04_NODE_3308_length_2216_cov_5.401628	2216	41.83
GC1003827_G04_NODE_3309_length_2214_cov_19.211308	2214	44.67
GC1003827_G04_NODE_3310_length_2214_cov_11.449928	2214	44.22
GC1003827_G04_NODE_3311_length_2214_cov_4.590800	2214	48.33
GC1003827_G04_NODE_3312_length_2214_cov_3.280786	2214	46.97
GC1003827_G04_NODE_3313_length_2214_cov_2.825587	2214	50.05
GC1003827_G04_NODE_3314_length_2214_cov_1.536176	2214	61.25
GC1003827_G04_NODE_3315_length_2213_cov_5.722435	2213	42.25
GC1003827_G04_NODE_3316_length_2213_cov_4.736817	2213	47.22
GC1003827_G04_NODE_3317_length_2213_cov_3.036913	2213	39.58
GC1003827_G04_NODE_3318_length_2213_cov_2.875839	2213	53.68
GC1003827_G04_NODE_3319_length_2213_cov_1.870086	2213	46.27
GC1003827_G04_NODE_3320_length_2212_cov_9.407674	2212	52.40
GC1003827_G04_NODE_3321_length_2212_cov_8.031655	2212	45.66
GC1003827_G04_NODE_3322_length_2212_cov_7.400959	2212	44.30
GC1003827_G04_NODE_3323_length_2212_cov_5.675779	2212	46.93
GC1003827_G04_NODE_3324_length_2212_cov_5.206715	2212	43.31
GC1003827_G04_NODE_3325_length_2212_cov_2.395204	2212	48.46
GC1003827_G04_NODE_3326_length_2212_cov_1.985612	2212	41.00
GC1003827_G04_NODE_3327_length_2211_cov_9.198177	2211	51.92
GC1003827_G04_NODE_3328_length_2211_cov_5.775912	2211	50.79
GC1003827_G04_NODE_3329_length_2211_cov_3.329655	2211	47.72
GC1003827_G04_NODE_3330_length_2211_cov_2.487524	2211	45.55
GC1003827_G04_NODE_3331_length_2211_cov_2.303263	2211	45.50
GC1003827_G04_NODE_3332_length_2210_cov_19.899664	2210	43.98
GC1003827_G04_NODE_3333_length_2210_cov_4.830533	2210	46.74
GC1003827_G04_NODE_3334_length_2210_cov_2.620259	2210	44.75
GC1003827_G04_NODE_3335_length_2209_cov_11.167147	2209	45.59
GC1003827_G04_NODE_3336_length_2209_cov_7.631124	2209	42.82
GC1003827_G04_NODE_3337_length_2209_cov_7.132085	2209	51.34
GC1003827_G04_NODE_3338_length_2209_cov_4.915946	2209	47.13
GC1003827_G04_NODE_3339_length_2209_cov_1.107109	2209	43.41
GC1003827_G04_NODE_3340_length_2208_cov_15.747237	2208	43.75
GC1003827_G04_NODE_3341_length_2208_cov_10.500721	2208	46.65
GC1003827_G04_NODE_3342_length_2208_cov_8.411821	2208	45.83
GC1003827_G04_NODE_3343_length_2207_cov_5.515865	2207	44.45
GC1003827_G04_NODE_3344_length_2207_cov_3.935096	2207	44.09
GC1003827_G04_NODE_3345_length_2207_cov_3.453365	2207	41.14
GC1003827_G04_NODE_3346_length_2207_cov_2.475000	2207	50.97
GC1003827_G04_NODE_3347_length_2206_cov_3.200096	2206	48.96
GC1003827_G04_NODE_3348_length_2206_cov_2.096200	2206	52.27
GC1003827_G04_NODE_3349_length_2205_cov_5.148219	2205	51.93
GC1003827_G04_NODE_3350_length_2205_cov_4.933109	2205	46.26
GC1003827_G04_NODE_3351_length_2205_cov_4.509143	2205	50.98
GC1003827_G04_NODE_3352_length_2205_cov_2.822907	2205	65.67
GC1003827_G04_NODE_3353_length_2204_cov_7.654309	2204	44.46
GC1003827_G04_NODE_3354_length_2204_cov_6.372171	2204	48.87
GC1003827_G04_NODE_3355_length_2204_cov_5.883486	2204	48.14
GC1003827_G04_NODE_3356_length_2204_cov_1.770823	2204	50.68
GC1003827_G04_NODE_3357_length_2203_cov_13.210019	2203	45.35
GC1003827_G04_NODE_3358_length_2203_cov_7.824181	2203	46.75
GC1003827_G04_NODE_3359_length_2202_cov_3.861205	2202	44.87
GC1003827_G04_NODE_3360_length_2202_cov_2.997590	2202	42.96
GC1003827_G04_NODE_3361_length_2201_cov_8.961909	2201	47.66
GC1003827_G04_NODE_3362_length_2201_cov_8.909354	2201	46.43
GC1003827_G04_NODE_3363_length_2201_cov_5.969142	2201	44.12
GC1003827_G04_NODE_3364_length_2201_cov_3.390550	2201	47.48
GC1003827_G04_NODE_3365_length_2201_cov_1.669720	2201	43.75
GC1003827_G04_NODE_3366_length_2200_cov_14.879402	2200	47.68
GC1003827_G04_NODE_3367_length_2200_cov_7.704293	2200	42.27
GC1003827_G04_NODE_3368_length_2200_cov_6.917028	2200	45.86
GC1003827_G04_NODE_3369_length_2200_cov_1.735649	2200	50.27
GC1003827_G04_NODE_3370_length_2199_cov_5.205598	2199	44.75
GC1003827_G04_NODE_3371_length_2199_cov_4.756274	2199	47.61
GC1003827_G04_NODE_3372_length_2199_cov_3.600869	2199	56.25
GC1003827_G04_NODE_3373_length_2198_cov_9.521970	2198	43.99
GC1003827_G04_NODE_3374_length_2197_cov_16.747343	2197	46.02
GC1003827_G04_NODE_3375_length_2197_cov_4.020290	2197	63.50
GC1003827_G04_NODE_3376_length_2197_cov_2.298068	2197	66.50
GC1003827_G04_NODE_3377_length_2196_cov_19.675689	2196	43.67
GC1003827_G04_NODE_3378_length_2196_cov_9.021750	2196	45.08
GC1003827_G04_NODE_3379_length_2196_cov_3.982117	2196	46.77
GC1003827_G04_NODE_3380_length_2196_cov_2.685839	2196	52.87
GC1003827_G04_NODE_3381_length_2196_cov_1.860802	2196	45.40
GC1003827_G04_NODE_3382_length_2195_cov_8.779981	2195	46.79
GC1003827_G04_NODE_3383_length_2195_cov_5.400870	2195	45.19
GC1003827_G04_NODE_3384_length_2195_cov_4.970503	2195	40.41
GC1003827_G04_NODE_3385_length_2195_cov_4.631044	2195	41.96
GC1003827_G04_NODE_3386_length_2195_cov_2.149420	2195	44.01
GC1003827_G04_NODE_3387_length_2194_cov_6.072569	2194	45.67
GC1003827_G04_NODE_3388_length_2194_cov_5.356555	2194	43.85
GC1003827_G04_NODE_3389_length_2194_cov_3.600387	2194	40.98
GC1003827_G04_NODE_3390_length_2194_cov_1.573295	2194	66.00
GC1003827_G04_NODE_3391_length_2193_cov_8.097289	2193	43.18
GC1003827_G04_NODE_3392_length_2193_cov_6.241045	2193	46.60
GC1003827_G04_NODE_3393_length_2193_cov_6.130203	2193	44.00
GC1003827_G04_NODE_3394_length_2192_cov_9.318644	2192	47.03
GC1003827_G04_NODE_3395_length_2192_cov_1.996610	2192	50.78
GC1003827_G04_NODE_3396_length_2191_cov_8.867248	2191	42.77
GC1003827_G04_NODE_3397_length_2191_cov_7.476260	2191	44.73
GC1003827_G04_NODE_3398_length_2191_cov_3.886628	2191	62.12
GC1003827_G04_NODE_3399_length_2191_cov_2.225775	2191	60.75
GC1003827_G04_NODE_3400_length_2191_cov_1.610950	2191	40.67
GC1003827_G04_NODE_3401_length_2190_cov_12.349006	2190	46.76
GC1003827_G04_NODE_3402_length_2190_cov_1.502666	2190	66.44
GC1003827_G04_NODE_3403_length_2189_cov_9.585354	2189	44.68
GC1003827_G04_NODE_3404_length_2189_cov_4.216780	2189	57.93
GC1003827_G04_NODE_3405_length_2188_cov_6.705483	2188	45.70
GC1003827_G04_NODE_3406_length_2188_cov_6.183891	2188	43.14
GC1003827_G04_NODE_3407_length_2188_cov_5.401262	2188	47.90
GC1003827_G04_NODE_3408_length_2188_cov_4.420670	2188	44.33
GC1003827_G04_NODE_3409_length_2187_cov_2.380097	2187	67.54
GC1003827_G04_NODE_3410_length_2186_cov_9.204954	2186	49.18
GC1003827_G04_NODE_3411_length_2186_cov_8.204468	2186	43.96
GC1003827_G04_NODE_3412_length_2186_cov_1.568723	2186	51.78
GC1003827_G04_NODE_3413_length_2185_cov_6.177357	2185	49.47
GC1003827_G04_NODE_3414_length_2185_cov_5.857629	2185	45.58
GC1003827_G04_NODE_3415_length_2185_cov_5.236638	2185	45.40
GC1003827_G04_NODE_3416_length_2184_cov_20.147788	2184	43.36
GC1003827_G04_NODE_3417_length_2184_cov_8.122995	2184	44.55
GC1003827_G04_NODE_3418_length_2184_cov_4.649490	2184	46.98
GC1003827_G04_NODE_3419_length_2184_cov_4.634419	2184	46.29
GC1003827_G04_NODE_3420_length_2183_cov_7.516537	2183	51.31
GC1003827_G04_NODE_3421_length_2183_cov_7.391051	2183	48.19
GC1003827_G04_NODE_3422_length_2183_cov_7.046206	2183	47.09
GC1003827_G04_NODE_3423_length_2183_cov_7.032101	2183	45.35
GC1003827_G04_NODE_3424_length_2183_cov_6.460117	2183	45.08
GC1003827_G04_NODE_3425_length_2183_cov_3.811770	2183	49.24
GC1003827_G04_NODE_3426_length_2183_cov_3.652237	2183	60.01
GC1003827_G04_NODE_3427_length_2183_cov_3.202821	2183	46.17
GC1003827_G04_NODE_3428_length_2182_cov_6.952311	2182	44.64
GC1003827_G04_NODE_3429_length_2182_cov_6.757178	2182	43.08
GC1003827_G04_NODE_3430_length_2182_cov_4.853041	2182	49.82
GC1003827_G04_NODE_3431_length_2181_cov_3.306719	2181	45.58
GC1003827_G04_NODE_3432_length_2181_cov_2.544304	2181	42.92
GC1003827_G04_NODE_3433_length_2179_cov_5.683723	2179	47.91
GC1003827_G04_NODE_3434_length_2179_cov_2.743177	2179	48.83
GC1003827_G04_NODE_3435_length_2179_cov_2.343567	2179	49.38
GC1003827_G04_NODE_3436_length_2178_cov_14.645051	2178	49.36
GC1003827_G04_NODE_3437_length_2178_cov_4.040956	2178	47.34
GC1003827_G04_NODE_3438_length_2178_cov_3.204778	2178	43.43
GC1003827_G04_NODE_3439_length_2178_cov_2.205753	2178	45.82
GC1003827_G04_NODE_3440_length_2177_cov_20.695122	2177	42.95
GC1003827_G04_NODE_3441_length_2177_cov_7.132683	2177	45.89
GC1003827_G04_NODE_3442_length_2177_cov_6.932195	2177	43.59
GC1003827_G04_NODE_3443_length_2177_cov_4.396585	2177	45.43
GC1003827_G04_NODE_3444_length_2177_cov_4.146341	2177	47.77
GC1003827_G04_NODE_3445_length_2177_cov_1.774634	2177	42.21
GC1003827_G04_NODE_3446_length_2176_cov_6.023914	2176	46.88
GC1003827_G04_NODE_3447_length_2176_cov_4.214739	2176	48.71
GC1003827_G04_NODE_3448_length_2175_cov_6.079590	2175	50.94
GC1003827_G04_NODE_3449_length_2175_cov_5.739746	2175	41.56
GC1003827_G04_NODE_3450_length_2175_cov_5.428711	2175	45.38
GC1003827_G04_NODE_3451_length_2175_cov_4.666016	2175	47.40
GC1003827_G04_NODE_3452_length_2175_cov_3.537598	2175	46.39
GC1003827_G04_NODE_3453_length_2175_cov_2.306152	2175	49.70
GC1003827_G04_NODE_3454_length_2174_cov_7.725940	2174	54.28
GC1003827_G04_NODE_3455_length_2174_cov_5.223742	2174	48.67
GC1003827_G04_NODE_3456_length_2174_cov_5.104543	2174	45.58
GC1003827_G04_NODE_3457_length_2174_cov_3.762091	2174	45.72
GC1003827_G04_NODE_3458_length_2174_cov_3.162189	2174	41.58
GC1003827_G04_NODE_3459_length_2173_cov_6.210655	2173	46.02
GC1003827_G04_NODE_3460_length_2173_cov_4.738514	2173	47.49
GC1003827_G04_NODE_3461_length_2172_cov_5.818582	2172	41.71
GC1003827_G04_NODE_3462_length_2172_cov_3.954034	2172	49.22
GC1003827_G04_NODE_3463_length_2172_cov_2.873350	2172	41.30
GC1003827_G04_NODE_3464_length_2172_cov_2.316870	2172	44.38
GC1003827_G04_NODE_3465_length_2172_cov_0.803912	2172	69.71
GC1003827_G04_NODE_3466_length_2171_cov_6.517123	2171	48.18
GC1003827_G04_NODE_3467_length_2171_cov_5.154110	2171	43.90
GC1003827_G04_NODE_3468_length_2171_cov_4.519080	2171	37.17
GC1003827_G04_NODE_3469_length_2171_cov_2.867417	2171	48.96
GC1003827_G04_NODE_3470_length_2170_cov_8.046990	2170	46.18
GC1003827_G04_NODE_3471_length_2170_cov_6.263338	2170	59.26
GC1003827_G04_NODE_3472_length_2169_cov_8.846719	2169	45.60
GC1003827_G04_NODE_3473_length_2169_cov_5.354554	2169	45.27
GC1003827_G04_NODE_3474_length_2169_cov_3.716454	2169	49.33
GC1003827_G04_NODE_3475_length_2169_cov_0.972086	2169	54.36
GC1003827_G04_NODE_3476_length_2168_cov_14.110240	2168	49.54
GC1003827_G04_NODE_3477_length_2168_cov_12.316512	2168	45.80
GC1003827_G04_NODE_3478_length_2168_cov_11.647232	2168	46.54
GC1003827_G04_NODE_3479_length_2168_cov_8.263106	2168	40.31
GC1003827_G04_NODE_3480_length_2168_cov_8.158256	2168	48.89
GC1003827_G04_NODE_3481_length_2168_cov_7.320921	2168	48.80
GC1003827_G04_NODE_3482_length_2168_cov_2.549241	2168	46.54
GC1003827_G04_NODE_3483_length_2168_cov_2.048506	2168	43.68
GC1003827_G04_NODE_3484_length_2168_cov_0.835865	2168	44.51
GC1003827_G04_NODE_3485_length_2166_cov_10.246199	2166	50.65
GC1003827_G04_NODE_3486_length_2166_cov_6.434527	2166	48.29
GC1003827_G04_NODE_3487_length_2165_cov_5.050540	2165	44.43
GC1003827_G04_NODE_3488_length_2165_cov_1.954367	2165	65.22
GC1003827_G04_NODE_3489_length_2165_cov_1.075074	2165	66.42
GC1003827_G04_NODE_3490_length_2164_cov_9.869907	2164	43.72
GC1003827_G04_NODE_3491_length_2164_cov_6.368679	2164	46.90
GC1003827_G04_NODE_3492_length_2164_cov_4.148257	2164	45.70
GC1003827_G04_NODE_3493_length_2163_cov_6.589391	2163	43.41
GC1003827_G04_NODE_3494_length_2163_cov_3.537328	2163	45.86
GC1003827_G04_NODE_3495_length_2162_cov_5.404423	2162	45.47
GC1003827_G04_NODE_3496_length_2162_cov_4.391155	2162	42.60
GC1003827_G04_NODE_3497_length_2162_cov_3.413268	2162	46.16
GC1003827_G04_NODE_3498_length_2162_cov_2.900246	2162	42.41
GC1003827_G04_NODE_3499_length_2161_cov_14.335792	2161	45.81
GC1003827_G04_NODE_3500_length_2161_cov_8.166667	2161	44.84
GC1003827_G04_NODE_3501_length_2161_cov_5.926745	2161	40.95
GC1003827_G04_NODE_3502_length_2161_cov_5.312193	2161	44.19
GC1003827_G04_NODE_3503_length_2161_cov_3.888889	2161	44.19
GC1003827_G04_NODE_3504_length_2161_cov_3.293510	2161	49.47
GC1003827_G04_NODE_3505_length_2161_cov_2.828417	2161	47.29
GC1003827_G04_NODE_3506_length_2160_cov_20.062961	2160	50.05
GC1003827_G04_NODE_3507_length_2160_cov_10.411707	2160	44.58
GC1003827_G04_NODE_3508_length_2160_cov_10.123955	2160	50.93
GC1003827_G04_NODE_3509_length_2160_cov_8.880964	2160	51.25
GC1003827_G04_NODE_3510_length_2160_cov_3.580423	2160	46.02
GC1003827_G04_NODE_3511_length_2160_cov_3.521397	2160	63.75
GC1003827_G04_NODE_3512_length_2160_cov_1.689621	2160	48.01
GC1003827_G04_NODE_3513_length_2159_cov_20.623524	2159	47.89
GC1003827_G04_NODE_3514_length_2159_cov_11.990650	2159	48.82
GC1003827_G04_NODE_3515_length_2159_cov_11.838091	2159	48.17
GC1003827_G04_NODE_3516_length_2159_cov_7.931594	2159	45.02
GC1003827_G04_NODE_3517_length_2159_cov_6.706693	2159	48.36
GC1003827_G04_NODE_3518_length_2159_cov_3.609744	2159	43.21
GC1003827_G04_NODE_3519_length_2157_cov_5.484236	2157	48.82
GC1003827_G04_NODE_3520_length_2157_cov_4.623153	2157	43.67
GC1003827_G04_NODE_3521_length_2157_cov_4.517241	2157	43.12
GC1003827_G04_NODE_3522_length_2157_cov_4.233498	2157	43.72
GC1003827_G04_NODE_3523_length_2157_cov_3.326601	2157	46.36
GC1003827_G04_NODE_3524_length_2157_cov_3.072906	2157	48.31
GC1003827_G04_NODE_3525_length_2156_cov_6.948250	2156	46.61
GC1003827_G04_NODE_3526_length_2156_cov_4.812223	2156	51.62
GC1003827_G04_NODE_3527_length_2156_cov_3.743223	2156	61.13
GC1003827_G04_NODE_3528_length_2156_cov_3.150320	2156	43.32
GC1003827_G04_NODE_3529_length_2156_cov_2.793001	2156	46.80
GC1003827_G04_NODE_3530_length_2156_cov_1.020207	2156	49.58
GC1003827_G04_NODE_3531_length_2155_cov_8.697239	2155	42.51
GC1003827_G04_NODE_3532_length_2155_cov_7.966963	2155	50.53
GC1003827_G04_NODE_3533_length_2155_cov_3.548817	2155	44.32
GC1003827_G04_NODE_3534_length_2155_cov_3.256410	2155	46.59
GC1003827_G04_NODE_3535_length_2155_cov_3.055720	2155	41.67
GC1003827_G04_NODE_3536_length_2154_cov_17.924519	2154	45.82
GC1003827_G04_NODE_3537_length_2154_cov_7.246177	2154	48.89
GC1003827_G04_NODE_3538_length_2154_cov_3.526887	2154	43.73
GC1003827_G04_NODE_3539_length_2153_cov_6.587858	2153	45.66
GC1003827_G04_NODE_3540_length_2153_cov_6.351431	2153	45.80
GC1003827_G04_NODE_3541_length_2153_cov_5.060711	2153	45.19
GC1003827_G04_NODE_3542_length_2152_cov_4.052346	2152	50.65
GC1003827_G04_NODE_3543_length_2152_cov_3.598519	2152	44.66
GC1003827_G04_NODE_3544_length_2152_cov_2.894321	2152	47.96
GC1003827_G04_NODE_3545_length_2151_cov_22.780632	2151	48.30
GC1003827_G04_NODE_3546_length_2151_cov_7.273221	2151	44.35
GC1003827_G04_NODE_3547_length_2151_cov_5.814229	2151	42.91
GC1003827_G04_NODE_3548_length_2151_cov_3.052372	2151	47.88
GC1003827_G04_NODE_3549_length_2151_cov_2.849802	2151	40.17
GC1003827_G04_NODE_3550_length_2150_cov_11.748393	2150	48.56
GC1003827_G04_NODE_3551_length_2150_cov_7.477014	2150	46.98
GC1003827_G04_NODE_3552_length_2148_cov_6.693221	2148	46.09
GC1003827_G04_NODE_3553_length_2148_cov_5.551707	2148	48.70
GC1003827_G04_NODE_3554_length_2148_cov_4.891638	2148	43.44
GC1003827_G04_NODE_3555_length_2147_cov_32.064851	2147	46.20
GC1003827_G04_NODE_3556_length_2147_cov_9.585644	2147	43.13
GC1003827_G04_NODE_3557_length_2147_cov_7.953960	2147	44.62
GC1003827_G04_NODE_3558_length_2147_cov_4.663861	2147	44.85
GC1003827_G04_NODE_3559_length_2147_cov_4.267327	2147	52.03
GC1003827_G04_NODE_3560_length_2147_cov_4.041584	2147	44.90
GC1003827_G04_NODE_3561_length_2147_cov_3.610891	2147	42.52
GC1003827_G04_NODE_3562_length_2147_cov_2.817327	2147	42.11
GC1003827_G04_NODE_3563_length_2147_cov_2.678713	2147	51.00
GC1003827_G04_NODE_3564_length_2147_cov_2.598515	2147	49.79
GC1003827_G04_NODE_3565_length_2147_cov_1.183663	2147	41.17
GC1003827_G04_NODE_3566_length_2146_cov_18.313522	2146	39.93
GC1003827_G04_NODE_3567_length_2146_cov_7.479445	2146	46.74
GC1003827_G04_NODE_3568_length_2146_cov_6.901932	2146	41.89
GC1003827_G04_NODE_3569_length_2146_cov_5.304606	2146	47.44
GC1003827_G04_NODE_3570_length_2146_cov_2.435364	2146	53.59
GC1003827_G04_NODE_3571_length_2146_cov_2.346211	2146	64.73
GC1003827_G04_NODE_3572_length_2146_cov_1.025260	2146	51.63
GC1003827_G04_NODE_3573_length_2145_cov_5.479683	2145	48.81
GC1003827_G04_NODE_3574_length_2145_cov_3.906838	2145	44.57
GC1003827_G04_NODE_3575_length_2145_cov_1.646680	2145	42.89
GC1003827_G04_NODE_3576_length_2144_cov_7.359941	2144	43.10
GC1003827_G04_NODE_3577_length_2144_cov_3.486862	2144	39.32
GC1003827_G04_NODE_3578_length_2144_cov_2.665345	2144	43.84
GC1003827_G04_NODE_3579_length_2144_cov_2.651958	2144	44.50
GC1003827_G04_NODE_3580_length_2144_cov_1.675756	2144	46.50
GC1003827_G04_NODE_3581_length_2143_cov_7.232639	2143	53.71
GC1003827_G04_NODE_3582_length_2143_cov_4.325893	2143	50.91
GC1003827_G04_NODE_3583_length_2143_cov_3.896329	2143	42.51
GC1003827_G04_NODE_3584_length_2143_cov_3.882440	2143	36.68
GC1003827_G04_NODE_3585_length_2142_cov_5.935980	2142	46.55
GC1003827_G04_NODE_3586_length_2142_cov_5.667494	2142	42.90
GC1003827_G04_NODE_3587_length_2142_cov_1.668983	2142	44.86
GC1003827_G04_NODE_3588_length_2141_cov_8.861966	2141	44.98
GC1003827_G04_NODE_3589_length_2140_cov_17.643815	2140	50.47
GC1003827_G04_NODE_3590_length_2140_cov_5.490313	2140	46.07
GC1003827_G04_NODE_3591_length_2140_cov_3.649776	2140	49.77
GC1003827_G04_NODE_3592_length_2139_cov_16.579523	2139	44.51
GC1003827_G04_NODE_3593_length_2139_cov_6.238072	2139	45.30
GC1003827_G04_NODE_3594_length_2139_cov_2.612823	2139	47.03
GC1003827_G04_NODE_3595_length_2138_cov_6.142715	2138	41.58
GC1003827_G04_NODE_3596_length_2138_cov_6.002984	2138	43.97
GC1003827_G04_NODE_3597_length_2138_cov_5.688712	2138	49.95
GC1003827_G04_NODE_3598_length_2138_cov_4.488314	2138	46.02
GC1003827_G04_NODE_3599_length_2138_cov_4.238687	2138	45.46
GC1003827_G04_NODE_3600_length_2138_cov_3.354550	2138	45.70
GC1003827_G04_NODE_3601_length_2138_cov_3.139731	2138	44.53
GC1003827_G04_NODE_3602_length_2137_cov_12.917910	2137	48.29
GC1003827_G04_NODE_3603_length_2137_cov_9.587065	2137	49.09
GC1003827_G04_NODE_3604_length_2137_cov_5.747264	2137	43.99
GC1003827_G04_NODE_3605_length_2137_cov_2.228856	2137	49.93
GC1003827_G04_NODE_3606_length_2136_cov_13.582877	2136	45.65
GC1003827_G04_NODE_3607_length_2136_cov_8.345445	2136	49.11
GC1003827_G04_NODE_3608_length_2136_cov_6.459433	2136	45.69
GC1003827_G04_NODE_3609_length_2136_cov_5.843703	2136	52.57
GC1003827_G04_NODE_3610_length_2135_cov_9.254482	2135	48.81
GC1003827_G04_NODE_3611_length_2135_cov_3.947709	2135	51.57
GC1003827_G04_NODE_3612_length_2134_cov_5.728949	2134	40.96
GC1003827_G04_NODE_3613_length_2133_cov_11.395314	2133	46.27
GC1003827_G04_NODE_3614_length_2133_cov_5.896810	2133	42.99
GC1003827_G04_NODE_3615_length_2132_cov_9.292269	2132	50.33
GC1003827_G04_NODE_3616_length_2132_cov_5.176060	2132	45.68
GC1003827_G04_NODE_3617_length_2132_cov_4.996509	2132	42.78
GC1003827_G04_NODE_3618_length_2132_cov_4.393516	2132	43.67
GC1003827_G04_NODE_3619_length_2132_cov_3.354115	2132	47.23
GC1003827_G04_NODE_3620_length_2132_cov_2.325686	2132	53.61
GC1003827_G04_NODE_3621_length_2131_cov_8.726048	2131	62.55
GC1003827_G04_NODE_3622_length_2131_cov_8.477046	2131	43.27
GC1003827_G04_NODE_3623_length_2131_cov_3.390719	2131	41.81
GC1003827_G04_NODE_3624_length_2130_cov_10.845232	2130	53.38
GC1003827_G04_NODE_3625_length_2130_cov_6.310035	2130	46.90
GC1003827_G04_NODE_3626_length_2130_cov_1.513729	2130	48.64
GC1003827_G04_NODE_3627_length_2129_cov_10.469031	2129	47.35
GC1003827_G04_NODE_3628_length_2129_cov_7.324176	2129	46.88
GC1003827_G04_NODE_3629_length_2129_cov_5.590410	2129	45.56
GC1003827_G04_NODE_3630_length_2129_cov_5.122877	2129	47.35
GC1003827_G04_NODE_3631_length_2129_cov_2.489510	2129	49.79
GC1003827_G04_NODE_3632_length_2128_cov_10.836582	2128	45.54
GC1003827_G04_NODE_3633_length_2128_cov_5.062969	2128	44.31
GC1003827_G04_NODE_3634_length_2128_cov_4.553723	2128	45.58
GC1003827_G04_NODE_3635_length_2128_cov_3.754623	2128	45.44
GC1003827_G04_NODE_3636_length_2128_cov_3.512744	2128	48.40
GC1003827_G04_NODE_3637_length_2128_cov_3.025987	2128	47.32
GC1003827_G04_NODE_3638_length_2128_cov_1.528236	2128	47.56
GC1003827_G04_NODE_3639_length_2127_cov_10.977500	2127	47.58
GC1003827_G04_NODE_3640_length_2127_cov_7.075500	2127	47.67
GC1003827_G04_NODE_3641_length_2127_cov_5.418500	2127	43.68
GC1003827_G04_NODE_3642_length_2127_cov_3.091000	2127	43.07
GC1003827_G04_NODE_3643_length_2127_cov_2.575500	2127	48.10
GC1003827_G04_NODE_3644_length_2127_cov_2.513500	2127	45.37
GC1003827_G04_NODE_3645_length_2127_cov_1.528500	2127	41.28
GC1003827_G04_NODE_3646_length_2125_cov_13.349349	2125	48.56
GC1003827_G04_NODE_3647_length_2125_cov_12.726226	2125	44.80
GC1003827_G04_NODE_3648_length_2125_cov_9.983984	2125	53.93
GC1003827_G04_NODE_3649_length_2125_cov_5.996997	2125	48.71
GC1003827_G04_NODE_3650_length_2125_cov_5.305806	2125	42.07
GC1003827_G04_NODE_3651_length_2125_cov_4.379880	2125	50.26
GC1003827_G04_NODE_3652_length_2125_cov_3.136637	2125	49.65
GC1003827_G04_NODE_3653_length_2124_cov_4.546820	2124	65.44
GC1003827_G04_NODE_3654_length_2124_cov_4.161242	2124	45.24
GC1003827_G04_NODE_3655_length_2123_cov_2.486974	2123	46.59
GC1003827_G04_NODE_3656_length_2122_cov_5.900251	2122	45.66
GC1003827_G04_NODE_3657_length_2122_cov_5.796992	2122	44.06
GC1003827_G04_NODE_3658_length_2121_cov_15.156971	2121	48.61
GC1003827_G04_NODE_3659_length_2121_cov_7.958877	2121	41.77
GC1003827_G04_NODE_3660_length_2121_cov_4.384152	2121	46.35
GC1003827_G04_NODE_3661_length_2121_cov_3.859077	2121	48.28
GC1003827_G04_NODE_3662_length_2120_cov_9.538886	2120	44.62
GC1003827_G04_NODE_3663_length_2120_cov_8.760662	2120	51.27
GC1003827_G04_NODE_3664_length_2120_cov_5.496739	2120	44.25
GC1003827_G04_NODE_3665_length_2120_cov_4.323633	2120	42.78
GC1003827_G04_NODE_3666_length_2119_cov_6.806727	2119	47.43
GC1003827_G04_NODE_3667_length_2119_cov_4.751506	2119	48.04
GC1003827_G04_NODE_3668_length_2119_cov_2.945783	2119	50.31
GC1003827_G04_NODE_3669_length_2118_cov_5.433953	2118	44.90
GC1003827_G04_NODE_3670_length_2118_cov_2.917629	2118	50.42
GC1003827_G04_NODE_3671_length_2117_cov_17.700503	2117	44.21
GC1003827_G04_NODE_3672_length_2117_cov_17.316080	2117	46.67
GC1003827_G04_NODE_3673_length_2117_cov_5.943216	2117	48.98
GC1003827_G04_NODE_3674_length_2117_cov_5.165829	2117	44.64
GC1003827_G04_NODE_3675_length_2117_cov_5.117085	2117	44.45
GC1003827_G04_NODE_3676_length_2117_cov_4.510050	2117	53.14
GC1003827_G04_NODE_3677_length_2117_cov_2.674874	2117	44.54
GC1003827_G04_NODE_3678_length_2117_cov_2.139698	2117	44.21
GC1003827_G04_NODE_3679_length_2117_cov_1.706533	2117	44.02
GC1003827_G04_NODE_3680_length_2116_cov_10.874309	2116	45.37
GC1003827_G04_NODE_3681_length_2116_cov_5.241327	2116	43.90
GC1003827_G04_NODE_3682_length_2115_cov_3.959759	2115	47.99
GC1003827_G04_NODE_3683_length_2115_cov_3.494467	2115	44.49
GC1003827_G04_NODE_3684_length_2115_cov_2.718813	2115	43.88
GC1003827_G04_NODE_3685_length_2114_cov_8.310015	2114	47.78
GC1003827_G04_NODE_3686_length_2114_cov_3.232511	2114	49.20
GC1003827_G04_NODE_3687_length_2114_cov_2.330146	2114	45.70
GC1003827_G04_NODE_3688_length_2114_cov_2.284852	2114	43.80
GC1003827_G04_NODE_3689_length_2114_cov_2.028183	2114	68.73
GC1003827_G04_NODE_3690_length_2113_cov_7.215509	2113	47.28
GC1003827_G04_NODE_3691_length_2113_cov_6.188318	2113	41.69
GC1003827_G04_NODE_3692_length_2113_cov_6.036254	2113	46.19
GC1003827_G04_NODE_3693_length_2113_cov_1.042800	2113	46.57
GC1003827_G04_NODE_3694_length_2112_cov_4.954660	2112	43.47
GC1003827_G04_NODE_3695_length_2112_cov_1.390428	2112	48.91
GC1003827_G04_NODE_3696_length_2111_cov_7.142137	2111	48.70
GC1003827_G04_NODE_3697_length_2111_cov_2.957661	2111	46.47
GC1003827_G04_NODE_3698_length_2111_cov_2.459173	2111	47.75
GC1003827_G04_NODE_3699_length_2111_cov_1.962702	2111	52.63
GC1003827_G04_NODE_3700_length_2110_cov_4.183056	2110	49.81
GC1003827_G04_NODE_3701_length_2110_cov_1.913767	2110	48.48
GC1003827_G04_NODE_3702_length_2109_cov_6.782038	2109	44.43
GC1003827_G04_NODE_3703_length_2109_cov_5.090817	2109	43.01
GC1003827_G04_NODE_3704_length_2109_cov_4.533300	2109	48.17
GC1003827_G04_NODE_3705_length_2109_cov_3.056509	2109	66.62
GC1003827_G04_NODE_3706_length_2107_cov_9.009596	2107	43.90
GC1003827_G04_NODE_3707_length_2107_cov_5.059091	2107	46.13
GC1003827_G04_NODE_3708_length_2107_cov_5.013636	2107	42.57
GC1003827_G04_NODE_3709_length_2107_cov_4.976768	2107	49.79
GC1003827_G04_NODE_3710_length_2107_cov_3.871212	2107	44.61
GC1003827_G04_NODE_3711_length_2107_cov_1.503030	2107	47.46
GC1003827_G04_NODE_3712_length_2106_cov_8.702880	2106	44.06
GC1003827_G04_NODE_3713_length_2106_cov_4.173320	2106	49.38
GC1003827_G04_NODE_3714_length_2105_cov_7.998989	2105	46.41
GC1003827_G04_NODE_3715_length_2105_cov_7.577856	2105	45.61
GC1003827_G04_NODE_3716_length_2105_cov_5.550556	2105	48.65
GC1003827_G04_NODE_3717_length_2105_cov_4.415571	2105	45.89
GC1003827_G04_NODE_3718_length_2105_cov_3.109707	2105	53.21
GC1003827_G04_NODE_3719_length_2105_cov_1.398888	2105	49.88
GC1003827_G04_NODE_3720_length_2104_cov_9.018209	2104	46.39
GC1003827_G04_NODE_3721_length_2104_cov_8.497218	2104	47.86
GC1003827_G04_NODE_3722_length_2104_cov_4.169954	2104	45.01
GC1003827_G04_NODE_3723_length_2104_cov_3.107739	2104	45.15
GC1003827_G04_NODE_3724_length_2104_cov_2.854831	2104	64.92
GC1003827_G04_NODE_3725_length_2104_cov_2.653515	2104	42.63
GC1003827_G04_NODE_3726_length_2104_cov_1.589277	2104	43.68
GC1003827_G04_NODE_3727_length_2103_cov_12.717105	2103	45.79
GC1003827_G04_NODE_3728_length_2103_cov_12.456478	2103	42.75
GC1003827_G04_NODE_3729_length_2103_cov_6.765688	2103	44.84
GC1003827_G04_NODE_3730_length_2103_cov_4.771761	2103	43.94
GC1003827_G04_NODE_3731_length_2103_cov_3.536437	2103	45.51
GC1003827_G04_NODE_3732_length_2102_cov_6.916456	2102	49.90
GC1003827_G04_NODE_3733_length_2102_cov_4.857722	2102	47.10
GC1003827_G04_NODE_3734_length_2101_cov_13.842452	2101	46.55
GC1003827_G04_NODE_3735_length_2101_cov_12.757345	2101	47.69
GC1003827_G04_NODE_3736_length_2101_cov_8.692503	2101	50.45
GC1003827_G04_NODE_3737_length_2100_cov_10.261531	2100	51.81
GC1003827_G04_NODE_3738_length_2100_cov_5.947795	2100	48.19
GC1003827_G04_NODE_3739_length_2100_cov_4.503801	2100	46.29
GC1003827_G04_NODE_3740_length_2100_cov_4.249366	2100	43.52
GC1003827_G04_NODE_3741_length_2100_cov_3.920426	2100	49.24
GC1003827_G04_NODE_3742_length_2100_cov_2.488596	2100	45.19
GC1003827_G04_NODE_3743_length_2100_cov_1.625950	2100	69.00
GC1003827_G04_NODE_3744_length_2099_cov_15.246957	2099	46.45
GC1003827_G04_NODE_3745_length_2099_cov_7.164300	2099	46.88
GC1003827_G04_NODE_3746_length_2099_cov_7.075051	2099	42.26
GC1003827_G04_NODE_3747_length_2099_cov_6.614097	2099	45.45
GC1003827_G04_NODE_3748_length_2099_cov_6.113590	2099	44.31
GC1003827_G04_NODE_3749_length_2098_cov_9.612887	2098	48.62
GC1003827_G04_NODE_3750_length_2098_cov_4.842212	2098	48.62
GC1003827_G04_NODE_3751_length_2098_cov_2.104515	2098	46.71
GC1003827_G04_NODE_3752_length_2098_cov_1.752410	2098	38.85
GC1003827_G04_NODE_3753_length_2097_cov_11.910152	2097	46.92
GC1003827_G04_NODE_3754_length_2097_cov_6.935025	2097	50.02
GC1003827_G04_NODE_3755_length_2097_cov_5.340102	2097	47.97
GC1003827_G04_NODE_3756_length_2097_cov_1.720812	2097	47.45
GC1003827_G04_NODE_3757_length_2096_cov_7.708989	2096	43.56
GC1003827_G04_NODE_3758_length_2096_cov_7.560691	2096	46.09
GC1003827_G04_NODE_3759_length_2096_cov_5.614525	2096	51.34
GC1003827_G04_NODE_3760_length_2096_cov_2.001016	2096	52.62
GC1003827_G04_NODE_3761_length_2096_cov_1.855764	2096	42.51
GC1003827_G04_NODE_3762_length_2095_cov_21.153455	2095	46.30
GC1003827_G04_NODE_3763_length_2095_cov_8.061992	2095	43.58
GC1003827_G04_NODE_3764_length_2095_cov_7.468496	2095	46.35
GC1003827_G04_NODE_3765_length_2095_cov_6.553354	2095	43.34
GC1003827_G04_NODE_3766_length_2095_cov_6.150915	2095	42.29
GC1003827_G04_NODE_3767_length_2094_cov_11.086426	2094	42.98
GC1003827_G04_NODE_3768_length_2094_cov_6.754957	2094	50.62
GC1003827_G04_NODE_3769_length_2094_cov_6.699034	2094	44.94
GC1003827_G04_NODE_3770_length_2094_cov_5.187595	2094	47.18
GC1003827_G04_NODE_3771_length_2094_cov_4.811388	2094	41.93
GC1003827_G04_NODE_3772_length_2094_cov_2.465684	2094	45.27
GC1003827_G04_NODE_3773_length_2094_cov_1.392984	2094	51.96
GC1003827_G04_NODE_3774_length_2093_cov_23.628688	2093	44.58
GC1003827_G04_NODE_3775_length_2093_cov_20.575788	2093	47.44
GC1003827_G04_NODE_3776_length_2093_cov_17.310783	2093	45.01
GC1003827_G04_NODE_3777_length_2093_cov_5.229908	2093	44.58
GC1003827_G04_NODE_3778_length_2092_cov_5.110941	2092	46.18
GC1003827_G04_NODE_3779_length_2092_cov_3.929771	2092	58.60
GC1003827_G04_NODE_3780_length_2092_cov_2.658524	2092	53.73
GC1003827_G04_NODE_3781_length_2092_cov_2.198982	2092	46.41
GC1003827_G04_NODE_3782_length_2091_cov_8.866090	2091	47.58
GC1003827_G04_NODE_3783_length_2091_cov_4.803971	2091	46.05
GC1003827_G04_NODE_3784_length_2091_cov_4.532587	2091	47.01
GC1003827_G04_NODE_3785_length_2091_cov_3.730652	2091	45.38
GC1003827_G04_NODE_3786_length_2091_cov_2.899695	2091	43.57
GC1003827_G04_NODE_3787_length_2091_cov_2.868635	2091	50.60
GC1003827_G04_NODE_3788_length_2090_cov_15.355069	2090	46.51
GC1003827_G04_NODE_3789_length_2090_cov_10.668365	2090	42.78
GC1003827_G04_NODE_3790_length_2090_cov_7.845135	2090	44.07
GC1003827_G04_NODE_3791_length_2090_cov_5.582781	2090	46.99
GC1003827_G04_NODE_3792_length_2090_cov_5.191034	2090	47.70
GC1003827_G04_NODE_3793_length_2090_cov_3.021396	2090	42.44
GC1003827_G04_NODE_3794_length_2089_cov_6.430683	2089	47.63
GC1003827_G04_NODE_3795_length_2089_cov_3.571865	2089	29.92
GC1003827_G04_NODE_3796_length_2088_cov_7.262621	2088	36.02
GC1003827_G04_NODE_3797_length_2087_cov_8.332653	2087	46.81
GC1003827_G04_NODE_3798_length_2087_cov_6.346429	2087	48.11
GC1003827_G04_NODE_3799_length_2087_cov_4.951020	2087	45.28
GC1003827_G04_NODE_3800_length_2087_cov_3.758163	2087	47.05
GC1003827_G04_NODE_3801_length_2087_cov_1.583163	2087	67.18
GC1003827_G04_NODE_3802_length_2086_cov_11.075549	2086	45.11
GC1003827_G04_NODE_3803_length_2086_cov_8.591628	2086	44.25
GC1003827_G04_NODE_3804_length_2086_cov_8.181215	2086	41.08
GC1003827_G04_NODE_3805_length_2086_cov_5.522716	2086	47.65
GC1003827_G04_NODE_3806_length_2085_cov_8.780388	2085	45.56
GC1003827_G04_NODE_3807_length_2085_cov_3.879980	2085	53.57
GC1003827_G04_NODE_3808_length_2085_cov_3.753830	2085	40.91
GC1003827_G04_NODE_3809_length_2085_cov_3.033708	2085	41.82
GC1003827_G04_NODE_3810_length_2084_cov_8.324987	2084	48.70
GC1003827_G04_NODE_3811_length_2084_cov_7.873275	2084	45.49
GC1003827_G04_NODE_3812_length_2084_cov_4.137455	2084	45.06
GC1003827_G04_NODE_3813_length_2084_cov_2.264180	2084	33.88
GC1003827_G04_NODE_3814_length_2084_cov_1.736842	2084	49.09
GC1003827_G04_NODE_3815_length_2083_cov_8.688139	2083	48.92
GC1003827_G04_NODE_3816_length_2083_cov_5.317996	2083	43.25
GC1003827_G04_NODE_3817_length_2083_cov_3.518405	2083	50.12
GC1003827_G04_NODE_3818_length_2083_cov_3.207566	2083	52.38
GC1003827_G04_NODE_3819_length_2082_cov_15.782609	2082	47.17
GC1003827_G04_NODE_3820_length_2082_cov_8.946292	2082	40.54
GC1003827_G04_NODE_3821_length_2082_cov_8.038875	2082	50.34
GC1003827_G04_NODE_3822_length_2082_cov_5.094629	2082	46.59
GC1003827_G04_NODE_3823_length_2082_cov_5.080818	2082	45.00
GC1003827_G04_NODE_3824_length_2082_cov_3.474169	2082	44.81
GC1003827_G04_NODE_3825_length_2081_cov_6.323951	2081	43.92
GC1003827_G04_NODE_3826_length_2081_cov_5.396622	2081	47.04
GC1003827_G04_NODE_3827_length_2081_cov_4.435005	2081	48.68
GC1003827_G04_NODE_3828_length_2081_cov_3.123337	2081	44.79
GC1003827_G04_NODE_3829_length_2080_cov_9.273425	2080	42.07
GC1003827_G04_NODE_3830_length_2080_cov_8.004096	2080	43.12
GC1003827_G04_NODE_3831_length_2080_cov_7.351254	2080	45.82
GC1003827_G04_NODE_3832_length_2080_cov_3.834101	2080	45.19
GC1003827_G04_NODE_3833_length_2080_cov_3.451101	2080	46.30
GC1003827_G04_NODE_3834_length_2080_cov_3.209421	2080	43.03
GC1003827_G04_NODE_3835_length_2080_cov_2.713774	2080	48.61
GC1003827_G04_NODE_3836_length_2079_cov_2.264857	2079	66.43
GC1003827_G04_NODE_3837_length_2078_cov_10.702204	2078	41.53
GC1003827_G04_NODE_3838_length_2078_cov_7.376217	2078	46.01
GC1003827_G04_NODE_3839_length_2078_cov_3.765249	2078	45.77
GC1003827_G04_NODE_3840_length_2076_cov_4.821447	2076	45.86
GC1003827_G04_NODE_3841_length_2076_cov_3.045664	2076	65.80
GC1003827_G04_NODE_3842_length_2076_cov_2.856337	2076	49.57
GC1003827_G04_NODE_3843_length_2076_cov_2.704977	2076	44.03
GC1003827_G04_NODE_3844_length_2075_cov_17.055955	2075	44.87
GC1003827_G04_NODE_3845_length_2075_cov_11.111910	2075	47.33
GC1003827_G04_NODE_3846_length_2075_cov_5.166838	2075	51.37
GC1003827_G04_NODE_3847_length_2074_cov_10.534669	2074	48.55
GC1003827_G04_NODE_3848_length_2074_cov_7.452491	2074	48.26
GC1003827_G04_NODE_3849_length_2074_cov_6.929635	2074	43.49
GC1003827_G04_NODE_3850_length_2074_cov_5.267078	2074	41.47
GC1003827_G04_NODE_3851_length_2074_cov_4.475603	2074	48.60
GC1003827_G04_NODE_3852_length_2073_cov_11.834018	2073	46.21
GC1003827_G04_NODE_3853_length_2073_cov_9.273895	2073	49.59
GC1003827_G04_NODE_3854_length_2073_cov_4.662384	2073	45.59
GC1003827_G04_NODE_3855_length_2073_cov_4.205550	2073	47.32
GC1003827_G04_NODE_3856_length_2073_cov_3.075026	2073	44.43
GC1003827_G04_NODE_3857_length_2073_cov_2.746146	2073	44.96
GC1003827_G04_NODE_3858_length_2072_cov_10.625707	2072	49.08
GC1003827_G04_NODE_3859_length_2072_cov_7.067352	2072	45.17
GC1003827_G04_NODE_3860_length_2072_cov_6.769152	2072	46.48
GC1003827_G04_NODE_3861_length_2072_cov_4.378920	2072	49.86
GC1003827_G04_NODE_3862_length_2072_cov_3.415938	2072	49.47
GC1003827_G04_NODE_3863_length_2071_cov_12.235597	2071	41.43
GC1003827_G04_NODE_3864_length_2071_cov_6.279321	2071	40.42
GC1003827_G04_NODE_3865_length_2071_cov_5.379630	2071	42.88
GC1003827_G04_NODE_3866_length_2071_cov_4.556070	2071	44.52
GC1003827_G04_NODE_3867_length_2071_cov_4.112654	2071	50.89
GC1003827_G04_NODE_3868_length_2071_cov_3.189815	2071	46.50
GC1003827_G04_NODE_3869_length_2071_cov_2.892490	2071	38.87
GC1003827_G04_NODE_3870_length_2070_cov_8.062275	2070	49.32
GC1003827_G04_NODE_3871_length_2070_cov_5.728770	2070	47.00
GC1003827_G04_NODE_3872_length_2070_cov_5.492023	2070	43.72
GC1003827_G04_NODE_3873_length_2070_cov_4.342769	2070	50.05
GC1003827_G04_NODE_3874_length_2070_cov_4.083891	2070	40.58
GC1003827_G04_NODE_3875_length_2070_cov_3.631498	2070	49.42
GC1003827_G04_NODE_3876_length_2070_cov_3.494081	2070	42.51
GC1003827_G04_NODE_3877_length_2070_cov_3.243438	2070	46.33
GC1003827_G04_NODE_3878_length_2070_cov_1.194545	2070	50.48
GC1003827_G04_NODE_3879_length_2069_cov_19.008239	2069	44.95
GC1003827_G04_NODE_3880_length_2069_cov_16.633368	2069	42.63
GC1003827_G04_NODE_3881_length_2069_cov_6.486612	2069	52.15
GC1003827_G04_NODE_3882_length_2069_cov_5.572606	2069	52.68
GC1003827_G04_NODE_3883_length_2069_cov_3.178167	2069	51.86
GC1003827_G04_NODE_3884_length_2069_cov_2.773429	2069	65.10
GC1003827_G04_NODE_3885_length_2069_cov_2.569516	2069	48.48
GC1003827_G04_NODE_3886_length_2069_cov_1.737899	2069	44.80
GC1003827_G04_NODE_3887_length_2068_cov_8.434312	2068	46.08
GC1003827_G04_NODE_3888_length_2068_cov_8.395672	2068	49.23
GC1003827_G04_NODE_3889_length_2068_cov_5.103555	2068	45.02
GC1003827_G04_NODE_3890_length_2068_cov_2.719732	2068	47.58
GC1003827_G04_NODE_3891_length_2067_cov_11.275773	2067	45.67
GC1003827_G04_NODE_3892_length_2067_cov_8.546392	2067	48.33
GC1003827_G04_NODE_3893_length_2067_cov_3.636598	2067	46.59
GC1003827_G04_NODE_3894_length_2067_cov_3.366495	2067	42.72
GC1003827_G04_NODE_3895_length_2067_cov_2.087629	2067	42.96
GC1003827_G04_NODE_3896_length_2066_cov_6.888602	2066	43.42
GC1003827_G04_NODE_3897_length_2066_cov_3.526560	2066	65.44
GC1003827_G04_NODE_3898_length_2065_cov_6.601135	2065	48.38
GC1003827_G04_NODE_3899_length_2065_cov_6.507740	2065	51.33
GC1003827_G04_NODE_3900_length_2065_cov_3.761610	2065	47.60
GC1003827_G04_NODE_3901_length_2064_cov_6.894682	2064	44.33
GC1003827_G04_NODE_3902_length_2064_cov_6.801239	2064	43.80
GC1003827_G04_NODE_3903_length_2064_cov_3.328859	2064	48.40
GC1003827_G04_NODE_3904_length_2064_cov_2.097057	2064	66.86
GC1003827_G04_NODE_3905_length_2063_cov_6.995351	2063	45.95
GC1003827_G04_NODE_3906_length_2063_cov_5.184917	2063	47.02
GC1003827_G04_NODE_3907_length_2063_cov_3.431302	2063	58.22
GC1003827_G04_NODE_3908_length_2063_cov_3.034091	2063	42.56
GC1003827_G04_NODE_3909_length_2063_cov_2.882231	2063	42.61
GC1003827_G04_NODE_3910_length_2063_cov_1.427169	2063	68.44
GC1003827_G04_NODE_3911_length_2062_cov_16.985013	2062	47.87
GC1003827_G04_NODE_3912_length_2062_cov_4.714729	2062	45.00
GC1003827_G04_NODE_3913_length_2062_cov_3.561757	2062	47.19
GC1003827_G04_NODE_3914_length_2062_cov_2.395349	2062	47.62
GC1003827_G04_NODE_3915_length_2061_cov_8.777663	2061	45.61
GC1003827_G04_NODE_3916_length_2061_cov_7.796794	2061	45.41
GC1003827_G04_NODE_3917_length_2061_cov_6.899690	2061	49.34
GC1003827_G04_NODE_3918_length_2060_cov_5.967408	2060	42.96
GC1003827_G04_NODE_3919_length_2060_cov_5.296948	2060	43.11
GC1003827_G04_NODE_3920_length_2060_cov_1.421624	2060	49.17
GC1003827_G04_NODE_3921_length_2059_cov_10.680642	2059	43.86
GC1003827_G04_NODE_3922_length_2059_cov_10.582298	2059	50.95
GC1003827_G04_NODE_3923_length_2059_cov_7.900621	2059	44.78
GC1003827_G04_NODE_3924_length_2059_cov_4.224120	2059	47.40
GC1003827_G04_NODE_3925_length_2059_cov_3.113354	2059	42.93
GC1003827_G04_NODE_3926_length_2059_cov_1.787785	2059	47.55
GC1003827_G04_NODE_3927_length_2058_cov_21.084412	2058	45.04
GC1003827_G04_NODE_3928_length_2058_cov_13.251683	2058	44.80
GC1003827_G04_NODE_3929_length_2058_cov_6.214397	2058	45.48
GC1003827_G04_NODE_3930_length_2058_cov_5.210772	2058	50.15
GC1003827_G04_NODE_3931_length_2058_cov_4.038322	2058	42.76
GC1003827_G04_NODE_3932_length_2057_cov_6.712435	2057	41.42
GC1003827_G04_NODE_3933_length_2057_cov_5.470466	2057	43.85
GC1003827_G04_NODE_3934_length_2056_cov_20.844997	2056	45.62
GC1003827_G04_NODE_3935_length_2056_cov_7.875583	2056	45.38
GC1003827_G04_NODE_3936_length_2056_cov_7.565578	2056	47.81
GC1003827_G04_NODE_3937_length_2056_cov_6.639710	2056	49.61
GC1003827_G04_NODE_3938_length_2056_cov_1.737688	2056	49.32
GC1003827_G04_NODE_3939_length_2055_cov_18.688797	2055	45.06
GC1003827_G04_NODE_3940_length_2055_cov_9.952801	2055	47.69
GC1003827_G04_NODE_3941_length_2055_cov_4.489108	2055	46.13
GC1003827_G04_NODE_3942_length_2055_cov_3.169606	2055	44.91
GC1003827_G04_NODE_3943_length_2055_cov_2.816390	2055	46.08
GC1003827_G04_NODE_3944_length_2054_cov_7.017125	2054	44.35
GC1003827_G04_NODE_3945_length_2053_cov_11.754413	2053	45.93
GC1003827_G04_NODE_3946_length_2053_cov_11.307373	2053	50.85
GC1003827_G04_NODE_3947_length_2053_cov_5.399792	2053	50.90
GC1003827_G04_NODE_3948_length_2053_cov_2.772066	2053	50.37
GC1003827_G04_NODE_3949_length_2052_cov_5.148052	2052	45.71
GC1003827_G04_NODE_3950_length_2052_cov_2.690390	2052	46.15
GC1003827_G04_NODE_3951_length_2051_cov_8.872661	2051	49.78
GC1003827_G04_NODE_3952_length_2051_cov_2.814449	2051	46.32
GC1003827_G04_NODE_3953_length_2050_cov_12.398336	2050	47.02
GC1003827_G04_NODE_3954_length_2050_cov_8.351014	2050	44.24
GC1003827_G04_NODE_3955_length_2050_cov_7.761310	2050	46.93
GC1003827_G04_NODE_3956_length_2050_cov_5.575143	2050	43.27
GC1003827_G04_NODE_3957_length_2050_cov_4.520541	2050	43.80
GC1003827_G04_NODE_3958_length_2050_cov_4.262090	2050	45.61
GC1003827_G04_NODE_3959_length_2049_cov_8.546306	2049	44.85
GC1003827_G04_NODE_3960_length_2049_cov_5.932362	2049	45.78
GC1003827_G04_NODE_3961_length_2048_cov_9.308173	2048	45.95
GC1003827_G04_NODE_3962_length_2048_cov_8.044248	2048	45.70
GC1003827_G04_NODE_3963_length_2048_cov_2.289953	2048	53.76
GC1003827_G04_NODE_3964_length_2047_cov_4.806250	2047	49.15
GC1003827_G04_NODE_3965_length_2047_cov_4.341146	2047	57.16
GC1003827_G04_NODE_3966_length_2046_cov_7.974466	2046	49.66
GC1003827_G04_NODE_3967_length_2046_cov_4.482543	2046	51.22
GC1003827_G04_NODE_3968_length_2046_cov_3.778009	2046	43.65
GC1003827_G04_NODE_3969_length_2046_cov_2.383533	2046	44.28
GC1003827_G04_NODE_3970_length_2045_cov_7.477581	2045	50.81
GC1003827_G04_NODE_3971_length_2045_cov_5.772680	2045	46.94
GC1003827_G04_NODE_3972_length_2045_cov_4.864964	2045	46.36
GC1003827_G04_NODE_3973_length_2045_cov_2.742440	2045	46.55
GC1003827_G04_NODE_3974_length_2045_cov_2.143900	2045	59.76
GC1003827_G04_NODE_3975_length_2045_cov_1.458811	2045	37.51
GC1003827_G04_NODE_3976_length_2044_cov_12.263954	2044	44.57
GC1003827_G04_NODE_3977_length_2044_cov_6.345331	2044	45.25
GC1003827_G04_NODE_3978_length_2044_cov_4.273344	2044	46.28
GC1003827_G04_NODE_3979_length_2044_cov_3.218049	2044	52.30
GC1003827_G04_NODE_3980_length_2044_cov_2.922274	2044	45.01
GC1003827_G04_NODE_3981_length_2044_cov_1.657799	2044	66.54
GC1003827_G04_NODE_3982_length_2044_cov_1.532081	2044	69.28
GC1003827_G04_NODE_3983_length_2043_cov_13.084551	2043	46.16
GC1003827_G04_NODE_3984_length_2043_cov_9.836117	2043	46.26
GC1003827_G04_NODE_3985_length_2043_cov_6.804280	2043	45.18
GC1003827_G04_NODE_3986_length_2043_cov_6.006263	2043	47.58
GC1003827_G04_NODE_3987_length_2043_cov_5.610647	2043	44.35
GC1003827_G04_NODE_3988_length_2043_cov_3.992693	2043	45.77
GC1003827_G04_NODE_3989_length_2043_cov_1.880480	2043	46.50
GC1003827_G04_NODE_3990_length_2042_cov_2.117493	2042	45.64
GC1003827_G04_NODE_3991_length_2041_cov_26.264890	2041	43.46
GC1003827_G04_NODE_3992_length_2041_cov_8.342738	2041	48.02
GC1003827_G04_NODE_3993_length_2041_cov_5.067398	2041	48.55
GC1003827_G04_NODE_3994_length_2041_cov_3.766980	2041	37.92
GC1003827_G04_NODE_3995_length_2041_cov_2.943051	2041	45.08
GC1003827_G04_NODE_3996_length_2041_cov_2.826019	2041	43.85
GC1003827_G04_NODE_3997_length_2040_cov_11.387350	2040	46.67
GC1003827_G04_NODE_3998_length_2039_cov_11.547071	2039	47.92
GC1003827_G04_NODE_3999_length_2039_cov_5.910565	2039	47.23
GC1003827_G04_NODE_4000_length_2039_cov_3.496339	2039	67.58
GC1003827_G04_NODE_4001_length_2039_cov_2.924163	2039	46.64
GC1003827_G04_NODE_4002_length_2038_cov_9.000000	2038	47.06
GC1003827_G04_NODE_4003_length_2038_cov_7.930926	2038	49.90
GC1003827_G04_NODE_4004_length_2038_cov_6.871272	2038	42.93
GC1003827_G04_NODE_4005_length_2038_cov_6.114076	2038	48.92
GC1003827_G04_NODE_4006_length_2038_cov_4.903192	2038	48.18
GC1003827_G04_NODE_4007_length_2038_cov_4.023025	2038	53.24
GC1003827_G04_NODE_4008_length_2038_cov_2.092098	2038	45.00
GC1003827_G04_NODE_4009_length_2037_cov_9.614136	2037	47.77
GC1003827_G04_NODE_4010_length_2037_cov_7.651832	2037	49.68
GC1003827_G04_NODE_4011_length_2037_cov_1.938743	2037	35.98
GC1003827_G04_NODE_4012_length_2037_cov_1.462827	2037	53.36
GC1003827_G04_NODE_4013_length_2036_cov_9.183866	2036	42.63
GC1003827_G04_NODE_4014_length_2035_cov_10.752621	2035	43.73
GC1003827_G04_NODE_4015_length_2035_cov_3.618973	2035	44.32
GC1003827_G04_NODE_4016_length_2034_cov_11.614053	2034	38.79
GC1003827_G04_NODE_4017_length_2034_cov_9.522811	2034	46.61
GC1003827_G04_NODE_4018_length_2034_cov_8.111169	2034	46.71
GC1003827_G04_NODE_4019_length_2034_cov_6.499738	2034	48.23
GC1003827_G04_NODE_4020_length_2034_cov_4.345045	2034	44.20
GC1003827_G04_NODE_4021_length_2033_cov_21.947009	2033	45.40
GC1003827_G04_NODE_4022_length_2033_cov_10.526233	2033	43.14
GC1003827_G04_NODE_4023_length_2033_cov_9.495278	2033	64.14
GC1003827_G04_NODE_4024_length_2033_cov_6.722455	2033	49.24
GC1003827_G04_NODE_4025_length_2033_cov_5.100210	2033	51.50
GC1003827_G04_NODE_4026_length_2033_cov_3.689402	2033	68.62
GC1003827_G04_NODE_4027_length_2033_cov_2.172613	2033	52.88
GC1003827_G04_NODE_4028_length_2033_cov_1.149528	2033	66.90
GC1003827_G04_NODE_4029_length_2032_cov_8.945407	2032	45.32
GC1003827_G04_NODE_4030_length_2032_cov_6.110761	2032	44.88
GC1003827_G04_NODE_4031_length_2032_cov_5.413648	2032	43.11
GC1003827_G04_NODE_4032_length_2032_cov_5.021522	2032	48.67
GC1003827_G04_NODE_4033_length_2032_cov_3.763780	2032	52.17
GC1003827_G04_NODE_4034_length_2031_cov_16.525210	2031	44.17
GC1003827_G04_NODE_4035_length_2031_cov_12.718487	2031	46.28
GC1003827_G04_NODE_4036_length_2031_cov_3.792017	2031	64.06
GC1003827_G04_NODE_4037_length_2031_cov_3.116597	2031	43.48
GC1003827_G04_NODE_4038_length_2030_cov_5.984235	2030	48.92
GC1003827_G04_NODE_4039_length_2029_cov_11.694532	2029	47.91
GC1003827_G04_NODE_4040_length_2029_cov_5.476866	2029	50.42
GC1003827_G04_NODE_4041_length_2029_cov_5.017876	2029	46.53
GC1003827_G04_NODE_4042_length_2028_cov_8.880589	2028	47.68
GC1003827_G04_NODE_4043_length_2028_cov_5.432930	2028	50.20
GC1003827_G04_NODE_4044_length_2028_cov_5.354024	2028	45.22
GC1003827_G04_NODE_4045_length_2027_cov_8.966842	2027	42.43
GC1003827_G04_NODE_4046_length_2027_cov_6.630526	2027	48.05
GC1003827_G04_NODE_4047_length_2027_cov_4.990526	2027	43.27
GC1003827_G04_NODE_4048_length_2027_cov_4.162105	2027	44.50
GC1003827_G04_NODE_4049_length_2026_cov_9.271722	2026	45.06
GC1003827_G04_NODE_4050_length_2026_cov_4.528173	2026	45.01
GC1003827_G04_NODE_4051_length_2026_cov_4.480253	2026	48.67
GC1003827_G04_NODE_4052_length_2026_cov_2.185361	2026	45.76
GC1003827_G04_NODE_4053_length_2025_cov_14.560063	2025	43.41
GC1003827_G04_NODE_4054_length_2025_cov_13.700211	2025	42.52
GC1003827_G04_NODE_4055_length_2025_cov_10.552160	2025	44.59
GC1003827_G04_NODE_4056_length_2025_cov_8.632771	2025	49.88
GC1003827_G04_NODE_4057_length_2025_cov_7.347734	2025	46.42
GC1003827_G04_NODE_4058_length_2025_cov_4.169125	2025	50.47
GC1003827_G04_NODE_4059_length_2025_cov_3.857218	2025	49.33
GC1003827_G04_NODE_4060_length_2025_cov_3.309273	2025	43.56
GC1003827_G04_NODE_4061_length_2025_cov_2.328240	2025	46.42
GC1003827_G04_NODE_4062_length_2024_cov_6.217712	2024	44.37
GC1003827_G04_NODE_4063_length_2024_cov_5.859251	2024	45.60
GC1003827_G04_NODE_4064_length_2024_cov_5.810754	2024	47.08
GC1003827_G04_NODE_4065_length_2024_cov_5.179230	2024	44.91
GC1003827_G04_NODE_4066_length_2024_cov_4.006853	2024	46.89
GC1003827_G04_NODE_4067_length_2024_cov_3.962572	2024	45.85
GC1003827_G04_NODE_4068_length_2024_cov_3.806537	2024	48.47
GC1003827_G04_NODE_4069_length_2024_cov_3.219821	2024	42.74
GC1003827_G04_NODE_4070_length_2024_cov_2.212968	2024	47.73
GC1003827_G04_NODE_4071_length_2024_cov_2.105430	2024	58.94
GC1003827_G04_NODE_4072_length_2024_cov_1.699526	2024	55.63
GC1003827_G04_NODE_4073_length_2024_cov_1.226674	2024	67.44
GC1003827_G04_NODE_4074_length_2023_cov_8.037447	2023	43.75
GC1003827_G04_NODE_4075_length_2023_cov_4.521624	2023	63.67
GC1003827_G04_NODE_4076_length_2023_cov_3.772679	2023	49.13
GC1003827_G04_NODE_4077_length_2023_cov_1.776371	2023	65.50
GC1003827_G04_NODE_4078_length_2023_cov_1.267405	2023	50.17
GC1003827_G04_NODE_4079_length_2022_cov_7.359894	2022	43.87
GC1003827_G04_NODE_4080_length_2022_cov_5.348813	2022	45.15
GC1003827_G04_NODE_4081_length_2021_cov_8.896515	2021	38.59
GC1003827_G04_NODE_4082_length_2021_cov_6.668955	2021	47.60
GC1003827_G04_NODE_4083_length_2021_cov_2.805702	2021	45.82
GC1003827_G04_NODE_4084_length_2021_cov_1.143083	2021	46.41
GC1003827_G04_NODE_4085_length_2020_cov_13.183835	2020	48.17
GC1003827_G04_NODE_4086_length_2020_cov_4.189646	2020	41.58
GC1003827_G04_NODE_4087_length_2020_cov_3.207079	2020	43.86
GC1003827_G04_NODE_4088_length_2019_cov_10.487844	2019	41.51
GC1003827_G04_NODE_4089_length_2019_cov_9.655391	2019	46.66
GC1003827_G04_NODE_4090_length_2019_cov_9.504228	2019	43.64
GC1003827_G04_NODE_4091_length_2019_cov_3.046512	2019	39.18
GC1003827_G04_NODE_4092_length_2019_cov_1.997357	2019	46.41
GC1003827_G04_NODE_4093_length_2018_cov_6.188260	2018	59.91
GC1003827_G04_NODE_4094_length_2018_cov_5.822845	2018	43.61
GC1003827_G04_NODE_4095_length_2018_cov_5.426758	2018	43.95
GC1003827_G04_NODE_4096_length_2018_cov_3.939714	2018	45.44
GC1003827_G04_NODE_4097_length_2018_cov_2.040719	2018	70.27
GC1003827_G04_NODE_4098_length_2018_cov_1.576415	2018	50.35
GC1003827_G04_NODE_4099_length_2017_cov_16.322751	2017	44.57
GC1003827_G04_NODE_4100_length_2016_cov_9.217575	2016	42.31
GC1003827_G04_NODE_4101_length_2015_cov_6.277542	2015	51.07
GC1003827_G04_NODE_4102_length_2014_cov_17.417594	2014	46.67
GC1003827_G04_NODE_4103_length_2014_cov_8.883943	2014	45.63
GC1003827_G04_NODE_4104_length_2014_cov_5.351881	2014	45.43
GC1003827_G04_NODE_4105_length_2014_cov_4.792263	2014	49.95
GC1003827_G04_NODE_4106_length_2014_cov_4.790673	2014	42.20
GC1003827_G04_NODE_4107_length_2014_cov_4.456810	2014	45.38
GC1003827_G04_NODE_4108_length_2014_cov_2.014308	2014	66.68
GC1003827_G04_NODE_4109_length_2013_cov_6.765642	2013	48.34
GC1003827_G04_NODE_4110_length_2013_cov_5.894486	2013	40.29
GC1003827_G04_NODE_4111_length_2012_cov_6.846684	2012	44.43
GC1003827_G04_NODE_4112_length_2012_cov_6.531034	2012	47.51
GC1003827_G04_NODE_4113_length_2012_cov_6.100796	2012	44.83
GC1003827_G04_NODE_4114_length_2012_cov_3.398939	2012	40.61
GC1003827_G04_NODE_4115_length_2012_cov_3.373475	2012	46.07
GC1003827_G04_NODE_4116_length_2012_cov_2.498674	2012	52.58
GC1003827_G04_NODE_4117_length_2011_cov_12.314225	2011	45.65
GC1003827_G04_NODE_4118_length_2011_cov_1.473992	2011	43.56
GC1003827_G04_NODE_4119_length_2010_cov_12.702602	2010	41.84
GC1003827_G04_NODE_4120_length_2010_cov_10.955390	2010	43.88
GC1003827_G04_NODE_4121_length_2010_cov_8.929899	2010	47.41
GC1003827_G04_NODE_4122_length_2010_cov_5.263409	2010	42.69
GC1003827_G04_NODE_4123_length_2010_cov_3.742963	2010	52.09
GC1003827_G04_NODE_4124_length_2009_cov_9.629118	2009	57.84
GC1003827_G04_NODE_4125_length_2009_cov_8.387885	2009	48.33
GC1003827_G04_NODE_4126_length_2009_cov_3.989904	2009	48.23
GC1003827_G04_NODE_4127_length_2009_cov_3.665781	2009	45.69
GC1003827_G04_NODE_4128_length_2009_cov_3.116897	2009	66.85
GC1003827_G04_NODE_4129_length_2008_cov_4.749601	2008	61.75
GC1003827_G04_NODE_4130_length_2008_cov_4.591707	2008	41.24
GC1003827_G04_NODE_4131_length_2008_cov_3.364168	2008	42.83
GC1003827_G04_NODE_4132_length_2007_cov_15.107447	2007	50.22
GC1003827_G04_NODE_4133_length_2007_cov_7.801064	2007	49.53
GC1003827_G04_NODE_4134_length_2007_cov_7.652660	2007	44.54
GC1003827_G04_NODE_4135_length_2007_cov_5.917021	2007	43.65
GC1003827_G04_NODE_4136_length_2007_cov_5.495213	2007	44.99
GC1003827_G04_NODE_4137_length_2007_cov_3.428191	2007	46.94
GC1003827_G04_NODE_4138_length_2007_cov_2.931383	2007	56.10
GC1003827_G04_NODE_4139_length_2007_cov_2.800532	2007	47.38
GC1003827_G04_NODE_4140_length_2007_cov_2.575532	2007	48.68
GC1003827_G04_NODE_4141_length_2007_cov_2.287234	2007	47.58
GC1003827_G04_NODE_4142_length_2007_cov_1.161702	2007	65.12
GC1003827_G04_NODE_4143_length_2006_cov_26.600852	2006	49.70
GC1003827_G04_NODE_4144_length_2006_cov_5.767429	2006	50.55
GC1003827_G04_NODE_4145_length_2006_cov_3.240021	2006	42.97
GC1003827_G04_NODE_4146_length_2006_cov_3.026610	2006	41.38
GC1003827_G04_NODE_4147_length_2006_cov_1.416711	2006	66.95
GC1003827_G04_NODE_4148_length_2005_cov_14.363152	2005	46.98
GC1003827_G04_NODE_4149_length_2005_cov_11.056976	2005	47.93
GC1003827_G04_NODE_4150_length_2005_cov_8.053248	2005	54.76
GC1003827_G04_NODE_4151_length_2004_cov_6.046351	2004	49.95
GC1003827_G04_NODE_4152_length_2004_cov_4.427278	2004	49.75
GC1003827_G04_NODE_4153_length_2004_cov_4.118274	2004	44.21
GC1003827_G04_NODE_4154_length_2004_cov_3.890783	2004	44.06
GC1003827_G04_NODE_4155_length_2004_cov_2.349494	2004	41.07
GC1003827_G04_NODE_4156_length_2004_cov_1.945125	2004	44.46
GC1003827_G04_NODE_4157_length_2003_cov_5.687633	2003	43.43
GC1003827_G04_NODE_4158_length_2003_cov_5.413646	2003	46.03
GC1003827_G04_NODE_4159_length_2003_cov_3.689765	2003	51.12
GC1003827_G04_NODE_4160_length_2003_cov_3.606077	2003	49.93
GC1003827_G04_NODE_4161_length_2003_cov_3.444563	2003	43.19
GC1003827_G04_NODE_4162_length_2003_cov_2.150853	2003	61.51
GC1003827_G04_NODE_4163_length_2003_cov_1.840618	2003	65.85
GC1003827_G04_NODE_4164_length_2002_cov_23.917867	2002	44.61
GC1003827_G04_NODE_4165_length_2002_cov_9.876800	2002	43.46
GC1003827_G04_NODE_4166_length_2002_cov_5.409067	2002	45.00
GC1003827_G04_NODE_4167_length_2001_cov_6.455176	2001	47.08
GC1003827_G04_NODE_4168_length_2001_cov_5.240662	2001	45.03
GC1003827_G04_NODE_4169_length_2001_cov_5.127535	2001	44.83
GC1003827_G04_NODE_4170_length_2001_cov_4.164888	2001	49.73
GC1003827_G04_NODE_4171_length_2001_cov_2.263074	2001	44.48
GC1003827_G04_NODE_4172_length_2001_cov_2.064034	2001	65.37
GC1003827_G04_NODE_4173_length_2000_cov_14.806727	2000	46.70
GC1003827_G04_NODE_4174_length_2000_cov_11.949279	2000	43.10
GC1003827_G04_NODE_4175_length_2000_cov_5.704218	2000	46.30
GC1003827_G04_NODE_4176_length_2000_cov_3.046983	2000	50.00
GC1003827_G04_NODE_4177_length_2000_cov_1.505606	2000	47.25
GC1003827_G04_NODE_4178_length_1999_cov_5.699252	1999	59.93
GC1003827_G04_NODE_4179_length_1999_cov_4.799145	1999	45.47
GC1003827_G04_NODE_4180_length_1999_cov_3.024573	1999	41.42
GC1003827_G04_NODE_4181_length_1998_cov_13.892571	1998	47.40
GC1003827_G04_NODE_4182_length_1998_cov_3.148049	1998	39.84
GC1003827_G04_NODE_4183_length_1998_cov_2.950294	1998	44.29
GC1003827_G04_NODE_4184_length_1997_cov_9.665775	1997	47.57
GC1003827_G04_NODE_4185_length_1997_cov_6.370053	1997	48.17
GC1003827_G04_NODE_4186_length_1996_cov_11.713751	1996	43.69
GC1003827_G04_NODE_4187_length_1996_cov_8.754414	1996	45.54
GC1003827_G04_NODE_4188_length_1996_cov_7.785982	1996	47.55
GC1003827_G04_NODE_4189_length_1996_cov_4.859818	1996	47.60
GC1003827_G04_NODE_4190_length_1996_cov_3.184056	1996	49.00
GC1003827_G04_NODE_4191_length_1996_cov_2.617442	1996	41.63
GC1003827_G04_NODE_4192_length_1996_cov_2.136972	1996	46.89
GC1003827_G04_NODE_4193_length_1996_cov_1.131086	1996	59.22
GC1003827_G04_NODE_4194_length_1995_cov_6.807816	1995	46.57
GC1003827_G04_NODE_4195_length_1995_cov_5.587259	1995	49.87
GC1003827_G04_NODE_4196_length_1995_cov_5.000535	1995	48.17
GC1003827_G04_NODE_4197_length_1995_cov_4.179872	1995	46.87
GC1003827_G04_NODE_4198_length_1995_cov_3.759636	1995	46.02
GC1003827_G04_NODE_4199_length_1995_cov_3.369914	1995	46.37
GC1003827_G04_NODE_4200_length_1995_cov_1.922912	1995	43.61
GC1003827_G04_NODE_4201_length_1994_cov_13.643814	1994	48.55
GC1003827_G04_NODE_4202_length_1994_cov_8.814676	1994	45.94
GC1003827_G04_NODE_4203_length_1994_cov_5.332084	1994	46.19
GC1003827_G04_NODE_4204_length_1994_cov_4.376004	1994	47.99
GC1003827_G04_NODE_4205_length_1994_cov_3.133369	1994	43.73
GC1003827_G04_NODE_4206_length_1994_cov_2.301018	1994	46.44
GC1003827_G04_NODE_4207_length_1994_cov_1.854847	1994	46.04
GC1003827_G04_NODE_4208_length_1993_cov_9.487674	1993	54.04
GC1003827_G04_NODE_4209_length_1993_cov_5.241158	1993	42.10
GC1003827_G04_NODE_4210_length_1992_cov_3.157105	1992	44.93
GC1003827_G04_NODE_4211_length_1992_cov_1.439142	1992	49.50
GC1003827_G04_NODE_4212_length_1991_cov_16.335837	1991	43.60
GC1003827_G04_NODE_4213_length_1991_cov_11.342811	1991	48.42
GC1003827_G04_NODE_4214_length_1991_cov_8.234979	1991	48.52
GC1003827_G04_NODE_4215_length_1991_cov_7.767704	1991	49.97
GC1003827_G04_NODE_4216_length_1991_cov_7.019313	1991	44.60
GC1003827_G04_NODE_4217_length_1991_cov_2.890558	1991	58.06
GC1003827_G04_NODE_4218_length_1991_cov_1.703326	1991	49.42
GC1003827_G04_NODE_4219_length_1990_cov_12.126141	1990	44.77
GC1003827_G04_NODE_4220_length_1990_cov_9.577026	1990	45.28
GC1003827_G04_NODE_4221_length_1990_cov_5.186795	1990	46.38
GC1003827_G04_NODE_4222_length_1990_cov_3.723564	1990	42.86
GC1003827_G04_NODE_4223_length_1990_cov_1.373054	1990	64.42
GC1003827_G04_NODE_4224_length_1989_cov_12.460795	1989	46.96
GC1003827_G04_NODE_4225_length_1989_cov_7.334586	1989	45.00
GC1003827_G04_NODE_4226_length_1989_cov_6.152524	1989	46.05
GC1003827_G04_NODE_4227_length_1989_cov_5.358754	1989	47.01
GC1003827_G04_NODE_4228_length_1989_cov_4.765306	1989	43.44
GC1003827_G04_NODE_4229_length_1989_cov_4.114393	1989	65.36
GC1003827_G04_NODE_4230_length_1989_cov_2.746509	1989	47.11
GC1003827_G04_NODE_4231_length_1988_cov_8.116604	1988	46.18
GC1003827_G04_NODE_4232_length_1988_cov_5.341214	1988	44.57
GC1003827_G04_NODE_4233_length_1988_cov_5.056959	1988	43.86
GC1003827_G04_NODE_4234_length_1988_cov_4.396024	1988	44.01
GC1003827_G04_NODE_4235_length_1988_cov_3.845244	1988	46.03
GC1003827_G04_NODE_4236_length_1987_cov_3.330108	1987	44.84
GC1003827_G04_NODE_4237_length_1986_cov_8.794513	1986	44.46
GC1003827_G04_NODE_4238_length_1986_cov_6.493276	1986	44.81
GC1003827_G04_NODE_4239_length_1986_cov_5.869822	1986	45.57
GC1003827_G04_NODE_4240_length_1986_cov_5.356105	1986	44.21
GC1003827_G04_NODE_4241_length_1986_cov_5.228080	1986	46.63
GC1003827_G04_NODE_4242_length_1986_cov_2.093599	1986	47.48
GC1003827_G04_NODE_4243_length_1985_cov_13.322928	1985	47.36
GC1003827_G04_NODE_4244_length_1984_cov_13.202477	1984	47.28
GC1003827_G04_NODE_4245_length_1984_cov_7.388799	1984	51.51
GC1003827_G04_NODE_4246_length_1984_cov_6.126010	1984	44.66
GC1003827_G04_NODE_4247_length_1984_cov_4.592892	1984	41.89
GC1003827_G04_NODE_4248_length_1984_cov_1.385030	1984	44.66
GC1003827_G04_NODE_4249_length_1983_cov_7.996767	1983	46.95
GC1003827_G04_NODE_4250_length_1983_cov_7.901940	1983	45.64
GC1003827_G04_NODE_4251_length_1983_cov_6.383082	1983	46.95
GC1003827_G04_NODE_4252_length_1983_cov_5.413254	1983	43.87
GC1003827_G04_NODE_4253_length_1983_cov_5.092672	1983	51.89
GC1003827_G04_NODE_4254_length_1983_cov_3.957974	1983	46.14
GC1003827_G04_NODE_4255_length_1982_cov_12.315364	1982	43.90
GC1003827_G04_NODE_4256_length_1982_cov_5.019407	1982	49.14
GC1003827_G04_NODE_4257_length_1982_cov_3.630189	1982	51.51
GC1003827_G04_NODE_4258_length_1981_cov_4.145092	1981	41.54
GC1003827_G04_NODE_4259_length_1981_cov_2.211974	1981	54.37
GC1003827_G04_NODE_4260_length_1981_cov_2.158576	1981	45.58
GC1003827_G04_NODE_4261_length_1980_cov_9.080410	1980	45.71
GC1003827_G04_NODE_4262_length_1980_cov_8.981112	1980	43.13
GC1003827_G04_NODE_4263_length_1980_cov_5.108473	1980	42.47
GC1003827_G04_NODE_4264_length_1980_cov_3.571506	1980	48.69
GC1003827_G04_NODE_4265_length_1980_cov_2.215326	1980	45.81
GC1003827_G04_NODE_4266_length_1979_cov_11.011339	1979	53.16
GC1003827_G04_NODE_4267_length_1979_cov_7.339633	1979	45.17
GC1003827_G04_NODE_4268_length_1979_cov_5.007019	1979	41.08
GC1003827_G04_NODE_4269_length_1979_cov_2.588013	1979	49.17
GC1003827_G04_NODE_4270_length_1979_cov_2.460043	1979	48.46
GC1003827_G04_NODE_4271_length_1978_cov_6.529444	1978	47.27
GC1003827_G04_NODE_4272_length_1978_cov_4.368990	1978	43.53
GC1003827_G04_NODE_4273_length_1978_cov_3.325770	1978	48.94
GC1003827_G04_NODE_4274_length_1978_cov_2.987034	1978	50.81
GC1003827_G04_NODE_4275_length_1978_cov_2.018909	1978	43.68
GC1003827_G04_NODE_4276_length_1978_cov_0.852512	1978	41.76
GC1003827_G04_NODE_4277_length_1977_cov_11.454595	1977	47.34
GC1003827_G04_NODE_4278_length_1977_cov_9.748649	1977	48.00
GC1003827_G04_NODE_4279_length_1977_cov_8.428108	1977	49.22
GC1003827_G04_NODE_4280_length_1977_cov_5.907027	1977	47.34
GC1003827_G04_NODE_4281_length_1976_cov_5.492699	1976	49.60
GC1003827_G04_NODE_4282_length_1976_cov_5.351541	1976	46.05
GC1003827_G04_NODE_4283_length_1976_cov_2.565711	1976	67.76
GC1003827_G04_NODE_4284_length_1976_cov_2.014602	1976	53.24
GC1003827_G04_NODE_4285_length_1976_cov_1.686858	1976	46.10
GC1003827_G04_NODE_4286_length_1975_cov_7.883658	1975	45.27
GC1003827_G04_NODE_4287_length_1975_cov_5.475649	1975	44.25
GC1003827_G04_NODE_4288_length_1975_cov_5.006494	1975	41.77
GC1003827_G04_NODE_4289_length_1975_cov_3.922619	1975	48.46
GC1003827_G04_NODE_4290_length_1975_cov_3.062771	1975	44.91
GC1003827_G04_NODE_4291_length_1975_cov_2.626082	1975	49.32
GC1003827_G04_NODE_4292_length_1974_cov_8.421224	1974	43.41
GC1003827_G04_NODE_4293_length_1974_cov_5.521386	1974	42.20
GC1003827_G04_NODE_4294_length_1974_cov_5.505143	1974	42.96
GC1003827_G04_NODE_4295_length_1973_cov_6.256230	1973	47.03
GC1003827_G04_NODE_4296_length_1973_cov_2.676598	1973	51.39
GC1003827_G04_NODE_4297_length_1972_cov_11.564228	1972	48.68
GC1003827_G04_NODE_4298_length_1972_cov_8.532791	1972	45.28
GC1003827_G04_NODE_4299_length_1972_cov_4.984824	1972	48.48
GC1003827_G04_NODE_4300_length_1972_cov_4.484011	1972	51.37
GC1003827_G04_NODE_4301_length_1971_cov_10.045011	1971	43.43
GC1003827_G04_NODE_4302_length_1971_cov_9.777657	1971	46.52
GC1003827_G04_NODE_4303_length_1971_cov_6.421367	1971	48.35
GC1003827_G04_NODE_4304_length_1971_cov_5.510846	1971	46.02
GC1003827_G04_NODE_4305_length_1971_cov_1.984816	1971	63.37
GC1003827_G04_NODE_4306_length_1970_cov_18.316332	1970	43.05
GC1003827_G04_NODE_4307_length_1970_cov_8.815518	1970	45.63
GC1003827_G04_NODE_4308_length_1970_cov_4.175258	1970	43.05
GC1003827_G04_NODE_4309_length_1970_cov_2.755290	1970	42.74
GC1003827_G04_NODE_4310_length_1970_cov_1.991319	1970	40.36
GC1003827_G04_NODE_4311_length_1969_cov_10.931053	1969	44.13
GC1003827_G04_NODE_4312_length_1969_cov_9.661238	1969	47.13
GC1003827_G04_NODE_4313_length_1969_cov_9.332248	1969	47.38
GC1003827_G04_NODE_4314_length_1969_cov_8.172096	1969	49.31
GC1003827_G04_NODE_4315_length_1969_cov_7.749186	1969	44.18
GC1003827_G04_NODE_4316_length_1969_cov_7.408795	1969	45.66
GC1003827_G04_NODE_4317_length_1969_cov_6.052117	1969	64.04
GC1003827_G04_NODE_4318_length_1969_cov_5.090119	1969	54.09
GC1003827_G04_NODE_4319_length_1968_cov_5.442151	1968	44.31
GC1003827_G04_NODE_4320_length_1968_cov_3.342749	1968	50.20
GC1003827_G04_NODE_4321_length_1968_cov_3.260728	1968	46.19
GC1003827_G04_NODE_4322_length_1968_cov_1.373167	1968	66.16
GC1003827_G04_NODE_4323_length_1967_cov_14.918478	1967	45.25
GC1003827_G04_NODE_4324_length_1967_cov_11.344022	1967	48.40
GC1003827_G04_NODE_4325_length_1967_cov_10.697283	1967	47.48
GC1003827_G04_NODE_4326_length_1967_cov_7.047826	1967	44.64
GC1003827_G04_NODE_4327_length_1967_cov_4.155435	1967	49.21
GC1003827_G04_NODE_4328_length_1967_cov_2.930435	1967	46.16
GC1003827_G04_NODE_4329_length_1967_cov_2.390217	1967	69.90
GC1003827_G04_NODE_4330_length_1966_cov_18.332790	1966	46.34
GC1003827_G04_NODE_4331_length_1966_cov_6.522023	1966	43.85
GC1003827_G04_NODE_4332_length_1966_cov_6.168570	1966	50.15
GC1003827_G04_NODE_4333_length_1966_cov_4.045133	1966	44.40
GC1003827_G04_NODE_4334_length_1966_cov_3.153344	1966	45.37
GC1003827_G04_NODE_4335_length_1966_cov_2.443719	1966	40.34
GC1003827_G04_NODE_4336_length_1965_cov_5.520131	1965	45.14
GC1003827_G04_NODE_4337_length_1965_cov_4.576714	1965	50.53
GC1003827_G04_NODE_4338_length_1965_cov_2.298150	1965	43.16
GC1003827_G04_NODE_4339_length_1964_cov_18.548176	1964	43.74
GC1003827_G04_NODE_4340_length_1964_cov_11.781709	1964	48.42
GC1003827_G04_NODE_4341_length_1964_cov_2.749047	1964	64.82
GC1003827_G04_NODE_4342_length_1964_cov_2.283615	1964	46.08
GC1003827_G04_NODE_4343_length_1963_cov_14.360566	1963	45.34
GC1003827_G04_NODE_4344_length_1963_cov_3.434096	1963	42.94
GC1003827_G04_NODE_4345_length_1963_cov_2.952614	1963	47.27
GC1003827_G04_NODE_4346_length_1963_cov_2.838780	1963	47.17
GC1003827_G04_NODE_4347_length_1963_cov_1.521786	1963	45.13
GC1003827_G04_NODE_4348_length_1962_cov_15.309537	1962	49.90
GC1003827_G04_NODE_4349_length_1962_cov_15.283924	1962	47.60
GC1003827_G04_NODE_4350_length_1962_cov_10.328065	1962	41.13
GC1003827_G04_NODE_4351_length_1962_cov_9.568392	1962	49.90
GC1003827_G04_NODE_4352_length_1962_cov_7.621253	1962	52.04
GC1003827_G04_NODE_4353_length_1962_cov_4.939510	1962	44.44
GC1003827_G04_NODE_4354_length_1961_cov_5.730643	1961	46.76
GC1003827_G04_NODE_4355_length_1961_cov_5.027808	1961	41.36
GC1003827_G04_NODE_4356_length_1961_cov_3.702290	1961	65.27
GC1003827_G04_NODE_4357_length_1960_cov_6.326241	1960	46.53
GC1003827_G04_NODE_4358_length_1960_cov_5.968358	1960	46.63
GC1003827_G04_NODE_4359_length_1960_cov_3.981997	1960	48.93
GC1003827_G04_NODE_4360_length_1960_cov_3.474632	1960	61.48
GC1003827_G04_NODE_4361_length_1960_cov_1.647027	1960	66.99
GC1003827_G04_NODE_4362_length_1960_cov_1.517185	1960	47.60
GC1003827_G04_NODE_4363_length_1960_cov_1.136934	1960	67.30
GC1003827_G04_NODE_4364_length_1959_cov_9.173581	1959	51.35
GC1003827_G04_NODE_4365_length_1959_cov_8.317140	1959	46.86
GC1003827_G04_NODE_4366_length_1959_cov_7.204694	1959	43.59
GC1003827_G04_NODE_4367_length_1959_cov_6.593341	1959	47.52
GC1003827_G04_NODE_4368_length_1959_cov_6.154476	1959	47.17
GC1003827_G04_NODE_4369_length_1958_cov_14.337520	1958	50.87
GC1003827_G04_NODE_4370_length_1958_cov_9.989077	1958	43.26
GC1003827_G04_NODE_4371_length_1958_cov_8.398143	1958	48.16
GC1003827_G04_NODE_4372_length_1958_cov_4.864009	1958	64.35
GC1003827_G04_NODE_4373_length_1958_cov_4.379028	1958	46.83
GC1003827_G04_NODE_4374_length_1958_cov_3.717094	1958	45.71
GC1003827_G04_NODE_4375_length_1958_cov_3.393228	1958	45.81
GC1003827_G04_NODE_4376_length_1958_cov_3.362097	1958	44.69
GC1003827_G04_NODE_4377_length_1958_cov_3.139814	1958	47.29
GC1003827_G04_NODE_4378_length_1958_cov_1.910978	1958	64.96
GC1003827_G04_NODE_4379_length_1958_cov_1.351174	1958	45.56
GC1003827_G04_NODE_4380_length_1957_cov_24.351913	1957	44.20
GC1003827_G04_NODE_4381_length_1957_cov_5.766667	1957	46.70
GC1003827_G04_NODE_4382_length_1957_cov_4.734426	1957	46.30
GC1003827_G04_NODE_4383_length_1957_cov_3.987432	1957	45.84
GC1003827_G04_NODE_4384_length_1957_cov_3.800546	1957	45.53
GC1003827_G04_NODE_4385_length_1957_cov_2.472678	1957	66.38
GC1003827_G04_NODE_4386_length_1956_cov_13.091853	1956	48.21
GC1003827_G04_NODE_4387_length_1956_cov_7.732641	1956	48.52
GC1003827_G04_NODE_4388_length_1956_cov_6.204483	1956	50.51
GC1003827_G04_NODE_4389_length_1955_cov_14.253829	1955	43.94
GC1003827_G04_NODE_4390_length_1955_cov_9.586980	1955	43.38
GC1003827_G04_NODE_4391_length_1955_cov_5.213348	1955	40.20
GC1003827_G04_NODE_4392_length_1955_cov_5.024617	1955	45.47
GC1003827_G04_NODE_4393_length_1955_cov_4.588621	1955	46.29
GC1003827_G04_NODE_4394_length_1955_cov_4.266958	1955	44.14
GC1003827_G04_NODE_4395_length_1955_cov_2.637856	1955	44.35
GC1003827_G04_NODE_4396_length_1954_cov_6.702791	1954	49.54
GC1003827_G04_NODE_4397_length_1954_cov_6.106185	1954	46.52
GC1003827_G04_NODE_4398_length_1954_cov_2.773399	1954	52.97
GC1003827_G04_NODE_4399_length_1954_cov_1.954570	1954	61.16
GC1003827_G04_NODE_4400_length_1953_cov_10.265608	1953	44.91
GC1003827_G04_NODE_4401_length_1953_cov_7.518072	1953	48.08
GC1003827_G04_NODE_4402_length_1953_cov_6.069551	1953	48.08
GC1003827_G04_NODE_4403_length_1953_cov_4.566265	1953	43.42
GC1003827_G04_NODE_4404_length_1953_cov_3.665936	1953	46.24
GC1003827_G04_NODE_4405_length_1953_cov_2.644578	1953	49.21
GC1003827_G04_NODE_4406_length_1952_cov_4.203836	1952	60.45
GC1003827_G04_NODE_4407_length_1952_cov_4.111233	1952	45.34
GC1003827_G04_NODE_4408_length_1952_cov_3.063014	1952	50.31
GC1003827_G04_NODE_4409_length_1952_cov_3.038904	1952	38.99
GC1003827_G04_NODE_4410_length_1951_cov_6.814145	1951	47.36
GC1003827_G04_NODE_4411_length_1951_cov_5.401316	1951	44.08
GC1003827_G04_NODE_4412_length_1950_cov_8.952825	1950	43.90
GC1003827_G04_NODE_4413_length_1950_cov_5.780033	1950	45.18
GC1003827_G04_NODE_4414_length_1950_cov_5.714756	1950	64.41
GC1003827_G04_NODE_4415_length_1949_cov_13.504391	1949	52.08
GC1003827_G04_NODE_4416_length_1949_cov_12.151482	1949	42.84
GC1003827_G04_NODE_4417_length_1949_cov_8.428101	1949	45.41
GC1003827_G04_NODE_4418_length_1949_cov_6.097695	1949	42.07
GC1003827_G04_NODE_4419_length_1949_cov_5.978046	1949	45.51
GC1003827_G04_NODE_4420_length_1949_cov_5.410538	1949	63.11
GC1003827_G04_NODE_4421_length_1949_cov_4.096597	1949	41.56
GC1003827_G04_NODE_4422_length_1949_cov_2.808452	1949	45.51
GC1003827_G04_NODE_4423_length_1948_cov_5.266886	1948	47.28
GC1003827_G04_NODE_4424_length_1948_cov_5.179572	1948	43.69
GC1003827_G04_NODE_4425_length_1948_cov_3.637013	1948	42.40
GC1003827_G04_NODE_4426_length_1948_cov_2.119714	1948	46.00
GC1003827_G04_NODE_4427_length_1947_cov_5.166484	1947	43.66
GC1003827_G04_NODE_4428_length_1946_cov_19.914788	1946	46.04
GC1003827_G04_NODE_4429_length_1946_cov_5.347993	1946	47.64
GC1003827_G04_NODE_4430_length_1946_cov_5.318307	1946	43.17
GC1003827_G04_NODE_4431_length_1946_cov_4.770753	1946	41.57
GC1003827_G04_NODE_4432_length_1946_cov_3.826278	1946	43.47
GC1003827_G04_NODE_4433_length_1946_cov_2.058274	1946	45.07
GC1003827_G04_NODE_4434_length_1944_cov_7.822785	1944	45.78
GC1003827_G04_NODE_4435_length_1944_cov_3.983489	1944	44.80
GC1003827_G04_NODE_4436_length_1943_cov_7.210903	1943	46.94
GC1003827_G04_NODE_4437_length_1943_cov_4.766520	1943	41.95
GC1003827_G04_NODE_4438_length_1943_cov_3.555066	1943	38.65
GC1003827_G04_NODE_4439_length_1943_cov_2.505507	1943	59.96
GC1003827_G04_NODE_4440_length_1943_cov_1.498348	1943	47.61
GC1003827_G04_NODE_4441_length_1943_cov_1.376101	1943	53.78
GC1003827_G04_NODE_4442_length_1942_cov_9.043526	1942	50.36
GC1003827_G04_NODE_4443_length_1942_cov_8.704132	1942	49.23
GC1003827_G04_NODE_4444_length_1942_cov_8.198898	1942	45.62
GC1003827_G04_NODE_4445_length_1942_cov_5.733884	1942	44.44
GC1003827_G04_NODE_4446_length_1941_cov_10.749724	1941	45.85
GC1003827_G04_NODE_4447_length_1941_cov_4.969129	1941	46.78
GC1003827_G04_NODE_4448_length_1941_cov_4.098126	1941	48.63
GC1003827_G04_NODE_4449_length_1941_cov_3.094818	1941	52.14
GC1003827_G04_NODE_4450_length_1941_cov_2.173649	1941	45.29
GC1003827_G04_NODE_4451_length_1941_cov_1.857222	1941	45.18
GC1003827_G04_NODE_4452_length_1940_cov_9.927744	1940	44.43
GC1003827_G04_NODE_4453_length_1940_cov_7.787645	1940	50.15
GC1003827_G04_NODE_4454_length_1940_cov_4.970215	1940	48.14
GC1003827_G04_NODE_4455_length_1940_cov_4.127413	1940	66.13
GC1003827_G04_NODE_4456_length_1939_cov_10.195916	1939	44.40
GC1003827_G04_NODE_4457_length_1939_cov_6.984547	1939	43.01
GC1003827_G04_NODE_4458_length_1939_cov_6.163907	1939	49.87
GC1003827_G04_NODE_4459_length_1939_cov_4.647903	1939	51.16
GC1003827_G04_NODE_4460_length_1939_cov_2.580574	1939	48.63
GC1003827_G04_NODE_4461_length_1938_cov_5.837659	1938	47.94
GC1003827_G04_NODE_4462_length_1938_cov_3.657096	1938	44.01
GC1003827_G04_NODE_4463_length_1937_cov_8.212707	1937	46.36
GC1003827_G04_NODE_4464_length_1937_cov_6.202210	1937	44.35
GC1003827_G04_NODE_4465_length_1937_cov_5.594475	1937	48.84
GC1003827_G04_NODE_4466_length_1937_cov_5.296133	1937	41.61
GC1003827_G04_NODE_4467_length_1937_cov_4.666851	1937	49.66
GC1003827_G04_NODE_4468_length_1937_cov_4.206630	1937	43.78
GC1003827_G04_NODE_4469_length_1937_cov_1.850829	1937	44.50
GC1003827_G04_NODE_4470_length_1936_cov_5.840796	1936	45.51
GC1003827_G04_NODE_4471_length_1936_cov_2.513543	1936	72.47
GC1003827_G04_NODE_4472_length_1936_cov_1.822554	1936	47.57
GC1003827_G04_NODE_4473_length_1935_cov_13.733960	1935	46.72
GC1003827_G04_NODE_4474_length_1935_cov_8.061394	1935	48.32
GC1003827_G04_NODE_4475_length_1935_cov_6.270465	1935	45.63
GC1003827_G04_NODE_4476_length_1935_cov_1.986726	1935	66.61
GC1003827_G04_NODE_4477_length_1935_cov_1.604535	1935	63.10
GC1003827_G04_NODE_4478_length_1934_cov_7.663531	1934	47.21
GC1003827_G04_NODE_4479_length_1934_cov_6.336469	1934	50.05
GC1003827_G04_NODE_4480_length_1934_cov_5.111234	1934	40.90
GC1003827_G04_NODE_4481_length_1934_cov_4.993359	1934	44.98
GC1003827_G04_NODE_4482_length_1934_cov_3.991146	1934	48.14
GC1003827_G04_NODE_4483_length_1934_cov_2.103486	1934	41.73
GC1003827_G04_NODE_4484_length_1934_cov_1.616491	1934	44.16
GC1003827_G04_NODE_4485_length_1933_cov_6.767442	1933	53.29
GC1003827_G04_NODE_4486_length_1933_cov_5.339978	1933	45.01
GC1003827_G04_NODE_4487_length_1933_cov_5.145072	1933	44.39
GC1003827_G04_NODE_4488_length_1933_cov_3.777962	1933	44.90
GC1003827_G04_NODE_4489_length_1933_cov_3.710963	1933	41.85
GC1003827_G04_NODE_4490_length_1933_cov_3.630676	1933	41.02
GC1003827_G04_NODE_4491_length_1933_cov_2.658915	1933	43.71
GC1003827_G04_NODE_4492_length_1933_cov_2.383721	1933	44.28
GC1003827_G04_NODE_4493_length_1933_cov_1.639535	1933	52.56
GC1003827_G04_NODE_4494_length_1932_cov_6.725762	1932	44.46
GC1003827_G04_NODE_4495_length_1932_cov_4.132964	1932	50.00
GC1003827_G04_NODE_4496_length_1932_cov_4.072576	1932	45.08
GC1003827_G04_NODE_4497_length_1932_cov_3.655956	1932	45.81
GC1003827_G04_NODE_4498_length_1932_cov_1.215512	1932	42.86
GC1003827_G04_NODE_4499_length_1931_cov_9.250554	1931	46.87
GC1003827_G04_NODE_4500_length_1931_cov_8.695122	1931	47.23
GC1003827_G04_NODE_4501_length_1931_cov_1.130820	1931	59.04
GC1003827_G04_NODE_4502_length_1930_cov_12.132002	1930	43.42
GC1003827_G04_NODE_4503_length_1930_cov_11.721575	1930	45.80
GC1003827_G04_NODE_4504_length_1930_cov_9.252357	1930	48.65
GC1003827_G04_NODE_4505_length_1930_cov_5.868552	1930	47.67
GC1003827_G04_NODE_4506_length_1930_cov_3.143649	1930	43.42
GC1003827_G04_NODE_4507_length_1930_cov_3.027732	1930	43.47
GC1003827_G04_NODE_4508_length_1930_cov_2.693844	1930	46.58
GC1003827_G04_NODE_4509_length_1930_cov_0.891847	1930	68.08
GC1003827_G04_NODE_4510_length_1929_cov_7.728080	1929	49.46
GC1003827_G04_NODE_4511_length_1929_cov_6.081576	1929	43.49
GC1003827_G04_NODE_4512_length_1929_cov_4.173141	1929	46.55
GC1003827_G04_NODE_4513_length_1928_cov_7.761244	1928	47.30
GC1003827_G04_NODE_4514_length_1928_cov_5.431982	1928	46.78
GC1003827_G04_NODE_4515_length_1928_cov_5.041644	1928	50.62
GC1003827_G04_NODE_4516_length_1928_cov_3.386452	1928	46.52
GC1003827_G04_NODE_4517_length_1927_cov_11.582778	1927	50.86
GC1003827_G04_NODE_4518_length_1927_cov_6.966111	1927	49.04
GC1003827_G04_NODE_4519_length_1927_cov_5.370000	1927	42.97
GC1003827_G04_NODE_4520_length_1927_cov_3.074444	1927	49.56
GC1003827_G04_NODE_4521_length_1926_cov_9.976654	1926	49.12
GC1003827_G04_NODE_4522_length_1926_cov_4.503057	1926	43.72
GC1003827_G04_NODE_4523_length_1926_cov_4.392996	1926	46.73
GC1003827_G04_NODE_4524_length_1926_cov_2.313508	1926	50.52
GC1003827_G04_NODE_4525_length_1926_cov_1.137854	1926	66.25
GC1003827_G04_NODE_4526_length_1925_cov_6.073415	1925	46.65
GC1003827_G04_NODE_4527_length_1925_cov_5.824249	1925	49.45
GC1003827_G04_NODE_4528_length_1925_cov_3.123471	1925	46.03
GC1003827_G04_NODE_4529_length_1924_cov_3.358375	1924	44.59
GC1003827_G04_NODE_4530_length_1924_cov_3.165832	1924	42.72
GC1003827_G04_NODE_4531_length_1924_cov_1.065665	1924	64.76
GC1003827_G04_NODE_4532_length_1923_cov_9.282851	1923	48.47
GC1003827_G04_NODE_4533_length_1923_cov_7.408129	1923	44.83
GC1003827_G04_NODE_4534_length_1923_cov_6.435969	1923	43.58
GC1003827_G04_NODE_4535_length_1923_cov_2.331849	1923	46.23
GC1003827_G04_NODE_4536_length_1922_cov_10.959889	1922	46.25
GC1003827_G04_NODE_4537_length_1922_cov_6.498050	1922	47.92
GC1003827_G04_NODE_4538_length_1921_cov_6.899108	1921	45.55
GC1003827_G04_NODE_4539_length_1921_cov_4.914158	1921	44.61
GC1003827_G04_NODE_4540_length_1921_cov_3.163322	1921	49.09
GC1003827_G04_NODE_4541_length_1921_cov_2.529543	1921	45.76
GC1003827_G04_NODE_4542_length_1921_cov_2.345596	1921	52.21
GC1003827_G04_NODE_4543_length_1920_cov_5.156163	1920	49.27
GC1003827_G04_NODE_4544_length_1920_cov_4.248187	1920	41.98
GC1003827_G04_NODE_4545_length_1920_cov_3.498606	1920	50.05
GC1003827_G04_NODE_4546_length_1920_cov_3.327942	1920	50.21
GC1003827_G04_NODE_4547_length_1920_cov_2.972114	1920	45.42
GC1003827_G04_NODE_4548_length_1920_cov_2.756832	1920	45.68
GC1003827_G04_NODE_4549_length_1919_cov_4.344866	1919	46.53
GC1003827_G04_NODE_4550_length_1918_cov_15.077052	1918	41.97
GC1003827_G04_NODE_4551_length_1918_cov_8.591848	1918	42.65
GC1003827_G04_NODE_4552_length_1918_cov_8.284199	1918	43.95
GC1003827_G04_NODE_4553_length_1918_cov_6.518705	1918	40.98
GC1003827_G04_NODE_4554_length_1918_cov_2.290899	1918	66.32
GC1003827_G04_NODE_4555_length_1917_cov_11.806704	1917	44.55
GC1003827_G04_NODE_4556_length_1917_cov_11.230726	1917	47.00
GC1003827_G04_NODE_4557_length_1917_cov_9.619553	1917	45.02
GC1003827_G04_NODE_4558_length_1917_cov_9.602793	1917	50.34
GC1003827_G04_NODE_4559_length_1917_cov_9.405028	1917	46.11
GC1003827_G04_NODE_4560_length_1917_cov_8.196089	1917	46.06
GC1003827_G04_NODE_4561_length_1917_cov_7.483240	1917	42.67
GC1003827_G04_NODE_4562_length_1917_cov_4.934637	1917	46.43
GC1003827_G04_NODE_4563_length_1917_cov_3.265363	1917	47.10
GC1003827_G04_NODE_4564_length_1916_cov_7.669089	1916	44.83
GC1003827_G04_NODE_4565_length_1916_cov_5.634992	1916	46.19
GC1003827_G04_NODE_4566_length_1916_cov_5.406931	1916	49.69
GC1003827_G04_NODE_4567_length_1916_cov_5.223030	1916	43.16
GC1003827_G04_NODE_4568_length_1916_cov_2.548910	1916	42.38
GC1003827_G04_NODE_4569_length_1915_cov_14.986577	1915	48.93
GC1003827_G04_NODE_4570_length_1915_cov_9.375839	1915	51.28
GC1003827_G04_NODE_4571_length_1915_cov_8.867450	1915	46.37
GC1003827_G04_NODE_4572_length_1915_cov_4.870246	1915	62.51
GC1003827_G04_NODE_4573_length_1915_cov_2.492170	1915	41.04
GC1003827_G04_NODE_4574_length_1914_cov_7.445999	1914	44.67
GC1003827_G04_NODE_4575_length_1914_cov_4.072748	1914	43.89
GC1003827_G04_NODE_4576_length_1914_cov_4.002798	1914	44.36
GC1003827_G04_NODE_4577_length_1914_cov_3.743705	1914	42.63
GC1003827_G04_NODE_4578_length_1913_cov_4.283875	1913	45.90
GC1003827_G04_NODE_4579_length_1913_cov_1.690929	1913	49.97
GC1003827_G04_NODE_4580_length_1912_cov_8.014006	1912	50.00
GC1003827_G04_NODE_4581_length_1912_cov_7.586555	1912	45.29
GC1003827_G04_NODE_4582_length_1912_cov_7.233613	1912	47.91
GC1003827_G04_NODE_4583_length_1912_cov_5.817927	1912	55.65
GC1003827_G04_NODE_4584_length_1912_cov_4.216807	1912	46.71
GC1003827_G04_NODE_4585_length_1912_cov_2.124930	1912	42.26
GC1003827_G04_NODE_4586_length_1911_cov_13.716928	1911	48.25
GC1003827_G04_NODE_4587_length_1911_cov_11.001121	1911	47.36
GC1003827_G04_NODE_4588_length_1911_cov_3.788677	1911	43.80
GC1003827_G04_NODE_4589_length_1911_cov_3.610987	1911	46.31
GC1003827_G04_NODE_4590_length_1911_cov_0.655269	1911	47.15
GC1003827_G04_NODE_4591_length_1910_cov_3.039260	1910	42.46
GC1003827_G04_NODE_4592_length_1910_cov_1.905777	1910	47.38
GC1003827_G04_NODE_4593_length_1909_cov_10.808081	1909	50.45
GC1003827_G04_NODE_4594_length_1909_cov_8.523008	1909	48.25
GC1003827_G04_NODE_4595_length_1909_cov_5.818182	1909	44.84
GC1003827_G04_NODE_4596_length_1909_cov_5.537037	1909	52.49
GC1003827_G04_NODE_4597_length_1909_cov_5.482043	1909	47.35
GC1003827_G04_NODE_4598_length_1909_cov_5.388889	1909	41.54
GC1003827_G04_NODE_4599_length_1909_cov_4.995511	1909	42.17
GC1003827_G04_NODE_4600_length_1909_cov_3.579125	1909	58.25
GC1003827_G04_NODE_4601_length_1909_cov_1.712121	1909	45.31
GC1003827_G04_NODE_4602_length_1908_cov_8.258282	1908	48.17
GC1003827_G04_NODE_4603_length_1908_cov_5.353172	1908	42.40
GC1003827_G04_NODE_4604_length_1907_cov_8.998315	1907	44.52
GC1003827_G04_NODE_4605_length_1907_cov_3.230337	1907	47.04
GC1003827_G04_NODE_4606_length_1907_cov_2.860674	1907	49.66
GC1003827_G04_NODE_4607_length_1907_cov_1.185955	1907	45.41
GC1003827_G04_NODE_4608_length_1906_cov_10.957279	1906	48.58
GC1003827_G04_NODE_4609_length_1906_cov_7.576728	1906	49.58
GC1003827_G04_NODE_4610_length_1906_cov_2.815065	1906	66.47
GC1003827_G04_NODE_4611_length_1905_cov_2.876828	1905	47.40
GC1003827_G04_NODE_4612_length_1905_cov_1.969066	1905	48.29
GC1003827_G04_NODE_4613_length_1904_cov_9.180642	1904	46.69
GC1003827_G04_NODE_4614_length_1904_cov_9.016882	1904	49.21
GC1003827_G04_NODE_4615_length_1904_cov_8.318514	1904	46.22
GC1003827_G04_NODE_4616_length_1904_cov_7.472707	1904	48.48
GC1003827_G04_NODE_4617_length_1904_cov_4.902645	1904	42.75
GC1003827_G04_NODE_4618_length_1904_cov_3.693303	1904	45.06
GC1003827_G04_NODE_4619_length_1904_cov_1.381542	1904	53.31
GC1003827_G04_NODE_4620_length_1903_cov_7.534910	1903	46.45
GC1003827_G04_NODE_4621_length_1903_cov_2.510135	1903	44.72
GC1003827_G04_NODE_4622_length_1903_cov_1.644707	1903	49.34
GC1003827_G04_NODE_4623_length_1903_cov_1.423423	1903	51.92
GC1003827_G04_NODE_4624_length_1902_cov_5.229859	1902	45.11
GC1003827_G04_NODE_4625_length_1902_cov_3.310423	1902	47.42
GC1003827_G04_NODE_4626_length_1902_cov_3.280000	1902	39.91
GC1003827_G04_NODE_4627_length_1902_cov_3.176901	1902	48.42
GC1003827_G04_NODE_4628_length_1902_cov_1.806761	1902	44.37
GC1003827_G04_NODE_4629_length_1901_cov_12.158963	1901	39.61
GC1003827_G04_NODE_4630_length_1901_cov_4.400789	1901	50.13
GC1003827_G04_NODE_4631_length_1901_cov_3.036640	1901	41.45
GC1003827_G04_NODE_4632_length_1901_cov_2.161218	1901	53.81
GC1003827_G04_NODE_4633_length_1901_cov_1.710259	1901	46.34
GC1003827_G04_NODE_4634_length_1900_cov_9.951495	1900	41.05
GC1003827_G04_NODE_4635_length_1900_cov_6.129160	1900	44.32
GC1003827_G04_NODE_4636_length_1900_cov_5.793570	1900	47.32
GC1003827_G04_NODE_4637_length_1900_cov_3.981387	1900	43.95
GC1003827_G04_NODE_4638_length_1900_cov_3.178229	1900	41.63
GC1003827_G04_NODE_4639_length_1900_cov_1.423012	1900	48.00
GC1003827_G04_NODE_4640_length_1899_cov_4.321106	1899	48.18
GC1003827_G04_NODE_4641_length_1899_cov_3.338036	1899	46.39
GC1003827_G04_NODE_4642_length_1899_cov_2.449210	1899	45.92
GC1003827_G04_NODE_4643_length_1899_cov_1.959368	1899	47.92
GC1003827_G04_NODE_4644_length_1899_cov_1.437359	1899	67.35
GC1003827_G04_NODE_4645_length_1899_cov_1.259029	1899	66.67
GC1003827_G04_NODE_4646_length_1898_cov_12.114625	1898	42.04
GC1003827_G04_NODE_4647_length_1898_cov_7.910220	1898	45.10
GC1003827_G04_NODE_4648_length_1898_cov_7.529080	1898	47.15
GC1003827_G04_NODE_4649_length_1898_cov_6.804065	1898	42.41
GC1003827_G04_NODE_4650_length_1897_cov_7.538418	1897	45.23
GC1003827_G04_NODE_4651_length_1897_cov_6.094350	1897	47.07
GC1003827_G04_NODE_4652_length_1897_cov_5.536723	1897	43.12
GC1003827_G04_NODE_4653_length_1897_cov_4.892655	1897	44.97
GC1003827_G04_NODE_4654_length_1897_cov_1.771186	1897	46.18
GC1003827_G04_NODE_4655_length_1896_cov_21.734313	1896	43.72
GC1003827_G04_NODE_4656_length_1896_cov_19.261164	1896	49.16
GC1003827_G04_NODE_4657_length_1896_cov_9.792538	1896	46.52
GC1003827_G04_NODE_4658_length_1896_cov_3.231769	1896	49.89
GC1003827_G04_NODE_4659_length_1896_cov_2.626908	1896	45.68
GC1003827_G04_NODE_4660_length_1895_cov_12.011878	1895	46.17
GC1003827_G04_NODE_4661_length_1895_cov_6.342760	1895	51.03
GC1003827_G04_NODE_4662_length_1895_cov_4.039593	1895	50.13
GC1003827_G04_NODE_4663_length_1895_cov_2.972851	1895	44.80
GC1003827_G04_NODE_4664_length_1895_cov_2.257919	1895	47.39
GC1003827_G04_NODE_4665_length_1894_cov_6.519525	1894	42.40
GC1003827_G04_NODE_4666_length_1894_cov_6.014148	1894	48.26
GC1003827_G04_NODE_4667_length_1894_cov_3.250707	1894	65.21
GC1003827_G04_NODE_4668_length_1894_cov_2.710243	1894	49.42
GC1003827_G04_NODE_4669_length_1893_cov_16.475085	1893	50.29
GC1003827_G04_NODE_4670_length_1893_cov_7.695357	1893	42.26
GC1003827_G04_NODE_4671_length_1893_cov_6.246886	1893	44.69
GC1003827_G04_NODE_4672_length_1893_cov_5.895243	1893	45.75
GC1003827_G04_NODE_4673_length_1893_cov_5.441110	1893	50.03
GC1003827_G04_NODE_4674_length_1893_cov_5.058890	1893	45.27
GC1003827_G04_NODE_4675_length_1893_cov_4.379955	1893	52.19
GC1003827_G04_NODE_4676_length_1893_cov_4.271234	1893	47.60
GC1003827_G04_NODE_4677_length_1893_cov_3.182899	1893	50.03
GC1003827_G04_NODE_4678_length_1892_cov_6.794334	1892	46.30
GC1003827_G04_NODE_4679_length_1892_cov_4.073654	1892	59.57
GC1003827_G04_NODE_4680_length_1892_cov_2.579603	1892	48.57
GC1003827_G04_NODE_4681_length_1891_cov_13.592404	1891	47.49
GC1003827_G04_NODE_4682_length_1891_cov_2.416100	1891	48.92
GC1003827_G04_NODE_4683_length_1890_cov_7.589336	1890	47.35
GC1003827_G04_NODE_4684_length_1890_cov_7.062394	1890	51.32
GC1003827_G04_NODE_4685_length_1890_cov_6.178106	1890	50.00
GC1003827_G04_NODE_4686_length_1890_cov_5.465683	1890	43.97
GC1003827_G04_NODE_4687_length_1890_cov_4.669314	1890	44.07
GC1003827_G04_NODE_4688_length_1889_cov_12.485244	1889	52.20
GC1003827_G04_NODE_4689_length_1889_cov_10.721907	1889	48.28
GC1003827_G04_NODE_4690_length_1889_cov_6.934733	1889	47.33
GC1003827_G04_NODE_4691_length_1889_cov_6.729285	1889	43.89
GC1003827_G04_NODE_4692_length_1889_cov_6.433598	1889	44.89
GC1003827_G04_NODE_4693_length_1889_cov_6.019864	1889	40.76
GC1003827_G04_NODE_4694_length_1889_cov_5.837684	1889	41.29
GC1003827_G04_NODE_4695_length_1889_cov_5.729285	1889	43.04
GC1003827_G04_NODE_4696_length_1889_cov_3.751986	1889	49.29
GC1003827_G04_NODE_4697_length_1889_cov_3.401816	1889	47.33
GC1003827_G04_NODE_4698_length_1889_cov_2.718502	1889	51.09
GC1003827_G04_NODE_4699_length_1888_cov_10.763771	1888	44.07
GC1003827_G04_NODE_4700_length_1888_cov_5.337876	1888	49.10
GC1003827_G04_NODE_4701_length_1888_cov_2.391255	1888	49.10
GC1003827_G04_NODE_4702_length_1887_cov_8.651705	1887	45.36
GC1003827_G04_NODE_4703_length_1887_cov_7.147159	1887	44.73
GC1003827_G04_NODE_4704_length_1887_cov_5.672727	1887	47.59
GC1003827_G04_NODE_4705_length_1887_cov_3.244318	1887	42.77
GC1003827_G04_NODE_4706_length_1886_cov_11.354747	1886	47.67
GC1003827_G04_NODE_4707_length_1886_cov_4.046617	1886	46.61
GC1003827_G04_NODE_4708_length_1886_cov_3.109153	1886	45.44
GC1003827_G04_NODE_4709_length_1886_cov_1.284821	1886	45.65
GC1003827_G04_NODE_4710_length_1886_cov_0.617965	1886	71.69
GC1003827_G04_NODE_4711_length_1885_cov_11.854949	1885	42.97
GC1003827_G04_NODE_4712_length_1885_cov_9.890785	1885	46.79
GC1003827_G04_NODE_4713_length_1885_cov_9.583049	1885	45.73
GC1003827_G04_NODE_4714_length_1885_cov_8.547782	1885	47.37
GC1003827_G04_NODE_4715_length_1885_cov_8.150739	1885	55.54
GC1003827_G04_NODE_4716_length_1885_cov_7.666667	1885	44.40
GC1003827_G04_NODE_4717_length_1885_cov_6.037543	1885	50.24
GC1003827_G04_NODE_4718_length_1885_cov_5.881115	1885	50.03
GC1003827_G04_NODE_4719_length_1885_cov_3.763367	1885	45.31
GC1003827_G04_NODE_4720_length_1885_cov_2.340728	1885	52.47
GC1003827_G04_NODE_4721_length_1885_cov_1.496587	1885	42.18
GC1003827_G04_NODE_4722_length_1884_cov_19.743312	1884	43.79
GC1003827_G04_NODE_4723_length_1884_cov_7.492886	1884	51.01
GC1003827_G04_NODE_4724_length_1884_cov_7.411497	1884	41.24
GC1003827_G04_NODE_4725_length_1884_cov_5.367672	1884	47.40
GC1003827_G04_NODE_4726_length_1884_cov_2.772908	1884	48.62
GC1003827_G04_NODE_4727_length_1883_cov_9.621868	1883	44.08
GC1003827_G04_NODE_4728_length_1883_cov_5.760251	1883	45.30
GC1003827_G04_NODE_4729_length_1883_cov_4.098519	1883	49.07
GC1003827_G04_NODE_4730_length_1883_cov_2.884396	1883	66.12
GC1003827_G04_NODE_4731_length_1883_cov_1.226651	1883	55.66
GC1003827_G04_NODE_4732_length_1882_cov_9.678063	1882	44.47
GC1003827_G04_NODE_4733_length_1882_cov_5.134473	1882	39.16
GC1003827_G04_NODE_4734_length_1882_cov_5.042165	1882	45.64
GC1003827_G04_NODE_4735_length_1882_cov_3.062678	1882	48.09
GC1003827_G04_NODE_4736_length_1882_cov_1.965242	1882	44.37
GC1003827_G04_NODE_4737_length_1881_cov_8.399088	1881	52.42
GC1003827_G04_NODE_4738_length_1881_cov_7.662486	1881	44.60
GC1003827_G04_NODE_4739_length_1881_cov_6.819270	1881	41.47
GC1003827_G04_NODE_4740_length_1881_cov_6.277081	1881	45.30
GC1003827_G04_NODE_4741_length_1881_cov_4.163626	1881	52.74
GC1003827_G04_NODE_4742_length_1881_cov_4.119156	1881	45.14
GC1003827_G04_NODE_4743_length_1881_cov_3.094071	1881	67.84
GC1003827_G04_NODE_4744_length_1881_cov_2.525656	1881	43.12
GC1003827_G04_NODE_4745_length_1881_cov_2.245724	1881	60.82
GC1003827_G04_NODE_4746_length_1880_cov_8.586423	1880	46.17
GC1003827_G04_NODE_4747_length_1880_cov_7.354820	1880	41.97
GC1003827_G04_NODE_4748_length_1880_cov_4.144324	1880	45.80
GC1003827_G04_NODE_4749_length_1880_cov_3.391900	1880	46.33
GC1003827_G04_NODE_4750_length_1880_cov_2.020536	1880	48.78
GC1003827_G04_NODE_4751_length_1879_cov_6.043950	1879	47.74
GC1003827_G04_NODE_4752_length_1879_cov_5.957192	1879	42.15
GC1003827_G04_NODE_4753_length_1879_cov_4.104452	1879	47.63
GC1003827_G04_NODE_4754_length_1879_cov_1.559361	1879	46.99
GC1003827_G04_NODE_4755_length_1878_cov_7.191319	1878	44.30
GC1003827_G04_NODE_4756_length_1878_cov_6.478584	1878	47.82
GC1003827_G04_NODE_4757_length_1878_cov_5.793261	1878	45.53
GC1003827_G04_NODE_4758_length_1878_cov_4.242718	1878	42.65
GC1003827_G04_NODE_4759_length_1878_cov_3.576242	1878	45.79
GC1003827_G04_NODE_4760_length_1878_cov_2.455168	1878	47.76
GC1003827_G04_NODE_4761_length_1877_cov_10.011429	1877	45.76
GC1003827_G04_NODE_4762_length_1877_cov_7.322286	1877	50.19
GC1003827_G04_NODE_4763_length_1877_cov_2.677143	1877	43.69
GC1003827_G04_NODE_4764_length_1877_cov_2.520000	1877	47.84
GC1003827_G04_NODE_4765_length_1877_cov_1.880571	1877	39.10
GC1003827_G04_NODE_4766_length_1876_cov_9.113208	1876	44.46
GC1003827_G04_NODE_4767_length_1876_cov_4.559748	1876	58.96
GC1003827_G04_NODE_4768_length_1876_cov_4.308748	1876	38.01
GC1003827_G04_NODE_4769_length_1876_cov_2.861635	1876	49.25
GC1003827_G04_NODE_4770_length_1875_cov_19.057208	1875	52.75
GC1003827_G04_NODE_4771_length_1875_cov_8.208238	1875	43.36
GC1003827_G04_NODE_4772_length_1875_cov_8.034897	1875	45.87
GC1003827_G04_NODE_4773_length_1875_cov_6.719680	1875	43.79
GC1003827_G04_NODE_4774_length_1875_cov_3.815789	1875	45.76
GC1003827_G04_NODE_4775_length_1875_cov_3.288902	1875	45.60
GC1003827_G04_NODE_4776_length_1875_cov_3.183638	1875	45.92
GC1003827_G04_NODE_4777_length_1875_cov_3.092677	1875	44.80
GC1003827_G04_NODE_4778_length_1875_cov_1.140160	1875	48.00
GC1003827_G04_NODE_4779_length_1874_cov_9.838580	1874	48.93
GC1003827_G04_NODE_4780_length_1874_cov_6.406983	1874	46.58
GC1003827_G04_NODE_4781_length_1874_cov_6.091586	1874	48.67
GC1003827_G04_NODE_4782_length_1874_cov_3.889525	1874	43.17
GC1003827_G04_NODE_4783_length_1874_cov_3.681740	1874	42.85
GC1003827_G04_NODE_4784_length_1874_cov_2.684030	1874	45.14
GC1003827_G04_NODE_4785_length_1873_cov_8.955899	1873	45.27
GC1003827_G04_NODE_4786_length_1873_cov_2.356816	1873	65.88
GC1003827_G04_NODE_4787_length_1873_cov_2.142612	1873	57.71
GC1003827_G04_NODE_4788_length_1872_cov_6.229799	1872	46.63
GC1003827_G04_NODE_4789_length_1872_cov_4.905444	1872	64.58
GC1003827_G04_NODE_4790_length_1872_cov_3.936390	1872	43.22
GC1003827_G04_NODE_4791_length_1872_cov_3.252149	1872	49.47
GC1003827_G04_NODE_4792_length_1872_cov_2.284814	1872	45.57
GC1003827_G04_NODE_4793_length_1872_cov_2.248711	1872	48.72
GC1003827_G04_NODE_4794_length_1871_cov_6.970757	1871	48.26
GC1003827_G04_NODE_4795_length_1870_cov_4.515777	1870	48.40
GC1003827_G04_NODE_4796_length_1870_cov_4.201951	1870	50.75
GC1003827_G04_NODE_4797_length_1870_cov_2.997131	1870	50.37
GC1003827_G04_NODE_4798_length_1870_cov_2.436030	1870	61.66
GC1003827_G04_NODE_4799_length_1870_cov_2.133104	1870	66.15
GC1003827_G04_NODE_4800_length_1869_cov_4.901263	1869	48.21
GC1003827_G04_NODE_4801_length_1869_cov_3.741676	1869	47.57
GC1003827_G04_NODE_4802_length_1869_cov_2.263490	1869	64.90
GC1003827_G04_NODE_4803_length_1869_cov_1.479908	1869	66.45
GC1003827_G04_NODE_4804_length_1868_cov_13.811028	1868	45.72
GC1003827_G04_NODE_4805_length_1868_cov_7.076967	1868	43.04
GC1003827_G04_NODE_4806_length_1868_cov_4.950603	1868	42.08
GC1003827_G04_NODE_4807_length_1868_cov_2.429064	1868	65.90
GC1003827_G04_NODE_4808_length_1868_cov_2.240666	1868	41.22
GC1003827_G04_NODE_4809_length_1868_cov_1.403791	1868	37.31
GC1003827_G04_NODE_4810_length_1867_cov_7.278161	1867	51.53
GC1003827_G04_NODE_4811_length_1867_cov_6.705747	1867	46.22
GC1003827_G04_NODE_4812_length_1867_cov_5.474138	1867	45.74
GC1003827_G04_NODE_4813_length_1867_cov_4.224713	1867	45.42
GC1003827_G04_NODE_4814_length_1867_cov_2.308621	1867	42.80
GC1003827_G04_NODE_4815_length_1867_cov_2.139080	1867	43.12
GC1003827_G04_NODE_4816_length_1866_cov_10.811961	1866	46.73
GC1003827_G04_NODE_4817_length_1866_cov_7.273145	1866	45.44
GC1003827_G04_NODE_4818_length_1865_cov_3.778481	1865	47.08
GC1003827_G04_NODE_4819_length_1865_cov_2.097238	1865	39.68
GC1003827_G04_NODE_4820_length_1864_cov_9.073690	1864	45.92
GC1003827_G04_NODE_4821_length_1864_cov_7.754750	1864	46.89
GC1003827_G04_NODE_4822_length_1864_cov_6.592976	1864	48.44
GC1003827_G04_NODE_4823_length_1864_cov_5.018998	1864	46.03
GC1003827_G04_NODE_4824_length_1864_cov_4.426022	1864	52.25
GC1003827_G04_NODE_4825_length_1864_cov_3.587219	1864	47.69
GC1003827_G04_NODE_4826_length_1864_cov_3.277490	1864	50.11
GC1003827_G04_NODE_4827_length_1864_cov_3.165803	1864	45.01
GC1003827_G04_NODE_4828_length_1864_cov_2.697179	1864	47.91
GC1003827_G04_NODE_4829_length_1864_cov_1.225676	1864	43.51
GC1003827_G04_NODE_4830_length_1863_cov_5.975230	1863	53.84
GC1003827_G04_NODE_4831_length_1863_cov_4.578917	1863	44.07
GC1003827_G04_NODE_4832_length_1863_cov_4.190092	1863	63.29
GC1003827_G04_NODE_4833_length_1863_cov_1.852535	1863	52.44
GC1003827_G04_NODE_4834_length_1862_cov_14.514121	1862	41.35
GC1003827_G04_NODE_4835_length_1862_cov_6.399424	1862	51.34
GC1003827_G04_NODE_4836_length_1862_cov_5.240346	1862	47.91
GC1003827_G04_NODE_4837_length_1862_cov_5.121037	1862	42.75
GC1003827_G04_NODE_4838_length_1862_cov_4.507205	1862	44.79
GC1003827_G04_NODE_4839_length_1862_cov_1.544669	1862	66.33
GC1003827_G04_NODE_4840_length_1861_cov_6.456171	1861	41.91
GC1003827_G04_NODE_4841_length_1861_cov_2.301615	1861	52.34
GC1003827_G04_NODE_4842_length_1860_cov_1.025389	1860	66.56
GC1003827_G04_NODE_4843_length_1859_cov_5.590647	1859	53.95
GC1003827_G04_NODE_4844_length_1859_cov_4.142610	1859	47.28
GC1003827_G04_NODE_4845_length_1858_cov_24.744656	1858	45.86
GC1003827_G04_NODE_4846_length_1858_cov_9.648758	1858	44.62
GC1003827_G04_NODE_4847_length_1858_cov_9.002889	1858	50.91
GC1003827_G04_NODE_4848_length_1858_cov_7.251878	1858	48.17
GC1003827_G04_NODE_4849_length_1858_cov_6.046216	1858	47.74
GC1003827_G04_NODE_4850_length_1858_cov_1.179665	1858	45.26
GC1003827_G04_NODE_4851_length_1857_cov_3.997110	1857	43.83
GC1003827_G04_NODE_4852_length_1857_cov_2.968208	1857	67.53
GC1003827_G04_NODE_4853_length_1857_cov_2.653757	1857	46.96
GC1003827_G04_NODE_4854_length_1856_cov_2.482360	1856	45.37
GC1003827_G04_NODE_4855_length_1856_cov_1.170040	1856	60.94
GC1003827_G04_NODE_4856_length_1855_cov_16.632523	1855	46.95
GC1003827_G04_NODE_4857_length_1855_cov_6.537037	1855	44.58
GC1003827_G04_NODE_4858_length_1855_cov_6.371528	1855	44.37
GC1003827_G04_NODE_4859_length_1855_cov_3.914352	1855	47.55
GC1003827_G04_NODE_4860_length_1855_cov_3.099537	1855	53.37
GC1003827_G04_NODE_4861_length_1855_cov_2.396991	1855	44.91
GC1003827_G04_NODE_4862_length_1854_cov_13.105385	1854	48.76
GC1003827_G04_NODE_4863_length_1854_cov_5.760278	1854	44.88
GC1003827_G04_NODE_4864_length_1854_cov_5.124493	1854	48.44
GC1003827_G04_NODE_4865_length_1854_cov_4.268674	1854	46.93
GC1003827_G04_NODE_4866_length_1854_cov_4.211928	1854	52.32
GC1003827_G04_NODE_4867_length_1854_cov_3.791546	1854	47.52
GC1003827_G04_NODE_4868_length_1854_cov_1.590041	1854	65.75
GC1003827_G04_NODE_4869_length_1854_cov_1.259988	1854	62.73
GC1003827_G04_NODE_4870_length_1853_cov_5.961761	1853	42.47
GC1003827_G04_NODE_4871_length_1853_cov_3.882966	1853	56.45
GC1003827_G04_NODE_4872_length_1853_cov_3.644844	1853	46.90
GC1003827_G04_NODE_4873_length_1852_cov_9.809275	1852	43.90
GC1003827_G04_NODE_4874_length_1852_cov_4.987826	1852	46.76
GC1003827_G04_NODE_4875_length_1852_cov_3.444638	1852	46.27
GC1003827_G04_NODE_4876_length_1852_cov_2.905507	1852	47.03
GC1003827_G04_NODE_4877_length_1851_cov_13.774362	1851	45.11
GC1003827_G04_NODE_4878_length_1851_cov_12.284803	1851	51.16
GC1003827_G04_NODE_4879_length_1851_cov_11.494200	1851	45.22
GC1003827_G04_NODE_4880_length_1851_cov_5.703596	1851	47.22
GC1003827_G04_NODE_4881_length_1851_cov_5.629930	1851	44.62
GC1003827_G04_NODE_4882_length_1851_cov_3.864849	1851	44.41
GC1003827_G04_NODE_4883_length_1851_cov_2.129930	1851	60.83
GC1003827_G04_NODE_4884_length_1850_cov_16.182240	1850	44.54
GC1003827_G04_NODE_4885_length_1850_cov_10.062101	1850	46.43
GC1003827_G04_NODE_4886_length_1850_cov_4.127104	1850	51.62
GC1003827_G04_NODE_4887_length_1850_cov_4.022635	1850	64.59
GC1003827_G04_NODE_4888_length_1850_cov_3.412072	1850	46.05
GC1003827_G04_NODE_4889_length_1849_cov_6.399535	1849	44.62
GC1003827_G04_NODE_4890_length_1849_cov_4.906504	1849	44.29
GC1003827_G04_NODE_4891_length_1848_cov_17.265543	1848	47.56
GC1003827_G04_NODE_4892_length_1848_cov_12.626380	1848	50.00
GC1003827_G04_NODE_4893_length_1848_cov_6.676351	1848	45.78
GC1003827_G04_NODE_4894_length_1848_cov_5.140616	1848	45.45
GC1003827_G04_NODE_4895_length_1848_cov_2.395700	1848	43.67
GC1003827_G04_NODE_4896_length_1848_cov_1.084253	1848	68.67
GC1003827_G04_NODE_4897_length_1847_cov_9.851744	1847	47.48
GC1003827_G04_NODE_4898_length_1847_cov_9.136628	1847	50.62
GC1003827_G04_NODE_4899_length_1847_cov_6.411047	1847	49.27
GC1003827_G04_NODE_4900_length_1847_cov_3.365698	1847	44.34
GC1003827_G04_NODE_4901_length_1847_cov_2.829070	1847	48.84
GC1003827_G04_NODE_4902_length_1847_cov_2.443023	1847	45.37
GC1003827_G04_NODE_4903_length_1847_cov_2.301744	1847	45.80
GC1003827_G04_NODE_4904_length_1847_cov_2.004070	1847	47.86
GC1003827_G04_NODE_4905_length_1847_cov_1.972093	1847	46.40
GC1003827_G04_NODE_4906_length_1847_cov_0.717442	1847	65.19
GC1003827_G04_NODE_4907_length_1846_cov_8.562536	1846	45.29
GC1003827_G04_NODE_4908_length_1846_cov_8.362420	1846	50.76
GC1003827_G04_NODE_4909_length_1846_cov_4.108202	1846	52.06
GC1003827_G04_NODE_4910_length_1846_cov_1.639325	1846	52.71
GC1003827_G04_NODE_4911_length_1846_cov_0.881326	1846	49.19
GC1003827_G04_NODE_4912_length_1845_cov_9.181024	1845	42.33
GC1003827_G04_NODE_4913_length_1845_cov_5.785215	1845	42.06
GC1003827_G04_NODE_4914_length_1845_cov_5.623399	1845	46.45
GC1003827_G04_NODE_4915_length_1845_cov_5.164144	1845	52.41
GC1003827_G04_NODE_4916_length_1845_cov_4.961001	1845	46.56
GC1003827_G04_NODE_4917_length_1845_cov_3.359139	1845	45.69
GC1003827_G04_NODE_4918_length_1845_cov_3.297439	1845	46.56
GC1003827_G04_NODE_4919_length_1844_cov_11.744904	1844	42.14
GC1003827_G04_NODE_4920_length_1844_cov_8.576005	1844	43.00
GC1003827_G04_NODE_4921_length_1844_cov_7.633663	1844	42.73
GC1003827_G04_NODE_4922_length_1844_cov_3.473500	1844	43.76
GC1003827_G04_NODE_4923_length_1844_cov_2.493885	1844	43.98
GC1003827_G04_NODE_4924_length_1844_cov_1.999418	1844	44.85
GC1003827_G04_NODE_4925_length_1843_cov_10.853730	1843	42.76
GC1003827_G04_NODE_4926_length_1843_cov_9.196970	1843	43.19
GC1003827_G04_NODE_4927_length_1843_cov_8.736597	1843	44.33
GC1003827_G04_NODE_4928_length_1843_cov_7.682984	1843	46.99
GC1003827_G04_NODE_4929_length_1843_cov_5.976690	1843	42.65
GC1003827_G04_NODE_4930_length_1842_cov_17.244898	1842	41.31
GC1003827_G04_NODE_4931_length_1842_cov_11.292711	1842	45.66
GC1003827_G04_NODE_4932_length_1842_cov_6.672303	1842	54.61
GC1003827_G04_NODE_4933_length_1842_cov_4.108455	1842	45.98
GC1003827_G04_NODE_4934_length_1842_cov_4.076968	1842	46.25
GC1003827_G04_NODE_4935_length_1841_cov_17.093349	1841	48.13
GC1003827_G04_NODE_4936_length_1841_cov_5.457993	1841	62.90
GC1003827_G04_NODE_4937_length_1841_cov_2.869312	1841	66.43
GC1003827_G04_NODE_4938_length_1841_cov_2.048425	1841	43.56
GC1003827_G04_NODE_4939_length_1840_cov_8.995914	1840	41.90
GC1003827_G04_NODE_4940_length_1840_cov_6.224168	1840	39.02
GC1003827_G04_NODE_4941_length_1840_cov_4.228838	1840	46.85
GC1003827_G04_NODE_4942_length_1840_cov_1.771745	1840	66.25
GC1003827_G04_NODE_4943_length_1839_cov_10.764019	1839	44.81
GC1003827_G04_NODE_4944_length_1839_cov_8.781542	1839	45.30
GC1003827_G04_NODE_4945_length_1839_cov_7.022196	1839	49.27
GC1003827_G04_NODE_4946_length_1839_cov_3.987734	1839	45.89
GC1003827_G04_NODE_4947_length_1839_cov_2.662967	1839	57.80
GC1003827_G04_NODE_4948_length_1838_cov_23.895383	1838	47.39
GC1003827_G04_NODE_4949_length_1838_cov_7.484512	1838	41.19
GC1003827_G04_NODE_4950_length_1838_cov_6.762712	1838	50.49
GC1003827_G04_NODE_4951_length_1838_cov_6.608416	1838	45.70
GC1003827_G04_NODE_4952_length_1838_cov_6.485096	1838	45.10
GC1003827_G04_NODE_4953_length_1838_cov_6.091759	1838	42.98
GC1003827_G04_NODE_4954_length_1838_cov_5.062537	1838	42.11
GC1003827_G04_NODE_4955_length_1838_cov_4.938048	1838	48.86
GC1003827_G04_NODE_4956_length_1838_cov_3.068966	1838	41.13
GC1003827_G04_NODE_4957_length_1838_cov_2.786090	1838	42.76
GC1003827_G04_NODE_4958_length_1837_cov_20.188304	1837	46.33
GC1003827_G04_NODE_4959_length_1837_cov_10.159649	1837	45.13
GC1003827_G04_NODE_4960_length_1837_cov_4.653216	1837	47.74
GC1003827_G04_NODE_4961_length_1836_cov_12.885898	1836	49.84
GC1003827_G04_NODE_4962_length_1835_cov_5.586651	1835	48.66
GC1003827_G04_NODE_4963_length_1835_cov_4.256440	1835	64.47
GC1003827_G04_NODE_4964_length_1835_cov_2.725410	1835	46.87
GC1003827_G04_NODE_4965_length_1835_cov_1.943794	1835	47.14
GC1003827_G04_NODE_4966_length_1835_cov_0.959602	1835	51.61
GC1003827_G04_NODE_4967_length_1834_cov_11.148213	1834	42.09
GC1003827_G04_NODE_4968_length_1834_cov_7.082601	1834	48.36
GC1003827_G04_NODE_4969_length_1834_cov_6.057996	1834	40.46
GC1003827_G04_NODE_4970_length_1834_cov_4.552431	1834	44.11
GC1003827_G04_NODE_4971_length_1834_cov_2.758055	1834	51.42
GC1003827_G04_NODE_4972_length_1834_cov_1.906854	1834	52.78
GC1003827_G04_NODE_4973_length_1834_cov_1.365554	1834	50.49
GC1003827_G04_NODE_4974_length_1833_cov_11.192263	1833	42.88
GC1003827_G04_NODE_4975_length_1833_cov_6.978898	1833	48.39
GC1003827_G04_NODE_4976_length_1833_cov_5.040445	1833	46.64
GC1003827_G04_NODE_4977_length_1833_cov_3.590856	1833	46.54
GC1003827_G04_NODE_4978_length_1833_cov_2.651817	1833	51.88
GC1003827_G04_NODE_4979_length_1833_cov_1.122509	1833	43.48
GC1003827_G04_NODE_4980_length_1832_cov_10.475073	1832	42.90
GC1003827_G04_NODE_4981_length_1832_cov_6.027566	1832	44.43
GC1003827_G04_NODE_4982_length_1832_cov_1.988856	1832	43.78
GC1003827_G04_NODE_4983_length_1831_cov_17.586268	1831	46.31
GC1003827_G04_NODE_4984_length_1831_cov_11.023474	1831	45.44
GC1003827_G04_NODE_4985_length_1831_cov_6.377347	1831	45.99
GC1003827_G04_NODE_4986_length_1831_cov_6.062207	1831	43.69
GC1003827_G04_NODE_4987_length_1831_cov_4.460681	1831	48.83
GC1003827_G04_NODE_4988_length_1831_cov_3.907277	1831	46.53
GC1003827_G04_NODE_4989_length_1831_cov_1.356221	1831	43.42
GC1003827_G04_NODE_4990_length_1830_cov_11.826189	1830	46.23
GC1003827_G04_NODE_4991_length_1830_cov_7.634175	1830	47.98
GC1003827_G04_NODE_4992_length_1830_cov_6.821491	1830	44.97
GC1003827_G04_NODE_4993_length_1830_cov_6.768644	1830	48.69
GC1003827_G04_NODE_4994_length_1830_cov_5.641809	1830	49.51
GC1003827_G04_NODE_4995_length_1830_cov_1.460364	1830	64.43
GC1003827_G04_NODE_4996_length_1829_cov_36.251469	1829	42.70
GC1003827_G04_NODE_4997_length_1829_cov_7.623972	1829	45.38
GC1003827_G04_NODE_4998_length_1829_cov_4.927145	1829	48.88
GC1003827_G04_NODE_4999_length_1829_cov_4.179201	1829	46.47
GC1003827_G04_NODE_5000_length_1829_cov_1.797885	1829	46.86
GC1003827_G04_NODE_5001_length_1828_cov_10.883598	1828	41.14
GC1003827_G04_NODE_5002_length_1828_cov_9.425632	1828	47.32
GC1003827_G04_NODE_5003_length_1828_cov_6.201058	1828	45.35
GC1003827_G04_NODE_5004_length_1828_cov_5.667255	1828	46.39
GC1003827_G04_NODE_5005_length_1828_cov_5.291593	1828	48.58
GC1003827_G04_NODE_5006_length_1828_cov_4.960611	1828	45.68
GC1003827_G04_NODE_5007_length_1828_cov_4.794239	1828	45.46
GC1003827_G04_NODE_5008_length_1828_cov_4.116990	1828	56.89
GC1003827_G04_NODE_5009_length_1828_cov_3.709583	1828	61.49
GC1003827_G04_NODE_5010_length_1828_cov_3.657260	1828	46.06
GC1003827_G04_NODE_5011_length_1828_cov_3.004115	1828	53.67
GC1003827_G04_NODE_5012_length_1828_cov_2.148148	1828	47.70
GC1003827_G04_NODE_5013_length_1827_cov_8.673529	1827	44.44
GC1003827_G04_NODE_5014_length_1827_cov_8.372353	1827	43.62
GC1003827_G04_NODE_5015_length_1827_cov_6.251176	1827	45.43
GC1003827_G04_NODE_5016_length_1827_cov_3.848824	1827	38.53
GC1003827_G04_NODE_5017_length_1827_cov_1.867059	1827	42.42
GC1003827_G04_NODE_5018_length_1826_cov_6.031783	1826	47.59
GC1003827_G04_NODE_5019_length_1826_cov_5.305474	1826	63.20
GC1003827_G04_NODE_5020_length_1826_cov_3.473808	1826	42.39
GC1003827_G04_NODE_5021_length_1825_cov_7.944641	1825	46.41
GC1003827_G04_NODE_5022_length_1825_cov_7.283274	1825	48.11
GC1003827_G04_NODE_5023_length_1825_cov_6.901060	1825	39.34
GC1003827_G04_NODE_5024_length_1825_cov_4.296820	1825	40.71
GC1003827_G04_NODE_5025_length_1825_cov_3.472320	1825	43.73
GC1003827_G04_NODE_5026_length_1824_cov_11.251621	1824	59.43
GC1003827_G04_NODE_5027_length_1824_cov_4.440189	1824	47.53
GC1003827_G04_NODE_5028_length_1824_cov_3.185622	1824	48.08
GC1003827_G04_NODE_5029_length_1823_cov_12.240566	1823	45.15
GC1003827_G04_NODE_5030_length_1823_cov_11.658608	1823	45.69
GC1003827_G04_NODE_5031_length_1823_cov_6.602594	1823	49.37
GC1003827_G04_NODE_5032_length_1823_cov_5.318986	1823	45.91
GC1003827_G04_NODE_5033_length_1822_cov_8.933923	1822	42.97
GC1003827_G04_NODE_5034_length_1822_cov_6.079056	1822	45.01
GC1003827_G04_NODE_5035_length_1822_cov_1.719764	1822	71.24
GC1003827_G04_NODE_5036_length_1822_cov_0.933333	1822	42.21
GC1003827_G04_NODE_5037_length_1821_cov_25.729634	1821	41.85
GC1003827_G04_NODE_5038_length_1821_cov_7.376623	1821	45.30
GC1003827_G04_NODE_5039_length_1821_cov_6.475797	1821	47.72
GC1003827_G04_NODE_5040_length_1821_cov_3.869540	1821	38.66
GC1003827_G04_NODE_5041_length_1821_cov_3.453365	1821	45.58
GC1003827_G04_NODE_5042_length_1821_cov_3.177686	1821	47.50
GC1003827_G04_NODE_5043_length_1820_cov_7.448317	1820	43.46
GC1003827_G04_NODE_5044_length_1820_cov_6.215594	1820	50.77
GC1003827_G04_NODE_5045_length_1820_cov_5.415830	1820	52.25
GC1003827_G04_NODE_5046_length_1820_cov_5.271707	1820	37.91
GC1003827_G04_NODE_5047_length_1820_cov_4.849380	1820	45.49
GC1003827_G04_NODE_5048_length_1820_cov_4.500886	1820	48.08
GC1003827_G04_NODE_5049_length_1819_cov_11.958038	1819	44.97
GC1003827_G04_NODE_5050_length_1819_cov_7.181442	1819	44.58
GC1003827_G04_NODE_5051_length_1819_cov_3.643026	1819	40.24
GC1003827_G04_NODE_5052_length_1819_cov_2.607565	1819	50.03
GC1003827_G04_NODE_5053_length_1819_cov_2.564421	1819	33.32
GC1003827_G04_NODE_5054_length_1819_cov_1.048463	1819	50.30
GC1003827_G04_NODE_5055_length_1818_cov_4.053814	1818	51.82
GC1003827_G04_NODE_5056_length_1818_cov_1.695446	1818	68.21
GC1003827_G04_NODE_5057_length_1818_cov_1.356002	1818	47.47
GC1003827_G04_NODE_5058_length_1818_cov_1.154347	1818	43.34
GC1003827_G04_NODE_5059_length_1817_cov_6.942012	1817	63.51
GC1003827_G04_NODE_5060_length_1817_cov_6.501775	1817	48.93
GC1003827_G04_NODE_5061_length_1817_cov_3.975148	1817	45.90
GC1003827_G04_NODE_5062_length_1817_cov_1.813018	1817	49.75
GC1003827_G04_NODE_5063_length_1817_cov_1.404142	1817	35.94
GC1003827_G04_NODE_5064_length_1816_cov_13.744819	1816	44.27
GC1003827_G04_NODE_5065_length_1816_cov_10.742451	1816	48.02
GC1003827_G04_NODE_5066_length_1816_cov_3.114269	1816	58.15
GC1003827_G04_NODE_5067_length_1816_cov_2.447602	1816	42.07
GC1003827_G04_NODE_5068_length_1815_cov_8.504739	1815	43.80
GC1003827_G04_NODE_5069_length_1815_cov_7.770142	1815	48.54
GC1003827_G04_NODE_5070_length_1815_cov_6.799763	1815	45.84
GC1003827_G04_NODE_5071_length_1815_cov_3.442536	1815	41.16
GC1003827_G04_NODE_5072_length_1815_cov_3.368483	1815	48.82
GC1003827_G04_NODE_5073_length_1815_cov_2.547986	1815	42.70
GC1003827_G04_NODE_5074_length_1815_cov_2.350711	1815	46.34
GC1003827_G04_NODE_5075_length_1815_cov_1.997630	1815	47.60
GC1003827_G04_NODE_5076_length_1814_cov_8.636633	1814	44.05
GC1003827_G04_NODE_5077_length_1814_cov_4.129816	1814	45.53
GC1003827_G04_NODE_5078_length_1814_cov_3.102549	1814	61.30
GC1003827_G04_NODE_5079_length_1813_cov_14.152432	1813	49.15
GC1003827_G04_NODE_5080_length_1813_cov_5.578292	1813	52.56
GC1003827_G04_NODE_5081_length_1813_cov_5.450771	1813	46.17
GC1003827_G04_NODE_5082_length_1813_cov_2.482206	1813	45.28
GC1003827_G04_NODE_5083_length_1812_cov_5.287834	1812	43.43
GC1003827_G04_NODE_5084_length_1812_cov_3.709792	1812	47.63
GC1003827_G04_NODE_5085_length_1812_cov_3.571513	1812	46.85
GC1003827_G04_NODE_5086_length_1812_cov_2.449258	1812	63.85
GC1003827_G04_NODE_5087_length_1812_cov_2.181009	1812	49.61
GC1003827_G04_NODE_5088_length_1811_cov_8.604513	1811	41.52
GC1003827_G04_NODE_5089_length_1811_cov_1.785036	1811	48.59
GC1003827_G04_NODE_5090_length_1811_cov_0.986936	1811	62.40
GC1003827_G04_NODE_5091_length_1810_cov_31.968509	1810	45.08
GC1003827_G04_NODE_5092_length_1810_cov_5.083185	1810	46.96
GC1003827_G04_NODE_5093_length_1810_cov_4.686275	1810	45.75
GC1003827_G04_NODE_5094_length_1810_cov_4.472371	1810	43.92
GC1003827_G04_NODE_5095_length_1810_cov_2.964349	1810	43.26
GC1003827_G04_NODE_5096_length_1810_cov_1.868687	1810	44.14
GC1003827_G04_NODE_5097_length_1809_cov_8.939358	1809	45.77
GC1003827_G04_NODE_5098_length_1809_cov_3.209275	1809	46.88
GC1003827_G04_NODE_5099_length_1809_cov_2.916171	1809	66.11
GC1003827_G04_NODE_5100_length_1809_cov_2.661118	1809	63.52
GC1003827_G04_NODE_5101_length_1809_cov_2.322235	1809	64.90
GC1003827_G04_NODE_5102_length_1809_cov_1.495838	1809	50.75
GC1003827_G04_NODE_5103_length_1808_cov_9.112433	1808	42.20
GC1003827_G04_NODE_5104_length_1808_cov_3.777513	1808	45.96
GC1003827_G04_NODE_5105_length_1808_cov_3.591315	1808	49.45
GC1003827_G04_NODE_5106_length_1808_cov_1.472933	1808	36.67
GC1003827_G04_NODE_5107_length_1807_cov_17.676786	1807	40.51
GC1003827_G04_NODE_5108_length_1807_cov_13.049405	1807	39.90
GC1003827_G04_NODE_5109_length_1807_cov_10.186310	1807	48.31
GC1003827_G04_NODE_5110_length_1807_cov_6.213095	1807	46.87
GC1003827_G04_NODE_5111_length_1807_cov_3.849405	1807	63.97
GC1003827_G04_NODE_5112_length_1807_cov_3.188690	1807	47.81
GC1003827_G04_NODE_5113_length_1807_cov_2.116667	1807	67.29
GC1003827_G04_NODE_5114_length_1806_cov_4.488386	1806	44.24
GC1003827_G04_NODE_5115_length_1806_cov_4.070876	1806	46.07
GC1003827_G04_NODE_5116_length_1806_cov_3.751042	1806	66.39
GC1003827_G04_NODE_5117_length_1806_cov_1.106015	1806	44.68
GC1003827_G04_NODE_5118_length_1805_cov_10.100119	1805	53.52
GC1003827_G04_NODE_5119_length_1805_cov_8.456496	1805	45.54
GC1003827_G04_NODE_5120_length_1805_cov_7.834327	1805	47.15
GC1003827_G04_NODE_5121_length_1805_cov_5.752086	1805	59.06
GC1003827_G04_NODE_5122_length_1805_cov_5.061383	1805	42.33
GC1003827_G04_NODE_5123_length_1805_cov_4.182956	1805	39.61
GC1003827_G04_NODE_5124_length_1805_cov_3.282479	1805	57.40
GC1003827_G04_NODE_5125_length_1804_cov_10.810376	1804	47.23
GC1003827_G04_NODE_5126_length_1804_cov_7.615981	1804	41.80
GC1003827_G04_NODE_5127_length_1804_cov_5.004174	1804	52.11
GC1003827_G04_NODE_5128_length_1804_cov_4.395945	1804	63.19
GC1003827_G04_NODE_5129_length_1804_cov_4.174120	1804	51.66
GC1003827_G04_NODE_5130_length_1804_cov_3.572451	1804	44.46
GC1003827_G04_NODE_5131_length_1804_cov_2.004174	1804	54.60
GC1003827_G04_NODE_5132_length_1804_cov_1.768038	1804	49.06
GC1003827_G04_NODE_5133_length_1804_cov_1.505069	1804	65.69
GC1003827_G04_NODE_5134_length_1803_cov_11.951671	1803	45.37
GC1003827_G04_NODE_5135_length_1803_cov_10.003580	1803	45.37
GC1003827_G04_NODE_5136_length_1803_cov_8.148568	1803	48.42
GC1003827_G04_NODE_5137_length_1803_cov_6.428401	1803	45.09
GC1003827_G04_NODE_5138_length_1802_cov_6.069254	1802	38.46
GC1003827_G04_NODE_5139_length_1802_cov_3.808358	1802	41.56
GC1003827_G04_NODE_5140_length_1802_cov_2.909851	1802	46.00
GC1003827_G04_NODE_5141_length_1802_cov_1.841791	1802	66.81
GC1003827_G04_NODE_5142_length_1801_cov_7.885305	1801	44.48
GC1003827_G04_NODE_5143_length_1801_cov_7.778375	1801	46.31
GC1003827_G04_NODE_5144_length_1801_cov_7.648746	1801	41.14
GC1003827_G04_NODE_5145_length_1801_cov_6.532855	1801	44.70
GC1003827_G04_NODE_5146_length_1801_cov_4.407407	1801	47.14
GC1003827_G04_NODE_5147_length_1801_cov_3.783751	1801	46.20
GC1003827_G04_NODE_5148_length_1801_cov_1.932497	1801	47.92
GC1003827_G04_NODE_5149_length_1800_cov_13.140466	1800	47.61
GC1003827_G04_NODE_5150_length_1800_cov_7.514047	1800	52.33
GC1003827_G04_NODE_5151_length_1800_cov_7.025702	1800	39.72
GC1003827_G04_NODE_5152_length_1800_cov_5.744770	1800	46.72
GC1003827_G04_NODE_5153_length_1800_cov_3.540347	1800	41.72
GC1003827_G04_NODE_5154_length_1800_cov_3.536163	1800	48.17
GC1003827_G04_NODE_5155_length_1799_cov_8.638756	1799	47.08
GC1003827_G04_NODE_5156_length_1799_cov_8.193182	1799	41.97
GC1003827_G04_NODE_5157_length_1799_cov_4.416268	1799	43.97
GC1003827_G04_NODE_5158_length_1799_cov_2.442584	1799	49.19
GC1003827_G04_NODE_5159_length_1798_cov_7.658887	1798	63.24
GC1003827_G04_NODE_5160_length_1798_cov_3.675643	1798	45.49
GC1003827_G04_NODE_5161_length_1798_cov_3.640335	1798	47.78
GC1003827_G04_NODE_5162_length_1797_cov_6.546108	1797	48.30
GC1003827_G04_NODE_5163_length_1797_cov_5.276048	1797	46.52
GC1003827_G04_NODE_5164_length_1797_cov_4.956287	1797	38.68
GC1003827_G04_NODE_5165_length_1797_cov_1.238922	1797	47.25
GC1003827_G04_NODE_5166_length_1796_cov_11.579389	1796	46.16
GC1003827_G04_NODE_5167_length_1796_cov_6.735770	1796	47.94
GC1003827_G04_NODE_5168_length_1796_cov_6.131216	1796	43.43
GC1003827_G04_NODE_5169_length_1796_cov_5.585380	1796	44.99
GC1003827_G04_NODE_5170_length_1796_cov_2.139605	1796	63.03
GC1003827_G04_NODE_5171_length_1796_cov_1.009587	1796	69.10
GC1003827_G04_NODE_5172_length_1795_cov_11.055755	1795	45.07
GC1003827_G04_NODE_5173_length_1795_cov_10.862710	1795	43.62
GC1003827_G04_NODE_5174_length_1795_cov_5.179257	1795	44.68
GC1003827_G04_NODE_5175_length_1795_cov_3.868705	1795	45.68
GC1003827_G04_NODE_5176_length_1795_cov_2.302758	1795	61.67
GC1003827_G04_NODE_5177_length_1794_cov_10.779844	1794	37.46
GC1003827_G04_NODE_5178_length_1794_cov_9.139772	1794	46.82
GC1003827_G04_NODE_5179_length_1794_cov_5.385723	1794	44.20
GC1003827_G04_NODE_5180_length_1794_cov_4.025195	1794	43.59
GC1003827_G04_NODE_5181_length_1794_cov_2.492501	1794	44.76
GC1003827_G04_NODE_5182_length_1793_cov_13.924970	1793	48.13
GC1003827_G04_NODE_5183_length_1793_cov_11.618848	1793	47.07
GC1003827_G04_NODE_5184_length_1793_cov_3.519808	1793	47.52
GC1003827_G04_NODE_5185_length_1793_cov_2.051621	1793	49.02
GC1003827_G04_NODE_5186_length_1793_cov_1.223289	1793	46.90
GC1003827_G04_NODE_5187_length_1792_cov_16.159760	1792	42.91
GC1003827_G04_NODE_5188_length_1792_cov_14.249249	1792	48.83
GC1003827_G04_NODE_5189_length_1792_cov_9.525526	1792	43.30
GC1003827_G04_NODE_5190_length_1792_cov_6.842042	1792	49.16
GC1003827_G04_NODE_5191_length_1792_cov_4.958559	1792	39.01
GC1003827_G04_NODE_5192_length_1792_cov_4.763363	1792	41.80
GC1003827_G04_NODE_5193_length_1792_cov_4.187387	1792	37.72
GC1003827_G04_NODE_5194_length_1792_cov_3.830631	1792	41.46
GC1003827_G04_NODE_5195_length_1792_cov_3.720721	1792	41.57
GC1003827_G04_NODE_5196_length_1792_cov_2.792793	1792	48.27
GC1003827_G04_NODE_5197_length_1792_cov_1.299700	1792	50.84
GC1003827_G04_NODE_5198_length_1791_cov_19.490385	1791	45.39
GC1003827_G04_NODE_5199_length_1791_cov_17.041466	1791	49.64
GC1003827_G04_NODE_5200_length_1791_cov_12.491587	1791	43.16
GC1003827_G04_NODE_5201_length_1791_cov_7.700721	1791	41.93
GC1003827_G04_NODE_5202_length_1791_cov_4.669471	1791	67.23
GC1003827_G04_NODE_5203_length_1791_cov_2.355769	1791	50.59
GC1003827_G04_NODE_5204_length_1791_cov_1.923077	1791	42.04
GC1003827_G04_NODE_5205_length_1791_cov_0.812500	1791	44.33
GC1003827_G04_NODE_5206_length_1790_cov_15.624775	1790	47.54
GC1003827_G04_NODE_5207_length_1790_cov_5.659651	1790	47.54
GC1003827_G04_NODE_5208_length_1790_cov_4.563440	1790	48.16
GC1003827_G04_NODE_5209_length_1790_cov_4.158749	1790	60.61
GC1003827_G04_NODE_5210_length_1790_cov_3.621768	1790	42.57
GC1003827_G04_NODE_5211_length_1790_cov_1.458208	1790	48.88
GC1003827_G04_NODE_5212_length_1789_cov_8.709988	1789	41.92
GC1003827_G04_NODE_5213_length_1789_cov_7.253911	1789	49.86
GC1003827_G04_NODE_5214_length_1789_cov_6.892298	1789	44.89
GC1003827_G04_NODE_5215_length_1789_cov_5.480746	1789	42.82
GC1003827_G04_NODE_5216_length_1789_cov_5.346570	1789	60.93
GC1003827_G04_NODE_5217_length_1789_cov_3.260529	1789	46.39
GC1003827_G04_NODE_5218_length_1789_cov_3.180505	1789	39.24
GC1003827_G04_NODE_5219_length_1789_cov_1.953069	1789	50.92
GC1003827_G04_NODE_5220_length_1788_cov_9.550873	1788	46.53
GC1003827_G04_NODE_5221_length_1788_cov_5.703793	1788	47.54
GC1003827_G04_NODE_5222_length_1788_cov_4.344371	1788	68.57
GC1003827_G04_NODE_5223_length_1788_cov_2.847682	1788	44.18
GC1003827_G04_NODE_5224_length_1788_cov_1.824804	1788	41.83
GC1003827_G04_NODE_5225_length_1787_cov_7.780723	1787	48.41
GC1003827_G04_NODE_5226_length_1787_cov_5.817470	1787	46.39
GC1003827_G04_NODE_5227_length_1787_cov_4.537952	1787	43.26
GC1003827_G04_NODE_5228_length_1787_cov_4.173494	1787	47.40
GC1003827_G04_NODE_5229_length_1787_cov_3.554217	1787	41.75
GC1003827_G04_NODE_5230_length_1787_cov_1.996988	1787	65.98
GC1003827_G04_NODE_5231_length_1787_cov_1.558434	1787	69.95
GC1003827_G04_NODE_5232_length_1787_cov_1.149398	1787	66.14
GC1003827_G04_NODE_5233_length_1786_cov_16.821579	1786	44.01
GC1003827_G04_NODE_5234_length_1786_cov_7.076552	1786	45.02
GC1003827_G04_NODE_5235_length_1786_cov_4.672694	1786	45.74
GC1003827_G04_NODE_5236_length_1786_cov_4.264617	1786	44.23
GC1003827_G04_NODE_5237_length_1786_cov_3.664858	1786	46.58
GC1003827_G04_NODE_5238_length_1786_cov_3.593128	1786	45.74
GC1003827_G04_NODE_5239_length_1786_cov_2.667872	1786	64.28
GC1003827_G04_NODE_5240_length_1786_cov_1.889693	1786	42.22
GC1003827_G04_NODE_5241_length_1785_cov_7.027744	1785	49.47
GC1003827_G04_NODE_5242_length_1785_cov_6.351025	1785	47.45
GC1003827_G04_NODE_5243_length_1785_cov_4.702654	1785	46.22
GC1003827_G04_NODE_5244_length_1785_cov_4.610374	1785	45.49
GC1003827_G04_NODE_5245_length_1785_cov_4.214113	1785	44.99
GC1003827_G04_NODE_5246_length_1785_cov_4.047045	1785	46.61
GC1003827_G04_NODE_5247_length_1785_cov_3.770205	1785	43.75
GC1003827_G04_NODE_5248_length_1785_cov_2.907117	1785	46.05
GC1003827_G04_NODE_5249_length_1785_cov_2.103136	1785	54.85
GC1003827_G04_NODE_5250_length_1784_cov_8.295112	1784	47.87
GC1003827_G04_NODE_5251_length_1784_cov_4.894991	1784	47.42
GC1003827_G04_NODE_5252_length_1784_cov_4.667471	1784	37.28
GC1003827_G04_NODE_5253_length_1784_cov_4.298129	1784	45.12
GC1003827_G04_NODE_5254_length_1784_cov_2.259505	1784	45.74
GC1003827_G04_NODE_5255_length_1783_cov_6.193237	1783	46.89
GC1003827_G04_NODE_5256_length_1783_cov_5.782609	1783	46.05
GC1003827_G04_NODE_5257_length_1783_cov_4.882246	1783	45.49
GC1003827_G04_NODE_5258_length_1783_cov_4.265700	1783	47.73
GC1003827_G04_NODE_5259_length_1783_cov_2.888889	1783	49.52
GC1003827_G04_NODE_5260_length_1783_cov_2.684179	1783	47.45
GC1003827_G04_NODE_5261_length_1783_cov_1.361715	1783	51.26
GC1003827_G04_NODE_5262_length_1782_cov_10.620544	1782	40.52
GC1003827_G04_NODE_5263_length_1782_cov_9.407251	1782	46.46
GC1003827_G04_NODE_5264_length_1782_cov_4.853776	1782	43.27
GC1003827_G04_NODE_5265_length_1782_cov_3.823565	1782	50.34
GC1003827_G04_NODE_5266_length_1781_cov_7.637848	1781	45.09
GC1003827_G04_NODE_5267_length_1781_cov_5.027811	1781	48.68
GC1003827_G04_NODE_5268_length_1781_cov_3.010278	1781	48.23
GC1003827_G04_NODE_5269_length_1781_cov_3.003023	1781	44.41
GC1003827_G04_NODE_5270_length_1780_cov_12.479734	1780	48.26
GC1003827_G04_NODE_5271_length_1780_cov_12.392015	1780	48.43
GC1003827_G04_NODE_5272_length_1780_cov_6.812462	1780	54.33
GC1003827_G04_NODE_5273_length_1780_cov_3.067756	1780	50.00
GC1003827_G04_NODE_5274_length_1780_cov_2.564428	1780	65.62
GC1003827_G04_NODE_5275_length_1779_cov_6.823245	1779	44.52
GC1003827_G04_NODE_5276_length_1779_cov_4.995763	1779	49.92
GC1003827_G04_NODE_5277_length_1779_cov_4.476998	1779	41.65
GC1003827_G04_NODE_5278_length_1779_cov_2.608959	1779	47.27
GC1003827_G04_NODE_5279_length_1778_cov_21.347062	1778	47.13
GC1003827_G04_NODE_5280_length_1778_cov_6.946093	1778	42.07
GC1003827_G04_NODE_5281_length_1778_cov_5.272562	1778	37.96
GC1003827_G04_NODE_5282_length_1778_cov_2.223501	1778	46.18
GC1003827_G04_NODE_5283_length_1778_cov_1.717747	1778	49.10
GC1003827_G04_NODE_5284_length_1777_cov_11.594545	1777	49.47
GC1003827_G04_NODE_5285_length_1777_cov_10.687879	1777	42.60
GC1003827_G04_NODE_5286_length_1777_cov_10.108485	1777	46.54
GC1003827_G04_NODE_5287_length_1777_cov_8.153333	1777	49.41
GC1003827_G04_NODE_5288_length_1777_cov_6.140000	1777	44.06
GC1003827_G04_NODE_5289_length_1777_cov_3.444848	1777	42.15
GC1003827_G04_NODE_5290_length_1776_cov_8.680412	1776	52.93
GC1003827_G04_NODE_5291_length_1776_cov_6.442693	1776	43.69
GC1003827_G04_NODE_5292_length_1776_cov_3.740449	1776	43.75
GC1003827_G04_NODE_5293_length_1776_cov_3.400849	1776	46.40
GC1003827_G04_NODE_5294_length_1776_cov_2.117041	1776	47.75
GC1003827_G04_NODE_5295_length_1775_cov_9.947816	1775	45.13
GC1003827_G04_NODE_5296_length_1775_cov_7.245146	1775	43.04
GC1003827_G04_NODE_5297_length_1775_cov_6.275485	1775	43.89
GC1003827_G04_NODE_5298_length_1775_cov_5.598908	1775	50.87
GC1003827_G04_NODE_5299_length_1775_cov_4.121359	1775	48.45
GC1003827_G04_NODE_5300_length_1775_cov_3.057039	1775	43.04
GC1003827_G04_NODE_5301_length_1775_cov_2.063107	1775	65.41
GC1003827_G04_NODE_5302_length_1774_cov_6.321190	1774	41.21
GC1003827_G04_NODE_5303_length_1774_cov_5.731633	1774	42.67
GC1003827_G04_NODE_5304_length_1774_cov_3.767456	1774	42.56
GC1003827_G04_NODE_5305_length_1774_cov_1.907711	1774	40.02
GC1003827_G04_NODE_5306_length_1773_cov_8.228433	1773	47.72
GC1003827_G04_NODE_5307_length_1773_cov_7.253341	1773	42.81
GC1003827_G04_NODE_5308_length_1773_cov_6.825638	1773	45.18
GC1003827_G04_NODE_5309_length_1773_cov_3.996355	1773	48.90
GC1003827_G04_NODE_5310_length_1773_cov_2.067436	1773	46.08
GC1003827_G04_NODE_5311_length_1772_cov_6.235866	1772	40.46
GC1003827_G04_NODE_5312_length_1772_cov_5.471733	1772	48.87
GC1003827_G04_NODE_5313_length_1772_cov_5.287538	1772	45.77
GC1003827_G04_NODE_5314_length_1772_cov_4.776292	1772	49.94
GC1003827_G04_NODE_5315_length_1772_cov_3.049848	1772	44.41
GC1003827_G04_NODE_5316_length_1772_cov_1.811550	1772	64.79
GC1003827_G04_NODE_5317_length_1772_cov_1.685106	1772	50.06
GC1003827_G04_NODE_5318_length_1771_cov_13.312044	1771	46.08
GC1003827_G04_NODE_5319_length_1771_cov_12.669100	1771	50.08
GC1003827_G04_NODE_5320_length_1771_cov_5.577859	1771	45.40
GC1003827_G04_NODE_5321_length_1771_cov_3.030414	1771	62.06
GC1003827_G04_NODE_5322_length_1771_cov_2.849148	1771	48.73
GC1003827_G04_NODE_5323_length_1771_cov_0.975669	1771	61.66
GC1003827_G04_NODE_5324_length_1770_cov_6.206939	1770	44.58
GC1003827_G04_NODE_5325_length_1770_cov_5.040170	1770	41.81
GC1003827_G04_NODE_5326_length_1770_cov_2.972002	1770	52.26
GC1003827_G04_NODE_5327_length_1770_cov_2.905052	1770	47.40
GC1003827_G04_NODE_5328_length_1770_cov_1.531954	1770	47.80
GC1003827_G04_NODE_5329_length_1768_cov_17.289458	1768	48.42
GC1003827_G04_NODE_5330_length_1768_cov_11.795856	1768	49.26
GC1003827_G04_NODE_5331_length_1768_cov_1.974406	1768	41.69
GC1003827_G04_NODE_5332_length_1768_cov_1.603900	1768	50.57
GC1003827_G04_NODE_5333_length_1767_cov_3.815244	1767	46.86
GC1003827_G04_NODE_5334_length_1767_cov_3.667073	1767	65.48
GC1003827_G04_NODE_5335_length_1766_cov_13.090909	1766	42.36
GC1003827_G04_NODE_5336_length_1766_cov_9.453935	1766	47.62
GC1003827_G04_NODE_5337_length_1766_cov_7.134838	1766	55.95
GC1003827_G04_NODE_5338_length_1766_cov_6.575351	1766	46.49
GC1003827_G04_NODE_5339_length_1766_cov_5.087248	1766	42.64
GC1003827_G04_NODE_5340_length_1766_cov_3.802318	1766	41.79
GC1003827_G04_NODE_5341_length_1766_cov_2.561318	1766	46.77
GC1003827_G04_NODE_5342_length_1766_cov_1.456376	1766	44.62
GC1003827_G04_NODE_5343_length_1765_cov_8.306471	1765	47.99
GC1003827_G04_NODE_5344_length_1765_cov_5.962149	1765	43.63
GC1003827_G04_NODE_5345_length_1765_cov_5.695360	1765	45.21
GC1003827_G04_NODE_5346_length_1765_cov_4.340659	1765	51.44
GC1003827_G04_NODE_5347_length_1765_cov_3.997558	1765	42.32
GC1003827_G04_NODE_5348_length_1765_cov_3.804029	1765	44.25
GC1003827_G04_NODE_5349_length_1765_cov_1.582418	1765	47.48
GC1003827_G04_NODE_5350_length_1764_cov_19.045816	1764	47.22
GC1003827_G04_NODE_5351_length_1764_cov_6.814294	1764	42.40
GC1003827_G04_NODE_5352_length_1764_cov_6.252902	1764	63.83
GC1003827_G04_NODE_5353_length_1764_cov_3.164936	1764	49.15
GC1003827_G04_NODE_5354_length_1764_cov_3.136225	1764	46.54
GC1003827_G04_NODE_5355_length_1763_cov_19.061125	1763	42.37
GC1003827_G04_NODE_5356_length_1763_cov_11.607579	1763	46.00
GC1003827_G04_NODE_5357_length_1763_cov_8.542176	1763	43.85
GC1003827_G04_NODE_5358_length_1763_cov_7.553178	1763	47.70
GC1003827_G04_NODE_5359_length_1763_cov_5.781785	1763	36.07
GC1003827_G04_NODE_5360_length_1763_cov_3.216993	1763	46.34
GC1003827_G04_NODE_5361_length_1763_cov_3.194988	1763	62.96
GC1003827_G04_NODE_5362_length_1763_cov_2.926650	1763	42.03
GC1003827_G04_NODE_5363_length_1762_cov_5.993884	1762	41.43
GC1003827_G04_NODE_5364_length_1762_cov_4.922936	1762	51.59
GC1003827_G04_NODE_5365_length_1762_cov_4.459939	1762	45.63
GC1003827_G04_NODE_5366_length_1762_cov_4.116208	1762	45.35
GC1003827_G04_NODE_5367_length_1761_cov_12.582619	1761	45.83
GC1003827_G04_NODE_5368_length_1761_cov_5.356793	1761	44.46
GC1003827_G04_NODE_5369_length_1761_cov_4.705630	1761	62.92
GC1003827_G04_NODE_5370_length_1761_cov_2.922277	1761	63.09
GC1003827_G04_NODE_5371_length_1761_cov_1.723990	1761	49.35
GC1003827_G04_NODE_5372_length_1760_cov_7.508879	1760	51.93
GC1003827_G04_NODE_5373_length_1760_cov_6.365585	1760	47.84
GC1003827_G04_NODE_5374_length_1760_cov_5.164727	1760	59.38
GC1003827_G04_NODE_5375_length_1760_cov_4.560318	1760	46.82
GC1003827_G04_NODE_5376_length_1760_cov_2.844458	1760	41.65
GC1003827_G04_NODE_5377_length_1760_cov_2.185548	1760	47.05
GC1003827_G04_NODE_5378_length_1760_cov_2.079608	1760	47.50
GC1003827_G04_NODE_5379_length_1759_cov_5.471201	1759	49.46
GC1003827_G04_NODE_5380_length_1759_cov_4.943627	1759	47.47
GC1003827_G04_NODE_5381_length_1759_cov_4.055760	1759	43.83
GC1003827_G04_NODE_5382_length_1759_cov_2.799632	1759	50.54
GC1003827_G04_NODE_5383_length_1759_cov_1.989583	1759	62.82
GC1003827_G04_NODE_5384_length_1758_cov_6.358063	1758	44.37
GC1003827_G04_NODE_5385_length_1758_cov_5.849785	1758	41.92
GC1003827_G04_NODE_5386_length_1758_cov_2.224402	1758	44.54
GC1003827_G04_NODE_5387_length_1757_cov_8.828834	1757	49.40
GC1003827_G04_NODE_5388_length_1757_cov_4.206748	1757	44.11
GC1003827_G04_NODE_5389_length_1757_cov_2.269325	1757	51.17
GC1003827_G04_NODE_5390_length_1756_cov_27.073051	1756	42.20
GC1003827_G04_NODE_5391_length_1756_cov_12.497851	1756	43.39
GC1003827_G04_NODE_5392_length_1756_cov_7.547575	1756	50.06
GC1003827_G04_NODE_5393_length_1756_cov_6.953959	1756	38.21
GC1003827_G04_NODE_5394_length_1756_cov_5.588091	1756	45.27
GC1003827_G04_NODE_5395_length_1756_cov_1.319214	1756	52.39
GC1003827_G04_NODE_5396_length_1755_cov_11.400491	1755	47.86
GC1003827_G04_NODE_5397_length_1755_cov_8.375307	1755	47.86
GC1003827_G04_NODE_5398_length_1755_cov_5.925061	1755	44.56
GC1003827_G04_NODE_5399_length_1755_cov_5.109337	1755	49.63
GC1003827_G04_NODE_5400_length_1755_cov_4.527641	1755	47.18
GC1003827_G04_NODE_5401_length_1755_cov_2.437346	1755	49.74
GC1003827_G04_NODE_5402_length_1755_cov_1.138821	1755	68.03
GC1003827_G04_NODE_5403_length_1755_cov_0.933661	1755	42.96
GC1003827_G04_NODE_5404_length_1754_cov_13.315304	1754	44.24
GC1003827_G04_NODE_5405_length_1754_cov_5.156116	1754	47.61
GC1003827_G04_NODE_5406_length_1754_cov_4.068838	1754	65.28
GC1003827_G04_NODE_5407_length_1754_cov_4.059619	1754	47.95
GC1003827_G04_NODE_5408_length_1753_cov_7.383149	1753	44.55
GC1003827_G04_NODE_5409_length_1753_cov_6.479090	1753	41.41
GC1003827_G04_NODE_5410_length_1753_cov_5.771833	1753	63.43
GC1003827_G04_NODE_5411_length_1753_cov_4.683887	1753	45.64
GC1003827_G04_NODE_5412_length_1753_cov_2.876999	1753	50.37
GC1003827_G04_NODE_5413_length_1753_cov_2.140221	1753	64.75
GC1003827_G04_NODE_5414_length_1753_cov_1.813038	1753	67.08
GC1003827_G04_NODE_5415_length_1753_cov_1.416359	1753	66.23
GC1003827_G04_NODE_5416_length_1753_cov_0.808118	1753	67.20
GC1003827_G04_NODE_5417_length_1752_cov_4.098462	1752	61.47
GC1003827_G04_NODE_5418_length_1752_cov_3.865846	1752	44.06
GC1003827_G04_NODE_5419_length_1752_cov_2.247385	1752	50.63
GC1003827_G04_NODE_5420_length_1752_cov_1.459077	1752	60.39
GC1003827_G04_NODE_5421_length_1751_cov_13.332512	1751	44.89
GC1003827_G04_NODE_5422_length_1751_cov_7.204433	1751	41.86
GC1003827_G04_NODE_5423_length_1751_cov_7.002463	1751	41.75
GC1003827_G04_NODE_5424_length_1751_cov_6.004926	1751	42.95
GC1003827_G04_NODE_5425_length_1751_cov_5.446429	1751	49.63
GC1003827_G04_NODE_5426_length_1751_cov_5.056650	1751	46.83
GC1003827_G04_NODE_5427_length_1751_cov_4.335591	1751	46.37
GC1003827_G04_NODE_5428_length_1751_cov_3.323276	1751	44.32
GC1003827_G04_NODE_5429_length_1751_cov_2.313424	1751	47.29
GC1003827_G04_NODE_5430_length_1751_cov_1.893473	1751	46.20
GC1003827_G04_NODE_5431_length_1751_cov_1.598522	1751	47.12
GC1003827_G04_NODE_5432_length_1750_cov_10.199014	1750	42.80
GC1003827_G04_NODE_5433_length_1750_cov_5.964880	1750	45.49
GC1003827_G04_NODE_5434_length_1750_cov_5.682070	1750	66.06
GC1003827_G04_NODE_5435_length_1750_cov_5.590265	1750	47.37
GC1003827_G04_NODE_5436_length_1750_cov_3.987677	1750	49.66
GC1003827_G04_NODE_5437_length_1750_cov_2.385089	1750	45.14
GC1003827_G04_NODE_5438_length_1750_cov_1.253851	1750	44.34
GC1003827_G04_NODE_5439_length_1749_cov_14.808261	1749	43.05
GC1003827_G04_NODE_5440_length_1749_cov_8.281134	1749	42.65
GC1003827_G04_NODE_5441_length_1749_cov_7.556104	1749	45.40
GC1003827_G04_NODE_5442_length_1749_cov_5.331689	1749	46.54
GC1003827_G04_NODE_5443_length_1749_cov_5.311961	1749	49.57
GC1003827_G04_NODE_5444_length_1749_cov_4.249075	1749	45.51
GC1003827_G04_NODE_5445_length_1749_cov_3.012330	1749	43.17
GC1003827_G04_NODE_5446_length_1749_cov_2.694821	1749	46.03
GC1003827_G04_NODE_5447_length_1749_cov_2.622688	1749	47.74
GC1003827_G04_NODE_5448_length_1749_cov_2.433416	1749	43.00
GC1003827_G04_NODE_5449_length_1748_cov_9.182603	1748	45.77
GC1003827_G04_NODE_5450_length_1748_cov_6.308452	1748	63.84
GC1003827_G04_NODE_5451_length_1748_cov_4.455275	1748	43.19
GC1003827_G04_NODE_5452_length_1747_cov_8.979630	1747	51.23
GC1003827_G04_NODE_5453_length_1747_cov_7.910494	1747	45.05
GC1003827_G04_NODE_5454_length_1747_cov_5.282716	1747	49.00
GC1003827_G04_NODE_5455_length_1747_cov_3.928395	1747	43.22
GC1003827_G04_NODE_5456_length_1747_cov_2.850617	1747	49.28
GC1003827_G04_NODE_5457_length_1746_cov_16.327363	1746	54.70
GC1003827_G04_NODE_5458_length_1746_cov_9.305127	1746	44.79
GC1003827_G04_NODE_5459_length_1746_cov_6.773935	1746	44.62
GC1003827_G04_NODE_5460_length_1746_cov_4.823965	1746	43.24
GC1003827_G04_NODE_5461_length_1746_cov_2.688697	1746	45.07
GC1003827_G04_NODE_5462_length_1746_cov_1.741816	1746	50.40
GC1003827_G04_NODE_5463_length_1746_cov_0.990735	1746	52.81
GC1003827_G04_NODE_5464_length_1745_cov_13.326947	1745	50.77
GC1003827_G04_NODE_5465_length_1745_cov_9.665019	1745	46.07
GC1003827_G04_NODE_5466_length_1745_cov_7.558714	1745	46.76
GC1003827_G04_NODE_5467_length_1745_cov_4.873300	1745	50.20
GC1003827_G04_NODE_5468_length_1744_cov_11.848485	1744	62.56
GC1003827_G04_NODE_5469_length_1744_cov_11.345702	1744	40.94
GC1003827_G04_NODE_5470_length_1744_cov_6.239332	1744	44.38
GC1003827_G04_NODE_5471_length_1744_cov_5.324675	1744	47.76
GC1003827_G04_NODE_5472_length_1744_cov_4.417440	1744	47.31
GC1003827_G04_NODE_5473_length_1744_cov_3.849722	1744	41.23
GC1003827_G04_NODE_5474_length_1744_cov_3.036487	1744	47.94
GC1003827_G04_NODE_5475_length_1744_cov_1.545455	1744	50.34
GC1003827_G04_NODE_5476_length_1743_cov_13.201733	1743	48.31
GC1003827_G04_NODE_5477_length_1743_cov_10.185025	1743	44.87
GC1003827_G04_NODE_5478_length_1743_cov_9.395421	1743	46.99
GC1003827_G04_NODE_5479_length_1743_cov_8.953589	1743	44.87
GC1003827_G04_NODE_5480_length_1743_cov_5.904703	1743	48.65
GC1003827_G04_NODE_5481_length_1743_cov_4.970916	1743	44.41
GC1003827_G04_NODE_5482_length_1743_cov_4.919554	1743	45.38
GC1003827_G04_NODE_5483_length_1743_cov_4.167698	1743	46.30
GC1003827_G04_NODE_5484_length_1743_cov_3.707302	1743	38.32
GC1003827_G04_NODE_5485_length_1743_cov_1.644802	1743	65.12
GC1003827_G04_NODE_5486_length_1743_cov_1.383663	1743	46.53
GC1003827_G04_NODE_5487_length_1743_cov_1.367574	1743	68.85
GC1003827_G04_NODE_5488_length_1743_cov_1.356436	1743	45.67
GC1003827_G04_NODE_5489_length_1742_cov_13.832198	1742	43.97
GC1003827_G04_NODE_5490_length_1742_cov_8.819195	1742	50.57
GC1003827_G04_NODE_5491_length_1742_cov_3.175232	1742	60.33
GC1003827_G04_NODE_5492_length_1741_cov_17.947955	1741	50.83
GC1003827_G04_NODE_5493_length_1741_cov_8.050805	1741	50.89
GC1003827_G04_NODE_5494_length_1741_cov_4.040892	1741	47.21
GC1003827_G04_NODE_5495_length_1741_cov_1.498141	1741	50.95
GC1003827_G04_NODE_5496_length_1741_cov_0.913879	1741	70.94
GC1003827_G04_NODE_5497_length_1740_cov_11.297582	1740	48.05
GC1003827_G04_NODE_5498_length_1740_cov_7.890267	1740	50.46
GC1003827_G04_NODE_5499_length_1740_cov_2.253565	1740	46.95
GC1003827_G04_NODE_5500_length_1740_cov_1.853689	1740	66.49
GC1003827_G04_NODE_5501_length_1740_cov_1.760074	1740	47.64
GC1003827_G04_NODE_5502_length_1739_cov_13.344913	1739	44.85
GC1003827_G04_NODE_5503_length_1739_cov_2.154467	1739	63.02
GC1003827_G04_NODE_5504_length_1738_cov_3.698945	1738	48.85
GC1003827_G04_NODE_5505_length_1738_cov_3.319677	1738	66.92
GC1003827_G04_NODE_5506_length_1738_cov_2.109870	1738	46.84
GC1003827_G04_NODE_5507_length_1738_cov_0.948479	1738	66.74
GC1003827_G04_NODE_5508_length_1737_cov_9.011180	1737	51.87
GC1003827_G04_NODE_5509_length_1737_cov_4.811180	1737	41.68
GC1003827_G04_NODE_5510_length_1737_cov_4.768323	1737	51.07
GC1003827_G04_NODE_5511_length_1737_cov_4.008696	1737	43.41
GC1003827_G04_NODE_5512_length_1737_cov_2.790062	1737	62.87
GC1003827_G04_NODE_5513_length_1737_cov_2.058385	1737	44.56
GC1003827_G04_NODE_5514_length_1737_cov_1.712422	1737	65.46
GC1003827_G04_NODE_5515_length_1736_cov_10.505283	1736	46.54
GC1003827_G04_NODE_5516_length_1736_cov_4.354257	1736	44.30
GC1003827_G04_NODE_5517_length_1736_cov_4.059664	1736	44.47
GC1003827_G04_NODE_5518_length_1736_cov_2.686140	1736	48.73
GC1003827_G04_NODE_5519_length_1736_cov_2.525792	1736	45.85
GC1003827_G04_NODE_5520_length_1735_cov_4.695896	1735	46.57
GC1003827_G04_NODE_5521_length_1735_cov_4.371269	1735	67.90
GC1003827_G04_NODE_5522_length_1735_cov_3.805348	1735	50.43
GC1003827_G04_NODE_5523_length_1735_cov_2.640547	1735	45.53
GC1003827_G04_NODE_5524_length_1735_cov_1.010572	1735	66.22
GC1003827_G04_NODE_5525_length_1734_cov_8.955818	1734	49.94
GC1003827_G04_NODE_5526_length_1734_cov_7.721842	1734	45.27
GC1003827_G04_NODE_5527_length_1734_cov_5.477287	1734	43.31
GC1003827_G04_NODE_5528_length_1734_cov_4.664592	1734	47.92
GC1003827_G04_NODE_5529_length_1734_cov_4.330429	1734	49.31
GC1003827_G04_NODE_5530_length_1734_cov_3.224642	1734	43.08
GC1003827_G04_NODE_5531_length_1734_cov_2.998755	1734	37.49
GC1003827_G04_NODE_5532_length_1734_cov_1.886123	1734	49.65
GC1003827_G04_NODE_5533_length_1733_cov_9.283935	1733	48.76
GC1003827_G04_NODE_5534_length_1733_cov_5.612080	1733	45.24
GC1003827_G04_NODE_5535_length_1733_cov_5.265878	1733	44.32
GC1003827_G04_NODE_5536_length_1732_cov_8.544548	1732	50.12
GC1003827_G04_NODE_5537_length_1732_cov_4.603738	1732	46.42
GC1003827_G04_NODE_5538_length_1732_cov_3.127103	1732	46.65
GC1003827_G04_NODE_5539_length_1731_cov_10.408354	1731	48.41
GC1003827_G04_NODE_5540_length_1731_cov_10.147756	1731	44.48
GC1003827_G04_NODE_5541_length_1731_cov_7.872818	1731	43.62
GC1003827_G04_NODE_5542_length_1731_cov_6.682045	1731	48.76
GC1003827_G04_NODE_5543_length_1731_cov_5.573566	1731	43.62
GC1003827_G04_NODE_5544_length_1731_cov_4.519950	1731	46.45
GC1003827_G04_NODE_5545_length_1731_cov_4.510599	1731	64.47
GC1003827_G04_NODE_5546_length_1731_cov_4.421446	1731	44.54
GC1003827_G04_NODE_5547_length_1731_cov_2.493142	1731	44.37
GC1003827_G04_NODE_5548_length_1730_cov_7.154086	1730	51.56
GC1003827_G04_NODE_5549_length_1730_cov_4.835309	1730	49.54
GC1003827_G04_NODE_5550_length_1730_cov_1.374922	1730	50.23
GC1003827_G04_NODE_5551_length_1729_cov_7.674782	1729	48.87
GC1003827_G04_NODE_5552_length_1729_cov_5.308365	1729	44.94
GC1003827_G04_NODE_5553_length_1729_cov_4.936330	1729	70.10
GC1003827_G04_NODE_5554_length_1729_cov_3.192260	1729	48.81
GC1003827_G04_NODE_5555_length_1729_cov_3.131710	1729	49.16
GC1003827_G04_NODE_5556_length_1728_cov_5.555903	1728	43.63
GC1003827_G04_NODE_5557_length_1728_cov_4.851968	1728	47.74
GC1003827_G04_NODE_5558_length_1728_cov_4.693941	1728	50.17
GC1003827_G04_NODE_5559_length_1728_cov_3.146159	1728	42.01
GC1003827_G04_NODE_5560_length_1728_cov_2.703935	1728	39.76
GC1003827_G04_NODE_5561_length_1728_cov_2.330418	1728	44.97
GC1003827_G04_NODE_5562_length_1727_cov_4.426875	1727	67.81
GC1003827_G04_NODE_5563_length_1726_cov_10.487179	1726	46.64
GC1003827_G04_NODE_5564_length_1726_cov_9.652283	1726	47.33
GC1003827_G04_NODE_5565_length_1726_cov_8.828643	1726	43.57
GC1003827_G04_NODE_5566_length_1726_cov_7.801126	1726	41.48
GC1003827_G04_NODE_5567_length_1726_cov_3.923077	1726	46.18
GC1003827_G04_NODE_5568_length_1726_cov_0.934334	1726	40.09
GC1003827_G04_NODE_5569_length_1725_cov_15.984355	1725	44.87
GC1003827_G04_NODE_5570_length_1725_cov_5.578849	1725	45.86
GC1003827_G04_NODE_5571_length_1725_cov_5.262203	1725	45.80
GC1003827_G04_NODE_5572_length_1725_cov_2.208385	1725	45.04
GC1003827_G04_NODE_5573_length_1724_cov_11.437070	1724	49.42
GC1003827_G04_NODE_5574_length_1724_cov_11.077646	1724	46.58
GC1003827_G04_NODE_5575_length_1724_cov_9.351284	1724	49.19
GC1003827_G04_NODE_5576_length_1724_cov_3.068253	1724	50.17
GC1003827_G04_NODE_5577_length_1724_cov_2.884784	1724	43.56
GC1003827_G04_NODE_5578_length_1724_cov_2.670632	1724	46.69
GC1003827_G04_NODE_5579_length_1723_cov_6.922306	1723	45.27
GC1003827_G04_NODE_5580_length_1723_cov_6.449875	1723	43.41
GC1003827_G04_NODE_5581_length_1723_cov_6.012531	1723	45.44
GC1003827_G04_NODE_5582_length_1723_cov_4.277569	1723	59.84
GC1003827_G04_NODE_5583_length_1723_cov_1.802632	1723	44.52
GC1003827_G04_NODE_5584_length_1723_cov_0.946115	1723	44.46
GC1003827_G04_NODE_5585_length_1723_cov_0.832080	1723	63.67
GC1003827_G04_NODE_5586_length_1722_cov_6.342947	1722	46.11
GC1003827_G04_NODE_5587_length_1722_cov_5.233229	1722	45.70
GC1003827_G04_NODE_5588_length_1722_cov_4.641379	1722	52.21
GC1003827_G04_NODE_5589_length_1722_cov_2.264577	1722	47.33
GC1003827_G04_NODE_5590_length_1722_cov_1.685266	1722	53.14
GC1003827_G04_NODE_5591_length_1722_cov_1.406270	1722	45.53
GC1003827_G04_NODE_5592_length_1721_cov_10.870765	1721	43.40
GC1003827_G04_NODE_5593_length_1721_cov_5.338143	1721	43.93
GC1003827_G04_NODE_5594_length_1721_cov_4.861982	1721	44.10
GC1003827_G04_NODE_5595_length_1721_cov_3.566499	1721	65.54
GC1003827_G04_NODE_5596_length_1721_cov_3.493099	1721	41.95
GC1003827_G04_NODE_5597_length_1720_cov_10.726930	1720	48.60
GC1003827_G04_NODE_5598_length_1720_cov_8.414940	1720	53.08
GC1003827_G04_NODE_5599_length_1720_cov_5.388575	1720	48.20
GC1003827_G04_NODE_5600_length_1720_cov_3.436284	1720	39.24
GC1003827_G04_NODE_5601_length_1720_cov_3.396736	1720	42.56
GC1003827_G04_NODE_5602_length_1719_cov_22.625628	1719	44.85
GC1003827_G04_NODE_5603_length_1719_cov_19.544598	1719	49.68
GC1003827_G04_NODE_5604_length_1719_cov_9.016332	1719	44.04
GC1003827_G04_NODE_5605_length_1719_cov_7.356156	1719	47.06
GC1003827_G04_NODE_5606_length_1719_cov_7.096106	1719	43.80
GC1003827_G04_NODE_5607_length_1719_cov_5.693467	1719	50.32
GC1003827_G04_NODE_5608_length_1719_cov_3.559045	1719	41.01
GC1003827_G04_NODE_5609_length_1719_cov_3.071608	1719	45.78
GC1003827_G04_NODE_5610_length_1719_cov_2.571608	1719	39.62
GC1003827_G04_NODE_5611_length_1719_cov_1.287060	1719	48.17
GC1003827_G04_NODE_5612_length_1718_cov_3.988058	1718	45.69
GC1003827_G04_NODE_5613_length_1718_cov_3.269642	1718	49.42
GC1003827_G04_NODE_5614_length_1718_cov_2.857951	1718	69.97
GC1003827_G04_NODE_5615_length_1717_cov_5.664151	1717	45.78
GC1003827_G04_NODE_5616_length_1717_cov_4.523899	1717	57.89
GC1003827_G04_NODE_5617_length_1717_cov_4.374214	1717	49.33
GC1003827_G04_NODE_5618_length_1717_cov_3.563522	1717	49.50
GC1003827_G04_NODE_5619_length_1716_cov_9.577722	1716	44.87
GC1003827_G04_NODE_5620_length_1716_cov_9.186910	1716	47.55
GC1003827_G04_NODE_5621_length_1716_cov_8.212083	1716	46.85
GC1003827_G04_NODE_5622_length_1716_cov_5.745123	1716	48.25
GC1003827_G04_NODE_5623_length_1716_cov_4.995595	1716	42.25
GC1003827_G04_NODE_5624_length_1716_cov_2.590308	1716	47.96
GC1003827_G04_NODE_5625_length_1716_cov_1.073631	1716	66.32
GC1003827_G04_NODE_5626_length_1715_cov_15.458438	1715	48.34
GC1003827_G04_NODE_5627_length_1715_cov_3.586902	1715	45.19
GC1003827_G04_NODE_5628_length_1715_cov_2.333123	1715	41.69
GC1003827_G04_NODE_5629_length_1714_cov_9.585381	1714	45.57
GC1003827_G04_NODE_5630_length_1714_cov_5.989288	1714	41.25
GC1003827_G04_NODE_5631_length_1714_cov_5.374291	1714	44.98
GC1003827_G04_NODE_5632_length_1714_cov_3.684940	1714	47.26
GC1003827_G04_NODE_5633_length_1714_cov_3.283554	1714	46.32
GC1003827_G04_NODE_5634_length_1714_cov_1.943289	1714	56.83
GC1003827_G04_NODE_5635_length_1713_cov_10.867591	1713	46.29
GC1003827_G04_NODE_5636_length_1713_cov_8.885876	1713	44.83
GC1003827_G04_NODE_5637_length_1713_cov_6.503783	1713	48.39
GC1003827_G04_NODE_5638_length_1713_cov_3.768600	1713	53.47
GC1003827_G04_NODE_5639_length_1713_cov_1.970996	1713	44.48
GC1003827_G04_NODE_5640_length_1713_cov_1.895965	1713	68.77
GC1003827_G04_NODE_5641_length_1712_cov_4.002524	1712	71.26
GC1003827_G04_NODE_5642_length_1712_cov_2.739432	1712	62.32
GC1003827_G04_NODE_5643_length_1711_cov_6.977273	1711	44.01
GC1003827_G04_NODE_5644_length_1711_cov_6.847222	1711	45.30
GC1003827_G04_NODE_5645_length_1711_cov_4.966540	1711	48.39
GC1003827_G04_NODE_5646_length_1711_cov_2.267045	1711	40.33
GC1003827_G04_NODE_5647_length_1711_cov_0.976010	1711	69.73
GC1003827_G04_NODE_5648_length_1710_cov_4.232470	1710	43.22
GC1003827_G04_NODE_5649_length_1710_cov_1.873658	1710	44.80
GC1003827_G04_NODE_5650_length_1709_cov_2.747788	1709	63.02
GC1003827_G04_NODE_5651_length_1708_cov_13.308665	1708	43.27
GC1003827_G04_NODE_5652_length_1708_cov_9.982290	1708	44.44
GC1003827_G04_NODE_5653_length_1708_cov_7.960152	1708	50.47
GC1003827_G04_NODE_5654_length_1708_cov_6.595193	1708	44.73
GC1003827_G04_NODE_5655_length_1708_cov_6.148008	1708	37.18
GC1003827_G04_NODE_5656_length_1708_cov_5.541429	1708	46.78
GC1003827_G04_NODE_5657_length_1708_cov_4.622391	1708	48.36
GC1003827_G04_NODE_5658_length_1708_cov_2.881088	1708	48.77
GC1003827_G04_NODE_5659_length_1708_cov_1.574320	1708	55.56
GC1003827_G04_NODE_5660_length_1708_cov_1.364326	1708	47.31
GC1003827_G04_NODE_5661_length_1707_cov_4.598734	1707	52.84
GC1003827_G04_NODE_5662_length_1707_cov_3.608861	1707	46.28
GC1003827_G04_NODE_5663_length_1707_cov_3.118987	1707	65.03
GC1003827_G04_NODE_5664_length_1707_cov_1.630380	1707	45.23
GC1003827_G04_NODE_5665_length_1707_cov_0.838608	1707	65.96
GC1003827_G04_NODE_5666_length_1706_cov_4.975934	1706	64.24
GC1003827_G04_NODE_5667_length_1706_cov_2.910703	1706	64.83
GC1003827_G04_NODE_5668_length_1706_cov_1.663711	1706	39.62
GC1003827_G04_NODE_5669_length_1705_cov_8.918885	1705	45.10
GC1003827_G04_NODE_5670_length_1705_cov_6.393536	1705	42.87
GC1003827_G04_NODE_5671_length_1705_cov_3.414449	1705	48.27
GC1003827_G04_NODE_5672_length_1705_cov_3.327630	1705	41.23
GC1003827_G04_NODE_5673_length_1705_cov_3.252218	1705	48.21
GC1003827_G04_NODE_5674_length_1705_cov_1.305450	1705	66.98
GC1003827_G04_NODE_5675_length_1705_cov_1.044360	1705	67.57
GC1003827_G04_NODE_5676_length_1704_cov_8.977806	1704	45.66
GC1003827_G04_NODE_5677_length_1704_cov_5.057705	1704	44.13
GC1003827_G04_NODE_5678_length_1704_cov_2.461002	1704	67.49
GC1003827_G04_NODE_5679_length_1703_cov_6.986675	1703	46.27
GC1003827_G04_NODE_5680_length_1703_cov_4.039340	1703	46.21
GC1003827_G04_NODE_5681_length_1703_cov_3.800761	1703	47.03
GC1003827_G04_NODE_5682_length_1703_cov_3.178299	1703	42.10
GC1003827_G04_NODE_5683_length_1703_cov_3.119289	1703	44.98
GC1003827_G04_NODE_5684_length_1703_cov_1.650381	1703	62.60
GC1003827_G04_NODE_5685_length_1703_cov_1.241751	1703	57.43
GC1003827_G04_NODE_5686_length_1702_cov_7.744127	1702	43.01
GC1003827_G04_NODE_5687_length_1702_cov_4.645714	1702	46.65
GC1003827_G04_NODE_5688_length_1702_cov_2.951111	1702	38.01
GC1003827_G04_NODE_5689_length_1701_cov_10.104193	1701	46.33
GC1003827_G04_NODE_5690_length_1701_cov_5.808132	1701	46.91
GC1003827_G04_NODE_5691_length_1701_cov_5.754765	1701	46.21
GC1003827_G04_NODE_5692_length_1701_cov_5.108640	1701	45.09
GC1003827_G04_NODE_5693_length_1700_cov_5.533376	1700	41.06
GC1003827_G04_NODE_5694_length_1700_cov_4.713922	1700	47.06
GC1003827_G04_NODE_5695_length_1700_cov_4.624921	1700	49.18
GC1003827_G04_NODE_5696_length_1700_cov_3.945327	1700	43.59
GC1003827_G04_NODE_5697_length_1700_cov_2.609027	1700	40.47
GC1003827_G04_NODE_5698_length_1700_cov_2.215512	1700	49.59
GC1003827_G04_NODE_5699_length_1700_cov_1.406230	1700	34.24
GC1003827_G04_NODE_5700_length_1699_cov_13.755725	1699	48.79
GC1003827_G04_NODE_5701_length_1699_cov_11.788168	1699	45.09
GC1003827_G04_NODE_5702_length_1699_cov_4.711196	1699	43.08
GC1003827_G04_NODE_5703_length_1699_cov_3.536260	1699	45.56
GC1003827_G04_NODE_5704_length_1699_cov_2.772265	1699	47.73
GC1003827_G04_NODE_5705_length_1698_cov_5.933800	1698	48.06
GC1003827_G04_NODE_5706_length_1698_cov_3.001910	1698	68.61
GC1003827_G04_NODE_5707_length_1698_cov_1.462126	1698	49.23
GC1003827_G04_NODE_5708_length_1697_cov_12.348408	1697	49.73
GC1003827_G04_NODE_5709_length_1697_cov_6.834395	1697	50.32
GC1003827_G04_NODE_5710_length_1697_cov_5.714650	1697	46.67
GC1003827_G04_NODE_5711_length_1697_cov_5.173248	1697	46.49
GC1003827_G04_NODE_5712_length_1697_cov_3.121019	1697	44.55
GC1003827_G04_NODE_5713_length_1697_cov_3.000000	1697	39.07
GC1003827_G04_NODE_5714_length_1696_cov_5.833652	1696	46.17
GC1003827_G04_NODE_5715_length_1696_cov_3.542384	1696	43.99
GC1003827_G04_NODE_5716_length_1696_cov_3.235819	1696	51.00
GC1003827_G04_NODE_5717_length_1696_cov_2.799235	1696	51.71
GC1003827_G04_NODE_5718_length_1696_cov_2.215424	1696	50.06
GC1003827_G04_NODE_5719_length_1696_cov_1.926068	1696	46.58
GC1003827_G04_NODE_5720_length_1695_cov_8.504464	1695	43.24
GC1003827_G04_NODE_5721_length_1695_cov_7.771046	1695	44.66
GC1003827_G04_NODE_5722_length_1695_cov_7.376913	1695	40.88
GC1003827_G04_NODE_5723_length_1695_cov_6.102041	1695	42.71
GC1003827_G04_NODE_5724_length_1695_cov_5.809949	1695	49.91
GC1003827_G04_NODE_5725_length_1695_cov_4.679847	1695	48.32
GC1003827_G04_NODE_5726_length_1695_cov_3.558036	1695	48.08
GC1003827_G04_NODE_5727_length_1695_cov_3.468750	1695	46.61
GC1003827_G04_NODE_5728_length_1695_cov_3.269133	1695	47.32
GC1003827_G04_NODE_5729_length_1695_cov_2.616071	1695	40.77
GC1003827_G04_NODE_5730_length_1695_cov_2.403699	1695	44.25
GC1003827_G04_NODE_5731_length_1695_cov_0.985332	1695	50.03
GC1003827_G04_NODE_5732_length_1694_cov_13.802808	1694	48.58
GC1003827_G04_NODE_5733_length_1694_cov_12.501595	1694	60.86
GC1003827_G04_NODE_5734_length_1694_cov_10.369496	1694	47.40
GC1003827_G04_NODE_5735_length_1694_cov_5.080408	1694	47.17
GC1003827_G04_NODE_5736_length_1694_cov_3.287173	1694	47.05
GC1003827_G04_NODE_5737_length_1694_cov_1.072750	1694	56.49
GC1003827_G04_NODE_5738_length_1693_cov_11.945083	1693	41.94
GC1003827_G04_NODE_5739_length_1693_cov_10.897190	1693	44.83
GC1003827_G04_NODE_5740_length_1693_cov_7.544700	1693	41.35
GC1003827_G04_NODE_5741_length_1693_cov_3.557471	1693	45.48
GC1003827_G04_NODE_5742_length_1693_cov_3.258621	1693	47.31
GC1003827_G04_NODE_5743_length_1693_cov_2.637292	1693	49.68
GC1003827_G04_NODE_5744_length_1693_cov_2.072797	1693	42.59
GC1003827_G04_NODE_5745_length_1693_cov_1.355683	1693	43.65
GC1003827_G04_NODE_5746_length_1692_cov_16.849840	1692	43.38
GC1003827_G04_NODE_5747_length_1692_cov_9.842812	1692	44.62
GC1003827_G04_NODE_5748_length_1692_cov_8.153994	1692	48.88
GC1003827_G04_NODE_5749_length_1692_cov_7.583387	1692	45.45
GC1003827_G04_NODE_5750_length_1692_cov_4.494569	1692	45.92
GC1003827_G04_NODE_5751_length_1692_cov_3.411502	1692	45.63
GC1003827_G04_NODE_5752_length_1692_cov_2.897125	1692	39.60
GC1003827_G04_NODE_5753_length_1692_cov_2.523323	1692	46.04
GC1003827_G04_NODE_5754_length_1692_cov_1.262620	1692	67.43
GC1003827_G04_NODE_5755_length_1692_cov_1.059425	1692	63.59
GC1003827_G04_NODE_5756_length_1691_cov_6.845908	1691	47.78
GC1003827_G04_NODE_5757_length_1691_cov_3.769821	1691	47.78
GC1003827_G04_NODE_5758_length_1691_cov_3.170716	1691	45.83
GC1003827_G04_NODE_5759_length_1691_cov_2.619565	1691	47.84
GC1003827_G04_NODE_5760_length_1690_cov_13.574536	1690	45.50
GC1003827_G04_NODE_5761_length_1690_cov_9.442099	1690	49.53
GC1003827_G04_NODE_5762_length_1690_cov_5.517594	1690	53.08
GC1003827_G04_NODE_5763_length_1690_cov_4.360845	1690	67.99
GC1003827_G04_NODE_5764_length_1690_cov_1.745361	1690	49.64
GC1003827_G04_NODE_5765_length_1690_cov_1.255918	1690	54.08
GC1003827_G04_NODE_5766_length_1689_cov_7.412932	1689	43.34
GC1003827_G04_NODE_5767_length_1689_cov_6.619718	1689	52.93
GC1003827_G04_NODE_5768_length_1689_cov_5.967350	1689	53.76
GC1003827_G04_NODE_5769_length_1689_cov_5.672855	1689	47.48
GC1003827_G04_NODE_5770_length_1689_cov_5.631882	1689	48.49
GC1003827_G04_NODE_5771_length_1689_cov_3.529449	1689	51.75
GC1003827_G04_NODE_5772_length_1688_cov_12.438821	1688	46.03
GC1003827_G04_NODE_5773_length_1688_cov_7.837284	1688	49.70
GC1003827_G04_NODE_5774_length_1688_cov_6.461883	1688	45.79
GC1003827_G04_NODE_5775_length_1688_cov_3.549648	1688	48.22
GC1003827_G04_NODE_5776_length_1687_cov_10.944231	1687	42.68
GC1003827_G04_NODE_5777_length_1687_cov_5.028846	1687	44.40
GC1003827_G04_NODE_5778_length_1687_cov_4.799359	1687	48.73
GC1003827_G04_NODE_5779_length_1687_cov_4.630128	1687	55.78
GC1003827_G04_NODE_5780_length_1687_cov_2.242949	1687	60.64
GC1003827_G04_NODE_5781_length_1687_cov_1.635897	1687	44.16
GC1003827_G04_NODE_5782_length_1687_cov_1.391026	1687	40.96
GC1003827_G04_NODE_5783_length_1686_cov_19.715843	1686	46.03
GC1003827_G04_NODE_5784_length_1686_cov_4.104554	1686	48.58
GC1003827_G04_NODE_5785_length_1686_cov_4.069275	1686	51.36
GC1003827_G04_NODE_5786_length_1686_cov_2.350866	1686	45.55
GC1003827_G04_NODE_5787_length_1686_cov_1.846055	1686	65.48
GC1003827_G04_NODE_5788_length_1685_cov_16.623877	1685	48.49
GC1003827_G04_NODE_5789_length_1685_cov_15.068678	1685	48.31
GC1003827_G04_NODE_5790_length_1685_cov_13.068678	1685	45.16
GC1003827_G04_NODE_5791_length_1685_cov_8.924904	1685	41.13
GC1003827_G04_NODE_5792_length_1685_cov_5.871630	1685	45.88
GC1003827_G04_NODE_5793_length_1685_cov_2.653402	1685	46.59
GC1003827_G04_NODE_5794_length_1685_cov_1.740693	1685	43.62
GC1003827_G04_NODE_5795_length_1684_cov_22.273603	1684	42.04
GC1003827_G04_NODE_5796_length_1684_cov_6.538215	1684	51.37
GC1003827_G04_NODE_5797_length_1684_cov_5.770071	1684	46.97
GC1003827_G04_NODE_5798_length_1684_cov_5.214515	1684	50.77
GC1003827_G04_NODE_5799_length_1684_cov_3.727681	1684	47.86
GC1003827_G04_NODE_5800_length_1683_cov_6.828406	1683	46.35
GC1003827_G04_NODE_5801_length_1683_cov_6.513496	1683	47.42
GC1003827_G04_NODE_5802_length_1683_cov_4.976221	1683	46.46
GC1003827_G04_NODE_5803_length_1683_cov_4.868252	1683	42.31
GC1003827_G04_NODE_5804_length_1683_cov_2.495501	1683	65.89
GC1003827_G04_NODE_5805_length_1682_cov_14.439871	1682	47.80
GC1003827_G04_NODE_5806_length_1682_cov_8.583923	1682	39.83
GC1003827_G04_NODE_5807_length_1682_cov_6.832797	1682	47.44
GC1003827_G04_NODE_5808_length_1682_cov_2.183923	1682	48.04
GC1003827_G04_NODE_5809_length_1682_cov_2.122186	1682	51.31
GC1003827_G04_NODE_5810_length_1681_cov_5.912484	1681	46.22
GC1003827_G04_NODE_5811_length_1681_cov_5.490347	1681	51.64
GC1003827_G04_NODE_5812_length_1681_cov_2.579151	1681	69.54
GC1003827_G04_NODE_5813_length_1680_cov_10.295557	1680	43.57
GC1003827_G04_NODE_5814_length_1680_cov_2.980683	1680	44.17
GC1003827_G04_NODE_5815_length_1679_cov_8.244845	1679	45.44
GC1003827_G04_NODE_5816_length_1679_cov_6.984536	1679	40.80
GC1003827_G04_NODE_5817_length_1679_cov_5.806057	1679	42.64
GC1003827_G04_NODE_5818_length_1679_cov_5.173325	1679	52.05
GC1003827_G04_NODE_5819_length_1679_cov_3.807345	1679	48.60
GC1003827_G04_NODE_5820_length_1679_cov_2.823454	1679	38.30
GC1003827_G04_NODE_5821_length_1679_cov_2.236469	1679	46.22
GC1003827_G04_NODE_5822_length_1679_cov_2.164304	1679	46.52
GC1003827_G04_NODE_5823_length_1679_cov_1.924613	1679	49.14
GC1003827_G04_NODE_5824_length_1678_cov_6.586718	1678	43.56
GC1003827_G04_NODE_5825_length_1678_cov_5.507415	1678	43.44
GC1003827_G04_NODE_5826_length_1678_cov_5.238556	1678	39.63
GC1003827_G04_NODE_5827_length_1678_cov_5.234687	1678	36.95
GC1003827_G04_NODE_5828_length_1678_cov_4.302386	1678	45.59
GC1003827_G04_NODE_5829_length_1678_cov_2.549323	1678	41.95
GC1003827_G04_NODE_5830_length_1678_cov_1.992908	1678	46.25
GC1003827_G04_NODE_5831_length_1678_cov_0.890393	1678	43.62
GC1003827_G04_NODE_5832_length_1677_cov_7.807742	1677	49.61
GC1003827_G04_NODE_5833_length_1677_cov_5.378065	1677	45.44
GC1003827_G04_NODE_5834_length_1677_cov_2.300000	1677	39.36
GC1003827_G04_NODE_5835_length_1677_cov_1.767097	1677	58.62
GC1003827_G04_NODE_5836_length_1677_cov_1.134194	1677	66.01
GC1003827_G04_NODE_5837_length_1677_cov_1.074194	1677	69.95
GC1003827_G04_NODE_5838_length_1676_cov_20.373144	1676	40.99
GC1003827_G04_NODE_5839_length_1676_cov_7.941898	1676	42.36
GC1003827_G04_NODE_5840_length_1676_cov_6.226598	1676	44.33
GC1003827_G04_NODE_5841_length_1676_cov_4.511298	1676	46.12
GC1003827_G04_NODE_5842_length_1676_cov_3.376372	1676	48.99
GC1003827_G04_NODE_5843_length_1676_cov_3.003228	1676	46.18
GC1003827_G04_NODE_5844_length_1676_cov_2.517753	1676	45.05
GC1003827_G04_NODE_5845_length_1676_cov_1.979987	1676	65.45
GC1003827_G04_NODE_5846_length_1675_cov_12.732558	1675	44.42
GC1003827_G04_NODE_5847_length_1675_cov_8.596899	1675	45.73
GC1003827_G04_NODE_5848_length_1675_cov_6.048450	1675	49.01
GC1003827_G04_NODE_5849_length_1675_cov_5.392765	1675	41.37
GC1003827_G04_NODE_5850_length_1675_cov_4.558786	1675	46.21
GC1003827_G04_NODE_5851_length_1675_cov_4.487726	1675	39.88
GC1003827_G04_NODE_5852_length_1675_cov_4.298450	1675	43.04
GC1003827_G04_NODE_5853_length_1675_cov_2.591085	1675	48.72
GC1003827_G04_NODE_5854_length_1675_cov_2.573643	1675	47.16
GC1003827_G04_NODE_5855_length_1674_cov_11.963154	1674	46.71
GC1003827_G04_NODE_5856_length_1674_cov_7.598578	1674	47.43
GC1003827_G04_NODE_5857_length_1673_cov_7.819534	1673	47.34
GC1003827_G04_NODE_5858_length_1672_cov_20.240777	1672	45.45
GC1003827_G04_NODE_5859_length_1672_cov_18.043366	1672	49.34
GC1003827_G04_NODE_5860_length_1672_cov_13.809061	1672	42.82
GC1003827_G04_NODE_5861_length_1672_cov_9.093851	1672	49.64
GC1003827_G04_NODE_5862_length_1672_cov_5.645955	1672	42.88
GC1003827_G04_NODE_5863_length_1672_cov_5.262136	1672	42.58
GC1003827_G04_NODE_5864_length_1672_cov_4.981230	1672	54.61
GC1003827_G04_NODE_5865_length_1672_cov_2.959223	1672	49.40
GC1003827_G04_NODE_5866_length_1672_cov_2.227832	1672	62.68
GC1003827_G04_NODE_5867_length_1672_cov_2.166343	1672	46.83
GC1003827_G04_NODE_5868_length_1672_cov_1.671197	1672	47.01
GC1003827_G04_NODE_5869_length_1671_cov_10.095855	1671	48.06
GC1003827_G04_NODE_5870_length_1671_cov_6.955311	1671	43.87
GC1003827_G04_NODE_5871_length_1671_cov_5.371114	1671	49.67
GC1003827_G04_NODE_5872_length_1671_cov_3.463731	1671	50.57
GC1003827_G04_NODE_5873_length_1671_cov_1.505829	1671	64.27
GC1003827_G04_NODE_5874_length_1670_cov_12.562541	1670	48.02
GC1003827_G04_NODE_5875_length_1670_cov_12.504861	1670	43.59
GC1003827_G04_NODE_5876_length_1670_cov_9.928710	1670	43.41
GC1003827_G04_NODE_5877_length_1670_cov_8.870382	1670	47.96
GC1003827_G04_NODE_5878_length_1670_cov_6.639015	1670	44.25
GC1003827_G04_NODE_5879_length_1670_cov_5.577447	1670	42.28
GC1003827_G04_NODE_5880_length_1670_cov_5.258587	1670	42.04
GC1003827_G04_NODE_5881_length_1670_cov_3.216461	1670	65.09
GC1003827_G04_NODE_5882_length_1670_cov_1.639663	1670	42.93
GC1003827_G04_NODE_5883_length_1670_cov_1.399222	1670	65.81
GC1003827_G04_NODE_5884_length_1669_cov_7.328794	1669	43.56
GC1003827_G04_NODE_5885_length_1669_cov_3.191958	1669	46.20
GC1003827_G04_NODE_5886_length_1669_cov_2.208171	1669	60.04
GC1003827_G04_NODE_5887_length_1669_cov_2.009728	1669	66.63
GC1003827_G04_NODE_5888_length_1668_cov_6.730694	1668	44.60
GC1003827_G04_NODE_5889_length_1668_cov_1.729396	1668	50.18
GC1003827_G04_NODE_5890_length_1667_cov_1.993506	1667	65.51
GC1003827_G04_NODE_5891_length_1667_cov_1.977922	1667	68.81
GC1003827_G04_NODE_5892_length_1667_cov_1.873377	1667	62.57
GC1003827_G04_NODE_5893_length_1667_cov_1.600649	1667	48.35
GC1003827_G04_NODE_5894_length_1666_cov_4.688759	1666	45.74
GC1003827_G04_NODE_5895_length_1666_cov_4.150097	1666	63.33
GC1003827_G04_NODE_5896_length_1666_cov_2.735543	1666	46.52
GC1003827_G04_NODE_5897_length_1666_cov_2.479532	1666	73.35
GC1003827_G04_NODE_5898_length_1666_cov_0.939571	1666	44.24
GC1003827_G04_NODE_5899_length_1665_cov_6.797789	1665	52.01
GC1003827_G04_NODE_5900_length_1665_cov_6.555267	1665	50.51
GC1003827_G04_NODE_5901_length_1665_cov_6.369311	1665	44.20
GC1003827_G04_NODE_5902_length_1665_cov_5.196359	1665	44.68
GC1003827_G04_NODE_5903_length_1665_cov_4.243173	1665	43.18
GC1003827_G04_NODE_5904_length_1665_cov_3.062419	1665	44.56
GC1003827_G04_NODE_5905_length_1664_cov_15.199089	1664	45.67
GC1003827_G04_NODE_5906_length_1664_cov_9.226415	1664	45.55
GC1003827_G04_NODE_5907_length_1664_cov_4.469746	1664	48.08
GC1003827_G04_NODE_5908_length_1664_cov_3.957059	1664	46.39
GC1003827_G04_NODE_5909_length_1664_cov_3.567339	1664	48.38
GC1003827_G04_NODE_5910_length_1664_cov_3.471698	1664	48.08
GC1003827_G04_NODE_5911_length_1664_cov_1.510085	1664	45.79
GC1003827_G04_NODE_5912_length_1664_cov_1.219909	1664	48.80
GC1003827_G04_NODE_5913_length_1663_cov_17.571615	1663	46.00
GC1003827_G04_NODE_5914_length_1663_cov_8.024089	1663	64.76
GC1003827_G04_NODE_5915_length_1663_cov_5.586589	1663	51.05
GC1003827_G04_NODE_5916_length_1663_cov_3.669922	1663	68.19
GC1003827_G04_NODE_5917_length_1663_cov_2.931641	1663	45.70
GC1003827_G04_NODE_5918_length_1662_cov_10.884691	1662	43.68
GC1003827_G04_NODE_5919_length_1662_cov_10.050814	1662	43.98
GC1003827_G04_NODE_5920_length_1662_cov_6.312704	1662	50.78
GC1003827_G04_NODE_5921_length_1662_cov_5.583062	1662	40.01
GC1003827_G04_NODE_5922_length_1662_cov_3.418893	1662	44.89
GC1003827_G04_NODE_5923_length_1662_cov_2.528339	1662	39.59
GC1003827_G04_NODE_5924_length_1662_cov_2.081433	1662	46.39
GC1003827_G04_NODE_5925_length_1662_cov_1.304235	1662	57.70
GC1003827_G04_NODE_5926_length_1661_cov_7.426336	1661	52.20
GC1003827_G04_NODE_5927_length_1661_cov_5.930900	1661	43.89
GC1003827_G04_NODE_5928_length_1661_cov_5.284876	1661	43.23
GC1003827_G04_NODE_5929_length_1661_cov_2.231421	1661	67.07
GC1003827_G04_NODE_5930_length_1661_cov_1.771838	1661	43.41
GC1003827_G04_NODE_5931_length_1661_cov_1.499348	1661	45.82
GC1003827_G04_NODE_5932_length_1661_cov_1.236636	1661	42.75
GC1003827_G04_NODE_5933_length_1661_cov_1.164276	1661	57.86
GC1003827_G04_NODE_5934_length_1660_cov_12.829093	1660	37.47
GC1003827_G04_NODE_5935_length_1660_cov_6.362035	1660	43.98
GC1003827_G04_NODE_5936_length_1660_cov_3.820613	1660	51.99
GC1003827_G04_NODE_5937_length_1660_cov_3.268754	1660	44.22
GC1003827_G04_NODE_5938_length_1660_cov_1.909980	1660	45.78
GC1003827_G04_NODE_5939_length_1660_cov_1.890411	1660	63.19
GC1003827_G04_NODE_5940_length_1660_cov_1.414220	1660	49.70
GC1003827_G04_NODE_5941_length_1659_cov_5.804830	1659	45.87
GC1003827_G04_NODE_5942_length_1659_cov_4.373368	1659	43.28
GC1003827_G04_NODE_5943_length_1659_cov_3.592689	1659	50.57
GC1003827_G04_NODE_5944_length_1659_cov_3.526110	1659	60.64
GC1003827_G04_NODE_5945_length_1659_cov_3.434073	1659	48.04
GC1003827_G04_NODE_5946_length_1658_cov_11.152188	1658	43.00
GC1003827_G04_NODE_5947_length_1658_cov_5.239713	1658	51.45
GC1003827_G04_NODE_5948_length_1658_cov_4.677335	1658	40.59
GC1003827_G04_NODE_5949_length_1658_cov_4.344219	1658	47.83
GC1003827_G04_NODE_5950_length_1658_cov_3.189419	1658	49.52
GC1003827_G04_NODE_5951_length_1658_cov_3.003919	1658	45.42
GC1003827_G04_NODE_5952_length_1658_cov_2.239713	1658	45.17
GC1003827_G04_NODE_5953_length_1657_cov_8.443137	1657	47.98
GC1003827_G04_NODE_5954_length_1657_cov_7.291503	1657	45.99
GC1003827_G04_NODE_5955_length_1657_cov_4.694118	1657	43.39
GC1003827_G04_NODE_5956_length_1657_cov_3.501961	1657	52.02
GC1003827_G04_NODE_5957_length_1657_cov_1.503268	1657	38.68
GC1003827_G04_NODE_5958_length_1657_cov_0.750980	1657	64.21
GC1003827_G04_NODE_5959_length_1656_cov_8.698496	1656	40.82
GC1003827_G04_NODE_5960_length_1656_cov_7.543492	1656	47.83
GC1003827_G04_NODE_5961_length_1656_cov_7.133421	1656	42.09
GC1003827_G04_NODE_5962_length_1656_cov_4.926750	1656	48.49
GC1003827_G04_NODE_5963_length_1656_cov_4.615435	1656	47.22
GC1003827_G04_NODE_5964_length_1656_cov_3.117724	1656	62.50
GC1003827_G04_NODE_5965_length_1656_cov_1.921517	1656	57.00
GC1003827_G04_NODE_5966_length_1656_cov_1.298234	1656	68.30
GC1003827_G04_NODE_5967_length_1655_cov_7.979058	1655	43.26
GC1003827_G04_NODE_5968_length_1655_cov_7.253272	1655	47.13
GC1003827_G04_NODE_5969_length_1655_cov_6.514398	1655	49.97
GC1003827_G04_NODE_5970_length_1655_cov_6.200262	1655	41.27
GC1003827_G04_NODE_5971_length_1655_cov_4.499346	1655	43.56
GC1003827_G04_NODE_5972_length_1655_cov_3.181937	1655	52.21
GC1003827_G04_NODE_5973_length_1655_cov_3.021597	1655	47.25
GC1003827_G04_NODE_5974_length_1655_cov_2.644634	1655	40.48
GC1003827_G04_NODE_5975_length_1655_cov_1.205497	1655	46.34
GC1003827_G04_NODE_5976_length_1655_cov_1.035340	1655	70.39
GC1003827_G04_NODE_5977_length_1654_cov_13.440733	1654	43.53
GC1003827_G04_NODE_5978_length_1654_cov_7.561231	1654	50.30
GC1003827_G04_NODE_5979_length_1654_cov_7.219384	1654	50.97
GC1003827_G04_NODE_5980_length_1654_cov_6.937787	1654	51.03
GC1003827_G04_NODE_5981_length_1654_cov_6.519319	1654	48.73
GC1003827_G04_NODE_5982_length_1654_cov_1.795678	1654	66.51
GC1003827_G04_NODE_5983_length_1654_cov_1.243615	1654	66.44
GC1003827_G04_NODE_5984_length_1653_cov_15.146134	1653	44.40
GC1003827_G04_NODE_5985_length_1653_cov_14.530799	1653	51.97
GC1003827_G04_NODE_5986_length_1653_cov_12.568152	1653	47.91
GC1003827_G04_NODE_5987_length_1653_cov_6.640236	1653	41.80
GC1003827_G04_NODE_5988_length_1653_cov_2.982307	1653	62.73
GC1003827_G04_NODE_5989_length_1653_cov_2.615990	1653	43.86
GC1003827_G04_NODE_5990_length_1653_cov_2.337484	1653	51.36
GC1003827_G04_NODE_5991_length_1652_cov_15.201967	1652	45.82
GC1003827_G04_NODE_5992_length_1652_cov_6.670164	1652	50.85
GC1003827_G04_NODE_5993_length_1652_cov_2.946230	1652	34.08
GC1003827_G04_NODE_5994_length_1651_cov_12.450131	1651	43.85
GC1003827_G04_NODE_5995_length_1651_cov_6.958661	1651	42.94
GC1003827_G04_NODE_5996_length_1651_cov_5.867454	1651	45.97
GC1003827_G04_NODE_5997_length_1651_cov_4.409449	1651	48.70
GC1003827_G04_NODE_5998_length_1651_cov_1.912730	1651	42.46
GC1003827_G04_NODE_5999_length_1651_cov_1.760499	1651	45.67
GC1003827_G04_NODE_6000_length_1651_cov_1.744094	1651	49.73
GC1003827_G04_NODE_6001_length_1651_cov_1.406824	1651	38.34
GC1003827_G04_NODE_6002_length_1650_cov_11.785949	1650	42.18
GC1003827_G04_NODE_6003_length_1650_cov_6.519370	1650	43.82
GC1003827_G04_NODE_6004_length_1650_cov_4.049902	1650	45.45
GC1003827_G04_NODE_6005_length_1650_cov_3.490479	1650	48.36
GC1003827_G04_NODE_6006_length_1650_cov_3.184504	1650	36.36
GC1003827_G04_NODE_6007_length_1649_cov_11.457293	1649	48.03
GC1003827_G04_NODE_6008_length_1649_cov_5.429698	1649	44.69
GC1003827_G04_NODE_6009_length_1649_cov_5.330486	1649	42.75
GC1003827_G04_NODE_6010_length_1649_cov_5.086728	1649	44.33
GC1003827_G04_NODE_6011_length_1649_cov_4.676741	1649	43.24
GC1003827_G04_NODE_6012_length_1649_cov_4.056505	1649	47.30
GC1003827_G04_NODE_6013_length_1649_cov_1.890276	1649	62.83
GC1003827_G04_NODE_6014_length_1648_cov_12.222880	1648	50.06
GC1003827_G04_NODE_6015_length_1648_cov_4.347140	1648	43.02
GC1003827_G04_NODE_6016_length_1648_cov_3.597633	1648	47.39
GC1003827_G04_NODE_6017_length_1648_cov_1.579224	1648	33.80
GC1003827_G04_NODE_6018_length_1648_cov_1.013149	1648	48.06
GC1003827_G04_NODE_6019_length_1647_cov_20.663816	1647	44.08
GC1003827_G04_NODE_6020_length_1647_cov_14.892105	1647	43.96
GC1003827_G04_NODE_6021_length_1647_cov_7.804605	1647	54.95
GC1003827_G04_NODE_6022_length_1647_cov_5.800000	1647	42.93
GC1003827_G04_NODE_6023_length_1647_cov_4.859211	1647	44.75
GC1003827_G04_NODE_6024_length_1647_cov_4.840132	1647	45.05
GC1003827_G04_NODE_6025_length_1647_cov_2.991447	1647	50.94
GC1003827_G04_NODE_6026_length_1647_cov_2.760526	1647	38.80
GC1003827_G04_NODE_6027_length_1647_cov_1.693421	1647	47.24
GC1003827_G04_NODE_6028_length_1647_cov_1.344079	1647	49.79
GC1003827_G04_NODE_6029_length_1646_cov_6.176432	1646	47.63
GC1003827_G04_NODE_6030_length_1646_cov_5.071758	1646	45.02
GC1003827_G04_NODE_6031_length_1645_cov_6.538208	1645	42.74
GC1003827_G04_NODE_6032_length_1645_cov_4.478261	1645	44.62
GC1003827_G04_NODE_6033_length_1645_cov_1.420290	1645	47.48
GC1003827_G04_NODE_6034_length_1644_cov_7.693474	1644	45.92
GC1003827_G04_NODE_6035_length_1644_cov_7.160185	1644	42.09
GC1003827_G04_NODE_6036_length_1644_cov_6.338827	1644	44.65
GC1003827_G04_NODE_6037_length_1644_cov_6.038233	1644	44.46
GC1003827_G04_NODE_6038_length_1644_cov_4.923533	1644	49.33
GC1003827_G04_NODE_6039_length_1644_cov_4.166777	1644	52.74
GC1003827_G04_NODE_6040_length_1644_cov_2.729071	1644	47.14
GC1003827_G04_NODE_6041_length_1644_cov_2.419908	1644	51.89
GC1003827_G04_NODE_6042_length_1643_cov_10.416887	1643	47.47
GC1003827_G04_NODE_6043_length_1643_cov_3.606860	1643	48.20
GC1003827_G04_NODE_6044_length_1643_cov_2.402375	1643	46.68
GC1003827_G04_NODE_6045_length_1643_cov_2.110818	1643	72.06
GC1003827_G04_NODE_6046_length_1642_cov_7.429043	1642	47.02
GC1003827_G04_NODE_6047_length_1642_cov_4.781518	1642	45.25
GC1003827_G04_NODE_6048_length_1642_cov_4.244224	1642	46.83
GC1003827_G04_NODE_6049_length_1642_cov_3.555116	1642	64.37
GC1003827_G04_NODE_6050_length_1642_cov_3.343234	1642	44.28
GC1003827_G04_NODE_6051_length_1642_cov_3.110231	1642	61.08
GC1003827_G04_NODE_6052_length_1642_cov_2.598020	1642	42.45
GC1003827_G04_NODE_6053_length_1642_cov_2.137954	1642	45.68
GC1003827_G04_NODE_6054_length_1642_cov_1.106271	1642	47.08
GC1003827_G04_NODE_6055_length_1642_cov_0.973597	1642	67.30
GC1003827_G04_NODE_6056_length_1641_cov_11.283355	1641	44.24
GC1003827_G04_NODE_6057_length_1641_cov_6.023778	1641	55.58
GC1003827_G04_NODE_6058_length_1641_cov_5.109643	1641	47.47
GC1003827_G04_NODE_6059_length_1641_cov_4.505284	1641	67.89
GC1003827_G04_NODE_6060_length_1641_cov_3.567371	1641	51.07
GC1003827_G04_NODE_6061_length_1640_cov_7.633840	1640	44.51
GC1003827_G04_NODE_6062_length_1640_cov_6.068077	1640	45.55
GC1003827_G04_NODE_6063_length_1640_cov_4.352941	1640	41.59
GC1003827_G04_NODE_6064_length_1640_cov_3.391937	1640	45.73
GC1003827_G04_NODE_6065_length_1640_cov_2.864508	1640	45.30
GC1003827_G04_NODE_6066_length_1640_cov_1.713153	1640	46.89
GC1003827_G04_NODE_6067_length_1640_cov_1.678123	1640	45.43
GC1003827_G04_NODE_6068_length_1640_cov_1.087244	1640	46.16
GC1003827_G04_NODE_6069_length_1639_cov_9.209656	1639	40.63
GC1003827_G04_NODE_6070_length_1639_cov_6.632275	1639	49.54
GC1003827_G04_NODE_6071_length_1639_cov_4.522487	1639	44.05
GC1003827_G04_NODE_6072_length_1639_cov_2.857143	1639	52.59
GC1003827_G04_NODE_6073_length_1639_cov_2.048280	1639	41.85
GC1003827_G04_NODE_6074_length_1639_cov_1.289021	1639	65.22
GC1003827_G04_NODE_6075_length_1638_cov_19.871608	1638	44.63
GC1003827_G04_NODE_6076_length_1638_cov_4.990735	1638	52.01
GC1003827_G04_NODE_6077_length_1638_cov_4.191926	1638	45.30
GC1003827_G04_NODE_6078_length_1638_cov_3.313038	1638	47.13
GC1003827_G04_NODE_6079_length_1637_cov_9.148344	1637	51.07
GC1003827_G04_NODE_6080_length_1637_cov_8.120530	1637	39.95
GC1003827_G04_NODE_6081_length_1637_cov_7.447020	1637	48.99
GC1003827_G04_NODE_6082_length_1637_cov_7.447020	1637	49.24
GC1003827_G04_NODE_6083_length_1637_cov_5.741060	1637	47.65
GC1003827_G04_NODE_6084_length_1637_cov_5.319205	1637	44.90
GC1003827_G04_NODE_6085_length_1637_cov_3.368212	1637	42.58
GC1003827_G04_NODE_6086_length_1636_cov_7.497018	1636	46.03
GC1003827_G04_NODE_6087_length_1636_cov_7.035123	1636	51.41
GC1003827_G04_NODE_6088_length_1636_cov_5.988734	1636	44.87
GC1003827_G04_NODE_6089_length_1636_cov_2.978794	1636	51.41
GC1003827_G04_NODE_6090_length_1635_cov_8.051061	1635	47.52
GC1003827_G04_NODE_6091_length_1635_cov_6.994695	1635	50.58
GC1003827_G04_NODE_6092_length_1635_cov_4.595491	1635	45.63
GC1003827_G04_NODE_6093_length_1635_cov_2.988727	1635	42.63
GC1003827_G04_NODE_6094_length_1635_cov_1.864058	1635	41.10
GC1003827_G04_NODE_6095_length_1635_cov_1.521883	1635	45.63
GC1003827_G04_NODE_6096_length_1635_cov_1.012599	1635	47.77
GC1003827_G04_NODE_6097_length_1634_cov_13.325149	1634	44.68
GC1003827_G04_NODE_6098_length_1634_cov_6.754479	1634	42.47
GC1003827_G04_NODE_6099_length_1634_cov_2.249502	1634	41.68
GC1003827_G04_NODE_6100_length_1633_cov_7.780212	1633	50.15
GC1003827_G04_NODE_6101_length_1633_cov_5.510624	1633	48.07
GC1003827_G04_NODE_6102_length_1633_cov_4.584329	1633	60.38
GC1003827_G04_NODE_6103_length_1633_cov_3.452191	1633	51.32
GC1003827_G04_NODE_6104_length_1633_cov_1.428287	1633	65.89
GC1003827_G04_NODE_6105_length_1632_cov_7.785382	1632	41.67
GC1003827_G04_NODE_6106_length_1632_cov_1.849169	1632	70.47
GC1003827_G04_NODE_6107_length_1632_cov_1.237209	1632	42.10
GC1003827_G04_NODE_6108_length_1631_cov_8.379654	1631	41.39
GC1003827_G04_NODE_6109_length_1631_cov_4.105053	1631	45.13
GC1003827_G04_NODE_6110_length_1630_cov_7.074518	1630	48.59
GC1003827_G04_NODE_6111_length_1630_cov_6.909514	1630	42.27
GC1003827_G04_NODE_6112_length_1630_cov_2.298736	1630	50.80
GC1003827_G04_NODE_6113_length_1630_cov_1.966733	1630	49.69
GC1003827_G04_NODE_6114_length_1630_cov_1.925482	1630	48.16
GC1003827_G04_NODE_6115_length_1629_cov_17.384820	1629	45.49
GC1003827_G04_NODE_6116_length_1629_cov_8.440746	1629	46.35
GC1003827_G04_NODE_6117_length_1629_cov_7.345539	1629	43.59
GC1003827_G04_NODE_6118_length_1629_cov_3.904128	1629	38.24
GC1003827_G04_NODE_6119_length_1629_cov_2.908123	1629	50.46
GC1003827_G04_NODE_6120_length_1628_cov_11.051965	1628	48.34
GC1003827_G04_NODE_6121_length_1628_cov_3.217855	1628	46.01
GC1003827_G04_NODE_6122_length_1628_cov_1.902732	1628	50.49
GC1003827_G04_NODE_6123_length_1628_cov_1.767488	1628	67.44
GC1003827_G04_NODE_6124_length_1628_cov_1.273151	1628	69.23
GC1003827_G04_NODE_6125_length_1627_cov_8.350000	1627	41.92
GC1003827_G04_NODE_6126_length_1627_cov_7.054667	1627	48.00
GC1003827_G04_NODE_6127_length_1627_cov_6.256000	1627	50.71
GC1003827_G04_NODE_6128_length_1627_cov_5.754000	1627	42.84
GC1003827_G04_NODE_6129_length_1627_cov_4.857333	1627	47.88
GC1003827_G04_NODE_6130_length_1627_cov_3.771333	1627	40.01
GC1003827_G04_NODE_6131_length_1627_cov_1.986000	1627	43.33
GC1003827_G04_NODE_6132_length_1627_cov_1.812000	1627	68.04
GC1003827_G04_NODE_6133_length_1627_cov_1.794000	1627	42.04
GC1003827_G04_NODE_6134_length_1627_cov_1.070667	1627	41.30
GC1003827_G04_NODE_6135_length_1626_cov_5.952635	1626	45.02
GC1003827_G04_NODE_6136_length_1626_cov_3.617078	1626	49.57
GC1003827_G04_NODE_6137_length_1626_cov_3.285524	1626	42.74
GC1003827_G04_NODE_6138_length_1626_cov_1.881921	1626	44.03
GC1003827_G04_NODE_6139_length_1626_cov_1.634423	1626	63.65
GC1003827_G04_NODE_6140_length_1625_cov_9.578104	1625	39.69
GC1003827_G04_NODE_6141_length_1625_cov_9.405207	1625	38.77
GC1003827_G04_NODE_6142_length_1625_cov_9.184913	1625	44.18
GC1003827_G04_NODE_6143_length_1625_cov_7.701602	1625	48.31
GC1003827_G04_NODE_6144_length_1625_cov_4.604139	1625	44.25
GC1003827_G04_NODE_6145_length_1625_cov_4.505340	1625	41.78
GC1003827_G04_NODE_6146_length_1625_cov_3.884513	1625	44.80
GC1003827_G04_NODE_6147_length_1625_cov_3.378505	1625	43.94
GC1003827_G04_NODE_6148_length_1625_cov_2.661549	1625	61.23
GC1003827_G04_NODE_6149_length_1625_cov_2.636849	1625	41.23
GC1003827_G04_NODE_6150_length_1625_cov_2.588785	1625	48.37
GC1003827_G04_NODE_6151_length_1625_cov_1.522029	1625	45.05
GC1003827_G04_NODE_6152_length_1624_cov_23.360721	1624	48.95
GC1003827_G04_NODE_6153_length_1624_cov_9.017368	1624	41.13
GC1003827_G04_NODE_6154_length_1624_cov_5.022044	1624	47.41
GC1003827_G04_NODE_6155_length_1624_cov_4.342685	1624	46.31
GC1003827_G04_NODE_6156_length_1624_cov_3.535070	1624	48.46
GC1003827_G04_NODE_6157_length_1624_cov_3.257849	1624	46.74
GC1003827_G04_NODE_6158_length_1624_cov_3.092184	1624	41.44
GC1003827_G04_NODE_6159_length_1624_cov_2.807615	1624	44.89
GC1003827_G04_NODE_6160_length_1624_cov_2.700067	1624	49.94
GC1003827_G04_NODE_6161_length_1624_cov_0.938544	1624	48.21
GC1003827_G04_NODE_6162_length_1623_cov_4.074866	1623	41.96
GC1003827_G04_NODE_6163_length_1623_cov_3.697193	1623	39.93
GC1003827_G04_NODE_6164_length_1623_cov_2.326872	1623	42.70
GC1003827_G04_NODE_6165_length_1623_cov_2.237299	1623	61.00
GC1003827_G04_NODE_6166_length_1623_cov_2.008021	1623	40.91
GC1003827_G04_NODE_6167_length_1622_cov_10.251505	1622	41.74
GC1003827_G04_NODE_6168_length_1622_cov_8.130435	1622	46.55
GC1003827_G04_NODE_6169_length_1622_cov_5.204013	1622	46.05
GC1003827_G04_NODE_6170_length_1622_cov_3.989967	1622	64.43
GC1003827_G04_NODE_6171_length_1622_cov_3.131773	1622	49.45
GC1003827_G04_NODE_6172_length_1622_cov_2.361873	1622	45.68
GC1003827_G04_NODE_6173_length_1622_cov_2.258194	1622	45.44
GC1003827_G04_NODE_6174_length_1621_cov_4.676037	1621	43.68
GC1003827_G04_NODE_6175_length_1620_cov_14.758205	1620	44.51
GC1003827_G04_NODE_6176_length_1620_cov_13.217683	1620	41.73
GC1003827_G04_NODE_6177_length_1620_cov_9.066309	1620	48.46
GC1003827_G04_NODE_6178_length_1620_cov_7.575352	1620	43.83
GC1003827_G04_NODE_6179_length_1620_cov_6.700603	1620	44.38
GC1003827_G04_NODE_6180_length_1620_cov_6.317482	1620	49.81
GC1003827_G04_NODE_6181_length_1620_cov_3.606832	1620	43.89
GC1003827_G04_NODE_6182_length_1620_cov_2.860683	1620	44.44
GC1003827_G04_NODE_6183_length_1620_cov_1.920965	1620	48.95
GC1003827_G04_NODE_6184_length_1620_cov_1.677830	1620	41.05
GC1003827_G04_NODE_6185_length_1619_cov_5.475201	1619	50.77
GC1003827_G04_NODE_6186_length_1619_cov_5.290214	1619	48.61
GC1003827_G04_NODE_6187_length_1619_cov_3.615282	1619	52.44
GC1003827_G04_NODE_6188_length_1619_cov_3.070375	1619	67.94
GC1003827_G04_NODE_6189_length_1619_cov_2.135389	1619	67.39
GC1003827_G04_NODE_6190_length_1619_cov_1.637399	1619	65.72
GC1003827_G04_NODE_6191_length_1618_cov_9.486251	1618	43.94
GC1003827_G04_NODE_6192_length_1618_cov_8.275654	1618	50.68
GC1003827_G04_NODE_6193_length_1618_cov_7.247485	1618	45.18
GC1003827_G04_NODE_6194_length_1618_cov_5.730382	1618	42.77
GC1003827_G04_NODE_6195_length_1618_cov_3.748491	1618	48.21
GC1003827_G04_NODE_6196_length_1618_cov_3.741113	1618	43.63
GC1003827_G04_NODE_6197_length_1618_cov_2.961100	1618	52.22
GC1003827_G04_NODE_6198_length_1618_cov_1.418511	1618	66.50
GC1003827_G04_NODE_6199_length_1618_cov_1.307176	1618	45.86
GC1003827_G04_NODE_6200_length_1618_cov_1.069752	1618	51.92
GC1003827_G04_NODE_6201_length_1617_cov_12.740268	1617	53.00
GC1003827_G04_NODE_6202_length_1617_cov_8.583221	1617	61.97
GC1003827_G04_NODE_6203_length_1617_cov_3.959732	1617	45.33
GC1003827_G04_NODE_6204_length_1617_cov_2.873154	1617	49.47
GC1003827_G04_NODE_6205_length_1617_cov_1.548993	1617	63.88
GC1003827_G04_NODE_6206_length_1617_cov_1.464430	1617	64.19
GC1003827_G04_NODE_6207_length_1616_cov_8.740094	1616	49.26
GC1003827_G04_NODE_6208_length_1616_cov_5.856951	1616	40.66
GC1003827_G04_NODE_6209_length_1616_cov_5.305574	1616	43.50
GC1003827_G04_NODE_6210_length_1616_cov_5.141706	1616	45.85
GC1003827_G04_NODE_6211_length_1616_cov_4.666891	1616	47.40
GC1003827_G04_NODE_6212_length_1616_cov_1.930826	1616	62.31
GC1003827_G04_NODE_6213_length_1616_cov_1.836803	1616	61.26
GC1003827_G04_NODE_6214_length_1616_cov_0.776360	1616	60.09
GC1003827_G04_NODE_6215_length_1615_cov_4.914651	1615	43.22
GC1003827_G04_NODE_6216_length_1615_cov_4.790323	1615	49.35
GC1003827_G04_NODE_6217_length_1615_cov_4.587366	1615	58.95
GC1003827_G04_NODE_6218_length_1615_cov_3.765457	1615	42.04
GC1003827_G04_NODE_6219_length_1615_cov_3.586694	1615	52.45
GC1003827_G04_NODE_6220_length_1615_cov_2.446909	1615	64.58
GC1003827_G04_NODE_6221_length_1615_cov_1.630376	1615	65.94
GC1003827_G04_NODE_6222_length_1614_cov_21.014795	1614	47.21
GC1003827_G04_NODE_6223_length_1614_cov_6.228648	1614	49.94
GC1003827_G04_NODE_6224_length_1614_cov_5.139879	1614	51.12
GC1003827_G04_NODE_6225_length_1614_cov_4.407532	1614	50.25
GC1003827_G04_NODE_6226_length_1614_cov_3.862139	1614	45.17
GC1003827_G04_NODE_6227_length_1614_cov_3.258911	1614	34.39
GC1003827_G04_NODE_6228_length_1614_cov_2.354405	1614	47.03
GC1003827_G04_NODE_6229_length_1613_cov_5.319650	1613	63.55
GC1003827_G04_NODE_6230_length_1613_cov_4.269852	1613	44.51
GC1003827_G04_NODE_6231_length_1613_cov_4.244953	1613	44.45
GC1003827_G04_NODE_6232_length_1613_cov_3.405787	1613	47.06
GC1003827_G04_NODE_6233_length_1613_cov_1.991925	1613	41.17
GC1003827_G04_NODE_6234_length_1613_cov_1.989233	1613	43.15
GC1003827_G04_NODE_6235_length_1612_cov_9.548822	1612	48.01
GC1003827_G04_NODE_6236_length_1612_cov_8.210101	1612	49.88
GC1003827_G04_NODE_6237_length_1612_cov_7.978451	1612	49.13
GC1003827_G04_NODE_6238_length_1612_cov_6.674074	1612	42.56
GC1003827_G04_NODE_6239_length_1612_cov_6.494949	1612	46.40
GC1003827_G04_NODE_6240_length_1612_cov_1.896296	1612	50.31
GC1003827_G04_NODE_6241_length_1612_cov_1.856566	1612	41.81
GC1003827_G04_NODE_6242_length_1612_cov_1.732660	1612	67.12
GC1003827_G04_NODE_6243_length_1611_cov_15.531671	1611	44.32
GC1003827_G04_NODE_6244_length_1611_cov_10.296496	1611	39.98
GC1003827_G04_NODE_6245_length_1611_cov_3.204178	1611	37.49
GC1003827_G04_NODE_6246_length_1611_cov_2.690027	1611	65.55
GC1003827_G04_NODE_6247_length_1611_cov_1.681941	1611	54.93
GC1003827_G04_NODE_6248_length_1611_cov_1.435984	1611	64.43
GC1003827_G04_NODE_6249_length_1611_cov_0.956199	1611	48.85
GC1003827_G04_NODE_6250_length_1610_cov_5.135536	1610	43.79
GC1003827_G04_NODE_6251_length_1610_cov_4.966285	1610	47.64
GC1003827_G04_NODE_6252_length_1610_cov_4.917060	1610	47.70
GC1003827_G04_NODE_6253_length_1610_cov_4.712744	1610	44.97
GC1003827_G04_NODE_6254_length_1610_cov_4.175320	1610	49.44
GC1003827_G04_NODE_6255_length_1610_cov_3.889413	1610	38.20
GC1003827_G04_NODE_6256_length_1610_cov_2.794336	1610	45.78
GC1003827_G04_NODE_6257_length_1610_cov_1.181389	1610	43.98
GC1003827_G04_NODE_6258_length_1610_cov_0.852326	1610	63.17
GC1003827_G04_NODE_6259_length_1609_cov_6.981781	1609	55.13
GC1003827_G04_NODE_6260_length_1609_cov_1.554656	1609	66.07
GC1003827_G04_NODE_6261_length_1608_cov_10.590817	1608	47.39
GC1003827_G04_NODE_6262_length_1608_cov_9.538150	1608	45.65
GC1003827_G04_NODE_6263_length_1608_cov_9.493585	1608	49.25
GC1003827_G04_NODE_6264_length_1608_cov_6.934504	1608	43.47
GC1003827_G04_NODE_6265_length_1608_cov_6.715057	1608	46.33
GC1003827_G04_NODE_6266_length_1608_cov_6.360567	1608	43.78
GC1003827_G04_NODE_6267_length_1608_cov_4.856853	1608	46.95
GC1003827_G04_NODE_6268_length_1608_cov_3.398379	1608	40.05
GC1003827_G04_NODE_6269_length_1608_cov_2.139770	1608	53.05
GC1003827_G04_NODE_6270_length_1608_cov_2.005402	1608	40.67
GC1003827_G04_NODE_6271_length_1607_cov_8.358784	1607	43.62
GC1003827_G04_NODE_6272_length_1607_cov_7.752027	1607	48.66
GC1003827_G04_NODE_6273_length_1607_cov_4.575676	1607	39.02
GC1003827_G04_NODE_6274_length_1607_cov_3.660811	1607	45.92
GC1003827_G04_NODE_6275_length_1607_cov_3.208784	1607	52.08
GC1003827_G04_NODE_6276_length_1607_cov_2.389189	1607	49.66
GC1003827_G04_NODE_6277_length_1607_cov_1.942568	1607	39.27
GC1003827_G04_NODE_6278_length_1607_cov_1.903378	1607	64.84
GC1003827_G04_NODE_6279_length_1606_cov_8.839080	1606	44.02
GC1003827_G04_NODE_6280_length_1606_cov_6.507776	1606	39.91
GC1003827_G04_NODE_6281_length_1606_cov_6.102096	1606	44.52
GC1003827_G04_NODE_6282_length_1606_cov_5.080460	1606	49.81
GC1003827_G04_NODE_6283_length_1606_cov_4.073022	1606	46.58
GC1003827_G04_NODE_6284_length_1605_cov_11.447226	1605	46.92
GC1003827_G04_NODE_6285_length_1605_cov_7.110284	1605	43.30
GC1003827_G04_NODE_6286_length_1605_cov_3.007442	1605	38.63
GC1003827_G04_NODE_6287_length_1605_cov_2.889716	1605	43.80
GC1003827_G04_NODE_6288_length_1605_cov_2.650203	1605	45.05
GC1003827_G04_NODE_6289_length_1605_cov_2.277402	1605	64.30
GC1003827_G04_NODE_6290_length_1604_cov_4.763033	1604	41.71
GC1003827_G04_NODE_6291_length_1604_cov_4.654705	1604	50.19
GC1003827_G04_NODE_6292_length_1604_cov_2.561273	1604	49.00
GC1003827_G04_NODE_6293_length_1604_cov_2.003385	1604	41.02
GC1003827_G04_NODE_6294_length_1604_cov_1.275559	1604	65.34
GC1003827_G04_NODE_6295_length_1603_cov_11.689702	1603	49.72
GC1003827_G04_NODE_6296_length_1603_cov_5.310976	1603	49.91
GC1003827_G04_NODE_6297_length_1603_cov_2.731030	1603	65.44
GC1003827_G04_NODE_6298_length_1603_cov_2.476287	1603	67.37
GC1003827_G04_NODE_6299_length_1603_cov_2.355691	1603	48.60
GC1003827_G04_NODE_6300_length_1603_cov_2.172764	1603	58.08
GC1003827_G04_NODE_6301_length_1603_cov_1.615854	1603	47.91
GC1003827_G04_NODE_6302_length_1603_cov_1.403117	1603	51.53
GC1003827_G04_NODE_6303_length_1602_cov_5.571525	1602	39.14
GC1003827_G04_NODE_6304_length_1602_cov_3.813559	1602	41.57
GC1003827_G04_NODE_6305_length_1601_cov_16.236092	1601	54.09
GC1003827_G04_NODE_6306_length_1601_cov_10.116689	1601	57.34
GC1003827_G04_NODE_6307_length_1601_cov_6.978290	1601	43.35
GC1003827_G04_NODE_6308_length_1601_cov_6.462008	1601	50.34
GC1003827_G04_NODE_6309_length_1601_cov_5.172320	1601	44.22
GC1003827_G04_NODE_6310_length_1601_cov_4.866350	1601	65.71
GC1003827_G04_NODE_6311_length_1600_cov_10.916497	1600	46.12
GC1003827_G04_NODE_6312_length_1600_cov_6.553293	1600	45.19
GC1003827_G04_NODE_6313_length_1600_cov_3.245757	1600	62.69
GC1003827_G04_NODE_6314_length_1600_cov_2.127631	1600	64.75
GC1003827_G04_NODE_6315_length_1600_cov_2.114732	1600	68.19
GC1003827_G04_NODE_6316_length_1600_cov_1.899525	1600	62.94
GC1003827_G04_NODE_6317_length_1600_cov_1.628649	1600	49.94
GC1003827_G04_NODE_6318_length_1600_cov_1.589274	1600	42.19
GC1003827_G04_NODE_6319_length_1599_cov_13.959918	1599	49.09
GC1003827_G04_NODE_6320_length_1599_cov_9.216033	1599	49.84
GC1003827_G04_NODE_6321_length_1599_cov_8.053668	1599	44.65
GC1003827_G04_NODE_6322_length_1599_cov_7.574049	1599	51.78
GC1003827_G04_NODE_6323_length_1599_cov_5.872962	1599	46.15
GC1003827_G04_NODE_6324_length_1599_cov_0.611413	1599	47.03
GC1003827_G04_NODE_6325_length_1598_cov_5.326988	1598	45.12
GC1003827_G04_NODE_6326_length_1598_cov_5.035350	1598	40.74
GC1003827_G04_NODE_6327_length_1598_cov_2.847043	1598	44.93
GC1003827_G04_NODE_6328_length_1598_cov_2.403127	1598	46.31
GC1003827_G04_NODE_6329_length_1597_cov_5.379592	1597	45.96
GC1003827_G04_NODE_6330_length_1597_cov_3.966667	1597	41.70
GC1003827_G04_NODE_6331_length_1597_cov_2.421088	1597	55.04
GC1003827_G04_NODE_6332_length_1596_cov_11.428182	1596	46.37
GC1003827_G04_NODE_6333_length_1596_cov_10.226004	1596	59.52
GC1003827_G04_NODE_6334_length_1596_cov_10.162015	1596	44.36
GC1003827_G04_NODE_6335_length_1596_cov_8.594282	1596	43.17
GC1003827_G04_NODE_6336_length_1596_cov_5.084411	1596	64.29
GC1003827_G04_NODE_6337_length_1596_cov_3.362151	1596	40.66
GC1003827_G04_NODE_6338_length_1596_cov_1.260041	1596	68.36
GC1003827_G04_NODE_6339_length_1596_cov_0.841389	1596	43.42
GC1003827_G04_NODE_6340_length_1595_cov_11.238420	1595	43.51
GC1003827_G04_NODE_6341_length_1595_cov_7.393052	1595	45.02
GC1003827_G04_NODE_6342_length_1595_cov_5.243869	1595	48.09
GC1003827_G04_NODE_6343_length_1595_cov_1.812670	1595	45.33
GC1003827_G04_NODE_6344_length_1595_cov_1.301771	1595	63.64
GC1003827_G04_NODE_6345_length_1595_cov_1.147820	1595	43.76
GC1003827_G04_NODE_6346_length_1594_cov_13.336060	1594	47.24
GC1003827_G04_NODE_6347_length_1594_cov_6.861622	1594	42.22
GC1003827_G04_NODE_6348_length_1594_cov_5.619632	1594	46.80
GC1003827_G04_NODE_6349_length_1594_cov_3.744376	1594	46.86
GC1003827_G04_NODE_6350_length_1594_cov_3.458759	1594	63.55
GC1003827_G04_NODE_6351_length_1594_cov_2.577369	1594	45.86
GC1003827_G04_NODE_6352_length_1593_cov_11.954297	1593	41.31
GC1003827_G04_NODE_6353_length_1593_cov_4.647340	1593	42.75
GC1003827_G04_NODE_6354_length_1593_cov_3.479536	1593	42.88
GC1003827_G04_NODE_6355_length_1593_cov_2.132333	1593	36.35
GC1003827_G04_NODE_6356_length_1593_cov_1.862210	1593	44.13
GC1003827_G04_NODE_6357_length_1593_cov_1.257844	1593	66.73
GC1003827_G04_NODE_6358_length_1593_cov_1.158936	1593	71.00
GC1003827_G04_NODE_6359_length_1593_cov_1.029332	1593	49.22
GC1003827_G04_NODE_6360_length_1592_cov_16.816382	1592	48.68
GC1003827_G04_NODE_6361_length_1592_cov_7.395904	1592	42.40
GC1003827_G04_NODE_6362_length_1592_cov_6.772696	1592	45.04
GC1003827_G04_NODE_6363_length_1592_cov_5.985666	1592	44.91
GC1003827_G04_NODE_6364_length_1592_cov_2.303754	1592	41.14
GC1003827_G04_NODE_6365_length_1592_cov_2.252560	1592	46.11
GC1003827_G04_NODE_6366_length_1591_cov_16.001366	1591	45.57
GC1003827_G04_NODE_6367_length_1591_cov_14.037568	1591	43.18
GC1003827_G04_NODE_6368_length_1591_cov_9.834699	1591	44.44
GC1003827_G04_NODE_6369_length_1591_cov_5.019126	1591	44.19
GC1003827_G04_NODE_6370_length_1591_cov_4.642077	1591	50.47
GC1003827_G04_NODE_6371_length_1591_cov_4.125683	1591	48.59
GC1003827_G04_NODE_6372_length_1591_cov_3.997951	1591	50.91
GC1003827_G04_NODE_6373_length_1591_cov_3.666667	1591	47.77
GC1003827_G04_NODE_6374_length_1591_cov_1.658470	1591	65.68
GC1003827_G04_NODE_6375_length_1591_cov_1.631148	1591	40.16
GC1003827_G04_NODE_6376_length_1590_cov_20.500342	1590	50.88
GC1003827_G04_NODE_6377_length_1590_cov_11.352700	1590	46.73
GC1003827_G04_NODE_6378_length_1590_cov_7.978127	1590	41.07
GC1003827_G04_NODE_6379_length_1590_cov_6.566644	1590	65.35
GC1003827_G04_NODE_6380_length_1590_cov_4.190021	1590	44.53
GC1003827_G04_NODE_6381_length_1590_cov_4.020506	1590	44.78
GC1003827_G04_NODE_6382_length_1590_cov_2.319891	1590	45.41
GC1003827_G04_NODE_6383_length_1590_cov_2.234450	1590	65.28
GC1003827_G04_NODE_6384_length_1590_cov_2.030759	1590	41.57
GC1003827_G04_NODE_6385_length_1590_cov_1.615174	1590	38.93
GC1003827_G04_NODE_6386_length_1589_cov_4.670315	1589	47.33
GC1003827_G04_NODE_6387_length_1589_cov_3.746922	1589	45.81
GC1003827_G04_NODE_6388_length_1589_cov_3.402873	1589	38.77
GC1003827_G04_NODE_6389_length_1589_cov_3.268810	1589	63.56
GC1003827_G04_NODE_6390_length_1589_cov_3.201778	1589	47.33
GC1003827_G04_NODE_6391_length_1589_cov_3.065663	1589	41.79
GC1003827_G04_NODE_6392_length_1589_cov_3.035568	1589	50.22
GC1003827_G04_NODE_6393_length_1589_cov_2.810534	1589	50.22
GC1003827_G04_NODE_6394_length_1589_cov_2.323529	1589	38.70
GC1003827_G04_NODE_6395_length_1589_cov_1.838577	1589	48.52
GC1003827_G04_NODE_6396_length_1588_cov_13.920602	1588	45.84
GC1003827_G04_NODE_6397_length_1588_cov_11.106776	1588	44.46
GC1003827_G04_NODE_6398_length_1588_cov_6.924025	1588	47.10
GC1003827_G04_NODE_6399_length_1588_cov_5.934976	1588	50.57
GC1003827_G04_NODE_6400_length_1588_cov_4.062286	1588	63.29
GC1003827_G04_NODE_6401_length_1588_cov_3.931554	1588	43.89
GC1003827_G04_NODE_6402_length_1588_cov_3.763176	1588	43.95
GC1003827_G04_NODE_6403_length_1587_cov_11.767123	1587	41.65
GC1003827_G04_NODE_6404_length_1587_cov_10.405479	1587	48.02
GC1003827_G04_NODE_6405_length_1587_cov_5.367123	1587	65.60
GC1003827_G04_NODE_6406_length_1587_cov_3.728767	1587	42.91
GC1003827_G04_NODE_6407_length_1587_cov_2.255479	1587	41.78
GC1003827_G04_NODE_6408_length_1586_cov_8.503770	1586	46.09
GC1003827_G04_NODE_6409_length_1586_cov_6.752570	1586	44.89
GC1003827_G04_NODE_6410_length_1586_cov_6.287868	1586	40.98
GC1003827_G04_NODE_6411_length_1586_cov_4.113091	1586	41.49
GC1003827_G04_NODE_6412_length_1586_cov_3.984236	1586	48.23
GC1003827_G04_NODE_6413_length_1586_cov_3.813571	1586	51.26
GC1003827_G04_NODE_6414_length_1586_cov_2.954078	1586	40.10
GC1003827_G04_NODE_6415_length_1586_cov_1.867032	1586	64.38
GC1003827_G04_NODE_6416_length_1586_cov_1.827279	1586	46.66
GC1003827_G04_NODE_6417_length_1585_cov_11.738683	1585	45.62
GC1003827_G04_NODE_6418_length_1585_cov_8.215364	1585	46.56
GC1003827_G04_NODE_6419_length_1585_cov_7.951303	1585	39.43
GC1003827_G04_NODE_6420_length_1585_cov_3.962963	1585	40.95
GC1003827_G04_NODE_6421_length_1585_cov_2.903978	1585	42.40
GC1003827_G04_NODE_6422_length_1585_cov_2.589849	1585	43.09
GC1003827_G04_NODE_6423_length_1585_cov_2.056241	1585	65.11
GC1003827_G04_NODE_6424_length_1585_cov_2.028121	1585	52.18
GC1003827_G04_NODE_6425_length_1584_cov_15.242279	1584	45.58
GC1003827_G04_NODE_6426_length_1584_cov_10.903226	1584	47.35
GC1003827_G04_NODE_6427_length_1584_cov_6.341112	1584	46.53
GC1003827_G04_NODE_6428_length_1584_cov_4.849691	1584	48.99
GC1003827_G04_NODE_6429_length_1584_cov_3.701441	1584	50.32
GC1003827_G04_NODE_6430_length_1584_cov_2.330817	1584	49.56
GC1003827_G04_NODE_6431_length_1583_cov_10.241071	1583	45.10
GC1003827_G04_NODE_6432_length_1583_cov_6.390797	1583	42.58
GC1003827_G04_NODE_6433_length_1583_cov_5.150412	1583	47.19
GC1003827_G04_NODE_6434_length_1583_cov_4.991758	1583	43.84
GC1003827_G04_NODE_6435_length_1583_cov_3.712225	1583	46.68
GC1003827_G04_NODE_6436_length_1583_cov_2.916896	1583	45.93
GC1003827_G04_NODE_6437_length_1583_cov_2.597527	1583	64.94
GC1003827_G04_NODE_6438_length_1583_cov_0.588599	1583	62.41
GC1003827_G04_NODE_6439_length_1582_cov_4.610309	1582	43.11
GC1003827_G04_NODE_6440_length_1582_cov_3.378007	1582	48.36
GC1003827_G04_NODE_6441_length_1582_cov_3.196564	1582	46.59
GC1003827_G04_NODE_6442_length_1581_cov_10.442916	1581	49.21
GC1003827_G04_NODE_6443_length_1581_cov_9.568776	1581	44.34
GC1003827_G04_NODE_6444_length_1581_cov_5.570839	1581	49.78
GC1003827_G04_NODE_6445_length_1581_cov_4.547455	1581	46.36
GC1003827_G04_NODE_6446_length_1581_cov_4.405777	1581	39.97
GC1003827_G04_NODE_6447_length_1580_cov_10.080523	1580	42.72
GC1003827_G04_NODE_6448_length_1580_cov_5.479697	1580	51.52
GC1003827_G04_NODE_6449_length_1580_cov_5.010323	1580	46.33
GC1003827_G04_NODE_6450_length_1580_cov_3.293875	1580	48.73
GC1003827_G04_NODE_6451_length_1580_cov_2.424639	1580	47.91
GC1003827_G04_NODE_6452_length_1580_cov_1.623538	1580	46.77
GC1003827_G04_NODE_6453_length_1580_cov_1.478321	1580	62.41
GC1003827_G04_NODE_6454_length_1580_cov_1.033723	1580	70.19
GC1003827_G04_NODE_6455_length_1579_cov_17.840909	1579	47.75
GC1003827_G04_NODE_6456_length_1579_cov_10.745868	1579	46.17
GC1003827_G04_NODE_6457_length_1579_cov_7.798898	1579	43.57
GC1003827_G04_NODE_6458_length_1579_cov_5.900138	1579	62.06
GC1003827_G04_NODE_6459_length_1579_cov_4.269284	1579	45.98
GC1003827_G04_NODE_6460_length_1579_cov_4.041322	1579	50.60
GC1003827_G04_NODE_6461_length_1579_cov_2.305785	1579	45.85
GC1003827_G04_NODE_6462_length_1579_cov_1.780992	1579	65.93
GC1003827_G04_NODE_6463_length_1578_cov_13.758098	1578	41.70
GC1003827_G04_NODE_6464_length_1578_cov_10.935217	1578	47.34
GC1003827_G04_NODE_6465_length_1578_cov_9.886285	1578	44.49
GC1003827_G04_NODE_6466_length_1578_cov_8.578222	1578	46.39
GC1003827_G04_NODE_6467_length_1578_cov_8.489318	1578	42.27
GC1003827_G04_NODE_6468_length_1578_cov_7.899380	1578	47.47
GC1003827_G04_NODE_6469_length_1578_cov_5.751895	1578	41.00
GC1003827_G04_NODE_6470_length_1578_cov_4.607857	1578	52.03
GC1003827_G04_NODE_6471_length_1578_cov_2.821502	1578	46.20
GC1003827_G04_NODE_6472_length_1578_cov_1.676085	1578	47.15
GC1003827_G04_NODE_6473_length_1578_cov_1.290834	1578	47.66
GC1003827_G04_NODE_6474_length_1577_cov_14.591034	1577	43.69
GC1003827_G04_NODE_6475_length_1577_cov_3.196552	1577	47.37
GC1003827_G04_NODE_6476_length_1577_cov_1.638621	1577	65.25
GC1003827_G04_NODE_6477_length_1577_cov_1.589655	1577	63.35
GC1003827_G04_NODE_6478_length_1577_cov_1.299310	1577	46.67
GC1003827_G04_NODE_6479_length_1576_cov_12.077295	1576	47.59
GC1003827_G04_NODE_6480_length_1576_cov_8.165631	1576	41.18
GC1003827_G04_NODE_6481_length_1576_cov_7.911663	1576	46.51
GC1003827_G04_NODE_6482_length_1576_cov_7.563147	1576	45.94
GC1003827_G04_NODE_6483_length_1576_cov_4.917184	1576	51.90
GC1003827_G04_NODE_6484_length_1576_cov_3.720497	1576	49.30
GC1003827_G04_NODE_6485_length_1576_cov_3.331263	1576	46.89
GC1003827_G04_NODE_6486_length_1576_cov_1.517598	1576	43.97
GC1003827_G04_NODE_6487_length_1576_cov_1.020014	1576	70.24
GC1003827_G04_NODE_6488_length_1575_cov_10.710635	1575	45.27
GC1003827_G04_NODE_6489_length_1575_cov_8.332182	1575	48.89
GC1003827_G04_NODE_6490_length_1575_cov_6.543508	1575	51.05
GC1003827_G04_NODE_6491_length_1575_cov_6.538674	1575	40.76
GC1003827_G04_NODE_6492_length_1575_cov_5.505525	1575	58.67
GC1003827_G04_NODE_6493_length_1575_cov_5.139503	1575	43.11
GC1003827_G04_NODE_6494_length_1575_cov_3.959945	1575	64.19
GC1003827_G04_NODE_6495_length_1575_cov_3.942680	1575	49.46
GC1003827_G04_NODE_6496_length_1575_cov_2.456492	1575	44.32
GC1003827_G04_NODE_6497_length_1575_cov_2.402624	1575	46.92
GC1003827_G04_NODE_6498_length_1575_cov_2.269337	1575	43.43
GC1003827_G04_NODE_6499_length_1575_cov_1.609116	1575	39.56
GC1003827_G04_NODE_6500_length_1575_cov_1.529696	1575	40.89
GC1003827_G04_NODE_6501_length_1574_cov_9.436766	1574	58.45
GC1003827_G04_NODE_6502_length_1574_cov_6.178991	1574	37.99
GC1003827_G04_NODE_6503_length_1573_cov_5.040111	1573	45.52
GC1003827_G04_NODE_6504_length_1573_cov_3.766943	1573	48.82
GC1003827_G04_NODE_6505_length_1573_cov_2.484786	1573	43.55
GC1003827_G04_NODE_6506_length_1573_cov_2.001383	1573	47.68
GC1003827_G04_NODE_6507_length_1572_cov_7.405536	1572	50.32
GC1003827_G04_NODE_6508_length_1572_cov_5.746713	1572	56.17
GC1003827_G04_NODE_6509_length_1572_cov_5.741176	1572	47.07
GC1003827_G04_NODE_6510_length_1572_cov_4.095502	1572	45.23
GC1003827_G04_NODE_6511_length_1572_cov_3.592388	1572	43.32
GC1003827_G04_NODE_6512_length_1572_cov_1.669896	1572	44.27
GC1003827_G04_NODE_6513_length_1571_cov_11.985457	1571	48.70
GC1003827_G04_NODE_6514_length_1571_cov_8.846953	1571	47.29
GC1003827_G04_NODE_6515_length_1571_cov_2.234765	1571	43.79
GC1003827_G04_NODE_6516_length_1571_cov_2.023546	1571	48.38
GC1003827_G04_NODE_6517_length_1571_cov_1.576870	1571	39.02
GC1003827_G04_NODE_6518_length_1571_cov_1.559557	1571	45.45
GC1003827_G04_NODE_6519_length_1571_cov_1.193213	1571	70.21
GC1003827_G04_NODE_6520_length_1570_cov_3.999307	1570	45.16
GC1003827_G04_NODE_6521_length_1570_cov_2.282744	1570	40.89
GC1003827_G04_NODE_6522_length_1570_cov_1.758836	1570	48.34
GC1003827_G04_NODE_6523_length_1569_cov_12.551318	1569	49.20
GC1003827_G04_NODE_6524_length_1569_cov_5.248266	1569	45.89
GC1003827_G04_NODE_6525_length_1569_cov_2.980583	1569	46.53
GC1003827_G04_NODE_6526_length_1569_cov_2.139390	1569	55.45
GC1003827_G04_NODE_6527_length_1568_cov_13.879251	1568	50.38
GC1003827_G04_NODE_6528_length_1568_cov_12.945177	1568	44.83
GC1003827_G04_NODE_6529_length_1568_cov_10.564192	1568	65.82
GC1003827_G04_NODE_6530_length_1568_cov_7.086745	1568	45.92
GC1003827_G04_NODE_6531_length_1568_cov_5.858432	1568	45.47
GC1003827_G04_NODE_6532_length_1568_cov_4.754337	1568	64.09
GC1003827_G04_NODE_6533_length_1568_cov_4.294934	1568	46.56
GC1003827_G04_NODE_6534_length_1568_cov_3.808466	1568	49.04
GC1003827_G04_NODE_6535_length_1567_cov_12.893750	1567	44.42
GC1003827_G04_NODE_6536_length_1567_cov_2.956250	1567	45.69
GC1003827_G04_NODE_6537_length_1567_cov_2.881250	1567	44.74
GC1003827_G04_NODE_6538_length_1567_cov_2.068056	1567	36.25
GC1003827_G04_NODE_6539_length_1567_cov_2.030556	1567	44.10
GC1003827_G04_NODE_6540_length_1567_cov_1.817361	1567	45.44
GC1003827_G04_NODE_6541_length_1566_cov_5.849896	1566	45.72
GC1003827_G04_NODE_6542_length_1566_cov_4.138985	1566	47.06
GC1003827_G04_NODE_6543_length_1566_cov_1.820014	1566	51.72
GC1003827_G04_NODE_6544_length_1565_cov_16.767733	1565	41.85
GC1003827_G04_NODE_6545_length_1565_cov_9.994437	1565	45.30
GC1003827_G04_NODE_6546_length_1565_cov_8.159944	1565	43.19
GC1003827_G04_NODE_6547_length_1565_cov_6.123783	1565	46.71
GC1003827_G04_NODE_6548_length_1565_cov_4.738526	1565	45.81
GC1003827_G04_NODE_6549_length_1565_cov_4.120306	1565	51.25
GC1003827_G04_NODE_6550_length_1565_cov_3.157163	1565	41.73
GC1003827_G04_NODE_6551_length_1565_cov_2.721140	1565	43.96
GC1003827_G04_NODE_6552_length_1565_cov_2.606398	1565	46.33
GC1003827_G04_NODE_6553_length_1565_cov_1.369263	1565	47.41
GC1003827_G04_NODE_6554_length_1564_cov_11.599861	1564	44.69
GC1003827_G04_NODE_6555_length_1564_cov_4.832289	1564	40.73
GC1003827_G04_NODE_6556_length_1564_cov_2.773834	1564	52.69
GC1003827_G04_NODE_6557_length_1564_cov_2.438413	1564	59.21
GC1003827_G04_NODE_6558_length_1564_cov_2.123173	1564	66.43
GC1003827_G04_NODE_6559_length_1564_cov_2.038274	1564	50.26
GC1003827_G04_NODE_6560_length_1564_cov_1.616562	1564	53.01
GC1003827_G04_NODE_6561_length_1564_cov_1.421712	1564	64.96
GC1003827_G04_NODE_6562_length_1564_cov_1.204593	1564	52.56
GC1003827_G04_NODE_6563_length_1563_cov_22.183844	1563	53.29
GC1003827_G04_NODE_6564_length_1563_cov_12.098189	1563	43.44
GC1003827_G04_NODE_6565_length_1563_cov_8.915042	1563	45.68
GC1003827_G04_NODE_6566_length_1563_cov_3.038301	1563	65.07
GC1003827_G04_NODE_6567_length_1563_cov_2.447772	1563	66.47
GC1003827_G04_NODE_6568_length_1562_cov_10.038328	1562	42.00
GC1003827_G04_NODE_6569_length_1562_cov_9.519164	1562	46.29
GC1003827_G04_NODE_6570_length_1562_cov_8.875261	1562	50.58
GC1003827_G04_NODE_6571_length_1562_cov_3.858537	1562	42.19
GC1003827_G04_NODE_6572_length_1561_cov_14.511855	1561	43.50
GC1003827_G04_NODE_6573_length_1561_cov_10.630404	1561	44.01
GC1003827_G04_NODE_6574_length_1561_cov_6.146444	1561	43.43
GC1003827_G04_NODE_6575_length_1561_cov_5.066946	1561	41.90
GC1003827_G04_NODE_6576_length_1561_cov_4.417713	1561	41.64
GC1003827_G04_NODE_6577_length_1561_cov_1.557183	1561	42.02
GC1003827_G04_NODE_6578_length_1561_cov_0.677824	1561	50.03
GC1003827_G04_NODE_6579_length_1561_cov_0.529289	1561	41.26
GC1003827_G04_NODE_6580_length_1560_cov_15.076064	1560	45.26
GC1003827_G04_NODE_6581_length_1560_cov_11.317516	1560	46.28
GC1003827_G04_NODE_6582_length_1560_cov_5.442428	1560	42.82
GC1003827_G04_NODE_6583_length_1560_cov_4.085834	1560	43.27
GC1003827_G04_NODE_6584_length_1560_cov_2.838800	1560	45.32
GC1003827_G04_NODE_6585_length_1560_cov_2.065597	1560	50.26
GC1003827_G04_NODE_6586_length_1560_cov_1.675506	1560	56.47
GC1003827_G04_NODE_6587_length_1560_cov_1.506629	1560	50.00
GC1003827_G04_NODE_6588_length_1560_cov_1.331472	1560	44.62
GC1003827_G04_NODE_6589_length_1559_cov_14.513966	1559	43.81
GC1003827_G04_NODE_6590_length_1559_cov_10.543296	1559	61.71
GC1003827_G04_NODE_6591_length_1559_cov_8.349860	1559	46.70
GC1003827_G04_NODE_6592_length_1559_cov_7.810754	1559	44.77
GC1003827_G04_NODE_6593_length_1559_cov_6.486732	1559	44.39
GC1003827_G04_NODE_6594_length_1559_cov_3.955307	1559	56.25
GC1003827_G04_NODE_6595_length_1559_cov_3.938547	1559	54.07
GC1003827_G04_NODE_6596_length_1559_cov_3.898045	1559	46.18
GC1003827_G04_NODE_6597_length_1559_cov_2.299581	1559	42.53
GC1003827_G04_NODE_6598_length_1558_cov_7.213138	1558	46.73
GC1003827_G04_NODE_6599_length_1558_cov_6.516422	1558	46.15
GC1003827_G04_NODE_6600_length_1558_cov_6.093641	1558	45.89
GC1003827_G04_NODE_6601_length_1558_cov_4.596087	1558	45.57
GC1003827_G04_NODE_6602_length_1557_cov_10.560839	1557	42.71
GC1003827_G04_NODE_6603_length_1557_cov_9.958042	1557	44.25
GC1003827_G04_NODE_6604_length_1557_cov_6.610490	1557	55.30
GC1003827_G04_NODE_6605_length_1557_cov_6.298601	1557	45.54
GC1003827_G04_NODE_6606_length_1557_cov_4.198601	1557	47.14
GC1003827_G04_NODE_6607_length_1557_cov_4.139161	1557	43.74
GC1003827_G04_NODE_6608_length_1557_cov_3.495804	1557	42.97
GC1003827_G04_NODE_6609_length_1557_cov_2.808392	1557	51.51
GC1003827_G04_NODE_6610_length_1557_cov_1.967133	1557	46.69
GC1003827_G04_NODE_6611_length_1556_cov_4.908328	1556	45.76
GC1003827_G04_NODE_6612_length_1556_cov_2.813156	1556	44.09
GC1003827_G04_NODE_6613_length_1556_cov_2.716585	1556	50.39
GC1003827_G04_NODE_6614_length_1556_cov_2.567530	1556	46.53
GC1003827_G04_NODE_6615_length_1556_cov_2.522043	1556	44.54
GC1003827_G04_NODE_6616_length_1556_cov_2.448565	1556	40.55
GC1003827_G04_NODE_6617_length_1556_cov_2.262421	1556	49.94
GC1003827_G04_NODE_6618_length_1556_cov_1.698390	1556	68.57
GC1003827_G04_NODE_6619_length_1556_cov_1.504549	1556	68.06
GC1003827_G04_NODE_6620_length_1555_cov_12.595238	1555	44.89
GC1003827_G04_NODE_6621_length_1555_cov_10.037815	1555	45.27
GC1003827_G04_NODE_6622_length_1555_cov_8.439776	1555	43.99
GC1003827_G04_NODE_6623_length_1555_cov_4.304622	1555	46.30
GC1003827_G04_NODE_6624_length_1555_cov_4.292017	1555	48.42
GC1003827_G04_NODE_6625_length_1555_cov_3.844538	1555	43.47
GC1003827_G04_NODE_6626_length_1555_cov_2.212885	1555	41.35
GC1003827_G04_NODE_6627_length_1555_cov_2.094538	1555	41.29
GC1003827_G04_NODE_6628_length_1555_cov_2.071429	1555	45.02
GC1003827_G04_NODE_6629_length_1555_cov_2.025910	1555	45.02
GC1003827_G04_NODE_6630_length_1554_cov_15.489138	1554	48.84
GC1003827_G04_NODE_6631_length_1554_cov_5.594954	1554	42.79
GC1003827_G04_NODE_6632_length_1554_cov_4.245270	1554	35.91
GC1003827_G04_NODE_6633_length_1554_cov_2.947442	1554	43.37
GC1003827_G04_NODE_6634_length_1554_cov_1.615978	1554	47.81
GC1003827_G04_NODE_6635_length_1553_cov_15.333801	1553	46.56
GC1003827_G04_NODE_6636_length_1553_cov_9.553997	1553	41.92
GC1003827_G04_NODE_6637_length_1553_cov_8.166199	1553	44.30
GC1003827_G04_NODE_6638_length_1553_cov_4.903927	1553	48.94
GC1003827_G04_NODE_6639_length_1553_cov_4.586255	1553	47.26
GC1003827_G04_NODE_6640_length_1552_cov_13.544561	1552	43.62
GC1003827_G04_NODE_6641_length_1552_cov_8.080702	1552	47.55
GC1003827_G04_NODE_6642_length_1552_cov_6.009825	1552	45.68
GC1003827_G04_NODE_6643_length_1552_cov_5.095439	1552	48.71
GC1003827_G04_NODE_6644_length_1552_cov_3.418246	1552	46.84
GC1003827_G04_NODE_6645_length_1552_cov_1.981754	1552	63.79
GC1003827_G04_NODE_6646_length_1552_cov_1.164912	1552	68.17
GC1003827_G04_NODE_6647_length_1551_cov_6.182584	1551	45.58
GC1003827_G04_NODE_6648_length_1551_cov_3.728933	1551	45.65
GC1003827_G04_NODE_6649_length_1551_cov_2.549860	1551	45.65
GC1003827_G04_NODE_6650_length_1551_cov_2.126404	1551	67.63
GC1003827_G04_NODE_6651_length_1550_cov_22.598032	1550	48.90
GC1003827_G04_NODE_6652_length_1550_cov_15.180604	1550	51.48
GC1003827_G04_NODE_6653_length_1550_cov_13.463106	1550	44.26
GC1003827_G04_NODE_6654_length_1550_cov_6.513703	1550	46.90
GC1003827_G04_NODE_6655_length_1550_cov_3.132818	1550	44.26
GC1003827_G04_NODE_6656_length_1550_cov_2.632467	1550	70.39
GC1003827_G04_NODE_6657_length_1550_cov_2.548840	1550	31.48
GC1003827_G04_NODE_6658_length_1550_cov_1.460998	1550	46.77
GC1003827_G04_NODE_6659_length_1549_cov_9.949367	1549	44.80
GC1003827_G04_NODE_6660_length_1549_cov_9.781997	1549	39.51
GC1003827_G04_NODE_6661_length_1549_cov_7.051336	1549	42.03
GC1003827_G04_NODE_6662_length_1549_cov_6.516878	1549	47.13
GC1003827_G04_NODE_6663_length_1549_cov_5.386779	1549	46.09
GC1003827_G04_NODE_6664_length_1549_cov_4.257384	1549	51.26
GC1003827_G04_NODE_6665_length_1549_cov_3.300281	1549	64.17
GC1003827_G04_NODE_6666_length_1549_cov_2.191280	1549	62.36
GC1003827_G04_NODE_6667_length_1549_cov_1.981013	1549	43.83
GC1003827_G04_NODE_6668_length_1548_cov_6.698804	1548	50.90
GC1003827_G04_NODE_6669_length_1548_cov_6.076707	1548	60.14
GC1003827_G04_NODE_6670_length_1548_cov_5.634764	1548	43.09
GC1003827_G04_NODE_6671_length_1548_cov_4.365939	1548	42.12
GC1003827_G04_NODE_6672_length_1548_cov_3.600985	1548	65.83
GC1003827_G04_NODE_6673_length_1548_cov_2.977481	1548	65.57
GC1003827_G04_NODE_6674_length_1548_cov_2.485574	1548	42.44
GC1003827_G04_NODE_6675_length_1548_cov_1.993666	1548	63.31
GC1003827_G04_NODE_6676_length_1548_cov_1.483462	1548	59.69
GC1003827_G04_NODE_6677_length_1547_cov_11.759859	1547	50.36
GC1003827_G04_NODE_6678_length_1547_cov_7.764789	1547	56.82
GC1003827_G04_NODE_6679_length_1547_cov_4.298592	1547	44.15
GC1003827_G04_NODE_6680_length_1547_cov_3.696479	1547	37.94
GC1003827_G04_NODE_6681_length_1547_cov_2.978169	1547	64.77
GC1003827_G04_NODE_6682_length_1547_cov_2.729577	1547	41.05
GC1003827_G04_NODE_6683_length_1547_cov_1.849296	1547	55.98
GC1003827_G04_NODE_6684_length_1547_cov_1.261268	1547	41.18
GC1003827_G04_NODE_6685_length_1547_cov_1.161972	1547	48.93
GC1003827_G04_NODE_6686_length_1546_cov_12.550388	1546	42.88
GC1003827_G04_NODE_6687_length_1546_cov_8.097252	1546	49.61
GC1003827_G04_NODE_6688_length_1546_cov_6.892178	1546	41.46
GC1003827_G04_NODE_6689_length_1546_cov_3.354475	1546	65.78
GC1003827_G04_NODE_6690_length_1546_cov_2.498943	1546	45.67
GC1003827_G04_NODE_6691_length_1546_cov_1.496829	1546	66.04
GC1003827_G04_NODE_6692_length_1545_cov_10.813822	1545	45.44
GC1003827_G04_NODE_6693_length_1545_cov_10.651622	1545	44.98
GC1003827_G04_NODE_6694_length_1545_cov_10.355430	1545	55.21
GC1003827_G04_NODE_6695_length_1545_cov_5.186178	1545	41.81
GC1003827_G04_NODE_6696_length_1545_cov_4.858956	1545	49.32
GC1003827_G04_NODE_6697_length_1545_cov_2.313117	1545	45.63
GC1003827_G04_NODE_6698_length_1544_cov_3.411433	1544	46.57
GC1003827_G04_NODE_6699_length_1544_cov_3.346507	1544	44.56
GC1003827_G04_NODE_6700_length_1544_cov_1.786168	1544	46.44
GC1003827_G04_NODE_6701_length_1544_cov_1.309809	1544	66.45
GC1003827_G04_NODE_6702_length_1543_cov_7.810028	1543	49.25
GC1003827_G04_NODE_6703_length_1543_cov_7.461158	1543	55.48
GC1003827_G04_NODE_6704_length_1543_cov_2.233051	1543	43.68
GC1003827_G04_NODE_6705_length_1542_cov_5.189399	1542	46.11
GC1003827_G04_NODE_6706_length_1542_cov_5.156890	1542	43.39
GC1003827_G04_NODE_6707_length_1542_cov_3.359011	1542	41.89
GC1003827_G04_NODE_6708_length_1542_cov_2.024028	1542	65.76
GC1003827_G04_NODE_6709_length_1541_cov_7.527581	1541	43.35
GC1003827_G04_NODE_6710_length_1541_cov_7.425743	1541	42.18
GC1003827_G04_NODE_6711_length_1541_cov_6.681047	1541	54.25
GC1003827_G04_NODE_6712_length_1541_cov_5.064356	1541	46.59
GC1003827_G04_NODE_6713_length_1541_cov_4.700849	1541	51.07
GC1003827_G04_NODE_6714_length_1541_cov_3.036775	1541	50.03
GC1003827_G04_NODE_6715_length_1541_cov_2.304102	1541	62.88
GC1003827_G04_NODE_6716_length_1540_cov_6.705591	1540	38.25
GC1003827_G04_NODE_6717_length_1540_cov_3.705591	1540	43.31
GC1003827_G04_NODE_6718_length_1540_cov_2.028309	1540	41.43
GC1003827_G04_NODE_6719_length_1540_cov_1.438075	1540	48.90
GC1003827_G04_NODE_6720_length_1539_cov_8.383853	1539	43.34
GC1003827_G04_NODE_6721_length_1539_cov_7.026204	1539	42.37
GC1003827_G04_NODE_6722_length_1539_cov_6.347734	1539	48.80
GC1003827_G04_NODE_6723_length_1539_cov_4.791076	1539	50.42
GC1003827_G04_NODE_6724_length_1538_cov_18.000000	1538	44.34
GC1003827_G04_NODE_6725_length_1538_cov_10.808646	1538	57.15
GC1003827_G04_NODE_6726_length_1538_cov_6.838412	1538	43.69
GC1003827_G04_NODE_6727_length_1538_cov_4.773210	1538	61.64
GC1003827_G04_NODE_6728_length_1538_cov_4.697378	1538	50.46
GC1003827_G04_NODE_6729_length_1538_cov_3.711552	1538	42.98
GC1003827_G04_NODE_6730_length_1538_cov_2.788094	1538	61.57
GC1003827_G04_NODE_6731_length_1538_cov_1.564848	1538	62.16
GC1003827_G04_NODE_6732_length_1537_cov_19.456028	1537	42.75
GC1003827_G04_NODE_6733_length_1537_cov_14.331915	1537	43.40
GC1003827_G04_NODE_6734_length_1537_cov_9.424113	1537	46.65
GC1003827_G04_NODE_6735_length_1537_cov_6.116312	1537	46.06
GC1003827_G04_NODE_6736_length_1537_cov_3.546099	1537	41.70
GC1003827_G04_NODE_6737_length_1537_cov_3.365957	1537	53.29
GC1003827_G04_NODE_6738_length_1537_cov_2.995035	1537	47.43
GC1003827_G04_NODE_6739_length_1537_cov_1.515603	1537	50.42
GC1003827_G04_NODE_6740_length_1536_cov_11.391767	1536	43.49
GC1003827_G04_NODE_6741_length_1536_cov_7.146913	1536	49.41
GC1003827_G04_NODE_6742_length_1536_cov_5.958836	1536	64.32
GC1003827_G04_NODE_6743_length_1536_cov_2.225692	1536	70.51
GC1003827_G04_NODE_6744_length_1536_cov_0.613911	1536	45.38
GC1003827_G04_NODE_6745_length_1535_cov_5.269886	1535	65.60
GC1003827_G04_NODE_6746_length_1535_cov_4.949574	1535	44.95
GC1003827_G04_NODE_6747_length_1535_cov_3.956676	1535	36.03
GC1003827_G04_NODE_6748_length_1535_cov_2.882812	1535	42.08
GC1003827_G04_NODE_6749_length_1534_cov_11.833689	1534	41.98
GC1003827_G04_NODE_6750_length_1534_cov_9.019190	1534	45.57
GC1003827_G04_NODE_6751_length_1534_cov_8.058991	1534	43.35
GC1003827_G04_NODE_6752_length_1534_cov_5.550817	1534	49.61
GC1003827_G04_NODE_6753_length_1534_cov_5.054726	1534	46.28
GC1003827_G04_NODE_6754_length_1534_cov_2.324805	1534	47.00
GC1003827_G04_NODE_6755_length_1534_cov_1.532338	1534	67.08
GC1003827_G04_NODE_6756_length_1534_cov_1.427861	1534	66.62
GC1003827_G04_NODE_6757_length_1533_cov_9.987909	1533	42.01
GC1003827_G04_NODE_6758_length_1533_cov_6.509957	1533	50.10
GC1003827_G04_NODE_6759_length_1533_cov_4.625889	1533	45.60
GC1003827_G04_NODE_6760_length_1533_cov_3.734708	1533	67.84
GC1003827_G04_NODE_6761_length_1532_cov_10.489680	1532	40.21
GC1003827_G04_NODE_6762_length_1532_cov_6.782206	1532	50.07
GC1003827_G04_NODE_6763_length_1532_cov_3.879715	1532	47.00
GC1003827_G04_NODE_6764_length_1532_cov_2.921708	1532	71.15
GC1003827_G04_NODE_6765_length_1532_cov_2.604270	1532	50.33
GC1003827_G04_NODE_6766_length_1532_cov_2.471886	1532	72.00
GC1003827_G04_NODE_6767_length_1531_cov_11.811966	1531	42.65
GC1003827_G04_NODE_6768_length_1531_cov_8.514957	1531	42.65
GC1003827_G04_NODE_6769_length_1531_cov_7.821225	1531	42.46
GC1003827_G04_NODE_6770_length_1531_cov_6.185185	1531	43.70
GC1003827_G04_NODE_6771_length_1531_cov_5.784900	1531	49.25
GC1003827_G04_NODE_6772_length_1531_cov_4.849715	1531	40.95
GC1003827_G04_NODE_6773_length_1531_cov_1.348291	1531	47.09
GC1003827_G04_NODE_6774_length_1530_cov_17.687812	1530	48.17
GC1003827_G04_NODE_6775_length_1530_cov_7.769779	1530	44.38
GC1003827_G04_NODE_6776_length_1530_cov_6.244476	1530	46.14
GC1003827_G04_NODE_6777_length_1530_cov_5.407698	1530	45.23
GC1003827_G04_NODE_6778_length_1530_cov_5.227370	1530	43.46
GC1003827_G04_NODE_6779_length_1530_cov_4.255167	1530	48.37
GC1003827_G04_NODE_6780_length_1530_cov_3.473984	1530	50.65
GC1003827_G04_NODE_6781_length_1530_cov_2.602281	1530	45.49
GC1003827_G04_NODE_6782_length_1530_cov_1.582324	1530	64.77
GC1003827_G04_NODE_6783_length_1529_cov_12.711840	1529	44.28
GC1003827_G04_NODE_6784_length_1529_cov_9.512839	1529	41.79
GC1003827_G04_NODE_6785_length_1529_cov_5.728245	1529	47.42
GC1003827_G04_NODE_6786_length_1529_cov_4.467903	1529	42.51
GC1003827_G04_NODE_6787_length_1529_cov_2.140514	1529	54.55
GC1003827_G04_NODE_6788_length_1529_cov_0.957917	1529	43.10
GC1003827_G04_NODE_6789_length_1528_cov_10.406138	1528	40.84
GC1003827_G04_NODE_6790_length_1528_cov_4.768023	1528	53.21
GC1003827_G04_NODE_6791_length_1528_cov_4.550321	1528	43.39
GC1003827_G04_NODE_6792_length_1528_cov_4.103498	1528	46.92
GC1003827_G04_NODE_6793_length_1528_cov_3.316916	1528	67.41
GC1003827_G04_NODE_6794_length_1528_cov_3.056388	1528	43.13
GC1003827_G04_NODE_6795_length_1528_cov_1.334761	1528	64.53
GC1003827_G04_NODE_6796_length_1527_cov_9.026429	1527	44.66
GC1003827_G04_NODE_6797_length_1527_cov_8.617143	1527	52.26
GC1003827_G04_NODE_6798_length_1527_cov_7.572143	1527	43.94
GC1003827_G04_NODE_6799_length_1527_cov_5.376429	1527	48.79
GC1003827_G04_NODE_6800_length_1527_cov_3.902143	1527	51.41
GC1003827_G04_NODE_6801_length_1527_cov_3.220000	1527	43.09
GC1003827_G04_NODE_6802_length_1527_cov_1.758571	1527	65.36
GC1003827_G04_NODE_6803_length_1527_cov_0.768571	1527	71.51
GC1003827_G04_NODE_6804_length_1526_cov_16.573267	1526	43.71
GC1003827_G04_NODE_6805_length_1526_cov_9.902073	1526	50.00
GC1003827_G04_NODE_6806_length_1526_cov_9.317370	1526	45.22
GC1003827_G04_NODE_6807_length_1526_cov_5.551108	1526	53.21
GC1003827_G04_NODE_6808_length_1526_cov_4.548964	1526	46.07
GC1003827_G04_NODE_6809_length_1526_cov_3.008578	1526	50.66
GC1003827_G04_NODE_6810_length_1526_cov_2.927091	1526	45.67
GC1003827_G04_NODE_6811_length_1526_cov_2.461044	1526	66.64
GC1003827_G04_NODE_6812_length_1526_cov_1.587563	1526	39.45
GC1003827_G04_NODE_6813_length_1525_cov_9.103004	1525	39.28
GC1003827_G04_NODE_6814_length_1525_cov_8.241059	1525	44.85
GC1003827_G04_NODE_6815_length_1525_cov_7.892704	1525	49.11
GC1003827_G04_NODE_6816_length_1525_cov_5.113734	1525	59.54
GC1003827_G04_NODE_6817_length_1525_cov_2.755365	1525	45.70
GC1003827_G04_NODE_6818_length_1525_cov_1.371245	1525	54.43
GC1003827_G04_NODE_6819_length_1524_cov_8.489621	1524	43.11
GC1003827_G04_NODE_6820_length_1524_cov_7.979241	1524	44.36
GC1003827_G04_NODE_6821_length_1524_cov_6.720115	1524	50.07
GC1003827_G04_NODE_6822_length_1524_cov_6.423049	1524	49.08
GC1003827_G04_NODE_6823_length_1524_cov_3.394417	1524	42.19
GC1003827_G04_NODE_6824_length_1524_cov_2.150322	1524	44.23
GC1003827_G04_NODE_6825_length_1524_cov_1.791696	1524	61.09
GC1003827_G04_NODE_6826_length_1524_cov_1.371510	1524	44.75
GC1003827_G04_NODE_6827_length_1523_cov_18.747135	1523	44.25
GC1003827_G04_NODE_6828_length_1523_cov_13.053009	1523	43.80
GC1003827_G04_NODE_6829_length_1523_cov_6.161891	1523	45.90
GC1003827_G04_NODE_6830_length_1523_cov_4.909742	1523	41.43
GC1003827_G04_NODE_6831_length_1523_cov_4.459885	1523	45.96
GC1003827_G04_NODE_6832_length_1523_cov_2.858883	1523	44.32
GC1003827_G04_NODE_6833_length_1523_cov_1.790831	1523	45.63
GC1003827_G04_NODE_6834_length_1523_cov_1.770774	1523	48.79
GC1003827_G04_NODE_6835_length_1523_cov_1.202722	1523	46.68
GC1003827_G04_NODE_6836_length_1523_cov_1.129656	1523	43.60
GC1003827_G04_NODE_6837_length_1522_cov_13.332616	1522	42.31
GC1003827_G04_NODE_6838_length_1522_cov_5.443011	1522	46.39
GC1003827_G04_NODE_6839_length_1522_cov_5.152688	1522	44.61
GC1003827_G04_NODE_6840_length_1521_cov_9.077475	1521	42.54
GC1003827_G04_NODE_6841_length_1521_cov_7.855093	1521	43.79
GC1003827_G04_NODE_6842_length_1521_cov_7.160689	1521	47.99
GC1003827_G04_NODE_6843_length_1521_cov_6.916786	1521	50.56
GC1003827_G04_NODE_6844_length_1521_cov_6.177905	1521	40.24
GC1003827_G04_NODE_6845_length_1521_cov_4.731707	1521	46.81
GC1003827_G04_NODE_6846_length_1521_cov_3.205882	1521	40.11
GC1003827_G04_NODE_6847_length_1521_cov_2.989240	1521	62.20
GC1003827_G04_NODE_6848_length_1521_cov_2.093974	1521	50.23
GC1003827_G04_NODE_6849_length_1521_cov_1.231707	1521	36.82
GC1003827_G04_NODE_6850_length_1520_cov_4.592247	1520	47.43
GC1003827_G04_NODE_6851_length_1520_cov_2.973439	1520	43.68
GC1003827_G04_NODE_6852_length_1520_cov_2.922469	1520	42.57
GC1003827_G04_NODE_6853_length_1520_cov_2.749462	1520	40.92
GC1003827_G04_NODE_6854_length_1519_cov_10.908764	1519	42.20
GC1003827_G04_NODE_6855_length_1519_cov_7.545259	1519	50.16
GC1003827_G04_NODE_6856_length_1519_cov_5.160920	1519	60.43
GC1003827_G04_NODE_6857_length_1519_cov_2.521552	1519	45.49
GC1003827_G04_NODE_6858_length_1519_cov_1.806753	1519	42.40
GC1003827_G04_NODE_6859_length_1519_cov_1.304598	1519	45.16
GC1003827_G04_NODE_6860_length_1518_cov_10.754134	1518	43.68
GC1003827_G04_NODE_6861_length_1518_cov_10.067577	1518	43.48
GC1003827_G04_NODE_6862_length_1518_cov_5.698778	1518	47.10
GC1003827_G04_NODE_6863_length_1518_cov_3.540618	1518	66.67
GC1003827_G04_NODE_6864_length_1518_cov_2.133717	1518	51.12
GC1003827_G04_NODE_6865_length_1518_cov_2.104960	1518	43.21
GC1003827_G04_NODE_6866_length_1518_cov_2.001438	1518	49.41
GC1003827_G04_NODE_6867_length_1517_cov_12.080576	1517	45.42
GC1003827_G04_NODE_6868_length_1517_cov_10.749640	1517	53.92
GC1003827_G04_NODE_6869_length_1517_cov_5.177698	1517	46.08
GC1003827_G04_NODE_6870_length_1517_cov_5.168345	1517	46.41
GC1003827_G04_NODE_6871_length_1517_cov_5.143885	1517	47.73
GC1003827_G04_NODE_6872_length_1516_cov_7.021598	1516	44.46
GC1003827_G04_NODE_6873_length_1516_cov_4.675306	1516	49.27
GC1003827_G04_NODE_6874_length_1516_cov_3.961843	1516	46.37
GC1003827_G04_NODE_6875_length_1516_cov_3.842333	1516	43.67
GC1003827_G04_NODE_6876_length_1516_cov_1.555796	1516	49.80
GC1003827_G04_NODE_6877_length_1516_cov_0.874730	1516	42.94
GC1003827_G04_NODE_6878_length_1516_cov_0.844492	1516	45.58
GC1003827_G04_NODE_6879_length_1515_cov_9.814841	1515	42.38
GC1003827_G04_NODE_6880_length_1515_cov_8.329251	1515	46.34
GC1003827_G04_NODE_6881_length_1515_cov_6.785303	1515	45.54
GC1003827_G04_NODE_6882_length_1515_cov_5.744957	1515	44.49
GC1003827_G04_NODE_6883_length_1515_cov_4.522334	1515	66.20
GC1003827_G04_NODE_6884_length_1515_cov_3.093660	1515	40.53
GC1003827_G04_NODE_6885_length_1515_cov_2.971902	1515	48.91
GC1003827_G04_NODE_6886_length_1515_cov_2.482709	1515	67.19
GC1003827_G04_NODE_6887_length_1515_cov_0.940922	1515	60.59
GC1003827_G04_NODE_6888_length_1514_cov_7.651045	1514	56.54
GC1003827_G04_NODE_6889_length_1514_cov_7.209084	1514	44.65
GC1003827_G04_NODE_6890_length_1514_cov_6.762797	1514	47.03
GC1003827_G04_NODE_6891_length_1514_cov_6.691420	1514	45.44
GC1003827_G04_NODE_6892_length_1514_cov_4.289834	1514	45.24
GC1003827_G04_NODE_6893_length_1514_cov_3.501802	1514	45.51
GC1003827_G04_NODE_6894_length_1514_cov_3.421774	1514	37.91
GC1003827_G04_NODE_6895_length_1514_cov_1.982696	1514	64.07
GC1003827_G04_NODE_6896_length_1514_cov_1.165826	1514	37.05
GC1003827_G04_NODE_6897_length_1513_cov_9.169553	1513	48.05
GC1003827_G04_NODE_6898_length_1513_cov_4.824675	1513	53.87
GC1003827_G04_NODE_6899_length_1513_cov_4.468254	1513	47.19
GC1003827_G04_NODE_6900_length_1513_cov_3.680375	1513	51.88
GC1003827_G04_NODE_6901_length_1513_cov_3.025974	1513	65.63
GC1003827_G04_NODE_6902_length_1513_cov_2.854257	1513	43.75
GC1003827_G04_NODE_6903_length_1513_cov_2.795815	1513	40.78
GC1003827_G04_NODE_6904_length_1513_cov_2.772727	1513	56.91
GC1003827_G04_NODE_6905_length_1513_cov_1.607504	1513	46.00
GC1003827_G04_NODE_6906_length_1513_cov_1.508658	1513	51.29
GC1003827_G04_NODE_6907_length_1513_cov_0.898268	1513	37.14
GC1003827_G04_NODE_6908_length_1513_cov_0.813131	1513	49.04
GC1003827_G04_NODE_6909_length_1512_cov_14.941516	1512	46.43
GC1003827_G04_NODE_6910_length_1512_cov_7.418773	1512	46.43
GC1003827_G04_NODE_6911_length_1512_cov_3.750903	1512	61.64
GC1003827_G04_NODE_6912_length_1512_cov_3.693141	1512	46.89
GC1003827_G04_NODE_6913_length_1512_cov_3.581949	1512	42.39
GC1003827_G04_NODE_6914_length_1512_cov_2.890253	1512	49.54
GC1003827_G04_NODE_6915_length_1512_cov_2.216606	1512	60.32
GC1003827_G04_NODE_6916_length_1511_cov_17.713873	1511	47.85
GC1003827_G04_NODE_6917_length_1511_cov_4.156792	1511	39.44
GC1003827_G04_NODE_6918_length_1511_cov_3.885116	1511	64.06
GC1003827_G04_NODE_6919_length_1511_cov_2.242775	1511	43.15
GC1003827_G04_NODE_6920_length_1510_cov_7.868402	1510	45.36
GC1003827_G04_NODE_6921_length_1510_cov_4.994939	1510	46.16
GC1003827_G04_NODE_6922_length_1510_cov_3.671005	1510	45.03
GC1003827_G04_NODE_6923_length_1510_cov_3.631960	1510	46.62
GC1003827_G04_NODE_6924_length_1510_cov_3.605206	1510	47.88
GC1003827_G04_NODE_6925_length_1510_cov_2.572668	1510	45.56
GC1003827_G04_NODE_6926_length_1510_cov_1.891540	1510	46.09
GC1003827_G04_NODE_6927_length_1510_cov_1.601591	1510	45.10
GC1003827_G04_NODE_6928_length_1510_cov_1.019523	1510	49.87
GC1003827_G04_NODE_6929_length_1509_cov_12.103473	1509	45.73
GC1003827_G04_NODE_6930_length_1509_cov_7.926918	1509	40.29
GC1003827_G04_NODE_6931_length_1509_cov_7.667873	1509	48.97
GC1003827_G04_NODE_6932_length_1509_cov_2.691027	1509	51.42
GC1003827_G04_NODE_6933_length_1509_cov_2.384226	1509	67.66
GC1003827_G04_NODE_6934_length_1509_cov_2.032562	1509	53.35
GC1003827_G04_NODE_6935_length_1508_cov_8.397538	1508	46.09
GC1003827_G04_NODE_6936_length_1508_cov_6.186097	1508	46.82
GC1003827_G04_NODE_6937_length_1508_cov_5.096307	1508	47.55
GC1003827_G04_NODE_6938_length_1508_cov_4.695873	1508	45.16
GC1003827_G04_NODE_6939_length_1508_cov_3.950036	1508	45.29
GC1003827_G04_NODE_6940_length_1508_cov_3.824041	1508	49.01
GC1003827_G04_NODE_6941_length_1508_cov_1.809558	1508	46.68
GC1003827_G04_NODE_6942_length_1507_cov_13.143478	1507	44.66
GC1003827_G04_NODE_6943_length_1507_cov_10.123913	1507	43.53
GC1003827_G04_NODE_6944_length_1507_cov_9.176812	1507	55.21
GC1003827_G04_NODE_6945_length_1507_cov_7.835507	1507	46.78
GC1003827_G04_NODE_6946_length_1507_cov_6.957246	1507	47.11
GC1003827_G04_NODE_6947_length_1507_cov_6.812319	1507	45.12
GC1003827_G04_NODE_6948_length_1507_cov_3.721014	1507	48.57
GC1003827_G04_NODE_6949_length_1507_cov_3.667391	1507	44.99
GC1003827_G04_NODE_6950_length_1507_cov_1.330435	1507	46.38
GC1003827_G04_NODE_6951_length_1506_cov_9.084844	1506	47.08
GC1003827_G04_NODE_6952_length_1506_cov_6.277737	1506	49.87
GC1003827_G04_NODE_6953_length_1506_cov_6.162437	1506	45.15
GC1003827_G04_NODE_6954_length_1506_cov_5.183466	1506	48.01
GC1003827_G04_NODE_6955_length_1506_cov_4.593909	1506	48.54
GC1003827_G04_NODE_6956_length_1506_cov_3.266860	1506	42.30
GC1003827_G04_NODE_6957_length_1506_cov_2.639594	1506	48.47
GC1003827_G04_NODE_6958_length_1506_cov_2.160261	1506	43.43
GC1003827_G04_NODE_6959_length_1506_cov_1.632342	1506	66.33
GC1003827_G04_NODE_6960_length_1505_cov_9.545718	1505	41.66
GC1003827_G04_NODE_6961_length_1505_cov_8.628447	1505	40.73
GC1003827_G04_NODE_6962_length_1505_cov_8.245283	1505	47.38
GC1003827_G04_NODE_6963_length_1505_cov_8.226415	1505	63.12
GC1003827_G04_NODE_6964_length_1505_cov_5.575472	1505	48.11
GC1003827_G04_NODE_6965_length_1505_cov_3.994920	1505	40.86
GC1003827_G04_NODE_6966_length_1505_cov_1.833817	1505	50.50
GC1003827_G04_NODE_6967_length_1504_cov_28.738562	1504	40.09
GC1003827_G04_NODE_6968_length_1504_cov_8.450980	1504	57.25
GC1003827_G04_NODE_6969_length_1504_cov_8.081336	1504	45.21
GC1003827_G04_NODE_6970_length_1504_cov_7.119099	1504	53.72
GC1003827_G04_NODE_6971_length_1504_cov_7.052288	1504	41.56
GC1003827_G04_NODE_6972_length_1504_cov_5.880174	1504	64.30
GC1003827_G04_NODE_6973_length_1504_cov_5.675381	1504	44.75
GC1003827_G04_NODE_6974_length_1504_cov_5.488017	1504	43.62
GC1003827_G04_NODE_6975_length_1504_cov_1.722585	1504	60.57
GC1003827_G04_NODE_6976_length_1503_cov_8.631541	1503	50.77
GC1003827_G04_NODE_6977_length_1503_cov_3.692587	1503	44.24
GC1003827_G04_NODE_6978_length_1503_cov_2.592297	1503	43.31
GC1003827_G04_NODE_6979_length_1503_cov_1.553052	1503	45.31
GC1003827_G04_NODE_6980_length_1503_cov_1.399709	1503	46.84
GC1003827_G04_NODE_6981_length_1502_cov_7.037818	1502	42.14
GC1003827_G04_NODE_6982_length_1502_cov_5.017455	1502	39.88
GC1003827_G04_NODE_6983_length_1502_cov_3.890182	1502	49.40
GC1003827_G04_NODE_6984_length_1502_cov_2.727273	1502	60.45
GC1003827_G04_NODE_6985_length_1502_cov_1.809455	1502	45.14
GC1003827_G04_NODE_6986_length_1501_cov_14.727074	1501	44.30
GC1003827_G04_NODE_6987_length_1501_cov_10.010917	1501	43.77
GC1003827_G04_NODE_6988_length_1501_cov_6.570597	1501	47.57
GC1003827_G04_NODE_6989_length_1501_cov_5.957060	1501	50.50
GC1003827_G04_NODE_6990_length_1501_cov_4.591703	1501	52.76
GC1003827_G04_NODE_6991_length_1501_cov_3.884279	1501	52.70
GC1003827_G04_NODE_6992_length_1501_cov_3.792576	1501	48.70
GC1003827_G04_NODE_6993_length_1501_cov_3.754731	1501	42.64
GC1003827_G04_NODE_6994_length_1501_cov_3.284571	1501	44.30
GC1003827_G04_NODE_6995_length_1501_cov_1.108443	1501	38.37
GC1003827_G04_NODE_6996_length_1500_cov_8.378004	1500	41.53
GC1003827_G04_NODE_6997_length_1500_cov_6.865987	1500	43.67
GC1003827_G04_NODE_6998_length_1500_cov_4.541879	1500	38.07
GC1003827_G04_NODE_6999_length_1500_cov_4.334304	1500	43.40
GC1003827_G04_NODE_7000_length_1500_cov_2.823015	1500	43.33
GC1003827_G04_NODE_7001_length_1500_cov_2.482884	1500	66.40
GC1003827_G04_NODE_7002_length_1500_cov_2.346686	1500	44.00
GC1003827_G04_NODE_7003_length_1499_cov_6.579446	1499	46.43
GC1003827_G04_NODE_7004_length_1499_cov_4.110058	1499	44.36
GC1003827_G04_NODE_7005_length_1499_cov_3.378280	1499	48.90
GC1003827_G04_NODE_7006_length_1499_cov_3.327259	1499	44.90
GC1003827_G04_NODE_7007_length_1499_cov_2.551020	1499	53.50
GC1003827_G04_NODE_7008_length_1499_cov_1.491254	1499	68.45
GC1003827_G04_NODE_7009_length_1499_cov_0.907434	1499	49.83
GC1003827_G04_NODE_7010_length_1498_cov_12.068563	1498	46.53
GC1003827_G04_NODE_7011_length_1498_cov_10.849745	1498	44.46
GC1003827_G04_NODE_7012_length_1498_cov_7.389497	1498	50.73
GC1003827_G04_NODE_7013_length_1498_cov_6.223924	1498	45.19
GC1003827_G04_NODE_7014_length_1498_cov_5.893508	1498	51.00
GC1003827_G04_NODE_7015_length_1498_cov_3.671043	1498	36.05
GC1003827_G04_NODE_7016_length_1498_cov_3.548505	1498	50.53
GC1003827_G04_NODE_7017_length_1498_cov_3.187454	1498	49.87
GC1003827_G04_NODE_7018_length_1498_cov_2.314369	1498	64.42
GC1003827_G04_NODE_7019_length_1498_cov_1.874544	1498	38.45
GC1003827_G04_NODE_7020_length_1498_cov_1.588621	1498	49.47
GC1003827_G04_NODE_7021_length_1498_cov_0.674690	1498	50.67
GC1003827_G04_NODE_7022_length_1497_cov_5.145255	1497	42.48
GC1003827_G04_NODE_7023_length_1497_cov_2.870073	1497	54.84
GC1003827_G04_NODE_7024_length_1497_cov_2.224818	1497	46.56
GC1003827_G04_NODE_7025_length_1497_cov_2.194891	1497	46.89
GC1003827_G04_NODE_7026_length_1497_cov_1.875912	1497	43.02
GC1003827_G04_NODE_7027_length_1497_cov_1.185401	1497	50.03
GC1003827_G04_NODE_7028_length_1497_cov_1.084672	1497	43.29
GC1003827_G04_NODE_7029_length_1496_cov_6.979547	1496	46.19
GC1003827_G04_NODE_7030_length_1496_cov_4.915997	1496	44.05
GC1003827_G04_NODE_7031_length_1496_cov_2.230825	1496	44.85
GC1003827_G04_NODE_7032_length_1496_cov_1.971512	1496	65.57
GC1003827_G04_NODE_7033_length_1496_cov_1.235939	1496	65.04
GC1003827_G04_NODE_7034_length_1496_cov_0.855369	1496	64.30
GC1003827_G04_NODE_7035_length_1495_cov_28.182018	1495	61.74
GC1003827_G04_NODE_7036_length_1495_cov_10.718567	1495	48.23
GC1003827_G04_NODE_7037_length_1495_cov_6.780702	1495	48.43
GC1003827_G04_NODE_7038_length_1495_cov_4.207602	1495	43.61
GC1003827_G04_NODE_7039_length_1495_cov_1.699561	1495	59.87
GC1003827_G04_NODE_7040_length_1494_cov_5.814192	1494	44.18
GC1003827_G04_NODE_7041_length_1494_cov_0.767374	1494	43.17
GC1003827_G04_NODE_7042_length_1493_cov_14.267204	1493	65.10
GC1003827_G04_NODE_7043_length_1493_cov_5.350659	1493	38.65
GC1003827_G04_NODE_7044_length_1493_cov_4.662518	1493	43.07
GC1003827_G04_NODE_7045_length_1493_cov_4.125183	1493	47.96
GC1003827_G04_NODE_7046_length_1493_cov_4.061493	1493	50.10
GC1003827_G04_NODE_7047_length_1493_cov_3.946559	1493	47.69
GC1003827_G04_NODE_7048_length_1493_cov_3.247438	1493	49.23
GC1003827_G04_NODE_7049_length_1493_cov_1.957540	1493	51.84
GC1003827_G04_NODE_7050_length_1492_cov_12.533333	1492	46.65
GC1003827_G04_NODE_7051_length_1492_cov_4.556777	1492	45.84
GC1003827_G04_NODE_7052_length_1492_cov_4.478388	1492	48.19
GC1003827_G04_NODE_7053_length_1492_cov_2.567766	1492	65.08
GC1003827_G04_NODE_7054_length_1491_cov_14.247067	1491	46.75
GC1003827_G04_NODE_7055_length_1491_cov_11.752199	1491	49.03
GC1003827_G04_NODE_7056_length_1491_cov_5.706745	1491	41.45
GC1003827_G04_NODE_7057_length_1491_cov_4.286657	1491	40.51
GC1003827_G04_NODE_7058_length_1491_cov_3.277126	1491	39.70
GC1003827_G04_NODE_7059_length_1491_cov_3.272727	1491	40.44
GC1003827_G04_NODE_7060_length_1491_cov_1.734604	1491	67.00
GC1003827_G04_NODE_7061_length_1491_cov_0.896628	1491	60.56
GC1003827_G04_NODE_7062_length_1490_cov_10.133529	1490	45.64
GC1003827_G04_NODE_7063_length_1490_cov_9.116654	1490	50.54
GC1003827_G04_NODE_7064_length_1490_cov_4.589875	1490	43.09
GC1003827_G04_NODE_7065_length_1490_cov_3.256787	1490	41.41
GC1003827_G04_NODE_7066_length_1489_cov_12.923642	1489	43.25
GC1003827_G04_NODE_7067_length_1489_cov_7.457416	1489	47.75
GC1003827_G04_NODE_7068_length_1489_cov_6.359765	1489	44.06
GC1003827_G04_NODE_7069_length_1489_cov_4.386931	1489	45.27
GC1003827_G04_NODE_7070_length_1489_cov_3.090308	1489	49.83
GC1003827_G04_NODE_7071_length_1489_cov_1.745228	1489	42.31
GC1003827_G04_NODE_7072_length_1488_cov_5.376929	1488	50.94
GC1003827_G04_NODE_7073_length_1488_cov_4.969140	1488	45.63
GC1003827_G04_NODE_7074_length_1488_cov_4.328435	1488	47.04
GC1003827_G04_NODE_7075_length_1488_cov_4.228508	1488	52.08
GC1003827_G04_NODE_7076_length_1488_cov_3.120500	1488	67.88
GC1003827_G04_NODE_7077_length_1487_cov_11.319853	1487	39.54
GC1003827_G04_NODE_7078_length_1487_cov_9.161765	1487	48.42
GC1003827_G04_NODE_7079_length_1487_cov_6.717647	1487	47.28
GC1003827_G04_NODE_7080_length_1487_cov_5.547059	1487	45.26
GC1003827_G04_NODE_7081_length_1487_cov_5.411029	1487	43.31
GC1003827_G04_NODE_7082_length_1487_cov_3.338971	1487	48.96
GC1003827_G04_NODE_7083_length_1487_cov_3.072794	1487	46.74
GC1003827_G04_NODE_7084_length_1487_cov_2.616176	1487	68.93
GC1003827_G04_NODE_7085_length_1487_cov_2.372059	1487	40.95
GC1003827_G04_NODE_7086_length_1486_cov_20.484180	1486	44.89
GC1003827_G04_NODE_7087_length_1486_cov_8.467991	1486	47.31
GC1003827_G04_NODE_7088_length_1486_cov_7.816777	1486	42.19
GC1003827_G04_NODE_7089_length_1486_cov_6.445180	1486	44.89
GC1003827_G04_NODE_7090_length_1486_cov_6.089036	1486	47.71
GC1003827_G04_NODE_7091_length_1486_cov_3.540103	1486	46.64
GC1003827_G04_NODE_7092_length_1486_cov_3.465784	1486	43.27
GC1003827_G04_NODE_7093_length_1486_cov_2.807947	1486	42.26
GC1003827_G04_NODE_7094_length_1486_cov_2.177336	1486	70.79
GC1003827_G04_NODE_7095_length_1486_cov_1.323767	1486	47.44
GC1003827_G04_NODE_7096_length_1486_cov_1.243561	1486	45.15
GC1003827_G04_NODE_7097_length_1485_cov_8.973490	1485	47.74
GC1003827_G04_NODE_7098_length_1485_cov_8.357879	1485	43.50
GC1003827_G04_NODE_7099_length_1485_cov_6.776878	1485	45.99
GC1003827_G04_NODE_7100_length_1485_cov_4.430044	1485	48.89
GC1003827_G04_NODE_7101_length_1485_cov_3.173049	1485	40.81
GC1003827_G04_NODE_7102_length_1485_cov_2.365979	1485	44.04
GC1003827_G04_NODE_7103_length_1485_cov_2.251105	1485	44.65
GC1003827_G04_NODE_7104_length_1485_cov_2.137703	1485	48.08
GC1003827_G04_NODE_7105_length_1485_cov_1.608247	1485	60.20
GC1003827_G04_NODE_7106_length_1485_cov_1.402062	1485	54.61
GC1003827_G04_NODE_7107_length_1485_cov_1.125184	1485	53.74
GC1003827_G04_NODE_7108_length_1484_cov_11.846721	1484	44.14
GC1003827_G04_NODE_7109_length_1484_cov_10.580693	1484	41.31
GC1003827_G04_NODE_7110_length_1484_cov_9.352985	1484	45.42
GC1003827_G04_NODE_7111_length_1484_cov_7.278556	1484	42.79
GC1003827_G04_NODE_7112_length_1484_cov_2.525424	1484	47.17
GC1003827_G04_NODE_7113_length_1484_cov_2.142962	1484	45.35
GC1003827_G04_NODE_7114_length_1484_cov_0.940310	1484	45.49
GC1003827_G04_NODE_7115_length_1484_cov_0.891673	1484	45.49
GC1003827_G04_NODE_7116_length_1484_cov_0.879145	1484	44.68
GC1003827_G04_NODE_7117_length_1483_cov_6.255162	1483	47.34
GC1003827_G04_NODE_7118_length_1483_cov_5.402655	1483	48.08
GC1003827_G04_NODE_7119_length_1483_cov_5.021386	1483	49.70
GC1003827_G04_NODE_7120_length_1483_cov_4.626106	1483	46.93
GC1003827_G04_NODE_7121_length_1483_cov_3.927729	1483	46.80
GC1003827_G04_NODE_7122_length_1483_cov_2.549410	1483	47.54
GC1003827_G04_NODE_7123_length_1483_cov_1.904867	1483	47.20
GC1003827_G04_NODE_7124_length_1483_cov_1.539823	1483	66.96
GC1003827_G04_NODE_7125_length_1483_cov_0.491888	1483	66.01
GC1003827_G04_NODE_7126_length_1482_cov_16.526937	1482	43.18
GC1003827_G04_NODE_7127_length_1482_cov_7.709963	1482	46.36
GC1003827_G04_NODE_7128_length_1482_cov_6.856089	1482	51.15
GC1003827_G04_NODE_7129_length_1482_cov_6.022140	1482	47.64
GC1003827_G04_NODE_7130_length_1482_cov_5.242804	1482	45.48
GC1003827_G04_NODE_7131_length_1482_cov_4.933579	1482	45.48
GC1003827_G04_NODE_7132_length_1482_cov_3.618450	1482	47.98
GC1003827_G04_NODE_7133_length_1482_cov_3.041328	1482	41.97
GC1003827_G04_NODE_7134_length_1482_cov_2.739483	1482	63.16
GC1003827_G04_NODE_7135_length_1482_cov_2.597786	1482	50.88
GC1003827_G04_NODE_7136_length_1482_cov_2.411070	1482	44.60
GC1003827_G04_NODE_7137_length_1482_cov_1.033210	1482	34.35
GC1003827_G04_NODE_7138_length_1481_cov_8.384047	1481	50.71
GC1003827_G04_NODE_7139_length_1481_cov_8.036189	1481	43.35
GC1003827_G04_NODE_7140_length_1481_cov_6.479321	1481	34.71
GC1003827_G04_NODE_7141_length_1481_cov_5.861152	1481	44.16
GC1003827_G04_NODE_7142_length_1481_cov_4.046529	1481	40.72
GC1003827_G04_NODE_7143_length_1481_cov_3.933530	1481	43.08
GC1003827_G04_NODE_7144_length_1481_cov_2.751846	1481	46.79
GC1003827_G04_NODE_7145_length_1481_cov_2.124077	1481	49.83
GC1003827_G04_NODE_7146_length_1481_cov_1.880355	1481	68.87
GC1003827_G04_NODE_7147_length_1481_cov_1.342688	1481	71.24
GC1003827_G04_NODE_7148_length_1480_cov_18.542498	1480	48.99
GC1003827_G04_NODE_7149_length_1480_cov_10.684405	1480	46.55
GC1003827_G04_NODE_7150_length_1480_cov_4.994826	1480	47.50
GC1003827_G04_NODE_7151_length_1480_cov_4.673319	1480	45.61
GC1003827_G04_NODE_7152_length_1480_cov_2.990392	1480	58.85
GC1003827_G04_NODE_7153_length_1480_cov_0.990392	1480	68.65
GC1003827_G04_NODE_7154_length_1479_cov_10.042899	1479	45.23
GC1003827_G04_NODE_7155_length_1479_cov_4.953402	1479	46.65
GC1003827_G04_NODE_7156_length_1479_cov_4.627219	1479	62.61
GC1003827_G04_NODE_7157_length_1479_cov_4.431953	1479	42.12
GC1003827_G04_NODE_7158_length_1479_cov_0.698225	1479	52.54
GC1003827_G04_NODE_7159_length_1478_cov_13.001480	1478	42.15
GC1003827_G04_NODE_7160_length_1478_cov_6.940785	1478	38.70
GC1003827_G04_NODE_7161_length_1478_cov_5.056995	1478	45.47
GC1003827_G04_NODE_7162_length_1478_cov_3.540340	1478	45.20
GC1003827_G04_NODE_7163_length_1478_cov_3.470022	1478	44.05
GC1003827_G04_NODE_7164_length_1478_cov_3.000740	1478	43.78
GC1003827_G04_NODE_7165_length_1478_cov_2.399704	1478	49.19
GC1003827_G04_NODE_7166_length_1478_cov_1.262028	1478	44.45
GC1003827_G04_NODE_7167_length_1478_cov_1.123612	1478	55.89
GC1003827_G04_NODE_7168_length_1478_cov_0.847520	1478	68.47
GC1003827_G04_NODE_7169_length_1477_cov_13.404444	1477	42.25
GC1003827_G04_NODE_7170_length_1477_cov_8.025926	1477	44.55
GC1003827_G04_NODE_7171_length_1477_cov_3.805926	1477	45.23
GC1003827_G04_NODE_7172_length_1477_cov_3.491111	1477	48.82
GC1003827_G04_NODE_7173_length_1477_cov_3.133333	1477	49.15
GC1003827_G04_NODE_7174_length_1477_cov_2.734815	1477	49.90
GC1003827_G04_NODE_7175_length_1476_cov_10.195701	1476	42.48
GC1003827_G04_NODE_7176_length_1476_cov_4.106004	1476	42.41
GC1003827_G04_NODE_7177_length_1476_cov_3.888807	1476	49.19
GC1003827_G04_NODE_7178_length_1476_cov_2.277242	1476	40.31
GC1003827_G04_NODE_7179_length_1475_cov_7.978487	1475	46.92
GC1003827_G04_NODE_7180_length_1475_cov_6.840504	1475	42.10
GC1003827_G04_NODE_7181_length_1475_cov_6.017804	1475	48.68
GC1003827_G04_NODE_7182_length_1475_cov_4.373145	1475	45.29
GC1003827_G04_NODE_7183_length_1475_cov_4.106825	1475	48.68
GC1003827_G04_NODE_7184_length_1475_cov_2.465875	1475	44.75
GC1003827_G04_NODE_7185_length_1475_cov_1.808605	1475	49.83
GC1003827_G04_NODE_7186_length_1475_cov_1.660979	1475	48.68
GC1003827_G04_NODE_7187_length_1475_cov_1.637982	1475	45.76
GC1003827_G04_NODE_7188_length_1474_cov_12.614699	1474	43.96
GC1003827_G04_NODE_7189_length_1474_cov_6.762435	1474	46.47
GC1003827_G04_NODE_7190_length_1474_cov_3.285078	1474	48.03
GC1003827_G04_NODE_7191_length_1474_cov_2.134373	1474	45.32
GC1003827_G04_NODE_7192_length_1474_cov_0.919079	1474	65.26
GC1003827_G04_NODE_7193_length_1473_cov_14.828380	1473	43.79
GC1003827_G04_NODE_7194_length_1473_cov_4.115899	1473	44.67
GC1003827_G04_NODE_7195_length_1473_cov_3.777860	1473	56.35
GC1003827_G04_NODE_7196_length_1473_cov_2.815007	1473	51.39
GC1003827_G04_NODE_7197_length_1473_cov_1.821694	1473	43.38
GC1003827_G04_NODE_7198_length_1473_cov_1.679792	1473	42.97
GC1003827_G04_NODE_7199_length_1473_cov_1.405646	1473	65.92
GC1003827_G04_NODE_7200_length_1472_cov_8.251301	1472	43.89
GC1003827_G04_NODE_7201_length_1472_cov_7.736803	1472	52.04
GC1003827_G04_NODE_7202_length_1472_cov_5.936059	1472	46.60
GC1003827_G04_NODE_7203_length_1472_cov_3.868401	1472	51.36
GC1003827_G04_NODE_7204_length_1472_cov_2.720446	1472	54.14
GC1003827_G04_NODE_7205_length_1472_cov_2.180669	1472	62.30
GC1003827_G04_NODE_7206_length_1472_cov_2.150186	1472	52.99
GC1003827_G04_NODE_7207_length_1471_cov_9.473958	1471	44.73
GC1003827_G04_NODE_7208_length_1471_cov_7.299851	1471	43.51
GC1003827_G04_NODE_7209_length_1471_cov_5.266369	1471	67.85
GC1003827_G04_NODE_7210_length_1471_cov_4.417411	1471	39.36
GC1003827_G04_NODE_7211_length_1471_cov_3.449405	1471	62.54
GC1003827_G04_NODE_7212_length_1471_cov_3.390625	1471	41.67
GC1003827_G04_NODE_7213_length_1470_cov_10.215190	1470	47.76
GC1003827_G04_NODE_7214_length_1470_cov_7.262844	1470	42.86
GC1003827_G04_NODE_7215_length_1470_cov_7.152643	1470	43.27
GC1003827_G04_NODE_7216_length_1470_cov_4.907669	1470	63.61
GC1003827_G04_NODE_7217_length_1470_cov_2.104244	1470	48.98
GC1003827_G04_NODE_7218_length_1470_cov_1.405063	1470	71.09
GC1003827_G04_NODE_7219_length_1470_cov_0.734177	1470	42.31
GC1003827_G04_NODE_7220_length_1469_cov_10.069300	1469	45.41
GC1003827_G04_NODE_7221_length_1469_cov_4.566319	1469	50.24
GC1003827_G04_NODE_7222_length_1469_cov_4.512668	1469	40.84
GC1003827_G04_NODE_7223_length_1469_cov_3.968703	1469	51.87
GC1003827_G04_NODE_7224_length_1469_cov_1.921013	1469	70.18
GC1003827_G04_NODE_7225_length_1468_cov_13.586130	1468	48.84
GC1003827_G04_NODE_7226_length_1468_cov_7.730798	1468	45.78
GC1003827_G04_NODE_7227_length_1468_cov_4.617450	1468	50.34
GC1003827_G04_NODE_7228_length_1468_cov_3.164802	1468	42.44
GC1003827_G04_NODE_7229_length_1467_cov_14.370149	1467	44.79
GC1003827_G04_NODE_7230_length_1467_cov_14.130597	1467	45.60
GC1003827_G04_NODE_7231_length_1467_cov_8.660448	1467	45.88
GC1003827_G04_NODE_7232_length_1467_cov_4.576119	1467	42.26
GC1003827_G04_NODE_7233_length_1467_cov_2.244776	1467	47.31
GC1003827_G04_NODE_7234_length_1467_cov_0.886567	1467	64.49
GC1003827_G04_NODE_7235_length_1466_cov_5.270351	1466	48.29
GC1003827_G04_NODE_7236_length_1466_cov_4.058252	1466	43.04
GC1003827_G04_NODE_7237_length_1466_cov_1.906647	1466	50.61
GC1003827_G04_NODE_7238_length_1466_cov_1.896938	1466	65.55
GC1003827_G04_NODE_7239_length_1466_cov_1.582524	1466	41.88
GC1003827_G04_NODE_7240_length_1466_cov_1.253921	1466	44.68
GC1003827_G04_NODE_7241_length_1465_cov_5.372945	1465	41.37
GC1003827_G04_NODE_7242_length_1465_cov_1.966368	1465	42.94
GC1003827_G04_NODE_7243_length_1465_cov_1.661435	1465	43.34
GC1003827_G04_NODE_7244_length_1465_cov_1.502242	1465	44.91
GC1003827_G04_NODE_7245_length_1464_cov_5.400150	1464	43.44
GC1003827_G04_NODE_7246_length_1464_cov_3.086761	1464	41.80
GC1003827_G04_NODE_7247_length_1464_cov_2.391174	1464	44.54
GC1003827_G04_NODE_7248_length_1464_cov_1.896036	1464	60.86
GC1003827_G04_NODE_7249_length_1464_cov_1.248317	1464	44.67
GC1003827_G04_NODE_7250_length_1463_cov_16.784431	1463	43.75
GC1003827_G04_NODE_7251_length_1463_cov_12.429641	1463	45.86
GC1003827_G04_NODE_7252_length_1463_cov_11.450599	1463	44.22
GC1003827_G04_NODE_7253_length_1463_cov_10.804641	1463	42.11
GC1003827_G04_NODE_7254_length_1463_cov_10.244012	1463	42.99
GC1003827_G04_NODE_7255_length_1463_cov_9.396707	1463	44.77
GC1003827_G04_NODE_7256_length_1463_cov_8.438623	1463	51.74
GC1003827_G04_NODE_7257_length_1463_cov_6.983533	1463	48.74
GC1003827_G04_NODE_7258_length_1463_cov_5.268713	1463	40.40
GC1003827_G04_NODE_7259_length_1463_cov_3.082335	1463	42.72
GC1003827_G04_NODE_7260_length_1463_cov_2.538174	1463	50.10
GC1003827_G04_NODE_7261_length_1463_cov_2.468563	1463	51.26
GC1003827_G04_NODE_7262_length_1463_cov_2.375749	1463	48.39
GC1003827_G04_NODE_7263_length_1463_cov_2.297904	1463	51.74
GC1003827_G04_NODE_7264_length_1463_cov_2.011228	1463	64.94
GC1003827_G04_NODE_7265_length_1463_cov_1.699102	1463	43.75
GC1003827_G04_NODE_7266_length_1462_cov_12.741573	1462	44.12
GC1003827_G04_NODE_7267_length_1462_cov_6.090637	1462	48.97
GC1003827_G04_NODE_7268_length_1462_cov_5.662921	1462	58.62
GC1003827_G04_NODE_7269_length_1462_cov_5.291386	1462	45.69
GC1003827_G04_NODE_7270_length_1462_cov_5.110861	1462	53.69
GC1003827_G04_NODE_7271_length_1462_cov_3.162547	1462	46.92
GC1003827_G04_NODE_7272_length_1462_cov_1.361798	1462	49.86
GC1003827_G04_NODE_7273_length_1462_cov_1.095131	1462	71.41
GC1003827_G04_NODE_7274_length_1461_cov_6.911544	1461	63.93
GC1003827_G04_NODE_7275_length_1461_cov_4.477511	1461	43.19
GC1003827_G04_NODE_7276_length_1461_cov_4.452024	1461	61.26
GC1003827_G04_NODE_7277_length_1461_cov_2.262369	1461	44.22
GC1003827_G04_NODE_7278_length_1461_cov_1.233883	1461	67.28
GC1003827_G04_NODE_7279_length_1460_cov_15.066017	1460	46.30
GC1003827_G04_NODE_7280_length_1460_cov_7.633908	1460	59.45
GC1003827_G04_NODE_7281_length_1460_cov_5.261815	1460	44.79
GC1003827_G04_NODE_7282_length_1460_cov_5.104276	1460	45.82
GC1003827_G04_NODE_7283_length_1460_cov_3.027757	1460	65.14
GC1003827_G04_NODE_7284_length_1460_cov_2.624156	1460	48.15
GC1003827_G04_NODE_7285_length_1460_cov_2.316579	1460	44.32
GC1003827_G04_NODE_7286_length_1460_cov_1.884471	1460	48.56
GC1003827_G04_NODE_7287_length_1460_cov_1.834209	1460	34.59
GC1003827_G04_NODE_7288_length_1460_cov_1.619655	1460	46.10
GC1003827_G04_NODE_7289_length_1460_cov_1.559640	1460	39.52
GC1003827_G04_NODE_7290_length_1459_cov_10.770270	1459	43.66
GC1003827_G04_NODE_7291_length_1459_cov_8.841592	1459	42.29
GC1003827_G04_NODE_7292_length_1459_cov_7.936937	1459	43.45
GC1003827_G04_NODE_7293_length_1459_cov_5.033784	1459	67.37
GC1003827_G04_NODE_7294_length_1459_cov_4.708709	1459	48.05
GC1003827_G04_NODE_7295_length_1459_cov_4.131381	1459	43.87
GC1003827_G04_NODE_7296_length_1459_cov_3.503754	1459	51.13
GC1003827_G04_NODE_7297_length_1458_cov_11.912847	1458	44.31
GC1003827_G04_NODE_7298_length_1458_cov_5.073629	1458	42.59
GC1003827_G04_NODE_7299_length_1458_cov_4.961683	1458	48.70
GC1003827_G04_NODE_7300_length_1458_cov_4.181818	1458	51.23
GC1003827_G04_NODE_7301_length_1458_cov_2.812923	1458	59.95
GC1003827_G04_NODE_7302_length_1458_cov_1.807663	1458	41.15
GC1003827_G04_NODE_7303_length_1458_cov_1.361382	1458	38.89
GC1003827_G04_NODE_7304_length_1457_cov_9.457143	1457	43.51
GC1003827_G04_NODE_7305_length_1457_cov_5.709774	1457	42.76
GC1003827_G04_NODE_7306_length_1457_cov_3.769925	1457	48.52
GC1003827_G04_NODE_7307_length_1457_cov_0.666917	1457	65.41
GC1003827_G04_NODE_7308_length_1456_cov_3.962378	1456	49.38
GC1003827_G04_NODE_7309_length_1456_cov_3.866817	1456	48.42
GC1003827_G04_NODE_7310_length_1456_cov_3.437923	1456	68.41
GC1003827_G04_NODE_7311_length_1456_cov_1.445448	1456	52.47
GC1003827_G04_NODE_7312_length_1455_cov_6.411145	1455	45.77
GC1003827_G04_NODE_7313_length_1455_cov_5.728916	1455	46.05
GC1003827_G04_NODE_7314_length_1455_cov_4.658886	1455	46.53
GC1003827_G04_NODE_7315_length_1455_cov_4.580572	1455	49.90
GC1003827_G04_NODE_7316_length_1455_cov_3.637801	1455	43.99
GC1003827_G04_NODE_7317_length_1455_cov_3.371235	1455	46.74
GC1003827_G04_NODE_7318_length_1455_cov_2.678464	1455	47.01
GC1003827_G04_NODE_7319_length_1455_cov_2.219127	1455	58.42
GC1003827_G04_NODE_7320_length_1454_cov_8.828184	1454	41.06
GC1003827_G04_NODE_7321_length_1454_cov_7.553881	1454	45.39
GC1003827_G04_NODE_7322_length_1454_cov_6.508666	1454	48.56
GC1003827_G04_NODE_7323_length_1454_cov_6.438583	1454	43.88
GC1003827_G04_NODE_7324_length_1454_cov_3.667671	1454	50.21
GC1003827_G04_NODE_7325_length_1454_cov_3.569706	1454	45.53
GC1003827_G04_NODE_7326_length_1454_cov_3.489073	1454	44.29
GC1003827_G04_NODE_7327_length_1454_cov_3.370008	1454	50.14
GC1003827_G04_NODE_7328_length_1454_cov_3.278824	1454	45.60
GC1003827_G04_NODE_7329_length_1454_cov_2.137905	1454	50.00
GC1003827_G04_NODE_7330_length_1454_cov_1.544084	1454	56.74
GC1003827_G04_NODE_7331_length_1454_cov_1.015072	1454	64.86
GC1003827_G04_NODE_7332_length_1453_cov_10.334087	1453	51.82
GC1003827_G04_NODE_7333_length_1453_cov_9.077677	1453	43.84
GC1003827_G04_NODE_7334_length_1453_cov_5.483409	1453	45.77
GC1003827_G04_NODE_7335_length_1453_cov_1.404223	1453	51.62
GC1003827_G04_NODE_7336_length_1452_cov_13.092830	1452	45.25
GC1003827_G04_NODE_7337_length_1452_cov_8.786415	1452	41.05
GC1003827_G04_NODE_7338_length_1452_cov_8.214340	1452	45.39
GC1003827_G04_NODE_7339_length_1452_cov_7.166792	1452	45.80
GC1003827_G04_NODE_7340_length_1452_cov_5.039245	1452	44.83
GC1003827_G04_NODE_7341_length_1452_cov_3.340377	1452	44.63
GC1003827_G04_NODE_7342_length_1452_cov_2.252830	1452	40.63
GC1003827_G04_NODE_7343_length_1452_cov_1.793962	1452	44.49
GC1003827_G04_NODE_7344_length_1452_cov_1.440000	1452	32.78
GC1003827_G04_NODE_7345_length_1452_cov_1.395472	1452	51.58
GC1003827_G04_NODE_7346_length_1452_cov_1.375849	1452	46.42
GC1003827_G04_NODE_7347_length_1451_cov_8.965257	1451	43.63
GC1003827_G04_NODE_7348_length_1451_cov_6.095921	1451	54.38
GC1003827_G04_NODE_7349_length_1451_cov_2.664653	1451	46.24
GC1003827_G04_NODE_7350_length_1451_cov_2.009819	1451	68.85
GC1003827_G04_NODE_7351_length_1451_cov_1.868580	1451	44.80
GC1003827_G04_NODE_7352_length_1451_cov_1.309668	1451	58.17
GC1003827_G04_NODE_7353_length_1451_cov_0.512840	1451	61.61
GC1003827_G04_NODE_7354_length_1450_cov_11.941043	1450	44.41
GC1003827_G04_NODE_7355_length_1450_cov_8.821618	1450	47.10
GC1003827_G04_NODE_7356_length_1450_cov_6.964475	1450	50.07
GC1003827_G04_NODE_7357_length_1450_cov_4.737717	1450	48.28
GC1003827_G04_NODE_7358_length_1450_cov_4.674981	1450	64.55
GC1003827_G04_NODE_7359_length_1450_cov_2.514739	1450	48.90
GC1003827_G04_NODE_7360_length_1450_cov_1.739985	1450	37.52
GC1003827_G04_NODE_7361_length_1449_cov_19.465204	1449	44.51
GC1003827_G04_NODE_7362_length_1449_cov_9.857791	1449	45.07
GC1003827_G04_NODE_7363_length_1449_cov_7.525719	1449	44.58
GC1003827_G04_NODE_7364_length_1449_cov_6.296520	1449	46.58
GC1003827_G04_NODE_7365_length_1449_cov_5.301059	1449	42.44
GC1003827_G04_NODE_7366_length_1449_cov_3.971256	1449	57.90
GC1003827_G04_NODE_7367_length_1449_cov_3.505295	1449	42.51
GC1003827_G04_NODE_7368_length_1449_cov_3.447050	1449	50.59
GC1003827_G04_NODE_7369_length_1449_cov_2.794251	1449	37.75
GC1003827_G04_NODE_7370_length_1449_cov_1.187595	1449	65.15
GC1003827_G04_NODE_7371_length_1448_cov_10.756245	1448	46.75
GC1003827_G04_NODE_7372_length_1448_cov_7.707797	1448	43.99
GC1003827_G04_NODE_7373_length_1448_cov_6.457986	1448	42.61
GC1003827_G04_NODE_7374_length_1448_cov_5.629069	1448	41.57
GC1003827_G04_NODE_7375_length_1448_cov_5.548070	1448	47.51
GC1003827_G04_NODE_7376_length_1448_cov_3.570023	1448	51.52
GC1003827_G04_NODE_7377_length_1448_cov_2.991673	1448	38.26
GC1003827_G04_NODE_7378_length_1448_cov_2.388342	1448	35.64
GC1003827_G04_NODE_7379_length_1448_cov_1.272521	1448	62.91
GC1003827_G04_NODE_7380_length_1447_cov_13.504545	1447	52.52
GC1003827_G04_NODE_7381_length_1447_cov_9.294697	1447	35.11
GC1003827_G04_NODE_7382_length_1447_cov_3.213636	1447	63.65
GC1003827_G04_NODE_7383_length_1447_cov_1.492424	1447	50.17
GC1003827_G04_NODE_7384_length_1446_cov_19.941622	1446	44.81
GC1003827_G04_NODE_7385_length_1446_cov_15.628506	1446	42.88
GC1003827_G04_NODE_7386_length_1446_cov_6.798332	1446	45.44
GC1003827_G04_NODE_7387_length_1446_cov_5.304776	1446	51.80
GC1003827_G04_NODE_7388_length_1446_cov_4.675512	1446	42.39
GC1003827_G04_NODE_7389_length_1446_cov_4.380591	1446	48.55
GC1003827_G04_NODE_7390_length_1446_cov_3.506444	1446	48.82
GC1003827_G04_NODE_7391_length_1446_cov_2.721759	1446	46.47
GC1003827_G04_NODE_7392_length_1446_cov_2.639879	1446	68.33
GC1003827_G04_NODE_7393_length_1446_cov_2.378317	1446	44.47
GC1003827_G04_NODE_7394_length_1446_cov_2.107657	1446	67.22
GC1003827_G04_NODE_7395_length_1446_cov_1.808188	1446	50.83
GC1003827_G04_NODE_7396_length_1446_cov_1.431387	1446	43.64
GC1003827_G04_NODE_7397_length_1445_cov_12.149469	1445	40.55
GC1003827_G04_NODE_7398_length_1445_cov_5.212443	1445	40.83
GC1003827_G04_NODE_7399_length_1445_cov_5.085736	1445	40.28
GC1003827_G04_NODE_7400_length_1445_cov_4.609256	1445	42.01
GC1003827_G04_NODE_7401_length_1445_cov_1.809560	1445	47.06
GC1003827_G04_NODE_7402_length_1445_cov_1.393020	1445	62.15
GC1003827_G04_NODE_7403_length_1444_cov_9.879271	1444	46.12
GC1003827_G04_NODE_7404_length_1444_cov_8.565680	1444	49.86
GC1003827_G04_NODE_7405_length_1444_cov_6.628702	1444	49.24
GC1003827_G04_NODE_7406_length_1444_cov_5.557327	1444	42.24
GC1003827_G04_NODE_7407_length_1444_cov_5.247532	1444	43.35
GC1003827_G04_NODE_7408_length_1444_cov_4.158694	1444	43.56
GC1003827_G04_NODE_7409_length_1444_cov_2.093394	1444	49.45
GC1003827_G04_NODE_7410_length_1443_cov_6.943769	1443	42.76
GC1003827_G04_NODE_7411_length_1443_cov_4.795593	1443	45.95
GC1003827_G04_NODE_7412_length_1443_cov_3.963526	1443	64.93
GC1003827_G04_NODE_7413_length_1443_cov_1.624620	1443	48.86
GC1003827_G04_NODE_7414_length_1443_cov_1.177812	1443	52.32
GC1003827_G04_NODE_7415_length_1442_cov_9.597719	1442	44.45
GC1003827_G04_NODE_7416_length_1442_cov_8.479087	1442	43.13
GC1003827_G04_NODE_7417_length_1442_cov_5.515589	1442	49.03
GC1003827_G04_NODE_7418_length_1442_cov_1.591635	1442	47.64
GC1003827_G04_NODE_7419_length_1442_cov_0.926236	1442	44.24
GC1003827_G04_NODE_7420_length_1441_cov_12.214612	1441	42.82
GC1003827_G04_NODE_7421_length_1441_cov_5.785388	1441	61.14
GC1003827_G04_NODE_7422_length_1441_cov_5.352359	1441	43.23
GC1003827_G04_NODE_7423_length_1441_cov_5.336377	1441	47.19
GC1003827_G04_NODE_7424_length_1441_cov_5.144597	1441	44.00
GC1003827_G04_NODE_7425_length_1441_cov_3.487062	1441	46.36
GC1003827_G04_NODE_7426_length_1441_cov_2.875951	1441	42.05
GC1003827_G04_NODE_7427_length_1441_cov_0.816591	1441	44.97
GC1003827_G04_NODE_7428_length_1440_cov_7.888043	1440	41.53
GC1003827_G04_NODE_7429_length_1440_cov_2.477532	1440	45.56
GC1003827_G04_NODE_7430_length_1439_cov_3.639482	1439	51.08
GC1003827_G04_NODE_7431_length_1439_cov_3.458079	1439	39.89
GC1003827_G04_NODE_7432_length_1439_cov_2.494665	1439	39.05
GC1003827_G04_NODE_7433_length_1439_cov_2.253049	1439	50.10
GC1003827_G04_NODE_7434_length_1438_cov_8.276125	1438	45.06
GC1003827_G04_NODE_7435_length_1438_cov_6.926773	1438	43.60
GC1003827_G04_NODE_7436_length_1438_cov_4.360793	1438	44.51
GC1003827_G04_NODE_7437_length_1438_cov_3.425629	1438	43.18
GC1003827_G04_NODE_7438_length_1438_cov_2.324180	1438	66.97
GC1003827_G04_NODE_7439_length_1438_cov_1.913806	1438	58.76
GC1003827_G04_NODE_7440_length_1438_cov_1.474447	1438	64.46
GC1003827_G04_NODE_7441_length_1438_cov_0.959573	1438	45.55
GC1003827_G04_NODE_7442_length_1437_cov_9.617557	1437	44.61
GC1003827_G04_NODE_7443_length_1437_cov_9.444275	1437	49.13
GC1003827_G04_NODE_7444_length_1437_cov_3.632824	1437	46.28
GC1003827_G04_NODE_7445_length_1437_cov_2.996947	1437	44.33
GC1003827_G04_NODE_7446_length_1437_cov_1.778626	1437	62.63
GC1003827_G04_NODE_7447_length_1436_cov_10.694423	1436	42.20
GC1003827_G04_NODE_7448_length_1436_cov_3.576012	1436	46.17
GC1003827_G04_NODE_7449_length_1436_cov_2.986249	1436	62.74
GC1003827_G04_NODE_7450_length_1436_cov_2.878533	1436	43.31
GC1003827_G04_NODE_7451_length_1436_cov_2.204736	1436	42.55
GC1003827_G04_NODE_7452_length_1436_cov_1.546982	1436	54.25
GC1003827_G04_NODE_7453_length_1436_cov_0.789152	1436	42.27
GC1003827_G04_NODE_7454_length_1435_cov_31.866972	1435	51.36
GC1003827_G04_NODE_7455_length_1435_cov_12.669725	1435	54.91
GC1003827_G04_NODE_7456_length_1435_cov_6.824924	1435	43.41
GC1003827_G04_NODE_7457_length_1435_cov_6.081040	1435	46.48
GC1003827_G04_NODE_7458_length_1435_cov_4.844801	1435	50.73
GC1003827_G04_NODE_7459_length_1435_cov_2.987003	1435	43.76
GC1003827_G04_NODE_7460_length_1435_cov_2.414373	1435	46.69
GC1003827_G04_NODE_7461_length_1435_cov_1.409021	1435	63.00
GC1003827_G04_NODE_7462_length_1434_cov_7.993879	1434	44.28
GC1003827_G04_NODE_7463_length_1434_cov_6.348125	1434	46.37
GC1003827_G04_NODE_7464_length_1434_cov_5.920428	1434	43.44
GC1003827_G04_NODE_7465_length_1434_cov_2.115532	1434	64.02
GC1003827_G04_NODE_7466_length_1434_cov_1.059679	1434	52.79
GC1003827_G04_NODE_7467_length_1434_cov_0.937261	1434	68.13
GC1003827_G04_NODE_7468_length_1433_cov_7.393568	1433	45.22
GC1003827_G04_NODE_7469_length_1433_cov_6.676876	1433	42.57
GC1003827_G04_NODE_7470_length_1433_cov_6.148545	1433	45.29
GC1003827_G04_NODE_7471_length_1433_cov_5.283308	1433	43.34
GC1003827_G04_NODE_7472_length_1433_cov_4.591118	1433	42.01
GC1003827_G04_NODE_7473_length_1433_cov_2.945636	1433	43.55
GC1003827_G04_NODE_7474_length_1432_cov_7.406897	1432	53.21
GC1003827_G04_NODE_7475_length_1432_cov_7.214559	1432	43.92
GC1003827_G04_NODE_7476_length_1432_cov_5.393103	1432	61.73
GC1003827_G04_NODE_7477_length_1432_cov_5.210728	1432	46.65
GC1003827_G04_NODE_7478_length_1432_cov_4.967050	1432	48.81
GC1003827_G04_NODE_7479_length_1432_cov_4.506513	1432	47.63
GC1003827_G04_NODE_7480_length_1432_cov_4.424521	1432	41.06
GC1003827_G04_NODE_7481_length_1432_cov_4.020690	1432	48.88
GC1003827_G04_NODE_7482_length_1432_cov_3.160920	1432	46.51
GC1003827_G04_NODE_7483_length_1432_cov_1.641379	1432	66.76
GC1003827_G04_NODE_7484_length_1432_cov_0.550192	1432	66.69
GC1003827_G04_NODE_7485_length_1431_cov_8.785276	1431	38.71
GC1003827_G04_NODE_7486_length_1431_cov_6.906442	1431	48.78
GC1003827_G04_NODE_7487_length_1431_cov_3.219325	1431	40.60
GC1003827_G04_NODE_7488_length_1431_cov_2.930215	1431	49.76
GC1003827_G04_NODE_7489_length_1431_cov_2.850460	1431	66.95
GC1003827_G04_NODE_7490_length_1431_cov_1.243098	1431	46.33
GC1003827_G04_NODE_7491_length_1430_cov_14.129701	1430	45.38
GC1003827_G04_NODE_7492_length_1430_cov_9.490407	1430	42.45
GC1003827_G04_NODE_7493_length_1430_cov_9.124328	1430	50.21
GC1003827_G04_NODE_7494_length_1430_cov_6.653108	1430	43.92
GC1003827_G04_NODE_7495_length_1430_cov_4.339217	1430	56.29
GC1003827_G04_NODE_7496_length_1430_cov_4.175748	1430	49.44
GC1003827_G04_NODE_7497_length_1430_cov_3.796623	1430	41.19
GC1003827_G04_NODE_7498_length_1430_cov_3.488872	1430	46.57
GC1003827_G04_NODE_7499_length_1430_cov_2.270146	1430	40.91
GC1003827_G04_NODE_7500_length_1430_cov_2.219493	1430	37.34
GC1003827_G04_NODE_7501_length_1430_cov_2.020721	1430	41.26
GC1003827_G04_NODE_7502_length_1430_cov_1.685342	1430	50.21
GC1003827_G04_NODE_7503_length_1429_cov_22.238095	1429	51.01
GC1003827_G04_NODE_7504_length_1429_cov_6.893241	1429	52.55
GC1003827_G04_NODE_7505_length_1429_cov_6.315668	1429	48.01
GC1003827_G04_NODE_7506_length_1429_cov_5.723502	1429	42.13
GC1003827_G04_NODE_7507_length_1429_cov_5.301075	1429	49.27
GC1003827_G04_NODE_7508_length_1429_cov_3.033794	1429	46.47
GC1003827_G04_NODE_7509_length_1429_cov_0.852535	1429	68.51
GC1003827_G04_NODE_7510_length_1429_cov_0.695853	1429	49.06
GC1003827_G04_NODE_7511_length_1428_cov_23.144504	1428	44.26
GC1003827_G04_NODE_7512_length_1428_cov_12.714066	1428	47.20
GC1003827_G04_NODE_7513_length_1428_cov_6.112990	1428	42.37
GC1003827_G04_NODE_7514_length_1428_cov_4.247502	1428	42.51
GC1003827_G04_NODE_7515_length_1428_cov_2.886241	1428	53.36
GC1003827_G04_NODE_7516_length_1428_cov_2.348194	1428	41.46
GC1003827_G04_NODE_7517_length_1428_cov_2.303613	1428	50.91
GC1003827_G04_NODE_7518_length_1428_cov_2.215219	1428	67.51
GC1003827_G04_NODE_7519_length_1428_cov_1.689470	1428	43.77
GC1003827_G04_NODE_7520_length_1428_cov_0.828593	1428	64.08
GC1003827_G04_NODE_7521_length_1428_cov_0.697156	1428	48.53
GC1003827_G04_NODE_7522_length_1427_cov_5.976923	1427	43.66
GC1003827_G04_NODE_7523_length_1427_cov_5.959231	1427	40.85
GC1003827_G04_NODE_7524_length_1427_cov_5.570769	1427	44.99
GC1003827_G04_NODE_7525_length_1427_cov_5.103846	1427	45.06
GC1003827_G04_NODE_7526_length_1427_cov_2.258462	1427	46.60
GC1003827_G04_NODE_7527_length_1427_cov_2.157692	1427	42.26
GC1003827_G04_NODE_7528_length_1427_cov_0.950769	1427	51.58
GC1003827_G04_NODE_7529_length_1427_cov_0.553077	1427	52.07
GC1003827_G04_NODE_7530_length_1426_cov_8.644342	1426	44.95
GC1003827_G04_NODE_7531_length_1426_cov_7.745189	1426	41.16
GC1003827_G04_NODE_7532_length_1426_cov_7.113164	1426	35.76
GC1003827_G04_NODE_7533_length_1426_cov_5.960739	1426	44.46
GC1003827_G04_NODE_7534_length_1426_cov_4.494996	1426	48.25
GC1003827_G04_NODE_7535_length_1426_cov_2.755196	1426	43.34
GC1003827_G04_NODE_7536_length_1426_cov_2.565820	1426	50.70
GC1003827_G04_NODE_7537_length_1426_cov_1.666667	1426	42.01
GC1003827_G04_NODE_7538_length_1425_cov_12.446071	1425	44.21
GC1003827_G04_NODE_7539_length_1425_cov_10.872111	1425	44.63
GC1003827_G04_NODE_7540_length_1425_cov_10.669492	1425	44.70
GC1003827_G04_NODE_7541_length_1425_cov_6.486903	1425	45.47
GC1003827_G04_NODE_7542_length_1425_cov_4.324345	1425	44.35
GC1003827_G04_NODE_7543_length_1425_cov_4.281202	1425	49.96
GC1003827_G04_NODE_7544_length_1425_cov_3.680277	1425	44.28
GC1003827_G04_NODE_7545_length_1425_cov_3.259630	1425	46.11
GC1003827_G04_NODE_7546_length_1425_cov_3.087057	1425	51.09
GC1003827_G04_NODE_7547_length_1425_cov_1.649461	1425	44.91
GC1003827_G04_NODE_7548_length_1425_cov_0.788906	1425	64.56
GC1003827_G04_NODE_7549_length_1424_cov_12.695451	1424	48.17
GC1003827_G04_NODE_7550_length_1424_cov_8.505783	1424	48.03
GC1003827_G04_NODE_7551_length_1424_cov_4.156515	1424	42.49
GC1003827_G04_NODE_7552_length_1424_cov_3.712413	1424	41.64
GC1003827_G04_NODE_7553_length_1424_cov_3.555898	1424	44.59
GC1003827_G04_NODE_7554_length_1424_cov_2.929838	1424	49.02
GC1003827_G04_NODE_7555_length_1424_cov_2.747109	1424	50.42
GC1003827_G04_NODE_7556_length_1424_cov_1.777949	1424	48.46
GC1003827_G04_NODE_7557_length_1424_cov_1.646106	1424	44.31
GC1003827_G04_NODE_7558_length_1423_cov_13.986883	1423	41.11
GC1003827_G04_NODE_7559_length_1423_cov_8.124228	1423	52.28
GC1003827_G04_NODE_7560_length_1423_cov_8.098765	1423	43.15
GC1003827_G04_NODE_7561_length_1423_cov_8.057099	1423	43.64
GC1003827_G04_NODE_7562_length_1423_cov_6.282407	1423	47.58
GC1003827_G04_NODE_7563_length_1423_cov_5.903549	1423	45.54
GC1003827_G04_NODE_7564_length_1423_cov_3.887346	1423	47.22
GC1003827_G04_NODE_7565_length_1423_cov_2.630401	1423	50.25
GC1003827_G04_NODE_7566_length_1423_cov_2.179012	1423	34.36
GC1003827_G04_NODE_7567_length_1422_cov_7.459459	1422	61.60
GC1003827_G04_NODE_7568_length_1422_cov_5.140541	1422	65.75
GC1003827_G04_NODE_7569_length_1422_cov_5.046332	1422	62.38
GC1003827_G04_NODE_7570_length_1422_cov_4.403089	1422	49.37
GC1003827_G04_NODE_7571_length_1422_cov_3.440154	1422	46.41
GC1003827_G04_NODE_7572_length_1422_cov_2.511197	1422	44.23
GC1003827_G04_NODE_7573_length_1422_cov_1.505019	1422	66.24
GC1003827_G04_NODE_7574_length_1421_cov_8.336167	1421	46.02
GC1003827_G04_NODE_7575_length_1421_cov_5.687017	1421	62.07
GC1003827_G04_NODE_7576_length_1421_cov_5.294436	1421	49.12
GC1003827_G04_NODE_7577_length_1421_cov_3.116692	1421	47.99
GC1003827_G04_NODE_7578_length_1421_cov_2.829985	1421	67.70
GC1003827_G04_NODE_7579_length_1421_cov_2.776662	1421	46.38
GC1003827_G04_NODE_7580_length_1421_cov_1.654560	1421	49.05
GC1003827_G04_NODE_7581_length_1420_cov_22.352668	1420	44.15
GC1003827_G04_NODE_7582_length_1420_cov_17.060325	1420	45.35
GC1003827_G04_NODE_7583_length_1420_cov_8.417633	1420	48.73
GC1003827_G04_NODE_7584_length_1420_cov_7.812838	1420	42.96
GC1003827_G04_NODE_7585_length_1420_cov_4.351121	1420	45.49
GC1003827_G04_NODE_7586_length_1420_cov_4.279196	1420	35.92
GC1003827_G04_NODE_7587_length_1420_cov_4.273009	1420	45.00
GC1003827_G04_NODE_7588_length_1420_cov_4.249033	1420	45.70
GC1003827_G04_NODE_7589_length_1420_cov_3.395205	1420	43.45
GC1003827_G04_NODE_7590_length_1420_cov_3.188708	1420	49.23
GC1003827_G04_NODE_7591_length_1420_cov_2.211137	1420	38.24
GC1003827_G04_NODE_7592_length_1420_cov_1.883217	1420	54.01
GC1003827_G04_NODE_7593_length_1420_cov_1.722351	1420	48.03
GC1003827_G04_NODE_7594_length_1420_cov_1.675947	1420	44.01
GC1003827_G04_NODE_7595_length_1419_cov_14.792570	1419	44.05
GC1003827_G04_NODE_7596_length_1419_cov_7.325077	1419	38.34
GC1003827_G04_NODE_7597_length_1419_cov_5.481424	1419	46.44
GC1003827_G04_NODE_7598_length_1419_cov_2.796440	1419	68.71
GC1003827_G04_NODE_7599_length_1419_cov_2.682663	1419	44.40
GC1003827_G04_NODE_7600_length_1419_cov_2.236068	1419	41.23
GC1003827_G04_NODE_7601_length_1419_cov_1.690402	1419	45.88
GC1003827_G04_NODE_7602_length_1418_cov_15.881487	1418	47.95
GC1003827_G04_NODE_7603_length_1418_cov_6.594888	1418	44.92
GC1003827_G04_NODE_7604_length_1418_cov_5.293571	1418	45.35
GC1003827_G04_NODE_7605_length_1418_cov_3.239349	1418	46.83
GC1003827_G04_NODE_7606_length_1418_cov_3.017816	1418	43.23
GC1003827_G04_NODE_7607_length_1418_cov_2.464756	1418	65.94
GC1003827_G04_NODE_7608_length_1418_cov_2.330751	1418	70.87
GC1003827_G04_NODE_7609_length_1418_cov_2.241673	1418	42.95
GC1003827_G04_NODE_7610_length_1418_cov_1.315259	1418	68.27
GC1003827_G04_NODE_7611_length_1418_cov_1.016266	1418	39.84
GC1003827_G04_NODE_7612_length_1417_cov_11.779070	1417	43.19
GC1003827_G04_NODE_7613_length_1417_cov_7.391473	1417	43.90
GC1003827_G04_NODE_7614_length_1417_cov_7.277519	1417	41.21
GC1003827_G04_NODE_7615_length_1417_cov_7.258140	1417	47.28
GC1003827_G04_NODE_7616_length_1417_cov_6.022481	1417	47.92
GC1003827_G04_NODE_7617_length_1417_cov_5.274419	1417	45.38
GC1003827_G04_NODE_7618_length_1417_cov_2.292248	1417	49.54
GC1003827_G04_NODE_7619_length_1417_cov_2.179845	1417	50.32
GC1003827_G04_NODE_7620_length_1416_cov_7.398759	1416	49.22
GC1003827_G04_NODE_7621_length_1416_cov_5.010861	1416	50.56
GC1003827_G04_NODE_7622_length_1416_cov_3.816137	1416	42.16
GC1003827_G04_NODE_7623_length_1416_cov_3.104732	1416	41.74
GC1003827_G04_NODE_7624_length_1416_cov_2.951125	1416	43.64
GC1003827_G04_NODE_7625_length_1416_cov_2.630721	1416	45.41
GC1003827_G04_NODE_7626_length_1416_cov_2.336695	1416	44.14
GC1003827_G04_NODE_7627_length_1416_cov_1.152056	1416	48.23
GC1003827_G04_NODE_7628_length_1416_cov_0.858805	1416	43.57
GC1003827_G04_NODE_7629_length_1416_cov_0.570985	1416	50.42
GC1003827_G04_NODE_7630_length_1415_cov_19.361025	1415	50.04
GC1003827_G04_NODE_7631_length_1415_cov_14.837733	1415	45.16
GC1003827_G04_NODE_7632_length_1415_cov_11.854037	1415	48.76
GC1003827_G04_NODE_7633_length_1415_cov_7.160714	1415	40.35
GC1003827_G04_NODE_7634_length_1415_cov_3.749224	1415	43.82
GC1003827_G04_NODE_7635_length_1415_cov_3.416149	1415	48.20
GC1003827_G04_NODE_7636_length_1415_cov_2.486025	1415	41.98
GC1003827_G04_NODE_7637_length_1415_cov_2.437112	1415	49.26
GC1003827_G04_NODE_7638_length_1415_cov_1.904503	1415	45.02
GC1003827_G04_NODE_7639_length_1414_cov_10.742813	1414	39.11
GC1003827_G04_NODE_7640_length_1414_cov_10.334110	1414	45.19
GC1003827_G04_NODE_7641_length_1414_cov_4.792541	1414	40.81
GC1003827_G04_NODE_7642_length_1414_cov_3.981352	1414	43.49
GC1003827_G04_NODE_7643_length_1414_cov_3.768454	1414	44.27
GC1003827_G04_NODE_7644_length_1414_cov_2.210567	1414	65.49
GC1003827_G04_NODE_7645_length_1414_cov_1.167055	1414	46.75
GC1003827_G04_NODE_7646_length_1414_cov_1.031857	1414	43.42
GC1003827_G04_NODE_7647_length_1413_cov_6.127527	1413	45.72
GC1003827_G04_NODE_7648_length_1413_cov_5.762053	1413	44.73
GC1003827_G04_NODE_7649_length_1413_cov_5.552100	1413	41.97
GC1003827_G04_NODE_7650_length_1413_cov_4.847589	1413	42.11
GC1003827_G04_NODE_7651_length_1413_cov_2.926905	1413	48.27
GC1003827_G04_NODE_7652_length_1413_cov_2.880249	1413	44.30
GC1003827_G04_NODE_7653_length_1413_cov_2.381804	1413	47.56
GC1003827_G04_NODE_7654_length_1413_cov_2.321151	1413	44.94
GC1003827_G04_NODE_7655_length_1413_cov_1.888802	1413	50.88
GC1003827_G04_NODE_7656_length_1413_cov_1.354588	1413	51.95
GC1003827_G04_NODE_7657_length_1413_cov_1.017107	1413	67.02
GC1003827_G04_NODE_7658_length_1412_cov_16.957198	1412	43.70
GC1003827_G04_NODE_7659_length_1412_cov_12.674708	1412	42.56
GC1003827_G04_NODE_7660_length_1412_cov_8.672374	1412	48.73
GC1003827_G04_NODE_7661_length_1412_cov_5.894942	1412	45.04
GC1003827_G04_NODE_7662_length_1412_cov_4.999222	1412	44.05
GC1003827_G04_NODE_7663_length_1412_cov_4.739300	1412	54.04
GC1003827_G04_NODE_7664_length_1412_cov_4.113619	1412	44.55
GC1003827_G04_NODE_7665_length_1412_cov_3.629572	1412	46.88
GC1003827_G04_NODE_7666_length_1412_cov_3.494942	1412	48.51
GC1003827_G04_NODE_7667_length_1412_cov_3.218677	1412	38.81
GC1003827_G04_NODE_7668_length_1412_cov_1.397665	1412	39.38
GC1003827_G04_NODE_7669_length_1412_cov_1.182879	1412	42.85
GC1003827_G04_NODE_7670_length_1411_cov_9.821651	1411	44.58
GC1003827_G04_NODE_7671_length_1411_cov_5.931464	1411	44.65
GC1003827_G04_NODE_7672_length_1411_cov_2.096573	1411	47.77
GC1003827_G04_NODE_7673_length_1411_cov_1.580218	1411	47.06
GC1003827_G04_NODE_7674_length_1411_cov_0.666667	1411	45.71
GC1003827_G04_NODE_7675_length_1410_cov_8.579891	1410	48.65
GC1003827_G04_NODE_7676_length_1410_cov_6.586906	1410	41.49
GC1003827_G04_NODE_7677_length_1410_cov_2.897896	1410	39.29
GC1003827_G04_NODE_7678_length_1410_cov_2.130943	1410	46.74
GC1003827_G04_NODE_7679_length_1410_cov_1.297740	1410	64.82
GC1003827_G04_NODE_7680_length_1410_cov_0.784879	1410	71.63
GC1003827_G04_NODE_7681_length_1409_cov_16.549142	1409	54.79
GC1003827_G04_NODE_7682_length_1409_cov_8.280811	1409	48.05
GC1003827_G04_NODE_7683_length_1409_cov_6.063183	1409	44.57
GC1003827_G04_NODE_7684_length_1409_cov_4.989080	1409	38.25
GC1003827_G04_NODE_7685_length_1409_cov_4.840874	1409	49.40
GC1003827_G04_NODE_7686_length_1409_cov_4.649766	1409	59.76
GC1003827_G04_NODE_7687_length_1409_cov_3.067863	1409	44.71
GC1003827_G04_NODE_7688_length_1409_cov_2.938378	1409	46.49
GC1003827_G04_NODE_7689_length_1409_cov_1.223869	1409	55.22
GC1003827_G04_NODE_7690_length_1409_cov_0.834633	1409	62.53
GC1003827_G04_NODE_7691_length_1408_cov_12.334114	1408	44.03
GC1003827_G04_NODE_7692_length_1408_cov_4.971897	1408	64.77
GC1003827_G04_NODE_7693_length_1408_cov_4.852459	1408	49.50
GC1003827_G04_NODE_7694_length_1408_cov_3.769711	1408	45.81
GC1003827_G04_NODE_7695_length_1408_cov_2.651835	1408	44.96
GC1003827_G04_NODE_7696_length_1408_cov_1.302108	1408	51.56
GC1003827_G04_NODE_7697_length_1407_cov_13.543750	1407	44.56
GC1003827_G04_NODE_7698_length_1407_cov_9.922656	1407	45.77
GC1003827_G04_NODE_7699_length_1407_cov_3.557031	1407	45.06
GC1003827_G04_NODE_7700_length_1407_cov_2.152344	1407	40.65
GC1003827_G04_NODE_7701_length_1407_cov_1.820312	1407	67.38
GC1003827_G04_NODE_7702_length_1407_cov_0.964063	1407	66.81
GC1003827_G04_NODE_7703_length_1407_cov_0.844531	1407	64.82
GC1003827_G04_NODE_7704_length_1406_cov_18.874902	1406	46.87
GC1003827_G04_NODE_7705_length_1406_cov_9.106333	1406	48.22
GC1003827_G04_NODE_7706_length_1406_cov_7.839719	1406	49.72
GC1003827_G04_NODE_7707_length_1406_cov_4.698984	1406	42.75
GC1003827_G04_NODE_7708_length_1406_cov_3.170446	1406	45.45
GC1003827_G04_NODE_7709_length_1406_cov_2.369820	1406	49.64
GC1003827_G04_NODE_7710_length_1405_cov_1.947574	1405	42.06
GC1003827_G04_NODE_7711_length_1404_cov_17.339859	1404	43.59
GC1003827_G04_NODE_7712_length_1404_cov_12.998434	1404	42.81
GC1003827_G04_NODE_7713_length_1404_cov_8.075176	1404	47.01
GC1003827_G04_NODE_7714_length_1404_cov_5.242756	1404	44.73
GC1003827_G04_NODE_7715_length_1404_cov_5.119812	1404	42.45
GC1003827_G04_NODE_7716_length_1404_cov_3.268598	1404	37.82
GC1003827_G04_NODE_7717_length_1404_cov_2.702428	1404	46.58
GC1003827_G04_NODE_7718_length_1404_cov_1.682067	1404	48.22
GC1003827_G04_NODE_7719_length_1404_cov_0.958496	1404	46.94
GC1003827_G04_NODE_7720_length_1403_cov_6.358934	1403	42.77
GC1003827_G04_NODE_7721_length_1403_cov_5.539185	1403	42.62
GC1003827_G04_NODE_7722_length_1403_cov_4.131661	1403	47.54
GC1003827_G04_NODE_7723_length_1403_cov_2.938871	1403	46.47
GC1003827_G04_NODE_7724_length_1403_cov_2.710031	1403	67.57
GC1003827_G04_NODE_7725_length_1403_cov_1.039969	1403	64.08
GC1003827_G04_NODE_7726_length_1403_cov_0.871473	1403	52.67
GC1003827_G04_NODE_7727_length_1402_cov_5.700392	1402	48.29
GC1003827_G04_NODE_7728_length_1402_cov_5.453333	1402	47.29
GC1003827_G04_NODE_7729_length_1402_cov_3.986667	1402	44.01
GC1003827_G04_NODE_7730_length_1402_cov_3.963922	1402	39.02
GC1003827_G04_NODE_7731_length_1402_cov_2.344314	1402	48.15
GC1003827_G04_NODE_7732_length_1401_cov_8.966248	1401	45.25
GC1003827_G04_NODE_7733_length_1401_cov_8.112245	1401	45.18
GC1003827_G04_NODE_7734_length_1401_cov_6.675039	1401	50.82
GC1003827_G04_NODE_7735_length_1401_cov_6.603611	1401	43.25
GC1003827_G04_NODE_7736_length_1401_cov_4.806122	1401	47.18
GC1003827_G04_NODE_7737_length_1401_cov_3.821821	1401	46.54
GC1003827_G04_NODE_7738_length_1401_cov_3.272370	1401	42.47
GC1003827_G04_NODE_7739_length_1401_cov_3.173469	1401	49.61
GC1003827_G04_NODE_7740_length_1401_cov_2.905024	1401	46.47
GC1003827_G04_NODE_7741_length_1401_cov_2.496860	1401	65.17
GC1003827_G04_NODE_7742_length_1401_cov_2.272370	1401	41.76
GC1003827_G04_NODE_7743_length_1401_cov_1.791994	1401	66.74
GC1003827_G04_NODE_7744_length_1401_cov_1.740973	1401	36.40
GC1003827_G04_NODE_7745_length_1400_cov_9.618225	1400	44.86
GC1003827_G04_NODE_7746_length_1400_cov_7.329929	1400	65.79
GC1003827_G04_NODE_7747_length_1400_cov_3.288295	1400	42.79
GC1003827_G04_NODE_7748_length_1400_cov_3.027494	1400	48.29
GC1003827_G04_NODE_7749_length_1400_cov_2.905734	1400	62.14
GC1003827_G04_NODE_7750_length_1400_cov_2.557738	1400	53.00
GC1003827_G04_NODE_7751_length_1400_cov_2.455617	1400	43.29
GC1003827_G04_NODE_7752_length_1400_cov_1.593087	1400	47.79
GC1003827_G04_NODE_7753_length_1400_cov_1.314218	1400	68.07
GC1003827_G04_NODE_7754_length_1400_cov_1.255302	1400	57.21
GC1003827_G04_NODE_7755_length_1399_cov_8.312107	1399	48.89
GC1003827_G04_NODE_7756_length_1399_cov_7.055031	1399	64.26
GC1003827_G04_NODE_7757_length_1399_cov_6.639937	1399	42.89
GC1003827_G04_NODE_7758_length_1399_cov_5.280660	1399	53.11
GC1003827_G04_NODE_7759_length_1399_cov_3.853774	1399	64.05
GC1003827_G04_NODE_7760_length_1399_cov_3.710692	1399	42.67
GC1003827_G04_NODE_7761_length_1399_cov_1.937893	1399	41.67
GC1003827_G04_NODE_7762_length_1398_cov_14.821400	1398	45.78
GC1003827_G04_NODE_7763_length_1398_cov_7.137687	1398	41.92
GC1003827_G04_NODE_7764_length_1398_cov_5.833989	1398	44.21
GC1003827_G04_NODE_7765_length_1398_cov_5.689221	1398	50.21
GC1003827_G04_NODE_7766_length_1398_cov_5.663257	1398	50.21
GC1003827_G04_NODE_7767_length_1398_cov_2.005507	1398	44.35
GC1003827_G04_NODE_7768_length_1398_cov_1.915028	1398	47.85
GC1003827_G04_NODE_7769_length_1398_cov_1.770260	1398	41.63
GC1003827_G04_NODE_7770_length_1398_cov_1.588513	1398	45.57
GC1003827_G04_NODE_7771_length_1397_cov_7.882677	1397	43.02
GC1003827_G04_NODE_7772_length_1397_cov_7.592913	1397	44.31
GC1003827_G04_NODE_7773_length_1397_cov_4.536220	1397	37.72
GC1003827_G04_NODE_7774_length_1397_cov_4.341732	1397	45.03
GC1003827_G04_NODE_7775_length_1396_cov_8.163121	1396	40.40
GC1003827_G04_NODE_7776_length_1396_cov_7.197794	1396	43.12
GC1003827_G04_NODE_7777_length_1396_cov_3.705280	1396	49.14
GC1003827_G04_NODE_7778_length_1396_cov_3.301024	1396	60.17
GC1003827_G04_NODE_7779_length_1396_cov_1.462569	1396	30.30
GC1003827_G04_NODE_7780_length_1396_cov_1.170213	1396	48.93
GC1003827_G04_NODE_7781_length_1396_cov_1.028369	1396	48.21
GC1003827_G04_NODE_7782_length_1396_cov_0.922774	1396	62.25
GC1003827_G04_NODE_7783_length_1396_cov_0.547675	1396	41.26
GC1003827_G04_NODE_7784_length_1395_cov_13.522871	1395	49.32
GC1003827_G04_NODE_7785_length_1395_cov_10.720820	1395	46.09
GC1003827_G04_NODE_7786_length_1395_cov_10.159306	1395	42.58
GC1003827_G04_NODE_7787_length_1395_cov_10.039432	1395	42.87
GC1003827_G04_NODE_7788_length_1395_cov_9.434543	1395	50.54
GC1003827_G04_NODE_7789_length_1395_cov_4.698738	1395	42.37
GC1003827_G04_NODE_7790_length_1395_cov_4.394322	1395	44.09
GC1003827_G04_NODE_7791_length_1395_cov_3.449527	1395	40.65
GC1003827_G04_NODE_7792_length_1395_cov_3.108044	1395	39.93
GC1003827_G04_NODE_7793_length_1395_cov_2.557571	1395	51.47
GC1003827_G04_NODE_7794_length_1395_cov_1.815457	1395	42.72
GC1003827_G04_NODE_7795_length_1395_cov_0.759464	1395	33.76
GC1003827_G04_NODE_7796_length_1394_cov_8.625099	1394	41.61
GC1003827_G04_NODE_7797_length_1394_cov_6.805051	1394	44.19
GC1003827_G04_NODE_7798_length_1394_cov_5.221784	1394	67.29
GC1003827_G04_NODE_7799_length_1394_cov_4.943173	1394	48.13
GC1003827_G04_NODE_7800_length_1394_cov_2.462510	1394	65.06
GC1003827_G04_NODE_7801_length_1394_cov_1.193370	1394	64.85
GC1003827_G04_NODE_7802_length_1393_cov_20.457346	1393	45.23
GC1003827_G04_NODE_7803_length_1393_cov_7.153239	1393	49.61
GC1003827_G04_NODE_7804_length_1393_cov_5.713270	1393	47.38
GC1003827_G04_NODE_7805_length_1393_cov_5.044234	1393	46.88
GC1003827_G04_NODE_7806_length_1393_cov_2.330174	1393	68.27
GC1003827_G04_NODE_7807_length_1393_cov_1.362559	1393	49.96
GC1003827_G04_NODE_7808_length_1393_cov_0.919431	1393	41.92
GC1003827_G04_NODE_7809_length_1392_cov_7.099605	1392	50.22
GC1003827_G04_NODE_7810_length_1392_cov_5.653755	1392	47.05
GC1003827_G04_NODE_7811_length_1392_cov_5.541502	1392	46.19
GC1003827_G04_NODE_7812_length_1392_cov_5.095652	1392	66.88
GC1003827_G04_NODE_7813_length_1392_cov_3.799209	1392	47.41
GC1003827_G04_NODE_7814_length_1392_cov_3.603162	1392	64.58
GC1003827_G04_NODE_7815_length_1392_cov_2.856917	1392	54.89
GC1003827_G04_NODE_7816_length_1392_cov_2.556522	1392	62.72
GC1003827_G04_NODE_7817_length_1392_cov_2.292490	1392	50.07
GC1003827_G04_NODE_7818_length_1392_cov_2.173123	1392	47.13
GC1003827_G04_NODE_7819_length_1392_cov_1.999209	1392	40.16
GC1003827_G04_NODE_7820_length_1391_cov_11.863924	1391	41.34
GC1003827_G04_NODE_7821_length_1391_cov_11.516614	1391	46.30
GC1003827_G04_NODE_7822_length_1391_cov_7.473892	1391	66.28
GC1003827_G04_NODE_7823_length_1391_cov_4.392405	1391	49.53
GC1003827_G04_NODE_7824_length_1391_cov_2.504747	1391	47.23
GC1003827_G04_NODE_7825_length_1391_cov_1.914557	1391	39.97
GC1003827_G04_NODE_7826_length_1391_cov_1.829114	1391	65.49
GC1003827_G04_NODE_7827_length_1390_cov_8.642914	1390	45.90
GC1003827_G04_NODE_7828_length_1390_cov_4.175772	1390	45.61
GC1003827_G04_NODE_7829_length_1390_cov_3.087094	1390	44.96
GC1003827_G04_NODE_7830_length_1390_cov_2.461599	1390	43.45
GC1003827_G04_NODE_7831_length_1390_cov_2.406176	1390	58.56
GC1003827_G04_NODE_7832_length_1390_cov_2.190024	1390	59.57
GC1003827_G04_NODE_7833_length_1389_cov_2.809826	1389	45.79
GC1003827_G04_NODE_7834_length_1389_cov_1.660063	1389	43.77
GC1003827_G04_NODE_7835_length_1389_cov_1.360539	1389	35.35
GC1003827_G04_NODE_7836_length_1388_cov_12.187153	1388	44.45
GC1003827_G04_NODE_7837_length_1388_cov_6.246630	1388	44.16
GC1003827_G04_NODE_7838_length_1388_cov_3.557494	1388	43.08
GC1003827_G04_NODE_7839_length_1388_cov_2.861221	1388	49.28
GC1003827_G04_NODE_7840_length_1388_cov_2.429025	1388	63.90
GC1003827_G04_NODE_7841_length_1388_cov_1.587629	1388	53.96
GC1003827_G04_NODE_7842_length_1388_cov_1.400476	1388	45.53
GC1003827_G04_NODE_7843_length_1387_cov_14.318254	1387	54.29
GC1003827_G04_NODE_7844_length_1387_cov_7.870635	1387	43.26
GC1003827_G04_NODE_7845_length_1387_cov_7.016667	1387	43.91
GC1003827_G04_NODE_7846_length_1387_cov_4.937302	1387	42.97
GC1003827_G04_NODE_7847_length_1387_cov_4.554762	1387	41.53
GC1003827_G04_NODE_7848_length_1387_cov_3.248413	1387	45.13
GC1003827_G04_NODE_7849_length_1387_cov_3.165079	1387	48.59
GC1003827_G04_NODE_7850_length_1387_cov_1.923016	1387	35.11
GC1003827_G04_NODE_7851_length_1387_cov_1.253968	1387	47.08
GC1003827_G04_NODE_7852_length_1387_cov_1.229365	1387	47.22
GC1003827_G04_NODE_7853_length_1387_cov_0.989683	1387	66.83
GC1003827_G04_NODE_7854_length_1387_cov_0.886508	1387	49.10
GC1003827_G04_NODE_7855_length_1386_cov_10.537728	1386	50.43
GC1003827_G04_NODE_7856_length_1386_cov_7.667196	1386	46.03
GC1003827_G04_NODE_7857_length_1386_cov_4.200953	1386	47.40
GC1003827_G04_NODE_7858_length_1386_cov_4.000000	1386	45.24
GC1003827_G04_NODE_7859_length_1386_cov_3.926926	1386	41.56
GC1003827_G04_NODE_7860_length_1386_cov_3.560763	1386	42.57
GC1003827_G04_NODE_7861_length_1386_cov_3.058777	1386	50.29
GC1003827_G04_NODE_7862_length_1386_cov_2.642573	1386	41.92
GC1003827_G04_NODE_7863_length_1386_cov_1.394758	1386	44.66
GC1003827_G04_NODE_7864_length_1385_cov_8.230525	1385	38.12
GC1003827_G04_NODE_7865_length_1385_cov_3.385533	1385	62.24
GC1003827_G04_NODE_7866_length_1385_cov_2.371224	1385	63.61
GC1003827_G04_NODE_7867_length_1385_cov_2.319555	1385	63.61
GC1003827_G04_NODE_7868_length_1384_cov_7.471758	1384	49.21
GC1003827_G04_NODE_7869_length_1384_cov_5.233095	1384	47.98
GC1003827_G04_NODE_7870_length_1384_cov_3.639618	1384	44.80
GC1003827_G04_NODE_7871_length_1384_cov_2.095465	1384	67.49
GC1003827_G04_NODE_7872_length_1384_cov_1.396977	1384	69.08
GC1003827_G04_NODE_7873_length_1384_cov_1.089101	1384	38.29
GC1003827_G04_NODE_7874_length_1383_cov_5.722134	1383	46.20
GC1003827_G04_NODE_7875_length_1383_cov_2.337580	1383	51.48
GC1003827_G04_NODE_7876_length_1383_cov_1.836783	1383	61.32
GC1003827_G04_NODE_7877_length_1383_cov_1.515127	1383	46.78
GC1003827_G04_NODE_7878_length_1383_cov_1.396497	1383	53.22
GC1003827_G04_NODE_7879_length_1383_cov_1.306529	1383	44.03
GC1003827_G04_NODE_7880_length_1383_cov_0.647293	1383	39.99
GC1003827_G04_NODE_7881_length_1382_cov_8.304382	1382	43.13
GC1003827_G04_NODE_7882_length_1382_cov_6.278884	1382	49.57
GC1003827_G04_NODE_7883_length_1382_cov_5.507570	1382	64.04
GC1003827_G04_NODE_7884_length_1382_cov_4.885259	1382	48.05
GC1003827_G04_NODE_7885_length_1382_cov_4.706773	1382	51.01
GC1003827_G04_NODE_7886_length_1382_cov_3.533865	1382	42.55
GC1003827_G04_NODE_7887_length_1382_cov_2.428685	1382	41.03
GC1003827_G04_NODE_7888_length_1382_cov_1.700398	1382	66.21
GC1003827_G04_NODE_7889_length_1382_cov_1.254183	1382	45.22
GC1003827_G04_NODE_7890_length_1381_cov_6.413078	1381	45.40
GC1003827_G04_NODE_7891_length_1381_cov_5.500797	1381	50.47
GC1003827_G04_NODE_7892_length_1381_cov_5.496013	1381	40.84
GC1003827_G04_NODE_7893_length_1381_cov_4.464912	1381	63.36
GC1003827_G04_NODE_7894_length_1381_cov_2.185805	1381	67.56
GC1003827_G04_NODE_7895_length_1380_cov_29.466081	1380	41.52
GC1003827_G04_NODE_7896_length_1380_cov_10.938547	1380	49.86
GC1003827_G04_NODE_7897_length_1380_cov_10.246608	1380	43.12
GC1003827_G04_NODE_7898_length_1380_cov_7.262570	1380	44.78
GC1003827_G04_NODE_7899_length_1380_cov_5.695930	1380	67.25
GC1003827_G04_NODE_7900_length_1380_cov_5.217877	1380	48.48
GC1003827_G04_NODE_7901_length_1380_cov_2.178771	1380	40.87
GC1003827_G04_NODE_7902_length_1380_cov_1.566640	1380	68.48
GC1003827_G04_NODE_7903_length_1380_cov_0.871508	1380	64.42
GC1003827_G04_NODE_7904_length_1379_cov_6.979233	1379	45.25
GC1003827_G04_NODE_7905_length_1379_cov_6.202875	1379	48.08
GC1003827_G04_NODE_7906_length_1379_cov_5.662939	1379	44.74
GC1003827_G04_NODE_7907_length_1379_cov_5.246006	1379	42.35
GC1003827_G04_NODE_7908_length_1379_cov_4.267572	1379	41.19
GC1003827_G04_NODE_7909_length_1379_cov_3.855431	1379	43.94
GC1003827_G04_NODE_7910_length_1379_cov_2.028754	1379	66.35
GC1003827_G04_NODE_7911_length_1379_cov_1.068690	1379	67.44
GC1003827_G04_NODE_7912_length_1379_cov_1.059105	1379	67.59
GC1003827_G04_NODE_7913_length_1378_cov_10.000000	1378	46.52
GC1003827_G04_NODE_7914_length_1378_cov_5.316547	1378	48.62
GC1003827_G04_NODE_7915_length_1378_cov_3.689049	1378	46.88
GC1003827_G04_NODE_7916_length_1378_cov_1.009592	1378	51.16
GC1003827_G04_NODE_7917_length_1378_cov_0.896882	1378	65.02
GC1003827_G04_NODE_7918_length_1377_cov_13.937600	1377	42.63
GC1003827_G04_NODE_7919_length_1377_cov_9.656800	1377	39.72
GC1003827_G04_NODE_7920_length_1377_cov_8.521600	1377	46.84
GC1003827_G04_NODE_7921_length_1377_cov_7.652000	1377	43.65
GC1003827_G04_NODE_7922_length_1377_cov_7.006400	1377	44.88
GC1003827_G04_NODE_7923_length_1377_cov_6.001600	1377	48.00
GC1003827_G04_NODE_7924_length_1377_cov_5.924800	1377	40.45
GC1003827_G04_NODE_7925_length_1377_cov_2.560000	1377	40.96
GC1003827_G04_NODE_7926_length_1377_cov_1.665600	1377	42.92
GC1003827_G04_NODE_7927_length_1377_cov_1.391200	1377	51.92
GC1003827_G04_NODE_7928_length_1376_cov_5.285829	1376	43.17
GC1003827_G04_NODE_7929_length_1376_cov_5.081665	1376	43.60
GC1003827_G04_NODE_7930_length_1376_cov_3.175340	1376	46.58
GC1003827_G04_NODE_7931_length_1376_cov_3.020817	1376	44.19
GC1003827_G04_NODE_7932_length_1376_cov_2.890312	1376	57.34
GC1003827_G04_NODE_7933_length_1375_cov_9.594551	1375	48.58
GC1003827_G04_NODE_7934_length_1375_cov_7.316506	1375	40.73
GC1003827_G04_NODE_7935_length_1375_cov_5.013622	1375	46.40
GC1003827_G04_NODE_7936_length_1375_cov_4.122596	1375	43.64
GC1003827_G04_NODE_7937_length_1375_cov_2.449519	1375	45.02
GC1003827_G04_NODE_7938_length_1375_cov_1.321314	1375	42.84
GC1003827_G04_NODE_7939_length_1375_cov_1.288462	1375	47.56
GC1003827_G04_NODE_7940_length_1375_cov_1.209936	1375	62.62
GC1003827_G04_NODE_7941_length_1374_cov_11.434643	1374	44.76
GC1003827_G04_NODE_7942_length_1374_cov_6.158781	1374	48.91
GC1003827_G04_NODE_7943_length_1374_cov_5.995188	1374	44.18
GC1003827_G04_NODE_7944_length_1374_cov_4.959904	1374	44.76
GC1003827_G04_NODE_7945_length_1374_cov_3.894146	1374	38.72
GC1003827_G04_NODE_7946_length_1374_cov_2.838011	1374	44.54
GC1003827_G04_NODE_7947_length_1374_cov_2.823577	1374	42.36
GC1003827_G04_NODE_7948_length_1374_cov_2.111468	1374	63.97
GC1003827_G04_NODE_7949_length_1374_cov_1.818765	1374	68.27
GC1003827_G04_NODE_7950_length_1374_cov_1.381716	1374	51.82
GC1003827_G04_NODE_7951_length_1374_cov_0.756215	1374	71.47
GC1003827_G04_NODE_7952_length_1373_cov_11.154896	1373	52.15
GC1003827_G04_NODE_7953_length_1373_cov_5.905297	1373	44.57
GC1003827_G04_NODE_7954_length_1373_cov_4.576244	1373	42.75
GC1003827_G04_NODE_7955_length_1373_cov_4.567416	1373	43.85
GC1003827_G04_NODE_7956_length_1373_cov_4.173355	1373	43.12
GC1003827_G04_NODE_7957_length_1373_cov_3.601124	1373	39.62
GC1003827_G04_NODE_7958_length_1373_cov_2.890851	1373	47.20
GC1003827_G04_NODE_7959_length_1373_cov_2.842697	1373	42.39
GC1003827_G04_NODE_7960_length_1373_cov_1.677368	1373	45.38
GC1003827_G04_NODE_7961_length_1373_cov_1.046549	1373	40.42
GC1003827_G04_NODE_7962_length_1373_cov_0.906100	1373	68.75
GC1003827_G04_NODE_7963_length_1372_cov_4.255422	1372	47.59
GC1003827_G04_NODE_7964_length_1372_cov_4.210442	1372	44.68
GC1003827_G04_NODE_7965_length_1372_cov_4.024900	1372	50.00
GC1003827_G04_NODE_7966_length_1372_cov_1.838554	1372	42.57
GC1003827_G04_NODE_7967_length_1372_cov_1.350201	1372	36.81
GC1003827_G04_NODE_7968_length_1371_cov_10.105305	1371	45.66
GC1003827_G04_NODE_7969_length_1371_cov_8.360932	1371	64.41
GC1003827_G04_NODE_7970_length_1371_cov_7.666399	1371	42.52
GC1003827_G04_NODE_7971_length_1371_cov_4.168006	1371	44.27
GC1003827_G04_NODE_7972_length_1371_cov_3.114952	1371	43.54
GC1003827_G04_NODE_7973_length_1371_cov_2.730707	1371	45.44
GC1003827_G04_NODE_7974_length_1371_cov_2.631833	1371	55.94
GC1003827_G04_NODE_7975_length_1371_cov_2.191318	1371	47.78
GC1003827_G04_NODE_7976_length_1371_cov_1.466238	1371	61.05
GC1003827_G04_NODE_7977_length_1370_cov_8.255833	1370	44.82
GC1003827_G04_NODE_7978_length_1370_cov_7.482703	1370	43.80
GC1003827_G04_NODE_7979_length_1370_cov_3.603379	1370	39.71
GC1003827_G04_NODE_7980_length_1370_cov_3.008045	1370	43.07
GC1003827_G04_NODE_7981_length_1370_cov_1.296058	1370	59.34
GC1003827_G04_NODE_7982_length_1370_cov_0.872084	1370	51.68
GC1003827_G04_NODE_7983_length_1369_cov_10.309984	1369	46.97
GC1003827_G04_NODE_7984_length_1369_cov_3.315620	1369	48.79
GC1003827_G04_NODE_7985_length_1369_cov_3.312399	1369	42.88
GC1003827_G04_NODE_7986_length_1369_cov_2.978261	1369	42.15
GC1003827_G04_NODE_7987_length_1369_cov_2.449275	1369	45.36
GC1003827_G04_NODE_7988_length_1369_cov_1.586957	1369	61.72
GC1003827_G04_NODE_7989_length_1369_cov_1.322061	1369	46.75
GC1003827_G04_NODE_7990_length_1368_cov_11.527800	1368	47.30
GC1003827_G04_NODE_7991_length_1368_cov_8.186946	1368	46.13
GC1003827_G04_NODE_7992_length_1368_cov_2.502015	1368	46.42
GC1003827_G04_NODE_7993_length_1368_cov_2.225624	1368	65.06
GC1003827_G04_NODE_7994_length_1368_cov_2.187752	1368	48.10
GC1003827_G04_NODE_7995_length_1368_cov_2.046737	1368	44.44
GC1003827_G04_NODE_7996_length_1368_cov_1.873489	1368	39.77
GC1003827_G04_NODE_7997_length_1368_cov_1.255439	1368	36.92
GC1003827_G04_NODE_7998_length_1367_cov_12.313710	1367	45.50
GC1003827_G04_NODE_7999_length_1367_cov_8.669355	1367	45.14
GC1003827_G04_NODE_8000_length_1367_cov_5.762903	1367	47.84
GC1003827_G04_NODE_8001_length_1367_cov_2.881452	1367	48.06
GC1003827_G04_NODE_8002_length_1367_cov_2.745968	1367	44.11
GC1003827_G04_NODE_8003_length_1367_cov_1.699194	1367	47.04
GC1003827_G04_NODE_8004_length_1366_cov_5.952381	1366	48.17
GC1003827_G04_NODE_8005_length_1366_cov_5.694108	1366	48.24
GC1003827_G04_NODE_8006_length_1366_cov_5.326877	1366	45.31
GC1003827_G04_NODE_8007_length_1366_cov_2.306699	1366	51.10
GC1003827_G04_NODE_8008_length_1366_cov_2.122680	1366	53.81
GC1003827_G04_NODE_8009_length_1366_cov_1.811138	1366	47.51
GC1003827_G04_NODE_8010_length_1366_cov_1.575464	1366	46.78
GC1003827_G04_NODE_8011_length_1365_cov_21.074313	1365	46.67
GC1003827_G04_NODE_8012_length_1365_cov_8.349758	1365	43.96
GC1003827_G04_NODE_8013_length_1365_cov_8.342488	1365	52.09
GC1003827_G04_NODE_8014_length_1365_cov_7.663974	1365	47.84
GC1003827_G04_NODE_8015_length_1365_cov_5.331987	1365	50.92
GC1003827_G04_NODE_8016_length_1365_cov_4.869144	1365	44.98
GC1003827_G04_NODE_8017_length_1365_cov_3.100969	1365	42.71
GC1003827_G04_NODE_8018_length_1365_cov_2.491922	1365	44.40
GC1003827_G04_NODE_8019_length_1365_cov_1.712439	1365	36.85
GC1003827_G04_NODE_8020_length_1365_cov_1.515347	1365	48.57
GC1003827_G04_NODE_8021_length_1365_cov_1.214055	1365	67.99
GC1003827_G04_NODE_8022_length_1364_cov_10.458367	1364	59.90
GC1003827_G04_NODE_8023_length_1364_cov_4.300728	1364	45.67
GC1003827_G04_NODE_8024_length_1364_cov_2.394503	1364	66.79
GC1003827_G04_NODE_8025_length_1364_cov_2.377526	1364	47.87
GC1003827_G04_NODE_8026_length_1364_cov_1.649960	1364	54.99
GC1003827_G04_NODE_8027_length_1364_cov_1.081649	1364	65.69
GC1003827_G04_NODE_8028_length_1364_cov_1.040420	1364	64.96
GC1003827_G04_NODE_8029_length_1363_cov_6.346278	1363	66.76
GC1003827_G04_NODE_8030_length_1363_cov_3.707120	1363	47.40
GC1003827_G04_NODE_8031_length_1363_cov_2.037217	1363	42.19
GC1003827_G04_NODE_8032_length_1363_cov_1.793689	1363	45.19
GC1003827_G04_NODE_8033_length_1363_cov_1.576052	1363	51.21
GC1003827_G04_NODE_8034_length_1363_cov_1.379450	1363	62.36
GC1003827_G04_NODE_8035_length_1362_cov_8.114980	1362	44.35
GC1003827_G04_NODE_8036_length_1362_cov_7.811336	1362	66.37
GC1003827_G04_NODE_8037_length_1362_cov_6.283401	1362	41.85
GC1003827_G04_NODE_8038_length_1362_cov_4.564372	1362	43.69
GC1003827_G04_NODE_8039_length_1362_cov_4.087449	1362	61.16
GC1003827_G04_NODE_8040_length_1362_cov_3.675304	1362	44.79
GC1003827_G04_NODE_8041_length_1362_cov_3.596761	1362	43.91
GC1003827_G04_NODE_8042_length_1362_cov_3.580567	1362	46.62
GC1003827_G04_NODE_8043_length_1362_cov_2.569231	1362	40.01
GC1003827_G04_NODE_8044_length_1362_cov_2.568421	1362	46.48
GC1003827_G04_NODE_8045_length_1362_cov_2.152227	1362	70.12
GC1003827_G04_NODE_8046_length_1361_cov_7.957861	1361	45.85
GC1003827_G04_NODE_8047_length_1361_cov_5.296596	1361	45.92
GC1003827_G04_NODE_8048_length_1361_cov_3.539708	1361	43.64
GC1003827_G04_NODE_8049_length_1361_cov_3.364668	1361	47.17
GC1003827_G04_NODE_8050_length_1361_cov_2.001621	1361	62.01
GC1003827_G04_NODE_8051_length_1361_cov_1.685575	1361	69.73
GC1003827_G04_NODE_8052_length_1360_cov_13.523925	1360	43.16
GC1003827_G04_NODE_8053_length_1360_cov_8.789943	1360	49.26
GC1003827_G04_NODE_8054_length_1360_cov_8.606650	1360	46.25
GC1003827_G04_NODE_8055_length_1360_cov_7.693431	1360	46.54
GC1003827_G04_NODE_8056_length_1360_cov_6.892944	1360	48.24
GC1003827_G04_NODE_8057_length_1360_cov_6.008921	1360	42.72
GC1003827_G04_NODE_8058_length_1360_cov_5.344688	1360	51.76
GC1003827_G04_NODE_8059_length_1360_cov_4.139497	1360	39.56
GC1003827_G04_NODE_8060_length_1360_cov_3.544201	1360	36.40
GC1003827_G04_NODE_8061_length_1360_cov_2.725061	1360	46.76
GC1003827_G04_NODE_8062_length_1359_cov_19.914773	1359	49.82
GC1003827_G04_NODE_8063_length_1359_cov_10.192370	1359	46.28
GC1003827_G04_NODE_8064_length_1359_cov_5.814935	1359	48.12
GC1003827_G04_NODE_8065_length_1359_cov_4.811688	1359	43.41
GC1003827_G04_NODE_8066_length_1359_cov_2.382305	1359	46.87
GC1003827_G04_NODE_8067_length_1359_cov_2.241883	1359	69.02
GC1003827_G04_NODE_8068_length_1359_cov_1.219156	1359	56.07
GC1003827_G04_NODE_8069_length_1359_cov_1.219156	1359	48.93
GC1003827_G04_NODE_8070_length_1359_cov_0.688312	1359	45.11
GC1003827_G04_NODE_8071_length_1358_cov_16.841592	1358	40.43
GC1003827_G04_NODE_8072_length_1358_cov_9.987002	1358	46.10
GC1003827_G04_NODE_8073_length_1358_cov_5.275386	1358	41.46
GC1003827_G04_NODE_8074_length_1358_cov_4.103981	1358	45.51
GC1003827_G04_NODE_8075_length_1358_cov_2.011373	1358	52.43
GC1003827_G04_NODE_8076_length_1358_cov_2.008936	1358	44.62
GC1003827_G04_NODE_8077_length_1358_cov_1.878148	1358	43.81
GC1003827_G04_NODE_8078_length_1358_cov_1.729488	1358	60.38
GC1003827_G04_NODE_8079_length_1358_cov_1.535337	1358	64.29
GC1003827_G04_NODE_8080_length_1357_cov_9.064228	1357	50.48
GC1003827_G04_NODE_8081_length_1357_cov_8.910569	1357	44.95
GC1003827_G04_NODE_8082_length_1357_cov_7.530894	1357	52.47
GC1003827_G04_NODE_8083_length_1357_cov_7.512195	1357	48.05
GC1003827_G04_NODE_8084_length_1357_cov_6.380488	1357	44.14
GC1003827_G04_NODE_8085_length_1357_cov_3.077236	1357	48.12
GC1003827_G04_NODE_8086_length_1357_cov_3.017073	1357	51.29
GC1003827_G04_NODE_8087_length_1357_cov_2.778862	1357	39.43
GC1003827_G04_NODE_8088_length_1357_cov_2.770732	1357	65.59
GC1003827_G04_NODE_8089_length_1357_cov_0.877236	1357	43.70
GC1003827_G04_NODE_8090_length_1356_cov_8.755899	1356	40.56
GC1003827_G04_NODE_8091_length_1356_cov_7.468674	1356	41.52
GC1003827_G04_NODE_8092_length_1356_cov_7.117982	1356	48.60
GC1003827_G04_NODE_8093_length_1356_cov_4.570382	1356	49.63
GC1003827_G04_NODE_8094_length_1356_cov_3.851912	1356	42.11
GC1003827_G04_NODE_8095_length_1356_cov_2.532140	1356	43.29
GC1003827_G04_NODE_8096_length_1356_cov_2.245728	1356	51.25
GC1003827_G04_NODE_8097_length_1356_cov_1.704638	1356	48.08
GC1003827_G04_NODE_8098_length_1356_cov_1.609439	1356	65.86
GC1003827_G04_NODE_8099_length_1356_cov_1.015460	1356	61.87
GC1003827_G04_NODE_8100_length_1355_cov_5.672638	1355	41.70
GC1003827_G04_NODE_8101_length_1355_cov_5.452769	1355	44.13
GC1003827_G04_NODE_8102_length_1355_cov_5.327362	1355	51.88
GC1003827_G04_NODE_8103_length_1355_cov_4.241042	1355	46.72
GC1003827_G04_NODE_8104_length_1355_cov_4.197883	1355	48.19
GC1003827_G04_NODE_8105_length_1355_cov_3.653094	1355	35.42
GC1003827_G04_NODE_8106_length_1355_cov_3.422638	1355	42.73
GC1003827_G04_NODE_8107_length_1355_cov_2.662866	1355	42.73
GC1003827_G04_NODE_8108_length_1355_cov_2.234528	1355	42.66
GC1003827_G04_NODE_8109_length_1355_cov_1.747557	1355	36.83
GC1003827_G04_NODE_8110_length_1354_cov_12.598207	1354	45.79
GC1003827_G04_NODE_8111_length_1354_cov_3.482478	1354	48.01
GC1003827_G04_NODE_8112_length_1354_cov_2.963325	1354	43.94
GC1003827_G04_NODE_8113_length_1354_cov_2.286064	1354	39.36
GC1003827_G04_NODE_8114_length_1354_cov_1.726161	1354	69.65
GC1003827_G04_NODE_8115_length_1354_cov_1.682967	1354	46.97
GC1003827_G04_NODE_8116_length_1354_cov_1.400978	1354	43.87
GC1003827_G04_NODE_8117_length_1354_cov_1.002445	1354	70.61
GC1003827_G04_NODE_8118_length_1353_cov_7.608483	1353	49.37
GC1003827_G04_NODE_8119_length_1353_cov_6.053018	1353	44.27
GC1003827_G04_NODE_8120_length_1353_cov_3.593801	1353	42.57
GC1003827_G04_NODE_8121_length_1353_cov_2.581566	1353	49.08
GC1003827_G04_NODE_8122_length_1353_cov_2.141925	1353	42.50
GC1003827_G04_NODE_8123_length_1353_cov_1.867047	1353	41.83
GC1003827_G04_NODE_8124_length_1353_cov_1.186786	1353	47.60
GC1003827_G04_NODE_8125_length_1353_cov_1.143556	1353	44.05
GC1003827_G04_NODE_8126_length_1353_cov_0.880098	1353	68.22
GC1003827_G04_NODE_8127_length_1353_cov_0.496737	1353	47.08
GC1003827_G04_NODE_8128_length_1352_cov_18.668571	1352	45.12
GC1003827_G04_NODE_8129_length_1352_cov_6.145306	1352	43.05
GC1003827_G04_NODE_8130_length_1352_cov_5.439184	1352	44.75
GC1003827_G04_NODE_8131_length_1352_cov_3.818776	1352	48.00
GC1003827_G04_NODE_8132_length_1352_cov_3.082449	1352	60.28
GC1003827_G04_NODE_8133_length_1352_cov_2.448980	1352	48.22
GC1003827_G04_NODE_8134_length_1352_cov_2.215510	1352	46.08
GC1003827_G04_NODE_8135_length_1352_cov_1.700408	1352	63.17
GC1003827_G04_NODE_8136_length_1351_cov_8.496732	1351	45.60
GC1003827_G04_NODE_8137_length_1351_cov_5.870915	1351	44.34
GC1003827_G04_NODE_8138_length_1351_cov_3.165033	1351	45.23
GC1003827_G04_NODE_8139_length_1351_cov_2.796569	1351	49.22
GC1003827_G04_NODE_8140_length_1351_cov_2.570261	1351	42.78
GC1003827_G04_NODE_8141_length_1351_cov_2.402778	1351	67.65
GC1003827_G04_NODE_8142_length_1351_cov_1.887255	1351	42.19
GC1003827_G04_NODE_8143_length_1351_cov_1.816176	1351	49.81
GC1003827_G04_NODE_8144_length_1351_cov_1.764706	1351	46.04
GC1003827_G04_NODE_8145_length_1351_cov_0.956699	1351	50.41
GC1003827_G04_NODE_8146_length_1351_cov_0.776144	1351	44.86
GC1003827_G04_NODE_8147_length_1350_cov_7.346688	1350	50.59
GC1003827_G04_NODE_8148_length_1350_cov_5.991823	1350	48.74
GC1003827_G04_NODE_8149_length_1350_cov_4.002453	1350	55.04
GC1003827_G04_NODE_8150_length_1350_cov_3.455437	1350	37.11
GC1003827_G04_NODE_8151_length_1350_cov_3.178250	1350	46.22
GC1003827_G04_NODE_8152_length_1350_cov_2.705642	1350	50.15
GC1003827_G04_NODE_8153_length_1350_cov_2.606705	1350	51.85
GC1003827_G04_NODE_8154_length_1350_cov_2.264105	1350	44.89
GC1003827_G04_NODE_8155_length_1350_cov_2.223222	1350	45.11
GC1003827_G04_NODE_8156_length_1350_cov_1.977105	1350	42.67
GC1003827_G04_NODE_8157_length_1350_cov_1.641864	1350	44.59
GC1003827_G04_NODE_8158_length_1350_cov_0.863451	1350	44.67
GC1003827_G04_NODE_8159_length_1349_cov_7.365794	1349	53.00
GC1003827_G04_NODE_8160_length_1349_cov_3.371522	1349	45.29
GC1003827_G04_NODE_8161_length_1349_cov_2.981178	1349	64.57
GC1003827_G04_NODE_8162_length_1349_cov_2.946809	1349	49.59
GC1003827_G04_NODE_8163_length_1349_cov_2.197218	1349	57.75
GC1003827_G04_NODE_8164_length_1349_cov_1.886252	1349	45.81
GC1003827_G04_NODE_8165_length_1349_cov_1.257774	1349	35.21
GC1003827_G04_NODE_8166_length_1348_cov_7.587224	1348	42.95
GC1003827_G04_NODE_8167_length_1348_cov_6.418509	1348	40.06
GC1003827_G04_NODE_8168_length_1348_cov_4.257166	1348	47.11
GC1003827_G04_NODE_8169_length_1348_cov_3.357084	1348	48.07
GC1003827_G04_NODE_8170_length_1348_cov_1.223587	1348	72.18
GC1003827_G04_NODE_8171_length_1348_cov_0.645373	1348	47.70
GC1003827_G04_NODE_8172_length_1347_cov_11.872131	1347	46.25
GC1003827_G04_NODE_8173_length_1347_cov_10.486066	1347	43.50
GC1003827_G04_NODE_8174_length_1347_cov_5.634426	1347	41.65
GC1003827_G04_NODE_8175_length_1347_cov_3.323770	1347	42.17
GC1003827_G04_NODE_8176_length_1347_cov_2.750820	1347	47.74
GC1003827_G04_NODE_8177_length_1347_cov_2.397541	1347	50.33
GC1003827_G04_NODE_8178_length_1347_cov_2.160656	1347	48.26
GC1003827_G04_NODE_8179_length_1347_cov_1.927049	1347	51.22
GC1003827_G04_NODE_8180_length_1347_cov_1.073770	1347	48.70
GC1003827_G04_NODE_8181_length_1347_cov_0.981967	1347	38.38
GC1003827_G04_NODE_8182_length_1346_cov_10.389664	1346	46.36
GC1003827_G04_NODE_8183_length_1346_cov_9.576702	1346	44.80
GC1003827_G04_NODE_8184_length_1346_cov_8.629204	1346	48.44
GC1003827_G04_NODE_8185_length_1346_cov_4.916325	1346	41.31
GC1003827_G04_NODE_8186_length_1346_cov_4.869565	1346	64.49
GC1003827_G04_NODE_8187_length_1346_cov_2.339623	1346	46.81
GC1003827_G04_NODE_8188_length_1345_cov_19.788177	1345	46.10
GC1003827_G04_NODE_8189_length_1345_cov_6.536125	1345	45.35
GC1003827_G04_NODE_8190_length_1345_cov_5.659278	1345	44.61
GC1003827_G04_NODE_8191_length_1345_cov_4.768473	1345	50.86
GC1003827_G04_NODE_8192_length_1345_cov_4.102627	1345	40.22
GC1003827_G04_NODE_8193_length_1345_cov_3.816092	1345	63.57
GC1003827_G04_NODE_8194_length_1345_cov_2.322660	1345	49.37
GC1003827_G04_NODE_8195_length_1345_cov_2.038588	1345	67.21
GC1003827_G04_NODE_8196_length_1345_cov_1.804598	1345	51.23
GC1003827_G04_NODE_8197_length_1345_cov_1.775862	1345	56.88
GC1003827_G04_NODE_8198_length_1345_cov_1.334975	1345	68.70
GC1003827_G04_NODE_8199_length_1345_cov_0.862069	1345	67.06
GC1003827_G04_NODE_8200_length_1344_cov_10.030403	1344	47.92
GC1003827_G04_NODE_8201_length_1344_cov_9.157765	1344	50.97
GC1003827_G04_NODE_8202_length_1344_cov_8.468365	1344	39.06
GC1003827_G04_NODE_8203_length_1344_cov_5.530813	1344	47.92
GC1003827_G04_NODE_8204_length_1344_cov_4.220214	1344	41.96
GC1003827_G04_NODE_8205_length_1344_cov_3.119145	1344	44.42
GC1003827_G04_NODE_8206_length_1344_cov_2.791290	1344	37.72
GC1003827_G04_NODE_8207_length_1344_cov_2.303205	1344	57.29
GC1003827_G04_NODE_8208_length_1344_cov_1.658176	1344	46.43
GC1003827_G04_NODE_8209_length_1344_cov_1.354971	1344	43.75
GC1003827_G04_NODE_8210_length_1344_cov_0.953985	1344	67.26
GC1003827_G04_NODE_8211_length_1343_cov_7.293586	1343	49.37
GC1003827_G04_NODE_8212_length_1343_cov_4.538651	1343	44.97
GC1003827_G04_NODE_8213_length_1343_cov_4.436678	1343	48.47
GC1003827_G04_NODE_8214_length_1343_cov_2.069079	1343	67.83
GC1003827_G04_NODE_8215_length_1343_cov_1.770559	1343	45.50
GC1003827_G04_NODE_8216_length_1342_cov_6.072428	1342	44.19
GC1003827_G04_NODE_8217_length_1342_cov_5.309465	1342	42.10
GC1003827_G04_NODE_8218_length_1342_cov_4.518519	1342	50.22
GC1003827_G04_NODE_8219_length_1342_cov_3.775309	1342	48.44
GC1003827_G04_NODE_8220_length_1341_cov_24.612850	1341	49.81
GC1003827_G04_NODE_8221_length_1341_cov_15.060132	1341	41.91
GC1003827_G04_NODE_8222_length_1341_cov_11.027183	1341	47.95
GC1003827_G04_NODE_8223_length_1341_cov_9.959638	1341	42.80
GC1003827_G04_NODE_8224_length_1341_cov_6.917628	1341	58.39
GC1003827_G04_NODE_8225_length_1341_cov_5.436573	1341	40.64
GC1003827_G04_NODE_8226_length_1341_cov_5.339374	1341	48.99
GC1003827_G04_NODE_8227_length_1341_cov_2.825371	1341	47.43
GC1003827_G04_NODE_8228_length_1341_cov_2.331137	1341	42.51
GC1003827_G04_NODE_8229_length_1341_cov_1.217463	1341	47.20
GC1003827_G04_NODE_8230_length_1341_cov_1.184514	1341	70.47
GC1003827_G04_NODE_8231_length_1340_cov_12.446826	1340	45.97
GC1003827_G04_NODE_8232_length_1340_cov_8.906018	1340	50.60
GC1003827_G04_NODE_8233_length_1340_cov_6.876340	1340	45.37
GC1003827_G04_NODE_8234_length_1340_cov_5.924979	1340	48.81
GC1003827_G04_NODE_8235_length_1340_cov_3.841715	1340	49.63
GC1003827_G04_NODE_8236_length_1340_cov_1.884584	1340	70.00
GC1003827_G04_NODE_8237_length_1340_cov_1.592745	1340	42.39
GC1003827_G04_NODE_8238_length_1340_cov_0.766694	1340	45.30
GC1003827_G04_NODE_8239_length_1339_cov_12.641089	1339	42.79
GC1003827_G04_NODE_8240_length_1339_cov_12.066832	1339	40.40
GC1003827_G04_NODE_8241_length_1339_cov_7.401815	1339	46.38
GC1003827_G04_NODE_8242_length_1339_cov_6.837459	1339	43.69
GC1003827_G04_NODE_8243_length_1339_cov_3.486799	1339	43.91
GC1003827_G04_NODE_8244_length_1339_cov_3.362211	1339	44.88
GC1003827_G04_NODE_8245_length_1339_cov_3.229373	1339	49.96
GC1003827_G04_NODE_8246_length_1339_cov_3.163366	1339	46.98
GC1003827_G04_NODE_8247_length_1339_cov_1.982673	1339	36.45
GC1003827_G04_NODE_8248_length_1339_cov_1.852310	1339	45.86
GC1003827_G04_NODE_8249_length_1339_cov_1.783828	1339	49.66
GC1003827_G04_NODE_8250_length_1338_cov_9.560694	1338	51.49
GC1003827_G04_NODE_8251_length_1338_cov_6.489678	1338	42.15
GC1003827_G04_NODE_8252_length_1338_cov_5.043765	1338	46.86
GC1003827_G04_NODE_8253_length_1338_cov_4.532618	1338	46.71
GC1003827_G04_NODE_8254_length_1338_cov_2.803468	1338	68.16
GC1003827_G04_NODE_8255_length_1338_cov_2.218827	1338	62.71
GC1003827_G04_NODE_8256_length_1338_cov_2.026424	1338	46.56
GC1003827_G04_NODE_8257_length_1338_cov_1.597027	1338	48.73
GC1003827_G04_NODE_8258_length_1338_cov_0.969447	1338	42.75
GC1003827_G04_NODE_8259_length_1337_cov_12.554545	1337	46.22
GC1003827_G04_NODE_8260_length_1337_cov_9.106612	1337	48.24
GC1003827_G04_NODE_8261_length_1337_cov_5.824793	1337	49.36
GC1003827_G04_NODE_8262_length_1337_cov_4.129752	1337	45.10
GC1003827_G04_NODE_8263_length_1337_cov_1.366942	1337	68.51
GC1003827_G04_NODE_8264_length_1336_cov_11.456576	1336	41.24
GC1003827_G04_NODE_8265_length_1336_cov_7.971878	1336	44.46
GC1003827_G04_NODE_8266_length_1336_cov_6.447477	1336	50.52
GC1003827_G04_NODE_8267_length_1336_cov_4.574028	1336	48.05
GC1003827_G04_NODE_8268_length_1336_cov_4.110835	1336	49.93
GC1003827_G04_NODE_8269_length_1336_cov_3.665840	1336	48.20
GC1003827_G04_NODE_8270_length_1336_cov_3.539289	1336	41.92
GC1003827_G04_NODE_8271_length_1336_cov_2.915633	1336	42.66
GC1003827_G04_NODE_8272_length_1336_cov_2.702233	1336	66.62
GC1003827_G04_NODE_8273_length_1336_cov_2.066170	1336	43.79
GC1003827_G04_NODE_8274_length_1336_cov_1.738627	1336	66.09
GC1003827_G04_NODE_8275_length_1336_cov_1.418528	1336	46.56
GC1003827_G04_NODE_8276_length_1336_cov_1.377171	1336	51.50
GC1003827_G04_NODE_8277_length_1335_cov_12.196192	1335	44.64
GC1003827_G04_NODE_8278_length_1335_cov_7.836093	1335	36.25
GC1003827_G04_NODE_8279_length_1335_cov_7.368377	1335	42.62
GC1003827_G04_NODE_8280_length_1335_cov_4.550497	1335	43.67
GC1003827_G04_NODE_8281_length_1335_cov_4.390728	1335	43.07
GC1003827_G04_NODE_8282_length_1335_cov_3.548841	1335	36.40
GC1003827_G04_NODE_8283_length_1335_cov_3.451159	1335	44.42
GC1003827_G04_NODE_8284_length_1335_cov_2.711921	1335	41.95
GC1003827_G04_NODE_8285_length_1335_cov_2.195364	1335	62.10
GC1003827_G04_NODE_8286_length_1335_cov_1.711921	1335	51.31
GC1003827_G04_NODE_8287_length_1335_cov_1.439570	1335	67.64
GC1003827_G04_NODE_8288_length_1335_cov_1.340232	1335	46.29
GC1003827_G04_NODE_8289_length_1335_cov_1.117550	1335	69.36
GC1003827_G04_NODE_8290_length_1335_cov_1.031457	1335	43.15
GC1003827_G04_NODE_8291_length_1334_cov_22.424192	1334	40.55
GC1003827_G04_NODE_8292_length_1334_cov_8.709196	1334	47.75
GC1003827_G04_NODE_8293_length_1334_cov_7.092792	1334	48.95
GC1003827_G04_NODE_8294_length_1334_cov_5.024027	1334	50.22
GC1003827_G04_NODE_8295_length_1333_cov_8.543947	1333	51.84
GC1003827_G04_NODE_8296_length_1333_cov_5.766169	1333	50.49
GC1003827_G04_NODE_8297_length_1333_cov_5.545605	1333	46.14
GC1003827_G04_NODE_8298_length_1333_cov_4.721393	1333	42.99
GC1003827_G04_NODE_8299_length_1333_cov_4.353234	1333	51.84
GC1003827_G04_NODE_8300_length_1333_cov_3.667496	1333	44.94
GC1003827_G04_NODE_8301_length_1333_cov_2.367330	1333	63.02
GC1003827_G04_NODE_8302_length_1333_cov_1.374793	1333	50.64
GC1003827_G04_NODE_8303_length_1333_cov_1.131841	1333	34.21
GC1003827_G04_NODE_8304_length_1332_cov_5.974274	1332	41.89
GC1003827_G04_NODE_8305_length_1332_cov_5.469710	1332	50.15
GC1003827_G04_NODE_8306_length_1332_cov_4.689627	1332	55.86
GC1003827_G04_NODE_8307_length_1332_cov_3.245643	1332	68.69
GC1003827_G04_NODE_8308_length_1332_cov_2.758506	1332	47.67
GC1003827_G04_NODE_8309_length_1332_cov_2.431535	1332	56.16
GC1003827_G04_NODE_8310_length_1332_cov_1.799170	1332	68.62
GC1003827_G04_NODE_8311_length_1332_cov_1.731120	1332	47.22
GC1003827_G04_NODE_8312_length_1332_cov_1.427386	1332	47.07
GC1003827_G04_NODE_8313_length_1332_cov_1.223237	1332	61.41
GC1003827_G04_NODE_8314_length_1332_cov_1.042324	1332	48.95
GC1003827_G04_NODE_8315_length_1331_cov_5.313953	1331	50.71
GC1003827_G04_NODE_8316_length_1331_cov_4.867940	1331	34.64
GC1003827_G04_NODE_8317_length_1331_cov_3.371262	1331	51.09
GC1003827_G04_NODE_8318_length_1331_cov_3.364618	1331	66.27
GC1003827_G04_NODE_8319_length_1331_cov_2.977575	1331	62.81
GC1003827_G04_NODE_8320_length_1331_cov_0.966777	1331	49.36
GC1003827_G04_NODE_8321_length_1330_cov_5.256027	1330	50.90
GC1003827_G04_NODE_8322_length_1330_cov_4.719867	1330	48.65
GC1003827_G04_NODE_8323_length_1330_cov_4.275977	1330	44.89
GC1003827_G04_NODE_8324_length_1330_cov_4.252702	1330	48.42
GC1003827_G04_NODE_8325_length_1330_cov_4.150457	1330	63.38
GC1003827_G04_NODE_8326_length_1330_cov_3.578554	1330	45.79
GC1003827_G04_NODE_8327_length_1330_cov_3.166251	1330	66.99
GC1003827_G04_NODE_8328_length_1330_cov_3.031588	1330	42.63
GC1003827_G04_NODE_8329_length_1330_cov_3.024106	1330	47.07
GC1003827_G04_NODE_8330_length_1330_cov_2.931006	1330	46.39
GC1003827_G04_NODE_8331_length_1330_cov_2.875312	1330	51.13
GC1003827_G04_NODE_8332_length_1330_cov_1.344971	1330	67.74
GC1003827_G04_NODE_8333_length_1329_cov_8.039933	1329	40.11
GC1003827_G04_NODE_8334_length_1329_cov_7.381864	1329	44.32
GC1003827_G04_NODE_8335_length_1329_cov_4.760399	1329	40.11
GC1003827_G04_NODE_8336_length_1329_cov_3.901830	1329	52.07
GC1003827_G04_NODE_8337_length_1329_cov_2.832779	1329	52.14
GC1003827_G04_NODE_8338_length_1329_cov_2.402662	1329	39.50
GC1003827_G04_NODE_8339_length_1329_cov_2.173045	1329	67.57
GC1003827_G04_NODE_8340_length_1328_cov_18.086595	1328	45.56
GC1003827_G04_NODE_8341_length_1328_cov_12.621149	1328	54.52
GC1003827_G04_NODE_8342_length_1328_cov_5.172356	1328	50.45
GC1003827_G04_NODE_8343_length_1328_cov_3.093256	1328	51.73
GC1003827_G04_NODE_8344_length_1328_cov_1.492923	1328	66.42
GC1003827_G04_NODE_8345_length_1328_cov_0.970858	1328	48.19
GC1003827_G04_NODE_8346_length_1327_cov_8.953333	1327	45.59
GC1003827_G04_NODE_8347_length_1327_cov_8.267500	1327	60.81
GC1003827_G04_NODE_8348_length_1327_cov_6.471667	1327	44.99
GC1003827_G04_NODE_8349_length_1327_cov_5.951667	1327	46.87
GC1003827_G04_NODE_8350_length_1327_cov_5.575833	1327	43.10
GC1003827_G04_NODE_8351_length_1327_cov_5.102500	1327	45.59
GC1003827_G04_NODE_8352_length_1327_cov_3.456667	1327	43.56
GC1003827_G04_NODE_8353_length_1327_cov_2.476667	1327	51.62
GC1003827_G04_NODE_8354_length_1326_cov_13.623853	1326	49.02
GC1003827_G04_NODE_8355_length_1326_cov_9.714762	1326	50.45
GC1003827_G04_NODE_8356_length_1326_cov_8.444537	1326	50.83
GC1003827_G04_NODE_8357_length_1326_cov_8.414512	1326	53.70
GC1003827_G04_NODE_8358_length_1326_cov_6.672227	1326	47.89
GC1003827_G04_NODE_8359_length_1326_cov_4.919099	1326	40.12
GC1003827_G04_NODE_8360_length_1326_cov_3.773978	1326	59.20
GC1003827_G04_NODE_8361_length_1326_cov_3.535446	1326	56.49
GC1003827_G04_NODE_8362_length_1326_cov_1.859049	1326	71.87
GC1003827_G04_NODE_8363_length_1326_cov_1.709758	1326	46.23
GC1003827_G04_NODE_8364_length_1326_cov_1.608841	1326	47.51
GC1003827_G04_NODE_8365_length_1326_cov_1.596330	1326	66.21
GC1003827_G04_NODE_8366_length_1326_cov_1.277731	1326	47.66
GC1003827_G04_NODE_8367_length_1326_cov_0.927440	1326	44.34
GC1003827_G04_NODE_8368_length_1325_cov_16.527546	1325	38.49
GC1003827_G04_NODE_8369_length_1325_cov_11.986644	1325	45.13
GC1003827_G04_NODE_8370_length_1325_cov_7.508347	1325	41.81
GC1003827_G04_NODE_8371_length_1325_cov_5.060935	1325	41.66
GC1003827_G04_NODE_8372_length_1325_cov_4.130217	1325	43.25
GC1003827_G04_NODE_8373_length_1325_cov_2.408180	1325	45.36
GC1003827_G04_NODE_8374_length_1325_cov_2.273790	1325	67.40
GC1003827_G04_NODE_8375_length_1325_cov_1.882304	1325	48.60
GC1003827_G04_NODE_8376_length_1325_cov_1.841402	1325	57.74
GC1003827_G04_NODE_8377_length_1325_cov_1.100167	1325	47.77
GC1003827_G04_NODE_8378_length_1325_cov_0.625209	1325	46.11
GC1003827_G04_NODE_8379_length_1324_cov_6.996658	1324	44.41
GC1003827_G04_NODE_8380_length_1324_cov_5.178780	1324	48.87
GC1003827_G04_NODE_8381_length_1324_cov_5.135338	1324	47.21
GC1003827_G04_NODE_8382_length_1324_cov_3.594820	1324	61.03
GC1003827_G04_NODE_8383_length_1324_cov_3.182957	1324	43.58
GC1003827_G04_NODE_8384_length_1324_cov_2.645781	1324	44.79
GC1003827_G04_NODE_8385_length_1324_cov_2.464495	1324	45.54
GC1003827_G04_NODE_8386_length_1324_cov_1.894737	1324	41.77
GC1003827_G04_NODE_8387_length_1324_cov_1.078530	1324	42.07
GC1003827_G04_NODE_8388_length_1323_cov_11.093645	1323	46.26
GC1003827_G04_NODE_8389_length_1323_cov_9.898829	1323	41.65
GC1003827_G04_NODE_8390_length_1323_cov_7.682274	1323	42.55
GC1003827_G04_NODE_8391_length_1323_cov_7.167224	1323	45.65
GC1003827_G04_NODE_8392_length_1323_cov_6.931438	1323	49.89
GC1003827_G04_NODE_8393_length_1323_cov_4.824415	1323	45.35
GC1003827_G04_NODE_8394_length_1323_cov_4.466555	1323	49.06
GC1003827_G04_NODE_8395_length_1323_cov_3.147157	1323	47.01
GC1003827_G04_NODE_8396_length_1323_cov_3.094482	1323	46.49
GC1003827_G04_NODE_8397_length_1323_cov_1.990803	1323	41.57
GC1003827_G04_NODE_8398_length_1323_cov_1.741639	1323	68.71
GC1003827_G04_NODE_8399_length_1322_cov_9.120502	1322	46.90
GC1003827_G04_NODE_8400_length_1322_cov_8.805021	1322	42.81
GC1003827_G04_NODE_8401_length_1322_cov_7.401674	1322	44.78
GC1003827_G04_NODE_8402_length_1322_cov_6.701255	1322	44.78
GC1003827_G04_NODE_8403_length_1322_cov_6.278661	1322	48.26
GC1003827_G04_NODE_8404_length_1322_cov_4.912134	1322	48.03
GC1003827_G04_NODE_8405_length_1322_cov_4.098745	1322	51.59
GC1003827_G04_NODE_8406_length_1322_cov_3.363180	1322	47.28
GC1003827_G04_NODE_8407_length_1322_cov_2.622594	1322	49.70
GC1003827_G04_NODE_8408_length_1322_cov_2.611715	1322	46.52
GC1003827_G04_NODE_8409_length_1322_cov_2.433473	1322	52.19
GC1003827_G04_NODE_8410_length_1322_cov_1.994979	1322	65.05
GC1003827_G04_NODE_8411_length_1321_cov_9.637353	1321	48.15
GC1003827_G04_NODE_8412_length_1321_cov_9.566164	1321	52.31
GC1003827_G04_NODE_8413_length_1321_cov_6.932998	1321	40.35
GC1003827_G04_NODE_8414_length_1321_cov_4.291457	1321	43.15
GC1003827_G04_NODE_8415_length_1321_cov_3.256281	1321	61.17
GC1003827_G04_NODE_8416_length_1321_cov_2.986600	1321	46.33
GC1003827_G04_NODE_8417_length_1321_cov_2.485762	1321	45.12
GC1003827_G04_NODE_8418_length_1321_cov_2.474874	1321	43.60
GC1003827_G04_NODE_8419_length_1321_cov_1.919598	1321	47.77
GC1003827_G04_NODE_8420_length_1320_cov_2.668064	1320	34.85
GC1003827_G04_NODE_8421_length_1320_cov_2.414082	1320	48.86
GC1003827_G04_NODE_8422_length_1320_cov_1.745180	1320	42.95
GC1003827_G04_NODE_8423_length_1320_cov_1.731769	1320	45.45
GC1003827_G04_NODE_8424_length_1320_cov_1.585080	1320	36.67
GC1003827_G04_NODE_8425_length_1320_cov_1.421626	1320	66.52
GC1003827_G04_NODE_8426_length_1320_cov_1.020117	1320	66.74
GC1003827_G04_NODE_8427_length_1320_cov_0.550712	1320	62.05
GC1003827_G04_NODE_8428_length_1319_cov_10.344799	1319	48.75
GC1003827_G04_NODE_8429_length_1319_cov_7.434564	1319	44.12
GC1003827_G04_NODE_8430_length_1319_cov_6.430369	1319	52.01
GC1003827_G04_NODE_8431_length_1319_cov_5.827181	1319	49.58
GC1003827_G04_NODE_8432_length_1319_cov_3.309564	1319	46.02
GC1003827_G04_NODE_8433_length_1319_cov_1.364094	1319	67.93
GC1003827_G04_NODE_8434_length_1318_cov_16.961377	1318	51.29
GC1003827_G04_NODE_8435_length_1318_cov_14.142737	1318	48.41
GC1003827_G04_NODE_8436_length_1318_cov_3.209908	1318	48.56
GC1003827_G04_NODE_8437_length_1318_cov_2.726280	1318	43.70
GC1003827_G04_NODE_8438_length_1318_cov_0.887490	1318	43.40
GC1003827_G04_NODE_8439_length_1317_cov_14.084034	1317	43.58
GC1003827_G04_NODE_8440_length_1317_cov_6.663866	1317	44.27
GC1003827_G04_NODE_8441_length_1317_cov_6.314286	1317	54.90
GC1003827_G04_NODE_8442_length_1317_cov_5.367227	1317	45.25
GC1003827_G04_NODE_8443_length_1317_cov_4.773109	1317	46.39
GC1003827_G04_NODE_8444_length_1317_cov_4.547899	1317	41.76
GC1003827_G04_NODE_8445_length_1317_cov_4.250420	1317	47.91
GC1003827_G04_NODE_8446_length_1317_cov_3.398319	1317	41.84
GC1003827_G04_NODE_8447_length_1317_cov_3.145378	1317	61.96
GC1003827_G04_NODE_8448_length_1317_cov_2.868067	1317	46.01
GC1003827_G04_NODE_8449_length_1317_cov_1.635294	1317	39.41
GC1003827_G04_NODE_8450_length_1317_cov_0.990756	1317	48.29
GC1003827_G04_NODE_8451_length_1317_cov_0.857983	1317	39.86
GC1003827_G04_NODE_8452_length_1316_cov_4.989907	1316	44.83
GC1003827_G04_NODE_8453_length_1316_cov_3.809083	1316	47.80
GC1003827_G04_NODE_8454_length_1316_cov_3.257359	1316	49.39
GC1003827_G04_NODE_8455_length_1316_cov_2.656013	1316	50.08
GC1003827_G04_NODE_8456_length_1316_cov_2.575273	1316	49.62
GC1003827_G04_NODE_8457_length_1316_cov_2.071489	1316	45.82
GC1003827_G04_NODE_8458_length_1315_cov_16.659933	1315	46.69
GC1003827_G04_NODE_8459_length_1315_cov_7.229798	1315	48.82
GC1003827_G04_NODE_8460_length_1315_cov_5.193603	1315	48.44
GC1003827_G04_NODE_8461_length_1315_cov_2.961279	1315	33.99
GC1003827_G04_NODE_8462_length_1315_cov_2.496633	1315	51.25
GC1003827_G04_NODE_8463_length_1315_cov_1.982323	1315	42.05
GC1003827_G04_NODE_8464_length_1315_cov_1.833333	1315	43.19
GC1003827_G04_NODE_8465_length_1315_cov_1.580808	1315	64.64
GC1003827_G04_NODE_8466_length_1315_cov_1.528620	1315	65.02
GC1003827_G04_NODE_8467_length_1315_cov_1.374579	1315	37.95
GC1003827_G04_NODE_8468_length_1315_cov_0.877946	1315	60.61
GC1003827_G04_NODE_8469_length_1314_cov_7.324347	1314	39.19
GC1003827_G04_NODE_8470_length_1314_cov_6.396799	1314	38.05
GC1003827_G04_NODE_8471_length_1314_cov_5.054760	1314	45.66
GC1003827_G04_NODE_8472_length_1314_cov_4.902275	1314	46.27
GC1003827_G04_NODE_8473_length_1314_cov_3.053075	1314	56.77
GC1003827_G04_NODE_8474_length_1314_cov_1.850885	1314	64.46
GC1003827_G04_NODE_8475_length_1313_cov_7.861720	1313	43.95
GC1003827_G04_NODE_8476_length_1313_cov_6.650084	1313	47.14
GC1003827_G04_NODE_8477_length_1313_cov_4.986509	1313	65.50
GC1003827_G04_NODE_8478_length_1313_cov_4.104553	1313	48.21
GC1003827_G04_NODE_8479_length_1313_cov_4.012648	1313	51.56
GC1003827_G04_NODE_8480_length_1313_cov_3.636594	1313	49.89
GC1003827_G04_NODE_8481_length_1313_cov_3.344857	1313	37.55
GC1003827_G04_NODE_8482_length_1313_cov_3.188027	1313	40.59
GC1003827_G04_NODE_8483_length_1313_cov_2.412310	1313	47.83
GC1003827_G04_NODE_8484_length_1313_cov_2.139123	1313	68.09
GC1003827_G04_NODE_8485_length_1312_cov_13.143460	1312	51.91
GC1003827_G04_NODE_8486_length_1312_cov_7.676793	1312	44.44
GC1003827_G04_NODE_8487_length_1312_cov_3.600844	1312	48.02
GC1003827_G04_NODE_8488_length_1312_cov_2.662447	1312	49.62
GC1003827_G04_NODE_8489_length_1312_cov_2.428692	1312	48.02
GC1003827_G04_NODE_8490_length_1312_cov_2.351055	1312	42.23
GC1003827_G04_NODE_8491_length_1312_cov_2.351055	1312	68.22
GC1003827_G04_NODE_8492_length_1312_cov_2.127426	1312	43.75
GC1003827_G04_NODE_8493_length_1312_cov_1.639662	1312	40.78
GC1003827_G04_NODE_8494_length_1312_cov_1.574684	1312	41.84
GC1003827_G04_NODE_8495_length_1312_cov_1.499578	1312	64.25
GC1003827_G04_NODE_8496_length_1312_cov_0.616034	1312	66.08
GC1003827_G04_NODE_8497_length_1311_cov_26.649493	1311	44.09
GC1003827_G04_NODE_8498_length_1311_cov_7.260980	1311	38.60
GC1003827_G04_NODE_8499_length_1311_cov_5.050676	1311	48.74
GC1003827_G04_NODE_8500_length_1311_cov_2.524493	1311	65.29
GC1003827_G04_NODE_8501_length_1311_cov_1.923142	1311	45.54
GC1003827_G04_NODE_8502_length_1311_cov_1.565034	1311	47.75
GC1003827_G04_NODE_8503_length_1310_cov_10.630600	1310	47.25
GC1003827_G04_NODE_8504_length_1310_cov_9.704142	1310	40.99
GC1003827_G04_NODE_8505_length_1310_cov_7.877430	1310	45.57
GC1003827_G04_NODE_8506_length_1310_cov_7.749789	1310	45.73
GC1003827_G04_NODE_8507_length_1310_cov_3.654269	1310	42.90
GC1003827_G04_NODE_8508_length_1310_cov_2.804734	1310	43.28
GC1003827_G04_NODE_8509_length_1310_cov_2.143702	1310	45.19
GC1003827_G04_NODE_8510_length_1310_cov_2.105664	1310	42.21
GC1003827_G04_NODE_8511_length_1309_cov_16.723350	1309	48.28
GC1003827_G04_NODE_8512_length_1309_cov_4.947547	1309	47.36
GC1003827_G04_NODE_8513_length_1309_cov_4.670897	1309	47.82
GC1003827_G04_NODE_8514_length_1309_cov_4.622673	1309	45.15
GC1003827_G04_NODE_8515_length_1309_cov_3.690355	1309	40.49
GC1003827_G04_NODE_8516_length_1309_cov_2.603215	1309	63.71
GC1003827_G04_NODE_8517_length_1309_cov_1.644670	1309	35.29
GC1003827_G04_NODE_8518_length_1308_cov_4.861135	1308	42.51
GC1003827_G04_NODE_8519_length_1308_cov_3.416596	1308	40.29
GC1003827_G04_NODE_8520_length_1308_cov_2.821338	1308	53.21
GC1003827_G04_NODE_8521_length_1308_cov_2.239627	1308	42.74
GC1003827_G04_NODE_8522_length_1308_cov_1.239627	1308	42.74
GC1003827_G04_NODE_8523_length_1307_cov_20.936441	1307	42.46
GC1003827_G04_NODE_8524_length_1307_cov_4.503390	1307	48.81
GC1003827_G04_NODE_8525_length_1307_cov_4.057627	1307	43.31
GC1003827_G04_NODE_8526_length_1307_cov_3.333051	1307	41.55
GC1003827_G04_NODE_8527_length_1307_cov_3.281356	1307	41.93
GC1003827_G04_NODE_8528_length_1307_cov_3.238136	1307	45.29
GC1003827_G04_NODE_8529_length_1307_cov_2.871186	1307	46.14
GC1003827_G04_NODE_8530_length_1307_cov_2.803390	1307	37.64
GC1003827_G04_NODE_8531_length_1306_cov_7.803223	1306	46.17
GC1003827_G04_NODE_8532_length_1306_cov_6.497880	1306	45.87
GC1003827_G04_NODE_8533_length_1306_cov_5.885496	1306	63.86
GC1003827_G04_NODE_8534_length_1306_cov_5.519932	1306	56.20
GC1003827_G04_NODE_8535_length_1306_cov_5.436811	1306	58.81
GC1003827_G04_NODE_8536_length_1306_cov_4.083121	1306	46.02
GC1003827_G04_NODE_8537_length_1306_cov_1.835454	1306	39.51
GC1003827_G04_NODE_8538_length_1306_cov_1.632740	1306	50.31
GC1003827_G04_NODE_8539_length_1305_cov_14.542445	1305	49.20
GC1003827_G04_NODE_8540_length_1305_cov_9.642615	1305	52.18
GC1003827_G04_NODE_8541_length_1305_cov_9.354839	1305	43.52
GC1003827_G04_NODE_8542_length_1305_cov_6.588285	1305	48.74
GC1003827_G04_NODE_8543_length_1305_cov_5.651104	1305	45.59
GC1003827_G04_NODE_8544_length_1305_cov_5.016978	1305	44.29
GC1003827_G04_NODE_8545_length_1305_cov_4.033107	1305	44.90
GC1003827_G04_NODE_8546_length_1305_cov_3.832767	1305	41.69
GC1003827_G04_NODE_8547_length_1305_cov_3.642615	1305	46.51
GC1003827_G04_NODE_8548_length_1305_cov_2.593379	1305	50.04
GC1003827_G04_NODE_8549_length_1305_cov_2.106112	1305	47.66
GC1003827_G04_NODE_8550_length_1305_cov_1.388795	1305	44.29
GC1003827_G04_NODE_8551_length_1305_cov_1.065365	1305	65.36
GC1003827_G04_NODE_8552_length_1305_cov_0.836163	1305	54.33
GC1003827_G04_NODE_8553_length_1304_cov_11.665251	1304	41.49
GC1003827_G04_NODE_8554_length_1304_cov_8.938828	1304	50.77
GC1003827_G04_NODE_8555_length_1304_cov_6.507222	1304	42.25
GC1003827_G04_NODE_8556_length_1304_cov_2.548853	1304	45.02
GC1003827_G04_NODE_8557_length_1304_cov_2.355140	1304	41.26
GC1003827_G04_NODE_8558_length_1304_cov_1.954970	1304	38.19
GC1003827_G04_NODE_8559_length_1304_cov_1.903144	1304	52.30
GC1003827_G04_NODE_8560_length_1304_cov_1.861512	1304	47.32
GC1003827_G04_NODE_8561_length_1304_cov_1.054376	1304	50.38
GC1003827_G04_NODE_8562_length_1303_cov_9.701531	1303	42.59
GC1003827_G04_NODE_8563_length_1303_cov_8.509354	1303	49.35
GC1003827_G04_NODE_8564_length_1303_cov_5.857993	1303	42.98
GC1003827_G04_NODE_8565_length_1303_cov_4.381803	1303	49.65
GC1003827_G04_NODE_8566_length_1303_cov_3.185374	1303	48.12
GC1003827_G04_NODE_8567_length_1303_cov_2.988095	1303	67.54
GC1003827_G04_NODE_8568_length_1303_cov_2.031463	1303	46.12
GC1003827_G04_NODE_8569_length_1303_cov_1.823129	1303	62.47
GC1003827_G04_NODE_8570_length_1302_cov_12.077447	1302	40.40
GC1003827_G04_NODE_8571_length_1302_cov_11.231489	1302	48.54
GC1003827_G04_NODE_8572_length_1302_cov_6.164255	1302	38.48
GC1003827_G04_NODE_8573_length_1302_cov_6.028085	1302	49.16
GC1003827_G04_NODE_8574_length_1302_cov_5.644255	1302	47.77
GC1003827_G04_NODE_8575_length_1302_cov_5.120851	1302	60.45
GC1003827_G04_NODE_8576_length_1302_cov_2.762553	1302	47.85
GC1003827_G04_NODE_8577_length_1302_cov_2.693617	1302	43.01
GC1003827_G04_NODE_8578_length_1302_cov_1.419574	1302	41.94
GC1003827_G04_NODE_8579_length_1302_cov_1.108936	1302	36.18
GC1003827_G04_NODE_8580_length_1302_cov_0.874894	1302	72.81
GC1003827_G04_NODE_8581_length_1301_cov_20.968484	1301	51.35
GC1003827_G04_NODE_8582_length_1301_cov_11.097956	1301	47.19
GC1003827_G04_NODE_8583_length_1301_cov_6.468484	1301	48.50
GC1003827_G04_NODE_8584_length_1301_cov_6.031516	1301	46.81
GC1003827_G04_NODE_8585_length_1301_cov_3.223169	1301	67.41
GC1003827_G04_NODE_8586_length_1301_cov_3.205281	1301	61.64
GC1003827_G04_NODE_8587_length_1301_cov_1.648211	1301	69.64
GC1003827_G04_NODE_8588_length_1301_cov_0.973595	1301	40.51
GC1003827_G04_NODE_8589_length_1300_cov_13.839727	1300	66.15
GC1003827_G04_NODE_8590_length_1300_cov_12.721228	1300	40.46
GC1003827_G04_NODE_8591_length_1300_cov_3.723785	1300	61.08
GC1003827_G04_NODE_8592_length_1300_cov_1.671782	1300	51.31
GC1003827_G04_NODE_8593_length_1300_cov_1.571185	1300	47.85
GC1003827_G04_NODE_8594_length_1300_cov_1.011083	1300	43.08
GC1003827_G04_NODE_8595_length_1300_cov_0.613811	1300	38.85
GC1003827_G04_NODE_8596_length_1299_cov_8.324232	1299	38.80
GC1003827_G04_NODE_8597_length_1299_cov_5.616894	1299	50.73
GC1003827_G04_NODE_8598_length_1299_cov_3.972696	1299	45.50
GC1003827_G04_NODE_8599_length_1299_cov_1.575085	1299	72.13
GC1003827_G04_NODE_8600_length_1299_cov_1.436860	1299	39.80
GC1003827_G04_NODE_8601_length_1299_cov_1.380546	1299	68.67
GC1003827_G04_NODE_8602_length_1299_cov_0.811433	1299	67.67
GC1003827_G04_NODE_8603_length_1298_cov_14.940222	1298	44.45
GC1003827_G04_NODE_8604_length_1298_cov_11.087105	1298	46.69
GC1003827_G04_NODE_8605_length_1298_cov_7.761742	1298	43.76
GC1003827_G04_NODE_8606_length_1298_cov_7.331341	1298	46.38
GC1003827_G04_NODE_8607_length_1298_cov_6.917165	1298	43.14
GC1003827_G04_NODE_8608_length_1298_cov_6.476516	1298	67.80
GC1003827_G04_NODE_8609_length_1298_cov_5.415884	1298	47.53
GC1003827_G04_NODE_8610_length_1298_cov_4.203245	1298	46.92
GC1003827_G04_NODE_8611_length_1298_cov_3.854825	1298	63.56
GC1003827_G04_NODE_8612_length_1298_cov_3.586678	1298	66.26
GC1003827_G04_NODE_8613_length_1298_cov_3.547395	1298	41.22
GC1003827_G04_NODE_8614_length_1298_cov_2.620837	1298	47.07
GC1003827_G04_NODE_8615_length_1298_cov_2.581554	1298	52.16
GC1003827_G04_NODE_8616_length_1298_cov_2.292058	1298	59.63
GC1003827_G04_NODE_8617_length_1298_cov_1.906917	1298	43.68
GC1003827_G04_NODE_8618_length_1298_cov_1.810418	1298	68.72
GC1003827_G04_NODE_8619_length_1298_cov_0.836038	1298	39.29
GC1003827_G04_NODE_8620_length_1297_cov_15.652991	1297	45.10
GC1003827_G04_NODE_8621_length_1297_cov_13.234188	1297	50.04
GC1003827_G04_NODE_8622_length_1297_cov_10.957265	1297	39.24
GC1003827_G04_NODE_8623_length_1297_cov_10.169231	1297	48.88
GC1003827_G04_NODE_8624_length_1297_cov_5.187179	1297	36.62
GC1003827_G04_NODE_8625_length_1297_cov_4.776923	1297	44.80
GC1003827_G04_NODE_8626_length_1297_cov_3.046154	1297	66.15
GC1003827_G04_NODE_8627_length_1297_cov_3.010256	1297	57.13
GC1003827_G04_NODE_8628_length_1297_cov_2.045299	1297	50.19
GC1003827_G04_NODE_8629_length_1297_cov_1.602564	1297	46.03
GC1003827_G04_NODE_8630_length_1297_cov_1.575214	1297	42.25
GC1003827_G04_NODE_8631_length_1297_cov_1.514530	1297	66.77
GC1003827_G04_NODE_8632_length_1297_cov_1.272650	1297	57.13
GC1003827_G04_NODE_8633_length_1296_cov_10.256630	1296	45.45
GC1003827_G04_NODE_8634_length_1296_cov_3.373824	1296	48.30
GC1003827_G04_NODE_8635_length_1296_cov_2.289136	1296	47.07
GC1003827_G04_NODE_8636_length_1296_cov_2.051326	1296	47.45
GC1003827_G04_NODE_8637_length_1296_cov_1.372968	1296	51.54
GC1003827_G04_NODE_8638_length_1295_cov_7.204623	1295	44.32
GC1003827_G04_NODE_8639_length_1295_cov_5.562500	1295	39.61
GC1003827_G04_NODE_8640_length_1295_cov_5.434075	1295	45.71
GC1003827_G04_NODE_8641_length_1295_cov_5.035103	1295	43.01
GC1003827_G04_NODE_8642_length_1295_cov_3.744007	1295	49.03
GC1003827_G04_NODE_8643_length_1295_cov_3.618151	1295	44.40
GC1003827_G04_NODE_8644_length_1295_cov_2.892123	1295	66.41
GC1003827_G04_NODE_8645_length_1295_cov_2.482877	1295	46.41
GC1003827_G04_NODE_8646_length_1294_cov_7.218509	1294	48.61
GC1003827_G04_NODE_8647_length_1294_cov_3.765210	1294	47.30
GC1003827_G04_NODE_8648_length_1294_cov_3.338475	1294	63.37
GC1003827_G04_NODE_8649_length_1294_cov_3.277635	1294	48.45
GC1003827_G04_NODE_8650_length_1294_cov_2.386461	1294	43.82
GC1003827_G04_NODE_8651_length_1294_cov_1.725793	1294	46.45
GC1003827_G04_NODE_8652_length_1294_cov_1.633248	1294	49.69
GC1003827_G04_NODE_8653_length_1294_cov_1.123393	1294	51.39
GC1003827_G04_NODE_8654_length_1293_cov_10.148370	1293	42.07
GC1003827_G04_NODE_8655_length_1293_cov_8.186964	1293	50.89
GC1003827_G04_NODE_8656_length_1293_cov_6.243568	1293	56.54
GC1003827_G04_NODE_8657_length_1293_cov_4.601201	1293	48.72
GC1003827_G04_NODE_8658_length_1293_cov_3.729846	1293	68.83
GC1003827_G04_NODE_8659_length_1293_cov_2.887650	1293	48.88
GC1003827_G04_NODE_8660_length_1293_cov_1.277873	1293	61.87
GC1003827_G04_NODE_8661_length_1293_cov_1.064322	1293	67.52
GC1003827_G04_NODE_8662_length_1292_cov_14.331330	1292	46.75
GC1003827_G04_NODE_8663_length_1292_cov_11.254077	1292	42.88
GC1003827_G04_NODE_8664_length_1292_cov_10.055794	1292	42.80
GC1003827_G04_NODE_8665_length_1292_cov_8.464378	1292	47.21
GC1003827_G04_NODE_8666_length_1292_cov_6.630901	1292	44.89
GC1003827_G04_NODE_8667_length_1292_cov_4.107296	1292	49.15
GC1003827_G04_NODE_8668_length_1292_cov_2.116738	1292	52.63
GC1003827_G04_NODE_8669_length_1292_cov_2.047210	1292	65.56
GC1003827_G04_NODE_8670_length_1292_cov_1.971674	1292	40.33
GC1003827_G04_NODE_8671_length_1292_cov_1.426609	1292	44.43
GC1003827_G04_NODE_8672_length_1292_cov_0.739056	1292	50.77
GC1003827_G04_NODE_8673_length_1291_cov_21.094502	1291	44.69
GC1003827_G04_NODE_8674_length_1291_cov_6.583333	1291	47.41
GC1003827_G04_NODE_8675_length_1291_cov_6.144330	1291	43.14
GC1003827_G04_NODE_8676_length_1291_cov_5.260309	1291	44.38
GC1003827_G04_NODE_8677_length_1291_cov_5.055842	1291	38.19
GC1003827_G04_NODE_8678_length_1291_cov_4.896907	1291	43.84
GC1003827_G04_NODE_8679_length_1291_cov_4.458763	1291	41.13
GC1003827_G04_NODE_8680_length_1291_cov_4.081615	1291	44.54
GC1003827_G04_NODE_8681_length_1291_cov_3.087629	1291	47.64
GC1003827_G04_NODE_8682_length_1291_cov_2.064433	1291	38.96
GC1003827_G04_NODE_8683_length_1291_cov_1.853952	1291	68.32
GC1003827_G04_NODE_8684_length_1291_cov_1.458763	1291	66.00
GC1003827_G04_NODE_8685_length_1291_cov_1.386598	1291	40.67
GC1003827_G04_NODE_8686_length_1290_cov_9.197764	1290	46.51
GC1003827_G04_NODE_8687_length_1290_cov_9.101462	1290	39.77
GC1003827_G04_NODE_8688_length_1290_cov_7.877902	1290	63.80
GC1003827_G04_NODE_8689_length_1290_cov_4.995701	1290	37.21
GC1003827_G04_NODE_8690_length_1290_cov_3.427343	1290	47.29
GC1003827_G04_NODE_8691_length_1290_cov_2.755804	1290	46.82
GC1003827_G04_NODE_8692_length_1290_cov_2.164230	1290	47.98
GC1003827_G04_NODE_8693_length_1290_cov_1.352537	1290	33.49
GC1003827_G04_NODE_8694_length_1289_cov_10.408778	1289	46.78
GC1003827_G04_NODE_8695_length_1289_cov_9.658348	1289	42.82
GC1003827_G04_NODE_8696_length_1289_cov_6.447504	1289	36.46
GC1003827_G04_NODE_8697_length_1289_cov_4.555938	1289	37.16
GC1003827_G04_NODE_8698_length_1289_cov_4.497418	1289	45.00
GC1003827_G04_NODE_8699_length_1289_cov_2.734079	1289	37.78
GC1003827_G04_NODE_8700_length_1289_cov_2.206540	1289	47.01
GC1003827_G04_NODE_8701_length_1289_cov_1.949225	1289	45.15
GC1003827_G04_NODE_8702_length_1289_cov_1.728055	1289	66.49
GC1003827_G04_NODE_8703_length_1289_cov_0.727194	1289	64.93
GC1003827_G04_NODE_8704_length_1289_cov_0.679002	1289	41.74
GC1003827_G04_NODE_8705_length_1288_cov_12.801034	1288	46.35
GC1003827_G04_NODE_8706_length_1288_cov_10.287683	1288	51.24
GC1003827_G04_NODE_8707_length_1288_cov_7.475452	1288	53.03
GC1003827_G04_NODE_8708_length_1288_cov_3.359173	1288	36.96
GC1003827_G04_NODE_8709_length_1288_cov_2.426357	1288	64.60
GC1003827_G04_NODE_8710_length_1288_cov_2.054264	1288	49.77
GC1003827_G04_NODE_8711_length_1288_cov_1.791559	1288	44.72
GC1003827_G04_NODE_8712_length_1288_cov_1.334195	1288	42.55
GC1003827_G04_NODE_8713_length_1287_cov_10.113793	1287	46.23
GC1003827_G04_NODE_8714_length_1287_cov_8.384483	1287	45.30
GC1003827_G04_NODE_8715_length_1287_cov_8.347414	1287	42.50
GC1003827_G04_NODE_8716_length_1287_cov_6.389655	1287	42.42
GC1003827_G04_NODE_8717_length_1287_cov_3.688793	1287	45.45
GC1003827_G04_NODE_8718_length_1287_cov_2.312931	1287	49.73
GC1003827_G04_NODE_8719_length_1287_cov_1.272414	1287	46.46
GC1003827_G04_NODE_8720_length_1287_cov_0.837931	1287	49.42
GC1003827_G04_NODE_8721_length_1286_cov_21.542709	1286	39.11
GC1003827_G04_NODE_8722_length_1286_cov_8.934426	1286	51.63
GC1003827_G04_NODE_8723_length_1286_cov_6.041415	1286	47.36
GC1003827_G04_NODE_8724_length_1286_cov_4.458154	1286	54.35
GC1003827_G04_NODE_8725_length_1286_cov_4.376186	1286	53.81
GC1003827_G04_NODE_8726_length_1286_cov_4.220017	1286	52.10
GC1003827_G04_NODE_8727_length_1286_cov_3.669543	1286	38.72
GC1003827_G04_NODE_8728_length_1286_cov_3.556514	1286	43.62
GC1003827_G04_NODE_8729_length_1286_cov_3.501294	1286	54.04
GC1003827_G04_NODE_8730_length_1285_cov_8.730570	1285	47.39
GC1003827_G04_NODE_8731_length_1285_cov_6.816926	1285	51.36
GC1003827_G04_NODE_8732_length_1285_cov_2.258204	1285	45.84
GC1003827_G04_NODE_8733_length_1285_cov_2.116580	1285	49.73
GC1003827_G04_NODE_8734_length_1285_cov_1.089810	1285	48.56
GC1003827_G04_NODE_8735_length_1285_cov_1.012090	1285	57.51
GC1003827_G04_NODE_8736_length_1284_cov_8.382022	1284	46.88
GC1003827_G04_NODE_8737_length_1284_cov_4.814175	1284	46.57
GC1003827_G04_NODE_8738_length_1284_cov_4.434745	1284	43.46
GC1003827_G04_NODE_8739_length_1284_cov_3.925670	1284	46.03
GC1003827_G04_NODE_8740_length_1284_cov_2.760588	1284	45.87
GC1003827_G04_NODE_8741_length_1284_cov_2.463267	1284	42.37
GC1003827_G04_NODE_8742_length_1284_cov_2.266206	1284	49.84
GC1003827_G04_NODE_8743_length_1284_cov_1.796024	1284	41.59
GC1003827_G04_NODE_8744_length_1284_cov_1.502161	1284	46.73
GC1003827_G04_NODE_8745_length_1283_cov_17.029412	1283	44.12
GC1003827_G04_NODE_8746_length_1283_cov_11.208478	1283	52.92
GC1003827_G04_NODE_8747_length_1283_cov_9.837370	1283	44.51
GC1003827_G04_NODE_8748_length_1283_cov_7.641869	1283	46.77
GC1003827_G04_NODE_8749_length_1283_cov_6.975779	1283	41.39
GC1003827_G04_NODE_8750_length_1283_cov_4.593426	1283	52.22
GC1003827_G04_NODE_8751_length_1283_cov_2.968858	1283	40.84
GC1003827_G04_NODE_8752_length_1283_cov_2.762111	1283	41.62
GC1003827_G04_NODE_8753_length_1283_cov_2.108997	1283	32.66
GC1003827_G04_NODE_8754_length_1283_cov_1.005190	1283	48.40
GC1003827_G04_NODE_8755_length_1282_cov_5.563636	1282	55.07
GC1003827_G04_NODE_8756_length_1282_cov_4.801732	1282	44.70
GC1003827_G04_NODE_8757_length_1282_cov_3.890909	1282	63.73
GC1003827_G04_NODE_8758_length_1282_cov_3.106494	1282	48.52
GC1003827_G04_NODE_8759_length_1282_cov_2.212121	1282	48.75
GC1003827_G04_NODE_8760_length_1282_cov_1.878788	1282	53.74
GC1003827_G04_NODE_8761_length_1282_cov_1.269264	1282	47.19
GC1003827_G04_NODE_8762_length_1281_cov_11.095321	1281	53.08
GC1003827_G04_NODE_8763_length_1281_cov_3.541594	1281	45.12
GC1003827_G04_NODE_8764_length_1281_cov_3.181976	1281	40.28
GC1003827_G04_NODE_8765_length_1281_cov_3.051993	1281	63.86
GC1003827_G04_NODE_8766_length_1281_cov_1.799827	1281	46.45
GC1003827_G04_NODE_8767_length_1280_cov_17.832611	1280	43.12
GC1003827_G04_NODE_8768_length_1280_cov_9.767563	1280	63.13
GC1003827_G04_NODE_8769_length_1280_cov_7.834345	1280	42.97
GC1003827_G04_NODE_8770_length_1280_cov_6.030356	1280	44.69
GC1003827_G04_NODE_8771_length_1280_cov_4.644406	1280	39.92
GC1003827_G04_NODE_8772_length_1280_cov_3.273200	1280	41.72
GC1003827_G04_NODE_8773_length_1280_cov_3.032090	1280	55.31
GC1003827_G04_NODE_8774_length_1280_cov_2.601908	1280	38.75
GC1003827_G04_NODE_8775_length_1280_cov_1.870772	1280	39.61
GC1003827_G04_NODE_8776_length_1280_cov_1.328708	1280	62.19
GC1003827_G04_NODE_8777_length_1279_cov_8.802951	1279	46.99
GC1003827_G04_NODE_8778_length_1279_cov_5.553819	1279	42.85
GC1003827_G04_NODE_8779_length_1279_cov_5.256076	1279	43.08
GC1003827_G04_NODE_8780_length_1279_cov_4.100694	1279	48.71
GC1003827_G04_NODE_8781_length_1279_cov_3.822049	1279	45.74
GC1003827_G04_NODE_8782_length_1279_cov_2.828125	1279	59.03
GC1003827_G04_NODE_8783_length_1279_cov_2.642361	1279	50.04
GC1003827_G04_NODE_8784_length_1279_cov_2.552951	1279	44.18
GC1003827_G04_NODE_8785_length_1279_cov_2.264757	1279	39.95
GC1003827_G04_NODE_8786_length_1279_cov_1.644097	1279	50.82
GC1003827_G04_NODE_8787_length_1279_cov_1.454861	1279	46.44
GC1003827_G04_NODE_8788_length_1279_cov_0.962674	1279	51.06
GC1003827_G04_NODE_8789_length_1279_cov_0.556424	1279	39.41
GC1003827_G04_NODE_8790_length_1278_cov_7.609036	1278	50.39
GC1003827_G04_NODE_8791_length_1278_cov_5.633362	1278	49.77
GC1003827_G04_NODE_8792_length_1278_cov_5.052997	1278	57.67
GC1003827_G04_NODE_8793_length_1278_cov_3.898349	1278	49.22
GC1003827_G04_NODE_8794_length_1278_cov_3.856646	1278	46.09
GC1003827_G04_NODE_8795_length_1278_cov_2.940052	1278	47.81
GC1003827_G04_NODE_8796_length_1278_cov_2.590791	1278	44.29
GC1003827_G04_NODE_8797_length_1278_cov_1.597741	1278	59.78
GC1003827_G04_NODE_8798_length_1278_cov_1.277150	1278	53.68
GC1003827_G04_NODE_8799_length_1277_cov_10.820000	1277	48.86
GC1003827_G04_NODE_8800_length_1277_cov_7.371304	1277	50.90
GC1003827_G04_NODE_8801_length_1277_cov_4.787826	1277	50.90
GC1003827_G04_NODE_8802_length_1277_cov_3.718261	1277	41.50
GC1003827_G04_NODE_8803_length_1277_cov_2.555652	1277	66.17
GC1003827_G04_NODE_8804_length_1277_cov_2.017391	1277	44.09
GC1003827_G04_NODE_8805_length_1276_cov_2.664056	1276	43.81
GC1003827_G04_NODE_8806_length_1276_cov_2.278503	1276	39.42
GC1003827_G04_NODE_8807_length_1276_cov_1.766754	1276	49.14
GC1003827_G04_NODE_8808_length_1275_cov_10.067944	1275	42.51
GC1003827_G04_NODE_8809_length_1275_cov_8.101045	1275	40.78
GC1003827_G04_NODE_8810_length_1275_cov_7.371951	1275	45.65
GC1003827_G04_NODE_8811_length_1275_cov_4.975610	1275	45.25
GC1003827_G04_NODE_8812_length_1275_cov_4.321429	1275	50.35
GC1003827_G04_NODE_8813_length_1275_cov_4.257840	1275	51.84
GC1003827_G04_NODE_8814_length_1275_cov_2.046167	1275	44.39
GC1003827_G04_NODE_8815_length_1274_cov_14.382738	1274	42.54
GC1003827_G04_NODE_8816_length_1274_cov_9.299041	1274	47.72
GC1003827_G04_NODE_8817_length_1274_cov_6.563208	1274	45.76
GC1003827_G04_NODE_8818_length_1274_cov_6.306016	1274	39.95
GC1003827_G04_NODE_8819_length_1274_cov_5.592851	1274	50.55
GC1003827_G04_NODE_8820_length_1274_cov_5.280732	1274	66.95
GC1003827_G04_NODE_8821_length_1274_cov_5.085440	1274	44.74
GC1003827_G04_NODE_8822_length_1274_cov_4.284220	1274	40.11
GC1003827_G04_NODE_8823_length_1274_cov_3.844813	1274	51.10
GC1003827_G04_NODE_8824_length_1274_cov_3.290323	1274	41.68
GC1003827_G04_NODE_8825_length_1274_cov_2.377507	1274	66.80
GC1003827_G04_NODE_8826_length_1274_cov_1.947690	1274	68.52
GC1003827_G04_NODE_8827_length_1274_cov_1.945074	1274	46.31
GC1003827_G04_NODE_8828_length_1274_cov_1.314734	1274	64.44
GC1003827_G04_NODE_8829_length_1273_cov_8.009599	1273	44.23
GC1003827_G04_NODE_8830_length_1273_cov_5.985166	1273	53.65
GC1003827_G04_NODE_8831_length_1273_cov_4.223386	1273	43.83
GC1003827_G04_NODE_8832_length_1273_cov_3.680628	1273	46.43
GC1003827_G04_NODE_8833_length_1273_cov_3.305410	1273	58.99
GC1003827_G04_NODE_8834_length_1273_cov_3.061082	1273	52.40
GC1003827_G04_NODE_8835_length_1273_cov_2.826353	1273	48.55
GC1003827_G04_NODE_8836_length_1273_cov_2.104712	1273	40.46
GC1003827_G04_NODE_8837_length_1273_cov_1.829843	1273	43.68
GC1003827_G04_NODE_8838_length_1273_cov_0.808028	1273	47.13
GC1003827_G04_NODE_8839_length_1273_cov_0.673647	1273	41.79
GC1003827_G04_NODE_8840_length_1272_cov_13.367686	1272	39.62
GC1003827_G04_NODE_8841_length_1272_cov_8.551092	1272	40.57
GC1003827_G04_NODE_8842_length_1272_cov_4.312664	1272	47.56
GC1003827_G04_NODE_8843_length_1272_cov_3.601747	1272	45.44
GC1003827_G04_NODE_8844_length_1272_cov_3.560699	1272	47.17
GC1003827_G04_NODE_8845_length_1272_cov_2.646288	1272	46.70
GC1003827_G04_NODE_8846_length_1272_cov_2.097817	1272	36.71
GC1003827_G04_NODE_8847_length_1272_cov_1.691703	1272	62.58
GC1003827_G04_NODE_8848_length_1271_cov_4.449301	1271	50.35
GC1003827_G04_NODE_8849_length_1271_cov_3.770979	1271	46.03
GC1003827_G04_NODE_8850_length_1271_cov_2.350524	1271	41.31
GC1003827_G04_NODE_8851_length_1271_cov_1.240385	1271	38.95
GC1003827_G04_NODE_8852_length_1270_cov_10.480315	1270	43.54
GC1003827_G04_NODE_8853_length_1270_cov_9.804899	1270	50.55
GC1003827_G04_NODE_8854_length_1270_cov_5.712161	1270	43.94
GC1003827_G04_NODE_8855_length_1270_cov_4.548556	1270	49.53
GC1003827_G04_NODE_8856_length_1270_cov_4.337708	1270	61.97
GC1003827_G04_NODE_8857_length_1270_cov_4.060367	1270	42.52
GC1003827_G04_NODE_8858_length_1270_cov_2.883640	1270	34.33
GC1003827_G04_NODE_8859_length_1270_cov_2.587927	1270	47.24
GC1003827_G04_NODE_8860_length_1270_cov_1.960630	1270	52.91
GC1003827_G04_NODE_8861_length_1269_cov_15.464098	1269	46.65
GC1003827_G04_NODE_8862_length_1269_cov_10.167250	1269	48.31
GC1003827_G04_NODE_8863_length_1269_cov_5.616462	1269	44.92
GC1003827_G04_NODE_8864_length_1269_cov_4.229422	1269	44.92
GC1003827_G04_NODE_8865_length_1269_cov_2.950963	1269	56.34
GC1003827_G04_NODE_8866_length_1269_cov_2.784588	1269	62.88
GC1003827_G04_NODE_8867_length_1269_cov_2.133100	1269	52.88
GC1003827_G04_NODE_8868_length_1269_cov_2.000876	1269	50.43
GC1003827_G04_NODE_8869_length_1269_cov_1.685639	1269	48.62
GC1003827_G04_NODE_8870_length_1269_cov_1.529772	1269	46.57
GC1003827_G04_NODE_8871_length_1269_cov_1.435201	1269	50.75
GC1003827_G04_NODE_8872_length_1268_cov_7.035933	1268	44.48
GC1003827_G04_NODE_8873_length_1268_cov_6.965819	1268	43.38
GC1003827_G04_NODE_8874_length_1268_cov_4.609115	1268	47.00
GC1003827_G04_NODE_8875_length_1268_cov_3.807187	1268	44.95
GC1003827_G04_NODE_8876_length_1268_cov_3.559159	1268	38.01
GC1003827_G04_NODE_8877_length_1268_cov_3.343558	1268	62.78
GC1003827_G04_NODE_8878_length_1268_cov_2.546889	1268	60.49
GC1003827_G04_NODE_8879_length_1268_cov_2.524978	1268	66.40
GC1003827_G04_NODE_8880_length_1268_cov_2.179667	1268	46.14
GC1003827_G04_NODE_8881_length_1268_cov_1.978089	1268	44.56
GC1003827_G04_NODE_8882_length_1268_cov_1.917616	1268	48.26
GC1003827_G04_NODE_8883_length_1268_cov_1.638037	1268	43.77
GC1003827_G04_NODE_8884_length_1267_cov_21.218421	1267	41.52
GC1003827_G04_NODE_8885_length_1267_cov_10.384211	1267	44.67
GC1003827_G04_NODE_8886_length_1267_cov_5.508772	1267	42.70
GC1003827_G04_NODE_8887_length_1267_cov_4.501754	1267	46.17
GC1003827_G04_NODE_8888_length_1267_cov_4.065789	1267	49.41
GC1003827_G04_NODE_8889_length_1267_cov_3.396491	1267	61.64
GC1003827_G04_NODE_8890_length_1267_cov_2.249123	1267	48.30
GC1003827_G04_NODE_8891_length_1267_cov_1.822807	1267	48.93
GC1003827_G04_NODE_8892_length_1267_cov_1.812281	1267	44.59
GC1003827_G04_NODE_8893_length_1266_cov_6.424934	1266	39.97
GC1003827_G04_NODE_8894_length_1266_cov_6.157155	1266	44.71
GC1003827_G04_NODE_8895_length_1266_cov_4.602283	1266	46.52
GC1003827_G04_NODE_8896_length_1266_cov_3.986831	1266	48.58
GC1003827_G04_NODE_8897_length_1266_cov_3.418788	1266	37.60
GC1003827_G04_NODE_8898_length_1266_cov_3.102722	1266	46.21
GC1003827_G04_NODE_8899_length_1266_cov_2.857770	1266	72.35
GC1003827_G04_NODE_8900_length_1266_cov_2.412643	1266	64.69
GC1003827_G04_NODE_8901_length_1266_cov_1.693591	1266	65.96
GC1003827_G04_NODE_8902_length_1266_cov_1.237050	1266	45.81
GC1003827_G04_NODE_8903_length_1265_cov_26.191564	1265	44.03
GC1003827_G04_NODE_8904_length_1265_cov_3.746046	1265	65.45
GC1003827_G04_NODE_8905_length_1265_cov_2.981547	1265	44.66
GC1003827_G04_NODE_8906_length_1265_cov_2.348858	1265	37.31
GC1003827_G04_NODE_8907_length_1265_cov_1.449912	1265	39.92
GC1003827_G04_NODE_8908_length_1265_cov_1.233743	1265	50.51
GC1003827_G04_NODE_8909_length_1265_cov_1.115993	1265	49.01
GC1003827_G04_NODE_8910_length_1264_cov_4.603342	1264	43.91
GC1003827_G04_NODE_8911_length_1264_cov_1.563764	1264	51.34
GC1003827_G04_NODE_8912_length_1264_cov_1.452067	1264	67.17
GC1003827_G04_NODE_8913_length_1264_cov_1.325418	1264	43.04
GC1003827_G04_NODE_8914_length_1263_cov_8.248239	1263	44.81
GC1003827_G04_NODE_8915_length_1263_cov_5.097711	1263	46.56
GC1003827_G04_NODE_8916_length_1263_cov_3.705106	1263	49.25
GC1003827_G04_NODE_8917_length_1263_cov_2.324824	1263	49.41
GC1003827_G04_NODE_8918_length_1263_cov_2.293134	1263	42.91
GC1003827_G04_NODE_8919_length_1262_cov_16.392070	1262	44.37
GC1003827_G04_NODE_8920_length_1262_cov_6.850220	1262	41.76
GC1003827_G04_NODE_8921_length_1262_cov_5.875771	1262	48.57
GC1003827_G04_NODE_8922_length_1262_cov_5.527753	1262	44.61
GC1003827_G04_NODE_8923_length_1262_cov_5.321586	1262	45.64
GC1003827_G04_NODE_8924_length_1262_cov_4.984141	1262	44.37
GC1003827_G04_NODE_8925_length_1262_cov_4.662555	1262	40.73
GC1003827_G04_NODE_8926_length_1262_cov_4.082819	1262	44.85
GC1003827_G04_NODE_8927_length_1262_cov_3.777093	1262	59.03
GC1003827_G04_NODE_8928_length_1262_cov_3.429956	1262	46.67
GC1003827_G04_NODE_8929_length_1262_cov_3.322467	1262	42.08
GC1003827_G04_NODE_8930_length_1262_cov_3.240529	1262	42.31
GC1003827_G04_NODE_8931_length_1262_cov_2.422907	1262	42.71
GC1003827_G04_NODE_8932_length_1262_cov_2.053744	1262	64.90
GC1003827_G04_NODE_8933_length_1262_cov_2.046696	1262	48.65
GC1003827_G04_NODE_8934_length_1262_cov_2.038767	1262	33.04
GC1003827_G04_NODE_8935_length_1262_cov_1.585903	1262	45.88
GC1003827_G04_NODE_8936_length_1262_cov_1.022026	1262	67.43
GC1003827_G04_NODE_8937_length_1261_cov_8.420635	1261	45.76
GC1003827_G04_NODE_8938_length_1261_cov_5.091711	1261	49.25
GC1003827_G04_NODE_8939_length_1261_cov_4.970018	1261	45.60
GC1003827_G04_NODE_8940_length_1261_cov_4.335979	1261	67.80
GC1003827_G04_NODE_8941_length_1261_cov_2.981481	1261	44.17
GC1003827_G04_NODE_8942_length_1261_cov_1.839506	1261	43.62
GC1003827_G04_NODE_8943_length_1261_cov_1.803351	1261	67.17
GC1003827_G04_NODE_8944_length_1260_cov_6.538394	1260	44.44
GC1003827_G04_NODE_8945_length_1260_cov_4.879965	1260	42.94
GC1003827_G04_NODE_8946_length_1260_cov_3.022948	1260	37.62
GC1003827_G04_NODE_8947_length_1260_cov_1.968226	1260	45.56
GC1003827_G04_NODE_8948_length_1260_cov_1.512798	1260	60.71
GC1003827_G04_NODE_8949_length_1260_cov_1.238305	1260	65.79
GC1003827_G04_NODE_8950_length_1260_cov_0.622242	1260	70.63
GC1003827_G04_NODE_8951_length_1259_cov_13.856890	1259	43.45
GC1003827_G04_NODE_8952_length_1259_cov_9.545053	1259	46.94
GC1003827_G04_NODE_8953_length_1259_cov_6.239399	1259	45.51
GC1003827_G04_NODE_8954_length_1259_cov_6.119258	1259	46.31
GC1003827_G04_NODE_8955_length_1259_cov_6.071555	1259	51.47
GC1003827_G04_NODE_8956_length_1259_cov_5.344523	1259	49.01
GC1003827_G04_NODE_8957_length_1259_cov_5.181095	1259	39.08
GC1003827_G04_NODE_8958_length_1259_cov_4.200530	1259	40.19
GC1003827_G04_NODE_8959_length_1259_cov_3.878092	1259	37.09
GC1003827_G04_NODE_8960_length_1259_cov_3.320671	1259	42.73
GC1003827_G04_NODE_8961_length_1259_cov_3.034452	1259	45.12
GC1003827_G04_NODE_8962_length_1259_cov_2.318021	1259	51.15
GC1003827_G04_NODE_8963_length_1259_cov_2.157244	1259	61.80
GC1003827_G04_NODE_8964_length_1259_cov_2.020318	1259	66.80
GC1003827_G04_NODE_8965_length_1259_cov_1.431979	1259	64.18
GC1003827_G04_NODE_8966_length_1258_cov_11.274094	1258	47.69
GC1003827_G04_NODE_8967_length_1258_cov_10.387268	1258	46.10
GC1003827_G04_NODE_8968_length_1258_cov_7.064545	1258	50.72
GC1003827_G04_NODE_8969_length_1258_cov_5.575597	1258	49.84
GC1003827_G04_NODE_8970_length_1258_cov_4.494253	1258	47.30
GC1003827_G04_NODE_8971_length_1258_cov_4.189213	1258	49.68
GC1003827_G04_NODE_8972_length_1258_cov_2.677277	1258	49.68
GC1003827_G04_NODE_8973_length_1258_cov_2.572944	1258	49.21
GC1003827_G04_NODE_8974_length_1258_cov_2.266136	1258	67.33
GC1003827_G04_NODE_8975_length_1258_cov_2.161804	1258	48.01
GC1003827_G04_NODE_8976_length_1258_cov_2.033599	1258	63.91
GC1003827_G04_NODE_8977_length_1258_cov_1.894783	1258	65.74
GC1003827_G04_NODE_8978_length_1258_cov_1.260831	1258	64.71
GC1003827_G04_NODE_8979_length_1257_cov_11.726549	1257	46.46
GC1003827_G04_NODE_8980_length_1257_cov_8.784956	1257	40.49
GC1003827_G04_NODE_8981_length_1257_cov_4.524779	1257	48.53
GC1003827_G04_NODE_8982_length_1257_cov_3.600000	1257	68.18
GC1003827_G04_NODE_8983_length_1257_cov_3.584956	1257	42.88
GC1003827_G04_NODE_8984_length_1257_cov_3.101770	1257	44.39
GC1003827_G04_NODE_8985_length_1257_cov_3.073451	1257	44.39
GC1003827_G04_NODE_8986_length_1257_cov_3.034513	1257	60.86
GC1003827_G04_NODE_8987_length_1257_cov_2.771681	1257	54.18
GC1003827_G04_NODE_8988_length_1257_cov_2.110619	1257	44.15
GC1003827_G04_NODE_8989_length_1257_cov_1.677876	1257	37.95
GC1003827_G04_NODE_8990_length_1257_cov_0.728319	1257	67.38
GC1003827_G04_NODE_8991_length_1256_cov_13.373782	1256	42.68
GC1003827_G04_NODE_8992_length_1256_cov_7.928255	1256	46.42
GC1003827_G04_NODE_8993_length_1256_cov_6.611160	1256	49.44
GC1003827_G04_NODE_8994_length_1256_cov_6.170062	1256	43.71
GC1003827_G04_NODE_8995_length_1256_cov_5.908769	1256	55.41
GC1003827_G04_NODE_8996_length_1256_cov_5.826395	1256	41.96
GC1003827_G04_NODE_8997_length_1256_cov_4.671391	1256	63.14
GC1003827_G04_NODE_8998_length_1256_cov_3.694420	1256	40.45
GC1003827_G04_NODE_8999_length_1256_cov_2.692648	1256	47.45
GC1003827_G04_NODE_9000_length_1256_cov_2.689105	1256	41.56
GC1003827_G04_NODE_9001_length_1256_cov_2.627104	1256	45.78
GC1003827_G04_NODE_9002_length_1256_cov_2.626218	1256	47.53
GC1003827_G04_NODE_9003_length_1256_cov_2.597874	1256	53.18
GC1003827_G04_NODE_9004_length_1256_cov_2.257750	1256	56.77
GC1003827_G04_NODE_9005_length_1256_cov_2.186005	1256	40.76
GC1003827_G04_NODE_9006_length_1255_cov_8.302305	1255	39.04
GC1003827_G04_NODE_9007_length_1255_cov_4.771277	1255	48.45
GC1003827_G04_NODE_9008_length_1255_cov_4.671986	1255	41.99
GC1003827_G04_NODE_9009_length_1255_cov_4.444149	1255	64.78
GC1003827_G04_NODE_9010_length_1255_cov_4.274823	1255	45.90
GC1003827_G04_NODE_9011_length_1255_cov_3.990248	1255	64.62
GC1003827_G04_NODE_9012_length_1255_cov_1.952128	1255	45.66
GC1003827_G04_NODE_9013_length_1255_cov_1.883865	1255	54.66
GC1003827_G04_NODE_9014_length_1255_cov_1.453901	1255	41.99
GC1003827_G04_NODE_9015_length_1255_cov_0.880319	1255	39.28
GC1003827_G04_NODE_9016_length_1254_cov_11.902396	1254	50.80
GC1003827_G04_NODE_9017_length_1254_cov_10.001775	1254	44.66
GC1003827_G04_NODE_9018_length_1254_cov_7.053239	1254	45.61
GC1003827_G04_NODE_9019_length_1254_cov_5.425022	1254	39.23
GC1003827_G04_NODE_9020_length_1254_cov_3.249335	1254	43.86
GC1003827_G04_NODE_9021_length_1254_cov_2.535936	1254	65.31
GC1003827_G04_NODE_9022_length_1254_cov_2.392192	1254	45.69
GC1003827_G04_NODE_9023_length_1254_cov_2.354925	1254	46.81
GC1003827_G04_NODE_9024_length_1254_cov_2.244898	1254	43.78
GC1003827_G04_NODE_9025_length_1254_cov_0.858030	1254	45.30
GC1003827_G04_NODE_9026_length_1254_cov_0.794144	1254	46.65
GC1003827_G04_NODE_9027_length_1253_cov_12.889876	1253	47.17
GC1003827_G04_NODE_9028_length_1253_cov_4.787744	1253	46.53
GC1003827_G04_NODE_9029_length_1253_cov_2.853464	1253	38.71
GC1003827_G04_NODE_9030_length_1253_cov_1.745115	1253	39.82
GC1003827_G04_NODE_9031_length_1253_cov_1.352575	1253	41.90
GC1003827_G04_NODE_9032_length_1252_cov_7.647111	1252	49.36
GC1003827_G04_NODE_9033_length_1252_cov_3.300444	1252	50.40
GC1003827_G04_NODE_9034_length_1252_cov_3.096000	1252	41.21
GC1003827_G04_NODE_9035_length_1252_cov_2.715556	1252	47.28
GC1003827_G04_NODE_9036_length_1252_cov_2.582222	1252	44.97
GC1003827_G04_NODE_9037_length_1252_cov_1.739556	1252	38.98
GC1003827_G04_NODE_9038_length_1252_cov_1.525333	1252	41.21
GC1003827_G04_NODE_9039_length_1252_cov_1.314667	1252	56.31
GC1003827_G04_NODE_9040_length_1251_cov_6.800712	1251	63.79
GC1003827_G04_NODE_9041_length_1251_cov_4.340747	1251	52.04
GC1003827_G04_NODE_9042_length_1251_cov_1.791815	1251	61.87
GC1003827_G04_NODE_9043_length_1251_cov_1.697509	1251	68.03
GC1003827_G04_NODE_9044_length_1251_cov_1.439502	1251	38.77
GC1003827_G04_NODE_9045_length_1251_cov_1.399466	1251	42.77
GC1003827_G04_NODE_9046_length_1250_cov_13.956367	1250	48.08
GC1003827_G04_NODE_9047_length_1250_cov_11.741763	1250	41.44
GC1003827_G04_NODE_9048_length_1250_cov_9.356189	1250	44.00
GC1003827_G04_NODE_9049_length_1250_cov_9.300980	1250	46.64
GC1003827_G04_NODE_9050_length_1250_cov_9.260908	1250	44.72
GC1003827_G04_NODE_9051_length_1250_cov_6.686554	1250	40.48
GC1003827_G04_NODE_9052_length_1250_cov_4.355298	1250	44.40
GC1003827_G04_NODE_9053_length_1250_cov_2.219056	1250	71.12
GC1003827_G04_NODE_9054_length_1250_cov_2.201247	1250	45.92
GC1003827_G04_NODE_9055_length_1250_cov_1.771149	1250	40.48
GC1003827_G04_NODE_9056_length_1250_cov_1.684773	1250	37.92
GC1003827_G04_NODE_9057_length_1250_cov_1.646483	1250	50.16
GC1003827_G04_NODE_9058_length_1250_cov_1.577916	1250	50.40
GC1003827_G04_NODE_9059_length_1250_cov_1.442565	1250	68.48
GC1003827_G04_NODE_9060_length_1249_cov_13.070410	1249	45.56
GC1003827_G04_NODE_9061_length_1249_cov_8.614082	1249	45.40
GC1003827_G04_NODE_9062_length_1249_cov_7.451872	1249	42.11
GC1003827_G04_NODE_9063_length_1249_cov_6.362745	1249	49.96
GC1003827_G04_NODE_9064_length_1249_cov_3.763815	1249	47.80
GC1003827_G04_NODE_9065_length_1249_cov_3.641711	1249	46.84
GC1003827_G04_NODE_9066_length_1249_cov_3.357398	1249	53.64
GC1003827_G04_NODE_9067_length_1249_cov_2.970588	1249	68.78
GC1003827_G04_NODE_9068_length_1249_cov_2.905526	1249	45.24
GC1003827_G04_NODE_9069_length_1249_cov_2.213012	1249	54.92
GC1003827_G04_NODE_9070_length_1248_cov_7.356824	1248	46.79
GC1003827_G04_NODE_9071_length_1248_cov_6.138269	1248	52.72
GC1003827_G04_NODE_9072_length_1248_cov_5.191793	1248	41.27
GC1003827_G04_NODE_9073_length_1248_cov_5.190009	1248	39.90
GC1003827_G04_NODE_9074_length_1248_cov_3.147190	1248	54.01
GC1003827_G04_NODE_9075_length_1248_cov_2.396075	1248	45.35
GC1003827_G04_NODE_9076_length_1248_cov_2.359500	1248	38.30
GC1003827_G04_NODE_9077_length_1248_cov_2.132025	1248	34.54
GC1003827_G04_NODE_9078_length_1248_cov_2.118644	1248	45.51
GC1003827_G04_NODE_9079_length_1248_cov_0.900981	1248	70.27
GC1003827_G04_NODE_9080_length_1248_cov_0.638715	1248	51.20
GC1003827_G04_NODE_9081_length_1247_cov_7.802679	1247	53.41
GC1003827_G04_NODE_9082_length_1247_cov_6.791964	1247	42.18
GC1003827_G04_NODE_9083_length_1247_cov_4.227679	1247	48.44
GC1003827_G04_NODE_9084_length_1247_cov_3.225000	1247	48.20
GC1003827_G04_NODE_9085_length_1247_cov_1.869643	1247	66.32
GC1003827_G04_NODE_9086_length_1247_cov_1.471429	1247	64.23
GC1003827_G04_NODE_9087_length_1247_cov_0.950000	1247	68.16
GC1003827_G04_NODE_9088_length_1246_cov_6.218945	1246	42.70
GC1003827_G04_NODE_9089_length_1246_cov_3.114388	1246	41.01
GC1003827_G04_NODE_9090_length_1246_cov_3.110813	1246	46.71
GC1003827_G04_NODE_9091_length_1246_cov_2.909741	1246	37.56
GC1003827_G04_NODE_9092_length_1246_cov_2.822163	1246	37.64
GC1003827_G04_NODE_9093_length_1246_cov_2.249330	1246	43.18
GC1003827_G04_NODE_9094_length_1246_cov_2.055407	1246	65.41
GC1003827_G04_NODE_9095_length_1246_cov_1.850760	1246	44.06
GC1003827_G04_NODE_9096_length_1246_cov_1.752458	1246	66.69
GC1003827_G04_NODE_9097_length_1246_cov_1.722073	1246	67.74
GC1003827_G04_NODE_9098_length_1246_cov_1.425380	1246	44.86
GC1003827_G04_NODE_9099_length_1246_cov_0.811439	1246	33.31
GC1003827_G04_NODE_9100_length_1245_cov_5.101073	1245	42.25
GC1003827_G04_NODE_9101_length_1245_cov_4.808587	1245	49.48
GC1003827_G04_NODE_9102_length_1245_cov_4.255814	1245	45.46
GC1003827_G04_NODE_9103_length_1245_cov_3.693202	1245	49.48
GC1003827_G04_NODE_9104_length_1245_cov_3.449911	1245	46.18
GC1003827_G04_NODE_9105_length_1245_cov_2.898927	1245	51.08
GC1003827_G04_NODE_9106_length_1245_cov_2.627907	1245	53.90
GC1003827_G04_NODE_9107_length_1245_cov_2.516100	1245	45.46
GC1003827_G04_NODE_9108_length_1245_cov_1.837209	1245	47.95
GC1003827_G04_NODE_9109_length_1245_cov_0.770125	1245	62.01
GC1003827_G04_NODE_9110_length_1244_cov_10.390331	1244	65.68
GC1003827_G04_NODE_9111_length_1244_cov_6.307968	1244	39.63
GC1003827_G04_NODE_9112_length_1244_cov_6.264996	1244	49.52
GC1003827_G04_NODE_9113_length_1244_cov_4.398389	1244	43.17
GC1003827_G04_NODE_9114_length_1244_cov_3.069830	1244	35.37
GC1003827_G04_NODE_9115_length_1244_cov_1.473590	1244	50.96
GC1003827_G04_NODE_9116_length_1244_cov_1.449418	1244	49.92
GC1003827_G04_NODE_9117_length_1244_cov_1.371531	1244	43.25
GC1003827_G04_NODE_9118_length_1243_cov_10.397849	1243	42.40
GC1003827_G04_NODE_9119_length_1243_cov_5.899642	1243	43.52
GC1003827_G04_NODE_9120_length_1243_cov_4.572581	1243	46.98
GC1003827_G04_NODE_9121_length_1243_cov_4.056452	1243	46.02
GC1003827_G04_NODE_9122_length_1243_cov_3.544803	1243	68.14
GC1003827_G04_NODE_9123_length_1243_cov_3.302867	1243	52.70
GC1003827_G04_NODE_9124_length_1243_cov_3.034050	1243	43.68
GC1003827_G04_NODE_9125_length_1243_cov_2.919355	1243	50.68
GC1003827_G04_NODE_9126_length_1243_cov_2.344982	1243	53.18
GC1003827_G04_NODE_9127_length_1243_cov_1.964158	1243	40.87
GC1003827_G04_NODE_9128_length_1243_cov_1.620968	1243	43.60
GC1003827_G04_NODE_9129_length_1243_cov_1.343190	1243	50.28
GC1003827_G04_NODE_9130_length_1243_cov_1.267025	1243	48.03
GC1003827_G04_NODE_9131_length_1243_cov_1.134409	1243	42.48
GC1003827_G04_NODE_9132_length_1243_cov_0.800179	1243	65.16
GC1003827_G04_NODE_9133_length_1242_cov_14.933632	1242	40.98
GC1003827_G04_NODE_9134_length_1242_cov_10.535426	1242	48.87
GC1003827_G04_NODE_9135_length_1242_cov_7.094170	1242	45.81
GC1003827_G04_NODE_9136_length_1242_cov_4.958744	1242	46.46
GC1003827_G04_NODE_9137_length_1242_cov_4.627803	1242	48.23
GC1003827_G04_NODE_9138_length_1242_cov_4.539013	1242	44.36
GC1003827_G04_NODE_9139_length_1242_cov_4.334529	1242	41.71
GC1003827_G04_NODE_9140_length_1242_cov_2.570404	1242	52.09
GC1003827_G04_NODE_9141_length_1242_cov_2.400000	1242	68.84
GC1003827_G04_NODE_9142_length_1242_cov_2.278027	1242	34.54
GC1003827_G04_NODE_9143_length_1242_cov_2.028700	1242	63.37
GC1003827_G04_NODE_9144_length_1242_cov_1.592825	1242	51.77
GC1003827_G04_NODE_9145_length_1242_cov_1.278924	1242	56.36
GC1003827_G04_NODE_9146_length_1242_cov_1.270852	1242	41.14
GC1003827_G04_NODE_9147_length_1242_cov_1.266368	1242	40.98
GC1003827_G04_NODE_9148_length_1242_cov_0.942601	1242	66.51
GC1003827_G04_NODE_9149_length_1242_cov_0.871749	1242	45.57
GC1003827_G04_NODE_9150_length_1241_cov_20.444345	1241	47.22
GC1003827_G04_NODE_9151_length_1241_cov_4.831239	1241	45.29
GC1003827_G04_NODE_9152_length_1241_cov_2.188510	1241	48.51
GC1003827_G04_NODE_9153_length_1241_cov_1.642729	1241	37.55
GC1003827_G04_NODE_9154_length_1241_cov_1.123878	1241	43.11
GC1003827_G04_NODE_9155_length_1241_cov_1.072711	1241	47.78
GC1003827_G04_NODE_9156_length_1241_cov_0.517953	1241	66.96
GC1003827_G04_NODE_9157_length_1240_cov_9.103324	1240	42.58
GC1003827_G04_NODE_9158_length_1240_cov_7.809524	1240	47.90
GC1003827_G04_NODE_9159_length_1240_cov_6.315364	1240	43.87
GC1003827_G04_NODE_9160_length_1240_cov_4.837376	1240	52.74
GC1003827_G04_NODE_9161_length_1240_cov_3.665768	1240	63.95
GC1003827_G04_NODE_9162_length_1240_cov_2.985624	1240	47.58
GC1003827_G04_NODE_9163_length_1240_cov_2.945193	1240	60.24
GC1003827_G04_NODE_9164_length_1240_cov_2.936208	1240	47.34
GC1003827_G04_NODE_9165_length_1240_cov_1.845463	1240	46.69
GC1003827_G04_NODE_9166_length_1240_cov_1.774483	1240	41.29
GC1003827_G04_NODE_9167_length_1240_cov_1.397125	1240	63.47
GC1003827_G04_NODE_9168_length_1240_cov_0.909254	1240	43.15
GC1003827_G04_NODE_9169_length_1239_cov_4.561151	1239	46.33
GC1003827_G04_NODE_9170_length_1239_cov_2.637590	1239	61.10
GC1003827_G04_NODE_9171_length_1239_cov_2.109712	1239	41.40
GC1003827_G04_NODE_9172_length_1239_cov_1.345324	1239	62.39
GC1003827_G04_NODE_9173_length_1238_cov_5.660666	1238	50.16
GC1003827_G04_NODE_9174_length_1238_cov_4.226823	1238	39.90
GC1003827_G04_NODE_9175_length_1238_cov_3.916292	1238	45.15
GC1003827_G04_NODE_9176_length_1238_cov_3.639964	1238	46.04
GC1003827_G04_NODE_9177_length_1238_cov_1.754275	1238	54.68
GC1003827_G04_NODE_9178_length_1237_cov_6.688288	1237	51.66
GC1003827_G04_NODE_9179_length_1237_cov_5.725225	1237	40.58
GC1003827_G04_NODE_9180_length_1237_cov_5.484685	1237	43.01
GC1003827_G04_NODE_9181_length_1237_cov_4.388288	1237	59.82
GC1003827_G04_NODE_9182_length_1237_cov_4.359459	1237	45.19
GC1003827_G04_NODE_9183_length_1237_cov_4.181081	1237	58.69
GC1003827_G04_NODE_9184_length_1237_cov_3.470270	1237	43.73
GC1003827_G04_NODE_9185_length_1237_cov_3.459459	1237	47.21
GC1003827_G04_NODE_9186_length_1237_cov_1.501802	1237	41.31
GC1003827_G04_NODE_9187_length_1237_cov_1.246847	1237	46.16
GC1003827_G04_NODE_9188_length_1237_cov_0.509910	1237	46.48
GC1003827_G04_NODE_9189_length_1236_cov_84.051398	1236	49.03
GC1003827_G04_NODE_9190_length_1236_cov_11.343553	1236	39.00
GC1003827_G04_NODE_9191_length_1236_cov_10.425609	1236	43.69
GC1003827_G04_NODE_9192_length_1236_cov_9.967538	1236	41.42
GC1003827_G04_NODE_9193_length_1236_cov_9.064022	1236	46.44
GC1003827_G04_NODE_9194_length_1236_cov_6.614067	1236	47.33
GC1003827_G04_NODE_9195_length_1236_cov_5.484220	1236	44.82
GC1003827_G04_NODE_9196_length_1236_cov_4.169522	1236	39.48
GC1003827_G04_NODE_9197_length_1236_cov_3.250676	1236	52.02
GC1003827_G04_NODE_9198_length_1236_cov_3.236249	1236	57.36
GC1003827_G04_NODE_9199_length_1236_cov_3.052299	1236	50.49
GC1003827_G04_NODE_9200_length_1236_cov_2.640216	1236	43.20
GC1003827_G04_NODE_9201_length_1236_cov_2.420198	1236	46.04
GC1003827_G04_NODE_9202_length_1236_cov_2.192967	1236	43.28
GC1003827_G04_NODE_9203_length_1235_cov_5.436823	1235	47.37
GC1003827_G04_NODE_9204_length_1235_cov_5.008123	1235	43.24
GC1003827_G04_NODE_9205_length_1235_cov_4.370939	1235	45.99
GC1003827_G04_NODE_9206_length_1235_cov_2.931408	1235	39.76
GC1003827_G04_NODE_9207_length_1235_cov_2.671480	1235	49.23
GC1003827_G04_NODE_9208_length_1235_cov_2.417870	1235	45.67
GC1003827_G04_NODE_9209_length_1235_cov_1.571300	1235	58.14
GC1003827_G04_NODE_9210_length_1235_cov_1.028881	1235	36.92
GC1003827_G04_NODE_9211_length_1234_cov_10.336043	1234	50.00
GC1003827_G04_NODE_9212_length_1234_cov_7.037940	1234	45.14
GC1003827_G04_NODE_9213_length_1234_cov_6.061427	1234	43.84
GC1003827_G04_NODE_9214_length_1234_cov_3.243902	1234	50.49
GC1003827_G04_NODE_9215_length_1234_cov_3.140018	1234	50.49
GC1003827_G04_NODE_9216_length_1234_cov_2.775971	1234	49.19
GC1003827_G04_NODE_9217_length_1234_cov_2.527552	1234	47.73
GC1003827_G04_NODE_9218_length_1234_cov_2.373080	1234	64.91
GC1003827_G04_NODE_9219_length_1234_cov_2.337850	1234	61.35
GC1003827_G04_NODE_9220_length_1234_cov_2.067751	1234	33.47
GC1003827_G04_NODE_9221_length_1234_cov_1.544715	1234	71.80
GC1003827_G04_NODE_9222_length_1234_cov_1.540199	1234	54.29
GC1003827_G04_NODE_9223_length_1233_cov_22.720615	1233	43.63
GC1003827_G04_NODE_9224_length_1233_cov_18.052441	1233	43.23
GC1003827_G04_NODE_9225_length_1233_cov_14.583183	1233	45.09
GC1003827_G04_NODE_9226_length_1233_cov_6.568716	1233	47.69
GC1003827_G04_NODE_9227_length_1233_cov_4.753165	1233	44.36
GC1003827_G04_NODE_9228_length_1233_cov_3.931284	1233	46.39
GC1003827_G04_NODE_9229_length_1233_cov_3.193490	1233	47.04
GC1003827_G04_NODE_9230_length_1233_cov_2.741410	1233	48.66
GC1003827_G04_NODE_9231_length_1233_cov_2.252260	1233	54.26
GC1003827_G04_NODE_9232_length_1233_cov_1.839060	1233	53.04
GC1003827_G04_NODE_9233_length_1233_cov_1.536166	1233	70.56
GC1003827_G04_NODE_9234_length_1233_cov_1.296564	1233	49.96
GC1003827_G04_NODE_9235_length_1233_cov_0.893309	1233	34.63
GC1003827_G04_NODE_9236_length_1233_cov_0.858951	1233	60.34
GC1003827_G04_NODE_9237_length_1232_cov_9.998190	1232	41.96
GC1003827_G04_NODE_9238_length_1232_cov_5.736652	1232	47.48
GC1003827_G04_NODE_9239_length_1232_cov_5.322172	1232	47.40
GC1003827_G04_NODE_9240_length_1232_cov_3.521267	1232	43.91
GC1003827_G04_NODE_9241_length_1232_cov_3.514027	1232	43.34
GC1003827_G04_NODE_9242_length_1232_cov_2.704977	1232	48.13
GC1003827_G04_NODE_9243_length_1232_cov_2.104072	1232	41.88
GC1003827_G04_NODE_9244_length_1232_cov_1.458824	1232	45.78
GC1003827_G04_NODE_9245_length_1232_cov_1.277828	1232	46.27
GC1003827_G04_NODE_9246_length_1231_cov_11.164855	1231	45.74
GC1003827_G04_NODE_9247_length_1231_cov_8.560688	1231	46.63
GC1003827_G04_NODE_9248_length_1231_cov_5.736413	1231	43.87
GC1003827_G04_NODE_9249_length_1231_cov_5.128623	1231	42.40
GC1003827_G04_NODE_9250_length_1231_cov_4.060688	1231	45.57
GC1003827_G04_NODE_9251_length_1231_cov_2.855978	1231	49.23
GC1003827_G04_NODE_9252_length_1231_cov_2.644022	1231	44.35
GC1003827_G04_NODE_9253_length_1231_cov_2.501812	1231	44.44
GC1003827_G04_NODE_9254_length_1231_cov_1.641304	1231	39.40
GC1003827_G04_NODE_9255_length_1231_cov_1.488225	1231	65.39
GC1003827_G04_NODE_9256_length_1231_cov_0.858696	1231	61.90
GC1003827_G04_NODE_9257_length_1230_cov_4.487761	1230	48.54
GC1003827_G04_NODE_9258_length_1230_cov_4.300997	1230	47.07
GC1003827_G04_NODE_9259_length_1230_cov_3.330009	1230	50.65
GC1003827_G04_NODE_9260_length_1230_cov_1.717135	1230	42.60
GC1003827_G04_NODE_9261_length_1230_cov_1.451496	1230	45.85
GC1003827_G04_NODE_9262_length_1229_cov_10.561706	1229	43.37
GC1003827_G04_NODE_9263_length_1229_cov_8.061706	1229	44.91
GC1003827_G04_NODE_9264_length_1229_cov_5.405626	1229	44.18
GC1003827_G04_NODE_9265_length_1229_cov_5.211434	1229	48.33
GC1003827_G04_NODE_9266_length_1229_cov_4.169691	1229	45.57
GC1003827_G04_NODE_9267_length_1229_cov_3.654265	1229	49.39
GC1003827_G04_NODE_9268_length_1229_cov_1.539020	1229	61.35
GC1003827_G04_NODE_9269_length_1229_cov_1.107078	1229	65.66
GC1003827_G04_NODE_9270_length_1229_cov_0.888385	1229	66.72
GC1003827_G04_NODE_9271_length_1228_cov_6.687557	1228	43.40
GC1003827_G04_NODE_9272_length_1228_cov_6.103542	1228	42.67
GC1003827_G04_NODE_9273_length_1228_cov_3.649410	1228	45.36
GC1003827_G04_NODE_9274_length_1228_cov_3.405086	1228	49.67
GC1003827_G04_NODE_9275_length_1228_cov_1.852861	1228	43.89
GC1003827_G04_NODE_9276_length_1228_cov_1.703906	1228	46.82
GC1003827_G04_NODE_9277_length_1228_cov_1.240690	1228	45.20
GC1003827_G04_NODE_9278_length_1227_cov_5.407273	1227	42.38
GC1003827_G04_NODE_9279_length_1227_cov_5.020000	1227	46.05
GC1003827_G04_NODE_9280_length_1227_cov_3.553636	1227	45.15
GC1003827_G04_NODE_9281_length_1227_cov_3.114545	1227	44.50
GC1003827_G04_NODE_9282_length_1227_cov_3.047273	1227	48.41
GC1003827_G04_NODE_9283_length_1227_cov_2.052727	1227	38.63
GC1003827_G04_NODE_9284_length_1227_cov_2.004545	1227	47.76
GC1003827_G04_NODE_9285_length_1227_cov_1.954545	1227	49.06
GC1003827_G04_NODE_9286_length_1227_cov_1.830909	1227	59.17
GC1003827_G04_NODE_9287_length_1227_cov_1.830000	1227	43.11
GC1003827_G04_NODE_9288_length_1227_cov_1.520909	1227	66.10
GC1003827_G04_NODE_9289_length_1226_cov_10.588717	1226	41.76
GC1003827_G04_NODE_9290_length_1226_cov_4.268426	1226	38.17
GC1003827_G04_NODE_9291_length_1226_cov_4.077343	1226	44.54
GC1003827_G04_NODE_9292_length_1226_cov_3.161965	1226	44.94
GC1003827_G04_NODE_9293_length_1226_cov_2.739763	1226	41.76
GC1003827_G04_NODE_9294_length_1226_cov_2.580528	1226	43.56
GC1003827_G04_NODE_9295_length_1226_cov_1.773430	1226	66.23
GC1003827_G04_NODE_9296_length_1226_cov_1.651501	1226	65.82
GC1003827_G04_NODE_9297_length_1225_cov_12.078324	1225	45.22
GC1003827_G04_NODE_9298_length_1225_cov_7.062842	1225	40.98
GC1003827_G04_NODE_9299_length_1225_cov_5.993625	1225	48.57
GC1003827_G04_NODE_9300_length_1225_cov_5.581056	1225	43.59
GC1003827_G04_NODE_9301_length_1225_cov_5.447177	1225	50.20
GC1003827_G04_NODE_9302_length_1225_cov_4.644809	1225	50.53
GC1003827_G04_NODE_9303_length_1225_cov_2.629326	1225	49.71
GC1003827_G04_NODE_9304_length_1225_cov_2.357923	1225	39.02
GC1003827_G04_NODE_9305_length_1225_cov_2.135701	1225	44.00
GC1003827_G04_NODE_9306_length_1225_cov_1.995446	1225	49.63
GC1003827_G04_NODE_9307_length_1225_cov_1.984517	1225	42.86
GC1003827_G04_NODE_9308_length_1225_cov_1.882514	1225	50.45
GC1003827_G04_NODE_9309_length_1225_cov_1.563752	1225	44.49
GC1003827_G04_NODE_9310_length_1225_cov_1.257741	1225	73.14
GC1003827_G04_NODE_9311_length_1224_cov_8.801276	1224	48.86
GC1003827_G04_NODE_9312_length_1224_cov_4.053783	1224	51.88
GC1003827_G04_NODE_9313_length_1224_cov_3.849590	1224	47.14
GC1003827_G04_NODE_9314_length_1224_cov_2.689152	1224	49.59
GC1003827_G04_NODE_9315_length_1224_cov_2.446673	1224	40.44
GC1003827_G04_NODE_9316_length_1224_cov_2.127621	1224	62.17
GC1003827_G04_NODE_9317_length_1224_cov_1.584321	1224	50.57
GC1003827_G04_NODE_9318_length_1223_cov_18.723540	1223	48.49
GC1003827_G04_NODE_9319_length_1223_cov_13.051095	1223	49.39
GC1003827_G04_NODE_9320_length_1223_cov_5.876825	1223	64.51
GC1003827_G04_NODE_9321_length_1223_cov_5.093066	1223	50.61
GC1003827_G04_NODE_9322_length_1223_cov_4.994526	1223	48.57
GC1003827_G04_NODE_9323_length_1223_cov_4.823905	1223	44.73
GC1003827_G04_NODE_9324_length_1223_cov_4.010036	1223	41.05
GC1003827_G04_NODE_9325_length_1223_cov_4.001825	1223	42.44
GC1003827_G04_NODE_9326_length_1223_cov_3.441606	1223	46.77
GC1003827_G04_NODE_9327_length_1223_cov_3.381387	1223	42.93
GC1003827_G04_NODE_9328_length_1223_cov_2.634124	1223	49.63
GC1003827_G04_NODE_9329_length_1223_cov_1.679745	1223	66.56
GC1003827_G04_NODE_9330_length_1223_cov_1.313869	1223	51.84
GC1003827_G04_NODE_9331_length_1223_cov_1.030109	1223	51.02
GC1003827_G04_NODE_9332_length_1222_cov_8.665753	1222	48.94
GC1003827_G04_NODE_9333_length_1222_cov_6.230137	1222	45.74
GC1003827_G04_NODE_9334_length_1222_cov_5.085845	1222	45.50
GC1003827_G04_NODE_9335_length_1222_cov_4.820091	1222	53.11
GC1003827_G04_NODE_9336_length_1222_cov_4.484018	1222	46.64
GC1003827_G04_NODE_9337_length_1222_cov_3.698630	1222	47.87
GC1003827_G04_NODE_9338_length_1222_cov_2.810959	1222	37.73
GC1003827_G04_NODE_9339_length_1222_cov_1.447489	1222	60.39
GC1003827_G04_NODE_9340_length_1222_cov_1.286758	1222	43.70
GC1003827_G04_NODE_9341_length_1221_cov_14.659049	1221	46.36
GC1003827_G04_NODE_9342_length_1221_cov_4.331810	1221	45.62
GC1003827_G04_NODE_9343_length_1221_cov_3.365631	1221	45.29
GC1003827_G04_NODE_9344_length_1221_cov_1.801645	1221	40.46
GC1003827_G04_NODE_9345_length_1221_cov_1.461609	1221	69.12
GC1003827_G04_NODE_9346_length_1220_cov_20.101555	1220	49.75
GC1003827_G04_NODE_9347_length_1220_cov_6.335773	1220	55.90
GC1003827_G04_NODE_9348_length_1220_cov_5.373285	1220	43.69
GC1003827_G04_NODE_9349_length_1220_cov_3.751144	1220	44.02
GC1003827_G04_NODE_9350_length_1220_cov_3.297347	1220	45.00
GC1003827_G04_NODE_9351_length_1220_cov_2.836231	1220	65.08
GC1003827_G04_NODE_9352_length_1220_cov_2.290027	1220	62.62
GC1003827_G04_NODE_9353_length_1220_cov_1.821592	1220	48.28
GC1003827_G04_NODE_9354_length_1220_cov_1.029277	1220	58.77
GC1003827_G04_NODE_9355_length_1219_cov_5.031136	1219	46.19
GC1003827_G04_NODE_9356_length_1219_cov_5.005495	1219	45.53
GC1003827_G04_NODE_9357_length_1219_cov_4.772894	1219	46.51
GC1003827_G04_NODE_9358_length_1219_cov_4.163004	1219	48.89
GC1003827_G04_NODE_9359_length_1219_cov_3.076007	1219	48.32
GC1003827_G04_NODE_9360_length_1219_cov_3.017399	1219	40.77
GC1003827_G04_NODE_9361_length_1219_cov_2.232601	1219	47.50
GC1003827_G04_NODE_9362_length_1219_cov_1.780220	1219	45.37
GC1003827_G04_NODE_9363_length_1219_cov_0.929487	1219	49.22
GC1003827_G04_NODE_9364_length_1219_cov_0.882784	1219	68.01
GC1003827_G04_NODE_9365_length_1218_cov_7.900092	1218	43.68
GC1003827_G04_NODE_9366_length_1218_cov_5.516040	1218	45.32
GC1003827_G04_NODE_9367_length_1218_cov_3.319890	1218	46.22
GC1003827_G04_NODE_9368_length_1218_cov_1.330889	1218	68.97
GC1003827_G04_NODE_9369_length_1218_cov_1.238313	1218	47.29
GC1003827_G04_NODE_9370_length_1218_cov_1.208066	1218	48.36
GC1003827_G04_NODE_9371_length_1217_cov_14.358716	1217	46.75
GC1003827_G04_NODE_9372_length_1217_cov_13.755963	1217	38.13
GC1003827_G04_NODE_9373_length_1217_cov_13.363303	1217	43.22
GC1003827_G04_NODE_9374_length_1217_cov_6.879817	1217	47.58
GC1003827_G04_NODE_9375_length_1217_cov_5.608257	1217	64.17
GC1003827_G04_NODE_9376_length_1217_cov_3.989908	1217	50.21
GC1003827_G04_NODE_9377_length_1217_cov_3.744037	1217	47.41
GC1003827_G04_NODE_9378_length_1217_cov_3.622936	1217	52.51
GC1003827_G04_NODE_9379_length_1217_cov_2.126606	1217	47.25
GC1003827_G04_NODE_9380_length_1217_cov_1.932110	1217	35.09
GC1003827_G04_NODE_9381_length_1217_cov_1.609174	1217	55.71
GC1003827_G04_NODE_9382_length_1217_cov_1.548624	1217	45.93
GC1003827_G04_NODE_9383_length_1216_cov_10.704316	1216	44.90
GC1003827_G04_NODE_9384_length_1216_cov_10.268136	1216	54.52
GC1003827_G04_NODE_9385_length_1216_cov_6.147842	1216	42.60
GC1003827_G04_NODE_9386_length_1216_cov_5.474747	1216	48.52
GC1003827_G04_NODE_9387_length_1216_cov_5.214876	1216	44.98
GC1003827_G04_NODE_9388_length_1216_cov_4.396694	1216	50.82
GC1003827_G04_NODE_9389_length_1216_cov_3.546373	1216	61.76
GC1003827_G04_NODE_9390_length_1216_cov_3.166208	1216	43.17
GC1003827_G04_NODE_9391_length_1216_cov_3.075298	1216	45.89
GC1003827_G04_NODE_9392_length_1216_cov_2.934803	1216	45.31
GC1003827_G04_NODE_9393_length_1216_cov_2.635445	1216	47.20
GC1003827_G04_NODE_9394_length_1216_cov_2.599633	1216	55.26
GC1003827_G04_NODE_9395_length_1216_cov_1.703398	1216	63.98
GC1003827_G04_NODE_9396_length_1216_cov_1.640955	1216	43.01
GC1003827_G04_NODE_9397_length_1215_cov_6.841912	1215	44.03
GC1003827_G04_NODE_9398_length_1215_cov_2.769301	1215	51.44
GC1003827_G04_NODE_9399_length_1215_cov_2.194853	1215	51.52
GC1003827_G04_NODE_9400_length_1215_cov_1.377757	1215	64.86
GC1003827_G04_NODE_9401_length_1215_cov_1.089154	1215	44.53
GC1003827_G04_NODE_9402_length_1214_cov_9.908004	1214	43.99
GC1003827_G04_NODE_9403_length_1214_cov_8.414903	1214	48.68
GC1003827_G04_NODE_9404_length_1214_cov_5.303588	1214	49.01
GC1003827_G04_NODE_9405_length_1214_cov_3.900644	1214	42.17
GC1003827_G04_NODE_9406_length_1214_cov_3.758970	1214	56.67
GC1003827_G04_NODE_9407_length_1214_cov_3.641214	1214	59.80
GC1003827_G04_NODE_9408_length_1214_cov_2.099356	1214	47.36
GC1003827_G04_NODE_9409_length_1214_cov_1.958602	1214	41.43
GC1003827_G04_NODE_9410_length_1214_cov_1.939282	1214	64.50
GC1003827_G04_NODE_9411_length_1214_cov_1.632935	1214	69.11
GC1003827_G04_NODE_9412_length_1214_cov_1.120515	1214	43.90
GC1003827_G04_NODE_9413_length_1214_cov_1.026679	1214	39.37
GC1003827_G04_NODE_9414_length_1213_cov_6.816759	1213	50.54
GC1003827_G04_NODE_9415_length_1213_cov_5.675875	1213	41.22
GC1003827_G04_NODE_9416_length_1213_cov_4.681400	1213	50.95
GC1003827_G04_NODE_9417_length_1213_cov_4.198895	1213	41.22
GC1003827_G04_NODE_9418_length_1213_cov_2.139963	1213	36.27
GC1003827_G04_NODE_9419_length_1213_cov_1.325046	1213	46.50
GC1003827_G04_NODE_9420_length_1213_cov_1.219153	1213	63.23
GC1003827_G04_NODE_9421_length_1213_cov_0.854512	1213	42.95
GC1003827_G04_NODE_9422_length_1212_cov_7.467281	1212	43.32
GC1003827_G04_NODE_9423_length_1212_cov_5.849770	1212	47.44
GC1003827_G04_NODE_9424_length_1212_cov_4.441475	1212	60.48
GC1003827_G04_NODE_9425_length_1212_cov_2.914286	1212	47.44
GC1003827_G04_NODE_9426_length_1212_cov_1.926267	1212	49.26
GC1003827_G04_NODE_9427_length_1212_cov_1.729954	1212	60.56
GC1003827_G04_NODE_9428_length_1211_cov_6.874539	1211	49.22
GC1003827_G04_NODE_9429_length_1211_cov_4.066421	1211	46.08
GC1003827_G04_NODE_9430_length_1211_cov_3.765683	1211	50.45
GC1003827_G04_NODE_9431_length_1211_cov_3.528598	1211	46.24
GC1003827_G04_NODE_9432_length_1211_cov_3.041513	1211	63.75
GC1003827_G04_NODE_9433_length_1211_cov_2.507380	1211	45.83
GC1003827_G04_NODE_9434_length_1211_cov_2.202030	1211	36.50
GC1003827_G04_NODE_9435_length_1211_cov_1.714945	1211	52.85
GC1003827_G04_NODE_9436_length_1211_cov_0.886531	1211	64.16
GC1003827_G04_NODE_9437_length_1210_cov_12.423823	1210	47.27
GC1003827_G04_NODE_9438_length_1210_cov_5.622345	1210	41.40
GC1003827_G04_NODE_9439_length_1210_cov_5.576177	1210	50.33
GC1003827_G04_NODE_9440_length_1210_cov_4.032318	1210	43.22
GC1003827_G04_NODE_9441_length_1210_cov_2.393352	1210	66.20
GC1003827_G04_NODE_9442_length_1210_cov_2.280702	1210	46.12
GC1003827_G04_NODE_9443_length_1210_cov_1.126500	1210	46.20
GC1003827_G04_NODE_9444_length_1209_cov_12.346580	1209	47.97
GC1003827_G04_NODE_9445_length_1209_cov_8.109982	1209	47.15
GC1003827_G04_NODE_9446_length_1209_cov_5.991682	1209	49.63
GC1003827_G04_NODE_9447_length_1209_cov_3.943623	1209	49.30
GC1003827_G04_NODE_9448_length_1209_cov_3.055453	1209	45.08
GC1003827_G04_NODE_9449_length_1209_cov_2.930684	1209	44.50
GC1003827_G04_NODE_9450_length_1209_cov_2.826248	1209	44.58
GC1003827_G04_NODE_9451_length_1209_cov_1.376155	1209	49.05
GC1003827_G04_NODE_9452_length_1209_cov_0.772643	1209	44.09
GC1003827_G04_NODE_9453_length_1208_cov_6.352451	1208	46.69
GC1003827_G04_NODE_9454_length_1208_cov_5.449584	1208	51.90
GC1003827_G04_NODE_9455_length_1208_cov_5.257169	1208	44.37
GC1003827_G04_NODE_9456_length_1208_cov_4.461610	1208	41.47
GC1003827_G04_NODE_9457_length_1208_cov_3.893617	1208	42.55
GC1003827_G04_NODE_9458_length_1208_cov_3.138760	1208	63.91
GC1003827_G04_NODE_9459_length_1208_cov_2.869565	1208	45.61
GC1003827_G04_NODE_9460_length_1208_cov_2.118409	1208	43.13
GC1003827_G04_NODE_9461_length_1208_cov_1.530065	1208	49.59
GC1003827_G04_NODE_9462_length_1208_cov_1.010176	1208	39.40
GC1003827_G04_NODE_9463_length_1208_cov_0.730805	1208	55.46
GC1003827_G04_NODE_9464_length_1207_cov_7.451852	1207	45.48
GC1003827_G04_NODE_9465_length_1207_cov_4.882407	1207	59.65
GC1003827_G04_NODE_9466_length_1207_cov_3.763889	1207	45.90
GC1003827_G04_NODE_9467_length_1207_cov_3.144444	1207	43.99
GC1003827_G04_NODE_9468_length_1207_cov_2.516667	1207	43.08
GC1003827_G04_NODE_9469_length_1207_cov_1.899074	1207	38.11
GC1003827_G04_NODE_9470_length_1207_cov_0.790741	1207	44.90
GC1003827_G04_NODE_9471_length_1206_cov_6.743281	1206	43.03
GC1003827_G04_NODE_9472_length_1206_cov_5.820204	1206	49.25
GC1003827_G04_NODE_9473_length_1206_cov_5.280816	1206	41.38
GC1003827_G04_NODE_9474_length_1206_cov_2.789620	1206	47.84
GC1003827_G04_NODE_9475_length_1206_cov_2.261353	1206	42.95
GC1003827_G04_NODE_9476_length_1206_cov_1.903614	1206	44.03
GC1003827_G04_NODE_9477_length_1206_cov_1.458758	1206	42.29
GC1003827_G04_NODE_9478_length_1206_cov_1.238184	1206	67.66
GC1003827_G04_NODE_9479_length_1206_cov_1.221501	1206	66.17
GC1003827_G04_NODE_9480_length_1206_cov_1.031511	1206	55.80
GC1003827_G04_NODE_9481_length_1206_cov_0.877665	1206	71.56
GC1003827_G04_NODE_9482_length_1205_cov_11.894249	1205	50.04
GC1003827_G04_NODE_9483_length_1205_cov_4.471243	1205	42.74
GC1003827_G04_NODE_9484_length_1205_cov_2.932282	1205	47.39
GC1003827_G04_NODE_9485_length_1205_cov_2.908163	1205	48.88
GC1003827_G04_NODE_9486_length_1205_cov_2.435065	1205	34.52
GC1003827_G04_NODE_9487_length_1205_cov_2.361781	1205	45.31
GC1003827_G04_NODE_9488_length_1205_cov_2.233766	1205	42.41
GC1003827_G04_NODE_9489_length_1204_cov_10.988858	1204	47.09
GC1003827_G04_NODE_9490_length_1204_cov_7.642526	1204	42.69
GC1003827_G04_NODE_9491_length_1204_cov_7.317549	1204	41.69
GC1003827_G04_NODE_9492_length_1204_cov_6.069638	1204	41.45
GC1003827_G04_NODE_9493_length_1204_cov_5.593315	1204	44.27
GC1003827_G04_NODE_9494_length_1204_cov_5.024141	1204	47.84
GC1003827_G04_NODE_9495_length_1204_cov_2.576602	1204	61.05
GC1003827_G04_NODE_9496_length_1204_cov_2.521820	1204	47.67
GC1003827_G04_NODE_9497_length_1204_cov_0.719591	1204	64.20
GC1003827_G04_NODE_9498_length_1203_cov_5.270446	1203	42.81
GC1003827_G04_NODE_9499_length_1203_cov_3.598513	1203	44.47
GC1003827_G04_NODE_9500_length_1203_cov_3.246283	1203	43.72
GC1003827_G04_NODE_9501_length_1203_cov_3.213755	1203	44.31
GC1003827_G04_NODE_9502_length_1203_cov_3.012082	1203	61.68
GC1003827_G04_NODE_9503_length_1203_cov_2.632900	1203	54.03
GC1003827_G04_NODE_9504_length_1203_cov_2.477695	1203	47.38
GC1003827_G04_NODE_9505_length_1203_cov_2.115242	1203	49.79
GC1003827_G04_NODE_9506_length_1203_cov_1.762082	1203	54.78
GC1003827_G04_NODE_9507_length_1203_cov_1.448885	1203	49.88
GC1003827_G04_NODE_9508_length_1202_cov_5.566512	1202	45.26
GC1003827_G04_NODE_9509_length_1202_cov_5.394419	1202	44.59
GC1003827_G04_NODE_9510_length_1202_cov_4.653023	1202	39.43
GC1003827_G04_NODE_9511_length_1202_cov_3.624186	1202	67.39
GC1003827_G04_NODE_9512_length_1202_cov_3.072558	1202	44.76
GC1003827_G04_NODE_9513_length_1202_cov_2.613953	1202	46.59
GC1003827_G04_NODE_9514_length_1202_cov_2.471628	1202	52.75
GC1003827_G04_NODE_9515_length_1202_cov_1.415814	1202	70.80
GC1003827_G04_NODE_9516_length_1202_cov_0.409302	1202	52.58
GC1003827_G04_NODE_9517_length_1201_cov_6.246741	1201	47.96
GC1003827_G04_NODE_9518_length_1201_cov_4.150838	1201	47.71
GC1003827_G04_NODE_9519_length_1201_cov_3.989758	1201	66.94
GC1003827_G04_NODE_9520_length_1201_cov_3.353818	1201	43.80
GC1003827_G04_NODE_9521_length_1201_cov_2.838920	1201	43.96
GC1003827_G04_NODE_9522_length_1201_cov_2.053073	1201	67.86
GC1003827_G04_NODE_9523_length_1201_cov_1.948790	1201	51.71
GC1003827_G04_NODE_9524_length_1201_cov_1.554935	1201	61.45
GC1003827_G04_NODE_9525_length_1201_cov_1.496276	1201	62.20
GC1003827_G04_NODE_9526_length_1200_cov_17.260951	1200	42.83
GC1003827_G04_NODE_9527_length_1200_cov_6.522833	1200	43.50
GC1003827_G04_NODE_9528_length_1200_cov_6.209692	1200	44.17
GC1003827_G04_NODE_9529_length_1200_cov_5.255359	1200	45.75
GC1003827_G04_NODE_9530_length_1200_cov_5.198509	1200	47.33
GC1003827_G04_NODE_9531_length_1200_cov_4.635601	1200	41.17
GC1003827_G04_NODE_9532_length_1200_cov_4.200373	1200	36.75
GC1003827_G04_NODE_9533_length_1200_cov_3.101584	1200	40.25
GC1003827_G04_NODE_9534_length_1200_cov_2.893756	1200	50.67
GC1003827_G04_NODE_9535_length_1200_cov_2.109040	1200	51.17
GC1003827_G04_NODE_9536_length_1200_cov_1.979497	1200	36.92
GC1003827_G04_NODE_9537_length_1200_cov_1.949674	1200	45.33
GC1003827_G04_NODE_9538_length_1200_cov_1.706431	1200	63.33
GC1003827_G04_NODE_9539_length_1200_cov_1.631873	1200	64.25
GC1003827_G04_NODE_9540_length_1200_cov_1.477167	1200	57.83
GC1003827_G04_NODE_9541_length_1200_cov_1.019571	1200	47.58
GC1003827_G04_NODE_9542_length_1199_cov_7.280784	1199	42.37
GC1003827_G04_NODE_9543_length_1199_cov_5.082090	1199	63.22
GC1003827_G04_NODE_9544_length_1199_cov_5.067164	1199	44.12
GC1003827_G04_NODE_9545_length_1199_cov_4.740672	1199	36.78
GC1003827_G04_NODE_9546_length_1199_cov_4.159515	1199	45.95
GC1003827_G04_NODE_9547_length_1199_cov_2.796642	1199	61.47
GC1003827_G04_NODE_9548_length_1199_cov_2.610075	1199	35.03
GC1003827_G04_NODE_9549_length_1199_cov_2.260261	1199	42.79
GC1003827_G04_NODE_9550_length_1199_cov_2.184701	1199	43.04
GC1003827_G04_NODE_9551_length_1198_cov_7.255836	1198	65.36
GC1003827_G04_NODE_9552_length_1198_cov_5.754435	1198	48.66
GC1003827_G04_NODE_9553_length_1198_cov_3.953315	1198	48.58
GC1003827_G04_NODE_9554_length_1198_cov_3.757236	1198	44.32
GC1003827_G04_NODE_9555_length_1198_cov_3.390289	1198	46.99
GC1003827_G04_NODE_9556_length_1198_cov_2.972923	1198	42.07
GC1003827_G04_NODE_9557_length_1198_cov_2.698413	1198	38.06
GC1003827_G04_NODE_9558_length_1198_cov_2.280112	1198	45.41
GC1003827_G04_NODE_9559_length_1198_cov_1.682540	1198	39.15
GC1003827_G04_NODE_9560_length_1197_cov_14.165421	1197	43.02
GC1003827_G04_NODE_9561_length_1197_cov_11.425234	1197	45.95
GC1003827_G04_NODE_9562_length_1197_cov_8.471028	1197	46.70
GC1003827_G04_NODE_9563_length_1197_cov_7.692523	1197	57.64
GC1003827_G04_NODE_9564_length_1197_cov_6.641121	1197	64.49
GC1003827_G04_NODE_9565_length_1197_cov_5.249533	1197	47.28
GC1003827_G04_NODE_9566_length_1197_cov_3.970093	1197	52.13
GC1003827_G04_NODE_9567_length_1197_cov_3.248598	1197	41.35
GC1003827_G04_NODE_9568_length_1197_cov_2.703738	1197	61.40
GC1003827_G04_NODE_9569_length_1197_cov_1.539252	1197	39.52
GC1003827_G04_NODE_9570_length_1197_cov_1.197196	1197	44.28
GC1003827_G04_NODE_9571_length_1197_cov_1.031776	1197	47.87
GC1003827_G04_NODE_9572_length_1196_cov_7.855005	1196	52.26
GC1003827_G04_NODE_9573_length_1196_cov_7.757717	1196	39.97
GC1003827_G04_NODE_9574_length_1196_cov_7.076707	1196	42.81
GC1003827_G04_NODE_9575_length_1196_cov_5.552853	1196	43.06
GC1003827_G04_NODE_9576_length_1196_cov_5.174930	1196	53.43
GC1003827_G04_NODE_9577_length_1196_cov_4.134705	1196	41.39
GC1003827_G04_NODE_9578_length_1196_cov_3.297474	1196	52.34
GC1003827_G04_NODE_9579_length_1196_cov_1.910196	1196	45.23
GC1003827_G04_NODE_9580_length_1196_cov_1.485500	1196	59.28
GC1003827_G04_NODE_9581_length_1196_cov_1.316183	1196	45.99
GC1003827_G04_NODE_9582_length_1195_cov_21.532772	1195	44.77
GC1003827_G04_NODE_9583_length_1195_cov_8.003745	1195	47.45
GC1003827_G04_NODE_9584_length_1195_cov_7.635768	1195	39.92
GC1003827_G04_NODE_9585_length_1195_cov_7.012172	1195	43.43
GC1003827_G04_NODE_9586_length_1195_cov_4.213483	1195	42.01
GC1003827_G04_NODE_9587_length_1195_cov_3.661985	1195	47.70
GC1003827_G04_NODE_9588_length_1195_cov_2.511236	1195	49.12
GC1003827_G04_NODE_9589_length_1195_cov_2.254682	1195	64.77
GC1003827_G04_NODE_9590_length_1195_cov_1.972846	1195	36.90
GC1003827_G04_NODE_9591_length_1195_cov_1.928839	1195	39.41
GC1003827_G04_NODE_9592_length_1195_cov_1.794944	1195	48.70
GC1003827_G04_NODE_9593_length_1195_cov_0.815543	1195	43.77
GC1003827_G04_NODE_9594_length_1194_cov_12.179007	1194	43.22
GC1003827_G04_NODE_9595_length_1194_cov_7.810684	1194	47.82
GC1003827_G04_NODE_9596_length_1194_cov_4.405811	1194	44.56
GC1003827_G04_NODE_9597_length_1194_cov_4.256795	1194	65.49
GC1003827_G04_NODE_9598_length_1194_cov_4.253046	1194	49.33
GC1003827_G04_NODE_9599_length_1194_cov_3.671040	1194	37.35
GC1003827_G04_NODE_9600_length_1194_cov_3.213683	1194	43.22
GC1003827_G04_NODE_9601_length_1194_cov_2.903468	1194	46.48
GC1003827_G04_NODE_9602_length_1194_cov_2.741331	1194	41.71
GC1003827_G04_NODE_9603_length_1194_cov_2.298969	1194	33.84
GC1003827_G04_NODE_9604_length_1194_cov_1.722587	1194	49.92
GC1003827_G04_NODE_9605_length_1193_cov_3.542214	1193	52.56
GC1003827_G04_NODE_9606_length_1193_cov_3.323640	1193	48.37
GC1003827_G04_NODE_9607_length_1193_cov_3.314259	1193	68.99
GC1003827_G04_NODE_9608_length_1193_cov_3.293621	1193	48.28
GC1003827_G04_NODE_9609_length_1193_cov_2.803940	1193	69.57
GC1003827_G04_NODE_9610_length_1193_cov_2.727955	1193	49.96
GC1003827_G04_NODE_9611_length_1193_cov_2.599437	1193	44.93
GC1003827_G04_NODE_9612_length_1193_cov_1.815197	1193	46.86
GC1003827_G04_NODE_9613_length_1193_cov_1.550657	1193	41.49
GC1003827_G04_NODE_9614_length_1193_cov_1.438086	1193	36.46
GC1003827_G04_NODE_9615_length_1193_cov_1.212946	1193	49.79
GC1003827_G04_NODE_9616_length_1193_cov_0.829268	1193	39.31
GC1003827_G04_NODE_9617_length_1193_cov_0.670732	1193	43.34
GC1003827_G04_NODE_9618_length_1192_cov_8.500469	1192	43.79
GC1003827_G04_NODE_9619_length_1192_cov_6.170892	1192	44.97
GC1003827_G04_NODE_9620_length_1192_cov_3.015023	1192	55.29
GC1003827_G04_NODE_9621_length_1192_cov_1.778404	1192	39.18
GC1003827_G04_NODE_9622_length_1191_cov_8.379699	1191	52.14
GC1003827_G04_NODE_9623_length_1191_cov_8.186090	1191	47.27
GC1003827_G04_NODE_9624_length_1191_cov_4.005639	1191	46.60
GC1003827_G04_NODE_9625_length_1191_cov_3.906955	1191	41.90
GC1003827_G04_NODE_9626_length_1191_cov_2.887218	1191	43.24
GC1003827_G04_NODE_9627_length_1191_cov_1.137218	1191	62.38
GC1003827_G04_NODE_9628_length_1191_cov_1.093985	1191	44.75
GC1003827_G04_NODE_9629_length_1191_cov_0.734962	1191	41.90
GC1003827_G04_NODE_9630_length_1190_cov_6.789276	1190	53.28
GC1003827_G04_NODE_9631_length_1190_cov_3.981185	1190	67.31
GC1003827_G04_NODE_9632_length_1190_cov_3.796802	1190	60.67
GC1003827_G04_NODE_9633_length_1190_cov_3.551270	1190	44.71
GC1003827_G04_NODE_9634_length_1190_cov_2.029163	1190	45.71
GC1003827_G04_NODE_9635_length_1190_cov_1.500470	1190	36.81
GC1003827_G04_NODE_9636_length_1190_cov_1.389464	1190	41.09
GC1003827_G04_NODE_9637_length_1190_cov_1.292568	1190	50.25
GC1003827_G04_NODE_9638_length_1190_cov_1.010348	1190	49.50
GC1003827_G04_NODE_9639_length_1190_cov_1.001881	1190	64.54
GC1003827_G04_NODE_9640_length_1190_cov_0.765757	1190	69.16
GC1003827_G04_NODE_9641_length_1190_cov_0.759172	1190	50.92
GC1003827_G04_NODE_9642_length_1189_cov_14.617702	1189	47.69
GC1003827_G04_NODE_9643_length_1189_cov_5.541431	1189	44.83
GC1003827_G04_NODE_9644_length_1189_cov_5.263653	1189	36.50
GC1003827_G04_NODE_9645_length_1189_cov_4.013183	1189	43.57
GC1003827_G04_NODE_9646_length_1189_cov_2.949153	1189	66.19
GC1003827_G04_NODE_9647_length_1189_cov_2.123352	1189	41.21
GC1003827_G04_NODE_9648_length_1189_cov_1.822034	1189	39.70
GC1003827_G04_NODE_9649_length_1189_cov_1.395480	1189	70.82
GC1003827_G04_NODE_9650_length_1189_cov_1.113936	1189	66.44
GC1003827_G04_NODE_9651_length_1188_cov_3.502356	1188	43.10
GC1003827_G04_NODE_9652_length_1188_cov_2.877474	1188	51.18
GC1003827_G04_NODE_9653_length_1188_cov_2.189444	1188	47.31
GC1003827_G04_NODE_9654_length_1188_cov_1.969840	1188	63.05
GC1003827_G04_NODE_9655_length_1188_cov_1.728558	1188	42.42
GC1003827_G04_NODE_9656_length_1188_cov_1.639962	1188	39.73
GC1003827_G04_NODE_9657_length_1188_cov_1.459943	1188	68.27
GC1003827_G04_NODE_9658_length_1187_cov_30.876415	1187	46.67
GC1003827_G04_NODE_9659_length_1187_cov_24.116038	1187	45.16
GC1003827_G04_NODE_9660_length_1187_cov_10.618868	1187	45.66
GC1003827_G04_NODE_9661_length_1187_cov_8.410377	1187	41.87
GC1003827_G04_NODE_9662_length_1187_cov_7.225472	1187	47.68
GC1003827_G04_NODE_9663_length_1187_cov_6.344340	1187	44.06
GC1003827_G04_NODE_9664_length_1187_cov_5.117925	1187	45.24
GC1003827_G04_NODE_9665_length_1187_cov_4.158491	1187	46.08
GC1003827_G04_NODE_9666_length_1187_cov_3.487736	1187	48.95
GC1003827_G04_NODE_9667_length_1187_cov_2.804717	1187	43.56
GC1003827_G04_NODE_9668_length_1187_cov_2.328302	1187	53.75
GC1003827_G04_NODE_9669_length_1187_cov_1.799057	1187	67.90
GC1003827_G04_NODE_9670_length_1187_cov_1.255660	1187	47.43
GC1003827_G04_NODE_9671_length_1187_cov_0.851887	1187	35.97
GC1003827_G04_NODE_9672_length_1187_cov_0.663208	1187	45.75
GC1003827_G04_NODE_9673_length_1187_cov_0.628302	1187	61.92
GC1003827_G04_NODE_9674_length_1186_cov_13.193579	1186	52.70
GC1003827_G04_NODE_9675_length_1186_cov_4.812087	1186	56.16
GC1003827_G04_NODE_9676_length_1186_cov_3.938621	1186	44.44
GC1003827_G04_NODE_9677_length_1186_cov_3.894240	1186	42.33
GC1003827_G04_NODE_9678_length_1186_cov_3.261568	1186	43.09
GC1003827_G04_NODE_9679_length_1186_cov_2.976393	1186	48.99
GC1003827_G04_NODE_9680_length_1186_cov_2.169027	1186	57.67
GC1003827_G04_NODE_9681_length_1186_cov_2.143532	1186	42.92
GC1003827_G04_NODE_9682_length_1186_cov_1.980170	1186	38.70
GC1003827_G04_NODE_9683_length_1186_cov_1.720491	1186	66.86
GC1003827_G04_NODE_9684_length_1186_cov_1.123702	1186	49.41
GC1003827_G04_NODE_9685_length_1186_cov_0.868744	1186	46.12
GC1003827_G04_NODE_9686_length_1185_cov_8.498110	1185	44.56
GC1003827_G04_NODE_9687_length_1185_cov_5.664461	1185	53.25
GC1003827_G04_NODE_9688_length_1185_cov_2.789225	1185	38.14
GC1003827_G04_NODE_9689_length_1185_cov_2.409263	1185	57.13
GC1003827_G04_NODE_9690_length_1184_cov_8.711447	1184	42.91
GC1003827_G04_NODE_9691_length_1184_cov_6.063387	1184	47.38
GC1003827_G04_NODE_9692_length_1184_cov_4.708609	1184	46.20
GC1003827_G04_NODE_9693_length_1184_cov_4.298959	1184	46.28
GC1003827_G04_NODE_9694_length_1184_cov_3.262062	1184	48.48
GC1003827_G04_NODE_9695_length_1184_cov_2.984863	1184	32.01
GC1003827_G04_NODE_9696_length_1184_cov_2.956481	1184	46.79
GC1003827_G04_NODE_9697_length_1184_cov_2.750237	1184	46.96
GC1003827_G04_NODE_9698_length_1184_cov_2.455061	1184	50.76
GC1003827_G04_NODE_9699_length_1184_cov_2.350993	1184	44.09
GC1003827_G04_NODE_9700_length_1184_cov_1.827815	1184	50.25
GC1003827_G04_NODE_9701_length_1184_cov_1.521287	1184	46.79
GC1003827_G04_NODE_9702_length_1184_cov_1.477767	1184	46.71
GC1003827_G04_NODE_9703_length_1184_cov_1.385998	1184	45.61
GC1003827_G04_NODE_9704_length_1183_cov_14.619318	1183	44.89
GC1003827_G04_NODE_9705_length_1183_cov_6.150568	1183	43.03
GC1003827_G04_NODE_9706_length_1183_cov_4.196970	1183	43.79
GC1003827_G04_NODE_9707_length_1183_cov_4.124053	1183	46.58
GC1003827_G04_NODE_9708_length_1183_cov_3.854167	1183	47.42
GC1003827_G04_NODE_9709_length_1183_cov_3.613636	1183	42.60
GC1003827_G04_NODE_9710_length_1183_cov_3.106061	1183	45.22
GC1003827_G04_NODE_9711_length_1183_cov_2.972538	1183	45.14
GC1003827_G04_NODE_9712_length_1183_cov_2.782197	1183	45.05
GC1003827_G04_NODE_9713_length_1183_cov_2.521780	1183	48.44
GC1003827_G04_NODE_9714_length_1183_cov_2.476326	1183	44.80
GC1003827_G04_NODE_9715_length_1183_cov_1.910985	1183	48.61
GC1003827_G04_NODE_9716_length_1183_cov_0.883523	1183	37.36
GC1003827_G04_NODE_9717_length_1182_cov_9.358294	1182	47.88
GC1003827_G04_NODE_9718_length_1182_cov_7.952607	1182	44.16
GC1003827_G04_NODE_9719_length_1182_cov_5.170616	1182	48.65
GC1003827_G04_NODE_9720_length_1182_cov_4.133649	1182	43.15
GC1003827_G04_NODE_9721_length_1182_cov_3.133649	1182	62.44
GC1003827_G04_NODE_9722_length_1182_cov_2.365877	1182	43.74
GC1003827_G04_NODE_9723_length_1182_cov_2.360190	1182	47.38
GC1003827_G04_NODE_9724_length_1182_cov_2.276777	1182	47.63
GC1003827_G04_NODE_9725_length_1182_cov_1.773460	1182	70.90
GC1003827_G04_NODE_9726_length_1181_cov_10.178368	1181	41.41
GC1003827_G04_NODE_9727_length_1181_cov_4.594877	1181	53.51
GC1003827_G04_NODE_9728_length_1181_cov_4.338710	1181	44.28
GC1003827_G04_NODE_9729_length_1181_cov_4.145161	1181	43.35
GC1003827_G04_NODE_9730_length_1181_cov_2.319734	1181	46.99
GC1003827_G04_NODE_9731_length_1181_cov_1.407970	1181	57.41
GC1003827_G04_NODE_9732_length_1181_cov_1.401328	1181	39.63
GC1003827_G04_NODE_9733_length_1181_cov_0.820683	1181	41.24
GC1003827_G04_NODE_9734_length_1180_cov_8.285850	1180	49.66
GC1003827_G04_NODE_9735_length_1180_cov_8.218424	1180	49.32
GC1003827_G04_NODE_9736_length_1180_cov_7.741690	1180	49.24
GC1003827_G04_NODE_9737_length_1180_cov_6.982906	1180	42.71
GC1003827_G04_NODE_9738_length_1180_cov_6.926876	1180	50.68
GC1003827_G04_NODE_9739_length_1180_cov_5.695157	1180	51.02
GC1003827_G04_NODE_9740_length_1180_cov_5.685660	1180	37.97
GC1003827_G04_NODE_9741_length_1180_cov_3.942070	1180	59.24
GC1003827_G04_NODE_9742_length_1180_cov_3.080722	1180	47.88
GC1003827_G04_NODE_9743_length_1180_cov_2.660019	1180	44.32
GC1003827_G04_NODE_9744_length_1180_cov_2.397911	1180	67.20
GC1003827_G04_NODE_9745_length_1180_cov_0.944919	1180	59.49
GC1003827_G04_NODE_9746_length_1179_cov_8.781369	1179	49.02
GC1003827_G04_NODE_9747_length_1179_cov_4.888783	1179	63.36
GC1003827_G04_NODE_9748_length_1179_cov_3.470532	1179	44.19
GC1003827_G04_NODE_9749_length_1179_cov_2.948669	1179	53.77
GC1003827_G04_NODE_9750_length_1179_cov_2.176806	1179	46.14
GC1003827_G04_NODE_9751_length_1179_cov_1.650190	1179	50.64
GC1003827_G04_NODE_9752_length_1179_cov_1.534221	1179	49.96
GC1003827_G04_NODE_9753_length_1179_cov_1.424905	1179	42.41
GC1003827_G04_NODE_9754_length_1179_cov_1.078897	1179	62.43
GC1003827_G04_NODE_9755_length_1178_cov_3.556613	1178	41.26
GC1003827_G04_NODE_9756_length_1178_cov_3.183635	1178	54.16
GC1003827_G04_NODE_9757_length_1178_cov_2.316841	1178	46.01
GC1003827_G04_NODE_9758_length_1178_cov_2.089439	1178	47.45
GC1003827_G04_NODE_9759_length_1178_cov_1.385347	1178	41.68
GC1003827_G04_NODE_9760_length_1178_cov_1.382493	1178	39.98
GC1003827_G04_NODE_9761_length_1178_cov_1.304472	1178	41.43
GC1003827_G04_NODE_9762_length_1177_cov_6.134286	1177	49.87
GC1003827_G04_NODE_9763_length_1177_cov_3.356190	1177	48.51
GC1003827_G04_NODE_9764_length_1177_cov_3.118095	1177	47.41
GC1003827_G04_NODE_9765_length_1177_cov_2.399048	1177	47.15
GC1003827_G04_NODE_9766_length_1177_cov_2.069524	1177	48.51
GC1003827_G04_NODE_9767_length_1177_cov_1.679048	1177	45.54
GC1003827_G04_NODE_9768_length_1177_cov_1.631429	1177	48.77
GC1003827_G04_NODE_9769_length_1177_cov_1.525714	1177	68.39
GC1003827_G04_NODE_9770_length_1177_cov_1.260952	1177	67.88
GC1003827_G04_NODE_9771_length_1177_cov_0.940952	1177	65.76
GC1003827_G04_NODE_9772_length_1177_cov_0.673333	1177	53.53
GC1003827_G04_NODE_9773_length_1176_cov_4.463298	1176	59.78
GC1003827_G04_NODE_9774_length_1176_cov_4.121068	1176	42.52
GC1003827_G04_NODE_9775_length_1176_cov_3.907531	1176	40.73
GC1003827_G04_NODE_9776_length_1176_cov_3.523356	1176	41.92
GC1003827_G04_NODE_9777_length_1176_cov_2.016206	1176	36.99
GC1003827_G04_NODE_9778_length_1176_cov_0.984747	1176	59.10
GC1003827_G04_NODE_9779_length_1175_cov_72.058206	1175	63.40
GC1003827_G04_NODE_9780_length_1175_cov_12.233779	1175	45.45
GC1003827_G04_NODE_9781_length_1175_cov_9.145038	1175	45.53
GC1003827_G04_NODE_9782_length_1175_cov_8.426527	1175	41.02
GC1003827_G04_NODE_9783_length_1175_cov_6.650763	1175	51.91
GC1003827_G04_NODE_9784_length_1175_cov_4.972328	1175	50.04
GC1003827_G04_NODE_9785_length_1175_cov_4.312977	1175	41.87
GC1003827_G04_NODE_9786_length_1175_cov_2.746183	1175	32.94
GC1003827_G04_NODE_9787_length_1175_cov_2.228053	1175	44.26
GC1003827_G04_NODE_9788_length_1175_cov_2.129771	1175	49.45
GC1003827_G04_NODE_9789_length_1175_cov_1.868321	1175	64.60
GC1003827_G04_NODE_9790_length_1175_cov_1.783397	1175	40.77
GC1003827_G04_NODE_9791_length_1175_cov_0.818702	1175	65.79
GC1003827_G04_NODE_9792_length_1174_cov_5.503343	1174	40.37
GC1003827_G04_NODE_9793_length_1174_cov_5.146132	1174	46.59
GC1003827_G04_NODE_9794_length_1174_cov_4.101242	1174	44.97
GC1003827_G04_NODE_9795_length_1174_cov_3.984718	1174	45.32
GC1003827_G04_NODE_9796_length_1174_cov_1.908309	1174	44.04
GC1003827_G04_NODE_9797_length_1174_cov_1.831901	1174	70.27
GC1003827_G04_NODE_9798_length_1174_cov_1.668577	1174	66.95
GC1003827_G04_NODE_9799_length_1174_cov_1.234957	1174	45.49
GC1003827_G04_NODE_9800_length_1174_cov_1.009551	1174	62.18
GC1003827_G04_NODE_9801_length_1173_cov_9.590822	1173	49.96
GC1003827_G04_NODE_9802_length_1173_cov_9.485660	1173	49.28
GC1003827_G04_NODE_9803_length_1173_cov_4.699809	1173	41.69
GC1003827_G04_NODE_9804_length_1173_cov_3.023901	1173	61.30
GC1003827_G04_NODE_9805_length_1173_cov_2.836520	1173	43.39
GC1003827_G04_NODE_9806_length_1173_cov_2.527725	1173	45.78
GC1003827_G04_NODE_9807_length_1173_cov_2.331740	1173	43.05
GC1003827_G04_NODE_9808_length_1173_cov_2.057361	1173	45.10
GC1003827_G04_NODE_9809_length_1173_cov_1.557361	1173	68.03
GC1003827_G04_NODE_9810_length_1173_cov_1.511472	1173	40.84
GC1003827_G04_NODE_9811_length_1173_cov_1.361377	1173	34.02
GC1003827_G04_NODE_9812_length_1173_cov_0.956023	1173	52.00
GC1003827_G04_NODE_9813_length_1172_cov_9.416268	1172	42.15
GC1003827_G04_NODE_9814_length_1172_cov_7.323445	1172	45.82
GC1003827_G04_NODE_9815_length_1172_cov_6.397129	1172	38.91
GC1003827_G04_NODE_9816_length_1172_cov_5.590431	1172	45.56
GC1003827_G04_NODE_9817_length_1172_cov_5.486124	1172	55.46
GC1003827_G04_NODE_9818_length_1172_cov_3.081340	1172	50.94
GC1003827_G04_NODE_9819_length_1172_cov_2.745455	1172	49.83
GC1003827_G04_NODE_9820_length_1172_cov_2.635407	1172	47.95
GC1003827_G04_NODE_9821_length_1172_cov_2.356938	1172	45.73
GC1003827_G04_NODE_9822_length_1172_cov_2.170335	1172	49.40
GC1003827_G04_NODE_9823_length_1172_cov_1.970335	1172	39.42
GC1003827_G04_NODE_9824_length_1172_cov_1.591388	1172	66.13
GC1003827_G04_NODE_9825_length_1172_cov_1.549282	1172	72.35
GC1003827_G04_NODE_9826_length_1172_cov_0.488995	1172	46.08
GC1003827_G04_NODE_9827_length_1171_cov_7.590996	1171	46.20
GC1003827_G04_NODE_9828_length_1171_cov_5.156130	1171	41.84
GC1003827_G04_NODE_9829_length_1171_cov_4.288314	1171	62.94
GC1003827_G04_NODE_9830_length_1171_cov_3.893678	1171	40.14
GC1003827_G04_NODE_9831_length_1171_cov_3.741379	1171	46.03
GC1003827_G04_NODE_9832_length_1171_cov_3.624521	1171	48.68
GC1003827_G04_NODE_9833_length_1171_cov_3.407088	1171	40.14
GC1003827_G04_NODE_9834_length_1171_cov_2.931034	1171	45.86
GC1003827_G04_NODE_9835_length_1171_cov_2.158046	1171	44.06
GC1003827_G04_NODE_9836_length_1171_cov_2.035441	1171	45.69
GC1003827_G04_NODE_9837_length_1171_cov_1.823755	1171	38.51
GC1003827_G04_NODE_9838_length_1171_cov_1.675287	1171	38.43
GC1003827_G04_NODE_9839_length_1171_cov_1.452107	1171	68.92
GC1003827_G04_NODE_9840_length_1171_cov_1.398467	1171	41.42
GC1003827_G04_NODE_9841_length_1171_cov_1.137931	1171	66.95
GC1003827_G04_NODE_9842_length_1171_cov_1.078544	1171	47.57
GC1003827_G04_NODE_9843_length_1171_cov_0.827586	1171	41.08
GC1003827_G04_NODE_9844_length_1170_cov_7.333653	1170	48.63
GC1003827_G04_NODE_9845_length_1170_cov_7.171620	1170	47.86
GC1003827_G04_NODE_9846_length_1170_cov_6.239693	1170	45.90
GC1003827_G04_NODE_9847_length_1170_cov_5.627037	1170	43.59
GC1003827_G04_NODE_9848_length_1170_cov_5.229147	1170	35.81
GC1003827_G04_NODE_9849_length_1170_cov_4.363375	1170	62.31
GC1003827_G04_NODE_9850_length_1170_cov_4.136146	1170	51.79
GC1003827_G04_NODE_9851_length_1170_cov_4.011505	1170	43.76
GC1003827_G04_NODE_9852_length_1170_cov_3.718121	1170	48.89
GC1003827_G04_NODE_9853_length_1170_cov_3.677852	1170	60.85
GC1003827_G04_NODE_9854_length_1170_cov_3.447747	1170	49.57
GC1003827_G04_NODE_9855_length_1170_cov_2.350911	1170	45.30
GC1003827_G04_NODE_9856_length_1170_cov_1.778523	1170	44.02
GC1003827_G04_NODE_9857_length_1170_cov_1.548418	1170	39.57
GC1003827_G04_NODE_9858_length_1170_cov_1.421860	1170	41.45
GC1003827_G04_NODE_9859_length_1170_cov_0.844679	1170	64.19
GC1003827_G04_NODE_9860_length_1169_cov_6.303263	1169	42.77
GC1003827_G04_NODE_9861_length_1169_cov_6.249520	1169	44.91
GC1003827_G04_NODE_9862_length_1169_cov_4.717850	1169	66.89
GC1003827_G04_NODE_9863_length_1169_cov_2.801344	1169	62.62
GC1003827_G04_NODE_9864_length_1169_cov_2.483685	1169	47.05
GC1003827_G04_NODE_9865_length_1169_cov_1.705374	1169	66.55
GC1003827_G04_NODE_9866_length_1169_cov_1.215931	1169	49.02
GC1003827_G04_NODE_9867_length_1168_cov_15.305476	1168	50.86
GC1003827_G04_NODE_9868_length_1168_cov_9.561960	1168	50.94
GC1003827_G04_NODE_9869_length_1168_cov_8.093180	1168	49.49
GC1003827_G04_NODE_9870_length_1168_cov_6.522574	1168	48.03
GC1003827_G04_NODE_9871_length_1168_cov_5.377522	1168	43.32
GC1003827_G04_NODE_9872_length_1168_cov_4.764649	1168	44.78
GC1003827_G04_NODE_9873_length_1168_cov_3.875120	1168	61.99
GC1003827_G04_NODE_9874_length_1168_cov_3.806916	1168	40.75
GC1003827_G04_NODE_9875_length_1168_cov_3.746398	1168	61.22
GC1003827_G04_NODE_9876_length_1168_cov_3.522574	1168	48.97
GC1003827_G04_NODE_9877_length_1168_cov_3.097022	1168	47.77
GC1003827_G04_NODE_9878_length_1168_cov_2.512008	1168	45.03
GC1003827_G04_NODE_9879_length_1168_cov_2.050913	1168	43.66
GC1003827_G04_NODE_9880_length_1168_cov_1.625360	1168	64.98
GC1003827_G04_NODE_9881_length_1168_cov_1.188280	1168	46.49
GC1003827_G04_NODE_9882_length_1168_cov_0.636888	1168	66.78
GC1003827_G04_NODE_9883_length_1167_cov_37.320192	1167	45.59
GC1003827_G04_NODE_9884_length_1167_cov_13.512500	1167	43.19
GC1003827_G04_NODE_9885_length_1167_cov_12.295192	1167	62.13
GC1003827_G04_NODE_9886_length_1167_cov_8.098077	1167	48.50
GC1003827_G04_NODE_9887_length_1167_cov_7.281731	1167	63.07
GC1003827_G04_NODE_9888_length_1167_cov_6.804808	1167	47.56
GC1003827_G04_NODE_9889_length_1167_cov_4.862500	1167	41.73
GC1003827_G04_NODE_9890_length_1167_cov_4.125000	1167	49.53
GC1003827_G04_NODE_9891_length_1167_cov_3.632692	1167	44.99
GC1003827_G04_NODE_9892_length_1167_cov_3.440385	1167	44.56
GC1003827_G04_NODE_9893_length_1167_cov_3.148077	1167	43.79
GC1003827_G04_NODE_9894_length_1167_cov_2.112500	1167	50.64
GC1003827_G04_NODE_9895_length_1167_cov_2.103846	1167	43.96
GC1003827_G04_NODE_9896_length_1167_cov_1.487500	1167	47.64
GC1003827_G04_NODE_9897_length_1167_cov_1.421154	1167	48.50
GC1003827_G04_NODE_9898_length_1167_cov_1.341346	1167	69.67
GC1003827_G04_NODE_9899_length_1167_cov_0.967308	1167	68.38
GC1003827_G04_NODE_9900_length_1167_cov_0.906731	1167	65.90
GC1003827_G04_NODE_9901_length_1167_cov_0.543269	1167	45.42
GC1003827_G04_NODE_9902_length_1167_cov_0.541346	1167	41.05
GC1003827_G04_NODE_9903_length_1166_cov_6.459095	1166	39.62
GC1003827_G04_NODE_9904_length_1166_cov_4.579403	1166	65.18
GC1003827_G04_NODE_9905_length_1166_cov_4.538980	1166	43.91
GC1003827_G04_NODE_9906_length_1166_cov_2.981713	1166	43.65
GC1003827_G04_NODE_9907_length_1166_cov_2.794033	1166	42.62
GC1003827_G04_NODE_9908_length_1166_cov_2.735322	1166	54.72
GC1003827_G04_NODE_9909_length_1166_cov_2.686237	1166	36.54
GC1003827_G04_NODE_9910_length_1166_cov_2.434071	1166	67.15
GC1003827_G04_NODE_9911_length_1166_cov_2.304139	1166	43.48
GC1003827_G04_NODE_9912_length_1166_cov_2.096246	1166	59.61
GC1003827_G04_NODE_9913_length_1166_cov_1.895091	1166	51.20
GC1003827_G04_NODE_9914_length_1166_cov_1.739172	1166	64.58
GC1003827_G04_NODE_9915_length_1166_cov_1.555342	1166	43.91
GC1003827_G04_NODE_9916_length_1166_cov_1.480269	1166	66.81
GC1003827_G04_NODE_9917_length_1166_cov_1.346487	1166	48.71
GC1003827_G04_NODE_9918_length_1166_cov_0.976901	1166	40.39
GC1003827_G04_NODE_9919_length_1166_cov_0.967276	1166	61.06
GC1003827_G04_NODE_9920_length_1165_cov_11.970135	1165	43.86
GC1003827_G04_NODE_9921_length_1165_cov_7.739884	1165	45.49
GC1003827_G04_NODE_9922_length_1165_cov_3.075145	1165	42.83
GC1003827_G04_NODE_9923_length_1165_cov_2.366089	1165	57.60
GC1003827_G04_NODE_9924_length_1165_cov_1.945087	1165	49.10
GC1003827_G04_NODE_9925_length_1165_cov_1.843931	1165	67.81
GC1003827_G04_NODE_9926_length_1165_cov_1.793834	1165	64.98
GC1003827_G04_NODE_9927_length_1165_cov_1.200385	1165	67.21
GC1003827_G04_NODE_9928_length_1165_cov_0.883430	1165	64.81
GC1003827_G04_NODE_9929_length_1165_cov_0.850674	1165	70.13
GC1003827_G04_NODE_9930_length_1165_cov_0.672447	1165	64.12
GC1003827_G04_NODE_9931_length_1164_cov_12.249759	1164	47.25
GC1003827_G04_NODE_9932_length_1164_cov_9.591128	1164	43.73
GC1003827_G04_NODE_9933_length_1164_cov_8.653809	1164	47.25
GC1003827_G04_NODE_9934_length_1164_cov_6.392478	1164	46.82
GC1003827_G04_NODE_9935_length_1164_cov_6.001929	1164	44.93
GC1003827_G04_NODE_9936_length_1164_cov_3.669238	1164	44.67
GC1003827_G04_NODE_9937_length_1164_cov_3.237223	1164	53.44
GC1003827_G04_NODE_9938_length_1164_cov_2.825458	1164	51.03
GC1003827_G04_NODE_9939_length_1164_cov_2.237223	1164	64.43
GC1003827_G04_NODE_9940_length_1164_cov_1.177435	1164	43.90
GC1003827_G04_NODE_9941_length_1164_cov_0.930569	1164	57.13
GC1003827_G04_NODE_9942_length_1164_cov_0.602700	1164	65.03
GC1003827_G04_NODE_9943_length_1164_cov_0.386692	1164	54.21
GC1003827_G04_NODE_9944_length_1163_cov_16.611004	1163	44.02
GC1003827_G04_NODE_9945_length_1163_cov_6.500965	1163	47.64
GC1003827_G04_NODE_9946_length_1163_cov_4.745174	1163	45.23
GC1003827_G04_NODE_9947_length_1163_cov_3.320463	1163	48.32
GC1003827_G04_NODE_9948_length_1163_cov_2.945946	1163	44.02
GC1003827_G04_NODE_9949_length_1163_cov_2.486486	1163	65.69
GC1003827_G04_NODE_9950_length_1163_cov_2.297297	1163	41.62
GC1003827_G04_NODE_9951_length_1163_cov_2.277027	1163	51.76
GC1003827_G04_NODE_9952_length_1163_cov_1.801158	1163	40.50
GC1003827_G04_NODE_9953_length_1163_cov_1.224903	1163	52.79
GC1003827_G04_NODE_9954_length_1162_cov_8.554589	1162	44.41
GC1003827_G04_NODE_9955_length_1162_cov_4.750725	1162	44.41
GC1003827_G04_NODE_9956_length_1162_cov_4.230918	1162	60.59
GC1003827_G04_NODE_9957_length_1162_cov_3.190338	1162	55.68
GC1003827_G04_NODE_9958_length_1162_cov_2.885024	1162	48.54
GC1003827_G04_NODE_9959_length_1162_cov_0.839614	1162	66.27
GC1003827_G04_NODE_9960_length_1162_cov_0.608696	1162	66.61
GC1003827_G04_NODE_9961_length_1161_cov_8.119923	1161	36.26
GC1003827_G04_NODE_9962_length_1161_cov_5.517408	1161	62.62
GC1003827_G04_NODE_9963_length_1161_cov_3.876209	1161	41.86
GC1003827_G04_NODE_9964_length_1161_cov_3.571567	1161	41.26
GC1003827_G04_NODE_9965_length_1161_cov_3.413926	1161	46.43
GC1003827_G04_NODE_9966_length_1161_cov_1.161509	1161	39.71
GC1003827_G04_NODE_9967_length_1161_cov_1.011605	1161	39.97
GC1003827_G04_NODE_9968_length_1161_cov_0.972921	1161	44.36
GC1003827_G04_NODE_9969_length_1161_cov_0.461315	1161	53.32
GC1003827_G04_NODE_9970_length_1161_cov_0.422631	1161	41.00
GC1003827_G04_NODE_9971_length_1160_cov_16.965150	1160	48.53
GC1003827_G04_NODE_9972_length_1160_cov_12.419167	1160	43.88
GC1003827_G04_NODE_9973_length_1160_cov_10.211036	1160	47.41
GC1003827_G04_NODE_9974_length_1160_cov_9.769603	1160	40.52
GC1003827_G04_NODE_9975_length_1160_cov_5.708616	1160	44.66
GC1003827_G04_NODE_9976_length_1160_cov_4.292352	1160	49.48
GC1003827_G04_NODE_9977_length_1160_cov_4.129719	1160	36.03
GC1003827_G04_NODE_9978_length_1160_cov_3.757018	1160	43.36
GC1003827_G04_NODE_9979_length_1160_cov_3.035818	1160	47.33
GC1003827_G04_NODE_9980_length_1160_cov_1.653437	1160	37.59
GC1003827_G04_NODE_9981_length_1160_cov_1.556631	1160	40.95
GC1003827_G04_NODE_9982_length_1160_cov_1.340755	1160	34.05
GC1003827_G04_NODE_9983_length_1160_cov_1.024201	1160	49.05
GC1003827_G04_NODE_9984_length_1160_cov_0.843175	1160	72.50
GC1003827_G04_NODE_9985_length_1160_cov_0.471442	1160	52.50
GC1003827_G04_NODE_9986_length_1159_cov_25.306202	1159	44.87
GC1003827_G04_NODE_9987_length_1159_cov_10.613372	1159	40.90
GC1003827_G04_NODE_9988_length_1159_cov_7.949612	1159	42.02
GC1003827_G04_NODE_9989_length_1159_cov_7.277132	1159	44.43
GC1003827_G04_NODE_9990_length_1159_cov_4.039729	1159	48.84
GC1003827_G04_NODE_9991_length_1159_cov_3.516473	1159	51.86
GC1003827_G04_NODE_9992_length_1159_cov_3.273256	1159	61.00
GC1003827_G04_NODE_9993_length_1159_cov_3.198643	1159	51.16
GC1003827_G04_NODE_9994_length_1159_cov_2.647287	1159	44.61
GC1003827_G04_NODE_9995_length_1159_cov_2.387597	1159	46.94
GC1003827_G04_NODE_9996_length_1159_cov_2.297481	1159	46.59
GC1003827_G04_NODE_9997_length_1159_cov_2.068798	1159	38.65
GC1003827_G04_NODE_9998_length_1159_cov_1.773256	1159	45.90
GC1003827_G04_NODE_9999_length_1159_cov_1.498062	1159	53.41
GC1003827_G04_NODE_10000_length_1159_cov_1.453488	1159	69.37
GC1003827_G04_NODE_10001_length_1159_cov_1.156008	1159	59.79
GC1003827_G04_NODE_10002_length_1159_cov_1.107558	1159	48.32
GC1003827_G04_NODE_10003_length_1158_cov_12.421920	1158	47.84
GC1003827_G04_NODE_10004_length_1158_cov_10.478177	1158	47.06
GC1003827_G04_NODE_10005_length_1158_cov_5.138700	1158	32.90
GC1003827_G04_NODE_10006_length_1158_cov_3.708050	1158	59.24
GC1003827_G04_NODE_10007_length_1158_cov_3.580989	1158	47.41
GC1003827_G04_NODE_10008_length_1158_cov_3.178468	1158	38.34
GC1003827_G04_NODE_10009_length_1158_cov_2.029098	1158	70.64
GC1003827_G04_NODE_10010_length_1158_cov_1.723569	1158	42.40
GC1003827_G04_NODE_10011_length_1158_cov_1.249273	1158	50.95
GC1003827_G04_NODE_10012_length_1158_cov_1.150339	1158	66.84
GC1003827_G04_NODE_10013_length_1158_cov_1.004850	1158	40.85
GC1003827_G04_NODE_10014_length_1158_cov_0.810863	1158	38.51
GC1003827_G04_NODE_10015_length_1158_cov_0.697381	1158	69.78
GC1003827_G04_NODE_10016_length_1157_cov_3.876699	1157	50.99
GC1003827_G04_NODE_10017_length_1157_cov_3.499029	1157	41.23
GC1003827_G04_NODE_10018_length_1157_cov_2.742718	1157	46.59
GC1003827_G04_NODE_10019_length_1157_cov_2.563107	1157	46.41
GC1003827_G04_NODE_10020_length_1157_cov_2.246602	1157	62.14
GC1003827_G04_NODE_10021_length_1157_cov_2.217476	1157	43.82
GC1003827_G04_NODE_10022_length_1157_cov_1.886408	1157	57.82
GC1003827_G04_NODE_10023_length_1157_cov_1.400000	1157	62.32
GC1003827_G04_NODE_10024_length_1157_cov_0.755340	1157	70.70
GC1003827_G04_NODE_10025_length_1156_cov_7.228377	1156	45.93
GC1003827_G04_NODE_10026_length_1156_cov_5.496599	1156	44.98
GC1003827_G04_NODE_10027_length_1156_cov_5.373178	1156	44.98
GC1003827_G04_NODE_10028_length_1156_cov_3.571429	1156	41.52
GC1003827_G04_NODE_10029_length_1156_cov_3.097182	1156	43.60
GC1003827_G04_NODE_10030_length_1156_cov_2.527697	1156	51.38
GC1003827_G04_NODE_10031_length_1156_cov_1.897959	1156	44.98
GC1003827_G04_NODE_10032_length_1156_cov_1.295432	1156	46.02
GC1003827_G04_NODE_10033_length_1155_cov_11.448444	1155	39.83
GC1003827_G04_NODE_10034_length_1155_cov_10.269455	1155	46.23
GC1003827_G04_NODE_10035_length_1155_cov_7.292802	1155	43.64
GC1003827_G04_NODE_10036_length_1155_cov_6.462062	1155	53.33
GC1003827_G04_NODE_10037_length_1155_cov_6.264591	1155	50.04
GC1003827_G04_NODE_10038_length_1155_cov_4.817121	1155	50.30
GC1003827_G04_NODE_10039_length_1155_cov_3.302529	1155	42.25
GC1003827_G04_NODE_10040_length_1155_cov_3.000000	1155	46.67
GC1003827_G04_NODE_10041_length_1155_cov_2.699416	1155	36.62
GC1003827_G04_NODE_10042_length_1155_cov_2.063230	1155	49.35
GC1003827_G04_NODE_10043_length_1155_cov_1.928988	1155	66.84
GC1003827_G04_NODE_10044_length_1155_cov_1.482490	1155	42.16
GC1003827_G04_NODE_10045_length_1155_cov_0.976654	1155	48.14
GC1003827_G04_NODE_10046_length_1155_cov_0.648833	1155	66.84
GC1003827_G04_NODE_10047_length_1155_cov_0.559339	1155	64.76
GC1003827_G04_NODE_10048_length_1154_cov_16.990263	1154	43.15
GC1003827_G04_NODE_10049_length_1154_cov_10.685492	1154	42.20
GC1003827_G04_NODE_10050_length_1154_cov_9.980526	1154	47.23
GC1003827_G04_NODE_10051_length_1154_cov_9.215190	1154	44.80
GC1003827_G04_NODE_10052_length_1154_cov_6.151899	1154	41.42
GC1003827_G04_NODE_10053_length_1154_cov_6.003895	1154	50.61
GC1003827_G04_NODE_10054_length_1154_cov_5.947420	1154	39.60
GC1003827_G04_NODE_10055_length_1154_cov_5.629017	1154	44.80
GC1003827_G04_NODE_10056_length_1154_cov_4.003895	1154	44.45
GC1003827_G04_NODE_10057_length_1154_cov_3.583252	1154	45.23
GC1003827_G04_NODE_10058_length_1154_cov_3.475170	1154	53.38
GC1003827_G04_NODE_10059_length_1154_cov_3.417722	1154	63.34
GC1003827_G04_NODE_10060_length_1154_cov_3.100292	1154	46.27
GC1003827_G04_NODE_10061_length_1154_cov_2.809153	1154	36.83
GC1003827_G04_NODE_10062_length_1154_cov_2.730282	1154	35.88
GC1003827_G04_NODE_10063_length_1154_cov_2.552093	1154	44.71
GC1003827_G04_NODE_10064_length_1154_cov_1.867575	1154	62.74
GC1003827_G04_NODE_10065_length_1153_cov_4.314815	1153	34.87
GC1003827_G04_NODE_10066_length_1153_cov_3.669591	1153	47.35
GC1003827_G04_NODE_10067_length_1153_cov_3.389864	1153	45.97
GC1003827_G04_NODE_10068_length_1153_cov_2.932749	1153	45.97
GC1003827_G04_NODE_10069_length_1153_cov_2.555556	1153	43.19
GC1003827_G04_NODE_10070_length_1153_cov_2.053606	1153	35.91
GC1003827_G04_NODE_10071_length_1153_cov_1.841131	1153	40.85
GC1003827_G04_NODE_10072_length_1153_cov_1.771930	1153	44.75
GC1003827_G04_NODE_10073_length_1153_cov_0.919103	1153	49.00
GC1003827_G04_NODE_10074_length_1153_cov_0.781676	1153	47.61
GC1003827_G04_NODE_10075_length_1153_cov_0.590643	1153	48.22
GC1003827_G04_NODE_10076_length_1152_cov_8.211707	1152	37.41
GC1003827_G04_NODE_10077_length_1152_cov_7.850732	1152	50.61
GC1003827_G04_NODE_10078_length_1152_cov_5.492683	1152	43.66
GC1003827_G04_NODE_10079_length_1152_cov_5.407805	1152	44.10
GC1003827_G04_NODE_10080_length_1152_cov_5.162927	1152	44.36
GC1003827_G04_NODE_10081_length_1152_cov_4.723902	1152	41.23
GC1003827_G04_NODE_10082_length_1152_cov_3.024390	1152	56.86
GC1003827_G04_NODE_10083_length_1152_cov_2.720976	1152	37.50
GC1003827_G04_NODE_10084_length_1152_cov_2.636098	1152	33.42
GC1003827_G04_NODE_10085_length_1152_cov_2.467317	1152	35.42
GC1003827_G04_NODE_10086_length_1152_cov_2.285854	1152	48.52
GC1003827_G04_NODE_10087_length_1152_cov_2.102439	1152	46.96
GC1003827_G04_NODE_10088_length_1152_cov_1.677073	1152	45.40
GC1003827_G04_NODE_10089_length_1152_cov_1.425366	1152	49.13
GC1003827_G04_NODE_10090_length_1151_cov_9.843750	1151	42.75
GC1003827_G04_NODE_10091_length_1151_cov_6.550781	1151	42.66
GC1003827_G04_NODE_10092_length_1151_cov_4.848633	1151	52.74
GC1003827_G04_NODE_10093_length_1151_cov_4.686523	1151	43.96
GC1003827_G04_NODE_10094_length_1151_cov_3.730469	1151	43.87
GC1003827_G04_NODE_10095_length_1151_cov_2.838867	1151	43.01
GC1003827_G04_NODE_10096_length_1151_cov_1.762695	1151	45.26
GC1003827_G04_NODE_10097_length_1151_cov_1.114258	1151	46.31
GC1003827_G04_NODE_10098_length_1151_cov_1.053711	1151	46.92
GC1003827_G04_NODE_10099_length_1151_cov_0.740234	1151	66.38
GC1003827_G04_NODE_10100_length_1150_cov_7.758553	1150	42.43
GC1003827_G04_NODE_10101_length_1150_cov_5.019550	1150	45.83
GC1003827_G04_NODE_10102_length_1150_cov_4.394917	1150	47.22
GC1003827_G04_NODE_10103_length_1150_cov_3.846530	1150	47.22
GC1003827_G04_NODE_10104_length_1150_cov_3.451613	1150	38.00
GC1003827_G04_NODE_10105_length_1150_cov_2.632454	1150	60.43
GC1003827_G04_NODE_10106_length_1150_cov_2.292278	1150	44.78
GC1003827_G04_NODE_10107_length_1150_cov_1.961877	1150	65.91
GC1003827_G04_NODE_10108_length_1150_cov_0.777126	1150	47.91
GC1003827_G04_NODE_10109_length_1149_cov_15.040117	1149	47.87
GC1003827_G04_NODE_10110_length_1149_cov_13.363992	1149	43.26
GC1003827_G04_NODE_10111_length_1149_cov_7.364971	1149	49.26
GC1003827_G04_NODE_10112_length_1149_cov_6.840509	1149	43.60
GC1003827_G04_NODE_10113_length_1149_cov_6.311155	1149	43.08
GC1003827_G04_NODE_10114_length_1149_cov_3.727006	1149	45.60
GC1003827_G04_NODE_10115_length_1149_cov_3.578278	1149	67.10
GC1003827_G04_NODE_10116_length_1149_cov_3.452055	1149	47.69
GC1003827_G04_NODE_10117_length_1149_cov_3.138943	1149	42.73
GC1003827_G04_NODE_10118_length_1149_cov_2.781800	1149	44.13
GC1003827_G04_NODE_10119_length_1149_cov_2.553816	1149	52.74
GC1003827_G04_NODE_10120_length_1149_cov_2.333659	1149	46.74
GC1003827_G04_NODE_10121_length_1149_cov_1.452055	1149	51.44
GC1003827_G04_NODE_10122_length_1149_cov_1.392368	1149	52.22
GC1003827_G04_NODE_10123_length_1149_cov_0.926614	1149	67.62
GC1003827_G04_NODE_10124_length_1148_cov_7.662096	1148	51.66
GC1003827_G04_NODE_10125_length_1148_cov_5.882468	1148	47.13
GC1003827_G04_NODE_10126_length_1148_cov_4.996082	1148	44.51
GC1003827_G04_NODE_10127_length_1148_cov_4.067581	1148	51.31
GC1003827_G04_NODE_10128_length_1148_cov_3.606268	1148	43.55
GC1003827_G04_NODE_10129_length_1148_cov_3.234084	1148	55.31
GC1003827_G04_NODE_10130_length_1148_cov_2.802155	1148	46.78
GC1003827_G04_NODE_10131_length_1148_cov_1.875612	1148	43.47
GC1003827_G04_NODE_10132_length_1148_cov_1.764936	1148	40.94
GC1003827_G04_NODE_10133_length_1148_cov_1.703232	1148	50.52
GC1003827_G04_NODE_10134_length_1147_cov_11.324510	1147	38.80
GC1003827_G04_NODE_10135_length_1147_cov_11.236275	1147	45.25
GC1003827_G04_NODE_10136_length_1147_cov_5.279412	1147	47.08
GC1003827_G04_NODE_10137_length_1147_cov_4.882353	1147	56.32
GC1003827_G04_NODE_10138_length_1147_cov_3.796078	1147	42.37
GC1003827_G04_NODE_10139_length_1147_cov_3.442157	1147	39.58
GC1003827_G04_NODE_10140_length_1147_cov_3.062745	1147	44.20
GC1003827_G04_NODE_10141_length_1147_cov_2.982353	1147	45.07
GC1003827_G04_NODE_10142_length_1147_cov_2.831373	1147	37.58
GC1003827_G04_NODE_10143_length_1147_cov_1.599020	1147	68.09
GC1003827_G04_NODE_10144_length_1147_cov_1.452941	1147	45.68
GC1003827_G04_NODE_10145_length_1147_cov_1.400980	1147	45.51
GC1003827_G04_NODE_10146_length_1147_cov_1.125490	1147	41.76
GC1003827_G04_NODE_10147_length_1147_cov_1.072549	1147	40.19
GC1003827_G04_NODE_10148_length_1147_cov_0.799020	1147	53.79
GC1003827_G04_NODE_10149_length_1147_cov_0.569608	1147	45.42
GC1003827_G04_NODE_10150_length_1146_cov_6.208047	1146	44.33
GC1003827_G04_NODE_10151_length_1146_cov_4.738960	1146	62.22
GC1003827_G04_NODE_10152_length_1146_cov_2.251227	1146	42.50
GC1003827_G04_NODE_10153_length_1146_cov_2.249264	1146	36.91
GC1003827_G04_NODE_10154_length_1146_cov_1.689892	1146	52.79
GC1003827_G04_NODE_10155_length_1146_cov_1.392542	1146	43.37
GC1003827_G04_NODE_10156_length_1146_cov_1.144259	1146	40.92
GC1003827_G04_NODE_10157_length_1146_cov_1.139352	1146	45.11
GC1003827_G04_NODE_10158_length_1146_cov_1.097154	1146	67.45
GC1003827_G04_NODE_10159_length_1146_cov_0.963690	1146	69.63
GC1003827_G04_NODE_10160_length_1146_cov_0.767419	1146	48.08
GC1003827_G04_NODE_10161_length_1146_cov_0.609421	1146	42.58
GC1003827_G04_NODE_10162_length_1145_cov_14.063851	1145	49.17
GC1003827_G04_NODE_10163_length_1145_cov_8.623772	1145	44.63
GC1003827_G04_NODE_10164_length_1145_cov_6.338900	1145	47.42
GC1003827_G04_NODE_10165_length_1145_cov_6.117878	1145	48.65
GC1003827_G04_NODE_10166_length_1145_cov_4.935167	1145	48.82
GC1003827_G04_NODE_10167_length_1145_cov_3.976424	1145	66.03
GC1003827_G04_NODE_10168_length_1145_cov_3.591356	1145	63.32
GC1003827_G04_NODE_10169_length_1145_cov_3.590373	1145	41.05
GC1003827_G04_NODE_10170_length_1145_cov_2.722004	1145	62.01
GC1003827_G04_NODE_10171_length_1145_cov_2.720039	1145	43.23
GC1003827_G04_NODE_10172_length_1145_cov_2.550098	1145	68.82
GC1003827_G04_NODE_10173_length_1145_cov_2.291749	1145	48.65
GC1003827_G04_NODE_10174_length_1145_cov_2.194499	1145	47.60
GC1003827_G04_NODE_10175_length_1145_cov_1.806483	1145	45.85
GC1003827_G04_NODE_10176_length_1145_cov_1.780943	1145	49.26
GC1003827_G04_NODE_10177_length_1145_cov_1.295678	1145	66.11
GC1003827_G04_NODE_10178_length_1145_cov_1.103143	1145	38.69
GC1003827_G04_NODE_10179_length_1145_cov_0.638507	1145	44.45
GC1003827_G04_NODE_10180_length_1144_cov_10.267453	1144	48.34
GC1003827_G04_NODE_10181_length_1144_cov_10.026549	1144	41.35
GC1003827_G04_NODE_10182_length_1144_cov_5.013766	1144	50.70
GC1003827_G04_NODE_10183_length_1144_cov_3.704031	1144	47.47
GC1003827_G04_NODE_10184_length_1144_cov_3.028515	1144	65.47
GC1003827_G04_NODE_10185_length_1144_cov_2.734513	1144	45.80
GC1003827_G04_NODE_10186_length_1144_cov_2.365782	1144	50.26
GC1003827_G04_NODE_10187_length_1144_cov_2.065880	1144	45.45
GC1003827_G04_NODE_10188_length_1144_cov_1.882989	1144	65.30
GC1003827_G04_NODE_10189_length_1144_cov_1.664700	1144	58.83
GC1003827_G04_NODE_10190_length_1144_cov_1.492625	1144	67.92
GC1003827_G04_NODE_10191_length_1144_cov_1.210423	1144	42.13
GC1003827_G04_NODE_10192_length_1143_cov_17.624016	1143	46.98
GC1003827_G04_NODE_10193_length_1143_cov_8.283465	1143	47.24
GC1003827_G04_NODE_10194_length_1143_cov_6.418307	1143	42.43
GC1003827_G04_NODE_10195_length_1143_cov_4.769685	1143	43.57
GC1003827_G04_NODE_10196_length_1143_cov_3.817913	1143	47.16
GC1003827_G04_NODE_10197_length_1143_cov_3.233268	1143	56.69
GC1003827_G04_NODE_10198_length_1143_cov_3.047244	1143	40.16
GC1003827_G04_NODE_10199_length_1143_cov_2.929134	1143	45.84
GC1003827_G04_NODE_10200_length_1143_cov_2.615157	1143	42.26
GC1003827_G04_NODE_10201_length_1143_cov_1.248031	1143	35.70
GC1003827_G04_NODE_10202_length_1143_cov_1.204724	1143	43.74
GC1003827_G04_NODE_10203_length_1142_cov_19.792118	1142	50.70
GC1003827_G04_NODE_10204_length_1142_cov_9.938916	1142	59.02
GC1003827_G04_NODE_10205_length_1142_cov_4.918227	1142	47.99
GC1003827_G04_NODE_10206_length_1142_cov_4.079803	1142	50.79
GC1003827_G04_NODE_10207_length_1142_cov_3.349754	1142	47.20
GC1003827_G04_NODE_10208_length_1142_cov_3.347783	1142	45.62
GC1003827_G04_NODE_10209_length_1142_cov_2.978325	1142	42.99
GC1003827_G04_NODE_10210_length_1142_cov_1.137931	1142	66.37
GC1003827_G04_NODE_10211_length_1141_cov_5.740631	1141	47.41
GC1003827_G04_NODE_10212_length_1141_cov_3.429980	1141	43.82
GC1003827_G04_NODE_10213_length_1141_cov_2.599606	1141	39.61
GC1003827_G04_NODE_10214_length_1141_cov_2.541420	1141	47.50
GC1003827_G04_NODE_10215_length_1141_cov_2.481262	1141	37.16
GC1003827_G04_NODE_10216_length_1141_cov_2.024655	1141	46.71
GC1003827_G04_NODE_10217_length_1141_cov_1.674556	1141	47.06
GC1003827_G04_NODE_10218_length_1141_cov_1.133136	1141	42.51
GC1003827_G04_NODE_10219_length_1140_cov_9.435341	1140	45.70
GC1003827_G04_NODE_10220_length_1140_cov_6.418559	1140	43.60
GC1003827_G04_NODE_10221_length_1140_cov_5.832182	1140	47.72
GC1003827_G04_NODE_10222_length_1140_cov_3.064166	1140	41.40
GC1003827_G04_NODE_10223_length_1140_cov_2.807502	1140	46.40
GC1003827_G04_NODE_10224_length_1140_cov_2.516288	1140	42.63
GC1003827_G04_NODE_10225_length_1140_cov_1.840079	1140	53.51
GC1003827_G04_NODE_10226_length_1140_cov_1.705824	1140	36.93
GC1003827_G04_NODE_10227_length_1140_cov_1.568608	1140	50.35
GC1003827_G04_NODE_10228_length_1140_cov_1.567621	1140	67.98
GC1003827_G04_NODE_10229_length_1140_cov_1.292201	1140	37.46
GC1003827_G04_NODE_10230_length_1140_cov_1.178677	1140	69.91
GC1003827_G04_NODE_10231_length_1140_cov_1.172754	1140	64.04
GC1003827_G04_NODE_10232_length_1140_cov_1.126357	1140	68.86
GC1003827_G04_NODE_10233_length_1140_cov_0.961500	1140	61.49
GC1003827_G04_NODE_10234_length_1140_cov_0.796644	1140	39.47
GC1003827_G04_NODE_10235_length_1140_cov_0.764067	1140	43.25
GC1003827_G04_NODE_10236_length_1140_cov_0.672261	1140	51.05
GC1003827_G04_NODE_10237_length_1139_cov_5.154150	1139	44.07
GC1003827_G04_NODE_10238_length_1139_cov_4.379447	1139	37.84
GC1003827_G04_NODE_10239_length_1139_cov_4.294466	1139	68.13
GC1003827_G04_NODE_10240_length_1139_cov_3.593874	1139	51.62
GC1003827_G04_NODE_10241_length_1139_cov_2.225296	1139	46.53
GC1003827_G04_NODE_10242_length_1139_cov_2.219368	1139	43.11
GC1003827_G04_NODE_10243_length_1139_cov_2.160079	1139	38.63
GC1003827_G04_NODE_10244_length_1139_cov_1.573123	1139	59.44
GC1003827_G04_NODE_10245_length_1139_cov_1.257905	1139	62.60
GC1003827_G04_NODE_10246_length_1139_cov_1.124506	1139	70.85
GC1003827_G04_NODE_10247_length_1139_cov_0.818182	1139	43.99
GC1003827_G04_NODE_10248_length_1138_cov_10.154303	1138	46.13
GC1003827_G04_NODE_10249_length_1138_cov_5.448071	1138	44.82
GC1003827_G04_NODE_10250_length_1138_cov_4.309594	1138	45.25
GC1003827_G04_NODE_10251_length_1138_cov_4.180020	1138	44.11
GC1003827_G04_NODE_10252_length_1138_cov_3.370920	1138	41.65
GC1003827_G04_NODE_10253_length_1138_cov_2.750742	1138	46.05
GC1003827_G04_NODE_10254_length_1138_cov_2.480712	1138	41.48
GC1003827_G04_NODE_10255_length_1138_cov_2.081108	1138	60.28
GC1003827_G04_NODE_10256_length_1138_cov_1.779426	1138	41.48
GC1003827_G04_NODE_10257_length_1138_cov_1.704253	1138	63.09
GC1003827_G04_NODE_10258_length_1138_cov_0.997033	1138	71.97
GC1003827_G04_NODE_10259_length_1137_cov_10.565347	1137	46.26
GC1003827_G04_NODE_10260_length_1137_cov_8.908911	1137	61.21
GC1003827_G04_NODE_10261_length_1137_cov_8.805941	1137	42.22
GC1003827_G04_NODE_10262_length_1137_cov_7.368317	1137	42.04
GC1003827_G04_NODE_10263_length_1137_cov_7.008911	1137	40.46
GC1003827_G04_NODE_10264_length_1137_cov_5.163366	1137	43.98
GC1003827_G04_NODE_10265_length_1137_cov_4.414851	1137	46.00
GC1003827_G04_NODE_10266_length_1137_cov_4.192079	1137	38.79
GC1003827_G04_NODE_10267_length_1137_cov_4.151485	1137	60.95
GC1003827_G04_NODE_10268_length_1137_cov_3.966337	1137	43.54
GC1003827_G04_NODE_10269_length_1137_cov_1.961386	1137	51.19
GC1003827_G04_NODE_10270_length_1137_cov_1.769307	1137	45.73
GC1003827_G04_NODE_10271_length_1137_cov_1.477228	1137	66.75
GC1003827_G04_NODE_10272_length_1137_cov_0.626733	1137	39.31
GC1003827_G04_NODE_10273_length_1136_cov_16.732408	1136	44.81
GC1003827_G04_NODE_10274_length_1136_cov_8.587711	1136	42.61
GC1003827_G04_NODE_10275_length_1136_cov_7.907830	1136	42.25
GC1003827_G04_NODE_10276_length_1136_cov_4.331021	1136	53.87
GC1003827_G04_NODE_10277_length_1136_cov_3.222002	1136	47.98
GC1003827_G04_NODE_10278_length_1136_cov_2.980178	1136	36.27
GC1003827_G04_NODE_10279_length_1136_cov_2.900892	1136	46.39
GC1003827_G04_NODE_10280_length_1136_cov_2.553023	1136	43.66
GC1003827_G04_NODE_10281_length_1136_cov_2.529237	1136	46.65
GC1003827_G04_NODE_10282_length_1136_cov_2.509415	1136	42.87
GC1003827_G04_NODE_10283_length_1136_cov_1.277502	1136	46.21
GC1003827_G04_NODE_10284_length_1136_cov_1.130823	1136	46.83
GC1003827_G04_NODE_10285_length_1136_cov_0.644202	1136	48.06
GC1003827_G04_NODE_10286_length_1135_cov_12.593254	1135	48.81
GC1003827_G04_NODE_10287_length_1135_cov_8.158730	1135	47.93
GC1003827_G04_NODE_10288_length_1135_cov_7.181548	1135	42.73
GC1003827_G04_NODE_10289_length_1135_cov_5.183532	1135	44.32
GC1003827_G04_NODE_10290_length_1135_cov_4.042659	1135	35.95
GC1003827_G04_NODE_10291_length_1135_cov_2.045635	1135	38.50
GC1003827_G04_NODE_10292_length_1135_cov_1.160714	1135	69.60
GC1003827_G04_NODE_10293_length_1134_cov_7.180735	1134	42.06
GC1003827_G04_NODE_10294_length_1134_cov_5.504469	1134	48.32
GC1003827_G04_NODE_10295_length_1134_cov_4.647468	1134	42.15
GC1003827_G04_NODE_10296_length_1134_cov_4.397219	1134	45.77
GC1003827_G04_NODE_10297_length_1134_cov_3.722939	1134	41.18
GC1003827_G04_NODE_10298_length_1134_cov_2.734856	1134	46.30
GC1003827_G04_NODE_10299_length_1134_cov_2.512413	1134	45.06
GC1003827_G04_NODE_10300_length_1134_cov_1.643496	1134	68.34
GC1003827_G04_NODE_10301_length_1134_cov_1.539225	1134	69.05
GC1003827_G04_NODE_10302_length_1134_cov_1.210526	1134	44.09
GC1003827_G04_NODE_10303_length_1134_cov_1.007944	1134	58.73
GC1003827_G04_NODE_10304_length_1134_cov_0.983118	1134	53.44
GC1003827_G04_NODE_10305_length_1134_cov_0.909633	1134	41.09
GC1003827_G04_NODE_10306_length_1133_cov_9.075547	1133	41.75
GC1003827_G04_NODE_10307_length_1133_cov_6.736581	1133	45.10
GC1003827_G04_NODE_10308_length_1133_cov_5.665010	1133	45.10
GC1003827_G04_NODE_10309_length_1133_cov_4.391650	1133	46.25
GC1003827_G04_NODE_10310_length_1133_cov_3.691849	1133	64.17
GC1003827_G04_NODE_10311_length_1133_cov_1.943340	1133	68.76
GC1003827_G04_NODE_10312_length_1133_cov_1.550696	1133	42.01
GC1003827_G04_NODE_10313_length_1133_cov_1.363817	1133	67.78
GC1003827_G04_NODE_10314_length_1132_cov_10.572139	1132	49.73
GC1003827_G04_NODE_10315_length_1132_cov_2.829851	1132	45.58
GC1003827_G04_NODE_10316_length_1132_cov_2.044776	1132	70.41
GC1003827_G04_NODE_10317_length_1132_cov_1.976119	1132	48.41
GC1003827_G04_NODE_10318_length_1132_cov_1.971144	1132	45.05
GC1003827_G04_NODE_10319_length_1132_cov_1.334328	1132	38.60
GC1003827_G04_NODE_10320_length_1131_cov_33.702191	1131	44.83
GC1003827_G04_NODE_10321_length_1131_cov_10.558765	1131	51.46
GC1003827_G04_NODE_10322_length_1131_cov_8.670319	1131	47.04
GC1003827_G04_NODE_10323_length_1131_cov_5.333665	1131	40.50
GC1003827_G04_NODE_10324_length_1131_cov_5.327689	1131	42.26
GC1003827_G04_NODE_10325_length_1131_cov_3.283865	1131	42.35
GC1003827_G04_NODE_10326_length_1131_cov_2.892430	1131	42.53
GC1003827_G04_NODE_10327_length_1131_cov_2.611554	1131	40.32
GC1003827_G04_NODE_10328_length_1131_cov_1.549801	1131	41.82
GC1003827_G04_NODE_10329_length_1131_cov_1.445219	1131	45.53
GC1003827_G04_NODE_10330_length_1131_cov_1.346614	1131	51.02
GC1003827_G04_NODE_10331_length_1131_cov_1.077689	1131	44.39
GC1003827_G04_NODE_10332_length_1131_cov_1.057769	1131	40.23
GC1003827_G04_NODE_10333_length_1131_cov_0.899402	1131	68.26
GC1003827_G04_NODE_10334_length_1130_cov_6.473579	1130	51.68
GC1003827_G04_NODE_10335_length_1130_cov_5.861416	1130	42.74
GC1003827_G04_NODE_10336_length_1130_cov_5.838485	1130	44.96
GC1003827_G04_NODE_10337_length_1130_cov_4.113659	1130	55.84
GC1003827_G04_NODE_10338_length_1130_cov_3.116650	1130	48.85
GC1003827_G04_NODE_10339_length_1130_cov_3.077767	1130	48.23
GC1003827_G04_NODE_10340_length_1130_cov_2.649053	1130	46.28
GC1003827_G04_NODE_10341_length_1130_cov_2.171486	1130	45.58
GC1003827_G04_NODE_10342_length_1130_cov_2.000000	1130	71.50
GC1003827_G04_NODE_10343_length_1130_cov_1.051844	1130	47.08
GC1003827_G04_NODE_10344_length_1130_cov_0.343968	1130	36.81
GC1003827_G04_NODE_10345_length_1129_cov_21.689621	1129	43.76
GC1003827_G04_NODE_10346_length_1129_cov_7.609780	1129	41.98
GC1003827_G04_NODE_10347_length_1129_cov_6.997006	1129	54.12
GC1003827_G04_NODE_10348_length_1129_cov_6.552894	1129	46.68
GC1003827_G04_NODE_10349_length_1129_cov_5.925150	1129	41.45
GC1003827_G04_NODE_10350_length_1129_cov_4.825349	1129	44.29
GC1003827_G04_NODE_10351_length_1129_cov_1.134731	1129	68.20
GC1003827_G04_NODE_10352_length_1129_cov_0.827345	1129	51.99
GC1003827_G04_NODE_10353_length_1128_cov_12.978022	1128	43.53
GC1003827_G04_NODE_10354_length_1128_cov_3.934066	1128	48.05
GC1003827_G04_NODE_10355_length_1128_cov_3.690310	1128	58.33
GC1003827_G04_NODE_10356_length_1128_cov_3.082917	1128	42.02
GC1003827_G04_NODE_10357_length_1128_cov_1.688312	1128	59.75
GC1003827_G04_NODE_10358_length_1128_cov_1.688312	1128	48.32
GC1003827_G04_NODE_10359_length_1128_cov_1.495504	1128	66.40
GC1003827_G04_NODE_10360_length_1128_cov_1.439560	1128	46.37
GC1003827_G04_NODE_10361_length_1128_cov_1.405594	1128	46.63
GC1003827_G04_NODE_10362_length_1128_cov_1.063936	1128	39.27
GC1003827_G04_NODE_10363_length_1128_cov_0.705295	1128	54.52
GC1003827_G04_NODE_10364_length_1128_cov_0.616384	1128	52.13
GC1003827_G04_NODE_10365_length_1127_cov_7.305000	1127	47.20
GC1003827_G04_NODE_10366_length_1127_cov_4.108000	1127	43.57
GC1003827_G04_NODE_10367_length_1127_cov_3.991000	1127	67.08
GC1003827_G04_NODE_10368_length_1127_cov_3.930000	1127	39.13
GC1003827_G04_NODE_10369_length_1127_cov_3.782000	1127	43.12
GC1003827_G04_NODE_10370_length_1127_cov_2.528000	1127	43.12
GC1003827_G04_NODE_10371_length_1127_cov_1.990000	1127	39.04
GC1003827_G04_NODE_10372_length_1127_cov_1.563000	1127	47.12
GC1003827_G04_NODE_10373_length_1127_cov_1.396000	1127	41.44
GC1003827_G04_NODE_10374_length_1127_cov_1.237000	1127	35.85
GC1003827_G04_NODE_10375_length_1126_cov_17.638639	1126	48.22
GC1003827_G04_NODE_10376_length_1126_cov_11.871872	1126	46.27
GC1003827_G04_NODE_10377_length_1126_cov_9.045045	1126	49.73
GC1003827_G04_NODE_10378_length_1126_cov_8.829830	1126	46.89
GC1003827_G04_NODE_10379_length_1126_cov_4.870871	1126	40.67
GC1003827_G04_NODE_10380_length_1126_cov_4.664665	1126	43.78
GC1003827_G04_NODE_10381_length_1126_cov_4.446446	1126	44.14
GC1003827_G04_NODE_10382_length_1126_cov_3.829830	1126	46.71
GC1003827_G04_NODE_10383_length_1126_cov_3.679680	1126	47.07
GC1003827_G04_NODE_10384_length_1126_cov_3.505506	1126	44.05
GC1003827_G04_NODE_10385_length_1126_cov_3.435435	1126	50.09
GC1003827_G04_NODE_10386_length_1126_cov_2.418418	1126	45.83
GC1003827_G04_NODE_10387_length_1126_cov_1.299299	1126	47.07
GC1003827_G04_NODE_10388_length_1126_cov_1.182182	1126	41.47
GC1003827_G04_NODE_10389_length_1126_cov_0.858859	1126	42.18
GC1003827_G04_NODE_10390_length_1125_cov_12.834669	1125	49.51
GC1003827_G04_NODE_10391_length_1125_cov_10.703407	1125	49.16
GC1003827_G04_NODE_10392_length_1125_cov_5.966934	1125	45.60
GC1003827_G04_NODE_10393_length_1125_cov_4.101202	1125	65.07
GC1003827_G04_NODE_10394_length_1125_cov_3.774549	1125	45.24
GC1003827_G04_NODE_10395_length_1125_cov_3.432866	1125	49.16
GC1003827_G04_NODE_10396_length_1125_cov_2.161323	1125	50.13
GC1003827_G04_NODE_10397_length_1125_cov_2.072144	1125	47.38
GC1003827_G04_NODE_10398_length_1125_cov_2.034068	1125	38.31
GC1003827_G04_NODE_10399_length_1125_cov_1.569138	1125	52.44
GC1003827_G04_NODE_10400_length_1125_cov_1.248497	1125	71.82
GC1003827_G04_NODE_10401_length_1125_cov_0.927856	1125	39.73
GC1003827_G04_NODE_10402_length_1125_cov_0.786573	1125	46.58
GC1003827_G04_NODE_10403_length_1125_cov_0.708417	1125	46.13
GC1003827_G04_NODE_10404_length_1124_cov_9.353059	1124	64.23
GC1003827_G04_NODE_10405_length_1124_cov_7.806419	1124	41.28
GC1003827_G04_NODE_10406_length_1124_cov_4.468405	1124	46.35
GC1003827_G04_NODE_10407_length_1124_cov_3.795386	1124	45.55
GC1003827_G04_NODE_10408_length_1124_cov_3.741224	1124	46.00
GC1003827_G04_NODE_10409_length_1124_cov_3.165496	1124	49.91
GC1003827_G04_NODE_10410_length_1124_cov_2.889669	1124	60.59
GC1003827_G04_NODE_10411_length_1124_cov_2.481444	1124	39.23
GC1003827_G04_NODE_10412_length_1124_cov_1.507523	1124	40.66
GC1003827_G04_NODE_10413_length_1124_cov_1.420261	1124	45.37
GC1003827_G04_NODE_10414_length_1123_cov_6.476908	1123	46.13
GC1003827_G04_NODE_10415_length_1123_cov_6.453815	1123	58.59
GC1003827_G04_NODE_10416_length_1123_cov_4.344378	1123	40.52
GC1003827_G04_NODE_10417_length_1123_cov_3.796185	1123	44.88
GC1003827_G04_NODE_10418_length_1123_cov_3.748996	1123	38.38
GC1003827_G04_NODE_10419_length_1123_cov_3.113454	1123	67.94
GC1003827_G04_NODE_10420_length_1123_cov_2.819277	1123	43.99
GC1003827_G04_NODE_10421_length_1123_cov_2.609438	1123	50.85
GC1003827_G04_NODE_10422_length_1123_cov_2.351406	1123	44.97
GC1003827_G04_NODE_10423_length_1123_cov_2.256024	1123	41.76
GC1003827_G04_NODE_10424_length_1123_cov_1.959839	1123	43.63
GC1003827_G04_NODE_10425_length_1123_cov_1.904618	1123	47.37
GC1003827_G04_NODE_10426_length_1123_cov_1.901606	1123	33.66
GC1003827_G04_NODE_10427_length_1123_cov_1.867470	1123	64.11
GC1003827_G04_NODE_10428_length_1123_cov_1.750000	1123	42.83
GC1003827_G04_NODE_10429_length_1123_cov_1.565261	1123	43.72
GC1003827_G04_NODE_10430_length_1123_cov_1.068273	1123	47.02
GC1003827_G04_NODE_10431_length_1122_cov_6.857286	1122	41.09
GC1003827_G04_NODE_10432_length_1122_cov_5.745729	1122	46.26
GC1003827_G04_NODE_10433_length_1122_cov_5.515578	1122	41.89
GC1003827_G04_NODE_10434_length_1122_cov_5.372864	1122	43.14
GC1003827_G04_NODE_10435_length_1122_cov_5.368844	1122	44.03
GC1003827_G04_NODE_10436_length_1122_cov_4.343719	1122	44.21
GC1003827_G04_NODE_10437_length_1122_cov_3.430151	1122	44.56
GC1003827_G04_NODE_10438_length_1122_cov_3.141709	1122	40.55
GC1003827_G04_NODE_10439_length_1122_cov_2.444221	1122	61.68
GC1003827_G04_NODE_10440_length_1122_cov_2.311558	1122	60.34
GC1003827_G04_NODE_10441_length_1122_cov_2.125628	1122	33.87
GC1003827_G04_NODE_10442_length_1122_cov_1.294472	1122	48.40
GC1003827_G04_NODE_10443_length_1121_cov_6.243461	1121	41.93
GC1003827_G04_NODE_10444_length_1121_cov_5.470825	1121	50.76
GC1003827_G04_NODE_10445_length_1121_cov_4.985915	1121	42.64
GC1003827_G04_NODE_10446_length_1121_cov_4.237425	1121	45.41
GC1003827_G04_NODE_10447_length_1121_cov_2.647887	1121	36.57
GC1003827_G04_NODE_10448_length_1121_cov_2.488934	1121	42.82
GC1003827_G04_NODE_10449_length_1121_cov_2.340040	1121	43.44
GC1003827_G04_NODE_10450_length_1121_cov_2.217304	1121	40.95
GC1003827_G04_NODE_10451_length_1121_cov_2.091549	1121	40.32
GC1003827_G04_NODE_10452_length_1121_cov_1.952716	1121	42.55
GC1003827_G04_NODE_10453_length_1121_cov_1.077465	1121	66.64
GC1003827_G04_NODE_10454_length_1121_cov_1.059356	1121	64.59
GC1003827_G04_NODE_10455_length_1121_cov_0.812877	1121	42.11
GC1003827_G04_NODE_10456_length_1120_cov_9.411883	1120	50.18
GC1003827_G04_NODE_10457_length_1120_cov_7.525680	1120	65.45
GC1003827_G04_NODE_10458_length_1120_cov_5.201410	1120	40.54
GC1003827_G04_NODE_10459_length_1120_cov_5.171198	1120	41.34
GC1003827_G04_NODE_10460_length_1120_cov_5.132931	1120	45.27
GC1003827_G04_NODE_10461_length_1120_cov_2.618328	1120	47.77
GC1003827_G04_NODE_10462_length_1120_cov_1.802618	1120	70.89
GC1003827_G04_NODE_10463_length_1120_cov_1.555891	1120	72.05
GC1003827_G04_NODE_10464_length_1120_cov_1.518630	1120	70.89
GC1003827_G04_NODE_10465_length_1120_cov_1.481370	1120	43.57
GC1003827_G04_NODE_10466_length_1120_cov_1.403827	1120	41.43
GC1003827_G04_NODE_10467_length_1120_cov_1.255791	1120	39.55
GC1003827_G04_NODE_10468_length_1120_cov_1.112790	1120	43.30
GC1003827_G04_NODE_10469_length_1119_cov_9.907258	1119	49.24
GC1003827_G04_NODE_10470_length_1119_cov_9.071573	1119	41.47
GC1003827_G04_NODE_10471_length_1119_cov_5.878024	1119	39.05
GC1003827_G04_NODE_10472_length_1119_cov_4.052419	1119	47.54
GC1003827_G04_NODE_10473_length_1119_cov_4.042339	1119	40.39
GC1003827_G04_NODE_10474_length_1119_cov_3.897177	1119	42.63
GC1003827_G04_NODE_10475_length_1119_cov_3.518145	1119	37.62
GC1003827_G04_NODE_10476_length_1119_cov_2.153226	1119	43.61
GC1003827_G04_NODE_10477_length_1119_cov_1.906250	1119	60.86
GC1003827_G04_NODE_10478_length_1119_cov_1.612903	1119	45.49
GC1003827_G04_NODE_10479_length_1119_cov_1.608871	1119	68.54
GC1003827_G04_NODE_10480_length_1119_cov_1.513105	1119	38.25
GC1003827_G04_NODE_10481_length_1119_cov_1.470766	1119	70.51
GC1003827_G04_NODE_10482_length_1119_cov_0.880040	1119	42.00
GC1003827_G04_NODE_10483_length_1119_cov_0.642137	1119	60.59
GC1003827_G04_NODE_10484_length_1118_cov_7.859738	1118	38.91
GC1003827_G04_NODE_10485_length_1118_cov_6.939455	1118	39.45
GC1003827_G04_NODE_10486_length_1118_cov_3.121090	1118	40.97
GC1003827_G04_NODE_10487_length_1118_cov_2.456105	1118	66.99
GC1003827_G04_NODE_10488_length_1118_cov_2.295661	1118	47.76
GC1003827_G04_NODE_10489_length_1118_cov_2.159435	1118	49.46
GC1003827_G04_NODE_10490_length_1118_cov_1.609485	1118	48.75
GC1003827_G04_NODE_10491_length_1118_cov_1.326942	1118	49.02
GC1003827_G04_NODE_10492_length_1118_cov_1.260343	1118	42.84
GC1003827_G04_NODE_10493_length_1118_cov_0.670030	1118	48.03
GC1003827_G04_NODE_10494_length_1118_cov_0.559031	1118	40.61
GC1003827_G04_NODE_10495_length_1118_cov_0.413724	1118	49.11
GC1003827_G04_NODE_10496_length_1117_cov_6.726263	1117	45.21
GC1003827_G04_NODE_10497_length_1117_cov_5.403030	1117	43.24
GC1003827_G04_NODE_10498_length_1117_cov_5.172727	1117	47.18
GC1003827_G04_NODE_10499_length_1117_cov_3.565657	1117	43.33
GC1003827_G04_NODE_10500_length_1117_cov_2.942424	1117	41.90
GC1003827_G04_NODE_10501_length_1117_cov_2.811111	1117	42.79
GC1003827_G04_NODE_10502_length_1117_cov_1.919192	1117	68.93
GC1003827_G04_NODE_10503_length_1117_cov_1.519192	1117	65.98
GC1003827_G04_NODE_10504_length_1117_cov_1.230303	1117	47.45
GC1003827_G04_NODE_10505_length_1117_cov_0.686869	1117	68.22
GC1003827_G04_NODE_10506_length_1116_cov_9.048534	1116	49.55
GC1003827_G04_NODE_10507_length_1116_cov_5.897877	1116	40.41
GC1003827_G04_NODE_10508_length_1116_cov_4.235592	1116	58.51
GC1003827_G04_NODE_10509_length_1116_cov_3.455005	1116	46.77
GC1003827_G04_NODE_10510_length_1116_cov_3.036400	1116	67.65
GC1003827_G04_NODE_10511_length_1116_cov_2.045501	1116	46.59
GC1003827_G04_NODE_10512_length_1116_cov_1.965622	1116	45.79
GC1003827_G04_NODE_10513_length_1116_cov_1.919110	1116	52.15
GC1003827_G04_NODE_10514_length_1116_cov_1.890799	1116	44.62
GC1003827_G04_NODE_10515_length_1116_cov_1.660263	1116	63.35
GC1003827_G04_NODE_10516_length_1116_cov_1.412538	1116	48.57
GC1003827_G04_NODE_10517_length_1116_cov_1.252781	1116	34.32
GC1003827_G04_NODE_10518_length_1116_cov_1.248736	1116	66.76
GC1003827_G04_NODE_10519_length_1116_cov_1.082912	1116	67.20
GC1003827_G04_NODE_10520_length_1116_cov_0.912032	1116	66.67
GC1003827_G04_NODE_10521_length_1116_cov_0.815976	1116	39.34
GC1003827_G04_NODE_10522_length_1115_cov_8.021255	1115	43.68
GC1003827_G04_NODE_10523_length_1115_cov_7.133603	1115	42.60
GC1003827_G04_NODE_10524_length_1115_cov_6.378543	1115	56.68
GC1003827_G04_NODE_10525_length_1115_cov_4.287449	1115	43.23
GC1003827_G04_NODE_10526_length_1115_cov_2.887652	1115	35.87
GC1003827_G04_NODE_10527_length_1115_cov_2.233806	1115	42.24
GC1003827_G04_NODE_10528_length_1115_cov_2.133603	1115	45.38
GC1003827_G04_NODE_10529_length_1115_cov_1.651822	1115	49.42
GC1003827_G04_NODE_10530_length_1115_cov_1.595142	1115	41.35
GC1003827_G04_NODE_10531_length_1114_cov_7.561297	1114	43.27
GC1003827_G04_NODE_10532_length_1114_cov_6.726444	1114	40.22
GC1003827_G04_NODE_10533_length_1114_cov_6.581560	1114	43.18
GC1003827_G04_NODE_10534_length_1114_cov_6.003040	1114	47.58
GC1003827_G04_NODE_10535_length_1114_cov_5.850051	1114	42.37
GC1003827_G04_NODE_10536_length_1114_cov_5.622087	1114	43.45
GC1003827_G04_NODE_10537_length_1114_cov_4.847011	1114	40.04
GC1003827_G04_NODE_10538_length_1114_cov_4.150963	1114	49.37
GC1003827_G04_NODE_10539_length_1114_cov_3.562310	1114	49.01
GC1003827_G04_NODE_10540_length_1114_cov_2.970618	1114	46.68
GC1003827_G04_NODE_10541_length_1114_cov_2.300912	1114	69.75
GC1003827_G04_NODE_10542_length_1114_cov_1.201621	1114	50.00
GC1003827_G04_NODE_10543_length_1114_cov_0.857143	1114	44.61
GC1003827_G04_NODE_10544_length_1114_cov_0.801418	1114	40.13
GC1003827_G04_NODE_10545_length_1113_cov_16.133874	1113	44.83
GC1003827_G04_NODE_10546_length_1113_cov_5.853955	1113	48.61
GC1003827_G04_NODE_10547_length_1113_cov_3.957404	1113	48.34
GC1003827_G04_NODE_10548_length_1113_cov_2.627789	1113	45.10
GC1003827_G04_NODE_10549_length_1113_cov_2.246450	1113	63.16
GC1003827_G04_NODE_10550_length_1113_cov_1.475659	1113	46.90
GC1003827_G04_NODE_10551_length_1113_cov_1.012170	1113	33.96
GC1003827_G04_NODE_10552_length_1113_cov_0.634888	1113	39.53
GC1003827_G04_NODE_10553_length_1112_cov_11.484264	1112	44.24
GC1003827_G04_NODE_10554_length_1112_cov_5.213198	1112	41.37
GC1003827_G04_NODE_10555_length_1112_cov_4.945178	1112	41.64
GC1003827_G04_NODE_10556_length_1112_cov_3.429442	1112	42.72
GC1003827_G04_NODE_10557_length_1112_cov_3.280203	1112	45.14
GC1003827_G04_NODE_10558_length_1112_cov_2.389848	1112	49.19
GC1003827_G04_NODE_10559_length_1112_cov_1.629442	1112	43.53
GC1003827_G04_NODE_10560_length_1112_cov_1.410152	1112	42.54
GC1003827_G04_NODE_10561_length_1112_cov_1.080203	1112	50.45
GC1003827_G04_NODE_10562_length_1112_cov_1.019289	1112	45.14
GC1003827_G04_NODE_10563_length_1111_cov_13.107724	1111	46.17
GC1003827_G04_NODE_10564_length_1111_cov_10.557927	1111	44.37
GC1003827_G04_NODE_10565_length_1111_cov_8.364837	1111	46.35
GC1003827_G04_NODE_10566_length_1111_cov_6.847561	1111	50.41
GC1003827_G04_NODE_10567_length_1111_cov_5.512195	1111	45.36
GC1003827_G04_NODE_10568_length_1111_cov_4.673780	1111	43.47
GC1003827_G04_NODE_10569_length_1111_cov_4.563008	1111	43.38
GC1003827_G04_NODE_10570_length_1111_cov_4.120935	1111	49.95
GC1003827_G04_NODE_10571_length_1111_cov_3.991870	1111	51.13
GC1003827_G04_NODE_10572_length_1111_cov_3.796748	1111	44.10
GC1003827_G04_NODE_10573_length_1111_cov_2.409553	1111	56.53
GC1003827_G04_NODE_10574_length_1111_cov_1.305894	1111	40.14
GC1003827_G04_NODE_10575_length_1111_cov_0.854675	1111	43.20
GC1003827_G04_NODE_10576_length_1111_cov_0.719512	1111	71.11
GC1003827_G04_NODE_10577_length_1111_cov_0.533537	1111	63.82
GC1003827_G04_NODE_10578_length_1110_cov_21.077314	1110	50.27
GC1003827_G04_NODE_10579_length_1110_cov_8.793489	1110	42.79
GC1003827_G04_NODE_10580_length_1110_cov_7.002035	1110	43.15
GC1003827_G04_NODE_10581_length_1110_cov_3.452696	1110	41.17
GC1003827_G04_NODE_10582_length_1110_cov_3.307223	1110	49.10
GC1003827_G04_NODE_10583_length_1110_cov_3.306205	1110	46.94
GC1003827_G04_NODE_10584_length_1110_cov_2.591048	1110	60.81
GC1003827_G04_NODE_10585_length_1110_cov_2.545270	1110	47.66
GC1003827_G04_NODE_10586_length_1110_cov_1.123093	1110	48.47
GC1003827_G04_NODE_10587_length_1110_cov_0.916582	1110	42.61
GC1003827_G04_NODE_10588_length_1110_cov_0.828077	1110	48.92
GC1003827_G04_NODE_10589_length_1110_cov_0.725331	1110	70.54
GC1003827_G04_NODE_10590_length_1109_cov_10.883910	1109	48.87
GC1003827_G04_NODE_10591_length_1109_cov_10.227088	1109	44.00
GC1003827_G04_NODE_10592_length_1109_cov_7.955193	1109	50.86
GC1003827_G04_NODE_10593_length_1109_cov_6.027495	1109	51.94
GC1003827_G04_NODE_10594_length_1109_cov_5.983707	1109	47.34
GC1003827_G04_NODE_10595_length_1109_cov_5.496945	1109	41.84
GC1003827_G04_NODE_10596_length_1109_cov_4.538697	1109	48.87
GC1003827_G04_NODE_10597_length_1109_cov_4.052953	1109	45.09
GC1003827_G04_NODE_10598_length_1109_cov_2.993890	1109	42.29
GC1003827_G04_NODE_10599_length_1109_cov_1.986762	1109	63.66
GC1003827_G04_NODE_10600_length_1109_cov_1.562118	1109	53.92
GC1003827_G04_NODE_10601_length_1109_cov_1.533605	1109	41.57
GC1003827_G04_NODE_10602_length_1109_cov_1.375764	1109	50.05
GC1003827_G04_NODE_10603_length_1109_cov_1.322811	1109	43.55
GC1003827_G04_NODE_10604_length_1109_cov_0.740326	1109	47.70
GC1003827_G04_NODE_10605_length_1108_cov_10.238532	1108	42.69
GC1003827_G04_NODE_10606_length_1108_cov_5.772681	1108	41.79
GC1003827_G04_NODE_10607_length_1108_cov_3.641182	1108	46.12
GC1003827_G04_NODE_10608_length_1108_cov_3.208970	1108	70.49
GC1003827_G04_NODE_10609_length_1108_cov_2.784913	1108	43.14
GC1003827_G04_NODE_10610_length_1108_cov_2.605505	1108	35.74
GC1003827_G04_NODE_10611_length_1108_cov_2.291539	1108	52.35
GC1003827_G04_NODE_10612_length_1108_cov_1.946993	1108	67.33
GC1003827_G04_NODE_10613_length_1108_cov_1.935780	1108	67.78
GC1003827_G04_NODE_10614_length_1108_cov_1.535168	1108	45.76
GC1003827_G04_NODE_10615_length_1108_cov_1.013252	1108	67.78
GC1003827_G04_NODE_10616_length_1107_cov_7.302041	1107	46.70
GC1003827_G04_NODE_10617_length_1107_cov_4.908163	1107	44.35
GC1003827_G04_NODE_10618_length_1107_cov_4.837755	1107	52.85
GC1003827_G04_NODE_10619_length_1107_cov_4.729592	1107	51.67
GC1003827_G04_NODE_10620_length_1107_cov_3.791837	1107	44.81
GC1003827_G04_NODE_10621_length_1107_cov_3.758163	1107	36.22
GC1003827_G04_NODE_10622_length_1107_cov_3.622449	1107	45.26
GC1003827_G04_NODE_10623_length_1107_cov_3.564286	1107	52.30
GC1003827_G04_NODE_10624_length_1107_cov_3.263265	1107	64.68
GC1003827_G04_NODE_10625_length_1107_cov_3.118367	1107	50.95
GC1003827_G04_NODE_10626_length_1107_cov_2.840816	1107	43.09
GC1003827_G04_NODE_10627_length_1107_cov_1.929592	1107	53.93
GC1003827_G04_NODE_10628_length_1107_cov_1.862245	1107	48.60
GC1003827_G04_NODE_10629_length_1107_cov_0.815306	1107	44.53
GC1003827_G04_NODE_10630_length_1107_cov_0.691837	1107	51.58
GC1003827_G04_NODE_10631_length_1106_cov_10.260470	1106	48.73
GC1003827_G04_NODE_10632_length_1106_cov_6.743616	1106	44.94
GC1003827_G04_NODE_10633_length_1106_cov_5.569969	1106	45.39
GC1003827_G04_NODE_10634_length_1106_cov_4.466803	1106	51.72
GC1003827_G04_NODE_10635_length_1106_cov_3.231869	1106	47.65
GC1003827_G04_NODE_10636_length_1106_cov_2.935649	1106	55.52
GC1003827_G04_NODE_10637_length_1106_cov_2.549540	1106	46.11
GC1003827_G04_NODE_10638_length_1106_cov_2.405516	1106	63.20
GC1003827_G04_NODE_10639_length_1106_cov_1.894791	1106	37.25
GC1003827_G04_NODE_10640_length_1106_cov_1.661900	1106	44.21
GC1003827_G04_NODE_10641_length_1106_cov_1.277835	1106	66.09
GC1003827_G04_NODE_10642_length_1106_cov_1.084780	1106	64.92
GC1003827_G04_NODE_10643_length_1106_cov_0.735444	1106	42.77
GC1003827_G04_NODE_10644_length_1106_cov_0.697651	1106	53.98
GC1003827_G04_NODE_10645_length_1105_cov_29.755624	1105	48.87
GC1003827_G04_NODE_10646_length_1105_cov_12.816973	1105	42.71
GC1003827_G04_NODE_10647_length_1105_cov_5.723926	1105	41.45
GC1003827_G04_NODE_10648_length_1105_cov_5.377301	1105	47.24
GC1003827_G04_NODE_10649_length_1105_cov_4.512270	1105	51.76
GC1003827_G04_NODE_10650_length_1105_cov_3.322086	1105	57.19
GC1003827_G04_NODE_10651_length_1105_cov_1.479550	1105	32.67
GC1003827_G04_NODE_10652_length_1104_cov_5.814739	1104	43.39
GC1003827_G04_NODE_10653_length_1104_cov_5.783009	1104	41.94
GC1003827_G04_NODE_10654_length_1104_cov_3.993859	1104	46.29
GC1003827_G04_NODE_10655_length_1104_cov_3.642784	1104	48.10
GC1003827_G04_NODE_10656_length_1104_cov_2.777892	1104	44.75
GC1003827_G04_NODE_10657_length_1104_cov_2.730809	1104	45.56
GC1003827_G04_NODE_10658_length_1104_cov_2.498465	1104	66.94
GC1003827_G04_NODE_10659_length_1104_cov_2.111566	1104	38.32
GC1003827_G04_NODE_10660_length_1104_cov_2.018424	1104	46.20
GC1003827_G04_NODE_10661_length_1104_cov_1.754350	1104	41.94
GC1003827_G04_NODE_10662_length_1104_cov_1.564995	1104	64.13
GC1003827_G04_NODE_10663_length_1104_cov_1.094166	1104	64.40
GC1003827_G04_NODE_10664_length_1104_cov_1.091095	1104	46.29
GC1003827_G04_NODE_10665_length_1103_cov_7.489754	1103	40.89
GC1003827_G04_NODE_10666_length_1103_cov_6.370902	1103	47.96
GC1003827_G04_NODE_10667_length_1103_cov_3.240779	1103	48.59
GC1003827_G04_NODE_10668_length_1103_cov_2.854508	1103	65.10
GC1003827_G04_NODE_10669_length_1103_cov_2.529713	1103	45.97
GC1003827_G04_NODE_10670_length_1103_cov_2.236680	1103	50.68
GC1003827_G04_NODE_10671_length_1103_cov_2.146516	1103	45.33
GC1003827_G04_NODE_10672_length_1103_cov_1.688525	1103	68.00
GC1003827_G04_NODE_10673_length_1103_cov_1.564549	1103	43.16
GC1003827_G04_NODE_10674_length_1103_cov_1.169057	1103	40.53
GC1003827_G04_NODE_10675_length_1103_cov_0.940574	1103	44.61
GC1003827_G04_NODE_10676_length_1103_cov_0.537910	1103	72.44
GC1003827_G04_NODE_10677_length_1102_cov_2.612308	1102	46.91
GC1003827_G04_NODE_10678_length_1102_cov_1.663590	1102	29.58
GC1003827_G04_NODE_10679_length_1102_cov_1.509744	1102	48.91
GC1003827_G04_NODE_10680_length_1102_cov_1.482051	1102	45.28
GC1003827_G04_NODE_10681_length_1102_cov_0.634872	1102	47.73
GC1003827_G04_NODE_10682_length_1101_cov_12.927105	1101	50.59
GC1003827_G04_NODE_10683_length_1101_cov_7.426078	1101	52.23
GC1003827_G04_NODE_10684_length_1101_cov_4.482546	1101	66.12
GC1003827_G04_NODE_10685_length_1101_cov_4.333676	1101	43.51
GC1003827_G04_NODE_10686_length_1101_cov_3.759754	1101	48.14
GC1003827_G04_NODE_10687_length_1101_cov_3.254620	1101	49.59
GC1003827_G04_NODE_10688_length_1101_cov_3.134497	1101	43.14
GC1003827_G04_NODE_10689_length_1101_cov_1.888090	1101	44.60
GC1003827_G04_NODE_10690_length_1101_cov_1.460986	1101	45.87
GC1003827_G04_NODE_10691_length_1101_cov_1.409651	1101	63.12
GC1003827_G04_NODE_10692_length_1100_cov_5.125385	1100	49.91
GC1003827_G04_NODE_10693_length_1100_cov_4.567318	1100	44.27
GC1003827_G04_NODE_10694_length_1100_cov_3.710175	1100	43.18
GC1003827_G04_NODE_10695_length_1100_cov_3.544707	1100	43.73
GC1003827_G04_NODE_10696_length_1100_cov_3.073998	1100	64.55
GC1003827_G04_NODE_10697_length_1100_cov_2.616650	1100	61.55
GC1003827_G04_NODE_10698_length_1100_cov_2.462487	1100	42.91
GC1003827_G04_NODE_10699_length_1100_cov_2.216855	1100	44.09
GC1003827_G04_NODE_10700_length_1100_cov_1.907503	1100	51.73
GC1003827_G04_NODE_10701_length_1100_cov_1.803700	1100	51.00
GC1003827_G04_NODE_10702_length_1100_cov_1.466598	1100	62.45
GC1003827_G04_NODE_10703_length_1100_cov_1.119219	1100	49.82
GC1003827_G04_NODE_10704_length_1100_cov_1.014388	1100	49.55
GC1003827_G04_NODE_10705_length_1100_cov_0.972251	1100	40.73
GC1003827_G04_NODE_10706_length_1099_cov_12.370370	1099	43.86
GC1003827_G04_NODE_10707_length_1099_cov_9.176955	1099	46.41
GC1003827_G04_NODE_10708_length_1099_cov_6.487654	1099	47.68
GC1003827_G04_NODE_10709_length_1099_cov_5.744856	1099	42.31
GC1003827_G04_NODE_10710_length_1099_cov_4.484568	1099	46.95
GC1003827_G04_NODE_10711_length_1099_cov_3.401235	1099	48.23
GC1003827_G04_NODE_10712_length_1099_cov_3.348765	1099	44.59
GC1003827_G04_NODE_10713_length_1099_cov_3.160494	1099	47.13
GC1003827_G04_NODE_10714_length_1099_cov_2.919753	1099	49.14
GC1003827_G04_NODE_10715_length_1099_cov_1.809671	1099	69.24
GC1003827_G04_NODE_10716_length_1099_cov_1.641975	1099	67.15
GC1003827_G04_NODE_10717_length_1099_cov_1.480453	1099	38.40
GC1003827_G04_NODE_10718_length_1099_cov_1.296296	1099	65.24
GC1003827_G04_NODE_10719_length_1099_cov_1.010288	1099	68.06
GC1003827_G04_NODE_10720_length_1099_cov_0.738683	1099	37.85
GC1003827_G04_NODE_10721_length_1098_cov_10.306900	1098	50.91
GC1003827_G04_NODE_10722_length_1098_cov_6.154480	1098	41.99
GC1003827_G04_NODE_10723_length_1098_cov_6.069001	1098	40.53
GC1003827_G04_NODE_10724_length_1098_cov_5.536560	1098	44.81
GC1003827_G04_NODE_10725_length_1098_cov_5.504634	1098	43.53
GC1003827_G04_NODE_10726_length_1098_cov_2.539650	1098	45.26
GC1003827_G04_NODE_10727_length_1098_cov_2.514933	1098	68.40
GC1003827_G04_NODE_10728_length_1098_cov_2.253347	1098	37.98
GC1003827_G04_NODE_10729_length_1098_cov_1.580844	1098	47.18
GC1003827_G04_NODE_10730_length_1098_cov_1.165808	1098	67.40
GC1003827_G04_NODE_10731_length_1097_cov_15.697938	1097	46.86
GC1003827_G04_NODE_10732_length_1097_cov_9.895876	1097	38.65
GC1003827_G04_NODE_10733_length_1097_cov_6.825773	1097	45.76
GC1003827_G04_NODE_10734_length_1097_cov_6.031959	1097	39.93
GC1003827_G04_NODE_10735_length_1097_cov_4.728866	1097	45.21
GC1003827_G04_NODE_10736_length_1097_cov_4.411340	1097	34.00
GC1003827_G04_NODE_10737_length_1097_cov_4.051546	1097	44.39
GC1003827_G04_NODE_10738_length_1097_cov_4.016495	1097	47.31
GC1003827_G04_NODE_10739_length_1097_cov_3.380412	1097	50.05
GC1003827_G04_NODE_10740_length_1097_cov_3.103093	1097	55.06
GC1003827_G04_NODE_10741_length_1097_cov_2.993814	1097	69.01
GC1003827_G04_NODE_10742_length_1097_cov_2.974227	1097	46.58
GC1003827_G04_NODE_10743_length_1097_cov_1.719588	1097	48.40
GC1003827_G04_NODE_10744_length_1096_cov_13.052632	1096	43.80
GC1003827_G04_NODE_10745_length_1096_cov_11.259030	1096	61.86
GC1003827_G04_NODE_10746_length_1096_cov_8.991744	1096	43.34
GC1003827_G04_NODE_10747_length_1096_cov_6.815273	1096	46.62
GC1003827_G04_NODE_10748_length_1096_cov_5.610939	1096	54.56
GC1003827_G04_NODE_10749_length_1096_cov_5.547988	1096	47.45
GC1003827_G04_NODE_10750_length_1096_cov_4.971104	1096	63.23
GC1003827_G04_NODE_10751_length_1096_cov_4.923633	1096	42.97
GC1003827_G04_NODE_10752_length_1096_cov_4.695562	1096	44.71
GC1003827_G04_NODE_10753_length_1096_cov_2.262126	1096	67.43
GC1003827_G04_NODE_10754_length_1096_cov_1.642931	1096	43.61
GC1003827_G04_NODE_10755_length_1096_cov_0.626419	1096	39.42
GC1003827_G04_NODE_10756_length_1095_cov_17.728306	1095	47.40
GC1003827_G04_NODE_10757_length_1095_cov_11.121901	1095	53.33
GC1003827_G04_NODE_10758_length_1095_cov_9.761364	1095	49.68
GC1003827_G04_NODE_10759_length_1095_cov_8.456612	1095	50.68
GC1003827_G04_NODE_10760_length_1095_cov_6.081612	1095	65.94
GC1003827_G04_NODE_10761_length_1095_cov_3.995868	1095	43.56
GC1003827_G04_NODE_10762_length_1095_cov_3.871901	1095	43.56
GC1003827_G04_NODE_10763_length_1095_cov_3.150826	1095	46.03
GC1003827_G04_NODE_10764_length_1095_cov_2.931818	1095	44.29
GC1003827_G04_NODE_10765_length_1095_cov_2.311983	1095	39.45
GC1003827_G04_NODE_10766_length_1095_cov_2.292355	1095	65.66
GC1003827_G04_NODE_10767_length_1095_cov_2.103306	1095	43.11
GC1003827_G04_NODE_10768_length_1094_cov_9.292658	1094	53.56
GC1003827_G04_NODE_10769_length_1094_cov_7.916236	1094	35.01
GC1003827_G04_NODE_10770_length_1094_cov_3.127198	1094	63.35
GC1003827_G04_NODE_10771_length_1094_cov_2.903826	1094	42.60
GC1003827_G04_NODE_10772_length_1094_cov_1.821096	1094	64.72
GC1003827_G04_NODE_10773_length_1094_cov_1.760083	1094	59.14
GC1003827_G04_NODE_10774_length_1094_cov_1.252327	1094	43.69
GC1003827_G04_NODE_10775_length_1093_cov_14.093168	1093	45.84
GC1003827_G04_NODE_10776_length_1093_cov_10.933747	1093	47.30
GC1003827_G04_NODE_10777_length_1093_cov_10.745342	1093	51.60
GC1003827_G04_NODE_10778_length_1093_cov_9.401656	1093	45.01
GC1003827_G04_NODE_10779_length_1093_cov_6.591097	1093	55.54
GC1003827_G04_NODE_10780_length_1093_cov_5.677019	1093	42.54
GC1003827_G04_NODE_10781_length_1093_cov_5.652174	1093	49.04
GC1003827_G04_NODE_10782_length_1093_cov_4.444099	1093	64.14
GC1003827_G04_NODE_10783_length_1093_cov_4.395445	1093	45.93
GC1003827_G04_NODE_10784_length_1093_cov_2.173913	1093	62.40
GC1003827_G04_NODE_10785_length_1093_cov_1.736025	1093	46.94
GC1003827_G04_NODE_10786_length_1093_cov_1.296066	1093	45.75
GC1003827_G04_NODE_10787_length_1093_cov_0.644928	1093	38.24
GC1003827_G04_NODE_10788_length_1092_cov_12.783420	1092	46.98
GC1003827_G04_NODE_10789_length_1092_cov_9.155440	1092	46.25
GC1003827_G04_NODE_10790_length_1092_cov_4.372021	1092	51.83
GC1003827_G04_NODE_10791_length_1092_cov_4.092228	1092	48.53
GC1003827_G04_NODE_10792_length_1092_cov_3.518135	1092	65.66
GC1003827_G04_NODE_10793_length_1092_cov_3.036269	1092	40.48
GC1003827_G04_NODE_10794_length_1092_cov_2.551295	1092	38.83
GC1003827_G04_NODE_10795_length_1092_cov_1.968912	1092	40.75
GC1003827_G04_NODE_10796_length_1092_cov_1.778238	1092	39.84
GC1003827_G04_NODE_10797_length_1092_cov_0.458031	1092	57.42
GC1003827_G04_NODE_10798_length_1091_cov_7.221992	1091	45.65
GC1003827_G04_NODE_10799_length_1091_cov_5.160788	1091	47.11
GC1003827_G04_NODE_10800_length_1091_cov_2.992739	1091	47.39
GC1003827_G04_NODE_10801_length_1091_cov_2.208506	1091	43.08
GC1003827_G04_NODE_10802_length_1091_cov_2.197095	1091	52.70
GC1003827_G04_NODE_10803_length_1091_cov_2.169087	1091	43.90
GC1003827_G04_NODE_10804_length_1091_cov_1.929461	1091	46.75
GC1003827_G04_NODE_10805_length_1091_cov_0.878631	1091	64.44
GC1003827_G04_NODE_10806_length_1091_cov_0.598548	1091	68.10
GC1003827_G04_NODE_10807_length_1090_cov_12.509865	1090	41.47
GC1003827_G04_NODE_10808_length_1090_cov_4.330218	1090	49.91
GC1003827_G04_NODE_10809_length_1090_cov_2.894081	1090	51.93
GC1003827_G04_NODE_10810_length_1090_cov_2.602285	1090	35.05
GC1003827_G04_NODE_10811_length_1090_cov_2.248183	1090	58.17
GC1003827_G04_NODE_10812_length_1090_cov_2.153686	1090	45.23
GC1003827_G04_NODE_10813_length_1090_cov_1.599169	1090	65.23
GC1003827_G04_NODE_10814_length_1090_cov_1.370717	1090	41.01
GC1003827_G04_NODE_10815_length_1090_cov_1.354102	1090	62.66
GC1003827_G04_NODE_10816_length_1090_cov_0.741433	1090	68.72
GC1003827_G04_NODE_10817_length_1090_cov_0.735202	1090	47.43
GC1003827_G04_NODE_10818_length_1089_cov_7.669439	1089	55.28
GC1003827_G04_NODE_10819_length_1089_cov_2.916840	1089	43.53
GC1003827_G04_NODE_10820_length_1089_cov_2.802495	1089	51.97
GC1003827_G04_NODE_10821_length_1089_cov_2.306653	1089	44.54
GC1003827_G04_NODE_10822_length_1089_cov_2.045738	1089	47.11
GC1003827_G04_NODE_10823_length_1089_cov_1.902287	1089	42.06
GC1003827_G04_NODE_10824_length_1088_cov_20.386056	1088	48.25
GC1003827_G04_NODE_10825_length_1088_cov_18.216441	1088	42.92
GC1003827_G04_NODE_10826_length_1088_cov_11.849116	1088	63.51
GC1003827_G04_NODE_10827_length_1088_cov_5.945890	1088	44.85
GC1003827_G04_NODE_10828_length_1088_cov_3.714880	1088	44.03
GC1003827_G04_NODE_10829_length_1088_cov_3.344433	1088	46.97
GC1003827_G04_NODE_10830_length_1088_cov_2.778356	1088	41.91
GC1003827_G04_NODE_10831_length_1088_cov_2.075963	1088	66.45
GC1003827_G04_NODE_10832_length_1088_cov_1.920916	1088	46.42
GC1003827_G04_NODE_10833_length_1088_cov_1.700312	1088	48.07
GC1003827_G04_NODE_10834_length_1088_cov_1.468262	1088	46.88
GC1003827_G04_NODE_10835_length_1088_cov_1.228928	1088	67.65
GC1003827_G04_NODE_10836_length_1088_cov_1.217482	1088	69.49
GC1003827_G04_NODE_10837_length_1088_cov_1.200832	1088	40.90
GC1003827_G04_NODE_10838_length_1088_cov_0.694069	1088	65.90
GC1003827_G04_NODE_10839_length_1087_cov_18.465625	1087	46.92
GC1003827_G04_NODE_10840_length_1087_cov_7.137500	1087	46.55
GC1003827_G04_NODE_10841_length_1087_cov_4.088542	1087	45.08
GC1003827_G04_NODE_10842_length_1087_cov_3.647917	1087	56.95
GC1003827_G04_NODE_10843_length_1087_cov_3.637500	1087	35.14
GC1003827_G04_NODE_10844_length_1087_cov_3.492708	1087	51.98
GC1003827_G04_NODE_10845_length_1087_cov_3.305208	1087	46.18
GC1003827_G04_NODE_10846_length_1087_cov_2.750000	1087	43.79
GC1003827_G04_NODE_10847_length_1087_cov_2.203125	1087	58.05
GC1003827_G04_NODE_10848_length_1087_cov_1.897917	1087	68.45
GC1003827_G04_NODE_10849_length_1087_cov_1.741667	1087	52.71
GC1003827_G04_NODE_10850_length_1087_cov_1.581250	1087	45.72
GC1003827_G04_NODE_10851_length_1086_cov_8.765381	1086	42.82
GC1003827_G04_NODE_10852_length_1086_cov_8.270073	1086	53.87
GC1003827_G04_NODE_10853_length_1086_cov_6.077164	1086	44.29
GC1003827_G04_NODE_10854_length_1086_cov_4.381648	1086	45.49
GC1003827_G04_NODE_10855_length_1086_cov_4.031283	1086	48.07
GC1003827_G04_NODE_10856_length_1086_cov_3.910323	1086	51.75
GC1003827_G04_NODE_10857_length_1086_cov_3.126173	1086	44.38
GC1003827_G04_NODE_10858_length_1086_cov_2.349322	1086	50.37
GC1003827_G04_NODE_10859_length_1086_cov_1.934307	1086	42.82
GC1003827_G04_NODE_10860_length_1086_cov_1.076121	1086	64.36
GC1003827_G04_NODE_10861_length_1086_cov_1.004171	1086	61.14
GC1003827_G04_NODE_10862_length_1086_cov_0.568300	1086	45.67
GC1003827_G04_NODE_10863_length_1085_cov_7.029228	1085	46.18
GC1003827_G04_NODE_10864_length_1085_cov_5.290188	1085	52.26
GC1003827_G04_NODE_10865_length_1085_cov_5.134656	1085	38.53
GC1003827_G04_NODE_10866_length_1085_cov_5.080376	1085	45.90
GC1003827_G04_NODE_10867_length_1085_cov_5.046973	1085	47.93
GC1003827_G04_NODE_10868_length_1085_cov_4.731733	1085	58.71
GC1003827_G04_NODE_10869_length_1085_cov_4.297495	1085	43.32
GC1003827_G04_NODE_10870_length_1085_cov_4.131524	1085	41.84
GC1003827_G04_NODE_10871_length_1085_cov_3.485386	1085	51.15
GC1003827_G04_NODE_10872_length_1085_cov_2.320459	1085	45.90
GC1003827_G04_NODE_10873_length_1085_cov_1.959290	1085	51.24
GC1003827_G04_NODE_10874_length_1085_cov_1.300626	1085	50.41
GC1003827_G04_NODE_10875_length_1085_cov_1.135699	1085	69.49
GC1003827_G04_NODE_10876_length_1085_cov_1.084551	1085	47.28
GC1003827_G04_NODE_10877_length_1085_cov_0.618998	1085	45.53
GC1003827_G04_NODE_10878_length_1084_cov_7.831766	1084	44.00
GC1003827_G04_NODE_10879_length_1084_cov_7.449321	1084	60.52
GC1003827_G04_NODE_10880_length_1084_cov_6.393939	1084	42.25
GC1003827_G04_NODE_10881_length_1084_cov_5.412748	1084	44.93
GC1003827_G04_NODE_10882_length_1084_cov_4.905956	1084	60.61
GC1003827_G04_NODE_10883_length_1084_cov_4.644723	1084	52.58
GC1003827_G04_NODE_10884_length_1084_cov_3.618600	1084	47.42
GC1003827_G04_NODE_10885_length_1084_cov_3.536050	1084	40.41
GC1003827_G04_NODE_10886_length_1084_cov_2.791014	1084	40.31
GC1003827_G04_NODE_10887_length_1084_cov_2.556949	1084	71.31
GC1003827_G04_NODE_10888_length_1084_cov_2.324974	1084	55.63
GC1003827_G04_NODE_10889_length_1084_cov_0.667712	1084	62.73
GC1003827_G04_NODE_10890_length_1083_cov_14.680962	1083	37.67
GC1003827_G04_NODE_10891_length_1083_cov_13.371339	1083	42.11
GC1003827_G04_NODE_10892_length_1083_cov_9.605649	1083	43.86
GC1003827_G04_NODE_10893_length_1083_cov_6.932008	1083	45.80
GC1003827_G04_NODE_10894_length_1083_cov_4.079498	1083	45.52
GC1003827_G04_NODE_10895_length_1083_cov_3.888075	1083	48.85
GC1003827_G04_NODE_10896_length_1083_cov_2.235356	1083	44.51
GC1003827_G04_NODE_10897_length_1083_cov_2.043933	1083	53.19
GC1003827_G04_NODE_10898_length_1083_cov_1.935146	1083	43.40
GC1003827_G04_NODE_10899_length_1083_cov_1.857741	1083	38.41
GC1003827_G04_NODE_10900_length_1083_cov_1.518828	1083	54.94
GC1003827_G04_NODE_10901_length_1083_cov_0.476987	1083	57.89
GC1003827_G04_NODE_10902_length_1082_cov_6.784293	1082	45.01
GC1003827_G04_NODE_10903_length_1082_cov_6.690052	1082	50.28
GC1003827_G04_NODE_10904_length_1082_cov_4.407330	1082	39.46
GC1003827_G04_NODE_10905_length_1082_cov_4.029319	1082	42.42
GC1003827_G04_NODE_10906_length_1082_cov_3.960209	1082	43.90
GC1003827_G04_NODE_10907_length_1082_cov_3.737173	1082	42.98
GC1003827_G04_NODE_10908_length_1082_cov_3.530890	1082	46.30
GC1003827_G04_NODE_10909_length_1082_cov_3.432461	1082	64.97
GC1003827_G04_NODE_10910_length_1082_cov_3.372775	1082	49.91
GC1003827_G04_NODE_10911_length_1082_cov_3.261780	1082	47.87
GC1003827_G04_NODE_10912_length_1082_cov_2.310995	1082	44.36
GC1003827_G04_NODE_10913_length_1082_cov_1.996859	1082	44.55
GC1003827_G04_NODE_10914_length_1082_cov_1.974869	1082	34.75
GC1003827_G04_NODE_10915_length_1082_cov_1.890052	1082	38.63
GC1003827_G04_NODE_10916_length_1082_cov_1.630366	1082	34.75
GC1003827_G04_NODE_10917_length_1082_cov_1.483770	1082	42.14
GC1003827_G04_NODE_10918_length_1082_cov_1.387435	1082	41.96
GC1003827_G04_NODE_10919_length_1082_cov_1.344503	1082	46.86
GC1003827_G04_NODE_10920_length_1082_cov_1.165445	1082	66.91
GC1003827_G04_NODE_10921_length_1081_cov_17.014675	1081	37.65
GC1003827_G04_NODE_10922_length_1081_cov_7.512579	1081	48.47
GC1003827_G04_NODE_10923_length_1081_cov_5.088050	1081	42.09
GC1003827_G04_NODE_10924_length_1081_cov_3.279874	1081	41.63
GC1003827_G04_NODE_10925_length_1081_cov_2.725367	1081	46.07
GC1003827_G04_NODE_10926_length_1081_cov_2.593291	1081	49.77
GC1003827_G04_NODE_10927_length_1081_cov_2.519916	1081	38.58
GC1003827_G04_NODE_10928_length_1081_cov_2.271488	1081	63.74
GC1003827_G04_NODE_10929_length_1081_cov_2.244235	1081	49.58
GC1003827_G04_NODE_10930_length_1081_cov_2.046122	1081	55.78
GC1003827_G04_NODE_10931_length_1081_cov_1.837526	1081	51.43
GC1003827_G04_NODE_10932_length_1081_cov_1.389937	1081	38.21
GC1003827_G04_NODE_10933_length_1081_cov_1.288260	1081	39.87
GC1003827_G04_NODE_10934_length_1080_cov_10.696747	1080	45.00
GC1003827_G04_NODE_10935_length_1080_cov_8.181532	1080	46.11
GC1003827_G04_NODE_10936_length_1080_cov_5.902413	1080	46.11
GC1003827_G04_NODE_10937_length_1080_cov_5.641133	1080	46.76
GC1003827_G04_NODE_10938_length_1080_cov_5.054565	1080	42.96
GC1003827_G04_NODE_10939_length_1080_cov_4.346275	1080	49.44
GC1003827_G04_NODE_10940_length_1080_cov_4.122770	1080	64.35
GC1003827_G04_NODE_10941_length_1080_cov_4.032529	1080	48.43
GC1003827_G04_NODE_10942_length_1080_cov_2.769150	1080	45.56
GC1003827_G04_NODE_10943_length_1080_cov_1.775446	1080	54.72
GC1003827_G04_NODE_10944_length_1079_cov_13.042017	1079	48.01
GC1003827_G04_NODE_10945_length_1079_cov_10.843487	1079	47.36
GC1003827_G04_NODE_10946_length_1079_cov_10.567227	1079	40.22
GC1003827_G04_NODE_10947_length_1079_cov_8.941176	1079	52.27
GC1003827_G04_NODE_10948_length_1079_cov_8.507353	1079	42.08
GC1003827_G04_NODE_10949_length_1079_cov_7.246849	1079	46.06
GC1003827_G04_NODE_10950_length_1079_cov_5.311975	1079	45.13
GC1003827_G04_NODE_10951_length_1079_cov_3.091387	1079	55.70
GC1003827_G04_NODE_10952_length_1079_cov_2.956933	1079	45.04
GC1003827_G04_NODE_10953_length_1079_cov_2.199580	1079	50.42
GC1003827_G04_NODE_10954_length_1079_cov_2.175420	1079	44.95
GC1003827_G04_NODE_10955_length_1079_cov_1.883403	1079	41.61
GC1003827_G04_NODE_10956_length_1079_cov_1.539916	1079	64.50
GC1003827_G04_NODE_10957_length_1079_cov_1.505252	1079	54.87
GC1003827_G04_NODE_10958_length_1079_cov_1.420168	1079	68.03
GC1003827_G04_NODE_10959_length_1078_cov_7.917981	1078	42.39
GC1003827_G04_NODE_10960_length_1078_cov_5.146162	1078	43.51
GC1003827_G04_NODE_10961_length_1078_cov_4.925342	1078	36.73
GC1003827_G04_NODE_10962_length_1078_cov_2.976866	1078	48.89
GC1003827_G04_NODE_10963_length_1078_cov_2.394322	1078	66.42
GC1003827_G04_NODE_10964_length_1078_cov_2.390116	1078	36.83
GC1003827_G04_NODE_10965_length_1078_cov_1.725552	1078	49.17
GC1003827_G04_NODE_10966_length_1078_cov_1.044164	1078	54.73
GC1003827_G04_NODE_10967_length_1078_cov_0.780231	1078	63.82
GC1003827_G04_NODE_10968_length_1077_cov_10.594737	1077	58.12
GC1003827_G04_NODE_10969_length_1077_cov_7.875789	1077	40.85
GC1003827_G04_NODE_10970_length_1077_cov_6.474737	1077	49.12
GC1003827_G04_NODE_10971_length_1077_cov_6.382105	1077	49.03
GC1003827_G04_NODE_10972_length_1077_cov_4.587368	1077	45.87
GC1003827_G04_NODE_10973_length_1077_cov_3.937895	1077	46.33
GC1003827_G04_NODE_10974_length_1077_cov_3.214737	1077	46.61
GC1003827_G04_NODE_10975_length_1077_cov_2.787368	1077	44.48
GC1003827_G04_NODE_10976_length_1077_cov_2.574737	1077	39.93
GC1003827_G04_NODE_10977_length_1077_cov_2.357895	1077	42.06
GC1003827_G04_NODE_10978_length_1077_cov_2.218947	1077	42.25
GC1003827_G04_NODE_10979_length_1077_cov_1.923158	1077	50.70
GC1003827_G04_NODE_10980_length_1077_cov_1.158947	1077	47.73
GC1003827_G04_NODE_10981_length_1077_cov_1.090526	1077	61.10
GC1003827_G04_NODE_10982_length_1077_cov_0.496842	1077	42.80
GC1003827_G04_NODE_10983_length_1076_cov_16.071654	1076	42.01
GC1003827_G04_NODE_10984_length_1076_cov_13.479452	1076	48.70
GC1003827_G04_NODE_10985_length_1076_cov_8.097998	1076	50.09
GC1003827_G04_NODE_10986_length_1076_cov_5.141201	1076	50.74
GC1003827_G04_NODE_10987_length_1076_cov_4.774499	1076	67.47
GC1003827_G04_NODE_10988_length_1076_cov_4.194942	1076	43.87
GC1003827_G04_NODE_10989_length_1076_cov_3.531085	1076	48.05
GC1003827_G04_NODE_10990_length_1076_cov_3.281349	1076	40.06
GC1003827_G04_NODE_10991_length_1076_cov_2.821918	1076	47.40
GC1003827_G04_NODE_10992_length_1076_cov_2.251844	1076	41.54
GC1003827_G04_NODE_10993_length_1076_cov_1.776607	1076	69.42
GC1003827_G04_NODE_10994_length_1076_cov_1.621707	1076	55.95
GC1003827_G04_NODE_10995_length_1076_cov_1.331928	1076	49.91
GC1003827_G04_NODE_10996_length_1076_cov_1.190727	1076	50.37
GC1003827_G04_NODE_10997_length_1076_cov_0.700738	1076	68.59
GC1003827_G04_NODE_10998_length_1075_cov_11.465190	1075	40.28
GC1003827_G04_NODE_10999_length_1075_cov_7.792194	1075	46.79
GC1003827_G04_NODE_11000_length_1075_cov_6.224684	1075	59.26
GC1003827_G04_NODE_11001_length_1075_cov_4.743671	1075	45.02
GC1003827_G04_NODE_11002_length_1075_cov_4.667722	1075	45.67
GC1003827_G04_NODE_11003_length_1075_cov_4.257384	1075	44.93
GC1003827_G04_NODE_11004_length_1075_cov_3.409283	1075	42.60
GC1003827_G04_NODE_11005_length_1075_cov_1.354430	1075	33.77
GC1003827_G04_NODE_11006_length_1075_cov_0.723629	1075	39.63
GC1003827_G04_NODE_11007_length_1074_cov_9.655755	1074	44.04
GC1003827_G04_NODE_11008_length_1074_cov_5.259768	1074	46.55
GC1003827_G04_NODE_11009_length_1074_cov_4.805702	1074	48.98
GC1003827_G04_NODE_11010_length_1074_cov_3.881732	1074	43.48
GC1003827_G04_NODE_11011_length_1074_cov_3.755016	1074	56.80
GC1003827_G04_NODE_11012_length_1074_cov_3.630412	1074	44.41
GC1003827_G04_NODE_11013_length_1074_cov_3.405491	1074	47.21
GC1003827_G04_NODE_11014_length_1074_cov_3.194298	1074	41.34
GC1003827_G04_NODE_11015_length_1074_cov_3.027455	1074	66.11
GC1003827_G04_NODE_11016_length_1074_cov_2.920803	1074	45.72
GC1003827_G04_NODE_11017_length_1074_cov_2.840549	1074	43.85
GC1003827_G04_NODE_11018_length_1074_cov_2.558606	1074	47.77
GC1003827_G04_NODE_11019_length_1074_cov_2.537487	1074	49.35
GC1003827_G04_NODE_11020_length_1074_cov_2.501584	1074	57.91
GC1003827_G04_NODE_11021_length_1074_cov_2.462513	1074	41.34
GC1003827_G04_NODE_11022_length_1074_cov_2.255544	1074	42.64
GC1003827_G04_NODE_11023_length_1074_cov_2.042239	1074	40.32
GC1003827_G04_NODE_11024_length_1074_cov_1.625132	1074	62.10
GC1003827_G04_NODE_11025_length_1074_cov_1.544879	1074	46.93
GC1003827_G04_NODE_11026_length_1074_cov_1.329461	1074	55.03
GC1003827_G04_NODE_11027_length_1074_cov_1.313622	1074	46.83
GC1003827_G04_NODE_11028_length_1074_cov_1.092925	1074	48.88
GC1003827_G04_NODE_11029_length_1074_cov_0.658923	1074	72.25
GC1003827_G04_NODE_11030_length_1074_cov_0.436114	1074	41.25
GC1003827_G04_NODE_11031_length_1073_cov_8.660677	1073	38.96
GC1003827_G04_NODE_11032_length_1073_cov_7.935518	1073	43.90
GC1003827_G04_NODE_11033_length_1073_cov_6.361522	1073	48.46
GC1003827_G04_NODE_11034_length_1073_cov_4.150106	1073	48.46
GC1003827_G04_NODE_11035_length_1073_cov_3.008457	1073	47.34
GC1003827_G04_NODE_11036_length_1073_cov_2.906977	1073	39.42
GC1003827_G04_NODE_11037_length_1073_cov_2.806554	1073	38.49
GC1003827_G04_NODE_11038_length_1073_cov_2.720930	1073	44.27
GC1003827_G04_NODE_11039_length_1073_cov_2.698732	1073	65.70
GC1003827_G04_NODE_11040_length_1073_cov_2.682875	1073	46.23
GC1003827_G04_NODE_11041_length_1073_cov_2.512685	1073	42.87
GC1003827_G04_NODE_11042_length_1073_cov_1.080338	1073	39.89
GC1003827_G04_NODE_11043_length_1073_cov_1.017970	1073	47.72
GC1003827_G04_NODE_11044_length_1073_cov_0.477801	1073	38.96
GC1003827_G04_NODE_11045_length_1072_cov_6.719577	1072	41.14
GC1003827_G04_NODE_11046_length_1072_cov_6.160847	1072	41.04
GC1003827_G04_NODE_11047_length_1072_cov_6.103704	1072	44.59
GC1003827_G04_NODE_11048_length_1072_cov_4.875132	1072	39.27
GC1003827_G04_NODE_11049_length_1072_cov_1.916402	1072	66.88
GC1003827_G04_NODE_11050_length_1072_cov_1.797884	1072	43.10
GC1003827_G04_NODE_11051_length_1072_cov_1.212698	1072	41.60
GC1003827_G04_NODE_11052_length_1072_cov_0.834921	1072	44.68
GC1003827_G04_NODE_11053_length_1071_cov_7.006356	1071	41.74
GC1003827_G04_NODE_11054_length_1071_cov_3.666314	1071	48.65
GC1003827_G04_NODE_11055_length_1071_cov_2.393008	1071	43.98
GC1003827_G04_NODE_11056_length_1071_cov_2.197034	1071	52.19
GC1003827_G04_NODE_11057_length_1071_cov_2.127119	1071	45.00
GC1003827_G04_NODE_11058_length_1071_cov_1.435381	1071	61.06
GC1003827_G04_NODE_11059_length_1071_cov_1.417373	1071	45.47
GC1003827_G04_NODE_11060_length_1070_cov_7.642630	1070	43.64
GC1003827_G04_NODE_11061_length_1070_cov_4.480382	1070	46.07
GC1003827_G04_NODE_11062_length_1070_cov_4.171792	1070	42.06
GC1003827_G04_NODE_11063_length_1070_cov_4.065748	1070	47.85
GC1003827_G04_NODE_11064_length_1070_cov_3.518558	1070	51.03
GC1003827_G04_NODE_11065_length_1070_cov_2.970308	1070	45.42
GC1003827_G04_NODE_11066_length_1070_cov_2.904560	1070	34.67
GC1003827_G04_NODE_11067_length_1070_cov_1.756098	1070	43.18
GC1003827_G04_NODE_11068_length_1070_cov_1.577943	1070	48.97
GC1003827_G04_NODE_11069_length_1070_cov_1.454931	1070	44.30
GC1003827_G04_NODE_11070_length_1070_cov_1.018028	1070	51.68
GC1003827_G04_NODE_11071_length_1069_cov_10.809979	1069	42.94
GC1003827_G04_NODE_11072_length_1069_cov_10.626327	1069	42.10
GC1003827_G04_NODE_11073_length_1069_cov_9.993631	1069	42.84
GC1003827_G04_NODE_11074_length_1069_cov_7.561571	1069	48.55
GC1003827_G04_NODE_11075_length_1069_cov_5.975584	1069	41.53
GC1003827_G04_NODE_11076_length_1069_cov_3.651805	1069	44.25
GC1003827_G04_NODE_11077_length_1069_cov_3.607219	1069	48.36
GC1003827_G04_NODE_11078_length_1069_cov_2.279193	1069	71.75
GC1003827_G04_NODE_11079_length_1069_cov_1.200637	1069	48.27
GC1003827_G04_NODE_11080_length_1069_cov_1.097665	1069	68.85
GC1003827_G04_NODE_11081_length_1068_cov_10.907545	1068	49.16
GC1003827_G04_NODE_11082_length_1068_cov_10.548353	1068	53.84
GC1003827_G04_NODE_11083_length_1068_cov_6.509033	1068	38.58
GC1003827_G04_NODE_11084_length_1068_cov_5.755579	1068	43.82
GC1003827_G04_NODE_11085_length_1068_cov_5.013815	1068	38.30
GC1003827_G04_NODE_11086_length_1068_cov_4.894793	1068	58.43
GC1003827_G04_NODE_11087_length_1068_cov_3.975558	1068	44.29
GC1003827_G04_NODE_11088_length_1068_cov_3.558980	1068	43.07
GC1003827_G04_NODE_11089_length_1068_cov_2.073326	1068	49.53
GC1003827_G04_NODE_11090_length_1068_cov_1.451647	1068	43.91
GC1003827_G04_NODE_11091_length_1068_cov_0.667375	1068	40.54
GC1003827_G04_NODE_11092_length_1067_cov_5.988298	1067	40.58
GC1003827_G04_NODE_11093_length_1067_cov_5.697872	1067	48.45
GC1003827_G04_NODE_11094_length_1067_cov_4.364894	1067	46.39
GC1003827_G04_NODE_11095_length_1067_cov_3.452128	1067	52.30
GC1003827_G04_NODE_11096_length_1067_cov_3.252128	1067	41.24
GC1003827_G04_NODE_11097_length_1067_cov_2.980851	1067	50.98
GC1003827_G04_NODE_11098_length_1067_cov_2.025532	1067	60.17
GC1003827_G04_NODE_11099_length_1067_cov_1.957447	1067	45.92
GC1003827_G04_NODE_11100_length_1067_cov_0.967021	1067	49.39
GC1003827_G04_NODE_11101_length_1066_cov_12.319489	1066	48.03
GC1003827_G04_NODE_11102_length_1066_cov_11.120341	1066	47.37
GC1003827_G04_NODE_11103_length_1066_cov_4.752929	1066	44.56
GC1003827_G04_NODE_11104_length_1066_cov_4.722045	1066	44.00
GC1003827_G04_NODE_11105_length_1066_cov_4.522897	1066	47.28
GC1003827_G04_NODE_11106_length_1066_cov_4.035144	1066	50.47
GC1003827_G04_NODE_11107_length_1066_cov_4.028754	1066	47.47
GC1003827_G04_NODE_11108_length_1066_cov_3.516507	1066	66.04
GC1003827_G04_NODE_11109_length_1066_cov_3.289670	1066	43.90
GC1003827_G04_NODE_11110_length_1066_cov_1.575080	1066	33.11
GC1003827_G04_NODE_11111_length_1066_cov_1.563365	1066	46.81
GC1003827_G04_NODE_11112_length_1066_cov_1.363152	1066	35.18
GC1003827_G04_NODE_11113_length_1066_cov_1.140575	1066	43.71
GC1003827_G04_NODE_11114_length_1066_cov_0.769968	1066	57.97
GC1003827_G04_NODE_11115_length_1066_cov_0.609159	1066	60.79
GC1003827_G04_NODE_11116_length_1065_cov_10.823028	1065	42.07
GC1003827_G04_NODE_11117_length_1065_cov_2.512793	1065	64.13
GC1003827_G04_NODE_11118_length_1065_cov_2.431770	1065	42.35
GC1003827_G04_NODE_11119_length_1065_cov_2.295309	1065	48.83
GC1003827_G04_NODE_11120_length_1065_cov_1.762260	1065	44.98
GC1003827_G04_NODE_11121_length_1065_cov_1.336887	1065	48.26
GC1003827_G04_NODE_11122_length_1065_cov_1.006397	1065	45.45
GC1003827_G04_NODE_11123_length_1064_cov_14.194237	1064	42.11
GC1003827_G04_NODE_11124_length_1064_cov_9.662753	1064	39.19
GC1003827_G04_NODE_11125_length_1064_cov_8.633938	1064	42.39
GC1003827_G04_NODE_11126_length_1064_cov_6.710779	1064	52.16
GC1003827_G04_NODE_11127_length_1064_cov_5.959445	1064	41.92
GC1003827_G04_NODE_11128_length_1064_cov_4.290288	1064	65.41
GC1003827_G04_NODE_11129_length_1064_cov_4.209178	1064	41.54
GC1003827_G04_NODE_11130_length_1064_cov_4.103522	1064	50.28
GC1003827_G04_NODE_11131_length_1064_cov_3.911419	1064	45.39
GC1003827_G04_NODE_11132_length_1064_cov_3.290288	1064	49.72
GC1003827_G04_NODE_11133_length_1064_cov_2.627535	1064	44.83
GC1003827_G04_NODE_11134_length_1064_cov_2.236926	1064	46.43
GC1003827_G04_NODE_11135_length_1064_cov_1.659552	1064	46.99
GC1003827_G04_NODE_11136_length_1064_cov_1.646745	1064	52.82
GC1003827_G04_NODE_11137_length_1064_cov_1.645678	1064	70.86
GC1003827_G04_NODE_11138_length_1064_cov_1.538954	1064	30.08
GC1003827_G04_NODE_11139_length_1064_cov_1.005336	1064	41.64
GC1003827_G04_NODE_11140_length_1064_cov_0.891142	1064	64.38
GC1003827_G04_NODE_11141_length_1064_cov_0.557097	1064	52.44
GC1003827_G04_NODE_11142_length_1063_cov_11.588675	1063	43.27
GC1003827_G04_NODE_11143_length_1063_cov_7.980769	1063	49.67
GC1003827_G04_NODE_11144_length_1063_cov_5.470085	1063	63.50
GC1003827_G04_NODE_11145_length_1063_cov_5.386752	1063	37.35
GC1003827_G04_NODE_11146_length_1063_cov_4.956197	1063	35.56
GC1003827_G04_NODE_11147_length_1063_cov_4.024573	1063	70.27
GC1003827_G04_NODE_11148_length_1063_cov_3.788462	1063	42.24
GC1003827_G04_NODE_11149_length_1063_cov_3.549145	1063	50.80
GC1003827_G04_NODE_11150_length_1063_cov_3.491453	1063	64.25
GC1003827_G04_NODE_11151_length_1063_cov_2.930556	1063	41.11
GC1003827_G04_NODE_11152_length_1063_cov_1.972222	1063	65.00
GC1003827_G04_NODE_11153_length_1063_cov_1.371795	1063	33.11
GC1003827_G04_NODE_11154_length_1063_cov_0.958333	1063	48.64
GC1003827_G04_NODE_11155_length_1063_cov_0.520299	1063	45.91
GC1003827_G04_NODE_11156_length_1062_cov_8.150802	1062	41.71
GC1003827_G04_NODE_11157_length_1062_cov_5.335829	1062	62.81
GC1003827_G04_NODE_11158_length_1062_cov_3.932620	1062	38.70
GC1003827_G04_NODE_11159_length_1062_cov_3.811765	1062	47.55
GC1003827_G04_NODE_11160_length_1062_cov_2.746524	1062	66.01
GC1003827_G04_NODE_11161_length_1062_cov_2.185027	1062	46.52
GC1003827_G04_NODE_11162_length_1062_cov_1.932620	1062	53.30
GC1003827_G04_NODE_11163_length_1062_cov_1.299465	1062	49.25
GC1003827_G04_NODE_11164_length_1062_cov_1.221390	1062	47.27
GC1003827_G04_NODE_11165_length_1062_cov_0.897326	1062	38.42
GC1003827_G04_NODE_11166_length_1061_cov_10.472163	1061	45.52
GC1003827_G04_NODE_11167_length_1061_cov_3.961456	1061	66.35
GC1003827_G04_NODE_11168_length_1061_cov_3.748394	1061	42.88
GC1003827_G04_NODE_11169_length_1061_cov_3.678801	1061	44.39
GC1003827_G04_NODE_11170_length_1061_cov_3.580300	1061	46.56
GC1003827_G04_NODE_11171_length_1061_cov_2.631692	1061	41.28
GC1003827_G04_NODE_11172_length_1061_cov_2.382227	1061	64.28
GC1003827_G04_NODE_11173_length_1061_cov_2.059957	1061	43.92
GC1003827_G04_NODE_11174_length_1061_cov_1.948608	1061	63.15
GC1003827_G04_NODE_11175_length_1061_cov_1.869379	1061	38.36
GC1003827_G04_NODE_11176_length_1061_cov_1.865096	1061	48.54
GC1003827_G04_NODE_11177_length_1061_cov_1.442184	1061	42.22
GC1003827_G04_NODE_11178_length_1061_cov_1.361884	1061	43.26
GC1003827_G04_NODE_11179_length_1060_cov_19.876742	1060	48.40
GC1003827_G04_NODE_11180_length_1060_cov_8.847803	1060	58.87
GC1003827_G04_NODE_11181_length_1060_cov_4.734191	1060	50.09
GC1003827_G04_NODE_11182_length_1060_cov_4.689175	1060	69.06
GC1003827_G04_NODE_11183_length_1060_cov_3.795284	1060	45.38
GC1003827_G04_NODE_11184_length_1060_cov_3.598071	1060	45.19
GC1003827_G04_NODE_11185_length_1060_cov_3.012862	1060	48.30
GC1003827_G04_NODE_11186_length_1060_cov_2.829582	1060	40.75
GC1003827_G04_NODE_11187_length_1060_cov_2.187567	1060	48.49
GC1003827_G04_NODE_11188_length_1060_cov_2.094319	1060	40.28
GC1003827_G04_NODE_11189_length_1060_cov_1.491961	1060	44.72
GC1003827_G04_NODE_11190_length_1060_cov_1.393355	1060	51.89
GC1003827_G04_NODE_11191_length_1060_cov_0.856377	1060	64.15
GC1003827_G04_NODE_11192_length_1060_cov_0.802787	1060	62.83
GC1003827_G04_NODE_11193_length_1060_cov_0.397642	1060	50.38
GC1003827_G04_NODE_11194_length_1059_cov_17.612661	1059	58.73
GC1003827_G04_NODE_11195_length_1059_cov_8.569742	1059	66.48
GC1003827_G04_NODE_11196_length_1059_cov_8.194206	1059	49.39
GC1003827_G04_NODE_11197_length_1059_cov_7.207082	1059	40.13
GC1003827_G04_NODE_11198_length_1059_cov_5.278970	1059	44.95
GC1003827_G04_NODE_11199_length_1059_cov_4.434549	1059	45.14
GC1003827_G04_NODE_11200_length_1059_cov_4.280043	1059	44.57
GC1003827_G04_NODE_11201_length_1059_cov_3.460300	1059	44.85
GC1003827_G04_NODE_11202_length_1059_cov_3.140558	1059	56.09
GC1003827_G04_NODE_11203_length_1059_cov_2.944206	1059	45.89
GC1003827_G04_NODE_11204_length_1059_cov_2.079399	1059	50.61
GC1003827_G04_NODE_11205_length_1059_cov_1.884120	1059	41.45
GC1003827_G04_NODE_11206_length_1059_cov_1.739270	1059	64.21
GC1003827_G04_NODE_11207_length_1059_cov_1.376609	1059	71.48
GC1003827_G04_NODE_11208_length_1059_cov_1.069742	1059	66.95
GC1003827_G04_NODE_11209_length_1059_cov_0.870172	1059	44.29
GC1003827_G04_NODE_11210_length_1059_cov_0.725322	1059	46.93
GC1003827_G04_NODE_11211_length_1059_cov_0.556867	1059	67.14
GC1003827_G04_NODE_11212_length_1058_cov_3.237379	1058	68.15
GC1003827_G04_NODE_11213_length_1058_cov_2.880773	1058	46.31
GC1003827_G04_NODE_11214_length_1058_cov_2.636950	1058	44.14
GC1003827_G04_NODE_11215_length_1058_cov_2.353383	1058	45.84
GC1003827_G04_NODE_11216_length_1058_cov_2.111708	1058	65.78
GC1003827_G04_NODE_11217_length_1058_cov_2.102041	1058	46.12
GC1003827_G04_NODE_11218_length_1058_cov_1.973147	1058	43.29
GC1003827_G04_NODE_11219_length_1058_cov_1.769066	1058	43.95
GC1003827_G04_NODE_11220_length_1058_cov_1.301826	1058	40.26
GC1003827_G04_NODE_11221_length_1058_cov_1.291085	1058	50.19
GC1003827_G04_NODE_11222_length_1057_cov_8.908602	1057	44.94
GC1003827_G04_NODE_11223_length_1057_cov_7.136559	1057	42.95
GC1003827_G04_NODE_11224_length_1057_cov_5.904301	1057	46.64
GC1003827_G04_NODE_11225_length_1057_cov_4.793548	1057	48.82
GC1003827_G04_NODE_11226_length_1057_cov_4.462366	1057	50.61
GC1003827_G04_NODE_11227_length_1057_cov_4.302151	1057	46.45
GC1003827_G04_NODE_11228_length_1057_cov_3.918280	1057	43.80
GC1003827_G04_NODE_11229_length_1057_cov_3.483871	1057	52.89
GC1003827_G04_NODE_11230_length_1057_cov_2.525806	1057	68.02
GC1003827_G04_NODE_11231_length_1057_cov_2.161290	1057	66.79
GC1003827_G04_NODE_11232_length_1057_cov_1.472043	1057	64.81
GC1003827_G04_NODE_11233_length_1057_cov_1.098925	1057	54.02
GC1003827_G04_NODE_11234_length_1057_cov_0.967742	1057	47.49
GC1003827_G04_NODE_11235_length_1056_cov_19.680301	1056	40.81
GC1003827_G04_NODE_11236_length_1056_cov_11.593111	1056	51.14
GC1003827_G04_NODE_11237_length_1056_cov_10.992465	1056	43.56
GC1003827_G04_NODE_11238_length_1056_cov_8.372443	1056	40.72
GC1003827_G04_NODE_11239_length_1056_cov_6.945102	1056	47.92
GC1003827_G04_NODE_11240_length_1056_cov_4.960172	1056	41.29
GC1003827_G04_NODE_11241_length_1056_cov_4.752422	1056	47.35
GC1003827_G04_NODE_11242_length_1056_cov_4.297094	1056	50.47
GC1003827_G04_NODE_11243_length_1056_cov_3.826695	1056	47.35
GC1003827_G04_NODE_11244_length_1056_cov_3.618945	1056	41.10
GC1003827_G04_NODE_11245_length_1056_cov_3.259419	1056	47.16
GC1003827_G04_NODE_11246_length_1056_cov_2.894510	1056	44.89
GC1003827_G04_NODE_11247_length_1056_cov_2.245425	1056	38.64
GC1003827_G04_NODE_11248_length_1056_cov_1.820237	1056	41.76
GC1003827_G04_NODE_11249_length_1056_cov_1.407966	1056	68.66
GC1003827_G04_NODE_11250_length_1056_cov_1.298170	1056	66.29
GC1003827_G04_NODE_11251_length_1056_cov_0.923574	1056	49.34
GC1003827_G04_NODE_11252_length_1055_cov_6.139009	1055	54.31
GC1003827_G04_NODE_11253_length_1055_cov_6.014009	1055	43.98
GC1003827_G04_NODE_11254_length_1055_cov_4.918103	1055	42.46
GC1003827_G04_NODE_11255_length_1055_cov_4.800647	1055	42.65
GC1003827_G04_NODE_11256_length_1055_cov_4.159483	1055	45.40
GC1003827_G04_NODE_11257_length_1055_cov_3.995690	1055	47.01
GC1003827_G04_NODE_11258_length_1055_cov_3.711207	1055	62.56
GC1003827_G04_NODE_11259_length_1055_cov_3.418103	1055	57.63
GC1003827_G04_NODE_11260_length_1055_cov_3.351293	1055	41.61
GC1003827_G04_NODE_11261_length_1055_cov_3.284483	1055	41.23
GC1003827_G04_NODE_11262_length_1055_cov_3.125000	1055	49.29
GC1003827_G04_NODE_11263_length_1055_cov_2.772629	1055	42.09
GC1003827_G04_NODE_11264_length_1055_cov_1.715517	1055	53.46
GC1003827_G04_NODE_11265_length_1055_cov_1.589440	1055	45.12
GC1003827_G04_NODE_11266_length_1055_cov_1.473060	1055	40.47
GC1003827_G04_NODE_11267_length_1055_cov_1.002155	1055	65.50
GC1003827_G04_NODE_11268_length_1055_cov_1.001078	1055	66.73
GC1003827_G04_NODE_11269_length_1054_cov_16.877023	1054	45.54
GC1003827_G04_NODE_11270_length_1054_cov_9.494067	1054	43.26
GC1003827_G04_NODE_11271_length_1054_cov_6.160734	1054	46.02
GC1003827_G04_NODE_11272_length_1054_cov_6.108954	1054	48.20
GC1003827_G04_NODE_11273_length_1054_cov_5.089536	1054	47.91
GC1003827_G04_NODE_11274_length_1054_cov_4.308522	1054	44.31
GC1003827_G04_NODE_11275_length_1054_cov_3.431499	1054	47.82
GC1003827_G04_NODE_11276_length_1054_cov_3.060410	1054	45.07
GC1003827_G04_NODE_11277_length_1054_cov_3.028047	1054	49.91
GC1003827_G04_NODE_11278_length_1054_cov_2.110032	1054	33.59
GC1003827_G04_NODE_11279_length_1054_cov_1.864078	1054	48.96
GC1003827_G04_NODE_11280_length_1054_cov_1.351672	1054	41.18
GC1003827_G04_NODE_11281_length_1054_cov_1.262136	1054	49.81
GC1003827_G04_NODE_11282_length_1054_cov_1.229773	1054	47.72
GC1003827_G04_NODE_11283_length_1054_cov_1.086300	1054	71.06
GC1003827_G04_NODE_11284_length_1054_cov_0.732470	1054	50.85
GC1003827_G04_NODE_11285_length_1053_cov_16.334773	1053	44.44
GC1003827_G04_NODE_11286_length_1053_cov_7.738661	1053	46.15
GC1003827_G04_NODE_11287_length_1053_cov_4.123110	1053	66.38
GC1003827_G04_NODE_11288_length_1053_cov_3.879050	1053	38.65
GC1003827_G04_NODE_11289_length_1053_cov_2.841253	1053	42.55
GC1003827_G04_NODE_11290_length_1053_cov_2.106911	1053	40.74
GC1003827_G04_NODE_11291_length_1053_cov_1.653348	1053	50.81
GC1003827_G04_NODE_11292_length_1053_cov_1.602592	1053	43.68
GC1003827_G04_NODE_11293_length_1053_cov_1.518359	1053	48.53
GC1003827_G04_NODE_11294_length_1053_cov_1.321814	1053	46.91
GC1003827_G04_NODE_11295_length_1053_cov_1.303456	1053	65.81
GC1003827_G04_NODE_11296_length_1052_cov_11.063784	1052	38.40
GC1003827_G04_NODE_11297_length_1052_cov_9.371892	1052	44.01
GC1003827_G04_NODE_11298_length_1052_cov_8.325405	1052	56.65
GC1003827_G04_NODE_11299_length_1052_cov_3.730811	1052	51.71
GC1003827_G04_NODE_11300_length_1052_cov_2.922162	1052	42.68
GC1003827_G04_NODE_11301_length_1052_cov_2.836757	1052	51.05
GC1003827_G04_NODE_11302_length_1052_cov_2.754595	1052	50.86
GC1003827_G04_NODE_11303_length_1052_cov_2.694054	1052	34.70
GC1003827_G04_NODE_11304_length_1052_cov_1.841081	1052	68.54
GC1003827_G04_NODE_11305_length_1052_cov_1.450811	1052	38.59
GC1003827_G04_NODE_11306_length_1052_cov_1.429189	1052	50.95
GC1003827_G04_NODE_11307_length_1052_cov_1.369730	1052	50.67
GC1003827_G04_NODE_11308_length_1051_cov_6.576840	1051	44.24
GC1003827_G04_NODE_11309_length_1051_cov_5.262987	1051	52.52
GC1003827_G04_NODE_11310_length_1051_cov_5.156926	1051	41.39
GC1003827_G04_NODE_11311_length_1051_cov_3.984848	1051	44.05
GC1003827_G04_NODE_11312_length_1051_cov_3.217532	1051	37.77
GC1003827_G04_NODE_11313_length_1051_cov_2.431818	1051	44.24
GC1003827_G04_NODE_11314_length_1051_cov_2.286797	1051	40.53
GC1003827_G04_NODE_11315_length_1051_cov_1.909091	1051	52.62
GC1003827_G04_NODE_11316_length_1051_cov_1.491342	1051	54.33
GC1003827_G04_NODE_11317_length_1051_cov_1.313853	1051	68.79
GC1003827_G04_NODE_11318_length_1051_cov_1.266234	1051	59.94
GC1003827_G04_NODE_11319_length_1051_cov_1.183983	1051	45.39
GC1003827_G04_NODE_11320_length_1051_cov_0.809524	1051	58.04
GC1003827_G04_NODE_11321_length_1051_cov_0.801948	1051	64.03
GC1003827_G04_NODE_11322_length_1051_cov_0.699134	1051	45.48
GC1003827_G04_NODE_11323_length_1051_cov_0.430736	1051	66.51
GC1003827_G04_NODE_11324_length_1050_cov_9.096425	1050	44.48
GC1003827_G04_NODE_11325_length_1050_cov_8.724810	1050	51.24
GC1003827_G04_NODE_11326_length_1050_cov_6.917660	1050	47.05
GC1003827_G04_NODE_11327_length_1050_cov_5.444204	1050	46.67
GC1003827_G04_NODE_11328_length_1050_cov_3.157096	1050	47.90
GC1003827_G04_NODE_11329_length_1050_cov_1.525460	1050	44.29
GC1003827_G04_NODE_11330_length_1050_cov_1.457205	1050	42.48
GC1003827_G04_NODE_11331_length_1050_cov_1.395450	1050	66.67
GC1003827_G04_NODE_11332_length_1050_cov_1.000000	1050	41.81
GC1003827_G04_NODE_11333_length_1049_cov_13.703905	1049	41.75
GC1003827_G04_NODE_11334_length_1049_cov_12.239696	1049	45.95
GC1003827_G04_NODE_11335_length_1049_cov_10.342733	1049	43.57
GC1003827_G04_NODE_11336_length_1049_cov_9.088937	1049	55.67
GC1003827_G04_NODE_11337_length_1049_cov_8.579176	1049	44.14
GC1003827_G04_NODE_11338_length_1049_cov_5.424078	1049	46.43
GC1003827_G04_NODE_11339_length_1049_cov_3.755965	1049	52.62
GC1003827_G04_NODE_11340_length_1049_cov_3.377440	1049	47.09
GC1003827_G04_NODE_11341_length_1049_cov_2.926247	1049	42.04
GC1003827_G04_NODE_11342_length_1049_cov_2.262473	1049	41.18
GC1003827_G04_NODE_11343_length_1049_cov_2.044469	1049	62.82
GC1003827_G04_NODE_11344_length_1049_cov_1.236443	1049	46.81
GC1003827_G04_NODE_11345_length_1049_cov_1.091106	1049	47.66
GC1003827_G04_NODE_11346_length_1049_cov_0.819957	1049	47.09
GC1003827_G04_NODE_11347_length_1049_cov_0.498915	1049	65.20
GC1003827_G04_NODE_11348_length_1048_cov_8.485342	1048	46.47
GC1003827_G04_NODE_11349_length_1048_cov_7.193268	1048	42.65
GC1003827_G04_NODE_11350_length_1048_cov_6.317047	1048	42.18
GC1003827_G04_NODE_11351_length_1048_cov_5.980456	1048	49.43
GC1003827_G04_NODE_11352_length_1048_cov_3.187839	1048	39.22
GC1003827_G04_NODE_11353_length_1048_cov_3.107492	1048	49.62
GC1003827_G04_NODE_11354_length_1048_cov_2.925081	1048	35.88
GC1003827_G04_NODE_11355_length_1048_cov_2.837134	1048	42.18
GC1003827_G04_NODE_11356_length_1048_cov_2.666667	1048	48.76
GC1003827_G04_NODE_11357_length_1048_cov_2.585233	1048	45.71
GC1003827_G04_NODE_11358_length_1048_cov_2.047774	1048	49.33
GC1003827_G04_NODE_11359_length_1048_cov_2.007600	1048	43.70
GC1003827_G04_NODE_11360_length_1048_cov_1.363735	1048	42.65
GC1003827_G04_NODE_11361_length_1048_cov_1.355049	1048	47.90
GC1003827_G04_NODE_11362_length_1048_cov_1.337676	1048	43.99
GC1003827_G04_NODE_11363_length_1047_cov_42.775000	1047	40.69
GC1003827_G04_NODE_11364_length_1047_cov_8.050000	1047	46.04
GC1003827_G04_NODE_11365_length_1047_cov_6.282609	1047	43.17
GC1003827_G04_NODE_11366_length_1047_cov_5.608696	1047	54.15
GC1003827_G04_NODE_11367_length_1047_cov_4.438043	1047	43.74
GC1003827_G04_NODE_11368_length_1047_cov_3.991304	1047	39.92
GC1003827_G04_NODE_11369_length_1047_cov_3.520652	1047	46.13
GC1003827_G04_NODE_11370_length_1047_cov_3.266304	1047	55.78
GC1003827_G04_NODE_11371_length_1047_cov_2.813043	1047	49.28
GC1003827_G04_NODE_11372_length_1047_cov_2.148913	1047	44.70
GC1003827_G04_NODE_11373_length_1047_cov_1.404348	1047	67.91
GC1003827_G04_NODE_11374_length_1047_cov_1.177174	1047	40.88
GC1003827_G04_NODE_11375_length_1047_cov_1.060870	1047	48.14
GC1003827_G04_NODE_11376_length_1047_cov_1.022826	1047	72.30
GC1003827_G04_NODE_11377_length_1047_cov_0.631522	1047	64.18
GC1003827_G04_NODE_11378_length_1047_cov_0.381522	1047	32.47
GC1003827_G04_NODE_11379_length_1046_cov_12.273123	1046	43.02
GC1003827_G04_NODE_11380_length_1046_cov_7.809576	1046	35.37
GC1003827_G04_NODE_11381_length_1046_cov_6.692057	1046	68.16
GC1003827_G04_NODE_11382_length_1046_cov_5.805223	1046	47.23
GC1003827_G04_NODE_11383_length_1046_cov_4.741023	1046	44.26
GC1003827_G04_NODE_11384_length_1046_cov_3.838955	1046	47.90
GC1003827_G04_NODE_11385_length_1046_cov_3.767138	1046	49.71
GC1003827_G04_NODE_11386_length_1046_cov_2.286181	1046	55.54
GC1003827_G04_NODE_11387_length_1046_cov_1.787813	1046	43.59
GC1003827_G04_NODE_11388_length_1046_cov_1.724701	1046	62.52
GC1003827_G04_NODE_11389_length_1046_cov_1.713819	1046	46.08
GC1003827_G04_NODE_11390_length_1046_cov_1.671382	1046	52.96
GC1003827_G04_NODE_11391_length_1046_cov_1.430903	1046	36.52
GC1003827_G04_NODE_11392_length_1046_cov_1.105550	1046	69.02
GC1003827_G04_NODE_11393_length_1046_cov_0.830250	1046	39.67
GC1003827_G04_NODE_11394_length_1046_cov_0.547334	1046	67.59
GC1003827_G04_NODE_11395_length_1045_cov_10.218954	1045	47.08
GC1003827_G04_NODE_11396_length_1045_cov_10.026144	1045	38.95
GC1003827_G04_NODE_11397_length_1045_cov_7.014161	1045	39.04
GC1003827_G04_NODE_11398_length_1045_cov_5.984749	1045	44.21
GC1003827_G04_NODE_11399_length_1045_cov_5.069717	1045	47.75
GC1003827_G04_NODE_11400_length_1045_cov_4.944444	1045	46.70
GC1003827_G04_NODE_11401_length_1045_cov_4.749455	1045	50.53
GC1003827_G04_NODE_11402_length_1045_cov_4.334423	1045	41.91
GC1003827_G04_NODE_11403_length_1045_cov_3.453159	1045	42.87
GC1003827_G04_NODE_11404_length_1045_cov_2.677560	1045	66.32
GC1003827_G04_NODE_11405_length_1045_cov_1.985839	1045	44.21
GC1003827_G04_NODE_11406_length_1045_cov_1.265795	1045	37.32
GC1003827_G04_NODE_11407_length_1045_cov_1.044662	1045	56.84
GC1003827_G04_NODE_11408_length_1044_cov_9.971647	1044	40.42
GC1003827_G04_NODE_11409_length_1044_cov_8.930207	1044	46.26
GC1003827_G04_NODE_11410_length_1044_cov_6.994547	1044	62.93
GC1003827_G04_NODE_11411_length_1044_cov_3.471101	1044	41.28
GC1003827_G04_NODE_11412_length_1044_cov_3.422028	1044	43.97
GC1003827_G04_NODE_11413_length_1044_cov_3.323882	1044	48.47
GC1003827_G04_NODE_11414_length_1044_cov_3.321701	1044	46.17
GC1003827_G04_NODE_11415_length_1044_cov_2.971647	1044	68.87
GC1003827_G04_NODE_11416_length_1044_cov_2.856052	1044	48.37
GC1003827_G04_NODE_11417_length_1044_cov_2.094875	1044	45.50
GC1003827_G04_NODE_11418_length_1044_cov_1.430752	1044	68.87
GC1003827_G04_NODE_11419_length_1044_cov_1.423119	1044	45.31
GC1003827_G04_NODE_11420_length_1044_cov_1.389313	1044	52.01
GC1003827_G04_NODE_11421_length_1044_cov_1.326063	1044	65.33
GC1003827_G04_NODE_11422_length_1044_cov_1.146129	1044	68.01
GC1003827_G04_NODE_11423_length_1044_cov_1.030534	1044	44.73
GC1003827_G04_NODE_11424_length_1044_cov_0.977099	1044	48.66
GC1003827_G04_NODE_11425_length_1044_cov_0.942203	1044	35.73
GC1003827_G04_NODE_11426_length_1043_cov_9.601528	1043	46.98
GC1003827_G04_NODE_11427_length_1043_cov_3.196507	1043	45.35
GC1003827_G04_NODE_11428_length_1043_cov_3.150655	1043	69.32
GC1003827_G04_NODE_11429_length_1043_cov_2.942140	1043	46.50
GC1003827_G04_NODE_11430_length_1043_cov_2.364629	1043	45.45
GC1003827_G04_NODE_11431_length_1043_cov_1.718341	1043	46.79
GC1003827_G04_NODE_11432_length_1043_cov_1.492358	1043	50.24
GC1003827_G04_NODE_11433_length_1043_cov_1.432314	1043	69.03
GC1003827_G04_NODE_11434_length_1043_cov_1.003275	1043	52.83
GC1003827_G04_NODE_11435_length_1043_cov_0.777293	1043	61.36
GC1003827_G04_NODE_11436_length_1043_cov_0.662664	1043	53.60
GC1003827_G04_NODE_11437_length_1042_cov_13.627322	1042	43.86
GC1003827_G04_NODE_11438_length_1042_cov_6.248087	1042	47.60
GC1003827_G04_NODE_11439_length_1042_cov_6.010929	1042	43.47
GC1003827_G04_NODE_11440_length_1042_cov_4.888525	1042	43.76
GC1003827_G04_NODE_11441_length_1042_cov_4.608743	1042	49.04
GC1003827_G04_NODE_11442_length_1042_cov_3.514754	1042	63.82
GC1003827_G04_NODE_11443_length_1042_cov_2.383607	1042	47.70
GC1003827_G04_NODE_11444_length_1042_cov_1.888525	1042	48.18
GC1003827_G04_NODE_11445_length_1042_cov_1.857923	1042	44.91
GC1003827_G04_NODE_11446_length_1042_cov_1.831694	1042	66.51
GC1003827_G04_NODE_11447_length_1042_cov_1.734426	1042	67.56
GC1003827_G04_NODE_11448_length_1042_cov_1.545355	1042	32.15
GC1003827_G04_NODE_11449_length_1042_cov_1.267760	1042	47.41
GC1003827_G04_NODE_11450_length_1042_cov_0.977049	1042	42.80
GC1003827_G04_NODE_11451_length_1042_cov_0.925683	1042	45.20
GC1003827_G04_NODE_11452_length_1042_cov_0.827322	1042	64.78
GC1003827_G04_NODE_11453_length_1042_cov_0.664481	1042	68.43
GC1003827_G04_NODE_11454_length_1041_cov_8.850109	1041	45.34
GC1003827_G04_NODE_11455_length_1041_cov_8.101751	1041	46.30
GC1003827_G04_NODE_11456_length_1041_cov_7.890591	1041	46.30
GC1003827_G04_NODE_11457_length_1041_cov_5.585339	1041	43.61
GC1003827_G04_NODE_11458_length_1041_cov_4.489059	1041	44.19
GC1003827_G04_NODE_11459_length_1041_cov_3.671772	1041	44.19
GC1003827_G04_NODE_11460_length_1041_cov_2.940919	1041	43.04
GC1003827_G04_NODE_11461_length_1041_cov_2.443107	1041	47.55
GC1003827_G04_NODE_11462_length_1041_cov_2.096280	1041	58.79
GC1003827_G04_NODE_11463_length_1041_cov_1.050328	1041	46.11
GC1003827_G04_NODE_11464_length_1040_cov_7.865279	1040	50.00
GC1003827_G04_NODE_11465_length_1040_cov_6.797371	1040	40.87
GC1003827_G04_NODE_11466_length_1040_cov_5.345016	1040	47.79
GC1003827_G04_NODE_11467_length_1040_cov_5.088719	1040	53.94
GC1003827_G04_NODE_11468_length_1040_cov_3.504929	1040	40.58
GC1003827_G04_NODE_11469_length_1040_cov_2.984666	1040	57.50
GC1003827_G04_NODE_11470_length_1040_cov_2.818182	1040	43.27
GC1003827_G04_NODE_11471_length_1040_cov_2.814896	1040	49.62
GC1003827_G04_NODE_11472_length_1040_cov_2.349398	1040	52.02
GC1003827_G04_NODE_11473_length_1040_cov_1.676889	1040	41.92
GC1003827_G04_NODE_11474_length_1040_cov_1.381161	1040	67.12
GC1003827_G04_NODE_11475_length_1040_cov_1.038335	1040	50.96
GC1003827_G04_NODE_11476_length_1040_cov_0.740416	1040	46.35
GC1003827_G04_NODE_11477_length_1040_cov_0.434830	1040	34.42
GC1003827_G04_NODE_11478_length_1039_cov_13.251096	1039	39.94
GC1003827_G04_NODE_11479_length_1039_cov_12.687500	1039	50.43
GC1003827_G04_NODE_11480_length_1039_cov_10.247807	1039	44.75
GC1003827_G04_NODE_11481_length_1039_cov_8.372807	1039	46.58
GC1003827_G04_NODE_11482_length_1039_cov_6.934211	1039	42.93
GC1003827_G04_NODE_11483_length_1039_cov_5.725877	1039	41.87
GC1003827_G04_NODE_11484_length_1039_cov_5.661184	1039	41.77
GC1003827_G04_NODE_11485_length_1039_cov_5.601974	1039	38.98
GC1003827_G04_NODE_11486_length_1039_cov_5.526316	1039	47.64
GC1003827_G04_NODE_11487_length_1039_cov_5.521930	1039	43.70
GC1003827_G04_NODE_11488_length_1039_cov_4.641447	1039	43.79
GC1003827_G04_NODE_11489_length_1039_cov_4.269737	1039	40.71
GC1003827_G04_NODE_11490_length_1039_cov_3.925439	1039	31.95
GC1003827_G04_NODE_11491_length_1039_cov_3.915570	1039	44.95
GC1003827_G04_NODE_11492_length_1039_cov_3.255482	1039	45.14
GC1003827_G04_NODE_11493_length_1039_cov_2.919956	1039	47.45
GC1003827_G04_NODE_11494_length_1039_cov_2.357456	1039	51.01
GC1003827_G04_NODE_11495_length_1039_cov_2.176535	1039	52.36
GC1003827_G04_NODE_11496_length_1039_cov_2.163377	1039	53.32
GC1003827_G04_NODE_11497_length_1039_cov_1.407895	1039	43.98
GC1003827_G04_NODE_11498_length_1039_cov_0.940789	1039	66.12
GC1003827_G04_NODE_11499_length_1039_cov_0.794956	1039	55.15
GC1003827_G04_NODE_11500_length_1038_cov_8.079034	1038	54.72
GC1003827_G04_NODE_11501_length_1038_cov_7.193194	1038	43.74
GC1003827_G04_NODE_11502_length_1038_cov_6.027442	1038	65.13
GC1003827_G04_NODE_11503_length_1038_cov_5.083425	1038	48.17
GC1003827_G04_NODE_11504_length_1038_cov_4.385291	1038	61.95
GC1003827_G04_NODE_11505_length_1038_cov_4.061471	1038	44.41
GC1003827_G04_NODE_11506_length_1038_cov_3.669594	1038	43.55
GC1003827_G04_NODE_11507_length_1038_cov_3.361142	1038	42.58
GC1003827_G04_NODE_11508_length_1038_cov_3.140505	1038	51.35
GC1003827_G04_NODE_11509_length_1038_cov_2.596048	1038	45.28
GC1003827_G04_NODE_11510_length_1038_cov_2.523600	1038	54.05
GC1003827_G04_NODE_11511_length_1038_cov_2.246981	1038	46.34
GC1003827_G04_NODE_11512_length_1038_cov_1.957190	1038	44.51
GC1003827_G04_NODE_11513_length_1038_cov_1.490670	1038	48.94
GC1003827_G04_NODE_11514_length_1038_cov_1.215148	1038	72.74
GC1003827_G04_NODE_11515_length_1038_cov_0.878156	1038	65.03
GC1003827_G04_NODE_11516_length_1038_cov_0.849616	1038	43.93
GC1003827_G04_NODE_11517_length_1037_cov_10.187912	1037	47.93
GC1003827_G04_NODE_11518_length_1037_cov_6.081319	1037	40.69
GC1003827_G04_NODE_11519_length_1037_cov_5.676923	1037	36.74
GC1003827_G04_NODE_11520_length_1037_cov_2.387912	1037	51.01
GC1003827_G04_NODE_11521_length_1037_cov_2.295604	1037	47.54
GC1003827_G04_NODE_11522_length_1037_cov_1.807692	1037	32.21
GC1003827_G04_NODE_11523_length_1037_cov_1.727473	1037	54.87
GC1003827_G04_NODE_11524_length_1037_cov_1.626374	1037	45.71
GC1003827_G04_NODE_11525_length_1037_cov_1.328571	1037	69.05
GC1003827_G04_NODE_11526_length_1037_cov_0.638462	1037	46.58
GC1003827_G04_NODE_11527_length_1036_cov_10.809681	1036	39.86
GC1003827_G04_NODE_11528_length_1036_cov_7.574257	1036	51.83
GC1003827_G04_NODE_11529_length_1036_cov_7.251925	1036	42.08
GC1003827_G04_NODE_11530_length_1036_cov_6.196920	1036	48.26
GC1003827_G04_NODE_11531_length_1036_cov_4.196920	1036	48.07
GC1003827_G04_NODE_11532_length_1036_cov_4.051705	1036	47.39
GC1003827_G04_NODE_11533_length_1036_cov_3.377338	1036	44.88
GC1003827_G04_NODE_11534_length_1036_cov_3.145215	1036	47.68
GC1003827_G04_NODE_11535_length_1036_cov_2.722772	1036	63.13
GC1003827_G04_NODE_11536_length_1036_cov_2.391639	1036	45.66
GC1003827_G04_NODE_11537_length_1036_cov_1.808581	1036	52.51
GC1003827_G04_NODE_11538_length_1036_cov_1.257426	1036	51.25
GC1003827_G04_NODE_11539_length_1036_cov_1.224422	1036	46.43
GC1003827_G04_NODE_11540_length_1036_cov_1.179318	1036	45.37
GC1003827_G04_NODE_11541_length_1036_cov_1.140814	1036	66.99
GC1003827_G04_NODE_11542_length_1036_cov_0.712871	1036	43.73
GC1003827_G04_NODE_11543_length_1035_cov_6.609031	1035	44.44
GC1003827_G04_NODE_11544_length_1035_cov_5.668502	1035	46.38
GC1003827_G04_NODE_11545_length_1035_cov_4.610132	1035	48.21
GC1003827_G04_NODE_11546_length_1035_cov_3.201542	1035	53.72
GC1003827_G04_NODE_11547_length_1035_cov_3.023128	1035	42.42
GC1003827_G04_NODE_11548_length_1035_cov_3.020925	1035	64.44
GC1003827_G04_NODE_11549_length_1035_cov_2.919604	1035	46.57
GC1003827_G04_NODE_11550_length_1035_cov_2.908590	1035	44.54
GC1003827_G04_NODE_11551_length_1035_cov_2.723568	1035	68.21
GC1003827_G04_NODE_11552_length_1035_cov_1.876652	1035	44.06
GC1003827_G04_NODE_11553_length_1035_cov_0.941630	1035	51.40
GC1003827_G04_NODE_11554_length_1034_cov_7.349504	1034	40.72
GC1003827_G04_NODE_11555_length_1034_cov_6.105843	1034	53.77
GC1003827_G04_NODE_11556_length_1034_cov_5.246968	1034	50.77
GC1003827_G04_NODE_11557_length_1034_cov_4.025358	1034	43.81
GC1003827_G04_NODE_11558_length_1034_cov_1.517089	1034	41.88
GC1003827_G04_NODE_11559_length_1034_cov_1.195149	1034	38.97
GC1003827_G04_NODE_11560_length_1033_cov_11.494481	1033	44.72
GC1003827_G04_NODE_11561_length_1033_cov_5.696468	1033	49.56
GC1003827_G04_NODE_11562_length_1033_cov_4.733996	1033	42.11
GC1003827_G04_NODE_11563_length_1033_cov_4.208609	1033	56.34
GC1003827_G04_NODE_11564_length_1033_cov_4.104857	1033	44.34
GC1003827_G04_NODE_11565_length_1033_cov_3.690949	1033	43.37
GC1003827_G04_NODE_11566_length_1033_cov_2.782561	1033	49.85
GC1003827_G04_NODE_11567_length_1033_cov_2.683223	1033	51.50
GC1003827_G04_NODE_11568_length_1033_cov_2.409492	1033	41.53
GC1003827_G04_NODE_11569_length_1033_cov_2.226269	1033	49.76
GC1003827_G04_NODE_11570_length_1033_cov_2.069536	1033	44.24
GC1003827_G04_NODE_11571_length_1033_cov_1.514349	1033	67.76
GC1003827_G04_NODE_11572_length_1033_cov_1.411700	1033	45.60
GC1003827_G04_NODE_11573_length_1033_cov_1.152318	1033	36.88
GC1003827_G04_NODE_11574_length_1033_cov_0.998896	1033	41.53
GC1003827_G04_NODE_11575_length_1033_cov_0.948124	1033	34.95
GC1003827_G04_NODE_11576_length_1033_cov_0.909492	1033	43.56
GC1003827_G04_NODE_11577_length_1032_cov_10.093923	1032	47.67
GC1003827_G04_NODE_11578_length_1032_cov_7.173481	1032	49.13
GC1003827_G04_NODE_11579_length_1032_cov_6.660773	1032	47.97
GC1003827_G04_NODE_11580_length_1032_cov_5.332597	1032	44.19
GC1003827_G04_NODE_11581_length_1032_cov_4.939227	1032	60.27
GC1003827_G04_NODE_11582_length_1032_cov_4.331492	1032	65.50
GC1003827_G04_NODE_11583_length_1032_cov_4.325967	1032	60.66
GC1003827_G04_NODE_11584_length_1032_cov_4.196685	1032	52.81
GC1003827_G04_NODE_11585_length_1032_cov_2.975691	1032	46.61
GC1003827_G04_NODE_11586_length_1032_cov_2.047514	1032	43.99
GC1003827_G04_NODE_11587_length_1032_cov_1.501657	1032	53.68
GC1003827_G04_NODE_11588_length_1032_cov_1.285083	1032	46.12
GC1003827_G04_NODE_11589_length_1032_cov_1.194475	1032	43.70
GC1003827_G04_NODE_11590_length_1032_cov_1.121547	1032	43.80
GC1003827_G04_NODE_11591_length_1032_cov_1.054144	1032	45.45
GC1003827_G04_NODE_11592_length_1032_cov_0.976796	1032	41.76
GC1003827_G04_NODE_11593_length_1032_cov_0.613260	1032	67.54
GC1003827_G04_NODE_11594_length_1031_cov_5.881637	1031	55.29
GC1003827_G04_NODE_11595_length_1031_cov_5.457965	1031	42.19
GC1003827_G04_NODE_11596_length_1031_cov_5.053097	1031	49.08
GC1003827_G04_NODE_11597_length_1031_cov_4.774336	1031	50.73
GC1003827_G04_NODE_11598_length_1031_cov_4.410398	1031	64.40
GC1003827_G04_NODE_11599_length_1031_cov_3.832965	1031	60.81
GC1003827_G04_NODE_11600_length_1031_cov_3.828540	1031	48.88
GC1003827_G04_NODE_11601_length_1031_cov_2.741150	1031	47.72
GC1003827_G04_NODE_11602_length_1031_cov_1.943584	1031	35.69
GC1003827_G04_NODE_11603_length_1031_cov_1.836283	1031	69.93
GC1003827_G04_NODE_11604_length_1031_cov_1.750000	1031	67.31
GC1003827_G04_NODE_11605_length_1031_cov_1.303097	1031	48.40
GC1003827_G04_NODE_11606_length_1031_cov_1.268805	1031	60.91
GC1003827_G04_NODE_11607_length_1031_cov_1.131637	1031	68.48
GC1003827_G04_NODE_11608_length_1031_cov_1.100664	1031	49.76
GC1003827_G04_NODE_11609_length_1031_cov_1.090708	1031	43.45
GC1003827_G04_NODE_11610_length_1031_cov_1.005531	1031	35.69
GC1003827_G04_NODE_11611_length_1031_cov_0.907080	1031	69.45
GC1003827_G04_NODE_11612_length_1031_cov_0.262168	1031	70.22
GC1003827_G04_NODE_11613_length_1030_cov_13.286822	1030	47.28
GC1003827_G04_NODE_11614_length_1030_cov_7.614618	1030	39.90
GC1003827_G04_NODE_11615_length_1030_cov_6.433001	1030	44.37
GC1003827_G04_NODE_11616_length_1030_cov_5.303433	1030	42.91
GC1003827_G04_NODE_11617_length_1030_cov_5.223699	1030	38.74
GC1003827_G04_NODE_11618_length_1030_cov_5.117386	1030	57.48
GC1003827_G04_NODE_11619_length_1030_cov_2.573643	1030	43.01
GC1003827_G04_NODE_11620_length_1030_cov_2.373200	1030	43.88
GC1003827_G04_NODE_11621_length_1030_cov_1.983389	1030	43.98
GC1003827_G04_NODE_11622_length_1030_cov_1.635659	1030	41.65
GC1003827_G04_NODE_11623_length_1030_cov_1.498339	1030	50.68
GC1003827_G04_NODE_11624_length_1030_cov_0.712071	1030	64.95
GC1003827_G04_NODE_11625_length_1029_cov_20.454545	1029	41.11
GC1003827_G04_NODE_11626_length_1029_cov_20.140798	1029	44.51
GC1003827_G04_NODE_11627_length_1029_cov_7.228381	1029	43.25
GC1003827_G04_NODE_11628_length_1029_cov_4.024390	1029	49.66
GC1003827_G04_NODE_11629_length_1029_cov_3.823725	1029	49.27
GC1003827_G04_NODE_11630_length_1029_cov_3.582040	1029	64.14
GC1003827_G04_NODE_11631_length_1029_cov_2.421286	1029	46.55
GC1003827_G04_NODE_11632_length_1029_cov_2.292683	1029	47.04
GC1003827_G04_NODE_11633_length_1029_cov_2.241685	1029	43.15
GC1003827_G04_NODE_11634_length_1029_cov_2.092018	1029	54.23
GC1003827_G04_NODE_11635_length_1029_cov_1.983370	1029	41.21
GC1003827_G04_NODE_11636_length_1029_cov_1.881375	1029	45.48
GC1003827_G04_NODE_11637_length_1029_cov_1.832594	1029	62.78
GC1003827_G04_NODE_11638_length_1029_cov_0.906874	1029	47.72
GC1003827_G04_NODE_11639_length_1028_cov_4.924528	1028	66.25
GC1003827_G04_NODE_11640_length_1028_cov_4.821310	1028	48.25
GC1003827_G04_NODE_11641_length_1028_cov_3.683685	1028	45.53
GC1003827_G04_NODE_11642_length_1028_cov_3.569367	1028	45.91
GC1003827_G04_NODE_11643_length_1028_cov_3.213097	1028	46.50
GC1003827_G04_NODE_11644_length_1028_cov_3.075472	1028	45.62
GC1003827_G04_NODE_11645_length_1028_cov_2.942286	1028	43.87
GC1003827_G04_NODE_11646_length_1028_cov_2.457270	1028	66.05
GC1003827_G04_NODE_11647_length_1028_cov_2.162042	1028	46.01
GC1003827_G04_NODE_11648_length_1028_cov_0.910100	1028	72.28
GC1003827_G04_NODE_11649_length_1028_cov_0.895671	1028	49.81
GC1003827_G04_NODE_11650_length_1027_cov_7.251111	1027	45.08
GC1003827_G04_NODE_11651_length_1027_cov_4.895556	1027	36.71
GC1003827_G04_NODE_11652_length_1027_cov_3.343333	1027	36.32
GC1003827_G04_NODE_11653_length_1027_cov_2.863333	1027	36.61
GC1003827_G04_NODE_11654_length_1027_cov_2.187778	1027	40.99
GC1003827_G04_NODE_11655_length_1027_cov_1.965556	1027	40.02
GC1003827_G04_NODE_11656_length_1027_cov_1.861111	1027	50.15
GC1003827_G04_NODE_11657_length_1027_cov_1.418889	1027	41.77
GC1003827_G04_NODE_11658_length_1027_cov_1.386667	1027	42.65
GC1003827_G04_NODE_11659_length_1027_cov_0.967778	1027	40.31
GC1003827_G04_NODE_11660_length_1027_cov_0.626667	1027	67.38
GC1003827_G04_NODE_11661_length_1026_cov_10.302558	1026	43.86
GC1003827_G04_NODE_11662_length_1026_cov_7.467186	1026	45.61
GC1003827_G04_NODE_11663_length_1026_cov_4.820912	1026	46.30
GC1003827_G04_NODE_11664_length_1026_cov_4.304783	1026	52.14
GC1003827_G04_NODE_11665_length_1026_cov_4.197998	1026	38.21
GC1003827_G04_NODE_11666_length_1026_cov_3.545050	1026	38.40
GC1003827_G04_NODE_11667_length_1026_cov_3.458287	1026	54.00
GC1003827_G04_NODE_11668_length_1026_cov_3.041157	1026	51.56
GC1003827_G04_NODE_11669_length_1026_cov_2.122358	1026	50.19
GC1003827_G04_NODE_11670_length_1026_cov_1.833148	1026	35.87
GC1003827_G04_NODE_11671_length_1026_cov_1.576196	1026	48.54
GC1003827_G04_NODE_11672_length_1026_cov_1.526140	1026	63.45
GC1003827_G04_NODE_11673_length_1026_cov_1.523915	1026	60.82
GC1003827_G04_NODE_11674_length_1026_cov_1.146830	1026	34.60
GC1003827_G04_NODE_11675_length_1025_cov_14.908686	1025	42.24
GC1003827_G04_NODE_11676_length_1025_cov_12.899777	1025	46.24
GC1003827_G04_NODE_11677_length_1025_cov_9.838530	1025	47.51
GC1003827_G04_NODE_11678_length_1025_cov_5.653675	1025	44.29
GC1003827_G04_NODE_11679_length_1025_cov_5.002227	1025	51.32
GC1003827_G04_NODE_11680_length_1025_cov_4.988864	1025	36.10
GC1003827_G04_NODE_11681_length_1025_cov_4.668151	1025	63.90
GC1003827_G04_NODE_11682_length_1025_cov_4.610245	1025	41.27
GC1003827_G04_NODE_11683_length_1025_cov_4.146993	1025	54.54
GC1003827_G04_NODE_11684_length_1025_cov_3.938753	1025	61.37
GC1003827_G04_NODE_11685_length_1025_cov_3.429844	1025	46.83
GC1003827_G04_NODE_11686_length_1025_cov_3.307350	1025	46.93
GC1003827_G04_NODE_11687_length_1025_cov_2.926503	1025	41.85
GC1003827_G04_NODE_11688_length_1025_cov_2.574610	1025	42.93
GC1003827_G04_NODE_11689_length_1025_cov_2.033408	1025	61.85
GC1003827_G04_NODE_11690_length_1025_cov_1.964365	1025	45.56
GC1003827_G04_NODE_11691_length_1025_cov_1.258352	1025	48.00
GC1003827_G04_NODE_11692_length_1025_cov_1.081292	1025	38.83
GC1003827_G04_NODE_11693_length_1025_cov_1.043430	1025	41.37
GC1003827_G04_NODE_11694_length_1025_cov_0.998886	1025	67.22
GC1003827_G04_NODE_11695_length_1025_cov_0.625835	1025	47.90
GC1003827_G04_NODE_11696_length_1024_cov_10.535117	1024	45.21
GC1003827_G04_NODE_11697_length_1024_cov_9.325530	1024	49.90
GC1003827_G04_NODE_11698_length_1024_cov_4.866221	1024	46.09
GC1003827_G04_NODE_11699_length_1024_cov_4.500557	1024	41.50
GC1003827_G04_NODE_11700_length_1024_cov_4.463768	1024	48.44
GC1003827_G04_NODE_11701_length_1024_cov_4.395764	1024	47.85
GC1003827_G04_NODE_11702_length_1024_cov_2.882943	1024	41.31
GC1003827_G04_NODE_11703_length_1024_cov_2.410256	1024	37.70
GC1003827_G04_NODE_11704_length_1024_cov_2.297659	1024	44.63
GC1003827_G04_NODE_11705_length_1024_cov_2.272018	1024	48.14
GC1003827_G04_NODE_11706_length_1024_cov_1.985507	1024	44.34
GC1003827_G04_NODE_11707_length_1024_cov_1.748049	1024	55.18
GC1003827_G04_NODE_11708_length_1024_cov_1.282051	1024	44.24
GC1003827_G04_NODE_11709_length_1024_cov_1.132664	1024	45.12
GC1003827_G04_NODE_11710_length_1023_cov_10.370536	1023	48.39
GC1003827_G04_NODE_11711_length_1023_cov_8.503348	1023	44.87
GC1003827_G04_NODE_11712_length_1023_cov_5.498884	1023	49.36
GC1003827_G04_NODE_11713_length_1023_cov_3.801339	1023	49.07
GC1003827_G04_NODE_11714_length_1023_cov_3.631696	1023	51.22
GC1003827_G04_NODE_11715_length_1023_cov_3.258929	1023	72.14
GC1003827_G04_NODE_11716_length_1023_cov_2.382812	1023	37.83
GC1003827_G04_NODE_11717_length_1023_cov_2.297991	1023	49.56
GC1003827_G04_NODE_11718_length_1023_cov_1.592634	1023	56.11
GC1003827_G04_NODE_11719_length_1023_cov_1.379464	1023	46.04
GC1003827_G04_NODE_11720_length_1022_cov_7.202235	1022	44.23
GC1003827_G04_NODE_11721_length_1022_cov_5.734078	1022	57.05
GC1003827_G04_NODE_11722_length_1022_cov_4.488268	1022	42.76
GC1003827_G04_NODE_11723_length_1022_cov_3.202235	1022	63.89
GC1003827_G04_NODE_11724_length_1022_cov_2.479330	1022	44.62
GC1003827_G04_NODE_11725_length_1022_cov_2.378771	1022	45.40
GC1003827_G04_NODE_11726_length_1022_cov_2.206704	1022	39.33
GC1003827_G04_NODE_11727_length_1022_cov_1.565363	1022	64.87
GC1003827_G04_NODE_11728_length_1022_cov_0.850279	1022	51.08
GC1003827_G04_NODE_11729_length_1022_cov_0.664804	1022	62.92
GC1003827_G04_NODE_11730_length_1021_cov_5.876957	1021	42.21
GC1003827_G04_NODE_11731_length_1021_cov_4.060403	1021	42.02
GC1003827_G04_NODE_11732_length_1021_cov_4.039150	1021	45.45
GC1003827_G04_NODE_11733_length_1021_cov_3.460850	1021	38.88
GC1003827_G04_NODE_11734_length_1021_cov_3.250559	1021	48.58
GC1003827_G04_NODE_11735_length_1021_cov_1.708054	1021	66.21
GC1003827_G04_NODE_11736_length_1021_cov_1.463087	1021	47.70
GC1003827_G04_NODE_11737_length_1021_cov_0.610738	1021	48.68
GC1003827_G04_NODE_11738_length_1020_cov_7.722284	1020	39.51
GC1003827_G04_NODE_11739_length_1020_cov_6.668533	1020	35.20
GC1003827_G04_NODE_11740_length_1020_cov_6.313550	1020	53.43
GC1003827_G04_NODE_11741_length_1020_cov_4.998880	1020	48.63
GC1003827_G04_NODE_11742_length_1020_cov_4.789474	1020	46.86
GC1003827_G04_NODE_11743_length_1020_cov_4.774916	1020	40.49
GC1003827_G04_NODE_11744_length_1020_cov_3.892497	1020	62.84
GC1003827_G04_NODE_11745_length_1020_cov_3.805151	1020	41.96
GC1003827_G04_NODE_11746_length_1020_cov_3.486002	1020	41.47
GC1003827_G04_NODE_11747_length_1020_cov_3.081747	1020	48.53
GC1003827_G04_NODE_11748_length_1020_cov_2.901456	1020	44.02
GC1003827_G04_NODE_11749_length_1020_cov_2.161254	1020	48.63
GC1003827_G04_NODE_11750_length_1020_cov_1.563270	1020	69.90
GC1003827_G04_NODE_11751_length_1020_cov_1.544233	1020	40.69
GC1003827_G04_NODE_11752_length_1020_cov_1.513998	1020	68.43
GC1003827_G04_NODE_11753_length_1020_cov_1.487122	1020	64.90
GC1003827_G04_NODE_11754_length_1020_cov_1.338186	1020	37.16
GC1003827_G04_NODE_11755_length_1019_cov_4.426009	1019	39.06
GC1003827_G04_NODE_11756_length_1019_cov_3.505605	1019	42.59
GC1003827_G04_NODE_11757_length_1019_cov_3.454036	1019	46.42
GC1003827_G04_NODE_11758_length_1019_cov_3.383408	1019	45.73
GC1003827_G04_NODE_11759_length_1019_cov_3.079596	1019	40.14
GC1003827_G04_NODE_11760_length_1019_cov_2.579596	1019	47.99
GC1003827_G04_NODE_11761_length_1019_cov_2.341928	1019	43.87
GC1003827_G04_NODE_11762_length_1019_cov_2.264574	1019	35.43
GC1003827_G04_NODE_11763_length_1019_cov_2.239910	1019	45.83
GC1003827_G04_NODE_11764_length_1019_cov_2.202915	1019	47.01
GC1003827_G04_NODE_11765_length_1019_cov_1.443946	1019	35.43
GC1003827_G04_NODE_11766_length_1019_cov_1.424888	1019	40.92
GC1003827_G04_NODE_11767_length_1019_cov_1.358744	1019	48.97
GC1003827_G04_NODE_11768_length_1019_cov_0.943946	1019	67.71
GC1003827_G04_NODE_11769_length_1019_cov_0.605381	1019	62.61
GC1003827_G04_NODE_11770_length_1018_cov_10.526375	1018	44.70
GC1003827_G04_NODE_11771_length_1018_cov_4.936027	1018	43.22
GC1003827_G04_NODE_11772_length_1018_cov_4.180696	1018	45.09
GC1003827_G04_NODE_11773_length_1018_cov_3.460157	1018	39.49
GC1003827_G04_NODE_11774_length_1018_cov_3.013468	1018	42.14
GC1003827_G04_NODE_11775_length_1018_cov_2.729517	1018	41.06
GC1003827_G04_NODE_11776_length_1018_cov_2.081930	1018	66.80
GC1003827_G04_NODE_11777_length_1018_cov_2.025814	1018	38.80
GC1003827_G04_NODE_11778_length_1018_cov_1.957351	1018	44.20
GC1003827_G04_NODE_11779_length_1018_cov_0.910213	1018	68.96
GC1003827_G04_NODE_11780_length_1018_cov_0.734007	1018	65.52
GC1003827_G04_NODE_11781_length_1017_cov_10.568539	1017	51.72
GC1003827_G04_NODE_11782_length_1017_cov_7.851685	1017	45.82
GC1003827_G04_NODE_11783_length_1017_cov_7.135955	1017	44.35
GC1003827_G04_NODE_11784_length_1017_cov_6.946067	1017	46.71
GC1003827_G04_NODE_11785_length_1017_cov_5.733708	1017	42.58
GC1003827_G04_NODE_11786_length_1017_cov_4.895506	1017	41.00
GC1003827_G04_NODE_11787_length_1017_cov_4.600000	1017	38.05
GC1003827_G04_NODE_11788_length_1017_cov_4.432584	1017	50.84
GC1003827_G04_NODE_11789_length_1017_cov_3.955056	1017	49.07
GC1003827_G04_NODE_11790_length_1017_cov_2.789888	1017	34.22
GC1003827_G04_NODE_11791_length_1017_cov_2.759551	1017	52.41
GC1003827_G04_NODE_11792_length_1017_cov_0.907865	1017	40.61
GC1003827_G04_NODE_11793_length_1017_cov_0.760674	1017	50.44
GC1003827_G04_NODE_11794_length_1016_cov_6.326209	1016	62.20
GC1003827_G04_NODE_11795_length_1016_cov_2.822272	1016	42.72
GC1003827_G04_NODE_11796_length_1016_cov_2.127109	1016	46.26
GC1003827_G04_NODE_11797_length_1016_cov_2.023622	1016	57.38
GC1003827_G04_NODE_11798_length_1016_cov_1.851519	1016	39.17
GC1003827_G04_NODE_11799_length_1016_cov_1.794151	1016	46.46
GC1003827_G04_NODE_11800_length_1016_cov_1.714286	1016	62.30
GC1003827_G04_NODE_11801_length_1016_cov_1.365579	1016	40.35
GC1003827_G04_NODE_11802_length_1016_cov_1.294713	1016	66.63
GC1003827_G04_NODE_11803_length_1016_cov_1.079865	1016	39.17
GC1003827_G04_NODE_11804_length_1016_cov_0.773903	1016	63.78
GC1003827_G04_NODE_11805_length_1016_cov_0.669291	1016	45.96
GC1003827_G04_NODE_11806_length_1016_cov_0.492688	1016	66.83
GC1003827_G04_NODE_11807_length_1015_cov_11.451577	1015	39.31
GC1003827_G04_NODE_11808_length_1015_cov_7.645270	1015	40.89
GC1003827_G04_NODE_11809_length_1015_cov_7.539414	1015	60.10
GC1003827_G04_NODE_11810_length_1015_cov_5.183559	1015	40.69
GC1003827_G04_NODE_11811_length_1015_cov_4.816441	1015	63.84
GC1003827_G04_NODE_11812_length_1015_cov_3.587838	1015	59.61
GC1003827_G04_NODE_11813_length_1015_cov_3.359234	1015	51.13
GC1003827_G04_NODE_11814_length_1015_cov_2.649775	1015	39.01
GC1003827_G04_NODE_11815_length_1015_cov_1.818694	1015	62.56
GC1003827_G04_NODE_11816_length_1015_cov_1.539414	1015	40.20
GC1003827_G04_NODE_11817_length_1015_cov_1.156532	1015	70.34
GC1003827_G04_NODE_11818_length_1015_cov_1.103604	1015	34.09
GC1003827_G04_NODE_11819_length_1014_cov_8.341601	1014	47.44
GC1003827_G04_NODE_11820_length_1014_cov_7.251409	1014	58.78
GC1003827_G04_NODE_11821_length_1014_cov_3.010147	1014	39.74
GC1003827_G04_NODE_11822_length_1014_cov_2.308906	1014	48.32
GC1003827_G04_NODE_11823_length_1014_cov_1.741826	1014	38.36
GC1003827_G04_NODE_11824_length_1014_cov_1.728298	1014	68.05
GC1003827_G04_NODE_11825_length_1014_cov_1.344983	1014	40.24
GC1003827_G04_NODE_11826_length_1014_cov_1.306652	1014	49.31
GC1003827_G04_NODE_11827_length_1014_cov_0.678692	1014	42.90
GC1003827_G04_NODE_11828_length_1013_cov_14.218962	1013	48.47
GC1003827_G04_NODE_11829_length_1013_cov_5.620767	1013	55.08
GC1003827_G04_NODE_11830_length_1013_cov_4.724605	1013	37.02
GC1003827_G04_NODE_11831_length_1013_cov_4.554176	1013	53.41
GC1003827_G04_NODE_11832_length_1013_cov_4.389391	1013	37.41
GC1003827_G04_NODE_11833_length_1013_cov_4.285553	1013	44.23
GC1003827_G04_NODE_11834_length_1013_cov_4.239278	1013	44.13
GC1003827_G04_NODE_11835_length_1013_cov_3.592551	1013	43.73
GC1003827_G04_NODE_11836_length_1013_cov_2.434537	1013	44.72
GC1003827_G04_NODE_11837_length_1013_cov_2.178330	1013	39.59
GC1003827_G04_NODE_11838_length_1013_cov_1.981941	1013	44.13
GC1003827_G04_NODE_11839_length_1013_cov_1.949210	1013	41.76
GC1003827_G04_NODE_11840_length_1013_cov_1.757336	1013	48.67
GC1003827_G04_NODE_11841_length_1013_cov_1.529345	1013	46.89
GC1003827_G04_NODE_11842_length_1013_cov_1.259594	1013	61.40
GC1003827_G04_NODE_11843_length_1013_cov_1.165914	1013	48.57
GC1003827_G04_NODE_11844_length_1012_cov_17.524294	1012	43.48
GC1003827_G04_NODE_11845_length_1012_cov_11.449718	1012	39.82
GC1003827_G04_NODE_11846_length_1012_cov_6.968362	1012	43.08
GC1003827_G04_NODE_11847_length_1012_cov_4.857627	1012	46.44
GC1003827_G04_NODE_11848_length_1012_cov_4.251977	1012	58.50
GC1003827_G04_NODE_11849_length_1012_cov_3.445198	1012	33.89
GC1003827_G04_NODE_11850_length_1012_cov_2.838418	1012	48.42
GC1003827_G04_NODE_11851_length_1012_cov_2.437288	1012	64.92
GC1003827_G04_NODE_11852_length_1012_cov_1.766102	1012	36.56
GC1003827_G04_NODE_11853_length_1012_cov_1.746893	1012	50.20
GC1003827_G04_NODE_11854_length_1012_cov_1.654237	1012	37.94
GC1003827_G04_NODE_11855_length_1012_cov_1.332203	1012	68.48
GC1003827_G04_NODE_11856_length_1012_cov_1.314124	1012	67.89
GC1003827_G04_NODE_11857_length_1012_cov_1.296045	1012	55.43
GC1003827_G04_NODE_11858_length_1012_cov_1.285876	1012	43.97
GC1003827_G04_NODE_11859_length_1012_cov_1.200000	1012	37.55
GC1003827_G04_NODE_11860_length_1011_cov_10.447964	1011	38.48
GC1003827_G04_NODE_11861_length_1011_cov_9.656109	1011	39.37
GC1003827_G04_NODE_11862_length_1011_cov_6.118778	1011	59.64
GC1003827_G04_NODE_11863_length_1011_cov_5.324661	1011	55.29
GC1003827_G04_NODE_11864_length_1011_cov_3.745475	1011	46.79
GC1003827_G04_NODE_11865_length_1011_cov_3.348416	1011	34.32
GC1003827_G04_NODE_11866_length_1011_cov_2.873303	1011	45.10
GC1003827_G04_NODE_11867_length_1011_cov_2.442308	1011	63.60
GC1003827_G04_NODE_11868_length_1011_cov_2.400452	1011	48.66
GC1003827_G04_NODE_11869_length_1011_cov_2.386878	1011	41.05
GC1003827_G04_NODE_11870_length_1011_cov_2.167421	1011	67.46
GC1003827_G04_NODE_11871_length_1011_cov_1.941176	1011	46.59
GC1003827_G04_NODE_11872_length_1011_cov_1.660633	1011	37.69
GC1003827_G04_NODE_11873_length_1011_cov_1.537330	1011	54.90
GC1003827_G04_NODE_11874_length_1011_cov_1.411765	1011	50.94
GC1003827_G04_NODE_11875_length_1011_cov_1.398190	1011	48.37
GC1003827_G04_NODE_11876_length_1011_cov_1.395928	1011	37.59
GC1003827_G04_NODE_11877_length_1011_cov_1.088235	1011	49.36
GC1003827_G04_NODE_11878_length_1011_cov_0.785068	1011	42.43
GC1003827_G04_NODE_11879_length_1010_cov_9.801812	1010	48.32
GC1003827_G04_NODE_11880_length_1010_cov_6.828992	1010	65.74
GC1003827_G04_NODE_11881_length_1010_cov_6.407701	1010	37.03
GC1003827_G04_NODE_11882_length_1010_cov_4.648924	1010	62.67
GC1003827_G04_NODE_11883_length_1010_cov_4.472254	1010	40.50
GC1003827_G04_NODE_11884_length_1010_cov_4.368063	1010	46.14
GC1003827_G04_NODE_11885_length_1010_cov_3.911665	1010	47.92
GC1003827_G04_NODE_11886_length_1010_cov_3.712344	1010	44.26
GC1003827_G04_NODE_11887_length_1010_cov_3.372593	1010	52.57
GC1003827_G04_NODE_11888_length_1010_cov_3.108720	1010	52.57
GC1003827_G04_NODE_11889_length_1010_cov_3.108720	1010	42.67
GC1003827_G04_NODE_11890_length_1010_cov_3.014723	1010	43.76
GC1003827_G04_NODE_11891_length_1010_cov_2.723669	1010	41.78
GC1003827_G04_NODE_11892_length_1010_cov_2.584371	1010	51.98
GC1003827_G04_NODE_11893_length_1010_cov_2.382786	1010	50.10
GC1003827_G04_NODE_11894_length_1010_cov_1.187995	1010	45.45
GC1003827_G04_NODE_11895_length_1009_cov_5.244898	1009	45.39
GC1003827_G04_NODE_11896_length_1009_cov_4.496599	1009	34.39
GC1003827_G04_NODE_11897_length_1009_cov_3.787982	1009	45.49
GC1003827_G04_NODE_11898_length_1009_cov_3.642857	1009	43.01
GC1003827_G04_NODE_11899_length_1009_cov_2.939909	1009	34.89
GC1003827_G04_NODE_11900_length_1009_cov_2.849206	1009	49.26
GC1003827_G04_NODE_11901_length_1009_cov_2.113379	1009	67.49
GC1003827_G04_NODE_11902_length_1009_cov_1.292517	1009	58.18
GC1003827_G04_NODE_11903_length_1009_cov_0.785714	1009	33.30
GC1003827_G04_NODE_11904_length_1009_cov_0.598639	1009	64.22
GC1003827_G04_NODE_11905_length_1008_cov_10.499432	1008	64.78
GC1003827_G04_NODE_11906_length_1008_cov_9.866061	1008	45.34
GC1003827_G04_NODE_11907_length_1008_cov_7.241771	1008	53.37
GC1003827_G04_NODE_11908_length_1008_cov_6.926220	1008	42.66
GC1003827_G04_NODE_11909_length_1008_cov_6.112372	1008	42.16
GC1003827_G04_NODE_11910_length_1008_cov_4.869467	1008	42.96
GC1003827_G04_NODE_11911_length_1008_cov_4.494892	1008	60.42
GC1003827_G04_NODE_11912_length_1008_cov_4.442679	1008	46.53
GC1003827_G04_NODE_11913_length_1008_cov_3.646992	1008	46.03
GC1003827_G04_NODE_11914_length_1008_cov_3.347333	1008	43.75
GC1003827_G04_NODE_11915_length_1008_cov_3.000000	1008	50.79
GC1003827_G04_NODE_11916_length_1008_cov_2.948922	1008	48.21
GC1003827_G04_NODE_11917_length_1008_cov_2.237230	1008	39.29
GC1003827_G04_NODE_11918_length_1008_cov_2.232690	1008	66.07
GC1003827_G04_NODE_11919_length_1008_cov_1.738933	1008	38.49
GC1003827_G04_NODE_11920_length_1008_cov_1.492622	1008	42.16
GC1003827_G04_NODE_11921_length_1008_cov_1.365494	1008	50.00
GC1003827_G04_NODE_11922_length_1008_cov_1.230420	1008	45.24
GC1003827_G04_NODE_11923_length_1008_cov_0.856981	1008	64.78
GC1003827_G04_NODE_11924_length_1008_cov_0.760499	1008	66.87
GC1003827_G04_NODE_11925_length_1007_cov_11.884091	1007	49.85
GC1003827_G04_NODE_11926_length_1007_cov_11.060227	1007	43.30
GC1003827_G04_NODE_11927_length_1007_cov_4.007955	1007	38.93
GC1003827_G04_NODE_11928_length_1007_cov_3.339773	1007	45.68
GC1003827_G04_NODE_11929_length_1007_cov_2.602273	1007	45.98
GC1003827_G04_NODE_11930_length_1007_cov_1.710227	1007	45.98
GC1003827_G04_NODE_11931_length_1007_cov_1.707955	1007	66.04
GC1003827_G04_NODE_11932_length_1007_cov_1.554545	1007	62.56
GC1003827_G04_NODE_11933_length_1007_cov_1.428409	1007	36.64
GC1003827_G04_NODE_11934_length_1007_cov_1.413636	1007	68.52
GC1003827_G04_NODE_11935_length_1007_cov_1.395455	1007	47.27
GC1003827_G04_NODE_11936_length_1007_cov_1.272727	1007	44.99
GC1003827_G04_NODE_11937_length_1007_cov_0.994318	1007	52.53
GC1003827_G04_NODE_11938_length_1006_cov_16.144482	1006	42.05
GC1003827_G04_NODE_11939_length_1006_cov_15.096701	1006	61.43
GC1003827_G04_NODE_11940_length_1006_cov_5.915813	1006	43.04
GC1003827_G04_NODE_11941_length_1006_cov_4.741752	1006	41.25
GC1003827_G04_NODE_11942_length_1006_cov_4.577929	1006	65.41
GC1003827_G04_NODE_11943_length_1006_cov_3.869170	1006	63.52
GC1003827_G04_NODE_11944_length_1006_cov_3.846416	1006	41.95
GC1003827_G04_NODE_11945_length_1006_cov_3.741752	1006	41.45
GC1003827_G04_NODE_11946_length_1006_cov_3.576792	1006	47.22
GC1003827_G04_NODE_11947_length_1006_cov_3.070535	1006	38.17
GC1003827_G04_NODE_11948_length_1006_cov_2.200228	1006	43.04
GC1003827_G04_NODE_11949_length_1006_cov_1.927190	1006	47.91
GC1003827_G04_NODE_11950_length_1006_cov_1.762230	1006	46.12
GC1003827_G04_NODE_11951_length_1006_cov_1.324232	1006	44.43
GC1003827_G04_NODE_11952_length_1006_cov_1.124005	1006	46.32
GC1003827_G04_NODE_11953_length_1006_cov_1.112628	1006	60.64
GC1003827_G04_NODE_11954_length_1006_cov_1.109215	1006	70.38
GC1003827_G04_NODE_11955_length_1006_cov_0.608646	1006	45.33
GC1003827_G04_NODE_11956_length_1006_cov_0.592719	1006	50.80
GC1003827_G04_NODE_11957_length_1005_cov_17.669704	1005	51.04
GC1003827_G04_NODE_11958_length_1005_cov_5.527335	1005	59.10
GC1003827_G04_NODE_11959_length_1005_cov_4.539863	1005	49.15
GC1003827_G04_NODE_11960_length_1005_cov_3.788155	1005	41.99
GC1003827_G04_NODE_11961_length_1005_cov_3.784738	1005	48.06
GC1003827_G04_NODE_11962_length_1005_cov_2.702733	1005	39.60
GC1003827_G04_NODE_11963_length_1005_cov_2.587699	1005	46.37
GC1003827_G04_NODE_11964_length_1005_cov_2.251708	1005	47.66
GC1003827_G04_NODE_11965_length_1005_cov_2.193622	1005	47.46
GC1003827_G04_NODE_11966_length_1005_cov_2.119590	1005	39.00
GC1003827_G04_NODE_11967_length_1005_cov_2.018223	1005	43.18
GC1003827_G04_NODE_11968_length_1005_cov_1.593394	1005	46.57
GC1003827_G04_NODE_11969_length_1005_cov_1.317768	1005	65.47
GC1003827_G04_NODE_11970_length_1004_cov_20.844926	1004	47.01
GC1003827_G04_NODE_11971_length_1004_cov_14.159635	1004	37.05
GC1003827_G04_NODE_11972_length_1004_cov_11.978335	1004	50.20
GC1003827_G04_NODE_11973_length_1004_cov_11.672748	1004	65.34
GC1003827_G04_NODE_11974_length_1004_cov_4.808438	1004	40.04
GC1003827_G04_NODE_11975_length_1004_cov_4.084379	1004	46.61
GC1003827_G04_NODE_11976_length_1004_cov_3.646522	1004	43.03
GC1003827_G04_NODE_11977_length_1004_cov_3.602052	1004	48.51
GC1003827_G04_NODE_11978_length_1004_cov_2.409350	1004	44.12
GC1003827_G04_NODE_11979_length_1004_cov_2.393387	1004	65.14
GC1003827_G04_NODE_11980_length_1004_cov_1.410490	1004	41.53
GC1003827_G04_NODE_11981_length_1004_cov_1.334094	1004	58.17
GC1003827_G04_NODE_11982_length_1004_cov_1.200684	1004	71.61
GC1003827_G04_NODE_11983_length_1004_cov_1.161916	1004	46.91
GC1003827_G04_NODE_11984_length_1004_cov_1.037628	1004	49.50
GC1003827_G04_NODE_11985_length_1004_cov_0.998860	1004	66.53
GC1003827_G04_NODE_11986_length_1003_cov_10.280822	1003	49.25
GC1003827_G04_NODE_11987_length_1003_cov_9.818493	1003	46.56
GC1003827_G04_NODE_11988_length_1003_cov_4.908676	1003	57.23
GC1003827_G04_NODE_11989_length_1003_cov_3.891553	1003	41.67
GC1003827_G04_NODE_11990_length_1003_cov_3.802511	1003	52.44
GC1003827_G04_NODE_11991_length_1003_cov_3.515982	1003	63.01
GC1003827_G04_NODE_11992_length_1003_cov_3.418950	1003	69.19
GC1003827_G04_NODE_11993_length_1003_cov_2.788813	1003	43.87
GC1003827_G04_NODE_11994_length_1003_cov_2.279680	1003	66.50
GC1003827_G04_NODE_11995_length_1003_cov_2.154110	1003	38.78
GC1003827_G04_NODE_11996_length_1003_cov_1.590183	1003	60.22
GC1003827_G04_NODE_11997_length_1003_cov_1.277397	1003	46.26
GC1003827_G04_NODE_11998_length_1003_cov_1.151826	1003	60.22
GC1003827_G04_NODE_11999_length_1003_cov_0.980594	1003	66.80
GC1003827_G04_NODE_12000_length_1002_cov_13.121143	1002	50.70
GC1003827_G04_NODE_12001_length_1002_cov_7.668571	1002	42.32
GC1003827_G04_NODE_12002_length_1002_cov_4.144000	1002	60.48
GC1003827_G04_NODE_12003_length_1002_cov_3.664000	1002	46.01
GC1003827_G04_NODE_12004_length_1002_cov_3.064000	1002	44.91
GC1003827_G04_NODE_12005_length_1002_cov_2.761143	1002	43.41
GC1003827_G04_NODE_12006_length_1002_cov_2.321143	1002	52.69
GC1003827_G04_NODE_12007_length_1002_cov_2.274286	1002	39.52
GC1003827_G04_NODE_12008_length_1002_cov_2.202286	1002	47.80
GC1003827_G04_NODE_12009_length_1002_cov_2.133714	1002	59.38
GC1003827_G04_NODE_12010_length_1002_cov_1.766857	1002	40.92
GC1003827_G04_NODE_12011_length_1002_cov_1.723429	1002	43.71
GC1003827_G04_NODE_12012_length_1002_cov_1.456000	1002	34.03
GC1003827_G04_NODE_12013_length_1002_cov_1.421714	1002	64.57
GC1003827_G04_NODE_12014_length_1002_cov_1.249143	1002	59.28
GC1003827_G04_NODE_12015_length_1002_cov_0.985143	1002	71.76
GC1003827_G04_NODE_12016_length_1001_cov_6.300915	1001	42.46
GC1003827_G04_NODE_12017_length_1001_cov_5.996568	1001	49.75
GC1003827_G04_NODE_12018_length_1001_cov_5.118993	1001	43.06
GC1003827_G04_NODE_12019_length_1001_cov_5.100686	1001	43.86
GC1003827_G04_NODE_12020_length_1001_cov_4.577803	1001	43.26
GC1003827_G04_NODE_12021_length_1001_cov_3.758581	1001	46.85
GC1003827_G04_NODE_12022_length_1001_cov_3.114416	1001	43.16
GC1003827_G04_NODE_12023_length_1001_cov_2.636156	1001	41.86
GC1003827_G04_NODE_12024_length_1001_cov_2.553776	1001	47.45
GC1003827_G04_NODE_12025_length_1001_cov_2.346682	1001	38.86
GC1003827_G04_NODE_12026_length_1001_cov_1.940503	1001	48.45
GC1003827_G04_NODE_12027_length_1001_cov_1.835240	1001	45.45
GC1003827_G04_NODE_12028_length_1001_cov_1.758581	1001	47.75
GC1003827_G04_NODE_12029_length_1001_cov_1.201373	1001	38.66
GC1003827_G04_NODE_12030_length_1001_cov_1.006865	1001	35.86
GC1003827_G04_NODE_12031_length_1001_cov_0.851259	1001	49.65
GC1003827_G04_NODE_12032_length_1001_cov_0.723112	1001	40.66
GC1003827_G04_NODE_12033_length_1001_cov_0.556064	1001	69.93
GC1003827_G04_NODE_12034_length_1000_cov_17.868270	1000	39.80
GC1003827_G04_NODE_12035_length_1000_cov_12.406644	1000	36.20
GC1003827_G04_NODE_12036_length_1000_cov_12.363116	1000	50.70
GC1003827_G04_NODE_12037_length_1000_cov_3.298969	1000	49.80
GC1003827_G04_NODE_12038_length_1000_cov_1.225659	1000	40.10
GC1003827_G04_NODE_12039_length_1000_cov_1.148912	1000	36.60
GC1003827_G04_NODE_12040_length_1000_cov_1.087056	1000	59.20
GC1003827_G04_NODE_12041_length_1000_cov_0.914089	1000	39.80
GC1003827_G04_NODE_12042_length_1000_cov_0.886598	1000	49.10
GC1003827_G04_NODE_12043_length_1000_cov_0.744559	1000	70.80
