GC1003827_F08_NODE_1_length_20588_cov_4.326377	20588	45.08
GC1003827_F08_NODE_2_length_19381_cov_6.994339	19381	48.54
GC1003827_F08_NODE_3_length_18184_cov_6.254250	18184	49.08
GC1003827_F08_NODE_4_length_16644_cov_10.725979	16644	48.67
GC1003827_F08_NODE_5_length_16184_cov_6.869527	16184	45.21
GC1003827_F08_NODE_6_length_15822_cov_7.811660	15822	48.66
GC1003827_F08_NODE_7_length_15346_cov_3.230633	15346	45.07
GC1003827_F08_NODE_8_length_14943_cov_11.814660	14943	49.76
GC1003827_F08_NODE_9_length_14881_cov_6.273214	14881	48.23
GC1003827_F08_NODE_10_length_14744_cov_7.258056	14744	49.98
GC1003827_F08_NODE_11_length_14489_cov_4.828297	14489	49.12
GC1003827_F08_NODE_12_length_14286_cov_5.220001	14286	46.81
GC1003827_F08_NODE_13_length_14276_cov_6.072090	14276	45.24
GC1003827_F08_NODE_14_length_14197_cov_8.611158	14197	46.90
GC1003827_F08_NODE_15_length_14188_cov_6.291587	14188	48.63
GC1003827_F08_NODE_16_length_13746_cov_4.373963	13746	44.59
GC1003827_F08_NODE_17_length_13501_cov_10.822641	13501	48.78
GC1003827_F08_NODE_18_length_13350_cov_5.419874	13350	44.78
GC1003827_F08_NODE_19_length_12924_cov_11.913730	12924	44.65
GC1003827_F08_NODE_20_length_12892_cov_6.814493	12892	51.43
GC1003827_F08_NODE_21_length_12760_cov_4.436080	12760	46.79
GC1003827_F08_NODE_22_length_12642_cov_5.115621	12642	50.59
GC1003827_F08_NODE_23_length_12637_cov_5.789928	12637	48.61
GC1003827_F08_NODE_24_length_12515_cov_7.097514	12515	48.82
GC1003827_F08_NODE_25_length_12412_cov_12.986162	12412	43.83
GC1003827_F08_NODE_26_length_12167_cov_6.736213	12167	47.90
GC1003827_F08_NODE_27_length_11736_cov_5.528469	11736	49.70
GC1003827_F08_NODE_28_length_11717_cov_3.549698	11717	45.89
GC1003827_F08_NODE_29_length_11689_cov_7.198928	11689	43.73
GC1003827_F08_NODE_30_length_11672_cov_10.223214	11672	44.89
GC1003827_F08_NODE_31_length_11389_cov_6.819570	11389	46.76
GC1003827_F08_NODE_32_length_11375_cov_10.110953	11375	49.84
GC1003827_F08_NODE_33_length_11350_cov_8.717812	11350	46.83
GC1003827_F08_NODE_34_length_11343_cov_7.456223	11343	50.41
GC1003827_F08_NODE_35_length_11259_cov_5.444844	11259	42.05
GC1003827_F08_NODE_36_length_11090_cov_3.677096	11090	42.09
GC1003827_F08_NODE_37_length_10732_cov_6.826686	10732	47.11
GC1003827_F08_NODE_38_length_10606_cov_7.543468	10606	47.72
GC1003827_F08_NODE_39_length_10567_cov_9.578831	10567	47.73
GC1003827_F08_NODE_40_length_10493_cov_9.365329	10493	50.17
GC1003827_F08_NODE_41_length_10453_cov_10.240170	10453	45.68
GC1003827_F08_NODE_42_length_10437_cov_7.371096	10437	47.08
GC1003827_F08_NODE_43_length_10340_cov_9.267404	10340	49.49
GC1003827_F08_NODE_44_length_10314_cov_8.335329	10314	46.41
GC1003827_F08_NODE_45_length_10232_cov_6.227610	10232	48.21
GC1003827_F08_NODE_46_length_10215_cov_5.208763	10215	44.70
GC1003827_F08_NODE_47_length_10097_cov_6.253360	10097	48.32
GC1003827_F08_NODE_48_length_10041_cov_9.471253	10041	49.11
GC1003827_F08_NODE_49_length_10041_cov_5.182469	10041	50.38
GC1003827_F08_NODE_50_length_10025_cov_5.358052	10025	50.41
GC1003827_F08_NODE_51_length_9958_cov_4.896450	9958	45.05
GC1003827_F08_NODE_52_length_9864_cov_5.067064	9864	41.37
GC1003827_F08_NODE_53_length_9842_cov_4.074215	9842	46.35
GC1003827_F08_NODE_54_length_9771_cov_7.828183	9771	46.61
GC1003827_F08_NODE_55_length_9723_cov_9.930909	9723	43.51
GC1003827_F08_NODE_56_length_9688_cov_8.126765	9688	47.06
GC1003827_F08_NODE_57_length_9609_cov_5.337271	9609	44.03
GC1003827_F08_NODE_58_length_9590_cov_5.544225	9590	44.21
GC1003827_F08_NODE_59_length_9578_cov_4.439530	9578	46.94
GC1003827_F08_NODE_60_length_9570_cov_8.714180	9570	41.90
GC1003827_F08_NODE_61_length_9560_cov_6.512456	9560	48.26
GC1003827_F08_NODE_62_length_9513_cov_7.562966	9513	43.76
GC1003827_F08_NODE_63_length_9492_cov_7.149920	9492	40.98
GC1003827_F08_NODE_64_length_9437_cov_5.348228	9437	49.05
GC1003827_F08_NODE_65_length_9402_cov_10.582102	9402	51.02
GC1003827_F08_NODE_66_length_9349_cov_5.172631	9349	46.08
GC1003827_F08_NODE_67_length_9310_cov_6.255363	9310	46.18
GC1003827_F08_NODE_68_length_9268_cov_6.822886	9268	47.60
GC1003827_F08_NODE_69_length_9229_cov_8.397715	9229	47.69
GC1003827_F08_NODE_70_length_9122_cov_11.149750	9122	49.47
GC1003827_F08_NODE_71_length_8983_cov_6.504630	8983	45.21
GC1003827_F08_NODE_72_length_8952_cov_7.844193	8952	47.90
GC1003827_F08_NODE_73_length_8902_cov_10.973903	8902	49.70
GC1003827_F08_NODE_74_length_8782_cov_7.271750	8782	46.20
GC1003827_F08_NODE_75_length_8763_cov_6.147754	8763	48.47
GC1003827_F08_NODE_76_length_8740_cov_4.230930	8740	43.95
GC1003827_F08_NODE_77_length_8699_cov_9.266799	8699	46.89
GC1003827_F08_NODE_78_length_8696_cov_8.630062	8696	53.62
GC1003827_F08_NODE_79_length_8665_cov_8.107636	8665	42.53
GC1003827_F08_NODE_80_length_8620_cov_7.162958	8620	43.12
GC1003827_F08_NODE_81_length_8566_cov_11.642493	8566	50.55
GC1003827_F08_NODE_82_length_8550_cov_8.939452	8550	45.86
GC1003827_F08_NODE_83_length_8534_cov_9.003687	8534	50.14
GC1003827_F08_NODE_84_length_8453_cov_5.976459	8453	44.28
GC1003827_F08_NODE_85_length_8375_cov_3.165252	8375	59.73
GC1003827_F08_NODE_86_length_8173_cov_4.906662	8173	47.71
GC1003827_F08_NODE_87_length_8167_cov_9.435323	8167	50.03
GC1003827_F08_NODE_88_length_8161_cov_6.164924	8161	53.00
GC1003827_F08_NODE_89_length_8130_cov_4.795827	8130	46.13
GC1003827_F08_NODE_90_length_8106_cov_5.237122	8106	47.25
GC1003827_F08_NODE_91_length_8081_cov_5.895901	8081	47.30
GC1003827_F08_NODE_92_length_8080_cov_3.108261	8080	46.66
GC1003827_F08_NODE_93_length_7978_cov_5.570373	7978	45.04
GC1003827_F08_NODE_94_length_7956_cov_6.559075	7956	44.09
GC1003827_F08_NODE_95_length_7836_cov_6.925023	7836	47.82
GC1003827_F08_NODE_96_length_7819_cov_7.031851	7819	43.43
GC1003827_F08_NODE_97_length_7807_cov_8.050781	7807	46.89
GC1003827_F08_NODE_98_length_7781_cov_5.284296	7781	45.50
GC1003827_F08_NODE_99_length_7719_cov_8.744600	7719	43.41
GC1003827_F08_NODE_100_length_7706_cov_4.187888	7706	50.30
GC1003827_F08_NODE_101_length_7660_cov_7.785079	7660	46.15
GC1003827_F08_NODE_102_length_7635_cov_3.081380	7635	44.58
GC1003827_F08_NODE_103_length_7631_cov_4.843150	7631	45.87
GC1003827_F08_NODE_104_length_7626_cov_8.800107	7626	44.07
GC1003827_F08_NODE_105_length_7622_cov_4.471915	7622	46.73
GC1003827_F08_NODE_106_length_7618_cov_5.726205	7618	50.08
GC1003827_F08_NODE_107_length_7576_cov_9.066183	7576	46.85
GC1003827_F08_NODE_108_length_7563_cov_6.596557	7563	48.57
GC1003827_F08_NODE_109_length_7529_cov_6.537963	7529	42.77
GC1003827_F08_NODE_110_length_7504_cov_5.481225	7504	43.27
GC1003827_F08_NODE_111_length_7476_cov_4.733841	7476	51.81
GC1003827_F08_NODE_112_length_7462_cov_3.949830	7462	51.37
GC1003827_F08_NODE_113_length_7452_cov_7.598771	7452	45.57
GC1003827_F08_NODE_114_length_7379_cov_5.255516	7379	50.24
GC1003827_F08_NODE_115_length_7339_cov_4.911952	7339	51.26
GC1003827_F08_NODE_116_length_7326_cov_6.988748	7326	46.42
GC1003827_F08_NODE_117_length_7323_cov_7.501390	7323	44.63
GC1003827_F08_NODE_118_length_7317_cov_9.440334	7317	52.43
GC1003827_F08_NODE_119_length_7304_cov_6.441131	7304	45.13
GC1003827_F08_NODE_120_length_7298_cov_4.740622	7298	46.16
GC1003827_F08_NODE_121_length_7285_cov_6.867002	7285	53.51
GC1003827_F08_NODE_122_length_7274_cov_9.860501	7274	45.75
GC1003827_F08_NODE_123_length_7230_cov_8.997466	7230	48.38
GC1003827_F08_NODE_124_length_7221_cov_3.882718	7221	44.69
GC1003827_F08_NODE_125_length_7220_cov_5.763006	7220	48.41
GC1003827_F08_NODE_126_length_7219_cov_4.060209	7219	45.23
GC1003827_F08_NODE_127_length_7190_cov_9.721648	7190	50.46
GC1003827_F08_NODE_128_length_7190_cov_9.517061	7190	46.51
GC1003827_F08_NODE_129_length_7160_cov_9.677094	7160	44.66
GC1003827_F08_NODE_130_length_7124_cov_5.299271	7124	42.22
GC1003827_F08_NODE_131_length_7118_cov_5.667000	7118	50.52
GC1003827_F08_NODE_132_length_7079_cov_6.734609	7079	50.06
GC1003827_F08_NODE_133_length_7077_cov_6.186619	7077	44.82
GC1003827_F08_NODE_134_length_7066_cov_4.960801	7066	46.79
GC1003827_F08_NODE_135_length_7013_cov_4.437554	7013	50.06
GC1003827_F08_NODE_136_length_6986_cov_10.450940	6986	43.09
GC1003827_F08_NODE_137_length_6966_cov_4.241263	6966	47.75
GC1003827_F08_NODE_138_length_6953_cov_15.009522	6953	53.89
GC1003827_F08_NODE_139_length_6945_cov_5.492226	6945	43.82
GC1003827_F08_NODE_140_length_6943_cov_4.642459	6943	52.25
GC1003827_F08_NODE_141_length_6930_cov_9.318536	6930	50.46
GC1003827_F08_NODE_142_length_6920_cov_7.931989	6920	44.51
GC1003827_F08_NODE_143_length_6898_cov_4.413528	6898	46.61
GC1003827_F08_NODE_144_length_6873_cov_2.941150	6873	47.96
GC1003827_F08_NODE_145_length_6840_cov_4.683748	6840	51.18
GC1003827_F08_NODE_146_length_6787_cov_7.086937	6787	54.49
GC1003827_F08_NODE_147_length_6722_cov_3.986808	6722	52.90
GC1003827_F08_NODE_148_length_6707_cov_12.332979	6707	47.58
GC1003827_F08_NODE_149_length_6647_cov_13.456288	6647	47.18
GC1003827_F08_NODE_150_length_6646_cov_6.595030	6646	47.28
GC1003827_F08_NODE_151_length_6639_cov_5.805590	6639	48.79
GC1003827_F08_NODE_152_length_6625_cov_5.366728	6625	44.68
GC1003827_F08_NODE_153_length_6608_cov_3.114643	6608	46.67
GC1003827_F08_NODE_154_length_6593_cov_7.674451	6593	46.25
GC1003827_F08_NODE_155_length_6590_cov_5.180876	6590	51.41
GC1003827_F08_NODE_156_length_6588_cov_3.473920	6588	43.29
GC1003827_F08_NODE_157_length_6558_cov_7.496968	6558	51.57
GC1003827_F08_NODE_158_length_6507_cov_5.199060	6507	42.89
GC1003827_F08_NODE_159_length_6505_cov_8.299780	6505	49.67
GC1003827_F08_NODE_160_length_6501_cov_4.290242	6501	53.33
GC1003827_F08_NODE_161_length_6481_cov_3.480957	6481	51.69
GC1003827_F08_NODE_162_length_6474_cov_8.630692	6474	52.59
GC1003827_F08_NODE_163_length_6464_cov_11.227237	6464	48.13
GC1003827_F08_NODE_164_length_6463_cov_10.056660	6463	49.71
GC1003827_F08_NODE_165_length_6445_cov_6.074549	6445	49.40
GC1003827_F08_NODE_166_length_6444_cov_5.187272	6444	50.36
GC1003827_F08_NODE_167_length_6425_cov_9.197841	6425	48.81
GC1003827_F08_NODE_168_length_6423_cov_9.588945	6423	47.97
GC1003827_F08_NODE_169_length_6413_cov_5.728762	6413	43.13
GC1003827_F08_NODE_170_length_6382_cov_5.996643	6382	44.55
GC1003827_F08_NODE_171_length_6375_cov_4.322823	6375	52.25
GC1003827_F08_NODE_172_length_6363_cov_7.569596	6363	47.56
GC1003827_F08_NODE_173_length_6349_cov_6.815333	6349	49.52
GC1003827_F08_NODE_174_length_6338_cov_5.450169	6338	44.35
GC1003827_F08_NODE_175_length_6330_cov_3.537643	6330	54.66
GC1003827_F08_NODE_176_length_6318_cov_6.531094	6318	44.62
GC1003827_F08_NODE_177_length_6314_cov_6.870050	6314	42.73
GC1003827_F08_NODE_178_length_6304_cov_13.075279	6304	49.83
GC1003827_F08_NODE_179_length_6301_cov_5.830256	6301	52.82
GC1003827_F08_NODE_180_length_6277_cov_7.757398	6277	48.43
GC1003827_F08_NODE_181_length_6275_cov_3.898341	6275	51.81
GC1003827_F08_NODE_182_length_6259_cov_6.025277	6259	44.30
GC1003827_F08_NODE_183_length_6250_cov_8.968153	6250	42.16
GC1003827_F08_NODE_184_length_6240_cov_6.068379	6240	43.78
GC1003827_F08_NODE_185_length_6237_cov_3.430442	6237	46.96
GC1003827_F08_NODE_186_length_6225_cov_7.503280	6225	45.27
GC1003827_F08_NODE_187_length_6214_cov_8.180877	6214	50.72
GC1003827_F08_NODE_188_length_6212_cov_5.030238	6212	49.47
GC1003827_F08_NODE_189_length_6181_cov_5.690453	6181	47.81
GC1003827_F08_NODE_190_length_6150_cov_8.475012	6150	52.86
GC1003827_F08_NODE_191_length_6148_cov_7.421026	6148	52.83
GC1003827_F08_NODE_192_length_6143_cov_7.205951	6143	47.35
GC1003827_F08_NODE_193_length_6118_cov_5.510599	6118	48.90
GC1003827_F08_NODE_194_length_6115_cov_14.109719	6115	46.79
GC1003827_F08_NODE_195_length_6095_cov_7.922587	6095	52.62
GC1003827_F08_NODE_196_length_6080_cov_5.531329	6080	53.24
GC1003827_F08_NODE_197_length_6076_cov_5.049588	6076	42.97
GC1003827_F08_NODE_198_length_6065_cov_6.709667	6065	45.28
GC1003827_F08_NODE_199_length_6051_cov_11.288825	6051	43.55
GC1003827_F08_NODE_200_length_6040_cov_5.485879	6040	50.05
GC1003827_F08_NODE_201_length_6037_cov_5.555499	6037	52.82
GC1003827_F08_NODE_202_length_6031_cov_4.800982	6031	44.49
GC1003827_F08_NODE_203_length_6028_cov_6.669886	6028	47.15
GC1003827_F08_NODE_204_length_6025_cov_8.410987	6025	46.01
GC1003827_F08_NODE_205_length_6017_cov_5.266723	6017	53.18
GC1003827_F08_NODE_206_length_6010_cov_5.214516	6010	46.82
GC1003827_F08_NODE_207_length_5998_cov_5.675183	5998	52.05
GC1003827_F08_NODE_208_length_5984_cov_4.331398	5984	50.60
GC1003827_F08_NODE_209_length_5963_cov_5.566484	5963	48.88
GC1003827_F08_NODE_210_length_5961_cov_9.773740	5961	46.69
GC1003827_F08_NODE_211_length_5957_cov_3.816295	5957	50.08
GC1003827_F08_NODE_212_length_5946_cov_4.717993	5946	48.59
GC1003827_F08_NODE_213_length_5942_cov_11.051935	5942	52.31
GC1003827_F08_NODE_214_length_5940_cov_4.318080	5940	50.42
GC1003827_F08_NODE_215_length_5931_cov_7.126292	5931	45.24
GC1003827_F08_NODE_216_length_5912_cov_7.256525	5912	37.03
GC1003827_F08_NODE_217_length_5912_cov_6.338116	5912	50.91
GC1003827_F08_NODE_218_length_5907_cov_9.225260	5907	45.86
GC1003827_F08_NODE_219_length_5901_cov_5.792518	5901	42.47
GC1003827_F08_NODE_220_length_5894_cov_5.087394	5894	51.39
GC1003827_F08_NODE_221_length_5886_cov_6.283903	5886	46.60
GC1003827_F08_NODE_222_length_5880_cov_4.848253	5880	49.95
GC1003827_F08_NODE_223_length_5865_cov_3.781457	5865	40.60
GC1003827_F08_NODE_224_length_5864_cov_3.934983	5864	52.01
GC1003827_F08_NODE_225_length_5826_cov_7.230567	5826	48.06
GC1003827_F08_NODE_226_length_5819_cov_4.932186	5819	46.07
GC1003827_F08_NODE_227_length_5799_cov_4.275740	5799	46.90
GC1003827_F08_NODE_228_length_5782_cov_6.776835	5782	45.38
GC1003827_F08_NODE_229_length_5780_cov_9.458164	5780	49.60
GC1003827_F08_NODE_230_length_5748_cov_4.896638	5748	52.68
GC1003827_F08_NODE_231_length_5743_cov_5.489672	5743	49.63
GC1003827_F08_NODE_232_length_5737_cov_8.426203	5737	44.62
GC1003827_F08_NODE_233_length_5723_cov_7.063259	5723	52.70
GC1003827_F08_NODE_234_length_5695_cov_8.066990	5695	50.92
GC1003827_F08_NODE_235_length_5692_cov_9.861995	5692	50.47
GC1003827_F08_NODE_236_length_5690_cov_6.199892	5690	44.66
GC1003827_F08_NODE_237_length_5680_cov_8.559878	5680	44.37
GC1003827_F08_NODE_238_length_5669_cov_4.453807	5669	53.75
GC1003827_F08_NODE_239_length_5666_cov_9.615274	5666	43.31
GC1003827_F08_NODE_240_length_5664_cov_5.826802	5664	46.88
GC1003827_F08_NODE_241_length_5647_cov_11.685688	5647	46.38
GC1003827_F08_NODE_242_length_5631_cov_5.498547	5631	52.42
GC1003827_F08_NODE_243_length_5629_cov_3.714649	5629	41.41
GC1003827_F08_NODE_244_length_5625_cov_9.070571	5625	47.77
GC1003827_F08_NODE_245_length_5620_cov_9.038777	5620	49.45
GC1003827_F08_NODE_246_length_5614_cov_3.807545	5614	49.98
GC1003827_F08_NODE_247_length_5612_cov_7.298450	5612	54.88
GC1003827_F08_NODE_248_length_5607_cov_8.353102	5607	45.51
GC1003827_F08_NODE_249_length_5593_cov_3.525430	5593	43.30
GC1003827_F08_NODE_250_length_5591_cov_10.933748	5591	43.70
GC1003827_F08_NODE_251_length_5587_cov_9.236081	5587	49.49
GC1003827_F08_NODE_252_length_5580_cov_7.574546	5580	45.56
GC1003827_F08_NODE_253_length_5576_cov_6.859240	5576	50.25
GC1003827_F08_NODE_254_length_5575_cov_2.054515	5575	50.49
GC1003827_F08_NODE_255_length_5570_cov_3.868455	5570	54.99
GC1003827_F08_NODE_256_length_5567_cov_4.820221	5567	51.72
GC1003827_F08_NODE_257_length_5564_cov_9.002391	5564	52.48
GC1003827_F08_NODE_258_length_5556_cov_8.279978	5556	50.23
GC1003827_F08_NODE_259_length_5555_cov_8.247421	5555	51.04
GC1003827_F08_NODE_260_length_5541_cov_3.401921	5541	47.75
GC1003827_F08_NODE_261_length_5539_cov_9.200850	5539	48.62
GC1003827_F08_NODE_262_length_5509_cov_4.129320	5509	49.37
GC1003827_F08_NODE_263_length_5507_cov_9.044981	5507	47.41
GC1003827_F08_NODE_264_length_5501_cov_4.984183	5501	48.41
GC1003827_F08_NODE_265_length_5485_cov_6.663867	5485	43.77
GC1003827_F08_NODE_266_length_5469_cov_5.591539	5469	45.20
GC1003827_F08_NODE_267_length_5449_cov_4.312477	5449	52.19
GC1003827_F08_NODE_268_length_5447_cov_6.609023	5447	46.67
GC1003827_F08_NODE_269_length_5443_cov_5.363055	5443	51.63
GC1003827_F08_NODE_270_length_5435_cov_4.060852	5435	43.75
GC1003827_F08_NODE_271_length_5410_cov_5.027825	5410	46.91
GC1003827_F08_NODE_272_length_5405_cov_10.099469	5405	51.66
GC1003827_F08_NODE_273_length_5403_cov_8.080174	5403	52.06
GC1003827_F08_NODE_274_length_5400_cov_3.132941	5400	55.07
GC1003827_F08_NODE_275_length_5397_cov_6.049146	5397	48.36
GC1003827_F08_NODE_276_length_5393_cov_8.447588	5393	46.76
GC1003827_F08_NODE_277_length_5389_cov_7.205245	5389	53.59
GC1003827_F08_NODE_278_length_5388_cov_7.926250	5388	52.43
GC1003827_F08_NODE_279_length_5387_cov_6.794677	5387	52.91
GC1003827_F08_NODE_280_length_5379_cov_5.826161	5379	51.70
GC1003827_F08_NODE_281_length_5378_cov_5.068749	5378	52.51
GC1003827_F08_NODE_282_length_5369_cov_4.753529	5369	47.51
GC1003827_F08_NODE_283_length_5363_cov_15.321429	5363	45.98
GC1003827_F08_NODE_284_length_5353_cov_5.910065	5353	44.11
GC1003827_F08_NODE_285_length_5335_cov_6.364055	5335	44.50
GC1003827_F08_NODE_286_length_5332_cov_8.049952	5332	44.90
GC1003827_F08_NODE_287_length_5331_cov_8.102229	5331	51.27
GC1003827_F08_NODE_288_length_5301_cov_10.673367	5301	53.67
GC1003827_F08_NODE_289_length_5287_cov_5.137984	5287	48.69
GC1003827_F08_NODE_290_length_5278_cov_14.505145	5278	44.43
GC1003827_F08_NODE_291_length_5277_cov_6.157087	5277	51.34
GC1003827_F08_NODE_292_length_5275_cov_14.344600	5275	50.14
GC1003827_F08_NODE_293_length_5261_cov_10.795871	5261	52.02
GC1003827_F08_NODE_294_length_5259_cov_8.244154	5259	55.96
GC1003827_F08_NODE_295_length_5237_cov_6.187867	5237	53.62
GC1003827_F08_NODE_296_length_5234_cov_5.790679	5234	47.50
GC1003827_F08_NODE_297_length_5230_cov_9.692142	5230	46.08
GC1003827_F08_NODE_298_length_5228_cov_5.234072	5228	46.08
GC1003827_F08_NODE_299_length_5213_cov_6.286473	5213	44.50
GC1003827_F08_NODE_300_length_5210_cov_6.183160	5210	42.11
GC1003827_F08_NODE_301_length_5197_cov_11.386391	5197	51.49
GC1003827_F08_NODE_302_length_5195_cov_6.321034	5195	50.28
GC1003827_F08_NODE_303_length_5189_cov_13.450415	5189	47.23
GC1003827_F08_NODE_304_length_5187_cov_4.811265	5187	51.15
GC1003827_F08_NODE_305_length_5179_cov_5.071061	5179	47.67
GC1003827_F08_NODE_306_length_5177_cov_7.760990	5177	49.58
GC1003827_F08_NODE_307_length_5173_cov_9.678161	5173	51.50
GC1003827_F08_NODE_308_length_5173_cov_5.426675	5173	44.19
GC1003827_F08_NODE_309_length_5171_cov_5.918914	5171	44.46
GC1003827_F08_NODE_310_length_5158_cov_6.429338	5158	48.84
GC1003827_F08_NODE_311_length_5158_cov_5.906182	5158	48.60
GC1003827_F08_NODE_312_length_5147_cov_3.955179	5147	40.22
GC1003827_F08_NODE_313_length_5124_cov_4.138683	5124	52.52
GC1003827_F08_NODE_314_length_5105_cov_5.375251	5105	50.87
GC1003827_F08_NODE_315_length_5100_cov_5.775387	5100	42.33
GC1003827_F08_NODE_316_length_5096_cov_8.058161	5096	48.00
GC1003827_F08_NODE_317_length_5094_cov_8.491846	5094	46.70
GC1003827_F08_NODE_318_length_5078_cov_4.143607	5078	46.53
GC1003827_F08_NODE_319_length_5067_cov_3.455668	5067	41.54
GC1003827_F08_NODE_320_length_5049_cov_4.501422	5049	48.09
GC1003827_F08_NODE_321_length_5044_cov_6.786048	5044	43.70
GC1003827_F08_NODE_322_length_5041_cov_8.556980	5041	45.17
GC1003827_F08_NODE_323_length_5040_cov_6.490942	5040	46.03
GC1003827_F08_NODE_324_length_5038_cov_6.395439	5038	50.56
GC1003827_F08_NODE_325_length_5037_cov_5.855804	5037	46.65
GC1003827_F08_NODE_326_length_5036_cov_7.855571	5036	54.51
GC1003827_F08_NODE_327_length_5024_cov_7.805187	5024	47.79
GC1003827_F08_NODE_328_length_5019_cov_7.663328	5019	51.96
GC1003827_F08_NODE_329_length_5008_cov_4.005327	5008	43.73
GC1003827_F08_NODE_330_length_5005_cov_9.414719	5005	49.29
GC1003827_F08_NODE_331_length_5002_cov_4.933949	5002	41.40
GC1003827_F08_NODE_332_length_4978_cov_11.974644	4978	50.16
GC1003827_F08_NODE_333_length_4975_cov_4.832921	4975	51.70
GC1003827_F08_NODE_334_length_4946_cov_7.375389	4946	49.88
GC1003827_F08_NODE_335_length_4933_cov_7.356429	4933	46.91
GC1003827_F08_NODE_336_length_4929_cov_10.784257	4929	50.48
GC1003827_F08_NODE_337_length_4924_cov_7.666250	4924	48.23
GC1003827_F08_NODE_338_length_4921_cov_6.335002	4921	51.43
GC1003827_F08_NODE_339_length_4913_cov_3.607397	4913	56.10
GC1003827_F08_NODE_340_length_4911_cov_16.010661	4911	51.27
GC1003827_F08_NODE_341_length_4907_cov_8.180753	4907	49.91
GC1003827_F08_NODE_342_length_4900_cov_8.730568	4900	44.92
GC1003827_F08_NODE_343_length_4899_cov_13.615256	4899	54.66
GC1003827_F08_NODE_344_length_4894_cov_4.435914	4894	42.87
GC1003827_F08_NODE_345_length_4893_cov_4.715275	4893	52.44
GC1003827_F08_NODE_346_length_4889_cov_9.903192	4889	48.41
GC1003827_F08_NODE_347_length_4889_cov_8.574549	4889	45.80
GC1003827_F08_NODE_348_length_4879_cov_9.010311	4879	48.58
GC1003827_F08_NODE_349_length_4868_cov_8.587218	4868	54.87
GC1003827_F08_NODE_350_length_4863_cov_7.198691	4863	43.84
GC1003827_F08_NODE_351_length_4860_cov_10.059582	4860	50.31
GC1003827_F08_NODE_352_length_4859_cov_5.617709	4859	43.73
GC1003827_F08_NODE_353_length_4846_cov_6.030091	4846	49.63
GC1003827_F08_NODE_354_length_4844_cov_8.122112	4844	44.36
GC1003827_F08_NODE_355_length_4842_cov_12.375398	4842	51.32
GC1003827_F08_NODE_356_length_4840_cov_10.599406	4840	44.79
GC1003827_F08_NODE_357_length_4828_cov_5.925760	4828	45.55
GC1003827_F08_NODE_358_length_4818_cov_11.680665	4818	48.65
GC1003827_F08_NODE_359_length_4818_cov_7.707738	4818	42.74
GC1003827_F08_NODE_360_length_4797_cov_4.823555	4797	50.01
GC1003827_F08_NODE_361_length_4789_cov_7.448520	4789	51.87
GC1003827_F08_NODE_362_length_4788_cov_10.392620	4788	48.14
GC1003827_F08_NODE_363_length_4785_cov_7.708888	4785	53.42
GC1003827_F08_NODE_364_length_4782_cov_7.239957	4782	40.40
GC1003827_F08_NODE_365_length_4776_cov_4.413422	4776	51.57
GC1003827_F08_NODE_366_length_4775_cov_4.093373	4775	50.32
GC1003827_F08_NODE_367_length_4773_cov_4.394748	4773	42.66
GC1003827_F08_NODE_368_length_4772_cov_8.907427	4772	45.33
GC1003827_F08_NODE_369_length_4766_cov_7.019616	4766	50.59
GC1003827_F08_NODE_370_length_4764_cov_3.962907	4764	54.79
GC1003827_F08_NODE_371_length_4761_cov_7.666595	4761	50.01
GC1003827_F08_NODE_372_length_4754_cov_9.604928	4754	52.08
GC1003827_F08_NODE_373_length_4748_cov_3.707855	4748	54.19
GC1003827_F08_NODE_374_length_4736_cov_8.072467	4736	50.78
GC1003827_F08_NODE_375_length_4734_cov_6.448665	4734	43.32
GC1003827_F08_NODE_376_length_4733_cov_2.222753	4733	50.75
GC1003827_F08_NODE_377_length_4729_cov_4.936984	4729	46.94
GC1003827_F08_NODE_378_length_4726_cov_2.630789	4726	51.86
GC1003827_F08_NODE_379_length_4724_cov_6.507070	4724	41.70
GC1003827_F08_NODE_380_length_4723_cov_2.982376	4723	55.37
GC1003827_F08_NODE_381_length_4719_cov_5.828179	4719	56.81
GC1003827_F08_NODE_382_length_4716_cov_11.245151	4716	51.19
GC1003827_F08_NODE_383_length_4716_cov_3.930268	4716	53.56
GC1003827_F08_NODE_384_length_4713_cov_10.552769	4713	54.15
GC1003827_F08_NODE_385_length_4707_cov_7.466594	4707	44.53
GC1003827_F08_NODE_386_length_4698_cov_9.921024	4698	50.02
GC1003827_F08_NODE_387_length_4698_cov_7.009407	4698	44.93
GC1003827_F08_NODE_388_length_4695_cov_5.110333	4695	45.67
GC1003827_F08_NODE_389_length_4682_cov_7.605049	4682	50.77
GC1003827_F08_NODE_390_length_4681_cov_7.235617	4681	50.84
GC1003827_F08_NODE_391_length_4677_cov_3.006813	4677	50.50
GC1003827_F08_NODE_392_length_4674_cov_5.281284	4674	50.21
GC1003827_F08_NODE_393_length_4665_cov_9.867342	4665	51.25
GC1003827_F08_NODE_394_length_4656_cov_5.639214	4656	57.09
GC1003827_F08_NODE_395_length_4655_cov_7.991166	4655	54.48
GC1003827_F08_NODE_396_length_4650_cov_4.314614	4650	48.26
GC1003827_F08_NODE_397_length_4649_cov_8.062362	4649	50.83
GC1003827_F08_NODE_398_length_4647_cov_10.327876	4647	40.09
GC1003827_F08_NODE_399_length_4645_cov_5.024126	4645	48.78
GC1003827_F08_NODE_400_length_4643_cov_5.733171	4643	52.06
GC1003827_F08_NODE_401_length_4641_cov_3.085290	4641	47.88
GC1003827_F08_NODE_402_length_4640_cov_6.312652	4640	54.29
GC1003827_F08_NODE_403_length_4640_cov_3.752050	4640	50.00
GC1003827_F08_NODE_404_length_4634_cov_5.342800	4634	50.99
GC1003827_F08_NODE_405_length_4629_cov_9.641715	4629	47.44
GC1003827_F08_NODE_406_length_4625_cov_17.336594	4625	41.99
GC1003827_F08_NODE_407_length_4624_cov_7.412497	4624	52.42
GC1003827_F08_NODE_408_length_4619_cov_5.591941	4619	52.37
GC1003827_F08_NODE_409_length_4614_cov_9.072431	4614	46.73
GC1003827_F08_NODE_410_length_4610_cov_5.491635	4610	49.76
GC1003827_F08_NODE_411_length_4610_cov_3.980370	4610	45.44
GC1003827_F08_NODE_412_length_4606_cov_4.937709	4606	42.01
GC1003827_F08_NODE_413_length_4598_cov_3.537240	4598	44.15
GC1003827_F08_NODE_414_length_4595_cov_4.290286	4595	49.55
GC1003827_F08_NODE_415_length_4588_cov_11.624524	4588	49.13
GC1003827_F08_NODE_416_length_4588_cov_5.471867	4588	50.22
GC1003827_F08_NODE_417_length_4588_cov_4.791527	4588	45.27
GC1003827_F08_NODE_418_length_4586_cov_6.598565	4586	44.16
GC1003827_F08_NODE_419_length_4586_cov_6.077596	4586	42.02
GC1003827_F08_NODE_420_length_4582_cov_5.030303	4582	45.37
GC1003827_F08_NODE_421_length_4578_cov_6.867221	4578	49.78
GC1003827_F08_NODE_422_length_4576_cov_7.239380	4576	49.93
GC1003827_F08_NODE_423_length_4566_cov_4.775400	4566	39.20
GC1003827_F08_NODE_424_length_4564_cov_5.710615	4564	44.68
GC1003827_F08_NODE_425_length_4562_cov_9.406764	4562	51.99
GC1003827_F08_NODE_426_length_4561_cov_7.996392	4561	52.18
GC1003827_F08_NODE_427_length_4561_cov_6.517817	4561	46.99
GC1003827_F08_NODE_428_length_4561_cov_4.714253	4561	51.92
GC1003827_F08_NODE_429_length_4558_cov_15.491086	4558	47.56
GC1003827_F08_NODE_430_length_4556_cov_6.463762	4556	44.80
GC1003827_F08_NODE_431_length_4556_cov_2.429668	4556	52.22
GC1003827_F08_NODE_432_length_4555_cov_11.280262	4555	47.90
GC1003827_F08_NODE_433_length_4554_cov_11.758979	4554	41.92
GC1003827_F08_NODE_434_length_4552_cov_2.288814	4552	53.93
GC1003827_F08_NODE_435_length_4551_cov_2.672468	4551	51.44
GC1003827_F08_NODE_436_length_4546_cov_5.921702	4546	46.55
GC1003827_F08_NODE_437_length_4545_cov_3.459710	4545	54.74
GC1003827_F08_NODE_438_length_4537_cov_8.429252	4537	50.34
GC1003827_F08_NODE_439_length_4536_cov_7.721252	4536	54.54
GC1003827_F08_NODE_440_length_4527_cov_7.104091	4527	54.01
GC1003827_F08_NODE_441_length_4519_cov_3.757969	4519	44.19
GC1003827_F08_NODE_442_length_4518_cov_8.285584	4518	51.42
GC1003827_F08_NODE_443_length_4517_cov_4.196811	4517	43.37
GC1003827_F08_NODE_444_length_4516_cov_4.885395	4516	52.90
GC1003827_F08_NODE_445_length_4513_cov_5.826721	4513	48.70
GC1003827_F08_NODE_446_length_4510_cov_7.290668	4510	47.52
GC1003827_F08_NODE_447_length_4507_cov_7.275114	4507	48.08
GC1003827_F08_NODE_448_length_4504_cov_4.969842	4504	52.98
GC1003827_F08_NODE_449_length_4501_cov_6.027435	4501	48.61
GC1003827_F08_NODE_450_length_4499_cov_7.646157	4499	51.41
GC1003827_F08_NODE_451_length_4495_cov_11.652930	4495	51.43
GC1003827_F08_NODE_452_length_4490_cov_4.548705	4490	54.16
GC1003827_F08_NODE_453_length_4482_cov_10.302411	4482	49.91
GC1003827_F08_NODE_454_length_4480_cov_3.924650	4480	53.26
GC1003827_F08_NODE_455_length_4473_cov_8.237920	4473	50.12
GC1003827_F08_NODE_456_length_4465_cov_10.535731	4465	51.09
GC1003827_F08_NODE_457_length_4464_cov_4.635462	4464	50.47
GC1003827_F08_NODE_458_length_4455_cov_4.305684	4455	41.26
GC1003827_F08_NODE_459_length_4449_cov_11.852383	4449	50.53
GC1003827_F08_NODE_460_length_4444_cov_9.302525	4444	49.19
GC1003827_F08_NODE_461_length_4436_cov_5.887909	4436	46.66
GC1003827_F08_NODE_462_length_4430_cov_6.976528	4430	50.72
GC1003827_F08_NODE_463_length_4430_cov_2.820125	4430	47.88
GC1003827_F08_NODE_464_length_4429_cov_10.308694	4429	49.06
GC1003827_F08_NODE_465_length_4418_cov_6.542065	4418	44.95
GC1003827_F08_NODE_466_length_4412_cov_9.170362	4412	49.73
GC1003827_F08_NODE_467_length_4411_cov_7.533147	4411	48.79
GC1003827_F08_NODE_468_length_4408_cov_5.852838	4408	44.94
GC1003827_F08_NODE_469_length_4407_cov_7.264953	4407	49.81
GC1003827_F08_NODE_470_length_4403_cov_6.256080	4403	56.19
GC1003827_F08_NODE_471_length_4402_cov_4.789006	4402	44.37
GC1003827_F08_NODE_472_length_4376_cov_10.317957	4376	47.81
GC1003827_F08_NODE_473_length_4372_cov_7.868551	4372	46.04
GC1003827_F08_NODE_474_length_4368_cov_8.823391	4368	50.21
GC1003827_F08_NODE_475_length_4366_cov_7.920736	4366	45.53
GC1003827_F08_NODE_476_length_4362_cov_7.268713	4362	50.44
GC1003827_F08_NODE_477_length_4358_cov_10.294966	4358	54.77
GC1003827_F08_NODE_478_length_4356_cov_5.023173	4356	43.14
GC1003827_F08_NODE_479_length_4349_cov_5.839886	4349	55.71
GC1003827_F08_NODE_480_length_4346_cov_6.679071	4346	41.85
GC1003827_F08_NODE_481_length_4342_cov_5.001423	4342	52.33
GC1003827_F08_NODE_482_length_4341_cov_12.153536	4341	40.36
GC1003827_F08_NODE_483_length_4332_cov_9.784067	4332	47.83
GC1003827_F08_NODE_484_length_4332_cov_7.425922	4332	51.99
GC1003827_F08_NODE_485_length_4331_cov_5.957659	4331	55.00
GC1003827_F08_NODE_486_length_4324_cov_6.700262	4324	48.64
GC1003827_F08_NODE_487_length_4313_cov_13.917821	4313	50.59
GC1003827_F08_NODE_488_length_4307_cov_3.292105	4307	49.13
GC1003827_F08_NODE_489_length_4305_cov_3.926041	4305	48.85
GC1003827_F08_NODE_490_length_4302_cov_2.865389	4302	57.72
GC1003827_F08_NODE_491_length_4301_cov_6.385242	4301	44.85
GC1003827_F08_NODE_492_length_4298_cov_2.952529	4298	50.56
GC1003827_F08_NODE_493_length_4294_cov_6.928006	4294	47.11
GC1003827_F08_NODE_494_length_4294_cov_5.824094	4294	47.48
GC1003827_F08_NODE_495_length_4292_cov_4.215126	4292	52.24
GC1003827_F08_NODE_496_length_4291_cov_10.420029	4291	49.87
GC1003827_F08_NODE_497_length_4283_cov_10.355630	4283	45.90
GC1003827_F08_NODE_498_length_4282_cov_6.701083	4282	47.73
GC1003827_F08_NODE_499_length_4280_cov_12.372261	4280	46.96
GC1003827_F08_NODE_500_length_4277_cov_7.975663	4277	53.21
GC1003827_F08_NODE_501_length_4275_cov_6.753375	4275	46.55
GC1003827_F08_NODE_502_length_4265_cov_4.538908	4265	52.38
GC1003827_F08_NODE_503_length_4262_cov_7.234341	4262	52.04
GC1003827_F08_NODE_504_length_4261_cov_6.552975	4261	53.77
GC1003827_F08_NODE_505_length_4253_cov_10.225642	4253	49.68
GC1003827_F08_NODE_506_length_4248_cov_2.612715	4248	39.76
GC1003827_F08_NODE_507_length_4247_cov_8.456311	4247	51.33
GC1003827_F08_NODE_508_length_4246_cov_12.710124	4246	50.89
GC1003827_F08_NODE_509_length_4246_cov_10.141296	4246	47.95
GC1003827_F08_NODE_510_length_4245_cov_4.690141	4245	45.98
GC1003827_F08_NODE_511_length_4243_cov_8.098397	4243	46.12
GC1003827_F08_NODE_512_length_4239_cov_7.561527	4239	53.64
GC1003827_F08_NODE_513_length_4239_cov_6.817121	4239	50.74
GC1003827_F08_NODE_514_length_4238_cov_3.720749	4238	55.66
GC1003827_F08_NODE_515_length_4238_cov_3.211871	4238	55.85
GC1003827_F08_NODE_516_length_4233_cov_8.634681	4233	48.64
GC1003827_F08_NODE_517_length_4231_cov_7.688109	4231	46.87
GC1003827_F08_NODE_518_length_4228_cov_6.848817	4228	47.66
GC1003827_F08_NODE_519_length_4225_cov_6.026354	4225	54.82
GC1003827_F08_NODE_520_length_4224_cov_10.499146	4224	51.23
GC1003827_F08_NODE_521_length_4224_cov_8.554552	4224	49.46
GC1003827_F08_NODE_522_length_4222_cov_5.424908	4222	45.10
GC1003827_F08_NODE_523_length_4222_cov_2.218071	4222	50.99
GC1003827_F08_NODE_524_length_4218_cov_3.847470	4218	53.01
GC1003827_F08_NODE_525_length_4216_cov_6.054537	4216	49.24
GC1003827_F08_NODE_526_length_4216_cov_3.103693	4216	48.13
GC1003827_F08_NODE_527_length_4207_cov_7.298529	4207	48.25
GC1003827_F08_NODE_528_length_4206_cov_6.043638	4206	48.26
GC1003827_F08_NODE_529_length_4204_cov_7.077999	4204	54.83
GC1003827_F08_NODE_530_length_4198_cov_3.833456	4198	47.50
GC1003827_F08_NODE_531_length_4192_cov_14.681181	4192	52.89
GC1003827_F08_NODE_532_length_4186_cov_5.452328	4186	51.77
GC1003827_F08_NODE_533_length_4186_cov_3.080069	4186	41.69
GC1003827_F08_NODE_534_length_4182_cov_5.393835	4182	42.73
GC1003827_F08_NODE_535_length_4174_cov_4.364962	4174	55.99
GC1003827_F08_NODE_536_length_4173_cov_6.579338	4173	53.58
GC1003827_F08_NODE_537_length_4167_cov_5.978713	4167	47.68
GC1003827_F08_NODE_538_length_4158_cov_8.830315	4158	47.76
GC1003827_F08_NODE_539_length_4155_cov_8.757696	4155	49.34
GC1003827_F08_NODE_540_length_4154_cov_6.631487	4154	44.29
GC1003827_F08_NODE_541_length_4153_cov_3.287382	4153	43.15
GC1003827_F08_NODE_542_length_4152_cov_11.809938	4152	41.84
GC1003827_F08_NODE_543_length_4144_cov_7.428180	4144	54.54
GC1003827_F08_NODE_544_length_4144_cov_7.381379	4144	49.44
GC1003827_F08_NODE_545_length_4142_cov_6.048817	4142	58.72
GC1003827_F08_NODE_546_length_4139_cov_9.215105	4139	48.51
GC1003827_F08_NODE_547_length_4139_cov_5.292622	4139	51.82
GC1003827_F08_NODE_548_length_4136_cov_6.511848	4136	46.30
GC1003827_F08_NODE_549_length_4136_cov_4.382390	4136	53.53
GC1003827_F08_NODE_550_length_4132_cov_4.574282	4132	47.48
GC1003827_F08_NODE_551_length_4132_cov_3.780774	4132	48.48
GC1003827_F08_NODE_552_length_4130_cov_6.319760	4130	48.98
GC1003827_F08_NODE_553_length_4124_cov_8.708031	4124	49.68
GC1003827_F08_NODE_554_length_4124_cov_4.469352	4124	55.77
GC1003827_F08_NODE_555_length_4119_cov_4.518287	4119	47.22
GC1003827_F08_NODE_556_length_4119_cov_4.464930	4119	41.56
GC1003827_F08_NODE_557_length_4113_cov_5.338435	4113	50.40
GC1003827_F08_NODE_558_length_4108_cov_8.721678	4108	43.45
GC1003827_F08_NODE_559_length_4107_cov_6.469849	4107	51.94
GC1003827_F08_NODE_560_length_4099_cov_5.926485	4099	47.28
GC1003827_F08_NODE_561_length_4098_cov_4.718711	4098	54.22
GC1003827_F08_NODE_562_length_4098_cov_4.584739	4098	48.56
GC1003827_F08_NODE_563_length_4097_cov_7.877330	4097	49.67
GC1003827_F08_NODE_564_length_4093_cov_7.130862	4093	48.94
GC1003827_F08_NODE_565_length_4091_cov_11.678607	4091	47.05
GC1003827_F08_NODE_566_length_4090_cov_3.006056	4090	51.71
GC1003827_F08_NODE_567_length_4089_cov_10.502776	4089	49.35
GC1003827_F08_NODE_568_length_4083_cov_5.733569	4083	47.56
GC1003827_F08_NODE_569_length_4079_cov_4.681427	4079	48.57
GC1003827_F08_NODE_570_length_4078_cov_6.796507	4078	45.93
GC1003827_F08_NODE_571_length_4077_cov_4.431139	4077	48.25
GC1003827_F08_NODE_572_length_4070_cov_7.965508	4070	54.55
GC1003827_F08_NODE_573_length_4070_cov_4.510779	4070	52.01
GC1003827_F08_NODE_574_length_4070_cov_3.866345	4070	53.49
GC1003827_F08_NODE_575_length_4065_cov_10.854749	4065	48.68
GC1003827_F08_NODE_576_length_4065_cov_8.136872	4065	47.58
GC1003827_F08_NODE_577_length_4064_cov_6.127762	4064	51.08
GC1003827_F08_NODE_578_length_4063_cov_11.042429	4063	45.16
GC1003827_F08_NODE_579_length_4062_cov_7.444219	4062	52.51
GC1003827_F08_NODE_580_length_4062_cov_5.512325	4062	55.56
GC1003827_F08_NODE_581_length_4062_cov_3.423888	4062	51.48
GC1003827_F08_NODE_582_length_4059_cov_3.307731	4059	53.07
GC1003827_F08_NODE_583_length_4057_cov_4.817303	4057	44.05
GC1003827_F08_NODE_584_length_4050_cov_2.152944	4050	54.94
GC1003827_F08_NODE_585_length_4049_cov_5.150178	4049	38.40
GC1003827_F08_NODE_586_length_4046_cov_5.545547	4046	44.04
GC1003827_F08_NODE_587_length_4045_cov_4.636549	4045	49.02
GC1003827_F08_NODE_588_length_4039_cov_4.637781	4039	55.98
GC1003827_F08_NODE_589_length_4038_cov_3.408335	4038	45.42
GC1003827_F08_NODE_590_length_4037_cov_7.534271	4037	52.64
GC1003827_F08_NODE_591_length_4033_cov_5.952381	4033	54.05
GC1003827_F08_NODE_592_length_4028_cov_11.172007	4028	48.16
GC1003827_F08_NODE_593_length_4025_cov_7.187532	4025	51.03
GC1003827_F08_NODE_594_length_4025_cov_5.354797	4025	51.78
GC1003827_F08_NODE_595_length_4024_cov_3.498075	4024	49.93
GC1003827_F08_NODE_596_length_4020_cov_2.679938	4020	53.43
GC1003827_F08_NODE_597_length_4015_cov_10.322274	4015	46.63
GC1003827_F08_NODE_598_length_4013_cov_4.129182	4013	45.30
GC1003827_F08_NODE_599_length_4006_cov_3.834236	4006	58.64
GC1003827_F08_NODE_600_length_4004_cov_9.710343	4004	51.97
GC1003827_F08_NODE_601_length_4002_cov_5.014194	4002	52.95
GC1003827_F08_NODE_602_length_4000_cov_8.430674	4000	47.02
GC1003827_F08_NODE_603_length_3997_cov_6.796899	3997	51.36
GC1003827_F08_NODE_604_length_3993_cov_2.959907	3993	51.94
GC1003827_F08_NODE_605_length_3990_cov_10.164380	3990	51.20
GC1003827_F08_NODE_606_length_3989_cov_7.280425	3989	51.12
GC1003827_F08_NODE_607_length_3986_cov_5.111428	3986	45.51
GC1003827_F08_NODE_608_length_3984_cov_4.953332	3984	49.12
GC1003827_F08_NODE_609_length_3982_cov_7.074189	3982	50.43
GC1003827_F08_NODE_610_length_3981_cov_3.459263	3981	46.40
GC1003827_F08_NODE_611_length_3980_cov_3.684402	3980	45.90
GC1003827_F08_NODE_612_length_3980_cov_3.020763	3980	42.24
GC1003827_F08_NODE_613_length_3973_cov_8.152106	3973	48.15
GC1003827_F08_NODE_614_length_3973_cov_1.852314	3973	41.66
GC1003827_F08_NODE_615_length_3970_cov_5.108769	3970	45.97
GC1003827_F08_NODE_616_length_3966_cov_3.516280	3966	57.36
GC1003827_F08_NODE_617_length_3964_cov_4.280688	3964	46.37
GC1003827_F08_NODE_618_length_3962_cov_7.597392	3962	54.90
GC1003827_F08_NODE_619_length_3962_cov_5.394785	3962	46.82
GC1003827_F08_NODE_620_length_3958_cov_7.107544	3958	43.91
GC1003827_F08_NODE_621_length_3956_cov_11.264821	3956	50.53
GC1003827_F08_NODE_622_length_3956_cov_3.524680	3956	41.84
GC1003827_F08_NODE_623_length_3954_cov_9.435067	3954	47.50
GC1003827_F08_NODE_624_length_3952_cov_8.971242	3952	48.05
GC1003827_F08_NODE_625_length_3949_cov_2.331502	3949	56.82
GC1003827_F08_NODE_626_length_3948_cov_2.788799	3948	56.61
GC1003827_F08_NODE_627_length_3947_cov_7.879581	3947	49.00
GC1003827_F08_NODE_628_length_3941_cov_3.313582	3941	48.52
GC1003827_F08_NODE_629_length_3936_cov_10.569703	3936	45.22
GC1003827_F08_NODE_630_length_3930_cov_10.870103	3930	46.59
GC1003827_F08_NODE_631_length_3930_cov_5.328688	3930	52.47
GC1003827_F08_NODE_632_length_3929_cov_4.473435	3929	57.47
GC1003827_F08_NODE_633_length_3921_cov_7.360833	3921	55.78
GC1003827_F08_NODE_634_length_3918_cov_8.316275	3918	52.19
GC1003827_F08_NODE_635_length_3916_cov_7.982581	3916	44.08
GC1003827_F08_NODE_636_length_3915_cov_9.069958	3915	51.88
GC1003827_F08_NODE_637_length_3915_cov_5.942978	3915	54.84
GC1003827_F08_NODE_638_length_3914_cov_6.900977	3914	52.86
GC1003827_F08_NODE_639_length_3913_cov_3.491284	3913	50.88
GC1003827_F08_NODE_640_length_3910_cov_4.550093	3910	49.87
GC1003827_F08_NODE_641_length_3909_cov_6.784770	3909	50.22
GC1003827_F08_NODE_642_length_3908_cov_9.137265	3908	52.51
GC1003827_F08_NODE_643_length_3908_cov_6.825972	3908	47.93
GC1003827_F08_NODE_644_length_3906_cov_8.361207	3906	51.08
GC1003827_F08_NODE_645_length_3903_cov_6.567797	3903	52.70
GC1003827_F08_NODE_646_length_3902_cov_4.434437	3902	52.18
GC1003827_F08_NODE_647_length_3899_cov_4.625133	3899	55.81
GC1003827_F08_NODE_648_length_3895_cov_4.687102	3895	46.32
GC1003827_F08_NODE_649_length_3895_cov_3.220541	3895	48.73
GC1003827_F08_NODE_650_length_3893_cov_7.560542	3893	53.79
GC1003827_F08_NODE_651_length_3892_cov_7.675963	3892	51.98
GC1003827_F08_NODE_652_length_3892_cov_7.268526	3892	47.92
GC1003827_F08_NODE_653_length_3892_cov_7.218327	3892	48.33
GC1003827_F08_NODE_654_length_3892_cov_5.179283	3892	56.45
GC1003827_F08_NODE_655_length_3891_cov_4.292508	3891	49.50
GC1003827_F08_NODE_656_length_3883_cov_6.308839	3883	47.90
GC1003827_F08_NODE_657_length_3878_cov_5.216742	3878	50.72
GC1003827_F08_NODE_658_length_3877_cov_1.078667	3877	47.23
GC1003827_F08_NODE_659_length_3875_cov_13.161419	3875	48.65
GC1003827_F08_NODE_660_length_3874_cov_4.345610	3874	60.76
GC1003827_F08_NODE_661_length_3868_cov_11.819300	3868	50.10
GC1003827_F08_NODE_662_length_3868_cov_5.438653	3868	43.15
GC1003827_F08_NODE_663_length_3861_cov_9.332619	3861	51.23
GC1003827_F08_NODE_664_length_3858_cov_11.659609	3858	43.81
GC1003827_F08_NODE_665_length_3857_cov_14.173190	3857	49.73
GC1003827_F08_NODE_666_length_3857_cov_9.557373	3857	44.72
GC1003827_F08_NODE_667_length_3857_cov_5.583378	3857	54.39
GC1003827_F08_NODE_668_length_3857_cov_4.642359	3857	55.90
GC1003827_F08_NODE_669_length_3854_cov_11.497988	3854	50.08
GC1003827_F08_NODE_670_length_3854_cov_6.890529	3854	49.51
GC1003827_F08_NODE_671_length_3852_cov_7.494497	3852	47.66
GC1003827_F08_NODE_672_length_3847_cov_4.395430	3847	37.72
GC1003827_F08_NODE_673_length_3845_cov_10.753362	3845	51.99
GC1003827_F08_NODE_674_length_3843_cov_5.350646	3843	46.06
GC1003827_F08_NODE_675_length_3839_cov_6.807651	3839	47.46
GC1003827_F08_NODE_676_length_3837_cov_8.193531	3837	50.93
GC1003827_F08_NODE_677_length_3835_cov_6.087648	3835	40.70
GC1003827_F08_NODE_678_length_3834_cov_10.749123	3834	46.19
GC1003827_F08_NODE_679_length_3831_cov_5.904698	3831	54.53
GC1003827_F08_NODE_680_length_3830_cov_6.543883	3830	54.93
GC1003827_F08_NODE_681_length_3830_cov_4.756144	3830	56.92
GC1003827_F08_NODE_682_length_3830_cov_3.393735	3830	53.92
GC1003827_F08_NODE_683_length_3828_cov_7.287490	3828	51.15
GC1003827_F08_NODE_684_length_3827_cov_9.583243	3827	46.49
GC1003827_F08_NODE_685_length_3821_cov_4.828100	3821	54.38
GC1003827_F08_NODE_686_length_3814_cov_6.256306	3814	53.04
GC1003827_F08_NODE_687_length_3812_cov_3.608141	3812	55.75
GC1003827_F08_NODE_688_length_3811_cov_5.172638	3811	39.15
GC1003827_F08_NODE_689_length_3810_cov_12.918002	3810	49.40
GC1003827_F08_NODE_690_length_3809_cov_7.346551	3809	53.22
GC1003827_F08_NODE_691_length_3805_cov_5.830886	3805	51.56
GC1003827_F08_NODE_692_length_3804_cov_6.162905	3804	46.90
GC1003827_F08_NODE_693_length_3804_cov_4.246668	3804	50.34
GC1003827_F08_NODE_694_length_3800_cov_7.824394	3800	50.18
GC1003827_F08_NODE_695_length_3798_cov_14.296649	3798	47.97
GC1003827_F08_NODE_696_length_3798_cov_8.286570	3798	49.32
GC1003827_F08_NODE_697_length_3798_cov_4.223917	3798	48.87
GC1003827_F08_NODE_698_length_3795_cov_7.352781	3795	54.28
GC1003827_F08_NODE_699_length_3794_cov_6.302427	3794	46.76
GC1003827_F08_NODE_700_length_3792_cov_8.543520	3792	40.53
GC1003827_F08_NODE_701_length_3787_cov_3.267213	3787	45.79
GC1003827_F08_NODE_702_length_3783_cov_4.927243	3783	52.89
GC1003827_F08_NODE_703_length_3781_cov_8.147236	3781	50.09
GC1003827_F08_NODE_704_length_3777_cov_5.293973	3777	55.86
GC1003827_F08_NODE_705_length_3776_cov_3.699096	3776	53.58
GC1003827_F08_NODE_706_length_3775_cov_5.171601	3775	54.25
GC1003827_F08_NODE_707_length_3774_cov_4.642172	3774	38.02
GC1003827_F08_NODE_708_length_3774_cov_3.187826	3774	43.67
GC1003827_F08_NODE_709_length_3773_cov_5.485738	3773	54.41
GC1003827_F08_NODE_710_length_3770_cov_3.461158	3770	50.56
GC1003827_F08_NODE_711_length_3769_cov_7.744920	3769	54.10
GC1003827_F08_NODE_712_length_3768_cov_5.208459	3768	55.12
GC1003827_F08_NODE_713_length_3765_cov_11.860638	3765	52.32
GC1003827_F08_NODE_714_length_3760_cov_6.619873	3760	48.83
GC1003827_F08_NODE_715_length_3759_cov_4.565804	3759	54.24
GC1003827_F08_NODE_716_length_3758_cov_6.850730	3758	47.21
GC1003827_F08_NODE_717_length_3756_cov_5.668779	3756	51.25
GC1003827_F08_NODE_718_length_3753_cov_4.525648	3753	57.45
GC1003827_F08_NODE_719_length_3749_cov_3.295693	3749	43.96
GC1003827_F08_NODE_720_length_3746_cov_6.870683	3746	46.53
GC1003827_F08_NODE_721_length_3742_cov_3.010235	3742	48.32
GC1003827_F08_NODE_722_length_3735_cov_4.034368	3735	49.40
GC1003827_F08_NODE_723_length_3732_cov_4.197226	3732	56.67
GC1003827_F08_NODE_724_length_3731_cov_13.385960	3731	47.31
GC1003827_F08_NODE_725_length_3731_cov_5.612930	3731	50.01
GC1003827_F08_NODE_726_length_3727_cov_1.933889	3727	46.31
GC1003827_F08_NODE_727_length_3724_cov_5.496803	3724	55.61
GC1003827_F08_NODE_728_length_3717_cov_8.873538	3717	45.95
GC1003827_F08_NODE_729_length_3717_cov_5.540111	3717	50.90
GC1003827_F08_NODE_730_length_3712_cov_5.889819	3712	49.97
GC1003827_F08_NODE_731_length_3711_cov_6.890904	3711	51.98
GC1003827_F08_NODE_732_length_3711_cov_5.005859	3711	49.21
GC1003827_F08_NODE_733_length_3709_cov_10.141541	3709	54.49
GC1003827_F08_NODE_734_length_3709_cov_4.526521	3709	52.76
GC1003827_F08_NODE_735_length_3707_cov_2.859777	3707	44.08
GC1003827_F08_NODE_736_length_3705_cov_3.780045	3705	53.55
GC1003827_F08_NODE_737_length_3698_cov_2.121535	3698	54.95
GC1003827_F08_NODE_738_length_3697_cov_6.804762	3697	47.69
GC1003827_F08_NODE_739_length_3695_cov_4.033632	3695	57.43
GC1003827_F08_NODE_740_length_3693_cov_5.053842	3693	47.79
GC1003827_F08_NODE_741_length_3688_cov_4.405223	3688	54.58
GC1003827_F08_NODE_742_length_3688_cov_1.892446	3688	48.81
GC1003827_F08_NODE_743_length_3685_cov_7.074761	3685	46.38
GC1003827_F08_NODE_744_length_3682_cov_12.124332	3682	52.88
GC1003827_F08_NODE_745_length_3681_cov_5.043894	3681	51.10
GC1003827_F08_NODE_746_length_3679_cov_5.514640	3679	53.87
GC1003827_F08_NODE_747_length_3678_cov_5.944804	3678	49.29
GC1003827_F08_NODE_748_length_3677_cov_5.045915	3677	45.09
GC1003827_F08_NODE_749_length_3677_cov_3.583380	3677	43.11
GC1003827_F08_NODE_750_length_3670_cov_13.676545	3670	53.35
GC1003827_F08_NODE_751_length_3670_cov_4.635902	3670	47.49
GC1003827_F08_NODE_752_length_3668_cov_8.768709	3668	54.74
GC1003827_F08_NODE_753_length_3666_cov_13.445324	3666	53.57
GC1003827_F08_NODE_754_length_3664_cov_11.806333	3664	45.85
GC1003827_F08_NODE_755_length_3656_cov_6.336923	3656	51.34
GC1003827_F08_NODE_756_length_3656_cov_5.911873	3656	51.86
GC1003827_F08_NODE_757_length_3655_cov_7.358560	3655	48.67
GC1003827_F08_NODE_758_length_3654_cov_8.532464	3654	44.36
GC1003827_F08_NODE_759_length_3654_cov_6.869861	3654	47.32
GC1003827_F08_NODE_760_length_3653_cov_3.105502	3653	52.81
GC1003827_F08_NODE_761_length_3651_cov_3.615210	3651	52.37
GC1003827_F08_NODE_762_length_3649_cov_5.400625	3649	54.29
GC1003827_F08_NODE_763_length_3647_cov_3.039773	3647	59.53
GC1003827_F08_NODE_764_length_3644_cov_6.978106	3644	53.57
GC1003827_F08_NODE_765_length_3643_cov_9.002275	3643	54.35
GC1003827_F08_NODE_766_length_3641_cov_4.968981	3641	49.96
GC1003827_F08_NODE_767_length_3640_cov_6.374609	3640	50.03
GC1003827_F08_NODE_768_length_3640_cov_5.680900	3640	50.96
GC1003827_F08_NODE_769_length_3637_cov_6.785185	3637	48.34
GC1003827_F08_NODE_770_length_3637_cov_6.564672	3637	53.78
GC1003827_F08_NODE_771_length_3634_cov_4.943827	3634	50.99
GC1003827_F08_NODE_772_length_3633_cov_9.226184	3633	53.48
GC1003827_F08_NODE_773_length_3629_cov_4.718447	3629	44.36
GC1003827_F08_NODE_774_length_3627_cov_4.006000	3627	48.69
GC1003827_F08_NODE_775_length_3625_cov_4.309320	3625	47.26
GC1003827_F08_NODE_776_length_3624_cov_7.386045	3624	56.51
GC1003827_F08_NODE_777_length_3624_cov_4.634544	3624	49.56
GC1003827_F08_NODE_778_length_3620_cov_2.246779	3620	49.17
GC1003827_F08_NODE_779_length_3619_cov_6.943013	3619	51.17
GC1003827_F08_NODE_780_length_3619_cov_5.428694	3619	48.66
GC1003827_F08_NODE_781_length_3616_cov_4.978217	3616	46.29
GC1003827_F08_NODE_782_length_3615_cov_1.950975	3615	47.25
GC1003827_F08_NODE_783_length_3614_cov_10.233725	3614	56.59
GC1003827_F08_NODE_784_length_3613_cov_5.884682	3613	46.39
GC1003827_F08_NODE_785_length_3612_cov_10.060258	3612	50.28
GC1003827_F08_NODE_786_length_3612_cov_6.152941	3612	53.65
GC1003827_F08_NODE_787_length_3611_cov_8.983639	3611	42.48
GC1003827_F08_NODE_788_length_3607_cov_5.286207	3607	48.16
GC1003827_F08_NODE_789_length_3605_cov_15.243818	3605	47.27
GC1003827_F08_NODE_790_length_3602_cov_4.248633	3602	47.39
GC1003827_F08_NODE_791_length_3600_cov_6.172473	3600	47.06
GC1003827_F08_NODE_792_length_3600_cov_2.063922	3600	54.31
GC1003827_F08_NODE_793_length_3598_cov_3.779314	3598	51.83
GC1003827_F08_NODE_794_length_3596_cov_4.638224	3596	50.75
GC1003827_F08_NODE_795_length_3596_cov_3.871433	3596	50.86
GC1003827_F08_NODE_796_length_3592_cov_6.554978	3592	45.21
GC1003827_F08_NODE_797_length_3591_cov_4.665704	3591	43.47
GC1003827_F08_NODE_798_length_3587_cov_9.606647	3587	47.11
GC1003827_F08_NODE_799_length_3586_cov_11.462851	3586	47.82
GC1003827_F08_NODE_800_length_3586_cov_7.310205	3586	52.06
GC1003827_F08_NODE_801_length_3585_cov_12.742626	3585	48.09
GC1003827_F08_NODE_802_length_3581_cov_13.002895	3581	51.80
GC1003827_F08_NODE_803_length_3580_cov_4.863597	3580	55.98
GC1003827_F08_NODE_804_length_3578_cov_8.932483	3578	54.56
GC1003827_F08_NODE_805_length_3571_cov_5.203252	3571	51.69
GC1003827_F08_NODE_806_length_3570_cov_4.299158	3570	52.97
GC1003827_F08_NODE_807_length_3569_cov_4.274840	3569	49.26
GC1003827_F08_NODE_808_length_3569_cov_3.454096	3569	56.65
GC1003827_F08_NODE_809_length_3567_cov_5.268895	3567	52.28
GC1003827_F08_NODE_810_length_3564_cov_6.804481	3564	53.34
GC1003827_F08_NODE_811_length_3563_cov_6.613213	3563	47.66
GC1003827_F08_NODE_812_length_3562_cov_3.627948	3562	53.76
GC1003827_F08_NODE_813_length_3561_cov_5.138905	3561	54.34
GC1003827_F08_NODE_814_length_3558_cov_5.871466	3558	52.53
GC1003827_F08_NODE_815_length_3557_cov_4.812245	3557	51.70
GC1003827_F08_NODE_816_length_3553_cov_11.079977	3553	51.34
GC1003827_F08_NODE_817_length_3552_cov_10.054891	3552	47.72
GC1003827_F08_NODE_818_length_3548_cov_7.911429	3548	52.90
GC1003827_F08_NODE_819_length_3548_cov_3.276820	3548	55.89
GC1003827_F08_NODE_820_length_3547_cov_5.000877	3547	54.33
GC1003827_F08_NODE_821_length_3546_cov_4.795262	3546	52.40
GC1003827_F08_NODE_822_length_3546_cov_4.025446	3546	45.18
GC1003827_F08_NODE_823_length_3545_cov_4.326507	3545	42.62
GC1003827_F08_NODE_824_length_3541_cov_3.619215	3541	56.23
GC1003827_F08_NODE_825_length_3539_cov_3.712778	3539	54.39
GC1003827_F08_NODE_826_length_3539_cov_2.682298	3539	46.43
GC1003827_F08_NODE_827_length_3538_cov_2.979478	3538	46.21
GC1003827_F08_NODE_828_length_3536_cov_6.151657	3536	50.99
GC1003827_F08_NODE_829_length_3535_cov_4.356514	3535	51.88
GC1003827_F08_NODE_830_length_3534_cov_5.655122	3534	53.34
GC1003827_F08_NODE_831_length_3533_cov_8.147974	3533	53.84
GC1003827_F08_NODE_832_length_3531_cov_7.319918	3531	49.82
GC1003827_F08_NODE_833_length_3530_cov_9.735821	3530	48.98
GC1003827_F08_NODE_834_length_3528_cov_7.793296	3528	50.03
GC1003827_F08_NODE_835_length_3526_cov_6.696381	3526	45.26
GC1003827_F08_NODE_836_length_3526_cov_5.960577	3526	44.13
GC1003827_F08_NODE_837_length_3524_cov_7.124227	3524	51.22
GC1003827_F08_NODE_838_length_3524_cov_5.473948	3524	54.06
GC1003827_F08_NODE_839_length_3523_cov_12.488516	3523	45.22
GC1003827_F08_NODE_840_length_3522_cov_6.036819	3522	51.45
GC1003827_F08_NODE_841_length_3519_cov_9.283608	3519	51.46
GC1003827_F08_NODE_842_length_3519_cov_2.520047	3519	39.24
GC1003827_F08_NODE_843_length_3518_cov_9.707461	3518	47.41
GC1003827_F08_NODE_844_length_3518_cov_5.990858	3518	53.38
GC1003827_F08_NODE_845_length_3518_cov_5.567089	3518	53.58
GC1003827_F08_NODE_846_length_3517_cov_9.823894	3517	46.40
GC1003827_F08_NODE_847_length_3517_cov_3.884956	3517	51.83
GC1003827_F08_NODE_848_length_3516_cov_7.986427	3516	43.06
GC1003827_F08_NODE_849_length_3512_cov_5.820384	3512	55.41
GC1003827_F08_NODE_850_length_3510_cov_7.719480	3510	37.98
GC1003827_F08_NODE_851_length_3509_cov_4.764932	3509	54.69
GC1003827_F08_NODE_852_length_3508_cov_3.856847	3508	51.08
GC1003827_F08_NODE_853_length_3507_cov_6.992308	3507	50.16
GC1003827_F08_NODE_854_length_3499_cov_7.685053	3499	56.82
GC1003827_F08_NODE_855_length_3497_cov_10.574777	3497	52.87
GC1003827_F08_NODE_856_length_3497_cov_5.833234	3497	51.02
GC1003827_F08_NODE_857_length_3497_cov_3.954896	3497	51.07
GC1003827_F08_NODE_858_length_3495_cov_4.691805	3495	51.76
GC1003827_F08_NODE_859_length_3494_cov_3.127710	3494	58.90
GC1003827_F08_NODE_860_length_3493_cov_5.724599	3493	47.44
GC1003827_F08_NODE_861_length_3490_cov_9.970562	3490	47.56
GC1003827_F08_NODE_862_length_3490_cov_3.996134	3490	51.55
GC1003827_F08_NODE_863_length_3489_cov_5.104700	3489	48.93
GC1003827_F08_NODE_864_length_3488_cov_8.929485	3488	49.51
GC1003827_F08_NODE_865_length_3487_cov_4.407143	3487	55.35
GC1003827_F08_NODE_866_length_3487_cov_3.924405	3487	49.01
GC1003827_F08_NODE_867_length_3485_cov_5.374032	3485	47.29
GC1003827_F08_NODE_868_length_3485_cov_4.580405	3485	45.85
GC1003827_F08_NODE_869_length_3484_cov_3.769437	3484	52.76
GC1003827_F08_NODE_870_length_3483_cov_12.992253	3483	51.36
GC1003827_F08_NODE_871_length_3482_cov_3.009538	3482	47.44
GC1003827_F08_NODE_872_length_3478_cov_4.891973	3478	50.92
GC1003827_F08_NODE_873_length_3476_cov_3.870708	3476	47.32
GC1003827_F08_NODE_874_length_3473_cov_10.223551	3473	46.44
GC1003827_F08_NODE_875_length_3473_cov_7.007472	3473	53.24
GC1003827_F08_NODE_876_length_3472_cov_18.740209	3472	49.28
GC1003827_F08_NODE_877_length_3471_cov_5.694976	3471	55.86
GC1003827_F08_NODE_878_length_3471_cov_5.652213	3471	50.62
GC1003827_F08_NODE_879_length_3466_cov_3.410302	3466	53.14
GC1003827_F08_NODE_880_length_3465_cov_10.463751	3465	38.87
GC1003827_F08_NODE_881_length_3465_cov_7.333733	3465	47.50
GC1003827_F08_NODE_882_length_3464_cov_3.932574	3464	50.40
GC1003827_F08_NODE_883_length_3463_cov_4.365108	3463	54.72
GC1003827_F08_NODE_884_length_3463_cov_3.224520	3463	49.35
GC1003827_F08_NODE_885_length_3460_cov_14.326133	3460	52.60
GC1003827_F08_NODE_886_length_3460_cov_12.437444	3460	53.96
GC1003827_F08_NODE_887_length_3459_cov_2.077131	3459	55.91
GC1003827_F08_NODE_888_length_3458_cov_7.044131	3458	55.96
GC1003827_F08_NODE_889_length_3457_cov_6.451051	3457	45.21
GC1003827_F08_NODE_890_length_3457_cov_4.575676	3457	43.04
GC1003827_F08_NODE_891_length_3455_cov_4.137320	3455	50.59
GC1003827_F08_NODE_892_length_3454_cov_4.416592	3454	53.30
GC1003827_F08_NODE_893_length_3450_cov_5.928378	3450	51.86
GC1003827_F08_NODE_894_length_3446_cov_9.041579	3446	44.52
GC1003827_F08_NODE_895_length_3444_cov_10.700935	3444	51.13
GC1003827_F08_NODE_896_length_3443_cov_6.778951	3443	46.91
GC1003827_F08_NODE_897_length_3439_cov_7.576691	3439	44.46
GC1003827_F08_NODE_898_length_3439_cov_5.617452	3439	47.54
GC1003827_F08_NODE_899_length_3438_cov_10.992449	3438	52.76
GC1003827_F08_NODE_900_length_3438_cov_7.977046	3438	51.19
GC1003827_F08_NODE_901_length_3437_cov_7.006949	3437	47.16
GC1003827_F08_NODE_902_length_3437_cov_6.442598	3437	46.55
GC1003827_F08_NODE_903_length_3437_cov_5.177341	3437	44.40
GC1003827_F08_NODE_904_length_3437_cov_3.093353	3437	54.79
GC1003827_F08_NODE_905_length_3436_cov_10.626171	3436	49.51
GC1003827_F08_NODE_906_length_3436_cov_1.103657	3436	54.92
GC1003827_F08_NODE_907_length_3434_cov_4.712428	3434	47.96
GC1003827_F08_NODE_908_length_3433_cov_5.721416	3433	44.86
GC1003827_F08_NODE_909_length_3430_cov_10.135029	3430	53.15
GC1003827_F08_NODE_910_length_3427_cov_15.002121	3427	48.29
GC1003827_F08_NODE_911_length_3427_cov_8.379091	3427	52.85
GC1003827_F08_NODE_912_length_3427_cov_2.717273	3427	52.55
GC1003827_F08_NODE_913_length_3424_cov_5.868972	3424	49.97
GC1003827_F08_NODE_914_length_3422_cov_4.270410	3422	53.89
GC1003827_F08_NODE_915_length_3421_cov_4.714026	3421	52.29
GC1003827_F08_NODE_916_length_3421_cov_4.040073	3421	50.60
GC1003827_F08_NODE_917_length_3420_cov_7.109323	3420	50.15
GC1003827_F08_NODE_918_length_3420_cov_5.711813	3420	49.94
GC1003827_F08_NODE_919_length_3419_cov_9.501215	3419	56.22
GC1003827_F08_NODE_920_length_3416_cov_6.598662	3416	48.77
GC1003827_F08_NODE_921_length_3416_cov_2.766798	3416	55.30
GC1003827_F08_NODE_922_length_3414_cov_9.241253	3414	50.82
GC1003827_F08_NODE_923_length_3412_cov_7.922070	3412	49.56
GC1003827_F08_NODE_924_length_3412_cov_5.355860	3412	38.48
GC1003827_F08_NODE_925_length_3412_cov_2.907458	3412	52.14
GC1003827_F08_NODE_926_length_3411_cov_4.873021	3411	58.02
GC1003827_F08_NODE_927_length_3411_cov_4.131242	3411	50.54
GC1003827_F08_NODE_928_length_3405_cov_5.741916	3405	47.40
GC1003827_F08_NODE_929_length_3402_cov_8.211908	3402	55.35
GC1003827_F08_NODE_930_length_3402_cov_6.984733	3402	52.65
GC1003827_F08_NODE_931_length_3402_cov_4.396641	3402	55.76
GC1003827_F08_NODE_932_length_3401_cov_8.904704	3401	54.31
GC1003827_F08_NODE_933_length_3401_cov_4.288332	3401	50.40
GC1003827_F08_NODE_934_length_3398_cov_11.846836	3398	55.27
GC1003827_F08_NODE_935_length_3398_cov_6.902782	3398	57.21
GC1003827_F08_NODE_936_length_3397_cov_10.094495	3397	49.43
GC1003827_F08_NODE_937_length_3397_cov_7.874006	3397	48.13
GC1003827_F08_NODE_938_length_3396_cov_7.096666	3396	53.65
GC1003827_F08_NODE_939_length_3395_cov_4.131885	3395	57.44
GC1003827_F08_NODE_940_length_3392_cov_8.307810	3392	51.74
GC1003827_F08_NODE_941_length_3391_cov_6.669424	3391	49.13
GC1003827_F08_NODE_942_length_3387_cov_2.216258	3387	42.99
GC1003827_F08_NODE_943_length_3386_cov_9.629948	3386	52.36
GC1003827_F08_NODE_944_length_3386_cov_2.460571	3386	53.78
GC1003827_F08_NODE_945_length_3382_cov_4.609831	3382	50.44
GC1003827_F08_NODE_946_length_3382_cov_3.507527	3382	52.01
GC1003827_F08_NODE_947_length_3378_cov_7.251000	3378	54.26
GC1003827_F08_NODE_948_length_3378_cov_6.746540	3378	40.88
GC1003827_F08_NODE_949_length_3376_cov_3.254232	3376	51.48
GC1003827_F08_NODE_950_length_3370_cov_6.097132	3370	52.55
GC1003827_F08_NODE_951_length_3368_cov_7.829682	3368	44.42
GC1003827_F08_NODE_952_length_3368_cov_5.280160	3368	54.39
GC1003827_F08_NODE_953_length_3366_cov_4.371720	3366	53.77
GC1003827_F08_NODE_954_length_3361_cov_4.238404	3361	49.54
GC1003827_F08_NODE_955_length_3360_cov_7.557377	3360	54.64
GC1003827_F08_NODE_956_length_3360_cov_4.917105	3360	47.38
GC1003827_F08_NODE_957_length_3356_cov_6.795293	3356	50.24
GC1003827_F08_NODE_958_length_3355_cov_9.613693	3355	50.13
GC1003827_F08_NODE_959_length_3352_cov_5.761550	3352	49.73
GC1003827_F08_NODE_960_length_3350_cov_4.073534	3350	50.57
GC1003827_F08_NODE_961_length_3348_cov_10.171686	3348	50.66
GC1003827_F08_NODE_962_length_3345_cov_6.163456	3345	49.69
GC1003827_F08_NODE_963_length_3345_cov_5.009944	3345	47.26
GC1003827_F08_NODE_964_length_3343_cov_5.034515	3343	54.95
GC1003827_F08_NODE_965_length_3342_cov_3.787869	3342	47.07
GC1003827_F08_NODE_966_length_3341_cov_7.291848	3341	48.88
GC1003827_F08_NODE_967_length_3340_cov_4.071895	3340	54.88
GC1003827_F08_NODE_968_length_3339_cov_9.042030	3339	51.45
GC1003827_F08_NODE_969_length_3338_cov_5.877297	3338	50.42
GC1003827_F08_NODE_970_length_3338_cov_4.945811	3338	50.18
GC1003827_F08_NODE_971_length_3337_cov_4.768847	3337	48.91
GC1003827_F08_NODE_972_length_3335_cov_6.749688	3335	53.79
GC1003827_F08_NODE_973_length_3335_cov_6.057668	3335	53.85
GC1003827_F08_NODE_974_length_3334_cov_2.794824	3334	46.49
GC1003827_F08_NODE_975_length_3334_cov_1.038042	3334	51.56
GC1003827_F08_NODE_976_length_3333_cov_2.958827	3333	48.36
GC1003827_F08_NODE_977_length_3331_cov_6.996567	3331	47.46
GC1003827_F08_NODE_978_length_3331_cov_3.544007	3331	57.37
GC1003827_F08_NODE_979_length_3330_cov_21.379020	3330	47.18
GC1003827_F08_NODE_980_length_3330_cov_5.907899	3330	47.72
GC1003827_F08_NODE_981_length_3330_cov_5.462691	3330	55.38
GC1003827_F08_NODE_982_length_3328_cov_3.153390	3328	51.80
GC1003827_F08_NODE_983_length_3327_cov_6.868437	3327	49.71
GC1003827_F08_NODE_984_length_3326_cov_7.237574	3326	53.34
GC1003827_F08_NODE_985_length_3325_cov_8.610694	3325	46.95
GC1003827_F08_NODE_986_length_3324_cov_7.334376	3324	54.03
GC1003827_F08_NODE_987_length_3322_cov_6.534585	3322	46.93
GC1003827_F08_NODE_988_length_3321_cov_9.170632	3321	50.20
GC1003827_F08_NODE_989_length_3321_cov_7.996243	3321	55.53
GC1003827_F08_NODE_990_length_3321_cov_7.655291	3321	48.24
GC1003827_F08_NODE_991_length_3321_cov_7.240138	3321	54.50
GC1003827_F08_NODE_992_length_3318_cov_4.740834	3318	49.58
GC1003827_F08_NODE_993_length_3317_cov_10.253918	3317	48.60
GC1003827_F08_NODE_994_length_3316_cov_3.460332	3316	57.48
GC1003827_F08_NODE_995_length_3315_cov_4.478043	3315	57.89
GC1003827_F08_NODE_996_length_3314_cov_5.618764	3314	52.63
GC1003827_F08_NODE_997_length_3312_cov_7.542543	3312	48.76
GC1003827_F08_NODE_998_length_3312_cov_6.125903	3312	47.74
GC1003827_F08_NODE_999_length_3312_cov_5.432339	3312	52.36
GC1003827_F08_NODE_1000_length_3311_cov_7.662374	3311	54.18
GC1003827_F08_NODE_1001_length_3306_cov_21.926077	3306	49.79
GC1003827_F08_NODE_1002_length_3305_cov_7.651668	3305	47.87
GC1003827_F08_NODE_1003_length_3305_cov_2.816237	3305	46.63
GC1003827_F08_NODE_1004_length_3304_cov_6.391250	3304	54.87
GC1003827_F08_NODE_1005_length_3304_cov_2.247088	3304	55.33
GC1003827_F08_NODE_1006_length_3302_cov_3.931339	3302	53.15
GC1003827_F08_NODE_1007_length_3302_cov_2.280315	3302	49.76
GC1003827_F08_NODE_1008_length_3301_cov_7.380907	3301	54.71
GC1003827_F08_NODE_1009_length_3301_cov_3.895085	3301	48.56
GC1003827_F08_NODE_1010_length_3300_cov_14.541443	3300	44.64
GC1003827_F08_NODE_1011_length_3300_cov_4.566971	3300	49.36
GC1003827_F08_NODE_1012_length_3291_cov_6.441846	3291	48.89
GC1003827_F08_NODE_1013_length_3289_cov_14.642315	3289	49.29
GC1003827_F08_NODE_1014_length_3284_cov_10.157111	3284	52.28
GC1003827_F08_NODE_1015_length_3284_cov_5.955971	3284	45.19
GC1003827_F08_NODE_1016_length_3281_cov_5.278060	3281	49.53
GC1003827_F08_NODE_1017_length_3279_cov_2.404505	3279	44.56
GC1003827_F08_NODE_1018_length_3276_cov_15.110194	3276	46.18
GC1003827_F08_NODE_1019_length_3276_cov_4.371864	3276	55.22
GC1003827_F08_NODE_1020_length_3275_cov_8.002224	3275	53.37
GC1003827_F08_NODE_1021_length_3275_cov_4.660737	3275	49.86
GC1003827_F08_NODE_1022_length_3273_cov_5.638907	3273	56.22
GC1003827_F08_NODE_1023_length_3273_cov_4.923395	3273	58.42
GC1003827_F08_NODE_1024_length_3272_cov_2.690302	3272	52.14
GC1003827_F08_NODE_1025_length_3270_cov_6.099268	3270	44.53
GC1003827_F08_NODE_1026_length_3269_cov_9.596117	3269	55.89
GC1003827_F08_NODE_1027_length_3267_cov_4.345223	3267	54.18
GC1003827_F08_NODE_1028_length_3266_cov_4.276203	3266	54.81
GC1003827_F08_NODE_1029_length_3263_cov_5.021684	3263	47.10
GC1003827_F08_NODE_1030_length_3260_cov_11.327482	3260	50.83
GC1003827_F08_NODE_1031_length_3260_cov_6.842324	3260	48.80
GC1003827_F08_NODE_1032_length_3260_cov_6.244494	3260	51.63
GC1003827_F08_NODE_1033_length_3258_cov_8.100926	3258	53.74
GC1003827_F08_NODE_1034_length_3256_cov_8.904442	3256	52.12
GC1003827_F08_NODE_1035_length_3256_cov_6.880473	3256	51.50
GC1003827_F08_NODE_1036_length_3254_cov_15.300288	3254	44.31
GC1003827_F08_NODE_1037_length_3252_cov_12.840640	3252	46.62
GC1003827_F08_NODE_1038_length_3252_cov_6.268160	3252	50.40
GC1003827_F08_NODE_1039_length_3251_cov_7.092190	3251	49.28
GC1003827_F08_NODE_1040_length_3250_cov_8.643292	3250	47.63
GC1003827_F08_NODE_1041_length_3250_cov_7.232469	3250	51.51
GC1003827_F08_NODE_1042_length_3249_cov_4.173927	3249	49.55
GC1003827_F08_NODE_1043_length_3247_cov_10.879487	3247	52.82
GC1003827_F08_NODE_1044_length_3246_cov_4.125681	3246	43.87
GC1003827_F08_NODE_1045_length_3245_cov_7.916613	3245	53.56
GC1003827_F08_NODE_1046_length_3244_cov_6.380173	3244	49.91
GC1003827_F08_NODE_1047_length_3243_cov_3.517009	3243	52.98
GC1003827_F08_NODE_1048_length_3243_cov_2.562259	3243	53.81
GC1003827_F08_NODE_1049_length_3242_cov_6.702408	3242	46.14
GC1003827_F08_NODE_1050_length_3239_cov_16.506427	3239	54.46
GC1003827_F08_NODE_1051_length_3239_cov_6.759640	3239	51.44
GC1003827_F08_NODE_1052_length_3238_cov_6.608486	3238	49.75
GC1003827_F08_NODE_1053_length_3237_cov_6.374920	3237	51.10
GC1003827_F08_NODE_1054_length_3236_cov_6.371180	3236	49.85
GC1003827_F08_NODE_1055_length_3235_cov_25.956242	3235	47.60
GC1003827_F08_NODE_1056_length_3235_cov_10.872587	3235	50.17
GC1003827_F08_NODE_1057_length_3233_cov_5.769478	3233	52.74
GC1003827_F08_NODE_1058_length_3232_cov_5.962963	3232	52.04
GC1003827_F08_NODE_1059_length_3230_cov_7.839832	3230	49.91
GC1003827_F08_NODE_1060_length_3229_cov_2.110574	3229	51.44
GC1003827_F08_NODE_1061_length_3228_cov_9.394389	3228	47.21
GC1003827_F08_NODE_1062_length_3227_cov_7.810645	3227	50.48
GC1003827_F08_NODE_1063_length_3227_cov_6.638710	3227	50.70
GC1003827_F08_NODE_1064_length_3223_cov_5.740633	3223	47.60
GC1003827_F08_NODE_1065_length_3219_cov_10.997736	3219	48.31
GC1003827_F08_NODE_1066_length_3217_cov_5.938511	3217	49.11
GC1003827_F08_NODE_1067_length_3213_cov_8.331173	3213	42.61
GC1003827_F08_NODE_1068_length_3212_cov_10.805186	3212	50.12
GC1003827_F08_NODE_1069_length_3212_cov_9.568882	3212	50.97
GC1003827_F08_NODE_1070_length_3209_cov_11.782933	3209	44.56
GC1003827_F08_NODE_1071_length_3209_cov_5.011032	3209	50.86
GC1003827_F08_NODE_1072_length_3208_cov_7.994807	3208	52.18
GC1003827_F08_NODE_1073_length_3208_cov_5.216813	3208	34.20
GC1003827_F08_NODE_1074_length_3206_cov_2.878532	3206	52.71
GC1003827_F08_NODE_1075_length_3204_cov_3.812805	3204	46.16
GC1003827_F08_NODE_1076_length_3203_cov_3.962939	3203	38.53
GC1003827_F08_NODE_1077_length_3202_cov_8.762927	3202	56.31
GC1003827_F08_NODE_1078_length_3197_cov_9.406840	3197	49.77
GC1003827_F08_NODE_1079_length_3197_cov_4.550489	3197	44.64
GC1003827_F08_NODE_1080_length_3196_cov_17.031281	3196	48.40
GC1003827_F08_NODE_1081_length_3196_cov_3.662105	3196	51.22
GC1003827_F08_NODE_1082_length_3194_cov_7.767851	3194	56.51
GC1003827_F08_NODE_1083_length_3191_cov_9.529047	3191	51.49
GC1003827_F08_NODE_1084_length_3187_cov_5.561765	3187	52.06
GC1003827_F08_NODE_1085_length_3187_cov_5.498693	3187	51.36
GC1003827_F08_NODE_1086_length_3187_cov_3.215033	3187	50.99
GC1003827_F08_NODE_1087_length_3185_cov_4.709941	3185	50.20
GC1003827_F08_NODE_1088_length_3184_cov_11.270854	3184	52.51
GC1003827_F08_NODE_1089_length_3183_cov_6.937827	3183	52.40
GC1003827_F08_NODE_1090_length_3183_cov_5.293521	3183	55.29
GC1003827_F08_NODE_1091_length_3182_cov_15.878232	3182	48.46
GC1003827_F08_NODE_1092_length_3182_cov_4.386907	3182	51.57
GC1003827_F08_NODE_1093_length_3181_cov_6.650950	3181	49.04
GC1003827_F08_NODE_1094_length_3181_cov_5.593320	3181	51.49
GC1003827_F08_NODE_1095_length_3181_cov_3.191880	3181	50.90
GC1003827_F08_NODE_1096_length_3181_cov_2.133923	3181	55.30
GC1003827_F08_NODE_1097_length_3179_cov_4.150393	3179	42.81
GC1003827_F08_NODE_1098_length_3178_cov_10.848902	3178	49.91
GC1003827_F08_NODE_1099_length_3177_cov_11.153443	3177	52.38
GC1003827_F08_NODE_1100_length_3177_cov_2.585902	3177	40.23
GC1003827_F08_NODE_1101_length_3175_cov_12.830709	3175	53.70
GC1003827_F08_NODE_1102_length_3175_cov_3.542323	3175	47.31
GC1003827_F08_NODE_1103_length_3174_cov_9.713817	3174	50.00
GC1003827_F08_NODE_1104_length_3173_cov_4.223572	3173	60.29
GC1003827_F08_NODE_1105_length_3172_cov_6.369458	3172	53.50
GC1003827_F08_NODE_1106_length_3171_cov_9.311432	3171	49.45
GC1003827_F08_NODE_1107_length_3169_cov_10.768902	3169	47.65
GC1003827_F08_NODE_1108_length_3169_cov_5.916502	3169	56.74
GC1003827_F08_NODE_1109_length_3168_cov_5.690233	3168	48.36
GC1003827_F08_NODE_1110_length_3168_cov_3.673463	3168	53.63
GC1003827_F08_NODE_1111_length_3167_cov_3.890132	3167	53.14
GC1003827_F08_NODE_1112_length_3166_cov_4.217506	3166	55.65
GC1003827_F08_NODE_1113_length_3164_cov_5.405005	3164	39.19
GC1003827_F08_NODE_1114_length_3161_cov_12.087673	3161	51.91
GC1003827_F08_NODE_1115_length_3161_cov_7.434410	3161	51.03
GC1003827_F08_NODE_1116_length_3158_cov_5.336853	3158	55.10
GC1003827_F08_NODE_1117_length_3157_cov_2.366007	3157	53.88
GC1003827_F08_NODE_1118_length_3156_cov_7.764609	3156	45.63
GC1003827_F08_NODE_1119_length_3155_cov_6.236790	3155	51.41
GC1003827_F08_NODE_1120_length_3154_cov_6.577469	3154	47.72
GC1003827_F08_NODE_1121_length_3153_cov_4.897885	3153	50.24
GC1003827_F08_NODE_1122_length_3149_cov_2.841165	3149	52.18
GC1003827_F08_NODE_1123_length_3148_cov_7.205892	3148	57.66
GC1003827_F08_NODE_1124_length_3148_cov_6.059252	3148	49.94
GC1003827_F08_NODE_1125_length_3147_cov_9.829139	3147	51.00
GC1003827_F08_NODE_1126_length_3147_cov_5.881788	3147	52.97
GC1003827_F08_NODE_1127_length_3147_cov_4.715563	3147	53.92
GC1003827_F08_NODE_1128_length_3146_cov_5.972839	3146	49.40
GC1003827_F08_NODE_1129_length_3144_cov_11.425920	3144	56.42
GC1003827_F08_NODE_1130_length_3144_cov_8.174345	3144	47.49
GC1003827_F08_NODE_1131_length_3143_cov_4.016910	3143	49.38
GC1003827_F08_NODE_1132_length_3142_cov_4.201327	3142	50.06
GC1003827_F08_NODE_1133_length_3141_cov_10.159920	3141	48.39
GC1003827_F08_NODE_1134_length_3141_cov_7.140345	3141	49.25
GC1003827_F08_NODE_1135_length_3141_cov_6.915395	3141	50.78
GC1003827_F08_NODE_1136_length_3141_cov_3.293298	3141	55.33
GC1003827_F08_NODE_1137_length_3141_cov_2.349370	3141	42.76
GC1003827_F08_NODE_1138_length_3138_cov_2.828296	3138	42.67
GC1003827_F08_NODE_1139_length_3137_cov_4.686379	3137	51.32
GC1003827_F08_NODE_1140_length_3136_cov_7.013626	3136	52.74
GC1003827_F08_NODE_1141_length_3135_cov_5.104056	3135	54.42
GC1003827_F08_NODE_1142_length_3135_cov_4.775598	3135	52.09
GC1003827_F08_NODE_1143_length_3135_cov_3.408245	3135	51.26
GC1003827_F08_NODE_1144_length_3133_cov_3.416168	3133	50.65
GC1003827_F08_NODE_1145_length_3132_cov_3.167388	3132	55.91
GC1003827_F08_NODE_1146_length_3132_cov_2.933444	3132	54.79
GC1003827_F08_NODE_1147_length_3132_cov_2.170050	3132	46.30
GC1003827_F08_NODE_1148_length_3131_cov_3.768642	3131	56.76
GC1003827_F08_NODE_1149_length_3130_cov_8.443889	3130	47.28
GC1003827_F08_NODE_1150_length_3130_cov_4.547453	3130	51.92
GC1003827_F08_NODE_1151_length_3130_cov_3.447885	3130	54.50
GC1003827_F08_NODE_1152_length_3127_cov_6.554667	3127	54.49
GC1003827_F08_NODE_1153_length_3127_cov_5.198333	3127	55.64
GC1003827_F08_NODE_1154_length_3126_cov_12.119040	3126	55.73
GC1003827_F08_NODE_1155_length_3126_cov_4.429810	3126	55.31
GC1003827_F08_NODE_1156_length_3125_cov_9.556704	3125	55.97
GC1003827_F08_NODE_1157_length_3125_cov_6.221815	3125	55.33
GC1003827_F08_NODE_1158_length_3125_cov_4.246831	3125	52.74
GC1003827_F08_NODE_1159_length_3124_cov_12.325325	3124	46.29
GC1003827_F08_NODE_1160_length_3124_cov_10.038705	3124	44.56
GC1003827_F08_NODE_1161_length_3122_cov_2.046411	3122	56.66
GC1003827_F08_NODE_1162_length_3121_cov_11.041750	3121	48.96
GC1003827_F08_NODE_1163_length_3121_cov_5.849031	3121	56.90
GC1003827_F08_NODE_1164_length_3120_cov_2.560976	3120	59.62
GC1003827_F08_NODE_1165_length_3119_cov_7.132687	3119	46.43
GC1003827_F08_NODE_1166_length_3118_cov_3.575393	3118	52.05
GC1003827_F08_NODE_1167_length_3117_cov_9.821070	3117	52.55
GC1003827_F08_NODE_1168_length_3117_cov_7.934114	3117	50.27
GC1003827_F08_NODE_1169_length_3117_cov_7.667224	3117	41.48
GC1003827_F08_NODE_1170_length_3115_cov_3.437082	3115	39.10
GC1003827_F08_NODE_1171_length_3115_cov_2.794846	3115	56.92
GC1003827_F08_NODE_1172_length_3114_cov_7.341815	3114	52.31
GC1003827_F08_NODE_1173_length_3114_cov_7.082022	3114	48.30
GC1003827_F08_NODE_1174_length_3113_cov_6.563295	3113	54.03
GC1003827_F08_NODE_1175_length_3110_cov_2.706001	3110	53.15
GC1003827_F08_NODE_1176_length_3109_cov_4.878605	3109	57.38
GC1003827_F08_NODE_1177_length_3107_cov_2.459060	3107	50.08
GC1003827_F08_NODE_1178_length_3103_cov_4.424395	3103	50.60
GC1003827_F08_NODE_1179_length_3101_cov_4.629455	3101	52.40
GC1003827_F08_NODE_1180_length_3099_cov_6.473082	3099	44.30
GC1003827_F08_NODE_1181_length_3099_cov_3.599933	3099	46.34
GC1003827_F08_NODE_1182_length_3098_cov_7.258835	3098	53.55
GC1003827_F08_NODE_1183_length_3098_cov_4.077078	3098	48.58
GC1003827_F08_NODE_1184_length_3095_cov_4.514825	3095	50.82
GC1003827_F08_NODE_1185_length_3095_cov_4.057615	3095	43.23
GC1003827_F08_NODE_1186_length_3094_cov_12.998989	3094	46.99
GC1003827_F08_NODE_1187_length_3093_cov_5.326028	3093	52.83
GC1003827_F08_NODE_1188_length_3091_cov_7.486167	3091	45.03
GC1003827_F08_NODE_1189_length_3090_cov_4.929801	3090	57.51
GC1003827_F08_NODE_1190_length_3088_cov_11.102330	3088	45.95
GC1003827_F08_NODE_1191_length_3088_cov_9.353597	3088	50.97
GC1003827_F08_NODE_1192_length_3087_cov_10.974324	3087	46.97
GC1003827_F08_NODE_1193_length_3086_cov_5.700575	3086	54.96
GC1003827_F08_NODE_1194_length_3085_cov_7.519946	3085	49.01
GC1003827_F08_NODE_1195_length_3084_cov_7.036524	3084	53.86
GC1003827_F08_NODE_1196_length_3082_cov_4.167513	3082	54.80
GC1003827_F08_NODE_1197_length_3081_cov_9.217671	3081	52.35
GC1003827_F08_NODE_1198_length_3080_cov_7.516085	3080	51.59
GC1003827_F08_NODE_1199_length_3080_cov_6.672875	3080	47.21
GC1003827_F08_NODE_1200_length_3080_cov_3.776160	3080	50.26
GC1003827_F08_NODE_1201_length_3076_cov_15.326890	3076	44.21
GC1003827_F08_NODE_1202_length_3075_cov_6.528494	3075	47.74
GC1003827_F08_NODE_1203_length_3074_cov_5.259925	3074	53.03
GC1003827_F08_NODE_1204_length_3073_cov_13.571283	3073	50.99
GC1003827_F08_NODE_1205_length_3073_cov_3.363544	3073	46.99
GC1003827_F08_NODE_1206_length_3070_cov_8.509004	3070	52.48
GC1003827_F08_NODE_1207_length_3069_cov_10.001020	3069	51.22
GC1003827_F08_NODE_1208_length_3066_cov_8.414427	3066	50.68
GC1003827_F08_NODE_1209_length_3064_cov_8.377937	3064	52.32
GC1003827_F08_NODE_1210_length_3064_cov_7.716377	3064	53.62
GC1003827_F08_NODE_1211_length_3063_cov_10.860695	3063	53.41
GC1003827_F08_NODE_1212_length_3061_cov_11.519768	3061	48.91
GC1003827_F08_NODE_1213_length_3059_cov_2.555593	3059	58.94
GC1003827_F08_NODE_1214_length_3058_cov_6.631866	3058	46.40
GC1003827_F08_NODE_1215_length_3058_cov_5.044353	3058	53.63
GC1003827_F08_NODE_1216_length_3057_cov_7.576792	3057	47.17
GC1003827_F08_NODE_1217_length_3057_cov_2.552901	3057	48.58
GC1003827_F08_NODE_1218_length_3056_cov_5.158757	3056	51.73
GC1003827_F08_NODE_1219_length_3055_cov_10.855533	3055	44.78
GC1003827_F08_NODE_1220_length_3055_cov_3.311134	3055	47.46
GC1003827_F08_NODE_1221_length_3055_cov_2.984631	3055	49.13
GC1003827_F08_NODE_1222_length_3054_cov_3.583533	3054	54.75
GC1003827_F08_NODE_1223_length_3053_cov_2.709501	3053	57.26
GC1003827_F08_NODE_1224_length_3052_cov_4.247863	3052	57.11
GC1003827_F08_NODE_1225_length_3051_cov_10.635773	3051	47.03
GC1003827_F08_NODE_1226_length_3051_cov_3.959302	3051	49.00
GC1003827_F08_NODE_1227_length_3048_cov_3.523451	3048	44.62
GC1003827_F08_NODE_1228_length_3048_cov_2.956522	3048	50.39
GC1003827_F08_NODE_1229_length_3047_cov_6.485616	3047	45.68
GC1003827_F08_NODE_1230_length_3047_cov_3.571575	3047	59.40
GC1003827_F08_NODE_1231_length_3046_cov_6.446043	3046	44.35
GC1003827_F08_NODE_1232_length_3044_cov_2.634213	3044	51.08
GC1003827_F08_NODE_1233_length_3043_cov_8.251372	3043	48.18
GC1003827_F08_NODE_1234_length_3042_cov_5.526587	3042	55.85
GC1003827_F08_NODE_1235_length_3042_cov_4.640480	3042	49.67
GC1003827_F08_NODE_1236_length_3041_cov_9.987303	3041	50.97
GC1003827_F08_NODE_1237_length_3041_cov_6.692176	3041	45.12
GC1003827_F08_NODE_1238_length_3041_cov_3.855525	3041	53.44
GC1003827_F08_NODE_1239_length_3039_cov_1.889766	3039	49.59
GC1003827_F08_NODE_1240_length_3038_cov_3.197527	3038	54.11
GC1003827_F08_NODE_1241_length_3035_cov_4.067400	3035	50.08
GC1003827_F08_NODE_1242_length_3035_cov_3.756878	3035	50.44
GC1003827_F08_NODE_1243_length_3034_cov_23.398005	3034	43.94
GC1003827_F08_NODE_1244_length_3034_cov_4.825249	3034	52.90
GC1003827_F08_NODE_1245_length_3030_cov_3.914571	3030	57.99
GC1003827_F08_NODE_1246_length_3029_cov_8.320469	3029	45.26
GC1003827_F08_NODE_1247_length_3028_cov_6.768700	3028	54.36
GC1003827_F08_NODE_1248_length_3028_cov_2.418476	3028	47.59
GC1003827_F08_NODE_1249_length_3026_cov_4.255605	3026	54.16
GC1003827_F08_NODE_1250_length_3024_cov_5.352434	3024	41.57
GC1003827_F08_NODE_1251_length_3023_cov_18.414019	3023	53.66
GC1003827_F08_NODE_1252_length_3021_cov_7.718383	3021	54.68
GC1003827_F08_NODE_1253_length_3021_cov_5.120249	3021	47.07
GC1003827_F08_NODE_1254_length_3021_cov_4.064616	3021	49.35
GC1003827_F08_NODE_1255_length_3021_cov_1.643746	3021	56.57
GC1003827_F08_NODE_1256_length_3019_cov_6.274550	3019	50.58
GC1003827_F08_NODE_1257_length_3018_cov_7.026980	3018	50.40
GC1003827_F08_NODE_1258_length_3017_cov_2.943945	3017	50.41
GC1003827_F08_NODE_1259_length_3016_cov_4.633091	3016	43.97
GC1003827_F08_NODE_1260_length_3016_cov_4.215299	3016	55.04
GC1003827_F08_NODE_1261_length_3015_cov_6.171745	3015	52.80
GC1003827_F08_NODE_1262_length_3014_cov_7.434707	3014	45.79
GC1003827_F08_NODE_1263_length_3014_cov_5.720817	3014	49.30
GC1003827_F08_NODE_1264_length_3013_cov_6.370755	3013	52.01
GC1003827_F08_NODE_1265_length_3011_cov_9.792302	3011	54.37
GC1003827_F08_NODE_1266_length_3010_cov_2.490114	3010	52.62
GC1003827_F08_NODE_1267_length_3009_cov_6.359820	3009	47.99
GC1003827_F08_NODE_1268_length_3006_cov_2.661341	3006	52.26
GC1003827_F08_NODE_1269_length_3005_cov_11.367616	3005	51.18
GC1003827_F08_NODE_1270_length_3005_cov_2.813412	3005	53.78
GC1003827_F08_NODE_1271_length_3000_cov_3.105465	3000	54.93
GC1003827_F08_NODE_1272_length_2997_cov_8.941812	2997	46.45
GC1003827_F08_NODE_1273_length_2995_cov_12.279986	2995	45.84
GC1003827_F08_NODE_1274_length_2995_cov_10.193166	2995	52.45
GC1003827_F08_NODE_1275_length_2995_cov_5.335774	2995	53.32
GC1003827_F08_NODE_1276_length_2994_cov_3.688176	2994	53.07
GC1003827_F08_NODE_1277_length_2992_cov_5.665620	2992	49.67
GC1003827_F08_NODE_1278_length_2990_cov_3.771918	2990	52.37
GC1003827_F08_NODE_1279_length_2988_cov_15.299895	2988	53.98
GC1003827_F08_NODE_1280_length_2986_cov_6.462749	2986	39.35
GC1003827_F08_NODE_1281_length_2985_cov_4.964661	2985	51.16
GC1003827_F08_NODE_1282_length_2985_cov_2.523093	2985	51.26
GC1003827_F08_NODE_1283_length_2984_cov_2.849842	2984	57.14
GC1003827_F08_NODE_1284_length_2983_cov_5.104342	2983	48.31
GC1003827_F08_NODE_1285_length_2982_cov_5.716637	2982	55.84
GC1003827_F08_NODE_1286_length_2982_cov_5.101576	2982	49.36
GC1003827_F08_NODE_1287_length_2981_cov_6.634548	2981	55.12
GC1003827_F08_NODE_1288_length_2980_cov_3.340343	2980	45.70
GC1003827_F08_NODE_1289_length_2980_cov_2.620400	2980	50.87
GC1003827_F08_NODE_1290_length_2979_cov_6.624825	2979	47.80
GC1003827_F08_NODE_1291_length_2979_cov_6.044530	2979	51.16
GC1003827_F08_NODE_1292_length_2978_cov_11.247632	2978	54.37
GC1003827_F08_NODE_1293_length_2978_cov_8.800772	2978	50.40
GC1003827_F08_NODE_1294_length_2978_cov_5.849877	2978	49.63
GC1003827_F08_NODE_1295_length_2975_cov_4.301615	2975	57.18
GC1003827_F08_NODE_1296_length_2975_cov_2.133778	2975	63.19
GC1003827_F08_NODE_1297_length_2974_cov_3.563751	2974	54.10
GC1003827_F08_NODE_1298_length_2973_cov_7.383345	2973	38.11
GC1003827_F08_NODE_1299_length_2972_cov_12.736731	2972	47.27
GC1003827_F08_NODE_1300_length_2972_cov_4.428120	2972	52.05
GC1003827_F08_NODE_1301_length_2971_cov_13.086850	2971	50.93
GC1003827_F08_NODE_1302_length_2968_cov_3.697290	2968	56.06
GC1003827_F08_NODE_1303_length_2966_cov_10.716449	2966	49.83
GC1003827_F08_NODE_1304_length_2966_cov_7.172596	2966	47.71
GC1003827_F08_NODE_1305_length_2966_cov_6.444170	2966	54.25
GC1003827_F08_NODE_1306_length_2965_cov_7.491896	2965	51.23
GC1003827_F08_NODE_1307_length_2965_cov_5.742072	2965	53.56
GC1003827_F08_NODE_1308_length_2964_cov_8.511103	2964	42.41
GC1003827_F08_NODE_1309_length_2963_cov_6.696051	2963	47.82
GC1003827_F08_NODE_1310_length_2961_cov_8.351800	2961	51.81
GC1003827_F08_NODE_1311_length_2961_cov_4.435074	2961	50.93
GC1003827_F08_NODE_1312_length_2960_cov_10.935051	2960	44.97
GC1003827_F08_NODE_1313_length_2960_cov_6.049418	2960	49.26
GC1003827_F08_NODE_1314_length_2959_cov_4.052613	2959	54.82
GC1003827_F08_NODE_1315_length_2958_cov_4.629813	2958	52.81
GC1003827_F08_NODE_1316_length_2958_cov_4.272695	2958	52.84
GC1003827_F08_NODE_1317_length_2958_cov_1.789120	2958	58.86
GC1003827_F08_NODE_1318_length_2957_cov_15.692933	2957	50.93
GC1003827_F08_NODE_1319_length_2957_cov_8.096820	2957	50.29
GC1003827_F08_NODE_1320_length_2957_cov_4.574912	2957	55.36
GC1003827_F08_NODE_1321_length_2956_cov_10.153765	2956	44.72
GC1003827_F08_NODE_1322_length_2956_cov_9.722870	2956	47.29
GC1003827_F08_NODE_1323_length_2956_cov_8.344645	2956	52.06
GC1003827_F08_NODE_1324_length_2955_cov_7.697313	2955	49.14
GC1003827_F08_NODE_1325_length_2954_cov_3.461266	2954	54.06
GC1003827_F08_NODE_1326_length_2952_cov_12.717876	2952	51.29
GC1003827_F08_NODE_1327_length_2952_cov_3.275398	2952	57.05
GC1003827_F08_NODE_1328_length_2951_cov_2.051700	2951	57.27
GC1003827_F08_NODE_1329_length_2949_cov_8.856839	2949	54.53
GC1003827_F08_NODE_1330_length_2949_cov_5.989724	2949	52.76
GC1003827_F08_NODE_1331_length_2949_cov_5.745216	2949	42.22
GC1003827_F08_NODE_1332_length_2948_cov_10.415456	2948	48.98
GC1003827_F08_NODE_1333_length_2946_cov_19.455126	2946	50.51
GC1003827_F08_NODE_1334_length_2946_cov_9.213906	2946	47.73
GC1003827_F08_NODE_1335_length_2946_cov_4.836822	2946	54.04
GC1003827_F08_NODE_1336_length_2946_cov_2.678964	2946	54.99
GC1003827_F08_NODE_1337_length_2946_cov_2.011352	2946	58.28
GC1003827_F08_NODE_1338_length_2943_cov_10.331676	2943	50.83
GC1003827_F08_NODE_1339_length_2943_cov_8.879972	2943	51.07
GC1003827_F08_NODE_1340_length_2942_cov_9.392185	2942	52.04
GC1003827_F08_NODE_1341_length_2942_cov_7.183659	2942	51.94
GC1003827_F08_NODE_1342_length_2942_cov_4.175844	2942	42.05
GC1003827_F08_NODE_1343_length_2942_cov_3.659680	2942	52.55
GC1003827_F08_NODE_1344_length_2941_cov_3.450604	2941	50.39
GC1003827_F08_NODE_1345_length_2939_cov_7.983642	2939	51.72
GC1003827_F08_NODE_1346_length_2939_cov_3.160384	2939	56.48
GC1003827_F08_NODE_1347_length_2937_cov_10.011032	2937	48.52
GC1003827_F08_NODE_1348_length_2936_cov_10.975792	2936	54.02
GC1003827_F08_NODE_1349_length_2936_cov_4.238519	2936	57.87
GC1003827_F08_NODE_1350_length_2936_cov_1.972232	2936	51.53
GC1003827_F08_NODE_1351_length_2935_cov_10.182692	2935	46.98
GC1003827_F08_NODE_1352_length_2935_cov_3.300926	2935	54.96
GC1003827_F08_NODE_1353_length_2932_cov_10.530125	2932	54.02
GC1003827_F08_NODE_1354_length_2930_cov_11.028541	2930	49.28
GC1003827_F08_NODE_1355_length_2929_cov_10.837616	2929	57.32
GC1003827_F08_NODE_1356_length_2929_cov_7.553533	2929	46.71
GC1003827_F08_NODE_1357_length_2929_cov_3.614918	2929	48.89
GC1003827_F08_NODE_1358_length_2928_cov_7.515530	2928	51.23
GC1003827_F08_NODE_1359_length_2928_cov_4.107105	2928	55.67
GC1003827_F08_NODE_1360_length_2928_cov_3.954659	2928	40.44
GC1003827_F08_NODE_1361_length_2927_cov_4.718571	2927	56.99
GC1003827_F08_NODE_1362_length_2922_cov_6.243649	2922	53.97
GC1003827_F08_NODE_1363_length_2920_cov_6.710347	2920	47.81
GC1003827_F08_NODE_1364_length_2920_cov_4.052632	2920	47.60
GC1003827_F08_NODE_1365_length_2919_cov_5.547994	2919	52.14
GC1003827_F08_NODE_1366_length_2919_cov_3.430874	2919	56.59
GC1003827_F08_NODE_1367_length_2918_cov_4.398782	2918	51.44
GC1003827_F08_NODE_1368_length_2917_cov_6.529749	2917	54.10
GC1003827_F08_NODE_1369_length_2917_cov_4.865233	2917	42.75
GC1003827_F08_NODE_1370_length_2917_cov_4.249104	2917	52.90
GC1003827_F08_NODE_1371_length_2916_cov_8.073503	2916	46.23
GC1003827_F08_NODE_1372_length_2915_cov_5.110473	2915	52.28
GC1003827_F08_NODE_1373_length_2914_cov_6.731970	2914	46.29
GC1003827_F08_NODE_1374_length_2913_cov_7.795406	2913	52.28
GC1003827_F08_NODE_1375_length_2912_cov_5.366607	2912	37.57
GC1003827_F08_NODE_1376_length_2912_cov_4.132855	2912	56.73
GC1003827_F08_NODE_1377_length_2910_cov_10.982393	2910	50.03
GC1003827_F08_NODE_1378_length_2908_cov_10.332255	2908	47.01
GC1003827_F08_NODE_1379_length_2906_cov_2.752069	2906	56.74
GC1003827_F08_NODE_1380_length_2904_cov_18.640259	2904	54.61
GC1003827_F08_NODE_1381_length_2904_cov_10.553475	2904	41.60
GC1003827_F08_NODE_1382_length_2904_cov_8.789701	2904	55.06
GC1003827_F08_NODE_1383_length_2903_cov_13.529179	2903	47.50
GC1003827_F08_NODE_1384_length_2902_cov_8.664144	2902	54.45
GC1003827_F08_NODE_1385_length_2902_cov_7.078198	2902	56.44
GC1003827_F08_NODE_1386_length_2900_cov_9.271547	2900	52.00
GC1003827_F08_NODE_1387_length_2899_cov_8.114719	2899	48.36
GC1003827_F08_NODE_1388_length_2898_cov_2.410682	2898	55.49
GC1003827_F08_NODE_1389_length_2897_cov_10.836823	2897	47.70
GC1003827_F08_NODE_1390_length_2897_cov_5.386643	2897	53.78
GC1003827_F08_NODE_1391_length_2897_cov_3.490975	2897	48.57
GC1003827_F08_NODE_1392_length_2896_cov_8.979415	2896	45.99
GC1003827_F08_NODE_1393_length_2896_cov_4.298303	2896	48.17
GC1003827_F08_NODE_1394_length_2895_cov_8.181358	2895	53.33
GC1003827_F08_NODE_1395_length_2894_cov_7.090712	2894	45.99
GC1003827_F08_NODE_1396_length_2893_cov_19.524946	2893	47.11
GC1003827_F08_NODE_1397_length_2893_cov_4.321041	2893	50.60
GC1003827_F08_NODE_1398_length_2892_cov_9.133454	2892	51.69
GC1003827_F08_NODE_1399_length_2892_cov_6.990597	2892	49.97
GC1003827_F08_NODE_1400_length_2889_cov_9.833092	2889	49.39
GC1003827_F08_NODE_1401_length_2888_cov_6.246288	2888	48.30
GC1003827_F08_NODE_1402_length_2885_cov_6.564540	2885	51.27
GC1003827_F08_NODE_1403_length_2885_cov_3.933285	2885	58.79
GC1003827_F08_NODE_1404_length_2885_cov_3.474982	2885	50.78
GC1003827_F08_NODE_1405_length_2884_cov_14.100472	2884	44.73
GC1003827_F08_NODE_1406_length_2884_cov_5.869423	2884	50.62
GC1003827_F08_NODE_1407_length_2883_cov_7.833454	2883	55.36
GC1003827_F08_NODE_1408_length_2883_cov_5.976778	2883	50.92
GC1003827_F08_NODE_1409_length_2882_cov_6.003993	2882	50.42
GC1003827_F08_NODE_1410_length_2882_cov_5.038475	2882	50.45
GC1003827_F08_NODE_1411_length_2880_cov_4.173992	2880	52.57
GC1003827_F08_NODE_1412_length_2879_cov_8.397166	2879	46.79
GC1003827_F08_NODE_1413_length_2879_cov_6.371366	2879	55.54
GC1003827_F08_NODE_1414_length_2879_cov_5.139535	2879	45.33
GC1003827_F08_NODE_1415_length_2878_cov_6.152672	2878	51.56
GC1003827_F08_NODE_1416_length_2877_cov_11.592364	2877	46.75
GC1003827_F08_NODE_1417_length_2877_cov_10.995273	2877	53.11
GC1003827_F08_NODE_1418_length_2877_cov_8.093455	2877	49.60
GC1003827_F08_NODE_1419_length_2875_cov_7.211790	2875	55.76
GC1003827_F08_NODE_1420_length_2875_cov_6.603348	2875	48.49
GC1003827_F08_NODE_1421_length_2875_cov_2.621543	2875	54.05
GC1003827_F08_NODE_1422_length_2874_cov_9.975610	2874	50.03
GC1003827_F08_NODE_1423_length_2872_cov_9.588707	2872	50.42
GC1003827_F08_NODE_1424_length_2870_cov_7.921619	2870	47.14
GC1003827_F08_NODE_1425_length_2869_cov_5.861050	2869	50.61
GC1003827_F08_NODE_1426_length_2869_cov_2.060904	2869	58.00
GC1003827_F08_NODE_1427_length_2867_cov_6.878832	2867	51.24
GC1003827_F08_NODE_1428_length_2867_cov_3.252920	2867	44.82
GC1003827_F08_NODE_1429_length_2865_cov_2.830898	2865	48.48
GC1003827_F08_NODE_1430_length_2864_cov_12.573986	2864	38.51
GC1003827_F08_NODE_1431_length_2864_cov_8.004019	2864	52.06
GC1003827_F08_NODE_1432_length_2864_cov_3.067227	2864	57.12
GC1003827_F08_NODE_1433_length_2863_cov_7.751827	2863	46.77
GC1003827_F08_NODE_1434_length_2862_cov_7.889214	2862	55.56
GC1003827_F08_NODE_1435_length_2861_cov_5.435260	2861	56.03
GC1003827_F08_NODE_1436_length_2861_cov_3.912582	2861	49.95
GC1003827_F08_NODE_1437_length_2860_cov_13.721917	2860	51.68
GC1003827_F08_NODE_1438_length_2860_cov_7.767655	2860	46.33
GC1003827_F08_NODE_1439_length_2860_cov_7.115990	2860	55.24
GC1003827_F08_NODE_1440_length_2859_cov_2.864934	2859	52.78
GC1003827_F08_NODE_1441_length_2858_cov_9.041377	2858	51.19
GC1003827_F08_NODE_1442_length_2857_cov_3.282418	2857	50.26
GC1003827_F08_NODE_1443_length_2856_cov_5.548919	2856	46.39
GC1003827_F08_NODE_1444_length_2856_cov_5.224624	2856	54.06
GC1003827_F08_NODE_1445_length_2855_cov_7.731672	2855	57.97
GC1003827_F08_NODE_1446_length_2855_cov_6.839809	2855	42.21
GC1003827_F08_NODE_1447_length_2855_cov_5.958944	2855	50.61
GC1003827_F08_NODE_1448_length_2854_cov_9.675834	2854	46.60
GC1003827_F08_NODE_1449_length_2853_cov_6.253118	2853	38.49
GC1003827_F08_NODE_1450_length_2852_cov_9.273394	2852	51.30
GC1003827_F08_NODE_1451_length_2852_cov_7.035596	2852	58.38
GC1003827_F08_NODE_1452_length_2852_cov_6.082569	2852	49.05
GC1003827_F08_NODE_1453_length_2852_cov_3.564404	2852	58.20
GC1003827_F08_NODE_1454_length_2851_cov_3.513950	2851	48.51
GC1003827_F08_NODE_1455_length_2850_cov_8.780022	2850	47.61
GC1003827_F08_NODE_1456_length_2850_cov_2.785531	2850	44.49
GC1003827_F08_NODE_1457_length_2849_cov_10.629317	2849	48.75
GC1003827_F08_NODE_1458_length_2849_cov_6.609111	2849	53.56
GC1003827_F08_NODE_1459_length_2849_cov_3.865907	2849	45.81
GC1003827_F08_NODE_1460_length_2848_cov_3.368614	2848	59.87
GC1003827_F08_NODE_1461_length_2848_cov_3.261669	2848	49.65
GC1003827_F08_NODE_1462_length_2847_cov_3.667279	2847	51.00
GC1003827_F08_NODE_1463_length_2846_cov_2.518573	2846	55.02
GC1003827_F08_NODE_1464_length_2844_cov_2.874862	2844	49.37
GC1003827_F08_NODE_1465_length_2843_cov_12.860457	2843	45.52
GC1003827_F08_NODE_1466_length_2843_cov_3.607511	2843	49.91
GC1003827_F08_NODE_1467_length_2841_cov_2.910096	2841	53.36
GC1003827_F08_NODE_1468_length_2840_cov_10.265389	2840	55.67
GC1003827_F08_NODE_1469_length_2839_cov_8.522861	2839	51.67
GC1003827_F08_NODE_1470_length_2839_cov_6.372050	2839	49.31
GC1003827_F08_NODE_1471_length_2839_cov_2.489676	2839	48.86
GC1003827_F08_NODE_1472_length_2838_cov_9.940243	2838	49.44
GC1003827_F08_NODE_1473_length_2837_cov_8.585609	2837	51.74
GC1003827_F08_NODE_1474_length_2837_cov_3.517712	2837	54.21
GC1003827_F08_NODE_1475_length_2833_cov_5.209534	2833	45.32
GC1003827_F08_NODE_1476_length_2833_cov_2.140798	2833	58.63
GC1003827_F08_NODE_1477_length_2831_cov_9.751849	2831	51.15
GC1003827_F08_NODE_1478_length_2831_cov_5.342456	2831	49.63
GC1003827_F08_NODE_1479_length_2830_cov_5.849057	2830	51.24
GC1003827_F08_NODE_1480_length_2830_cov_5.502035	2830	50.92
GC1003827_F08_NODE_1481_length_2830_cov_1.394007	2830	56.11
GC1003827_F08_NODE_1482_length_2829_cov_7.577350	2829	55.81
GC1003827_F08_NODE_1483_length_2827_cov_4.731852	2827	55.22
GC1003827_F08_NODE_1484_length_2826_cov_8.530196	2826	57.78
GC1003827_F08_NODE_1485_length_2826_cov_8.044090	2826	54.39
GC1003827_F08_NODE_1486_length_2826_cov_4.594665	2826	50.00
GC1003827_F08_NODE_1487_length_2825_cov_6.455893	2825	42.41
GC1003827_F08_NODE_1488_length_2825_cov_6.214603	2825	55.54
GC1003827_F08_NODE_1489_length_2825_cov_2.920682	2825	55.08
GC1003827_F08_NODE_1490_length_2824_cov_10.297738	2824	50.81
GC1003827_F08_NODE_1491_length_2824_cov_3.525399	2824	50.18
GC1003827_F08_NODE_1492_length_2822_cov_8.066419	2822	50.60
GC1003827_F08_NODE_1493_length_2822_cov_7.266790	2822	59.11
GC1003827_F08_NODE_1494_length_2822_cov_4.164378	2822	52.20
GC1003827_F08_NODE_1495_length_2822_cov_3.138033	2822	48.65
GC1003827_F08_NODE_1496_length_2821_cov_7.545286	2821	43.42
GC1003827_F08_NODE_1497_length_2821_cov_3.948033	2821	46.33
GC1003827_F08_NODE_1498_length_2819_cov_9.850297	2819	51.54
GC1003827_F08_NODE_1499_length_2819_cov_3.052006	2819	52.93
GC1003827_F08_NODE_1500_length_2817_cov_1.669888	2817	51.22
GC1003827_F08_NODE_1501_length_2817_cov_1.487732	2817	54.88
GC1003827_F08_NODE_1502_length_2816_cov_4.818892	2816	46.70
GC1003827_F08_NODE_1503_length_2816_cov_3.556341	2816	53.05
GC1003827_F08_NODE_1504_length_2816_cov_3.101897	2816	49.47
GC1003827_F08_NODE_1505_length_2815_cov_6.028646	2815	48.10
GC1003827_F08_NODE_1506_length_2814_cov_4.649795	2814	55.19
GC1003827_F08_NODE_1507_length_2811_cov_4.008197	2811	47.74
GC1003827_F08_NODE_1508_length_2810_cov_7.310846	2810	48.08
GC1003827_F08_NODE_1509_length_2809_cov_7.374720	2809	52.12
GC1003827_F08_NODE_1510_length_2809_cov_6.946309	2809	49.02
GC1003827_F08_NODE_1511_length_2808_cov_6.418501	2808	47.54
GC1003827_F08_NODE_1512_length_2808_cov_4.585229	2808	50.96
GC1003827_F08_NODE_1513_length_2807_cov_14.888060	2807	52.30
GC1003827_F08_NODE_1514_length_2807_cov_6.446642	2807	54.58
GC1003827_F08_NODE_1515_length_2807_cov_6.144403	2807	48.63
GC1003827_F08_NODE_1516_length_2807_cov_3.221642	2807	53.90
GC1003827_F08_NODE_1517_length_2807_cov_2.439179	2807	49.09
GC1003827_F08_NODE_1518_length_2806_cov_6.197088	2806	52.39
GC1003827_F08_NODE_1519_length_2806_cov_2.592758	2806	56.99
GC1003827_F08_NODE_1520_length_2805_cov_9.223674	2805	53.73
GC1003827_F08_NODE_1521_length_2803_cov_7.528401	2803	47.31
GC1003827_F08_NODE_1522_length_2803_cov_3.926383	2803	54.66
GC1003827_F08_NODE_1523_length_2802_cov_68.641495	2802	52.96
GC1003827_F08_NODE_1524_length_2802_cov_5.966355	2802	46.29
GC1003827_F08_NODE_1525_length_2802_cov_5.425794	2802	52.21
GC1003827_F08_NODE_1526_length_2801_cov_3.112565	2801	51.98
GC1003827_F08_NODE_1527_length_2800_cov_6.213618	2800	45.50
GC1003827_F08_NODE_1528_length_2800_cov_4.641601	2800	48.36
GC1003827_F08_NODE_1529_length_2799_cov_5.993638	2799	54.56
GC1003827_F08_NODE_1530_length_2799_cov_5.831961	2799	43.94
GC1003827_F08_NODE_1531_length_2799_cov_3.689371	2799	54.56
GC1003827_F08_NODE_1532_length_2799_cov_2.850299	2799	50.23
GC1003827_F08_NODE_1533_length_2799_cov_2.540045	2799	48.77
GC1003827_F08_NODE_1534_length_2798_cov_15.854736	2798	46.14
GC1003827_F08_NODE_1535_length_2798_cov_3.237364	2798	52.61
GC1003827_F08_NODE_1536_length_2797_cov_8.683895	2797	50.38
GC1003827_F08_NODE_1537_length_2797_cov_4.104869	2797	50.55
GC1003827_F08_NODE_1538_length_2797_cov_2.946067	2797	56.24
GC1003827_F08_NODE_1539_length_2796_cov_3.173099	2796	50.36
GC1003827_F08_NODE_1540_length_2795_cov_8.111694	2795	50.34
GC1003827_F08_NODE_1541_length_2794_cov_8.901387	2794	48.10
GC1003827_F08_NODE_1542_length_2794_cov_4.990251	2794	51.90
GC1003827_F08_NODE_1543_length_2793_cov_7.108402	2793	53.42
GC1003827_F08_NODE_1544_length_2793_cov_1.670668	2793	55.32
GC1003827_F08_NODE_1545_length_2792_cov_12.314071	2792	49.93
GC1003827_F08_NODE_1546_length_2792_cov_9.582364	2792	49.89
GC1003827_F08_NODE_1547_length_2792_cov_2.071670	2792	51.00
GC1003827_F08_NODE_1548_length_2790_cov_7.232069	2790	54.44
GC1003827_F08_NODE_1549_length_2790_cov_5.858430	2790	52.47
GC1003827_F08_NODE_1550_length_2789_cov_11.297521	2789	50.66
GC1003827_F08_NODE_1551_length_2789_cov_3.796769	2789	51.31
GC1003827_F08_NODE_1552_length_2788_cov_3.834649	2788	43.01
GC1003827_F08_NODE_1553_length_2788_cov_3.672304	2788	57.78
GC1003827_F08_NODE_1554_length_2787_cov_9.845113	2787	50.66
GC1003827_F08_NODE_1555_length_2787_cov_2.704135	2787	51.27
GC1003827_F08_NODE_1556_length_2786_cov_7.851072	2786	51.26
GC1003827_F08_NODE_1557_length_2786_cov_4.237307	2786	55.38
GC1003827_F08_NODE_1558_length_2785_cov_3.888262	2785	56.30
GC1003827_F08_NODE_1559_length_2785_cov_3.843115	2785	43.05
GC1003827_F08_NODE_1560_length_2785_cov_3.483446	2785	49.41
GC1003827_F08_NODE_1561_length_2783_cov_13.682229	2783	45.42
GC1003827_F08_NODE_1562_length_2783_cov_8.554217	2783	49.73
GC1003827_F08_NODE_1563_length_2782_cov_4.751036	2782	56.61
GC1003827_F08_NODE_1564_length_2782_cov_3.642185	2782	50.11
GC1003827_F08_NODE_1565_length_2781_cov_6.311228	2781	57.03
GC1003827_F08_NODE_1566_length_2781_cov_5.316503	2781	49.08
GC1003827_F08_NODE_1567_length_2780_cov_15.138711	2780	52.73
GC1003827_F08_NODE_1568_length_2780_cov_7.120995	2780	56.62
GC1003827_F08_NODE_1569_length_2780_cov_5.287222	2780	55.29
GC1003827_F08_NODE_1570_length_2776_cov_10.010948	2776	53.35
GC1003827_F08_NODE_1571_length_2776_cov_5.520951	2776	51.40
GC1003827_F08_NODE_1572_length_2776_cov_2.693847	2776	46.11
GC1003827_F08_NODE_1573_length_2775_cov_18.148414	2775	52.40
GC1003827_F08_NODE_1574_length_2775_cov_12.215634	2775	50.41
GC1003827_F08_NODE_1575_length_2775_cov_11.671073	2775	47.50
GC1003827_F08_NODE_1576_length_2774_cov_6.052512	2774	52.42
GC1003827_F08_NODE_1577_length_2773_cov_13.499244	2773	49.37
GC1003827_F08_NODE_1578_length_2773_cov_10.104686	2773	51.64
GC1003827_F08_NODE_1579_length_2772_cov_13.815501	2772	48.85
GC1003827_F08_NODE_1580_length_2770_cov_12.769202	2770	48.27
GC1003827_F08_NODE_1581_length_2770_cov_8.447976	2770	49.86
GC1003827_F08_NODE_1582_length_2770_cov_6.481271	2770	48.16
GC1003827_F08_NODE_1583_length_2769_cov_11.786147	2769	52.73
GC1003827_F08_NODE_1584_length_2769_cov_5.267222	2769	51.25
GC1003827_F08_NODE_1585_length_2768_cov_16.414237	2768	46.13
GC1003827_F08_NODE_1586_length_2768_cov_4.275653	2768	48.88
GC1003827_F08_NODE_1587_length_2767_cov_6.617424	2767	48.10
GC1003827_F08_NODE_1588_length_2767_cov_6.299242	2767	54.03
GC1003827_F08_NODE_1589_length_2767_cov_5.634848	2767	47.99
GC1003827_F08_NODE_1590_length_2764_cov_3.661737	2764	52.06
GC1003827_F08_NODE_1591_length_2764_cov_1.495639	2764	52.64
GC1003827_F08_NODE_1592_length_2763_cov_13.348255	2763	43.50
GC1003827_F08_NODE_1593_length_2762_cov_16.956736	2762	49.09
GC1003827_F08_NODE_1594_length_2762_cov_8.788994	2762	46.81
GC1003827_F08_NODE_1595_length_2762_cov_5.212144	2762	48.30
GC1003827_F08_NODE_1596_length_2761_cov_17.643888	2761	51.58
GC1003827_F08_NODE_1597_length_2760_cov_6.343335	2760	54.60
GC1003827_F08_NODE_1598_length_2757_cov_5.852471	2757	51.65
GC1003827_F08_NODE_1599_length_2756_cov_10.897299	2756	54.93
GC1003827_F08_NODE_1600_length_2756_cov_6.152910	2756	46.92
GC1003827_F08_NODE_1601_length_2755_cov_2.734399	2755	54.01
GC1003827_F08_NODE_1602_length_2754_cov_6.389037	2754	52.32
GC1003827_F08_NODE_1603_length_2754_cov_4.006091	2754	53.09
GC1003827_F08_NODE_1604_length_2753_cov_2.695735	2753	54.74
GC1003827_F08_NODE_1605_length_2752_cov_7.736000	2752	52.73
GC1003827_F08_NODE_1606_length_2752_cov_4.987048	2752	55.52
GC1003827_F08_NODE_1607_length_2752_cov_4.124571	2752	48.22
GC1003827_F08_NODE_1608_length_2752_cov_2.552381	2752	49.06
GC1003827_F08_NODE_1609_length_2751_cov_10.218750	2751	50.42
GC1003827_F08_NODE_1610_length_2750_cov_4.226077	2750	52.25
GC1003827_F08_NODE_1611_length_2749_cov_6.934020	2749	47.98
GC1003827_F08_NODE_1612_length_2748_cov_8.384205	2748	48.73
GC1003827_F08_NODE_1613_length_2748_cov_7.221290	2748	44.43
GC1003827_F08_NODE_1614_length_2745_cov_3.880825	2745	52.39
GC1003827_F08_NODE_1615_length_2744_cov_9.289263	2744	51.28
GC1003827_F08_NODE_1616_length_2743_cov_24.732416	2743	50.09
GC1003827_F08_NODE_1617_length_2743_cov_10.897171	2743	46.74
GC1003827_F08_NODE_1618_length_2743_cov_7.470948	2743	51.29
GC1003827_F08_NODE_1619_length_2743_cov_4.718654	2743	54.79
GC1003827_F08_NODE_1620_length_2743_cov_2.584480	2743	56.94
GC1003827_F08_NODE_1621_length_2742_cov_11.787763	2742	49.34
GC1003827_F08_NODE_1622_length_2741_cov_8.854629	2741	51.99
GC1003827_F08_NODE_1623_length_2739_cov_11.386294	2739	48.67
GC1003827_F08_NODE_1624_length_2739_cov_4.608346	2739	50.49
GC1003827_F08_NODE_1625_length_2737_cov_6.171648	2737	51.74
GC1003827_F08_NODE_1626_length_2736_cov_6.158681	2736	47.59
GC1003827_F08_NODE_1627_length_2736_cov_3.742430	2736	42.95
GC1003827_F08_NODE_1628_length_2735_cov_13.576687	2735	52.98
GC1003827_F08_NODE_1629_length_2735_cov_7.389571	2735	52.25
GC1003827_F08_NODE_1630_length_2735_cov_4.733512	2735	47.68
GC1003827_F08_NODE_1631_length_2732_cov_1.677543	2732	57.43
GC1003827_F08_NODE_1632_length_2731_cov_11.166667	2731	46.06
GC1003827_F08_NODE_1633_length_2728_cov_2.519416	2728	56.45
GC1003827_F08_NODE_1634_length_2727_cov_2.456154	2727	48.59
GC1003827_F08_NODE_1635_length_2726_cov_16.212005	2726	49.12
GC1003827_F08_NODE_1636_length_2724_cov_5.058914	2724	53.82
GC1003827_F08_NODE_1637_length_2724_cov_3.760878	2724	53.19
GC1003827_F08_NODE_1638_length_2722_cov_3.757611	2722	53.64
GC1003827_F08_NODE_1639_length_2722_cov_1.792678	2722	52.98
GC1003827_F08_NODE_1640_length_2721_cov_2.198921	2721	55.86
GC1003827_F08_NODE_1641_length_2719_cov_12.383102	2719	51.12
GC1003827_F08_NODE_1642_length_2718_cov_7.708221	2718	51.10
GC1003827_F08_NODE_1643_length_2718_cov_5.944809	2718	47.76
GC1003827_F08_NODE_1644_length_2718_cov_1.566577	2718	57.06
GC1003827_F08_NODE_1645_length_2717_cov_12.638996	2717	53.44
GC1003827_F08_NODE_1646_length_2717_cov_2.969112	2717	50.20
GC1003827_F08_NODE_1647_length_2715_cov_6.233385	2715	52.41
GC1003827_F08_NODE_1648_length_2715_cov_2.256955	2715	55.73
GC1003827_F08_NODE_1649_length_2714_cov_8.214148	2714	50.59
GC1003827_F08_NODE_1650_length_2714_cov_5.848087	2714	49.19
GC1003827_F08_NODE_1651_length_2714_cov_3.570932	2714	58.95
GC1003827_F08_NODE_1652_length_2713_cov_2.759474	2713	53.48
GC1003827_F08_NODE_1653_length_2712_cov_2.751644	2712	51.99
GC1003827_F08_NODE_1654_length_2711_cov_5.754257	2711	51.75
GC1003827_F08_NODE_1655_length_2711_cov_2.921440	2711	45.08
GC1003827_F08_NODE_1656_length_2710_cov_16.737902	2710	48.04
GC1003827_F08_NODE_1657_length_2710_cov_13.814170	2710	51.29
GC1003827_F08_NODE_1658_length_2710_cov_3.245838	2710	53.03
GC1003827_F08_NODE_1659_length_2708_cov_3.302983	2708	45.53
GC1003827_F08_NODE_1660_length_2706_cov_2.386972	2706	52.66
GC1003827_F08_NODE_1661_length_2706_cov_2.325708	2706	52.59
GC1003827_F08_NODE_1662_length_2703_cov_3.926242	2703	43.21
GC1003827_F08_NODE_1663_length_2702_cov_3.059806	2702	53.29
GC1003827_F08_NODE_1664_length_2701_cov_3.986791	2701	59.57
GC1003827_F08_NODE_1665_length_2701_cov_3.572261	2701	47.98
GC1003827_F08_NODE_1666_length_2701_cov_2.715229	2701	52.91
GC1003827_F08_NODE_1667_length_2701_cov_2.547397	2701	55.05
GC1003827_F08_NODE_1668_length_2701_cov_2.337218	2701	53.72
GC1003827_F08_NODE_1669_length_2701_cov_1.490676	2701	51.31
GC1003827_F08_NODE_1670_length_2700_cov_10.372328	2700	54.59
GC1003827_F08_NODE_1671_length_2699_cov_12.405521	2699	43.28
GC1003827_F08_NODE_1672_length_2697_cov_4.050973	2697	55.80
GC1003827_F08_NODE_1673_length_2697_cov_3.319066	2697	52.87
GC1003827_F08_NODE_1674_length_2696_cov_3.820942	2696	49.89
GC1003827_F08_NODE_1675_length_2695_cov_9.637072	2695	48.31
GC1003827_F08_NODE_1676_length_2695_cov_3.725467	2695	53.40
GC1003827_F08_NODE_1677_length_2695_cov_2.539330	2695	49.50
GC1003827_F08_NODE_1678_length_2693_cov_10.194466	2693	44.71
GC1003827_F08_NODE_1679_length_2693_cov_4.143024	2693	51.84
GC1003827_F08_NODE_1680_length_2692_cov_12.772320	2692	48.29
GC1003827_F08_NODE_1681_length_2692_cov_12.148148	2692	49.59
GC1003827_F08_NODE_1682_length_2692_cov_5.486550	2692	55.72
GC1003827_F08_NODE_1683_length_2691_cov_9.295242	2691	47.75
GC1003827_F08_NODE_1684_length_2691_cov_5.336973	2691	45.97
GC1003827_F08_NODE_1685_length_2691_cov_4.367785	2691	52.81
GC1003827_F08_NODE_1686_length_2690_cov_5.764729	2690	52.53
GC1003827_F08_NODE_1687_length_2690_cov_4.367538	2690	54.13
GC1003827_F08_NODE_1688_length_2690_cov_3.851346	2690	51.93
GC1003827_F08_NODE_1689_length_2690_cov_2.292236	2690	50.30
GC1003827_F08_NODE_1690_length_2689_cov_6.930523	2689	49.80
GC1003827_F08_NODE_1691_length_2688_cov_15.411168	2688	48.40
GC1003827_F08_NODE_1692_length_2688_cov_11.240531	2688	54.95
GC1003827_F08_NODE_1693_length_2688_cov_6.820383	2688	58.11
GC1003827_F08_NODE_1694_length_2687_cov_5.755859	2687	47.08
GC1003827_F08_NODE_1695_length_2687_cov_4.695312	2687	51.21
GC1003827_F08_NODE_1696_length_2687_cov_2.601172	2687	52.40
GC1003827_F08_NODE_1697_length_2686_cov_7.886674	2686	43.67
GC1003827_F08_NODE_1698_length_2686_cov_7.626807	2686	46.20
GC1003827_F08_NODE_1699_length_2686_cov_7.504494	2686	50.82
GC1003827_F08_NODE_1700_length_2685_cov_3.929633	2685	51.73
GC1003827_F08_NODE_1701_length_2685_cov_3.475371	2685	52.36
GC1003827_F08_NODE_1702_length_2685_cov_1.830336	2685	49.39
GC1003827_F08_NODE_1703_length_2684_cov_8.019554	2684	48.92
GC1003827_F08_NODE_1704_length_2684_cov_6.499413	2684	54.32
GC1003827_F08_NODE_1705_length_2683_cov_6.214397	2683	45.66
GC1003827_F08_NODE_1706_length_2681_cov_7.310493	2681	50.65
GC1003827_F08_NODE_1707_length_2681_cov_2.961237	2681	50.95
GC1003827_F08_NODE_1708_length_2679_cov_14.476881	2679	52.63
GC1003827_F08_NODE_1709_length_2678_cov_4.317915	2678	54.82
GC1003827_F08_NODE_1710_length_2675_cov_8.751962	2675	54.95
GC1003827_F08_NODE_1711_length_2675_cov_6.462323	2675	52.52
GC1003827_F08_NODE_1712_length_2674_cov_3.877896	2674	51.72
GC1003827_F08_NODE_1713_length_2673_cov_5.808720	2673	50.13
GC1003827_F08_NODE_1714_length_2673_cov_2.553024	2673	52.64
GC1003827_F08_NODE_1715_length_2671_cov_13.232704	2671	44.74
GC1003827_F08_NODE_1716_length_2671_cov_8.562500	2671	47.32
GC1003827_F08_NODE_1717_length_2671_cov_7.170597	2671	47.62
GC1003827_F08_NODE_1718_length_2671_cov_5.188679	2671	41.97
GC1003827_F08_NODE_1719_length_2671_cov_4.909198	2671	48.78
GC1003827_F08_NODE_1720_length_2669_cov_10.695909	2669	47.77
GC1003827_F08_NODE_1721_length_2669_cov_9.726593	2669	53.77
GC1003827_F08_NODE_1722_length_2669_cov_7.858379	2669	51.63
GC1003827_F08_NODE_1723_length_2669_cov_6.993312	2669	50.96
GC1003827_F08_NODE_1724_length_2669_cov_5.156176	2669	55.04
GC1003827_F08_NODE_1725_length_2669_cov_3.486625	2669	49.04
GC1003827_F08_NODE_1726_length_2668_cov_2.805195	2668	44.87
GC1003827_F08_NODE_1727_length_2666_cov_9.639622	2666	49.96
GC1003827_F08_NODE_1728_length_2666_cov_7.803466	2666	46.02
GC1003827_F08_NODE_1729_length_2666_cov_3.508468	2666	58.55
GC1003827_F08_NODE_1730_length_2665_cov_10.173759	2665	49.68
GC1003827_F08_NODE_1731_length_2664_cov_2.556563	2664	50.98
GC1003827_F08_NODE_1732_length_2661_cov_5.490134	2661	47.16
GC1003827_F08_NODE_1733_length_2659_cov_2.375197	2659	55.70
GC1003827_F08_NODE_1734_length_2658_cov_9.627025	2658	49.74
GC1003827_F08_NODE_1735_length_2658_cov_0.741604	2658	57.49
GC1003827_F08_NODE_1736_length_2657_cov_26.173518	2657	53.97
GC1003827_F08_NODE_1737_length_2657_cov_9.109486	2657	54.05
GC1003827_F08_NODE_1738_length_2657_cov_5.862451	2657	49.91
GC1003827_F08_NODE_1739_length_2656_cov_11.733096	2656	48.16
GC1003827_F08_NODE_1740_length_2655_cov_2.940665	2655	50.06
GC1003827_F08_NODE_1741_length_2655_cov_1.225079	2655	50.36
GC1003827_F08_NODE_1742_length_2654_cov_6.412742	2654	44.20
GC1003827_F08_NODE_1743_length_2654_cov_4.539375	2654	43.71
GC1003827_F08_NODE_1744_length_2651_cov_3.742076	2651	47.83
GC1003827_F08_NODE_1745_length_2650_cov_6.637337	2650	54.91
GC1003827_F08_NODE_1746_length_2649_cov_5.450040	2649	50.32
GC1003827_F08_NODE_1747_length_2649_cov_3.005948	2649	47.26
GC1003827_F08_NODE_1748_length_2649_cov_2.636796	2649	57.34
GC1003827_F08_NODE_1749_length_2648_cov_1.411345	2648	53.97
GC1003827_F08_NODE_1750_length_2647_cov_2.322222	2647	55.42
GC1003827_F08_NODE_1751_length_2646_cov_8.293767	2646	46.03
GC1003827_F08_NODE_1752_length_2643_cov_12.985294	2643	50.55
GC1003827_F08_NODE_1753_length_2643_cov_3.200715	2643	51.34
GC1003827_F08_NODE_1754_length_2643_cov_1.475358	2643	50.13
GC1003827_F08_NODE_1755_length_2642_cov_16.113718	2642	40.58
GC1003827_F08_NODE_1756_length_2642_cov_4.579324	2642	52.99
GC1003827_F08_NODE_1757_length_2641_cov_8.293158	2641	54.90
GC1003827_F08_NODE_1758_length_2640_cov_6.781934	2640	51.40
GC1003827_F08_NODE_1759_length_2639_cov_5.181927	2639	45.96
GC1003827_F08_NODE_1760_length_2639_cov_3.887341	2639	54.26
GC1003827_F08_NODE_1761_length_2638_cov_6.074472	2638	49.01
GC1003827_F08_NODE_1762_length_2638_cov_5.446037	2638	48.45
GC1003827_F08_NODE_1763_length_2637_cov_3.426295	2637	50.32
GC1003827_F08_NODE_1764_length_2637_cov_2.470120	2637	57.79
GC1003827_F08_NODE_1765_length_2636_cov_10.029892	2636	46.70
GC1003827_F08_NODE_1766_length_2636_cov_6.188920	2636	58.38
GC1003827_F08_NODE_1767_length_2635_cov_7.224482	2635	48.54
GC1003827_F08_NODE_1768_length_2635_cov_4.553030	2635	50.25
GC1003827_F08_NODE_1769_length_2635_cov_2.750797	2635	49.45
GC1003827_F08_NODE_1770_length_2633_cov_3.366321	2633	48.84
GC1003827_F08_NODE_1771_length_2632_cov_7.147705	2632	49.20
GC1003827_F08_NODE_1772_length_2632_cov_6.337325	2632	52.74
GC1003827_F08_NODE_1773_length_2632_cov_2.419960	2632	45.67
GC1003827_F08_NODE_1774_length_2630_cov_10.297643	2630	45.86
GC1003827_F08_NODE_1775_length_2630_cov_6.511386	2630	49.28
GC1003827_F08_NODE_1776_length_2625_cov_14.558447	2625	53.30
GC1003827_F08_NODE_1777_length_2625_cov_7.958367	2625	51.89
GC1003827_F08_NODE_1778_length_2625_cov_6.001601	2625	43.70
GC1003827_F08_NODE_1779_length_2624_cov_6.074890	2624	50.19
GC1003827_F08_NODE_1780_length_2624_cov_1.733280	2624	47.07
GC1003827_F08_NODE_1781_length_2623_cov_2.624199	2623	51.81
GC1003827_F08_NODE_1782_length_2622_cov_4.179559	2622	52.02
GC1003827_F08_NODE_1783_length_2621_cov_3.500802	2621	40.37
GC1003827_F08_NODE_1784_length_2619_cov_7.636437	2619	48.76
GC1003827_F08_NODE_1785_length_2619_cov_2.816613	2619	45.63
GC1003827_F08_NODE_1786_length_2618_cov_6.515857	2618	50.04
GC1003827_F08_NODE_1787_length_2618_cov_4.669209	2618	46.07
GC1003827_F08_NODE_1788_length_2618_cov_2.061421	2618	53.25
GC1003827_F08_NODE_1789_length_2616_cov_8.763761	2616	59.52
GC1003827_F08_NODE_1790_length_2615_cov_4.712621	2615	51.51
GC1003827_F08_NODE_1791_length_2615_cov_3.360932	2615	41.57
GC1003827_F08_NODE_1792_length_2614_cov_8.213510	2614	42.50
GC1003827_F08_NODE_1793_length_2614_cov_7.682348	2614	51.22
GC1003827_F08_NODE_1794_length_2614_cov_6.346602	2614	46.17
GC1003827_F08_NODE_1795_length_2614_cov_5.443908	2614	56.08
GC1003827_F08_NODE_1796_length_2613_cov_8.064360	2613	58.52
GC1003827_F08_NODE_1797_length_2613_cov_7.046259	2613	56.56
GC1003827_F08_NODE_1798_length_2613_cov_4.260257	2613	50.33
GC1003827_F08_NODE_1799_length_2613_cov_3.984312	2613	50.94
GC1003827_F08_NODE_1800_length_2613_cov_3.492357	2613	57.02
GC1003827_F08_NODE_1801_length_2613_cov_3.086082	2613	52.93
GC1003827_F08_NODE_1802_length_2612_cov_9.929980	2612	47.32
GC1003827_F08_NODE_1803_length_2612_cov_5.507847	2612	55.70
GC1003827_F08_NODE_1804_length_2611_cov_8.876812	2611	48.56
GC1003827_F08_NODE_1805_length_2611_cov_4.611111	2611	50.06
GC1003827_F08_NODE_1806_length_2610_cov_6.467982	2610	49.58
GC1003827_F08_NODE_1807_length_2610_cov_4.621426	2610	47.78
GC1003827_F08_NODE_1808_length_2609_cov_9.638195	2609	45.80
GC1003827_F08_NODE_1809_length_2609_cov_5.814263	2609	54.39
GC1003827_F08_NODE_1810_length_2608_cov_5.567916	2608	54.18
GC1003827_F08_NODE_1811_length_2605_cov_5.077482	2605	51.06
GC1003827_F08_NODE_1812_length_2605_cov_4.127119	2605	56.47
GC1003827_F08_NODE_1813_length_2604_cov_4.771498	2604	52.57
GC1003827_F08_NODE_1814_length_2604_cov_2.333064	2604	56.68
GC1003827_F08_NODE_1815_length_2603_cov_7.636511	2603	42.80
GC1003827_F08_NODE_1816_length_2602_cov_9.386263	2602	50.00
GC1003827_F08_NODE_1817_length_2602_cov_9.109899	2602	47.85
GC1003827_F08_NODE_1818_length_2602_cov_6.287273	2602	51.92
GC1003827_F08_NODE_1819_length_2602_cov_6.233131	2602	52.00
GC1003827_F08_NODE_1820_length_2600_cov_9.155681	2600	48.73
GC1003827_F08_NODE_1821_length_2600_cov_5.035180	2600	55.15
GC1003827_F08_NODE_1822_length_2600_cov_3.192479	2600	55.35
GC1003827_F08_NODE_1823_length_2599_cov_9.287217	2599	48.60
GC1003827_F08_NODE_1824_length_2599_cov_3.011731	2599	51.10
GC1003827_F08_NODE_1825_length_2597_cov_8.346154	2597	49.52
GC1003827_F08_NODE_1826_length_2597_cov_6.952227	2597	55.49
GC1003827_F08_NODE_1827_length_2596_cov_11.133252	2596	48.61
GC1003827_F08_NODE_1828_length_2596_cov_6.454435	2596	53.39
GC1003827_F08_NODE_1829_length_2595_cov_4.555916	2595	57.19
GC1003827_F08_NODE_1830_length_2594_cov_5.607621	2594	49.92
GC1003827_F08_NODE_1831_length_2594_cov_4.924199	2594	43.14
GC1003827_F08_NODE_1832_length_2593_cov_4.632198	2593	57.54
GC1003827_F08_NODE_1833_length_2593_cov_4.138686	2593	45.51
GC1003827_F08_NODE_1834_length_2593_cov_3.249797	2593	49.13
GC1003827_F08_NODE_1835_length_2592_cov_5.845842	2592	56.52
GC1003827_F08_NODE_1836_length_2592_cov_3.518864	2592	56.40
GC1003827_F08_NODE_1837_length_2590_cov_4.143727	2590	49.81
GC1003827_F08_NODE_1838_length_2589_cov_10.194963	2589	55.85
GC1003827_F08_NODE_1839_length_2589_cov_5.612104	2589	51.49
GC1003827_F08_NODE_1840_length_2589_cov_3.392364	2589	54.58
GC1003827_F08_NODE_1841_length_2588_cov_11.305973	2588	53.05
GC1003827_F08_NODE_1842_length_2588_cov_8.297034	2588	47.06
GC1003827_F08_NODE_1843_length_2588_cov_4.829338	2588	56.18
GC1003827_F08_NODE_1844_length_2588_cov_4.123121	2588	46.25
GC1003827_F08_NODE_1845_length_2587_cov_4.822764	2587	49.98
GC1003827_F08_NODE_1846_length_2587_cov_3.887398	2587	44.49
GC1003827_F08_NODE_1847_length_2586_cov_3.575844	2586	53.21
GC1003827_F08_NODE_1848_length_2584_cov_14.542939	2584	55.07
GC1003827_F08_NODE_1849_length_2584_cov_8.691494	2584	49.46
GC1003827_F08_NODE_1850_length_2584_cov_6.132275	2584	49.11
GC1003827_F08_NODE_1851_length_2584_cov_3.610908	2584	54.68
GC1003827_F08_NODE_1852_length_2583_cov_9.817182	2583	52.92
GC1003827_F08_NODE_1853_length_2583_cov_4.519544	2583	52.23
GC1003827_F08_NODE_1854_length_2583_cov_3.707248	2583	54.70
GC1003827_F08_NODE_1855_length_2581_cov_5.996740	2581	56.37
GC1003827_F08_NODE_1856_length_2581_cov_2.472290	2581	56.49
GC1003827_F08_NODE_1857_length_2580_cov_5.067265	2580	53.60
GC1003827_F08_NODE_1858_length_2579_cov_7.045269	2579	45.25
GC1003827_F08_NODE_1859_length_2579_cov_4.081158	2579	54.59
GC1003827_F08_NODE_1860_length_2579_cov_2.857259	2579	50.25
GC1003827_F08_NODE_1861_length_2578_cov_7.510812	2578	53.49
GC1003827_F08_NODE_1862_length_2575_cov_6.170752	2575	45.67
GC1003827_F08_NODE_1863_length_2575_cov_5.162582	2575	52.93
GC1003827_F08_NODE_1864_length_2571_cov_9.217676	2571	48.00
GC1003827_F08_NODE_1865_length_2568_cov_13.252356	2568	46.46
GC1003827_F08_NODE_1866_length_2567_cov_5.559426	2567	51.58
GC1003827_F08_NODE_1867_length_2567_cov_2.813115	2567	53.53
GC1003827_F08_NODE_1868_length_2566_cov_6.209512	2566	56.47
GC1003827_F08_NODE_1869_length_2566_cov_3.080771	2566	48.95
GC1003827_F08_NODE_1870_length_2566_cov_2.318983	2566	53.12
GC1003827_F08_NODE_1871_length_2565_cov_2.173503	2565	54.70
GC1003827_F08_NODE_1872_length_2564_cov_11.460402	2564	54.06
GC1003827_F08_NODE_1873_length_2564_cov_10.954863	2564	46.49
GC1003827_F08_NODE_1874_length_2564_cov_2.977021	2564	45.51
GC1003827_F08_NODE_1875_length_2563_cov_4.030378	2563	49.59
GC1003827_F08_NODE_1876_length_2562_cov_20.132649	2562	48.83
GC1003827_F08_NODE_1877_length_2561_cov_10.769926	2561	46.82
GC1003827_F08_NODE_1878_length_2561_cov_7.800740	2561	47.33
GC1003827_F08_NODE_1879_length_2560_cov_5.579942	2560	55.00
GC1003827_F08_NODE_1880_length_2560_cov_3.383477	2560	56.48
GC1003827_F08_NODE_1881_length_2559_cov_2.818668	2559	50.57
GC1003827_F08_NODE_1882_length_2559_cov_1.529194	2559	53.46
GC1003827_F08_NODE_1883_length_2558_cov_11.131633	2558	55.12
GC1003827_F08_NODE_1884_length_2557_cov_15.867901	2557	45.29
GC1003827_F08_NODE_1885_length_2557_cov_8.048971	2557	48.26
GC1003827_F08_NODE_1886_length_2557_cov_8.027160	2557	43.06
GC1003827_F08_NODE_1887_length_2557_cov_7.000412	2557	56.04
GC1003827_F08_NODE_1888_length_2555_cov_9.456343	2555	52.72
GC1003827_F08_NODE_1889_length_2554_cov_3.742892	2554	57.13
GC1003827_F08_NODE_1890_length_2553_cov_5.410140	2553	53.78
GC1003827_F08_NODE_1891_length_2552_cov_11.662268	2552	45.96
GC1003827_F08_NODE_1892_length_2551_cov_6.749587	2551	49.67
GC1003827_F08_NODE_1893_length_2551_cov_1.703383	2551	53.39
GC1003827_F08_NODE_1894_length_2550_cov_6.602972	2550	53.02
GC1003827_F08_NODE_1895_length_2550_cov_4.277755	2550	48.67
GC1003827_F08_NODE_1896_length_2549_cov_4.631709	2549	50.45
GC1003827_F08_NODE_1897_length_2549_cov_3.390586	2549	56.69
GC1003827_F08_NODE_1898_length_2548_cov_4.059893	2548	58.48
GC1003827_F08_NODE_1899_length_2546_cov_3.131046	2546	55.15
GC1003827_F08_NODE_1900_length_2545_cov_5.779983	2545	53.60
GC1003827_F08_NODE_1901_length_2545_cov_5.263441	2545	52.18
GC1003827_F08_NODE_1902_length_2544_cov_6.199835	2544	34.47
GC1003827_F08_NODE_1903_length_2543_cov_8.717301	2543	47.07
GC1003827_F08_NODE_1904_length_2543_cov_7.041391	2543	49.55
GC1003827_F08_NODE_1905_length_2543_cov_3.842715	2543	50.49
GC1003827_F08_NODE_1906_length_2543_cov_3.526490	2543	49.67
GC1003827_F08_NODE_1907_length_2539_cov_12.188640	2539	54.98
GC1003827_F08_NODE_1908_length_2539_cov_9.143035	2539	54.12
GC1003827_F08_NODE_1909_length_2539_cov_7.813018	2539	50.02
GC1003827_F08_NODE_1910_length_2539_cov_6.634328	2539	57.74
GC1003827_F08_NODE_1911_length_2539_cov_5.383914	2539	49.51
GC1003827_F08_NODE_1912_length_2539_cov_1.256633	2539	52.78
GC1003827_F08_NODE_1913_length_2538_cov_9.459560	2538	52.80
GC1003827_F08_NODE_1914_length_2538_cov_4.192866	2538	48.35
GC1003827_F08_NODE_1915_length_2537_cov_9.192116	2537	51.12
GC1003827_F08_NODE_1916_length_2536_cov_13.310502	2536	52.37
GC1003827_F08_NODE_1917_length_2535_cov_8.166944	2535	53.25
GC1003827_F08_NODE_1918_length_2535_cov_6.211794	2535	56.41
GC1003827_F08_NODE_1919_length_2535_cov_3.071844	2535	55.58
GC1003827_F08_NODE_1920_length_2534_cov_3.785210	2534	48.26
GC1003827_F08_NODE_1921_length_2533_cov_10.790524	2533	57.52
GC1003827_F08_NODE_1922_length_2533_cov_4.436409	2533	49.90
GC1003827_F08_NODE_1923_length_2532_cov_4.572973	2532	53.83
GC1003827_F08_NODE_1924_length_2531_cov_6.489601	2531	48.68
GC1003827_F08_NODE_1925_length_2529_cov_6.668193	2529	51.76
GC1003827_F08_NODE_1926_length_2529_cov_5.350541	2529	55.04
GC1003827_F08_NODE_1927_length_2529_cov_5.184013	2529	47.96
GC1003827_F08_NODE_1928_length_2527_cov_7.120000	2527	56.63
GC1003827_F08_NODE_1929_length_2526_cov_4.618591	2526	53.17
GC1003827_F08_NODE_1930_length_2525_cov_5.701418	2525	51.05
GC1003827_F08_NODE_1931_length_2524_cov_4.325824	2524	48.73
GC1003827_F08_NODE_1932_length_2524_cov_3.090530	2524	49.29
GC1003827_F08_NODE_1933_length_2523_cov_4.166110	2523	56.28
GC1003827_F08_NODE_1934_length_2523_cov_3.454508	2523	50.34
GC1003827_F08_NODE_1935_length_2522_cov_8.058038	2522	53.77
GC1003827_F08_NODE_1936_length_2522_cov_3.637161	2522	53.29
GC1003827_F08_NODE_1937_length_2522_cov_3.217954	2522	51.47
GC1003827_F08_NODE_1938_length_2521_cov_9.815789	2521	47.01
GC1003827_F08_NODE_1939_length_2521_cov_7.160401	2521	46.49
GC1003827_F08_NODE_1940_length_2520_cov_16.001254	2520	45.48
GC1003827_F08_NODE_1941_length_2520_cov_7.259089	2520	46.94
GC1003827_F08_NODE_1942_length_2520_cov_4.537401	2520	43.17
GC1003827_F08_NODE_1943_length_2520_cov_3.564981	2520	58.53
GC1003827_F08_NODE_1944_length_2519_cov_8.126254	2519	54.31
GC1003827_F08_NODE_1945_length_2519_cov_5.900084	2519	53.91
GC1003827_F08_NODE_1946_length_2519_cov_3.497910	2519	52.40
GC1003827_F08_NODE_1947_length_2519_cov_1.178094	2519	47.68
GC1003827_F08_NODE_1948_length_2518_cov_6.929737	2518	45.87
GC1003827_F08_NODE_1949_length_2517_cov_7.517573	2517	54.03
GC1003827_F08_NODE_1950_length_2517_cov_4.574895	2517	49.82
GC1003827_F08_NODE_1951_length_2516_cov_6.388866	2516	54.85
GC1003827_F08_NODE_1952_length_2515_cov_12.623953	2515	47.08
GC1003827_F08_NODE_1953_length_2515_cov_6.649079	2515	49.54
GC1003827_F08_NODE_1954_length_2513_cov_5.144593	2513	53.88
GC1003827_F08_NODE_1955_length_2512_cov_3.904822	2512	54.54
GC1003827_F08_NODE_1956_length_2511_cov_7.708473	2511	59.62
GC1003827_F08_NODE_1957_length_2511_cov_7.033977	2511	51.53
GC1003827_F08_NODE_1958_length_2510_cov_10.474612	2510	49.48
GC1003827_F08_NODE_1959_length_2510_cov_6.496433	2510	44.54
GC1003827_F08_NODE_1960_length_2510_cov_4.494335	2510	44.30
GC1003827_F08_NODE_1961_length_2510_cov_1.747377	2510	55.10
GC1003827_F08_NODE_1962_length_2509_cov_6.925273	2509	55.16
GC1003827_F08_NODE_1963_length_2508_cov_6.441831	2508	54.11
GC1003827_F08_NODE_1964_length_2508_cov_5.434691	2508	56.74
GC1003827_F08_NODE_1965_length_2508_cov_4.313314	2508	55.66
GC1003827_F08_NODE_1966_length_2508_cov_3.233515	2508	41.51
GC1003827_F08_NODE_1967_length_2507_cov_7.005462	2507	53.93
GC1003827_F08_NODE_1968_length_2507_cov_4.364286	2507	51.06
GC1003827_F08_NODE_1969_length_2507_cov_4.291597	2507	48.70
GC1003827_F08_NODE_1970_length_2507_cov_3.914706	2507	53.05
GC1003827_F08_NODE_1971_length_2506_cov_14.563262	2506	48.76
GC1003827_F08_NODE_1972_length_2506_cov_6.889870	2506	51.24
GC1003827_F08_NODE_1973_length_2506_cov_3.521227	2506	54.99
GC1003827_F08_NODE_1974_length_2505_cov_5.652229	2505	50.46
GC1003827_F08_NODE_1975_length_2505_cov_3.908326	2505	46.47
GC1003827_F08_NODE_1976_length_2504_cov_9.051325	2504	40.97
GC1003827_F08_NODE_1977_length_2504_cov_7.008835	2504	51.92
GC1003827_F08_NODE_1978_length_2504_cov_4.756836	2504	50.84
GC1003827_F08_NODE_1979_length_2503_cov_8.764310	2503	52.66
GC1003827_F08_NODE_1980_length_2503_cov_7.867845	2503	48.66
GC1003827_F08_NODE_1981_length_2503_cov_2.128788	2503	56.49
GC1003827_F08_NODE_1982_length_2502_cov_5.510316	2502	53.40
GC1003827_F08_NODE_1983_length_2502_cov_5.405474	2502	59.51
GC1003827_F08_NODE_1984_length_2502_cov_3.878737	2502	42.01
GC1003827_F08_NODE_1985_length_2502_cov_3.047158	2502	39.37
GC1003827_F08_NODE_1986_length_2502_cov_1.680421	2502	53.88
GC1003827_F08_NODE_1987_length_2501_cov_8.753580	2501	42.50
GC1003827_F08_NODE_1988_length_2501_cov_7.702190	2501	50.50
GC1003827_F08_NODE_1989_length_2501_cov_6.620051	2501	50.14
GC1003827_F08_NODE_1990_length_2501_cov_5.668071	2501	53.46
GC1003827_F08_NODE_1991_length_2500_cov_12.252002	2500	51.20
GC1003827_F08_NODE_1992_length_2500_cov_4.568900	2500	45.16
GC1003827_F08_NODE_1993_length_2499_cov_7.226813	2499	53.22
GC1003827_F08_NODE_1994_length_2499_cov_5.840219	2499	53.10
GC1003827_F08_NODE_1995_length_2498_cov_18.860818	2498	48.76
GC1003827_F08_NODE_1996_length_2498_cov_12.303248	2498	49.44
GC1003827_F08_NODE_1997_length_2498_cov_1.620835	2498	47.44
GC1003827_F08_NODE_1998_length_2497_cov_10.041772	2497	48.86
GC1003827_F08_NODE_1999_length_2497_cov_8.531646	2497	49.74
GC1003827_F08_NODE_2000_length_2497_cov_2.532068	2497	42.09
GC1003827_F08_NODE_2001_length_2497_cov_1.924895	2497	58.83
GC1003827_F08_NODE_2002_length_2496_cov_4.430139	2496	52.00
GC1003827_F08_NODE_2003_length_2496_cov_4.067539	2496	55.17
GC1003827_F08_NODE_2004_length_2496_cov_3.365133	2496	46.23
GC1003827_F08_NODE_2005_length_2496_cov_1.894048	2496	51.84
GC1003827_F08_NODE_2006_length_2495_cov_3.497044	2495	58.00
GC1003827_F08_NODE_2007_length_2495_cov_1.782517	2495	48.74
GC1003827_F08_NODE_2008_length_2494_cov_5.846641	2494	46.39
GC1003827_F08_NODE_2009_length_2493_cov_11.387574	2493	48.90
GC1003827_F08_NODE_2010_length_2493_cov_8.913779	2493	47.89
GC1003827_F08_NODE_2011_length_2493_cov_4.029163	2493	40.43
GC1003827_F08_NODE_2012_length_2491_cov_5.907783	2491	58.65
GC1003827_F08_NODE_2013_length_2490_cov_9.583157	2490	51.37
GC1003827_F08_NODE_2014_length_2490_cov_6.788828	2490	49.76
GC1003827_F08_NODE_2015_length_2490_cov_5.447736	2490	54.02
GC1003827_F08_NODE_2016_length_2490_cov_2.625476	2490	56.99
GC1003827_F08_NODE_2017_length_2489_cov_9.311177	2489	53.84
GC1003827_F08_NODE_2018_length_2488_cov_8.485811	2488	48.03
GC1003827_F08_NODE_2019_length_2488_cov_6.861076	2488	45.54
GC1003827_F08_NODE_2020_length_2488_cov_4.174926	2488	44.25
GC1003827_F08_NODE_2021_length_2487_cov_6.065254	2487	53.84
GC1003827_F08_NODE_2022_length_2486_cov_4.378550	2486	52.98
GC1003827_F08_NODE_2023_length_2486_cov_4.166596	2486	53.74
GC1003827_F08_NODE_2024_length_2486_cov_2.725731	2486	49.40
GC1003827_F08_NODE_2025_length_2486_cov_2.627808	2486	49.07
GC1003827_F08_NODE_2026_length_2486_cov_2.107249	2486	53.02
GC1003827_F08_NODE_2027_length_2485_cov_12.486853	2485	50.50
GC1003827_F08_NODE_2028_length_2485_cov_10.627226	2485	45.71
GC1003827_F08_NODE_2029_length_2485_cov_8.201018	2485	49.46
GC1003827_F08_NODE_2030_length_2485_cov_7.611111	2485	53.48
GC1003827_F08_NODE_2031_length_2485_cov_7.590331	2485	50.26
GC1003827_F08_NODE_2032_length_2485_cov_7.576336	2485	53.80
GC1003827_F08_NODE_2033_length_2485_cov_3.162002	2485	48.97
GC1003827_F08_NODE_2034_length_2484_cov_7.215528	2484	54.63
GC1003827_F08_NODE_2035_length_2484_cov_2.568519	2484	55.23
GC1003827_F08_NODE_2036_length_2482_cov_7.721868	2482	46.98
GC1003827_F08_NODE_2037_length_2481_cov_6.118946	2481	55.38
GC1003827_F08_NODE_2038_length_2481_cov_4.413764	2481	51.35
GC1003827_F08_NODE_2039_length_2480_cov_4.107947	2480	57.42
GC1003827_F08_NODE_2040_length_2479_cov_12.005102	2479	48.57
GC1003827_F08_NODE_2041_length_2479_cov_8.333333	2479	50.46
GC1003827_F08_NODE_2042_length_2479_cov_5.454082	2479	43.89
GC1003827_F08_NODE_2043_length_2479_cov_2.541241	2479	36.83
GC1003827_F08_NODE_2044_length_2479_cov_1.228316	2479	57.08
GC1003827_F08_NODE_2045_length_2478_cov_11.898766	2478	46.89
GC1003827_F08_NODE_2046_length_2476_cov_6.578118	2476	51.13
GC1003827_F08_NODE_2047_length_2475_cov_6.675043	2475	43.39
GC1003827_F08_NODE_2048_length_2475_cov_4.954003	2475	51.23
GC1003827_F08_NODE_2049_length_2475_cov_2.609455	2475	53.70
GC1003827_F08_NODE_2050_length_2474_cov_13.894759	2474	46.65
GC1003827_F08_NODE_2051_length_2474_cov_6.792927	2474	44.66
GC1003827_F08_NODE_2052_length_2473_cov_8.764706	2473	52.12
GC1003827_F08_NODE_2053_length_2473_cov_4.905371	2473	50.75
GC1003827_F08_NODE_2054_length_2472_cov_8.581237	2472	42.96
GC1003827_F08_NODE_2055_length_2472_cov_7.968443	2472	44.66
GC1003827_F08_NODE_2056_length_2472_cov_2.490832	2472	52.91
GC1003827_F08_NODE_2057_length_2471_cov_5.683447	2471	52.08
GC1003827_F08_NODE_2058_length_2470_cov_7.885617	2470	56.72
GC1003827_F08_NODE_2059_length_2470_cov_4.929151	2470	53.24
GC1003827_F08_NODE_2060_length_2469_cov_13.220751	2469	49.17
GC1003827_F08_NODE_2061_length_2468_cov_22.777446	2468	47.97
GC1003827_F08_NODE_2062_length_2466_cov_7.385635	2466	54.14
GC1003827_F08_NODE_2063_length_2466_cov_5.950406	2466	48.38
GC1003827_F08_NODE_2064_length_2466_cov_5.398888	2466	44.73
GC1003827_F08_NODE_2065_length_2465_cov_15.016681	2465	48.80
GC1003827_F08_NODE_2066_length_2465_cov_6.557742	2465	51.60
GC1003827_F08_NODE_2067_length_2463_cov_4.572346	2463	53.31
GC1003827_F08_NODE_2068_length_2461_cov_6.118252	2461	54.86
GC1003827_F08_NODE_2069_length_2460_cov_9.976425	2460	50.61
GC1003827_F08_NODE_2070_length_2460_cov_7.014145	2460	58.74
GC1003827_F08_NODE_2071_length_2459_cov_3.223413	2459	50.02
GC1003827_F08_NODE_2072_length_2458_cov_5.848134	2458	52.60
GC1003827_F08_NODE_2073_length_2458_cov_3.909481	2458	47.72
GC1003827_F08_NODE_2074_length_2457_cov_10.106867	2457	47.82
GC1003827_F08_NODE_2075_length_2457_cov_5.874249	2457	50.43
GC1003827_F08_NODE_2076_length_2456_cov_8.419493	2456	46.70
GC1003827_F08_NODE_2077_length_2456_cov_5.622155	2456	45.15
GC1003827_F08_NODE_2078_length_2456_cov_5.448690	2456	42.71
GC1003827_F08_NODE_2079_length_2455_cov_5.182560	2455	50.59
GC1003827_F08_NODE_2080_length_2455_cov_4.127148	2455	49.41
GC1003827_F08_NODE_2081_length_2453_cov_7.147463	2453	48.76
GC1003827_F08_NODE_2082_length_2453_cov_5.379192	2453	52.96
GC1003827_F08_NODE_2083_length_2452_cov_6.374194	2452	51.06
GC1003827_F08_NODE_2084_length_2451_cov_1.935886	2451	50.47
GC1003827_F08_NODE_2085_length_2450_cov_15.204907	2450	51.22
GC1003827_F08_NODE_2086_length_2449_cov_7.048234	2449	53.98
GC1003827_F08_NODE_2087_length_2449_cov_4.688200	2449	57.41
GC1003827_F08_NODE_2088_length_2447_cov_10.823276	2447	53.74
GC1003827_F08_NODE_2089_length_2447_cov_8.739224	2447	55.25
GC1003827_F08_NODE_2090_length_2447_cov_6.046552	2447	53.09
GC1003827_F08_NODE_2091_length_2447_cov_4.351293	2447	45.77
GC1003827_F08_NODE_2092_length_2446_cov_2.361794	2446	55.97
GC1003827_F08_NODE_2093_length_2445_cov_26.762295	2445	52.11
GC1003827_F08_NODE_2094_length_2445_cov_3.942192	2445	55.17
GC1003827_F08_NODE_2095_length_2444_cov_6.194648	2444	50.25
GC1003827_F08_NODE_2096_length_2443_cov_4.383851	2443	43.68
GC1003827_F08_NODE_2097_length_2443_cov_3.753886	2443	54.28
GC1003827_F08_NODE_2098_length_2442_cov_4.920518	2442	53.85
GC1003827_F08_NODE_2099_length_2442_cov_4.091577	2442	53.52
GC1003827_F08_NODE_2100_length_2442_cov_2.833693	2442	49.30
GC1003827_F08_NODE_2101_length_2441_cov_8.226016	2441	51.74
GC1003827_F08_NODE_2102_length_2441_cov_1.055748	2441	52.40
GC1003827_F08_NODE_2103_length_2440_cov_2.710333	2440	49.39
GC1003827_F08_NODE_2104_length_2439_cov_7.528979	2439	49.82
GC1003827_F08_NODE_2105_length_2439_cov_4.521626	2439	53.05
GC1003827_F08_NODE_2106_length_2438_cov_12.276504	2438	52.63
GC1003827_F08_NODE_2107_length_2438_cov_7.030723	2438	49.92
GC1003827_F08_NODE_2108_length_2438_cov_5.263090	2438	54.88
GC1003827_F08_NODE_2109_length_2438_cov_4.684985	2438	47.99
GC1003827_F08_NODE_2110_length_2437_cov_15.419481	2437	49.08
GC1003827_F08_NODE_2111_length_2437_cov_5.999567	2437	51.99
GC1003827_F08_NODE_2112_length_2437_cov_4.223377	2437	56.42
GC1003827_F08_NODE_2113_length_2435_cov_10.179376	2435	49.82
GC1003827_F08_NODE_2114_length_2435_cov_9.168977	2435	45.91
GC1003827_F08_NODE_2115_length_2435_cov_1.050260	2435	58.32
GC1003827_F08_NODE_2116_length_2434_cov_5.240139	2434	51.89
GC1003827_F08_NODE_2117_length_2434_cov_3.028175	2434	52.96
GC1003827_F08_NODE_2118_length_2433_cov_8.136167	2433	47.18
GC1003827_F08_NODE_2119_length_2433_cov_5.094970	2433	56.35
GC1003827_F08_NODE_2120_length_2432_cov_5.641649	2432	53.70
GC1003827_F08_NODE_2121_length_2431_cov_1.753038	2431	50.43
GC1003827_F08_NODE_2122_length_2429_cov_3.550391	2429	33.96
GC1003827_F08_NODE_2123_length_2429_cov_1.627715	2429	52.45
GC1003827_F08_NODE_2124_length_2428_cov_4.996958	2428	53.17
GC1003827_F08_NODE_2125_length_2428_cov_4.573229	2428	58.90
GC1003827_F08_NODE_2126_length_2428_cov_3.335072	2428	56.75
GC1003827_F08_NODE_2127_length_2427_cov_9.499565	2427	47.63
GC1003827_F08_NODE_2128_length_2427_cov_5.820000	2427	48.04
GC1003827_F08_NODE_2129_length_2427_cov_3.259565	2427	41.37
GC1003827_F08_NODE_2130_length_2426_cov_6.294911	2426	50.91
GC1003827_F08_NODE_2131_length_2426_cov_5.011744	2426	56.35
GC1003827_F08_NODE_2132_length_2425_cov_12.357267	2425	45.65
GC1003827_F08_NODE_2133_length_2425_cov_7.604874	2425	46.27
GC1003827_F08_NODE_2134_length_2425_cov_4.241514	2425	50.27
GC1003827_F08_NODE_2135_length_2424_cov_5.737048	2424	53.51
GC1003827_F08_NODE_2136_length_2424_cov_3.918589	2424	51.98
GC1003827_F08_NODE_2137_length_2424_cov_1.329996	2424	45.26
GC1003827_F08_NODE_2138_length_2423_cov_2.141115	2423	53.12
GC1003827_F08_NODE_2139_length_2422_cov_6.233987	2422	51.03
GC1003827_F08_NODE_2140_length_2421_cov_3.896687	2421	49.86
GC1003827_F08_NODE_2141_length_2421_cov_3.015693	2421	55.80
GC1003827_F08_NODE_2142_length_2421_cov_2.065388	2421	49.69
GC1003827_F08_NODE_2143_length_2420_cov_3.800262	2420	50.62
GC1003827_F08_NODE_2144_length_2419_cov_2.861257	2419	50.64
GC1003827_F08_NODE_2145_length_2419_cov_2.643979	2419	58.78
GC1003827_F08_NODE_2146_length_2418_cov_12.886949	2418	45.45
GC1003827_F08_NODE_2147_length_2418_cov_8.374072	2418	47.27
GC1003827_F08_NODE_2148_length_2418_cov_5.345701	2418	52.52
GC1003827_F08_NODE_2149_length_2418_cov_2.384112	2418	53.47
GC1003827_F08_NODE_2150_length_2417_cov_12.506550	2417	45.26
GC1003827_F08_NODE_2151_length_2417_cov_2.449345	2417	52.67
GC1003827_F08_NODE_2152_length_2417_cov_1.502620	2417	57.80
GC1003827_F08_NODE_2153_length_2415_cov_2.234266	2415	49.11
GC1003827_F08_NODE_2154_length_2414_cov_6.172278	2414	48.01
GC1003827_F08_NODE_2155_length_2414_cov_5.430258	2414	48.92
GC1003827_F08_NODE_2156_length_2414_cov_1.614779	2414	56.21
GC1003827_F08_NODE_2157_length_2413_cov_8.779090	2413	53.17
GC1003827_F08_NODE_2158_length_2413_cov_3.701662	2413	56.40
GC1003827_F08_NODE_2159_length_2413_cov_2.588801	2413	51.55
GC1003827_F08_NODE_2160_length_2412_cov_3.650328	2412	55.43
GC1003827_F08_NODE_2161_length_2412_cov_2.794748	2412	48.05
GC1003827_F08_NODE_2162_length_2412_cov_1.908534	2412	59.16
GC1003827_F08_NODE_2163_length_2411_cov_8.838004	2411	53.80
GC1003827_F08_NODE_2164_length_2410_cov_8.541393	2410	50.29
GC1003827_F08_NODE_2165_length_2410_cov_4.989488	2410	58.67
GC1003827_F08_NODE_2166_length_2410_cov_4.039422	2410	56.80
GC1003827_F08_NODE_2167_length_2409_cov_6.958808	2409	47.57
GC1003827_F08_NODE_2168_length_2409_cov_4.184049	2409	45.70
GC1003827_F08_NODE_2169_length_2408_cov_7.272249	2408	48.01
GC1003827_F08_NODE_2170_length_2408_cov_4.987725	2408	50.37
GC1003827_F08_NODE_2171_length_2408_cov_4.527400	2408	54.98
GC1003827_F08_NODE_2172_length_2407_cov_5.319298	2407	51.02
GC1003827_F08_NODE_2173_length_2407_cov_3.172368	2407	53.51
GC1003827_F08_NODE_2174_length_2406_cov_10.584028	2406	50.62
GC1003827_F08_NODE_2175_length_2405_cov_7.109745	2405	44.07
GC1003827_F08_NODE_2176_length_2404_cov_13.031621	2404	47.63
GC1003827_F08_NODE_2177_length_2403_cov_7.095343	2403	49.90
GC1003827_F08_NODE_2178_length_2403_cov_3.992531	2403	53.14
GC1003827_F08_NODE_2179_length_2402_cov_7.796044	2402	51.87
GC1003827_F08_NODE_2180_length_2401_cov_9.822779	2401	49.27
GC1003827_F08_NODE_2181_length_2400_cov_7.476023	2400	45.79
GC1003827_F08_NODE_2182_length_2400_cov_6.202376	2400	49.67
GC1003827_F08_NODE_2183_length_2400_cov_6.195337	2400	52.21
GC1003827_F08_NODE_2184_length_2400_cov_4.996480	2400	42.79
GC1003827_F08_NODE_2185_length_2399_cov_10.752201	2399	49.15
GC1003827_F08_NODE_2186_length_2399_cov_6.932218	2399	56.90
GC1003827_F08_NODE_2187_length_2399_cov_3.632482	2399	45.56
GC1003827_F08_NODE_2188_length_2399_cov_2.314701	2399	49.15
GC1003827_F08_NODE_2189_length_2398_cov_2.924262	2398	58.84
GC1003827_F08_NODE_2190_length_2398_cov_2.791722	2398	41.83
GC1003827_F08_NODE_2191_length_2397_cov_6.315419	2397	48.35
GC1003827_F08_NODE_2192_length_2397_cov_4.148018	2397	54.28
GC1003827_F08_NODE_2193_length_2397_cov_1.575330	2397	53.44
GC1003827_F08_NODE_2194_length_2396_cov_7.146320	2396	45.20
GC1003827_F08_NODE_2195_length_2396_cov_6.766417	2396	50.42
GC1003827_F08_NODE_2196_length_2396_cov_3.591891	2396	57.01
GC1003827_F08_NODE_2197_length_2396_cov_2.556633	2396	54.13
GC1003827_F08_NODE_2198_length_2395_cov_13.374339	2395	45.89
GC1003827_F08_NODE_2199_length_2395_cov_12.098765	2395	55.70
GC1003827_F08_NODE_2200_length_2395_cov_8.906966	2395	46.35
GC1003827_F08_NODE_2201_length_2395_cov_8.698413	2395	55.87
GC1003827_F08_NODE_2202_length_2395_cov_6.159612	2395	50.98
GC1003827_F08_NODE_2203_length_2395_cov_2.417108	2395	51.98
GC1003827_F08_NODE_2204_length_2394_cov_4.549184	2394	43.02
GC1003827_F08_NODE_2205_length_2394_cov_4.121747	2394	53.22
GC1003827_F08_NODE_2206_length_2392_cov_5.025166	2392	52.72
GC1003827_F08_NODE_2207_length_2391_cov_6.135601	2391	49.48
GC1003827_F08_NODE_2208_length_2391_cov_5.258834	2391	56.63
GC1003827_F08_NODE_2209_length_2390_cov_7.914273	2390	51.17
GC1003827_F08_NODE_2210_length_2390_cov_5.318162	2390	54.77
GC1003827_F08_NODE_2211_length_2389_cov_5.063218	2389	46.00
GC1003827_F08_NODE_2212_length_2389_cov_3.342617	2389	46.84
GC1003827_F08_NODE_2213_length_2388_cov_7.070765	2388	53.18
GC1003827_F08_NODE_2214_length_2387_cov_2.221681	2387	48.93
GC1003827_F08_NODE_2215_length_2386_cov_6.767596	2386	53.14
GC1003827_F08_NODE_2216_length_2386_cov_4.620629	2386	50.04
GC1003827_F08_NODE_2217_length_2386_cov_4.248340	2386	55.45
GC1003827_F08_NODE_2218_length_2386_cov_3.055777	2386	55.49
GC1003827_F08_NODE_2219_length_2385_cov_6.415412	2385	52.83
GC1003827_F08_NODE_2220_length_2385_cov_3.023472	2385	53.17
GC1003827_F08_NODE_2221_length_2384_cov_10.396544	2384	52.64
GC1003827_F08_NODE_2222_length_2384_cov_5.178113	2384	54.15
GC1003827_F08_NODE_2223_length_2383_cov_6.719858	2383	47.38
GC1003827_F08_NODE_2224_length_2382_cov_7.546785	2382	52.35
GC1003827_F08_NODE_2225_length_2381_cov_2.981810	2381	59.39
GC1003827_F08_NODE_2226_length_2380_cov_7.205948	2380	48.78
GC1003827_F08_NODE_2227_length_2380_cov_2.681758	2380	46.81
GC1003827_F08_NODE_2228_length_2379_cov_4.164742	2379	53.26
GC1003827_F08_NODE_2229_length_2379_cov_3.019982	2379	58.47
GC1003827_F08_NODE_2230_length_2378_cov_11.340293	2378	47.43
GC1003827_F08_NODE_2231_length_2377_cov_6.832000	2377	54.90
GC1003827_F08_NODE_2232_length_2377_cov_5.189333	2377	55.53
GC1003827_F08_NODE_2233_length_2377_cov_3.267556	2377	55.15
GC1003827_F08_NODE_2234_length_2376_cov_10.932414	2376	54.21
GC1003827_F08_NODE_2235_length_2376_cov_7.280124	2376	47.60
GC1003827_F08_NODE_2236_length_2375_cov_14.075623	2375	46.65
GC1003827_F08_NODE_2237_length_2375_cov_3.700178	2375	43.33
GC1003827_F08_NODE_2238_length_2374_cov_10.016466	2374	52.44
GC1003827_F08_NODE_2239_length_2374_cov_7.704940	2374	46.55
GC1003827_F08_NODE_2240_length_2374_cov_2.979083	2374	49.87
GC1003827_F08_NODE_2241_length_2374_cov_1.870939	2374	44.44
GC1003827_F08_NODE_2242_length_2373_cov_1.910953	2373	41.47
GC1003827_F08_NODE_2243_length_2372_cov_4.043207	2372	51.48
GC1003827_F08_NODE_2244_length_2372_cov_2.832517	2372	42.88
GC1003827_F08_NODE_2245_length_2371_cov_6.761586	2371	56.90
GC1003827_F08_NODE_2246_length_2371_cov_6.702317	2371	47.32
GC1003827_F08_NODE_2247_length_2371_cov_1.814617	2371	49.73
GC1003827_F08_NODE_2248_length_2370_cov_2.250557	2370	55.40
GC1003827_F08_NODE_2249_length_2369_cov_7.350580	2369	54.16
GC1003827_F08_NODE_2250_length_2369_cov_4.661017	2369	53.44
GC1003827_F08_NODE_2251_length_2369_cov_3.657003	2369	45.17
GC1003827_F08_NODE_2252_length_2369_cov_3.622658	2369	58.38
GC1003827_F08_NODE_2253_length_2368_cov_10.406961	2368	52.15
GC1003827_F08_NODE_2254_length_2368_cov_4.912985	2368	46.03
GC1003827_F08_NODE_2255_length_2367_cov_4.182143	2367	46.85
GC1003827_F08_NODE_2256_length_2367_cov_4.165179	2367	44.11
GC1003827_F08_NODE_2257_length_2366_cov_1.690933	2366	55.49
GC1003827_F08_NODE_2258_length_2365_cov_6.239500	2365	47.61
GC1003827_F08_NODE_2259_length_2365_cov_4.575961	2365	51.50
GC1003827_F08_NODE_2260_length_2364_cov_10.303979	2364	56.68
GC1003827_F08_NODE_2261_length_2364_cov_2.285650	2364	49.96
GC1003827_F08_NODE_2262_length_2363_cov_12.692755	2363	47.74
GC1003827_F08_NODE_2263_length_2363_cov_6.219141	2363	51.59
GC1003827_F08_NODE_2264_length_2363_cov_3.778175	2363	53.20
GC1003827_F08_NODE_2265_length_2362_cov_1.827293	2362	53.85
GC1003827_F08_NODE_2266_length_2361_cov_4.619964	2361	48.88
GC1003827_F08_NODE_2267_length_2361_cov_4.209042	2361	52.18
GC1003827_F08_NODE_2268_length_2360_cov_8.894313	2360	50.38
GC1003827_F08_NODE_2269_length_2360_cov_2.423645	2360	54.45
GC1003827_F08_NODE_2270_length_2360_cov_2.079713	2360	46.14
GC1003827_F08_NODE_2271_length_2359_cov_4.534498	2359	54.85
GC1003827_F08_NODE_2272_length_2359_cov_4.321237	2359	54.01
GC1003827_F08_NODE_2273_length_2359_cov_2.166667	2359	50.95
GC1003827_F08_NODE_2274_length_2358_cov_8.699686	2358	49.53
GC1003827_F08_NODE_2275_length_2358_cov_6.725684	2358	47.92
GC1003827_F08_NODE_2276_length_2358_cov_4.947109	2358	58.82
GC1003827_F08_NODE_2277_length_2357_cov_8.273991	2357	54.39
GC1003827_F08_NODE_2278_length_2357_cov_7.265471	2357	51.59
GC1003827_F08_NODE_2279_length_2357_cov_3.814350	2357	44.34
GC1003827_F08_NODE_2280_length_2356_cov_7.423060	2356	50.04
GC1003827_F08_NODE_2281_length_2356_cov_7.308659	2356	44.86
GC1003827_F08_NODE_2282_length_2355_cov_5.451077	2355	58.56
GC1003827_F08_NODE_2283_length_2354_cov_5.229906	2354	57.43
GC1003827_F08_NODE_2284_length_2354_cov_3.922317	2354	53.14
GC1003827_F08_NODE_2285_length_2353_cov_10.441150	2353	46.66
GC1003827_F08_NODE_2286_length_2352_cov_11.804944	2352	44.43
GC1003827_F08_NODE_2287_length_2352_cov_10.903371	2352	51.57
GC1003827_F08_NODE_2288_length_2352_cov_5.434157	2352	53.10
GC1003827_F08_NODE_2289_length_2352_cov_3.932584	2352	39.16
GC1003827_F08_NODE_2290_length_2351_cov_8.011241	2351	49.89
GC1003827_F08_NODE_2291_length_2351_cov_4.566996	2351	55.55
GC1003827_F08_NODE_2292_length_2351_cov_4.216277	2351	50.23
GC1003827_F08_NODE_2293_length_2351_cov_3.579137	2351	56.36
GC1003827_F08_NODE_2294_length_2351_cov_3.450090	2351	54.44
GC1003827_F08_NODE_2295_length_2350_cov_23.636977	2350	45.70
GC1003827_F08_NODE_2296_length_2350_cov_6.309942	2350	52.47
GC1003827_F08_NODE_2297_length_2350_cov_3.291048	2350	57.70
GC1003827_F08_NODE_2298_length_2349_cov_8.112511	2349	57.51
GC1003827_F08_NODE_2299_length_2349_cov_6.553105	2349	51.77
GC1003827_F08_NODE_2300_length_2348_cov_10.700585	2348	48.30
GC1003827_F08_NODE_2301_length_2348_cov_5.134624	2348	50.72
GC1003827_F08_NODE_2302_length_2348_cov_1.113913	2348	53.58
GC1003827_F08_NODE_2303_length_2347_cov_17.899550	2347	45.97
GC1003827_F08_NODE_2304_length_2347_cov_11.522523	2347	45.42
GC1003827_F08_NODE_2305_length_2347_cov_7.166216	2347	52.36
GC1003827_F08_NODE_2306_length_2347_cov_4.739189	2347	51.04
GC1003827_F08_NODE_2307_length_2347_cov_2.546847	2347	43.54
GC1003827_F08_NODE_2308_length_2345_cov_5.591073	2345	46.10
GC1003827_F08_NODE_2309_length_2345_cov_3.863390	2345	50.66
GC1003827_F08_NODE_2310_length_2345_cov_1.880523	2345	56.76
GC1003827_F08_NODE_2311_length_2344_cov_8.576455	2344	52.94
GC1003827_F08_NODE_2312_length_2344_cov_6.208390	2344	52.60
GC1003827_F08_NODE_2313_length_2344_cov_6.012179	2344	48.59
GC1003827_F08_NODE_2314_length_2344_cov_3.584574	2344	54.01
GC1003827_F08_NODE_2315_length_2343_cov_3.887635	2343	48.66
GC1003827_F08_NODE_2316_length_2343_cov_1.504061	2343	56.21
GC1003827_F08_NODE_2317_length_2341_cov_2.507678	2341	56.17
GC1003827_F08_NODE_2318_length_2340_cov_8.195210	2340	52.44
GC1003827_F08_NODE_2319_length_2340_cov_6.759150	2340	51.32
GC1003827_F08_NODE_2320_length_2340_cov_2.491188	2340	55.73
GC1003827_F08_NODE_2321_length_2339_cov_3.277577	2339	55.92
GC1003827_F08_NODE_2322_length_2339_cov_1.976040	2339	47.84
GC1003827_F08_NODE_2323_length_2338_cov_21.300769	2338	42.99
GC1003827_F08_NODE_2324_length_2338_cov_5.533695	2338	51.20
GC1003827_F08_NODE_2325_length_2337_cov_5.246606	2337	51.52
GC1003827_F08_NODE_2326_length_2336_cov_6.747397	2336	56.25
GC1003827_F08_NODE_2327_length_2336_cov_4.860118	2336	50.94
GC1003827_F08_NODE_2328_length_2336_cov_3.888637	2336	46.32
GC1003827_F08_NODE_2329_length_2336_cov_2.180625	2336	56.51
GC1003827_F08_NODE_2330_length_2335_cov_6.356884	2335	48.69
GC1003827_F08_NODE_2331_length_2335_cov_3.975996	2335	46.55
GC1003827_F08_NODE_2332_length_2334_cov_3.331672	2334	48.16
GC1003827_F08_NODE_2333_length_2333_cov_21.759293	2333	48.78
GC1003827_F08_NODE_2334_length_2333_cov_13.274252	2333	45.39
GC1003827_F08_NODE_2335_length_2333_cov_6.674524	2333	54.91
GC1003827_F08_NODE_2336_length_2333_cov_3.825929	2333	44.66
GC1003827_F08_NODE_2337_length_2333_cov_3.267906	2333	54.52
GC1003827_F08_NODE_2338_length_2332_cov_12.499773	2332	45.28
GC1003827_F08_NODE_2339_length_2330_cov_8.917385	2330	50.39
GC1003827_F08_NODE_2340_length_2329_cov_7.693915	2329	52.73
GC1003827_F08_NODE_2341_length_2329_cov_6.456403	2329	50.11
GC1003827_F08_NODE_2342_length_2328_cov_5.411177	2328	58.08
GC1003827_F08_NODE_2343_length_2328_cov_4.073603	2328	56.10
GC1003827_F08_NODE_2344_length_2328_cov_2.648342	2328	56.40
GC1003827_F08_NODE_2345_length_2326_cov_8.867212	2326	54.04
GC1003827_F08_NODE_2346_length_2326_cov_7.914961	2326	51.33
GC1003827_F08_NODE_2347_length_2325_cov_21.170155	2325	46.88
GC1003827_F08_NODE_2348_length_2325_cov_4.100546	2325	52.52
GC1003827_F08_NODE_2349_length_2324_cov_17.727355	2324	52.88
GC1003827_F08_NODE_2350_length_2324_cov_3.926263	2324	55.77
GC1003827_F08_NODE_2351_length_2323_cov_10.280965	2323	54.58
GC1003827_F08_NODE_2352_length_2323_cov_10.050091	2323	52.73
GC1003827_F08_NODE_2353_length_2323_cov_5.653916	2323	50.93
GC1003827_F08_NODE_2354_length_2322_cov_22.477904	2322	45.95
GC1003827_F08_NODE_2355_length_2322_cov_6.688838	2322	54.95
GC1003827_F08_NODE_2356_length_2322_cov_6.148064	2322	49.87
GC1003827_F08_NODE_2357_length_2322_cov_5.635080	2322	52.89
GC1003827_F08_NODE_2358_length_2321_cov_5.373291	2321	52.00
GC1003827_F08_NODE_2359_length_2321_cov_1.458979	2321	57.69
GC1003827_F08_NODE_2360_length_2320_cov_3.349293	2320	51.81
GC1003827_F08_NODE_2361_length_2319_cov_6.257299	2319	49.81
GC1003827_F08_NODE_2362_length_2319_cov_5.558394	2319	57.87
GC1003827_F08_NODE_2363_length_2318_cov_6.120493	2318	46.98
GC1003827_F08_NODE_2364_length_2318_cov_5.594706	2318	49.61
GC1003827_F08_NODE_2365_length_2318_cov_4.666362	2318	52.07
GC1003827_F08_NODE_2366_length_2317_cov_5.374429	2317	51.66
GC1003827_F08_NODE_2367_length_2316_cov_14.032892	2316	53.45
GC1003827_F08_NODE_2368_length_2316_cov_1.894472	2316	59.07
GC1003827_F08_NODE_2369_length_2315_cov_4.928702	2315	51.32
GC1003827_F08_NODE_2370_length_2314_cov_7.085048	2314	47.28
GC1003827_F08_NODE_2371_length_2314_cov_6.927298	2314	48.10
GC1003827_F08_NODE_2372_length_2314_cov_3.780979	2314	51.69
GC1003827_F08_NODE_2373_length_2313_cov_12.929094	2313	49.76
GC1003827_F08_NODE_2374_length_2313_cov_2.099726	2313	47.17
GC1003827_F08_NODE_2375_length_2312_cov_6.955606	2312	53.29
GC1003827_F08_NODE_2376_length_2312_cov_5.877346	2312	50.87
GC1003827_F08_NODE_2377_length_2310_cov_13.306459	2310	50.48
GC1003827_F08_NODE_2378_length_2310_cov_3.855245	2310	52.81
GC1003827_F08_NODE_2379_length_2309_cov_9.252521	2309	50.71
GC1003827_F08_NODE_2380_length_2309_cov_7.059120	2309	46.08
GC1003827_F08_NODE_2381_length_2309_cov_2.390926	2309	52.53
GC1003827_F08_NODE_2382_length_2308_cov_6.121045	2308	50.69
GC1003827_F08_NODE_2383_length_2308_cov_3.257221	2308	57.45
GC1003827_F08_NODE_2384_length_2307_cov_13.645872	2307	48.03
GC1003827_F08_NODE_2385_length_2307_cov_12.988073	2307	47.68
GC1003827_F08_NODE_2386_length_2307_cov_11.309174	2307	48.46
GC1003827_F08_NODE_2387_length_2307_cov_7.416055	2307	53.45
GC1003827_F08_NODE_2388_length_2307_cov_7.221560	2307	52.93
GC1003827_F08_NODE_2389_length_2306_cov_11.407526	2306	37.68
GC1003827_F08_NODE_2390_length_2306_cov_3.999541	2306	47.05
GC1003827_F08_NODE_2391_length_2305_cov_9.372819	2305	54.19
GC1003827_F08_NODE_2392_length_2305_cov_8.461892	2305	44.16
GC1003827_F08_NODE_2393_length_2305_cov_5.499541	2305	54.45
GC1003827_F08_NODE_2394_length_2305_cov_5.290634	2305	48.98
GC1003827_F08_NODE_2395_length_2304_cov_9.177768	2304	51.04
GC1003827_F08_NODE_2396_length_2304_cov_8.680753	2304	52.08
GC1003827_F08_NODE_2397_length_2304_cov_7.538356	2304	40.62
GC1003827_F08_NODE_2398_length_2303_cov_6.402114	2303	51.19
GC1003827_F08_NODE_2399_length_2303_cov_5.818474	2303	51.76
GC1003827_F08_NODE_2400_length_2301_cov_8.640294	2301	49.33
GC1003827_F08_NODE_2401_length_2301_cov_5.744710	2301	46.63
GC1003827_F08_NODE_2402_length_2301_cov_4.900644	2301	52.76
GC1003827_F08_NODE_2403_length_2300_cov_3.713760	2300	45.09
GC1003827_F08_NODE_2404_length_2300_cov_2.344685	2300	45.57
GC1003827_F08_NODE_2405_length_2300_cov_1.415094	2300	54.26
GC1003827_F08_NODE_2406_length_2299_cov_7.231123	2299	46.06
GC1003827_F08_NODE_2407_length_2299_cov_2.104972	2299	53.20
GC1003827_F08_NODE_2408_length_2298_cov_7.351912	2298	54.48
GC1003827_F08_NODE_2409_length_2297_cov_6.396774	2297	47.24
GC1003827_F08_NODE_2410_length_2297_cov_4.452535	2297	55.51
GC1003827_F08_NODE_2411_length_2297_cov_2.332719	2297	51.55
GC1003827_F08_NODE_2412_length_2296_cov_13.048870	2296	48.39
GC1003827_F08_NODE_2413_length_2296_cov_5.567543	2296	55.62
GC1003827_F08_NODE_2414_length_2295_cov_7.227860	2295	55.82
GC1003827_F08_NODE_2415_length_2295_cov_5.481089	2295	51.76
GC1003827_F08_NODE_2416_length_2295_cov_5.088561	2295	47.80
GC1003827_F08_NODE_2417_length_2294_cov_23.485002	2294	51.05
GC1003827_F08_NODE_2418_length_2294_cov_9.116751	2294	48.52
GC1003827_F08_NODE_2419_length_2294_cov_8.996770	2294	48.61
GC1003827_F08_NODE_2420_length_2294_cov_7.491001	2294	46.29
GC1003827_F08_NODE_2421_length_2293_cov_26.865651	2293	47.49
GC1003827_F08_NODE_2422_length_2293_cov_10.796861	2293	45.27
GC1003827_F08_NODE_2423_length_2293_cov_7.738689	2293	55.82
GC1003827_F08_NODE_2424_length_2293_cov_4.103878	2293	49.28
GC1003827_F08_NODE_2425_length_2293_cov_3.645429	2293	56.08
GC1003827_F08_NODE_2426_length_2292_cov_13.515012	2292	46.55
GC1003827_F08_NODE_2427_length_2292_cov_7.247575	2292	51.88
GC1003827_F08_NODE_2428_length_2292_cov_2.642494	2292	55.32
GC1003827_F08_NODE_2429_length_2291_cov_5.817930	2291	52.60
GC1003827_F08_NODE_2430_length_2291_cov_4.249538	2291	47.93
GC1003827_F08_NODE_2431_length_2291_cov_4.056377	2291	50.28
GC1003827_F08_NODE_2432_length_2291_cov_3.995379	2291	56.22
GC1003827_F08_NODE_2433_length_2290_cov_14.093389	2290	50.22
GC1003827_F08_NODE_2434_length_2290_cov_11.921405	2290	46.99
GC1003827_F08_NODE_2435_length_2290_cov_7.390199	2290	51.75
GC1003827_F08_NODE_2436_length_2290_cov_6.716597	2290	54.32
GC1003827_F08_NODE_2437_length_2289_cov_6.068918	2289	56.14
GC1003827_F08_NODE_2438_length_2289_cov_3.205828	2289	48.84
GC1003827_F08_NODE_2439_length_2288_cov_12.681166	2288	42.96
GC1003827_F08_NODE_2440_length_2288_cov_4.849144	2288	51.53
GC1003827_F08_NODE_2441_length_2288_cov_3.481721	2288	48.21
GC1003827_F08_NODE_2442_length_2287_cov_15.058796	2287	48.67
GC1003827_F08_NODE_2443_length_2287_cov_6.063426	2287	45.61
GC1003827_F08_NODE_2444_length_2287_cov_4.690741	2287	55.01
GC1003827_F08_NODE_2445_length_2287_cov_2.485185	2287	49.89
GC1003827_F08_NODE_2446_length_2286_cov_3.042612	2286	52.71
GC1003827_F08_NODE_2447_length_2285_cov_8.821131	2285	49.50
GC1003827_F08_NODE_2448_length_2285_cov_3.407785	2285	52.43
GC1003827_F08_NODE_2449_length_2285_cov_2.898517	2285	59.17
GC1003827_F08_NODE_2450_length_2285_cov_2.189527	2285	57.42
GC1003827_F08_NODE_2451_length_2284_cov_7.022253	2284	51.18
GC1003827_F08_NODE_2452_length_2284_cov_6.152063	2284	42.38
GC1003827_F08_NODE_2453_length_2284_cov_6.111266	2284	53.28
GC1003827_F08_NODE_2454_length_2284_cov_2.562819	2284	52.50
GC1003827_F08_NODE_2455_length_2283_cov_11.566327	2283	55.45
GC1003827_F08_NODE_2456_length_2283_cov_7.178108	2283	50.28
GC1003827_F08_NODE_2457_length_2282_cov_6.080278	2282	50.09
GC1003827_F08_NODE_2458_length_2282_cov_2.385151	2282	57.49
GC1003827_F08_NODE_2459_length_2282_cov_1.460789	2282	50.39
GC1003827_F08_NODE_2460_length_2281_cov_14.584958	2281	46.47
GC1003827_F08_NODE_2461_length_2281_cov_8.360260	2281	44.59
GC1003827_F08_NODE_2462_length_2281_cov_6.904364	2281	52.74
GC1003827_F08_NODE_2463_length_2281_cov_5.653668	2281	52.30
GC1003827_F08_NODE_2464_length_2281_cov_3.004178	2281	55.41
GC1003827_F08_NODE_2465_length_2280_cov_8.836043	2280	52.76
GC1003827_F08_NODE_2466_length_2280_cov_5.208546	2280	51.97
GC1003827_F08_NODE_2467_length_2280_cov_4.268463	2280	52.37
GC1003827_F08_NODE_2468_length_2279_cov_8.284387	2279	47.43
GC1003827_F08_NODE_2469_length_2279_cov_5.514405	2279	54.41
GC1003827_F08_NODE_2470_length_2279_cov_4.464684	2279	53.05
GC1003827_F08_NODE_2471_length_2279_cov_3.448420	2279	56.34
GC1003827_F08_NODE_2472_length_2278_cov_8.347745	2278	56.01
GC1003827_F08_NODE_2473_length_2278_cov_7.940958	2278	52.28
GC1003827_F08_NODE_2474_length_2278_cov_6.210600	2278	42.27
GC1003827_F08_NODE_2475_length_2278_cov_5.837750	2278	46.88
GC1003827_F08_NODE_2476_length_2278_cov_4.748489	2278	49.25
GC1003827_F08_NODE_2477_length_2278_cov_2.682008	2278	49.43
GC1003827_F08_NODE_2478_length_2276_cov_9.101443	2276	49.60
GC1003827_F08_NODE_2479_length_2276_cov_8.602606	2276	44.33
GC1003827_F08_NODE_2480_length_2276_cov_1.541182	2276	60.33
GC1003827_F08_NODE_2481_length_2275_cov_8.462291	2275	51.03
GC1003827_F08_NODE_2482_length_2275_cov_5.356611	2275	41.05
GC1003827_F08_NODE_2483_length_2274_cov_11.074523	2274	52.02
GC1003827_F08_NODE_2484_length_2274_cov_6.565440	2274	46.44
GC1003827_F08_NODE_2485_length_2273_cov_3.844828	2273	53.63
GC1003827_F08_NODE_2486_length_2273_cov_3.826654	2273	45.14
GC1003827_F08_NODE_2487_length_2273_cov_2.666356	2273	45.09
GC1003827_F08_NODE_2488_length_2272_cov_10.798135	2272	51.67
GC1003827_F08_NODE_2489_length_2272_cov_2.446620	2272	58.41
GC1003827_F08_NODE_2490_length_2272_cov_2.257809	2272	58.71
GC1003827_F08_NODE_2491_length_2271_cov_2.939832	2271	51.92
GC1003827_F08_NODE_2492_length_2271_cov_2.206623	2271	51.30
GC1003827_F08_NODE_2493_length_2271_cov_1.100280	2271	52.49
GC1003827_F08_NODE_2494_length_2270_cov_6.155390	2270	47.18
GC1003827_F08_NODE_2495_length_2269_cov_5.784781	2269	44.60
GC1003827_F08_NODE_2496_length_2269_cov_5.190943	2269	53.15
GC1003827_F08_NODE_2497_length_2268_cov_5.046707	2268	54.54
GC1003827_F08_NODE_2498_length_2268_cov_2.637085	2268	50.75
GC1003827_F08_NODE_2499_length_2268_cov_2.579169	2268	50.75
GC1003827_F08_NODE_2500_length_2267_cov_5.610748	2267	56.24
GC1003827_F08_NODE_2501_length_2267_cov_5.069626	2267	55.40
GC1003827_F08_NODE_2502_length_2267_cov_4.059346	2267	50.42
GC1003827_F08_NODE_2503_length_2267_cov_2.226168	2267	59.51
GC1003827_F08_NODE_2504_length_2266_cov_6.400655	2266	51.24
GC1003827_F08_NODE_2505_length_2266_cov_3.866293	2266	54.15
GC1003827_F08_NODE_2506_length_2265_cov_14.871375	2265	47.06
GC1003827_F08_NODE_2507_length_2264_cov_3.095461	2264	55.74
GC1003827_F08_NODE_2508_length_2264_cov_2.656996	2264	34.98
GC1003827_F08_NODE_2509_length_2263_cov_10.208333	2263	52.36
GC1003827_F08_NODE_2510_length_2263_cov_6.687266	2263	54.88
GC1003827_F08_NODE_2511_length_2263_cov_5.931648	2263	41.67
GC1003827_F08_NODE_2512_length_2263_cov_2.726592	2263	45.91
GC1003827_F08_NODE_2513_length_2262_cov_7.059953	2262	49.16
GC1003827_F08_NODE_2514_length_2262_cov_6.617799	2262	51.24
GC1003827_F08_NODE_2515_length_2262_cov_6.561124	2262	47.70
GC1003827_F08_NODE_2516_length_2262_cov_6.499297	2262	50.53
GC1003827_F08_NODE_2517_length_2262_cov_6.317564	2262	45.14
GC1003827_F08_NODE_2518_length_2262_cov_5.293677	2262	46.37
GC1003827_F08_NODE_2519_length_2262_cov_2.048712	2262	54.91
GC1003827_F08_NODE_2520_length_2261_cov_7.691659	2261	55.20
GC1003827_F08_NODE_2521_length_2260_cov_8.887482	2260	45.71
GC1003827_F08_NODE_2522_length_2260_cov_5.485232	2260	57.57
GC1003827_F08_NODE_2523_length_2259_cov_6.374765	2259	50.29
GC1003827_F08_NODE_2524_length_2259_cov_5.386492	2259	55.38
GC1003827_F08_NODE_2525_length_2259_cov_5.170263	2259	50.02
GC1003827_F08_NODE_2526_length_2259_cov_3.043152	2259	43.51
GC1003827_F08_NODE_2527_length_2258_cov_7.479587	2258	41.94
GC1003827_F08_NODE_2528_length_2258_cov_7.387611	2258	47.87
GC1003827_F08_NODE_2529_length_2258_cov_4.645237	2258	56.55
GC1003827_F08_NODE_2530_length_2258_cov_4.138902	2258	55.49
GC1003827_F08_NODE_2531_length_2258_cov_4.055373	2258	51.64
GC1003827_F08_NODE_2532_length_2258_cov_2.664477	2258	54.21
GC1003827_F08_NODE_2533_length_2258_cov_2.429845	2258	56.02
GC1003827_F08_NODE_2534_length_2256_cov_7.883513	2256	47.70
GC1003827_F08_NODE_2535_length_2256_cov_4.856740	2256	50.80
GC1003827_F08_NODE_2536_length_2256_cov_4.854861	2256	49.25
GC1003827_F08_NODE_2537_length_2255_cov_7.413534	2255	45.94
GC1003827_F08_NODE_2538_length_2255_cov_6.870301	2255	53.04
GC1003827_F08_NODE_2539_length_2255_cov_6.803102	2255	49.84
GC1003827_F08_NODE_2540_length_2254_cov_4.645980	2254	53.28
GC1003827_F08_NODE_2541_length_2253_cov_12.015522	2253	53.04
GC1003827_F08_NODE_2542_length_2253_cov_10.907338	2253	41.23
GC1003827_F08_NODE_2543_length_2253_cov_4.134525	2253	51.49
GC1003827_F08_NODE_2544_length_2252_cov_5.114353	2252	55.86
GC1003827_F08_NODE_2545_length_2251_cov_7.509887	2251	42.60
GC1003827_F08_NODE_2546_length_2251_cov_3.939266	2251	51.18
GC1003827_F08_NODE_2547_length_2251_cov_3.301318	2251	56.69
GC1003827_F08_NODE_2548_length_2250_cov_7.281677	2250	50.98
GC1003827_F08_NODE_2549_length_2249_cov_17.889727	2249	47.40
GC1003827_F08_NODE_2550_length_2249_cov_8.922243	2249	47.53
GC1003827_F08_NODE_2551_length_2249_cov_8.497644	2249	45.22
GC1003827_F08_NODE_2552_length_2249_cov_5.719133	2249	47.84
GC1003827_F08_NODE_2553_length_2249_cov_5.012724	2249	55.67
GC1003827_F08_NODE_2554_length_2248_cov_9.767091	2248	49.96
GC1003827_F08_NODE_2555_length_2248_cov_6.497878	2248	45.82
GC1003827_F08_NODE_2556_length_2248_cov_6.099010	2248	53.38
GC1003827_F08_NODE_2557_length_2248_cov_5.157473	2248	53.07
GC1003827_F08_NODE_2558_length_2247_cov_14.313208	2247	51.05
GC1003827_F08_NODE_2559_length_2247_cov_10.442453	2247	51.36
GC1003827_F08_NODE_2560_length_2247_cov_4.854717	2247	45.93
GC1003827_F08_NODE_2561_length_2247_cov_1.460377	2247	54.61
GC1003827_F08_NODE_2562_length_2246_cov_5.839075	2246	59.31
GC1003827_F08_NODE_2563_length_2246_cov_3.543181	2246	45.37
GC1003827_F08_NODE_2564_length_2246_cov_3.117980	2246	50.89
GC1003827_F08_NODE_2565_length_2246_cov_1.515337	2246	48.31
GC1003827_F08_NODE_2566_length_2245_cov_5.257790	2245	47.57
GC1003827_F08_NODE_2567_length_2245_cov_4.761568	2245	51.71
GC1003827_F08_NODE_2568_length_2244_cov_5.710439	2244	48.13
GC1003827_F08_NODE_2569_length_2244_cov_4.621162	2244	52.94
GC1003827_F08_NODE_2570_length_2243_cov_3.864367	2243	41.33
GC1003827_F08_NODE_2571_length_2242_cov_6.459574	2242	51.69
GC1003827_F08_NODE_2572_length_2242_cov_3.087943	2242	49.82
GC1003827_F08_NODE_2573_length_2240_cov_13.878372	2240	44.33
GC1003827_F08_NODE_2574_length_2240_cov_10.265973	2240	55.80
GC1003827_F08_NODE_2575_length_2240_cov_9.053478	2240	53.93
GC1003827_F08_NODE_2576_length_2240_cov_4.709418	2240	50.49
GC1003827_F08_NODE_2577_length_2240_cov_4.080454	2240	53.53
GC1003827_F08_NODE_2578_length_2240_cov_3.737814	2240	47.99
GC1003827_F08_NODE_2579_length_2240_cov_2.415050	2240	55.00
GC1003827_F08_NODE_2580_length_2239_cov_9.572443	2239	49.00
GC1003827_F08_NODE_2581_length_2238_cov_6.864519	2238	53.31
GC1003827_F08_NODE_2582_length_2238_cov_3.693984	2238	58.18
GC1003827_F08_NODE_2583_length_2237_cov_11.716588	2237	35.49
GC1003827_F08_NODE_2584_length_2237_cov_8.065877	2237	45.78
GC1003827_F08_NODE_2585_length_2237_cov_3.853555	2237	51.32
GC1003827_F08_NODE_2586_length_2237_cov_3.359242	2237	53.20
GC1003827_F08_NODE_2587_length_2236_cov_21.221906	2236	45.97
GC1003827_F08_NODE_2588_length_2236_cov_11.223329	2236	49.73
GC1003827_F08_NODE_2589_length_2236_cov_10.811759	2236	44.95
GC1003827_F08_NODE_2590_length_2236_cov_7.621622	2236	45.44
GC1003827_F08_NODE_2591_length_2235_cov_8.024668	2235	51.59
GC1003827_F08_NODE_2592_length_2235_cov_3.293169	2235	48.28
GC1003827_F08_NODE_2593_length_2234_cov_10.230660	2234	50.72
GC1003827_F08_NODE_2594_length_2234_cov_5.113431	2234	48.39
GC1003827_F08_NODE_2595_length_2234_cov_3.921215	2234	59.67
GC1003827_F08_NODE_2596_length_2234_cov_1.401044	2234	55.15
GC1003827_F08_NODE_2597_length_2234_cov_1.187470	2234	52.82
GC1003827_F08_NODE_2598_length_2233_cov_5.599715	2233	51.46
GC1003827_F08_NODE_2599_length_2233_cov_5.207028	2233	54.59
GC1003827_F08_NODE_2600_length_2233_cov_3.325261	2233	52.80
GC1003827_F08_NODE_2601_length_2233_cov_3.135802	2233	42.99
GC1003827_F08_NODE_2602_length_2232_cov_9.733017	2232	42.03
GC1003827_F08_NODE_2603_length_2231_cov_4.367395	2231	49.71
GC1003827_F08_NODE_2604_length_2231_cov_2.250475	2231	58.81
GC1003827_F08_NODE_2605_length_2230_cov_15.103661	2230	51.03
GC1003827_F08_NODE_2606_length_2230_cov_5.674275	2230	43.77
GC1003827_F08_NODE_2607_length_2230_cov_4.419401	2230	48.83
GC1003827_F08_NODE_2608_length_2229_cov_5.603711	2229	54.91
GC1003827_F08_NODE_2609_length_2229_cov_4.029496	2229	51.14
GC1003827_F08_NODE_2610_length_2229_cov_3.375357	2229	48.05
GC1003827_F08_NODE_2611_length_2229_cov_2.156042	2229	56.35
GC1003827_F08_NODE_2612_length_2229_cov_1.872502	2229	53.30
GC1003827_F08_NODE_2613_length_2227_cov_10.564762	2227	52.40
GC1003827_F08_NODE_2614_length_2227_cov_8.719048	2227	56.49
GC1003827_F08_NODE_2615_length_2226_cov_12.547404	2226	48.25
GC1003827_F08_NODE_2616_length_2226_cov_7.995236	2226	52.11
GC1003827_F08_NODE_2617_length_2225_cov_8.466158	2225	51.01
GC1003827_F08_NODE_2618_length_2225_cov_7.430887	2225	50.74
GC1003827_F08_NODE_2619_length_2224_cov_5.889843	2224	56.56
GC1003827_F08_NODE_2620_length_2224_cov_3.987124	2224	53.87
GC1003827_F08_NODE_2621_length_2223_cov_5.580630	2223	53.26
GC1003827_F08_NODE_2622_length_2222_cov_3.993317	2222	48.78
GC1003827_F08_NODE_2623_length_2222_cov_3.876850	2222	45.95
GC1003827_F08_NODE_2624_length_2222_cov_2.854893	2222	32.76
GC1003827_F08_NODE_2625_length_2222_cov_2.609547	2222	57.74
GC1003827_F08_NODE_2626_length_2221_cov_22.323305	2221	48.13
GC1003827_F08_NODE_2627_length_2221_cov_6.335721	2221	49.48
GC1003827_F08_NODE_2628_length_2219_cov_7.902964	2219	57.32
GC1003827_F08_NODE_2629_length_2219_cov_6.992352	2219	50.83
GC1003827_F08_NODE_2630_length_2219_cov_4.791587	2219	54.98
GC1003827_F08_NODE_2631_length_2219_cov_2.196941	2219	48.67
GC1003827_F08_NODE_2632_length_2218_cov_7.814443	2218	57.21
GC1003827_F08_NODE_2633_length_2218_cov_6.511239	2218	53.83
GC1003827_F08_NODE_2634_length_2218_cov_4.554758	2218	51.71
GC1003827_F08_NODE_2635_length_2218_cov_3.543281	2218	51.31
GC1003827_F08_NODE_2636_length_2217_cov_6.927273	2217	50.56
GC1003827_F08_NODE_2637_length_2217_cov_5.244498	2217	54.40
GC1003827_F08_NODE_2638_length_2216_cov_4.891814	2216	56.50
GC1003827_F08_NODE_2639_length_2215_cov_13.966954	2215	49.03
GC1003827_F08_NODE_2640_length_2215_cov_5.038793	2215	53.23
GC1003827_F08_NODE_2641_length_2215_cov_4.911877	2215	43.84
GC1003827_F08_NODE_2642_length_2214_cov_7.191184	2214	51.04
GC1003827_F08_NODE_2643_length_2214_cov_6.102060	2214	52.21
GC1003827_F08_NODE_2644_length_2214_cov_5.586488	2214	52.80
GC1003827_F08_NODE_2645_length_2214_cov_4.735026	2214	49.32
GC1003827_F08_NODE_2646_length_2214_cov_4.698131	2214	50.32
GC1003827_F08_NODE_2647_length_2214_cov_3.791567	2214	50.50
GC1003827_F08_NODE_2648_length_2214_cov_2.586009	2214	50.27
GC1003827_F08_NODE_2649_length_2214_cov_2.255870	2214	53.34
GC1003827_F08_NODE_2650_length_2214_cov_2.193100	2214	56.28
GC1003827_F08_NODE_2651_length_2214_cov_1.908960	2214	52.30
GC1003827_F08_NODE_2652_length_2213_cov_7.784276	2213	50.97
GC1003827_F08_NODE_2653_length_2212_cov_8.034532	2212	54.52
GC1003827_F08_NODE_2654_length_2212_cov_7.599520	2212	51.27
GC1003827_F08_NODE_2655_length_2212_cov_6.424940	2212	48.37
GC1003827_F08_NODE_2656_length_2211_cov_11.463532	2211	58.07
GC1003827_F08_NODE_2657_length_2211_cov_4.980806	2211	56.58
GC1003827_F08_NODE_2658_length_2211_cov_3.342131	2211	53.01
GC1003827_F08_NODE_2659_length_2210_cov_9.744119	2210	49.00
GC1003827_F08_NODE_2660_length_2210_cov_5.969755	2210	56.24
GC1003827_F08_NODE_2661_length_2210_cov_4.603457	2210	52.81
GC1003827_F08_NODE_2662_length_2210_cov_3.525684	2210	44.89
GC1003827_F08_NODE_2663_length_2210_cov_1.386462	2210	55.70
GC1003827_F08_NODE_2664_length_2208_cov_8.795291	2208	48.82
GC1003827_F08_NODE_2665_length_2208_cov_8.715041	2208	50.45
GC1003827_F08_NODE_2666_length_2208_cov_5.488707	2208	48.37
GC1003827_F08_NODE_2667_length_2208_cov_4.758289	2208	46.60
GC1003827_F08_NODE_2668_length_2208_cov_4.484383	2208	48.51
GC1003827_F08_NODE_2669_length_2208_cov_3.892359	2208	60.24
GC1003827_F08_NODE_2670_length_2208_cov_3.822201	2208	42.35
GC1003827_F08_NODE_2671_length_2208_cov_2.702547	2208	57.65
GC1003827_F08_NODE_2672_length_2207_cov_4.064423	2207	53.19
GC1003827_F08_NODE_2673_length_2206_cov_10.147186	2206	47.60
GC1003827_F08_NODE_2674_length_2206_cov_6.077441	2206	56.12
GC1003827_F08_NODE_2675_length_2206_cov_5.000481	2206	52.31
GC1003827_F08_NODE_2676_length_2206_cov_4.402597	2206	47.51
GC1003827_F08_NODE_2677_length_2206_cov_4.171717	2206	56.30
GC1003827_F08_NODE_2678_length_2206_cov_1.793170	2206	44.51
GC1003827_F08_NODE_2679_length_2205_cov_11.456689	2205	53.56
GC1003827_F08_NODE_2680_length_2205_cov_2.796439	2205	51.02
GC1003827_F08_NODE_2681_length_2204_cov_4.948483	2204	45.69
GC1003827_F08_NODE_2682_length_2203_cov_8.919075	2203	52.07
GC1003827_F08_NODE_2683_length_2203_cov_1.686898	2203	54.93
GC1003827_F08_NODE_2684_length_2202_cov_11.049639	2202	56.77
GC1003827_F08_NODE_2685_length_2202_cov_2.906506	2202	47.32
GC1003827_F08_NODE_2686_length_2202_cov_2.003855	2202	58.86
GC1003827_F08_NODE_2687_length_2202_cov_1.774458	2202	51.73
GC1003827_F08_NODE_2688_length_2201_cov_15.347155	2201	54.66
GC1003827_F08_NODE_2689_length_2200_cov_10.801737	2200	53.27
GC1003827_F08_NODE_2690_length_2200_cov_4.830198	2200	51.59
GC1003827_F08_NODE_2691_length_2199_cov_7.991313	2199	39.52
GC1003827_F08_NODE_2692_length_2199_cov_6.872104	2199	55.53
GC1003827_F08_NODE_2693_length_2199_cov_3.987452	2199	49.02
GC1003827_F08_NODE_2694_length_2199_cov_3.628378	2199	55.12
GC1003827_F08_NODE_2695_length_2199_cov_1.748069	2199	54.57
GC1003827_F08_NODE_2696_length_2198_cov_9.747465	2198	52.18
GC1003827_F08_NODE_2697_length_2198_cov_3.482859	2198	59.51
GC1003827_F08_NODE_2698_length_2197_cov_2.724155	2197	52.34
GC1003827_F08_NODE_2699_length_2196_cov_11.770904	2196	51.82
GC1003827_F08_NODE_2700_length_2196_cov_10.255679	2196	49.64
GC1003827_F08_NODE_2701_length_2196_cov_3.403577	2196	56.15
GC1003827_F08_NODE_2702_length_2196_cov_3.229580	2196	45.17
GC1003827_F08_NODE_2703_length_2196_cov_3.105848	2196	55.87
GC1003827_F08_NODE_2704_length_2196_cov_2.837603	2196	53.14
GC1003827_F08_NODE_2705_length_2195_cov_9.818665	2195	42.96
GC1003827_F08_NODE_2706_length_2195_cov_7.721954	2195	48.02
GC1003827_F08_NODE_2707_length_2195_cov_7.583656	2195	45.42
GC1003827_F08_NODE_2708_length_2195_cov_7.339458	2195	51.53
GC1003827_F08_NODE_2709_length_2195_cov_6.892166	2195	56.31
GC1003827_F08_NODE_2710_length_2195_cov_3.113636	2195	43.01
GC1003827_F08_NODE_2711_length_2195_cov_2.930851	2195	59.64
GC1003827_F08_NODE_2712_length_2194_cov_8.292211	2194	54.15
GC1003827_F08_NODE_2713_length_2194_cov_6.601838	2194	58.43
GC1003827_F08_NODE_2714_length_2194_cov_5.743106	2194	50.91
GC1003827_F08_NODE_2715_length_2194_cov_2.027576	2194	47.45
GC1003827_F08_NODE_2716_length_2193_cov_5.703775	2193	53.21
GC1003827_F08_NODE_2717_length_2193_cov_3.010165	2193	48.79
GC1003827_F08_NODE_2718_length_2193_cov_2.238625	2193	52.12
GC1003827_F08_NODE_2719_length_2192_cov_6.087167	2192	49.36
GC1003827_F08_NODE_2720_length_2192_cov_4.219370	2192	52.37
GC1003827_F08_NODE_2721_length_2191_cov_5.507752	2191	52.21
GC1003827_F08_NODE_2722_length_2189_cov_5.241513	2189	56.83
GC1003827_F08_NODE_2723_length_2189_cov_4.584869	2189	51.94
GC1003827_F08_NODE_2724_length_2189_cov_3.495635	2189	49.66
GC1003827_F08_NODE_2725_length_2189_cov_2.243453	2189	55.00
GC1003827_F08_NODE_2726_length_2188_cov_6.747210	2188	50.37
GC1003827_F08_NODE_2727_length_2188_cov_3.038331	2188	56.35
GC1003827_F08_NODE_2728_length_2187_cov_2.328155	2187	54.28
GC1003827_F08_NODE_2729_length_2186_cov_10.897523	2186	45.15
GC1003827_F08_NODE_2730_length_2186_cov_8.872754	2186	53.61
GC1003827_F08_NODE_2731_length_2186_cov_5.884896	2186	50.73
GC1003827_F08_NODE_2732_length_2186_cov_1.745508	2186	50.00
GC1003827_F08_NODE_2733_length_2185_cov_6.590865	2185	51.26
GC1003827_F08_NODE_2734_length_2185_cov_5.371720	2185	45.22
GC1003827_F08_NODE_2735_length_2185_cov_5.189018	2185	47.00
GC1003827_F08_NODE_2736_length_2185_cov_5.064140	2185	50.85
GC1003827_F08_NODE_2737_length_2185_cov_5.015549	2185	54.42
GC1003827_F08_NODE_2738_length_2185_cov_5.003401	2185	47.64
GC1003827_F08_NODE_2739_length_2185_cov_4.103013	2185	55.33
GC1003827_F08_NODE_2740_length_2184_cov_7.460379	2184	45.33
GC1003827_F08_NODE_2741_length_2184_cov_2.787069	2184	53.11
GC1003827_F08_NODE_2742_length_2183_cov_9.888619	2183	47.78
GC1003827_F08_NODE_2743_length_2183_cov_6.794261	2183	39.67
GC1003827_F08_NODE_2744_length_2183_cov_5.642510	2183	53.14
GC1003827_F08_NODE_2745_length_2183_cov_3.158560	2183	57.95
GC1003827_F08_NODE_2746_length_2182_cov_7.776156	2182	46.88
GC1003827_F08_NODE_2747_length_2182_cov_5.471533	2182	48.03
GC1003827_F08_NODE_2748_length_2182_cov_4.172263	2182	50.73
GC1003827_F08_NODE_2749_length_2181_cov_7.741480	2181	46.63
GC1003827_F08_NODE_2750_length_2179_cov_6.095517	2179	45.25
GC1003827_F08_NODE_2751_length_2178_cov_6.117504	2178	50.92
GC1003827_F08_NODE_2752_length_2178_cov_3.668454	2178	51.79
GC1003827_F08_NODE_2753_length_2177_cov_9.109756	2177	48.69
GC1003827_F08_NODE_2754_length_2177_cov_8.699024	2177	53.61
GC1003827_F08_NODE_2755_length_2177_cov_6.021951	2177	50.80
GC1003827_F08_NODE_2756_length_2177_cov_4.972683	2177	46.85
GC1003827_F08_NODE_2757_length_2176_cov_3.861884	2176	56.43
GC1003827_F08_NODE_2758_length_2176_cov_2.149341	2176	54.64
GC1003827_F08_NODE_2759_length_2175_cov_4.592773	2175	49.33
GC1003827_F08_NODE_2760_length_2174_cov_21.369809	2174	49.31
GC1003827_F08_NODE_2761_length_2174_cov_5.386908	2174	49.86
GC1003827_F08_NODE_2762_length_2174_cov_2.872985	2174	58.19
GC1003827_F08_NODE_2763_length_2173_cov_11.504399	2173	46.16
GC1003827_F08_NODE_2764_length_2173_cov_9.669599	2173	52.46
GC1003827_F08_NODE_2765_length_2173_cov_5.534213	2173	55.32
GC1003827_F08_NODE_2766_length_2173_cov_4.323069	2173	51.50
GC1003827_F08_NODE_2767_length_2172_cov_13.558435	2172	49.82
GC1003827_F08_NODE_2768_length_2172_cov_5.636186	2172	47.88
GC1003827_F08_NODE_2769_length_2172_cov_1.076284	2172	54.01
GC1003827_F08_NODE_2770_length_2171_cov_8.095890	2171	53.57
GC1003827_F08_NODE_2771_length_2170_cov_12.847773	2170	57.83
GC1003827_F08_NODE_2772_length_2170_cov_4.357318	2170	44.52
GC1003827_F08_NODE_2773_length_2170_cov_3.587861	2170	53.46
GC1003827_F08_NODE_2774_length_2170_cov_3.223691	2170	48.80
GC1003827_F08_NODE_2775_length_2170_cov_2.329907	2170	48.89
GC1003827_F08_NODE_2776_length_2169_cov_11.523017	2169	51.64
GC1003827_F08_NODE_2777_length_2169_cov_5.075416	2169	51.45
GC1003827_F08_NODE_2778_length_2169_cov_4.871694	2169	56.43
GC1003827_F08_NODE_2779_length_2169_cov_3.197845	2169	51.59
GC1003827_F08_NODE_2780_length_2169_cov_2.966699	2169	52.56
GC1003827_F08_NODE_2781_length_2168_cov_13.927487	2168	45.16
GC1003827_F08_NODE_2782_length_2168_cov_7.055365	2168	49.22
GC1003827_F08_NODE_2783_length_2168_cov_5.253797	2168	49.68
GC1003827_F08_NODE_2784_length_2168_cov_3.720725	2168	45.16
GC1003827_F08_NODE_2785_length_2167_cov_11.617157	2167	51.59
GC1003827_F08_NODE_2786_length_2167_cov_7.963725	2167	53.07
GC1003827_F08_NODE_2787_length_2167_cov_6.348039	2167	48.41
GC1003827_F08_NODE_2788_length_2167_cov_4.722549	2167	49.01
GC1003827_F08_NODE_2789_length_2167_cov_2.305882	2167	58.51
GC1003827_F08_NODE_2790_length_2166_cov_5.380579	2166	52.03
GC1003827_F08_NODE_2791_length_2166_cov_1.115253	2166	50.60
GC1003827_F08_NODE_2792_length_2165_cov_7.443572	2165	49.98
GC1003827_F08_NODE_2793_length_2165_cov_6.942100	2165	51.18
GC1003827_F08_NODE_2794_length_2165_cov_6.500491	2165	48.04
GC1003827_F08_NODE_2795_length_2165_cov_6.496565	2165	49.98
GC1003827_F08_NODE_2796_length_2165_cov_4.100098	2165	55.20
GC1003827_F08_NODE_2797_length_2165_cov_3.631992	2165	54.73
GC1003827_F08_NODE_2798_length_2165_cov_2.553974	2165	58.48
GC1003827_F08_NODE_2799_length_2164_cov_10.919980	2164	60.03
GC1003827_F08_NODE_2800_length_2164_cov_5.082965	2164	51.62
GC1003827_F08_NODE_2801_length_2164_cov_4.475700	2164	51.62
GC1003827_F08_NODE_2802_length_2164_cov_3.702013	2164	53.42
GC1003827_F08_NODE_2803_length_2164_cov_3.439863	2164	56.10
GC1003827_F08_NODE_2804_length_2164_cov_2.967599	2164	55.78
GC1003827_F08_NODE_2805_length_2163_cov_15.189587	2163	47.76
GC1003827_F08_NODE_2806_length_2162_cov_16.448157	2162	48.10
GC1003827_F08_NODE_2807_length_2162_cov_7.359705	2162	53.89
GC1003827_F08_NODE_2808_length_2162_cov_4.621130	2162	51.67
GC1003827_F08_NODE_2809_length_2160_cov_12.527300	2160	42.64
GC1003827_F08_NODE_2810_length_2160_cov_1.931628	2160	44.54
GC1003827_F08_NODE_2811_length_2159_cov_6.785433	2159	53.73
GC1003827_F08_NODE_2812_length_2159_cov_4.253937	2159	53.64
GC1003827_F08_NODE_2813_length_2159_cov_2.969980	2159	47.11
GC1003827_F08_NODE_2814_length_2159_cov_1.742618	2159	56.28
GC1003827_F08_NODE_2815_length_2159_cov_1.507874	2159	59.15
GC1003827_F08_NODE_2816_length_2158_cov_3.057607	2158	57.41
GC1003827_F08_NODE_2817_length_2157_cov_3.218227	2157	51.14
GC1003827_F08_NODE_2818_length_2156_cov_6.937900	2156	55.61
GC1003827_F08_NODE_2819_length_2156_cov_1.929029	2156	54.45
GC1003827_F08_NODE_2820_length_2155_cov_6.329389	2155	51.14
GC1003827_F08_NODE_2821_length_2155_cov_4.724852	2155	48.58
GC1003827_F08_NODE_2822_length_2155_cov_2.539448	2155	60.79
GC1003827_F08_NODE_2823_length_2154_cov_3.469166	2154	48.14
GC1003827_F08_NODE_2824_length_2154_cov_3.218056	2154	53.81
GC1003827_F08_NODE_2825_length_2153_cov_3.528628	2153	49.19
GC1003827_F08_NODE_2826_length_2152_cov_6.704691	2152	48.42
GC1003827_F08_NODE_2827_length_2152_cov_4.344198	2152	51.49
GC1003827_F08_NODE_2828_length_2152_cov_3.462222	2152	52.32
GC1003827_F08_NODE_2829_length_2151_cov_8.459486	2151	58.67
GC1003827_F08_NODE_2830_length_2150_cov_10.830944	2150	51.86
GC1003827_F08_NODE_2831_length_2149_cov_21.095945	2149	46.86
GC1003827_F08_NODE_2832_length_2149_cov_7.244313	2149	49.60
GC1003827_F08_NODE_2833_length_2149_cov_5.863996	2149	51.47
GC1003827_F08_NODE_2834_length_2149_cov_5.746291	2149	51.56
GC1003827_F08_NODE_2835_length_2149_cov_5.386251	2149	44.25
GC1003827_F08_NODE_2836_length_2149_cov_4.294758	2149	55.23
GC1003827_F08_NODE_2837_length_2148_cov_12.612568	2148	44.51
GC1003827_F08_NODE_2838_length_2148_cov_6.191984	2148	48.18
GC1003827_F08_NODE_2839_length_2148_cov_1.466601	2148	54.52
GC1003827_F08_NODE_2840_length_2147_cov_13.319802	2147	48.44
GC1003827_F08_NODE_2841_length_2146_cov_5.746904	2146	53.77
GC1003827_F08_NODE_2842_length_2146_cov_5.656265	2146	52.98
GC1003827_F08_NODE_2843_length_2146_cov_5.465577	2146	52.94
GC1003827_F08_NODE_2844_length_2145_cov_8.526264	2145	44.71
GC1003827_F08_NODE_2845_length_2145_cov_4.684341	2145	49.46
GC1003827_F08_NODE_2846_length_2145_cov_4.657086	2145	52.82
GC1003827_F08_NODE_2847_length_2145_cov_2.816650	2145	54.78
GC1003827_F08_NODE_2848_length_2145_cov_2.673439	2145	52.87
GC1003827_F08_NODE_2849_length_2144_cov_8.558751	2144	52.47
GC1003827_F08_NODE_2850_length_2144_cov_6.437779	2144	57.88
GC1003827_F08_NODE_2851_length_2144_cov_6.194348	2144	50.00
GC1003827_F08_NODE_2852_length_2144_cov_6.087754	2144	48.41
GC1003827_F08_NODE_2853_length_2144_cov_1.487853	2144	54.20
GC1003827_F08_NODE_2854_length_2143_cov_3.304067	2143	51.24
GC1003827_F08_NODE_2855_length_2143_cov_2.832837	2143	54.92
GC1003827_F08_NODE_2856_length_2141_cov_6.595333	2141	52.36
GC1003827_F08_NODE_2857_length_2141_cov_4.860477	2141	47.50
GC1003827_F08_NODE_2858_length_2141_cov_3.760179	2141	56.56
GC1003827_F08_NODE_2859_length_2140_cov_12.255340	2140	56.96
GC1003827_F08_NODE_2860_length_2140_cov_9.927471	2140	47.24
GC1003827_F08_NODE_2861_length_2140_cov_6.568803	2140	52.24
GC1003827_F08_NODE_2862_length_2139_cov_6.455765	2139	51.19
GC1003827_F08_NODE_2863_length_2139_cov_4.959245	2139	55.96
GC1003827_F08_NODE_2864_length_2138_cov_3.814023	2138	55.52
GC1003827_F08_NODE_2865_length_2138_cov_3.425659	2138	53.46
GC1003827_F08_NODE_2866_length_2137_cov_8.570647	2137	56.95
GC1003827_F08_NODE_2867_length_2137_cov_4.048756	2137	49.32
GC1003827_F08_NODE_2868_length_2137_cov_2.963184	2137	48.29
GC1003827_F08_NODE_2869_length_2137_cov_0.749254	2137	55.59
GC1003827_F08_NODE_2870_length_2136_cov_21.194624	2136	48.74
GC1003827_F08_NODE_2871_length_2136_cov_5.164759	2136	47.85
GC1003827_F08_NODE_2872_length_2136_cov_3.890493	2136	48.83
GC1003827_F08_NODE_2873_length_2136_cov_3.007466	2136	57.30
GC1003827_F08_NODE_2874_length_2135_cov_19.364542	2135	45.71
GC1003827_F08_NODE_2875_length_2135_cov_10.103586	2135	55.36
GC1003827_F08_NODE_2876_length_2135_cov_5.203187	2135	44.68
GC1003827_F08_NODE_2877_length_2135_cov_3.345618	2135	59.34
GC1003827_F08_NODE_2878_length_2134_cov_7.200797	2134	53.89
GC1003827_F08_NODE_2879_length_2134_cov_5.077728	2134	48.73
GC1003827_F08_NODE_2880_length_2134_cov_3.134031	2134	54.03
GC1003827_F08_NODE_2881_length_2134_cov_2.107623	2134	58.95
GC1003827_F08_NODE_2882_length_2133_cov_10.846959	2133	46.23
GC1003827_F08_NODE_2883_length_2133_cov_5.803589	2133	54.81
GC1003827_F08_NODE_2884_length_2133_cov_5.789631	2133	54.99
GC1003827_F08_NODE_2885_length_2133_cov_5.152542	2133	50.54
GC1003827_F08_NODE_2886_length_2133_cov_4.474078	2133	50.82
GC1003827_F08_NODE_2887_length_2133_cov_3.872383	2133	37.74
GC1003827_F08_NODE_2888_length_2132_cov_12.181047	2132	48.45
GC1003827_F08_NODE_2889_length_2132_cov_7.693267	2132	50.66
GC1003827_F08_NODE_2890_length_2132_cov_6.872818	2132	53.71
GC1003827_F08_NODE_2891_length_2132_cov_4.833416	2132	54.46
GC1003827_F08_NODE_2892_length_2132_cov_3.299252	2132	52.86
GC1003827_F08_NODE_2893_length_2131_cov_13.121756	2131	53.17
GC1003827_F08_NODE_2894_length_2131_cov_6.358782	2131	49.46
GC1003827_F08_NODE_2895_length_2131_cov_4.516467	2131	53.68
GC1003827_F08_NODE_2896_length_2130_cov_5.417873	2130	45.35
GC1003827_F08_NODE_2897_length_2129_cov_20.139361	2129	44.76
GC1003827_F08_NODE_2898_length_2129_cov_5.707792	2129	54.44
GC1003827_F08_NODE_2899_length_2129_cov_4.585914	2129	52.14
GC1003827_F08_NODE_2900_length_2129_cov_3.604396	2129	54.30
GC1003827_F08_NODE_2901_length_2128_cov_10.205397	2128	48.45
GC1003827_F08_NODE_2902_length_2128_cov_4.070965	2128	50.61
GC1003827_F08_NODE_2903_length_2127_cov_10.207000	2127	45.79
GC1003827_F08_NODE_2904_length_2127_cov_7.931000	2127	45.56
GC1003827_F08_NODE_2905_length_2127_cov_6.104000	2127	47.01
GC1003827_F08_NODE_2906_length_2127_cov_3.658500	2127	47.95
GC1003827_F08_NODE_2907_length_2126_cov_20.119560	2126	42.38
GC1003827_F08_NODE_2908_length_2126_cov_9.939970	2126	49.67
GC1003827_F08_NODE_2909_length_2126_cov_6.269635	2126	47.55
GC1003827_F08_NODE_2910_length_2126_cov_4.280140	2126	56.26
GC1003827_F08_NODE_2911_length_2126_cov_3.453727	2126	50.56
GC1003827_F08_NODE_2912_length_2126_cov_1.650325	2126	59.31
GC1003827_F08_NODE_2913_length_2125_cov_9.624124	2125	49.51
GC1003827_F08_NODE_2914_length_2125_cov_6.376376	2125	51.29
GC1003827_F08_NODE_2915_length_2124_cov_21.467702	2124	49.72
GC1003827_F08_NODE_2916_length_2124_cov_8.905859	2124	39.41
GC1003827_F08_NODE_2917_length_2124_cov_5.849775	2124	43.69
GC1003827_F08_NODE_2918_length_2124_cov_5.061092	2124	52.97
GC1003827_F08_NODE_2919_length_2124_cov_2.961943	2124	42.37
GC1003827_F08_NODE_2920_length_2123_cov_10.202906	2123	42.20
GC1003827_F08_NODE_2921_length_2123_cov_9.953908	2123	52.66
GC1003827_F08_NODE_2922_length_2123_cov_4.090180	2123	50.87
GC1003827_F08_NODE_2923_length_2122_cov_7.102757	2122	53.02
GC1003827_F08_NODE_2924_length_2122_cov_4.193985	2122	54.95
GC1003827_F08_NODE_2925_length_2122_cov_4.186967	2122	56.55
GC1003827_F08_NODE_2926_length_2121_cov_14.249248	2121	48.47
GC1003827_F08_NODE_2927_length_2121_cov_8.547141	2121	48.51
GC1003827_F08_NODE_2928_length_2121_cov_2.840522	2121	51.06
GC1003827_F08_NODE_2929_length_2120_cov_3.544405	2120	53.49
GC1003827_F08_NODE_2930_length_2119_cov_9.539157	2119	51.39
GC1003827_F08_NODE_2931_length_2119_cov_5.267570	2119	47.43
GC1003827_F08_NODE_2932_length_2118_cov_2.996484	2118	53.59
GC1003827_F08_NODE_2933_length_2117_cov_8.195980	2117	51.25
GC1003827_F08_NODE_2934_length_2117_cov_7.972362	2117	48.75
GC1003827_F08_NODE_2935_length_2117_cov_5.043216	2117	57.25
GC1003827_F08_NODE_2936_length_2116_cov_12.603318	2116	50.47
GC1003827_F08_NODE_2937_length_2116_cov_9.481649	2116	47.50
GC1003827_F08_NODE_2938_length_2116_cov_7.555053	2116	48.25
GC1003827_F08_NODE_2939_length_2116_cov_6.058321	2116	46.79
GC1003827_F08_NODE_2940_length_2116_cov_5.865259	2116	54.21
GC1003827_F08_NODE_2941_length_2116_cov_5.666164	2116	49.05
GC1003827_F08_NODE_2942_length_2115_cov_3.612676	2115	54.75
GC1003827_F08_NODE_2943_length_2115_cov_3.477364	2115	57.64
GC1003827_F08_NODE_2944_length_2114_cov_7.281329	2114	47.97
GC1003827_F08_NODE_2945_length_2114_cov_7.155008	2114	51.56
GC1003827_F08_NODE_2946_length_2114_cov_3.679416	2114	49.72
GC1003827_F08_NODE_2947_length_2113_cov_6.846425	2113	44.30
GC1003827_F08_NODE_2948_length_2112_cov_9.164736	2112	52.98
GC1003827_F08_NODE_2949_length_2112_cov_6.767254	2112	49.95
GC1003827_F08_NODE_2950_length_2111_cov_6.202621	2111	52.16
GC1003827_F08_NODE_2951_length_2111_cov_5.220262	2111	48.13
GC1003827_F08_NODE_2952_length_2111_cov_5.013105	2111	47.56
GC1003827_F08_NODE_2953_length_2111_cov_4.390625	2111	47.13
GC1003827_F08_NODE_2954_length_2110_cov_15.236510	2110	51.18
GC1003827_F08_NODE_2955_length_2110_cov_6.869894	2110	49.29
GC1003827_F08_NODE_2956_length_2109_cov_6.180626	2109	54.34
GC1003827_F08_NODE_2957_length_2109_cov_3.406660	2109	39.64
GC1003827_F08_NODE_2958_length_2109_cov_2.447023	2109	49.22
GC1003827_F08_NODE_2959_length_2108_cov_15.664816	2108	41.46
GC1003827_F08_NODE_2960_length_2108_cov_3.996971	2108	44.78
GC1003827_F08_NODE_2961_length_2108_cov_3.748612	2108	45.64
GC1003827_F08_NODE_2962_length_2107_cov_18.852525	2107	49.41
GC1003827_F08_NODE_2963_length_2107_cov_6.308586	2107	52.63
GC1003827_F08_NODE_2964_length_2107_cov_5.115657	2107	50.36
GC1003827_F08_NODE_2965_length_2107_cov_2.809596	2107	53.54
GC1003827_F08_NODE_2966_length_2106_cov_9.499747	2106	49.15
GC1003827_F08_NODE_2967_length_2106_cov_8.731683	2106	47.67
GC1003827_F08_NODE_2968_length_2106_cov_7.825164	2106	55.18
GC1003827_F08_NODE_2969_length_2106_cov_5.026276	2106	50.76
GC1003827_F08_NODE_2970_length_2106_cov_4.880243	2106	51.42
GC1003827_F08_NODE_2971_length_2106_cov_1.129864	2106	60.54
GC1003827_F08_NODE_2972_length_2105_cov_4.533873	2105	45.37
GC1003827_F08_NODE_2973_length_2105_cov_2.517189	2105	49.93
GC1003827_F08_NODE_2974_length_2104_cov_5.904906	2104	56.70
GC1003827_F08_NODE_2975_length_2103_cov_5.461538	2103	52.54
GC1003827_F08_NODE_2976_length_2103_cov_5.443826	2103	57.77
GC1003827_F08_NODE_2977_length_2103_cov_4.819332	2103	49.31
GC1003827_F08_NODE_2978_length_2102_cov_9.073924	2102	50.00
GC1003827_F08_NODE_2979_length_2102_cov_5.361519	2102	42.67
GC1003827_F08_NODE_2980_length_2102_cov_2.358987	2102	53.76
GC1003827_F08_NODE_2981_length_2102_cov_1.739747	2102	54.00
GC1003827_F08_NODE_2982_length_2101_cov_6.052685	2101	51.83
GC1003827_F08_NODE_2983_length_2101_cov_4.487842	2101	57.45
GC1003827_F08_NODE_2984_length_2101_cov_3.577508	2101	51.88
GC1003827_F08_NODE_2985_length_2101_cov_2.383485	2101	61.83
GC1003827_F08_NODE_2986_length_2100_cov_6.373543	2100	50.90
GC1003827_F08_NODE_2987_length_2100_cov_4.329448	2100	55.33
GC1003827_F08_NODE_2988_length_2100_cov_1.908768	2100	55.48
GC1003827_F08_NODE_2989_length_2099_cov_8.322008	2099	49.98
GC1003827_F08_NODE_2990_length_2099_cov_5.487323	2099	51.17
GC1003827_F08_NODE_2991_length_2099_cov_4.384381	2099	55.03
GC1003827_F08_NODE_2992_length_2099_cov_3.563895	2099	56.65
GC1003827_F08_NODE_2993_length_2099_cov_3.078600	2099	55.31
GC1003827_F08_NODE_2994_length_2099_cov_2.650609	2099	32.16
GC1003827_F08_NODE_2995_length_2097_cov_14.520305	2097	52.22
GC1003827_F08_NODE_2996_length_2097_cov_8.792893	2097	51.60
GC1003827_F08_NODE_2997_length_2097_cov_8.003046	2097	49.36
GC1003827_F08_NODE_2998_length_2097_cov_5.984772	2097	50.98
GC1003827_F08_NODE_2999_length_2097_cov_5.979188	2097	53.31
GC1003827_F08_NODE_3000_length_2096_cov_12.777044	2096	53.44
GC1003827_F08_NODE_3001_length_2096_cov_8.430168	2096	49.24
GC1003827_F08_NODE_3002_length_2096_cov_7.352463	2096	47.23
GC1003827_F08_NODE_3003_length_2096_cov_4.273235	2096	46.66
GC1003827_F08_NODE_3004_length_2096_cov_4.219909	2096	52.96
GC1003827_F08_NODE_3005_length_2096_cov_3.425597	2096	54.77
GC1003827_F08_NODE_3006_length_2094_cov_10.098119	2094	39.21
GC1003827_F08_NODE_3007_length_2094_cov_3.040163	2094	55.87
GC1003827_F08_NODE_3008_length_2093_cov_6.789420	2093	50.84
GC1003827_F08_NODE_3009_length_2092_cov_11.591858	2092	50.43
GC1003827_F08_NODE_3010_length_2092_cov_7.619338	2092	44.41
GC1003827_F08_NODE_3011_length_2092_cov_5.886514	2092	48.80
GC1003827_F08_NODE_3012_length_2091_cov_8.200611	2091	52.65
GC1003827_F08_NODE_3013_length_2091_cov_4.850815	2091	40.51
GC1003827_F08_NODE_3014_length_2090_cov_7.403974	2090	54.45
GC1003827_F08_NODE_3015_length_2090_cov_6.933775	2090	51.67
GC1003827_F08_NODE_3016_length_2090_cov_5.539990	2090	55.60
GC1003827_F08_NODE_3017_length_2090_cov_1.595517	2090	56.03
GC1003827_F08_NODE_3018_length_2089_cov_8.643731	2089	46.05
GC1003827_F08_NODE_3019_length_2089_cov_7.982161	2089	53.61
GC1003827_F08_NODE_3020_length_2089_cov_7.745158	2089	49.55
GC1003827_F08_NODE_3021_length_2089_cov_6.510194	2089	52.08
GC1003827_F08_NODE_3022_length_2089_cov_5.830785	2089	52.42
GC1003827_F08_NODE_3023_length_2089_cov_5.304281	2089	42.03
GC1003827_F08_NODE_3024_length_2089_cov_2.980122	2089	51.36
GC1003827_F08_NODE_3025_length_2089_cov_1.136086	2089	32.74
GC1003827_F08_NODE_3026_length_2088_cov_6.194289	2088	50.62
GC1003827_F08_NODE_3027_length_2088_cov_2.574707	2088	51.53
GC1003827_F08_NODE_3028_length_2087_cov_1.596429	2087	48.63
GC1003827_F08_NODE_3029_length_2086_cov_10.852986	2086	50.29
GC1003827_F08_NODE_3030_length_2086_cov_10.296580	2086	50.29
GC1003827_F08_NODE_3031_length_2086_cov_10.092905	2086	50.72
GC1003827_F08_NODE_3032_length_2086_cov_5.157734	2086	56.28
GC1003827_F08_NODE_3033_length_2086_cov_5.009699	2086	52.49
GC1003827_F08_NODE_3034_length_2086_cov_4.906075	2086	55.27
GC1003827_F08_NODE_3035_length_2086_cov_1.552833	2086	61.22
GC1003827_F08_NODE_3036_length_2085_cov_7.073544	2085	50.65
GC1003827_F08_NODE_3037_length_2085_cov_4.730337	2085	49.45
GC1003827_F08_NODE_3038_length_2085_cov_3.258427	2085	55.49
GC1003827_F08_NODE_3039_length_2084_cov_7.500766	2084	50.05
GC1003827_F08_NODE_3040_length_2083_cov_10.346626	2083	47.48
GC1003827_F08_NODE_3041_length_2083_cov_5.742843	2083	57.37
GC1003827_F08_NODE_3042_length_2083_cov_5.088446	2083	53.00
GC1003827_F08_NODE_3043_length_2083_cov_4.776074	2083	48.01
GC1003827_F08_NODE_3044_length_2083_cov_4.186094	2083	52.76
GC1003827_F08_NODE_3045_length_2083_cov_2.913088	2083	57.32
GC1003827_F08_NODE_3046_length_2083_cov_2.345092	2083	53.58
GC1003827_F08_NODE_3047_length_2082_cov_10.786701	2082	46.11
GC1003827_F08_NODE_3048_length_2082_cov_7.783632	2082	54.32
GC1003827_F08_NODE_3049_length_2082_cov_7.014322	2082	48.70
GC1003827_F08_NODE_3050_length_2082_cov_5.901279	2082	55.14
GC1003827_F08_NODE_3051_length_2082_cov_5.712020	2082	53.79
GC1003827_F08_NODE_3052_length_2082_cov_3.334527	2082	50.43
GC1003827_F08_NODE_3053_length_2081_cov_8.418117	2081	46.95
GC1003827_F08_NODE_3054_length_2081_cov_5.879734	2081	54.54
GC1003827_F08_NODE_3055_length_2081_cov_3.252815	2081	52.33
GC1003827_F08_NODE_3056_length_2081_cov_3.186285	2081	51.56
GC1003827_F08_NODE_3057_length_2081_cov_2.743603	2081	52.72
GC1003827_F08_NODE_3058_length_2080_cov_7.164875	2080	47.36
GC1003827_F08_NODE_3059_length_2080_cov_5.012801	2080	47.60
GC1003827_F08_NODE_3060_length_2080_cov_3.602151	2080	42.36
GC1003827_F08_NODE_3061_length_2080_cov_2.684588	2080	41.83
GC1003827_F08_NODE_3062_length_2079_cov_10.311988	2079	47.43
GC1003827_F08_NODE_3063_length_2079_cov_7.213627	2079	50.41
GC1003827_F08_NODE_3064_length_2079_cov_5.913934	2079	49.21
GC1003827_F08_NODE_3065_length_2079_cov_3.889857	2079	51.71
GC1003827_F08_NODE_3066_length_2078_cov_10.640697	2078	47.16
GC1003827_F08_NODE_3067_length_2078_cov_4.774475	2078	54.72
GC1003827_F08_NODE_3068_length_2078_cov_3.186058	2078	37.44
GC1003827_F08_NODE_3069_length_2078_cov_2.723219	2078	49.13
GC1003827_F08_NODE_3070_length_2077_cov_4.158462	2077	47.09
GC1003827_F08_NODE_3071_length_2077_cov_3.524615	2077	47.33
GC1003827_F08_NODE_3072_length_2076_cov_11.045151	2076	44.22
GC1003827_F08_NODE_3073_length_2076_cov_3.774756	2076	42.39
GC1003827_F08_NODE_3074_length_2075_cov_8.947639	2075	49.78
GC1003827_F08_NODE_3075_length_2075_cov_2.572895	2075	52.92
GC1003827_F08_NODE_3076_length_2074_cov_11.469440	2074	51.35
GC1003827_F08_NODE_3077_length_2074_cov_4.042630	2074	47.30
GC1003827_F08_NODE_3078_length_2074_cov_3.783256	2074	43.83
GC1003827_F08_NODE_3079_length_2074_cov_2.418079	2074	55.79
GC1003827_F08_NODE_3080_length_2073_cov_5.988181	2073	54.17
GC1003827_F08_NODE_3081_length_2073_cov_2.644399	2073	49.11
GC1003827_F08_NODE_3082_length_2073_cov_1.592497	2073	51.23
GC1003827_F08_NODE_3083_length_2072_cov_9.919280	2072	51.45
GC1003827_F08_NODE_3084_length_2072_cov_6.596401	2072	53.23
GC1003827_F08_NODE_3085_length_2072_cov_6.230334	2072	54.01
GC1003827_F08_NODE_3086_length_2071_cov_10.314815	2071	46.89
GC1003827_F08_NODE_3087_length_2071_cov_2.351337	2071	53.16
GC1003827_F08_NODE_3088_length_2070_cov_6.116830	2070	49.95
GC1003827_F08_NODE_3089_length_2070_cov_5.971693	2070	49.42
GC1003827_F08_NODE_3090_length_2070_cov_4.623778	2070	55.70
GC1003827_F08_NODE_3091_length_2069_cov_2.800721	2069	57.27
GC1003827_F08_NODE_3092_length_2069_cov_2.690525	2069	56.89
GC1003827_F08_NODE_3093_length_2068_cov_18.760433	2068	48.21
GC1003827_F08_NODE_3094_length_2068_cov_11.788769	2068	42.46
GC1003827_F08_NODE_3095_length_2068_cov_8.095312	2068	50.24
GC1003827_F08_NODE_3096_length_2068_cov_6.828954	2068	50.97
GC1003827_F08_NODE_3097_length_2067_cov_7.248454	2067	55.30
GC1003827_F08_NODE_3098_length_2067_cov_6.193814	2067	49.59
GC1003827_F08_NODE_3099_length_2067_cov_5.097938	2067	53.51
GC1003827_F08_NODE_3100_length_2067_cov_4.878351	2067	49.15
GC1003827_F08_NODE_3101_length_2067_cov_4.851546	2067	53.99
GC1003827_F08_NODE_3102_length_2067_cov_2.543814	2067	56.85
GC1003827_F08_NODE_3103_length_2066_cov_10.733368	2066	49.32
GC1003827_F08_NODE_3104_length_2066_cov_3.196493	2066	51.45
GC1003827_F08_NODE_3105_length_2066_cov_2.283651	2066	55.61
GC1003827_F08_NODE_3106_length_2065_cov_15.218782	2065	45.57
GC1003827_F08_NODE_3107_length_2065_cov_7.666151	2065	53.41
GC1003827_F08_NODE_3108_length_2065_cov_6.587719	2065	40.44
GC1003827_F08_NODE_3109_length_2065_cov_2.176471	2065	56.22
GC1003827_F08_NODE_3110_length_2064_cov_11.253485	2064	53.73
GC1003827_F08_NODE_3111_length_2064_cov_6.350026	2064	50.00
GC1003827_F08_NODE_3112_length_2063_cov_6.872417	2063	46.15
GC1003827_F08_NODE_3113_length_2063_cov_6.708161	2063	53.66
GC1003827_F08_NODE_3114_length_2062_cov_12.693023	2062	49.76
GC1003827_F08_NODE_3115_length_2062_cov_6.052713	2062	56.74
GC1003827_F08_NODE_3116_length_2062_cov_3.968475	2062	50.58
GC1003827_F08_NODE_3117_length_2062_cov_1.540568	2062	51.02
GC1003827_F08_NODE_3118_length_2061_cov_10.270941	2061	51.04
GC1003827_F08_NODE_3119_length_2061_cov_4.741468	2061	48.52
GC1003827_F08_NODE_3120_length_2060_cov_4.615623	2060	48.20
GC1003827_F08_NODE_3121_length_2060_cov_4.494568	2060	51.31
GC1003827_F08_NODE_3122_length_2060_cov_3.766167	2060	55.10
GC1003827_F08_NODE_3123_length_2060_cov_2.789964	2060	49.66
GC1003827_F08_NODE_3124_length_2060_cov_2.468702	2060	56.89
GC1003827_F08_NODE_3125_length_2060_cov_1.927574	2060	49.76
GC1003827_F08_NODE_3126_length_2059_cov_9.268634	2059	50.70
GC1003827_F08_NODE_3127_length_2058_cov_5.662351	2058	56.90
GC1003827_F08_NODE_3128_length_2058_cov_4.529777	2058	55.98
GC1003827_F08_NODE_3129_length_2058_cov_2.858622	2058	53.84
GC1003827_F08_NODE_3130_length_2057_cov_5.608808	2057	49.54
GC1003827_F08_NODE_3131_length_2057_cov_3.214508	2057	48.37
GC1003827_F08_NODE_3132_length_2056_cov_3.656299	2056	55.93
GC1003827_F08_NODE_3133_length_2056_cov_2.861586	2056	54.28
GC1003827_F08_NODE_3134_length_2055_cov_6.161826	2055	51.00
GC1003827_F08_NODE_3135_length_2055_cov_4.176867	2055	44.33
GC1003827_F08_NODE_3136_length_2054_cov_10.274001	2054	48.98
GC1003827_F08_NODE_3137_length_2054_cov_7.957447	2054	43.77
GC1003827_F08_NODE_3138_length_2054_cov_2.040996	2054	57.01
GC1003827_F08_NODE_3139_length_2053_cov_3.585670	2053	49.39
GC1003827_F08_NODE_3140_length_2052_cov_9.009351	2052	42.88
GC1003827_F08_NODE_3141_length_2052_cov_7.456623	2052	52.53
GC1003827_F08_NODE_3142_length_2051_cov_12.179314	2051	50.76
GC1003827_F08_NODE_3143_length_2051_cov_9.322765	2051	46.71
GC1003827_F08_NODE_3144_length_2051_cov_6.134615	2051	47.68
GC1003827_F08_NODE_3145_length_2051_cov_5.458420	2051	47.68
GC1003827_F08_NODE_3146_length_2051_cov_4.602391	2051	52.71
GC1003827_F08_NODE_3147_length_2051_cov_4.571206	2051	45.00
GC1003827_F08_NODE_3148_length_2051_cov_4.223493	2051	54.95
GC1003827_F08_NODE_3149_length_2051_cov_3.852911	2051	58.46
GC1003827_F08_NODE_3150_length_2051_cov_3.761435	2051	53.05
GC1003827_F08_NODE_3151_length_2050_cov_11.310452	2050	48.73
GC1003827_F08_NODE_3152_length_2050_cov_9.477899	2050	49.17
GC1003827_F08_NODE_3153_length_2049_cov_5.396462	2049	54.08
GC1003827_F08_NODE_3154_length_2048_cov_8.182717	2048	52.34
GC1003827_F08_NODE_3155_length_2048_cov_3.335242	2048	48.34
GC1003827_F08_NODE_3156_length_2048_cov_2.403436	2048	44.48
GC1003827_F08_NODE_3157_length_2047_cov_15.665625	2047	48.75
GC1003827_F08_NODE_3158_length_2047_cov_12.009896	2047	49.00
GC1003827_F08_NODE_3159_length_2047_cov_8.883854	2047	45.43
GC1003827_F08_NODE_3160_length_2047_cov_8.335938	2047	55.59
GC1003827_F08_NODE_3161_length_2047_cov_5.954688	2047	44.11
GC1003827_F08_NODE_3162_length_2047_cov_4.548438	2047	50.37
GC1003827_F08_NODE_3163_length_2047_cov_4.411979	2047	57.45
GC1003827_F08_NODE_3164_length_2046_cov_7.668056	2046	49.71
GC1003827_F08_NODE_3165_length_2046_cov_5.875456	2046	50.15
GC1003827_F08_NODE_3166_length_2046_cov_5.854612	2046	53.57
GC1003827_F08_NODE_3167_length_2046_cov_4.848359	2046	54.69
GC1003827_F08_NODE_3168_length_2045_cov_7.557351	2045	52.47
GC1003827_F08_NODE_3169_length_2045_cov_6.180396	2045	51.74
GC1003827_F08_NODE_3170_length_2044_cov_4.535733	2044	56.02
GC1003827_F08_NODE_3171_length_2044_cov_2.211268	2044	48.53
GC1003827_F08_NODE_3172_length_2043_cov_9.541754	2043	52.91
GC1003827_F08_NODE_3173_length_2043_cov_8.208246	2043	57.61
GC1003827_F08_NODE_3174_length_2042_cov_8.710705	2042	50.54
GC1003827_F08_NODE_3175_length_2042_cov_4.181201	2042	55.39
GC1003827_F08_NODE_3176_length_2042_cov_2.994256	2042	40.01
GC1003827_F08_NODE_3177_length_2041_cov_6.356844	2041	53.06
GC1003827_F08_NODE_3178_length_2041_cov_6.266980	2041	54.73
GC1003827_F08_NODE_3179_length_2040_cov_8.710925	2040	57.75
GC1003827_F08_NODE_3180_length_2040_cov_2.806587	2040	58.87
GC1003827_F08_NODE_3181_length_2040_cov_2.414532	2040	55.49
GC1003827_F08_NODE_3182_length_2040_cov_1.775222	2040	53.68
GC1003827_F08_NODE_3183_length_2040_cov_1.622582	2040	51.81
GC1003827_F08_NODE_3184_length_2039_cov_10.989017	2039	51.69
GC1003827_F08_NODE_3185_length_2039_cov_7.122385	2039	46.25
GC1003827_F08_NODE_3186_length_2039_cov_6.514644	2039	48.01
GC1003827_F08_NODE_3187_length_2039_cov_2.980649	2039	54.34
GC1003827_F08_NODE_3188_length_2038_cov_6.937729	2038	54.22
GC1003827_F08_NODE_3189_length_2038_cov_6.215071	2038	51.47
GC1003827_F08_NODE_3190_length_2038_cov_5.954997	2038	50.34
GC1003827_F08_NODE_3191_length_2038_cov_5.303506	2038	55.50
GC1003827_F08_NODE_3192_length_2038_cov_3.472004	2038	57.16
GC1003827_F08_NODE_3193_length_2037_cov_9.046073	2037	51.45
GC1003827_F08_NODE_3194_length_2037_cov_4.800000	2037	55.18
GC1003827_F08_NODE_3195_length_2037_cov_4.596335	2037	58.27
GC1003827_F08_NODE_3196_length_2037_cov_3.945026	2037	46.10
GC1003827_F08_NODE_3197_length_2036_cov_8.025144	2036	49.61
GC1003827_F08_NODE_3198_length_2036_cov_2.763751	2036	55.11
GC1003827_F08_NODE_3199_length_2036_cov_1.341016	2036	54.22
GC1003827_F08_NODE_3200_length_2035_cov_11.009434	2035	56.36
GC1003827_F08_NODE_3201_length_2034_cov_9.652334	2034	44.30
GC1003827_F08_NODE_3202_length_2034_cov_2.307289	2034	43.51
GC1003827_F08_NODE_3203_length_2033_cov_6.758132	2033	45.11
GC1003827_F08_NODE_3204_length_2033_cov_6.032529	2033	44.86
GC1003827_F08_NODE_3205_length_2033_cov_3.771249	2033	52.68
GC1003827_F08_NODE_3206_length_2033_cov_2.603358	2033	51.40
GC1003827_F08_NODE_3207_length_2032_cov_11.687664	2032	44.29
GC1003827_F08_NODE_3208_length_2032_cov_6.989501	2032	49.41
GC1003827_F08_NODE_3209_length_2032_cov_6.804724	2032	43.01
GC1003827_F08_NODE_3210_length_2032_cov_3.885039	2032	48.87
GC1003827_F08_NODE_3211_length_2031_cov_10.314601	2031	53.87
GC1003827_F08_NODE_3212_length_2031_cov_6.285714	2031	46.77
GC1003827_F08_NODE_3213_length_2031_cov_2.689601	2031	47.37
GC1003827_F08_NODE_3214_length_2031_cov_0.800420	2031	56.33
GC1003827_F08_NODE_3215_length_2030_cov_14.803994	2030	54.09
GC1003827_F08_NODE_3216_length_2030_cov_11.518129	2030	46.95
GC1003827_F08_NODE_3217_length_2030_cov_6.169207	2030	49.95
GC1003827_F08_NODE_3218_length_2030_cov_5.930110	2030	55.12
GC1003827_F08_NODE_3219_length_2030_cov_5.175512	2030	58.72
GC1003827_F08_NODE_3220_length_2030_cov_3.157646	2030	52.41
GC1003827_F08_NODE_3221_length_2030_cov_1.119285	2030	50.94
GC1003827_F08_NODE_3222_length_2029_cov_5.599895	2029	49.98
GC1003827_F08_NODE_3223_length_2028_cov_10.016833	2028	49.31
GC1003827_F08_NODE_3224_length_2028_cov_8.661757	2028	56.16
GC1003827_F08_NODE_3225_length_2028_cov_6.900579	2028	51.18
GC1003827_F08_NODE_3226_length_2028_cov_2.609679	2028	56.07
GC1003827_F08_NODE_3227_length_2028_cov_1.426618	2028	56.41
GC1003827_F08_NODE_3228_length_2027_cov_8.278421	2027	53.97
GC1003827_F08_NODE_3229_length_2027_cov_2.304211	2027	48.35
GC1003827_F08_NODE_3230_length_2027_cov_1.534737	2027	49.43
GC1003827_F08_NODE_3231_length_2026_cov_7.086888	2026	48.03
GC1003827_F08_NODE_3232_length_2026_cov_6.640337	2026	56.07
GC1003827_F08_NODE_3233_length_2026_cov_2.934702	2026	56.02
GC1003827_F08_NODE_3234_length_2026_cov_2.484466	2026	50.35
GC1003827_F08_NODE_3235_length_2026_cov_2.215377	2026	54.54
GC1003827_F08_NODE_3236_length_2025_cov_15.891465	2025	48.35
GC1003827_F08_NODE_3237_length_2025_cov_7.961538	2025	43.75
GC1003827_F08_NODE_3238_length_2025_cov_5.561644	2025	45.93
GC1003827_F08_NODE_3239_length_2025_cov_2.100632	2025	55.85
GC1003827_F08_NODE_3240_length_2024_cov_6.576700	2024	56.27
GC1003827_F08_NODE_3241_length_2024_cov_5.967317	2024	43.82
GC1003827_F08_NODE_3242_length_2024_cov_5.565630	2024	47.88
GC1003827_F08_NODE_3243_length_2024_cov_5.400105	2024	47.38
GC1003827_F08_NODE_3244_length_2024_cov_2.322615	2024	53.31
GC1003827_F08_NODE_3245_length_2023_cov_17.116561	2023	50.77
GC1003827_F08_NODE_3246_length_2023_cov_4.450422	2023	47.40
GC1003827_F08_NODE_3247_length_2023_cov_2.579114	2023	48.49
GC1003827_F08_NODE_3248_length_2022_cov_12.376781	2022	55.59
GC1003827_F08_NODE_3249_length_2022_cov_9.826385	2022	50.94
GC1003827_F08_NODE_3250_length_2022_cov_8.455937	2022	56.43
GC1003827_F08_NODE_3251_length_2022_cov_6.837995	2022	59.50
GC1003827_F08_NODE_3252_length_2022_cov_1.429024	2022	56.28
GC1003827_F08_NODE_3253_length_2021_cov_13.987856	2021	49.73
GC1003827_F08_NODE_3254_length_2021_cov_7.857445	2021	45.18
GC1003827_F08_NODE_3255_length_2020_cov_6.281564	2020	50.54
GC1003827_F08_NODE_3256_length_2020_cov_4.162176	2020	54.75
GC1003827_F08_NODE_3257_length_2020_cov_2.680401	2020	49.55
GC1003827_F08_NODE_3258_length_2019_cov_9.545983	2019	45.67
GC1003827_F08_NODE_3259_length_2019_cov_3.056554	2019	52.70
GC1003827_F08_NODE_3260_length_2019_cov_2.336152	2019	48.64
GC1003827_F08_NODE_3261_length_2019_cov_2.201903	2019	57.55
GC1003827_F08_NODE_3262_length_2018_cov_17.775251	2018	48.71
GC1003827_F08_NODE_3263_length_2018_cov_7.228979	2018	49.80
GC1003827_F08_NODE_3264_length_2017_cov_11.256085	2017	49.33
GC1003827_F08_NODE_3265_length_2017_cov_4.448148	2017	56.37
GC1003827_F08_NODE_3266_length_2017_cov_4.054497	2017	51.21
GC1003827_F08_NODE_3267_length_2017_cov_2.055026	2017	57.66
GC1003827_F08_NODE_3268_length_2016_cov_12.339862	2016	33.43
GC1003827_F08_NODE_3269_length_2016_cov_4.761779	2016	52.43
GC1003827_F08_NODE_3270_length_2016_cov_4.039704	2016	60.17
GC1003827_F08_NODE_3271_length_2015_cov_8.654661	2015	48.19
GC1003827_F08_NODE_3272_length_2015_cov_6.502648	2015	53.40
GC1003827_F08_NODE_3273_length_2015_cov_6.255826	2015	48.34
GC1003827_F08_NODE_3274_length_2015_cov_4.567267	2015	51.12
GC1003827_F08_NODE_3275_length_2015_cov_3.675318	2015	49.53
GC1003827_F08_NODE_3276_length_2014_cov_15.993641	2014	48.01
GC1003827_F08_NODE_3277_length_2014_cov_15.901431	2014	51.24
GC1003827_F08_NODE_3278_length_2014_cov_3.439852	2014	45.38
GC1003827_F08_NODE_3279_length_2014_cov_2.517753	2014	50.84
GC1003827_F08_NODE_3280_length_2013_cov_5.285790	2013	55.44
GC1003827_F08_NODE_3281_length_2013_cov_2.711029	2013	56.38
GC1003827_F08_NODE_3282_length_2012_cov_5.681698	2012	46.87
GC1003827_F08_NODE_3283_length_2012_cov_3.628117	2012	46.12
GC1003827_F08_NODE_3284_length_2012_cov_3.326260	2012	52.58
GC1003827_F08_NODE_3285_length_2011_cov_7.101380	2011	54.55
GC1003827_F08_NODE_3286_length_2011_cov_3.438429	2011	54.40
GC1003827_F08_NODE_3287_length_2011_cov_2.529724	2011	57.43
GC1003827_F08_NODE_3288_length_2010_cov_21.391397	2010	51.59
GC1003827_F08_NODE_3289_length_2010_cov_2.556028	2010	46.22
GC1003827_F08_NODE_3290_length_2010_cov_2.131705	2010	52.09
GC1003827_F08_NODE_3291_length_2009_cov_6.456429	2009	46.99
GC1003827_F08_NODE_3292_length_2009_cov_4.912859	2009	46.19
GC1003827_F08_NODE_3293_length_2009_cov_2.937301	2009	52.26
GC1003827_F08_NODE_3294_length_2008_cov_8.213716	2008	42.93
GC1003827_F08_NODE_3295_length_2008_cov_7.766082	2008	43.68
GC1003827_F08_NODE_3296_length_2008_cov_2.186071	2008	58.27
GC1003827_F08_NODE_3297_length_2007_cov_12.282979	2007	47.18
GC1003827_F08_NODE_3298_length_2007_cov_6.637234	2007	47.38
GC1003827_F08_NODE_3299_length_2007_cov_4.801596	2007	54.86
GC1003827_F08_NODE_3300_length_2007_cov_2.851596	2007	52.32
GC1003827_F08_NODE_3301_length_2007_cov_1.923404	2007	56.10
GC1003827_F08_NODE_3302_length_2006_cov_3.036189	2006	59.62
GC1003827_F08_NODE_3303_length_2005_cov_2.422258	2005	45.54
GC1003827_F08_NODE_3304_length_2004_cov_14.594033	2004	52.59
GC1003827_F08_NODE_3305_length_2004_cov_5.509856	2004	50.95
GC1003827_F08_NODE_3306_length_2004_cov_5.214704	2004	53.54
GC1003827_F08_NODE_3307_length_2004_cov_5.068727	2004	48.60
GC1003827_F08_NODE_3308_length_2004_cov_3.993074	2004	52.15
GC1003827_F08_NODE_3309_length_2004_cov_3.795418	2004	51.00
GC1003827_F08_NODE_3310_length_2003_cov_5.556503	2003	53.92
GC1003827_F08_NODE_3311_length_2003_cov_3.873667	2003	57.81
GC1003827_F08_NODE_3312_length_2003_cov_3.215352	2003	48.48
GC1003827_F08_NODE_3313_length_2003_cov_2.490938	2003	58.11
GC1003827_F08_NODE_3314_length_2003_cov_1.574094	2003	49.68
GC1003827_F08_NODE_3315_length_2002_cov_12.226667	2002	55.34
GC1003827_F08_NODE_3316_length_2002_cov_12.132800	2002	49.05
GC1003827_F08_NODE_3317_length_2002_cov_2.799467	2002	48.55
GC1003827_F08_NODE_3318_length_2001_cov_10.086446	2001	54.47
GC1003827_F08_NODE_3319_length_2001_cov_9.832444	2001	45.73
GC1003827_F08_NODE_3320_length_2001_cov_7.756137	2001	48.38
GC1003827_F08_NODE_3321_length_2000_cov_7.705286	2000	50.00
GC1003827_F08_NODE_3322_length_2000_cov_5.948745	2000	54.40
GC1003827_F08_NODE_3323_length_2000_cov_4.667379	2000	55.05
GC1003827_F08_NODE_3324_length_2000_cov_3.350774	2000	51.20
GC1003827_F08_NODE_3325_length_1999_cov_11.846688	1999	52.53
GC1003827_F08_NODE_3326_length_1999_cov_3.368590	1999	44.92
GC1003827_F08_NODE_3327_length_1999_cov_3.270299	1999	48.67
GC1003827_F08_NODE_3328_length_1998_cov_8.212720	1998	46.25
GC1003827_F08_NODE_3329_length_1998_cov_7.011224	1998	47.20
GC1003827_F08_NODE_3330_length_1998_cov_6.274185	1998	49.75
GC1003827_F08_NODE_3331_length_1998_cov_4.645110	1998	44.74
GC1003827_F08_NODE_3332_length_1998_cov_4.519508	1998	57.36
GC1003827_F08_NODE_3333_length_1998_cov_3.504009	1998	47.75
GC1003827_F08_NODE_3334_length_1998_cov_2.824693	1998	51.20
GC1003827_F08_NODE_3335_length_1998_cov_2.680919	1998	33.93
GC1003827_F08_NODE_3336_length_1997_cov_4.539572	1997	49.87
GC1003827_F08_NODE_3337_length_1997_cov_4.196791	1997	55.08
GC1003827_F08_NODE_3338_length_1997_cov_4.045455	1997	53.38
GC1003827_F08_NODE_3339_length_1996_cov_4.649545	1996	46.94
GC1003827_F08_NODE_3340_length_1996_cov_0.985019	1996	51.20
GC1003827_F08_NODE_3341_length_1995_cov_2.713597	1995	50.03
GC1003827_F08_NODE_3342_length_1994_cov_8.720407	1994	52.01
GC1003827_F08_NODE_3343_length_1994_cov_4.645956	1994	47.54
GC1003827_F08_NODE_3344_length_1994_cov_3.658275	1994	52.21
GC1003827_F08_NODE_3345_length_1994_cov_2.829673	1994	47.34
GC1003827_F08_NODE_3346_length_1994_cov_2.720407	1994	45.69
GC1003827_F08_NODE_3347_length_1993_cov_10.510718	1993	47.82
GC1003827_F08_NODE_3348_length_1993_cov_5.555198	1993	47.97
GC1003827_F08_NODE_3349_length_1993_cov_3.404073	1993	53.29
GC1003827_F08_NODE_3350_length_1992_cov_7.575335	1992	49.50
GC1003827_F08_NODE_3351_length_1992_cov_5.875067	1992	45.68
GC1003827_F08_NODE_3352_length_1992_cov_4.364075	1992	49.80
GC1003827_F08_NODE_3353_length_1992_cov_1.956032	1992	55.57
GC1003827_F08_NODE_3354_length_1991_cov_21.592811	1991	51.88
GC1003827_F08_NODE_3355_length_1991_cov_6.887339	1991	46.01
GC1003827_F08_NODE_3356_length_1991_cov_6.785408	1991	52.99
GC1003827_F08_NODE_3357_length_1991_cov_3.788090	1991	46.66
GC1003827_F08_NODE_3358_length_1991_cov_3.571352	1991	49.52
GC1003827_F08_NODE_3359_length_1990_cov_10.110574	1990	53.87
GC1003827_F08_NODE_3360_length_1990_cov_9.783145	1990	46.93
GC1003827_F08_NODE_3361_length_1990_cov_4.269995	1990	52.06
GC1003827_F08_NODE_3362_length_1989_cov_13.790548	1989	48.82
GC1003827_F08_NODE_3363_length_1989_cov_12.648228	1989	51.23
GC1003827_F08_NODE_3364_length_1989_cov_11.580559	1989	48.57
GC1003827_F08_NODE_3365_length_1989_cov_8.114930	1989	49.57
GC1003827_F08_NODE_3366_length_1989_cov_4.262621	1989	51.28
GC1003827_F08_NODE_3367_length_1988_cov_21.163890	1988	49.45
GC1003827_F08_NODE_3368_length_1988_cov_11.740999	1988	51.66
GC1003827_F08_NODE_3369_length_1988_cov_8.444385	1988	46.53
GC1003827_F08_NODE_3370_length_1988_cov_7.120903	1988	48.29
GC1003827_F08_NODE_3371_length_1988_cov_3.652337	1988	55.08
GC1003827_F08_NODE_3372_length_1987_cov_4.959140	1987	53.55
GC1003827_F08_NODE_3373_length_1987_cov_4.795699	1987	47.31
GC1003827_F08_NODE_3374_length_1987_cov_3.862903	1987	50.08
GC1003827_F08_NODE_3375_length_1986_cov_9.176977	1986	45.82
GC1003827_F08_NODE_3376_length_1986_cov_7.161377	1986	57.35
GC1003827_F08_NODE_3377_length_1986_cov_4.224852	1986	47.78
GC1003827_F08_NODE_3378_length_1986_cov_4.132867	1986	53.98
GC1003827_F08_NODE_3379_length_1986_cov_2.820334	1986	53.83
GC1003827_F08_NODE_3380_length_1985_cov_13.274489	1985	53.05
GC1003827_F08_NODE_3381_length_1985_cov_7.221206	1985	55.87
GC1003827_F08_NODE_3382_length_1985_cov_6.861141	1985	49.87
GC1003827_F08_NODE_3383_length_1985_cov_5.318084	1985	49.62
GC1003827_F08_NODE_3384_length_1985_cov_4.588267	1985	49.47
GC1003827_F08_NODE_3385_length_1984_cov_23.645665	1984	48.54
GC1003827_F08_NODE_3386_length_1984_cov_7.061928	1984	46.62
GC1003827_F08_NODE_3387_length_1984_cov_6.746904	1984	45.21
GC1003827_F08_NODE_3388_length_1984_cov_2.127625	1984	58.57
GC1003827_F08_NODE_3389_length_1984_cov_1.733441	1984	48.24
GC1003827_F08_NODE_3390_length_1983_cov_6.500539	1983	42.71
GC1003827_F08_NODE_3391_length_1983_cov_4.765625	1983	51.03
GC1003827_F08_NODE_3392_length_1983_cov_4.115302	1983	58.70
GC1003827_F08_NODE_3393_length_1983_cov_3.758621	1983	49.67
GC1003827_F08_NODE_3394_length_1983_cov_2.700970	1983	45.89
GC1003827_F08_NODE_3395_length_1982_cov_14.940162	1982	49.34
GC1003827_F08_NODE_3396_length_1982_cov_5.604852	1982	52.98
GC1003827_F08_NODE_3397_length_1981_cov_19.146170	1981	53.81
GC1003827_F08_NODE_3398_length_1981_cov_9.340345	1981	45.89
GC1003827_F08_NODE_3399_length_1981_cov_6.470334	1981	47.91
GC1003827_F08_NODE_3400_length_1981_cov_6.276699	1981	52.60
GC1003827_F08_NODE_3401_length_1981_cov_6.132147	1981	48.91
GC1003827_F08_NODE_3402_length_1981_cov_4.933118	1981	49.97
GC1003827_F08_NODE_3403_length_1981_cov_3.764833	1981	52.65
GC1003827_F08_NODE_3404_length_1981_cov_2.908306	1981	54.97
GC1003827_F08_NODE_3405_length_1980_cov_8.533729	1980	54.65
GC1003827_F08_NODE_3406_length_1980_cov_7.474366	1980	53.18
GC1003827_F08_NODE_3407_length_1980_cov_5.451700	1980	50.20
GC1003827_F08_NODE_3408_length_1980_cov_3.958446	1980	47.93
GC1003827_F08_NODE_3409_length_1979_cov_5.660367	1979	52.55
GC1003827_F08_NODE_3410_length_1979_cov_4.159287	1979	55.63
GC1003827_F08_NODE_3411_length_1979_cov_4.065335	1979	48.96
GC1003827_F08_NODE_3412_length_1979_cov_2.048056	1979	54.02
GC1003827_F08_NODE_3413_length_1979_cov_1.916847	1979	44.26
GC1003827_F08_NODE_3414_length_1978_cov_18.035116	1978	47.07
GC1003827_F08_NODE_3415_length_1978_cov_10.733657	1978	52.53
GC1003827_F08_NODE_3416_length_1978_cov_9.774716	1978	49.49
GC1003827_F08_NODE_3417_length_1978_cov_3.593733	1978	57.89
GC1003827_F08_NODE_3418_length_1978_cov_1.840086	1978	57.84
GC1003827_F08_NODE_3419_length_1976_cov_14.709032	1976	46.05
GC1003827_F08_NODE_3420_length_1976_cov_5.796647	1976	57.79
GC1003827_F08_NODE_3421_length_1976_cov_5.191455	1976	50.81
GC1003827_F08_NODE_3422_length_1976_cov_3.504597	1976	46.86
GC1003827_F08_NODE_3423_length_1976_cov_2.686317	1976	56.83
GC1003827_F08_NODE_3424_length_1975_cov_2.608766	1975	53.67
GC1003827_F08_NODE_3425_length_1974_cov_4.518138	1974	50.96
GC1003827_F08_NODE_3426_length_1973_cov_11.203684	1973	49.21
GC1003827_F08_NODE_3427_length_1973_cov_4.145179	1973	50.08
GC1003827_F08_NODE_3428_length_1972_cov_8.815718	1972	44.02
GC1003827_F08_NODE_3429_length_1972_cov_5.719241	1972	54.61
GC1003827_F08_NODE_3430_length_1972_cov_4.691057	1972	56.59
GC1003827_F08_NODE_3431_length_1972_cov_2.497019	1972	49.65
GC1003827_F08_NODE_3432_length_1971_cov_2.042299	1971	54.64
GC1003827_F08_NODE_3433_length_1970_cov_5.602279	1970	56.29
GC1003827_F08_NODE_3434_length_1970_cov_4.292458	1970	56.95
GC1003827_F08_NODE_3435_length_1969_cov_3.955483	1969	56.78
GC1003827_F08_NODE_3436_length_1969_cov_3.354506	1969	53.33
GC1003827_F08_NODE_3437_length_1969_cov_2.160695	1969	53.73
GC1003827_F08_NODE_3438_length_1968_cov_6.004345	1968	57.16
GC1003827_F08_NODE_3439_length_1967_cov_1.908696	1967	33.35
GC1003827_F08_NODE_3440_length_1966_cov_12.976074	1966	53.66
GC1003827_F08_NODE_3441_length_1966_cov_8.219685	1966	49.69
GC1003827_F08_NODE_3442_length_1966_cov_3.914084	1966	52.19
GC1003827_F08_NODE_3443_length_1966_cov_3.852637	1966	53.87
GC1003827_F08_NODE_3444_length_1966_cov_3.482871	1966	52.95
GC1003827_F08_NODE_3445_length_1965_cov_22.495103	1965	47.12
GC1003827_F08_NODE_3446_length_1965_cov_11.208923	1965	53.18
GC1003827_F08_NODE_3447_length_1965_cov_8.256801	1965	45.14
GC1003827_F08_NODE_3448_length_1965_cov_7.384657	1965	55.17
GC1003827_F08_NODE_3449_length_1965_cov_5.073993	1965	53.94
GC1003827_F08_NODE_3450_length_1965_cov_4.980958	1965	53.79
GC1003827_F08_NODE_3451_length_1965_cov_4.498912	1965	55.01
GC1003827_F08_NODE_3452_length_1965_cov_3.903700	1965	49.62
GC1003827_F08_NODE_3453_length_1965_cov_2.165941	1965	52.37
GC1003827_F08_NODE_3454_length_1965_cov_1.722524	1965	56.64
GC1003827_F08_NODE_3455_length_1964_cov_5.081111	1964	52.29
GC1003827_F08_NODE_3456_length_1964_cov_5.078389	1964	52.60
GC1003827_F08_NODE_3457_length_1964_cov_3.326075	1964	54.58
GC1003827_F08_NODE_3458_length_1963_cov_3.459150	1963	53.59
GC1003827_F08_NODE_3459_length_1963_cov_2.590959	1963	57.21
GC1003827_F08_NODE_3460_length_1962_cov_7.003270	1962	50.66
GC1003827_F08_NODE_3461_length_1962_cov_3.319346	1962	52.85
GC1003827_F08_NODE_3462_length_1961_cov_4.444929	1961	57.88
GC1003827_F08_NODE_3463_length_1961_cov_3.929662	1961	47.12
GC1003827_F08_NODE_3464_length_1961_cov_2.163032	1961	53.75
GC1003827_F08_NODE_3465_length_1960_cov_5.045281	1960	55.66
GC1003827_F08_NODE_3466_length_1960_cov_4.968903	1960	57.40
GC1003827_F08_NODE_3467_length_1960_cov_2.979269	1960	44.13
GC1003827_F08_NODE_3468_length_1960_cov_2.060011	1960	55.66
GC1003827_F08_NODE_3469_length_1959_cov_9.350983	1959	53.39
GC1003827_F08_NODE_3470_length_1958_cov_8.933370	1958	48.72
GC1003827_F08_NODE_3471_length_1958_cov_4.661933	1958	54.09
GC1003827_F08_NODE_3472_length_1958_cov_2.777171	1958	48.47
GC1003827_F08_NODE_3473_length_1957_cov_17.456831	1957	50.79
GC1003827_F08_NODE_3474_length_1957_cov_16.295082	1957	50.54
GC1003827_F08_NODE_3475_length_1957_cov_6.685246	1957	49.05
GC1003827_F08_NODE_3476_length_1957_cov_6.514754	1957	57.38
GC1003827_F08_NODE_3477_length_1957_cov_6.302186	1957	54.98
GC1003827_F08_NODE_3478_length_1957_cov_5.249727	1957	48.08
GC1003827_F08_NODE_3479_length_1957_cov_4.339344	1957	47.68
GC1003827_F08_NODE_3480_length_1957_cov_4.275956	1957	55.19
GC1003827_F08_NODE_3481_length_1957_cov_2.003825	1957	52.84
GC1003827_F08_NODE_3482_length_1956_cov_2.824494	1956	54.19
GC1003827_F08_NODE_3483_length_1956_cov_1.319847	1956	58.95
GC1003827_F08_NODE_3484_length_1955_cov_7.144420	1955	47.62
GC1003827_F08_NODE_3485_length_1955_cov_4.298687	1955	51.66
GC1003827_F08_NODE_3486_length_1955_cov_2.173961	1955	53.71
GC1003827_F08_NODE_3487_length_1955_cov_1.605580	1955	61.02
GC1003827_F08_NODE_3488_length_1954_cov_8.067871	1954	51.64
GC1003827_F08_NODE_3489_length_1954_cov_4.580733	1954	52.51
GC1003827_F08_NODE_3490_length_1954_cov_4.297756	1954	56.35
GC1003827_F08_NODE_3491_length_1954_cov_4.096333	1954	56.29
GC1003827_F08_NODE_3492_length_1954_cov_3.599891	1954	52.41
GC1003827_F08_NODE_3493_length_1953_cov_13.384995	1953	47.62
GC1003827_F08_NODE_3494_length_1953_cov_4.070646	1953	53.15
GC1003827_F08_NODE_3495_length_1953_cov_3.997262	1953	54.99
GC1003827_F08_NODE_3496_length_1953_cov_3.845016	1953	58.01
GC1003827_F08_NODE_3497_length_1953_cov_3.169770	1953	55.71
GC1003827_F08_NODE_3498_length_1953_cov_2.920591	1953	52.79
GC1003827_F08_NODE_3499_length_1952_cov_2.406027	1952	53.33
GC1003827_F08_NODE_3500_length_1952_cov_1.020822	1952	53.74
GC1003827_F08_NODE_3501_length_1951_cov_9.683662	1951	49.82
GC1003827_F08_NODE_3502_length_1951_cov_5.049890	1951	56.95
GC1003827_F08_NODE_3503_length_1951_cov_4.632675	1951	51.00
GC1003827_F08_NODE_3504_length_1951_cov_3.360197	1951	54.59
GC1003827_F08_NODE_3505_length_1951_cov_2.902961	1951	52.13
GC1003827_F08_NODE_3506_length_1950_cov_13.218870	1950	51.08
GC1003827_F08_NODE_3507_length_1950_cov_12.623149	1950	48.21
GC1003827_F08_NODE_3508_length_1950_cov_7.256720	1950	53.08
GC1003827_F08_NODE_3509_length_1949_cov_7.908891	1949	54.18
GC1003827_F08_NODE_3510_length_1949_cov_3.485730	1949	50.95
GC1003827_F08_NODE_3511_length_1949_cov_3.277717	1949	39.76
GC1003827_F08_NODE_3512_length_1948_cov_7.238331	1948	55.60
GC1003827_F08_NODE_3513_length_1948_cov_6.646348	1948	54.47
GC1003827_F08_NODE_3514_length_1948_cov_5.554640	1948	54.21
GC1003827_F08_NODE_3515_length_1948_cov_5.152663	1948	44.25
GC1003827_F08_NODE_3516_length_1948_cov_3.361340	1948	59.96
GC1003827_F08_NODE_3517_length_1948_cov_1.327842	1948	60.52
GC1003827_F08_NODE_3518_length_1948_cov_1.242724	1948	54.21
GC1003827_F08_NODE_3519_length_1947_cov_9.194505	1947	48.02
GC1003827_F08_NODE_3520_length_1947_cov_7.315385	1947	50.64
GC1003827_F08_NODE_3521_length_1947_cov_5.381868	1947	57.94
GC1003827_F08_NODE_3522_length_1947_cov_2.364835	1947	55.21
GC1003827_F08_NODE_3523_length_1946_cov_17.084112	1946	50.46
GC1003827_F08_NODE_3524_length_1946_cov_9.974711	1946	52.98
GC1003827_F08_NODE_3525_length_1946_cov_9.283123	1946	52.16
GC1003827_F08_NODE_3526_length_1946_cov_6.009896	1946	47.69
GC1003827_F08_NODE_3527_length_1946_cov_5.063771	1946	52.16
GC1003827_F08_NODE_3528_length_1946_cov_2.863661	1946	53.34
GC1003827_F08_NODE_3529_length_1945_cov_22.942244	1945	45.60
GC1003827_F08_NODE_3530_length_1945_cov_14.254125	1945	47.66
GC1003827_F08_NODE_3531_length_1945_cov_10.970847	1945	52.49
GC1003827_F08_NODE_3532_length_1945_cov_6.387239	1945	54.24
GC1003827_F08_NODE_3533_length_1945_cov_1.896590	1945	54.65
GC1003827_F08_NODE_3534_length_1944_cov_11.799119	1944	53.91
GC1003827_F08_NODE_3535_length_1944_cov_10.498074	1944	52.06
GC1003827_F08_NODE_3536_length_1944_cov_5.943313	1944	50.62
GC1003827_F08_NODE_3537_length_1944_cov_5.757843	1944	53.50
GC1003827_F08_NODE_3538_length_1943_cov_11.832048	1943	47.92
GC1003827_F08_NODE_3539_length_1943_cov_7.672907	1943	48.38
GC1003827_F08_NODE_3540_length_1943_cov_6.241189	1943	54.19
GC1003827_F08_NODE_3541_length_1943_cov_5.017070	1943	55.89
GC1003827_F08_NODE_3542_length_1943_cov_4.900881	1943	52.14
GC1003827_F08_NODE_3543_length_1943_cov_3.013767	1943	55.33
GC1003827_F08_NODE_3544_length_1942_cov_6.185124	1942	54.02
GC1003827_F08_NODE_3545_length_1942_cov_2.843526	1942	54.84
GC1003827_F08_NODE_3546_length_1941_cov_5.179162	1941	46.47
GC1003827_F08_NODE_3547_length_1941_cov_4.268467	1941	56.47
GC1003827_F08_NODE_3548_length_1941_cov_4.236494	1941	49.36
GC1003827_F08_NODE_3549_length_1940_cov_14.591837	1940	52.27
GC1003827_F08_NODE_3550_length_1940_cov_8.640927	1940	59.48
GC1003827_F08_NODE_3551_length_1940_cov_5.470491	1940	51.44
GC1003827_F08_NODE_3552_length_1940_cov_3.494208	1940	53.45
GC1003827_F08_NODE_3553_length_1939_cov_14.128587	1939	49.82
GC1003827_F08_NODE_3554_length_1939_cov_5.694260	1939	46.83
GC1003827_F08_NODE_3555_length_1939_cov_4.588300	1939	55.18
GC1003827_F08_NODE_3556_length_1939_cov_1.690397	1939	50.95
GC1003827_F08_NODE_3557_length_1938_cov_7.853120	1938	43.60
GC1003827_F08_NODE_3558_length_1938_cov_7.502485	1938	49.48
GC1003827_F08_NODE_3559_length_1938_cov_6.320817	1938	53.92
GC1003827_F08_NODE_3560_length_1938_cov_5.868581	1938	51.24
GC1003827_F08_NODE_3561_length_1938_cov_5.387079	1938	41.33
GC1003827_F08_NODE_3562_length_1938_cov_4.998896	1938	45.46
GC1003827_F08_NODE_3563_length_1938_cov_3.008283	1938	57.17
GC1003827_F08_NODE_3564_length_1937_cov_12.108840	1937	47.91
GC1003827_F08_NODE_3565_length_1937_cov_6.310497	1937	54.47
GC1003827_F08_NODE_3566_length_1937_cov_4.980663	1937	50.80
GC1003827_F08_NODE_3567_length_1937_cov_3.416575	1937	49.92
GC1003827_F08_NODE_3568_length_1937_cov_1.241989	1937	47.70
GC1003827_F08_NODE_3569_length_1936_cov_6.779436	1936	50.98
GC1003827_F08_NODE_3570_length_1936_cov_5.451078	1936	53.77
GC1003827_F08_NODE_3571_length_1936_cov_2.433389	1936	48.71
GC1003827_F08_NODE_3572_length_1935_cov_8.099558	1935	51.89
GC1003827_F08_NODE_3573_length_1935_cov_6.388827	1935	53.70
GC1003827_F08_NODE_3574_length_1935_cov_6.305863	1935	54.01
GC1003827_F08_NODE_3575_length_1935_cov_2.084624	1935	47.80
GC1003827_F08_NODE_3576_length_1934_cov_16.153293	1934	45.24
GC1003827_F08_NODE_3577_length_1934_cov_7.941339	1934	47.05
GC1003827_F08_NODE_3578_length_1934_cov_3.175429	1934	61.17
GC1003827_F08_NODE_3579_length_1934_cov_2.827338	1934	37.18
GC1003827_F08_NODE_3580_length_1934_cov_2.052020	1934	57.29
GC1003827_F08_NODE_3581_length_1934_cov_1.547869	1934	54.45
GC1003827_F08_NODE_3582_length_1933_cov_7.764673	1933	44.02
GC1003827_F08_NODE_3583_length_1933_cov_6.505537	1933	46.20
GC1003827_F08_NODE_3584_length_1933_cov_1.027132	1933	52.25
GC1003827_F08_NODE_3585_length_1932_cov_6.997230	1932	54.45
GC1003827_F08_NODE_3586_length_1932_cov_5.582825	1932	55.95
GC1003827_F08_NODE_3587_length_1932_cov_3.125762	1932	48.60
GC1003827_F08_NODE_3588_length_1932_cov_2.250416	1932	60.56
GC1003827_F08_NODE_3589_length_1932_cov_2.202770	1932	53.36
GC1003827_F08_NODE_3590_length_1931_cov_7.042129	1931	48.27
GC1003827_F08_NODE_3591_length_1931_cov_2.757206	1931	53.18
GC1003827_F08_NODE_3592_length_1931_cov_2.490576	1931	59.04
GC1003827_F08_NODE_3593_length_1930_cov_12.193012	1930	43.68
GC1003827_F08_NODE_3594_length_1930_cov_9.285635	1930	51.35
GC1003827_F08_NODE_3595_length_1930_cov_8.328896	1930	52.23
GC1003827_F08_NODE_3596_length_1929_cov_8.895117	1929	54.22
GC1003827_F08_NODE_3597_length_1929_cov_8.552719	1929	47.80
GC1003827_F08_NODE_3598_length_1929_cov_6.728635	1929	47.64
GC1003827_F08_NODE_3599_length_1929_cov_4.738069	1929	54.69
GC1003827_F08_NODE_3600_length_1929_cov_4.607103	1929	54.48
GC1003827_F08_NODE_3601_length_1929_cov_3.707547	1929	44.69
GC1003827_F08_NODE_3602_length_1928_cov_7.470850	1928	46.78
GC1003827_F08_NODE_3603_length_1928_cov_2.627984	1928	50.41
GC1003827_F08_NODE_3604_length_1928_cov_1.881177	1928	41.13
GC1003827_F08_NODE_3605_length_1927_cov_9.745000	1927	57.24
GC1003827_F08_NODE_3606_length_1927_cov_7.439444	1927	46.86
GC1003827_F08_NODE_3607_length_1927_cov_4.589444	1927	52.36
GC1003827_F08_NODE_3608_length_1927_cov_4.131111	1927	49.46
GC1003827_F08_NODE_3609_length_1927_cov_3.907778	1927	52.41
GC1003827_F08_NODE_3610_length_1927_cov_3.387222	1927	48.83
GC1003827_F08_NODE_3611_length_1926_cov_7.365203	1926	50.52
GC1003827_F08_NODE_3612_length_1926_cov_3.984992	1926	54.26
GC1003827_F08_NODE_3613_length_1926_cov_2.916064	1926	52.28
GC1003827_F08_NODE_3614_length_1925_cov_5.570078	1925	46.81
GC1003827_F08_NODE_3615_length_1925_cov_3.855395	1925	51.12
GC1003827_F08_NODE_3616_length_1924_cov_7.616027	1924	48.18
GC1003827_F08_NODE_3617_length_1924_cov_5.734558	1924	46.78
GC1003827_F08_NODE_3618_length_1924_cov_2.230940	1924	54.00
GC1003827_F08_NODE_3619_length_1924_cov_1.247078	1924	47.87
GC1003827_F08_NODE_3620_length_1923_cov_8.760022	1923	52.37
GC1003827_F08_NODE_3621_length_1923_cov_8.045100	1923	55.64
GC1003827_F08_NODE_3622_length_1923_cov_5.377506	1923	55.28
GC1003827_F08_NODE_3623_length_1923_cov_3.237194	1923	50.23
GC1003827_F08_NODE_3624_length_1923_cov_3.003898	1923	48.47
GC1003827_F08_NODE_3625_length_1923_cov_2.949332	1923	48.57
GC1003827_F08_NODE_3626_length_1923_cov_2.265033	1923	50.44
GC1003827_F08_NODE_3627_length_1922_cov_6.174373	1922	52.60
GC1003827_F08_NODE_3628_length_1922_cov_6.022284	1922	53.95
GC1003827_F08_NODE_3629_length_1922_cov_3.954875	1922	55.20
GC1003827_F08_NODE_3630_length_1922_cov_3.689136	1922	53.33
GC1003827_F08_NODE_3631_length_1921_cov_6.289298	1921	52.63
GC1003827_F08_NODE_3632_length_1921_cov_2.256968	1921	46.07
GC1003827_F08_NODE_3633_length_1921_cov_2.153846	1921	53.05
GC1003827_F08_NODE_3634_length_1921_cov_1.972687	1921	53.51
GC1003827_F08_NODE_3635_length_1920_cov_6.765756	1920	49.38
GC1003827_F08_NODE_3636_length_1920_cov_3.974902	1920	48.39
GC1003827_F08_NODE_3637_length_1920_cov_2.918015	1920	50.52
GC1003827_F08_NODE_3638_length_1920_cov_2.513664	1920	59.48
GC1003827_F08_NODE_3639_length_1920_cov_1.712214	1920	50.94
GC1003827_F08_NODE_3640_length_1919_cov_4.643973	1919	52.48
GC1003827_F08_NODE_3641_length_1919_cov_3.571987	1919	51.75
GC1003827_F08_NODE_3642_length_1919_cov_3.540179	1919	51.85
GC1003827_F08_NODE_3643_length_1919_cov_2.573103	1919	48.72
GC1003827_F08_NODE_3644_length_1918_cov_6.691792	1918	47.76
GC1003827_F08_NODE_3645_length_1918_cov_2.240648	1918	57.56
GC1003827_F08_NODE_3646_length_1917_cov_12.179330	1917	45.23
GC1003827_F08_NODE_3647_length_1917_cov_8.293855	1917	52.58
GC1003827_F08_NODE_3648_length_1917_cov_1.932402	1917	57.90
GC1003827_F08_NODE_3649_length_1917_cov_1.460335	1917	51.75
GC1003827_F08_NODE_3650_length_1916_cov_10.133035	1916	55.74
GC1003827_F08_NODE_3651_length_1916_cov_9.219117	1916	52.82
GC1003827_F08_NODE_3652_length_1915_cov_15.308725	1915	52.06
GC1003827_F08_NODE_3653_length_1915_cov_11.978747	1915	48.30
GC1003827_F08_NODE_3654_length_1915_cov_6.064877	1915	53.32
GC1003827_F08_NODE_3655_length_1915_cov_4.371924	1915	51.02
GC1003827_F08_NODE_3656_length_1915_cov_3.369687	1915	49.82
GC1003827_F08_NODE_3657_length_1914_cov_8.121433	1914	57.63
GC1003827_F08_NODE_3658_length_1914_cov_7.083380	1914	51.46
GC1003827_F08_NODE_3659_length_1914_cov_2.257415	1914	45.77
GC1003827_F08_NODE_3660_length_1914_cov_1.870733	1914	56.48
GC1003827_F08_NODE_3661_length_1913_cov_9.005039	1913	50.81
GC1003827_F08_NODE_3662_length_1913_cov_8.289474	1913	50.13
GC1003827_F08_NODE_3663_length_1913_cov_5.411534	1913	51.44
GC1003827_F08_NODE_3664_length_1913_cov_2.625420	1913	53.11
GC1003827_F08_NODE_3665_length_1913_cov_1.537514	1913	54.36
GC1003827_F08_NODE_3666_length_1912_cov_11.016246	1912	49.90
GC1003827_F08_NODE_3667_length_1912_cov_7.816807	1912	54.76
GC1003827_F08_NODE_3668_length_1912_cov_7.012325	1912	52.46
GC1003827_F08_NODE_3669_length_1912_cov_1.705322	1912	55.39
GC1003827_F08_NODE_3670_length_1911_cov_7.785874	1911	48.40
GC1003827_F08_NODE_3671_length_1911_cov_5.611547	1911	52.75
GC1003827_F08_NODE_3672_length_1911_cov_3.974776	1911	52.96
GC1003827_F08_NODE_3673_length_1911_cov_2.245516	1911	56.99
GC1003827_F08_NODE_3674_length_1911_cov_1.397422	1911	52.54
GC1003827_F08_NODE_3675_length_1910_cov_9.678632	1910	47.49
GC1003827_F08_NODE_3676_length_1910_cov_5.256870	1910	51.88
GC1003827_F08_NODE_3677_length_1910_cov_4.113292	1910	52.25
GC1003827_F08_NODE_3678_length_1909_cov_9.566218	1909	49.76
GC1003827_F08_NODE_3679_length_1909_cov_8.030864	1909	48.19
GC1003827_F08_NODE_3680_length_1909_cov_6.686308	1909	53.27
GC1003827_F08_NODE_3681_length_1909_cov_6.478114	1909	45.05
GC1003827_F08_NODE_3682_length_1908_cov_4.740034	1908	47.80
GC1003827_F08_NODE_3683_length_1908_cov_3.661988	1908	56.81
GC1003827_F08_NODE_3684_length_1908_cov_3.032566	1908	52.10
GC1003827_F08_NODE_3685_length_1907_cov_13.557303	1907	54.06
GC1003827_F08_NODE_3686_length_1907_cov_9.235955	1907	54.22
GC1003827_F08_NODE_3687_length_1907_cov_5.707865	1907	54.22
GC1003827_F08_NODE_3688_length_1907_cov_5.630899	1907	47.19
GC1003827_F08_NODE_3689_length_1907_cov_3.193258	1907	50.87
GC1003827_F08_NODE_3690_length_1906_cov_23.287802	1906	53.46
GC1003827_F08_NODE_3691_length_1906_cov_11.798201	1906	47.80
GC1003827_F08_NODE_3692_length_1906_cov_10.948848	1906	55.98
GC1003827_F08_NODE_3693_length_1906_cov_9.341765	1906	55.40
GC1003827_F08_NODE_3694_length_1906_cov_7.238336	1906	50.94
GC1003827_F08_NODE_3695_length_1906_cov_6.518269	1906	58.97
GC1003827_F08_NODE_3696_length_1905_cov_7.682227	1905	47.66
GC1003827_F08_NODE_3697_length_1905_cov_2.174916	1905	46.40
GC1003827_F08_NODE_3698_length_1904_cov_12.578503	1904	47.11
GC1003827_F08_NODE_3699_length_1904_cov_9.906021	1904	49.74
GC1003827_F08_NODE_3700_length_1904_cov_4.787845	1904	52.84
GC1003827_F08_NODE_3701_length_1904_cov_4.536860	1904	58.19
GC1003827_F08_NODE_3702_length_1904_cov_4.525605	1904	52.57
GC1003827_F08_NODE_3703_length_1904_cov_3.550929	1904	57.14
GC1003827_F08_NODE_3704_length_1904_cov_2.866066	1904	31.67
GC1003827_F08_NODE_3705_length_1904_cov_2.824986	1904	52.05
GC1003827_F08_NODE_3706_length_1903_cov_15.585023	1903	49.19
GC1003827_F08_NODE_3707_length_1903_cov_15.579392	1903	45.93
GC1003827_F08_NODE_3708_length_1903_cov_14.040541	1903	49.66
GC1003827_F08_NODE_3709_length_1903_cov_5.462838	1903	54.39
GC1003827_F08_NODE_3710_length_1902_cov_6.252958	1902	52.84
GC1003827_F08_NODE_3711_length_1902_cov_6.103662	1902	47.37
GC1003827_F08_NODE_3712_length_1902_cov_4.393803	1902	48.21
GC1003827_F08_NODE_3713_length_1902_cov_3.434366	1902	58.68
GC1003827_F08_NODE_3714_length_1902_cov_2.370141	1902	49.26
GC1003827_F08_NODE_3715_length_1901_cov_10.453777	1901	52.03
GC1003827_F08_NODE_3716_length_1901_cov_5.887824	1901	55.87
GC1003827_F08_NODE_3717_length_1901_cov_4.352311	1901	48.29
GC1003827_F08_NODE_3718_length_1901_cov_2.721533	1901	49.66
GC1003827_F08_NODE_3719_length_1901_cov_2.516911	1901	51.39
GC1003827_F08_NODE_3720_length_1900_cov_8.054146	1900	43.16
GC1003827_F08_NODE_3721_length_1900_cov_7.163001	1900	50.26
GC1003827_F08_NODE_3722_length_1900_cov_2.745065	1900	52.16
GC1003827_F08_NODE_3723_length_1899_cov_6.036117	1899	39.07
GC1003827_F08_NODE_3724_length_1899_cov_5.858352	1899	45.76
GC1003827_F08_NODE_3725_length_1899_cov_4.356095	1899	54.08
GC1003827_F08_NODE_3726_length_1899_cov_2.303047	1899	57.71
GC1003827_F08_NODE_3727_length_1898_cov_6.197628	1898	50.00
GC1003827_F08_NODE_3728_length_1898_cov_2.166008	1898	53.16
GC1003827_F08_NODE_3729_length_1897_cov_17.321469	1897	53.61
GC1003827_F08_NODE_3730_length_1897_cov_7.836158	1897	55.88
GC1003827_F08_NODE_3731_length_1897_cov_3.247458	1897	48.55
GC1003827_F08_NODE_3732_length_1897_cov_2.005650	1897	56.46
GC1003827_F08_NODE_3733_length_1897_cov_1.112429	1897	58.04
GC1003827_F08_NODE_3734_length_1896_cov_18.379310	1896	52.22
GC1003827_F08_NODE_3735_length_1896_cov_17.308649	1896	48.26
GC1003827_F08_NODE_3736_length_1896_cov_6.386094	1896	60.50
GC1003827_F08_NODE_3737_length_1896_cov_5.148672	1896	57.86
GC1003827_F08_NODE_3738_length_1896_cov_4.785755	1896	41.09
GC1003827_F08_NODE_3739_length_1896_cov_3.133409	1896	53.32
GC1003827_F08_NODE_3740_length_1896_cov_2.563595	1896	54.85
GC1003827_F08_NODE_3741_length_1895_cov_20.511312	1895	54.51
GC1003827_F08_NODE_3742_length_1895_cov_13.391403	1895	52.77
GC1003827_F08_NODE_3743_length_1895_cov_7.081448	1895	49.87
GC1003827_F08_NODE_3744_length_1895_cov_6.968326	1895	55.83
GC1003827_F08_NODE_3745_length_1895_cov_2.690045	1895	49.97
GC1003827_F08_NODE_3746_length_1894_cov_15.991511	1894	51.32
GC1003827_F08_NODE_3747_length_1894_cov_13.769666	1894	42.82
GC1003827_F08_NODE_3748_length_1894_cov_5.852858	1894	52.43
GC1003827_F08_NODE_3749_length_1894_cov_5.713639	1894	54.12
GC1003827_F08_NODE_3750_length_1894_cov_4.212790	1894	50.58
GC1003827_F08_NODE_3751_length_1893_cov_12.900906	1893	53.35
GC1003827_F08_NODE_3752_length_1893_cov_4.949604	1893	54.09
GC1003827_F08_NODE_3753_length_1893_cov_3.969989	1893	46.43
GC1003827_F08_NODE_3754_length_1893_cov_1.603058	1893	59.01
GC1003827_F08_NODE_3755_length_1892_cov_14.497450	1892	52.27
GC1003827_F08_NODE_3756_length_1892_cov_4.873088	1892	51.90
GC1003827_F08_NODE_3757_length_1892_cov_4.331445	1892	52.91
GC1003827_F08_NODE_3758_length_1892_cov_3.951275	1892	40.75
GC1003827_F08_NODE_3759_length_1892_cov_3.088952	1892	60.10
GC1003827_F08_NODE_3760_length_1892_cov_2.569972	1892	55.07
GC1003827_F08_NODE_3761_length_1892_cov_1.949008	1892	53.44
GC1003827_F08_NODE_3762_length_1891_cov_3.571429	1891	60.60
GC1003827_F08_NODE_3763_length_1891_cov_2.825964	1891	52.30
GC1003827_F08_NODE_3764_length_1891_cov_1.346939	1891	58.01
GC1003827_F08_NODE_3765_length_1891_cov_1.290816	1891	55.95
GC1003827_F08_NODE_3766_length_1890_cov_9.328417	1890	51.90
GC1003827_F08_NODE_3767_length_1890_cov_3.740783	1890	43.86
GC1003827_F08_NODE_3768_length_1890_cov_3.519569	1890	52.70
GC1003827_F08_NODE_3769_length_1890_cov_3.298922	1890	51.38
GC1003827_F08_NODE_3770_length_1890_cov_2.086784	1890	50.95
GC1003827_F08_NODE_3771_length_1889_cov_11.115210	1889	45.95
GC1003827_F08_NODE_3772_length_1888_cov_9.907439	1888	43.33
GC1003827_F08_NODE_3773_length_1888_cov_6.247587	1888	46.08
GC1003827_F08_NODE_3774_length_1888_cov_4.152186	1888	54.77
GC1003827_F08_NODE_3775_length_1887_cov_5.213068	1887	54.21
GC1003827_F08_NODE_3776_length_1887_cov_4.168182	1887	57.34
GC1003827_F08_NODE_3777_length_1887_cov_3.411932	1887	50.82
GC1003827_F08_NODE_3778_length_1886_cov_21.536669	1886	49.73
GC1003827_F08_NODE_3779_length_1886_cov_4.674815	1886	44.22
GC1003827_F08_NODE_3780_length_1886_cov_4.279136	1886	52.81
GC1003827_F08_NODE_3781_length_1886_cov_3.452530	1886	52.01
GC1003827_F08_NODE_3782_length_1886_cov_1.496873	1886	50.95
GC1003827_F08_NODE_3783_length_1885_cov_2.662116	1885	60.11
GC1003827_F08_NODE_3784_length_1885_cov_2.624005	1885	55.60
GC1003827_F08_NODE_3785_length_1884_cov_9.140581	1884	52.39
GC1003827_F08_NODE_3786_length_1884_cov_6.619806	1884	57.70
GC1003827_F08_NODE_3787_length_1884_cov_4.065452	1884	52.65
GC1003827_F08_NODE_3788_length_1884_cov_3.258964	1884	54.03
GC1003827_F08_NODE_3789_length_1884_cov_3.186113	1884	57.80
GC1003827_F08_NODE_3790_length_1884_cov_2.611838	1884	49.42
GC1003827_F08_NODE_3791_length_1884_cov_2.193512	1884	56.58
GC1003827_F08_NODE_3792_length_1884_cov_1.509391	1884	48.94
GC1003827_F08_NODE_3793_length_1883_cov_15.190205	1883	46.63
GC1003827_F08_NODE_3794_length_1883_cov_9.210137	1883	56.72
GC1003827_F08_NODE_3795_length_1883_cov_6.490888	1883	52.89
GC1003827_F08_NODE_3796_length_1883_cov_4.379841	1883	56.08
GC1003827_F08_NODE_3797_length_1883_cov_3.869021	1883	49.65
GC1003827_F08_NODE_3798_length_1883_cov_3.648064	1883	57.67
GC1003827_F08_NODE_3799_length_1883_cov_3.506834	1883	58.20
GC1003827_F08_NODE_3800_length_1883_cov_1.445330	1883	52.58
GC1003827_F08_NODE_3801_length_1882_cov_18.384615	1882	44.05
GC1003827_F08_NODE_3802_length_1882_cov_3.736752	1882	48.14
GC1003827_F08_NODE_3803_length_1882_cov_2.939601	1882	57.44
GC1003827_F08_NODE_3804_length_1881_cov_15.496579	1881	43.81
GC1003827_F08_NODE_3805_length_1881_cov_12.391106	1881	51.25
GC1003827_F08_NODE_3806_length_1881_cov_10.200684	1881	55.72
GC1003827_F08_NODE_3807_length_1881_cov_9.134550	1881	53.22
GC1003827_F08_NODE_3808_length_1881_cov_7.257697	1881	50.40
GC1003827_F08_NODE_3809_length_1881_cov_1.499430	1881	48.38
GC1003827_F08_NODE_3810_length_1880_cov_11.640616	1880	50.64
GC1003827_F08_NODE_3811_length_1880_cov_5.103252	1880	50.74
GC1003827_F08_NODE_3812_length_1880_cov_4.223617	1880	49.84
GC1003827_F08_NODE_3813_length_1880_cov_3.944666	1880	53.24
GC1003827_F08_NODE_3814_length_1880_cov_3.277809	1880	50.37
GC1003827_F08_NODE_3815_length_1879_cov_8.220890	1879	57.42
GC1003827_F08_NODE_3816_length_1879_cov_7.978881	1879	49.81
GC1003827_F08_NODE_3817_length_1879_cov_7.186073	1879	55.77
GC1003827_F08_NODE_3818_length_1879_cov_4.951484	1879	54.55
GC1003827_F08_NODE_3819_length_1879_cov_2.002283	1879	52.47
GC1003827_F08_NODE_3820_length_1878_cov_4.757853	1878	52.24
GC1003827_F08_NODE_3821_length_1878_cov_2.897773	1878	43.56
GC1003827_F08_NODE_3822_length_1877_cov_20.009143	1877	50.13
GC1003827_F08_NODE_3823_length_1877_cov_16.685714	1877	53.01
GC1003827_F08_NODE_3824_length_1877_cov_8.581714	1877	52.10
GC1003827_F08_NODE_3825_length_1877_cov_7.769714	1877	54.13
GC1003827_F08_NODE_3826_length_1877_cov_3.165143	1877	58.39
GC1003827_F08_NODE_3827_length_1876_cov_6.452258	1876	52.08
GC1003827_F08_NODE_3828_length_1876_cov_6.407662	1876	56.29
GC1003827_F08_NODE_3829_length_1876_cov_5.055460	1876	51.81
GC1003827_F08_NODE_3830_length_1875_cov_33.447941	1875	42.77
GC1003827_F08_NODE_3831_length_1875_cov_8.979977	1875	43.79
GC1003827_F08_NODE_3832_length_1875_cov_8.465103	1875	52.27
GC1003827_F08_NODE_3833_length_1875_cov_4.183638	1875	45.81
GC1003827_F08_NODE_3834_length_1875_cov_3.816362	1875	51.31
GC1003827_F08_NODE_3835_length_1875_cov_1.918764	1875	55.41
GC1003827_F08_NODE_3836_length_1875_cov_1.106407	1875	56.64
GC1003827_F08_NODE_3837_length_1874_cov_3.480824	1874	50.53
GC1003827_F08_NODE_3838_length_1873_cov_7.842497	1873	47.68
GC1003827_F08_NODE_3839_length_1873_cov_3.242268	1873	50.88
GC1003827_F08_NODE_3840_length_1873_cov_2.718213	1873	51.20
GC1003827_F08_NODE_3841_length_1873_cov_1.252577	1873	56.81
GC1003827_F08_NODE_3842_length_1872_cov_17.410315	1872	45.35
GC1003827_F08_NODE_3843_length_1872_cov_7.906017	1872	44.34
GC1003827_F08_NODE_3844_length_1872_cov_5.962178	1872	53.42
GC1003827_F08_NODE_3845_length_1872_cov_5.761605	1872	53.42
GC1003827_F08_NODE_3846_length_1872_cov_4.036103	1872	47.44
GC1003827_F08_NODE_3847_length_1872_cov_2.276791	1872	50.11
GC1003827_F08_NODE_3848_length_1871_cov_4.319954	1871	46.87
GC1003827_F08_NODE_3849_length_1871_cov_2.864679	1871	45.06
GC1003827_F08_NODE_3850_length_1870_cov_15.467011	1870	47.81
GC1003827_F08_NODE_3851_length_1870_cov_14.772232	1870	44.28
GC1003827_F08_NODE_3852_length_1869_cov_13.689437	1869	49.87
GC1003827_F08_NODE_3853_length_1869_cov_3.148680	1869	50.94
GC1003827_F08_NODE_3854_length_1868_cov_5.464675	1868	52.09
GC1003827_F08_NODE_3855_length_1868_cov_3.777140	1868	51.12
GC1003827_F08_NODE_3856_length_1867_cov_4.976437	1867	57.04
GC1003827_F08_NODE_3857_length_1867_cov_3.717241	1867	52.87
GC1003827_F08_NODE_3858_length_1866_cov_15.578493	1866	52.04
GC1003827_F08_NODE_3859_length_1866_cov_8.441058	1866	56.48
GC1003827_F08_NODE_3860_length_1866_cov_7.426107	1866	52.57
GC1003827_F08_NODE_3861_length_1866_cov_5.198390	1866	52.73
GC1003827_F08_NODE_3862_length_1866_cov_3.006901	1866	51.29
GC1003827_F08_NODE_3863_length_1866_cov_2.500288	1866	49.57
GC1003827_F08_NODE_3864_length_1866_cov_2.050604	1866	47.11
GC1003827_F08_NODE_3865_length_1865_cov_6.742808	1865	49.76
GC1003827_F08_NODE_3866_length_1865_cov_4.438435	1865	51.05
GC1003827_F08_NODE_3867_length_1865_cov_2.990794	1865	51.37
GC1003827_F08_NODE_3868_length_1864_cov_12.617732	1864	53.22
GC1003827_F08_NODE_3869_length_1864_cov_12.367300	1864	49.68
GC1003827_F08_NODE_3870_length_1864_cov_11.023028	1864	60.57
GC1003827_F08_NODE_3871_length_1864_cov_7.229131	1864	56.76
GC1003827_F08_NODE_3872_length_1864_cov_6.442717	1864	50.75
GC1003827_F08_NODE_3873_length_1864_cov_3.397812	1864	55.10
GC1003827_F08_NODE_3874_length_1863_cov_15.433756	1863	44.93
GC1003827_F08_NODE_3875_length_1863_cov_4.260369	1863	52.12
GC1003827_F08_NODE_3876_length_1863_cov_3.447005	1863	50.19
GC1003827_F08_NODE_3877_length_1863_cov_3.123272	1863	54.05
GC1003827_F08_NODE_3878_length_1862_cov_19.162536	1862	49.19
GC1003827_F08_NODE_3879_length_1862_cov_5.810375	1862	56.12
GC1003827_F08_NODE_3880_length_1862_cov_4.861095	1862	53.22
GC1003827_F08_NODE_3881_length_1862_cov_3.768300	1862	58.81
GC1003827_F08_NODE_3882_length_1862_cov_3.413256	1862	50.43
GC1003827_F08_NODE_3883_length_1862_cov_2.418444	1862	55.10
GC1003827_F08_NODE_3884_length_1861_cov_4.580161	1861	47.56
GC1003827_F08_NODE_3885_length_1860_cov_8.595499	1860	54.84
GC1003827_F08_NODE_3886_length_1860_cov_2.975765	1860	44.84
GC1003827_F08_NODE_3887_length_1860_cov_2.653780	1860	58.01
GC1003827_F08_NODE_3888_length_1860_cov_2.511829	1860	49.84
GC1003827_F08_NODE_3889_length_1859_cov_9.166859	1859	52.45
GC1003827_F08_NODE_3890_length_1859_cov_8.316975	1859	54.38
GC1003827_F08_NODE_3891_length_1859_cov_7.290416	1859	56.80
GC1003827_F08_NODE_3892_length_1859_cov_6.764434	1859	52.66
GC1003827_F08_NODE_3893_length_1859_cov_4.136836	1859	43.52
GC1003827_F08_NODE_3894_length_1859_cov_3.049654	1859	57.56
GC1003827_F08_NODE_3895_length_1859_cov_2.077367	1859	61.86
GC1003827_F08_NODE_3896_length_1859_cov_0.672055	1859	55.35
GC1003827_F08_NODE_3897_length_1858_cov_9.497978	1858	51.18
GC1003827_F08_NODE_3898_length_1858_cov_8.015598	1858	53.18
GC1003827_F08_NODE_3899_length_1858_cov_6.577701	1858	56.40
GC1003827_F08_NODE_3900_length_1858_cov_5.072213	1858	53.66
GC1003827_F08_NODE_3901_length_1858_cov_1.756210	1858	48.33
GC1003827_F08_NODE_3902_length_1857_cov_7.015029	1857	48.90
GC1003827_F08_NODE_3903_length_1856_cov_9.073453	1856	49.14
GC1003827_F08_NODE_3904_length_1856_cov_6.629265	1856	47.52
GC1003827_F08_NODE_3905_length_1856_cov_5.791787	1856	44.88
GC1003827_F08_NODE_3906_length_1856_cov_1.761712	1856	54.58
GC1003827_F08_NODE_3907_length_1855_cov_12.023727	1855	50.24
GC1003827_F08_NODE_3908_length_1855_cov_9.024884	1855	55.96
GC1003827_F08_NODE_3909_length_1855_cov_8.202546	1855	38.49
GC1003827_F08_NODE_3910_length_1855_cov_7.671875	1855	45.07
GC1003827_F08_NODE_3911_length_1855_cov_5.491898	1855	54.29
GC1003827_F08_NODE_3912_length_1855_cov_5.222801	1855	49.65
GC1003827_F08_NODE_3913_length_1854_cov_18.632889	1854	47.52
GC1003827_F08_NODE_3914_length_1854_cov_7.463231	1854	57.61
GC1003827_F08_NODE_3915_length_1854_cov_4.317313	1854	51.46
GC1003827_F08_NODE_3916_length_1854_cov_4.225825	1854	53.61
GC1003827_F08_NODE_3917_length_1854_cov_3.734800	1854	50.22
GC1003827_F08_NODE_3918_length_1854_cov_2.486972	1854	55.02
GC1003827_F08_NODE_3919_length_1853_cov_8.632677	1853	48.62
GC1003827_F08_NODE_3920_length_1853_cov_3.697567	1853	54.78
GC1003827_F08_NODE_3921_length_1853_cov_3.111819	1853	53.43
GC1003827_F08_NODE_3922_length_1852_cov_11.201739	1852	49.35
GC1003827_F08_NODE_3923_length_1852_cov_4.154783	1852	51.03
GC1003827_F08_NODE_3924_length_1852_cov_3.877101	1852	56.16
GC1003827_F08_NODE_3925_length_1852_cov_3.742609	1852	50.76
GC1003827_F08_NODE_3926_length_1851_cov_3.604988	1851	56.35
GC1003827_F08_NODE_3927_length_1851_cov_2.899072	1851	53.75
GC1003827_F08_NODE_3928_length_1851_cov_2.093968	1851	46.14
GC1003827_F08_NODE_3929_length_1850_cov_11.041207	1850	46.70
GC1003827_F08_NODE_3930_length_1850_cov_8.456761	1850	43.89
GC1003827_F08_NODE_3931_length_1850_cov_1.918166	1850	57.73
GC1003827_F08_NODE_3932_length_1849_cov_3.821719	1849	42.51
GC1003827_F08_NODE_3933_length_1848_cov_9.253922	1848	51.73
GC1003827_F08_NODE_3934_length_1848_cov_8.809413	1848	46.43
GC1003827_F08_NODE_3935_length_1848_cov_7.460198	1848	49.19
GC1003827_F08_NODE_3936_length_1848_cov_6.302731	1848	53.41
GC1003827_F08_NODE_3937_length_1848_cov_1.631028	1848	50.87
GC1003827_F08_NODE_3938_length_1847_cov_7.186047	1847	48.24
GC1003827_F08_NODE_3939_length_1847_cov_5.572093	1847	49.21
GC1003827_F08_NODE_3940_length_1847_cov_2.699419	1847	49.86
GC1003827_F08_NODE_3941_length_1846_cov_10.136707	1846	48.92
GC1003827_F08_NODE_3942_length_1846_cov_7.303665	1846	48.43
GC1003827_F08_NODE_3943_length_1846_cov_6.084351	1846	49.46
GC1003827_F08_NODE_3944_length_1846_cov_5.136126	1846	50.16
GC1003827_F08_NODE_3945_length_1846_cov_2.688773	1846	55.04
GC1003827_F08_NODE_3946_length_1845_cov_9.133877	1845	49.27
GC1003827_F08_NODE_3947_length_1845_cov_8.718859	1845	52.47
GC1003827_F08_NODE_3948_length_1845_cov_8.026775	1845	51.38
GC1003827_F08_NODE_3949_length_1845_cov_5.319558	1845	53.98
GC1003827_F08_NODE_3950_length_1845_cov_2.509313	1845	47.53
GC1003827_F08_NODE_3951_length_1844_cov_6.365754	1844	47.83
GC1003827_F08_NODE_3952_length_1844_cov_3.690157	1844	52.33
GC1003827_F08_NODE_3953_length_1844_cov_2.574840	1844	45.72
GC1003827_F08_NODE_3954_length_1843_cov_7.432401	1843	51.22
GC1003827_F08_NODE_3955_length_1843_cov_5.667249	1843	43.08
GC1003827_F08_NODE_3956_length_1843_cov_4.171911	1843	56.21
GC1003827_F08_NODE_3957_length_1843_cov_2.626457	1843	46.77
GC1003827_F08_NODE_3958_length_1843_cov_1.929487	1843	58.71
GC1003827_F08_NODE_3959_length_1842_cov_4.613994	1842	56.73
GC1003827_F08_NODE_3960_length_1841_cov_7.428821	1841	52.53
GC1003827_F08_NODE_3961_length_1841_cov_5.211202	1841	50.14
GC1003827_F08_NODE_3962_length_1841_cov_4.689615	1841	44.22
GC1003827_F08_NODE_3963_length_1841_cov_2.922404	1841	42.10
GC1003827_F08_NODE_3964_length_1841_cov_1.270128	1841	59.53
GC1003827_F08_NODE_3965_length_1840_cov_12.161705	1840	55.33
GC1003827_F08_NODE_3966_length_1840_cov_9.000000	1840	55.27
GC1003827_F08_NODE_3967_length_1840_cov_5.913018	1840	53.04
GC1003827_F08_NODE_3968_length_1840_cov_5.322825	1840	54.08
GC1003827_F08_NODE_3969_length_1839_cov_8.571846	1839	52.75
GC1003827_F08_NODE_3970_length_1839_cov_4.457360	1839	58.46
GC1003827_F08_NODE_3971_length_1838_cov_6.568089	1838	49.29
GC1003827_F08_NODE_3972_length_1838_cov_6.224430	1838	35.58
GC1003827_F08_NODE_3973_length_1838_cov_3.847458	1838	54.03
GC1003827_F08_NODE_3974_length_1838_cov_2.482174	1838	48.75
GC1003827_F08_NODE_3975_length_1837_cov_11.416374	1837	40.17
GC1003827_F08_NODE_3976_length_1837_cov_9.854386	1837	49.65
GC1003827_F08_NODE_3977_length_1837_cov_3.339766	1837	48.72
GC1003827_F08_NODE_3978_length_1837_cov_2.323977	1837	54.16
GC1003827_F08_NODE_3979_length_1836_cov_15.040960	1836	55.83
GC1003827_F08_NODE_3980_length_1836_cov_10.473376	1836	50.54
GC1003827_F08_NODE_3981_length_1836_cov_5.868344	1836	55.28
GC1003827_F08_NODE_3982_length_1836_cov_4.949093	1836	42.48
GC1003827_F08_NODE_3983_length_1835_cov_15.244731	1835	45.72
GC1003827_F08_NODE_3984_length_1835_cov_5.879391	1835	55.75
GC1003827_F08_NODE_3985_length_1835_cov_5.772834	1835	55.59
GC1003827_F08_NODE_3986_length_1835_cov_3.747658	1835	45.29
GC1003827_F08_NODE_3987_length_1834_cov_8.449912	1834	51.64
GC1003827_F08_NODE_3988_length_1834_cov_6.478032	1834	56.27
GC1003827_F08_NODE_3989_length_1834_cov_5.726421	1834	53.98
GC1003827_F08_NODE_3990_length_1834_cov_5.340363	1834	51.20
GC1003827_F08_NODE_3991_length_1834_cov_5.246046	1834	53.38
GC1003827_F08_NODE_3992_length_1834_cov_3.257762	1834	56.00
GC1003827_F08_NODE_3993_length_1834_cov_2.547159	1834	54.96
GC1003827_F08_NODE_3994_length_1834_cov_1.312244	1834	52.24
GC1003827_F08_NODE_3995_length_1833_cov_2.410903	1833	57.34
GC1003827_F08_NODE_3996_length_1832_cov_10.262757	1832	45.03
GC1003827_F08_NODE_3997_length_1832_cov_9.645161	1832	50.71
GC1003827_F08_NODE_3998_length_1832_cov_9.526686	1832	48.31
GC1003827_F08_NODE_3999_length_1832_cov_3.901466	1832	56.50
GC1003827_F08_NODE_4000_length_1832_cov_2.897361	1832	50.55
GC1003827_F08_NODE_4001_length_1832_cov_2.110850	1832	47.54
GC1003827_F08_NODE_4002_length_1831_cov_14.407277	1831	49.75
GC1003827_F08_NODE_4003_length_1831_cov_7.723005	1831	54.56
GC1003827_F08_NODE_4004_length_1831_cov_5.714202	1831	57.78
GC1003827_F08_NODE_4005_length_1831_cov_3.496479	1831	56.42
GC1003827_F08_NODE_4006_length_1831_cov_3.478873	1831	55.65
GC1003827_F08_NODE_4007_length_1830_cov_6.990018	1830	51.97
GC1003827_F08_NODE_4008_length_1829_cov_5.745593	1829	57.41
GC1003827_F08_NODE_4009_length_1829_cov_4.066980	1829	54.95
GC1003827_F08_NODE_4010_length_1829_cov_3.716804	1829	46.36
GC1003827_F08_NODE_4011_length_1829_cov_3.688014	1829	47.35
GC1003827_F08_NODE_4012_length_1829_cov_3.181551	1829	53.14
GC1003827_F08_NODE_4013_length_1829_cov_2.135135	1829	54.40
GC1003827_F08_NODE_4014_length_1828_cov_18.249853	1828	54.16
GC1003827_F08_NODE_4015_length_1828_cov_12.334509	1828	51.15
GC1003827_F08_NODE_4016_length_1828_cov_10.209877	1828	50.98
GC1003827_F08_NODE_4017_length_1828_cov_7.321576	1828	51.81
GC1003827_F08_NODE_4018_length_1828_cov_3.552028	1828	51.15
GC1003827_F08_NODE_4019_length_1828_cov_1.975309	1828	55.25
GC1003827_F08_NODE_4020_length_1827_cov_17.823529	1827	44.83
GC1003827_F08_NODE_4021_length_1827_cov_12.513529	1827	45.70
GC1003827_F08_NODE_4022_length_1827_cov_6.954118	1827	52.22
GC1003827_F08_NODE_4023_length_1826_cov_5.350206	1826	44.30
GC1003827_F08_NODE_4024_length_1826_cov_4.180695	1826	55.15
GC1003827_F08_NODE_4025_length_1826_cov_2.844614	1826	53.56
GC1003827_F08_NODE_4026_length_1826_cov_1.723955	1826	48.36
GC1003827_F08_NODE_4027_length_1826_cov_1.606239	1826	56.30
GC1003827_F08_NODE_4028_length_1825_cov_18.736160	1825	45.97
GC1003827_F08_NODE_4029_length_1825_cov_8.892815	1825	49.75
GC1003827_F08_NODE_4030_length_1825_cov_7.934040	1825	51.34
GC1003827_F08_NODE_4031_length_1824_cov_12.516794	1824	50.27
GC1003827_F08_NODE_4032_length_1824_cov_10.482616	1824	54.55
GC1003827_F08_NODE_4033_length_1824_cov_3.067177	1824	57.84
GC1003827_F08_NODE_4034_length_1824_cov_3.001768	1824	51.10
GC1003827_F08_NODE_4035_length_1823_cov_7.683373	1823	46.96
GC1003827_F08_NODE_4036_length_1823_cov_4.551887	1823	54.64
GC1003827_F08_NODE_4037_length_1822_cov_10.558702	1822	54.83
GC1003827_F08_NODE_4038_length_1822_cov_7.428909	1822	54.12
GC1003827_F08_NODE_4039_length_1822_cov_4.888496	1822	54.50
GC1003827_F08_NODE_4040_length_1822_cov_2.798820	1822	60.87
GC1003827_F08_NODE_4041_length_1822_cov_2.497345	1822	56.53
GC1003827_F08_NODE_4042_length_1821_cov_2.706612	1821	50.52
GC1003827_F08_NODE_4043_length_1821_cov_1.171783	1821	54.53
GC1003827_F08_NODE_4044_length_1820_cov_12.842882	1820	54.12
GC1003827_F08_NODE_4045_length_1820_cov_11.057885	1820	48.74
GC1003827_F08_NODE_4046_length_1820_cov_8.753101	1820	51.54
GC1003827_F08_NODE_4047_length_1820_cov_6.036621	1820	43.63
GC1003827_F08_NODE_4048_length_1820_cov_4.374483	1820	51.81
GC1003827_F08_NODE_4049_length_1820_cov_3.953928	1820	44.67
GC1003827_F08_NODE_4050_length_1820_cov_3.513881	1820	55.49
GC1003827_F08_NODE_4051_length_1820_cov_2.223863	1820	40.00
GC1003827_F08_NODE_4052_length_1819_cov_14.379433	1819	52.50
GC1003827_F08_NODE_4053_length_1819_cov_5.571513	1819	55.31
GC1003827_F08_NODE_4054_length_1819_cov_5.359338	1819	60.75
GC1003827_F08_NODE_4055_length_1819_cov_4.764775	1819	49.97
GC1003827_F08_NODE_4056_length_1819_cov_3.226359	1819	49.75
GC1003827_F08_NODE_4057_length_1819_cov_3.051418	1819	45.74
GC1003827_F08_NODE_4058_length_1819_cov_2.917849	1819	44.04
GC1003827_F08_NODE_4059_length_1818_cov_14.403903	1818	55.12
GC1003827_F08_NODE_4060_length_1818_cov_8.593732	1818	47.41
GC1003827_F08_NODE_4061_length_1818_cov_4.212300	1818	55.06
GC1003827_F08_NODE_4062_length_1818_cov_3.586635	1818	45.87
GC1003827_F08_NODE_4063_length_1818_cov_3.523950	1818	53.52
GC1003827_F08_NODE_4064_length_1818_cov_3.426375	1818	47.63
GC1003827_F08_NODE_4065_length_1818_cov_3.399763	1818	54.68
GC1003827_F08_NODE_4066_length_1817_cov_7.500000	1817	39.68
GC1003827_F08_NODE_4067_length_1817_cov_6.669822	1817	48.71
GC1003827_F08_NODE_4068_length_1817_cov_3.115976	1817	55.37
GC1003827_F08_NODE_4069_length_1816_cov_7.121966	1816	50.61
GC1003827_F08_NODE_4070_length_1816_cov_5.826525	1816	56.55
GC1003827_F08_NODE_4071_length_1816_cov_3.397276	1816	49.61
GC1003827_F08_NODE_4072_length_1816_cov_2.510361	1816	57.87
GC1003827_F08_NODE_4073_length_1815_cov_10.680687	1815	53.44
GC1003827_F08_NODE_4074_length_1815_cov_5.291469	1815	47.00
GC1003827_F08_NODE_4075_length_1815_cov_4.511848	1815	42.31
GC1003827_F08_NODE_4076_length_1814_cov_4.892709	1814	52.76
GC1003827_F08_NODE_4077_length_1814_cov_4.306461	1814	51.65
GC1003827_F08_NODE_4078_length_1814_cov_3.263189	1814	52.59
GC1003827_F08_NODE_4079_length_1814_cov_1.373444	1814	45.70
GC1003827_F08_NODE_4080_length_1813_cov_10.244958	1813	54.00
GC1003827_F08_NODE_4081_length_1813_cov_7.682088	1813	52.56
GC1003827_F08_NODE_4082_length_1812_cov_3.713947	1812	54.97
GC1003827_F08_NODE_4083_length_1812_cov_3.490208	1812	55.91
GC1003827_F08_NODE_4084_length_1811_cov_6.675772	1811	54.89
GC1003827_F08_NODE_4085_length_1811_cov_4.539192	1811	51.35
GC1003827_F08_NODE_4086_length_1810_cov_10.590612	1810	47.40
GC1003827_F08_NODE_4087_length_1810_cov_3.534165	1810	54.14
GC1003827_F08_NODE_4088_length_1810_cov_2.613191	1810	59.06
GC1003827_F08_NODE_4089_length_1810_cov_2.416518	1810	50.33
GC1003827_F08_NODE_4090_length_1810_cov_0.887701	1810	53.70
GC1003827_F08_NODE_4091_length_1809_cov_19.523187	1809	51.41
GC1003827_F08_NODE_4092_length_1809_cov_1.797265	1809	47.76
GC1003827_F08_NODE_4093_length_1809_cov_0.776457	1809	49.81
GC1003827_F08_NODE_4094_length_1808_cov_21.969661	1808	47.46
GC1003827_F08_NODE_4095_length_1808_cov_14.130280	1808	44.30
GC1003827_F08_NODE_4096_length_1808_cov_9.343843	1808	56.03
GC1003827_F08_NODE_4097_length_1808_cov_7.656752	1808	49.23
GC1003827_F08_NODE_4098_length_1808_cov_7.042832	1808	50.50
GC1003827_F08_NODE_4099_length_1808_cov_5.206425	1808	54.09
GC1003827_F08_NODE_4100_length_1808_cov_4.867341	1808	51.83
GC1003827_F08_NODE_4101_length_1808_cov_2.295062	1808	53.48
GC1003827_F08_NODE_4102_length_1807_cov_8.505357	1807	46.21
GC1003827_F08_NODE_4103_length_1807_cov_5.063095	1807	50.53
GC1003827_F08_NODE_4104_length_1807_cov_1.512500	1807	54.62
GC1003827_F08_NODE_4105_length_1807_cov_1.468452	1807	63.36
GC1003827_F08_NODE_4106_length_1806_cov_12.960691	1806	48.34
GC1003827_F08_NODE_4107_length_1806_cov_9.918404	1806	49.17
GC1003827_F08_NODE_4108_length_1806_cov_2.574151	1806	44.08
GC1003827_F08_NODE_4109_length_1805_cov_11.343862	1805	50.19
GC1003827_F08_NODE_4110_length_1805_cov_9.458284	1805	46.93
GC1003827_F08_NODE_4111_length_1805_cov_8.781883	1805	55.79
GC1003827_F08_NODE_4112_length_1805_cov_5.321216	1805	53.85
GC1003827_F08_NODE_4113_length_1805_cov_5.228248	1805	52.74
GC1003827_F08_NODE_4114_length_1805_cov_1.470203	1805	48.92
GC1003827_F08_NODE_4115_length_1804_cov_12.586166	1804	49.28
GC1003827_F08_NODE_4116_length_1804_cov_8.924270	1804	46.95
GC1003827_F08_NODE_4117_length_1804_cov_4.437686	1804	47.34
GC1003827_F08_NODE_4118_length_1804_cov_4.220036	1804	52.66
GC1003827_F08_NODE_4119_length_1804_cov_3.984496	1804	53.49
GC1003827_F08_NODE_4120_length_1804_cov_2.008348	1804	57.04
GC1003827_F08_NODE_4121_length_1803_cov_10.039976	1803	51.41
GC1003827_F08_NODE_4122_length_1803_cov_7.331146	1803	49.20
GC1003827_F08_NODE_4123_length_1803_cov_5.351432	1803	57.35
GC1003827_F08_NODE_4124_length_1803_cov_1.206444	1803	59.12
GC1003827_F08_NODE_4125_length_1802_cov_11.324776	1802	45.06
GC1003827_F08_NODE_4126_length_1802_cov_6.945672	1802	54.27
GC1003827_F08_NODE_4127_length_1802_cov_6.389851	1802	48.83
GC1003827_F08_NODE_4128_length_1802_cov_6.232836	1802	55.33
GC1003827_F08_NODE_4129_length_1802_cov_3.635821	1802	53.50
GC1003827_F08_NODE_4130_length_1802_cov_1.711642	1802	57.77
GC1003827_F08_NODE_4131_length_1801_cov_16.647551	1801	42.64
GC1003827_F08_NODE_4132_length_1801_cov_11.499403	1801	52.97
GC1003827_F08_NODE_4133_length_1801_cov_9.207288	1801	46.70
GC1003827_F08_NODE_4134_length_1801_cov_4.916368	1801	48.58
GC1003827_F08_NODE_4135_length_1801_cov_4.409200	1801	54.08
GC1003827_F08_NODE_4136_length_1801_cov_3.075269	1801	50.03
GC1003827_F08_NODE_4137_length_1801_cov_1.710872	1801	49.69
GC1003827_F08_NODE_4138_length_1800_cov_10.436342	1800	50.94
GC1003827_F08_NODE_4139_length_1800_cov_4.508667	1800	51.33
GC1003827_F08_NODE_4140_length_1800_cov_3.526001	1800	53.50
GC1003827_F08_NODE_4141_length_1800_cov_3.276151	1800	58.94
GC1003827_F08_NODE_4142_length_1800_cov_1.949791	1800	58.94
GC1003827_F08_NODE_4143_length_1799_cov_7.719498	1799	47.80
GC1003827_F08_NODE_4144_length_1799_cov_4.678230	1799	49.42
GC1003827_F08_NODE_4145_length_1799_cov_3.674641	1799	51.81
GC1003827_F08_NODE_4146_length_1798_cov_5.296828	1798	46.50
GC1003827_F08_NODE_4147_length_1797_cov_10.701796	1797	50.25
GC1003827_F08_NODE_4148_length_1797_cov_4.559281	1797	44.46
GC1003827_F08_NODE_4149_length_1797_cov_3.699401	1797	50.31
GC1003827_F08_NODE_4150_length_1796_cov_12.330737	1796	54.29
GC1003827_F08_NODE_4151_length_1796_cov_5.403235	1796	44.88
GC1003827_F08_NODE_4152_length_1796_cov_5.127621	1796	53.17
GC1003827_F08_NODE_4153_length_1796_cov_4.602756	1796	49.83
GC1003827_F08_NODE_4154_length_1796_cov_4.312762	1796	49.67
GC1003827_F08_NODE_4155_length_1796_cov_1.276812	1796	40.20
GC1003827_F08_NODE_4156_length_1795_cov_7.034173	1795	52.87
GC1003827_F08_NODE_4157_length_1795_cov_6.154077	1795	51.70
GC1003827_F08_NODE_4158_length_1795_cov_3.862110	1795	52.81
GC1003827_F08_NODE_4159_length_1795_cov_3.374101	1795	58.50
GC1003827_F08_NODE_4160_length_1795_cov_2.774580	1795	51.36
GC1003827_F08_NODE_4161_length_1795_cov_2.241607	1795	43.79
GC1003827_F08_NODE_4162_length_1794_cov_10.202759	1794	49.83
GC1003827_F08_NODE_4163_length_1794_cov_9.350330	1794	55.07
GC1003827_F08_NODE_4164_length_1794_cov_5.570486	1794	50.50
GC1003827_F08_NODE_4165_length_1794_cov_2.860828	1794	46.43
GC1003827_F08_NODE_4166_length_1794_cov_1.039592	1794	58.03
GC1003827_F08_NODE_4167_length_1793_cov_8.790516	1793	52.87
GC1003827_F08_NODE_4168_length_1793_cov_2.634454	1793	58.73
GC1003827_F08_NODE_4169_length_1792_cov_6.372372	1792	54.07
GC1003827_F08_NODE_4170_length_1792_cov_5.559760	1792	53.24
GC1003827_F08_NODE_4171_length_1792_cov_5.249249	1792	49.61
GC1003827_F08_NODE_4172_length_1792_cov_3.906907	1792	49.83
GC1003827_F08_NODE_4173_length_1791_cov_10.233173	1791	52.21
GC1003827_F08_NODE_4174_length_1791_cov_6.492188	1791	57.29
GC1003827_F08_NODE_4175_length_1791_cov_2.389423	1791	51.54
GC1003827_F08_NODE_4176_length_1791_cov_1.832933	1791	50.42
GC1003827_F08_NODE_4177_length_1790_cov_6.136500	1790	49.05
GC1003827_F08_NODE_4178_length_1790_cov_4.785929	1790	51.17
GC1003827_F08_NODE_4179_length_1790_cov_2.806374	1790	57.43
GC1003827_F08_NODE_4180_length_1789_cov_7.435018	1789	50.59
GC1003827_F08_NODE_4181_length_1789_cov_5.325511	1789	54.67
GC1003827_F08_NODE_4182_length_1789_cov_2.505415	1789	51.48
GC1003827_F08_NODE_4183_length_1789_cov_2.276173	1789	42.31
GC1003827_F08_NODE_4184_length_1788_cov_14.872968	1788	50.67
GC1003827_F08_NODE_4185_length_1788_cov_6.108970	1788	50.00
GC1003827_F08_NODE_4186_length_1788_cov_4.754967	1788	57.27
GC1003827_F08_NODE_4187_length_1788_cov_3.266105	1788	56.32
GC1003827_F08_NODE_4188_length_1787_cov_13.016265	1787	50.20
GC1003827_F08_NODE_4189_length_1787_cov_4.237349	1787	54.34
GC1003827_F08_NODE_4190_length_1787_cov_2.222892	1787	55.85
GC1003827_F08_NODE_4191_length_1787_cov_0.480723	1787	36.65
GC1003827_F08_NODE_4192_length_1786_cov_10.933092	1786	56.44
GC1003827_F08_NODE_4193_length_1786_cov_8.289331	1786	43.51
GC1003827_F08_NODE_4194_length_1786_cov_5.376130	1786	47.98
GC1003827_F08_NODE_4195_length_1786_cov_3.468354	1786	57.78
GC1003827_F08_NODE_4196_length_1786_cov_1.781796	1786	57.05
GC1003827_F08_NODE_4197_length_1786_cov_1.659433	1786	58.62
GC1003827_F08_NODE_4198_length_1785_cov_12.125452	1785	50.64
GC1003827_F08_NODE_4199_length_1785_cov_5.217732	1785	57.82
GC1003827_F08_NODE_4200_length_1785_cov_3.937274	1785	50.08
GC1003827_F08_NODE_4201_length_1785_cov_2.220145	1785	55.07
GC1003827_F08_NODE_4202_length_1785_cov_2.103739	1785	49.64
GC1003827_F08_NODE_4203_length_1784_cov_8.579964	1784	59.70
GC1003827_F08_NODE_4204_length_1784_cov_4.927580	1784	53.31
GC1003827_F08_NODE_4205_length_1784_cov_3.476765	1784	57.34
GC1003827_F08_NODE_4206_length_1783_cov_9.090580	1783	54.46
GC1003827_F08_NODE_4207_length_1783_cov_8.410628	1783	47.11
GC1003827_F08_NODE_4208_length_1783_cov_5.135266	1783	48.12
GC1003827_F08_NODE_4209_length_1783_cov_2.845411	1783	57.21
GC1003827_F08_NODE_4210_length_1782_cov_9.329909	1782	46.86
GC1003827_F08_NODE_4211_length_1782_cov_7.801813	1782	48.65
GC1003827_F08_NODE_4212_length_1782_cov_7.268882	1782	56.34
GC1003827_F08_NODE_4213_length_1782_cov_5.905136	1782	46.58
GC1003827_F08_NODE_4214_length_1782_cov_5.358308	1782	56.00
GC1003827_F08_NODE_4215_length_1782_cov_3.848338	1782	55.39
GC1003827_F08_NODE_4216_length_1782_cov_2.992749	1782	52.53
GC1003827_F08_NODE_4217_length_1782_cov_2.816918	1782	53.98
GC1003827_F08_NODE_4218_length_1782_cov_2.190332	1782	53.48
GC1003827_F08_NODE_4219_length_1781_cov_10.852479	1781	51.26
GC1003827_F08_NODE_4220_length_1781_cov_8.152358	1781	54.13
GC1003827_F08_NODE_4221_length_1781_cov_6.863362	1781	54.35
GC1003827_F08_NODE_4222_length_1781_cov_4.732769	1781	54.46
GC1003827_F08_NODE_4223_length_1781_cov_3.782346	1781	55.42
GC1003827_F08_NODE_4224_length_1781_cov_3.052600	1781	56.26
GC1003827_F08_NODE_4225_length_1781_cov_2.215840	1781	52.95
GC1003827_F08_NODE_4226_length_1781_cov_1.470979	1781	49.92
GC1003827_F08_NODE_4227_length_1780_cov_12.022384	1780	54.33
GC1003827_F08_NODE_4228_length_1780_cov_9.608590	1780	47.13
GC1003827_F08_NODE_4229_length_1780_cov_7.188143	1780	48.76
GC1003827_F08_NODE_4230_length_1780_cov_7.046582	1780	47.36
GC1003827_F08_NODE_4231_length_1780_cov_4.055051	1780	53.93
GC1003827_F08_NODE_4232_length_1780_cov_3.643073	1780	48.48
GC1003827_F08_NODE_4233_length_1780_cov_1.362976	1780	55.62
GC1003827_F08_NODE_4234_length_1779_cov_9.998184	1779	52.56
GC1003827_F08_NODE_4235_length_1779_cov_9.455811	1779	49.97
GC1003827_F08_NODE_4236_length_1779_cov_7.658596	1779	59.47
GC1003827_F08_NODE_4237_length_1779_cov_7.169492	1779	46.94
GC1003827_F08_NODE_4238_length_1779_cov_4.766344	1779	48.45
GC1003827_F08_NODE_4239_length_1779_cov_2.624092	1779	49.07
GC1003827_F08_NODE_4240_length_1779_cov_1.802663	1779	48.85
GC1003827_F08_NODE_4241_length_1778_cov_7.787402	1778	45.95
GC1003827_F08_NODE_4242_length_1778_cov_5.354936	1778	56.13
GC1003827_F08_NODE_4243_length_1778_cov_5.093882	1778	54.61
GC1003827_F08_NODE_4244_length_1778_cov_4.444579	1778	56.02
GC1003827_F08_NODE_4245_length_1778_cov_3.924894	1778	54.72
GC1003827_F08_NODE_4246_length_1778_cov_1.060569	1778	53.32
GC1003827_F08_NODE_4247_length_1777_cov_2.561212	1777	60.44
GC1003827_F08_NODE_4248_length_1776_cov_4.682232	1776	49.94
GC1003827_F08_NODE_4249_length_1776_cov_4.208611	1776	50.17
GC1003827_F08_NODE_4250_length_1776_cov_2.883566	1776	51.80
GC1003827_F08_NODE_4251_length_1775_cov_15.810680	1775	42.82
GC1003827_F08_NODE_4252_length_1775_cov_9.814927	1775	52.28
GC1003827_F08_NODE_4253_length_1775_cov_8.399879	1775	47.83
GC1003827_F08_NODE_4254_length_1775_cov_7.563107	1775	49.63
GC1003827_F08_NODE_4255_length_1775_cov_6.960558	1775	57.75
GC1003827_F08_NODE_4256_length_1775_cov_4.875000	1775	44.85
GC1003827_F08_NODE_4257_length_1775_cov_4.344053	1775	48.85
GC1003827_F08_NODE_4258_length_1775_cov_3.099515	1775	54.93
GC1003827_F08_NODE_4259_length_1775_cov_3.054005	1775	50.37
GC1003827_F08_NODE_4260_length_1775_cov_2.251820	1775	53.07
GC1003827_F08_NODE_4261_length_1774_cov_10.794171	1774	50.11
GC1003827_F08_NODE_4262_length_1774_cov_6.927140	1774	56.82
GC1003827_F08_NODE_4263_length_1774_cov_4.171828	1774	53.61
GC1003827_F08_NODE_4264_length_1774_cov_3.712811	1774	54.40
GC1003827_F08_NODE_4265_length_1774_cov_2.374013	1774	51.97
GC1003827_F08_NODE_4266_length_1774_cov_2.319369	1774	53.27
GC1003827_F08_NODE_4267_length_1774_cov_1.994536	1774	59.64
GC1003827_F08_NODE_4268_length_1774_cov_1.629630	1774	55.98
GC1003827_F08_NODE_4269_length_1773_cov_6.224787	1773	58.38
GC1003827_F08_NODE_4270_length_1773_cov_5.815917	1773	55.72
GC1003827_F08_NODE_4271_length_1773_cov_4.928919	1773	57.47
GC1003827_F08_NODE_4272_length_1773_cov_3.910085	1773	55.61
GC1003827_F08_NODE_4273_length_1773_cov_2.863913	1773	45.12
GC1003827_F08_NODE_4274_length_1773_cov_1.595990	1773	52.40
GC1003827_F08_NODE_4275_length_1773_cov_0.770352	1773	55.05
GC1003827_F08_NODE_4276_length_1772_cov_14.487538	1772	49.60
GC1003827_F08_NODE_4277_length_1772_cov_8.180547	1772	53.22
GC1003827_F08_NODE_4278_length_1772_cov_3.999392	1772	48.31
GC1003827_F08_NODE_4279_length_1772_cov_2.282067	1772	56.49
GC1003827_F08_NODE_4280_length_1771_cov_2.983577	1771	52.12
GC1003827_F08_NODE_4281_length_1771_cov_2.522506	1771	41.39
GC1003827_F08_NODE_4282_length_1771_cov_2.267640	1771	60.93
GC1003827_F08_NODE_4283_length_1770_cov_7.967133	1770	48.19
GC1003827_F08_NODE_4284_length_1770_cov_7.239197	1770	46.10
GC1003827_F08_NODE_4285_length_1770_cov_5.728545	1770	56.67
GC1003827_F08_NODE_4286_length_1770_cov_5.622033	1770	48.42
GC1003827_F08_NODE_4287_length_1770_cov_4.328667	1770	55.82
GC1003827_F08_NODE_4288_length_1770_cov_3.822885	1770	48.70
GC1003827_F08_NODE_4289_length_1770_cov_3.205721	1770	50.79
GC1003827_F08_NODE_4290_length_1770_cov_2.648813	1770	53.39
GC1003827_F08_NODE_4291_length_1770_cov_1.931223	1770	55.08
GC1003827_F08_NODE_4292_length_1769_cov_11.447016	1769	53.93
GC1003827_F08_NODE_4293_length_1769_cov_9.332521	1769	52.80
GC1003827_F08_NODE_4294_length_1769_cov_6.204629	1769	48.16
GC1003827_F08_NODE_4295_length_1769_cov_5.325822	1769	45.22
GC1003827_F08_NODE_4296_length_1769_cov_4.827649	1769	59.53
GC1003827_F08_NODE_4297_length_1769_cov_3.559683	1769	54.38
GC1003827_F08_NODE_4298_length_1768_cov_15.330896	1768	46.38
GC1003827_F08_NODE_4299_length_1768_cov_2.458257	1768	54.69
GC1003827_F08_NODE_4300_length_1768_cov_1.982328	1768	49.72
GC1003827_F08_NODE_4301_length_1767_cov_6.244512	1767	51.44
GC1003827_F08_NODE_4302_length_1767_cov_5.129878	1767	50.59
GC1003827_F08_NODE_4303_length_1766_cov_7.647346	1766	48.24
GC1003827_F08_NODE_4304_length_1766_cov_5.107993	1766	57.25
GC1003827_F08_NODE_4305_length_1766_cov_4.407566	1766	54.13
GC1003827_F08_NODE_4306_length_1766_cov_3.589384	1766	51.93
GC1003827_F08_NODE_4307_length_1766_cov_2.870653	1766	56.80
GC1003827_F08_NODE_4308_length_1766_cov_2.810250	1766	49.49
GC1003827_F08_NODE_4309_length_1765_cov_14.737485	1765	49.52
GC1003827_F08_NODE_4310_length_1765_cov_8.380952	1765	46.46
GC1003827_F08_NODE_4311_length_1765_cov_6.100733	1765	50.14
GC1003827_F08_NODE_4312_length_1765_cov_4.219170	1765	57.56
GC1003827_F08_NODE_4313_length_1765_cov_1.998779	1765	58.19
GC1003827_F08_NODE_4314_length_1765_cov_1.551282	1765	52.12
GC1003827_F08_NODE_4315_length_1764_cov_18.352474	1764	42.74
GC1003827_F08_NODE_4316_length_1764_cov_11.275504	1764	42.40
GC1003827_F08_NODE_4317_length_1764_cov_10.709224	1764	44.84
GC1003827_F08_NODE_4318_length_1764_cov_6.147831	1764	34.64
GC1003827_F08_NODE_4319_length_1764_cov_4.744655	1764	47.79
GC1003827_F08_NODE_4320_length_1764_cov_4.597434	1764	53.34
GC1003827_F08_NODE_4321_length_1764_cov_2.254734	1764	56.80
GC1003827_F08_NODE_4322_length_1763_cov_19.431540	1763	51.62
GC1003827_F08_NODE_4323_length_1763_cov_14.533007	1763	55.13
GC1003827_F08_NODE_4324_length_1763_cov_9.709046	1763	56.61
GC1003827_F08_NODE_4325_length_1763_cov_8.706601	1763	47.08
GC1003827_F08_NODE_4326_length_1763_cov_7.588020	1763	52.86
GC1003827_F08_NODE_4327_length_1763_cov_7.314792	1763	46.11
GC1003827_F08_NODE_4328_length_1763_cov_6.196210	1763	46.34
GC1003827_F08_NODE_4329_length_1763_cov_6.154034	1763	50.71
GC1003827_F08_NODE_4330_length_1763_cov_4.917482	1763	45.15
GC1003827_F08_NODE_4331_length_1763_cov_2.382029	1763	58.25
GC1003827_F08_NODE_4332_length_1763_cov_1.666870	1763	57.06
GC1003827_F08_NODE_4333_length_1763_cov_1.468215	1763	58.71
GC1003827_F08_NODE_4334_length_1762_cov_11.242202	1762	51.48
GC1003827_F08_NODE_4335_length_1762_cov_6.642202	1762	43.93
GC1003827_F08_NODE_4336_length_1762_cov_2.744343	1762	59.59
GC1003827_F08_NODE_4337_length_1762_cov_1.926606	1762	58.29
GC1003827_F08_NODE_4338_length_1762_cov_1.863609	1762	53.80
GC1003827_F08_NODE_4339_length_1761_cov_17.373317	1761	44.29
GC1003827_F08_NODE_4340_length_1761_cov_12.708690	1761	50.26
GC1003827_F08_NODE_4341_length_1761_cov_9.705018	1761	49.06
GC1003827_F08_NODE_4342_length_1761_cov_5.263770	1761	45.83
GC1003827_F08_NODE_4343_length_1761_cov_4.499388	1761	48.10
GC1003827_F08_NODE_4344_length_1761_cov_3.540392	1761	54.86
GC1003827_F08_NODE_4345_length_1761_cov_2.919217	1761	49.46
GC1003827_F08_NODE_4346_length_1760_cov_14.739743	1760	52.22
GC1003827_F08_NODE_4347_length_1760_cov_10.612370	1760	49.66
GC1003827_F08_NODE_4348_length_1760_cov_7.756277	1760	51.70
GC1003827_F08_NODE_4349_length_1760_cov_3.101041	1760	50.91
GC1003827_F08_NODE_4350_length_1760_cov_2.688916	1760	54.77
GC1003827_F08_NODE_4351_length_1760_cov_2.280465	1760	48.47
GC1003827_F08_NODE_4352_length_1760_cov_0.614207	1760	53.47
GC1003827_F08_NODE_4353_length_1759_cov_12.014706	1759	51.56
GC1003827_F08_NODE_4354_length_1759_cov_8.064338	1759	47.30
GC1003827_F08_NODE_4355_length_1758_cov_6.313305	1758	46.53
GC1003827_F08_NODE_4356_length_1758_cov_4.891478	1758	50.46
GC1003827_F08_NODE_4357_length_1758_cov_3.548130	1758	55.63
GC1003827_F08_NODE_4358_length_1757_cov_9.015337	1757	48.32
GC1003827_F08_NODE_4359_length_1757_cov_6.640491	1757	50.48
GC1003827_F08_NODE_4360_length_1757_cov_5.078528	1757	58.11
GC1003827_F08_NODE_4361_length_1757_cov_3.648466	1757	52.99
GC1003827_F08_NODE_4362_length_1757_cov_2.877301	1757	57.48
GC1003827_F08_NODE_4363_length_1757_cov_1.534356	1757	59.48
GC1003827_F08_NODE_4364_length_1757_cov_1.170552	1757	54.01
GC1003827_F08_NODE_4365_length_1756_cov_20.455494	1756	47.27
GC1003827_F08_NODE_4366_length_1756_cov_7.926335	1756	47.27
GC1003827_F08_NODE_4367_length_1756_cov_4.629834	1756	50.68
GC1003827_F08_NODE_4368_length_1756_cov_4.457950	1756	50.63
GC1003827_F08_NODE_4369_length_1756_cov_1.904236	1756	54.27
GC1003827_F08_NODE_4370_length_1755_cov_12.745700	1755	49.12
GC1003827_F08_NODE_4371_length_1755_cov_12.176904	1755	46.15
GC1003827_F08_NODE_4372_length_1755_cov_10.253686	1755	46.10
GC1003827_F08_NODE_4373_length_1755_cov_9.635135	1755	52.71
GC1003827_F08_NODE_4374_length_1755_cov_9.493243	1755	51.00
GC1003827_F08_NODE_4375_length_1755_cov_4.377150	1755	53.05
GC1003827_F08_NODE_4376_length_1755_cov_3.129607	1755	51.34
GC1003827_F08_NODE_4377_length_1754_cov_8.786724	1754	49.43
GC1003827_F08_NODE_4378_length_1754_cov_8.322065	1754	54.45
GC1003827_F08_NODE_4379_length_1754_cov_7.145667	1754	50.80
GC1003827_F08_NODE_4380_length_1754_cov_6.236632	1754	56.10
GC1003827_F08_NODE_4381_length_1754_cov_4.851875	1754	48.63
GC1003827_F08_NODE_4382_length_1754_cov_3.921328	1754	53.19
GC1003827_F08_NODE_4383_length_1754_cov_2.741856	1754	50.74
GC1003827_F08_NODE_4384_length_1753_cov_16.484625	1753	46.61
GC1003827_F08_NODE_4385_length_1753_cov_13.319188	1753	47.46
GC1003827_F08_NODE_4386_length_1753_cov_7.848708	1753	52.82
GC1003827_F08_NODE_4387_length_1753_cov_7.060271	1753	52.48
GC1003827_F08_NODE_4388_length_1753_cov_5.774908	1753	49.52
GC1003827_F08_NODE_4389_length_1753_cov_4.002460	1753	45.12
GC1003827_F08_NODE_4390_length_1753_cov_3.892989	1753	51.28
GC1003827_F08_NODE_4391_length_1753_cov_3.284133	1753	60.87
GC1003827_F08_NODE_4392_length_1753_cov_3.161747	1753	52.48
GC1003827_F08_NODE_4393_length_1752_cov_3.146462	1752	56.79
GC1003827_F08_NODE_4394_length_1752_cov_2.684923	1752	57.02
GC1003827_F08_NODE_4395_length_1751_cov_10.221059	1751	51.00
GC1003827_F08_NODE_4396_length_1751_cov_8.605296	1751	48.37
GC1003827_F08_NODE_4397_length_1751_cov_7.658251	1751	54.65
GC1003827_F08_NODE_4398_length_1751_cov_7.367611	1751	50.03
GC1003827_F08_NODE_4399_length_1751_cov_6.705049	1751	52.03
GC1003827_F08_NODE_4400_length_1751_cov_6.149631	1751	50.54
GC1003827_F08_NODE_4401_length_1751_cov_3.410099	1751	55.91
GC1003827_F08_NODE_4402_length_1751_cov_2.740148	1751	54.37
GC1003827_F08_NODE_4403_length_1750_cov_19.653112	1750	48.51
GC1003827_F08_NODE_4404_length_1750_cov_17.261245	1750	56.69
GC1003827_F08_NODE_4405_length_1750_cov_16.540357	1750	47.43
GC1003827_F08_NODE_4406_length_1750_cov_4.857055	1750	47.37
GC1003827_F08_NODE_4407_length_1749_cov_6.974723	1749	50.14
GC1003827_F08_NODE_4408_length_1749_cov_6.049322	1749	44.48
GC1003827_F08_NODE_4409_length_1749_cov_5.422935	1749	50.14
GC1003827_F08_NODE_4410_length_1749_cov_2.551788	1749	57.69
GC1003827_F08_NODE_4411_length_1749_cov_1.477805	1749	55.06
GC1003827_F08_NODE_4412_length_1749_cov_1.472873	1749	55.23
GC1003827_F08_NODE_4413_length_1748_cov_17.201110	1748	51.26
GC1003827_F08_NODE_4414_length_1748_cov_8.710672	1748	51.09
GC1003827_F08_NODE_4415_length_1748_cov_7.986428	1748	56.64
GC1003827_F08_NODE_4416_length_1748_cov_6.342381	1748	56.01
GC1003827_F08_NODE_4417_length_1748_cov_4.928439	1748	49.71
GC1003827_F08_NODE_4418_length_1748_cov_4.200494	1748	52.29
GC1003827_F08_NODE_4419_length_1747_cov_4.174691	1747	56.90
GC1003827_F08_NODE_4420_length_1747_cov_3.593827	1747	46.88
GC1003827_F08_NODE_4421_length_1747_cov_2.390741	1747	41.27
GC1003827_F08_NODE_4422_length_1746_cov_24.800494	1746	45.48
GC1003827_F08_NODE_4423_length_1746_cov_10.872143	1746	54.18
GC1003827_F08_NODE_4424_length_1746_cov_6.688697	1746	44.44
GC1003827_F08_NODE_4425_length_1746_cov_5.397159	1746	46.56
GC1003827_F08_NODE_4426_length_1746_cov_4.128474	1746	45.99
GC1003827_F08_NODE_4427_length_1746_cov_3.368746	1746	49.89
GC1003827_F08_NODE_4428_length_1746_cov_1.338481	1746	47.08
GC1003827_F08_NODE_4429_length_1745_cov_10.074166	1745	52.84
GC1003827_F08_NODE_4430_length_1745_cov_2.443140	1745	51.12
GC1003827_F08_NODE_4431_length_1744_cov_5.899814	1744	53.56
GC1003827_F08_NODE_4432_length_1744_cov_5.412492	1744	54.64
GC1003827_F08_NODE_4433_length_1744_cov_4.925170	1744	55.85
GC1003827_F08_NODE_4434_length_1744_cov_4.167594	1744	57.45
GC1003827_F08_NODE_4435_length_1744_cov_3.841064	1744	55.85
GC1003827_F08_NODE_4436_length_1743_cov_7.731436	1743	51.35
GC1003827_F08_NODE_4437_length_1743_cov_5.508663	1743	48.19
GC1003827_F08_NODE_4438_length_1743_cov_5.329827	1743	47.22
GC1003827_F08_NODE_4439_length_1743_cov_4.860767	1743	47.45
GC1003827_F08_NODE_4440_length_1743_cov_3.218441	1743	49.34
GC1003827_F08_NODE_4441_length_1743_cov_1.379332	1743	56.63
GC1003827_F08_NODE_4442_length_1742_cov_8.076161	1742	54.42
GC1003827_F08_NODE_4443_length_1742_cov_7.883591	1742	48.91
GC1003827_F08_NODE_4444_length_1741_cov_5.199504	1741	45.38
GC1003827_F08_NODE_4445_length_1741_cov_3.079306	1741	51.29
GC1003827_F08_NODE_4446_length_1741_cov_1.785006	1741	59.10
GC1003827_F08_NODE_4447_length_1740_cov_6.159950	1740	52.53
GC1003827_F08_NODE_4448_length_1740_cov_4.100434	1740	49.08
GC1003827_F08_NODE_4449_length_1740_cov_3.208927	1740	52.59
GC1003827_F08_NODE_4450_length_1740_cov_3.106634	1740	53.28
GC1003827_F08_NODE_4451_length_1740_cov_1.083695	1740	54.77
GC1003827_F08_NODE_4452_length_1739_cov_5.228288	1739	56.47
GC1003827_F08_NODE_4453_length_1739_cov_5.221464	1739	51.18
GC1003827_F08_NODE_4454_length_1739_cov_5.089330	1739	56.81
GC1003827_F08_NODE_4455_length_1738_cov_20.283054	1738	48.33
GC1003827_F08_NODE_4456_length_1738_cov_18.004966	1738	49.77
GC1003827_F08_NODE_4457_length_1738_cov_5.941651	1738	54.89
GC1003827_F08_NODE_4458_length_1738_cov_2.262570	1738	55.87
GC1003827_F08_NODE_4459_length_1737_cov_10.726087	1737	47.78
GC1003827_F08_NODE_4460_length_1737_cov_5.549068	1737	52.45
GC1003827_F08_NODE_4461_length_1737_cov_5.391304	1737	56.59
GC1003827_F08_NODE_4462_length_1737_cov_4.772671	1737	54.12
GC1003827_F08_NODE_4463_length_1737_cov_3.239130	1737	57.80
GC1003827_F08_NODE_4464_length_1737_cov_3.019255	1737	45.71
GC1003827_F08_NODE_4465_length_1736_cov_15.943443	1736	55.88
GC1003827_F08_NODE_4466_length_1736_cov_5.778123	1736	53.28
GC1003827_F08_NODE_4467_length_1736_cov_3.384089	1736	52.94
GC1003827_F08_NODE_4468_length_1736_cov_1.827843	1736	42.34
GC1003827_F08_NODE_4469_length_1735_cov_13.668532	1735	48.65
GC1003827_F08_NODE_4470_length_1735_cov_7.174751	1735	50.49
GC1003827_F08_NODE_4471_length_1735_cov_6.954602	1735	54.52
GC1003827_F08_NODE_4472_length_1735_cov_2.896766	1735	43.75
GC1003827_F08_NODE_4473_length_1735_cov_2.306592	1735	51.01
GC1003827_F08_NODE_4474_length_1735_cov_1.769900	1735	50.43
GC1003827_F08_NODE_4475_length_1734_cov_11.688239	1734	53.06
GC1003827_F08_NODE_4476_length_1734_cov_8.593030	1734	44.23
GC1003827_F08_NODE_4477_length_1734_cov_7.362166	1734	51.56
GC1003827_F08_NODE_4478_length_1734_cov_4.327940	1734	57.09
GC1003827_F08_NODE_4479_length_1734_cov_4.175482	1734	53.86
GC1003827_F08_NODE_4480_length_1733_cov_11.722291	1733	48.53
GC1003827_F08_NODE_4481_length_1733_cov_9.714197	1733	47.14
GC1003827_F08_NODE_4482_length_1733_cov_7.823786	1733	52.68
GC1003827_F08_NODE_4483_length_1733_cov_7.786426	1733	48.53
GC1003827_F08_NODE_4484_length_1733_cov_6.681818	1733	55.97
GC1003827_F08_NODE_4485_length_1733_cov_5.105853	1733	51.36
GC1003827_F08_NODE_4486_length_1733_cov_2.966376	1733	46.34
GC1003827_F08_NODE_4487_length_1732_cov_6.046729	1732	56.70
GC1003827_F08_NODE_4488_length_1732_cov_5.441745	1732	56.47
GC1003827_F08_NODE_4489_length_1732_cov_5.016822	1732	57.39
GC1003827_F08_NODE_4490_length_1732_cov_1.675389	1732	56.06
GC1003827_F08_NODE_4491_length_1731_cov_14.226933	1731	47.20
GC1003827_F08_NODE_4492_length_1731_cov_7.460100	1731	49.05
GC1003827_F08_NODE_4493_length_1731_cov_6.788030	1731	48.58
GC1003827_F08_NODE_4494_length_1731_cov_4.480673	1731	47.49
GC1003827_F08_NODE_4495_length_1731_cov_2.782419	1731	55.75
GC1003827_F08_NODE_4496_length_1730_cov_7.658765	1730	54.97
GC1003827_F08_NODE_4497_length_1730_cov_7.284467	1730	55.20
GC1003827_F08_NODE_4498_length_1730_cov_6.691204	1730	54.57
GC1003827_F08_NODE_4499_length_1730_cov_4.815346	1730	59.13
GC1003827_F08_NODE_4500_length_1730_cov_4.424205	1730	47.40
GC1003827_F08_NODE_4501_length_1730_cov_2.698066	1730	47.57
GC1003827_F08_NODE_4502_length_1729_cov_13.417603	1729	48.93
GC1003827_F08_NODE_4503_length_1729_cov_5.956929	1729	47.14
GC1003827_F08_NODE_4504_length_1729_cov_3.736579	1729	52.69
GC1003827_F08_NODE_4505_length_1729_cov_3.003121	1729	53.15
GC1003827_F08_NODE_4506_length_1728_cov_9.446596	1728	49.42
GC1003827_F08_NODE_4507_length_1728_cov_7.452217	1728	48.21
GC1003827_F08_NODE_4508_length_1728_cov_5.549656	1728	43.98
GC1003827_F08_NODE_4509_length_1728_cov_5.417239	1728	42.71
GC1003827_F08_NODE_4510_length_1727_cov_8.796250	1727	49.22
GC1003827_F08_NODE_4511_length_1727_cov_5.884375	1727	52.52
GC1003827_F08_NODE_4512_length_1727_cov_2.214375	1727	54.89
GC1003827_F08_NODE_4513_length_1727_cov_2.165000	1727	54.49
GC1003827_F08_NODE_4514_length_1727_cov_1.633125	1727	51.42
GC1003827_F08_NODE_4515_length_1726_cov_7.622264	1726	44.84
GC1003827_F08_NODE_4516_length_1725_cov_25.692741	1725	48.29
GC1003827_F08_NODE_4517_length_1725_cov_6.939299	1725	47.01
GC1003827_F08_NODE_4518_length_1725_cov_6.933041	1725	56.70
GC1003827_F08_NODE_4519_length_1725_cov_5.501877	1725	57.28
GC1003827_F08_NODE_4520_length_1725_cov_5.491239	1725	45.86
GC1003827_F08_NODE_4521_length_1725_cov_3.761577	1725	51.42
GC1003827_F08_NODE_4522_length_1725_cov_2.886108	1725	48.35
GC1003827_F08_NODE_4523_length_1725_cov_1.278473	1725	51.42
GC1003827_F08_NODE_4524_length_1724_cov_18.817783	1724	55.97
GC1003827_F08_NODE_4525_length_1724_cov_9.663118	1724	52.49
GC1003827_F08_NODE_4526_length_1724_cov_7.368817	1724	54.47
GC1003827_F08_NODE_4527_length_1724_cov_5.429555	1724	47.56
GC1003827_F08_NODE_4528_length_1724_cov_5.324984	1724	52.67
GC1003827_F08_NODE_4529_length_1724_cov_1.179712	1724	49.77
GC1003827_F08_NODE_4530_length_1723_cov_4.829574	1723	56.24
GC1003827_F08_NODE_4531_length_1723_cov_4.367168	1723	56.82
GC1003827_F08_NODE_4532_length_1723_cov_4.277569	1723	48.87
GC1003827_F08_NODE_4533_length_1722_cov_21.673354	1722	49.13
GC1003827_F08_NODE_4534_length_1722_cov_10.354232	1722	47.74
GC1003827_F08_NODE_4535_length_1722_cov_8.247022	1722	52.85
GC1003827_F08_NODE_4536_length_1722_cov_3.969279	1722	55.92
GC1003827_F08_NODE_4537_length_1722_cov_3.689655	1722	49.88
GC1003827_F08_NODE_4538_length_1722_cov_3.355486	1722	54.70
GC1003827_F08_NODE_4539_length_1722_cov_2.875862	1722	53.77
GC1003827_F08_NODE_4540_length_1722_cov_2.055172	1722	55.46
GC1003827_F08_NODE_4541_length_1722_cov_1.704075	1722	46.34
GC1003827_F08_NODE_4542_length_1721_cov_8.865119	1721	49.68
GC1003827_F08_NODE_4543_length_1721_cov_4.887704	1721	52.64
GC1003827_F08_NODE_4544_length_1721_cov_4.457967	1721	49.45
GC1003827_F08_NODE_4545_length_1721_cov_4.253450	1721	58.63
GC1003827_F08_NODE_4546_length_1720_cov_13.696798	1720	52.85
GC1003827_F08_NODE_4547_length_1720_cov_5.834275	1720	52.15
GC1003827_F08_NODE_4548_length_1720_cov_5.309479	1720	51.74
GC1003827_F08_NODE_4549_length_1720_cov_3.730697	1720	47.33
GC1003827_F08_NODE_4550_length_1720_cov_3.225361	1720	54.77
GC1003827_F08_NODE_4551_length_1720_cov_3.064658	1720	48.08
GC1003827_F08_NODE_4552_length_1720_cov_0.539862	1720	60.76
GC1003827_F08_NODE_4553_length_1719_cov_13.042085	1719	54.51
GC1003827_F08_NODE_4554_length_1719_cov_8.575377	1719	49.33
GC1003827_F08_NODE_4555_length_1719_cov_7.098618	1719	49.27
GC1003827_F08_NODE_4556_length_1719_cov_5.406407	1719	51.89
GC1003827_F08_NODE_4557_length_1719_cov_3.906407	1719	48.63
GC1003827_F08_NODE_4558_length_1719_cov_3.479271	1719	59.45
GC1003827_F08_NODE_4559_length_1719_cov_3.215452	1719	52.65
GC1003827_F08_NODE_4560_length_1719_cov_2.283291	1719	47.59
GC1003827_F08_NODE_4561_length_1718_cov_10.050283	1718	46.57
GC1003827_F08_NODE_4562_length_1718_cov_9.557511	1718	52.97
GC1003827_F08_NODE_4563_length_1718_cov_7.192332	1718	45.98
GC1003827_F08_NODE_4564_length_1718_cov_5.697674	1718	46.86
GC1003827_F08_NODE_4565_length_1718_cov_5.076053	1718	54.19
GC1003827_F08_NODE_4566_length_1718_cov_3.297297	1718	58.67
GC1003827_F08_NODE_4567_length_1718_cov_2.526713	1718	49.36
GC1003827_F08_NODE_4568_length_1717_cov_10.044654	1717	58.01
GC1003827_F08_NODE_4569_length_1717_cov_6.962264	1717	47.82
GC1003827_F08_NODE_4570_length_1717_cov_2.371698	1717	56.90
GC1003827_F08_NODE_4571_length_1717_cov_1.401258	1717	56.55
GC1003827_F08_NODE_4572_length_1717_cov_1.290566	1717	58.82
GC1003827_F08_NODE_4573_length_1716_cov_12.260541	1716	48.78
GC1003827_F08_NODE_4574_length_1716_cov_9.514160	1716	59.09
GC1003827_F08_NODE_4575_length_1716_cov_8.362492	1716	46.39
GC1003827_F08_NODE_4576_length_1716_cov_4.310887	1716	47.44
GC1003827_F08_NODE_4577_length_1716_cov_3.643801	1716	50.12
GC1003827_F08_NODE_4578_length_1716_cov_2.639396	1716	55.24
GC1003827_F08_NODE_4579_length_1716_cov_2.451227	1716	55.42
GC1003827_F08_NODE_4580_length_1715_cov_12.627204	1715	52.01
GC1003827_F08_NODE_4581_length_1715_cov_11.731108	1715	57.49
GC1003827_F08_NODE_4582_length_1715_cov_6.329975	1715	54.11
GC1003827_F08_NODE_4583_length_1715_cov_3.969773	1715	47.87
GC1003827_F08_NODE_4584_length_1715_cov_2.972922	1715	50.55
GC1003827_F08_NODE_4585_length_1715_cov_1.275819	1715	57.49
GC1003827_F08_NODE_4586_length_1714_cov_21.727788	1714	50.12
GC1003827_F08_NODE_4587_length_1714_cov_15.162571	1714	42.12
GC1003827_F08_NODE_4588_length_1714_cov_8.726528	1714	50.06
GC1003827_F08_NODE_4589_length_1714_cov_8.651544	1714	46.67
GC1003827_F08_NODE_4590_length_1714_cov_4.261500	1714	51.81
GC1003827_F08_NODE_4591_length_1713_cov_17.170870	1713	48.39
GC1003827_F08_NODE_4592_length_1713_cov_11.324086	1713	47.87
GC1003827_F08_NODE_4593_length_1713_cov_11.216267	1713	51.20
GC1003827_F08_NODE_4594_length_1713_cov_8.805801	1713	50.61
GC1003827_F08_NODE_4595_length_1713_cov_5.849937	1713	45.36
GC1003827_F08_NODE_4596_length_1713_cov_2.267339	1713	58.20
GC1003827_F08_NODE_4597_length_1713_cov_1.843001	1713	57.97
GC1003827_F08_NODE_4598_length_1712_cov_21.096530	1712	52.80
GC1003827_F08_NODE_4599_length_1712_cov_16.020189	1712	54.56
GC1003827_F08_NODE_4600_length_1712_cov_8.650473	1712	50.93
GC1003827_F08_NODE_4601_length_1712_cov_3.288328	1712	44.68
GC1003827_F08_NODE_4602_length_1711_cov_9.345960	1711	52.37
GC1003827_F08_NODE_4603_length_1711_cov_7.376894	1711	49.80
GC1003827_F08_NODE_4604_length_1711_cov_7.109217	1711	48.22
GC1003827_F08_NODE_4605_length_1711_cov_6.160985	1711	55.52
GC1003827_F08_NODE_4606_length_1711_cov_1.212121	1711	50.56
GC1003827_F08_NODE_4607_length_1710_cov_9.900821	1710	53.22
GC1003827_F08_NODE_4608_length_1710_cov_4.127606	1710	53.80
GC1003827_F08_NODE_4609_length_1709_cov_11.137168	1709	48.04
GC1003827_F08_NODE_4610_length_1709_cov_8.447535	1709	47.22
GC1003827_F08_NODE_4611_length_1709_cov_8.170670	1709	45.87
GC1003827_F08_NODE_4612_length_1709_cov_5.408344	1709	57.34
GC1003827_F08_NODE_4613_length_1709_cov_4.329962	1709	41.02
GC1003827_F08_NODE_4614_length_1709_cov_4.329962	1709	52.43
GC1003827_F08_NODE_4615_length_1709_cov_3.304678	1709	54.59
GC1003827_F08_NODE_4616_length_1709_cov_2.427307	1709	52.95
GC1003827_F08_NODE_4617_length_1709_cov_1.499368	1709	49.39
GC1003827_F08_NODE_4618_length_1708_cov_14.564832	1708	56.32
GC1003827_F08_NODE_4619_length_1708_cov_5.472486	1708	50.88
GC1003827_F08_NODE_4620_length_1708_cov_5.077799	1708	55.04
GC1003827_F08_NODE_4621_length_1708_cov_3.296015	1708	54.57
GC1003827_F08_NODE_4622_length_1708_cov_2.644529	1708	52.05
GC1003827_F08_NODE_4623_length_1708_cov_1.435168	1708	53.51
GC1003827_F08_NODE_4624_length_1707_cov_12.028481	1707	45.87
GC1003827_F08_NODE_4625_length_1707_cov_10.083544	1707	42.77
GC1003827_F08_NODE_4626_length_1707_cov_6.351899	1707	57.59
GC1003827_F08_NODE_4627_length_1707_cov_6.009494	1707	51.61
GC1003827_F08_NODE_4628_length_1706_cov_7.711210	1706	50.41
GC1003827_F08_NODE_4629_length_1706_cov_6.275491	1706	51.76
GC1003827_F08_NODE_4630_length_1706_cov_5.243825	1706	51.76
GC1003827_F08_NODE_4631_length_1706_cov_4.507916	1706	46.19
GC1003827_F08_NODE_4632_length_1706_cov_1.468018	1706	51.76
GC1003827_F08_NODE_4633_length_1705_cov_22.465779	1705	57.01
GC1003827_F08_NODE_4634_length_1705_cov_5.212928	1705	48.91
GC1003827_F08_NODE_4635_length_1705_cov_2.888466	1705	56.36
GC1003827_F08_NODE_4636_length_1704_cov_11.554217	1704	51.82
GC1003827_F08_NODE_4637_length_1704_cov_6.703234	1704	49.65
GC1003827_F08_NODE_4638_length_1704_cov_6.439442	1704	52.64
GC1003827_F08_NODE_4639_length_1704_cov_4.797083	1704	52.23
GC1003827_F08_NODE_4640_length_1704_cov_3.251744	1704	49.94
GC1003827_F08_NODE_4641_length_1704_cov_2.783767	1704	55.16
GC1003827_F08_NODE_4642_length_1704_cov_2.272036	1704	55.58
GC1003827_F08_NODE_4643_length_1703_cov_18.500000	1703	49.15
GC1003827_F08_NODE_4644_length_1703_cov_3.124365	1703	47.03
GC1003827_F08_NODE_4645_length_1703_cov_3.045685	1703	55.55
GC1003827_F08_NODE_4646_length_1703_cov_2.467005	1703	55.43
GC1003827_F08_NODE_4647_length_1703_cov_1.682107	1703	53.44
GC1003827_F08_NODE_4648_length_1703_cov_1.503173	1703	51.67
GC1003827_F08_NODE_4649_length_1702_cov_13.935238	1702	52.23
GC1003827_F08_NODE_4650_length_1702_cov_11.805714	1702	49.88
GC1003827_F08_NODE_4651_length_1702_cov_8.916190	1702	54.41
GC1003827_F08_NODE_4652_length_1702_cov_7.467302	1702	54.82
GC1003827_F08_NODE_4653_length_1702_cov_7.000635	1702	58.58
GC1003827_F08_NODE_4654_length_1702_cov_6.739048	1702	51.23
GC1003827_F08_NODE_4655_length_1702_cov_5.454603	1702	46.53
GC1003827_F08_NODE_4656_length_1702_cov_4.652063	1702	49.71
GC1003827_F08_NODE_4657_length_1702_cov_4.308571	1702	49.00
GC1003827_F08_NODE_4658_length_1702_cov_2.156825	1702	59.11
GC1003827_F08_NODE_4659_length_1701_cov_18.554638	1701	45.91
GC1003827_F08_NODE_4660_length_1701_cov_7.632147	1701	51.26
GC1003827_F08_NODE_4661_length_1701_cov_4.032402	1701	59.14
GC1003827_F08_NODE_4662_length_1701_cov_3.308767	1701	51.38
GC1003827_F08_NODE_4663_length_1701_cov_3.213469	1701	54.56
GC1003827_F08_NODE_4664_length_1701_cov_0.757942	1701	53.20
GC1003827_F08_NODE_4665_length_1700_cov_14.445010	1700	46.59
GC1003827_F08_NODE_4666_length_1700_cov_10.034329	1700	45.94
GC1003827_F08_NODE_4667_length_1700_cov_9.968849	1700	53.29
GC1003827_F08_NODE_4668_length_1700_cov_7.682136	1700	45.59
GC1003827_F08_NODE_4669_length_1700_cov_6.183090	1700	51.94
GC1003827_F08_NODE_4670_length_1700_cov_4.563255	1700	52.76
GC1003827_F08_NODE_4671_length_1700_cov_3.284170	1700	56.18
GC1003827_F08_NODE_4672_length_1700_cov_1.849968	1700	47.59
GC1003827_F08_NODE_4673_length_1699_cov_8.767176	1699	54.56
GC1003827_F08_NODE_4674_length_1699_cov_7.015903	1699	56.33
GC1003827_F08_NODE_4675_length_1699_cov_6.291985	1699	54.09
GC1003827_F08_NODE_4676_length_1699_cov_6.122137	1699	47.62
GC1003827_F08_NODE_4677_length_1699_cov_5.432570	1699	57.27
GC1003827_F08_NODE_4678_length_1699_cov_4.164758	1699	55.39
GC1003827_F08_NODE_4679_length_1699_cov_3.431298	1699	43.73
GC1003827_F08_NODE_4680_length_1699_cov_3.429389	1699	49.03
GC1003827_F08_NODE_4681_length_1699_cov_2.693384	1699	50.50
GC1003827_F08_NODE_4682_length_1699_cov_1.173028	1699	52.62
GC1003827_F08_NODE_4683_length_1698_cov_9.621260	1698	44.58
GC1003827_F08_NODE_4684_length_1698_cov_6.246340	1698	52.12
GC1003827_F08_NODE_4685_length_1698_cov_3.514322	1698	52.77
GC1003827_F08_NODE_4686_length_1698_cov_3.313176	1698	46.82
GC1003827_F08_NODE_4687_length_1698_cov_3.175048	1698	54.77
GC1003827_F08_NODE_4688_length_1698_cov_1.692553	1698	43.46
GC1003827_F08_NODE_4689_length_1697_cov_8.527389	1697	48.14
GC1003827_F08_NODE_4690_length_1697_cov_6.071975	1697	47.85
GC1003827_F08_NODE_4691_length_1697_cov_3.001911	1697	58.63
GC1003827_F08_NODE_4692_length_1697_cov_2.550955	1697	54.63
GC1003827_F08_NODE_4693_length_1697_cov_1.840764	1697	58.22
GC1003827_F08_NODE_4694_length_1697_cov_1.764331	1697	59.40
GC1003827_F08_NODE_4695_length_1696_cov_12.266412	1696	48.11
GC1003827_F08_NODE_4696_length_1696_cov_4.807521	1696	53.83
GC1003827_F08_NODE_4697_length_1696_cov_3.235182	1696	45.87
GC1003827_F08_NODE_4698_length_1696_cov_2.924156	1696	50.59
GC1003827_F08_NODE_4699_length_1695_cov_5.554847	1695	54.63
GC1003827_F08_NODE_4700_length_1694_cov_15.155073	1694	57.14
GC1003827_F08_NODE_4701_length_1694_cov_11.517549	1694	58.68
GC1003827_F08_NODE_4702_length_1694_cov_10.996171	1694	54.37
GC1003827_F08_NODE_4703_length_1694_cov_7.052329	1694	50.94
GC1003827_F08_NODE_4704_length_1694_cov_5.252074	1694	44.21
GC1003827_F08_NODE_4705_length_1694_cov_4.044033	1694	48.11
GC1003827_F08_NODE_4706_length_1694_cov_3.720485	1694	54.55
GC1003827_F08_NODE_4707_length_1694_cov_2.119974	1694	44.39
GC1003827_F08_NODE_4708_length_1693_cov_10.064496	1693	49.32
GC1003827_F08_NODE_4709_length_1693_cov_9.101533	1693	47.78
GC1003827_F08_NODE_4710_length_1693_cov_6.800128	1693	47.37
GC1003827_F08_NODE_4711_length_1693_cov_4.915070	1693	55.29
GC1003827_F08_NODE_4712_length_1693_cov_4.840996	1693	52.69
GC1003827_F08_NODE_4713_length_1693_cov_4.613027	1693	51.98
GC1003827_F08_NODE_4714_length_1692_cov_8.789776	1692	59.81
GC1003827_F08_NODE_4715_length_1692_cov_5.424920	1692	55.20
GC1003827_F08_NODE_4716_length_1692_cov_4.032588	1692	47.64
GC1003827_F08_NODE_4717_length_1692_cov_3.322045	1692	58.63
GC1003827_F08_NODE_4718_length_1692_cov_3.020447	1692	59.16
GC1003827_F08_NODE_4719_length_1691_cov_9.196931	1691	52.69
GC1003827_F08_NODE_4720_length_1691_cov_9.093990	1691	51.74
GC1003827_F08_NODE_4721_length_1691_cov_8.999361	1691	50.15
GC1003827_F08_NODE_4722_length_1691_cov_6.668798	1691	50.74
GC1003827_F08_NODE_4723_length_1691_cov_4.441816	1691	51.45
GC1003827_F08_NODE_4724_length_1691_cov_3.944373	1691	50.80
GC1003827_F08_NODE_4725_length_1691_cov_2.560742	1691	55.12
GC1003827_F08_NODE_4726_length_1690_cov_13.207933	1690	46.39
GC1003827_F08_NODE_4727_length_1690_cov_2.179143	1690	54.20
GC1003827_F08_NODE_4728_length_1689_cov_16.460948	1689	43.99
GC1003827_F08_NODE_4729_length_1689_cov_7.603713	1689	49.79
GC1003827_F08_NODE_4730_length_1689_cov_5.881562	1689	56.78
GC1003827_F08_NODE_4731_length_1689_cov_5.713188	1689	55.60
GC1003827_F08_NODE_4732_length_1689_cov_5.072983	1689	51.10
GC1003827_F08_NODE_4733_length_1689_cov_4.662612	1689	50.56
GC1003827_F08_NODE_4734_length_1689_cov_2.477593	1689	50.38
GC1003827_F08_NODE_4735_length_1689_cov_2.293854	1689	51.15
GC1003827_F08_NODE_4736_length_1689_cov_1.746479	1689	50.15
GC1003827_F08_NODE_4737_length_1688_cov_6.866752	1688	52.19
GC1003827_F08_NODE_4738_length_1688_cov_4.768097	1688	53.08
GC1003827_F08_NODE_4739_length_1688_cov_4.290199	1688	51.01
GC1003827_F08_NODE_4740_length_1688_cov_3.038437	1688	52.25
GC1003827_F08_NODE_4741_length_1688_cov_2.831518	1688	56.16
GC1003827_F08_NODE_4742_length_1688_cov_2.597053	1688	58.00
GC1003827_F08_NODE_4743_length_1688_cov_2.538757	1688	56.16
GC1003827_F08_NODE_4744_length_1688_cov_1.839846	1688	53.97
GC1003827_F08_NODE_4745_length_1687_cov_9.378846	1687	53.70
GC1003827_F08_NODE_4746_length_1687_cov_5.813462	1687	44.64
GC1003827_F08_NODE_4747_length_1687_cov_5.666667	1687	45.23
GC1003827_F08_NODE_4748_length_1687_cov_4.794872	1687	48.13
GC1003827_F08_NODE_4749_length_1687_cov_3.172436	1687	54.36
GC1003827_F08_NODE_4750_length_1687_cov_3.132692	1687	44.99
GC1003827_F08_NODE_4751_length_1687_cov_2.761538	1687	58.09
GC1003827_F08_NODE_4752_length_1687_cov_1.530128	1687	57.74
GC1003827_F08_NODE_4753_length_1687_cov_1.317949	1687	40.96
GC1003827_F08_NODE_4754_length_1686_cov_9.567672	1686	47.15
GC1003827_F08_NODE_4755_length_1686_cov_6.821681	1686	49.41
GC1003827_F08_NODE_4756_length_1686_cov_4.744708	1686	48.99
GC1003827_F08_NODE_4757_length_1686_cov_3.939705	1686	44.60
GC1003827_F08_NODE_4758_length_1686_cov_2.155869	1686	49.35
GC1003827_F08_NODE_4759_length_1686_cov_1.358563	1686	58.19
GC1003827_F08_NODE_4760_length_1685_cov_11.353659	1685	44.81
GC1003827_F08_NODE_4761_length_1685_cov_5.493582	1685	47.00
GC1003827_F08_NODE_4762_length_1685_cov_4.596919	1685	48.90
GC1003827_F08_NODE_4763_length_1685_cov_3.760591	1685	59.82
GC1003827_F08_NODE_4764_length_1685_cov_2.420411	1685	56.74
GC1003827_F08_NODE_4765_length_1684_cov_13.645472	1684	48.22
GC1003827_F08_NODE_4766_length_1684_cov_10.357739	1684	56.95
GC1003827_F08_NODE_4767_length_1684_cov_7.144509	1684	52.32
GC1003827_F08_NODE_4768_length_1684_cov_6.737958	1684	54.69
GC1003827_F08_NODE_4769_length_1684_cov_5.501606	1684	55.88
GC1003827_F08_NODE_4770_length_1684_cov_5.053308	1684	51.78
GC1003827_F08_NODE_4771_length_1684_cov_2.697495	1684	49.47
GC1003827_F08_NODE_4772_length_1683_cov_9.191517	1683	43.43
GC1003827_F08_NODE_4773_length_1683_cov_6.701799	1683	55.91
GC1003827_F08_NODE_4774_length_1683_cov_4.221722	1683	56.92
GC1003827_F08_NODE_4775_length_1683_cov_3.764139	1683	50.21
GC1003827_F08_NODE_4776_length_1682_cov_7.953698	1682	53.63
GC1003827_F08_NODE_4777_length_1682_cov_5.993569	1682	52.91
GC1003827_F08_NODE_4778_length_1682_cov_5.825080	1682	43.70
GC1003827_F08_NODE_4779_length_1682_cov_2.926045	1682	58.86
GC1003827_F08_NODE_4780_length_1682_cov_2.836013	1682	52.85
GC1003827_F08_NODE_4781_length_1681_cov_8.884813	1681	58.42
GC1003827_F08_NODE_4782_length_1681_cov_7.932432	1681	45.09
GC1003827_F08_NODE_4783_length_1681_cov_3.864221	1681	53.42
GC1003827_F08_NODE_4784_length_1681_cov_2.184041	1681	52.53
GC1003827_F08_NODE_4785_length_1681_cov_0.696911	1681	51.70
GC1003827_F08_NODE_4786_length_1680_cov_8.641983	1680	46.67
GC1003827_F08_NODE_4787_length_1680_cov_6.926594	1680	52.50
GC1003827_F08_NODE_4788_length_1680_cov_6.755312	1680	47.02
GC1003827_F08_NODE_4789_length_1680_cov_6.194462	1680	49.64
GC1003827_F08_NODE_4790_length_1680_cov_2.974243	1680	47.44
GC1003827_F08_NODE_4791_length_1680_cov_2.546684	1680	52.08
GC1003827_F08_NODE_4792_length_1680_cov_2.098519	1680	53.51
GC1003827_F08_NODE_4793_length_1679_cov_8.197165	1679	51.64
GC1003827_F08_NODE_4794_length_1679_cov_3.093428	1679	57.95
GC1003827_F08_NODE_4795_length_1679_cov_1.399485	1679	53.25
GC1003827_F08_NODE_4796_length_1678_cov_5.219213	1678	53.22
GC1003827_F08_NODE_4797_length_1678_cov_2.375887	1678	57.57
GC1003827_F08_NODE_4798_length_1678_cov_2.147002	1678	46.01
GC1003827_F08_NODE_4799_length_1677_cov_10.323871	1677	47.70
GC1003827_F08_NODE_4800_length_1677_cov_4.580000	1677	51.28
GC1003827_F08_NODE_4801_length_1677_cov_3.589032	1677	55.87
GC1003827_F08_NODE_4802_length_1677_cov_1.789032	1677	43.77
GC1003827_F08_NODE_4803_length_1676_cov_12.632021	1676	50.54
GC1003827_F08_NODE_4804_length_1676_cov_5.109103	1676	43.74
GC1003827_F08_NODE_4805_length_1676_cov_4.863783	1676	55.79
GC1003827_F08_NODE_4806_length_1676_cov_2.547450	1676	42.12
GC1003827_F08_NODE_4807_length_1676_cov_1.982569	1676	54.59
GC1003827_F08_NODE_4808_length_1675_cov_9.175711	1675	48.06
GC1003827_F08_NODE_4809_length_1675_cov_2.970284	1675	46.09
GC1003827_F08_NODE_4810_length_1675_cov_2.891473	1675	54.75
GC1003827_F08_NODE_4811_length_1675_cov_0.956718	1675	50.15
GC1003827_F08_NODE_4812_length_1674_cov_10.270847	1674	44.80
GC1003827_F08_NODE_4813_length_1674_cov_6.552683	1674	50.12
GC1003827_F08_NODE_4814_length_1674_cov_5.885585	1674	58.06
GC1003827_F08_NODE_4815_length_1674_cov_5.171946	1674	59.68
GC1003827_F08_NODE_4816_length_1674_cov_5.032967	1674	49.22
GC1003827_F08_NODE_4817_length_1674_cov_4.864253	1674	51.19
GC1003827_F08_NODE_4818_length_1674_cov_3.420168	1674	50.60
GC1003827_F08_NODE_4819_length_1674_cov_3.411765	1674	50.78
GC1003827_F08_NODE_4820_length_1674_cov_3.400129	1674	49.10
GC1003827_F08_NODE_4821_length_1674_cov_3.328378	1674	50.78
GC1003827_F08_NODE_4822_length_1674_cov_2.117647	1674	52.51
GC1003827_F08_NODE_4823_length_1674_cov_2.019392	1674	56.93
GC1003827_F08_NODE_4824_length_1674_cov_1.638655	1674	55.44
GC1003827_F08_NODE_4825_length_1673_cov_10.060155	1673	47.58
GC1003827_F08_NODE_4826_length_1673_cov_9.026520	1673	50.27
GC1003827_F08_NODE_4827_length_1673_cov_4.551100	1673	52.78
GC1003827_F08_NODE_4828_length_1673_cov_3.798189	1673	55.11
GC1003827_F08_NODE_4829_length_1673_cov_3.423027	1673	59.12
GC1003827_F08_NODE_4830_length_1673_cov_1.972186	1673	53.86
GC1003827_F08_NODE_4831_length_1672_cov_8.748220	1672	59.81
GC1003827_F08_NODE_4832_length_1671_cov_6.381477	1671	45.90
GC1003827_F08_NODE_4833_length_1671_cov_4.303756	1671	46.26
GC1003827_F08_NODE_4834_length_1671_cov_3.696244	1671	52.96
GC1003827_F08_NODE_4835_length_1671_cov_3.140544	1671	54.04
GC1003827_F08_NODE_4836_length_1671_cov_2.904145	1671	55.18
GC1003827_F08_NODE_4837_length_1671_cov_1.968912	1671	53.20
GC1003827_F08_NODE_4838_length_1670_cov_3.085548	1670	49.58
GC1003827_F08_NODE_4839_length_1670_cov_3.050551	1670	55.63
GC1003827_F08_NODE_4840_length_1670_cov_3.044718	1670	49.46
GC1003827_F08_NODE_4841_length_1669_cov_5.332685	1669	55.24
GC1003827_F08_NODE_4842_length_1669_cov_3.510376	1669	57.16
GC1003827_F08_NODE_4843_length_1669_cov_2.391699	1669	41.88
GC1003827_F08_NODE_4844_length_1668_cov_8.861129	1668	51.92
GC1003827_F08_NODE_4845_length_1668_cov_7.171317	1668	55.04
GC1003827_F08_NODE_4846_length_1668_cov_6.619079	1668	54.62
GC1003827_F08_NODE_4847_length_1668_cov_3.676184	1668	48.14
GC1003827_F08_NODE_4848_length_1668_cov_3.538611	1668	53.00
GC1003827_F08_NODE_4849_length_1668_cov_3.184296	1668	56.35
GC1003827_F08_NODE_4850_length_1668_cov_2.728099	1668	52.88
GC1003827_F08_NODE_4851_length_1667_cov_10.900649	1667	50.87
GC1003827_F08_NODE_4852_length_1667_cov_9.543506	1667	49.67
GC1003827_F08_NODE_4853_length_1667_cov_6.583117	1667	44.99
GC1003827_F08_NODE_4854_length_1667_cov_5.324026	1667	50.57
GC1003827_F08_NODE_4855_length_1667_cov_4.315584	1667	55.97
GC1003827_F08_NODE_4856_length_1667_cov_3.342857	1667	56.87
GC1003827_F08_NODE_4857_length_1666_cov_6.904483	1666	50.36
GC1003827_F08_NODE_4858_length_1666_cov_6.326836	1666	57.92
GC1003827_F08_NODE_4859_length_1666_cov_5.744639	1666	55.22
GC1003827_F08_NODE_4860_length_1666_cov_2.073424	1666	42.62
GC1003827_F08_NODE_4861_length_1665_cov_13.521456	1665	48.35
GC1003827_F08_NODE_4862_length_1665_cov_8.840702	1665	54.65
GC1003827_F08_NODE_4863_length_1665_cov_7.109883	1665	51.17
GC1003827_F08_NODE_4864_length_1665_cov_6.079974	1665	53.03
GC1003827_F08_NODE_4865_length_1665_cov_5.909623	1665	53.39
GC1003827_F08_NODE_4866_length_1665_cov_5.480494	1665	49.97
GC1003827_F08_NODE_4867_length_1664_cov_6.467144	1664	47.00
GC1003827_F08_NODE_4868_length_1664_cov_5.956409	1664	53.12
GC1003827_F08_NODE_4869_length_1664_cov_5.324658	1664	50.78
GC1003827_F08_NODE_4870_length_1664_cov_3.191932	1664	56.07
GC1003827_F08_NODE_4871_length_1664_cov_2.283669	1664	59.74
GC1003827_F08_NODE_4872_length_1664_cov_1.433312	1664	58.59
GC1003827_F08_NODE_4873_length_1663_cov_10.149740	1663	46.60
GC1003827_F08_NODE_4874_length_1663_cov_9.434896	1663	54.78
GC1003827_F08_NODE_4875_length_1663_cov_9.394531	1663	48.17
GC1003827_F08_NODE_4876_length_1663_cov_8.860026	1663	53.70
GC1003827_F08_NODE_4877_length_1663_cov_6.852214	1663	53.88
GC1003827_F08_NODE_4878_length_1663_cov_3.455729	1663	58.69
GC1003827_F08_NODE_4879_length_1663_cov_2.264974	1663	54.00
GC1003827_F08_NODE_4880_length_1663_cov_2.247396	1663	54.90
GC1003827_F08_NODE_4881_length_1663_cov_1.888672	1663	46.30
GC1003827_F08_NODE_4882_length_1662_cov_9.482736	1662	49.82
GC1003827_F08_NODE_4883_length_1662_cov_8.793485	1662	54.87
GC1003827_F08_NODE_4884_length_1662_cov_7.722476	1662	49.10
GC1003827_F08_NODE_4885_length_1662_cov_6.792834	1662	49.28
GC1003827_F08_NODE_4886_length_1662_cov_5.046254	1662	57.52
GC1003827_F08_NODE_4887_length_1662_cov_3.326384	1662	48.26
GC1003827_F08_NODE_4888_length_1662_cov_3.081433	1662	50.66
GC1003827_F08_NODE_4889_length_1662_cov_2.940065	1662	44.83
GC1003827_F08_NODE_4890_length_1662_cov_2.796743	1662	53.19
GC1003827_F08_NODE_4891_length_1661_cov_8.600391	1661	56.41
GC1003827_F08_NODE_4892_length_1661_cov_7.627119	1661	49.85
GC1003827_F08_NODE_4893_length_1661_cov_5.015645	1661	46.00
GC1003827_F08_NODE_4894_length_1661_cov_4.716428	1661	51.54
GC1003827_F08_NODE_4895_length_1661_cov_2.045632	1661	55.57
GC1003827_F08_NODE_4896_length_1661_cov_1.387875	1661	52.26
GC1003827_F08_NODE_4897_length_1660_cov_8.788650	1660	53.43
GC1003827_F08_NODE_4898_length_1660_cov_7.911285	1660	45.72
GC1003827_F08_NODE_4899_length_1660_cov_5.893673	1660	55.60
GC1003827_F08_NODE_4900_length_1660_cov_4.299413	1660	49.70
GC1003827_F08_NODE_4901_length_1660_cov_3.855838	1660	53.37
GC1003827_F08_NODE_4902_length_1660_cov_3.307893	1660	47.11
GC1003827_F08_NODE_4903_length_1660_cov_3.161774	1660	37.89
GC1003827_F08_NODE_4904_length_1659_cov_7.859008	1659	63.95
GC1003827_F08_NODE_4905_length_1659_cov_3.424935	1659	54.67
GC1003827_F08_NODE_4906_length_1658_cov_6.344219	1658	55.25
GC1003827_F08_NODE_4907_length_1658_cov_6.077074	1658	52.23
GC1003827_F08_NODE_4908_length_1658_cov_4.993468	1658	48.25
GC1003827_F08_NODE_4909_length_1658_cov_4.318093	1658	50.48
GC1003827_F08_NODE_4910_length_1657_cov_14.751634	1657	50.21
GC1003827_F08_NODE_4911_length_1657_cov_10.372549	1657	49.19
GC1003827_F08_NODE_4912_length_1657_cov_5.983007	1657	50.33
GC1003827_F08_NODE_4913_length_1657_cov_4.409804	1657	56.43
GC1003827_F08_NODE_4914_length_1657_cov_4.167974	1657	48.94
GC1003827_F08_NODE_4915_length_1657_cov_2.525490	1657	57.15
GC1003827_F08_NODE_4916_length_1657_cov_1.596078	1657	55.16
GC1003827_F08_NODE_4917_length_1656_cov_21.458470	1656	46.80
GC1003827_F08_NODE_4918_length_1656_cov_7.615435	1656	53.86
GC1003827_F08_NODE_4919_length_1656_cov_6.578810	1656	57.19
GC1003827_F08_NODE_4920_length_1656_cov_5.704382	1656	42.45
GC1003827_F08_NODE_4921_length_1656_cov_5.623283	1656	47.04
GC1003827_F08_NODE_4922_length_1656_cov_4.432309	1656	56.46
GC1003827_F08_NODE_4923_length_1655_cov_12.072644	1655	55.65
GC1003827_F08_NODE_4924_length_1655_cov_11.316754	1655	48.88
GC1003827_F08_NODE_4925_length_1655_cov_7.672775	1655	49.91
GC1003827_F08_NODE_4926_length_1655_cov_6.860602	1655	51.78
GC1003827_F08_NODE_4927_length_1655_cov_4.844241	1655	53.90
GC1003827_F08_NODE_4928_length_1655_cov_3.818063	1655	48.10
GC1003827_F08_NODE_4929_length_1654_cov_20.726261	1654	49.03
GC1003827_F08_NODE_4930_length_1654_cov_6.792403	1654	55.20
GC1003827_F08_NODE_4931_length_1654_cov_5.091028	1654	50.91
GC1003827_F08_NODE_4932_length_1654_cov_4.414538	1654	47.28
GC1003827_F08_NODE_4933_length_1654_cov_2.757695	1654	47.22
GC1003827_F08_NODE_4934_length_1654_cov_2.754420	1654	49.33
GC1003827_F08_NODE_4935_length_1653_cov_13.000000	1653	55.96
GC1003827_F08_NODE_4936_length_1653_cov_6.550459	1653	45.98
GC1003827_F08_NODE_4937_length_1653_cov_6.280472	1653	49.85
GC1003827_F08_NODE_4938_length_1653_cov_5.060944	1653	51.72
GC1003827_F08_NODE_4939_length_1653_cov_4.152031	1653	52.69
GC1003827_F08_NODE_4940_length_1653_cov_3.068152	1653	53.54
GC1003827_F08_NODE_4941_length_1652_cov_9.093115	1652	52.36
GC1003827_F08_NODE_4942_length_1652_cov_7.081311	1652	52.36
GC1003827_F08_NODE_4943_length_1652_cov_5.773770	1652	59.20
GC1003827_F08_NODE_4944_length_1652_cov_4.955410	1652	52.24
GC1003827_F08_NODE_4945_length_1652_cov_2.992787	1652	56.66
GC1003827_F08_NODE_4946_length_1652_cov_2.898361	1652	44.07
GC1003827_F08_NODE_4947_length_1652_cov_2.427541	1652	50.61
GC1003827_F08_NODE_4948_length_1652_cov_1.952787	1652	51.15
GC1003827_F08_NODE_4949_length_1651_cov_12.065617	1651	53.66
GC1003827_F08_NODE_4950_length_1651_cov_11.912730	1651	51.30
GC1003827_F08_NODE_4951_length_1651_cov_4.746063	1651	45.91
GC1003827_F08_NODE_4952_length_1651_cov_4.225066	1651	50.58
GC1003827_F08_NODE_4953_length_1651_cov_4.120079	1651	42.46
GC1003827_F08_NODE_4954_length_1651_cov_1.814961	1651	33.25
GC1003827_F08_NODE_4955_length_1651_cov_0.871391	1651	52.33
GC1003827_F08_NODE_4956_length_1650_cov_8.973736	1650	51.94
GC1003827_F08_NODE_4957_length_1650_cov_8.155614	1650	44.48
GC1003827_F08_NODE_4958_length_1650_cov_4.170059	1650	40.30
GC1003827_F08_NODE_4959_length_1650_cov_1.473408	1650	57.09
GC1003827_F08_NODE_4960_length_1650_cov_1.388707	1650	54.30
GC1003827_F08_NODE_4961_length_1649_cov_8.823916	1649	53.24
GC1003827_F08_NODE_4962_length_1649_cov_8.404074	1649	48.39
GC1003827_F08_NODE_4963_length_1649_cov_7.712221	1649	53.79
GC1003827_F08_NODE_4964_length_1649_cov_5.634034	1649	47.54
GC1003827_F08_NODE_4965_length_1649_cov_3.486859	1649	55.97
GC1003827_F08_NODE_4966_length_1649_cov_3.429041	1649	59.67
GC1003827_F08_NODE_4967_length_1649_cov_1.689225	1649	43.12
GC1003827_F08_NODE_4968_length_1649_cov_1.600526	1649	54.15
GC1003827_F08_NODE_4969_length_1649_cov_1.576216	1649	58.94
GC1003827_F08_NODE_4970_length_1648_cov_7.358974	1648	50.18
GC1003827_F08_NODE_4971_length_1648_cov_4.665352	1648	41.93
GC1003827_F08_NODE_4972_length_1648_cov_4.596976	1648	56.07
GC1003827_F08_NODE_4973_length_1648_cov_3.834977	1648	53.22
GC1003827_F08_NODE_4974_length_1648_cov_3.812623	1648	57.28
GC1003827_F08_NODE_4975_length_1648_cov_2.477975	1648	48.48
GC1003827_F08_NODE_4976_length_1647_cov_5.170395	1647	50.33
GC1003827_F08_NODE_4977_length_1647_cov_2.359868	1647	52.16
GC1003827_F08_NODE_4978_length_1646_cov_11.383805	1646	49.70
GC1003827_F08_NODE_4979_length_1646_cov_10.408822	1646	48.85
GC1003827_F08_NODE_4980_length_1646_cov_7.491113	1646	49.64
GC1003827_F08_NODE_4981_length_1646_cov_4.596445	1646	52.37
GC1003827_F08_NODE_4982_length_1646_cov_2.380513	1646	50.91
GC1003827_F08_NODE_4983_length_1645_cov_11.982872	1645	51.37
GC1003827_F08_NODE_4984_length_1645_cov_7.934783	1645	54.77
GC1003827_F08_NODE_4985_length_1645_cov_5.059289	1645	46.75
GC1003827_F08_NODE_4986_length_1645_cov_4.209486	1645	45.23
GC1003827_F08_NODE_4987_length_1645_cov_3.123847	1645	56.05
GC1003827_F08_NODE_4988_length_1644_cov_9.653263	1644	46.23
GC1003827_F08_NODE_4989_length_1644_cov_7.111404	1644	51.28
GC1003827_F08_NODE_4990_length_1644_cov_5.033619	1644	55.23
GC1003827_F08_NODE_4991_length_1644_cov_1.947924	1644	48.91
GC1003827_F08_NODE_4992_length_1643_cov_11.620053	1643	45.65
GC1003827_F08_NODE_4993_length_1643_cov_10.231530	1643	38.41
GC1003827_F08_NODE_4994_length_1643_cov_6.274406	1643	52.47
GC1003827_F08_NODE_4995_length_1643_cov_5.282982	1643	34.81
GC1003827_F08_NODE_4996_length_1642_cov_12.316832	1642	47.81
GC1003827_F08_NODE_4997_length_1642_cov_11.147195	1642	52.68
GC1003827_F08_NODE_4998_length_1642_cov_8.651485	1642	52.68
GC1003827_F08_NODE_4999_length_1642_cov_6.229043	1642	50.24
GC1003827_F08_NODE_5000_length_1642_cov_5.990099	1642	59.56
GC1003827_F08_NODE_5001_length_1642_cov_5.005941	1642	48.17
GC1003827_F08_NODE_5002_length_1641_cov_13.544254	1641	43.69
GC1003827_F08_NODE_5003_length_1641_cov_11.180317	1641	45.89
GC1003827_F08_NODE_5004_length_1641_cov_9.455086	1641	48.26
GC1003827_F08_NODE_5005_length_1641_cov_8.867239	1641	52.16
GC1003827_F08_NODE_5006_length_1641_cov_5.143329	1641	55.33
GC1003827_F08_NODE_5007_length_1641_cov_4.245046	1641	51.01
GC1003827_F08_NODE_5008_length_1640_cov_8.174488	1640	55.24
GC1003827_F08_NODE_5009_length_1640_cov_4.932584	1640	48.11
GC1003827_F08_NODE_5010_length_1640_cov_3.662921	1640	53.72
GC1003827_F08_NODE_5011_length_1640_cov_2.819564	1640	50.98
GC1003827_F08_NODE_5012_length_1640_cov_2.717118	1640	50.67
GC1003827_F08_NODE_5013_length_1640_cov_2.327826	1640	52.44
GC1003827_F08_NODE_5014_length_1640_cov_2.212161	1640	55.73
GC1003827_F08_NODE_5015_length_1640_cov_0.944481	1640	59.76
GC1003827_F08_NODE_5016_length_1639_cov_6.583995	1639	57.41
GC1003827_F08_NODE_5017_length_1639_cov_1.117063	1639	50.82
GC1003827_F08_NODE_5018_length_1638_cov_4.534083	1638	56.84
GC1003827_F08_NODE_5019_length_1638_cov_4.493713	1638	45.85
GC1003827_F08_NODE_5020_length_1638_cov_4.443415	1638	54.46
GC1003827_F08_NODE_5021_length_1638_cov_4.289874	1638	56.96
GC1003827_F08_NODE_5022_length_1638_cov_2.616148	1638	43.59
GC1003827_F08_NODE_5023_length_1638_cov_2.299801	1638	55.25
GC1003827_F08_NODE_5024_length_1638_cov_1.978822	1638	50.49
GC1003827_F08_NODE_5025_length_1638_cov_1.026473	1638	45.97
GC1003827_F08_NODE_5026_length_1637_cov_4.298013	1637	53.33
GC1003827_F08_NODE_5027_length_1637_cov_3.317881	1637	40.44
GC1003827_F08_NODE_5028_length_1637_cov_2.280132	1637	57.67
GC1003827_F08_NODE_5029_length_1636_cov_16.563950	1636	52.57
GC1003827_F08_NODE_5030_length_1636_cov_8.666004	1636	54.95
GC1003827_F08_NODE_5031_length_1636_cov_7.698476	1636	51.10
GC1003827_F08_NODE_5032_length_1636_cov_3.916501	1636	50.73
GC1003827_F08_NODE_5033_length_1636_cov_2.974155	1636	51.28
GC1003827_F08_NODE_5034_length_1636_cov_1.877402	1636	60.51
GC1003827_F08_NODE_5035_length_1635_cov_10.098806	1635	49.54
GC1003827_F08_NODE_5036_length_1635_cov_4.315650	1635	53.64
GC1003827_F08_NODE_5037_length_1634_cov_8.337094	1634	52.94
GC1003827_F08_NODE_5038_length_1634_cov_6.660916	1634	47.98
GC1003827_F08_NODE_5039_length_1634_cov_6.461181	1634	59.00
GC1003827_F08_NODE_5040_length_1634_cov_2.387525	1634	51.04
GC1003827_F08_NODE_5041_length_1634_cov_2.248175	1634	50.92
GC1003827_F08_NODE_5042_length_1634_cov_1.936297	1634	58.02
GC1003827_F08_NODE_5043_length_1633_cov_8.007304	1633	45.50
GC1003827_F08_NODE_5044_length_1633_cov_7.086985	1633	53.34
GC1003827_F08_NODE_5045_length_1633_cov_5.389774	1633	54.07
GC1003827_F08_NODE_5046_length_1633_cov_2.100266	1633	48.38
GC1003827_F08_NODE_5047_length_1633_cov_1.850598	1633	52.05
GC1003827_F08_NODE_5048_length_1633_cov_1.528552	1633	48.62
GC1003827_F08_NODE_5049_length_1633_cov_1.043825	1633	43.91
GC1003827_F08_NODE_5050_length_1632_cov_11.868439	1632	49.94
GC1003827_F08_NODE_5051_length_1632_cov_9.718272	1632	58.09
GC1003827_F08_NODE_5052_length_1632_cov_5.811296	1632	55.64
GC1003827_F08_NODE_5053_length_1631_cov_5.347074	1631	54.45
GC1003827_F08_NODE_5054_length_1631_cov_2.339096	1631	59.47
GC1003827_F08_NODE_5055_length_1630_cov_10.103792	1630	50.18
GC1003827_F08_NODE_5056_length_1630_cov_9.284098	1630	56.38
GC1003827_F08_NODE_5057_length_1630_cov_8.624085	1630	55.28
GC1003827_F08_NODE_5058_length_1630_cov_7.075183	1630	57.30
GC1003827_F08_NODE_5059_length_1630_cov_5.948104	1630	49.02
GC1003827_F08_NODE_5060_length_1630_cov_3.750499	1630	47.06
GC1003827_F08_NODE_5061_length_1630_cov_2.123752	1630	51.72
GC1003827_F08_NODE_5062_length_1629_cov_13.090546	1629	46.29
GC1003827_F08_NODE_5063_length_1629_cov_11.318908	1629	52.30
GC1003827_F08_NODE_5064_length_1629_cov_5.243675	1629	55.74
GC1003827_F08_NODE_5065_length_1629_cov_5.013981	1629	44.81
GC1003827_F08_NODE_5066_length_1629_cov_3.250333	1629	51.14
GC1003827_F08_NODE_5067_length_1629_cov_3.065246	1629	55.49
GC1003827_F08_NODE_5068_length_1628_cov_9.704863	1628	47.36
GC1003827_F08_NODE_5069_length_1628_cov_9.065290	1628	49.14
GC1003827_F08_NODE_5070_length_1628_cov_9.063957	1628	46.25
GC1003827_F08_NODE_5071_length_1628_cov_7.427715	1628	47.60
GC1003827_F08_NODE_5072_length_1628_cov_3.078614	1628	49.94
GC1003827_F08_NODE_5073_length_1628_cov_2.286476	1628	53.07
GC1003827_F08_NODE_5074_length_1627_cov_9.643333	1627	47.57
GC1003827_F08_NODE_5075_length_1627_cov_6.486667	1627	51.51
GC1003827_F08_NODE_5076_length_1627_cov_5.042000	1627	49.91
GC1003827_F08_NODE_5077_length_1627_cov_3.820667	1627	54.76
GC1003827_F08_NODE_5078_length_1627_cov_3.817333	1627	59.74
GC1003827_F08_NODE_5079_length_1627_cov_2.400000	1627	57.96
GC1003827_F08_NODE_5080_length_1627_cov_1.576000	1627	48.31
GC1003827_F08_NODE_5081_length_1626_cov_10.741161	1626	39.05
GC1003827_F08_NODE_5082_length_1626_cov_10.016011	1626	48.59
GC1003827_F08_NODE_5083_length_1626_cov_8.895264	1626	55.17
GC1003827_F08_NODE_5084_length_1626_cov_8.144763	1626	56.33
GC1003827_F08_NODE_5085_length_1625_cov_33.287049	1625	47.38
GC1003827_F08_NODE_5086_length_1625_cov_5.467957	1625	52.49
GC1003827_F08_NODE_5087_length_1625_cov_4.371829	1625	49.42
GC1003827_F08_NODE_5088_length_1625_cov_3.859146	1625	43.94
GC1003827_F08_NODE_5089_length_1625_cov_3.012016	1625	55.82
GC1003827_F08_NODE_5090_length_1625_cov_2.722296	1625	43.57
GC1003827_F08_NODE_5091_length_1625_cov_0.652203	1625	45.91
GC1003827_F08_NODE_5092_length_1624_cov_8.160989	1624	60.53
GC1003827_F08_NODE_5093_length_1624_cov_8.036740	1624	50.68
GC1003827_F08_NODE_5094_length_1624_cov_6.515030	1624	49.57
GC1003827_F08_NODE_5095_length_1624_cov_5.253841	1624	53.51
GC1003827_F08_NODE_5096_length_1624_cov_4.439546	1624	51.66
GC1003827_F08_NODE_5097_length_1624_cov_1.527722	1624	58.56
GC1003827_F08_NODE_5098_length_1623_cov_14.645722	1623	56.44
GC1003827_F08_NODE_5099_length_1623_cov_6.617647	1623	53.85
GC1003827_F08_NODE_5100_length_1623_cov_4.632353	1623	50.89
GC1003827_F08_NODE_5101_length_1623_cov_4.267380	1623	56.32
GC1003827_F08_NODE_5102_length_1622_cov_7.158528	1622	55.24
GC1003827_F08_NODE_5103_length_1622_cov_2.081605	1622	47.04
GC1003827_F08_NODE_5104_length_1622_cov_1.703679	1622	55.80
GC1003827_F08_NODE_5105_length_1621_cov_3.852744	1621	46.27
GC1003827_F08_NODE_5106_length_1621_cov_2.647925	1621	58.67
GC1003827_F08_NODE_5107_length_1621_cov_1.127845	1621	48.12
GC1003827_F08_NODE_5108_length_1620_cov_5.322840	1620	55.37
GC1003827_F08_NODE_5109_length_1620_cov_4.408573	1620	47.28
GC1003827_F08_NODE_5110_length_1620_cov_3.899531	1620	50.74
GC1003827_F08_NODE_5111_length_1620_cov_3.565975	1620	32.78
GC1003827_F08_NODE_5112_length_1620_cov_2.636973	1620	51.05
GC1003827_F08_NODE_5113_length_1620_cov_1.519759	1620	58.95
GC1003827_F08_NODE_5114_length_1619_cov_9.585791	1619	44.10
GC1003827_F08_NODE_5115_length_1619_cov_7.353887	1619	52.93
GC1003827_F08_NODE_5116_length_1619_cov_6.866622	1619	57.07
GC1003827_F08_NODE_5117_length_1619_cov_6.237936	1619	44.60
GC1003827_F08_NODE_5118_length_1618_cov_5.488263	1618	56.80
GC1003827_F08_NODE_5119_length_1618_cov_2.066398	1618	54.02
GC1003827_F08_NODE_5120_length_1617_cov_14.170470	1617	50.77
GC1003827_F08_NODE_5121_length_1617_cov_10.920805	1617	48.42
GC1003827_F08_NODE_5122_length_1617_cov_8.273826	1617	46.57
GC1003827_F08_NODE_5123_length_1617_cov_7.276510	1617	54.79
GC1003827_F08_NODE_5124_length_1617_cov_7.048993	1617	54.79
GC1003827_F08_NODE_5125_length_1617_cov_5.822148	1617	54.67
GC1003827_F08_NODE_5126_length_1617_cov_5.153691	1617	43.85
GC1003827_F08_NODE_5127_length_1617_cov_4.251678	1617	52.63
GC1003827_F08_NODE_5128_length_1617_cov_3.002685	1617	45.08
GC1003827_F08_NODE_5129_length_1617_cov_2.436913	1617	55.60
GC1003827_F08_NODE_5130_length_1616_cov_10.633983	1616	40.78
GC1003827_F08_NODE_5131_length_1616_cov_7.873741	1616	45.92
GC1003827_F08_NODE_5132_length_1616_cov_6.364003	1616	42.70
GC1003827_F08_NODE_5133_length_1616_cov_5.748825	1616	49.75
GC1003827_F08_NODE_5134_length_1616_cov_5.240430	1616	47.09
GC1003827_F08_NODE_5135_length_1616_cov_5.121558	1616	58.42
GC1003827_F08_NODE_5136_length_1616_cov_5.112156	1616	56.25
GC1003827_F08_NODE_5137_length_1616_cov_4.520484	1616	43.94
GC1003827_F08_NODE_5138_length_1615_cov_10.346774	1615	49.97
GC1003827_F08_NODE_5139_length_1615_cov_8.135081	1615	48.85
GC1003827_F08_NODE_5140_length_1615_cov_3.006048	1615	49.16
GC1003827_F08_NODE_5141_length_1614_cov_9.332213	1614	45.54
GC1003827_F08_NODE_5142_length_1614_cov_5.653665	1614	55.27
GC1003827_F08_NODE_5143_length_1614_cov_4.262946	1614	54.89
GC1003827_F08_NODE_5144_length_1614_cov_3.940820	1614	50.62
GC1003827_F08_NODE_5145_length_1614_cov_2.989240	1614	48.88
GC1003827_F08_NODE_5146_length_1614_cov_1.920646	1614	51.43
GC1003827_F08_NODE_5147_length_1613_cov_12.238896	1613	49.85
GC1003827_F08_NODE_5148_length_1613_cov_6.617093	1613	55.05
GC1003827_F08_NODE_5149_length_1613_cov_6.607672	1613	46.25
GC1003827_F08_NODE_5150_length_1613_cov_5.753701	1613	55.67
GC1003827_F08_NODE_5151_length_1613_cov_5.315612	1613	41.04
GC1003827_F08_NODE_5152_length_1613_cov_3.272544	1613	46.56
GC1003827_F08_NODE_5153_length_1613_cov_3.265141	1613	53.13
GC1003827_F08_NODE_5154_length_1613_cov_2.648721	1613	47.24
GC1003827_F08_NODE_5155_length_1612_cov_10.404714	1612	48.39
GC1003827_F08_NODE_5156_length_1612_cov_9.484175	1612	49.32
GC1003827_F08_NODE_5157_length_1612_cov_3.777778	1612	45.78
GC1003827_F08_NODE_5158_length_1612_cov_3.558249	1612	46.96
GC1003827_F08_NODE_5159_length_1612_cov_1.913805	1612	50.93
GC1003827_F08_NODE_5160_length_1611_cov_7.621294	1611	50.22
GC1003827_F08_NODE_5161_length_1611_cov_5.314690	1611	49.66
GC1003827_F08_NODE_5162_length_1611_cov_4.957547	1611	53.51
GC1003827_F08_NODE_5163_length_1611_cov_3.117251	1611	46.00
GC1003827_F08_NODE_5164_length_1611_cov_2.375337	1611	55.93
GC1003827_F08_NODE_5165_length_1611_cov_1.278976	1611	57.42
GC1003827_F08_NODE_5166_length_1610_cov_6.920432	1610	57.33
GC1003827_F08_NODE_5167_length_1610_cov_6.166554	1610	43.98
GC1003827_F08_NODE_5168_length_1610_cov_3.628456	1610	60.31
GC1003827_F08_NODE_5169_length_1610_cov_3.081591	1610	51.06
GC1003827_F08_NODE_5170_length_1610_cov_3.053270	1610	55.53
GC1003827_F08_NODE_5171_length_1610_cov_2.799056	1610	45.22
GC1003827_F08_NODE_5172_length_1610_cov_2.611598	1610	45.03
GC1003827_F08_NODE_5173_length_1610_cov_2.198921	1610	47.89
GC1003827_F08_NODE_5174_length_1610_cov_1.504383	1610	58.63
GC1003827_F08_NODE_5175_length_1610_cov_1.432906	1610	59.88
GC1003827_F08_NODE_5176_length_1609_cov_16.408232	1609	45.00
GC1003827_F08_NODE_5177_length_1609_cov_10.595142	1609	51.09
GC1003827_F08_NODE_5178_length_1609_cov_7.852227	1609	53.70
GC1003827_F08_NODE_5179_length_1609_cov_1.582321	1609	47.55
GC1003827_F08_NODE_5180_length_1609_cov_0.734143	1609	49.41
GC1003827_F08_NODE_5181_length_1608_cov_19.735314	1608	47.26
GC1003827_F08_NODE_5182_length_1608_cov_6.369345	1608	45.96
GC1003827_F08_NODE_5183_length_1608_cov_4.533423	1608	54.85
GC1003827_F08_NODE_5184_length_1608_cov_2.704929	1608	49.75
GC1003827_F08_NODE_5185_length_1608_cov_0.942606	1608	54.85
GC1003827_F08_NODE_5186_length_1607_cov_15.416216	1607	52.21
GC1003827_F08_NODE_5187_length_1607_cov_8.699324	1607	56.07
GC1003827_F08_NODE_5188_length_1607_cov_1.285135	1607	57.31
GC1003827_F08_NODE_5189_length_1607_cov_0.925000	1607	55.13
GC1003827_F08_NODE_5190_length_1606_cov_8.866802	1606	50.19
GC1003827_F08_NODE_5191_length_1606_cov_4.554429	1606	59.22
GC1003827_F08_NODE_5192_length_1606_cov_4.396214	1606	51.31
GC1003827_F08_NODE_5193_length_1606_cov_3.829615	1606	42.53
GC1003827_F08_NODE_5194_length_1606_cov_3.718053	1606	42.96
GC1003827_F08_NODE_5195_length_1606_cov_3.280595	1606	46.76
GC1003827_F08_NODE_5196_length_1606_cov_2.286004	1606	36.05
GC1003827_F08_NODE_5197_length_1606_cov_1.646383	1606	52.43
GC1003827_F08_NODE_5198_length_1606_cov_0.755240	1606	55.60
GC1003827_F08_NODE_5199_length_1604_cov_13.032498	1604	41.40
GC1003827_F08_NODE_5200_length_1604_cov_8.950575	1604	45.89
GC1003827_F08_NODE_5201_length_1604_cov_6.866622	1604	52.12
GC1003827_F08_NODE_5202_length_1604_cov_5.345295	1604	46.57
GC1003827_F08_NODE_5203_length_1604_cov_3.285714	1604	51.68
GC1003827_F08_NODE_5204_length_1604_cov_2.392688	1604	60.10
GC1003827_F08_NODE_5205_length_1603_cov_12.455962	1603	47.10
GC1003827_F08_NODE_5206_length_1603_cov_1.570461	1603	51.78
GC1003827_F08_NODE_5207_length_1602_cov_8.081356	1602	47.50
GC1003827_F08_NODE_5208_length_1602_cov_6.820339	1602	45.44
GC1003827_F08_NODE_5209_length_1602_cov_5.023729	1602	58.68
GC1003827_F08_NODE_5210_length_1602_cov_4.492881	1602	55.31
GC1003827_F08_NODE_5211_length_1602_cov_3.237966	1602	58.18
GC1003827_F08_NODE_5212_length_1602_cov_3.175593	1602	54.93
GC1003827_F08_NODE_5213_length_1602_cov_1.917966	1602	47.13
GC1003827_F08_NODE_5214_length_1602_cov_1.574915	1602	55.87
GC1003827_F08_NODE_5215_length_1601_cov_7.661465	1601	53.90
GC1003827_F08_NODE_5216_length_1601_cov_3.246947	1601	44.35
GC1003827_F08_NODE_5217_length_1600_cov_3.674813	1600	57.12
GC1003827_F08_NODE_5218_length_1600_cov_1.966056	1600	42.19
GC1003827_F08_NODE_5219_length_1599_cov_11.658967	1599	56.35
GC1003827_F08_NODE_5220_length_1599_cov_8.781929	1599	49.47
GC1003827_F08_NODE_5221_length_1599_cov_6.938179	1599	57.97
GC1003827_F08_NODE_5222_length_1599_cov_4.347826	1599	53.47
GC1003827_F08_NODE_5223_length_1599_cov_4.207880	1599	56.72
GC1003827_F08_NODE_5224_length_1599_cov_4.205842	1599	58.22
GC1003827_F08_NODE_5225_length_1599_cov_3.956522	1599	51.59
GC1003827_F08_NODE_5226_length_1599_cov_3.104620	1599	56.41
GC1003827_F08_NODE_5227_length_1599_cov_2.795516	1599	53.41
GC1003827_F08_NODE_5228_length_1598_cov_27.460911	1598	51.13
GC1003827_F08_NODE_5229_length_1598_cov_8.732835	1598	56.51
GC1003827_F08_NODE_5230_length_1598_cov_1.434398	1598	54.32
GC1003827_F08_NODE_5231_length_1597_cov_21.998639	1597	52.29
GC1003827_F08_NODE_5232_length_1597_cov_6.726531	1597	43.02
GC1003827_F08_NODE_5233_length_1597_cov_3.946259	1597	49.66
GC1003827_F08_NODE_5234_length_1597_cov_2.097959	1597	46.40
GC1003827_F08_NODE_5235_length_1597_cov_1.900000	1597	47.21
GC1003827_F08_NODE_5236_length_1596_cov_22.107556	1596	56.95
GC1003827_F08_NODE_5237_length_1596_cov_6.377127	1596	48.43
GC1003827_F08_NODE_5238_length_1596_cov_4.317903	1596	53.45
GC1003827_F08_NODE_5239_length_1596_cov_4.179714	1596	56.20
GC1003827_F08_NODE_5240_length_1596_cov_2.906059	1596	58.90
GC1003827_F08_NODE_5241_length_1596_cov_2.342410	1596	58.58
GC1003827_F08_NODE_5242_length_1595_cov_8.713896	1595	50.72
GC1003827_F08_NODE_5243_length_1595_cov_7.802452	1595	48.59
GC1003827_F08_NODE_5244_length_1595_cov_5.307902	1595	54.98
GC1003827_F08_NODE_5245_length_1595_cov_1.760218	1595	57.49
GC1003827_F08_NODE_5246_length_1595_cov_1.641008	1595	50.78
GC1003827_F08_NODE_5247_length_1594_cov_9.937969	1594	52.95
GC1003827_F08_NODE_5248_length_1594_cov_7.145194	1594	55.58
GC1003827_F08_NODE_5249_length_1594_cov_2.649625	1594	45.92
GC1003827_F08_NODE_5250_length_1593_cov_12.426330	1593	47.33
GC1003827_F08_NODE_5251_length_1593_cov_7.083902	1593	55.24
GC1003827_F08_NODE_5252_length_1593_cov_6.970668	1593	61.39
GC1003827_F08_NODE_5253_length_1593_cov_4.737381	1593	52.92
GC1003827_F08_NODE_5254_length_1593_cov_4.541610	1593	47.33
GC1003827_F08_NODE_5255_length_1593_cov_1.813779	1593	57.31
GC1003827_F08_NODE_5256_length_1592_cov_6.734471	1592	45.60
GC1003827_F08_NODE_5257_length_1592_cov_3.735836	1592	50.19
GC1003827_F08_NODE_5258_length_1592_cov_2.599317	1592	56.60
GC1003827_F08_NODE_5259_length_1592_cov_1.620478	1592	51.63
GC1003827_F08_NODE_5260_length_1591_cov_16.680328	1591	48.65
GC1003827_F08_NODE_5261_length_1591_cov_13.098361	1591	49.21
GC1003827_F08_NODE_5262_length_1591_cov_12.257514	1591	52.11
GC1003827_F08_NODE_5263_length_1591_cov_11.709699	1591	50.47
GC1003827_F08_NODE_5264_length_1591_cov_7.853825	1591	57.76
GC1003827_F08_NODE_5265_length_1591_cov_6.394809	1591	51.04
GC1003827_F08_NODE_5266_length_1591_cov_1.538251	1591	50.72
GC1003827_F08_NODE_5267_length_1591_cov_1.442623	1591	51.41
GC1003827_F08_NODE_5268_length_1591_cov_1.117486	1591	61.66
GC1003827_F08_NODE_5269_length_1590_cov_8.370472	1590	46.86
GC1003827_F08_NODE_5270_length_1590_cov_5.493506	1590	48.05
GC1003827_F08_NODE_5271_length_1590_cov_1.938483	1590	55.28
GC1003827_F08_NODE_5272_length_1589_cov_10.574555	1589	51.04
GC1003827_F08_NODE_5273_length_1589_cov_9.162107	1589	44.43
GC1003827_F08_NODE_5274_length_1589_cov_6.289330	1589	48.84
GC1003827_F08_NODE_5275_length_1589_cov_4.649795	1589	58.09
GC1003827_F08_NODE_5276_length_1589_cov_4.219562	1589	50.22
GC1003827_F08_NODE_5277_length_1589_cov_3.899453	1589	42.54
GC1003827_F08_NODE_5278_length_1589_cov_3.709302	1589	48.96
GC1003827_F08_NODE_5279_length_1589_cov_2.522572	1589	57.96
GC1003827_F08_NODE_5280_length_1589_cov_2.413133	1589	58.21
GC1003827_F08_NODE_5281_length_1588_cov_15.518823	1588	54.22
GC1003827_F08_NODE_5282_length_1588_cov_4.984257	1588	44.71
GC1003827_F08_NODE_5283_length_1588_cov_3.806982	1588	51.76
GC1003827_F08_NODE_5284_length_1588_cov_3.713210	1588	57.62
GC1003827_F08_NODE_5285_length_1588_cov_1.008898	1588	61.78
GC1003827_F08_NODE_5286_length_1587_cov_9.016438	1587	54.88
GC1003827_F08_NODE_5287_length_1587_cov_5.245890	1587	42.34
GC1003827_F08_NODE_5288_length_1587_cov_5.170548	1587	51.23
GC1003827_F08_NODE_5289_length_1587_cov_2.797945	1587	51.54
GC1003827_F08_NODE_5290_length_1587_cov_1.801370	1587	48.46
GC1003827_F08_NODE_5291_length_1586_cov_9.015764	1586	54.35
GC1003827_F08_NODE_5292_length_1586_cov_8.788211	1586	51.64
GC1003827_F08_NODE_5293_length_1586_cov_7.073338	1586	52.52
GC1003827_F08_NODE_5294_length_1586_cov_6.607951	1586	61.03
GC1003827_F08_NODE_5295_length_1586_cov_6.119260	1586	51.64
GC1003827_F08_NODE_5296_length_1586_cov_5.767649	1586	58.45
GC1003827_F08_NODE_5297_length_1586_cov_5.071282	1586	54.67
GC1003827_F08_NODE_5298_length_1585_cov_13.616598	1585	54.13
GC1003827_F08_NODE_5299_length_1585_cov_11.152263	1585	46.31
GC1003827_F08_NODE_5300_length_1585_cov_10.478738	1585	52.56
GC1003827_F08_NODE_5301_length_1585_cov_9.733196	1585	53.75
GC1003827_F08_NODE_5302_length_1585_cov_7.768861	1585	51.99
GC1003827_F08_NODE_5303_length_1585_cov_5.637174	1585	55.27
GC1003827_F08_NODE_5304_length_1585_cov_4.956104	1585	56.47
GC1003827_F08_NODE_5305_length_1585_cov_3.072016	1585	45.62
GC1003827_F08_NODE_5306_length_1584_cov_4.279341	1584	56.69
GC1003827_F08_NODE_5307_length_1584_cov_2.619080	1584	51.77
GC1003827_F08_NODE_5308_length_1583_cov_12.062500	1583	52.31
GC1003827_F08_NODE_5309_length_1583_cov_10.174451	1583	47.25
GC1003827_F08_NODE_5310_length_1583_cov_8.313187	1583	42.58
GC1003827_F08_NODE_5311_length_1583_cov_7.692308	1583	45.36
GC1003827_F08_NODE_5312_length_1583_cov_3.665522	1583	49.27
GC1003827_F08_NODE_5313_length_1583_cov_0.964973	1583	49.21
GC1003827_F08_NODE_5314_length_1582_cov_8.737457	1582	48.93
GC1003827_F08_NODE_5315_length_1582_cov_4.788316	1582	57.40
GC1003827_F08_NODE_5316_length_1582_cov_4.632990	1582	42.98
GC1003827_F08_NODE_5317_length_1582_cov_3.699656	1582	52.72
GC1003827_F08_NODE_5318_length_1582_cov_2.257732	1582	48.29
GC1003827_F08_NODE_5319_length_1582_cov_1.426804	1582	59.04
GC1003827_F08_NODE_5320_length_1581_cov_8.593535	1581	46.55
GC1003827_F08_NODE_5321_length_1581_cov_6.372077	1581	57.81
GC1003827_F08_NODE_5322_length_1581_cov_6.034388	1581	52.50
GC1003827_F08_NODE_5323_length_1581_cov_4.743466	1581	52.69
GC1003827_F08_NODE_5324_length_1581_cov_2.901651	1581	56.80
GC1003827_F08_NODE_5325_length_1581_cov_1.927785	1581	60.66
GC1003827_F08_NODE_5326_length_1581_cov_1.702201	1581	52.12
GC1003827_F08_NODE_5327_length_1581_cov_1.302613	1581	54.97
GC1003827_F08_NODE_5328_length_1581_cov_1.116919	1581	55.66
GC1003827_F08_NODE_5329_length_1580_cov_8.209222	1580	40.76
GC1003827_F08_NODE_5330_length_1580_cov_7.743290	1580	55.32
GC1003827_F08_NODE_5331_length_1580_cov_7.555403	1580	46.58
GC1003827_F08_NODE_5332_length_1580_cov_3.445974	1580	52.72
GC1003827_F08_NODE_5333_length_1580_cov_1.926359	1580	50.82
GC1003827_F08_NODE_5334_length_1580_cov_1.577426	1580	59.56
GC1003827_F08_NODE_5335_length_1579_cov_10.949725	1579	47.63
GC1003827_F08_NODE_5336_length_1579_cov_4.379477	1579	57.12
GC1003827_F08_NODE_5337_length_1579_cov_3.556474	1579	53.07
GC1003827_F08_NODE_5338_length_1579_cov_3.103306	1579	51.36
GC1003827_F08_NODE_5339_length_1578_cov_11.597519	1578	55.07
GC1003827_F08_NODE_5340_length_1578_cov_6.616816	1578	58.37
GC1003827_F08_NODE_5341_length_1578_cov_4.091661	1578	48.16
GC1003827_F08_NODE_5342_length_1578_cov_3.606478	1578	47.40
GC1003827_F08_NODE_5343_length_1578_cov_3.505169	1578	57.41
GC1003827_F08_NODE_5344_length_1578_cov_1.856651	1578	61.66
GC1003827_F08_NODE_5345_length_1577_cov_12.191034	1577	52.25
GC1003827_F08_NODE_5346_length_1577_cov_6.773103	1577	52.19
GC1003827_F08_NODE_5347_length_1577_cov_6.088966	1577	49.71
GC1003827_F08_NODE_5348_length_1577_cov_4.861379	1577	55.68
GC1003827_F08_NODE_5349_length_1576_cov_13.769496	1576	53.05
GC1003827_F08_NODE_5350_length_1576_cov_6.275362	1576	54.95
GC1003827_F08_NODE_5351_length_1576_cov_3.242236	1576	57.80
GC1003827_F08_NODE_5352_length_1576_cov_1.699793	1576	51.71
GC1003827_F08_NODE_5353_length_1575_cov_13.025552	1575	50.67
GC1003827_F08_NODE_5354_length_1575_cov_10.448895	1575	52.51
GC1003827_F08_NODE_5355_length_1575_cov_4.531077	1575	46.35
GC1003827_F08_NODE_5356_length_1575_cov_3.625000	1575	35.17
GC1003827_F08_NODE_5357_length_1575_cov_3.520718	1575	43.43
GC1003827_F08_NODE_5358_length_1575_cov_3.394337	1575	50.73
GC1003827_F08_NODE_5359_length_1575_cov_3.348757	1575	53.84
GC1003827_F08_NODE_5360_length_1575_cov_1.326657	1575	57.08
GC1003827_F08_NODE_5361_length_1575_cov_1.160912	1575	55.24
GC1003827_F08_NODE_5362_length_1574_cov_6.552868	1574	54.07
GC1003827_F08_NODE_5363_length_1574_cov_5.579129	1574	51.08
GC1003827_F08_NODE_5364_length_1574_cov_3.391845	1574	55.72
GC1003827_F08_NODE_5365_length_1574_cov_2.821009	1574	52.10
GC1003827_F08_NODE_5366_length_1574_cov_2.041465	1574	60.86
GC1003827_F08_NODE_5367_length_1573_cov_6.578838	1573	59.69
GC1003827_F08_NODE_5368_length_1573_cov_5.719225	1573	49.08
GC1003827_F08_NODE_5369_length_1573_cov_4.503458	1573	43.17
GC1003827_F08_NODE_5370_length_1573_cov_4.173582	1573	47.49
GC1003827_F08_NODE_5371_length_1573_cov_3.486860	1573	53.91
GC1003827_F08_NODE_5372_length_1573_cov_1.835408	1573	49.84
GC1003827_F08_NODE_5373_length_1572_cov_17.755709	1572	47.07
GC1003827_F08_NODE_5374_length_1572_cov_12.379239	1572	50.25
GC1003827_F08_NODE_5375_length_1572_cov_10.446367	1572	47.26
GC1003827_F08_NODE_5376_length_1572_cov_8.558478	1572	54.01
GC1003827_F08_NODE_5377_length_1572_cov_5.963322	1572	51.40
GC1003827_F08_NODE_5378_length_1572_cov_4.728720	1572	50.13
GC1003827_F08_NODE_5379_length_1571_cov_11.486842	1571	49.65
GC1003827_F08_NODE_5380_length_1571_cov_10.554709	1571	43.48
GC1003827_F08_NODE_5381_length_1571_cov_8.634349	1571	44.05
GC1003827_F08_NODE_5382_length_1571_cov_6.553324	1571	53.09
GC1003827_F08_NODE_5383_length_1571_cov_6.241690	1571	54.61
GC1003827_F08_NODE_5384_length_1571_cov_3.079640	1571	46.91
GC1003827_F08_NODE_5385_length_1571_cov_1.948061	1571	35.71
GC1003827_F08_NODE_5386_length_1571_cov_0.677978	1571	47.10
GC1003827_F08_NODE_5387_length_1570_cov_14.302148	1570	49.17
GC1003827_F08_NODE_5388_length_1570_cov_7.970201	1570	51.85
GC1003827_F08_NODE_5389_length_1570_cov_6.733888	1570	53.12
GC1003827_F08_NODE_5390_length_1570_cov_6.043659	1570	42.29
GC1003827_F08_NODE_5391_length_1570_cov_5.758836	1570	45.61
GC1003827_F08_NODE_5392_length_1570_cov_4.948718	1570	54.59
GC1003827_F08_NODE_5393_length_1570_cov_4.406098	1570	49.04
GC1003827_F08_NODE_5394_length_1570_cov_3.853084	1570	52.74
GC1003827_F08_NODE_5395_length_1570_cov_2.417186	1570	50.70
GC1003827_F08_NODE_5396_length_1570_cov_0.395703	1570	46.11
GC1003827_F08_NODE_5397_length_1569_cov_8.144244	1569	45.12
GC1003827_F08_NODE_5398_length_1569_cov_3.945215	1569	40.85
GC1003827_F08_NODE_5399_length_1569_cov_2.689320	1569	55.96
GC1003827_F08_NODE_5400_length_1569_cov_2.518031	1569	49.33
GC1003827_F08_NODE_5401_length_1569_cov_2.000693	1569	49.59
GC1003827_F08_NODE_5402_length_1569_cov_1.630374	1569	57.43
GC1003827_F08_NODE_5403_length_1568_cov_8.613463	1568	55.68
GC1003827_F08_NODE_5404_length_1568_cov_8.440666	1568	57.21
GC1003827_F08_NODE_5405_length_1568_cov_3.964608	1568	40.88
GC1003827_F08_NODE_5406_length_1568_cov_3.287300	1568	53.83
GC1003827_F08_NODE_5407_length_1568_cov_2.313671	1568	55.29
GC1003827_F08_NODE_5408_length_1568_cov_2.253990	1568	59.82
GC1003827_F08_NODE_5409_length_1568_cov_1.836919	1568	57.40
GC1003827_F08_NODE_5410_length_1568_cov_1.814018	1568	33.10
GC1003827_F08_NODE_5411_length_1567_cov_5.434028	1567	53.61
GC1003827_F08_NODE_5412_length_1567_cov_4.976389	1567	54.31
GC1003827_F08_NODE_5413_length_1567_cov_3.190278	1567	55.39
GC1003827_F08_NODE_5414_length_1567_cov_3.100000	1567	55.14
GC1003827_F08_NODE_5415_length_1566_cov_16.355803	1566	46.10
GC1003827_F08_NODE_5416_length_1566_cov_15.687978	1566	49.17
GC1003827_F08_NODE_5417_length_1566_cov_4.786657	1566	51.79
GC1003827_F08_NODE_5418_length_1566_cov_4.590688	1566	45.91
GC1003827_F08_NODE_5419_length_1566_cov_4.151494	1566	44.51
GC1003827_F08_NODE_5420_length_1565_cov_11.474965	1565	53.04
GC1003827_F08_NODE_5421_length_1565_cov_11.315716	1565	54.44
GC1003827_F08_NODE_5422_length_1565_cov_6.216968	1565	54.44
GC1003827_F08_NODE_5423_length_1565_cov_5.691933	1565	55.53
GC1003827_F08_NODE_5424_length_1565_cov_5.165508	1565	45.88
GC1003827_F08_NODE_5425_length_1565_cov_3.841446	1565	57.00
GC1003827_F08_NODE_5426_length_1565_cov_2.117524	1565	51.50
GC1003827_F08_NODE_5427_length_1564_cov_8.353514	1564	43.93
GC1003827_F08_NODE_5428_length_1564_cov_5.855950	1564	53.13
GC1003827_F08_NODE_5429_length_1564_cov_4.161447	1564	52.49
GC1003827_F08_NODE_5430_length_1564_cov_1.051496	1564	49.74
GC1003827_F08_NODE_5431_length_1563_cov_16.682451	1563	48.75
GC1003827_F08_NODE_5432_length_1563_cov_7.016713	1563	47.54
GC1003827_F08_NODE_5433_length_1563_cov_4.191504	1563	50.03
GC1003827_F08_NODE_5434_length_1563_cov_1.496518	1563	59.37
GC1003827_F08_NODE_5435_length_1562_cov_22.469686	1562	43.02
GC1003827_F08_NODE_5436_length_1562_cov_10.685714	1562	49.49
GC1003827_F08_NODE_5437_length_1562_cov_7.817422	1562	53.52
GC1003827_F08_NODE_5438_length_1562_cov_7.090592	1562	50.64
GC1003827_F08_NODE_5439_length_1562_cov_6.228571	1562	48.34
GC1003827_F08_NODE_5440_length_1562_cov_5.381185	1562	52.37
GC1003827_F08_NODE_5441_length_1562_cov_4.373519	1562	49.62
GC1003827_F08_NODE_5442_length_1562_cov_4.345645	1562	53.65
GC1003827_F08_NODE_5443_length_1562_cov_2.574913	1562	52.11
GC1003827_F08_NODE_5444_length_1561_cov_10.302650	1561	47.92
GC1003827_F08_NODE_5445_length_1561_cov_8.966527	1561	56.12
GC1003827_F08_NODE_5446_length_1561_cov_5.917015	1561	40.42
GC1003827_F08_NODE_5447_length_1561_cov_1.308926	1561	56.82
GC1003827_F08_NODE_5448_length_1560_cov_6.872296	1560	49.94
GC1003827_F08_NODE_5449_length_1560_cov_5.520586	1560	45.71
GC1003827_F08_NODE_5450_length_1559_cov_12.436453	1559	49.13
GC1003827_F08_NODE_5451_length_1559_cov_4.757682	1559	51.25
GC1003827_F08_NODE_5452_length_1559_cov_4.522346	1559	55.36
GC1003827_F08_NODE_5453_length_1559_cov_4.108240	1559	48.24
GC1003827_F08_NODE_5454_length_1559_cov_2.524441	1559	45.48
GC1003827_F08_NODE_5455_length_1559_cov_2.246508	1559	36.11
GC1003827_F08_NODE_5456_length_1558_cov_11.462614	1558	52.50
GC1003827_F08_NODE_5457_length_1558_cov_4.606569	1558	53.15
GC1003827_F08_NODE_5458_length_1558_cov_3.419287	1558	50.45
GC1003827_F08_NODE_5459_length_1558_cov_1.828092	1558	53.53
GC1003827_F08_NODE_5460_length_1557_cov_14.846853	1557	51.38
GC1003827_F08_NODE_5461_length_1557_cov_12.646154	1557	58.19
GC1003827_F08_NODE_5462_length_1557_cov_6.391608	1557	56.13
GC1003827_F08_NODE_5463_length_1557_cov_5.514685	1557	44.25
GC1003827_F08_NODE_5464_length_1557_cov_5.071329	1557	60.18
GC1003827_F08_NODE_5465_length_1557_cov_5.018182	1557	50.93
GC1003827_F08_NODE_5466_length_1557_cov_4.275524	1557	49.13
GC1003827_F08_NODE_5467_length_1557_cov_2.732168	1557	52.15
GC1003827_F08_NODE_5468_length_1556_cov_6.450665	1556	53.08
GC1003827_F08_NODE_5469_length_1555_cov_20.063025	1555	49.52
GC1003827_F08_NODE_5470_length_1555_cov_11.433473	1555	50.74
GC1003827_F08_NODE_5471_length_1555_cov_8.054622	1555	55.95
GC1003827_F08_NODE_5472_length_1555_cov_8.025210	1555	54.98
GC1003827_F08_NODE_5473_length_1555_cov_4.549720	1555	53.18
GC1003827_F08_NODE_5474_length_1555_cov_4.316527	1555	41.16
GC1003827_F08_NODE_5475_length_1555_cov_4.023810	1555	46.24
GC1003827_F08_NODE_5476_length_1555_cov_3.891457	1555	44.89
GC1003827_F08_NODE_5477_length_1555_cov_3.842437	1555	52.73
GC1003827_F08_NODE_5478_length_1555_cov_3.078431	1555	49.90
GC1003827_F08_NODE_5479_length_1555_cov_2.116246	1555	50.74
GC1003827_F08_NODE_5480_length_1554_cov_5.389629	1554	52.57
GC1003827_F08_NODE_5481_length_1554_cov_4.855641	1554	53.86
GC1003827_F08_NODE_5482_length_1554_cov_4.135249	1554	53.99
GC1003827_F08_NODE_5483_length_1554_cov_4.124036	1554	41.38
GC1003827_F08_NODE_5484_length_1554_cov_2.900491	1554	56.05
GC1003827_F08_NODE_5485_length_1554_cov_1.440785	1554	50.71
GC1003827_F08_NODE_5486_length_1553_cov_8.613604	1553	51.45
GC1003827_F08_NODE_5487_length_1553_cov_8.126227	1553	54.02
GC1003827_F08_NODE_5488_length_1553_cov_6.889902	1553	49.97
GC1003827_F08_NODE_5489_length_1553_cov_5.698457	1553	44.62
GC1003827_F08_NODE_5490_length_1553_cov_5.439691	1553	40.95
GC1003827_F08_NODE_5491_length_1553_cov_4.753156	1553	56.41
GC1003827_F08_NODE_5492_length_1553_cov_4.336606	1553	49.65
GC1003827_F08_NODE_5493_length_1553_cov_4.309958	1553	50.55
GC1003827_F08_NODE_5494_length_1553_cov_2.809257	1553	54.73
GC1003827_F08_NODE_5495_length_1553_cov_1.778401	1553	52.93
GC1003827_F08_NODE_5496_length_1553_cov_1.009116	1553	60.59
GC1003827_F08_NODE_5497_length_1552_cov_7.625965	1552	55.48
GC1003827_F08_NODE_5498_length_1552_cov_6.487018	1552	51.10
GC1003827_F08_NODE_5499_length_1552_cov_5.971228	1552	56.51
GC1003827_F08_NODE_5500_length_1552_cov_4.840000	1552	46.71
GC1003827_F08_NODE_5501_length_1552_cov_3.369123	1552	47.10
GC1003827_F08_NODE_5502_length_1552_cov_3.310877	1552	52.38
GC1003827_F08_NODE_5503_length_1552_cov_2.437895	1552	55.86
GC1003827_F08_NODE_5504_length_1552_cov_1.821053	1552	42.20
GC1003827_F08_NODE_5505_length_1551_cov_3.814607	1551	51.06
GC1003827_F08_NODE_5506_length_1551_cov_3.371489	1551	54.16
GC1003827_F08_NODE_5507_length_1551_cov_2.689607	1551	56.42
GC1003827_F08_NODE_5508_length_1551_cov_1.639045	1551	51.39
GC1003827_F08_NODE_5509_length_1550_cov_14.699227	1550	43.55
GC1003827_F08_NODE_5510_length_1550_cov_11.634575	1550	51.81
GC1003827_F08_NODE_5511_length_1550_cov_9.640900	1550	51.42
GC1003827_F08_NODE_5512_length_1550_cov_9.350668	1550	47.68
GC1003827_F08_NODE_5513_length_1550_cov_7.240337	1550	55.10
GC1003827_F08_NODE_5514_length_1550_cov_6.369642	1550	44.90
GC1003827_F08_NODE_5515_length_1550_cov_4.799016	1550	51.87
GC1003827_F08_NODE_5516_length_1549_cov_9.266526	1549	53.91
GC1003827_F08_NODE_5517_length_1549_cov_8.251758	1549	45.13
GC1003827_F08_NODE_5518_length_1549_cov_5.109001	1549	53.26
GC1003827_F08_NODE_5519_length_1549_cov_4.884669	1549	58.10
GC1003827_F08_NODE_5520_length_1549_cov_4.371308	1549	47.00
GC1003827_F08_NODE_5521_length_1549_cov_3.814346	1549	52.94
GC1003827_F08_NODE_5522_length_1549_cov_1.763713	1549	57.84
GC1003827_F08_NODE_5523_length_1549_cov_1.673699	1549	55.33
GC1003827_F08_NODE_5524_length_1548_cov_15.571429	1548	53.23
GC1003827_F08_NODE_5525_length_1548_cov_6.084448	1548	53.36
GC1003827_F08_NODE_5526_length_1548_cov_4.975369	1548	48.39
GC1003827_F08_NODE_5527_length_1548_cov_3.768473	1548	49.94
GC1003827_F08_NODE_5528_length_1548_cov_3.700915	1548	50.52
GC1003827_F08_NODE_5529_length_1548_cov_2.318086	1548	50.06
GC1003827_F08_NODE_5530_length_1548_cov_1.529909	1548	59.11
GC1003827_F08_NODE_5531_length_1548_cov_1.397607	1548	55.17
GC1003827_F08_NODE_5532_length_1548_cov_0.809289	1548	47.55
GC1003827_F08_NODE_5533_length_1547_cov_4.323944	1547	58.11
GC1003827_F08_NODE_5534_length_1547_cov_3.647183	1547	53.72
GC1003827_F08_NODE_5535_length_1547_cov_3.620423	1547	51.00
GC1003827_F08_NODE_5536_length_1547_cov_3.577465	1547	52.10
GC1003827_F08_NODE_5537_length_1547_cov_1.985915	1547	51.39
GC1003827_F08_NODE_5538_length_1546_cov_14.301621	1546	47.74
GC1003827_F08_NODE_5539_length_1546_cov_5.004228	1546	46.51
GC1003827_F08_NODE_5540_length_1546_cov_4.921071	1546	51.03
GC1003827_F08_NODE_5541_length_1546_cov_3.922481	1546	53.36
GC1003827_F08_NODE_5542_length_1546_cov_3.055673	1546	52.85
GC1003827_F08_NODE_5543_length_1546_cov_2.062720	1546	57.37
GC1003827_F08_NODE_5544_length_1546_cov_1.693446	1546	60.48
GC1003827_F08_NODE_5545_length_1545_cov_15.115656	1545	49.32
GC1003827_F08_NODE_5546_length_1545_cov_4.495063	1545	53.46
GC1003827_F08_NODE_5547_length_1545_cov_3.237659	1545	60.45
GC1003827_F08_NODE_5548_length_1545_cov_1.241185	1545	56.83
GC1003827_F08_NODE_5549_length_1544_cov_8.385321	1544	53.50
GC1003827_F08_NODE_5550_length_1544_cov_3.674665	1544	54.27
GC1003827_F08_NODE_5551_length_1544_cov_3.152435	1544	58.23
GC1003827_F08_NODE_5552_length_1544_cov_1.923783	1544	46.44
GC1003827_F08_NODE_5553_length_1544_cov_1.859562	1544	54.08
GC1003827_F08_NODE_5554_length_1543_cov_18.050847	1543	53.53
GC1003827_F08_NODE_5555_length_1543_cov_5.663842	1543	57.36
GC1003827_F08_NODE_5556_length_1543_cov_5.207627	1543	47.96
GC1003827_F08_NODE_5557_length_1543_cov_4.371469	1543	56.77
GC1003827_F08_NODE_5558_length_1543_cov_3.437147	1543	57.03
GC1003827_F08_NODE_5559_length_1542_cov_7.914488	1542	54.73
GC1003827_F08_NODE_5560_length_1542_cov_3.298940	1542	52.59
GC1003827_F08_NODE_5561_length_1541_cov_18.067185	1541	54.12
GC1003827_F08_NODE_5562_length_1541_cov_5.372702	1541	48.73
GC1003827_F08_NODE_5563_length_1541_cov_5.013437	1541	54.45
GC1003827_F08_NODE_5564_length_1541_cov_2.918670	1541	58.27
GC1003827_F08_NODE_5565_length_1541_cov_2.772277	1541	47.83
GC1003827_F08_NODE_5566_length_1540_cov_7.525832	1540	47.40
GC1003827_F08_NODE_5567_length_1540_cov_5.239915	1540	54.16
GC1003827_F08_NODE_5568_length_1540_cov_4.295117	1540	47.99
GC1003827_F08_NODE_5569_length_1540_cov_3.631281	1540	47.01
GC1003827_F08_NODE_5570_length_1539_cov_9.059490	1539	48.54
GC1003827_F08_NODE_5571_length_1539_cov_7.167139	1539	46.78
GC1003827_F08_NODE_5572_length_1539_cov_5.899433	1539	49.38
GC1003827_F08_NODE_5573_length_1539_cov_5.621105	1539	52.05
GC1003827_F08_NODE_5574_length_1539_cov_3.588527	1539	50.42
GC1003827_F08_NODE_5575_length_1539_cov_3.246459	1539	53.35
GC1003827_F08_NODE_5576_length_1539_cov_1.810907	1539	46.52
GC1003827_F08_NODE_5577_length_1539_cov_1.184844	1539	57.57
GC1003827_F08_NODE_5578_length_1538_cov_21.284904	1538	40.77
GC1003827_F08_NODE_5579_length_1538_cov_3.496811	1538	51.63
GC1003827_F08_NODE_5580_length_1538_cov_3.168675	1538	52.28
GC1003827_F08_NODE_5581_length_1538_cov_2.835578	1538	53.25
GC1003827_F08_NODE_5582_length_1537_cov_9.801418	1537	54.59
GC1003827_F08_NODE_5583_length_1537_cov_9.326241	1537	47.63
GC1003827_F08_NODE_5584_length_1537_cov_5.456028	1537	54.07
GC1003827_F08_NODE_5585_length_1537_cov_4.727660	1537	47.56
GC1003827_F08_NODE_5586_length_1537_cov_2.258865	1537	50.03
GC1003827_F08_NODE_5587_length_1537_cov_2.228369	1537	58.17
GC1003827_F08_NODE_5588_length_1536_cov_7.409510	1536	50.39
GC1003827_F08_NODE_5589_length_1536_cov_4.563520	1536	58.33
GC1003827_F08_NODE_5590_length_1536_cov_2.413059	1536	56.58
GC1003827_F08_NODE_5591_length_1535_cov_7.720170	1535	55.05
GC1003827_F08_NODE_5592_length_1535_cov_3.789773	1535	44.82
GC1003827_F08_NODE_5593_length_1535_cov_1.273438	1535	54.53
GC1003827_F08_NODE_5594_length_1534_cov_7.535892	1534	44.98
GC1003827_F08_NODE_5595_length_1534_cov_5.444918	1534	51.04
GC1003827_F08_NODE_5596_length_1534_cov_5.151386	1534	42.44
GC1003827_F08_NODE_5597_length_1534_cov_3.164890	1534	51.24
GC1003827_F08_NODE_5598_length_1534_cov_2.895522	1534	51.83
GC1003827_F08_NODE_5599_length_1534_cov_2.746979	1534	44.39
GC1003827_F08_NODE_5600_length_1534_cov_1.857854	1534	51.50
GC1003827_F08_NODE_5601_length_1533_cov_13.472262	1533	41.03
GC1003827_F08_NODE_5602_length_1533_cov_11.126600	1533	45.92
GC1003827_F08_NODE_5603_length_1533_cov_5.216927	1533	49.71
GC1003827_F08_NODE_5604_length_1533_cov_4.256046	1533	55.84
GC1003827_F08_NODE_5605_length_1533_cov_3.629445	1533	46.31
GC1003827_F08_NODE_5606_length_1533_cov_3.605263	1533	49.51
GC1003827_F08_NODE_5607_length_1533_cov_3.077525	1533	49.32
GC1003827_F08_NODE_5608_length_1532_cov_13.342349	1532	49.67
GC1003827_F08_NODE_5609_length_1532_cov_8.609253	1532	51.37
GC1003827_F08_NODE_5610_length_1532_cov_4.531673	1532	53.13
GC1003827_F08_NODE_5611_length_1532_cov_2.641993	1532	56.92
GC1003827_F08_NODE_5612_length_1532_cov_2.294662	1532	49.48
GC1003827_F08_NODE_5613_length_1531_cov_20.930199	1531	47.81
GC1003827_F08_NODE_5614_length_1531_cov_15.036325	1531	51.27
GC1003827_F08_NODE_5615_length_1531_cov_14.174501	1531	46.31
GC1003827_F08_NODE_5616_length_1531_cov_12.194444	1531	46.64
GC1003827_F08_NODE_5617_length_1531_cov_9.137464	1531	54.54
GC1003827_F08_NODE_5618_length_1531_cov_9.131054	1531	48.79
GC1003827_F08_NODE_5619_length_1531_cov_7.457977	1531	50.10
GC1003827_F08_NODE_5620_length_1531_cov_4.955840	1531	56.50
GC1003827_F08_NODE_5621_length_1531_cov_4.002137	1531	57.94
GC1003827_F08_NODE_5622_length_1531_cov_3.306980	1531	49.44
GC1003827_F08_NODE_5623_length_1530_cov_15.764790	1530	47.19
GC1003827_F08_NODE_5624_length_1530_cov_8.177477	1530	49.61
GC1003827_F08_NODE_5625_length_1530_cov_8.045617	1530	57.25
GC1003827_F08_NODE_5626_length_1530_cov_6.635780	1530	47.52
GC1003827_F08_NODE_5627_length_1530_cov_6.074127	1530	46.08
GC1003827_F08_NODE_5628_length_1530_cov_5.856023	1530	58.76
GC1003827_F08_NODE_5629_length_1530_cov_4.749822	1530	55.36
GC1003827_F08_NODE_5630_length_1530_cov_3.857448	1530	55.03
GC1003827_F08_NODE_5631_length_1529_cov_11.355207	1529	44.28
GC1003827_F08_NODE_5632_length_1529_cov_10.299572	1529	52.32
GC1003827_F08_NODE_5633_length_1529_cov_5.591298	1529	56.70
GC1003827_F08_NODE_5634_length_1529_cov_4.783167	1529	49.84
GC1003827_F08_NODE_5635_length_1529_cov_3.420114	1529	45.91
GC1003827_F08_NODE_5636_length_1529_cov_2.981455	1529	39.50
GC1003827_F08_NODE_5637_length_1529_cov_2.758916	1529	52.71
GC1003827_F08_NODE_5638_length_1529_cov_2.385877	1529	53.70
GC1003827_F08_NODE_5639_length_1528_cov_13.396859	1528	49.35
GC1003827_F08_NODE_5640_length_1528_cov_7.756602	1528	53.01
GC1003827_F08_NODE_5641_length_1528_cov_7.703069	1528	44.83
GC1003827_F08_NODE_5642_length_1528_cov_5.523911	1528	49.93
GC1003827_F08_NODE_5643_length_1528_cov_4.179158	1528	51.57
GC1003827_F08_NODE_5644_length_1528_cov_2.553176	1528	48.10
GC1003827_F08_NODE_5645_length_1528_cov_2.035689	1528	55.04
GC1003827_F08_NODE_5646_length_1527_cov_30.232143	1527	55.53
GC1003827_F08_NODE_5647_length_1527_cov_8.595000	1527	50.82
GC1003827_F08_NODE_5648_length_1527_cov_6.567143	1527	57.83
GC1003827_F08_NODE_5649_length_1527_cov_2.692143	1527	57.63
GC1003827_F08_NODE_5650_length_1527_cov_1.824286	1527	58.42
GC1003827_F08_NODE_5651_length_1526_cov_18.237312	1526	53.34
GC1003827_F08_NODE_5652_length_1526_cov_8.299500	1526	57.60
GC1003827_F08_NODE_5653_length_1526_cov_7.706219	1526	46.40
GC1003827_F08_NODE_5654_length_1526_cov_4.987134	1526	50.72
GC1003827_F08_NODE_5655_length_1526_cov_3.508220	1526	53.01
GC1003827_F08_NODE_5656_length_1526_cov_1.074339	1526	55.11
GC1003827_F08_NODE_5657_length_1525_cov_9.412017	1525	51.08
GC1003827_F08_NODE_5658_length_1525_cov_4.269671	1525	55.74
GC1003827_F08_NODE_5659_length_1525_cov_4.015021	1525	51.80
GC1003827_F08_NODE_5660_length_1525_cov_3.623033	1525	56.07
GC1003827_F08_NODE_5661_length_1525_cov_2.148069	1525	59.08
GC1003827_F08_NODE_5662_length_1525_cov_1.762518	1525	52.98
GC1003827_F08_NODE_5663_length_1525_cov_1.612303	1525	57.84
GC1003827_F08_NODE_5664_length_1524_cov_18.146027	1524	50.66
GC1003827_F08_NODE_5665_length_1524_cov_5.816034	1524	47.05
GC1003827_F08_NODE_5666_length_1524_cov_3.613457	1524	50.59
GC1003827_F08_NODE_5667_length_1524_cov_2.304223	1524	54.13
GC1003827_F08_NODE_5668_length_1524_cov_1.458125	1524	55.71
GC1003827_F08_NODE_5669_length_1523_cov_11.002149	1523	49.11
GC1003827_F08_NODE_5670_length_1523_cov_5.265043	1523	46.75
GC1003827_F08_NODE_5671_length_1523_cov_4.167622	1523	56.01
GC1003827_F08_NODE_5672_length_1523_cov_3.722063	1523	52.79
GC1003827_F08_NODE_5673_length_1523_cov_2.895415	1523	51.61
GC1003827_F08_NODE_5674_length_1522_cov_11.476703	1522	52.56
GC1003827_F08_NODE_5675_length_1522_cov_7.589247	1522	56.83
GC1003827_F08_NODE_5676_length_1522_cov_5.174194	1522	56.37
GC1003827_F08_NODE_5677_length_1522_cov_3.706093	1522	51.45
GC1003827_F08_NODE_5678_length_1521_cov_6.187948	1521	51.08
GC1003827_F08_NODE_5679_length_1521_cov_5.915352	1521	51.68
GC1003827_F08_NODE_5680_length_1521_cov_5.893113	1521	56.28
GC1003827_F08_NODE_5681_length_1521_cov_4.263271	1521	51.15
GC1003827_F08_NODE_5682_length_1521_cov_2.114778	1521	43.59
GC1003827_F08_NODE_5683_length_1520_cov_11.927495	1520	55.13
GC1003827_F08_NODE_5684_length_1520_cov_7.452261	1520	53.68
GC1003827_F08_NODE_5685_length_1520_cov_6.162240	1520	48.16
GC1003827_F08_NODE_5686_length_1520_cov_5.142139	1520	54.34
GC1003827_F08_NODE_5687_length_1520_cov_4.362527	1520	51.84
GC1003827_F08_NODE_5688_length_1519_cov_9.939655	1519	54.38
GC1003827_F08_NODE_5689_length_1519_cov_7.578305	1519	57.21
GC1003827_F08_NODE_5690_length_1519_cov_5.490661	1519	52.86
GC1003827_F08_NODE_5691_length_1519_cov_3.553161	1519	49.64
GC1003827_F08_NODE_5692_length_1519_cov_3.338362	1519	55.17
GC1003827_F08_NODE_5693_length_1519_cov_2.910920	1519	51.88
GC1003827_F08_NODE_5694_length_1519_cov_1.494253	1519	51.55
GC1003827_F08_NODE_5695_length_1518_cov_8.199856	1518	51.58
GC1003827_F08_NODE_5696_length_1518_cov_4.991373	1518	63.44
GC1003827_F08_NODE_5697_length_1518_cov_3.418404	1518	60.54
GC1003827_F08_NODE_5698_length_1518_cov_3.267434	1518	56.39
GC1003827_F08_NODE_5699_length_1518_cov_2.798706	1518	54.61
GC1003827_F08_NODE_5700_length_1517_cov_7.297122	1517	54.58
GC1003827_F08_NODE_5701_length_1517_cov_3.900719	1517	58.08
GC1003827_F08_NODE_5702_length_1516_cov_2.168467	1516	55.54
GC1003827_F08_NODE_5703_length_1515_cov_6.904899	1515	50.23
GC1003827_F08_NODE_5704_length_1515_cov_6.025216	1515	48.38
GC1003827_F08_NODE_5705_length_1515_cov_5.002161	1515	54.59
GC1003827_F08_NODE_5706_length_1515_cov_4.188040	1515	53.27
GC1003827_F08_NODE_5707_length_1515_cov_3.180115	1515	56.50
GC1003827_F08_NODE_5708_length_1515_cov_1.585735	1515	55.71
GC1003827_F08_NODE_5709_length_1515_cov_1.156340	1515	42.57
GC1003827_F08_NODE_5710_length_1514_cov_6.688536	1514	54.82
GC1003827_F08_NODE_5711_length_1514_cov_5.154290	1514	49.87
GC1003827_F08_NODE_5712_length_1514_cov_4.069214	1514	53.57
GC1003827_F08_NODE_5713_length_1514_cov_3.461428	1514	55.22
GC1003827_F08_NODE_5714_length_1514_cov_3.310743	1514	55.09
GC1003827_F08_NODE_5715_length_1514_cov_3.072819	1514	61.10
GC1003827_F08_NODE_5716_length_1513_cov_12.163059	1513	44.35
GC1003827_F08_NODE_5717_length_1513_cov_9.289322	1513	49.83
GC1003827_F08_NODE_5718_length_1513_cov_4.813853	1513	52.68
GC1003827_F08_NODE_5719_length_1512_cov_22.686643	1512	46.43
GC1003827_F08_NODE_5720_length_1512_cov_12.058484	1512	51.26
GC1003827_F08_NODE_5721_length_1512_cov_10.425993	1512	51.46
GC1003827_F08_NODE_5722_length_1512_cov_9.948736	1512	47.88
GC1003827_F08_NODE_5723_length_1512_cov_9.010108	1512	53.70
GC1003827_F08_NODE_5724_length_1512_cov_5.791336	1512	51.39
GC1003827_F08_NODE_5725_length_1512_cov_1.592780	1512	43.72
GC1003827_F08_NODE_5726_length_1511_cov_8.684971	1511	59.89
GC1003827_F08_NODE_5727_length_1511_cov_8.657514	1511	55.20
GC1003827_F08_NODE_5728_length_1511_cov_3.936416	1511	55.00
GC1003827_F08_NODE_5729_length_1511_cov_2.315751	1511	50.69
GC1003827_F08_NODE_5730_length_1510_cov_10.655098	1510	44.50
GC1003827_F08_NODE_5731_length_1510_cov_5.028200	1510	50.60
GC1003827_F08_NODE_5732_length_1510_cov_5.024584	1510	57.42
GC1003827_F08_NODE_5733_length_1510_cov_4.569053	1510	54.57
GC1003827_F08_NODE_5734_length_1510_cov_3.263919	1510	53.51
GC1003827_F08_NODE_5735_length_1510_cov_2.576283	1510	58.41
GC1003827_F08_NODE_5736_length_1510_cov_1.234996	1510	59.21
GC1003827_F08_NODE_5737_length_1510_cov_1.085322	1510	55.89
GC1003827_F08_NODE_5738_length_1509_cov_17.050651	1509	50.10
GC1003827_F08_NODE_5739_length_1509_cov_9.429812	1509	47.85
GC1003827_F08_NODE_5740_length_1509_cov_7.540521	1509	54.61
GC1003827_F08_NODE_5741_length_1509_cov_5.034009	1509	48.24
GC1003827_F08_NODE_5742_length_1509_cov_3.625904	1509	53.88
GC1003827_F08_NODE_5743_length_1509_cov_1.813314	1509	56.13
GC1003827_F08_NODE_5744_length_1509_cov_0.714906	1509	50.10
GC1003827_F08_NODE_5745_length_1508_cov_13.235337	1508	44.16
GC1003827_F08_NODE_5746_length_1508_cov_6.481535	1508	58.89
GC1003827_F08_NODE_5747_length_1508_cov_4.422882	1508	43.17
GC1003827_F08_NODE_5748_length_1507_cov_10.432609	1507	48.97
GC1003827_F08_NODE_5749_length_1507_cov_6.248551	1507	55.14
GC1003827_F08_NODE_5750_length_1507_cov_5.441304	1507	44.59
GC1003827_F08_NODE_5751_length_1507_cov_5.289130	1507	54.94
GC1003827_F08_NODE_5752_length_1507_cov_3.922464	1507	55.14
GC1003827_F08_NODE_5753_length_1507_cov_2.618116	1507	53.02
GC1003827_F08_NODE_5754_length_1507_cov_1.555797	1507	49.10
GC1003827_F08_NODE_5755_length_1507_cov_1.375362	1507	37.16
GC1003827_F08_NODE_5756_length_1506_cov_15.131255	1506	48.94
GC1003827_F08_NODE_5757_length_1506_cov_9.562001	1506	44.82
GC1003827_F08_NODE_5758_length_1506_cov_7.708484	1506	45.02
GC1003827_F08_NODE_5759_length_1506_cov_5.808557	1506	52.66
GC1003827_F08_NODE_5760_length_1506_cov_4.163887	1506	48.41
GC1003827_F08_NODE_5761_length_1506_cov_3.451777	1506	46.81
GC1003827_F08_NODE_5762_length_1506_cov_3.424220	1506	54.78
GC1003827_F08_NODE_5763_length_1506_cov_3.276287	1506	57.37
GC1003827_F08_NODE_5764_length_1506_cov_3.004351	1506	51.79
GC1003827_F08_NODE_5765_length_1506_cov_2.540972	1506	54.25
GC1003827_F08_NODE_5766_length_1506_cov_2.423495	1506	56.37
GC1003827_F08_NODE_5767_length_1506_cov_2.137056	1506	46.95
GC1003827_F08_NODE_5768_length_1506_cov_1.474982	1506	52.92
GC1003827_F08_NODE_5769_length_1505_cov_8.738026	1505	46.05
GC1003827_F08_NODE_5770_length_1505_cov_7.092888	1505	43.79
GC1003827_F08_NODE_5771_length_1505_cov_6.682874	1505	41.33
GC1003827_F08_NODE_5772_length_1505_cov_6.492743	1505	48.70
GC1003827_F08_NODE_5773_length_1505_cov_2.497823	1505	51.83
GC1003827_F08_NODE_5774_length_1504_cov_10.035585	1504	49.47
GC1003827_F08_NODE_5775_length_1504_cov_9.278141	1504	56.32
GC1003827_F08_NODE_5776_length_1504_cov_8.824982	1504	53.79
GC1003827_F08_NODE_5777_length_1504_cov_5.669572	1504	57.38
GC1003827_F08_NODE_5778_length_1504_cov_5.546841	1504	50.86
GC1003827_F08_NODE_5779_length_1504_cov_5.387073	1504	49.80
GC1003827_F08_NODE_5780_length_1504_cov_4.910675	1504	44.35
GC1003827_F08_NODE_5781_length_1504_cov_2.791576	1504	62.30
GC1003827_F08_NODE_5782_length_1504_cov_2.723312	1504	51.73
GC1003827_F08_NODE_5783_length_1504_cov_2.411038	1504	54.79
GC1003827_F08_NODE_5784_length_1504_cov_1.350036	1504	55.65
GC1003827_F08_NODE_5785_length_1503_cov_18.651163	1503	51.23
GC1003827_F08_NODE_5786_length_1503_cov_8.944767	1503	43.78
GC1003827_F08_NODE_5787_length_1503_cov_4.040698	1503	49.63
GC1003827_F08_NODE_5788_length_1503_cov_3.321221	1503	45.58
GC1003827_F08_NODE_5789_length_1503_cov_2.875000	1503	53.83
GC1003827_F08_NODE_5790_length_1503_cov_2.432413	1503	46.17
GC1003827_F08_NODE_5791_length_1503_cov_2.381541	1503	51.96
GC1003827_F08_NODE_5792_length_1503_cov_2.209302	1503	53.63
GC1003827_F08_NODE_5793_length_1503_cov_2.196948	1503	60.21
GC1003827_F08_NODE_5794_length_1503_cov_1.792151	1503	51.83
GC1003827_F08_NODE_5795_length_1502_cov_11.870545	1502	46.47
GC1003827_F08_NODE_5796_length_1502_cov_6.942545	1502	47.20
GC1003827_F08_NODE_5797_length_1502_cov_5.543273	1502	52.46
GC1003827_F08_NODE_5798_length_1502_cov_4.142545	1502	52.80
GC1003827_F08_NODE_5799_length_1502_cov_4.000000	1502	55.13
GC1003827_F08_NODE_5800_length_1502_cov_3.807273	1502	42.14
GC1003827_F08_NODE_5801_length_1502_cov_3.738182	1502	59.32
GC1003827_F08_NODE_5802_length_1501_cov_15.422853	1501	40.97
GC1003827_F08_NODE_5803_length_1501_cov_7.552402	1501	40.97
GC1003827_F08_NODE_5804_length_1501_cov_5.374090	1501	47.30
GC1003827_F08_NODE_5805_length_1501_cov_4.274381	1501	54.43
GC1003827_F08_NODE_5806_length_1501_cov_2.096070	1501	50.37
GC1003827_F08_NODE_5807_length_1501_cov_1.471616	1501	56.30
GC1003827_F08_NODE_5808_length_1500_cov_10.109250	1500	52.13
GC1003827_F08_NODE_5809_length_1500_cov_6.646031	1500	52.80
GC1003827_F08_NODE_5810_length_1500_cov_6.464676	1500	44.93
GC1003827_F08_NODE_5811_length_1500_cov_4.554261	1500	50.93
GC1003827_F08_NODE_5812_length_1500_cov_2.651857	1500	46.80
GC1003827_F08_NODE_5813_length_1500_cov_2.038602	1500	55.27
GC1003827_F08_NODE_5814_length_1500_cov_0.834669	1500	48.07
GC1003827_F08_NODE_5815_length_1499_cov_17.582362	1499	46.90
GC1003827_F08_NODE_5816_length_1499_cov_11.653790	1499	53.50
GC1003827_F08_NODE_5817_length_1499_cov_10.198980	1499	51.70
GC1003827_F08_NODE_5818_length_1499_cov_9.807580	1499	52.17
GC1003827_F08_NODE_5819_length_1499_cov_6.215015	1499	48.77
GC1003827_F08_NODE_5820_length_1499_cov_5.247085	1499	44.63
GC1003827_F08_NODE_5821_length_1499_cov_4.830904	1499	53.30
GC1003827_F08_NODE_5822_length_1499_cov_3.185131	1499	54.70
GC1003827_F08_NODE_5823_length_1499_cov_3.179300	1499	51.57
GC1003827_F08_NODE_5824_length_1499_cov_3.094752	1499	50.83
GC1003827_F08_NODE_5825_length_1498_cov_28.457330	1498	47.66
GC1003827_F08_NODE_5826_length_1498_cov_9.368344	1498	52.00
GC1003827_F08_NODE_5827_length_1498_cov_6.978848	1498	55.67
GC1003827_F08_NODE_5828_length_1498_cov_5.838074	1498	55.27
GC1003827_F08_NODE_5829_length_1498_cov_5.602480	1498	51.00
GC1003827_F08_NODE_5830_length_1498_cov_3.783370	1498	51.60
GC1003827_F08_NODE_5831_length_1498_cov_2.031364	1498	56.07
GC1003827_F08_NODE_5832_length_1497_cov_9.949635	1497	42.22
GC1003827_F08_NODE_5833_length_1497_cov_7.089781	1497	49.97
GC1003827_F08_NODE_5834_length_1497_cov_7.046715	1497	43.15
GC1003827_F08_NODE_5835_length_1497_cov_5.507299	1497	47.56
GC1003827_F08_NODE_5836_length_1497_cov_4.908029	1497	56.31
GC1003827_F08_NODE_5837_length_1497_cov_4.897080	1497	47.63
GC1003827_F08_NODE_5838_length_1497_cov_2.614599	1497	58.25
GC1003827_F08_NODE_5839_length_1497_cov_0.921168	1497	56.78
GC1003827_F08_NODE_5840_length_1497_cov_0.864964	1497	51.04
GC1003827_F08_NODE_5841_length_1497_cov_0.788321	1497	46.83
GC1003827_F08_NODE_5842_length_1496_cov_5.010957	1496	57.62
GC1003827_F08_NODE_5843_length_1496_cov_4.360117	1496	48.80
GC1003827_F08_NODE_5844_length_1496_cov_4.267348	1496	54.81
GC1003827_F08_NODE_5845_length_1496_cov_4.015340	1496	51.87
GC1003827_F08_NODE_5846_length_1496_cov_2.372535	1496	40.11
GC1003827_F08_NODE_5847_length_1496_cov_2.049671	1496	57.15
GC1003827_F08_NODE_5848_length_1495_cov_8.274123	1495	49.23
GC1003827_F08_NODE_5849_length_1495_cov_5.962719	1495	46.62
GC1003827_F08_NODE_5850_length_1495_cov_4.994152	1495	56.12
GC1003827_F08_NODE_5851_length_1495_cov_4.052632	1495	48.90
GC1003827_F08_NODE_5852_length_1495_cov_3.632310	1495	50.97
GC1003827_F08_NODE_5853_length_1495_cov_3.024854	1495	50.37
GC1003827_F08_NODE_5854_length_1495_cov_2.687865	1495	58.80
GC1003827_F08_NODE_5855_length_1495_cov_2.165936	1495	52.78
GC1003827_F08_NODE_5856_length_1494_cov_10.725677	1494	49.60
GC1003827_F08_NODE_5857_length_1494_cov_6.193124	1494	56.83
GC1003827_F08_NODE_5858_length_1494_cov_3.498171	1494	49.60
GC1003827_F08_NODE_5859_length_1494_cov_2.269934	1494	42.44
GC1003827_F08_NODE_5860_length_1494_cov_0.965618	1494	50.80
GC1003827_F08_NODE_5861_length_1494_cov_0.705925	1494	49.33
GC1003827_F08_NODE_5862_length_1493_cov_10.672767	1493	47.09
GC1003827_F08_NODE_5863_length_1493_cov_10.536603	1493	45.48
GC1003827_F08_NODE_5864_length_1493_cov_10.099561	1493	49.10
GC1003827_F08_NODE_5865_length_1493_cov_6.433382	1493	46.35
GC1003827_F08_NODE_5866_length_1493_cov_5.707906	1493	50.57
GC1003827_F08_NODE_5867_length_1493_cov_3.197657	1493	37.71
GC1003827_F08_NODE_5868_length_1493_cov_2.725476	1493	47.42
GC1003827_F08_NODE_5869_length_1493_cov_2.535139	1493	59.21
GC1003827_F08_NODE_5870_length_1493_cov_0.687408	1493	50.97
GC1003827_F08_NODE_5871_length_1492_cov_8.334066	1492	45.31
GC1003827_F08_NODE_5872_length_1492_cov_5.761172	1492	44.37
GC1003827_F08_NODE_5873_length_1492_cov_5.652015	1492	45.11
GC1003827_F08_NODE_5874_length_1492_cov_3.669597	1492	50.07
GC1003827_F08_NODE_5875_length_1492_cov_1.906960	1492	45.44
GC1003827_F08_NODE_5876_length_1491_cov_11.050587	1491	58.35
GC1003827_F08_NODE_5877_length_1491_cov_8.151026	1491	60.70
GC1003827_F08_NODE_5878_length_1491_cov_4.879765	1491	50.37
GC1003827_F08_NODE_5879_length_1491_cov_3.531525	1491	53.52
GC1003827_F08_NODE_5880_length_1490_cov_9.964784	1490	49.66
GC1003827_F08_NODE_5881_length_1490_cov_8.617021	1490	45.30
GC1003827_F08_NODE_5882_length_1490_cov_7.531181	1490	57.11
GC1003827_F08_NODE_5883_length_1489_cov_9.492658	1489	48.76
GC1003827_F08_NODE_5884_length_1489_cov_7.464758	1489	47.21
GC1003827_F08_NODE_5885_length_1489_cov_6.871512	1489	61.45
GC1003827_F08_NODE_5886_length_1489_cov_4.555800	1489	49.23
GC1003827_F08_NODE_5887_length_1489_cov_2.118943	1489	50.84
GC1003827_F08_NODE_5888_length_1489_cov_2.022026	1489	56.15
GC1003827_F08_NODE_5889_length_1489_cov_0.935389	1489	58.56
GC1003827_F08_NODE_5890_length_1488_cov_14.598090	1488	49.93
GC1003827_F08_NODE_5891_length_1488_cov_11.753857	1488	48.86
GC1003827_F08_NODE_5892_length_1488_cov_8.115356	1488	52.69
GC1003827_F08_NODE_5893_length_1488_cov_6.484203	1488	41.87
GC1003827_F08_NODE_5894_length_1488_cov_5.088905	1488	45.70
GC1003827_F08_NODE_5895_length_1488_cov_4.202792	1488	53.36
GC1003827_F08_NODE_5896_length_1488_cov_3.015430	1488	55.31
GC1003827_F08_NODE_5897_length_1487_cov_7.809559	1487	49.83
GC1003827_F08_NODE_5898_length_1487_cov_6.969853	1487	55.75
GC1003827_F08_NODE_5899_length_1487_cov_3.922059	1487	52.79
GC1003827_F08_NODE_5900_length_1487_cov_3.340441	1487	57.90
GC1003827_F08_NODE_5901_length_1487_cov_2.722794	1487	53.26
GC1003827_F08_NODE_5902_length_1487_cov_1.597059	1487	58.24
GC1003827_F08_NODE_5903_length_1486_cov_11.772627	1486	50.81
GC1003827_F08_NODE_5904_length_1486_cov_7.939662	1486	54.98
GC1003827_F08_NODE_5905_length_1486_cov_4.707138	1486	54.37
GC1003827_F08_NODE_5906_length_1486_cov_3.289919	1486	53.30
GC1003827_F08_NODE_5907_length_1486_cov_2.501104	1486	51.68
GC1003827_F08_NODE_5908_length_1486_cov_2.332597	1486	58.41
GC1003827_F08_NODE_5909_length_1485_cov_16.884389	1485	49.76
GC1003827_F08_NODE_5910_length_1485_cov_7.835788	1485	43.91
GC1003827_F08_NODE_5911_length_1485_cov_5.282032	1485	45.32
GC1003827_F08_NODE_5912_length_1485_cov_3.871134	1485	54.68
GC1003827_F08_NODE_5913_length_1485_cov_3.656848	1485	54.75
GC1003827_F08_NODE_5914_length_1485_cov_2.764359	1485	46.73
GC1003827_F08_NODE_5915_length_1485_cov_2.605302	1485	52.19
GC1003827_F08_NODE_5916_length_1485_cov_2.131075	1485	52.66
GC1003827_F08_NODE_5917_length_1484_cov_14.951363	1484	57.41
GC1003827_F08_NODE_5918_length_1484_cov_11.553427	1484	56.47
GC1003827_F08_NODE_5919_length_1484_cov_7.489315	1484	56.81
GC1003827_F08_NODE_5920_length_1484_cov_7.389831	1484	53.10
GC1003827_F08_NODE_5921_length_1484_cov_3.788504	1484	50.20
GC1003827_F08_NODE_5922_length_1484_cov_2.649963	1484	49.19
GC1003827_F08_NODE_5923_length_1484_cov_2.372144	1484	39.69
GC1003827_F08_NODE_5924_length_1484_cov_2.027266	1484	54.31
GC1003827_F08_NODE_5925_length_1484_cov_1.682388	1484	57.01
GC1003827_F08_NODE_5926_length_1484_cov_1.361828	1484	47.64
GC1003827_F08_NODE_5927_length_1483_cov_5.423304	1483	53.67
GC1003827_F08_NODE_5928_length_1483_cov_4.005162	1483	58.06
GC1003827_F08_NODE_5929_length_1483_cov_3.287611	1483	51.79
GC1003827_F08_NODE_5930_length_1483_cov_3.287611	1483	47.20
GC1003827_F08_NODE_5931_length_1483_cov_2.452065	1483	55.09
GC1003827_F08_NODE_5932_length_1483_cov_1.479351	1483	47.13
GC1003827_F08_NODE_5933_length_1482_cov_7.231734	1482	52.50
GC1003827_F08_NODE_5934_length_1482_cov_1.106273	1482	53.78
GC1003827_F08_NODE_5935_length_1482_cov_1.053875	1482	58.23
GC1003827_F08_NODE_5936_length_1481_cov_4.804284	1481	47.67
GC1003827_F08_NODE_5937_length_1481_cov_2.983013	1481	58.74
GC1003827_F08_NODE_5938_length_1480_cov_14.456024	1480	43.92
GC1003827_F08_NODE_5939_length_1480_cov_13.749446	1480	50.27
GC1003827_F08_NODE_5940_length_1480_cov_12.716925	1480	54.93
GC1003827_F08_NODE_5941_length_1479_cov_19.217456	1479	48.95
GC1003827_F08_NODE_5942_length_1479_cov_7.843195	1479	51.59
GC1003827_F08_NODE_5943_length_1479_cov_7.342456	1479	55.10
GC1003827_F08_NODE_5944_length_1479_cov_6.869083	1479	54.02
GC1003827_F08_NODE_5945_length_1479_cov_6.173077	1479	47.33
GC1003827_F08_NODE_5946_length_1479_cov_5.177515	1479	50.78
GC1003827_F08_NODE_5947_length_1479_cov_4.855769	1479	48.14
GC1003827_F08_NODE_5948_length_1479_cov_4.758876	1479	50.10
GC1003827_F08_NODE_5949_length_1479_cov_3.400888	1479	52.60
GC1003827_F08_NODE_5950_length_1479_cov_3.053254	1479	49.97
GC1003827_F08_NODE_5951_length_1479_cov_2.433432	1479	46.04
GC1003827_F08_NODE_5952_length_1479_cov_1.965237	1479	55.65
GC1003827_F08_NODE_5953_length_1479_cov_1.807692	1479	48.07
GC1003827_F08_NODE_5954_length_1478_cov_14.831236	1478	50.14
GC1003827_F08_NODE_5955_length_1478_cov_9.408586	1478	52.71
GC1003827_F08_NODE_5956_length_1478_cov_8.124352	1478	55.89
GC1003827_F08_NODE_5957_length_1478_cov_6.802369	1478	59.40
GC1003827_F08_NODE_5958_length_1478_cov_3.707624	1478	55.35
GC1003827_F08_NODE_5959_length_1478_cov_2.815692	1478	40.93
GC1003827_F08_NODE_5960_length_1478_cov_2.507772	1478	50.95
GC1003827_F08_NODE_5961_length_1478_cov_1.493708	1478	55.89
GC1003827_F08_NODE_5962_length_1477_cov_9.437037	1477	45.29
GC1003827_F08_NODE_5963_length_1477_cov_8.977778	1477	47.05
GC1003827_F08_NODE_5964_length_1477_cov_3.968148	1477	54.91
GC1003827_F08_NODE_5965_length_1477_cov_1.354074	1477	45.09
GC1003827_F08_NODE_5966_length_1476_cov_21.673832	1476	51.08
GC1003827_F08_NODE_5967_length_1476_cov_10.554485	1476	49.19
GC1003827_F08_NODE_5968_length_1476_cov_9.083766	1476	52.24
GC1003827_F08_NODE_5969_length_1476_cov_3.782802	1476	46.41
GC1003827_F08_NODE_5970_length_1476_cov_3.351371	1476	57.05
GC1003827_F08_NODE_5971_length_1476_cov_3.220904	1476	49.53
GC1003827_F08_NODE_5972_length_1476_cov_1.737583	1476	55.96
GC1003827_F08_NODE_5973_length_1476_cov_1.466271	1476	45.73
GC1003827_F08_NODE_5974_length_1476_cov_1.229059	1476	43.97
GC1003827_F08_NODE_5975_length_1475_cov_18.832344	1475	55.05
GC1003827_F08_NODE_5976_length_1475_cov_8.729970	1475	50.98
GC1003827_F08_NODE_5977_length_1475_cov_5.133531	1475	54.37
GC1003827_F08_NODE_5978_length_1475_cov_4.873887	1475	51.86
GC1003827_F08_NODE_5979_length_1475_cov_2.928783	1475	42.51
GC1003827_F08_NODE_5980_length_1475_cov_2.784866	1475	54.71
GC1003827_F08_NODE_5981_length_1474_cov_16.269488	1474	45.73
GC1003827_F08_NODE_5982_length_1474_cov_11.887899	1474	51.36
GC1003827_F08_NODE_5983_length_1474_cov_10.590200	1474	47.15
GC1003827_F08_NODE_5984_length_1474_cov_9.218263	1474	41.38
GC1003827_F08_NODE_5985_length_1474_cov_7.939124	1474	41.86
GC1003827_F08_NODE_5986_length_1474_cov_3.659985	1474	52.17
GC1003827_F08_NODE_5987_length_1474_cov_3.399406	1474	55.56
GC1003827_F08_NODE_5988_length_1474_cov_1.561247	1474	50.27
GC1003827_F08_NODE_5989_length_1474_cov_1.461767	1474	56.04
GC1003827_F08_NODE_5990_length_1473_cov_10.399703	1473	46.64
GC1003827_F08_NODE_5991_length_1473_cov_8.102526	1473	50.71
GC1003827_F08_NODE_5992_length_1473_cov_8.026003	1473	47.18
GC1003827_F08_NODE_5993_length_1473_cov_4.788262	1473	46.44
GC1003827_F08_NODE_5994_length_1473_cov_3.540862	1473	53.36
GC1003827_F08_NODE_5995_length_1473_cov_3.017088	1473	51.12
GC1003827_F08_NODE_5996_length_1473_cov_2.822437	1473	50.51
GC1003827_F08_NODE_5997_length_1473_cov_2.006686	1473	51.93
GC1003827_F08_NODE_5998_length_1472_cov_4.311524	1472	56.39
GC1003827_F08_NODE_5999_length_1472_cov_1.002974	1472	56.18
GC1003827_F08_NODE_6000_length_1471_cov_7.238095	1471	54.25
GC1003827_F08_NODE_6001_length_1471_cov_4.831101	1471	53.57
GC1003827_F08_NODE_6002_length_1471_cov_4.447173	1471	49.97
GC1003827_F08_NODE_6003_length_1471_cov_3.833333	1471	57.31
GC1003827_F08_NODE_6004_length_1471_cov_1.956101	1471	47.52
GC1003827_F08_NODE_6005_length_1470_cov_12.965004	1470	59.39
GC1003827_F08_NODE_6006_length_1470_cov_7.466121	1470	57.76
GC1003827_F08_NODE_6007_length_1470_cov_7.198809	1470	45.78
GC1003827_F08_NODE_6008_length_1470_cov_7.115413	1470	51.84
GC1003827_F08_NODE_6009_length_1470_cov_5.326136	1470	51.70
GC1003827_F08_NODE_6010_length_1470_cov_4.087863	1470	41.63
GC1003827_F08_NODE_6011_length_1470_cov_4.062547	1470	48.64
GC1003827_F08_NODE_6012_length_1470_cov_3.702159	1470	57.28
GC1003827_F08_NODE_6013_length_1470_cov_3.668652	1470	52.52
GC1003827_F08_NODE_6014_length_1470_cov_3.273269	1470	54.90
GC1003827_F08_NODE_6015_length_1470_cov_2.481013	1470	49.46
GC1003827_F08_NODE_6016_length_1470_cov_1.545048	1470	51.36
GC1003827_F08_NODE_6017_length_1469_cov_7.529061	1469	52.55
GC1003827_F08_NODE_6018_length_1469_cov_7.460507	1469	52.42
GC1003827_F08_NODE_6019_length_1468_cov_11.287099	1468	50.20
GC1003827_F08_NODE_6020_length_1468_cov_7.636092	1468	52.18
GC1003827_F08_NODE_6021_length_1468_cov_6.832215	1468	45.78
GC1003827_F08_NODE_6022_length_1468_cov_5.888143	1468	50.95
GC1003827_F08_NODE_6023_length_1468_cov_3.994780	1468	56.88
GC1003827_F08_NODE_6024_length_1468_cov_1.398210	1468	54.56
GC1003827_F08_NODE_6025_length_1467_cov_15.191791	1467	40.97
GC1003827_F08_NODE_6026_length_1467_cov_14.765672	1467	48.53
GC1003827_F08_NODE_6027_length_1467_cov_7.844776	1467	47.78
GC1003827_F08_NODE_6028_length_1467_cov_7.189552	1467	58.96
GC1003827_F08_NODE_6029_length_1467_cov_6.640299	1467	40.70
GC1003827_F08_NODE_6030_length_1467_cov_6.191791	1467	54.74
GC1003827_F08_NODE_6031_length_1467_cov_4.494776	1467	45.13
GC1003827_F08_NODE_6032_length_1467_cov_4.394776	1467	46.97
GC1003827_F08_NODE_6033_length_1467_cov_3.137313	1467	59.44
GC1003827_F08_NODE_6034_length_1467_cov_2.425373	1467	43.29
GC1003827_F08_NODE_6035_length_1467_cov_1.850746	1467	54.67
GC1003827_F08_NODE_6036_length_1467_cov_1.726866	1467	58.42
GC1003827_F08_NODE_6037_length_1466_cov_11.256161	1466	49.93
GC1003827_F08_NODE_6038_length_1466_cov_9.403286	1466	47.75
GC1003827_F08_NODE_6039_length_1466_cov_9.000000	1466	53.89
GC1003827_F08_NODE_6040_length_1466_cov_6.331591	1466	47.07
GC1003827_F08_NODE_6041_length_1466_cov_5.289768	1466	50.07
GC1003827_F08_NODE_6042_length_1466_cov_4.967140	1466	45.84
GC1003827_F08_NODE_6043_length_1466_cov_2.202390	1466	52.18
GC1003827_F08_NODE_6044_length_1466_cov_2.182226	1466	52.86
GC1003827_F08_NODE_6045_length_1465_cov_5.416293	1465	46.48
GC1003827_F08_NODE_6046_length_1465_cov_4.355007	1465	55.90
GC1003827_F08_NODE_6047_length_1465_cov_3.794469	1465	39.39
GC1003827_F08_NODE_6048_length_1465_cov_3.245889	1465	57.82
GC1003827_F08_NODE_6049_length_1465_cov_0.927504	1465	58.36
GC1003827_F08_NODE_6050_length_1464_cov_11.708302	1464	54.03
GC1003827_F08_NODE_6051_length_1464_cov_4.990277	1464	56.28
GC1003827_F08_NODE_6052_length_1464_cov_4.929693	1464	55.60
GC1003827_F08_NODE_6053_length_1464_cov_2.827225	1464	54.10
GC1003827_F08_NODE_6054_length_1464_cov_1.386687	1464	37.98
GC1003827_F08_NODE_6055_length_1463_cov_6.084581	1463	50.79
GC1003827_F08_NODE_6056_length_1463_cov_5.696108	1463	44.22
GC1003827_F08_NODE_6057_length_1463_cov_5.468563	1463	44.98
GC1003827_F08_NODE_6058_length_1463_cov_0.762725	1463	56.53
GC1003827_F08_NODE_6059_length_1462_cov_16.699625	1462	46.03
GC1003827_F08_NODE_6060_length_1462_cov_13.158801	1462	55.54
GC1003827_F08_NODE_6061_length_1462_cov_12.486142	1462	42.82
GC1003827_F08_NODE_6062_length_1462_cov_8.558801	1462	47.26
GC1003827_F08_NODE_6063_length_1462_cov_8.268914	1462	47.33
GC1003827_F08_NODE_6064_length_1462_cov_7.485393	1462	57.93
GC1003827_F08_NODE_6065_length_1462_cov_4.764794	1462	56.98
GC1003827_F08_NODE_6066_length_1462_cov_3.909363	1462	47.20
GC1003827_F08_NODE_6067_length_1462_cov_2.169288	1462	54.04
GC1003827_F08_NODE_6068_length_1461_cov_17.754873	1461	52.16
GC1003827_F08_NODE_6069_length_1461_cov_12.768366	1461	47.09
GC1003827_F08_NODE_6070_length_1461_cov_10.461019	1461	52.84
GC1003827_F08_NODE_6071_length_1461_cov_5.683658	1461	49.42
GC1003827_F08_NODE_6072_length_1461_cov_4.996252	1461	55.58
GC1003827_F08_NODE_6073_length_1461_cov_4.706147	1461	48.39
GC1003827_F08_NODE_6074_length_1461_cov_1.609445	1461	54.21
GC1003827_F08_NODE_6075_length_1460_cov_8.063766	1460	53.90
GC1003827_F08_NODE_6076_length_1460_cov_6.974494	1460	49.45
GC1003827_F08_NODE_6077_length_1460_cov_5.618155	1460	57.53
GC1003827_F08_NODE_6078_length_1460_cov_4.596399	1460	52.95
GC1003827_F08_NODE_6079_length_1460_cov_4.349587	1460	55.89
GC1003827_F08_NODE_6080_length_1460_cov_3.665416	1460	50.96
GC1003827_F08_NODE_6081_length_1460_cov_3.616654	1460	55.21
GC1003827_F08_NODE_6082_length_1460_cov_2.639910	1460	47.33
GC1003827_F08_NODE_6083_length_1459_cov_15.707207	1459	50.45
GC1003827_F08_NODE_6084_length_1459_cov_6.102853	1459	47.29
GC1003827_F08_NODE_6085_length_1459_cov_5.409910	1459	40.92
GC1003827_F08_NODE_6086_length_1459_cov_3.658408	1459	47.09
GC1003827_F08_NODE_6087_length_1459_cov_3.021772	1459	55.72
GC1003827_F08_NODE_6088_length_1459_cov_2.648649	1459	54.42
GC1003827_F08_NODE_6089_length_1459_cov_1.737988	1459	55.31
GC1003827_F08_NODE_6090_length_1458_cov_12.665665	1458	55.56
GC1003827_F08_NODE_6091_length_1458_cov_6.395192	1458	51.51
GC1003827_F08_NODE_6092_length_1458_cov_4.364388	1458	57.41
GC1003827_F08_NODE_6093_length_1458_cov_2.946657	1458	53.43
GC1003827_F08_NODE_6094_length_1458_cov_2.603306	1458	43.28
GC1003827_F08_NODE_6095_length_1458_cov_2.577010	1458	47.46
GC1003827_F08_NODE_6096_length_1458_cov_1.987228	1458	51.65
GC1003827_F08_NODE_6097_length_1457_cov_7.700000	1457	48.94
GC1003827_F08_NODE_6098_length_1457_cov_4.733835	1457	48.59
GC1003827_F08_NODE_6099_length_1457_cov_4.609774	1457	49.62
GC1003827_F08_NODE_6100_length_1457_cov_4.303759	1457	44.06
GC1003827_F08_NODE_6101_length_1457_cov_4.008271	1457	49.76
GC1003827_F08_NODE_6102_length_1457_cov_3.303759	1457	55.04
GC1003827_F08_NODE_6103_length_1457_cov_2.463158	1457	58.20
GC1003827_F08_NODE_6104_length_1456_cov_11.070730	1456	53.78
GC1003827_F08_NODE_6105_length_1456_cov_9.016554	1456	43.13
GC1003827_F08_NODE_6106_length_1456_cov_8.802859	1456	47.18
GC1003827_F08_NODE_6107_length_1456_cov_7.263356	1456	49.86
GC1003827_F08_NODE_6108_length_1456_cov_7.033108	1456	52.06
GC1003827_F08_NODE_6109_length_1456_cov_2.963883	1456	42.45
GC1003827_F08_NODE_6110_length_1456_cov_1.761475	1456	48.56
GC1003827_F08_NODE_6111_length_1456_cov_1.708804	1456	54.12
GC1003827_F08_NODE_6112_length_1455_cov_7.097139	1455	58.01
GC1003827_F08_NODE_6113_length_1455_cov_7.049699	1455	50.10
GC1003827_F08_NODE_6114_length_1455_cov_4.322289	1455	49.90
GC1003827_F08_NODE_6115_length_1455_cov_2.677711	1455	52.37
GC1003827_F08_NODE_6116_length_1455_cov_2.577560	1455	50.17
GC1003827_F08_NODE_6117_length_1455_cov_2.442018	1455	56.77
GC1003827_F08_NODE_6118_length_1455_cov_2.359187	1455	42.82
GC1003827_F08_NODE_6119_length_1455_cov_1.545934	1455	51.89
GC1003827_F08_NODE_6120_length_1454_cov_10.040693	1454	40.78
GC1003827_F08_NODE_6121_length_1454_cov_7.399397	1454	43.54
GC1003827_F08_NODE_6122_length_1454_cov_4.003014	1454	58.53
GC1003827_F08_NODE_6123_length_1454_cov_3.191409	1454	54.88
GC1003827_F08_NODE_6124_length_1454_cov_2.057272	1454	46.08
GC1003827_F08_NODE_6125_length_1454_cov_1.699322	1454	36.86
GC1003827_F08_NODE_6126_length_1453_cov_11.438160	1453	41.98
GC1003827_F08_NODE_6127_length_1453_cov_7.729261	1453	50.10
GC1003827_F08_NODE_6128_length_1453_cov_7.340121	1453	58.50
GC1003827_F08_NODE_6129_length_1453_cov_7.272247	1453	57.33
GC1003827_F08_NODE_6130_length_1453_cov_7.236802	1453	41.71
GC1003827_F08_NODE_6131_length_1453_cov_6.076923	1453	57.26
GC1003827_F08_NODE_6132_length_1452_cov_11.484528	1452	51.38
GC1003827_F08_NODE_6133_length_1452_cov_10.804528	1452	51.10
GC1003827_F08_NODE_6134_length_1452_cov_9.019623	1452	49.31
GC1003827_F08_NODE_6135_length_1452_cov_5.120755	1452	54.20
GC1003827_F08_NODE_6136_length_1452_cov_4.276226	1452	51.79
GC1003827_F08_NODE_6137_length_1452_cov_3.352453	1452	53.10
GC1003827_F08_NODE_6138_length_1452_cov_2.269434	1452	58.13
GC1003827_F08_NODE_6139_length_1452_cov_2.015094	1452	56.68
GC1003827_F08_NODE_6140_length_1452_cov_0.991698	1452	45.32
GC1003827_F08_NODE_6141_length_1451_cov_9.741692	1451	52.93
GC1003827_F08_NODE_6142_length_1451_cov_9.533233	1451	46.59
GC1003827_F08_NODE_6143_length_1451_cov_8.253776	1451	53.34
GC1003827_F08_NODE_6144_length_1451_cov_4.188066	1451	59.55
GC1003827_F08_NODE_6145_length_1451_cov_1.814955	1451	38.18
GC1003827_F08_NODE_6146_length_1450_cov_7.201058	1450	51.52
GC1003827_F08_NODE_6147_length_1450_cov_4.554800	1450	57.03
GC1003827_F08_NODE_6148_length_1450_cov_3.760393	1450	56.28
GC1003827_F08_NODE_6149_length_1450_cov_3.200302	1450	57.52
GC1003827_F08_NODE_6150_length_1450_cov_3.067271	1450	36.41
GC1003827_F08_NODE_6151_length_1450_cov_1.724868	1450	55.86
GC1003827_F08_NODE_6152_length_1449_cov_13.802572	1449	51.76
GC1003827_F08_NODE_6153_length_1449_cov_11.593797	1449	52.66
GC1003827_F08_NODE_6154_length_1449_cov_8.293495	1449	56.38
GC1003827_F08_NODE_6155_length_1449_cov_8.219365	1449	55.49
GC1003827_F08_NODE_6156_length_1449_cov_7.428896	1449	48.86
GC1003827_F08_NODE_6157_length_1448_cov_9.527631	1448	40.61
GC1003827_F08_NODE_6158_length_1448_cov_8.838759	1448	53.25
GC1003827_F08_NODE_6159_length_1448_cov_7.528388	1448	50.07
GC1003827_F08_NODE_6160_length_1448_cov_4.235428	1448	44.06
GC1003827_F08_NODE_6161_length_1448_cov_3.857684	1448	50.90
GC1003827_F08_NODE_6162_length_1448_cov_3.473883	1448	57.32
GC1003827_F08_NODE_6163_length_1448_cov_0.825132	1448	39.99
GC1003827_F08_NODE_6164_length_1448_cov_0.540500	1448	52.00
GC1003827_F08_NODE_6165_length_1447_cov_7.275000	1447	56.81
GC1003827_F08_NODE_6166_length_1447_cov_6.834091	1447	54.53
GC1003827_F08_NODE_6167_length_1447_cov_5.953030	1447	51.97
GC1003827_F08_NODE_6168_length_1447_cov_4.587879	1447	52.66
GC1003827_F08_NODE_6169_length_1447_cov_4.182576	1447	55.98
GC1003827_F08_NODE_6170_length_1447_cov_3.648485	1447	57.15
GC1003827_F08_NODE_6171_length_1447_cov_3.145455	1447	59.78
GC1003827_F08_NODE_6172_length_1447_cov_3.030303	1447	53.84
GC1003827_F08_NODE_6173_length_1447_cov_1.179545	1447	57.57
GC1003827_F08_NODE_6174_length_1446_cov_10.108415	1446	43.85
GC1003827_F08_NODE_6175_length_1446_cov_6.478393	1446	53.94
GC1003827_F08_NODE_6176_length_1446_cov_6.297195	1446	54.98
GC1003827_F08_NODE_6177_length_1446_cov_5.876422	1446	54.84
GC1003827_F08_NODE_6178_length_1446_cov_3.786960	1446	59.27
GC1003827_F08_NODE_6179_length_1446_cov_1.890826	1446	57.40
GC1003827_F08_NODE_6180_length_1446_cov_1.324488	1446	48.96
GC1003827_F08_NODE_6181_length_1445_cov_11.951442	1445	39.38
GC1003827_F08_NODE_6182_length_1445_cov_6.213961	1445	56.68
GC1003827_F08_NODE_6183_length_1445_cov_6.187405	1445	50.45
GC1003827_F08_NODE_6184_length_1445_cov_6.036419	1445	55.57
GC1003827_F08_NODE_6185_length_1445_cov_5.964340	1445	52.53
GC1003827_F08_NODE_6186_length_1445_cov_4.971927	1445	53.29
GC1003827_F08_NODE_6187_length_1445_cov_4.639605	1445	49.13
GC1003827_F08_NODE_6188_length_1445_cov_4.477997	1445	45.05
GC1003827_F08_NODE_6189_length_1445_cov_2.754173	1445	61.38
GC1003827_F08_NODE_6190_length_1445_cov_2.204856	1445	33.49
GC1003827_F08_NODE_6191_length_1445_cov_1.745068	1445	47.27
GC1003827_F08_NODE_6192_length_1445_cov_1.734446	1445	51.49
GC1003827_F08_NODE_6193_length_1444_cov_11.119970	1444	56.51
GC1003827_F08_NODE_6194_length_1444_cov_10.485194	1444	46.68
GC1003827_F08_NODE_6195_length_1444_cov_6.301443	1444	59.07
GC1003827_F08_NODE_6196_length_1444_cov_5.324981	1444	53.67
GC1003827_F08_NODE_6197_length_1444_cov_5.271830	1444	42.80
GC1003827_F08_NODE_6198_length_1444_cov_4.477601	1444	49.38
GC1003827_F08_NODE_6199_length_1444_cov_3.829157	1444	52.35
GC1003827_F08_NODE_6200_length_1444_cov_3.479119	1444	48.68
GC1003827_F08_NODE_6201_length_1444_cov_1.064541	1444	51.45
GC1003827_F08_NODE_6202_length_1443_cov_9.625380	1443	43.73
GC1003827_F08_NODE_6203_length_1443_cov_5.403495	1443	46.92
GC1003827_F08_NODE_6204_length_1443_cov_4.617021	1443	58.07
GC1003827_F08_NODE_6205_length_1443_cov_3.993921	1443	44.77
GC1003827_F08_NODE_6206_length_1443_cov_3.861702	1443	62.30
GC1003827_F08_NODE_6207_length_1443_cov_3.104103	1443	50.38
GC1003827_F08_NODE_6208_length_1443_cov_3.069149	1443	44.98
GC1003827_F08_NODE_6209_length_1442_cov_4.415209	1442	51.32
GC1003827_F08_NODE_6210_length_1442_cov_3.587833	1442	56.03
GC1003827_F08_NODE_6211_length_1442_cov_3.371103	1442	58.53
GC1003827_F08_NODE_6212_length_1442_cov_3.209886	1442	60.26
GC1003827_F08_NODE_6213_length_1442_cov_3.050190	1442	55.06
GC1003827_F08_NODE_6214_length_1442_cov_2.951331	1442	58.32
GC1003827_F08_NODE_6215_length_1442_cov_2.407605	1442	57.91
GC1003827_F08_NODE_6216_length_1442_cov_2.222053	1442	58.25
GC1003827_F08_NODE_6217_length_1442_cov_1.175665	1442	38.14
GC1003827_F08_NODE_6218_length_1441_cov_12.194064	1441	49.76
GC1003827_F08_NODE_6219_length_1441_cov_6.436834	1441	56.00
GC1003827_F08_NODE_6220_length_1441_cov_4.410959	1441	50.38
GC1003827_F08_NODE_6221_length_1441_cov_3.920852	1441	44.90
GC1003827_F08_NODE_6222_length_1441_cov_3.819635	1441	53.57
GC1003827_F08_NODE_6223_length_1441_cov_1.883562	1441	51.70
GC1003827_F08_NODE_6224_length_1441_cov_1.056317	1441	49.06
GC1003827_F08_NODE_6225_length_1440_cov_10.921554	1440	50.14
GC1003827_F08_NODE_6226_length_1440_cov_10.060168	1440	49.03
GC1003827_F08_NODE_6227_length_1440_cov_8.040366	1440	54.65
GC1003827_F08_NODE_6228_length_1440_cov_7.741813	1440	51.46
GC1003827_F08_NODE_6229_length_1440_cov_7.108911	1440	54.24
GC1003827_F08_NODE_6230_length_1440_cov_3.592536	1440	56.53
GC1003827_F08_NODE_6231_length_1439_cov_6.891006	1439	52.33
GC1003827_F08_NODE_6232_length_1439_cov_5.134146	1439	60.53
GC1003827_F08_NODE_6233_length_1439_cov_4.407774	1439	47.67
GC1003827_F08_NODE_6234_length_1439_cov_3.580793	1439	59.07
GC1003827_F08_NODE_6235_length_1439_cov_3.001524	1439	55.46
GC1003827_F08_NODE_6236_length_1439_cov_1.807927	1439	41.97
GC1003827_F08_NODE_6237_length_1438_cov_9.132723	1438	53.76
GC1003827_F08_NODE_6238_length_1438_cov_3.478261	1438	51.32
GC1003827_F08_NODE_6239_length_1437_cov_8.803817	1437	55.32
GC1003827_F08_NODE_6240_length_1437_cov_5.958779	1437	54.42
GC1003827_F08_NODE_6241_length_1437_cov_4.503053	1437	44.68
GC1003827_F08_NODE_6242_length_1437_cov_3.550382	1437	50.94
GC1003827_F08_NODE_6243_length_1437_cov_3.385496	1437	47.25
GC1003827_F08_NODE_6244_length_1437_cov_2.941985	1437	54.70
GC1003827_F08_NODE_6245_length_1437_cov_2.510687	1437	50.52
GC1003827_F08_NODE_6246_length_1436_cov_12.642475	1436	50.14
GC1003827_F08_NODE_6247_length_1436_cov_10.985485	1436	39.28
GC1003827_F08_NODE_6248_length_1436_cov_10.647059	1436	52.86
GC1003827_F08_NODE_6249_length_1436_cov_6.359053	1436	56.13
GC1003827_F08_NODE_6250_length_1436_cov_6.193277	1436	57.03
GC1003827_F08_NODE_6251_length_1436_cov_6.064935	1436	54.81
GC1003827_F08_NODE_6252_length_1436_cov_4.090909	1436	49.58
GC1003827_F08_NODE_6253_length_1436_cov_3.000764	1436	56.55
GC1003827_F08_NODE_6254_length_1436_cov_2.577540	1436	53.55
GC1003827_F08_NODE_6255_length_1435_cov_10.539755	1435	48.99
GC1003827_F08_NODE_6256_length_1435_cov_3.582569	1435	53.17
GC1003827_F08_NODE_6257_length_1435_cov_1.994648	1435	58.05
GC1003827_F08_NODE_6258_length_1434_cov_21.519510	1434	48.74
GC1003827_F08_NODE_6259_length_1434_cov_10.111706	1434	52.58
GC1003827_F08_NODE_6260_length_1434_cov_9.462892	1434	48.81
GC1003827_F08_NODE_6261_length_1434_cov_8.785769	1434	51.12
GC1003827_F08_NODE_6262_length_1434_cov_6.586075	1434	31.38
GC1003827_F08_NODE_6263_length_1434_cov_5.132364	1434	49.09
GC1003827_F08_NODE_6264_length_1434_cov_4.485080	1434	52.23
GC1003827_F08_NODE_6265_length_1434_cov_3.233359	1434	56.83
GC1003827_F08_NODE_6266_length_1434_cov_3.172915	1434	54.39
GC1003827_F08_NODE_6267_length_1434_cov_1.628921	1434	47.84
GC1003827_F08_NODE_6268_length_1433_cov_10.803982	1433	55.83
GC1003827_F08_NODE_6269_length_1433_cov_4.542113	1433	44.80
GC1003827_F08_NODE_6270_length_1433_cov_3.514548	1433	57.50
GC1003827_F08_NODE_6271_length_1433_cov_2.918836	1433	52.62
GC1003827_F08_NODE_6272_length_1433_cov_2.537519	1433	47.45
GC1003827_F08_NODE_6273_length_1432_cov_12.943295	1432	54.40
GC1003827_F08_NODE_6274_length_1432_cov_11.468966	1432	57.12
GC1003827_F08_NODE_6275_length_1432_cov_7.288889	1432	51.75
GC1003827_F08_NODE_6276_length_1432_cov_6.257471	1432	49.72
GC1003827_F08_NODE_6277_length_1432_cov_5.518774	1432	45.95
GC1003827_F08_NODE_6278_length_1432_cov_5.361686	1432	51.54
GC1003827_F08_NODE_6279_length_1432_cov_5.133333	1432	47.70
GC1003827_F08_NODE_6280_length_1432_cov_4.209195	1432	52.30
GC1003827_F08_NODE_6281_length_1432_cov_3.960920	1432	53.70
GC1003827_F08_NODE_6282_length_1432_cov_3.622989	1432	55.87
GC1003827_F08_NODE_6283_length_1432_cov_2.032184	1432	50.77
GC1003827_F08_NODE_6284_length_1431_cov_12.231595	1431	49.83
GC1003827_F08_NODE_6285_length_1431_cov_10.433282	1431	54.09
GC1003827_F08_NODE_6286_length_1431_cov_8.500767	1431	52.41
GC1003827_F08_NODE_6287_length_1431_cov_5.942485	1431	56.18
GC1003827_F08_NODE_6288_length_1431_cov_4.931748	1431	47.31
GC1003827_F08_NODE_6289_length_1431_cov_4.642638	1431	44.51
GC1003827_F08_NODE_6290_length_1431_cov_2.925613	1431	45.49
GC1003827_F08_NODE_6291_length_1431_cov_2.239264	1431	56.67
GC1003827_F08_NODE_6292_length_1431_cov_1.643405	1431	47.66
GC1003827_F08_NODE_6293_length_1430_cov_8.485802	1430	46.64
GC1003827_F08_NODE_6294_length_1430_cov_4.578665	1430	48.11
GC1003827_F08_NODE_6295_length_1430_cov_3.431312	1430	55.52
GC1003827_F08_NODE_6296_length_1430_cov_3.081351	1430	55.45
GC1003827_F08_NODE_6297_length_1430_cov_2.534919	1430	59.16
GC1003827_F08_NODE_6298_length_1430_cov_1.577897	1430	52.03
GC1003827_F08_NODE_6299_length_1429_cov_7.043779	1429	58.15
GC1003827_F08_NODE_6300_length_1429_cov_5.252688	1429	48.01
GC1003827_F08_NODE_6301_length_1429_cov_4.757296	1429	50.87
GC1003827_F08_NODE_6302_length_1429_cov_3.823349	1429	52.48
GC1003827_F08_NODE_6303_length_1429_cov_3.086790	1429	56.40
GC1003827_F08_NODE_6304_length_1429_cov_0.957757	1429	47.03
GC1003827_F08_NODE_6305_length_1428_cov_7.708686	1428	47.48
GC1003827_F08_NODE_6306_length_1428_cov_7.133743	1428	53.85
GC1003827_F08_NODE_6307_length_1428_cov_4.006918	1428	50.63
GC1003827_F08_NODE_6308_length_1427_cov_14.860000	1427	51.44
GC1003827_F08_NODE_6309_length_1427_cov_7.597692	1427	40.93
GC1003827_F08_NODE_6310_length_1427_cov_6.926923	1427	48.14
GC1003827_F08_NODE_6311_length_1427_cov_5.203846	1427	49.75
GC1003827_F08_NODE_6312_length_1427_cov_4.833846	1427	55.29
GC1003827_F08_NODE_6313_length_1427_cov_4.816154	1427	44.57
GC1003827_F08_NODE_6314_length_1427_cov_4.279231	1427	54.87
GC1003827_F08_NODE_6315_length_1427_cov_1.850000	1427	54.17
GC1003827_F08_NODE_6316_length_1427_cov_1.601538	1427	53.12
GC1003827_F08_NODE_6317_length_1427_cov_1.305385	1427	48.84
GC1003827_F08_NODE_6318_length_1426_cov_9.701309	1426	45.58
GC1003827_F08_NODE_6319_length_1426_cov_9.428791	1426	56.45
GC1003827_F08_NODE_6320_length_1426_cov_8.556582	1426	47.55
GC1003827_F08_NODE_6321_length_1426_cov_4.064665	1426	49.23
GC1003827_F08_NODE_6322_length_1426_cov_3.444958	1426	50.70
GC1003827_F08_NODE_6323_length_1426_cov_3.177829	1426	57.08
GC1003827_F08_NODE_6324_length_1426_cov_2.971517	1426	57.78
GC1003827_F08_NODE_6325_length_1426_cov_1.735951	1426	59.12
GC1003827_F08_NODE_6326_length_1425_cov_11.713405	1425	55.30
GC1003827_F08_NODE_6327_length_1425_cov_3.933744	1425	58.88
GC1003827_F08_NODE_6328_length_1425_cov_3.834361	1425	53.12
GC1003827_F08_NODE_6329_length_1425_cov_1.776579	1425	57.96
GC1003827_F08_NODE_6330_length_1424_cov_14.380879	1424	53.16
GC1003827_F08_NODE_6331_length_1424_cov_14.067849	1424	47.33
GC1003827_F08_NODE_6332_length_1424_cov_10.478026	1424	54.42
GC1003827_F08_NODE_6333_length_1424_cov_9.511180	1424	44.94
GC1003827_F08_NODE_6334_length_1424_cov_9.182729	1424	58.78
GC1003827_F08_NODE_6335_length_1424_cov_8.439476	1424	50.21
GC1003827_F08_NODE_6336_length_1424_cov_7.852737	1424	46.07
GC1003827_F08_NODE_6337_length_1424_cov_6.876638	1424	44.66
GC1003827_F08_NODE_6338_length_1424_cov_4.787201	1424	51.54
GC1003827_F08_NODE_6339_length_1424_cov_4.536623	1424	51.26
GC1003827_F08_NODE_6340_length_1424_cov_4.304549	1424	51.47
GC1003827_F08_NODE_6341_length_1424_cov_3.646877	1424	54.85
GC1003827_F08_NODE_6342_length_1424_cov_2.190439	1424	58.64
GC1003827_F08_NODE_6343_length_1424_cov_1.585968	1424	42.98
GC1003827_F08_NODE_6344_length_1423_cov_13.051698	1423	52.42
GC1003827_F08_NODE_6345_length_1423_cov_11.265432	1423	51.93
GC1003827_F08_NODE_6346_length_1423_cov_6.105710	1423	44.98
GC1003827_F08_NODE_6347_length_1423_cov_6.101080	1423	46.59
GC1003827_F08_NODE_6348_length_1423_cov_6.092593	1423	46.66
GC1003827_F08_NODE_6349_length_1423_cov_1.689815	1423	59.66
GC1003827_F08_NODE_6350_length_1423_cov_1.637346	1423	56.08
GC1003827_F08_NODE_6351_length_1423_cov_1.199846	1423	49.26
GC1003827_F08_NODE_6352_length_1423_cov_1.097994	1423	44.41
GC1003827_F08_NODE_6353_length_1422_cov_4.647104	1422	55.77
GC1003827_F08_NODE_6354_length_1422_cov_3.176834	1422	46.62
GC1003827_F08_NODE_6355_length_1422_cov_1.891892	1422	45.71
GC1003827_F08_NODE_6356_length_1422_cov_1.743629	1422	49.86
GC1003827_F08_NODE_6357_length_1422_cov_1.240927	1422	54.08
GC1003827_F08_NODE_6358_length_1421_cov_29.543277	1421	54.05
GC1003827_F08_NODE_6359_length_1421_cov_10.213292	1421	51.23
GC1003827_F08_NODE_6360_length_1421_cov_9.118238	1421	50.11
GC1003827_F08_NODE_6361_length_1421_cov_4.352396	1421	56.02
GC1003827_F08_NODE_6362_length_1421_cov_2.894127	1421	54.89
GC1003827_F08_NODE_6363_length_1421_cov_1.258887	1421	53.27
GC1003827_F08_NODE_6364_length_1420_cov_12.986852	1420	52.18
GC1003827_F08_NODE_6365_length_1420_cov_10.748647	1420	54.79
GC1003827_F08_NODE_6366_length_1420_cov_5.979118	1420	42.54
GC1003827_F08_NODE_6367_length_1420_cov_4.868523	1420	51.41
GC1003827_F08_NODE_6368_length_1420_cov_4.075793	1420	54.37
GC1003827_F08_NODE_6369_length_1420_cov_2.542150	1420	53.80
GC1003827_F08_NODE_6370_length_1420_cov_1.993813	1420	53.45
GC1003827_F08_NODE_6371_length_1420_cov_1.979892	1420	44.86
GC1003827_F08_NODE_6372_length_1420_cov_1.900232	1420	51.27
GC1003827_F08_NODE_6373_length_1419_cov_13.341331	1419	44.19
GC1003827_F08_NODE_6374_length_1419_cov_10.021672	1419	46.51
GC1003827_F08_NODE_6375_length_1419_cov_8.246130	1419	56.24
GC1003827_F08_NODE_6376_length_1419_cov_6.301858	1419	55.18
GC1003827_F08_NODE_6377_length_1419_cov_5.905573	1419	59.20
GC1003827_F08_NODE_6378_length_1419_cov_5.795666	1419	53.00
GC1003827_F08_NODE_6379_length_1419_cov_4.712074	1419	58.63
GC1003827_F08_NODE_6380_length_1419_cov_2.955108	1419	48.77
GC1003827_F08_NODE_6381_length_1418_cov_14.092951	1418	45.49
GC1003827_F08_NODE_6382_length_1418_cov_6.807901	1418	45.84
GC1003827_F08_NODE_6383_length_1418_cov_5.477149	1418	51.06
GC1003827_F08_NODE_6384_length_1418_cov_4.870643	1418	39.00
GC1003827_F08_NODE_6385_length_1418_cov_4.188226	1418	51.34
GC1003827_F08_NODE_6386_length_1418_cov_3.604183	1418	44.15
GC1003827_F08_NODE_6387_length_1418_cov_2.676220	1418	51.06
GC1003827_F08_NODE_6388_length_1417_cov_11.299225	1417	47.14
GC1003827_F08_NODE_6389_length_1417_cov_6.595349	1417	55.40
GC1003827_F08_NODE_6390_length_1417_cov_3.258915	1417	50.32
GC1003827_F08_NODE_6391_length_1417_cov_3.040310	1417	54.69
GC1003827_F08_NODE_6392_length_1417_cov_2.352713	1417	56.74
GC1003827_F08_NODE_6393_length_1417_cov_1.524806	1417	45.31
GC1003827_F08_NODE_6394_length_1416_cov_6.695112	1416	50.35
GC1003827_F08_NODE_6395_length_1416_cov_5.581846	1416	50.35
GC1003827_F08_NODE_6396_length_1416_cov_4.191621	1416	54.10
GC1003827_F08_NODE_6397_length_1416_cov_3.388673	1416	57.84
GC1003827_F08_NODE_6398_length_1416_cov_3.365400	1416	53.95
GC1003827_F08_NODE_6399_length_1415_cov_26.708851	1415	40.92
GC1003827_F08_NODE_6400_length_1415_cov_21.513199	1415	51.02
GC1003827_F08_NODE_6401_length_1415_cov_11.111025	1415	49.68
GC1003827_F08_NODE_6402_length_1415_cov_7.884317	1415	47.21
GC1003827_F08_NODE_6403_length_1415_cov_6.949534	1415	50.46
GC1003827_F08_NODE_6404_length_1415_cov_3.711180	1415	56.75
GC1003827_F08_NODE_6405_length_1415_cov_3.087733	1415	56.54
GC1003827_F08_NODE_6406_length_1414_cov_6.249417	1414	57.85
GC1003827_F08_NODE_6407_length_1414_cov_4.905983	1414	45.26
GC1003827_F08_NODE_6408_length_1414_cov_4.322455	1414	41.02
GC1003827_F08_NODE_6409_length_1414_cov_3.202797	1414	54.24
GC1003827_F08_NODE_6410_length_1414_cov_1.730381	1414	59.55
GC1003827_F08_NODE_6411_length_1413_cov_15.786159	1413	49.19
GC1003827_F08_NODE_6412_length_1413_cov_12.131415	1413	47.42
GC1003827_F08_NODE_6413_length_1413_cov_11.068429	1413	54.28
GC1003827_F08_NODE_6414_length_1413_cov_9.637636	1413	40.48
GC1003827_F08_NODE_6415_length_1413_cov_7.450233	1413	46.28
GC1003827_F08_NODE_6416_length_1413_cov_7.034215	1413	39.84
GC1003827_F08_NODE_6417_length_1413_cov_5.173406	1413	57.18
GC1003827_F08_NODE_6418_length_1413_cov_4.207621	1413	44.59
GC1003827_F08_NODE_6419_length_1413_cov_4.010109	1413	45.01
GC1003827_F08_NODE_6420_length_1413_cov_2.702177	1413	48.55
GC1003827_F08_NODE_6421_length_1413_cov_2.501555	1413	54.99
GC1003827_F08_NODE_6422_length_1413_cov_1.043546	1413	50.39
GC1003827_F08_NODE_6423_length_1412_cov_12.921401	1412	47.38
GC1003827_F08_NODE_6424_length_1412_cov_4.371206	1412	57.22
GC1003827_F08_NODE_6425_length_1412_cov_3.679377	1412	39.87
GC1003827_F08_NODE_6426_length_1412_cov_3.193774	1412	47.73
GC1003827_F08_NODE_6427_length_1412_cov_2.962646	1412	42.78
GC1003827_F08_NODE_6428_length_1412_cov_2.289494	1412	60.98
GC1003827_F08_NODE_6429_length_1412_cov_2.251362	1412	44.41
GC1003827_F08_NODE_6430_length_1412_cov_1.066148	1412	61.54
GC1003827_F08_NODE_6431_length_1411_cov_7.601246	1411	53.51
GC1003827_F08_NODE_6432_length_1411_cov_6.059969	1411	43.94
GC1003827_F08_NODE_6433_length_1411_cov_2.679907	1411	47.91
GC1003827_F08_NODE_6434_length_1411_cov_2.518692	1411	55.56
GC1003827_F08_NODE_6435_length_1411_cov_1.917445	1411	56.77
GC1003827_F08_NODE_6436_length_1411_cov_1.441589	1411	59.18
GC1003827_F08_NODE_6437_length_1410_cov_11.817615	1410	60.71
GC1003827_F08_NODE_6438_length_1410_cov_11.805924	1410	56.95
GC1003827_F08_NODE_6439_length_1410_cov_7.623539	1410	50.43
GC1003827_F08_NODE_6440_length_1410_cov_7.198753	1410	50.43
GC1003827_F08_NODE_6441_length_1410_cov_6.797350	1410	49.29
GC1003827_F08_NODE_6442_length_1410_cov_4.941543	1410	58.79
GC1003827_F08_NODE_6443_length_1410_cov_3.473110	1410	51.63
GC1003827_F08_NODE_6444_length_1410_cov_3.193297	1410	54.61
GC1003827_F08_NODE_6445_length_1410_cov_1.471551	1410	47.73
GC1003827_F08_NODE_6446_length_1409_cov_14.709048	1409	49.75
GC1003827_F08_NODE_6447_length_1409_cov_7.344774	1409	43.79
GC1003827_F08_NODE_6448_length_1409_cov_5.364275	1409	54.08
GC1003827_F08_NODE_6449_length_1409_cov_3.577223	1409	55.57
GC1003827_F08_NODE_6450_length_1409_cov_2.558502	1409	41.66
GC1003827_F08_NODE_6451_length_1409_cov_2.269111	1409	54.93
GC1003827_F08_NODE_6452_length_1409_cov_2.173167	1409	60.40
GC1003827_F08_NODE_6453_length_1409_cov_1.998440	1409	56.28
GC1003827_F08_NODE_6454_length_1409_cov_1.953198	1409	50.75
GC1003827_F08_NODE_6455_length_1409_cov_1.790172	1409	40.60
GC1003827_F08_NODE_6456_length_1408_cov_10.550351	1408	51.85
GC1003827_F08_NODE_6457_length_1408_cov_2.458236	1408	49.15
GC1003827_F08_NODE_6458_length_1408_cov_2.313037	1408	51.07
GC1003827_F08_NODE_6459_length_1408_cov_1.618267	1408	56.04
GC1003827_F08_NODE_6460_length_1407_cov_6.266406	1407	49.89
GC1003827_F08_NODE_6461_length_1407_cov_3.139844	1407	65.03
GC1003827_F08_NODE_6462_length_1407_cov_2.703125	1407	52.45
GC1003827_F08_NODE_6463_length_1407_cov_2.035156	1407	53.73
GC1003827_F08_NODE_6464_length_1407_cov_1.499219	1407	56.29
GC1003827_F08_NODE_6465_length_1406_cov_5.403440	1406	55.19
GC1003827_F08_NODE_6466_length_1406_cov_4.035966	1406	53.77
GC1003827_F08_NODE_6467_length_1406_cov_3.791243	1406	56.05
GC1003827_F08_NODE_6468_length_1406_cov_3.687256	1406	54.55
GC1003827_F08_NODE_6469_length_1406_cov_3.027365	1406	44.03
GC1003827_F08_NODE_6470_length_1406_cov_2.940579	1406	54.55
GC1003827_F08_NODE_6471_length_1406_cov_2.125098	1406	47.94
GC1003827_F08_NODE_6472_length_1406_cov_1.586396	1406	44.74
GC1003827_F08_NODE_6473_length_1405_cov_7.244914	1405	52.31
GC1003827_F08_NODE_6474_length_1405_cov_5.131455	1405	48.19
GC1003827_F08_NODE_6475_length_1405_cov_3.874022	1405	57.15
GC1003827_F08_NODE_6476_length_1405_cov_3.504695	1405	40.71
GC1003827_F08_NODE_6477_length_1405_cov_1.899844	1405	42.21
GC1003827_F08_NODE_6478_length_1405_cov_1.543036	1405	54.73
GC1003827_F08_NODE_6479_length_1405_cov_1.476526	1405	61.57
GC1003827_F08_NODE_6480_length_1404_cov_22.909162	1404	49.00
GC1003827_F08_NODE_6481_length_1404_cov_17.529366	1404	47.65
GC1003827_F08_NODE_6482_length_1404_cov_9.079092	1404	53.56
GC1003827_F08_NODE_6483_length_1404_cov_8.299922	1404	52.64
GC1003827_F08_NODE_6484_length_1404_cov_4.386844	1404	48.72
GC1003827_F08_NODE_6485_length_1403_cov_10.543887	1403	48.90
GC1003827_F08_NODE_6486_length_1403_cov_5.398903	1403	53.60
GC1003827_F08_NODE_6487_length_1403_cov_4.867555	1403	52.32
GC1003827_F08_NODE_6488_length_1403_cov_3.514890	1403	59.80
GC1003827_F08_NODE_6489_length_1403_cov_2.788401	1403	54.88
GC1003827_F08_NODE_6490_length_1403_cov_2.717868	1403	54.38
GC1003827_F08_NODE_6491_length_1403_cov_2.012539	1403	44.76
GC1003827_F08_NODE_6492_length_1403_cov_0.936520	1403	37.28
GC1003827_F08_NODE_6493_length_1402_cov_29.481569	1402	48.00
GC1003827_F08_NODE_6494_length_1402_cov_11.996863	1402	45.36
GC1003827_F08_NODE_6495_length_1402_cov_11.167843	1402	46.15
GC1003827_F08_NODE_6496_length_1402_cov_6.425098	1402	43.15
GC1003827_F08_NODE_6497_length_1402_cov_5.690980	1402	55.92
GC1003827_F08_NODE_6498_length_1402_cov_3.839216	1402	54.21
GC1003827_F08_NODE_6499_length_1401_cov_9.634223	1401	50.82
GC1003827_F08_NODE_6500_length_1401_cov_7.591837	1401	54.32
GC1003827_F08_NODE_6501_length_1401_cov_3.178179	1401	47.25
GC1003827_F08_NODE_6502_length_1401_cov_3.083987	1401	59.24
GC1003827_F08_NODE_6503_length_1401_cov_2.703297	1401	55.75
GC1003827_F08_NODE_6504_length_1401_cov_2.447410	1401	48.39
GC1003827_F08_NODE_6505_length_1401_cov_2.153846	1401	54.53
GC1003827_F08_NODE_6506_length_1400_cov_7.980361	1400	54.79
GC1003827_F08_NODE_6507_length_1400_cov_4.575020	1400	43.43
GC1003827_F08_NODE_6508_length_1400_cov_2.432050	1400	51.93
GC1003827_F08_NODE_6509_length_1399_cov_10.128931	1399	56.11
GC1003827_F08_NODE_6510_length_1399_cov_9.344340	1399	47.89
GC1003827_F08_NODE_6511_length_1399_cov_5.742138	1399	59.90
GC1003827_F08_NODE_6512_length_1399_cov_3.522799	1399	54.11
GC1003827_F08_NODE_6513_length_1399_cov_3.248428	1399	44.67
GC1003827_F08_NODE_6514_length_1399_cov_1.661164	1399	47.39
GC1003827_F08_NODE_6515_length_1398_cov_20.771046	1398	48.86
GC1003827_F08_NODE_6516_length_1398_cov_8.518489	1398	52.50
GC1003827_F08_NODE_6517_length_1398_cov_5.327301	1398	55.94
GC1003827_F08_NODE_6518_length_1398_cov_5.067663	1398	54.43
GC1003827_F08_NODE_6519_length_1397_cov_22.829921	1397	47.32
GC1003827_F08_NODE_6520_length_1397_cov_15.011811	1397	52.90
GC1003827_F08_NODE_6521_length_1397_cov_8.956693	1397	54.33
GC1003827_F08_NODE_6522_length_1397_cov_8.737795	1397	53.61
GC1003827_F08_NODE_6523_length_1397_cov_3.499213	1397	58.70
GC1003827_F08_NODE_6524_length_1397_cov_3.011811	1397	51.68
GC1003827_F08_NODE_6525_length_1397_cov_2.933858	1397	40.80
GC1003827_F08_NODE_6526_length_1397_cov_1.414173	1397	51.11
GC1003827_F08_NODE_6527_length_1396_cov_11.709220	1396	49.71
GC1003827_F08_NODE_6528_length_1396_cov_11.137116	1396	53.15
GC1003827_F08_NODE_6529_length_1396_cov_10.943262	1396	45.56
GC1003827_F08_NODE_6530_length_1396_cov_8.780930	1396	51.86
GC1003827_F08_NODE_6531_length_1396_cov_6.739953	1396	49.50
GC1003827_F08_NODE_6532_length_1396_cov_5.921986	1396	48.71
GC1003827_F08_NODE_6533_length_1396_cov_4.509062	1396	41.98
GC1003827_F08_NODE_6534_length_1396_cov_2.745469	1396	56.73
GC1003827_F08_NODE_6535_length_1395_cov_11.880126	1395	47.24
GC1003827_F08_NODE_6536_length_1395_cov_10.985804	1395	49.96
GC1003827_F08_NODE_6537_length_1395_cov_6.324921	1395	44.44
GC1003827_F08_NODE_6538_length_1395_cov_5.271293	1395	52.26
GC1003827_F08_NODE_6539_length_1395_cov_5.246845	1395	55.56
GC1003827_F08_NODE_6540_length_1395_cov_4.555994	1395	53.48
GC1003827_F08_NODE_6541_length_1395_cov_4.125394	1395	50.68
GC1003827_F08_NODE_6542_length_1395_cov_2.610410	1395	53.62
GC1003827_F08_NODE_6543_length_1395_cov_2.444795	1395	55.48
GC1003827_F08_NODE_6544_length_1395_cov_2.409306	1395	54.55
GC1003827_F08_NODE_6545_length_1395_cov_2.330442	1395	49.89
GC1003827_F08_NODE_6546_length_1394_cov_16.187845	1394	43.62
GC1003827_F08_NODE_6547_length_1394_cov_9.018942	1394	43.76
GC1003827_F08_NODE_6548_length_1394_cov_3.475927	1394	47.49
GC1003827_F08_NODE_6549_length_1394_cov_2.702447	1394	62.55
GC1003827_F08_NODE_6550_length_1394_cov_2.593528	1394	55.60
GC1003827_F08_NODE_6551_length_1393_cov_3.765403	1393	53.41
GC1003827_F08_NODE_6552_length_1393_cov_2.636651	1393	47.09
GC1003827_F08_NODE_6553_length_1393_cov_2.581359	1393	45.30
GC1003827_F08_NODE_6554_length_1393_cov_2.510269	1393	49.82
GC1003827_F08_NODE_6555_length_1393_cov_2.127172	1393	59.30
GC1003827_F08_NODE_6556_length_1392_cov_12.369170	1392	43.32
GC1003827_F08_NODE_6557_length_1392_cov_10.090119	1392	59.77
GC1003827_F08_NODE_6558_length_1392_cov_9.271146	1392	49.57
GC1003827_F08_NODE_6559_length_1392_cov_7.523320	1392	48.78
GC1003827_F08_NODE_6560_length_1392_cov_7.203953	1392	50.22
GC1003827_F08_NODE_6561_length_1392_cov_4.649802	1392	54.09
GC1003827_F08_NODE_6562_length_1392_cov_3.388142	1392	54.67
GC1003827_F08_NODE_6563_length_1392_cov_3.030830	1392	45.40
GC1003827_F08_NODE_6564_length_1392_cov_2.590514	1392	48.71
GC1003827_F08_NODE_6565_length_1392_cov_1.113043	1392	54.09
GC1003827_F08_NODE_6566_length_1391_cov_19.790348	1391	48.96
GC1003827_F08_NODE_6567_length_1391_cov_11.630538	1391	44.43
GC1003827_F08_NODE_6568_length_1391_cov_7.841772	1391	47.81
GC1003827_F08_NODE_6569_length_1391_cov_6.561709	1391	53.06
GC1003827_F08_NODE_6570_length_1391_cov_5.773734	1391	49.82
GC1003827_F08_NODE_6571_length_1391_cov_4.497627	1391	55.50
GC1003827_F08_NODE_6572_length_1391_cov_1.768196	1391	56.79
GC1003827_F08_NODE_6573_length_1391_cov_1.159810	1391	51.76
GC1003827_F08_NODE_6574_length_1390_cov_12.354711	1390	53.38
GC1003827_F08_NODE_6575_length_1390_cov_9.221694	1390	46.69
GC1003827_F08_NODE_6576_length_1390_cov_4.661916	1390	55.47
GC1003827_F08_NODE_6577_length_1390_cov_3.823436	1390	56.83
GC1003827_F08_NODE_6578_length_1390_cov_3.105305	1390	55.76
GC1003827_F08_NODE_6579_length_1390_cov_1.851148	1390	60.14
GC1003827_F08_NODE_6580_length_1390_cov_1.641330	1390	52.81
GC1003827_F08_NODE_6581_length_1390_cov_0.820269	1390	59.35
GC1003827_F08_NODE_6582_length_1389_cov_10.702060	1389	50.04
GC1003827_F08_NODE_6583_length_1389_cov_10.058637	1389	50.04
GC1003827_F08_NODE_6584_length_1389_cov_4.081616	1389	46.22
GC1003827_F08_NODE_6585_length_1389_cov_1.994453	1389	47.88
GC1003827_F08_NODE_6586_length_1389_cov_1.107765	1389	45.57
GC1003827_F08_NODE_6587_length_1388_cov_5.719270	1388	50.22
GC1003827_F08_NODE_6588_length_1388_cov_5.188739	1388	49.71
GC1003827_F08_NODE_6589_length_1388_cov_2.037272	1388	59.15
GC1003827_F08_NODE_6590_length_1388_cov_1.749405	1388	56.41
GC1003827_F08_NODE_6591_length_1388_cov_1.203807	1388	46.69
GC1003827_F08_NODE_6592_length_1387_cov_7.496825	1387	46.50
GC1003827_F08_NODE_6593_length_1387_cov_7.234921	1387	45.21
GC1003827_F08_NODE_6594_length_1387_cov_4.634127	1387	51.19
GC1003827_F08_NODE_6595_length_1387_cov_2.526190	1387	56.96
GC1003827_F08_NODE_6596_length_1387_cov_2.202381	1387	57.03
GC1003827_F08_NODE_6597_length_1387_cov_1.778571	1387	55.73
GC1003827_F08_NODE_6598_length_1386_cov_13.516283	1386	46.90
GC1003827_F08_NODE_6599_length_1386_cov_12.485306	1386	53.75
GC1003827_F08_NODE_6600_length_1386_cov_8.358221	1386	49.13
GC1003827_F08_NODE_6601_length_1386_cov_7.270056	1386	48.56
GC1003827_F08_NODE_6602_length_1386_cov_5.890389	1386	56.42
GC1003827_F08_NODE_6603_length_1386_cov_5.708499	1386	50.72
GC1003827_F08_NODE_6604_length_1386_cov_3.320095	1386	56.28
GC1003827_F08_NODE_6605_length_1386_cov_2.067514	1386	55.56
GC1003827_F08_NODE_6606_length_1385_cov_12.596184	1385	42.09
GC1003827_F08_NODE_6607_length_1385_cov_4.849762	1385	57.33
GC1003827_F08_NODE_6608_length_1385_cov_4.649444	1385	52.92
GC1003827_F08_NODE_6609_length_1385_cov_4.144674	1385	53.21
GC1003827_F08_NODE_6610_length_1385_cov_3.095390	1385	51.12
GC1003827_F08_NODE_6611_length_1385_cov_1.984102	1385	55.23
GC1003827_F08_NODE_6612_length_1384_cov_9.248210	1384	53.03
GC1003827_F08_NODE_6613_length_1384_cov_9.179793	1384	48.55
GC1003827_F08_NODE_6614_length_1384_cov_8.727128	1384	50.94
GC1003827_F08_NODE_6615_length_1384_cov_7.914081	1384	49.64
GC1003827_F08_NODE_6616_length_1384_cov_7.891010	1384	55.85
GC1003827_F08_NODE_6617_length_1384_cov_7.886237	1384	48.05
GC1003827_F08_NODE_6618_length_1384_cov_4.667462	1384	56.43
GC1003827_F08_NODE_6619_length_1384_cov_3.702466	1384	52.96
GC1003827_F08_NODE_6620_length_1384_cov_3.695306	1384	56.00
GC1003827_F08_NODE_6621_length_1384_cov_3.663484	1384	50.79
GC1003827_F08_NODE_6622_length_1384_cov_1.936356	1384	57.08
GC1003827_F08_NODE_6623_length_1384_cov_1.486874	1384	53.03
GC1003827_F08_NODE_6624_length_1383_cov_7.520701	1383	53.15
GC1003827_F08_NODE_6625_length_1383_cov_6.351911	1383	53.72
GC1003827_F08_NODE_6626_length_1383_cov_6.056529	1383	56.47
GC1003827_F08_NODE_6627_length_1383_cov_1.915605	1383	52.86
GC1003827_F08_NODE_6628_length_1382_cov_13.068526	1382	50.58
GC1003827_F08_NODE_6629_length_1382_cov_4.360956	1382	38.49
GC1003827_F08_NODE_6630_length_1382_cov_4.092430	1382	63.89
GC1003827_F08_NODE_6631_length_1382_cov_3.877291	1382	48.55
GC1003827_F08_NODE_6632_length_1382_cov_2.411952	1382	59.41
GC1003827_F08_NODE_6633_length_1382_cov_2.250996	1382	58.54
GC1003827_F08_NODE_6634_length_1382_cov_1.436653	1382	46.60
GC1003827_F08_NODE_6635_length_1381_cov_14.736842	1381	43.01
GC1003827_F08_NODE_6636_length_1381_cov_11.378788	1381	43.45
GC1003827_F08_NODE_6637_length_1381_cov_6.288676	1381	54.45
GC1003827_F08_NODE_6638_length_1381_cov_2.114833	1381	44.17
GC1003827_F08_NODE_6639_length_1381_cov_1.822967	1381	51.19
GC1003827_F08_NODE_6640_length_1380_cov_5.948125	1380	48.70
GC1003827_F08_NODE_6641_length_1380_cov_5.917797	1380	48.84
GC1003827_F08_NODE_6642_length_1380_cov_5.499601	1380	51.59
GC1003827_F08_NODE_6643_length_1380_cov_3.932961	1380	57.25
GC1003827_F08_NODE_6644_length_1380_cov_3.420591	1380	51.52
GC1003827_F08_NODE_6645_length_1380_cov_2.750998	1380	54.93
GC1003827_F08_NODE_6646_length_1380_cov_2.344773	1380	57.68
GC1003827_F08_NODE_6647_length_1380_cov_1.980846	1380	57.68
GC1003827_F08_NODE_6648_length_1380_cov_1.494014	1380	43.04
GC1003827_F08_NODE_6649_length_1379_cov_20.420128	1379	48.59
GC1003827_F08_NODE_6650_length_1379_cov_10.748403	1379	53.95
GC1003827_F08_NODE_6651_length_1379_cov_6.371406	1379	52.28
GC1003827_F08_NODE_6652_length_1379_cov_4.063099	1379	56.35
GC1003827_F08_NODE_6653_length_1379_cov_3.744409	1379	54.24
GC1003827_F08_NODE_6654_length_1379_cov_3.724441	1379	51.27
GC1003827_F08_NODE_6655_length_1379_cov_3.368211	1379	47.64
GC1003827_F08_NODE_6656_length_1379_cov_2.608626	1379	51.92
GC1003827_F08_NODE_6657_length_1378_cov_10.132694	1378	42.89
GC1003827_F08_NODE_6658_length_1378_cov_9.485212	1378	42.31
GC1003827_F08_NODE_6659_length_1378_cov_6.408473	1378	54.57
GC1003827_F08_NODE_6660_length_1378_cov_3.189448	1378	54.28
GC1003827_F08_NODE_6661_length_1378_cov_3.181455	1378	49.35
GC1003827_F08_NODE_6662_length_1378_cov_2.697042	1378	47.46
GC1003827_F08_NODE_6663_length_1377_cov_10.652800	1377	52.00
GC1003827_F08_NODE_6664_length_1377_cov_4.927200	1377	52.94
GC1003827_F08_NODE_6665_length_1377_cov_4.835200	1377	54.54
GC1003827_F08_NODE_6666_length_1377_cov_4.508800	1377	42.19
GC1003827_F08_NODE_6667_length_1377_cov_4.494400	1377	47.28
GC1003827_F08_NODE_6668_length_1376_cov_27.611689	1376	52.83
GC1003827_F08_NODE_6669_length_1376_cov_14.574059	1376	45.64
GC1003827_F08_NODE_6670_length_1376_cov_13.183347	1376	50.94
GC1003827_F08_NODE_6671_length_1376_cov_6.899119	1376	54.43
GC1003827_F08_NODE_6672_length_1376_cov_6.030424	1376	50.73
GC1003827_F08_NODE_6673_length_1376_cov_3.823058	1376	48.18
GC1003827_F08_NODE_6674_length_1376_cov_3.114492	1376	52.69
GC1003827_F08_NODE_6675_length_1376_cov_1.823859	1376	58.50
GC1003827_F08_NODE_6676_length_1376_cov_1.630104	1376	56.90
GC1003827_F08_NODE_6677_length_1376_cov_1.550841	1376	55.67
GC1003827_F08_NODE_6678_length_1375_cov_11.506410	1375	57.16
GC1003827_F08_NODE_6679_length_1375_cov_5.122596	1375	49.02
GC1003827_F08_NODE_6680_length_1375_cov_4.971955	1375	50.84
GC1003827_F08_NODE_6681_length_1375_cov_3.580128	1375	58.91
GC1003827_F08_NODE_6682_length_1375_cov_3.563301	1375	57.60
GC1003827_F08_NODE_6683_length_1375_cov_2.712340	1375	52.07
GC1003827_F08_NODE_6684_length_1375_cov_2.483173	1375	59.56
GC1003827_F08_NODE_6685_length_1375_cov_1.915064	1375	58.55
GC1003827_F08_NODE_6686_length_1375_cov_1.369391	1375	58.11
GC1003827_F08_NODE_6687_length_1374_cov_8.362470	1374	52.77
GC1003827_F08_NODE_6688_length_1374_cov_6.843625	1374	49.85
GC1003827_F08_NODE_6689_length_1374_cov_3.387330	1374	56.33
GC1003827_F08_NODE_6690_length_1374_cov_2.989575	1374	51.02
GC1003827_F08_NODE_6691_length_1374_cov_2.229350	1374	55.90
GC1003827_F08_NODE_6692_length_1373_cov_7.619583	1373	54.55
GC1003827_F08_NODE_6693_length_1373_cov_6.548154	1373	48.00
GC1003827_F08_NODE_6694_length_1373_cov_5.947833	1373	52.15
GC1003827_F08_NODE_6695_length_1373_cov_2.626003	1373	55.50
GC1003827_F08_NODE_6696_length_1373_cov_1.558587	1373	58.05
GC1003827_F08_NODE_6697_length_1372_cov_11.438554	1372	58.09
GC1003827_F08_NODE_6698_length_1372_cov_9.506024	1372	45.41
GC1003827_F08_NODE_6699_length_1372_cov_4.693976	1372	48.98
GC1003827_F08_NODE_6700_length_1372_cov_3.734137	1372	47.45
GC1003827_F08_NODE_6701_length_1372_cov_3.033735	1372	56.63
GC1003827_F08_NODE_6702_length_1372_cov_2.906827	1372	53.72
GC1003827_F08_NODE_6703_length_1371_cov_6.299035	1371	50.84
GC1003827_F08_NODE_6704_length_1371_cov_6.281350	1371	55.29
GC1003827_F08_NODE_6705_length_1371_cov_6.195338	1371	57.11
GC1003827_F08_NODE_6706_length_1371_cov_5.925241	1371	37.93
GC1003827_F08_NODE_6707_length_1371_cov_1.231511	1371	54.49
GC1003827_F08_NODE_6708_length_1371_cov_1.057074	1371	44.78
GC1003827_F08_NODE_6709_length_1371_cov_1.032958	1371	50.33
GC1003827_F08_NODE_6710_length_1370_cov_6.174578	1370	41.75
GC1003827_F08_NODE_6711_length_1370_cov_5.982301	1370	55.11
GC1003827_F08_NODE_6712_length_1370_cov_5.973451	1370	45.99
GC1003827_F08_NODE_6713_length_1370_cov_4.430410	1370	53.14
GC1003827_F08_NODE_6714_length_1370_cov_4.264682	1370	47.30
GC1003827_F08_NODE_6715_length_1370_cov_2.244570	1370	51.24
GC1003827_F08_NODE_6716_length_1369_cov_16.592593	1369	43.83
GC1003827_F08_NODE_6717_length_1369_cov_13.644122	1369	47.33
GC1003827_F08_NODE_6718_length_1369_cov_9.526570	1369	49.89
GC1003827_F08_NODE_6719_length_1369_cov_7.929952	1369	51.13
GC1003827_F08_NODE_6720_length_1369_cov_5.474235	1369	58.07
GC1003827_F08_NODE_6721_length_1369_cov_5.095813	1369	55.44
GC1003827_F08_NODE_6722_length_1369_cov_3.344605	1369	39.15
GC1003827_F08_NODE_6723_length_1369_cov_2.504026	1369	57.63
GC1003827_F08_NODE_6724_length_1369_cov_1.198068	1369	55.44
GC1003827_F08_NODE_6725_length_1368_cov_10.974214	1368	45.39
GC1003827_F08_NODE_6726_length_1368_cov_10.408541	1368	54.53
GC1003827_F08_NODE_6727_length_1368_cov_7.829976	1368	52.63
GC1003827_F08_NODE_6728_length_1368_cov_7.633360	1368	55.19
GC1003827_F08_NODE_6729_length_1368_cov_7.297341	1368	49.27
GC1003827_F08_NODE_6730_length_1368_cov_5.738114	1368	59.21
GC1003827_F08_NODE_6731_length_1368_cov_5.535052	1368	53.51
GC1003827_F08_NODE_6732_length_1368_cov_4.979049	1368	50.37
GC1003827_F08_NODE_6733_length_1368_cov_4.632554	1368	57.89
GC1003827_F08_NODE_6734_length_1368_cov_2.695407	1368	56.29
GC1003827_F08_NODE_6735_length_1367_cov_18.372581	1367	52.01
GC1003827_F08_NODE_6736_length_1367_cov_17.119355	1367	48.94
GC1003827_F08_NODE_6737_length_1367_cov_6.027419	1367	49.74
GC1003827_F08_NODE_6738_length_1367_cov_4.056452	1367	58.23
GC1003827_F08_NODE_6739_length_1367_cov_3.856452	1367	56.99
GC1003827_F08_NODE_6740_length_1367_cov_2.704032	1367	57.79
GC1003827_F08_NODE_6741_length_1367_cov_2.525000	1367	38.77
GC1003827_F08_NODE_6742_length_1367_cov_2.408065	1367	58.60
GC1003827_F08_NODE_6743_length_1367_cov_2.181452	1367	49.96
GC1003827_F08_NODE_6744_length_1367_cov_1.746774	1367	50.69
GC1003827_F08_NODE_6745_length_1366_cov_18.410008	1366	45.97
GC1003827_F08_NODE_6746_length_1366_cov_7.577078	1366	46.85
GC1003827_F08_NODE_6747_length_1366_cov_6.952381	1366	52.56
GC1003827_F08_NODE_6748_length_1366_cov_4.853914	1366	42.90
GC1003827_F08_NODE_6749_length_1366_cov_4.661017	1366	45.90
GC1003827_F08_NODE_6750_length_1366_cov_4.358354	1366	51.24
GC1003827_F08_NODE_6751_length_1366_cov_3.372881	1366	53.07
GC1003827_F08_NODE_6752_length_1366_cov_3.033898	1366	57.39
GC1003827_F08_NODE_6753_length_1366_cov_1.462470	1366	53.44
GC1003827_F08_NODE_6754_length_1366_cov_1.153349	1366	42.02
GC1003827_F08_NODE_6755_length_1365_cov_10.298869	1365	50.70
GC1003827_F08_NODE_6756_length_1365_cov_6.495153	1365	47.33
GC1003827_F08_NODE_6757_length_1365_cov_5.160743	1365	49.96
GC1003827_F08_NODE_6758_length_1365_cov_3.840872	1365	57.22
GC1003827_F08_NODE_6759_length_1365_cov_3.618740	1365	53.04
GC1003827_F08_NODE_6760_length_1365_cov_3.177706	1365	47.99
GC1003827_F08_NODE_6761_length_1365_cov_2.923263	1365	57.44
GC1003827_F08_NODE_6762_length_1365_cov_2.863489	1365	52.89
GC1003827_F08_NODE_6763_length_1365_cov_1.924071	1365	52.31
GC1003827_F08_NODE_6764_length_1365_cov_1.797254	1365	43.15
GC1003827_F08_NODE_6765_length_1365_cov_1.725363	1365	57.51
GC1003827_F08_NODE_6766_length_1365_cov_1.621163	1365	53.04
GC1003827_F08_NODE_6767_length_1365_cov_1.289176	1365	55.97
GC1003827_F08_NODE_6768_length_1364_cov_8.416330	1364	43.26
GC1003827_F08_NODE_6769_length_1364_cov_6.904608	1364	54.62
GC1003827_F08_NODE_6770_length_1364_cov_6.299111	1364	46.55
GC1003827_F08_NODE_6771_length_1364_cov_4.638642	1364	57.92
GC1003827_F08_NODE_6772_length_1364_cov_3.886823	1364	54.55
GC1003827_F08_NODE_6773_length_1364_cov_3.183508	1364	58.14
GC1003827_F08_NODE_6774_length_1364_cov_2.370251	1364	58.94
GC1003827_F08_NODE_6775_length_1364_cov_1.337106	1364	54.69
GC1003827_F08_NODE_6776_length_1363_cov_15.216019	1363	45.27
GC1003827_F08_NODE_6777_length_1363_cov_9.949838	1363	44.31
GC1003827_F08_NODE_6778_length_1363_cov_8.103560	1363	46.66
GC1003827_F08_NODE_6779_length_1363_cov_4.115696	1363	51.28
GC1003827_F08_NODE_6780_length_1363_cov_3.487864	1363	55.25
GC1003827_F08_NODE_6781_length_1363_cov_3.304207	1363	50.92
GC1003827_F08_NODE_6782_length_1363_cov_1.584951	1363	53.19
GC1003827_F08_NODE_6783_length_1362_cov_5.026721	1362	50.88
GC1003827_F08_NODE_6784_length_1362_cov_4.584615	1362	42.00
GC1003827_F08_NODE_6785_length_1362_cov_2.984615	1362	53.30
GC1003827_F08_NODE_6786_length_1362_cov_2.105263	1362	45.30
GC1003827_F08_NODE_6787_length_1362_cov_1.251822	1362	52.42
GC1003827_F08_NODE_6788_length_1361_cov_7.242301	1361	50.77
GC1003827_F08_NODE_6789_length_1361_cov_4.891410	1361	42.10
GC1003827_F08_NODE_6790_length_1361_cov_3.581037	1361	53.20
GC1003827_F08_NODE_6791_length_1361_cov_3.177472	1361	52.09
GC1003827_F08_NODE_6792_length_1361_cov_2.290113	1361	55.77
GC1003827_F08_NODE_6793_length_1360_cov_9.704785	1360	46.84
GC1003827_F08_NODE_6794_length_1360_cov_9.049473	1360	44.56
GC1003827_F08_NODE_6795_length_1360_cov_7.693431	1360	48.01
GC1003827_F08_NODE_6796_length_1360_cov_4.790754	1360	59.63
GC1003827_F08_NODE_6797_length_1359_cov_11.540584	1359	49.82
GC1003827_F08_NODE_6798_length_1359_cov_6.603896	1359	49.89
GC1003827_F08_NODE_6799_length_1359_cov_3.832792	1359	41.28
GC1003827_F08_NODE_6800_length_1359_cov_3.439123	1359	49.01
GC1003827_F08_NODE_6801_length_1358_cov_6.754671	1358	51.91
GC1003827_F08_NODE_6802_length_1358_cov_5.619821	1358	57.29
GC1003827_F08_NODE_6803_length_1358_cov_5.552396	1358	48.38
GC1003827_F08_NODE_6804_length_1358_cov_4.749797	1358	46.47
GC1003827_F08_NODE_6805_length_1358_cov_4.443542	1358	46.24
GC1003827_F08_NODE_6806_length_1358_cov_2.792851	1358	45.73
GC1003827_F08_NODE_6807_length_1358_cov_0.989439	1358	46.02
GC1003827_F08_NODE_6808_length_1357_cov_30.469106	1357	45.54
GC1003827_F08_NODE_6809_length_1357_cov_7.293496	1357	50.85
GC1003827_F08_NODE_6810_length_1357_cov_6.726016	1357	47.09
GC1003827_F08_NODE_6811_length_1357_cov_3.493496	1357	47.16
GC1003827_F08_NODE_6812_length_1357_cov_2.447154	1357	47.53
GC1003827_F08_NODE_6813_length_1357_cov_2.007317	1357	37.80
GC1003827_F08_NODE_6814_length_1357_cov_1.339024	1357	43.26
GC1003827_F08_NODE_6815_length_1356_cov_9.570382	1356	50.81
GC1003827_F08_NODE_6816_length_1356_cov_5.956876	1356	45.13
GC1003827_F08_NODE_6817_length_1356_cov_5.819365	1356	54.72
GC1003827_F08_NODE_6818_length_1356_cov_4.488202	1356	41.30
GC1003827_F08_NODE_6819_length_1356_cov_3.441009	1356	59.81
GC1003827_F08_NODE_6820_length_1356_cov_3.097640	1356	52.06
GC1003827_F08_NODE_6821_length_1356_cov_2.481692	1356	58.78
GC1003827_F08_NODE_6822_length_1356_cov_1.756713	1356	52.73
GC1003827_F08_NODE_6823_length_1356_cov_1.174939	1356	57.15
GC1003827_F08_NODE_6824_length_1355_cov_13.521173	1355	46.35
GC1003827_F08_NODE_6825_length_1355_cov_4.687296	1355	49.08
GC1003827_F08_NODE_6826_length_1355_cov_3.943811	1355	54.98
GC1003827_F08_NODE_6827_length_1355_cov_2.712541	1355	53.58
GC1003827_F08_NODE_6828_length_1355_cov_1.924267	1355	45.83
GC1003827_F08_NODE_6829_length_1355_cov_1.644951	1355	54.76
GC1003827_F08_NODE_6830_length_1355_cov_1.346906	1355	58.08
GC1003827_F08_NODE_6831_length_1354_cov_11.903830	1354	49.56
GC1003827_F08_NODE_6832_length_1354_cov_6.269764	1354	41.36
GC1003827_F08_NODE_6833_length_1354_cov_3.518337	1354	44.31
GC1003827_F08_NODE_6834_length_1354_cov_1.962510	1354	50.15
GC1003827_F08_NODE_6835_length_1353_cov_11.026101	1353	43.61
GC1003827_F08_NODE_6836_length_1353_cov_9.753670	1353	47.38
GC1003827_F08_NODE_6837_length_1353_cov_5.212887	1353	51.15
GC1003827_F08_NODE_6838_length_1353_cov_4.761827	1353	56.32
GC1003827_F08_NODE_6839_length_1353_cov_4.655791	1353	61.42
GC1003827_F08_NODE_6840_length_1353_cov_3.315661	1353	56.61
GC1003827_F08_NODE_6841_length_1353_cov_3.196574	1353	46.49
GC1003827_F08_NODE_6842_length_1353_cov_2.504894	1353	44.12
GC1003827_F08_NODE_6843_length_1353_cov_0.857259	1353	55.88
GC1003827_F08_NODE_6844_length_1352_cov_16.771429	1352	46.75
GC1003827_F08_NODE_6845_length_1352_cov_12.673469	1352	47.12
GC1003827_F08_NODE_6846_length_1352_cov_7.356735	1352	56.66
GC1003827_F08_NODE_6847_length_1352_cov_6.815510	1352	52.29
GC1003827_F08_NODE_6848_length_1352_cov_6.566531	1352	48.15
GC1003827_F08_NODE_6849_length_1352_cov_5.115102	1352	47.49
GC1003827_F08_NODE_6850_length_1352_cov_4.207347	1352	55.84
GC1003827_F08_NODE_6851_length_1352_cov_2.908571	1352	50.37
GC1003827_F08_NODE_6852_length_1352_cov_2.480000	1352	53.18
GC1003827_F08_NODE_6853_length_1352_cov_2.183673	1352	60.95
GC1003827_F08_NODE_6854_length_1351_cov_14.485294	1351	55.44
GC1003827_F08_NODE_6855_length_1351_cov_6.890523	1351	44.04
GC1003827_F08_NODE_6856_length_1351_cov_5.870098	1351	48.11
GC1003827_F08_NODE_6857_length_1351_cov_5.630719	1351	45.67
GC1003827_F08_NODE_6858_length_1351_cov_4.205882	1351	43.89
GC1003827_F08_NODE_6859_length_1351_cov_2.623366	1351	51.96
GC1003827_F08_NODE_6860_length_1350_cov_13.910057	1350	45.78
GC1003827_F08_NODE_6861_length_1350_cov_9.829109	1350	60.37
GC1003827_F08_NODE_6862_length_1350_cov_6.267375	1350	42.96
GC1003827_F08_NODE_6863_length_1350_cov_6.217498	1350	51.33
GC1003827_F08_NODE_6864_length_1350_cov_5.937858	1350	43.56
GC1003827_F08_NODE_6865_length_1350_cov_2.515944	1350	53.93
GC1003827_F08_NODE_6866_length_1350_cov_1.035159	1350	44.15
GC1003827_F08_NODE_6867_length_1349_cov_4.836334	1349	45.22
GC1003827_F08_NODE_6868_length_1349_cov_4.695581	1349	59.08
GC1003827_F08_NODE_6869_length_1349_cov_4.503273	1349	47.96
GC1003827_F08_NODE_6870_length_1349_cov_3.903437	1349	59.38
GC1003827_F08_NODE_6871_length_1349_cov_3.465630	1349	49.15
GC1003827_F08_NODE_6872_length_1349_cov_3.290507	1349	44.18
GC1003827_F08_NODE_6873_length_1349_cov_3.180851	1349	54.48
GC1003827_F08_NODE_6874_length_1349_cov_2.014730	1349	54.78
GC1003827_F08_NODE_6875_length_1348_cov_5.730549	1348	55.27
GC1003827_F08_NODE_6876_length_1348_cov_4.506143	1348	56.16
GC1003827_F08_NODE_6877_length_1348_cov_3.592957	1348	52.00
GC1003827_F08_NODE_6878_length_1348_cov_2.294021	1348	56.53
GC1003827_F08_NODE_6879_length_1348_cov_1.393120	1348	62.46
GC1003827_F08_NODE_6880_length_1347_cov_14.791803	1347	52.26
GC1003827_F08_NODE_6881_length_1347_cov_10.685246	1347	52.12
GC1003827_F08_NODE_6882_length_1347_cov_9.970492	1347	59.32
GC1003827_F08_NODE_6883_length_1347_cov_3.886885	1347	51.52
GC1003827_F08_NODE_6884_length_1347_cov_3.160656	1347	49.15
GC1003827_F08_NODE_6885_length_1347_cov_2.649180	1347	61.32
GC1003827_F08_NODE_6886_length_1347_cov_2.409016	1347	57.91
GC1003827_F08_NODE_6887_length_1347_cov_2.248361	1347	53.08
GC1003827_F08_NODE_6888_length_1347_cov_1.908197	1347	58.05
GC1003827_F08_NODE_6889_length_1346_cov_14.017227	1346	44.80
GC1003827_F08_NODE_6890_length_1346_cov_10.479081	1346	43.91
GC1003827_F08_NODE_6891_length_1346_cov_7.045119	1346	53.42
GC1003827_F08_NODE_6892_length_1346_cov_5.917966	1346	42.64
GC1003827_F08_NODE_6893_length_1346_cov_4.139459	1346	47.70
GC1003827_F08_NODE_6894_length_1346_cov_3.490566	1346	51.71
GC1003827_F08_NODE_6895_length_1346_cov_1.182937	1346	48.59
GC1003827_F08_NODE_6896_length_1345_cov_5.552545	1345	49.07
GC1003827_F08_NODE_6897_length_1345_cov_5.523810	1345	52.19
GC1003827_F08_NODE_6898_length_1345_cov_4.597701	1345	53.09
GC1003827_F08_NODE_6899_length_1345_cov_3.890805	1345	50.86
GC1003827_F08_NODE_6900_length_1345_cov_3.838259	1345	52.42
GC1003827_F08_NODE_6901_length_1345_cov_3.646962	1345	46.02
GC1003827_F08_NODE_6902_length_1345_cov_2.275862	1345	59.11
GC1003827_F08_NODE_6903_length_1345_cov_1.015599	1345	60.22
GC1003827_F08_NODE_6904_length_1344_cov_13.689400	1344	53.27
GC1003827_F08_NODE_6905_length_1344_cov_5.614626	1344	50.60
GC1003827_F08_NODE_6906_length_1344_cov_4.489729	1344	49.40
GC1003827_F08_NODE_6907_length_1344_cov_3.954807	1344	47.02
GC1003827_F08_NODE_6908_length_1344_cov_3.822514	1344	38.24
GC1003827_F08_NODE_6909_length_1344_cov_3.745275	1344	51.19
GC1003827_F08_NODE_6910_length_1344_cov_3.069022	1344	57.74
GC1003827_F08_NODE_6911_length_1344_cov_2.732128	1344	48.51
GC1003827_F08_NODE_6912_length_1344_cov_2.005752	1344	49.03
GC1003827_F08_NODE_6913_length_1343_cov_9.216283	1343	42.74
GC1003827_F08_NODE_6914_length_1343_cov_8.220395	1343	47.43
GC1003827_F08_NODE_6915_length_1343_cov_8.019737	1343	43.04
GC1003827_F08_NODE_6916_length_1343_cov_6.268092	1343	49.52
GC1003827_F08_NODE_6917_length_1343_cov_5.883224	1343	52.79
GC1003827_F08_NODE_6918_length_1343_cov_5.293586	1343	50.11
GC1003827_F08_NODE_6919_length_1343_cov_5.111842	1343	50.26
GC1003827_F08_NODE_6920_length_1343_cov_4.830592	1343	49.81
GC1003827_F08_NODE_6921_length_1343_cov_3.402961	1343	46.91
GC1003827_F08_NODE_6922_length_1343_cov_3.299342	1343	52.35
GC1003827_F08_NODE_6923_length_1343_cov_3.088816	1343	45.94
GC1003827_F08_NODE_6924_length_1343_cov_2.117599	1343	52.57
GC1003827_F08_NODE_6925_length_1343_cov_1.817434	1343	43.11
GC1003827_F08_NODE_6926_length_1343_cov_0.992599	1343	50.11
GC1003827_F08_NODE_6927_length_1342_cov_8.228807	1342	56.04
GC1003827_F08_NODE_6928_length_1342_cov_4.145679	1342	52.09
GC1003827_F08_NODE_6929_length_1342_cov_2.828807	1342	51.42
GC1003827_F08_NODE_6930_length_1342_cov_2.776132	1342	47.47
GC1003827_F08_NODE_6931_length_1342_cov_1.582716	1342	50.07
GC1003827_F08_NODE_6932_length_1342_cov_1.574486	1342	33.98
GC1003827_F08_NODE_6933_length_1341_cov_7.694399	1341	44.22
GC1003827_F08_NODE_6934_length_1341_cov_5.567545	1341	54.14
GC1003827_F08_NODE_6935_length_1341_cov_2.957166	1341	55.18
GC1003827_F08_NODE_6936_length_1341_cov_1.872323	1341	48.32
GC1003827_F08_NODE_6937_length_1341_cov_1.620264	1341	51.60
GC1003827_F08_NODE_6938_length_1340_cov_6.641385	1340	47.24
GC1003827_F08_NODE_6939_length_1340_cov_4.409728	1340	49.25
GC1003827_F08_NODE_6940_length_1340_cov_4.037923	1340	50.67
GC1003827_F08_NODE_6941_length_1340_cov_3.294312	1340	43.43
GC1003827_F08_NODE_6942_length_1340_cov_2.027205	1340	44.18
GC1003827_F08_NODE_6943_length_1340_cov_1.612531	1340	53.51
GC1003827_F08_NODE_6944_length_1339_cov_16.301155	1339	55.12
GC1003827_F08_NODE_6945_length_1339_cov_4.223597	1339	56.61
GC1003827_F08_NODE_6946_length_1339_cov_2.303630	1339	59.67
GC1003827_F08_NODE_6947_length_1339_cov_1.618812	1339	55.64
GC1003827_F08_NODE_6948_length_1338_cov_10.659785	1338	54.19
GC1003827_F08_NODE_6949_length_1338_cov_9.341866	1338	45.22
GC1003827_F08_NODE_6950_length_1338_cov_8.351775	1338	45.52
GC1003827_F08_NODE_6951_length_1338_cov_5.775392	1338	54.04
GC1003827_F08_NODE_6952_length_1338_cov_3.731627	1338	51.79
GC1003827_F08_NODE_6953_length_1338_cov_2.615194	1338	54.86
GC1003827_F08_NODE_6954_length_1338_cov_2.129645	1338	57.62
GC1003827_F08_NODE_6955_length_1337_cov_10.633884	1337	55.42
GC1003827_F08_NODE_6956_length_1337_cov_7.742975	1337	46.15
GC1003827_F08_NODE_6957_length_1337_cov_7.703306	1337	48.47
GC1003827_F08_NODE_6958_length_1337_cov_7.681818	1337	45.33
GC1003827_F08_NODE_6959_length_1337_cov_7.433058	1337	45.70
GC1003827_F08_NODE_6960_length_1337_cov_6.206612	1337	40.99
GC1003827_F08_NODE_6961_length_1337_cov_3.551240	1337	52.13
GC1003827_F08_NODE_6962_length_1337_cov_2.893388	1337	47.57
GC1003827_F08_NODE_6963_length_1337_cov_2.336364	1337	47.42
GC1003827_F08_NODE_6964_length_1337_cov_2.300826	1337	46.37
GC1003827_F08_NODE_6965_length_1337_cov_1.815702	1337	50.79
GC1003827_F08_NODE_6966_length_1337_cov_1.676860	1337	57.29
GC1003827_F08_NODE_6967_length_1336_cov_8.905707	1336	49.33
GC1003827_F08_NODE_6968_length_1336_cov_7.894127	1336	53.14
GC1003827_F08_NODE_6969_length_1336_cov_6.822994	1336	46.33
GC1003827_F08_NODE_6970_length_1336_cov_4.825476	1336	51.95
GC1003827_F08_NODE_6971_length_1336_cov_4.686518	1336	50.07
GC1003827_F08_NODE_6972_length_1336_cov_4.281224	1336	50.97
GC1003827_F08_NODE_6973_length_1336_cov_2.349049	1336	56.96
GC1003827_F08_NODE_6974_length_1336_cov_2.343259	1336	54.72
GC1003827_F08_NODE_6975_length_1336_cov_1.514475	1336	53.14
GC1003827_F08_NODE_6976_length_1335_cov_13.882450	1335	54.91
GC1003827_F08_NODE_6977_length_1335_cov_10.535596	1335	51.84
GC1003827_F08_NODE_6978_length_1335_cov_8.540563	1335	46.52
GC1003827_F08_NODE_6979_length_1335_cov_7.283940	1335	50.41
GC1003827_F08_NODE_6980_length_1335_cov_5.264901	1335	56.10
GC1003827_F08_NODE_6981_length_1335_cov_5.239238	1335	56.33
GC1003827_F08_NODE_6982_length_1334_cov_11.961889	1334	50.30
GC1003827_F08_NODE_6983_length_1334_cov_11.599834	1334	43.85
GC1003827_F08_NODE_6984_length_1334_cov_10.871582	1334	50.82
GC1003827_F08_NODE_6985_length_1334_cov_10.225352	1334	43.03
GC1003827_F08_NODE_6986_length_1334_cov_3.930406	1334	47.30
GC1003827_F08_NODE_6987_length_1334_cov_3.215410	1334	50.60
GC1003827_F08_NODE_6988_length_1334_cov_2.831814	1334	57.27
GC1003827_F08_NODE_6989_length_1334_cov_2.529412	1334	55.25
GC1003827_F08_NODE_6990_length_1334_cov_2.464789	1334	57.35
GC1003827_F08_NODE_6991_length_1334_cov_2.382767	1334	48.05
GC1003827_F08_NODE_6992_length_1333_cov_20.257048	1333	44.11
GC1003827_F08_NODE_6993_length_1333_cov_17.361526	1333	47.79
GC1003827_F08_NODE_6994_length_1333_cov_10.966003	1333	52.14
GC1003827_F08_NODE_6995_length_1333_cov_6.252073	1333	46.14
GC1003827_F08_NODE_6996_length_1333_cov_5.785240	1333	48.76
GC1003827_F08_NODE_6997_length_1333_cov_4.724710	1333	48.61
GC1003827_F08_NODE_6998_length_1333_cov_3.977612	1333	45.39
GC1003827_F08_NODE_6999_length_1333_cov_3.898839	1333	47.79
GC1003827_F08_NODE_7000_length_1333_cov_2.950249	1333	49.89
GC1003827_F08_NODE_7001_length_1333_cov_2.771973	1333	58.81
GC1003827_F08_NODE_7002_length_1333_cov_2.529022	1333	49.14
GC1003827_F08_NODE_7003_length_1333_cov_2.092869	1333	48.54
GC1003827_F08_NODE_7004_length_1333_cov_1.926202	1333	44.19
GC1003827_F08_NODE_7005_length_1333_cov_1.874793	1333	61.89
GC1003827_F08_NODE_7006_length_1333_cov_1.537313	1333	45.99
GC1003827_F08_NODE_7007_length_1332_cov_9.820747	1332	50.90
GC1003827_F08_NODE_7008_length_1332_cov_7.090456	1332	49.77
GC1003827_F08_NODE_7009_length_1332_cov_6.423237	1332	55.18
GC1003827_F08_NODE_7010_length_1332_cov_6.279668	1332	53.30
GC1003827_F08_NODE_7011_length_1332_cov_4.368465	1332	42.49
GC1003827_F08_NODE_7012_length_1332_cov_2.215768	1332	59.68
GC1003827_F08_NODE_7013_length_1331_cov_11.243355	1331	48.46
GC1003827_F08_NODE_7014_length_1331_cov_5.690199	1331	41.55
GC1003827_F08_NODE_7015_length_1331_cov_3.739203	1331	51.09
GC1003827_F08_NODE_7016_length_1331_cov_3.410299	1331	54.77
GC1003827_F08_NODE_7017_length_1331_cov_2.773256	1331	48.38
GC1003827_F08_NODE_7018_length_1331_cov_2.495847	1331	48.53
GC1003827_F08_NODE_7019_length_1331_cov_1.210963	1331	43.58
GC1003827_F08_NODE_7020_length_1330_cov_11.658354	1330	41.95
GC1003827_F08_NODE_7021_length_1330_cov_7.795511	1330	49.32
GC1003827_F08_NODE_7022_length_1330_cov_7.320865	1330	46.39
GC1003827_F08_NODE_7023_length_1330_cov_5.123857	1330	50.68
GC1003827_F08_NODE_7024_length_1330_cov_3.787199	1330	56.92
GC1003827_F08_NODE_7025_length_1330_cov_3.310889	1330	51.73
GC1003827_F08_NODE_7026_length_1330_cov_2.946800	1330	57.29
GC1003827_F08_NODE_7027_length_1330_cov_1.676642	1330	56.62
GC1003827_F08_NODE_7028_length_1330_cov_1.091438	1330	57.89
GC1003827_F08_NODE_7029_length_1330_cov_1.082294	1330	52.71
GC1003827_F08_NODE_7030_length_1329_cov_9.869384	1329	57.04
GC1003827_F08_NODE_7031_length_1329_cov_7.508319	1329	49.36
GC1003827_F08_NODE_7032_length_1329_cov_6.453411	1329	48.16
GC1003827_F08_NODE_7033_length_1329_cov_6.444260	1329	60.20
GC1003827_F08_NODE_7034_length_1329_cov_6.060732	1329	46.95
GC1003827_F08_NODE_7035_length_1329_cov_4.907654	1329	50.49
GC1003827_F08_NODE_7036_length_1329_cov_4.562396	1329	53.20
GC1003827_F08_NODE_7037_length_1329_cov_3.806156	1329	42.51
GC1003827_F08_NODE_7038_length_1328_cov_17.468776	1328	49.10
GC1003827_F08_NODE_7039_length_1328_cov_14.532057	1328	47.97
GC1003827_F08_NODE_7040_length_1328_cov_8.969192	1328	54.37
GC1003827_F08_NODE_7041_length_1328_cov_3.197336	1328	56.25
GC1003827_F08_NODE_7042_length_1328_cov_3.104913	1328	53.24
GC1003827_F08_NODE_7043_length_1328_cov_1.990008	1328	47.74
GC1003827_F08_NODE_7044_length_1327_cov_13.569167	1327	48.46
GC1003827_F08_NODE_7045_length_1327_cov_11.550833	1327	43.26
GC1003827_F08_NODE_7046_length_1327_cov_9.775000	1327	55.24
GC1003827_F08_NODE_7047_length_1327_cov_8.591667	1327	49.66
GC1003827_F08_NODE_7048_length_1327_cov_4.666667	1327	61.64
GC1003827_F08_NODE_7049_length_1326_cov_11.499583	1326	53.47
GC1003827_F08_NODE_7050_length_1326_cov_11.306088	1326	49.40
GC1003827_F08_NODE_7051_length_1326_cov_7.743119	1326	57.77
GC1003827_F08_NODE_7052_length_1326_cov_6.830692	1326	53.92
GC1003827_F08_NODE_7053_length_1326_cov_6.152627	1326	50.60
GC1003827_F08_NODE_7054_length_1326_cov_5.584654	1326	53.09
GC1003827_F08_NODE_7055_length_1326_cov_5.434529	1326	48.04
GC1003827_F08_NODE_7056_length_1326_cov_2.174312	1326	57.24
GC1003827_F08_NODE_7057_length_1326_cov_2.009174	1326	58.52
GC1003827_F08_NODE_7058_length_1325_cov_13.181135	1325	58.26
GC1003827_F08_NODE_7059_length_1325_cov_7.054257	1325	50.79
GC1003827_F08_NODE_7060_length_1325_cov_6.987479	1325	53.81
GC1003827_F08_NODE_7061_length_1325_cov_5.909850	1325	57.13
GC1003827_F08_NODE_7062_length_1325_cov_5.000000	1325	51.92
GC1003827_F08_NODE_7063_length_1325_cov_3.561770	1325	57.13
GC1003827_F08_NODE_7064_length_1325_cov_2.259599	1325	56.23
GC1003827_F08_NODE_7065_length_1325_cov_2.016694	1325	49.96
GC1003827_F08_NODE_7066_length_1325_cov_1.927379	1325	46.19
GC1003827_F08_NODE_7067_length_1325_cov_1.493322	1325	55.77
GC1003827_F08_NODE_7068_length_1325_cov_1.267112	1325	44.38
GC1003827_F08_NODE_7069_length_1324_cov_6.005013	1324	56.80
GC1003827_F08_NODE_7070_length_1324_cov_2.819549	1324	54.00
GC1003827_F08_NODE_7071_length_1324_cov_2.237260	1324	57.55
GC1003827_F08_NODE_7072_length_1324_cov_1.859649	1324	53.85
GC1003827_F08_NODE_7073_length_1324_cov_1.851295	1324	57.18
GC1003827_F08_NODE_7074_length_1324_cov_1.779449	1324	58.31
GC1003827_F08_NODE_7075_length_1324_cov_1.752715	1324	49.32
GC1003827_F08_NODE_7076_length_1324_cov_1.643275	1324	57.85
GC1003827_F08_NODE_7077_length_1324_cov_1.610693	1324	45.39
GC1003827_F08_NODE_7078_length_1324_cov_1.282373	1324	36.25
GC1003827_F08_NODE_7079_length_1323_cov_16.320234	1323	52.99
GC1003827_F08_NODE_7080_length_1323_cov_10.443980	1323	53.21
GC1003827_F08_NODE_7081_length_1323_cov_10.286789	1323	51.25
GC1003827_F08_NODE_7082_length_1323_cov_9.535953	1323	51.85
GC1003827_F08_NODE_7083_length_1323_cov_9.347826	1323	48.75
GC1003827_F08_NODE_7084_length_1323_cov_6.790970	1323	58.81
GC1003827_F08_NODE_7085_length_1323_cov_6.078595	1323	54.12
GC1003827_F08_NODE_7086_length_1323_cov_4.969064	1323	52.38
GC1003827_F08_NODE_7087_length_1323_cov_4.896321	1323	52.15
GC1003827_F08_NODE_7088_length_1323_cov_3.206522	1323	52.08
GC1003827_F08_NODE_7089_length_1323_cov_3.015050	1323	52.23
GC1003827_F08_NODE_7090_length_1323_cov_2.146321	1323	49.36
GC1003827_F08_NODE_7091_length_1322_cov_8.656904	1322	51.82
GC1003827_F08_NODE_7092_length_1322_cov_6.789958	1322	51.74
GC1003827_F08_NODE_7093_length_1322_cov_5.563180	1322	48.79
GC1003827_F08_NODE_7094_length_1322_cov_4.571548	1322	51.89
GC1003827_F08_NODE_7095_length_1322_cov_3.220921	1322	55.37
GC1003827_F08_NODE_7096_length_1322_cov_2.262762	1322	50.53
GC1003827_F08_NODE_7097_length_1322_cov_1.717155	1322	56.13
GC1003827_F08_NODE_7098_length_1322_cov_1.688703	1322	53.25
GC1003827_F08_NODE_7099_length_1321_cov_11.091290	1321	49.96
GC1003827_F08_NODE_7100_length_1321_cov_8.595477	1321	58.21
GC1003827_F08_NODE_7101_length_1321_cov_6.769682	1321	54.73
GC1003827_F08_NODE_7102_length_1321_cov_5.987437	1321	47.16
GC1003827_F08_NODE_7103_length_1321_cov_5.661642	1321	55.94
GC1003827_F08_NODE_7104_length_1321_cov_4.967337	1321	53.75
GC1003827_F08_NODE_7105_length_1321_cov_3.227806	1321	46.33
GC1003827_F08_NODE_7106_length_1321_cov_3.190955	1321	47.09
GC1003827_F08_NODE_7107_length_1321_cov_2.896985	1321	53.29
GC1003827_F08_NODE_7108_length_1321_cov_2.214405	1321	46.33
GC1003827_F08_NODE_7109_length_1320_cov_19.197821	1320	56.21
GC1003827_F08_NODE_7110_length_1320_cov_12.652976	1320	43.64
GC1003827_F08_NODE_7111_length_1320_cov_11.449288	1320	51.74
GC1003827_F08_NODE_7112_length_1320_cov_8.298407	1320	60.15
GC1003827_F08_NODE_7113_length_1320_cov_5.286672	1320	44.02
GC1003827_F08_NODE_7114_length_1320_cov_4.427494	1320	53.79
GC1003827_F08_NODE_7115_length_1320_cov_4.401509	1320	55.91
GC1003827_F08_NODE_7116_length_1320_cov_3.451802	1320	55.98
GC1003827_F08_NODE_7117_length_1320_cov_3.366303	1320	51.44
GC1003827_F08_NODE_7118_length_1320_cov_3.108969	1320	58.64
GC1003827_F08_NODE_7119_length_1320_cov_1.483655	1320	48.94
GC1003827_F08_NODE_7120_length_1319_cov_8.950503	1319	50.80
GC1003827_F08_NODE_7121_length_1319_cov_8.819631	1319	58.23
GC1003827_F08_NODE_7122_length_1319_cov_8.394295	1319	56.79
GC1003827_F08_NODE_7123_length_1319_cov_7.245805	1319	46.47
GC1003827_F08_NODE_7124_length_1319_cov_6.557047	1319	42.61
GC1003827_F08_NODE_7125_length_1319_cov_5.835570	1319	52.99
GC1003827_F08_NODE_7126_length_1319_cov_4.552852	1319	45.79
GC1003827_F08_NODE_7127_length_1319_cov_2.723154	1319	50.95
GC1003827_F08_NODE_7128_length_1319_cov_2.660235	1319	52.31
GC1003827_F08_NODE_7129_length_1319_cov_1.967282	1319	51.93
GC1003827_F08_NODE_7130_length_1319_cov_1.890101	1319	52.31
GC1003827_F08_NODE_7131_length_1318_cov_20.616289	1318	47.65
GC1003827_F08_NODE_7132_length_1318_cov_19.931990	1318	56.68
GC1003827_F08_NODE_7133_length_1318_cov_7.683459	1318	47.04
GC1003827_F08_NODE_7134_length_1318_cov_3.015953	1318	51.44
GC1003827_F08_NODE_7135_length_1318_cov_2.618808	1318	52.88
GC1003827_F08_NODE_7136_length_1318_cov_2.162049	1318	50.30
GC1003827_F08_NODE_7137_length_1318_cov_1.528128	1318	58.80
GC1003827_F08_NODE_7138_length_1317_cov_31.798319	1317	49.20
GC1003827_F08_NODE_7139_length_1317_cov_6.153782	1317	46.17
GC1003827_F08_NODE_7140_length_1317_cov_4.863025	1317	51.71
GC1003827_F08_NODE_7141_length_1317_cov_2.659664	1317	50.65
GC1003827_F08_NODE_7142_length_1317_cov_1.207563	1317	57.56
GC1003827_F08_NODE_7143_length_1316_cov_13.692178	1316	47.64
GC1003827_F08_NODE_7144_length_1316_cov_10.970563	1316	50.84
GC1003827_F08_NODE_7145_length_1316_cov_10.203532	1316	47.42
GC1003827_F08_NODE_7146_length_1316_cov_6.680404	1316	52.58
GC1003827_F08_NODE_7147_length_1316_cov_4.494533	1316	59.42
GC1003827_F08_NODE_7148_length_1316_cov_4.253995	1316	48.48
GC1003827_F08_NODE_7149_length_1316_cov_2.439865	1316	56.00
GC1003827_F08_NODE_7150_length_1316_cov_1.428932	1316	53.72
GC1003827_F08_NODE_7151_length_1315_cov_6.809764	1315	44.26
GC1003827_F08_NODE_7152_length_1315_cov_6.230640	1315	41.37
GC1003827_F08_NODE_7153_length_1315_cov_4.274411	1315	43.42
GC1003827_F08_NODE_7154_length_1315_cov_3.187710	1315	44.64
GC1003827_F08_NODE_7155_length_1315_cov_2.763468	1315	41.06
GC1003827_F08_NODE_7156_length_1315_cov_2.327441	1315	48.44
GC1003827_F08_NODE_7157_length_1315_cov_2.067340	1315	55.67
GC1003827_F08_NODE_7158_length_1315_cov_1.869529	1315	54.75
GC1003827_F08_NODE_7159_length_1315_cov_1.589226	1315	56.43
GC1003827_F08_NODE_7160_length_1315_cov_0.951178	1315	51.18
GC1003827_F08_NODE_7161_length_1315_cov_0.695286	1315	40.68
GC1003827_F08_NODE_7162_length_1314_cov_12.678180	1314	40.03
GC1003827_F08_NODE_7163_length_1314_cov_7.491154	1314	41.78
GC1003827_F08_NODE_7164_length_1314_cov_3.359730	1314	53.58
GC1003827_F08_NODE_7165_length_1314_cov_2.935131	1314	53.58
GC1003827_F08_NODE_7166_length_1314_cov_2.754002	1314	44.22
GC1003827_F08_NODE_7167_length_1314_cov_1.778433	1314	46.12
GC1003827_F08_NODE_7168_length_1314_cov_1.249368	1314	59.28
GC1003827_F08_NODE_7169_length_1313_cov_13.099494	1313	56.51
GC1003827_F08_NODE_7170_length_1313_cov_11.673693	1313	48.51
GC1003827_F08_NODE_7171_length_1313_cov_9.086847	1313	52.48
GC1003827_F08_NODE_7172_length_1313_cov_8.544688	1313	57.88
GC1003827_F08_NODE_7173_length_1313_cov_6.599494	1313	59.86
GC1003827_F08_NODE_7174_length_1313_cov_5.948567	1313	62.53
GC1003827_F08_NODE_7175_length_1313_cov_3.204047	1313	53.24
GC1003827_F08_NODE_7176_length_1313_cov_3.174536	1313	58.87
GC1003827_F08_NODE_7177_length_1313_cov_2.786678	1313	55.75
GC1003827_F08_NODE_7178_length_1313_cov_2.785835	1313	52.48
GC1003827_F08_NODE_7179_length_1313_cov_1.166105	1313	57.65
GC1003827_F08_NODE_7180_length_1313_cov_0.981450	1313	56.82
GC1003827_F08_NODE_7181_length_1312_cov_21.140928	1312	48.63
GC1003827_F08_NODE_7182_length_1312_cov_11.588186	1312	47.94
GC1003827_F08_NODE_7183_length_1312_cov_9.463291	1312	55.18
GC1003827_F08_NODE_7184_length_1312_cov_9.351899	1312	54.88
GC1003827_F08_NODE_7185_length_1312_cov_6.873418	1312	53.28
GC1003827_F08_NODE_7186_length_1312_cov_6.417722	1312	58.23
GC1003827_F08_NODE_7187_length_1312_cov_6.045570	1312	55.41
GC1003827_F08_NODE_7188_length_1312_cov_5.253165	1312	54.80
GC1003827_F08_NODE_7189_length_1312_cov_5.018565	1312	46.04
GC1003827_F08_NODE_7190_length_1312_cov_4.644726	1312	50.76
GC1003827_F08_NODE_7191_length_1312_cov_4.437975	1312	53.81
GC1003827_F08_NODE_7192_length_1312_cov_3.260759	1312	47.87
GC1003827_F08_NODE_7193_length_1312_cov_2.933333	1312	50.30
GC1003827_F08_NODE_7194_length_1312_cov_2.551055	1312	51.52
GC1003827_F08_NODE_7195_length_1312_cov_2.352743	1312	55.72
GC1003827_F08_NODE_7196_length_1312_cov_2.149367	1312	52.74
GC1003827_F08_NODE_7197_length_1311_cov_12.163851	1311	42.72
GC1003827_F08_NODE_7198_length_1311_cov_9.214527	1311	44.70
GC1003827_F08_NODE_7199_length_1311_cov_3.719595	1311	52.10
GC1003827_F08_NODE_7200_length_1311_cov_2.728885	1311	53.17
GC1003827_F08_NODE_7201_length_1311_cov_1.045608	1311	54.69
GC1003827_F08_NODE_7202_length_1310_cov_8.950972	1310	48.32
GC1003827_F08_NODE_7203_length_1310_cov_8.333052	1310	42.37
GC1003827_F08_NODE_7204_length_1310_cov_7.442942	1310	54.05
GC1003827_F08_NODE_7205_length_1310_cov_6.704142	1310	48.24
GC1003827_F08_NODE_7206_length_1310_cov_3.939983	1310	54.96
GC1003827_F08_NODE_7207_length_1310_cov_3.699070	1310	53.44
GC1003827_F08_NODE_7208_length_1310_cov_3.034658	1310	47.10
GC1003827_F08_NODE_7209_length_1310_cov_0.923077	1310	53.82
GC1003827_F08_NODE_7210_length_1310_cov_0.797971	1310	57.71
GC1003827_F08_NODE_7211_length_1309_cov_13.321489	1309	49.50
GC1003827_F08_NODE_7212_length_1309_cov_12.923858	1309	57.07
GC1003827_F08_NODE_7213_length_1309_cov_9.716582	1309	46.22
GC1003827_F08_NODE_7214_length_1309_cov_9.145516	1309	43.32
GC1003827_F08_NODE_7215_length_1309_cov_5.530457	1309	48.05
GC1003827_F08_NODE_7216_length_1309_cov_3.734349	1309	57.14
GC1003827_F08_NODE_7217_length_1309_cov_3.182741	1309	48.66
GC1003827_F08_NODE_7218_length_1309_cov_3.076142	1309	48.97
GC1003827_F08_NODE_7219_length_1309_cov_2.742809	1309	55.16
GC1003827_F08_NODE_7220_length_1309_cov_2.305415	1309	51.41
GC1003827_F08_NODE_7221_length_1308_cov_17.650296	1308	43.04
GC1003827_F08_NODE_7222_length_1308_cov_7.484335	1308	56.50
GC1003827_F08_NODE_7223_length_1308_cov_6.679932	1308	48.32
GC1003827_F08_NODE_7224_length_1308_cov_6.263336	1308	53.21
GC1003827_F08_NODE_7225_length_1308_cov_5.563082	1308	49.01
GC1003827_F08_NODE_7226_length_1308_cov_3.063506	1308	47.63
GC1003827_F08_NODE_7227_length_1308_cov_1.886537	1308	51.68
GC1003827_F08_NODE_7228_length_1308_cov_0.968671	1308	59.40
GC1003827_F08_NODE_7229_length_1307_cov_16.489831	1307	51.49
GC1003827_F08_NODE_7230_length_1307_cov_14.649153	1307	51.03
GC1003827_F08_NODE_7231_length_1307_cov_7.887288	1307	47.05
GC1003827_F08_NODE_7232_length_1307_cov_7.368644	1307	48.51
GC1003827_F08_NODE_7233_length_1307_cov_6.728814	1307	53.10
GC1003827_F08_NODE_7234_length_1307_cov_5.500000	1307	42.62
GC1003827_F08_NODE_7235_length_1307_cov_5.164407	1307	44.84
GC1003827_F08_NODE_7236_length_1307_cov_4.314407	1307	49.35
GC1003827_F08_NODE_7237_length_1307_cov_3.957627	1307	53.02
GC1003827_F08_NODE_7238_length_1307_cov_2.930508	1307	44.84
GC1003827_F08_NODE_7239_length_1307_cov_1.861017	1307	54.78
GC1003827_F08_NODE_7240_length_1306_cov_11.351145	1306	51.76
GC1003827_F08_NODE_7241_length_1306_cov_11.061069	1306	44.49
GC1003827_F08_NODE_7242_length_1306_cov_10.346904	1306	38.21
GC1003827_F08_NODE_7243_length_1306_cov_8.064461	1306	55.82
GC1003827_F08_NODE_7244_length_1306_cov_7.162002	1306	50.38
GC1003827_F08_NODE_7245_length_1306_cov_4.703986	1306	49.77
GC1003827_F08_NODE_7246_length_1306_cov_3.592027	1306	50.23
GC1003827_F08_NODE_7247_length_1306_cov_2.319763	1306	48.09
GC1003827_F08_NODE_7248_length_1306_cov_2.300254	1306	54.52
GC1003827_F08_NODE_7249_length_1305_cov_9.369270	1305	51.72
GC1003827_F08_NODE_7250_length_1305_cov_6.005942	1305	60.23
GC1003827_F08_NODE_7251_length_1305_cov_4.738540	1305	55.94
GC1003827_F08_NODE_7252_length_1305_cov_3.775891	1305	52.41
GC1003827_F08_NODE_7253_length_1305_cov_3.766553	1305	53.72
GC1003827_F08_NODE_7254_length_1305_cov_3.752971	1305	56.70
GC1003827_F08_NODE_7255_length_1305_cov_3.702037	1305	45.21
GC1003827_F08_NODE_7256_length_1305_cov_3.072156	1305	58.39
GC1003827_F08_NODE_7257_length_1305_cov_2.685059	1305	51.42
GC1003827_F08_NODE_7258_length_1305_cov_1.526316	1305	53.87
GC1003827_F08_NODE_7259_length_1304_cov_10.903144	1304	56.52
GC1003827_F08_NODE_7260_length_1304_cov_10.012744	1304	49.16
GC1003827_F08_NODE_7261_length_1304_cov_6.702634	1304	56.83
GC1003827_F08_NODE_7262_length_1304_cov_5.513169	1304	52.61
GC1003827_F08_NODE_7263_length_1304_cov_5.369584	1304	58.44
GC1003827_F08_NODE_7264_length_1304_cov_4.613424	1304	45.55
GC1003827_F08_NODE_7265_length_1304_cov_4.268479	1304	51.76
GC1003827_F08_NODE_7266_length_1304_cov_3.977910	1304	57.67
GC1003827_F08_NODE_7267_length_1304_cov_3.638912	1304	54.83
GC1003827_F08_NODE_7268_length_1304_cov_2.625319	1304	56.83
GC1003827_F08_NODE_7269_length_1304_cov_1.875956	1304	51.30
GC1003827_F08_NODE_7270_length_1303_cov_21.783163	1303	56.25
GC1003827_F08_NODE_7271_length_1303_cov_11.077381	1303	48.66
GC1003827_F08_NODE_7272_length_1303_cov_10.980442	1303	54.41
GC1003827_F08_NODE_7273_length_1303_cov_8.188776	1303	54.64
GC1003827_F08_NODE_7274_length_1303_cov_7.648810	1303	44.05
GC1003827_F08_NODE_7275_length_1303_cov_6.944728	1303	41.21
GC1003827_F08_NODE_7276_length_1303_cov_6.550170	1303	44.59
GC1003827_F08_NODE_7277_length_1303_cov_3.659014	1303	48.12
GC1003827_F08_NODE_7278_length_1303_cov_2.650510	1303	44.36
GC1003827_F08_NODE_7279_length_1303_cov_2.380952	1303	54.64
GC1003827_F08_NODE_7280_length_1303_cov_1.786565	1303	54.57
GC1003827_F08_NODE_7281_length_1302_cov_17.400851	1302	55.38
GC1003827_F08_NODE_7282_length_1302_cov_8.333617	1302	53.69
GC1003827_F08_NODE_7283_length_1302_cov_2.000851	1302	57.30
GC1003827_F08_NODE_7284_length_1301_cov_18.753833	1301	54.27
GC1003827_F08_NODE_7285_length_1301_cov_15.267462	1301	51.19
GC1003827_F08_NODE_7286_length_1301_cov_6.436116	1301	48.42
GC1003827_F08_NODE_7287_length_1301_cov_6.390971	1301	53.73
GC1003827_F08_NODE_7288_length_1301_cov_5.806644	1301	59.80
GC1003827_F08_NODE_7289_length_1301_cov_4.540886	1301	52.34
GC1003827_F08_NODE_7290_length_1301_cov_3.092845	1301	58.26
GC1003827_F08_NODE_7291_length_1301_cov_3.079216	1301	51.04
GC1003827_F08_NODE_7292_length_1301_cov_3.025554	1301	52.81
GC1003827_F08_NODE_7293_length_1301_cov_2.896934	1301	58.34
GC1003827_F08_NODE_7294_length_1301_cov_2.797274	1301	48.19
GC1003827_F08_NODE_7295_length_1301_cov_2.655026	1301	57.03
GC1003827_F08_NODE_7296_length_1301_cov_2.327087	1301	54.57
GC1003827_F08_NODE_7297_length_1301_cov_2.298978	1301	55.73
GC1003827_F08_NODE_7298_length_1301_cov_2.267462	1301	53.42
GC1003827_F08_NODE_7299_length_1301_cov_1.786201	1301	58.42
GC1003827_F08_NODE_7300_length_1301_cov_1.580920	1301	49.35
GC1003827_F08_NODE_7301_length_1300_cov_9.934356	1300	48.00
GC1003827_F08_NODE_7302_length_1300_cov_4.614663	1300	55.62
GC1003827_F08_NODE_7303_length_1300_cov_3.518329	1300	47.15
GC1003827_F08_NODE_7304_length_1300_cov_3.082694	1300	53.08
GC1003827_F08_NODE_7305_length_1300_cov_2.859335	1300	42.62
GC1003827_F08_NODE_7306_length_1300_cov_2.832055	1300	58.69
GC1003827_F08_NODE_7307_length_1300_cov_1.054561	1300	55.62
GC1003827_F08_NODE_7308_length_1300_cov_0.895141	1300	52.46
GC1003827_F08_NODE_7309_length_1299_cov_12.728669	1299	50.04
GC1003827_F08_NODE_7310_length_1299_cov_12.143345	1299	48.04
GC1003827_F08_NODE_7311_length_1299_cov_8.712457	1299	53.12
GC1003827_F08_NODE_7312_length_1299_cov_7.483788	1299	50.19
GC1003827_F08_NODE_7313_length_1299_cov_5.825085	1299	50.96
GC1003827_F08_NODE_7314_length_1299_cov_5.750853	1299	44.34
GC1003827_F08_NODE_7315_length_1299_cov_3.646758	1299	51.81
GC1003827_F08_NODE_7316_length_1299_cov_3.522184	1299	56.20
GC1003827_F08_NODE_7317_length_1299_cov_3.473549	1299	58.12
GC1003827_F08_NODE_7318_length_1299_cov_3.345563	1299	57.12
GC1003827_F08_NODE_7319_length_1299_cov_2.820819	1299	46.11
GC1003827_F08_NODE_7320_length_1299_cov_2.275597	1299	56.58
GC1003827_F08_NODE_7321_length_1299_cov_1.740614	1299	50.35
GC1003827_F08_NODE_7322_length_1299_cov_0.847270	1299	58.89
GC1003827_F08_NODE_7323_length_1298_cov_4.736123	1298	54.62
GC1003827_F08_NODE_7324_length_1298_cov_4.473100	1298	44.22
GC1003827_F08_NODE_7325_length_1298_cov_3.606319	1298	56.01
GC1003827_F08_NODE_7326_length_1298_cov_2.631939	1298	52.39
GC1003827_F08_NODE_7327_length_1298_cov_2.464560	1298	50.00
GC1003827_F08_NODE_7328_length_1298_cov_2.191289	1298	56.24
GC1003827_F08_NODE_7329_length_1297_cov_7.923077	1297	53.43
GC1003827_F08_NODE_7330_length_1297_cov_6.843590	1297	56.67
GC1003827_F08_NODE_7331_length_1297_cov_5.818803	1297	49.42
GC1003827_F08_NODE_7332_length_1297_cov_4.856410	1297	47.80
GC1003827_F08_NODE_7333_length_1297_cov_4.527350	1297	45.80
GC1003827_F08_NODE_7334_length_1297_cov_4.319658	1297	52.04
GC1003827_F08_NODE_7335_length_1297_cov_3.010256	1297	59.98
GC1003827_F08_NODE_7336_length_1297_cov_2.914530	1297	50.89
GC1003827_F08_NODE_7337_length_1297_cov_1.837607	1297	53.28
GC1003827_F08_NODE_7338_length_1296_cov_9.716852	1296	50.46
GC1003827_F08_NODE_7339_length_1296_cov_8.647562	1296	47.92
GC1003827_F08_NODE_7340_length_1296_cov_7.814371	1296	49.85
GC1003827_F08_NODE_7341_length_1296_cov_7.710864	1296	57.72
GC1003827_F08_NODE_7342_length_1296_cov_7.093242	1296	53.16
GC1003827_F08_NODE_7343_length_1296_cov_6.532079	1296	44.44
GC1003827_F08_NODE_7344_length_1296_cov_4.816938	1296	44.98
GC1003827_F08_NODE_7345_length_1296_cov_3.348161	1296	48.38
GC1003827_F08_NODE_7346_length_1296_cov_2.046193	1296	55.02
GC1003827_F08_NODE_7347_length_1295_cov_7.417808	1295	50.35
GC1003827_F08_NODE_7348_length_1295_cov_6.708904	1295	54.59
GC1003827_F08_NODE_7349_length_1295_cov_5.530822	1295	53.05
GC1003827_F08_NODE_7350_length_1295_cov_4.996575	1295	44.86
GC1003827_F08_NODE_7351_length_1295_cov_3.940925	1295	48.19
GC1003827_F08_NODE_7352_length_1295_cov_1.764555	1295	59.31
GC1003827_F08_NODE_7353_length_1294_cov_31.914310	1294	38.41
GC1003827_F08_NODE_7354_length_1294_cov_11.994002	1294	54.95
GC1003827_F08_NODE_7355_length_1294_cov_10.125107	1294	53.17
GC1003827_F08_NODE_7356_length_1294_cov_8.525278	1294	44.36
GC1003827_F08_NODE_7357_length_1294_cov_6.234790	1294	41.73
GC1003827_F08_NODE_7358_length_1294_cov_5.161097	1294	42.04
GC1003827_F08_NODE_7359_length_1294_cov_3.473008	1294	52.01
GC1003827_F08_NODE_7360_length_1294_cov_2.529563	1294	50.23
GC1003827_F08_NODE_7361_length_1293_cov_9.810463	1293	46.79
GC1003827_F08_NODE_7362_length_1293_cov_7.319039	1293	51.97
GC1003827_F08_NODE_7363_length_1293_cov_6.857633	1293	49.11
GC1003827_F08_NODE_7364_length_1293_cov_6.307890	1293	55.45
GC1003827_F08_NODE_7365_length_1293_cov_5.620926	1293	51.66
GC1003827_F08_NODE_7366_length_1293_cov_5.326758	1293	57.31
GC1003827_F08_NODE_7367_length_1293_cov_4.023156	1293	58.31
GC1003827_F08_NODE_7368_length_1293_cov_3.781304	1293	48.80
GC1003827_F08_NODE_7369_length_1293_cov_3.623499	1293	52.51
GC1003827_F08_NODE_7370_length_1293_cov_3.207547	1293	53.21
GC1003827_F08_NODE_7371_length_1293_cov_2.475986	1293	55.76
GC1003827_F08_NODE_7372_length_1293_cov_2.075472	1293	56.84
GC1003827_F08_NODE_7373_length_1293_cov_1.157804	1293	60.32
GC1003827_F08_NODE_7374_length_1293_cov_0.960549	1293	40.06
GC1003827_F08_NODE_7375_length_1292_cov_12.419742	1292	45.82
GC1003827_F08_NODE_7376_length_1292_cov_8.497854	1292	51.16
GC1003827_F08_NODE_7377_length_1292_cov_7.993991	1292	54.10
GC1003827_F08_NODE_7378_length_1292_cov_7.305579	1292	48.76
GC1003827_F08_NODE_7379_length_1292_cov_4.104721	1292	52.63
GC1003827_F08_NODE_7380_length_1292_cov_2.976824	1292	48.45
GC1003827_F08_NODE_7381_length_1292_cov_2.142489	1292	54.33
GC1003827_F08_NODE_7382_length_1292_cov_1.845494	1292	53.02
GC1003827_F08_NODE_7383_length_1292_cov_0.636910	1292	52.32
GC1003827_F08_NODE_7384_length_1291_cov_10.155498	1291	57.71
GC1003827_F08_NODE_7385_length_1291_cov_6.651203	1291	44.31
GC1003827_F08_NODE_7386_length_1291_cov_5.362543	1291	50.66
GC1003827_F08_NODE_7387_length_1291_cov_4.233677	1291	50.74
GC1003827_F08_NODE_7388_length_1291_cov_3.810137	1291	54.38
GC1003827_F08_NODE_7389_length_1291_cov_1.563574	1291	45.00
GC1003827_F08_NODE_7390_length_1291_cov_1.371993	1291	38.65
GC1003827_F08_NODE_7391_length_1291_cov_1.112543	1291	52.67
GC1003827_F08_NODE_7392_length_1290_cov_14.288908	1290	57.91
GC1003827_F08_NODE_7393_length_1290_cov_9.596733	1290	51.40
GC1003827_F08_NODE_7394_length_1290_cov_9.266552	1290	48.14
GC1003827_F08_NODE_7395_length_1290_cov_4.268272	1290	45.50
GC1003827_F08_NODE_7396_length_1290_cov_3.739467	1290	57.60
GC1003827_F08_NODE_7397_length_1290_cov_2.483233	1290	43.33
GC1003827_F08_NODE_7398_length_1290_cov_1.184867	1290	50.39
GC1003827_F08_NODE_7399_length_1290_cov_0.929493	1290	51.86
GC1003827_F08_NODE_7400_length_1289_cov_7.340792	1289	54.00
GC1003827_F08_NODE_7401_length_1289_cov_7.000000	1289	55.47
GC1003827_F08_NODE_7402_length_1289_cov_6.956971	1289	49.81
GC1003827_F08_NODE_7403_length_1289_cov_6.780551	1289	44.38
GC1003827_F08_NODE_7404_length_1289_cov_5.809811	1289	55.24
GC1003827_F08_NODE_7405_length_1289_cov_4.699656	1289	50.27
GC1003827_F08_NODE_7406_length_1289_cov_3.996558	1289	56.56
GC1003827_F08_NODE_7407_length_1289_cov_3.613597	1289	55.47
GC1003827_F08_NODE_7408_length_1289_cov_3.327022	1289	51.28
GC1003827_F08_NODE_7409_length_1289_cov_2.580895	1289	55.93
GC1003827_F08_NODE_7410_length_1289_cov_1.689329	1289	58.81
GC1003827_F08_NODE_7411_length_1289_cov_0.758176	1289	50.97
GC1003827_F08_NODE_7412_length_1288_cov_9.111972	1288	41.30
GC1003827_F08_NODE_7413_length_1288_cov_8.923342	1288	46.82
GC1003827_F08_NODE_7414_length_1288_cov_6.395349	1288	54.50
GC1003827_F08_NODE_7415_length_1288_cov_4.874246	1288	44.95
GC1003827_F08_NODE_7416_length_1288_cov_3.186908	1288	46.20
GC1003827_F08_NODE_7417_length_1288_cov_2.960379	1288	58.77
GC1003827_F08_NODE_7418_length_1288_cov_2.721792	1288	52.02
GC1003827_F08_NODE_7419_length_1288_cov_1.657192	1288	50.08
GC1003827_F08_NODE_7420_length_1288_cov_1.249785	1288	56.99
GC1003827_F08_NODE_7421_length_1287_cov_2.917241	1287	53.61
GC1003827_F08_NODE_7422_length_1287_cov_2.394828	1287	55.17
GC1003827_F08_NODE_7423_length_1286_cov_16.127696	1286	47.12
GC1003827_F08_NODE_7424_length_1286_cov_8.763589	1286	49.30
GC1003827_F08_NODE_7425_length_1286_cov_8.140638	1286	48.21
GC1003827_F08_NODE_7426_length_1286_cov_6.913719	1286	53.03
GC1003827_F08_NODE_7427_length_1286_cov_3.756687	1286	32.04
GC1003827_F08_NODE_7428_length_1286_cov_2.257118	1286	54.04
GC1003827_F08_NODE_7429_length_1285_cov_8.091537	1285	51.36
GC1003827_F08_NODE_7430_length_1285_cov_5.653713	1285	54.86
GC1003827_F08_NODE_7431_length_1285_cov_4.538860	1285	48.17
GC1003827_F08_NODE_7432_length_1285_cov_3.841969	1285	50.04
GC1003827_F08_NODE_7433_length_1285_cov_3.493955	1285	54.71
GC1003827_F08_NODE_7434_length_1285_cov_2.990501	1285	56.81
GC1003827_F08_NODE_7435_length_1285_cov_2.464594	1285	42.41
GC1003827_F08_NODE_7436_length_1285_cov_2.445596	1285	58.91
GC1003827_F08_NODE_7437_length_1284_cov_10.011236	1284	47.74
GC1003827_F08_NODE_7438_length_1284_cov_4.064823	1284	45.40
GC1003827_F08_NODE_7439_length_1284_cov_3.640449	1284	56.54
GC1003827_F08_NODE_7440_length_1284_cov_3.626621	1284	53.97
GC1003827_F08_NODE_7441_length_1284_cov_2.787381	1284	42.60
GC1003827_F08_NODE_7442_length_1284_cov_2.312014	1284	57.24
GC1003827_F08_NODE_7443_length_1284_cov_1.358686	1284	46.42
GC1003827_F08_NODE_7444_length_1284_cov_1.205704	1284	58.02
GC1003827_F08_NODE_7445_length_1283_cov_11.858997	1283	49.73
GC1003827_F08_NODE_7446_length_1283_cov_10.455882	1283	54.33
GC1003827_F08_NODE_7447_length_1283_cov_5.536332	1283	45.44
GC1003827_F08_NODE_7448_length_1283_cov_3.794983	1283	55.73
GC1003827_F08_NODE_7449_length_1283_cov_2.292388	1283	56.35
GC1003827_F08_NODE_7450_length_1283_cov_2.256920	1283	54.64
GC1003827_F08_NODE_7451_length_1283_cov_2.101211	1283	50.97
GC1003827_F08_NODE_7452_length_1283_cov_1.807093	1283	59.24
GC1003827_F08_NODE_7453_length_1283_cov_1.335640	1283	55.18
GC1003827_F08_NODE_7454_length_1283_cov_0.935986	1283	57.29
GC1003827_F08_NODE_7455_length_1282_cov_4.780952	1282	55.85
GC1003827_F08_NODE_7456_length_1282_cov_4.661472	1282	49.53
GC1003827_F08_NODE_7457_length_1282_cov_1.993074	1282	50.16
GC1003827_F08_NODE_7458_length_1282_cov_1.579221	1282	48.91
GC1003827_F08_NODE_7459_length_1282_cov_0.667532	1282	42.04
GC1003827_F08_NODE_7460_length_1281_cov_24.374350	1281	51.68
GC1003827_F08_NODE_7461_length_1281_cov_16.798960	1281	54.96
GC1003827_F08_NODE_7462_length_1281_cov_9.196707	1281	42.62
GC1003827_F08_NODE_7463_length_1281_cov_7.468804	1281	49.10
GC1003827_F08_NODE_7464_length_1281_cov_6.427210	1281	55.74
GC1003827_F08_NODE_7465_length_1281_cov_6.374350	1281	55.58
GC1003827_F08_NODE_7466_length_1281_cov_5.803293	1281	56.28
GC1003827_F08_NODE_7467_length_1281_cov_4.440208	1281	48.71
GC1003827_F08_NODE_7468_length_1281_cov_4.254766	1281	46.37
GC1003827_F08_NODE_7469_length_1281_cov_3.477470	1281	63.78
GC1003827_F08_NODE_7470_length_1281_cov_2.971404	1281	58.94
GC1003827_F08_NODE_7471_length_1281_cov_2.906412	1281	42.00
GC1003827_F08_NODE_7472_length_1281_cov_1.864818	1281	51.13
GC1003827_F08_NODE_7473_length_1280_cov_19.935820	1280	56.33
GC1003827_F08_NODE_7474_length_1280_cov_7.321769	1280	46.56
GC1003827_F08_NODE_7475_length_1280_cov_5.286210	1280	54.14
GC1003827_F08_NODE_7476_length_1280_cov_4.880312	1280	55.47
GC1003827_F08_NODE_7477_length_1280_cov_4.511709	1280	47.42
GC1003827_F08_NODE_7478_length_1280_cov_4.058977	1280	52.97
GC1003827_F08_NODE_7479_length_1280_cov_2.998265	1280	54.77
GC1003827_F08_NODE_7480_length_1280_cov_2.804857	1280	55.70
GC1003827_F08_NODE_7481_length_1279_cov_10.999132	1279	45.04
GC1003827_F08_NODE_7482_length_1279_cov_9.421875	1279	48.48
GC1003827_F08_NODE_7483_length_1279_cov_7.446181	1279	48.94
GC1003827_F08_NODE_7484_length_1279_cov_7.042535	1279	54.18
GC1003827_F08_NODE_7485_length_1279_cov_6.523438	1279	53.79
GC1003827_F08_NODE_7486_length_1279_cov_5.434028	1279	53.71
GC1003827_F08_NODE_7487_length_1279_cov_5.390625	1279	49.73
GC1003827_F08_NODE_7488_length_1279_cov_3.804688	1279	50.20
GC1003827_F08_NODE_7489_length_1279_cov_2.259549	1279	51.84
GC1003827_F08_NODE_7490_length_1279_cov_1.365451	1279	52.07
GC1003827_F08_NODE_7491_length_1278_cov_13.385752	1278	48.28
GC1003827_F08_NODE_7492_length_1278_cov_7.880104	1278	60.09
GC1003827_F08_NODE_7493_length_1278_cov_7.824500	1278	38.58
GC1003827_F08_NODE_7494_length_1278_cov_6.332754	1278	54.54
GC1003827_F08_NODE_7495_length_1278_cov_5.134666	1278	54.46
GC1003827_F08_NODE_7496_length_1278_cov_3.036490	1278	49.06
GC1003827_F08_NODE_7497_length_1278_cov_2.899218	1278	54.77
GC1003827_F08_NODE_7498_length_1278_cov_1.428323	1278	44.29
GC1003827_F08_NODE_7499_length_1277_cov_24.040000	1277	41.90
GC1003827_F08_NODE_7500_length_1277_cov_14.559130	1277	49.10
GC1003827_F08_NODE_7501_length_1277_cov_12.839130	1277	54.35
GC1003827_F08_NODE_7502_length_1277_cov_11.355652	1277	47.53
GC1003827_F08_NODE_7503_length_1277_cov_7.006087	1277	48.00
GC1003827_F08_NODE_7504_length_1277_cov_6.474783	1277	63.66
GC1003827_F08_NODE_7505_length_1277_cov_5.347826	1277	51.14
GC1003827_F08_NODE_7506_length_1277_cov_4.981739	1277	52.94
GC1003827_F08_NODE_7507_length_1277_cov_4.668696	1277	52.23
GC1003827_F08_NODE_7508_length_1277_cov_4.179130	1277	53.80
GC1003827_F08_NODE_7509_length_1277_cov_4.123478	1277	51.92
GC1003827_F08_NODE_7510_length_1277_cov_2.521739	1277	45.50
GC1003827_F08_NODE_7511_length_1277_cov_2.406957	1277	54.82
GC1003827_F08_NODE_7512_length_1277_cov_2.277391	1277	45.34
GC1003827_F08_NODE_7513_length_1277_cov_1.317391	1277	51.06
GC1003827_F08_NODE_7514_length_1276_cov_10.662315	1276	52.98
GC1003827_F08_NODE_7515_length_1276_cov_7.536989	1276	57.21
GC1003827_F08_NODE_7516_length_1276_cov_7.037424	1276	53.29
GC1003827_F08_NODE_7517_length_1276_cov_6.439513	1276	55.25
GC1003827_F08_NODE_7518_length_1276_cov_5.227154	1276	47.34
GC1003827_F08_NODE_7519_length_1276_cov_3.862489	1276	47.96
GC1003827_F08_NODE_7520_length_1276_cov_1.936466	1276	47.18
GC1003827_F08_NODE_7521_length_1276_cov_1.821584	1276	52.82
GC1003827_F08_NODE_7522_length_1276_cov_0.713664	1276	52.90
GC1003827_F08_NODE_7523_length_1275_cov_15.342334	1275	46.12
GC1003827_F08_NODE_7524_length_1275_cov_4.818815	1275	56.39
GC1003827_F08_NODE_7525_length_1275_cov_3.162021	1275	46.82
GC1003827_F08_NODE_7526_length_1275_cov_3.029617	1275	52.24
GC1003827_F08_NODE_7527_length_1275_cov_2.490418	1275	52.39
GC1003827_F08_NODE_7528_length_1275_cov_1.813589	1275	54.35
GC1003827_F08_NODE_7529_length_1275_cov_1.555749	1275	52.94
GC1003827_F08_NODE_7530_length_1275_cov_1.229965	1275	53.57
GC1003827_F08_NODE_7531_length_1274_cov_13.378378	1274	53.53
GC1003827_F08_NODE_7532_length_1274_cov_12.193548	1274	51.96
GC1003827_F08_NODE_7533_length_1274_cov_9.922406	1274	54.40
GC1003827_F08_NODE_7534_length_1274_cov_8.503923	1274	54.40
GC1003827_F08_NODE_7535_length_1274_cov_6.339146	1274	49.53
GC1003827_F08_NODE_7536_length_1274_cov_4.684394	1274	43.64
GC1003827_F08_NODE_7537_length_1274_cov_3.682650	1274	47.49
GC1003827_F08_NODE_7538_length_1274_cov_3.347864	1274	56.44
GC1003827_F08_NODE_7539_length_1274_cov_3.003487	1274	60.83
GC1003827_F08_NODE_7540_length_1274_cov_2.667829	1274	48.27
GC1003827_F08_NODE_7541_length_1274_cov_1.074978	1274	49.61
GC1003827_F08_NODE_7542_length_1273_cov_11.046248	1273	44.78
GC1003827_F08_NODE_7543_length_1273_cov_8.059337	1273	51.22
GC1003827_F08_NODE_7544_length_1273_cov_4.972949	1273	59.07
GC1003827_F08_NODE_7545_length_1273_cov_3.044503	1273	58.52
GC1003827_F08_NODE_7546_length_1273_cov_2.253054	1273	48.70
GC1003827_F08_NODE_7547_length_1273_cov_1.931937	1273	54.83
GC1003827_F08_NODE_7548_length_1273_cov_1.930192	1273	61.12
GC1003827_F08_NODE_7549_length_1273_cov_1.719895	1273	56.01
GC1003827_F08_NODE_7550_length_1273_cov_1.219023	1273	53.02
GC1003827_F08_NODE_7551_length_1273_cov_1.179756	1273	50.35
GC1003827_F08_NODE_7552_length_1272_cov_10.106550	1272	57.55
GC1003827_F08_NODE_7553_length_1272_cov_6.226201	1272	54.09
GC1003827_F08_NODE_7554_length_1272_cov_6.216594	1272	48.90
GC1003827_F08_NODE_7555_length_1272_cov_4.002620	1272	53.38
GC1003827_F08_NODE_7556_length_1272_cov_2.007860	1272	54.95
GC1003827_F08_NODE_7557_length_1272_cov_1.221834	1272	47.88
GC1003827_F08_NODE_7558_length_1271_cov_12.305070	1271	45.40
GC1003827_F08_NODE_7559_length_1271_cov_5.648601	1271	57.51
GC1003827_F08_NODE_7560_length_1271_cov_5.271853	1271	56.41
GC1003827_F08_NODE_7561_length_1271_cov_2.118007	1271	50.28
GC1003827_F08_NODE_7562_length_1271_cov_1.632867	1271	50.59
GC1003827_F08_NODE_7563_length_1270_cov_22.414698	1270	44.02
GC1003827_F08_NODE_7564_length_1270_cov_14.920385	1270	56.77
GC1003827_F08_NODE_7565_length_1270_cov_6.767279	1270	51.89
GC1003827_F08_NODE_7566_length_1270_cov_5.626422	1270	49.13
GC1003827_F08_NODE_7567_length_1270_cov_4.829396	1270	53.62
GC1003827_F08_NODE_7568_length_1270_cov_4.206474	1270	45.35
GC1003827_F08_NODE_7569_length_1270_cov_3.087489	1270	54.33
GC1003827_F08_NODE_7570_length_1270_cov_2.595801	1270	45.59
GC1003827_F08_NODE_7571_length_1269_cov_13.875657	1269	54.14
GC1003827_F08_NODE_7572_length_1269_cov_7.564799	1269	53.51
GC1003827_F08_NODE_7573_length_1269_cov_5.840630	1269	55.32
GC1003827_F08_NODE_7574_length_1269_cov_5.760946	1269	58.31
GC1003827_F08_NODE_7575_length_1269_cov_4.977233	1269	53.74
GC1003827_F08_NODE_7576_length_1269_cov_4.089317	1269	49.33
GC1003827_F08_NODE_7577_length_1269_cov_2.928196	1269	53.98
GC1003827_F08_NODE_7578_length_1269_cov_2.254816	1269	47.12
GC1003827_F08_NODE_7579_length_1269_cov_1.678634	1269	54.93
GC1003827_F08_NODE_7580_length_1269_cov_1.537653	1269	49.72
GC1003827_F08_NODE_7581_length_1269_cov_0.818739	1269	50.99
GC1003827_F08_NODE_7582_length_1268_cov_10.772130	1268	49.37
GC1003827_F08_NODE_7583_length_1268_cov_6.762489	1268	45.50
GC1003827_F08_NODE_7584_length_1268_cov_4.587204	1268	59.86
GC1003827_F08_NODE_7585_length_1268_cov_4.188431	1268	56.31
GC1003827_F08_NODE_7586_length_1268_cov_3.740578	1268	42.82
GC1003827_F08_NODE_7587_length_1268_cov_2.481157	1268	55.13
GC1003827_F08_NODE_7588_length_1268_cov_1.879930	1268	50.00
GC1003827_F08_NODE_7589_length_1268_cov_1.636284	1268	51.97
GC1003827_F08_NODE_7590_length_1267_cov_11.413158	1267	44.59
GC1003827_F08_NODE_7591_length_1267_cov_8.389474	1267	50.43
GC1003827_F08_NODE_7592_length_1267_cov_8.141228	1267	43.09
GC1003827_F08_NODE_7593_length_1267_cov_6.829825	1267	48.22
GC1003827_F08_NODE_7594_length_1267_cov_5.014912	1267	55.25
GC1003827_F08_NODE_7595_length_1267_cov_3.264912	1267	46.41
GC1003827_F08_NODE_7596_length_1267_cov_3.038596	1267	43.88
GC1003827_F08_NODE_7597_length_1267_cov_2.385088	1267	43.65
GC1003827_F08_NODE_7598_length_1267_cov_1.620175	1267	61.09
GC1003827_F08_NODE_7599_length_1267_cov_1.607018	1267	53.83
GC1003827_F08_NODE_7600_length_1266_cov_10.925373	1266	51.66
GC1003827_F08_NODE_7601_length_1266_cov_7.240562	1266	57.11
GC1003827_F08_NODE_7602_length_1266_cov_6.176471	1266	53.79
GC1003827_F08_NODE_7603_length_1266_cov_6.046532	1266	44.79
GC1003827_F08_NODE_7604_length_1266_cov_5.859526	1266	52.45
GC1003827_F08_NODE_7605_length_1266_cov_4.516242	1266	53.71
GC1003827_F08_NODE_7606_length_1266_cov_2.970149	1266	56.32
GC1003827_F08_NODE_7607_length_1266_cov_2.654960	1266	55.29
GC1003827_F08_NODE_7608_length_1266_cov_2.566286	1266	53.87
GC1003827_F08_NODE_7609_length_1266_cov_2.441615	1266	55.77
GC1003827_F08_NODE_7610_length_1266_cov_2.210711	1266	52.45
GC1003827_F08_NODE_7611_length_1266_cov_1.355575	1266	44.08
GC1003827_F08_NODE_7612_length_1265_cov_5.878735	1265	58.81
GC1003827_F08_NODE_7613_length_1265_cov_5.746924	1265	57.39
GC1003827_F08_NODE_7614_length_1265_cov_5.478910	1265	51.23
GC1003827_F08_NODE_7615_length_1265_cov_2.567663	1265	44.58
GC1003827_F08_NODE_7616_length_1265_cov_2.492091	1265	56.76
GC1003827_F08_NODE_7617_length_1265_cov_2.463972	1265	45.45
GC1003827_F08_NODE_7618_length_1265_cov_2.275923	1265	46.96
GC1003827_F08_NODE_7619_length_1265_cov_1.723199	1265	52.17
GC1003827_F08_NODE_7620_length_1264_cov_22.250180	1264	46.99
GC1003827_F08_NODE_7621_length_1264_cov_18.185576	1264	47.94
GC1003827_F08_NODE_7622_length_1264_cov_6.888303	1264	53.88
GC1003827_F08_NODE_7623_length_1264_cov_5.854881	1264	54.27
GC1003827_F08_NODE_7624_length_1264_cov_5.660510	1264	55.38
GC1003827_F08_NODE_7625_length_1264_cov_5.173263	1264	52.77
GC1003827_F08_NODE_7626_length_1264_cov_4.800352	1264	58.15
GC1003827_F08_NODE_7627_length_1264_cov_4.693931	1264	52.61
GC1003827_F08_NODE_7628_length_1264_cov_4.233069	1264	44.46
GC1003827_F08_NODE_7629_length_1264_cov_3.187335	1264	45.41
GC1003827_F08_NODE_7630_length_1264_cov_2.149516	1264	50.00
GC1003827_F08_NODE_7631_length_1264_cov_1.425682	1264	46.84
GC1003827_F08_NODE_7632_length_1263_cov_11.690141	1263	48.30
GC1003827_F08_NODE_7633_length_1263_cov_11.405810	1263	49.64
GC1003827_F08_NODE_7634_length_1263_cov_11.325704	1263	53.37
GC1003827_F08_NODE_7635_length_1263_cov_7.981514	1263	43.63
GC1003827_F08_NODE_7636_length_1263_cov_7.042254	1263	46.95
GC1003827_F08_NODE_7637_length_1263_cov_5.963908	1263	49.64
GC1003827_F08_NODE_7638_length_1263_cov_3.862676	1263	49.41
GC1003827_F08_NODE_7639_length_1263_cov_1.006162	1263	44.97
GC1003827_F08_NODE_7640_length_1262_cov_14.919824	1262	55.31
GC1003827_F08_NODE_7641_length_1262_cov_6.893392	1262	48.57
GC1003827_F08_NODE_7642_length_1262_cov_5.664317	1262	52.54
GC1003827_F08_NODE_7643_length_1262_cov_4.577974	1262	56.26
GC1003827_F08_NODE_7644_length_1262_cov_4.566520	1262	55.78
GC1003827_F08_NODE_7645_length_1262_cov_3.903084	1262	55.94
GC1003827_F08_NODE_7646_length_1262_cov_3.231718	1262	49.60
GC1003827_F08_NODE_7647_length_1262_cov_2.354185	1262	54.99
GC1003827_F08_NODE_7648_length_1262_cov_1.335683	1262	52.38
GC1003827_F08_NODE_7649_length_1261_cov_18.317460	1261	49.80
GC1003827_F08_NODE_7650_length_1261_cov_8.204586	1261	44.57
GC1003827_F08_NODE_7651_length_1261_cov_6.633157	1261	40.92
GC1003827_F08_NODE_7652_length_1261_cov_2.803351	1261	53.05
GC1003827_F08_NODE_7653_length_1261_cov_2.689594	1261	41.95
GC1003827_F08_NODE_7654_length_1261_cov_2.074956	1261	54.32
GC1003827_F08_NODE_7655_length_1261_cov_2.032628	1261	46.31
GC1003827_F08_NODE_7656_length_1261_cov_1.595238	1261	53.13
GC1003827_F08_NODE_7657_length_1260_cov_9.308032	1260	47.30
GC1003827_F08_NODE_7658_length_1260_cov_6.450132	1260	54.68
GC1003827_F08_NODE_7659_length_1260_cov_5.644307	1260	52.06
GC1003827_F08_NODE_7660_length_1260_cov_4.723742	1260	47.62
GC1003827_F08_NODE_7661_length_1260_cov_3.952339	1260	59.05
GC1003827_F08_NODE_7662_length_1260_cov_3.313327	1260	51.59
GC1003827_F08_NODE_7663_length_1260_cov_2.774051	1260	42.46
GC1003827_F08_NODE_7664_length_1260_cov_2.557811	1260	54.84
GC1003827_F08_NODE_7665_length_1260_cov_2.307149	1260	56.83
GC1003827_F08_NODE_7666_length_1260_cov_1.000883	1260	52.54
GC1003827_F08_NODE_7667_length_1259_cov_7.883392	1259	57.82
GC1003827_F08_NODE_7668_length_1259_cov_7.382509	1259	46.70
GC1003827_F08_NODE_7669_length_1259_cov_5.439929	1259	50.28
GC1003827_F08_NODE_7670_length_1259_cov_4.528269	1259	47.18
GC1003827_F08_NODE_7671_length_1259_cov_3.934629	1259	55.28
GC1003827_F08_NODE_7672_length_1259_cov_2.314488	1259	48.77
GC1003827_F08_NODE_7673_length_1259_cov_2.015018	1259	52.34
GC1003827_F08_NODE_7674_length_1259_cov_1.931979	1259	49.01
GC1003827_F08_NODE_7675_length_1259_cov_1.789753	1259	57.11
GC1003827_F08_NODE_7676_length_1259_cov_0.775618	1259	52.74
GC1003827_F08_NODE_7677_length_1258_cov_8.336870	1258	46.58
GC1003827_F08_NODE_7678_length_1258_cov_8.289125	1258	52.38
GC1003827_F08_NODE_7679_length_1258_cov_7.368700	1258	52.07
GC1003827_F08_NODE_7680_length_1258_cov_7.220159	1258	56.20
GC1003827_F08_NODE_7681_length_1258_cov_5.754200	1258	43.88
GC1003827_F08_NODE_7682_length_1258_cov_3.813439	1258	47.93
GC1003827_F08_NODE_7683_length_1258_cov_3.613616	1258	45.23
GC1003827_F08_NODE_7684_length_1258_cov_3.361627	1258	54.13
GC1003827_F08_NODE_7685_length_1258_cov_3.286472	1258	48.17
GC1003827_F08_NODE_7686_length_1258_cov_2.228117	1258	57.39
GC1003827_F08_NODE_7687_length_1258_cov_2.170645	1258	57.31
GC1003827_F08_NODE_7688_length_1258_cov_1.528736	1258	52.94
GC1003827_F08_NODE_7689_length_1258_cov_1.479222	1258	55.09
GC1003827_F08_NODE_7690_length_1257_cov_16.235398	1257	48.29
GC1003827_F08_NODE_7691_length_1257_cov_9.801770	1257	53.22
GC1003827_F08_NODE_7692_length_1257_cov_5.923894	1257	53.62
GC1003827_F08_NODE_7693_length_1257_cov_1.885841	1257	55.77
GC1003827_F08_NODE_7694_length_1256_cov_8.220549	1256	48.65
GC1003827_F08_NODE_7695_length_1256_cov_7.527015	1256	54.38
GC1003827_F08_NODE_7696_length_1256_cov_6.325066	1256	57.80
GC1003827_F08_NODE_7697_length_1256_cov_4.527015	1256	52.15
GC1003827_F08_NODE_7698_length_1256_cov_4.412755	1256	55.65
GC1003827_F08_NODE_7699_length_1256_cov_2.666076	1256	55.49
GC1003827_F08_NODE_7700_length_1256_cov_1.144376	1256	30.18
GC1003827_F08_NODE_7701_length_1255_cov_9.661348	1255	51.24
GC1003827_F08_NODE_7702_length_1255_cov_6.632979	1255	34.34
GC1003827_F08_NODE_7703_length_1255_cov_4.764184	1255	53.31
GC1003827_F08_NODE_7704_length_1255_cov_3.607270	1255	57.53
GC1003827_F08_NODE_7705_length_1255_cov_2.156028	1255	42.71
GC1003827_F08_NODE_7706_length_1255_cov_1.233156	1255	43.98
GC1003827_F08_NODE_7707_length_1254_cov_29.815439	1254	46.09
GC1003827_F08_NODE_7708_length_1254_cov_20.212955	1254	45.37
GC1003827_F08_NODE_7709_length_1254_cov_8.059450	1254	52.71
GC1003827_F08_NODE_7710_length_1254_cov_7.527950	1254	49.52
GC1003827_F08_NODE_7711_length_1254_cov_7.258208	1254	47.77
GC1003827_F08_NODE_7712_length_1254_cov_5.266193	1254	39.00
GC1003827_F08_NODE_7713_length_1254_cov_4.478261	1254	53.83
GC1003827_F08_NODE_7714_length_1254_cov_2.693878	1254	57.97
GC1003827_F08_NODE_7715_length_1254_cov_2.552795	1254	53.27
GC1003827_F08_NODE_7716_length_1254_cov_2.239574	1254	51.52
GC1003827_F08_NODE_7717_length_1254_cov_2.182786	1254	50.08
GC1003827_F08_NODE_7718_length_1254_cov_1.844720	1254	43.54
GC1003827_F08_NODE_7719_length_1253_cov_19.836590	1253	44.93
GC1003827_F08_NODE_7720_length_1253_cov_14.351687	1253	52.67
GC1003827_F08_NODE_7721_length_1253_cov_12.080817	1253	51.16
GC1003827_F08_NODE_7722_length_1253_cov_10.645648	1253	44.61
GC1003827_F08_NODE_7723_length_1253_cov_8.886323	1253	53.55
GC1003827_F08_NODE_7724_length_1253_cov_6.387211	1253	49.72
GC1003827_F08_NODE_7725_length_1253_cov_5.660746	1253	46.45
GC1003827_F08_NODE_7726_length_1253_cov_5.462700	1253	44.85
GC1003827_F08_NODE_7727_length_1253_cov_3.896092	1253	45.97
GC1003827_F08_NODE_7728_length_1253_cov_3.267318	1253	53.87
GC1003827_F08_NODE_7729_length_1253_cov_2.366785	1253	53.47
GC1003827_F08_NODE_7730_length_1253_cov_2.222913	1253	50.28
GC1003827_F08_NODE_7731_length_1253_cov_2.189165	1253	44.21
GC1003827_F08_NODE_7732_length_1253_cov_1.997336	1253	42.46
GC1003827_F08_NODE_7733_length_1253_cov_0.959147	1253	37.91
GC1003827_F08_NODE_7734_length_1252_cov_17.632889	1252	44.49
GC1003827_F08_NODE_7735_length_1252_cov_11.308444	1252	46.57
GC1003827_F08_NODE_7736_length_1252_cov_8.462222	1252	51.44
GC1003827_F08_NODE_7737_length_1252_cov_8.107556	1252	52.64
GC1003827_F08_NODE_7738_length_1252_cov_5.210667	1252	48.32
GC1003827_F08_NODE_7739_length_1252_cov_4.817778	1252	52.96
GC1003827_F08_NODE_7740_length_1252_cov_3.599111	1252	52.96
GC1003827_F08_NODE_7741_length_1252_cov_3.592889	1252	54.87
GC1003827_F08_NODE_7742_length_1252_cov_2.871111	1252	42.49
GC1003827_F08_NODE_7743_length_1252_cov_2.371556	1252	53.91
GC1003827_F08_NODE_7744_length_1252_cov_1.257778	1252	52.16
GC1003827_F08_NODE_7745_length_1251_cov_8.708185	1251	54.76
GC1003827_F08_NODE_7746_length_1251_cov_7.082740	1251	44.04
GC1003827_F08_NODE_7747_length_1251_cov_6.596975	1251	47.00
GC1003827_F08_NODE_7748_length_1251_cov_4.469751	1251	59.39
GC1003827_F08_NODE_7749_length_1251_cov_3.626335	1251	49.64
GC1003827_F08_NODE_7750_length_1251_cov_1.792705	1251	52.20
GC1003827_F08_NODE_7751_length_1251_cov_0.898577	1251	49.00
GC1003827_F08_NODE_7752_length_1250_cov_22.433660	1250	45.76
GC1003827_F08_NODE_7753_length_1250_cov_6.341941	1250	43.44
GC1003827_F08_NODE_7754_length_1250_cov_5.842386	1250	45.44
GC1003827_F08_NODE_7755_length_1250_cov_4.772039	1250	56.88
GC1003827_F08_NODE_7756_length_1250_cov_3.033838	1250	50.08
GC1003827_F08_NODE_7757_length_1250_cov_2.347284	1250	57.44
GC1003827_F08_NODE_7758_length_1250_cov_2.129118	1250	55.36
GC1003827_F08_NODE_7759_length_1250_cov_1.674978	1250	55.76
GC1003827_F08_NODE_7760_length_1250_cov_1.622440	1250	52.08
GC1003827_F08_NODE_7761_length_1249_cov_13.374332	1249	44.68
GC1003827_F08_NODE_7762_length_1249_cov_10.675579	1249	41.71
GC1003827_F08_NODE_7763_length_1249_cov_5.407308	1249	50.76
GC1003827_F08_NODE_7764_length_1249_cov_5.128342	1249	53.88
GC1003827_F08_NODE_7765_length_1249_cov_4.897504	1249	51.56
GC1003827_F08_NODE_7766_length_1249_cov_4.329768	1249	53.80
GC1003827_F08_NODE_7767_length_1249_cov_4.235294	1249	48.20
GC1003827_F08_NODE_7768_length_1249_cov_3.764706	1249	44.68
GC1003827_F08_NODE_7769_length_1249_cov_3.546346	1249	52.52
GC1003827_F08_NODE_7770_length_1249_cov_2.915330	1249	46.28
GC1003827_F08_NODE_7771_length_1249_cov_2.704100	1249	55.48
GC1003827_F08_NODE_7772_length_1249_cov_2.107843	1249	40.67
GC1003827_F08_NODE_7773_length_1249_cov_1.886809	1249	57.49
GC1003827_F08_NODE_7774_length_1249_cov_1.033868	1249	53.32
GC1003827_F08_NODE_7775_length_1248_cov_11.869759	1248	46.07
GC1003827_F08_NODE_7776_length_1248_cov_4.603925	1248	47.68
GC1003827_F08_NODE_7777_length_1248_cov_3.654773	1248	52.16
GC1003827_F08_NODE_7778_length_1248_cov_2.683318	1248	54.89
GC1003827_F08_NODE_7779_length_1248_cov_1.972346	1248	58.97
GC1003827_F08_NODE_7780_length_1247_cov_28.239286	1247	50.36
GC1003827_F08_NODE_7781_length_1247_cov_11.330357	1247	56.05
GC1003827_F08_NODE_7782_length_1247_cov_4.922321	1247	53.65
GC1003827_F08_NODE_7783_length_1247_cov_4.724107	1247	44.43
GC1003827_F08_NODE_7784_length_1247_cov_4.244643	1247	42.34
GC1003827_F08_NODE_7785_length_1247_cov_3.498214	1247	44.43
GC1003827_F08_NODE_7786_length_1247_cov_2.878571	1247	57.98
GC1003827_F08_NODE_7787_length_1247_cov_0.775893	1247	49.24
GC1003827_F08_NODE_7788_length_1246_cov_12.520107	1246	53.45
GC1003827_F08_NODE_7789_length_1246_cov_8.401251	1246	45.18
GC1003827_F08_NODE_7790_length_1246_cov_7.337802	1246	44.86
GC1003827_F08_NODE_7791_length_1246_cov_6.311886	1246	44.38
GC1003827_F08_NODE_7792_length_1246_cov_5.371761	1246	41.89
GC1003827_F08_NODE_7793_length_1246_cov_3.988382	1246	57.70
GC1003827_F08_NODE_7794_length_1246_cov_3.764969	1246	51.12
GC1003827_F08_NODE_7795_length_1246_cov_2.807864	1246	55.38
GC1003827_F08_NODE_7796_length_1246_cov_2.684540	1246	57.70
GC1003827_F08_NODE_7797_length_1246_cov_2.321716	1246	56.50
GC1003827_F08_NODE_7798_length_1246_cov_1.436104	1246	47.03
GC1003827_F08_NODE_7799_length_1246_cov_1.210903	1246	47.51
GC1003827_F08_NODE_7800_length_1245_cov_8.012522	1245	49.16
GC1003827_F08_NODE_7801_length_1245_cov_6.285331	1245	54.30
GC1003827_F08_NODE_7802_length_1245_cov_6.269231	1245	51.08
GC1003827_F08_NODE_7803_length_1245_cov_5.914132	1245	53.41
GC1003827_F08_NODE_7804_length_1245_cov_4.386404	1245	46.18
GC1003827_F08_NODE_7805_length_1245_cov_3.687835	1245	42.09
GC1003827_F08_NODE_7806_length_1245_cov_3.659213	1245	58.63
GC1003827_F08_NODE_7807_length_1245_cov_3.432916	1245	49.00
GC1003827_F08_NODE_7808_length_1245_cov_3.163685	1245	55.90
GC1003827_F08_NODE_7809_length_1245_cov_3.048301	1245	54.78
GC1003827_F08_NODE_7810_length_1245_cov_1.535778	1245	57.19
GC1003827_F08_NODE_7811_length_1244_cov_5.772605	1244	55.55
GC1003827_F08_NODE_7812_length_1244_cov_4.988362	1244	47.67
GC1003827_F08_NODE_7813_length_1244_cov_4.691137	1244	54.18
GC1003827_F08_NODE_7814_length_1244_cov_3.554163	1244	57.56
GC1003827_F08_NODE_7815_length_1244_cov_2.796777	1244	53.86
GC1003827_F08_NODE_7816_length_1244_cov_2.143241	1244	46.70
GC1003827_F08_NODE_7817_length_1244_cov_2.128021	1244	59.08
GC1003827_F08_NODE_7818_length_1244_cov_1.888093	1244	55.71
GC1003827_F08_NODE_7819_length_1244_cov_1.727842	1244	54.58
GC1003827_F08_NODE_7820_length_1243_cov_9.397849	1243	45.21
GC1003827_F08_NODE_7821_length_1243_cov_6.099462	1243	47.79
GC1003827_F08_NODE_7822_length_1243_cov_4.684588	1243	52.78
GC1003827_F08_NODE_7823_length_1243_cov_4.545699	1243	48.43
GC1003827_F08_NODE_7824_length_1243_cov_4.239247	1243	50.93
GC1003827_F08_NODE_7825_length_1243_cov_3.543011	1243	54.47
GC1003827_F08_NODE_7826_length_1243_cov_3.036738	1243	49.88
GC1003827_F08_NODE_7827_length_1243_cov_2.323477	1243	35.00
GC1003827_F08_NODE_7828_length_1243_cov_1.474910	1243	51.09
GC1003827_F08_NODE_7829_length_1242_cov_17.393722	1242	58.86
GC1003827_F08_NODE_7830_length_1242_cov_9.532735	1242	50.08
GC1003827_F08_NODE_7831_length_1242_cov_7.016143	1242	52.33
GC1003827_F08_NODE_7832_length_1242_cov_5.069058	1242	54.59
GC1003827_F08_NODE_7833_length_1242_cov_4.982063	1242	40.42
GC1003827_F08_NODE_7834_length_1242_cov_4.689686	1242	57.49
GC1003827_F08_NODE_7835_length_1242_cov_4.659193	1242	51.85
GC1003827_F08_NODE_7836_length_1242_cov_1.330942	1242	46.14
GC1003827_F08_NODE_7837_length_1242_cov_0.844843	1242	57.97
GC1003827_F08_NODE_7838_length_1241_cov_9.175943	1241	48.99
GC1003827_F08_NODE_7839_length_1241_cov_8.469479	1241	54.71
GC1003827_F08_NODE_7840_length_1241_cov_6.423698	1241	48.43
GC1003827_F08_NODE_7841_length_1241_cov_6.259425	1241	53.99
GC1003827_F08_NODE_7842_length_1241_cov_4.899461	1241	55.76
GC1003827_F08_NODE_7843_length_1241_cov_4.395871	1241	42.63
GC1003827_F08_NODE_7844_length_1241_cov_4.052962	1241	45.53
GC1003827_F08_NODE_7845_length_1241_cov_3.270197	1241	49.72
GC1003827_F08_NODE_7846_length_1241_cov_3.269300	1241	52.54
GC1003827_F08_NODE_7847_length_1241_cov_2.894075	1241	59.55
GC1003827_F08_NODE_7848_length_1241_cov_2.459605	1241	51.49
GC1003827_F08_NODE_7849_length_1241_cov_2.271993	1241	57.86
GC1003827_F08_NODE_7850_length_1241_cov_2.133752	1241	53.26
GC1003827_F08_NODE_7851_length_1241_cov_1.910233	1241	47.06
GC1003827_F08_NODE_7852_length_1240_cov_5.757412	1240	58.23
GC1003827_F08_NODE_7853_length_1240_cov_2.859838	1240	42.42
GC1003827_F08_NODE_7854_length_1240_cov_2.015274	1240	51.69
GC1003827_F08_NODE_7855_length_1240_cov_1.849057	1240	55.40
GC1003827_F08_NODE_7856_length_1240_cov_1.724169	1240	48.23
GC1003827_F08_NODE_7857_length_1240_cov_1.219227	1240	54.27
GC1003827_F08_NODE_7858_length_1240_cov_1.030548	1240	54.11
GC1003827_F08_NODE_7859_length_1239_cov_18.315647	1239	53.67
GC1003827_F08_NODE_7860_length_1239_cov_13.669964	1239	49.07
GC1003827_F08_NODE_7861_length_1239_cov_6.510791	1239	44.96
GC1003827_F08_NODE_7862_length_1239_cov_5.215827	1239	48.59
GC1003827_F08_NODE_7863_length_1239_cov_4.058453	1239	55.13
GC1003827_F08_NODE_7864_length_1239_cov_3.058453	1239	46.17
GC1003827_F08_NODE_7865_length_1239_cov_2.283273	1239	55.45
GC1003827_F08_NODE_7866_length_1239_cov_2.068345	1239	59.16
GC1003827_F08_NODE_7867_length_1239_cov_2.065647	1239	59.32
GC1003827_F08_NODE_7868_length_1238_cov_11.922592	1238	52.02
GC1003827_F08_NODE_7869_length_1238_cov_8.355536	1238	47.98
GC1003827_F08_NODE_7870_length_1238_cov_7.938794	1238	52.99
GC1003827_F08_NODE_7871_length_1238_cov_7.517552	1238	41.44
GC1003827_F08_NODE_7872_length_1238_cov_7.423042	1238	47.58
GC1003827_F08_NODE_7873_length_1238_cov_6.135014	1238	53.07
GC1003827_F08_NODE_7874_length_1238_cov_5.423042	1238	54.77
GC1003827_F08_NODE_7875_length_1238_cov_3.213321	1238	52.02
GC1003827_F08_NODE_7876_length_1238_cov_2.730873	1238	51.62
GC1003827_F08_NODE_7877_length_1238_cov_2.643564	1238	46.04
GC1003827_F08_NODE_7878_length_1238_cov_2.198920	1238	56.46
GC1003827_F08_NODE_7879_length_1238_cov_1.531053	1238	48.71
GC1003827_F08_NODE_7880_length_1237_cov_25.880180	1237	49.80
GC1003827_F08_NODE_7881_length_1237_cov_9.446847	1237	46.08
GC1003827_F08_NODE_7882_length_1237_cov_4.133333	1237	53.68
GC1003827_F08_NODE_7883_length_1237_cov_2.999099	1237	42.60
GC1003827_F08_NODE_7884_length_1237_cov_2.783784	1237	39.77
GC1003827_F08_NODE_7885_length_1237_cov_1.078378	1237	56.91
GC1003827_F08_NODE_7886_length_1236_cov_9.052299	1236	46.12
GC1003827_F08_NODE_7887_length_1236_cov_4.460775	1236	46.93
GC1003827_F08_NODE_7888_length_1236_cov_3.667268	1236	48.54
GC1003827_F08_NODE_7889_length_1236_cov_3.239856	1236	52.43
GC1003827_F08_NODE_7890_length_1236_cov_1.590622	1236	53.40
GC1003827_F08_NODE_7891_length_1236_cov_1.158702	1236	48.06
GC1003827_F08_NODE_7892_length_1235_cov_8.425993	1235	48.42
GC1003827_F08_NODE_7893_length_1235_cov_7.399819	1235	52.15
GC1003827_F08_NODE_7894_length_1235_cov_4.212996	1235	55.55
GC1003827_F08_NODE_7895_length_1235_cov_3.491877	1235	51.17
GC1003827_F08_NODE_7896_length_1235_cov_3.443141	1235	55.71
GC1003827_F08_NODE_7897_length_1235_cov_2.778881	1235	55.87
GC1003827_F08_NODE_7898_length_1235_cov_1.667870	1235	49.15
GC1003827_F08_NODE_7899_length_1235_cov_1.635379	1235	54.98
GC1003827_F08_NODE_7900_length_1234_cov_4.907859	1234	46.60
GC1003827_F08_NODE_7901_length_1234_cov_4.311653	1234	44.81
GC1003827_F08_NODE_7902_length_1234_cov_4.130985	1234	60.37
GC1003827_F08_NODE_7903_length_1234_cov_3.645890	1234	54.78
GC1003827_F08_NODE_7904_length_1234_cov_2.688347	1234	54.46
GC1003827_F08_NODE_7905_length_1234_cov_2.655827	1234	54.29
GC1003827_F08_NODE_7906_length_1234_cov_2.137308	1234	46.43
GC1003827_F08_NODE_7907_length_1234_cov_1.696477	1234	60.45
GC1003827_F08_NODE_7908_length_1234_cov_1.607046	1234	57.29
GC1003827_F08_NODE_7909_length_1234_cov_1.257453	1234	52.51
GC1003827_F08_NODE_7910_length_1234_cov_1.146341	1234	57.21
GC1003827_F08_NODE_7911_length_1233_cov_12.028933	1233	51.01
GC1003827_F08_NODE_7912_length_1233_cov_11.673599	1233	48.42
GC1003827_F08_NODE_7913_length_1233_cov_10.977396	1233	49.15
GC1003827_F08_NODE_7914_length_1233_cov_4.008137	1233	42.25
GC1003827_F08_NODE_7915_length_1233_cov_3.176311	1233	48.82
GC1003827_F08_NODE_7916_length_1233_cov_2.896926	1233	59.61
GC1003827_F08_NODE_7917_length_1233_cov_2.351718	1233	55.96
GC1003827_F08_NODE_7918_length_1233_cov_2.188065	1233	46.96
GC1003827_F08_NODE_7919_length_1232_cov_25.311312	1232	52.03
GC1003827_F08_NODE_7920_length_1232_cov_5.687783	1232	54.55
GC1003827_F08_NODE_7921_length_1232_cov_5.570136	1232	49.51
GC1003827_F08_NODE_7922_length_1232_cov_2.965611	1232	52.76
GC1003827_F08_NODE_7923_length_1232_cov_2.827149	1232	51.79
GC1003827_F08_NODE_7924_length_1232_cov_2.013575	1232	44.81
GC1003827_F08_NODE_7925_length_1232_cov_1.994570	1232	49.43
GC1003827_F08_NODE_7926_length_1232_cov_1.297738	1232	50.65
GC1003827_F08_NODE_7927_length_1231_cov_11.485507	1231	50.12
GC1003827_F08_NODE_7928_length_1231_cov_6.824275	1231	57.84
GC1003827_F08_NODE_7929_length_1231_cov_5.043478	1231	55.08
GC1003827_F08_NODE_7930_length_1231_cov_3.271739	1231	55.00
GC1003827_F08_NODE_7931_length_1231_cov_2.278986	1231	47.44
GC1003827_F08_NODE_7932_length_1231_cov_1.839674	1231	45.09
GC1003827_F08_NODE_7933_length_1231_cov_1.819746	1231	58.65
GC1003827_F08_NODE_7934_length_1231_cov_1.664855	1231	54.18
GC1003827_F08_NODE_7935_length_1231_cov_1.366848	1231	47.12
GC1003827_F08_NODE_7936_length_1231_cov_1.110507	1231	35.17
GC1003827_F08_NODE_7937_length_1231_cov_1.096920	1231	58.25
GC1003827_F08_NODE_7938_length_1230_cov_10.728015	1230	42.20
GC1003827_F08_NODE_7939_length_1230_cov_2.616500	1230	47.97
GC1003827_F08_NODE_7940_length_1230_cov_2.400725	1230	47.64
GC1003827_F08_NODE_7941_length_1230_cov_1.505893	1230	50.57
GC1003827_F08_NODE_7942_length_1230_cov_0.932910	1230	57.15
GC1003827_F08_NODE_7943_length_1230_cov_0.892112	1230	52.36
GC1003827_F08_NODE_7944_length_1230_cov_0.852221	1230	51.71
GC1003827_F08_NODE_7945_length_1229_cov_15.398367	1229	49.23
GC1003827_F08_NODE_7946_length_1229_cov_11.421053	1229	47.52
GC1003827_F08_NODE_7947_length_1229_cov_9.417423	1229	51.59
GC1003827_F08_NODE_7948_length_1229_cov_8.643376	1229	42.47
GC1003827_F08_NODE_7949_length_1229_cov_4.492740	1229	45.08
GC1003827_F08_NODE_7950_length_1229_cov_3.761343	1229	56.31
GC1003827_F08_NODE_7951_length_1228_cov_26.063579	1228	48.78
GC1003827_F08_NODE_7952_length_1228_cov_17.863760	1228	50.08
GC1003827_F08_NODE_7953_length_1228_cov_12.830154	1228	55.54
GC1003827_F08_NODE_7954_length_1228_cov_11.053588	1228	46.50
GC1003827_F08_NODE_7955_length_1228_cov_10.518619	1228	56.35
GC1003827_F08_NODE_7956_length_1228_cov_6.443233	1228	47.64
GC1003827_F08_NODE_7957_length_1228_cov_6.011807	1228	49.67
GC1003827_F08_NODE_7958_length_1228_cov_5.663034	1228	48.53
GC1003827_F08_NODE_7959_length_1228_cov_4.634877	1228	56.03
GC1003827_F08_NODE_7960_length_1228_cov_3.402361	1228	50.90
GC1003827_F08_NODE_7961_length_1228_cov_2.366939	1228	47.23
GC1003827_F08_NODE_7962_length_1228_cov_2.154405	1228	50.90
GC1003827_F08_NODE_7963_length_1228_cov_1.973660	1228	55.05
GC1003827_F08_NODE_7964_length_1227_cov_14.673636	1227	57.46
GC1003827_F08_NODE_7965_length_1227_cov_7.753636	1227	46.70
GC1003827_F08_NODE_7966_length_1227_cov_5.804545	1227	57.46
GC1003827_F08_NODE_7967_length_1227_cov_4.938182	1227	51.34
GC1003827_F08_NODE_7968_length_1227_cov_4.769091	1227	54.52
GC1003827_F08_NODE_7969_length_1227_cov_3.145455	1227	51.26
GC1003827_F08_NODE_7970_length_1227_cov_2.743636	1227	54.36
GC1003827_F08_NODE_7971_length_1227_cov_1.898182	1227	56.97
GC1003827_F08_NODE_7972_length_1226_cov_8.715196	1226	48.21
GC1003827_F08_NODE_7973_length_1226_cov_7.441310	1226	54.81
GC1003827_F08_NODE_7974_length_1226_cov_5.740673	1226	46.57
GC1003827_F08_NODE_7975_length_1226_cov_3.222020	1226	50.57
GC1003827_F08_NODE_7976_length_1226_cov_2.970883	1226	44.37
GC1003827_F08_NODE_7977_length_1226_cov_2.751592	1226	58.97
GC1003827_F08_NODE_7978_length_1226_cov_2.567789	1226	51.63
GC1003827_F08_NODE_7979_length_1226_cov_2.417652	1226	40.70
GC1003827_F08_NODE_7980_length_1226_cov_0.909008	1226	48.37
GC1003827_F08_NODE_7981_length_1226_cov_0.786169	1226	62.48
GC1003827_F08_NODE_7982_length_1226_cov_0.683348	1226	51.39
GC1003827_F08_NODE_7983_length_1225_cov_17.682149	1225	53.31
GC1003827_F08_NODE_7984_length_1225_cov_13.242259	1225	53.88
GC1003827_F08_NODE_7985_length_1225_cov_7.336066	1225	56.00
GC1003827_F08_NODE_7986_length_1225_cov_5.647541	1225	46.37
GC1003827_F08_NODE_7987_length_1225_cov_5.502732	1225	52.24
GC1003827_F08_NODE_7988_length_1225_cov_5.192168	1225	51.02
GC1003827_F08_NODE_7989_length_1225_cov_4.649362	1225	60.49
GC1003827_F08_NODE_7990_length_1225_cov_4.368852	1225	55.10
GC1003827_F08_NODE_7991_length_1225_cov_3.288707	1225	55.35
GC1003827_F08_NODE_7992_length_1225_cov_3.075592	1225	43.76
GC1003827_F08_NODE_7993_length_1225_cov_2.683060	1225	55.76
GC1003827_F08_NODE_7994_length_1225_cov_2.536430	1225	58.29
GC1003827_F08_NODE_7995_length_1225_cov_2.365209	1225	51.02
GC1003827_F08_NODE_7996_length_1225_cov_1.750455	1225	42.37
GC1003827_F08_NODE_7997_length_1225_cov_0.748634	1225	54.53
GC1003827_F08_NODE_7998_length_1224_cov_9.821331	1224	54.82
GC1003827_F08_NODE_7999_length_1224_cov_5.938924	1224	53.59
GC1003827_F08_NODE_8000_length_1224_cov_4.962625	1224	55.88
GC1003827_F08_NODE_8001_length_1224_cov_4.204193	1224	51.88
GC1003827_F08_NODE_8002_length_1224_cov_3.704649	1224	39.05
GC1003827_F08_NODE_8003_length_1224_cov_3.619872	1224	47.79
GC1003827_F08_NODE_8004_length_1224_cov_3.555150	1224	54.90
GC1003827_F08_NODE_8005_length_1224_cov_3.530538	1224	43.30
GC1003827_F08_NODE_8006_length_1224_cov_3.273473	1224	50.33
GC1003827_F08_NODE_8007_length_1224_cov_2.739289	1224	55.39
GC1003827_F08_NODE_8008_length_1224_cov_1.615314	1224	53.59
GC1003827_F08_NODE_8009_length_1223_cov_15.923358	1223	56.58
GC1003827_F08_NODE_8010_length_1223_cov_10.391423	1223	51.43
GC1003827_F08_NODE_8011_length_1223_cov_8.927007	1223	53.15
GC1003827_F08_NODE_8012_length_1223_cov_5.824818	1223	47.59
GC1003827_F08_NODE_8013_length_1223_cov_5.746350	1223	56.91
GC1003827_F08_NODE_8014_length_1223_cov_5.326642	1223	37.94
GC1003827_F08_NODE_8015_length_1223_cov_5.281934	1223	48.73
GC1003827_F08_NODE_8016_length_1223_cov_4.968978	1223	45.54
GC1003827_F08_NODE_8017_length_1223_cov_2.513686	1223	53.56
GC1003827_F08_NODE_8018_length_1223_cov_2.343978	1223	49.88
GC1003827_F08_NODE_8019_length_1223_cov_1.906934	1223	60.83
GC1003827_F08_NODE_8020_length_1223_cov_1.884124	1223	49.55
GC1003827_F08_NODE_8021_length_1222_cov_13.378995	1222	46.56
GC1003827_F08_NODE_8022_length_1222_cov_8.771689	1222	46.48
GC1003827_F08_NODE_8023_length_1222_cov_5.717808	1222	54.58
GC1003827_F08_NODE_8024_length_1222_cov_5.092237	1222	55.73
GC1003827_F08_NODE_8025_length_1222_cov_3.601826	1222	53.93
GC1003827_F08_NODE_8026_length_1222_cov_2.621918	1222	57.12
GC1003827_F08_NODE_8027_length_1222_cov_2.563470	1222	45.17
GC1003827_F08_NODE_8028_length_1222_cov_1.945205	1222	53.36
GC1003827_F08_NODE_8029_length_1222_cov_1.664840	1222	50.08
GC1003827_F08_NODE_8030_length_1222_cov_1.452968	1222	44.76
GC1003827_F08_NODE_8031_length_1222_cov_1.399087	1222	50.82
GC1003827_F08_NODE_8032_length_1221_cov_20.913163	1221	52.58
GC1003827_F08_NODE_8033_length_1221_cov_9.913163	1221	45.05
GC1003827_F08_NODE_8034_length_1221_cov_8.519196	1221	46.76
GC1003827_F08_NODE_8035_length_1221_cov_7.841865	1221	46.27
GC1003827_F08_NODE_8036_length_1221_cov_7.603291	1221	57.90
GC1003827_F08_NODE_8037_length_1221_cov_7.581353	1221	51.92
GC1003827_F08_NODE_8038_length_1221_cov_5.034735	1221	45.62
GC1003827_F08_NODE_8039_length_1221_cov_4.951554	1221	47.01
GC1003827_F08_NODE_8040_length_1221_cov_3.667276	1221	40.13
GC1003827_F08_NODE_8041_length_1221_cov_3.509141	1221	48.81
GC1003827_F08_NODE_8042_length_1221_cov_2.936015	1221	54.63
GC1003827_F08_NODE_8043_length_1221_cov_2.471664	1221	53.56
GC1003827_F08_NODE_8044_length_1221_cov_2.281536	1221	50.61
GC1003827_F08_NODE_8045_length_1221_cov_1.998172	1221	58.89
GC1003827_F08_NODE_8046_length_1220_cov_19.967063	1220	52.21
GC1003827_F08_NODE_8047_length_1220_cov_10.738335	1220	45.90
GC1003827_F08_NODE_8048_length_1220_cov_7.748399	1220	44.02
GC1003827_F08_NODE_8049_length_1220_cov_7.064044	1220	61.23
GC1003827_F08_NODE_8050_length_1220_cov_4.499543	1220	52.13
GC1003827_F08_NODE_8051_length_1220_cov_3.251601	1220	53.52
GC1003827_F08_NODE_8052_length_1220_cov_2.399817	1220	57.62
GC1003827_F08_NODE_8053_length_1220_cov_1.600183	1220	55.49
GC1003827_F08_NODE_8054_length_1220_cov_1.401647	1220	61.31
GC1003827_F08_NODE_8055_length_1219_cov_6.422161	1219	59.31
GC1003827_F08_NODE_8056_length_1219_cov_5.935897	1219	54.63
GC1003827_F08_NODE_8057_length_1219_cov_5.314103	1219	49.38
GC1003827_F08_NODE_8058_length_1219_cov_5.204212	1219	44.38
GC1003827_F08_NODE_8059_length_1219_cov_5.015568	1219	54.06
GC1003827_F08_NODE_8060_length_1219_cov_4.738095	1219	44.46
GC1003827_F08_NODE_8061_length_1219_cov_1.896520	1219	57.26
GC1003827_F08_NODE_8062_length_1218_cov_12.296975	1218	49.67
GC1003827_F08_NODE_8063_length_1218_cov_7.225481	1218	54.68
GC1003827_F08_NODE_8064_length_1218_cov_2.832264	1218	55.42
GC1003827_F08_NODE_8065_length_1218_cov_2.588451	1218	48.77
GC1003827_F08_NODE_8066_length_1218_cov_2.537122	1218	47.04
GC1003827_F08_NODE_8067_length_1218_cov_2.341888	1218	58.78
GC1003827_F08_NODE_8068_length_1218_cov_1.816682	1218	51.89
GC1003827_F08_NODE_8069_length_1218_cov_1.047663	1218	55.42
GC1003827_F08_NODE_8070_length_1217_cov_12.502752	1217	51.85
GC1003827_F08_NODE_8071_length_1217_cov_12.248624	1217	51.19
GC1003827_F08_NODE_8072_length_1217_cov_8.856881	1217	42.07
GC1003827_F08_NODE_8073_length_1217_cov_6.820183	1217	52.51
GC1003827_F08_NODE_8074_length_1217_cov_3.595413	1217	43.22
GC1003827_F08_NODE_8075_length_1217_cov_3.560550	1217	59.65
GC1003827_F08_NODE_8076_length_1217_cov_3.268807	1217	47.41
GC1003827_F08_NODE_8077_length_1217_cov_0.984404	1217	38.54
GC1003827_F08_NODE_8078_length_1217_cov_0.910092	1217	50.78
GC1003827_F08_NODE_8079_length_1216_cov_15.707989	1216	50.41
GC1003827_F08_NODE_8080_length_1216_cov_9.332415	1216	45.31
GC1003827_F08_NODE_8081_length_1216_cov_9.324151	1216	41.45
GC1003827_F08_NODE_8082_length_1216_cov_9.143251	1216	50.66
GC1003827_F08_NODE_8083_length_1216_cov_6.732782	1216	49.67
GC1003827_F08_NODE_8084_length_1216_cov_6.492195	1216	55.76
GC1003827_F08_NODE_8085_length_1216_cov_3.545455	1216	44.49
GC1003827_F08_NODE_8086_length_1216_cov_3.305785	1216	58.22
GC1003827_F08_NODE_8087_length_1216_cov_3.155188	1216	41.45
GC1003827_F08_NODE_8088_length_1216_cov_2.973370	1216	49.51
GC1003827_F08_NODE_8089_length_1216_cov_2.679522	1216	47.20
GC1003827_F08_NODE_8090_length_1216_cov_1.902663	1216	53.87
GC1003827_F08_NODE_8091_length_1216_cov_1.794307	1216	59.95
GC1003827_F08_NODE_8092_length_1216_cov_0.460055	1216	52.30
GC1003827_F08_NODE_8093_length_1215_cov_22.159926	1215	55.56
GC1003827_F08_NODE_8094_length_1215_cov_15.690257	1215	42.88
GC1003827_F08_NODE_8095_length_1215_cov_10.814338	1215	49.63
GC1003827_F08_NODE_8096_length_1215_cov_9.862132	1215	48.07
GC1003827_F08_NODE_8097_length_1215_cov_7.608456	1215	50.29
GC1003827_F08_NODE_8098_length_1215_cov_7.499081	1215	53.17
GC1003827_F08_NODE_8099_length_1215_cov_5.533088	1215	56.30
GC1003827_F08_NODE_8100_length_1215_cov_4.934743	1215	48.81
GC1003827_F08_NODE_8101_length_1215_cov_4.390625	1215	54.57
GC1003827_F08_NODE_8102_length_1215_cov_4.018382	1215	51.77
GC1003827_F08_NODE_8103_length_1215_cov_2.954963	1215	58.35
GC1003827_F08_NODE_8104_length_1215_cov_2.474265	1215	52.26
GC1003827_F08_NODE_8105_length_1215_cov_2.141544	1215	45.84
GC1003827_F08_NODE_8106_length_1215_cov_1.641544	1215	60.49
GC1003827_F08_NODE_8107_length_1214_cov_15.809568	1214	47.53
GC1003827_F08_NODE_8108_length_1214_cov_11.120515	1214	50.33
GC1003827_F08_NODE_8109_length_1214_cov_5.562098	1214	43.00
GC1003827_F08_NODE_8110_length_1214_cov_4.635695	1214	53.21
GC1003827_F08_NODE_8111_length_1214_cov_2.494940	1214	54.12
GC1003827_F08_NODE_8112_length_1214_cov_2.303588	1214	52.80
GC1003827_F08_NODE_8113_length_1214_cov_1.909844	1214	48.76
GC1003827_F08_NODE_8114_length_1213_cov_6.288214	1213	49.55
GC1003827_F08_NODE_8115_length_1213_cov_5.647330	1213	49.71
GC1003827_F08_NODE_8116_length_1213_cov_5.463168	1213	50.29
GC1003827_F08_NODE_8117_length_1213_cov_4.689687	1213	54.99
GC1003827_F08_NODE_8118_length_1213_cov_4.014733	1213	47.07
GC1003827_F08_NODE_8119_length_1213_cov_3.591160	1213	56.14
GC1003827_F08_NODE_8120_length_1213_cov_3.194291	1213	45.51
GC1003827_F08_NODE_8121_length_1213_cov_2.566298	1213	60.92
GC1003827_F08_NODE_8122_length_1213_cov_2.367403	1213	54.16
GC1003827_F08_NODE_8123_length_1213_cov_2.191529	1213	54.49
GC1003827_F08_NODE_8124_length_1213_cov_1.855433	1213	56.22
GC1003827_F08_NODE_8125_length_1213_cov_1.741252	1213	45.26
GC1003827_F08_NODE_8126_length_1213_cov_1.075506	1213	58.78
GC1003827_F08_NODE_8127_length_1212_cov_7.057143	1212	38.53
GC1003827_F08_NODE_8128_length_1212_cov_3.008295	1212	46.53
GC1003827_F08_NODE_8129_length_1212_cov_2.737327	1212	43.73
GC1003827_F08_NODE_8130_length_1212_cov_1.238710	1212	40.92
GC1003827_F08_NODE_8131_length_1211_cov_8.976937	1211	54.25
GC1003827_F08_NODE_8132_length_1211_cov_4.433579	1211	42.86
GC1003827_F08_NODE_8133_length_1211_cov_3.572878	1211	47.73
GC1003827_F08_NODE_8134_length_1211_cov_2.959410	1211	57.23
GC1003827_F08_NODE_8135_length_1211_cov_2.898524	1211	57.97
GC1003827_F08_NODE_8136_length_1211_cov_2.670664	1211	55.00
GC1003827_F08_NODE_8137_length_1211_cov_1.574723	1211	57.80
GC1003827_F08_NODE_8138_length_1211_cov_1.403137	1211	44.51
GC1003827_F08_NODE_8139_length_1210_cov_18.145891	1210	47.11
GC1003827_F08_NODE_8140_length_1210_cov_5.480148	1210	57.93
GC1003827_F08_NODE_8141_length_1210_cov_4.512465	1210	57.36
GC1003827_F08_NODE_8142_length_1210_cov_3.930748	1210	39.75
GC1003827_F08_NODE_8143_length_1210_cov_3.657433	1210	52.48
GC1003827_F08_NODE_8144_length_1210_cov_3.276085	1210	43.14
GC1003827_F08_NODE_8145_length_1210_cov_2.819021	1210	52.89
GC1003827_F08_NODE_8146_length_1210_cov_2.635272	1210	52.89
GC1003827_F08_NODE_8147_length_1210_cov_2.513389	1210	42.98
GC1003827_F08_NODE_8148_length_1210_cov_2.161588	1210	51.90
GC1003827_F08_NODE_8149_length_1210_cov_1.911357	1210	42.81
GC1003827_F08_NODE_8150_length_1210_cov_1.342567	1210	46.28
GC1003827_F08_NODE_8151_length_1209_cov_6.525878	1209	46.07
GC1003827_F08_NODE_8152_length_1209_cov_2.766174	1209	53.68
GC1003827_F08_NODE_8153_length_1209_cov_2.519409	1209	45.49
GC1003827_F08_NODE_8154_length_1209_cov_2.373383	1209	39.37
GC1003827_F08_NODE_8155_length_1209_cov_1.912200	1209	55.42
GC1003827_F08_NODE_8156_length_1208_cov_21.532840	1208	50.25
GC1003827_F08_NODE_8157_length_1208_cov_11.283071	1208	52.98
GC1003827_F08_NODE_8158_length_1208_cov_9.023127	1208	43.13
GC1003827_F08_NODE_8159_length_1208_cov_7.801110	1208	54.14
GC1003827_F08_NODE_8160_length_1208_cov_5.364477	1208	56.21
GC1003827_F08_NODE_8161_length_1208_cov_4.571693	1208	54.14
GC1003827_F08_NODE_8162_length_1208_cov_4.428307	1208	52.32
GC1003827_F08_NODE_8163_length_1208_cov_3.476411	1208	49.67
GC1003827_F08_NODE_8164_length_1208_cov_2.605920	1208	55.46
GC1003827_F08_NODE_8165_length_1208_cov_2.112858	1208	45.45
GC1003827_F08_NODE_8166_length_1208_cov_1.801110	1208	59.44
GC1003827_F08_NODE_8167_length_1208_cov_1.599445	1208	44.54
GC1003827_F08_NODE_8168_length_1207_cov_11.076852	1207	43.08
GC1003827_F08_NODE_8169_length_1207_cov_7.732407	1207	51.45
GC1003827_F08_NODE_8170_length_1207_cov_7.025926	1207	45.98
GC1003827_F08_NODE_8171_length_1207_cov_5.431481	1207	46.23
GC1003827_F08_NODE_8172_length_1207_cov_2.448148	1207	47.97
GC1003827_F08_NODE_8173_length_1207_cov_2.410185	1207	58.08
GC1003827_F08_NODE_8174_length_1207_cov_2.165741	1207	43.99
GC1003827_F08_NODE_8175_length_1207_cov_1.792593	1207	54.76
GC1003827_F08_NODE_8176_length_1207_cov_0.943519	1207	49.38
GC1003827_F08_NODE_8177_length_1207_cov_0.671296	1207	52.36
GC1003827_F08_NODE_8178_length_1206_cov_6.916589	1206	45.77
GC1003827_F08_NODE_8179_length_1206_cov_5.369787	1206	53.40
GC1003827_F08_NODE_8180_length_1206_cov_4.092678	1206	42.54
GC1003827_F08_NODE_8181_length_1206_cov_3.926784	1206	53.65
GC1003827_F08_NODE_8182_length_1206_cov_3.155700	1206	51.41
GC1003827_F08_NODE_8183_length_1206_cov_3.028730	1206	51.00
GC1003827_F08_NODE_8184_length_1206_cov_2.880445	1206	49.09
GC1003827_F08_NODE_8185_length_1206_cov_2.615385	1206	49.25
GC1003827_F08_NODE_8186_length_1206_cov_2.542169	1206	53.73
GC1003827_F08_NODE_8187_length_1206_cov_2.227062	1206	50.00
GC1003827_F08_NODE_8188_length_1206_cov_1.905468	1206	48.76
GC1003827_F08_NODE_8189_length_1206_cov_1.225209	1206	56.30
GC1003827_F08_NODE_8190_length_1205_cov_19.960111	1205	47.05
GC1003827_F08_NODE_8191_length_1205_cov_10.495362	1205	54.77
GC1003827_F08_NODE_8192_length_1205_cov_10.105751	1205	43.90
GC1003827_F08_NODE_8193_length_1205_cov_4.821892	1205	48.46
GC1003827_F08_NODE_8194_length_1205_cov_4.274583	1205	53.69
GC1003827_F08_NODE_8195_length_1205_cov_3.576067	1205	45.64
GC1003827_F08_NODE_8196_length_1205_cov_2.530612	1205	55.27
GC1003827_F08_NODE_8197_length_1205_cov_2.249536	1205	48.13
GC1003827_F08_NODE_8198_length_1204_cov_10.809656	1204	46.10
GC1003827_F08_NODE_8199_length_1204_cov_8.631383	1204	48.84
GC1003827_F08_NODE_8200_length_1204_cov_6.636955	1204	56.73
GC1003827_F08_NODE_8201_length_1204_cov_5.282266	1204	53.24
GC1003827_F08_NODE_8202_length_1204_cov_3.949861	1204	48.84
GC1003827_F08_NODE_8203_length_1204_cov_3.632312	1204	50.66
GC1003827_F08_NODE_8204_length_1204_cov_3.240483	1204	52.33
GC1003827_F08_NODE_8205_length_1204_cov_3.033426	1204	46.76
GC1003827_F08_NODE_8206_length_1204_cov_2.074280	1204	46.01
GC1003827_F08_NODE_8207_length_1203_cov_8.610595	1203	44.22
GC1003827_F08_NODE_8208_length_1203_cov_6.244424	1203	51.62
GC1003827_F08_NODE_8209_length_1203_cov_6.029740	1203	47.22
GC1003827_F08_NODE_8210_length_1203_cov_5.079926	1203	54.36
GC1003827_F08_NODE_8211_length_1203_cov_3.769517	1203	53.62
GC1003827_F08_NODE_8212_length_1203_cov_3.422862	1203	53.62
GC1003827_F08_NODE_8213_length_1203_cov_3.320632	1203	54.03
GC1003827_F08_NODE_8214_length_1203_cov_3.087361	1203	50.79
GC1003827_F08_NODE_8215_length_1203_cov_1.798327	1203	49.21
GC1003827_F08_NODE_8216_length_1202_cov_11.946977	1202	55.57
GC1003827_F08_NODE_8217_length_1202_cov_10.866977	1202	50.92
GC1003827_F08_NODE_8218_length_1202_cov_9.694884	1202	51.50
GC1003827_F08_NODE_8219_length_1202_cov_8.831628	1202	54.58
GC1003827_F08_NODE_8220_length_1202_cov_8.349767	1202	50.00
GC1003827_F08_NODE_8221_length_1202_cov_5.108837	1202	56.24
GC1003827_F08_NODE_8222_length_1202_cov_4.483721	1202	55.74
GC1003827_F08_NODE_8223_length_1202_cov_3.737674	1202	47.42
GC1003827_F08_NODE_8224_length_1202_cov_3.698605	1202	59.98
GC1003827_F08_NODE_8225_length_1202_cov_3.649302	1202	54.41
GC1003827_F08_NODE_8226_length_1202_cov_3.609302	1202	47.25
GC1003827_F08_NODE_8227_length_1202_cov_2.309767	1202	54.99
GC1003827_F08_NODE_8228_length_1202_cov_1.441860	1202	43.84
GC1003827_F08_NODE_8229_length_1201_cov_11.467412	1201	40.47
GC1003827_F08_NODE_8230_length_1201_cov_11.314711	1201	44.46
GC1003827_F08_NODE_8231_length_1201_cov_9.330540	1201	53.37
GC1003827_F08_NODE_8232_length_1201_cov_5.978585	1201	52.96
GC1003827_F08_NODE_8233_length_1201_cov_3.962756	1201	58.53
GC1003827_F08_NODE_8234_length_1201_cov_3.474860	1201	56.20
GC1003827_F08_NODE_8235_length_1201_cov_3.295158	1201	47.21
GC1003827_F08_NODE_8236_length_1201_cov_3.016760	1201	45.63
GC1003827_F08_NODE_8237_length_1201_cov_1.061453	1201	57.87
GC1003827_F08_NODE_8238_length_1200_cov_9.888164	1200	43.50
GC1003827_F08_NODE_8239_length_1200_cov_7.153774	1200	47.75
GC1003827_F08_NODE_8240_length_1200_cov_4.582479	1200	51.50
GC1003827_F08_NODE_8241_length_1200_cov_4.377446	1200	52.75
GC1003827_F08_NODE_8242_length_1200_cov_3.864865	1200	57.67
GC1003827_F08_NODE_8243_length_1200_cov_3.411929	1200	49.00
GC1003827_F08_NODE_8244_length_1200_cov_3.335508	1200	61.33
GC1003827_F08_NODE_8245_length_1200_cov_2.632805	1200	50.17
GC1003827_F08_NODE_8246_length_1200_cov_2.433364	1200	57.17
GC1003827_F08_NODE_8247_length_1200_cov_1.960857	1200	46.17
GC1003827_F08_NODE_8248_length_1200_cov_1.821994	1200	31.75
GC1003827_F08_NODE_8249_length_1200_cov_1.745573	1200	57.25
GC1003827_F08_NODE_8250_length_1200_cov_1.723206	1200	63.92
GC1003827_F08_NODE_8251_length_1200_cov_1.609506	1200	45.83
GC1003827_F08_NODE_8252_length_1200_cov_1.298229	1200	58.33
GC1003827_F08_NODE_8253_length_1200_cov_1.232992	1200	39.17
GC1003827_F08_NODE_8254_length_1199_cov_6.758396	1199	46.71
GC1003827_F08_NODE_8255_length_1199_cov_4.987873	1199	46.87
GC1003827_F08_NODE_8256_length_1199_cov_3.928172	1199	55.21
GC1003827_F08_NODE_8257_length_1199_cov_3.898321	1199	55.63
GC1003827_F08_NODE_8258_length_1199_cov_3.776119	1199	55.88
GC1003827_F08_NODE_8259_length_1199_cov_2.631530	1199	59.72
GC1003827_F08_NODE_8260_length_1199_cov_2.088619	1199	57.30
GC1003827_F08_NODE_8261_length_1199_cov_1.877799	1199	56.38
GC1003827_F08_NODE_8262_length_1199_cov_0.972948	1199	53.04
GC1003827_F08_NODE_8263_length_1198_cov_15.554622	1198	47.83
GC1003827_F08_NODE_8264_length_1198_cov_11.214753	1198	50.75
GC1003827_F08_NODE_8265_length_1198_cov_9.368814	1198	47.33
GC1003827_F08_NODE_8266_length_1198_cov_3.694678	1198	53.01
GC1003827_F08_NODE_8267_length_1198_cov_3.213819	1198	45.74
GC1003827_F08_NODE_8268_length_1198_cov_2.012138	1198	51.17
GC1003827_F08_NODE_8269_length_1198_cov_2.000000	1198	49.92
GC1003827_F08_NODE_8270_length_1198_cov_1.423903	1198	55.34
GC1003827_F08_NODE_8271_length_1197_cov_12.805607	1197	52.72
GC1003827_F08_NODE_8272_length_1197_cov_9.465421	1197	46.37
GC1003827_F08_NODE_8273_length_1197_cov_7.186916	1197	52.13
GC1003827_F08_NODE_8274_length_1197_cov_5.907477	1197	49.37
GC1003827_F08_NODE_8275_length_1197_cov_5.205607	1197	56.89
GC1003827_F08_NODE_8276_length_1197_cov_2.492523	1197	58.56
GC1003827_F08_NODE_8277_length_1197_cov_2.327103	1197	47.62
GC1003827_F08_NODE_8278_length_1197_cov_2.273832	1197	57.56
GC1003827_F08_NODE_8279_length_1197_cov_1.544860	1197	48.20
GC1003827_F08_NODE_8280_length_1196_cov_10.176801	1196	45.40
GC1003827_F08_NODE_8281_length_1196_cov_8.076707	1196	56.94
GC1003827_F08_NODE_8282_length_1196_cov_7.710009	1196	51.51
GC1003827_F08_NODE_8283_length_1196_cov_6.991581	1196	57.11
GC1003827_F08_NODE_8284_length_1196_cov_4.920486	1196	42.73
GC1003827_F08_NODE_8285_length_1196_cov_4.765201	1196	51.00
GC1003827_F08_NODE_8286_length_1196_cov_3.241347	1196	49.92
GC1003827_F08_NODE_8287_length_1196_cov_2.770814	1196	57.02
GC1003827_F08_NODE_8288_length_1196_cov_2.388213	1196	59.95
GC1003827_F08_NODE_8289_length_1196_cov_2.057063	1196	53.26
GC1003827_F08_NODE_8290_length_1196_cov_1.364827	1196	48.16
GC1003827_F08_NODE_8291_length_1196_cov_1.358279	1196	57.61
GC1003827_F08_NODE_8292_length_1196_cov_1.295603	1196	49.58
GC1003827_F08_NODE_8293_length_1196_cov_0.993452	1196	56.86
GC1003827_F08_NODE_8294_length_1195_cov_4.932584	1195	54.23
GC1003827_F08_NODE_8295_length_1195_cov_4.868914	1195	48.79
GC1003827_F08_NODE_8296_length_1195_cov_3.575843	1195	52.13
GC1003827_F08_NODE_8297_length_1195_cov_2.305243	1195	48.79
GC1003827_F08_NODE_8298_length_1195_cov_1.899813	1195	47.87
GC1003827_F08_NODE_8299_length_1194_cov_4.296157	1194	57.87
GC1003827_F08_NODE_8300_length_1194_cov_2.313027	1194	54.52
GC1003827_F08_NODE_8301_length_1194_cov_1.814433	1194	52.18
GC1003827_F08_NODE_8302_length_1194_cov_1.712277	1194	59.05
GC1003827_F08_NODE_8303_length_1193_cov_16.874296	1193	48.20
GC1003827_F08_NODE_8304_length_1193_cov_11.173546	1193	49.71
GC1003827_F08_NODE_8305_length_1193_cov_9.228893	1193	51.47
GC1003827_F08_NODE_8306_length_1193_cov_7.301126	1193	58.26
GC1003827_F08_NODE_8307_length_1193_cov_7.132270	1193	43.84
GC1003827_F08_NODE_8308_length_1193_cov_5.073171	1193	58.09
GC1003827_F08_NODE_8309_length_1193_cov_4.852720	1193	46.10
GC1003827_F08_NODE_8310_length_1193_cov_4.562852	1193	52.14
GC1003827_F08_NODE_8311_length_1193_cov_4.396811	1193	43.76
GC1003827_F08_NODE_8312_length_1193_cov_4.192308	1193	54.57
GC1003827_F08_NODE_8313_length_1193_cov_3.930582	1193	53.98
GC1003827_F08_NODE_8314_length_1193_cov_3.260788	1193	54.99
GC1003827_F08_NODE_8315_length_1193_cov_3.031895	1193	51.47
GC1003827_F08_NODE_8316_length_1193_cov_2.368668	1193	52.14
GC1003827_F08_NODE_8317_length_1193_cov_2.297373	1193	49.12
GC1003827_F08_NODE_8318_length_1193_cov_1.913696	1193	58.26
GC1003827_F08_NODE_8319_length_1193_cov_1.688555	1193	54.40
GC1003827_F08_NODE_8320_length_1192_cov_7.736150	1192	55.29
GC1003827_F08_NODE_8321_length_1192_cov_6.015023	1192	34.98
GC1003827_F08_NODE_8322_length_1192_cov_5.075117	1192	57.55
GC1003827_F08_NODE_8323_length_1192_cov_4.085446	1192	47.73
GC1003827_F08_NODE_8324_length_1192_cov_3.560563	1192	43.37
GC1003827_F08_NODE_8325_length_1192_cov_3.516432	1192	51.51
GC1003827_F08_NODE_8326_length_1192_cov_3.129577	1192	45.64
GC1003827_F08_NODE_8327_length_1192_cov_2.872300	1192	46.64
GC1003827_F08_NODE_8328_length_1192_cov_2.843192	1192	50.17
GC1003827_F08_NODE_8329_length_1192_cov_2.037559	1192	56.96
GC1003827_F08_NODE_8330_length_1192_cov_1.806573	1192	55.20
GC1003827_F08_NODE_8331_length_1191_cov_15.292293	1191	47.02
GC1003827_F08_NODE_8332_length_1191_cov_10.141917	1191	51.97
GC1003827_F08_NODE_8333_length_1191_cov_6.140038	1191	52.98
GC1003827_F08_NODE_8334_length_1191_cov_5.482143	1191	54.83
GC1003827_F08_NODE_8335_length_1191_cov_3.504699	1191	46.94
GC1003827_F08_NODE_8336_length_1191_cov_1.789474	1191	56.51
GC1003827_F08_NODE_8337_length_1191_cov_1.678571	1191	51.97
GC1003827_F08_NODE_8338_length_1191_cov_1.347744	1191	53.48
GC1003827_F08_NODE_8339_length_1191_cov_1.228383	1191	47.36
GC1003827_F08_NODE_8340_length_1190_cov_4.484478	1190	46.05
GC1003827_F08_NODE_8341_length_1190_cov_3.751646	1190	59.41
GC1003827_F08_NODE_8342_length_1190_cov_3.503293	1190	42.86
GC1003827_F08_NODE_8343_length_1190_cov_2.615240	1190	51.85
GC1003827_F08_NODE_8344_length_1190_cov_2.225776	1190	57.23
GC1003827_F08_NODE_8345_length_1190_cov_1.469426	1190	49.16
GC1003827_F08_NODE_8346_length_1189_cov_6.937853	1189	46.34
GC1003827_F08_NODE_8347_length_1189_cov_4.547081	1189	48.19
GC1003827_F08_NODE_8348_length_1189_cov_2.597928	1189	51.30
GC1003827_F08_NODE_8349_length_1189_cov_2.582863	1189	46.09
GC1003827_F08_NODE_8350_length_1189_cov_2.327684	1189	53.74
GC1003827_F08_NODE_8351_length_1189_cov_1.419021	1189	53.24
GC1003827_F08_NODE_8352_length_1189_cov_1.157250	1189	61.14
GC1003827_F08_NODE_8353_length_1188_cov_10.348728	1188	47.14
GC1003827_F08_NODE_8354_length_1188_cov_9.252592	1188	59.34
GC1003827_F08_NODE_8355_length_1188_cov_6.548539	1188	38.97
GC1003827_F08_NODE_8356_length_1188_cov_4.459001	1188	56.73
GC1003827_F08_NODE_8357_length_1188_cov_4.072573	1188	56.48
GC1003827_F08_NODE_8358_length_1188_cov_4.032988	1188	53.37
GC1003827_F08_NODE_8359_length_1188_cov_3.969840	1188	50.59
GC1003827_F08_NODE_8360_length_1188_cov_3.208294	1188	54.38
GC1003827_F08_NODE_8361_length_1188_cov_3.124411	1188	53.45
GC1003827_F08_NODE_8362_length_1188_cov_2.558907	1188	50.76
GC1003827_F08_NODE_8363_length_1187_cov_5.883962	1187	54.93
GC1003827_F08_NODE_8364_length_1187_cov_3.784906	1187	51.22
GC1003827_F08_NODE_8365_length_1187_cov_2.763208	1187	50.72
GC1003827_F08_NODE_8366_length_1187_cov_2.736792	1187	58.30
GC1003827_F08_NODE_8367_length_1187_cov_2.316038	1187	55.01
GC1003827_F08_NODE_8368_length_1187_cov_1.824528	1187	49.45
GC1003827_F08_NODE_8369_length_1186_cov_13.965061	1186	41.99
GC1003827_F08_NODE_8370_length_1186_cov_7.956563	1186	55.31
GC1003827_F08_NODE_8371_length_1186_cov_5.209632	1186	52.95
GC1003827_F08_NODE_8372_length_1186_cov_4.929178	1186	43.51
GC1003827_F08_NODE_8373_length_1186_cov_4.923513	1186	57.42
GC1003827_F08_NODE_8374_length_1186_cov_4.826251	1186	53.63
GC1003827_F08_NODE_8375_length_1186_cov_4.727101	1186	54.89
GC1003827_F08_NODE_8376_length_1185_cov_6.543478	1185	52.15
GC1003827_F08_NODE_8377_length_1185_cov_2.595463	1185	55.44
GC1003827_F08_NODE_8378_length_1185_cov_2.438563	1185	41.01
GC1003827_F08_NODE_8379_length_1185_cov_2.017958	1185	47.51
GC1003827_F08_NODE_8380_length_1185_cov_1.165406	1185	45.15
GC1003827_F08_NODE_8381_length_1185_cov_1.142722	1185	48.95
GC1003827_F08_NODE_8382_length_1185_cov_0.786389	1185	50.97
GC1003827_F08_NODE_8383_length_1185_cov_0.711720	1185	54.68
GC1003827_F08_NODE_8384_length_1184_cov_21.879849	1184	47.47
GC1003827_F08_NODE_8385_length_1184_cov_12.105960	1184	45.95
GC1003827_F08_NODE_8386_length_1184_cov_10.999054	1184	45.78
GC1003827_F08_NODE_8387_length_1184_cov_4.564806	1184	54.22
GC1003827_F08_NODE_8388_length_1184_cov_3.009461	1184	56.00
GC1003827_F08_NODE_8389_length_1184_cov_2.786187	1184	44.26
GC1003827_F08_NODE_8390_length_1184_cov_2.671712	1184	54.48
GC1003827_F08_NODE_8391_length_1184_cov_1.617786	1184	47.89
GC1003827_F08_NODE_8392_length_1184_cov_1.299905	1184	57.52
GC1003827_F08_NODE_8393_length_1184_cov_1.241249	1184	47.80
GC1003827_F08_NODE_8394_length_1183_cov_17.292614	1183	48.86
GC1003827_F08_NODE_8395_length_1183_cov_11.981061	1183	53.25
GC1003827_F08_NODE_8396_length_1183_cov_11.856061	1183	52.75
GC1003827_F08_NODE_8397_length_1183_cov_9.146780	1183	52.92
GC1003827_F08_NODE_8398_length_1183_cov_8.534091	1183	46.41
GC1003827_F08_NODE_8399_length_1183_cov_8.508523	1183	52.58
GC1003827_F08_NODE_8400_length_1183_cov_4.836174	1183	55.87
GC1003827_F08_NODE_8401_length_1183_cov_4.328598	1183	50.97
GC1003827_F08_NODE_8402_length_1183_cov_3.839015	1183	44.46
GC1003827_F08_NODE_8403_length_1183_cov_3.677083	1183	55.45
GC1003827_F08_NODE_8404_length_1183_cov_3.560606	1183	56.38
GC1003827_F08_NODE_8405_length_1183_cov_1.823864	1183	54.61
GC1003827_F08_NODE_8406_length_1183_cov_1.810606	1183	55.28
GC1003827_F08_NODE_8407_length_1183_cov_1.251894	1183	56.21
GC1003827_F08_NODE_8408_length_1182_cov_6.478673	1182	39.59
GC1003827_F08_NODE_8409_length_1182_cov_5.930806	1182	49.58
GC1003827_F08_NODE_8410_length_1182_cov_5.740284	1182	46.70
GC1003827_F08_NODE_8411_length_1182_cov_5.672986	1182	53.55
GC1003827_F08_NODE_8412_length_1182_cov_3.824645	1182	47.97
GC1003827_F08_NODE_8413_length_1182_cov_3.768720	1182	45.85
GC1003827_F08_NODE_8414_length_1182_cov_3.544076	1182	59.22
GC1003827_F08_NODE_8415_length_1182_cov_3.043602	1182	40.27
GC1003827_F08_NODE_8416_length_1182_cov_2.633175	1182	55.50
GC1003827_F08_NODE_8417_length_1182_cov_1.684360	1182	42.81
GC1003827_F08_NODE_8418_length_1182_cov_1.370616	1182	54.65
GC1003827_F08_NODE_8419_length_1181_cov_14.679317	1181	48.52
GC1003827_F08_NODE_8420_length_1181_cov_10.437381	1181	43.69
GC1003827_F08_NODE_8421_length_1181_cov_9.258065	1181	47.59
GC1003827_F08_NODE_8422_length_1181_cov_4.632827	1181	42.00
GC1003827_F08_NODE_8423_length_1181_cov_3.973435	1181	50.04
GC1003827_F08_NODE_8424_length_1181_cov_2.742884	1181	48.18
GC1003827_F08_NODE_8425_length_1181_cov_2.091082	1181	57.41
GC1003827_F08_NODE_8426_length_1181_cov_1.947818	1181	54.02
GC1003827_F08_NODE_8427_length_1181_cov_1.729602	1181	52.16
GC1003827_F08_NODE_8428_length_1181_cov_1.257116	1181	49.70
GC1003827_F08_NODE_8429_length_1180_cov_13.186135	1180	43.90
GC1003827_F08_NODE_8430_length_1180_cov_11.298196	1180	53.90
GC1003827_F08_NODE_8431_length_1180_cov_10.042735	1180	57.63
GC1003827_F08_NODE_8432_length_1180_cov_8.222222	1180	49.32
GC1003827_F08_NODE_8433_length_1180_cov_7.360874	1180	53.73
GC1003827_F08_NODE_8434_length_1180_cov_4.925926	1180	46.36
GC1003827_F08_NODE_8435_length_1180_cov_2.635328	1180	58.81
GC1003827_F08_NODE_8436_length_1180_cov_2.477683	1180	55.51
GC1003827_F08_NODE_8437_length_1180_cov_2.310541	1180	55.34
GC1003827_F08_NODE_8438_length_1180_cov_2.232669	1180	38.90
GC1003827_F08_NODE_8439_length_1180_cov_1.919278	1180	48.47
GC1003827_F08_NODE_8440_length_1180_cov_1.333333	1180	54.92
GC1003827_F08_NODE_8441_length_1180_cov_1.153846	1180	49.15
GC1003827_F08_NODE_8442_length_1179_cov_13.756654	1179	49.62
GC1003827_F08_NODE_8443_length_1179_cov_10.451521	1179	53.27
GC1003827_F08_NODE_8444_length_1179_cov_10.169202	1179	50.21
GC1003827_F08_NODE_8445_length_1179_cov_6.477186	1179	42.92
GC1003827_F08_NODE_8446_length_1179_cov_6.065589	1179	46.40
GC1003827_F08_NODE_8447_length_1179_cov_5.868821	1179	48.01
GC1003827_F08_NODE_8448_length_1179_cov_4.947719	1179	49.11
GC1003827_F08_NODE_8449_length_1179_cov_4.153042	1179	55.13
GC1003827_F08_NODE_8450_length_1179_cov_2.866920	1179	47.92
GC1003827_F08_NODE_8451_length_1179_cov_2.346008	1179	44.02
GC1003827_F08_NODE_8452_length_1179_cov_1.990494	1179	54.54
GC1003827_F08_NODE_8453_length_1179_cov_1.182510	1179	58.52
GC1003827_F08_NODE_8454_length_1178_cov_16.323501	1178	51.70
GC1003827_F08_NODE_8455_length_1178_cov_5.518554	1178	47.96
GC1003827_F08_NODE_8456_length_1178_cov_5.465271	1178	50.51
GC1003827_F08_NODE_8457_length_1178_cov_4.588011	1178	38.03
GC1003827_F08_NODE_8458_length_1178_cov_4.495718	1178	45.76
GC1003827_F08_NODE_8459_length_1178_cov_3.384396	1178	58.57
GC1003827_F08_NODE_8460_length_1178_cov_2.518554	1178	53.06
GC1003827_F08_NODE_8461_length_1178_cov_1.954329	1178	45.76
GC1003827_F08_NODE_8462_length_1178_cov_0.724072	1178	46.77
GC1003827_F08_NODE_8463_length_1177_cov_19.688571	1177	54.97
GC1003827_F08_NODE_8464_length_1177_cov_8.805714	1177	53.87
GC1003827_F08_NODE_8465_length_1177_cov_8.263810	1177	42.31
GC1003827_F08_NODE_8466_length_1177_cov_7.164762	1177	50.89
GC1003827_F08_NODE_8467_length_1177_cov_6.971429	1177	55.31
GC1003827_F08_NODE_8468_length_1177_cov_5.921905	1177	48.77
GC1003827_F08_NODE_8469_length_1177_cov_4.030476	1177	47.15
GC1003827_F08_NODE_8470_length_1177_cov_2.127619	1177	35.34
GC1003827_F08_NODE_8471_length_1177_cov_1.658095	1177	53.78
GC1003827_F08_NODE_8472_length_1177_cov_1.429524	1177	54.46
GC1003827_F08_NODE_8473_length_1177_cov_0.944762	1177	61.85
GC1003827_F08_NODE_8474_length_1176_cov_8.873213	1176	41.84
GC1003827_F08_NODE_8475_length_1176_cov_8.834128	1176	45.15
GC1003827_F08_NODE_8476_length_1176_cov_6.377502	1176	45.75
GC1003827_F08_NODE_8477_length_1176_cov_5.535748	1176	55.53
GC1003827_F08_NODE_8478_length_1176_cov_3.166826	1176	48.47
GC1003827_F08_NODE_8479_length_1176_cov_1.909438	1176	44.90
GC1003827_F08_NODE_8480_length_1176_cov_0.580553	1176	45.15
GC1003827_F08_NODE_8481_length_1175_cov_9.410305	1175	55.06
GC1003827_F08_NODE_8482_length_1175_cov_5.604008	1175	51.23
GC1003827_F08_NODE_8483_length_1175_cov_5.065840	1175	56.09
GC1003827_F08_NODE_8484_length_1175_cov_4.226145	1175	58.13
GC1003827_F08_NODE_8485_length_1175_cov_1.920802	1175	54.98
GC1003827_F08_NODE_8486_length_1174_cov_39.794651	1174	47.87
GC1003827_F08_NODE_8487_length_1174_cov_8.635148	1174	52.73
GC1003827_F08_NODE_8488_length_1174_cov_7.089780	1174	47.96
GC1003827_F08_NODE_8489_length_1174_cov_4.767908	1174	50.17
GC1003827_F08_NODE_8490_length_1174_cov_4.398281	1174	50.17
GC1003827_F08_NODE_8491_length_1174_cov_4.259790	1174	54.00
GC1003827_F08_NODE_8492_length_1174_cov_3.746896	1174	53.07
GC1003827_F08_NODE_8493_length_1174_cov_3.504298	1174	56.90
GC1003827_F08_NODE_8494_length_1174_cov_3.061127	1174	52.39
GC1003827_F08_NODE_8495_length_1174_cov_3.026743	1174	55.45
GC1003827_F08_NODE_8496_length_1174_cov_0.773639	1174	46.59
GC1003827_F08_NODE_8497_length_1174_cov_0.649475	1174	53.24
GC1003827_F08_NODE_8498_length_1173_cov_13.606119	1173	43.82
GC1003827_F08_NODE_8499_length_1173_cov_13.313576	1173	55.50
GC1003827_F08_NODE_8500_length_1173_cov_9.038241	1173	56.44
GC1003827_F08_NODE_8501_length_1173_cov_6.827916	1173	46.38
GC1003827_F08_NODE_8502_length_1173_cov_4.958891	1173	49.53
GC1003827_F08_NODE_8503_length_1173_cov_4.731358	1173	53.45
GC1003827_F08_NODE_8504_length_1173_cov_3.984704	1173	53.03
GC1003827_F08_NODE_8505_length_1173_cov_3.557361	1173	51.66
GC1003827_F08_NODE_8506_length_1173_cov_1.586998	1173	56.35
GC1003827_F08_NODE_8507_length_1172_cov_10.338756	1172	53.16
GC1003827_F08_NODE_8508_length_1172_cov_4.087081	1172	57.25
GC1003827_F08_NODE_8509_length_1172_cov_2.983732	1172	51.11
GC1003827_F08_NODE_8510_length_1172_cov_2.879426	1172	48.63
GC1003827_F08_NODE_8511_length_1172_cov_2.389474	1172	56.14
GC1003827_F08_NODE_8512_length_1172_cov_1.396172	1172	56.57
GC1003827_F08_NODE_8513_length_1171_cov_12.188697	1171	40.82
GC1003827_F08_NODE_8514_length_1171_cov_7.468391	1171	52.95
GC1003827_F08_NODE_8515_length_1171_cov_6.156130	1171	54.23
GC1003827_F08_NODE_8516_length_1171_cov_4.958812	1171	56.53
GC1003827_F08_NODE_8517_length_1171_cov_4.890805	1171	54.91
GC1003827_F08_NODE_8518_length_1171_cov_4.523946	1171	56.11
GC1003827_F08_NODE_8519_length_1171_cov_3.419540	1171	58.16
GC1003827_F08_NODE_8520_length_1171_cov_3.350575	1171	53.46
GC1003827_F08_NODE_8521_length_1171_cov_3.128352	1171	49.36
GC1003827_F08_NODE_8522_length_1171_cov_2.665709	1171	54.74
GC1003827_F08_NODE_8523_length_1171_cov_2.301724	1171	52.01
GC1003827_F08_NODE_8524_length_1171_cov_1.865900	1171	50.81
GC1003827_F08_NODE_8525_length_1171_cov_1.785441	1171	46.37
GC1003827_F08_NODE_8526_length_1171_cov_1.330460	1171	51.15
GC1003827_F08_NODE_8527_length_1170_cov_6.718121	1170	46.24
GC1003827_F08_NODE_8528_length_1170_cov_4.608821	1170	48.72
GC1003827_F08_NODE_8529_length_1170_cov_4.158198	1170	49.40
GC1003827_F08_NODE_8530_length_1170_cov_2.884947	1170	49.06
GC1003827_F08_NODE_8531_length_1170_cov_2.480345	1170	57.01
GC1003827_F08_NODE_8532_length_1170_cov_0.904123	1170	50.00
GC1003827_F08_NODE_8533_length_1169_cov_10.161228	1169	45.51
GC1003827_F08_NODE_8534_length_1169_cov_4.777351	1169	53.12
GC1003827_F08_NODE_8535_length_1169_cov_4.236084	1169	52.78
GC1003827_F08_NODE_8536_length_1169_cov_2.416507	1169	54.92
GC1003827_F08_NODE_8537_length_1169_cov_2.049904	1169	39.69
GC1003827_F08_NODE_8538_length_1169_cov_1.906910	1169	49.36
GC1003827_F08_NODE_8539_length_1169_cov_1.817658	1169	48.67
GC1003827_F08_NODE_8540_length_1169_cov_1.373321	1169	43.71
GC1003827_F08_NODE_8541_length_1169_cov_0.690979	1169	52.10
GC1003827_F08_NODE_8542_length_1168_cov_4.289145	1168	58.82
GC1003827_F08_NODE_8543_length_1167_cov_17.596154	1167	56.30
GC1003827_F08_NODE_8544_length_1167_cov_11.823077	1167	50.04
GC1003827_F08_NODE_8545_length_1167_cov_8.437500	1167	40.53
GC1003827_F08_NODE_8546_length_1167_cov_6.949038	1167	45.24
GC1003827_F08_NODE_8547_length_1167_cov_6.162500	1167	51.07
GC1003827_F08_NODE_8548_length_1167_cov_5.922115	1167	52.70
GC1003827_F08_NODE_8549_length_1167_cov_3.274038	1167	52.53
GC1003827_F08_NODE_8550_length_1167_cov_2.251923	1167	47.56
GC1003827_F08_NODE_8551_length_1167_cov_2.194231	1167	50.56
GC1003827_F08_NODE_8552_length_1167_cov_2.011538	1167	54.24
GC1003827_F08_NODE_8553_length_1167_cov_1.625962	1167	51.07
GC1003827_F08_NODE_8554_length_1166_cov_6.076997	1166	49.83
GC1003827_F08_NODE_8555_length_1166_cov_5.816169	1166	44.08
GC1003827_F08_NODE_8556_length_1166_cov_3.021174	1166	51.03
GC1003827_F08_NODE_8557_length_1166_cov_2.420597	1166	61.92
GC1003827_F08_NODE_8558_length_1166_cov_2.299326	1166	56.35
GC1003827_F08_NODE_8559_length_1166_cov_2.270452	1166	56.43
GC1003827_F08_NODE_8560_length_1166_cov_1.423484	1166	48.20
GC1003827_F08_NODE_8561_length_1166_cov_1.380173	1166	43.14
GC1003827_F08_NODE_8562_length_1166_cov_1.268527	1166	57.80
GC1003827_F08_NODE_8563_length_1166_cov_0.948989	1166	53.60
GC1003827_F08_NODE_8564_length_1165_cov_13.834297	1165	55.97
GC1003827_F08_NODE_8565_length_1165_cov_4.111753	1165	58.28
GC1003827_F08_NODE_8566_length_1165_cov_3.690751	1165	51.76
GC1003827_F08_NODE_8567_length_1165_cov_0.986513	1165	56.74
GC1003827_F08_NODE_8568_length_1165_cov_0.923892	1165	56.65
GC1003827_F08_NODE_8569_length_1164_cov_17.810993	1164	52.06
GC1003827_F08_NODE_8570_length_1164_cov_11.383799	1164	54.81
GC1003827_F08_NODE_8571_length_1164_cov_11.051109	1164	43.47
GC1003827_F08_NODE_8572_length_1164_cov_7.084860	1164	61.00
GC1003827_F08_NODE_8573_length_1164_cov_5.939248	1164	45.45
GC1003827_F08_NODE_8574_length_1164_cov_5.536162	1164	48.63
GC1003827_F08_NODE_8575_length_1164_cov_4.429122	1164	48.80
GC1003827_F08_NODE_8576_length_1164_cov_3.947927	1164	51.72
GC1003827_F08_NODE_8577_length_1164_cov_3.931533	1164	57.39
GC1003827_F08_NODE_8578_length_1164_cov_2.347155	1164	48.20
GC1003827_F08_NODE_8579_length_1164_cov_2.186114	1164	57.73
GC1003827_F08_NODE_8580_length_1163_cov_13.603282	1163	50.39
GC1003827_F08_NODE_8581_length_1163_cov_7.933398	1163	52.62
GC1003827_F08_NODE_8582_length_1163_cov_6.828185	1163	53.22
GC1003827_F08_NODE_8583_length_1163_cov_6.524131	1163	44.97
GC1003827_F08_NODE_8584_length_1163_cov_4.891892	1163	48.15
GC1003827_F08_NODE_8585_length_1163_cov_3.723938	1163	56.41
GC1003827_F08_NODE_8586_length_1163_cov_3.153475	1163	56.15
GC1003827_F08_NODE_8587_length_1163_cov_2.392857	1163	51.42
GC1003827_F08_NODE_8588_length_1163_cov_1.931467	1163	48.93
GC1003827_F08_NODE_8589_length_1163_cov_1.011583	1163	62.51
GC1003827_F08_NODE_8590_length_1162_cov_7.252174	1162	54.91
GC1003827_F08_NODE_8591_length_1162_cov_6.261836	1162	47.76
GC1003827_F08_NODE_8592_length_1162_cov_4.350725	1162	50.09
GC1003827_F08_NODE_8593_length_1162_cov_3.871498	1162	45.87
GC1003827_F08_NODE_8594_length_1162_cov_2.543961	1162	44.06
GC1003827_F08_NODE_8595_length_1162_cov_1.888889	1162	53.36
GC1003827_F08_NODE_8596_length_1162_cov_1.685990	1162	54.48
GC1003827_F08_NODE_8597_length_1162_cov_1.345894	1162	52.15
GC1003827_F08_NODE_8598_length_1162_cov_0.695652	1162	42.51
GC1003827_F08_NODE_8599_length_1161_cov_22.950677	1161	46.17
GC1003827_F08_NODE_8600_length_1161_cov_14.995164	1161	54.44
GC1003827_F08_NODE_8601_length_1161_cov_5.678917	1161	51.42
GC1003827_F08_NODE_8602_length_1161_cov_4.698259	1161	49.96
GC1003827_F08_NODE_8603_length_1161_cov_4.157640	1161	39.97
GC1003827_F08_NODE_8604_length_1161_cov_3.701161	1161	45.99
GC1003827_F08_NODE_8605_length_1161_cov_3.254352	1161	52.89
GC1003827_F08_NODE_8606_length_1161_cov_2.784333	1161	57.36
GC1003827_F08_NODE_8607_length_1161_cov_2.754352	1161	45.56
GC1003827_F08_NODE_8608_length_1161_cov_2.745648	1161	53.06
GC1003827_F08_NODE_8609_length_1161_cov_1.872340	1161	49.44
GC1003827_F08_NODE_8610_length_1161_cov_0.800774	1161	57.45
GC1003827_F08_NODE_8611_length_1160_cov_6.563408	1160	53.97
GC1003827_F08_NODE_8612_length_1160_cov_5.990319	1160	49.31
GC1003827_F08_NODE_8613_length_1160_cov_4.778316	1160	48.10
GC1003827_F08_NODE_8614_length_1160_cov_4.332043	1160	43.45
GC1003827_F08_NODE_8615_length_1160_cov_4.308809	1160	43.79
GC1003827_F08_NODE_8616_length_1160_cov_3.439497	1160	60.34
GC1003827_F08_NODE_8617_length_1160_cov_2.757018	1160	43.53
GC1003827_F08_NODE_8618_length_1160_cov_1.763795	1160	50.86
GC1003827_F08_NODE_8619_length_1160_cov_1.343659	1160	49.05
GC1003827_F08_NODE_8620_length_1159_cov_19.968023	1159	50.82
GC1003827_F08_NODE_8621_length_1159_cov_11.176357	1159	53.15
GC1003827_F08_NODE_8622_length_1159_cov_8.570736	1159	43.49
GC1003827_F08_NODE_8623_length_1159_cov_5.816860	1159	45.47
GC1003827_F08_NODE_8624_length_1159_cov_4.974806	1159	51.25
GC1003827_F08_NODE_8625_length_1159_cov_2.811047	1159	48.06
GC1003827_F08_NODE_8626_length_1159_cov_1.807171	1159	53.32
GC1003827_F08_NODE_8627_length_1159_cov_1.799419	1159	50.56
GC1003827_F08_NODE_8628_length_1159_cov_0.812016	1159	48.84
GC1003827_F08_NODE_8629_length_1159_cov_0.809109	1159	43.92
GC1003827_F08_NODE_8630_length_1158_cov_7.967992	1158	43.52
GC1003827_F08_NODE_8631_length_1158_cov_7.775946	1158	48.96
GC1003827_F08_NODE_8632_length_1158_cov_5.943744	1158	50.09
GC1003827_F08_NODE_8633_length_1158_cov_4.226964	1158	52.16
GC1003827_F08_NODE_8634_length_1158_cov_3.518914	1158	52.76
GC1003827_F08_NODE_8635_length_1158_cov_3.353055	1158	44.82
GC1003827_F08_NODE_8636_length_1158_cov_2.909796	1158	54.58
GC1003827_F08_NODE_8637_length_1158_cov_2.709020	1158	53.28
GC1003827_F08_NODE_8638_length_1158_cov_1.398642	1158	49.48
GC1003827_F08_NODE_8639_length_1158_cov_1.245393	1158	40.41
GC1003827_F08_NODE_8640_length_1157_cov_13.282524	1157	51.86
GC1003827_F08_NODE_8641_length_1157_cov_8.766990	1157	45.64
GC1003827_F08_NODE_8642_length_1157_cov_8.520388	1157	54.62
GC1003827_F08_NODE_8643_length_1157_cov_6.814563	1157	51.86
GC1003827_F08_NODE_8644_length_1157_cov_3.654369	1157	56.96
GC1003827_F08_NODE_8645_length_1157_cov_2.855340	1157	46.50
GC1003827_F08_NODE_8646_length_1157_cov_2.703883	1157	57.91
GC1003827_F08_NODE_8647_length_1157_cov_2.390291	1157	51.17
GC1003827_F08_NODE_8648_length_1157_cov_1.921359	1157	48.66
GC1003827_F08_NODE_8649_length_1157_cov_1.437864	1157	57.48
GC1003827_F08_NODE_8650_length_1157_cov_0.902913	1157	43.82
GC1003827_F08_NODE_8651_length_1156_cov_8.965986	1156	42.47
GC1003827_F08_NODE_8652_length_1156_cov_6.434402	1156	52.08
GC1003827_F08_NODE_8653_length_1156_cov_6.432459	1156	45.85
GC1003827_F08_NODE_8654_length_1156_cov_6.364431	1156	51.47
GC1003827_F08_NODE_8655_length_1156_cov_5.293489	1156	51.21
GC1003827_F08_NODE_8656_length_1156_cov_5.164237	1156	53.89
GC1003827_F08_NODE_8657_length_1156_cov_4.925170	1156	41.61
GC1003827_F08_NODE_8658_length_1156_cov_3.983479	1156	58.56
GC1003827_F08_NODE_8659_length_1156_cov_3.344995	1156	49.83
GC1003827_F08_NODE_8660_length_1156_cov_2.363460	1156	57.61
GC1003827_F08_NODE_8661_length_1155_cov_4.121595	1155	53.25
GC1003827_F08_NODE_8662_length_1155_cov_3.476654	1155	55.50
GC1003827_F08_NODE_8663_length_1155_cov_3.294747	1155	53.77
GC1003827_F08_NODE_8664_length_1155_cov_1.920233	1155	50.04
GC1003827_F08_NODE_8665_length_1155_cov_1.834630	1155	35.84
GC1003827_F08_NODE_8666_length_1154_cov_10.119766	1154	47.05
GC1003827_F08_NODE_8667_length_1154_cov_9.178189	1154	51.13
GC1003827_F08_NODE_8668_length_1154_cov_8.788705	1154	49.65
GC1003827_F08_NODE_8669_length_1154_cov_7.370010	1154	44.02
GC1003827_F08_NODE_8670_length_1154_cov_5.145083	1154	55.11
GC1003827_F08_NODE_8671_length_1154_cov_3.078870	1154	45.41
GC1003827_F08_NODE_8672_length_1154_cov_3.037975	1154	52.69
GC1003827_F08_NODE_8673_length_1154_cov_2.946446	1154	49.65
GC1003827_F08_NODE_8674_length_1154_cov_2.540409	1154	59.53
GC1003827_F08_NODE_8675_length_1154_cov_2.253165	1154	50.09
GC1003827_F08_NODE_8676_length_1154_cov_2.102240	1154	41.59
GC1003827_F08_NODE_8677_length_1154_cov_1.247322	1154	57.54
GC1003827_F08_NODE_8678_length_1154_cov_0.983447	1154	53.55
GC1003827_F08_NODE_8679_length_1153_cov_9.845029	1153	53.17
GC1003827_F08_NODE_8680_length_1153_cov_8.843080	1153	55.33
GC1003827_F08_NODE_8681_length_1153_cov_7.497076	1153	49.61
GC1003827_F08_NODE_8682_length_1153_cov_6.666667	1153	58.89
GC1003827_F08_NODE_8683_length_1153_cov_5.164717	1153	52.82
GC1003827_F08_NODE_8684_length_1153_cov_4.375244	1153	45.27
GC1003827_F08_NODE_8685_length_1153_cov_2.792398	1153	59.76
GC1003827_F08_NODE_8686_length_1153_cov_2.364522	1153	46.66
GC1003827_F08_NODE_8687_length_1153_cov_1.722222	1153	57.42
GC1003827_F08_NODE_8688_length_1153_cov_1.690058	1153	48.66
GC1003827_F08_NODE_8689_length_1153_cov_1.596491	1153	53.17
GC1003827_F08_NODE_8690_length_1152_cov_26.485854	1152	52.69
GC1003827_F08_NODE_8691_length_1152_cov_20.041951	1152	49.22
GC1003827_F08_NODE_8692_length_1152_cov_12.793171	1152	45.05
GC1003827_F08_NODE_8693_length_1152_cov_9.190244	1152	48.44
GC1003827_F08_NODE_8694_length_1152_cov_8.206829	1152	55.03
GC1003827_F08_NODE_8695_length_1152_cov_8.120976	1152	42.62
GC1003827_F08_NODE_8696_length_1152_cov_6.093659	1152	53.91
GC1003827_F08_NODE_8697_length_1152_cov_5.504390	1152	47.14
GC1003827_F08_NODE_8698_length_1152_cov_1.911220	1152	51.30
GC1003827_F08_NODE_8699_length_1151_cov_13.477539	1151	52.39
GC1003827_F08_NODE_8700_length_1151_cov_8.791992	1151	56.47
GC1003827_F08_NODE_8701_length_1151_cov_4.867188	1151	46.05
GC1003827_F08_NODE_8702_length_1151_cov_3.137695	1151	43.87
GC1003827_F08_NODE_8703_length_1151_cov_1.953125	1151	55.86
GC1003827_F08_NODE_8704_length_1151_cov_1.743164	1151	45.96
GC1003827_F08_NODE_8705_length_1151_cov_1.391602	1151	55.60
GC1003827_F08_NODE_8706_length_1151_cov_1.369141	1151	43.09
GC1003827_F08_NODE_8707_length_1151_cov_1.252930	1151	56.65
GC1003827_F08_NODE_8708_length_1150_cov_14.822092	1150	52.78
GC1003827_F08_NODE_8709_length_1150_cov_10.082111	1150	47.48
GC1003827_F08_NODE_8710_length_1150_cov_8.662757	1150	47.91
GC1003827_F08_NODE_8711_length_1150_cov_7.967742	1150	50.61
GC1003827_F08_NODE_8712_length_1150_cov_5.025415	1150	59.91
GC1003827_F08_NODE_8713_length_1150_cov_3.941349	1150	56.78
GC1003827_F08_NODE_8714_length_1150_cov_3.941349	1150	51.74
GC1003827_F08_NODE_8715_length_1150_cov_3.521994	1150	49.13
GC1003827_F08_NODE_8716_length_1150_cov_3.102639	1150	54.09
GC1003827_F08_NODE_8717_length_1150_cov_1.694037	1150	53.65
GC1003827_F08_NODE_8718_length_1149_cov_14.688845	1149	51.00
GC1003827_F08_NODE_8719_length_1149_cov_11.972603	1149	43.08
GC1003827_F08_NODE_8720_length_1149_cov_10.929550	1149	52.22
GC1003827_F08_NODE_8721_length_1149_cov_9.621331	1149	51.61
GC1003827_F08_NODE_8722_length_1149_cov_7.524462	1149	41.60
GC1003827_F08_NODE_8723_length_1149_cov_7.054795	1149	44.56
GC1003827_F08_NODE_8724_length_1149_cov_6.632094	1149	57.88
GC1003827_F08_NODE_8725_length_1149_cov_4.692759	1149	44.91
GC1003827_F08_NODE_8726_length_1149_cov_4.598826	1149	44.30
GC1003827_F08_NODE_8727_length_1149_cov_2.897260	1149	49.26
GC1003827_F08_NODE_8728_length_1149_cov_2.335616	1149	43.95
GC1003827_F08_NODE_8729_length_1148_cov_13.260529	1148	42.16
GC1003827_F08_NODE_8730_length_1148_cov_11.263467	1148	60.28
GC1003827_F08_NODE_8731_length_1148_cov_8.411361	1148	56.10
GC1003827_F08_NODE_8732_length_1148_cov_8.355534	1148	47.65
GC1003827_F08_NODE_8733_length_1148_cov_8.060725	1148	53.40
GC1003827_F08_NODE_8734_length_1148_cov_6.203722	1148	45.47
GC1003827_F08_NODE_8735_length_1148_cov_5.503428	1148	47.91
GC1003827_F08_NODE_8736_length_1148_cov_3.776690	1148	47.39
GC1003827_F08_NODE_8737_length_1148_cov_3.528893	1148	58.89
GC1003827_F08_NODE_8738_length_1148_cov_2.895201	1148	60.28
GC1003827_F08_NODE_8739_length_1148_cov_2.395690	1148	48.95
GC1003827_F08_NODE_8740_length_1148_cov_1.530852	1148	48.34
GC1003827_F08_NODE_8741_length_1147_cov_5.890196	1147	44.64
GC1003827_F08_NODE_8742_length_1147_cov_3.783333	1147	52.57
GC1003827_F08_NODE_8743_length_1147_cov_3.053922	1147	52.48
GC1003827_F08_NODE_8744_length_1147_cov_3.018627	1147	50.74
GC1003827_F08_NODE_8745_length_1147_cov_2.638235	1147	49.43
GC1003827_F08_NODE_8746_length_1147_cov_1.939216	1147	53.79
GC1003827_F08_NODE_8747_length_1147_cov_1.844118	1147	53.01
GC1003827_F08_NODE_8748_length_1147_cov_1.101961	1147	56.93
GC1003827_F08_NODE_8749_length_1146_cov_22.109912	1146	46.42
GC1003827_F08_NODE_8750_length_1146_cov_17.366045	1146	50.00
GC1003827_F08_NODE_8751_length_1146_cov_10.734053	1146	51.40
GC1003827_F08_NODE_8752_length_1146_cov_8.198234	1146	46.34
GC1003827_F08_NODE_8753_length_1146_cov_6.232581	1146	51.31
GC1003827_F08_NODE_8754_length_1146_cov_6.144259	1146	39.97
GC1003827_F08_NODE_8755_length_1146_cov_4.071639	1146	54.28
GC1003827_F08_NODE_8756_length_1146_cov_3.422964	1146	46.34
GC1003827_F08_NODE_8757_length_1146_cov_2.547596	1146	47.64
GC1003827_F08_NODE_8758_length_1146_cov_2.328754	1146	53.84
GC1003827_F08_NODE_8759_length_1146_cov_2.129539	1146	54.80
GC1003827_F08_NODE_8760_length_1146_cov_1.957802	1146	58.38
GC1003827_F08_NODE_8761_length_1146_cov_0.421982	1146	59.69
GC1003827_F08_NODE_8762_length_1145_cov_12.667976	1145	49.26
GC1003827_F08_NODE_8763_length_1145_cov_8.202358	1145	55.20
GC1003827_F08_NODE_8764_length_1145_cov_5.835953	1145	44.80
GC1003827_F08_NODE_8765_length_1145_cov_4.414538	1145	56.33
GC1003827_F08_NODE_8766_length_1145_cov_4.214145	1145	57.55
GC1003827_F08_NODE_8767_length_1145_cov_2.683694	1145	47.51
GC1003827_F08_NODE_8768_length_1145_cov_2.512770	1145	58.60
GC1003827_F08_NODE_8769_length_1145_cov_2.101179	1145	59.30
GC1003827_F08_NODE_8770_length_1145_cov_1.514735	1145	55.55
GC1003827_F08_NODE_8771_length_1145_cov_1.352652	1145	50.83
GC1003827_F08_NODE_8772_length_1145_cov_1.265226	1145	56.68
GC1003827_F08_NODE_8773_length_1145_cov_0.904715	1145	54.76
GC1003827_F08_NODE_8774_length_1145_cov_0.823183	1145	54.06
GC1003827_F08_NODE_8775_length_1144_cov_11.241888	1144	50.61
GC1003827_F08_NODE_8776_length_1144_cov_6.244838	1144	49.83
GC1003827_F08_NODE_8777_length_1144_cov_5.374631	1144	55.86
GC1003827_F08_NODE_8778_length_1144_cov_5.215339	1144	58.57
GC1003827_F08_NODE_8779_length_1144_cov_4.180924	1144	48.34
GC1003827_F08_NODE_8780_length_1144_cov_3.759095	1144	54.46
GC1003827_F08_NODE_8781_length_1144_cov_2.568338	1144	45.63
GC1003827_F08_NODE_8782_length_1144_cov_2.437561	1144	48.25
GC1003827_F08_NODE_8783_length_1144_cov_2.356932	1144	56.56
GC1003827_F08_NODE_8784_length_1144_cov_2.046214	1144	50.35
GC1003827_F08_NODE_8785_length_1144_cov_1.522124	1144	53.41
GC1003827_F08_NODE_8786_length_1144_cov_1.422812	1144	56.03
GC1003827_F08_NODE_8787_length_1143_cov_7.235236	1143	51.97
GC1003827_F08_NODE_8788_length_1143_cov_4.551181	1143	48.03
GC1003827_F08_NODE_8789_length_1143_cov_3.085630	1143	51.09
GC1003827_F08_NODE_8790_length_1143_cov_1.533465	1143	49.61
GC1003827_F08_NODE_8791_length_1143_cov_1.130906	1143	51.71
GC1003827_F08_NODE_8792_length_1143_cov_0.980315	1143	57.13
GC1003827_F08_NODE_8793_length_1142_cov_5.178325	1142	52.36
GC1003827_F08_NODE_8794_length_1142_cov_3.707389	1142	56.13
GC1003827_F08_NODE_8795_length_1142_cov_2.794089	1142	49.04
GC1003827_F08_NODE_8796_length_1142_cov_2.670936	1142	55.69
GC1003827_F08_NODE_8797_length_1142_cov_2.550739	1142	55.17
GC1003827_F08_NODE_8798_length_1142_cov_2.394089	1142	47.29
GC1003827_F08_NODE_8799_length_1142_cov_1.037438	1142	48.51
GC1003827_F08_NODE_8800_length_1141_cov_9.356016	1141	55.04
GC1003827_F08_NODE_8801_length_1141_cov_7.993097	1141	47.41
GC1003827_F08_NODE_8802_length_1141_cov_5.870809	1141	54.34
GC1003827_F08_NODE_8803_length_1141_cov_5.080868	1141	42.94
GC1003827_F08_NODE_8804_length_1141_cov_3.736686	1141	52.85
GC1003827_F08_NODE_8805_length_1141_cov_3.428994	1141	51.10
GC1003827_F08_NODE_8806_length_1141_cov_3.028600	1141	49.34
GC1003827_F08_NODE_8807_length_1141_cov_1.934911	1141	50.66
GC1003827_F08_NODE_8808_length_1141_cov_1.581854	1141	48.47
GC1003827_F08_NODE_8809_length_1141_cov_1.418146	1141	50.31
GC1003827_F08_NODE_8810_length_1140_cov_10.754195	1140	55.09
GC1003827_F08_NODE_8811_length_1140_cov_9.010859	1140	42.81
GC1003827_F08_NODE_8812_length_1140_cov_4.854886	1140	50.53
GC1003827_F08_NODE_8813_length_1140_cov_4.811451	1140	54.21
GC1003827_F08_NODE_8814_length_1140_cov_3.645607	1140	54.21
GC1003827_F08_NODE_8815_length_1140_cov_3.569595	1140	59.65
GC1003827_F08_NODE_8816_length_1140_cov_3.304047	1140	52.46
GC1003827_F08_NODE_8817_length_1140_cov_2.742349	1140	54.82
GC1003827_F08_NODE_8818_length_1140_cov_2.591313	1140	33.42
GC1003827_F08_NODE_8819_length_1140_cov_2.029615	1140	58.51
GC1003827_F08_NODE_8820_length_1140_cov_1.943731	1140	60.00
GC1003827_F08_NODE_8821_length_1140_cov_1.692004	1140	30.61
GC1003827_F08_NODE_8822_length_1140_cov_1.567621	1140	45.79
GC1003827_F08_NODE_8823_length_1140_cov_1.498519	1140	55.79
GC1003827_F08_NODE_8824_length_1140_cov_1.061204	1140	58.77
GC1003827_F08_NODE_8825_length_1140_cov_0.964462	1140	48.33
GC1003827_F08_NODE_8826_length_1140_cov_0.663376	1140	42.81
GC1003827_F08_NODE_8827_length_1139_cov_11.522727	1139	55.22
GC1003827_F08_NODE_8828_length_1139_cov_7.671937	1139	52.15
GC1003827_F08_NODE_8829_length_1139_cov_7.512846	1139	41.53
GC1003827_F08_NODE_8830_length_1139_cov_7.234190	1139	54.08
GC1003827_F08_NODE_8831_length_1139_cov_4.159091	1139	43.20
GC1003827_F08_NODE_8832_length_1139_cov_3.104743	1139	52.50
GC1003827_F08_NODE_8833_length_1139_cov_2.569170	1139	55.31
GC1003827_F08_NODE_8834_length_1139_cov_1.742095	1139	51.62
GC1003827_F08_NODE_8835_length_1139_cov_1.152174	1139	59.00
GC1003827_F08_NODE_8836_length_1139_cov_0.791502	1139	60.40
GC1003827_F08_NODE_8837_length_1138_cov_8.067260	1138	45.52
GC1003827_F08_NODE_8838_length_1138_cov_7.862512	1138	55.27
GC1003827_F08_NODE_8839_length_1138_cov_7.389713	1138	41.39
GC1003827_F08_NODE_8840_length_1138_cov_3.453017	1138	44.46
GC1003827_F08_NODE_8841_length_1138_cov_2.143422	1138	60.37
GC1003827_F08_NODE_8842_length_1138_cov_2.006924	1138	41.21
GC1003827_F08_NODE_8843_length_1138_cov_1.525223	1138	51.85
GC1003827_F08_NODE_8844_length_1138_cov_0.801187	1138	48.77
GC1003827_F08_NODE_8845_length_1137_cov_15.952475	1137	55.67
GC1003827_F08_NODE_8846_length_1137_cov_10.560396	1137	48.02
GC1003827_F08_NODE_8847_length_1137_cov_6.661386	1137	52.07
GC1003827_F08_NODE_8848_length_1137_cov_2.997030	1137	47.67
GC1003827_F08_NODE_8849_length_1137_cov_2.705941	1137	47.23
GC1003827_F08_NODE_8850_length_1137_cov_1.702970	1137	47.85
GC1003827_F08_NODE_8851_length_1137_cov_1.407921	1137	55.94
GC1003827_F08_NODE_8852_length_1136_cov_19.753221	1136	51.85
GC1003827_F08_NODE_8853_length_1136_cov_11.728444	1136	57.66
GC1003827_F08_NODE_8854_length_1136_cov_4.944500	1136	47.36
GC1003827_F08_NODE_8855_length_1136_cov_4.433102	1136	48.86
GC1003827_F08_NODE_8856_length_1136_cov_3.202180	1136	56.07
GC1003827_F08_NODE_8857_length_1136_cov_2.897919	1136	50.70
GC1003827_F08_NODE_8858_length_1136_cov_2.811695	1136	49.91
GC1003827_F08_NODE_8859_length_1136_cov_2.593657	1136	51.41
GC1003827_F08_NODE_8860_length_1136_cov_1.998018	1136	41.11
GC1003827_F08_NODE_8861_length_1136_cov_1.827552	1136	53.61
GC1003827_F08_NODE_8862_length_1135_cov_9.119048	1135	54.63
GC1003827_F08_NODE_8863_length_1135_cov_6.942460	1135	48.46
GC1003827_F08_NODE_8864_length_1135_cov_6.354167	1135	55.33
GC1003827_F08_NODE_8865_length_1135_cov_6.102183	1135	54.27
GC1003827_F08_NODE_8866_length_1135_cov_5.303571	1135	54.01
GC1003827_F08_NODE_8867_length_1135_cov_4.486111	1135	55.95
GC1003827_F08_NODE_8868_length_1135_cov_3.289683	1135	46.78
GC1003827_F08_NODE_8869_length_1135_cov_2.827381	1135	43.96
GC1003827_F08_NODE_8870_length_1135_cov_2.743056	1135	45.02
GC1003827_F08_NODE_8871_length_1135_cov_2.241071	1135	44.05
GC1003827_F08_NODE_8872_length_1135_cov_1.514881	1135	57.27
GC1003827_F08_NODE_8873_length_1134_cov_9.562066	1134	49.74
GC1003827_F08_NODE_8874_length_1134_cov_7.887786	1134	43.12
GC1003827_F08_NODE_8875_length_1134_cov_7.721946	1134	52.91
GC1003827_F08_NODE_8876_length_1134_cov_7.421053	1134	44.44
GC1003827_F08_NODE_8877_length_1134_cov_5.055611	1134	48.68
GC1003827_F08_NODE_8878_length_1134_cov_4.930487	1134	49.29
GC1003827_F08_NODE_8879_length_1134_cov_4.272095	1134	48.15
GC1003827_F08_NODE_8880_length_1134_cov_1.650447	1134	53.09
GC1003827_F08_NODE_8881_length_1134_cov_1.422046	1134	45.24
GC1003827_F08_NODE_8882_length_1134_cov_0.802383	1134	59.96
GC1003827_F08_NODE_8883_length_1133_cov_7.385686	1133	49.34
GC1003827_F08_NODE_8884_length_1133_cov_6.960239	1133	55.96
GC1003827_F08_NODE_8885_length_1133_cov_6.191849	1133	56.84
GC1003827_F08_NODE_8886_length_1133_cov_5.987078	1133	48.10
GC1003827_F08_NODE_8887_length_1133_cov_4.654076	1133	58.96
GC1003827_F08_NODE_8888_length_1133_cov_4.641153	1133	55.52
GC1003827_F08_NODE_8889_length_1133_cov_4.027833	1133	55.69
GC1003827_F08_NODE_8890_length_1133_cov_3.555666	1133	47.57
GC1003827_F08_NODE_8891_length_1133_cov_3.447316	1133	55.16
GC1003827_F08_NODE_8892_length_1133_cov_3.020875	1133	50.93
GC1003827_F08_NODE_8893_length_1133_cov_2.945328	1133	58.61
GC1003827_F08_NODE_8894_length_1133_cov_2.583499	1133	50.49
GC1003827_F08_NODE_8895_length_1132_cov_11.012935	1132	59.01
GC1003827_F08_NODE_8896_length_1132_cov_8.606965	1132	45.67
GC1003827_F08_NODE_8897_length_1132_cov_7.426866	1132	56.89
GC1003827_F08_NODE_8898_length_1132_cov_5.059701	1132	55.30
GC1003827_F08_NODE_8899_length_1132_cov_4.708458	1132	34.36
GC1003827_F08_NODE_8900_length_1132_cov_3.382090	1132	52.83
GC1003827_F08_NODE_8901_length_1132_cov_2.693532	1132	57.77
GC1003827_F08_NODE_8902_length_1132_cov_2.259701	1132	54.51
GC1003827_F08_NODE_8903_length_1132_cov_2.158209	1132	53.36
GC1003827_F08_NODE_8904_length_1132_cov_1.920398	1132	55.30
GC1003827_F08_NODE_8905_length_1132_cov_1.493532	1132	56.54
GC1003827_F08_NODE_8906_length_1131_cov_14.884462	1131	53.49
GC1003827_F08_NODE_8907_length_1131_cov_11.054781	1131	52.61
GC1003827_F08_NODE_8908_length_1131_cov_7.540837	1131	52.34
GC1003827_F08_NODE_8909_length_1131_cov_5.609562	1131	52.52
GC1003827_F08_NODE_8910_length_1131_cov_4.328685	1131	47.13
GC1003827_F08_NODE_8911_length_1131_cov_4.215139	1131	47.75
GC1003827_F08_NODE_8912_length_1131_cov_4.206175	1131	45.18
GC1003827_F08_NODE_8913_length_1131_cov_3.991036	1131	52.34
GC1003827_F08_NODE_8914_length_1131_cov_2.618526	1131	61.36
GC1003827_F08_NODE_8915_length_1131_cov_2.503984	1131	47.57
GC1003827_F08_NODE_8916_length_1131_cov_1.886454	1131	53.40
GC1003827_F08_NODE_8917_length_1131_cov_1.447211	1131	55.17
GC1003827_F08_NODE_8918_length_1131_cov_1.235060	1131	56.76
GC1003827_F08_NODE_8919_length_1131_cov_0.916335	1131	46.51
GC1003827_F08_NODE_8920_length_1130_cov_7.644068	1130	40.53
GC1003827_F08_NODE_8921_length_1130_cov_6.427717	1130	53.19
GC1003827_F08_NODE_8922_length_1130_cov_3.788634	1130	56.73
GC1003827_F08_NODE_8923_length_1130_cov_3.332004	1130	55.58
GC1003827_F08_NODE_8924_length_1130_cov_3.133599	1130	56.81
GC1003827_F08_NODE_8925_length_1130_cov_2.553340	1130	52.12
GC1003827_F08_NODE_8926_length_1129_cov_11.631737	1129	47.12
GC1003827_F08_NODE_8927_length_1129_cov_9.336327	1129	51.11
GC1003827_F08_NODE_8928_length_1129_cov_5.555888	1129	52.35
GC1003827_F08_NODE_8929_length_1129_cov_4.844311	1129	54.38
GC1003827_F08_NODE_8930_length_1129_cov_4.451098	1129	43.67
GC1003827_F08_NODE_8931_length_1129_cov_3.846307	1129	53.41
GC1003827_F08_NODE_8932_length_1129_cov_3.513972	1129	47.12
GC1003827_F08_NODE_8933_length_1129_cov_3.324351	1129	46.32
GC1003827_F08_NODE_8934_length_1129_cov_2.945110	1129	45.35
GC1003827_F08_NODE_8935_length_1129_cov_2.797405	1129	43.49
GC1003827_F08_NODE_8936_length_1129_cov_0.674651	1129	57.40
GC1003827_F08_NODE_8937_length_1128_cov_10.389610	1128	45.57
GC1003827_F08_NODE_8938_length_1128_cov_6.883117	1128	55.59
GC1003827_F08_NODE_8939_length_1128_cov_3.099900	1128	45.30
GC1003827_F08_NODE_8940_length_1128_cov_2.975025	1128	56.12
GC1003827_F08_NODE_8941_length_1128_cov_1.594406	1128	49.29
GC1003827_F08_NODE_8942_length_1128_cov_1.200799	1128	53.01
GC1003827_F08_NODE_8943_length_1127_cov_8.896000	1127	53.50
GC1003827_F08_NODE_8944_length_1127_cov_2.613000	1127	36.47
GC1003827_F08_NODE_8945_length_1127_cov_2.553000	1127	43.30
GC1003827_F08_NODE_8946_length_1127_cov_2.440000	1127	52.71
GC1003827_F08_NODE_8947_length_1127_cov_2.185000	1127	58.74
GC1003827_F08_NODE_8948_length_1127_cov_1.982000	1127	53.15
GC1003827_F08_NODE_8949_length_1127_cov_1.547000	1127	56.61
GC1003827_F08_NODE_8950_length_1126_cov_11.844845	1126	53.82
GC1003827_F08_NODE_8951_length_1126_cov_9.734735	1126	57.64
GC1003827_F08_NODE_8952_length_1126_cov_9.478478	1126	54.71
GC1003827_F08_NODE_8953_length_1126_cov_8.729730	1126	46.98
GC1003827_F08_NODE_8954_length_1126_cov_4.846847	1126	55.15
GC1003827_F08_NODE_8955_length_1126_cov_3.992993	1126	43.78
GC1003827_F08_NODE_8956_length_1126_cov_3.745746	1126	55.68
GC1003827_F08_NODE_8957_length_1126_cov_3.269269	1126	50.44
GC1003827_F08_NODE_8958_length_1126_cov_3.047047	1126	52.84
GC1003827_F08_NODE_8959_length_1126_cov_0.816817	1126	50.53
GC1003827_F08_NODE_8960_length_1125_cov_15.934870	1125	45.69
GC1003827_F08_NODE_8961_length_1125_cov_13.350701	1125	55.20
GC1003827_F08_NODE_8962_length_1125_cov_8.803607	1125	44.62
GC1003827_F08_NODE_8963_length_1125_cov_6.893788	1125	46.31
GC1003827_F08_NODE_8964_length_1125_cov_6.079158	1125	51.56
GC1003827_F08_NODE_8965_length_1125_cov_4.638277	1125	51.64
GC1003827_F08_NODE_8966_length_1125_cov_4.471944	1125	44.80
GC1003827_F08_NODE_8967_length_1125_cov_3.900802	1125	47.82
GC1003827_F08_NODE_8968_length_1125_cov_1.900802	1125	56.18
GC1003827_F08_NODE_8969_length_1125_cov_1.766533	1125	54.76
GC1003827_F08_NODE_8970_length_1124_cov_25.282849	1124	53.02
GC1003827_F08_NODE_8971_length_1124_cov_19.323972	1124	53.11
GC1003827_F08_NODE_8972_length_1124_cov_10.597793	1124	48.67
GC1003827_F08_NODE_8973_length_1124_cov_6.638917	1124	46.26
GC1003827_F08_NODE_8974_length_1124_cov_5.943831	1124	51.78
GC1003827_F08_NODE_8975_length_1124_cov_5.375125	1124	45.73
GC1003827_F08_NODE_8976_length_1124_cov_4.207623	1124	48.84
GC1003827_F08_NODE_8977_length_1124_cov_4.001003	1124	50.80
GC1003827_F08_NODE_8978_length_1124_cov_3.885657	1124	42.44
GC1003827_F08_NODE_8979_length_1124_cov_3.773320	1124	57.74
GC1003827_F08_NODE_8980_length_1124_cov_3.434303	1124	44.57
GC1003827_F08_NODE_8981_length_1124_cov_3.147442	1124	57.92
GC1003827_F08_NODE_8982_length_1124_cov_2.944835	1124	58.54
GC1003827_F08_NODE_8983_length_1124_cov_2.103310	1124	57.47
GC1003827_F08_NODE_8984_length_1124_cov_2.103310	1124	52.76
GC1003827_F08_NODE_8985_length_1124_cov_1.831494	1124	53.65
GC1003827_F08_NODE_8986_length_1124_cov_1.731194	1124	50.36
GC1003827_F08_NODE_8987_length_1124_cov_1.063190	1124	50.09
GC1003827_F08_NODE_8988_length_1124_cov_1.035105	1124	61.57
GC1003827_F08_NODE_8989_length_1124_cov_0.449348	1124	51.16
GC1003827_F08_NODE_8990_length_1123_cov_15.410643	1123	52.80
GC1003827_F08_NODE_8991_length_1123_cov_13.690763	1123	55.39
GC1003827_F08_NODE_8992_length_1123_cov_10.297189	1123	49.96
GC1003827_F08_NODE_8993_length_1123_cov_6.497992	1123	48.89
GC1003827_F08_NODE_8994_length_1123_cov_6.336345	1123	52.00
GC1003827_F08_NODE_8995_length_1123_cov_5.575301	1123	48.98
GC1003827_F08_NODE_8996_length_1123_cov_3.686747	1123	46.66
GC1003827_F08_NODE_8997_length_1123_cov_2.993976	1123	54.76
GC1003827_F08_NODE_8998_length_1123_cov_2.199799	1123	58.06
GC1003827_F08_NODE_8999_length_1123_cov_2.059237	1123	48.62
GC1003827_F08_NODE_9000_length_1123_cov_1.860442	1123	42.56
GC1003827_F08_NODE_9001_length_1123_cov_1.809237	1123	47.02
GC1003827_F08_NODE_9002_length_1122_cov_12.723618	1122	49.73
GC1003827_F08_NODE_9003_length_1122_cov_5.770854	1122	52.23
GC1003827_F08_NODE_9004_length_1122_cov_4.772864	1122	56.95
GC1003827_F08_NODE_9005_length_1122_cov_4.700503	1122	44.65
GC1003827_F08_NODE_9006_length_1122_cov_4.504523	1122	48.40
GC1003827_F08_NODE_9007_length_1122_cov_4.048241	1122	54.72
GC1003827_F08_NODE_9008_length_1122_cov_2.920603	1122	47.77
GC1003827_F08_NODE_9009_length_1122_cov_2.443216	1122	53.03
GC1003827_F08_NODE_9010_length_1122_cov_2.299497	1122	46.43
GC1003827_F08_NODE_9011_length_1122_cov_2.282412	1122	52.50
GC1003827_F08_NODE_9012_length_1122_cov_2.143719	1122	62.66
GC1003827_F08_NODE_9013_length_1122_cov_1.948744	1122	61.41
GC1003827_F08_NODE_9014_length_1122_cov_1.879397	1122	53.21
GC1003827_F08_NODE_9015_length_1122_cov_1.098492	1122	59.36
GC1003827_F08_NODE_9016_length_1122_cov_0.885427	1122	49.82
GC1003827_F08_NODE_9017_length_1121_cov_11.256539	1121	55.13
GC1003827_F08_NODE_9018_length_1121_cov_8.079477	1121	52.54
GC1003827_F08_NODE_9019_length_1121_cov_7.223340	1121	54.50
GC1003827_F08_NODE_9020_length_1121_cov_4.583501	1121	47.19
GC1003827_F08_NODE_9021_length_1121_cov_4.436620	1121	58.07
GC1003827_F08_NODE_9022_length_1121_cov_3.509054	1121	53.52
GC1003827_F08_NODE_9023_length_1121_cov_3.185111	1121	46.83
GC1003827_F08_NODE_9024_length_1121_cov_1.231388	1121	50.40
GC1003827_F08_NODE_9025_length_1120_cov_11.919436	1120	51.96
GC1003827_F08_NODE_9026_length_1120_cov_6.278953	1120	54.37
GC1003827_F08_NODE_9027_length_1120_cov_5.634441	1120	53.04
GC1003827_F08_NODE_9028_length_1120_cov_4.521652	1120	50.98
GC1003827_F08_NODE_9029_length_1120_cov_3.979859	1120	53.21
GC1003827_F08_NODE_9030_length_1120_cov_3.485398	1120	49.02
GC1003827_F08_NODE_9031_length_1120_cov_1.548842	1120	51.70
GC1003827_F08_NODE_9032_length_1119_cov_8.399194	1119	39.23
GC1003827_F08_NODE_9033_length_1119_cov_7.277218	1119	48.17
GC1003827_F08_NODE_9034_length_1119_cov_4.509073	1119	51.92
GC1003827_F08_NODE_9035_length_1119_cov_4.161290	1119	54.87
GC1003827_F08_NODE_9036_length_1119_cov_3.521169	1119	56.12
GC1003827_F08_NODE_9037_length_1119_cov_2.199597	1119	53.89
GC1003827_F08_NODE_9038_length_1119_cov_1.934476	1119	54.69
GC1003827_F08_NODE_9039_length_1119_cov_1.764113	1119	58.62
GC1003827_F08_NODE_9040_length_1119_cov_1.686492	1119	59.34
GC1003827_F08_NODE_9041_length_1119_cov_1.645161	1119	55.32
GC1003827_F08_NODE_9042_length_1119_cov_0.568548	1119	46.20
GC1003827_F08_NODE_9043_length_1118_cov_10.286579	1118	51.16
GC1003827_F08_NODE_9044_length_1118_cov_7.810293	1118	52.06
GC1003827_F08_NODE_9045_length_1118_cov_6.892028	1118	49.64
GC1003827_F08_NODE_9046_length_1118_cov_6.282543	1118	46.87
GC1003827_F08_NODE_9047_length_1118_cov_4.548940	1118	42.31
GC1003827_F08_NODE_9048_length_1118_cov_4.489405	1118	46.06
GC1003827_F08_NODE_9049_length_1118_cov_2.314834	1118	53.85
GC1003827_F08_NODE_9050_length_1118_cov_1.107972	1118	55.64
GC1003827_F08_NODE_9051_length_1117_cov_17.994949	1117	44.32
GC1003827_F08_NODE_9052_length_1117_cov_11.845455	1117	44.14
GC1003827_F08_NODE_9053_length_1117_cov_4.575758	1117	56.58
GC1003827_F08_NODE_9054_length_1117_cov_4.093939	1117	58.91
GC1003827_F08_NODE_9055_length_1117_cov_3.546465	1117	55.86
GC1003827_F08_NODE_9056_length_1117_cov_2.674747	1117	58.37
GC1003827_F08_NODE_9057_length_1117_cov_2.103030	1117	45.21
GC1003827_F08_NODE_9058_length_1117_cov_1.888889	1117	51.57
GC1003827_F08_NODE_9059_length_1117_cov_1.150505	1117	53.89
GC1003827_F08_NODE_9060_length_1116_cov_10.078868	1116	48.21
GC1003827_F08_NODE_9061_length_1116_cov_9.215369	1116	56.18
GC1003827_F08_NODE_9062_length_1116_cov_5.406471	1116	52.96
GC1003827_F08_NODE_9063_length_1116_cov_4.741153	1116	50.27
GC1003827_F08_NODE_9064_length_1116_cov_4.646107	1116	52.96
GC1003827_F08_NODE_9065_length_1116_cov_4.405460	1116	49.46
GC1003827_F08_NODE_9066_length_1116_cov_2.947422	1116	49.91
GC1003827_F08_NODE_9067_length_1116_cov_2.081901	1116	54.21
GC1003827_F08_NODE_9068_length_1116_cov_1.487361	1116	45.88
GC1003827_F08_NODE_9069_length_1115_cov_12.558704	1115	48.34
GC1003827_F08_NODE_9070_length_1115_cov_9.670040	1115	39.91
GC1003827_F08_NODE_9071_length_1115_cov_6.167004	1115	51.93
GC1003827_F08_NODE_9072_length_1115_cov_5.920040	1115	52.29
GC1003827_F08_NODE_9073_length_1115_cov_5.338057	1115	51.03
GC1003827_F08_NODE_9074_length_1115_cov_3.808704	1115	55.52
GC1003827_F08_NODE_9075_length_1115_cov_2.566802	1115	55.43
GC1003827_F08_NODE_9076_length_1115_cov_2.361336	1115	53.36
GC1003827_F08_NODE_9077_length_1115_cov_1.557692	1115	55.70
GC1003827_F08_NODE_9078_length_1114_cov_17.245187	1114	56.55
GC1003827_F08_NODE_9079_length_1114_cov_14.612969	1114	49.91
GC1003827_F08_NODE_9080_length_1114_cov_8.087133	1114	44.17
GC1003827_F08_NODE_9081_length_1114_cov_5.904762	1114	48.74
GC1003827_F08_NODE_9082_length_1114_cov_3.134752	1114	53.95
GC1003827_F08_NODE_9083_length_1114_cov_2.611955	1114	33.57
GC1003827_F08_NODE_9084_length_1114_cov_2.605876	1114	46.41
GC1003827_F08_NODE_9085_length_1114_cov_2.316109	1114	53.05
GC1003827_F08_NODE_9086_length_1114_cov_1.611955	1114	53.23
GC1003827_F08_NODE_9087_length_1114_cov_1.575481	1114	53.41
GC1003827_F08_NODE_9088_length_1114_cov_1.032421	1114	51.26
GC1003827_F08_NODE_9089_length_1113_cov_20.031440	1113	48.25
GC1003827_F08_NODE_9090_length_1113_cov_6.685598	1113	57.59
GC1003827_F08_NODE_9091_length_1113_cov_4.657201	1113	42.23
GC1003827_F08_NODE_9092_length_1113_cov_4.011156	1113	47.44
GC1003827_F08_NODE_9093_length_1113_cov_3.669371	1113	59.66
GC1003827_F08_NODE_9094_length_1113_cov_2.734280	1113	44.29
GC1003827_F08_NODE_9095_length_1113_cov_2.364097	1113	47.98
GC1003827_F08_NODE_9096_length_1113_cov_1.870183	1113	45.46
GC1003827_F08_NODE_9097_length_1113_cov_1.399594	1113	52.47
GC1003827_F08_NODE_9098_length_1112_cov_6.782741	1112	47.66
GC1003827_F08_NODE_9099_length_1112_cov_5.684264	1112	41.55
GC1003827_F08_NODE_9100_length_1112_cov_4.703553	1112	55.31
GC1003827_F08_NODE_9101_length_1112_cov_3.822335	1112	39.66
GC1003827_F08_NODE_9102_length_1112_cov_3.016244	1112	58.63
GC1003827_F08_NODE_9103_length_1112_cov_2.900508	1112	49.64
GC1003827_F08_NODE_9104_length_1112_cov_2.671066	1112	55.22
GC1003827_F08_NODE_9105_length_1112_cov_2.025381	1112	38.04
GC1003827_F08_NODE_9106_length_1112_cov_2.002030	1112	47.93
GC1003827_F08_NODE_9107_length_1112_cov_1.750254	1112	50.99
GC1003827_F08_NODE_9108_length_1112_cov_1.117766	1112	45.95
GC1003827_F08_NODE_9109_length_1112_cov_0.824365	1112	44.42
GC1003827_F08_NODE_9110_length_1111_cov_12.468496	1111	44.73
GC1003827_F08_NODE_9111_length_1111_cov_11.867886	1111	43.02
GC1003827_F08_NODE_9112_length_1111_cov_9.380081	1111	48.33
GC1003827_F08_NODE_9113_length_1111_cov_6.815041	1111	48.60
GC1003827_F08_NODE_9114_length_1111_cov_5.270325	1111	55.63
GC1003827_F08_NODE_9115_length_1111_cov_1.761179	1111	45.63
GC1003827_F08_NODE_9116_length_1111_cov_1.454268	1111	54.28
GC1003827_F08_NODE_9117_length_1111_cov_1.149390	1111	59.77
GC1003827_F08_NODE_9118_length_1111_cov_1.072154	1111	52.30
GC1003827_F08_NODE_9119_length_1111_cov_1.045732	1111	51.31
GC1003827_F08_NODE_9120_length_1111_cov_0.911585	1111	52.75
GC1003827_F08_NODE_9121_length_1110_cov_6.304171	1110	58.20
GC1003827_F08_NODE_9122_length_1110_cov_5.842319	1110	56.22
GC1003827_F08_NODE_9123_length_1110_cov_5.654120	1110	44.23
GC1003827_F08_NODE_9124_length_1110_cov_5.555443	1110	49.19
GC1003827_F08_NODE_9125_length_1110_cov_5.461851	1110	56.76
GC1003827_F08_NODE_9126_length_1110_cov_3.731434	1110	42.88
GC1003827_F08_NODE_9127_length_1110_cov_3.644964	1110	49.91
GC1003827_F08_NODE_9128_length_1110_cov_3.379451	1110	44.23
GC1003827_F08_NODE_9129_length_1110_cov_3.009156	1110	48.65
GC1003827_F08_NODE_9130_length_1110_cov_2.089522	1110	58.11
GC1003827_F08_NODE_9131_length_1109_cov_24.074338	1109	49.32
GC1003827_F08_NODE_9132_length_1109_cov_17.076375	1109	56.09
GC1003827_F08_NODE_9133_length_1109_cov_9.837067	1109	47.07
GC1003827_F08_NODE_9134_length_1109_cov_9.627291	1109	56.00
GC1003827_F08_NODE_9135_length_1109_cov_4.610998	1109	46.53
GC1003827_F08_NODE_9136_length_1109_cov_4.283096	1109	53.20
GC1003827_F08_NODE_9137_length_1109_cov_3.529532	1109	56.36
GC1003827_F08_NODE_9138_length_1109_cov_3.211813	1109	52.66
GC1003827_F08_NODE_9139_length_1109_cov_3.045825	1109	52.57
GC1003827_F08_NODE_9140_length_1109_cov_2.606925	1109	44.27
GC1003827_F08_NODE_9141_length_1109_cov_2.493890	1109	49.68
GC1003827_F08_NODE_9142_length_1109_cov_1.718941	1109	47.61
GC1003827_F08_NODE_9143_length_1109_cov_1.567210	1109	57.62
GC1003827_F08_NODE_9144_length_1109_cov_0.691446	1109	58.25
GC1003827_F08_NODE_9145_length_1108_cov_8.407747	1108	52.17
GC1003827_F08_NODE_9146_length_1108_cov_7.811417	1108	49.82
GC1003827_F08_NODE_9147_length_1108_cov_7.211009	1108	57.22
GC1003827_F08_NODE_9148_length_1108_cov_6.626911	1108	47.83
GC1003827_F08_NODE_9149_length_1108_cov_5.696228	1108	45.13
GC1003827_F08_NODE_9150_length_1108_cov_5.240571	1108	56.41
GC1003827_F08_NODE_9151_length_1108_cov_4.904179	1108	51.81
GC1003827_F08_NODE_9152_length_1108_cov_4.461774	1108	56.86
GC1003827_F08_NODE_9153_length_1108_cov_3.762487	1108	49.46
GC1003827_F08_NODE_9154_length_1108_cov_2.972477	1108	44.58
GC1003827_F08_NODE_9155_length_1108_cov_2.703364	1108	49.82
GC1003827_F08_NODE_9156_length_1108_cov_2.514781	1108	50.00
GC1003827_F08_NODE_9157_length_1108_cov_2.424057	1108	54.87
GC1003827_F08_NODE_9158_length_1108_cov_2.054027	1108	58.66
GC1003827_F08_NODE_9159_length_1107_cov_5.174490	1107	53.30
GC1003827_F08_NODE_9160_length_1107_cov_4.758163	1107	54.47
GC1003827_F08_NODE_9161_length_1107_cov_4.003061	1107	46.97
GC1003827_F08_NODE_9162_length_1107_cov_3.774490	1107	56.82
GC1003827_F08_NODE_9163_length_1107_cov_3.118367	1107	54.56
GC1003827_F08_NODE_9164_length_1107_cov_2.500000	1107	56.73
GC1003827_F08_NODE_9165_length_1107_cov_1.929592	1107	47.70
GC1003827_F08_NODE_9166_length_1106_cov_14.457610	1106	46.93
GC1003827_F08_NODE_9167_length_1106_cov_9.472932	1106	51.36
GC1003827_F08_NODE_9168_length_1106_cov_7.931563	1106	50.99
GC1003827_F08_NODE_9169_length_1106_cov_6.899898	1106	40.87
GC1003827_F08_NODE_9170_length_1106_cov_6.460674	1106	49.01
GC1003827_F08_NODE_9171_length_1106_cov_4.597549	1106	55.61
GC1003827_F08_NODE_9172_length_1106_cov_3.747702	1106	56.96
GC1003827_F08_NODE_9173_length_1106_cov_3.574055	1106	59.76
GC1003827_F08_NODE_9174_length_1106_cov_3.267620	1106	42.41
GC1003827_F08_NODE_9175_length_1106_cov_2.349336	1106	49.19
GC1003827_F08_NODE_9176_length_1106_cov_2.250255	1106	51.27
GC1003827_F08_NODE_9177_length_1106_cov_2.182840	1106	43.94
GC1003827_F08_NODE_9178_length_1106_cov_2.180797	1106	56.60
GC1003827_F08_NODE_9179_length_1106_cov_1.729316	1106	51.99
GC1003827_F08_NODE_9180_length_1106_cov_1.702758	1106	56.78
GC1003827_F08_NODE_9181_length_1106_cov_0.954035	1106	45.39
GC1003827_F08_NODE_9182_length_1106_cov_0.864147	1106	46.65
GC1003827_F08_NODE_9183_length_1105_cov_25.111452	1105	41.00
GC1003827_F08_NODE_9184_length_1105_cov_7.306748	1105	47.96
GC1003827_F08_NODE_9185_length_1105_cov_5.322086	1105	52.76
GC1003827_F08_NODE_9186_length_1105_cov_3.296524	1105	54.03
GC1003827_F08_NODE_9187_length_1105_cov_2.327198	1105	53.30
GC1003827_F08_NODE_9188_length_1105_cov_1.965235	1105	54.57
GC1003827_F08_NODE_9189_length_1105_cov_1.748466	1105	51.13
GC1003827_F08_NODE_9190_length_1105_cov_1.699387	1105	47.42
GC1003827_F08_NODE_9191_length_1105_cov_1.450920	1105	53.85
GC1003827_F08_NODE_9192_length_1105_cov_0.931493	1105	56.65
GC1003827_F08_NODE_9193_length_1104_cov_14.432958	1104	51.99
GC1003827_F08_NODE_9194_length_1104_cov_8.219038	1104	55.16
GC1003827_F08_NODE_9195_length_1104_cov_8.088025	1104	54.17
GC1003827_F08_NODE_9196_length_1104_cov_5.749232	1104	51.63
GC1003827_F08_NODE_9197_length_1104_cov_5.500512	1104	53.08
GC1003827_F08_NODE_9198_length_1104_cov_4.793245	1104	49.82
GC1003827_F08_NODE_9199_length_1104_cov_4.387922	1104	42.12
GC1003827_F08_NODE_9200_length_1104_cov_3.440123	1104	51.90
GC1003827_F08_NODE_9201_length_1104_cov_3.275333	1104	53.80
GC1003827_F08_NODE_9202_length_1104_cov_2.596725	1104	43.39
GC1003827_F08_NODE_9203_length_1103_cov_16.929303	1103	44.61
GC1003827_F08_NODE_9204_length_1103_cov_12.068648	1103	50.77
GC1003827_F08_NODE_9205_length_1103_cov_10.811475	1103	49.23
GC1003827_F08_NODE_9206_length_1103_cov_7.900615	1103	51.68
GC1003827_F08_NODE_9207_length_1103_cov_5.368852	1103	46.51
GC1003827_F08_NODE_9208_length_1103_cov_4.290984	1103	47.14
GC1003827_F08_NODE_9209_length_1103_cov_4.098361	1103	55.85
GC1003827_F08_NODE_9210_length_1103_cov_3.673156	1103	57.84
GC1003827_F08_NODE_9211_length_1103_cov_3.236680	1103	54.40
GC1003827_F08_NODE_9212_length_1103_cov_2.806352	1103	55.76
GC1003827_F08_NODE_9213_length_1103_cov_2.648566	1103	60.11
GC1003827_F08_NODE_9214_length_1103_cov_1.071721	1103	55.12
GC1003827_F08_NODE_9215_length_1103_cov_0.568648	1103	56.75
GC1003827_F08_NODE_9216_length_1102_cov_28.821538	1102	52.00
GC1003827_F08_NODE_9217_length_1102_cov_14.754872	1102	46.46
GC1003827_F08_NODE_9218_length_1102_cov_13.084103	1102	55.90
GC1003827_F08_NODE_9219_length_1102_cov_6.909744	1102	59.62
GC1003827_F08_NODE_9220_length_1102_cov_6.585641	1102	43.28
GC1003827_F08_NODE_9221_length_1102_cov_6.292308	1102	43.92
GC1003827_F08_NODE_9222_length_1102_cov_6.281026	1102	56.72
GC1003827_F08_NODE_9223_length_1102_cov_5.320000	1102	51.18
GC1003827_F08_NODE_9224_length_1102_cov_5.204103	1102	45.74
GC1003827_F08_NODE_9225_length_1102_cov_4.709744	1102	51.91
GC1003827_F08_NODE_9226_length_1101_cov_10.012320	1101	48.05
GC1003827_F08_NODE_9227_length_1101_cov_7.698152	1101	45.59
GC1003827_F08_NODE_9228_length_1101_cov_5.463039	1101	42.96
GC1003827_F08_NODE_9229_length_1101_cov_5.264887	1101	56.49
GC1003827_F08_NODE_9230_length_1101_cov_4.941478	1101	42.87
GC1003827_F08_NODE_9231_length_1101_cov_4.308008	1101	49.23
GC1003827_F08_NODE_9232_length_1101_cov_4.133470	1101	53.95
GC1003827_F08_NODE_9233_length_1101_cov_3.417864	1101	58.13
GC1003827_F08_NODE_9234_length_1101_cov_3.044148	1101	52.13
GC1003827_F08_NODE_9235_length_1101_cov_2.797741	1101	58.49
GC1003827_F08_NODE_9236_length_1101_cov_2.507187	1101	58.04
GC1003827_F08_NODE_9237_length_1101_cov_2.018480	1101	57.77
GC1003827_F08_NODE_9238_length_1101_cov_1.735113	1101	39.51
GC1003827_F08_NODE_9239_length_1101_cov_1.013347	1101	58.49
GC1003827_F08_NODE_9240_length_1100_cov_28.255910	1100	46.64
GC1003827_F08_NODE_9241_length_1100_cov_23.476876	1100	51.09
GC1003827_F08_NODE_9242_length_1100_cov_19.085303	1100	50.73
GC1003827_F08_NODE_9243_length_1100_cov_7.846865	1100	56.36
GC1003827_F08_NODE_9244_length_1100_cov_4.844810	1100	59.36
GC1003827_F08_NODE_9245_length_1100_cov_2.789311	1100	59.55
GC1003827_F08_NODE_9246_length_1100_cov_2.557040	1100	56.18
GC1003827_F08_NODE_9247_length_1099_cov_17.766461	1099	43.86
GC1003827_F08_NODE_9248_length_1099_cov_8.181070	1099	56.69
GC1003827_F08_NODE_9249_length_1099_cov_6.875514	1099	57.32
GC1003827_F08_NODE_9250_length_1099_cov_6.309671	1099	50.23
GC1003827_F08_NODE_9251_length_1099_cov_5.580247	1099	50.50
GC1003827_F08_NODE_9252_length_1099_cov_2.932099	1099	57.05
GC1003827_F08_NODE_9253_length_1099_cov_2.254115	1099	49.23
GC1003827_F08_NODE_9254_length_1099_cov_0.942387	1099	55.23
GC1003827_F08_NODE_9255_length_1099_cov_0.920782	1099	53.32
GC1003827_F08_NODE_9256_length_1098_cov_14.457261	1098	46.45
GC1003827_F08_NODE_9257_length_1098_cov_11.626159	1098	46.81
GC1003827_F08_NODE_9258_length_1098_cov_9.720906	1098	40.80
GC1003827_F08_NODE_9259_length_1098_cov_8.237899	1098	42.62
GC1003827_F08_NODE_9260_length_1098_cov_5.554068	1098	45.17
GC1003827_F08_NODE_9261_length_1098_cov_4.220391	1098	45.36
GC1003827_F08_NODE_9262_length_1098_cov_4.157570	1098	48.45
GC1003827_F08_NODE_9263_length_1098_cov_3.989701	1098	47.63
GC1003827_F08_NODE_9264_length_1098_cov_1.381050	1098	48.54
GC1003827_F08_NODE_9265_length_1098_cov_1.320288	1098	52.19
GC1003827_F08_NODE_9266_length_1097_cov_7.967010	1097	47.49
GC1003827_F08_NODE_9267_length_1097_cov_6.378351	1097	50.96
GC1003827_F08_NODE_9268_length_1097_cov_5.929897	1097	56.52
GC1003827_F08_NODE_9269_length_1097_cov_5.882474	1097	50.96
GC1003827_F08_NODE_9270_length_1097_cov_4.881443	1097	58.43
GC1003827_F08_NODE_9271_length_1097_cov_4.742268	1097	53.14
GC1003827_F08_NODE_9272_length_1097_cov_4.362887	1097	56.43
GC1003827_F08_NODE_9273_length_1097_cov_4.256701	1097	44.58
GC1003827_F08_NODE_9274_length_1097_cov_4.112371	1097	40.38
GC1003827_F08_NODE_9275_length_1097_cov_4.020619	1097	51.14
GC1003827_F08_NODE_9276_length_1097_cov_3.521649	1097	55.52
GC1003827_F08_NODE_9277_length_1097_cov_3.061856	1097	51.60
GC1003827_F08_NODE_9278_length_1097_cov_2.752577	1097	51.14
GC1003827_F08_NODE_9279_length_1097_cov_2.716495	1097	53.33
GC1003827_F08_NODE_9280_length_1097_cov_2.197938	1097	48.95
GC1003827_F08_NODE_9281_length_1097_cov_1.980412	1097	63.63
GC1003827_F08_NODE_9282_length_1097_cov_1.868041	1097	55.33
GC1003827_F08_NODE_9283_length_1097_cov_1.024742	1097	55.33
GC1003827_F08_NODE_9284_length_1096_cov_12.289990	1096	43.98
GC1003827_F08_NODE_9285_length_1096_cov_9.690402	1096	51.55
GC1003827_F08_NODE_9286_length_1096_cov_8.603715	1096	51.82
GC1003827_F08_NODE_9287_length_1096_cov_8.092879	1096	50.09
GC1003827_F08_NODE_9288_length_1096_cov_4.330237	1096	51.09
GC1003827_F08_NODE_9289_length_1096_cov_4.050568	1096	57.57
GC1003827_F08_NODE_9290_length_1096_cov_3.367389	1096	51.92
GC1003827_F08_NODE_9291_length_1096_cov_2.343653	1096	46.72
GC1003827_F08_NODE_9292_length_1096_cov_2.169247	1096	57.03
GC1003827_F08_NODE_9293_length_1096_cov_1.981424	1096	60.95
GC1003827_F08_NODE_9294_length_1096_cov_1.734778	1096	52.65
GC1003827_F08_NODE_9295_length_1095_cov_10.303719	1095	56.26
GC1003827_F08_NODE_9296_length_1095_cov_9.633264	1095	43.56
GC1003827_F08_NODE_9297_length_1095_cov_9.102273	1095	53.70
GC1003827_F08_NODE_9298_length_1095_cov_7.023760	1095	54.70
GC1003827_F08_NODE_9299_length_1095_cov_5.807851	1095	52.33
GC1003827_F08_NODE_9300_length_1095_cov_3.091942	1095	47.85
GC1003827_F08_NODE_9301_length_1095_cov_2.715909	1095	50.41
GC1003827_F08_NODE_9302_length_1095_cov_2.690083	1095	47.03
GC1003827_F08_NODE_9303_length_1095_cov_2.094008	1095	55.62
GC1003827_F08_NODE_9304_length_1095_cov_1.581612	1095	43.29
GC1003827_F08_NODE_9305_length_1095_cov_1.543388	1095	45.75
GC1003827_F08_NODE_9306_length_1095_cov_1.500000	1095	56.35
GC1003827_F08_NODE_9307_length_1095_cov_1.206612	1095	54.43
GC1003827_F08_NODE_9308_length_1094_cov_9.733195	1094	50.55
GC1003827_F08_NODE_9309_length_1094_cov_9.663909	1094	45.98
GC1003827_F08_NODE_9310_length_1094_cov_8.755946	1094	49.91
GC1003827_F08_NODE_9311_length_1094_cov_4.489142	1094	42.87
GC1003827_F08_NODE_9312_length_1094_cov_3.804550	1094	50.37
GC1003827_F08_NODE_9313_length_1094_cov_2.385729	1094	57.22
GC1003827_F08_NODE_9314_length_1094_cov_2.142709	1094	51.10
GC1003827_F08_NODE_9315_length_1094_cov_1.676319	1094	53.93
GC1003827_F08_NODE_9316_length_1094_cov_1.588418	1094	53.47
GC1003827_F08_NODE_9317_length_1094_cov_1.442606	1094	53.93
GC1003827_F08_NODE_9318_length_1094_cov_1.125129	1094	56.95
GC1003827_F08_NODE_9319_length_1093_cov_10.231884	1093	55.72
GC1003827_F08_NODE_9320_length_1093_cov_5.760870	1093	58.28
GC1003827_F08_NODE_9321_length_1093_cov_4.988613	1093	41.63
GC1003827_F08_NODE_9322_length_1093_cov_4.171843	1093	53.34
GC1003827_F08_NODE_9323_length_1093_cov_3.835404	1093	59.38
GC1003827_F08_NODE_9324_length_1093_cov_3.538302	1093	47.12
GC1003827_F08_NODE_9325_length_1093_cov_2.930642	1093	56.36
GC1003827_F08_NODE_9326_length_1093_cov_2.537267	1093	47.48
GC1003827_F08_NODE_9327_length_1092_cov_25.672539	1092	43.50
GC1003827_F08_NODE_9328_length_1092_cov_10.922280	1092	57.42
GC1003827_F08_NODE_9329_length_1092_cov_7.584456	1092	51.92
GC1003827_F08_NODE_9330_length_1092_cov_7.475648	1092	53.30
GC1003827_F08_NODE_9331_length_1092_cov_5.923316	1092	49.45
GC1003827_F08_NODE_9332_length_1092_cov_4.572021	1092	58.33
GC1003827_F08_NODE_9333_length_1092_cov_4.292228	1092	46.70
GC1003827_F08_NODE_9334_length_1092_cov_3.492228	1092	36.63
GC1003827_F08_NODE_9335_length_1092_cov_2.554404	1092	47.62
GC1003827_F08_NODE_9336_length_1092_cov_2.522280	1092	54.40
GC1003827_F08_NODE_9337_length_1092_cov_1.265285	1092	52.20
GC1003827_F08_NODE_9338_length_1092_cov_1.090155	1092	50.37
GC1003827_F08_NODE_9339_length_1092_cov_0.841451	1092	49.73
GC1003827_F08_NODE_9340_length_1091_cov_6.252075	1091	40.24
GC1003827_F08_NODE_9341_length_1091_cov_4.963693	1091	57.10
GC1003827_F08_NODE_9342_length_1091_cov_3.724066	1091	52.89
GC1003827_F08_NODE_9343_length_1091_cov_2.704357	1091	55.27
GC1003827_F08_NODE_9344_length_1091_cov_2.404564	1091	41.89
GC1003827_F08_NODE_9345_length_1091_cov_1.946058	1091	43.63
GC1003827_F08_NODE_9346_length_1090_cov_9.357217	1090	48.35
GC1003827_F08_NODE_9347_length_1090_cov_6.257529	1090	50.09
GC1003827_F08_NODE_9348_length_1090_cov_5.779855	1090	48.07
GC1003827_F08_NODE_9349_length_1090_cov_4.632399	1090	57.52
GC1003827_F08_NODE_9350_length_1090_cov_3.956386	1090	54.31
GC1003827_F08_NODE_9351_length_1090_cov_3.355140	1090	48.07
GC1003827_F08_NODE_9352_length_1090_cov_3.025961	1090	50.18
GC1003827_F08_NODE_9353_length_1090_cov_2.510903	1090	47.61
GC1003827_F08_NODE_9354_length_1090_cov_2.474559	1090	52.29
GC1003827_F08_NODE_9355_length_1090_cov_2.346833	1090	61.28
GC1003827_F08_NODE_9356_length_1090_cov_2.211838	1090	52.39
GC1003827_F08_NODE_9357_length_1090_cov_1.927310	1090	52.39
GC1003827_F08_NODE_9358_length_1090_cov_1.159917	1090	47.16
GC1003827_F08_NODE_9359_length_1090_cov_0.706127	1090	46.97
GC1003827_F08_NODE_9360_length_1089_cov_27.457380	1089	47.57
GC1003827_F08_NODE_9361_length_1089_cov_10.588358	1089	54.55
GC1003827_F08_NODE_9362_length_1089_cov_3.598753	1089	53.17
GC1003827_F08_NODE_9363_length_1089_cov_3.561331	1089	51.61
GC1003827_F08_NODE_9364_length_1089_cov_3.223493	1089	56.66
GC1003827_F08_NODE_9365_length_1089_cov_2.831601	1089	45.45
GC1003827_F08_NODE_9366_length_1089_cov_1.570686	1089	57.39
GC1003827_F08_NODE_9367_length_1088_cov_10.241415	1088	50.18
GC1003827_F08_NODE_9368_length_1088_cov_9.904266	1088	57.90
GC1003827_F08_NODE_9369_length_1088_cov_6.958377	1088	49.17
GC1003827_F08_NODE_9370_length_1088_cov_4.653486	1088	46.51
GC1003827_F08_NODE_9371_length_1088_cov_4.596254	1088	50.28
GC1003827_F08_NODE_9372_length_1088_cov_4.519251	1088	63.60
GC1003827_F08_NODE_9373_length_1088_cov_3.122789	1088	50.83
GC1003827_F08_NODE_9374_length_1088_cov_2.808533	1088	52.94
GC1003827_F08_NODE_9375_length_1088_cov_2.124870	1088	55.88
GC1003827_F08_NODE_9376_length_1088_cov_2.120708	1088	56.34
GC1003827_F08_NODE_9377_length_1088_cov_1.855359	1088	54.78
GC1003827_F08_NODE_9378_length_1088_cov_1.838710	1088	46.05
GC1003827_F08_NODE_9379_length_1088_cov_1.821020	1088	59.83
GC1003827_F08_NODE_9380_length_1088_cov_0.767950	1088	52.67
GC1003827_F08_NODE_9381_length_1087_cov_19.423958	1087	43.61
GC1003827_F08_NODE_9382_length_1087_cov_19.195833	1087	50.87
GC1003827_F08_NODE_9383_length_1087_cov_13.181250	1087	54.00
GC1003827_F08_NODE_9384_length_1087_cov_10.260417	1087	36.06
GC1003827_F08_NODE_9385_length_1087_cov_4.594792	1087	49.86
GC1003827_F08_NODE_9386_length_1087_cov_3.964583	1087	53.27
GC1003827_F08_NODE_9387_length_1087_cov_2.791667	1087	51.61
GC1003827_F08_NODE_9388_length_1087_cov_1.167708	1087	47.93
GC1003827_F08_NODE_9389_length_1087_cov_1.160417	1087	52.16
GC1003827_F08_NODE_9390_length_1087_cov_1.048958	1087	51.06
GC1003827_F08_NODE_9391_length_1087_cov_0.622917	1087	58.88
GC1003827_F08_NODE_9392_length_1086_cov_9.854015	1086	44.20
GC1003827_F08_NODE_9393_length_1086_cov_7.587070	1086	53.50
GC1003827_F08_NODE_9394_length_1086_cov_7.342023	1086	53.04
GC1003827_F08_NODE_9395_length_1086_cov_4.046924	1086	44.01
GC1003827_F08_NODE_9396_length_1086_cov_2.920751	1086	46.69
GC1003827_F08_NODE_9397_length_1086_cov_2.155370	1086	57.27
GC1003827_F08_NODE_9398_length_1086_cov_1.832117	1086	53.50
GC1003827_F08_NODE_9399_length_1086_cov_1.307612	1086	46.59
GC1003827_F08_NODE_9400_length_1086_cov_1.058394	1086	57.37
GC1003827_F08_NODE_9401_length_1085_cov_13.594990	1085	53.55
GC1003827_F08_NODE_9402_length_1085_cov_9.216075	1085	60.37
GC1003827_F08_NODE_9403_length_1085_cov_5.035491	1085	43.13
GC1003827_F08_NODE_9404_length_1085_cov_2.736952	1085	43.04
GC1003827_F08_NODE_9405_length_1085_cov_1.522965	1085	56.50
GC1003827_F08_NODE_9406_length_1085_cov_1.325678	1085	58.80
GC1003827_F08_NODE_9407_length_1085_cov_1.183716	1085	53.46
GC1003827_F08_NODE_9408_length_1085_cov_1.072025	1085	46.54
GC1003827_F08_NODE_9409_length_1084_cov_28.017764	1084	50.92
GC1003827_F08_NODE_9410_length_1084_cov_11.197492	1084	51.85
GC1003827_F08_NODE_9411_length_1084_cov_6.583072	1084	56.64
GC1003827_F08_NODE_9412_length_1084_cov_5.635319	1084	46.86
GC1003827_F08_NODE_9413_length_1084_cov_4.326019	1084	56.55
GC1003827_F08_NODE_9414_length_1084_cov_3.965517	1084	46.03
GC1003827_F08_NODE_9415_length_1084_cov_3.089864	1084	50.65
GC1003827_F08_NODE_9416_length_1084_cov_2.301985	1084	43.08
GC1003827_F08_NODE_9417_length_1084_cov_2.265413	1084	43.17
GC1003827_F08_NODE_9418_length_1084_cov_1.760711	1084	51.57
GC1003827_F08_NODE_9419_length_1083_cov_13.359833	1083	46.35
GC1003827_F08_NODE_9420_length_1083_cov_7.156904	1083	58.82
GC1003827_F08_NODE_9421_length_1083_cov_7.065900	1083	44.51
GC1003827_F08_NODE_9422_length_1083_cov_6.743724	1083	53.46
GC1003827_F08_NODE_9423_length_1083_cov_5.808577	1083	47.28
GC1003827_F08_NODE_9424_length_1083_cov_5.637029	1083	53.83
GC1003827_F08_NODE_9425_length_1083_cov_5.408996	1083	55.59
GC1003827_F08_NODE_9426_length_1083_cov_4.585774	1083	58.45
GC1003827_F08_NODE_9427_length_1083_cov_3.422594	1083	54.85
GC1003827_F08_NODE_9428_length_1083_cov_3.270921	1083	56.60
GC1003827_F08_NODE_9429_length_1083_cov_2.671548	1083	44.78
GC1003827_F08_NODE_9430_length_1083_cov_2.453975	1083	53.92
GC1003827_F08_NODE_9431_length_1083_cov_1.162134	1083	56.05
GC1003827_F08_NODE_9432_length_1083_cov_1.084728	1083	46.45
GC1003827_F08_NODE_9433_length_1082_cov_22.183246	1082	48.52
GC1003827_F08_NODE_9434_length_1082_cov_15.659686	1082	55.27
GC1003827_F08_NODE_9435_length_1082_cov_13.458639	1082	50.74
GC1003827_F08_NODE_9436_length_1082_cov_7.500524	1082	50.37
GC1003827_F08_NODE_9437_length_1082_cov_5.273298	1082	47.50
GC1003827_F08_NODE_9438_length_1082_cov_2.639791	1082	46.21
GC1003827_F08_NODE_9439_length_1082_cov_1.043979	1082	53.51
GC1003827_F08_NODE_9440_length_1081_cov_20.508386	1081	46.25
GC1003827_F08_NODE_9441_length_1081_cov_8.338574	1081	45.14
GC1003827_F08_NODE_9442_length_1081_cov_3.679245	1081	50.14
GC1003827_F08_NODE_9443_length_1081_cov_3.335430	1081	41.07
GC1003827_F08_NODE_9444_length_1081_cov_3.023061	1081	55.13
GC1003827_F08_NODE_9445_length_1081_cov_2.943396	1081	42.18
GC1003827_F08_NODE_9446_length_1081_cov_2.867925	1081	51.25
GC1003827_F08_NODE_9447_length_1081_cov_2.790356	1081	44.59
GC1003827_F08_NODE_9448_length_1080_cov_35.050367	1080	42.78
GC1003827_F08_NODE_9449_length_1080_cov_9.286464	1080	53.61
GC1003827_F08_NODE_9450_length_1080_cov_8.775446	1080	49.17
GC1003827_F08_NODE_9451_length_1080_cov_8.367261	1080	44.91
GC1003827_F08_NODE_9452_length_1080_cov_7.819517	1080	51.11
GC1003827_F08_NODE_9453_length_1080_cov_7.097587	1080	51.02
GC1003827_F08_NODE_9454_length_1080_cov_6.256034	1080	56.30
GC1003827_F08_NODE_9455_length_1080_cov_4.753410	1080	50.65
GC1003827_F08_NODE_9456_length_1080_cov_4.114376	1080	50.93
GC1003827_F08_NODE_9457_length_1080_cov_3.775446	1080	49.17
GC1003827_F08_NODE_9458_length_1080_cov_3.432319	1080	58.52
GC1003827_F08_NODE_9459_length_1080_cov_2.321091	1080	46.20
GC1003827_F08_NODE_9460_length_1080_cov_2.136411	1080	57.69
GC1003827_F08_NODE_9461_length_1080_cov_1.997901	1080	57.22
GC1003827_F08_NODE_9462_length_1080_cov_1.099685	1080	51.11
GC1003827_F08_NODE_9463_length_1080_cov_0.925498	1080	60.00
GC1003827_F08_NODE_9464_length_1079_cov_8.500000	1079	57.09
GC1003827_F08_NODE_9465_length_1079_cov_7.000000	1079	45.41
GC1003827_F08_NODE_9466_length_1079_cov_4.689076	1079	48.84
GC1003827_F08_NODE_9467_length_1079_cov_4.385504	1079	47.36
GC1003827_F08_NODE_9468_length_1079_cov_3.898109	1079	42.45
GC1003827_F08_NODE_9469_length_1079_cov_3.595588	1079	42.26
GC1003827_F08_NODE_9470_length_1079_cov_3.413866	1079	49.86
GC1003827_F08_NODE_9471_length_1079_cov_2.829832	1079	52.73
GC1003827_F08_NODE_9472_length_1079_cov_2.793067	1079	47.64
GC1003827_F08_NODE_9473_length_1079_cov_2.404412	1079	57.00
GC1003827_F08_NODE_9474_length_1079_cov_2.237395	1079	59.13
GC1003827_F08_NODE_9475_length_1079_cov_1.865546	1079	46.15
GC1003827_F08_NODE_9476_length_1079_cov_0.975840	1079	54.59
GC1003827_F08_NODE_9477_length_1078_cov_19.812829	1078	48.70
GC1003827_F08_NODE_9478_length_1078_cov_11.373291	1078	44.53
GC1003827_F08_NODE_9479_length_1078_cov_10.860147	1078	51.02
GC1003827_F08_NODE_9480_length_1078_cov_9.095689	1078	51.86
GC1003827_F08_NODE_9481_length_1078_cov_7.900105	1078	50.28
GC1003827_F08_NODE_9482_length_1078_cov_7.174553	1078	48.05
GC1003827_F08_NODE_9483_length_1078_cov_7.010515	1078	52.88
GC1003827_F08_NODE_9484_length_1078_cov_4.069401	1078	57.98
GC1003827_F08_NODE_9485_length_1078_cov_2.841220	1078	57.05
GC1003827_F08_NODE_9486_length_1078_cov_2.825447	1078	53.53
GC1003827_F08_NODE_9487_length_1078_cov_1.709779	1078	51.86
GC1003827_F08_NODE_9488_length_1078_cov_1.261830	1078	47.96
GC1003827_F08_NODE_9489_length_1078_cov_1.009464	1078	52.32
GC1003827_F08_NODE_9490_length_1078_cov_0.568875	1078	48.42
GC1003827_F08_NODE_9491_length_1077_cov_10.632632	1077	47.35
GC1003827_F08_NODE_9492_length_1077_cov_10.158947	1077	47.63
GC1003827_F08_NODE_9493_length_1077_cov_6.215789	1077	54.32
GC1003827_F08_NODE_9494_length_1077_cov_6.200000	1077	49.49
GC1003827_F08_NODE_9495_length_1077_cov_5.386316	1077	46.15
GC1003827_F08_NODE_9496_length_1077_cov_5.143158	1077	52.65
GC1003827_F08_NODE_9497_length_1077_cov_5.027368	1077	54.13
GC1003827_F08_NODE_9498_length_1077_cov_4.771579	1077	53.48
GC1003827_F08_NODE_9499_length_1077_cov_4.644211	1077	45.68
GC1003827_F08_NODE_9500_length_1077_cov_4.518947	1077	45.78
GC1003827_F08_NODE_9501_length_1077_cov_3.846316	1077	55.71
GC1003827_F08_NODE_9502_length_1077_cov_3.298947	1077	54.69
GC1003827_F08_NODE_9503_length_1077_cov_2.487368	1077	41.32
GC1003827_F08_NODE_9504_length_1077_cov_2.401053	1077	54.22
GC1003827_F08_NODE_9505_length_1077_cov_1.773684	1077	44.94
GC1003827_F08_NODE_9506_length_1077_cov_1.742105	1077	58.77
GC1003827_F08_NODE_9507_length_1077_cov_1.172632	1077	55.06
GC1003827_F08_NODE_9508_length_1076_cov_25.031612	1076	46.56
GC1003827_F08_NODE_9509_length_1076_cov_11.324552	1076	48.88
GC1003827_F08_NODE_9510_length_1076_cov_8.771338	1076	53.25
GC1003827_F08_NODE_9511_length_1076_cov_7.155954	1076	44.14
GC1003827_F08_NODE_9512_length_1076_cov_4.417281	1076	54.37
GC1003827_F08_NODE_9513_length_1076_cov_4.298209	1076	56.60
GC1003827_F08_NODE_9514_length_1076_cov_4.245522	1076	44.14
GC1003827_F08_NODE_9515_length_1076_cov_2.416228	1076	54.28
GC1003827_F08_NODE_9516_length_1076_cov_1.069547	1076	57.81
GC1003827_F08_NODE_9517_length_1075_cov_20.193038	1075	50.79
GC1003827_F08_NODE_9518_length_1075_cov_8.003165	1075	43.91
GC1003827_F08_NODE_9519_length_1075_cov_7.352321	1075	48.84
GC1003827_F08_NODE_9520_length_1075_cov_4.910338	1075	50.88
GC1003827_F08_NODE_9521_length_1075_cov_3.296414	1075	56.28
GC1003827_F08_NODE_9522_length_1075_cov_3.215190	1075	43.53
GC1003827_F08_NODE_9523_length_1075_cov_3.101266	1075	45.58
GC1003827_F08_NODE_9524_length_1075_cov_3.029536	1075	46.14
GC1003827_F08_NODE_9525_length_1075_cov_2.758439	1075	53.86
GC1003827_F08_NODE_9526_length_1075_cov_2.312236	1075	50.79
GC1003827_F08_NODE_9527_length_1075_cov_2.157173	1075	53.58
GC1003827_F08_NODE_9528_length_1075_cov_1.920886	1075	54.33
GC1003827_F08_NODE_9529_length_1075_cov_1.785865	1075	59.44
GC1003827_F08_NODE_9530_length_1075_cov_1.782700	1075	49.77
GC1003827_F08_NODE_9531_length_1075_cov_0.613924	1075	57.86
GC1003827_F08_NODE_9532_length_1074_cov_10.557550	1074	51.68
GC1003827_F08_NODE_9533_length_1074_cov_8.130940	1074	46.28
GC1003827_F08_NODE_9534_length_1074_cov_5.809926	1074	46.83
GC1003827_F08_NODE_9535_length_1074_cov_4.392819	1074	56.61
GC1003827_F08_NODE_9536_length_1074_cov_2.586061	1074	50.37
GC1003827_F08_NODE_9537_length_1074_cov_1.868004	1074	42.64
GC1003827_F08_NODE_9538_length_1074_cov_1.827878	1074	56.42
GC1003827_F08_NODE_9539_length_1074_cov_0.787751	1074	63.22
GC1003827_F08_NODE_9540_length_1073_cov_8.360465	1073	52.38
GC1003827_F08_NODE_9541_length_1073_cov_5.323467	1073	48.00
GC1003827_F08_NODE_9542_length_1073_cov_4.751586	1073	55.45
GC1003827_F08_NODE_9543_length_1073_cov_4.456660	1073	56.10
GC1003827_F08_NODE_9544_length_1073_cov_4.152220	1073	50.33
GC1003827_F08_NODE_9545_length_1073_cov_3.846723	1073	57.69
GC1003827_F08_NODE_9546_length_1073_cov_2.762156	1073	51.44
GC1003827_F08_NODE_9547_length_1073_cov_2.146934	1073	43.24
GC1003827_F08_NODE_9548_length_1073_cov_0.898520	1073	41.29
GC1003827_F08_NODE_9549_length_1072_cov_19.819048	1072	50.56
GC1003827_F08_NODE_9550_length_1072_cov_17.949206	1072	50.56
GC1003827_F08_NODE_9551_length_1072_cov_10.164021	1072	51.59
GC1003827_F08_NODE_9552_length_1072_cov_7.777778	1072	53.64
GC1003827_F08_NODE_9553_length_1072_cov_3.605291	1072	60.35
GC1003827_F08_NODE_9554_length_1072_cov_3.495238	1072	54.20
GC1003827_F08_NODE_9555_length_1072_cov_3.440212	1072	56.34
GC1003827_F08_NODE_9556_length_1072_cov_2.903704	1072	57.74
GC1003827_F08_NODE_9557_length_1072_cov_1.816931	1072	41.88
GC1003827_F08_NODE_9558_length_1072_cov_1.762963	1072	57.28
GC1003827_F08_NODE_9559_length_1072_cov_1.734392	1072	54.20
GC1003827_F08_NODE_9560_length_1072_cov_1.629630	1072	57.09
GC1003827_F08_NODE_9561_length_1072_cov_1.538624	1072	50.47
GC1003827_F08_NODE_9562_length_1072_cov_1.180952	1072	51.77
GC1003827_F08_NODE_9563_length_1071_cov_6.695975	1071	43.88
GC1003827_F08_NODE_9564_length_1071_cov_5.551907	1071	50.61
GC1003827_F08_NODE_9565_length_1071_cov_5.241525	1071	59.48
GC1003827_F08_NODE_9566_length_1071_cov_5.144068	1071	53.13
GC1003827_F08_NODE_9567_length_1071_cov_5.091102	1071	43.23
GC1003827_F08_NODE_9568_length_1071_cov_5.079449	1071	45.75
GC1003827_F08_NODE_9569_length_1071_cov_4.959746	1071	52.94
GC1003827_F08_NODE_9570_length_1071_cov_4.760593	1071	41.92
GC1003827_F08_NODE_9571_length_1071_cov_4.290254	1071	53.59
GC1003827_F08_NODE_9572_length_1071_cov_3.645127	1071	46.50
GC1003827_F08_NODE_9573_length_1071_cov_2.591102	1071	57.89
GC1003827_F08_NODE_9574_length_1071_cov_2.266949	1071	52.47
GC1003827_F08_NODE_9575_length_1071_cov_2.105932	1071	43.51
GC1003827_F08_NODE_9576_length_1071_cov_1.953390	1071	48.27
GC1003827_F08_NODE_9577_length_1071_cov_1.784958	1071	54.06
GC1003827_F08_NODE_9578_length_1071_cov_1.728814	1071	50.61
GC1003827_F08_NODE_9579_length_1071_cov_0.586864	1071	53.59
GC1003827_F08_NODE_9580_length_1070_cov_19.570520	1070	47.38
GC1003827_F08_NODE_9581_length_1070_cov_2.768823	1070	50.19
GC1003827_F08_NODE_9582_length_1070_cov_2.402969	1070	47.10
GC1003827_F08_NODE_9583_length_1070_cov_2.106045	1070	62.34
GC1003827_F08_NODE_9584_length_1070_cov_1.915164	1070	53.74
GC1003827_F08_NODE_9585_length_1070_cov_1.750795	1070	47.85
GC1003827_F08_NODE_9586_length_1070_cov_1.689290	1070	40.37
GC1003827_F08_NODE_9587_length_1069_cov_9.644374	1069	54.26
GC1003827_F08_NODE_9588_length_1069_cov_8.174098	1069	51.64
GC1003827_F08_NODE_9589_length_1069_cov_5.682590	1069	48.27
GC1003827_F08_NODE_9590_length_1069_cov_5.290870	1069	47.15
GC1003827_F08_NODE_9591_length_1069_cov_4.557325	1069	54.35
GC1003827_F08_NODE_9592_length_1069_cov_4.268577	1069	56.31
GC1003827_F08_NODE_9593_length_1069_cov_3.996815	1069	55.85
GC1003827_F08_NODE_9594_length_1069_cov_2.405520	1069	57.53
GC1003827_F08_NODE_9595_length_1068_cov_27.662062	1068	45.79
GC1003827_F08_NODE_9596_length_1068_cov_8.249734	1068	49.72
GC1003827_F08_NODE_9597_length_1068_cov_7.564293	1068	51.78
GC1003827_F08_NODE_9598_length_1068_cov_6.998937	1068	49.72
GC1003827_F08_NODE_9599_length_1068_cov_6.405951	1068	55.34
GC1003827_F08_NODE_9600_length_1068_cov_4.874601	1068	55.43
GC1003827_F08_NODE_9601_length_1068_cov_4.620616	1068	53.56
GC1003827_F08_NODE_9602_length_1068_cov_3.523911	1068	47.75
GC1003827_F08_NODE_9603_length_1068_cov_3.496281	1068	46.16
GC1003827_F08_NODE_9604_length_1068_cov_2.792774	1068	59.46
GC1003827_F08_NODE_9605_length_1068_cov_2.514346	1068	56.84
GC1003827_F08_NODE_9606_length_1068_cov_2.314559	1068	43.54
GC1003827_F08_NODE_9607_length_1068_cov_0.944740	1068	53.93
GC1003827_F08_NODE_9608_length_1068_cov_0.920298	1068	58.90
GC1003827_F08_NODE_9609_length_1068_cov_0.912859	1068	31.09
GC1003827_F08_NODE_9610_length_1067_cov_9.293617	1067	38.52
GC1003827_F08_NODE_9611_length_1067_cov_8.472340	1067	40.77
GC1003827_F08_NODE_9612_length_1067_cov_6.909574	1067	50.89
GC1003827_F08_NODE_9613_length_1067_cov_6.015957	1067	49.77
GC1003827_F08_NODE_9614_length_1067_cov_6.001064	1067	55.76
GC1003827_F08_NODE_9615_length_1067_cov_3.588298	1067	53.51
GC1003827_F08_NODE_9616_length_1067_cov_2.894681	1067	58.11
GC1003827_F08_NODE_9617_length_1067_cov_1.190426	1067	42.83
GC1003827_F08_NODE_9618_length_1067_cov_1.130851	1067	53.80
GC1003827_F08_NODE_9619_length_1066_cov_10.792332	1066	49.81
GC1003827_F08_NODE_9620_length_1066_cov_7.971246	1066	52.25
GC1003827_F08_NODE_9621_length_1066_cov_6.943557	1066	47.00
GC1003827_F08_NODE_9622_length_1066_cov_5.235357	1066	56.00
GC1003827_F08_NODE_9623_length_1066_cov_4.801917	1066	46.90
GC1003827_F08_NODE_9624_length_1066_cov_3.317359	1066	52.53
GC1003827_F08_NODE_9625_length_1066_cov_2.861555	1066	55.16
GC1003827_F08_NODE_9626_length_1066_cov_1.224707	1066	42.87
GC1003827_F08_NODE_9627_length_1066_cov_0.810437	1066	41.93
GC1003827_F08_NODE_9628_length_1065_cov_10.391258	1065	44.69
GC1003827_F08_NODE_9629_length_1065_cov_9.957356	1065	54.46
GC1003827_F08_NODE_9630_length_1065_cov_8.356077	1065	63.00
GC1003827_F08_NODE_9631_length_1065_cov_7.515991	1065	52.77
GC1003827_F08_NODE_9632_length_1065_cov_4.660981	1065	57.18
GC1003827_F08_NODE_9633_length_1065_cov_3.775053	1065	51.83
GC1003827_F08_NODE_9634_length_1065_cov_3.740938	1065	49.86
GC1003827_F08_NODE_9635_length_1065_cov_3.018124	1065	58.87
GC1003827_F08_NODE_9636_length_1065_cov_1.955224	1065	57.09
GC1003827_F08_NODE_9637_length_1065_cov_1.921109	1065	47.51
GC1003827_F08_NODE_9638_length_1065_cov_1.904051	1065	45.26
GC1003827_F08_NODE_9639_length_1065_cov_1.591684	1065	48.64
GC1003827_F08_NODE_9640_length_1065_cov_0.454158	1065	59.62
GC1003827_F08_NODE_9641_length_1064_cov_4.144077	1064	45.30
GC1003827_F08_NODE_9642_length_1064_cov_3.740662	1064	63.82
GC1003827_F08_NODE_9643_length_1064_cov_3.294557	1064	45.49
GC1003827_F08_NODE_9644_length_1064_cov_1.947705	1064	57.42
GC1003827_F08_NODE_9645_length_1064_cov_1.762006	1064	54.70
GC1003827_F08_NODE_9646_length_1064_cov_1.045891	1064	35.71
GC1003827_F08_NODE_9647_length_1064_cov_0.969050	1064	59.21
GC1003827_F08_NODE_9648_length_1063_cov_15.266026	1063	42.71
GC1003827_F08_NODE_9649_length_1063_cov_9.225427	1063	42.90
GC1003827_F08_NODE_9650_length_1063_cov_4.819444	1063	55.69
GC1003827_F08_NODE_9651_length_1063_cov_4.363248	1063	53.53
GC1003827_F08_NODE_9652_length_1063_cov_3.696581	1063	51.55
GC1003827_F08_NODE_9653_length_1063_cov_3.350427	1063	59.17
GC1003827_F08_NODE_9654_length_1063_cov_3.034188	1063	53.15
GC1003827_F08_NODE_9655_length_1063_cov_1.010684	1063	62.56
GC1003827_F08_NODE_9656_length_1062_cov_7.605348	1062	46.05
GC1003827_F08_NODE_9657_length_1062_cov_7.308021	1062	42.37
GC1003827_F08_NODE_9658_length_1062_cov_5.913369	1062	61.11
GC1003827_F08_NODE_9659_length_1062_cov_3.921925	1062	51.51
GC1003827_F08_NODE_9660_length_1062_cov_3.884492	1062	41.05
GC1003827_F08_NODE_9661_length_1062_cov_2.956150	1062	45.48
GC1003827_F08_NODE_9662_length_1062_cov_2.104813	1062	47.36
GC1003827_F08_NODE_9663_length_1062_cov_1.885561	1062	54.52
GC1003827_F08_NODE_9664_length_1062_cov_1.487701	1062	40.96
GC1003827_F08_NODE_9665_length_1062_cov_1.356150	1062	56.03
GC1003827_F08_NODE_9666_length_1061_cov_12.605996	1061	54.19
GC1003827_F08_NODE_9667_length_1061_cov_4.183084	1061	45.24
GC1003827_F08_NODE_9668_length_1061_cov_3.970021	1061	53.82
GC1003827_F08_NODE_9669_length_1061_cov_1.800857	1061	53.44
GC1003827_F08_NODE_9670_length_1061_cov_1.357602	1061	55.98
GC1003827_F08_NODE_9671_length_1061_cov_1.206638	1061	46.75
GC1003827_F08_NODE_9672_length_1061_cov_0.638116	1061	28.65
GC1003827_F08_NODE_9673_length_1060_cov_21.294748	1060	49.91
GC1003827_F08_NODE_9674_length_1060_cov_6.825295	1060	52.26
GC1003827_F08_NODE_9675_length_1060_cov_6.157556	1060	46.23
GC1003827_F08_NODE_9676_length_1060_cov_4.618435	1060	60.19
GC1003827_F08_NODE_9677_length_1060_cov_4.523044	1060	49.43
GC1003827_F08_NODE_9678_length_1060_cov_4.460879	1060	40.94
GC1003827_F08_NODE_9679_length_1060_cov_4.204716	1060	45.85
GC1003827_F08_NODE_9680_length_1060_cov_4.031083	1060	46.60
GC1003827_F08_NODE_9681_length_1060_cov_3.883173	1060	51.42
GC1003827_F08_NODE_9682_length_1060_cov_3.471597	1060	46.04
GC1003827_F08_NODE_9683_length_1060_cov_3.246517	1060	42.92
GC1003827_F08_NODE_9684_length_1060_cov_2.610932	1060	47.08
GC1003827_F08_NODE_9685_length_1060_cov_2.595927	1060	44.15
GC1003827_F08_NODE_9686_length_1060_cov_1.341908	1060	51.70
GC1003827_F08_NODE_9687_length_1060_cov_1.069668	1060	53.21
GC1003827_F08_NODE_9688_length_1059_cov_8.489270	1059	43.25
GC1003827_F08_NODE_9689_length_1059_cov_5.802575	1059	44.66
GC1003827_F08_NODE_9690_length_1059_cov_4.332618	1059	46.93
GC1003827_F08_NODE_9691_length_1059_cov_3.769313	1059	49.48
GC1003827_F08_NODE_9692_length_1059_cov_2.688841	1059	57.79
GC1003827_F08_NODE_9693_length_1059_cov_2.444206	1059	51.65
GC1003827_F08_NODE_9694_length_1059_cov_0.816524	1059	44.76
GC1003827_F08_NODE_9695_length_1058_cov_10.502685	1058	53.88
GC1003827_F08_NODE_9696_length_1058_cov_9.132116	1058	47.83
GC1003827_F08_NODE_9697_length_1058_cov_6.184748	1058	51.13
GC1003827_F08_NODE_9698_length_1058_cov_5.216971	1058	52.65
GC1003827_F08_NODE_9699_length_1058_cov_4.842105	1058	45.09
GC1003827_F08_NODE_9700_length_1058_cov_4.436090	1058	37.90
GC1003827_F08_NODE_9701_length_1057_cov_19.677419	1057	50.71
GC1003827_F08_NODE_9702_length_1057_cov_7.143011	1057	54.49
GC1003827_F08_NODE_9703_length_1057_cov_4.566667	1057	55.91
GC1003827_F08_NODE_9704_length_1057_cov_4.182796	1057	53.64
GC1003827_F08_NODE_9705_length_1057_cov_3.294624	1057	48.72
GC1003827_F08_NODE_9706_length_1057_cov_3.174194	1057	41.15
GC1003827_F08_NODE_9707_length_1057_cov_2.587097	1057	55.35
GC1003827_F08_NODE_9708_length_1056_cov_10.800861	1056	47.54
GC1003827_F08_NODE_9709_length_1056_cov_5.539290	1056	51.61
GC1003827_F08_NODE_9710_length_1056_cov_5.067815	1056	49.24
GC1003827_F08_NODE_9711_length_1056_cov_3.452099	1056	50.38
GC1003827_F08_NODE_9712_length_1056_cov_3.063509	1056	61.55
GC1003827_F08_NODE_9713_length_1056_cov_2.759957	1056	52.18
GC1003827_F08_NODE_9714_length_1056_cov_2.072121	1056	55.02
GC1003827_F08_NODE_9715_length_1056_cov_1.655544	1056	47.06
GC1003827_F08_NODE_9716_length_1056_cov_0.891281	1056	52.08
GC1003827_F08_NODE_9717_length_1055_cov_8.447198	1055	41.71
GC1003827_F08_NODE_9718_length_1055_cov_7.853448	1055	44.17
GC1003827_F08_NODE_9719_length_1055_cov_7.448276	1055	52.23
GC1003827_F08_NODE_9720_length_1055_cov_6.703664	1055	46.45
GC1003827_F08_NODE_9721_length_1055_cov_5.824353	1055	55.17
GC1003827_F08_NODE_9722_length_1055_cov_4.379310	1055	47.77
GC1003827_F08_NODE_9723_length_1055_cov_3.628233	1055	52.70
GC1003827_F08_NODE_9724_length_1055_cov_2.047414	1055	51.09
GC1003827_F08_NODE_9725_length_1055_cov_1.871767	1055	49.86
GC1003827_F08_NODE_9726_length_1055_cov_1.316810	1055	42.94
GC1003827_F08_NODE_9727_length_1054_cov_11.937433	1054	49.81
GC1003827_F08_NODE_9728_length_1054_cov_10.865156	1054	53.42
GC1003827_F08_NODE_9729_length_1054_cov_10.562028	1054	45.92
GC1003827_F08_NODE_9730_length_1054_cov_8.128371	1054	50.85
GC1003827_F08_NODE_9731_length_1054_cov_7.748652	1054	45.83
GC1003827_F08_NODE_9732_length_1054_cov_7.067961	1054	50.00
GC1003827_F08_NODE_9733_length_1054_cov_5.417476	1054	47.63
GC1003827_F08_NODE_9734_length_1054_cov_5.025890	1054	47.82
GC1003827_F08_NODE_9735_length_1054_cov_3.278317	1054	42.50
GC1003827_F08_NODE_9736_length_1054_cov_3.140237	1054	50.76
GC1003827_F08_NODE_9737_length_1054_cov_2.463862	1054	50.38
GC1003827_F08_NODE_9738_length_1054_cov_1.771305	1054	56.17
GC1003827_F08_NODE_9739_length_1054_cov_1.700108	1054	55.98
GC1003827_F08_NODE_9740_length_1054_cov_1.037756	1054	52.85
GC1003827_F08_NODE_9741_length_1054_cov_0.466019	1054	56.83
GC1003827_F08_NODE_9742_length_1053_cov_18.574514	1053	51.28
GC1003827_F08_NODE_9743_length_1053_cov_9.190065	1053	49.57
GC1003827_F08_NODE_9744_length_1053_cov_6.576674	1053	48.34
GC1003827_F08_NODE_9745_length_1053_cov_6.407127	1053	48.72
GC1003827_F08_NODE_9746_length_1053_cov_5.681425	1053	56.32
GC1003827_F08_NODE_9747_length_1053_cov_5.637149	1053	46.15
GC1003827_F08_NODE_9748_length_1053_cov_4.750540	1053	51.47
GC1003827_F08_NODE_9749_length_1053_cov_4.042117	1053	42.92
GC1003827_F08_NODE_9750_length_1053_cov_3.998920	1053	56.32
GC1003827_F08_NODE_9751_length_1053_cov_3.449244	1053	45.58
GC1003827_F08_NODE_9752_length_1053_cov_3.293737	1053	54.04
GC1003827_F08_NODE_9753_length_1053_cov_2.734341	1053	47.86
GC1003827_F08_NODE_9754_length_1053_cov_2.645788	1053	45.96
GC1003827_F08_NODE_9755_length_1053_cov_2.566955	1053	58.59
GC1003827_F08_NODE_9756_length_1053_cov_2.213823	1053	46.53
GC1003827_F08_NODE_9757_length_1053_cov_1.286177	1053	61.25
GC1003827_F08_NODE_9758_length_1053_cov_1.237581	1053	55.27
GC1003827_F08_NODE_9759_length_1052_cov_17.728649	1052	56.65
GC1003827_F08_NODE_9760_length_1052_cov_8.296216	1052	53.04
GC1003827_F08_NODE_9761_length_1052_cov_5.301622	1052	51.43
GC1003827_F08_NODE_9762_length_1052_cov_5.144865	1052	48.57
GC1003827_F08_NODE_9763_length_1052_cov_4.321081	1052	59.32
GC1003827_F08_NODE_9764_length_1052_cov_4.127568	1052	44.39
GC1003827_F08_NODE_9765_length_1052_cov_3.190270	1052	54.37
GC1003827_F08_NODE_9766_length_1052_cov_3.047568	1052	47.62
GC1003827_F08_NODE_9767_length_1052_cov_2.201081	1052	35.08
GC1003827_F08_NODE_9768_length_1052_cov_1.484324	1052	57.22
GC1003827_F08_NODE_9769_length_1052_cov_1.455135	1052	56.94
GC1003827_F08_NODE_9770_length_1052_cov_1.296216	1052	54.94
GC1003827_F08_NODE_9771_length_1052_cov_0.790270	1052	53.42
GC1003827_F08_NODE_9772_length_1051_cov_8.483766	1051	50.81
GC1003827_F08_NODE_9773_length_1051_cov_8.419913	1051	55.47
GC1003827_F08_NODE_9774_length_1051_cov_8.216450	1051	50.43
GC1003827_F08_NODE_9775_length_1051_cov_7.104978	1051	51.76
GC1003827_F08_NODE_9776_length_1051_cov_6.204545	1051	56.99
GC1003827_F08_NODE_9777_length_1051_cov_5.581169	1051	42.06
GC1003827_F08_NODE_9778_length_1051_cov_4.888528	1051	53.00
GC1003827_F08_NODE_9779_length_1051_cov_4.555195	1051	47.48
GC1003827_F08_NODE_9780_length_1051_cov_4.132035	1051	43.10
GC1003827_F08_NODE_9781_length_1051_cov_4.086580	1051	61.27
GC1003827_F08_NODE_9782_length_1051_cov_3.199134	1051	51.76
GC1003827_F08_NODE_9783_length_1051_cov_3.003247	1051	56.71
GC1003827_F08_NODE_9784_length_1051_cov_2.510823	1051	48.53
GC1003827_F08_NODE_9785_length_1050_cov_12.009751	1050	47.05
GC1003827_F08_NODE_9786_length_1050_cov_11.351029	1050	52.67
GC1003827_F08_NODE_9787_length_1050_cov_10.126761	1050	47.24
GC1003827_F08_NODE_9788_length_1050_cov_8.983749	1050	52.95
GC1003827_F08_NODE_9789_length_1050_cov_6.463705	1050	43.24
GC1003827_F08_NODE_9790_length_1050_cov_6.267606	1050	49.81
GC1003827_F08_NODE_9791_length_1050_cov_4.476706	1050	57.43
GC1003827_F08_NODE_9792_length_1050_cov_4.133261	1050	53.43
GC1003827_F08_NODE_9793_length_1050_cov_3.167931	1050	48.76
GC1003827_F08_NODE_9794_length_1050_cov_2.746479	1050	56.38
GC1003827_F08_NODE_9795_length_1050_cov_2.148429	1050	39.81
GC1003827_F08_NODE_9796_length_1050_cov_1.895991	1050	60.19
GC1003827_F08_NODE_9797_length_1050_cov_1.213434	1050	50.38
GC1003827_F08_NODE_9798_length_1049_cov_9.836226	1049	44.33
GC1003827_F08_NODE_9799_length_1049_cov_4.608460	1049	49.00
GC1003827_F08_NODE_9800_length_1049_cov_3.386117	1049	55.58
GC1003827_F08_NODE_9801_length_1049_cov_3.363341	1049	42.14
GC1003827_F08_NODE_9802_length_1049_cov_3.195228	1049	55.00
GC1003827_F08_NODE_9803_length_1048_cov_13.783931	1048	52.19
GC1003827_F08_NODE_9804_length_1048_cov_8.589577	1048	46.85
GC1003827_F08_NODE_9805_length_1048_cov_7.156352	1048	44.47
GC1003827_F08_NODE_9806_length_1048_cov_6.347448	1048	52.96
GC1003827_F08_NODE_9807_length_1048_cov_5.373507	1048	46.76
GC1003827_F08_NODE_9808_length_1048_cov_4.216069	1048	49.24
GC1003827_F08_NODE_9809_length_1048_cov_4.109663	1048	34.92
GC1003827_F08_NODE_9810_length_1048_cov_3.920738	1048	48.09
GC1003827_F08_NODE_9811_length_1048_cov_3.716612	1048	44.27
GC1003827_F08_NODE_9812_length_1048_cov_3.547231	1048	53.91
GC1003827_F08_NODE_9813_length_1048_cov_2.471227	1048	53.24
GC1003827_F08_NODE_9814_length_1048_cov_2.440825	1048	46.28
GC1003827_F08_NODE_9815_length_1048_cov_1.289902	1048	58.30
GC1003827_F08_NODE_9816_length_1047_cov_9.034783	1047	57.40
GC1003827_F08_NODE_9817_length_1047_cov_8.481522	1047	58.55
GC1003827_F08_NODE_9818_length_1047_cov_2.558696	1047	50.24
GC1003827_F08_NODE_9819_length_1047_cov_1.752174	1047	50.33
GC1003827_F08_NODE_9820_length_1047_cov_1.700000	1047	59.89
GC1003827_F08_NODE_9821_length_1047_cov_1.671739	1047	60.36
GC1003827_F08_NODE_9822_length_1047_cov_1.368478	1047	58.26
GC1003827_F08_NODE_9823_length_1047_cov_1.230435	1047	54.73
GC1003827_F08_NODE_9824_length_1046_cov_27.182807	1046	45.70
GC1003827_F08_NODE_9825_length_1046_cov_7.645267	1046	58.60
GC1003827_F08_NODE_9826_length_1046_cov_6.207835	1046	52.87
GC1003827_F08_NODE_9827_length_1046_cov_5.875952	1046	55.16
GC1003827_F08_NODE_9828_length_1046_cov_5.041349	1046	60.80
GC1003827_F08_NODE_9829_length_1046_cov_4.487486	1046	57.74
GC1003827_F08_NODE_9830_length_1046_cov_4.067465	1046	45.41
GC1003827_F08_NODE_9831_length_1046_cov_3.686616	1046	51.24
GC1003827_F08_NODE_9832_length_1046_cov_3.634385	1046	57.07
GC1003827_F08_NODE_9833_length_1046_cov_2.848749	1046	43.79
GC1003827_F08_NODE_9834_length_1046_cov_2.711643	1046	53.15
GC1003827_F08_NODE_9835_length_1046_cov_2.482046	1046	48.95
GC1003827_F08_NODE_9836_length_1046_cov_2.011970	1046	54.02
GC1003827_F08_NODE_9837_length_1046_cov_1.730141	1046	41.78
GC1003827_F08_NODE_9838_length_1046_cov_1.373232	1046	56.31
GC1003827_F08_NODE_9839_length_1046_cov_1.223069	1046	54.97
GC1003827_F08_NODE_9840_length_1046_cov_0.677911	1046	47.80
GC1003827_F08_NODE_9841_length_1045_cov_16.247277	1045	44.50
GC1003827_F08_NODE_9842_length_1045_cov_14.266885	1045	50.72
GC1003827_F08_NODE_9843_length_1045_cov_12.090414	1045	46.22
GC1003827_F08_NODE_9844_length_1045_cov_6.532680	1045	46.51
GC1003827_F08_NODE_9845_length_1045_cov_5.835512	1045	52.73
GC1003827_F08_NODE_9846_length_1045_cov_5.777778	1045	60.10
GC1003827_F08_NODE_9847_length_1045_cov_2.786492	1045	50.72
GC1003827_F08_NODE_9848_length_1045_cov_2.498911	1045	52.73
GC1003827_F08_NODE_9849_length_1045_cov_0.376906	1045	55.98
GC1003827_F08_NODE_9850_length_1044_cov_16.737186	1044	46.93
GC1003827_F08_NODE_9851_length_1044_cov_8.201745	1044	42.53
GC1003827_F08_NODE_9852_length_1044_cov_6.250818	1044	56.61
GC1003827_F08_NODE_9853_length_1044_cov_4.628135	1044	56.32
GC1003827_F08_NODE_9854_length_1044_cov_4.604144	1044	47.99
GC1003827_F08_NODE_9855_length_1044_cov_4.086150	1044	45.59
GC1003827_F08_NODE_9856_length_1044_cov_4.073064	1044	56.42
GC1003827_F08_NODE_9857_length_1044_cov_1.516903	1044	51.72
GC1003827_F08_NODE_9858_length_1044_cov_0.940022	1044	54.50
GC1003827_F08_NODE_9859_length_1043_cov_16.935590	1043	55.42
GC1003827_F08_NODE_9860_length_1043_cov_13.315502	1043	51.20
GC1003827_F08_NODE_9861_length_1043_cov_9.629913	1043	57.43
GC1003827_F08_NODE_9862_length_1043_cov_8.111354	1043	45.83
GC1003827_F08_NODE_9863_length_1043_cov_7.888646	1043	53.31
GC1003827_F08_NODE_9864_length_1043_cov_6.507642	1043	57.05
GC1003827_F08_NODE_9865_length_1043_cov_5.661572	1043	60.12
GC1003827_F08_NODE_9866_length_1043_cov_3.262009	1043	54.55
GC1003827_F08_NODE_9867_length_1043_cov_3.204148	1043	49.28
GC1003827_F08_NODE_9868_length_1043_cov_2.680131	1043	53.88
GC1003827_F08_NODE_9869_length_1043_cov_2.001092	1043	54.27
GC1003827_F08_NODE_9870_length_1043_cov_1.393013	1043	53.60
GC1003827_F08_NODE_9871_length_1043_cov_1.325328	1043	43.43
GC1003827_F08_NODE_9872_length_1043_cov_0.732533	1043	56.18
GC1003827_F08_NODE_9873_length_1042_cov_18.626230	1042	48.46
GC1003827_F08_NODE_9874_length_1042_cov_6.121311	1042	59.21
GC1003827_F08_NODE_9875_length_1042_cov_2.577049	1042	46.55
GC1003827_F08_NODE_9876_length_1042_cov_2.549727	1042	60.36
GC1003827_F08_NODE_9877_length_1042_cov_2.514754	1042	54.80
GC1003827_F08_NODE_9878_length_1042_cov_2.288525	1042	52.88
GC1003827_F08_NODE_9879_length_1042_cov_1.765027	1042	57.10
GC1003827_F08_NODE_9880_length_1042_cov_1.486339	1042	56.14
GC1003827_F08_NODE_9881_length_1042_cov_1.096175	1042	43.09
GC1003827_F08_NODE_9882_length_1042_cov_0.577049	1042	59.12
GC1003827_F08_NODE_9883_length_1041_cov_21.251641	1041	46.78
GC1003827_F08_NODE_9884_length_1041_cov_9.703501	1041	50.91
GC1003827_F08_NODE_9885_length_1041_cov_6.833698	1041	52.26
GC1003827_F08_NODE_9886_length_1041_cov_4.912473	1041	47.07
GC1003827_F08_NODE_9887_length_1041_cov_4.233042	1041	42.94
GC1003827_F08_NODE_9888_length_1041_cov_3.205689	1041	41.50
GC1003827_F08_NODE_9889_length_1041_cov_2.661926	1041	46.40
GC1003827_F08_NODE_9890_length_1041_cov_2.271335	1041	53.41
GC1003827_F08_NODE_9891_length_1041_cov_1.195842	1041	58.41
GC1003827_F08_NODE_9892_length_1040_cov_22.613363	1040	56.35
GC1003827_F08_NODE_9893_length_1040_cov_7.350493	1040	54.90
GC1003827_F08_NODE_9894_length_1040_cov_6.621030	1040	50.77
GC1003827_F08_NODE_9895_length_1040_cov_5.629792	1040	49.13
GC1003827_F08_NODE_9896_length_1040_cov_4.905805	1040	54.90
GC1003827_F08_NODE_9897_length_1040_cov_3.814896	1040	51.92
GC1003827_F08_NODE_9898_length_1040_cov_3.162103	1040	51.92
GC1003827_F08_NODE_9899_length_1040_cov_2.292442	1040	57.88
GC1003827_F08_NODE_9900_length_1040_cov_1.737130	1040	53.65
GC1003827_F08_NODE_9901_length_1040_cov_1.573932	1040	57.60
GC1003827_F08_NODE_9902_length_1040_cov_1.545455	1040	52.69
GC1003827_F08_NODE_9903_length_1040_cov_1.416210	1040	52.02
GC1003827_F08_NODE_9904_length_1040_cov_0.799562	1040	63.27
GC1003827_F08_NODE_9905_length_1039_cov_11.870614	1039	49.37
GC1003827_F08_NODE_9906_length_1039_cov_9.650219	1039	52.17
GC1003827_F08_NODE_9907_length_1039_cov_5.248904	1039	57.27
GC1003827_F08_NODE_9908_length_1039_cov_4.673246	1039	51.59
GC1003827_F08_NODE_9909_length_1039_cov_4.107456	1039	53.61
GC1003827_F08_NODE_9910_length_1039_cov_3.899123	1039	55.73
GC1003827_F08_NODE_9911_length_1039_cov_3.410088	1039	47.93
GC1003827_F08_NODE_9912_length_1039_cov_2.774123	1039	51.40
GC1003827_F08_NODE_9913_length_1038_cov_17.322722	1038	52.70
GC1003827_F08_NODE_9914_length_1038_cov_13.991218	1038	46.92
GC1003827_F08_NODE_9915_length_1038_cov_8.900110	1038	51.93
GC1003827_F08_NODE_9916_length_1038_cov_7.518112	1038	40.85
GC1003827_F08_NODE_9917_length_1038_cov_3.980241	1038	46.53
GC1003827_F08_NODE_9918_length_1038_cov_3.895719	1038	56.36
GC1003827_F08_NODE_9919_length_1038_cov_3.594951	1038	49.42
GC1003827_F08_NODE_9920_length_1038_cov_3.436883	1038	45.18
GC1003827_F08_NODE_9921_length_1038_cov_3.274424	1038	49.04
GC1003827_F08_NODE_9922_length_1038_cov_3.233809	1038	55.78
GC1003827_F08_NODE_9923_length_1038_cov_3.031833	1038	51.16
GC1003827_F08_NODE_9924_length_1038_cov_2.849616	1038	50.77
GC1003827_F08_NODE_9925_length_1038_cov_2.076839	1038	50.48
GC1003827_F08_NODE_9926_length_1038_cov_1.493963	1038	50.00
GC1003827_F08_NODE_9927_length_1038_cov_1.317234	1038	48.07
GC1003827_F08_NODE_9928_length_1038_cov_1.298573	1038	49.42
GC1003827_F08_NODE_9929_length_1038_cov_1.285401	1038	53.18
GC1003827_F08_NODE_9930_length_1037_cov_11.800000	1037	48.31
GC1003827_F08_NODE_9931_length_1037_cov_4.434066	1037	52.46
GC1003827_F08_NODE_9932_length_1037_cov_3.104396	1037	49.66
GC1003827_F08_NODE_9933_length_1037_cov_2.960440	1037	54.10
GC1003827_F08_NODE_9934_length_1037_cov_2.714286	1037	33.75
GC1003827_F08_NODE_9935_length_1037_cov_2.675824	1037	47.83
GC1003827_F08_NODE_9936_length_1037_cov_1.679121	1037	44.07
GC1003827_F08_NODE_9937_length_1036_cov_9.961496	1036	43.63
GC1003827_F08_NODE_9938_length_1036_cov_8.092409	1036	51.74
GC1003827_F08_NODE_9939_length_1036_cov_4.529153	1036	43.05
GC1003827_F08_NODE_9940_length_1036_cov_4.187019	1036	58.78
GC1003827_F08_NODE_9941_length_1036_cov_2.837184	1036	58.69
GC1003827_F08_NODE_9942_length_1036_cov_2.386139	1036	50.77
GC1003827_F08_NODE_9943_length_1036_cov_2.173817	1036	51.54
GC1003827_F08_NODE_9944_length_1036_cov_2.173817	1036	44.79
GC1003827_F08_NODE_9945_length_1036_cov_1.327833	1036	47.49
GC1003827_F08_NODE_9946_length_1035_cov_5.016520	1035	53.33
GC1003827_F08_NODE_9947_length_1035_cov_3.798458	1035	58.45
GC1003827_F08_NODE_9948_length_1035_cov_3.115639	1035	41.64
GC1003827_F08_NODE_9949_length_1035_cov_2.863436	1035	55.65
GC1003827_F08_NODE_9950_length_1035_cov_0.995595	1035	54.01
GC1003827_F08_NODE_9951_length_1034_cov_11.673649	1034	43.23
GC1003827_F08_NODE_9952_length_1034_cov_7.861080	1034	41.78
GC1003827_F08_NODE_9953_length_1034_cov_6.873208	1034	49.23
GC1003827_F08_NODE_9954_length_1034_cov_6.417861	1034	49.13
GC1003827_F08_NODE_9955_length_1034_cov_6.413451	1034	52.61
GC1003827_F08_NODE_9956_length_1034_cov_6.045204	1034	53.00
GC1003827_F08_NODE_9957_length_1034_cov_5.662624	1034	53.19
GC1003827_F08_NODE_9958_length_1034_cov_4.985667	1034	46.03
GC1003827_F08_NODE_9959_length_1034_cov_4.051819	1034	49.71
GC1003827_F08_NODE_9960_length_1034_cov_4.006615	1034	56.48
GC1003827_F08_NODE_9961_length_1034_cov_3.378170	1034	45.16
GC1003827_F08_NODE_9962_length_1034_cov_2.241455	1034	50.00
GC1003827_F08_NODE_9963_length_1034_cov_2.000000	1034	58.99
GC1003827_F08_NODE_9964_length_1034_cov_1.441014	1034	55.32
GC1003827_F08_NODE_9965_length_1033_cov_11.005519	1033	51.50
GC1003827_F08_NODE_9966_length_1033_cov_3.928256	1033	57.12
GC1003827_F08_NODE_9967_length_1033_cov_1.760486	1033	33.30
GC1003827_F08_NODE_9968_length_1033_cov_0.950331	1033	51.11
GC1003827_F08_NODE_9969_length_1033_cov_0.738411	1033	58.18
GC1003827_F08_NODE_9970_length_1032_cov_8.832044	1032	53.49
GC1003827_F08_NODE_9971_length_1032_cov_6.923757	1032	53.39
GC1003827_F08_NODE_9972_length_1032_cov_4.587845	1032	48.45
GC1003827_F08_NODE_9973_length_1032_cov_4.439779	1032	54.36
GC1003827_F08_NODE_9974_length_1032_cov_3.176796	1032	47.29
GC1003827_F08_NODE_9975_length_1032_cov_2.944751	1032	51.26
GC1003827_F08_NODE_9976_length_1032_cov_2.788950	1032	58.14
GC1003827_F08_NODE_9977_length_1032_cov_2.619890	1032	47.87
GC1003827_F08_NODE_9978_length_1032_cov_2.114917	1032	45.45
GC1003827_F08_NODE_9979_length_1032_cov_1.649724	1032	55.91
GC1003827_F08_NODE_9980_length_1032_cov_1.286188	1032	53.97
GC1003827_F08_NODE_9981_length_1031_cov_4.960177	1031	54.22
GC1003827_F08_NODE_9982_length_1031_cov_4.893805	1031	55.97
GC1003827_F08_NODE_9983_length_1031_cov_4.311947	1031	45.20
GC1003827_F08_NODE_9984_length_1031_cov_3.259956	1031	47.62
GC1003827_F08_NODE_9985_length_1031_cov_3.207965	1031	47.72
GC1003827_F08_NODE_9986_length_1031_cov_3.027655	1031	52.67
GC1003827_F08_NODE_9987_length_1031_cov_3.007743	1031	50.63
GC1003827_F08_NODE_9988_length_1031_cov_2.655973	1031	56.06
GC1003827_F08_NODE_9989_length_1031_cov_2.622788	1031	55.97
GC1003827_F08_NODE_9990_length_1031_cov_2.310841	1031	47.53
GC1003827_F08_NODE_9991_length_1031_cov_1.237832	1031	48.59
GC1003827_F08_NODE_9992_length_1031_cov_0.777655	1031	56.74
GC1003827_F08_NODE_9993_length_1031_cov_0.503319	1031	55.00
GC1003827_F08_NODE_9994_length_1030_cov_12.828350	1030	54.95
GC1003827_F08_NODE_9995_length_1030_cov_9.464009	1030	51.55
GC1003827_F08_NODE_9996_length_1030_cov_4.775194	1030	50.29
GC1003827_F08_NODE_9997_length_1030_cov_4.074197	1030	47.77
GC1003827_F08_NODE_9998_length_1030_cov_3.820598	1030	42.62
GC1003827_F08_NODE_9999_length_1030_cov_3.794020	1030	52.33
GC1003827_F08_NODE_10000_length_1030_cov_3.118494	1030	42.62
GC1003827_F08_NODE_10001_length_1030_cov_2.894795	1030	45.83
GC1003827_F08_NODE_10002_length_1030_cov_1.852713	1030	41.94
GC1003827_F08_NODE_10003_length_1029_cov_18.798226	1029	46.16
GC1003827_F08_NODE_10004_length_1029_cov_10.371397	1029	38.58
GC1003827_F08_NODE_10005_length_1029_cov_6.731707	1029	57.63
GC1003827_F08_NODE_10006_length_1029_cov_4.437916	1029	47.42
GC1003827_F08_NODE_10007_length_1029_cov_4.382483	1029	59.96
GC1003827_F08_NODE_10008_length_1029_cov_4.109756	1029	56.07
GC1003827_F08_NODE_10009_length_1029_cov_3.945676	1029	49.56
GC1003827_F08_NODE_10010_length_1029_cov_2.068736	1029	56.07
GC1003827_F08_NODE_10011_length_1029_cov_1.894678	1029	50.24
GC1003827_F08_NODE_10012_length_1029_cov_1.472284	1029	56.46
GC1003827_F08_NODE_10013_length_1029_cov_0.931264	1029	53.74
GC1003827_F08_NODE_10014_length_1029_cov_0.843681	1029	56.85
GC1003827_F08_NODE_10015_length_1029_cov_0.703991	1029	48.88
GC1003827_F08_NODE_10016_length_1028_cov_14.286349	1028	48.05
GC1003827_F08_NODE_10017_length_1028_cov_13.950055	1028	48.44
GC1003827_F08_NODE_10018_length_1028_cov_10.098779	1028	49.42
GC1003827_F08_NODE_10019_length_1028_cov_9.814650	1028	42.51
GC1003827_F08_NODE_10020_length_1028_cov_7.047725	1028	49.71
GC1003827_F08_NODE_10021_length_1028_cov_5.275250	1028	55.06
GC1003827_F08_NODE_10022_length_1028_cov_5.118757	1028	51.56
GC1003827_F08_NODE_10023_length_1028_cov_4.884573	1028	54.77
GC1003827_F08_NODE_10024_length_1028_cov_4.446171	1028	43.97
GC1003827_F08_NODE_10025_length_1028_cov_3.576027	1028	42.70
GC1003827_F08_NODE_10026_length_1028_cov_2.574917	1028	48.25
GC1003827_F08_NODE_10027_length_1028_cov_2.340733	1028	53.31
GC1003827_F08_NODE_10028_length_1028_cov_2.334073	1028	51.07
GC1003827_F08_NODE_10029_length_1028_cov_1.432852	1028	55.84
GC1003827_F08_NODE_10030_length_1028_cov_1.302997	1028	53.70
GC1003827_F08_NODE_10031_length_1028_cov_1.006659	1028	60.12
GC1003827_F08_NODE_10032_length_1027_cov_19.092222	1027	39.73
GC1003827_F08_NODE_10033_length_1027_cov_13.678889	1027	42.55
GC1003827_F08_NODE_10034_length_1027_cov_6.972222	1027	55.01
GC1003827_F08_NODE_10035_length_1027_cov_5.511111	1027	55.89
GC1003827_F08_NODE_10036_length_1027_cov_3.321111	1027	57.25
GC1003827_F08_NODE_10037_length_1027_cov_2.287778	1027	45.37
GC1003827_F08_NODE_10038_length_1027_cov_1.943333	1027	49.37
GC1003827_F08_NODE_10039_length_1027_cov_1.437778	1027	56.09
GC1003827_F08_NODE_10040_length_1027_cov_1.208889	1027	56.18
GC1003827_F08_NODE_10041_length_1027_cov_0.787778	1027	60.66
GC1003827_F08_NODE_10042_length_1026_cov_13.886541	1026	50.49
GC1003827_F08_NODE_10043_length_1026_cov_13.781980	1026	50.49
GC1003827_F08_NODE_10044_length_1026_cov_13.375973	1026	53.51
GC1003827_F08_NODE_10045_length_1026_cov_12.391546	1026	45.03
GC1003827_F08_NODE_10046_length_1026_cov_8.437152	1026	54.78
GC1003827_F08_NODE_10047_length_1026_cov_6.332592	1026	48.93
GC1003827_F08_NODE_10048_length_1026_cov_6.064516	1026	46.10
GC1003827_F08_NODE_10049_length_1026_cov_4.628476	1026	50.49
GC1003827_F08_NODE_10050_length_1026_cov_4.542825	1026	61.60
GC1003827_F08_NODE_10051_length_1026_cov_4.147942	1026	51.46
GC1003827_F08_NODE_10052_length_1026_cov_2.595106	1026	42.88
GC1003827_F08_NODE_10053_length_1026_cov_2.321468	1026	55.95
GC1003827_F08_NODE_10054_length_1026_cov_2.194661	1026	40.45
GC1003827_F08_NODE_10055_length_1026_cov_2.139043	1026	58.09
GC1003827_F08_NODE_10056_length_1026_cov_2.123471	1026	47.76
GC1003827_F08_NODE_10057_length_1026_cov_2.050056	1026	44.54
GC1003827_F08_NODE_10058_length_1026_cov_1.819800	1026	57.70
GC1003827_F08_NODE_10059_length_1026_cov_1.191324	1026	47.95
GC1003827_F08_NODE_10060_length_1026_cov_1.010011	1026	54.19
GC1003827_F08_NODE_10061_length_1025_cov_19.664811	1025	46.15
GC1003827_F08_NODE_10062_length_1025_cov_14.013363	1025	43.71
GC1003827_F08_NODE_10063_length_1025_cov_9.924276	1025	52.98
GC1003827_F08_NODE_10064_length_1025_cov_8.612472	1025	49.07
GC1003827_F08_NODE_10065_length_1025_cov_7.875278	1025	52.00
GC1003827_F08_NODE_10066_length_1025_cov_6.636971	1025	44.59
GC1003827_F08_NODE_10067_length_1025_cov_5.838530	1025	58.34
GC1003827_F08_NODE_10068_length_1025_cov_5.787305	1025	53.66
GC1003827_F08_NODE_10069_length_1025_cov_5.785078	1025	43.80
GC1003827_F08_NODE_10070_length_1025_cov_4.994432	1025	53.07
GC1003827_F08_NODE_10071_length_1025_cov_4.905345	1025	49.85
GC1003827_F08_NODE_10072_length_1025_cov_4.580178	1025	45.07
GC1003827_F08_NODE_10073_length_1025_cov_4.484410	1025	47.41
GC1003827_F08_NODE_10074_length_1025_cov_3.219376	1025	54.34
GC1003827_F08_NODE_10075_length_1025_cov_2.971047	1025	47.12
GC1003827_F08_NODE_10076_length_1025_cov_2.734967	1025	44.98
GC1003827_F08_NODE_10077_length_1025_cov_2.471047	1025	48.49
GC1003827_F08_NODE_10078_length_1025_cov_2.136971	1025	56.78
GC1003827_F08_NODE_10079_length_1025_cov_1.174833	1025	47.61
GC1003827_F08_NODE_10080_length_1024_cov_5.102564	1024	52.15
GC1003827_F08_NODE_10081_length_1024_cov_3.308807	1024	57.32
GC1003827_F08_NODE_10082_length_1024_cov_2.739130	1024	47.85
GC1003827_F08_NODE_10083_length_1024_cov_2.532887	1024	45.70
GC1003827_F08_NODE_10084_length_1024_cov_1.412486	1024	55.27
GC1003827_F08_NODE_10085_length_1024_cov_1.122631	1024	54.20
GC1003827_F08_NODE_10086_length_1023_cov_19.333705	1023	50.64
GC1003827_F08_NODE_10087_length_1023_cov_11.287946	1023	47.21
GC1003827_F08_NODE_10088_length_1023_cov_8.235491	1023	47.21
GC1003827_F08_NODE_10089_length_1023_cov_7.191964	1023	49.36
GC1003827_F08_NODE_10090_length_1023_cov_6.238839	1023	51.91
GC1003827_F08_NODE_10091_length_1023_cov_6.217634	1023	56.50
GC1003827_F08_NODE_10092_length_1023_cov_5.616071	1023	57.87
GC1003827_F08_NODE_10093_length_1023_cov_5.193080	1023	54.55
GC1003827_F08_NODE_10094_length_1023_cov_2.568080	1023	49.85
GC1003827_F08_NODE_10095_length_1023_cov_2.398438	1023	56.89
GC1003827_F08_NODE_10096_length_1023_cov_1.429688	1023	52.98
GC1003827_F08_NODE_10097_length_1023_cov_1.414062	1023	57.09
GC1003827_F08_NODE_10098_length_1023_cov_1.062500	1023	53.86
GC1003827_F08_NODE_10099_length_1023_cov_0.945312	1023	50.54
GC1003827_F08_NODE_10100_length_1023_cov_0.875000	1023	48.88
GC1003827_F08_NODE_10101_length_1022_cov_19.246927	1022	55.87
GC1003827_F08_NODE_10102_length_1022_cov_17.378771	1022	51.57
GC1003827_F08_NODE_10103_length_1022_cov_7.096089	1022	49.02
GC1003827_F08_NODE_10104_length_1022_cov_6.381006	1022	60.37
GC1003827_F08_NODE_10105_length_1022_cov_5.346369	1022	56.95
GC1003827_F08_NODE_10106_length_1022_cov_4.136313	1022	57.63
GC1003827_F08_NODE_10107_length_1022_cov_3.825698	1022	52.15
GC1003827_F08_NODE_10108_length_1022_cov_3.767598	1022	46.38
GC1003827_F08_NODE_10109_length_1022_cov_3.288268	1022	51.08
GC1003827_F08_NODE_10110_length_1022_cov_3.093855	1022	50.29
GC1003827_F08_NODE_10111_length_1022_cov_2.825698	1022	56.95
GC1003827_F08_NODE_10112_length_1022_cov_2.248045	1022	48.92
GC1003827_F08_NODE_10113_length_1022_cov_1.803352	1022	55.97
GC1003827_F08_NODE_10114_length_1022_cov_1.660335	1022	55.58
GC1003827_F08_NODE_10115_length_1022_cov_0.765363	1022	56.65
GC1003827_F08_NODE_10116_length_1021_cov_14.049217	1021	46.13
GC1003827_F08_NODE_10117_length_1021_cov_7.708054	1021	44.56
GC1003827_F08_NODE_10118_length_1021_cov_7.341163	1021	53.77
GC1003827_F08_NODE_10119_length_1021_cov_6.600671	1021	44.27
GC1003827_F08_NODE_10120_length_1021_cov_5.372483	1021	56.42
GC1003827_F08_NODE_10121_length_1021_cov_4.958613	1021	49.27
GC1003827_F08_NODE_10122_length_1021_cov_3.468680	1021	51.42
GC1003827_F08_NODE_10123_length_1021_cov_3.146532	1021	49.27
GC1003827_F08_NODE_10124_length_1021_cov_3.114094	1021	56.02
GC1003827_F08_NODE_10125_length_1021_cov_1.947427	1021	56.81
GC1003827_F08_NODE_10126_length_1021_cov_1.237136	1021	59.84
GC1003827_F08_NODE_10127_length_1020_cov_7.736842	1020	51.37
GC1003827_F08_NODE_10128_length_1020_cov_5.656215	1020	48.92
GC1003827_F08_NODE_10129_length_1020_cov_3.754759	1020	44.22
GC1003827_F08_NODE_10130_length_1020_cov_2.630459	1020	53.53
GC1003827_F08_NODE_10131_length_1020_cov_1.832027	1020	53.24
GC1003827_F08_NODE_10132_length_1020_cov_1.192609	1020	58.92
GC1003827_F08_NODE_10133_length_1020_cov_0.490482	1020	47.06
GC1003827_F08_NODE_10134_length_1019_cov_16.943946	1019	53.68
GC1003827_F08_NODE_10135_length_1019_cov_9.689462	1019	48.18
GC1003827_F08_NODE_10136_length_1019_cov_6.811659	1019	53.48
GC1003827_F08_NODE_10137_length_1019_cov_3.088565	1019	50.54
GC1003827_F08_NODE_10138_length_1019_cov_2.557175	1019	55.05
GC1003827_F08_NODE_10139_length_1019_cov_1.835202	1019	49.07
GC1003827_F08_NODE_10140_length_1019_cov_1.230942	1019	42.00
GC1003827_F08_NODE_10141_length_1019_cov_1.160314	1019	54.56
GC1003827_F08_NODE_10142_length_1019_cov_0.688341	1019	55.45
GC1003827_F08_NODE_10143_length_1018_cov_20.628507	1018	47.35
GC1003827_F08_NODE_10144_length_1018_cov_19.968575	1018	51.38
GC1003827_F08_NODE_10145_length_1018_cov_14.445567	1018	49.21
GC1003827_F08_NODE_10146_length_1018_cov_9.140292	1018	52.36
GC1003827_F08_NODE_10147_length_1018_cov_8.927048	1018	51.67
GC1003827_F08_NODE_10148_length_1018_cov_7.307520	1018	46.76
GC1003827_F08_NODE_10149_length_1018_cov_6.672278	1018	54.03
GC1003827_F08_NODE_10150_length_1018_cov_5.650954	1018	56.48
GC1003827_F08_NODE_10151_length_1018_cov_5.008979	1018	61.79
GC1003827_F08_NODE_10152_length_1018_cov_4.226712	1018	54.62
GC1003827_F08_NODE_10153_length_1018_cov_3.283951	1018	51.96
GC1003827_F08_NODE_10154_length_1018_cov_2.747475	1018	44.50
GC1003827_F08_NODE_10155_length_1018_cov_2.234568	1018	59.92
GC1003827_F08_NODE_10156_length_1018_cov_1.914703	1018	44.11
GC1003827_F08_NODE_10157_length_1018_cov_1.790123	1018	57.76
GC1003827_F08_NODE_10158_length_1018_cov_1.423120	1018	57.37
GC1003827_F08_NODE_10159_length_1017_cov_9.662921	1017	52.41
GC1003827_F08_NODE_10160_length_1017_cov_6.240449	1017	55.26
GC1003827_F08_NODE_10161_length_1017_cov_4.714607	1017	50.84
GC1003827_F08_NODE_10162_length_1017_cov_3.961798	1017	47.30
GC1003827_F08_NODE_10163_length_1017_cov_3.938202	1017	39.82
GC1003827_F08_NODE_10164_length_1017_cov_3.677528	1017	48.87
GC1003827_F08_NODE_10165_length_1017_cov_2.475281	1017	57.72
GC1003827_F08_NODE_10166_length_1017_cov_2.341573	1017	58.21
GC1003827_F08_NODE_10167_length_1017_cov_2.158427	1017	54.57
GC1003827_F08_NODE_10168_length_1017_cov_1.802247	1017	51.82
GC1003827_F08_NODE_10169_length_1017_cov_1.144944	1017	58.70
GC1003827_F08_NODE_10170_length_1017_cov_1.139326	1017	57.52
GC1003827_F08_NODE_10171_length_1016_cov_16.274466	1016	39.86
GC1003827_F08_NODE_10172_length_1016_cov_11.133858	1016	49.51
GC1003827_F08_NODE_10173_length_1016_cov_4.233971	1016	51.67
GC1003827_F08_NODE_10174_length_1016_cov_2.941507	1016	43.50
GC1003827_F08_NODE_10175_length_1016_cov_2.907762	1016	40.85
GC1003827_F08_NODE_10176_length_1016_cov_2.380202	1016	52.95
GC1003827_F08_NODE_10177_length_1016_cov_2.084364	1016	57.28
GC1003827_F08_NODE_10178_length_1016_cov_1.768279	1016	51.28
GC1003827_F08_NODE_10179_length_1016_cov_1.654668	1016	57.09
GC1003827_F08_NODE_10180_length_1016_cov_1.122610	1016	56.59
GC1003827_F08_NODE_10181_length_1016_cov_1.059618	1016	55.81
GC1003827_F08_NODE_10182_length_1016_cov_0.931384	1016	55.41
GC1003827_F08_NODE_10183_length_1016_cov_0.727784	1016	58.56
GC1003827_F08_NODE_10184_length_1015_cov_22.036036	1015	45.81
GC1003827_F08_NODE_10185_length_1015_cov_11.686937	1015	48.97
GC1003827_F08_NODE_10186_length_1015_cov_7.370495	1015	46.50
GC1003827_F08_NODE_10187_length_1015_cov_5.496622	1015	47.98
GC1003827_F08_NODE_10188_length_1015_cov_4.994369	1015	49.06
GC1003827_F08_NODE_10189_length_1015_cov_4.355856	1015	42.36
GC1003827_F08_NODE_10190_length_1015_cov_3.265766	1015	47.00
GC1003827_F08_NODE_10191_length_1015_cov_2.637387	1015	46.11
GC1003827_F08_NODE_10192_length_1015_cov_2.002252	1015	53.79
GC1003827_F08_NODE_10193_length_1015_cov_1.829955	1015	56.26
GC1003827_F08_NODE_10194_length_1015_cov_1.679054	1015	49.66
GC1003827_F08_NODE_10195_length_1014_cov_33.711387	1014	52.27
GC1003827_F08_NODE_10196_length_1014_cov_17.244645	1014	54.73
GC1003827_F08_NODE_10197_length_1014_cov_9.118377	1014	57.89
GC1003827_F08_NODE_10198_length_1014_cov_4.190530	1014	54.14
GC1003827_F08_NODE_10199_length_1014_cov_3.603157	1014	56.51
GC1003827_F08_NODE_10200_length_1014_cov_1.420519	1014	51.68
GC1003827_F08_NODE_10201_length_1014_cov_1.196167	1014	49.01
GC1003827_F08_NODE_10202_length_1014_cov_1.107103	1014	51.48
GC1003827_F08_NODE_10203_length_1013_cov_19.550790	1013	55.87
GC1003827_F08_NODE_10204_length_1013_cov_11.826185	1013	48.37
GC1003827_F08_NODE_10205_length_1013_cov_6.195260	1013	49.36
GC1003827_F08_NODE_10206_length_1013_cov_3.284424	1013	52.42
GC1003827_F08_NODE_10207_length_1013_cov_2.788939	1013	55.38
GC1003827_F08_NODE_10208_length_1013_cov_2.370203	1013	52.22
GC1003827_F08_NODE_10209_length_1013_cov_2.352144	1013	52.22
GC1003827_F08_NODE_10210_length_1013_cov_2.266366	1013	53.60
GC1003827_F08_NODE_10211_length_1013_cov_1.981941	1013	55.77
GC1003827_F08_NODE_10212_length_1013_cov_1.830700	1013	48.57
GC1003827_F08_NODE_10213_length_1013_cov_0.967269	1013	54.10
GC1003827_F08_NODE_10214_length_1012_cov_10.969492	1012	52.47
GC1003827_F08_NODE_10215_length_1012_cov_8.468927	1012	52.17
GC1003827_F08_NODE_10216_length_1012_cov_8.277966	1012	52.57
GC1003827_F08_NODE_10217_length_1012_cov_6.924294	1012	43.68
GC1003827_F08_NODE_10218_length_1012_cov_6.140113	1012	46.74
GC1003827_F08_NODE_10219_length_1012_cov_5.584181	1012	54.94
GC1003827_F08_NODE_10220_length_1012_cov_3.663277	1012	59.88
GC1003827_F08_NODE_10221_length_1012_cov_3.595480	1012	55.24
GC1003827_F08_NODE_10222_length_1012_cov_3.221469	1012	58.40
GC1003827_F08_NODE_10223_length_1012_cov_2.934463	1012	55.34
GC1003827_F08_NODE_10224_length_1012_cov_2.348023	1012	43.28
GC1003827_F08_NODE_10225_length_1012_cov_1.875706	1012	52.37
GC1003827_F08_NODE_10226_length_1011_cov_13.781674	1011	43.13
GC1003827_F08_NODE_10227_length_1011_cov_9.809955	1011	49.95
GC1003827_F08_NODE_10228_length_1011_cov_7.046380	1011	53.12
GC1003827_F08_NODE_10229_length_1011_cov_5.660633	1011	46.09
GC1003827_F08_NODE_10230_length_1011_cov_2.433258	1011	51.04
GC1003827_F08_NODE_10231_length_1011_cov_2.262443	1011	48.86
GC1003827_F08_NODE_10232_length_1011_cov_1.616516	1011	54.60
GC1003827_F08_NODE_10233_length_1011_cov_0.873303	1011	47.58
GC1003827_F08_NODE_10234_length_1011_cov_0.574661	1011	46.39
GC1003827_F08_NODE_10235_length_1010_cov_15.134768	1010	44.06
GC1003827_F08_NODE_10236_length_1010_cov_13.255946	1010	52.38
GC1003827_F08_NODE_10237_length_1010_cov_7.713477	1010	58.91
GC1003827_F08_NODE_10238_length_1010_cov_6.830125	1010	50.69
GC1003827_F08_NODE_10239_length_1010_cov_4.978482	1010	47.92
GC1003827_F08_NODE_10240_length_1010_cov_3.891280	1010	57.82
GC1003827_F08_NODE_10241_length_1010_cov_3.590034	1010	47.92
GC1003827_F08_NODE_10242_length_1010_cov_3.232163	1010	50.00
GC1003827_F08_NODE_10243_length_1010_cov_3.231031	1010	58.91
GC1003827_F08_NODE_10244_length_1010_cov_3.010193	1010	46.04
GC1003827_F08_NODE_10245_length_1010_cov_2.295583	1010	55.35
GC1003827_F08_NODE_10246_length_1010_cov_1.310306	1010	53.76
GC1003827_F08_NODE_10247_length_1010_cov_0.585504	1010	61.29
GC1003827_F08_NODE_10248_length_1009_cov_6.055556	1009	50.25
GC1003827_F08_NODE_10249_length_1009_cov_5.272109	1009	58.67
GC1003827_F08_NODE_10250_length_1009_cov_4.665533	1009	49.16
GC1003827_F08_NODE_10251_length_1009_cov_4.335601	1009	49.26
GC1003827_F08_NODE_10252_length_1009_cov_3.421769	1009	53.91
GC1003827_F08_NODE_10253_length_1009_cov_3.259637	1009	55.10
GC1003827_F08_NODE_10254_length_1009_cov_2.997732	1009	56.69
GC1003827_F08_NODE_10255_length_1009_cov_2.580499	1009	46.78
GC1003827_F08_NODE_10256_length_1009_cov_1.049887	1009	61.74
GC1003827_F08_NODE_10257_length_1008_cov_19.757094	1008	52.28
GC1003827_F08_NODE_10258_length_1008_cov_10.279228	1008	45.04
GC1003827_F08_NODE_10259_length_1008_cov_9.955732	1008	57.34
GC1003827_F08_NODE_10260_length_1008_cov_5.013621	1008	54.17
GC1003827_F08_NODE_10261_length_1008_cov_4.736663	1008	54.66
GC1003827_F08_NODE_10262_length_1008_cov_4.408627	1008	53.08
GC1003827_F08_NODE_10263_length_1008_cov_4.356413	1008	49.50
GC1003827_F08_NODE_10264_length_1008_cov_3.607264	1008	44.94
GC1003827_F08_NODE_10265_length_1008_cov_3.183882	1008	42.06
GC1003827_F08_NODE_10266_length_1008_cov_2.695800	1008	55.06
GC1003827_F08_NODE_10267_length_1008_cov_2.321226	1008	45.93
GC1003827_F08_NODE_10268_length_1008_cov_1.905789	1008	49.21
GC1003827_F08_NODE_10269_length_1007_cov_6.694318	1007	49.45
GC1003827_F08_NODE_10270_length_1007_cov_6.477273	1007	51.04
GC1003827_F08_NODE_10271_length_1007_cov_5.417045	1007	57.60
GC1003827_F08_NODE_10272_length_1007_cov_4.605682	1007	50.74
GC1003827_F08_NODE_10273_length_1007_cov_3.685227	1007	43.00
GC1003827_F08_NODE_10274_length_1007_cov_2.955682	1007	46.77
GC1003827_F08_NODE_10275_length_1007_cov_2.278409	1007	39.72
GC1003827_F08_NODE_10276_length_1006_cov_8.039818	1006	58.45
GC1003827_F08_NODE_10277_length_1006_cov_5.002275	1006	40.16
GC1003827_F08_NODE_10278_length_1006_cov_4.621160	1006	52.98
GC1003827_F08_NODE_10279_length_1006_cov_4.170648	1006	50.80
GC1003827_F08_NODE_10280_length_1006_cov_3.563140	1006	46.42
GC1003827_F08_NODE_10281_length_1006_cov_2.134243	1006	51.49
GC1003827_F08_NODE_10282_length_1006_cov_1.960182	1006	45.33
GC1003827_F08_NODE_10283_length_1006_cov_1.290102	1006	53.48
GC1003827_F08_NODE_10284_length_1006_cov_1.155859	1006	53.48
GC1003827_F08_NODE_10285_length_1006_cov_1.013652	1006	52.39
GC1003827_F08_NODE_10286_length_1006_cov_0.665529	1006	50.10
GC1003827_F08_NODE_10287_length_1005_cov_12.025057	1005	50.65
GC1003827_F08_NODE_10288_length_1005_cov_11.375854	1005	42.99
GC1003827_F08_NODE_10289_length_1005_cov_3.566059	1005	47.46
GC1003827_F08_NODE_10290_length_1005_cov_3.375854	1005	49.55
GC1003827_F08_NODE_10291_length_1005_cov_2.571754	1005	52.64
GC1003827_F08_NODE_10292_length_1005_cov_0.665148	1005	41.89
GC1003827_F08_NODE_10293_length_1004_cov_19.792474	1004	47.11
GC1003827_F08_NODE_10294_length_1004_cov_16.058153	1004	56.77
GC1003827_F08_NODE_10295_length_1004_cov_12.193843	1004	52.49
GC1003827_F08_NODE_10296_length_1004_cov_7.615735	1004	42.93
GC1003827_F08_NODE_10297_length_1004_cov_6.511973	1004	45.82
GC1003827_F08_NODE_10298_length_1004_cov_5.071836	1004	41.33
GC1003827_F08_NODE_10299_length_1004_cov_4.997719	1004	42.63
GC1003827_F08_NODE_10300_length_1004_cov_2.532497	1004	54.68
GC1003827_F08_NODE_10301_length_1004_cov_2.104903	1004	48.01
GC1003827_F08_NODE_10302_length_1004_cov_1.822121	1004	35.76
GC1003827_F08_NODE_10303_length_1004_cov_1.745724	1004	46.02
GC1003827_F08_NODE_10304_length_1004_cov_0.971494	1004	60.56
GC1003827_F08_NODE_10305_length_1003_cov_5.098174	1003	49.85
GC1003827_F08_NODE_10306_length_1003_cov_4.321918	1003	48.65
GC1003827_F08_NODE_10307_length_1003_cov_4.279680	1003	43.97
GC1003827_F08_NODE_10308_length_1003_cov_4.122146	1003	55.93
GC1003827_F08_NODE_10309_length_1003_cov_4.101598	1003	54.24
GC1003827_F08_NODE_10310_length_1003_cov_3.916667	1003	46.46
GC1003827_F08_NODE_10311_length_1003_cov_3.105023	1003	56.03
GC1003827_F08_NODE_10312_length_1003_cov_3.021689	1003	43.87
GC1003827_F08_NODE_10313_length_1003_cov_2.656393	1003	47.86
GC1003827_F08_NODE_10314_length_1003_cov_1.954338	1003	51.55
GC1003827_F08_NODE_10315_length_1003_cov_1.730594	1003	42.67
GC1003827_F08_NODE_10316_length_1003_cov_1.267123	1003	59.42
GC1003827_F08_NODE_10317_length_1003_cov_1.208904	1003	41.67
GC1003827_F08_NODE_10318_length_1003_cov_0.394977	1003	53.14
GC1003827_F08_NODE_10319_length_1002_cov_14.732571	1002	52.99
GC1003827_F08_NODE_10320_length_1002_cov_5.386286	1002	57.78
GC1003827_F08_NODE_10321_length_1002_cov_4.745143	1002	56.79
GC1003827_F08_NODE_10322_length_1002_cov_3.860571	1002	54.19
GC1003827_F08_NODE_10323_length_1002_cov_3.766857	1002	50.80
GC1003827_F08_NODE_10324_length_1002_cov_3.763429	1002	49.10
GC1003827_F08_NODE_10325_length_1002_cov_2.226286	1002	50.60
GC1003827_F08_NODE_10326_length_1002_cov_1.493714	1002	53.89
GC1003827_F08_NODE_10327_length_1002_cov_1.477714	1002	42.12
GC1003827_F08_NODE_10328_length_1002_cov_1.444571	1002	53.89
GC1003827_F08_NODE_10329_length_1002_cov_1.251429	1002	42.02
GC1003827_F08_NODE_10330_length_1002_cov_1.122286	1002	48.60
GC1003827_F08_NODE_10331_length_1002_cov_1.097143	1002	43.61
GC1003827_F08_NODE_10332_length_1002_cov_1.006857	1002	53.09
GC1003827_F08_NODE_10333_length_1001_cov_22.255149	1001	48.85
GC1003827_F08_NODE_10334_length_1001_cov_9.303204	1001	49.35
GC1003827_F08_NODE_10335_length_1001_cov_8.742563	1001	59.64
GC1003827_F08_NODE_10336_length_1001_cov_6.736842	1001	46.25
GC1003827_F08_NODE_10337_length_1001_cov_5.590389	1001	59.64
GC1003827_F08_NODE_10338_length_1001_cov_5.435927	1001	57.04
GC1003827_F08_NODE_10339_length_1001_cov_4.456522	1001	54.95
GC1003827_F08_NODE_10340_length_1001_cov_3.429062	1001	50.95
GC1003827_F08_NODE_10341_length_1001_cov_1.926773	1001	39.46
GC1003827_F08_NODE_10342_length_1001_cov_1.591533	1001	55.04
GC1003827_F08_NODE_10343_length_1001_cov_1.279176	1001	40.76
GC1003827_F08_NODE_10344_length_1001_cov_1.239130	1001	53.75
GC1003827_F08_NODE_10345_length_1001_cov_0.853547	1001	49.75
GC1003827_F08_NODE_10346_length_1000_cov_10.436426	1000	49.10
GC1003827_F08_NODE_10347_length_1000_cov_9.837342	1000	60.30
GC1003827_F08_NODE_10348_length_1000_cov_9.428408	1000	45.40
GC1003827_F08_NODE_10349_length_1000_cov_7.814433	1000	47.40
GC1003827_F08_NODE_10350_length_1000_cov_6.327606	1000	50.40
GC1003827_F08_NODE_10351_length_1000_cov_5.534937	1000	54.50
GC1003827_F08_NODE_10352_length_1000_cov_5.343643	1000	43.40
GC1003827_F08_NODE_10353_length_1000_cov_4.167239	1000	46.80
GC1003827_F08_NODE_10354_length_1000_cov_3.599084	1000	59.60
GC1003827_F08_NODE_10355_length_1000_cov_3.474227	1000	50.40
GC1003827_F08_NODE_10356_length_1000_cov_3.246277	1000	48.40
GC1003827_F08_NODE_10357_length_1000_cov_2.942726	1000	40.90
GC1003827_F08_NODE_10358_length_1000_cov_2.597938	1000	47.20
GC1003827_F08_NODE_10359_length_1000_cov_2.474227	1000	57.80
GC1003827_F08_NODE_10360_length_1000_cov_2.277205	1000	58.00
GC1003827_F08_NODE_10361_length_1000_cov_1.959908	1000	48.40
