GC1003827_F11_NODE_1_length_12953_cov_7.308748	12953	38.63
GC1003827_F11_NODE_2_length_9117_cov_8.133148	9117	41.25
GC1003827_F11_NODE_3_length_9063_cov_27.572292	9063	37.46
GC1003827_F11_NODE_4_length_8732_cov_18.562464	8732	38.43
GC1003827_F11_NODE_5_length_8673_cov_8.079803	8673	40.23
GC1003827_F11_NODE_6_length_8283_cov_12.671530	8283	40.59
GC1003827_F11_NODE_7_length_8143_cov_7.649950	8143	40.42
GC1003827_F11_NODE_8_length_8069_cov_15.890708	8069	40.15
GC1003827_F11_NODE_9_length_7848_cov_9.162803	7848	36.88
GC1003827_F11_NODE_10_length_7718_cov_17.042419	7718	40.98
GC1003827_F11_NODE_11_length_7646_cov_19.759144	7646	41.62
GC1003827_F11_NODE_12_length_7636_cov_18.938207	7636	38.21
GC1003827_F11_NODE_13_length_7593_cov_9.540316	7593	40.22
GC1003827_F11_NODE_14_length_7497_cov_11.292130	7497	38.86
GC1003827_F11_NODE_15_length_7428_cov_13.253390	7428	37.61
GC1003827_F11_NODE_16_length_7378_cov_9.447662	7378	38.43
GC1003827_F11_NODE_17_length_7337_cov_6.741331	7337	39.40
GC1003827_F11_NODE_18_length_7279_cov_18.068093	7279	37.92
GC1003827_F11_NODE_19_length_7185_cov_8.539813	7185	34.20
GC1003827_F11_NODE_20_length_6846_cov_6.126209	6846	50.80
GC1003827_F11_NODE_21_length_6806_cov_10.945501	6806	39.95
GC1003827_F11_NODE_22_length_6782_cov_9.981067	6782	37.51
GC1003827_F11_NODE_23_length_6739_cov_13.038717	6739	36.85
GC1003827_F11_NODE_24_length_6698_cov_7.887080	6698	38.73
GC1003827_F11_NODE_25_length_6625_cov_13.371037	6625	40.69
GC1003827_F11_NODE_26_length_6609_cov_4.991361	6609	32.80
GC1003827_F11_NODE_27_length_6591_cov_14.270575	6591	36.37
GC1003827_F11_NODE_28_length_6559_cov_9.867382	6559	42.17
GC1003827_F11_NODE_29_length_6538_cov_9.483232	6538	39.00
GC1003827_F11_NODE_30_length_6490_cov_18.039918	6490	40.25
GC1003827_F11_NODE_31_length_6465_cov_25.496213	6465	40.54
GC1003827_F11_NODE_32_length_6436_cov_6.280869	6436	43.41
GC1003827_F11_NODE_33_length_6418_cov_12.765856	6418	37.80
GC1003827_F11_NODE_34_length_6386_cov_12.558875	6386	38.10
GC1003827_F11_NODE_35_length_6365_cov_12.561238	6365	37.94
GC1003827_F11_NODE_36_length_6300_cov_8.741941	6300	39.41
GC1003827_F11_NODE_37_length_6295_cov_8.379540	6295	40.00
GC1003827_F11_NODE_38_length_6287_cov_17.230357	6287	38.17
GC1003827_F11_NODE_39_length_6266_cov_12.873921	6266	40.57
GC1003827_F11_NODE_40_length_6239_cov_11.663940	6239	40.28
GC1003827_F11_NODE_41_length_6223_cov_7.253445	6223	37.84
GC1003827_F11_NODE_42_length_6222_cov_23.812469	6222	40.44
GC1003827_F11_NODE_43_length_6185_cov_18.385111	6185	35.08
GC1003827_F11_NODE_44_length_6178_cov_8.380598	6178	36.39
GC1003827_F11_NODE_45_length_6117_cov_12.381636	6117	41.07
GC1003827_F11_NODE_46_length_6117_cov_6.081135	6117	40.69
GC1003827_F11_NODE_47_length_6102_cov_15.294059	6102	42.22
GC1003827_F11_NODE_48_length_6083_cov_13.814809	6083	41.76
GC1003827_F11_NODE_49_length_6032_cov_12.817443	6032	37.14
GC1003827_F11_NODE_50_length_6029_cov_9.880380	6029	36.49
GC1003827_F11_NODE_51_length_6022_cov_16.039016	6022	38.72
GC1003827_F11_NODE_52_length_6014_cov_10.480720	6014	37.30
GC1003827_F11_NODE_53_length_6002_cov_46.116766	6002	53.27
GC1003827_F11_NODE_54_length_5977_cov_8.768718	5977	35.42
GC1003827_F11_NODE_55_length_5882_cov_11.077672	5882	36.71
GC1003827_F11_NODE_56_length_5850_cov_18.768303	5850	40.84
GC1003827_F11_NODE_57_length_5850_cov_8.168094	5850	36.14
GC1003827_F11_NODE_58_length_5849_cov_9.403880	5849	39.03
GC1003827_F11_NODE_59_length_5789_cov_4.790887	5789	32.60
GC1003827_F11_NODE_60_length_5757_cov_8.089698	5757	41.69
GC1003827_F11_NODE_61_length_5676_cov_17.499549	5676	39.52
GC1003827_F11_NODE_62_length_5647_cov_6.518659	5647	36.57
GC1003827_F11_NODE_63_length_5601_cov_32.885276	5601	35.07
GC1003827_F11_NODE_64_length_5585_cov_9.646757	5585	39.30
GC1003827_F11_NODE_65_length_5581_cov_41.052805	5581	38.58
GC1003827_F11_NODE_66_length_5565_cov_46.896102	5565	39.64
GC1003827_F11_NODE_67_length_5554_cov_14.181868	5554	42.19
GC1003827_F11_NODE_68_length_5548_cov_9.682900	5548	53.19
GC1003827_F11_NODE_69_length_5455_cov_7.112800	5455	37.27
GC1003827_F11_NODE_70_length_5423_cov_8.549282	5423	36.33
GC1003827_F11_NODE_71_length_5412_cov_7.222517	5412	34.81
GC1003827_F11_NODE_72_length_5406_cov_8.941845	5406	36.35
GC1003827_F11_NODE_73_length_5391_cov_9.542553	5391	35.08
GC1003827_F11_NODE_74_length_5388_cov_9.056643	5388	40.68
GC1003827_F11_NODE_75_length_5361_cov_10.492931	5361	37.90
GC1003827_F11_NODE_76_length_5338_cov_14.320668	5338	39.17
GC1003827_F11_NODE_77_length_5316_cov_19.746001	5316	43.77
GC1003827_F11_NODE_78_length_5315_cov_9.211642	5315	38.42
GC1003827_F11_NODE_79_length_5274_cov_23.200117	5274	39.69
GC1003827_F11_NODE_80_length_5258_cov_4.002729	5258	54.01
GC1003827_F11_NODE_81_length_5185_cov_5.154211	5185	36.41
GC1003827_F11_NODE_82_length_5173_cov_14.045382	5173	52.17
GC1003827_F11_NODE_83_length_5172_cov_71.458474	5172	46.67
GC1003827_F11_NODE_84_length_5171_cov_9.091594	5171	52.52
GC1003827_F11_NODE_85_length_5167_cov_11.605159	5167	38.13
GC1003827_F11_NODE_86_length_5140_cov_20.978855	5140	41.11
GC1003827_F11_NODE_87_length_5138_cov_9.880064	5138	47.06
GC1003827_F11_NODE_88_length_5131_cov_14.920464	5131	41.30
GC1003827_F11_NODE_89_length_5109_cov_10.187274	5109	38.30
GC1003827_F11_NODE_90_length_5092_cov_8.269285	5092	40.24
GC1003827_F11_NODE_91_length_5088_cov_13.284217	5088	35.14
GC1003827_F11_NODE_92_length_5072_cov_4.063094	5072	39.57
GC1003827_F11_NODE_93_length_5058_cov_15.371933	5058	38.02
GC1003827_F11_NODE_94_length_5040_cov_15.057399	5040	37.20
GC1003827_F11_NODE_95_length_5022_cov_8.040245	5022	40.78
GC1003827_F11_NODE_96_length_5021_cov_13.984471	5021	45.61
GC1003827_F11_NODE_97_length_5020_cov_17.800531	5020	47.23
GC1003827_F11_NODE_98_length_4996_cov_52.441158	4996	38.41
GC1003827_F11_NODE_99_length_4990_cov_6.877648	4990	38.82
GC1003827_F11_NODE_100_length_4984_cov_6.514103	4984	40.13
GC1003827_F11_NODE_101_length_4979_cov_4.632317	4979	34.16
GC1003827_F11_NODE_102_length_4972_cov_8.896182	4972	38.62
GC1003827_F11_NODE_103_length_4956_cov_5.115138	4956	35.35
GC1003827_F11_NODE_104_length_4944_cov_5.881046	4944	33.68
GC1003827_F11_NODE_105_length_4942_cov_6.930633	4942	36.38
GC1003827_F11_NODE_106_length_4934_cov_14.092573	4934	37.90
GC1003827_F11_NODE_107_length_4914_cov_11.815333	4914	38.36
GC1003827_F11_NODE_108_length_4908_cov_4.062958	4908	40.14
GC1003827_F11_NODE_109_length_4898_cov_22.216726	4898	43.49
GC1003827_F11_NODE_110_length_4891_cov_6.744542	4891	33.29
GC1003827_F11_NODE_111_length_4890_cov_12.471552	4890	37.59
GC1003827_F11_NODE_112_length_4872_cov_5.688936	4872	35.02
GC1003827_F11_NODE_113_length_4835_cov_4.622345	4835	35.04
GC1003827_F11_NODE_114_length_4811_cov_10.977156	4811	39.43
GC1003827_F11_NODE_115_length_4806_cov_6.478948	4806	37.16
GC1003827_F11_NODE_116_length_4801_cov_26.437955	4801	34.24
GC1003827_F11_NODE_117_length_4801_cov_10.352589	4801	42.97
GC1003827_F11_NODE_118_length_4792_cov_35.883387	4792	43.86
GC1003827_F11_NODE_119_length_4788_cov_15.785025	4788	49.42
GC1003827_F11_NODE_120_length_4784_cov_7.619927	4784	37.67
GC1003827_F11_NODE_121_length_4772_cov_19.341012	4772	40.57
GC1003827_F11_NODE_122_length_4768_cov_8.871148	4768	39.58
GC1003827_F11_NODE_123_length_4768_cov_8.852618	4768	38.00
GC1003827_F11_NODE_124_length_4768_cov_3.749623	4768	57.09
GC1003827_F11_NODE_125_length_4766_cov_6.597974	4766	35.00
GC1003827_F11_NODE_126_length_4762_cov_6.852643	4762	38.51
GC1003827_F11_NODE_127_length_4761_cov_15.492879	4761	39.36
GC1003827_F11_NODE_128_length_4755_cov_13.752809	4755	38.30
GC1003827_F11_NODE_129_length_4743_cov_7.845971	4743	34.64
GC1003827_F11_NODE_130_length_4740_cov_3.546282	4740	30.95
GC1003827_F11_NODE_131_length_4732_cov_4.844734	4732	36.09
GC1003827_F11_NODE_132_length_4729_cov_7.774229	4729	38.70
GC1003827_F11_NODE_133_length_4718_cov_10.177957	4718	38.19
GC1003827_F11_NODE_134_length_4716_cov_5.898889	4716	36.17
GC1003827_F11_NODE_135_length_4684_cov_9.774632	4684	40.91
GC1003827_F11_NODE_136_length_4671_cov_8.995379	4671	32.88
GC1003827_F11_NODE_137_length_4668_cov_11.548998	4668	41.00
GC1003827_F11_NODE_138_length_4661_cov_7.522497	4661	35.42
GC1003827_F11_NODE_139_length_4660_cov_6.331348	4660	37.12
GC1003827_F11_NODE_140_length_4648_cov_7.980314	4648	36.70
GC1003827_F11_NODE_141_length_4646_cov_4.262005	4646	33.25
GC1003827_F11_NODE_142_length_4637_cov_5.107761	4637	33.99
GC1003827_F11_NODE_143_length_4617_cov_14.006236	4617	39.94
GC1003827_F11_NODE_144_length_4617_cov_4.903563	4617	33.79
GC1003827_F11_NODE_145_length_4611_cov_11.221454	4611	36.65
GC1003827_F11_NODE_146_length_4600_cov_8.106193	4600	35.50
GC1003827_F11_NODE_147_length_4597_cov_12.232662	4597	36.92
GC1003827_F11_NODE_148_length_4587_cov_12.550224	4587	39.28
GC1003827_F11_NODE_149_length_4579_cov_5.336029	4579	32.04
GC1003827_F11_NODE_150_length_4577_cov_13.748989	4577	40.22
GC1003827_F11_NODE_151_length_4565_cov_8.465750	4565	40.50
GC1003827_F11_NODE_152_length_4564_cov_17.251972	4564	39.57
GC1003827_F11_NODE_153_length_4555_cov_6.266938	4555	35.94
GC1003827_F11_NODE_154_length_4545_cov_4.261657	4545	42.46
GC1003827_F11_NODE_155_length_4543_cov_14.478940	4543	34.73
GC1003827_F11_NODE_156_length_4543_cov_11.482337	4543	40.41
GC1003827_F11_NODE_157_length_4539_cov_9.334769	4539	38.36
GC1003827_F11_NODE_158_length_4539_cov_5.154352	4539	32.21
GC1003827_F11_NODE_159_length_4511_cov_18.603786	4511	52.47
GC1003827_F11_NODE_160_length_4508_cov_6.209541	4508	34.72
GC1003827_F11_NODE_161_length_4499_cov_16.296889	4499	38.10
GC1003827_F11_NODE_162_length_4496_cov_4.541543	4496	35.56
GC1003827_F11_NODE_163_length_4487_cov_8.137844	4487	37.49
GC1003827_F11_NODE_164_length_4485_cov_29.831115	4485	43.72
GC1003827_F11_NODE_165_length_4477_cov_8.079310	4477	34.17
GC1003827_F11_NODE_166_length_4472_cov_30.540391	4472	36.65
GC1003827_F11_NODE_167_length_4455_cov_2.714649	4455	36.77
GC1003827_F11_NODE_168_length_4451_cov_5.280527	4451	35.14
GC1003827_F11_NODE_169_length_4447_cov_10.732176	4447	39.04
GC1003827_F11_NODE_170_length_4416_cov_11.482863	4416	34.71
GC1003827_F11_NODE_171_length_4414_cov_8.113366	4414	34.75
GC1003827_F11_NODE_172_length_4414_cov_7.315372	4414	37.68
GC1003827_F11_NODE_173_length_4412_cov_5.653209	4412	57.32
GC1003827_F11_NODE_174_length_4403_cov_5.406688	4403	49.81
GC1003827_F11_NODE_175_length_4400_cov_10.435291	4400	36.84
GC1003827_F11_NODE_176_length_4394_cov_13.677291	4394	38.85
GC1003827_F11_NODE_177_length_4392_cov_6.940680	4392	38.00
GC1003827_F11_NODE_178_length_4378_cov_4.931546	4378	38.08
GC1003827_F11_NODE_179_length_4375_cov_7.297552	4375	38.95
GC1003827_F11_NODE_180_length_4372_cov_7.110247	4372	37.90
GC1003827_F11_NODE_181_length_4371_cov_5.974081	4371	51.96
GC1003827_F11_NODE_182_length_4368_cov_7.151379	4368	34.66
GC1003827_F11_NODE_183_length_4363_cov_8.887394	4363	43.69
GC1003827_F11_NODE_184_length_4361_cov_51.459140	4361	43.98
GC1003827_F11_NODE_185_length_4361_cov_22.140293	4361	37.49
GC1003827_F11_NODE_186_length_4359_cov_5.483223	4359	39.83
GC1003827_F11_NODE_187_length_4351_cov_11.303977	4351	39.72
GC1003827_F11_NODE_188_length_4345_cov_8.089379	4345	38.67
GC1003827_F11_NODE_189_length_4344_cov_14.124496	4344	38.63
GC1003827_F11_NODE_190_length_4336_cov_5.546448	4336	38.68
GC1003827_F11_NODE_191_length_4326_cov_3.250536	4326	35.07
GC1003827_F11_NODE_192_length_4321_cov_14.240820	4321	35.25
GC1003827_F11_NODE_193_length_4320_cov_8.710231	4320	40.53
GC1003827_F11_NODE_194_length_4319_cov_12.954914	4319	35.26
GC1003827_F11_NODE_195_length_4317_cov_7.458234	4317	41.79
GC1003827_F11_NODE_196_length_4315_cov_5.654728	4315	38.24
GC1003827_F11_NODE_197_length_4278_cov_9.876897	4278	38.01
GC1003827_F11_NODE_198_length_4276_cov_12.799229	4276	37.14
GC1003827_F11_NODE_199_length_4266_cov_7.610292	4266	35.04
GC1003827_F11_NODE_200_length_4263_cov_18.308994	4263	40.46
GC1003827_F11_NODE_201_length_4262_cov_6.348005	4262	38.62
GC1003827_F11_NODE_202_length_4260_cov_10.397774	4260	38.78
GC1003827_F11_NODE_203_length_4258_cov_18.003147	4258	31.85
GC1003827_F11_NODE_204_length_4258_cov_8.812878	4258	52.98
GC1003827_F11_NODE_205_length_4251_cov_5.354268	4251	38.27
GC1003827_F11_NODE_206_length_4244_cov_23.187758	4244	33.72
GC1003827_F11_NODE_207_length_4243_cov_9.779397	4243	41.81
GC1003827_F11_NODE_208_length_4231_cov_5.362573	4231	35.36
GC1003827_F11_NODE_209_length_4229_cov_11.753291	4229	39.18
GC1003827_F11_NODE_210_length_4227_cov_7.738537	4227	60.33
GC1003827_F11_NODE_211_length_4207_cov_14.753676	4207	37.49
GC1003827_F11_NODE_212_length_4204_cov_17.283787	4204	39.68
GC1003827_F11_NODE_213_length_4195_cov_8.666667	4195	41.26
GC1003827_F11_NODE_214_length_4182_cov_8.477435	4182	37.14
GC1003827_F11_NODE_215_length_4177_cov_4.576790	4177	34.16
GC1003827_F11_NODE_216_length_4167_cov_18.225495	4167	42.02
GC1003827_F11_NODE_217_length_4164_cov_6.824622	4164	35.23
GC1003827_F11_NODE_218_length_4161_cov_7.877293	4161	34.29
GC1003827_F11_NODE_219_length_4155_cov_9.764399	4155	36.97
GC1003827_F11_NODE_220_length_4153_cov_7.067809	4153	40.38
GC1003827_F11_NODE_221_length_4149_cov_21.798359	4149	41.14
GC1003827_F11_NODE_222_length_4147_cov_4.385572	4147	35.59
GC1003827_F11_NODE_223_length_4140_cov_5.359083	4140	41.26
GC1003827_F11_NODE_224_length_4132_cov_5.930587	4132	41.97
GC1003827_F11_NODE_225_length_4131_cov_18.182817	4131	37.57
GC1003827_F11_NODE_226_length_4129_cov_54.256872	4129	39.33
GC1003827_F11_NODE_227_length_4128_cov_9.476881	4128	39.83
GC1003827_F11_NODE_228_length_4128_cov_8.973757	4128	36.02
GC1003827_F11_NODE_229_length_4119_cov_7.637776	4119	36.17
GC1003827_F11_NODE_230_length_4116_cov_7.333668	4116	39.67
GC1003827_F11_NODE_231_length_4109_cov_3.940984	4109	37.97
GC1003827_F11_NODE_232_length_4106_cov_10.854486	4106	35.90
GC1003827_F11_NODE_233_length_4102_cov_5.464151	4102	36.42
GC1003827_F11_NODE_234_length_4101_cov_11.205586	4101	39.70
GC1003827_F11_NODE_235_length_4101_cov_7.492199	4101	35.38
GC1003827_F11_NODE_236_length_4099_cov_2.737412	4099	57.60
GC1003827_F11_NODE_237_length_4082_cov_3.028824	4082	51.30
GC1003827_F11_NODE_238_length_4079_cov_11.079453	4079	41.09
GC1003827_F11_NODE_239_length_4079_cov_2.799595	4079	36.38
GC1003827_F11_NODE_240_length_4074_cov_14.734482	4074	40.01
GC1003827_F11_NODE_241_length_4073_cov_6.988343	4073	38.79
GC1003827_F11_NODE_242_length_4071_cov_4.122718	4071	35.89
GC1003827_F11_NODE_243_length_4070_cov_7.511793	4070	38.55
GC1003827_F11_NODE_244_length_4066_cov_9.491749	4066	40.95
GC1003827_F11_NODE_245_length_4065_cov_3.700609	4065	33.06
GC1003827_F11_NODE_246_length_4057_cov_18.948092	4057	37.22
GC1003827_F11_NODE_247_length_4053_cov_9.459755	4053	36.91
GC1003827_F11_NODE_248_length_4050_cov_6.121846	4050	37.48
GC1003827_F11_NODE_249_length_4049_cov_9.734064	4049	38.01
GC1003827_F11_NODE_250_length_4046_cov_6.022965	4046	60.13
GC1003827_F11_NODE_251_length_4043_cov_9.557967	4043	38.76
GC1003827_F11_NODE_252_length_4043_cov_8.653728	4043	40.12
GC1003827_F11_NODE_253_length_4043_cov_2.849336	4043	37.62
GC1003827_F11_NODE_254_length_4033_cov_8.474398	4033	31.66
GC1003827_F11_NODE_255_length_4025_cov_4.076193	4025	35.80
GC1003827_F11_NODE_256_length_4023_cov_6.423255	4023	37.66
GC1003827_F11_NODE_257_length_4018_cov_3.985094	4018	34.89
GC1003827_F11_NODE_258_length_4009_cov_11.146316	4009	36.14
GC1003827_F11_NODE_259_length_4008_cov_4.204071	4008	53.82
GC1003827_F11_NODE_260_length_3988_cov_7.313649	3988	34.65
GC1003827_F11_NODE_261_length_3986_cov_7.068152	3986	35.27
GC1003827_F11_NODE_262_length_3985_cov_32.203214	3985	39.40
GC1003827_F11_NODE_263_length_3985_cov_12.751166	3985	37.54
GC1003827_F11_NODE_264_length_3983_cov_6.227697	3983	34.72
GC1003827_F11_NODE_265_length_3982_cov_6.510246	3982	43.45
GC1003827_F11_NODE_266_length_3981_cov_17.847950	3981	53.38
GC1003827_F11_NODE_267_length_3980_cov_9.815988	3980	34.42
GC1003827_F11_NODE_268_length_3977_cov_12.670390	3977	36.48
GC1003827_F11_NODE_269_length_3977_cov_7.715844	3977	40.73
GC1003827_F11_NODE_270_length_3963_cov_5.679875	3963	37.40
GC1003827_F11_NODE_271_length_3961_cov_11.162233	3961	40.90
GC1003827_F11_NODE_272_length_3948_cov_15.342580	3948	35.13
GC1003827_F11_NODE_273_length_3948_cov_8.509552	3948	35.87
GC1003827_F11_NODE_274_length_3947_cov_3.897120	3947	36.81
GC1003827_F11_NODE_275_length_3943_cov_6.164308	3943	35.38
GC1003827_F11_NODE_276_length_3935_cov_6.903099	3935	37.43
GC1003827_F11_NODE_277_length_3933_cov_8.392801	3933	41.80
GC1003827_F11_NODE_278_length_3929_cov_6.925302	3929	38.48
GC1003827_F11_NODE_279_length_3928_cov_4.126809	3928	35.41
GC1003827_F11_NODE_280_length_3924_cov_9.181459	3924	37.36
GC1003827_F11_NODE_281_length_3924_cov_3.165657	3924	35.02
GC1003827_F11_NODE_282_length_3922_cov_14.650593	3922	35.93
GC1003827_F11_NODE_283_length_3921_cov_10.182657	3921	39.07
GC1003827_F11_NODE_284_length_3917_cov_9.630079	3917	35.95
GC1003827_F11_NODE_285_length_3916_cov_10.086302	3916	35.80
GC1003827_F11_NODE_286_length_3913_cov_6.170629	3913	54.23
GC1003827_F11_NODE_287_length_3912_cov_11.643593	3912	50.72
GC1003827_F11_NODE_288_length_3911_cov_6.612579	3911	38.99
GC1003827_F11_NODE_289_length_3908_cov_50.682359	3908	33.65
GC1003827_F11_NODE_290_length_3908_cov_10.568633	3908	36.62
GC1003827_F11_NODE_291_length_3907_cov_10.527513	3907	35.17
GC1003827_F11_NODE_292_length_3907_cov_5.671429	3907	34.68
GC1003827_F11_NODE_293_length_3903_cov_13.090307	3903	33.62
GC1003827_F11_NODE_294_length_3900_cov_9.769944	3900	42.64
GC1003827_F11_NODE_295_length_3898_cov_8.594007	3898	40.82
GC1003827_F11_NODE_296_length_3895_cov_2.507696	3895	59.46
GC1003827_F11_NODE_297_length_3893_cov_13.891928	3893	40.05
GC1003827_F11_NODE_298_length_3892_cov_5.844356	3892	56.09
GC1003827_F11_NODE_299_length_3885_cov_9.427089	3885	39.25
GC1003827_F11_NODE_300_length_3883_cov_4.706337	3883	53.90
GC1003827_F11_NODE_301_length_3881_cov_5.954981	3881	39.19
GC1003827_F11_NODE_302_length_3867_cov_4.159091	3867	39.41
GC1003827_F11_NODE_303_length_3862_cov_5.646319	3862	33.14
GC1003827_F11_NODE_304_length_3862_cov_5.216600	3862	36.79
GC1003827_F11_NODE_305_length_3860_cov_3.339405	3860	31.32
GC1003827_F11_NODE_306_length_3857_cov_8.043164	3857	48.64
GC1003827_F11_NODE_307_length_3854_cov_16.199088	3854	37.29
GC1003827_F11_NODE_308_length_3853_cov_21.059045	3853	38.90
GC1003827_F11_NODE_309_length_3848_cov_17.559796	3848	41.45
GC1003827_F11_NODE_310_length_3846_cov_18.504974	3846	41.78
GC1003827_F11_NODE_311_length_3845_cov_5.130984	3845	34.56
GC1003827_F11_NODE_312_length_3839_cov_6.607220	3839	32.87
GC1003827_F11_NODE_313_length_3837_cov_9.246092	3837	37.14
GC1003827_F11_NODE_314_length_3836_cov_7.531949	3836	63.92
GC1003827_F11_NODE_315_length_3832_cov_9.365182	3832	40.74
GC1003827_F11_NODE_316_length_3832_cov_7.740351	3832	37.37
GC1003827_F11_NODE_317_length_3825_cov_12.558680	3825	38.56
GC1003827_F11_NODE_318_length_3822_cov_9.182950	3822	39.93
GC1003827_F11_NODE_319_length_3819_cov_7.400325	3819	36.08
GC1003827_F11_NODE_320_length_3815_cov_5.119848	3815	35.60
GC1003827_F11_NODE_321_length_3811_cov_11.988871	3811	33.53
GC1003827_F11_NODE_322_length_3807_cov_3.682065	3807	37.54
GC1003827_F11_NODE_323_length_3805_cov_10.714247	3805	35.85
GC1003827_F11_NODE_324_length_3804_cov_9.649714	3804	38.25
GC1003827_F11_NODE_325_length_3797_cov_16.406812	3797	39.66
GC1003827_F11_NODE_326_length_3794_cov_9.944914	3794	39.35
GC1003827_F11_NODE_327_length_3790_cov_6.311220	3790	37.07
GC1003827_F11_NODE_328_length_3785_cov_15.806998	3785	39.42
GC1003827_F11_NODE_329_length_3784_cov_7.333880	3784	39.03
GC1003827_F11_NODE_330_length_3781_cov_3.986316	3781	36.95
GC1003827_F11_NODE_331_length_3777_cov_3.826575	3777	39.66
GC1003827_F11_NODE_332_length_3776_cov_8.120033	3776	41.87
GC1003827_F11_NODE_333_length_3772_cov_7.465569	3772	37.20
GC1003827_F11_NODE_334_length_3771_cov_9.822173	3771	36.83
GC1003827_F11_NODE_335_length_3768_cov_11.823675	3768	36.60
GC1003827_F11_NODE_336_length_3766_cov_10.052762	3766	39.70
GC1003827_F11_NODE_337_length_3764_cov_7.741820	3764	38.60
GC1003827_F11_NODE_338_length_3760_cov_7.041563	3760	37.23
GC1003827_F11_NODE_339_length_3758_cov_8.285045	3758	34.75
GC1003827_F11_NODE_340_length_3758_cov_4.411732	3758	37.47
GC1003827_F11_NODE_341_length_3757_cov_13.507989	3757	41.10
GC1003827_F11_NODE_342_length_3754_cov_5.581748	3754	37.35
GC1003827_F11_NODE_343_length_3753_cov_12.959459	3753	36.96
GC1003827_F11_NODE_344_length_3745_cov_9.513543	3745	39.49
GC1003827_F11_NODE_345_length_3736_cov_9.931283	3736	43.82
GC1003827_F11_NODE_346_length_3736_cov_4.737600	3736	34.85
GC1003827_F11_NODE_347_length_3735_cov_12.018293	3735	37.83
GC1003827_F11_NODE_348_length_3729_cov_9.244864	3729	61.46
GC1003827_F11_NODE_349_length_3729_cov_6.347585	3729	39.96
GC1003827_F11_NODE_350_length_3727_cov_3.494722	3727	36.01
GC1003827_F11_NODE_351_length_3723_cov_3.762792	3723	33.28
GC1003827_F11_NODE_352_length_3721_cov_13.764051	3721	36.71
GC1003827_F11_NODE_353_length_3721_cov_5.144129	3721	34.64
GC1003827_F11_NODE_354_length_3718_cov_4.678920	3718	55.70
GC1003827_F11_NODE_355_length_3717_cov_3.027577	3717	29.86
GC1003827_F11_NODE_356_length_3716_cov_9.079688	3716	37.27
GC1003827_F11_NODE_357_length_3715_cov_24.006132	3715	39.92
GC1003827_F11_NODE_358_length_3715_cov_22.498328	3715	38.28
GC1003827_F11_NODE_359_length_3714_cov_16.064399	3714	50.59
GC1003827_F11_NODE_360_length_3714_cov_6.701143	3714	38.26
GC1003827_F11_NODE_361_length_3713_cov_2.545176	3713	35.66
GC1003827_F11_NODE_362_length_3710_cov_14.892548	3710	38.52
GC1003827_F11_NODE_363_length_3703_cov_5.362975	3703	34.19
GC1003827_F11_NODE_364_length_3699_cov_20.034155	3699	40.17
GC1003827_F11_NODE_365_length_3692_cov_14.462833	3692	39.11
GC1003827_F11_NODE_366_length_3692_cov_5.629734	3692	35.86
GC1003827_F11_NODE_367_length_3688_cov_6.473182	3688	33.98
GC1003827_F11_NODE_368_length_3686_cov_3.342793	3686	33.83
GC1003827_F11_NODE_369_length_3683_cov_6.996907	3683	38.50
GC1003827_F11_NODE_370_length_3680_cov_6.334928	3680	36.52
GC1003827_F11_NODE_371_length_3675_cov_15.500282	3675	52.38
GC1003827_F11_NODE_372_length_3675_cov_5.918546	3675	36.08
GC1003827_F11_NODE_373_length_3674_cov_10.363406	3674	35.44
GC1003827_F11_NODE_374_length_3674_cov_2.979701	3674	32.53
GC1003827_F11_NODE_375_length_3671_cov_3.169300	3671	31.68
GC1003827_F11_NODE_376_length_3670_cov_5.984759	3670	39.40
GC1003827_F11_NODE_377_length_3667_cov_5.633333	3667	35.01
GC1003827_F11_NODE_378_length_3661_cov_10.054329	3661	39.47
GC1003827_F11_NODE_379_length_3651_cov_11.969069	3651	40.78
GC1003827_F11_NODE_380_length_3646_cov_3.017050	3646	61.68
GC1003827_F11_NODE_381_length_3641_cov_9.632897	3641	32.66
GC1003827_F11_NODE_382_length_3637_cov_5.262393	3637	38.60
GC1003827_F11_NODE_383_length_3636_cov_5.147050	3636	37.16
GC1003827_F11_NODE_384_length_3635_cov_6.508552	3635	41.82
GC1003827_F11_NODE_385_length_3632_cov_6.405136	3632	34.77
GC1003827_F11_NODE_386_length_3631_cov_6.797089	3631	43.71
GC1003827_F11_NODE_387_length_3630_cov_9.657151	3630	35.70
GC1003827_F11_NODE_388_length_3630_cov_6.003140	3630	38.82
GC1003827_F11_NODE_389_length_3623_cov_15.967391	3623	44.85
GC1003827_F11_NODE_390_length_3623_cov_3.744851	3623	40.77
GC1003827_F11_NODE_391_length_3618_cov_5.220281	3618	37.62
GC1003827_F11_NODE_392_length_3617_cov_8.877364	3617	36.96
GC1003827_F11_NODE_393_length_3614_cov_4.882134	3614	36.03
GC1003827_F11_NODE_394_length_3613_cov_6.441193	3613	35.73
GC1003827_F11_NODE_395_length_3610_cov_10.042492	3610	37.04
GC1003827_F11_NODE_396_length_3610_cov_8.620442	3610	40.19
GC1003827_F11_NODE_397_length_3607_cov_7.903736	3607	34.57
GC1003827_F11_NODE_398_length_3600_cov_6.255687	3600	43.72
GC1003827_F11_NODE_399_length_3594_cov_12.808768	3594	32.86
GC1003827_F11_NODE_400_length_3594_cov_12.574849	3594	39.54
GC1003827_F11_NODE_401_length_3593_cov_4.820254	3593	34.57
GC1003827_F11_NODE_402_length_3591_cov_17.258661	3591	38.21
GC1003827_F11_NODE_403_length_3591_cov_7.921478	3591	35.70
GC1003827_F11_NODE_404_length_3590_cov_7.975455	3590	37.16
GC1003827_F11_NODE_405_length_3590_cov_3.486284	3590	33.06
GC1003827_F11_NODE_406_length_3588_cov_11.082346	3588	35.40
GC1003827_F11_NODE_407_length_3586_cov_4.976005	3586	33.97
GC1003827_F11_NODE_408_length_3585_cov_2.155870	3585	40.64
GC1003827_F11_NODE_409_length_3584_cov_15.332948	3584	43.89
GC1003827_F11_NODE_410_length_3583_cov_11.124132	3583	37.32
GC1003827_F11_NODE_411_length_3579_cov_3.599942	3579	31.91
GC1003827_F11_NODE_412_length_3575_cov_4.665603	3575	34.10
GC1003827_F11_NODE_413_length_3573_cov_13.014219	3573	40.75
GC1003827_F11_NODE_414_length_3573_cov_11.125073	3573	55.95
GC1003827_F11_NODE_415_length_3572_cov_5.277504	3572	40.09
GC1003827_F11_NODE_416_length_3565_cov_10.262071	3565	37.39
GC1003827_F11_NODE_417_length_3562_cov_6.456186	3562	33.83
GC1003827_F11_NODE_418_length_3559_cov_4.533800	3559	37.34
GC1003827_F11_NODE_419_length_3556_cov_3.928259	3556	33.07
GC1003827_F11_NODE_420_length_3554_cov_13.326816	3554	41.11
GC1003827_F11_NODE_421_length_3547_cov_10.176608	3547	38.65
GC1003827_F11_NODE_422_length_3546_cov_8.999123	3546	35.39
GC1003827_F11_NODE_423_length_3546_cov_2.439310	3546	60.12
GC1003827_F11_NODE_424_length_3545_cov_21.757168	3545	38.56
GC1003827_F11_NODE_425_length_3545_cov_7.965477	3545	39.97
GC1003827_F11_NODE_426_length_3543_cov_3.083724	3543	33.76
GC1003827_F11_NODE_427_length_3537_cov_8.731672	3537	48.60
GC1003827_F11_NODE_428_length_3535_cov_9.786092	3535	37.48
GC1003827_F11_NODE_429_length_3535_cov_4.772007	3535	33.52
GC1003827_F11_NODE_430_length_3532_cov_11.605580	3532	34.46
GC1003827_F11_NODE_431_length_3532_cov_3.292805	3532	33.32
GC1003827_F11_NODE_432_length_3530_cov_15.325301	3530	37.05
GC1003827_F11_NODE_433_length_3526_cov_12.433657	3526	40.90
GC1003827_F11_NODE_434_length_3524_cov_11.589638	3524	38.05
GC1003827_F11_NODE_435_length_3519_cov_6.749116	3519	37.43
GC1003827_F11_NODE_436_length_3519_cov_5.962264	3519	32.71
GC1003827_F11_NODE_437_length_3516_cov_9.467985	3516	35.21
GC1003827_F11_NODE_438_length_3513_cov_8.485233	3513	42.39
GC1003827_F11_NODE_439_length_3511_cov_9.406619	3511	34.75
GC1003827_F11_NODE_440_length_3511_cov_3.787530	3511	31.10
GC1003827_F11_NODE_441_length_3506_cov_5.462859	3506	38.19
GC1003827_F11_NODE_442_length_3504_cov_9.753331	3504	33.79
GC1003827_F11_NODE_443_length_3503_cov_8.342417	3503	32.94
GC1003827_F11_NODE_444_length_3502_cov_2.485926	3502	30.21
GC1003827_F11_NODE_445_length_3501_cov_11.656194	3501	41.22
GC1003827_F11_NODE_446_length_3498_cov_6.099970	3498	34.62
GC1003827_F11_NODE_447_length_3497_cov_4.251632	3497	58.59
GC1003827_F11_NODE_448_length_3495_cov_6.335808	3495	35.11
GC1003827_F11_NODE_449_length_3491_cov_13.101367	3491	39.50
GC1003827_F11_NODE_450_length_3490_cov_2.992864	3490	65.10
GC1003827_F11_NODE_451_length_3486_cov_2.029175	3486	61.30
GC1003827_F11_NODE_452_length_3484_cov_14.770629	3484	36.37
GC1003827_F11_NODE_453_length_3484_cov_8.754841	3484	53.90
GC1003827_F11_NODE_454_length_3483_cov_13.682360	3483	34.63
GC1003827_F11_NODE_455_length_3482_cov_4.050671	3482	33.77
GC1003827_F11_NODE_456_length_3481_cov_7.531902	3481	36.11
GC1003827_F11_NODE_457_length_3477_cov_7.696418	3477	56.66
GC1003827_F11_NODE_458_length_3476_cov_16.625261	3476	41.54
GC1003827_F11_NODE_459_length_3474_cov_9.440693	3474	36.15
GC1003827_F11_NODE_460_length_3470_cov_78.635956	3470	36.57
GC1003827_F11_NODE_461_length_3470_cov_5.976668	3470	35.30
GC1003827_F11_NODE_462_length_3468_cov_10.213708	3468	51.33
GC1003827_F11_NODE_463_length_3467_cov_24.810180	3467	40.84
GC1003827_F11_NODE_464_length_3467_cov_18.622156	3467	36.37
GC1003827_F11_NODE_465_length_3467_cov_5.182635	3467	43.44
GC1003827_F11_NODE_466_length_3466_cov_8.895777	3466	38.83
GC1003827_F11_NODE_467_length_3466_cov_5.955975	3466	33.84
GC1003827_F11_NODE_468_length_3462_cov_3.698951	3462	33.91
GC1003827_F11_NODE_469_length_3458_cov_3.305314	3458	36.90
GC1003827_F11_NODE_470_length_3455_cov_40.162260	3455	39.62
GC1003827_F11_NODE_471_length_3454_cov_3.536820	3454	43.14
GC1003827_F11_NODE_472_length_3453_cov_6.726699	3453	37.50
GC1003827_F11_NODE_473_length_3450_cov_27.134216	3450	55.07
GC1003827_F11_NODE_474_length_3449_cov_3.866948	3449	36.59
GC1003827_F11_NODE_475_length_3448_cov_3.860283	3448	34.05
GC1003827_F11_NODE_476_length_3446_cov_7.614643	3446	38.10
GC1003827_F11_NODE_477_length_3444_cov_5.639433	3444	36.50
GC1003827_F11_NODE_478_length_3444_cov_4.703045	3444	41.72
GC1003827_F11_NODE_479_length_3443_cov_11.991255	3443	35.99
GC1003827_F11_NODE_480_length_3443_cov_10.802171	3443	38.86
GC1003827_F11_NODE_481_length_3442_cov_9.406938	3442	37.16
GC1003827_F11_NODE_482_length_3440_cov_7.802294	3440	38.66
GC1003827_F11_NODE_483_length_3439_cov_14.656099	3439	39.63
GC1003827_F11_NODE_484_length_3435_cov_4.415961	3435	33.51
GC1003827_F11_NODE_485_length_3434_cov_6.876928	3434	35.79
GC1003827_F11_NODE_486_length_3434_cov_6.743877	3434	38.70
GC1003827_F11_NODE_487_length_3431_cov_7.375303	3431	39.99
GC1003827_F11_NODE_488_length_3429_cov_10.252574	3429	37.53
GC1003827_F11_NODE_489_length_3428_cov_12.950924	3428	37.28
GC1003827_F11_NODE_490_length_3427_cov_8.313939	3427	51.94
GC1003827_F11_NODE_491_length_3425_cov_4.182838	3425	33.26
GC1003827_F11_NODE_492_length_3425_cov_3.963008	3425	34.54
GC1003827_F11_NODE_493_length_3419_cov_8.250000	3419	38.78
GC1003827_F11_NODE_494_length_3415_cov_9.416363	3415	38.16
GC1003827_F11_NODE_495_length_3415_cov_7.803832	3415	37.10
GC1003827_F11_NODE_496_length_3413_cov_25.491175	3413	36.95
GC1003827_F11_NODE_497_length_3412_cov_8.263927	3412	45.11
GC1003827_F11_NODE_498_length_3411_cov_6.712546	3411	36.65
GC1003827_F11_NODE_499_length_3410_cov_6.180018	3410	29.38
GC1003827_F11_NODE_500_length_3409_cov_6.938757	3409	35.76
GC1003827_F11_NODE_501_length_3409_cov_6.764778	3409	39.43
GC1003827_F11_NODE_502_length_3408_cov_8.930204	3408	37.21
GC1003827_F11_NODE_503_length_3406_cov_9.653248	3406	36.64
GC1003827_F11_NODE_504_length_3405_cov_5.149786	3405	39.00
GC1003827_F11_NODE_505_length_3403_cov_3.222527	3403	37.26
GC1003827_F11_NODE_506_length_3402_cov_5.866870	3402	34.42
GC1003827_F11_NODE_507_length_3400_cov_8.150321	3400	35.82
GC1003827_F11_NODE_508_length_3400_cov_5.648640	3400	37.85
GC1003827_F11_NODE_509_length_3399_cov_20.359413	3399	54.28
GC1003827_F11_NODE_510_length_3398_cov_13.183430	3398	42.20
GC1003827_F11_NODE_511_length_3398_cov_11.042189	3398	38.40
GC1003827_F11_NODE_512_length_3397_cov_8.065749	3397	57.93
GC1003827_F11_NODE_513_length_3397_cov_7.272783	3397	34.47
GC1003827_F11_NODE_514_length_3396_cov_4.638727	3396	38.93
GC1003827_F11_NODE_515_length_3392_cov_7.179173	3392	39.53
GC1003827_F11_NODE_516_length_3389_cov_11.926426	3389	34.67
GC1003827_F11_NODE_517_length_3386_cov_14.957042	3386	35.32
GC1003827_F11_NODE_518_length_3385_cov_10.378453	3385	33.65
GC1003827_F11_NODE_519_length_3383_cov_11.707924	3383	36.98
GC1003827_F11_NODE_520_length_3383_cov_11.487101	3383	39.26
GC1003827_F11_NODE_521_length_3383_cov_7.479730	3383	33.25
GC1003827_F11_NODE_522_length_3380_cov_5.541654	3380	52.31
GC1003827_F11_NODE_523_length_3379_cov_3.931734	3379	32.35
GC1003827_F11_NODE_524_length_3379_cov_3.623924	3379	35.75
GC1003827_F11_NODE_525_length_3371_cov_7.377312	3371	48.83
GC1003827_F11_NODE_526_length_3370_cov_2.999383	3370	34.36
GC1003827_F11_NODE_527_length_3369_cov_6.401912	3369	40.55
GC1003827_F11_NODE_528_length_3367_cov_29.033951	3367	44.31
GC1003827_F11_NODE_529_length_3367_cov_15.563580	3367	36.50
GC1003827_F11_NODE_530_length_3366_cov_13.234640	3366	40.46
GC1003827_F11_NODE_531_length_3365_cov_8.697035	3365	35.57
GC1003827_F11_NODE_532_length_3361_cov_8.091837	3361	33.38
GC1003827_F11_NODE_533_length_3359_cov_13.333849	3359	35.01
GC1003827_F11_NODE_534_length_3359_cov_12.917389	3359	33.11
GC1003827_F11_NODE_535_length_3358_cov_3.454348	3358	38.42
GC1003827_F11_NODE_536_length_3357_cov_3.684520	3357	37.24
GC1003827_F11_NODE_537_length_3352_cov_27.199070	3352	39.29
GC1003827_F11_NODE_538_length_3349_cov_11.573246	3349	37.03
GC1003827_F11_NODE_539_length_3349_cov_7.771260	3349	49.69
GC1003827_F11_NODE_540_length_3349_cov_2.756673	3349	40.13
GC1003827_F11_NODE_541_length_3348_cov_10.031357	3348	38.14
GC1003827_F11_NODE_542_length_3347_cov_5.417391	3347	39.17
GC1003827_F11_NODE_543_length_3339_cov_16.453300	3339	36.93
GC1003827_F11_NODE_544_length_3339_cov_3.771482	3339	35.52
GC1003827_F11_NODE_545_length_3337_cov_12.337383	3337	35.57
GC1003827_F11_NODE_546_length_3336_cov_21.743222	3336	37.98
GC1003827_F11_NODE_547_length_3335_cov_8.352868	3335	41.23
GC1003827_F11_NODE_548_length_3335_cov_6.055175	3335	35.74
GC1003827_F11_NODE_549_length_3333_cov_5.103868	3333	33.45
GC1003827_F11_NODE_550_length_3332_cov_15.488300	3332	33.70
GC1003827_F11_NODE_551_length_3328_cov_8.006873	3328	36.15
GC1003827_F11_NODE_552_length_3325_cov_6.305816	3325	39.25
GC1003827_F11_NODE_553_length_3324_cov_6.639975	3324	33.15
GC1003827_F11_NODE_554_length_3322_cov_2.303912	3322	35.52
GC1003827_F11_NODE_555_length_3319_cov_10.572682	3319	36.28
GC1003827_F11_NODE_556_length_3316_cov_16.559109	3316	34.23
GC1003827_F11_NODE_557_length_3314_cov_13.673361	3314	37.21
GC1003827_F11_NODE_558_length_3314_cov_3.431754	3314	33.98
GC1003827_F11_NODE_559_length_3313_cov_4.052731	3313	37.46
GC1003827_F11_NODE_560_length_3312_cov_4.645840	3312	33.94
GC1003827_F11_NODE_561_length_3312_cov_4.475981	3312	60.36
GC1003827_F11_NODE_562_length_3311_cov_11.205716	3311	36.39
GC1003827_F11_NODE_563_length_3311_cov_3.699435	3311	52.43
GC1003827_F11_NODE_564_length_3309_cov_14.430547	3309	38.98
GC1003827_F11_NODE_565_length_3309_cov_6.765871	3309	36.96
GC1003827_F11_NODE_566_length_3309_cov_2.955688	3309	35.27
GC1003827_F11_NODE_567_length_3308_cov_9.938070	3308	35.46
GC1003827_F11_NODE_568_length_3304_cov_16.010072	3304	36.56
GC1003827_F11_NODE_569_length_3303_cov_3.603275	3303	34.45
GC1003827_F11_NODE_570_length_3300_cov_13.701229	3300	40.06
GC1003827_F11_NODE_571_length_3300_cov_11.751339	3300	36.58
GC1003827_F11_NODE_572_length_3298_cov_9.754652	3298	32.96
GC1003827_F11_NODE_573_length_3295_cov_6.213068	3295	32.81
GC1003827_F11_NODE_574_length_3294_cov_6.473319	3294	33.55
GC1003827_F11_NODE_575_length_3293_cov_22.582438	3293	41.66
GC1003827_F11_NODE_576_length_3293_cov_20.881870	3293	40.63
GC1003827_F11_NODE_577_length_3293_cov_3.457359	3293	33.95
GC1003827_F11_NODE_578_length_3293_cov_2.758686	3293	32.80
GC1003827_F11_NODE_579_length_3288_cov_14.683961	3288	38.87
GC1003827_F11_NODE_580_length_3287_cov_5.918038	3287	37.51
GC1003827_F11_NODE_581_length_3287_cov_4.388608	3287	65.68
GC1003827_F11_NODE_582_length_3284_cov_2.058283	3284	41.69
GC1003827_F11_NODE_583_length_3282_cov_3.802219	3282	33.30
GC1003827_F11_NODE_584_length_3281_cov_9.630628	3281	38.37
GC1003827_F11_NODE_585_length_3280_cov_3.232794	3280	33.78
GC1003827_F11_NODE_586_length_3279_cov_6.978109	3279	34.83
GC1003827_F11_NODE_587_length_3278_cov_7.097112	3278	35.14
GC1003827_F11_NODE_588_length_3274_cov_12.569113	3274	35.22
GC1003827_F11_NODE_589_length_3274_cov_8.497617	3274	35.28
GC1003827_F11_NODE_590_length_3274_cov_5.612329	3274	40.68
GC1003827_F11_NODE_591_length_3272_cov_6.304293	3272	35.48
GC1003827_F11_NODE_592_length_3269_cov_12.593571	3269	40.20
GC1003827_F11_NODE_593_length_3269_cov_8.238383	3269	35.76
GC1003827_F11_NODE_594_length_3269_cov_6.635582	3269	32.24
GC1003827_F11_NODE_595_length_3268_cov_9.699140	3268	50.18
GC1003827_F11_NODE_596_length_3267_cov_3.968153	3267	35.90
GC1003827_F11_NODE_597_length_3265_cov_3.138623	3265	34.46
GC1003827_F11_NODE_598_length_3261_cov_5.472240	3261	37.53
GC1003827_F11_NODE_599_length_3260_cov_2.816151	3260	30.95
GC1003827_F11_NODE_600_length_3259_cov_7.496488	3259	35.44
GC1003827_F11_NODE_601_length_3256_cov_7.773090	3256	38.61
GC1003827_F11_NODE_602_length_3254_cov_8.764311	3254	33.50
GC1003827_F11_NODE_603_length_3254_cov_7.391429	3254	33.56
GC1003827_F11_NODE_604_length_3253_cov_11.893794	3253	34.80
GC1003827_F11_NODE_605_length_3252_cov_11.649600	3252	40.04
GC1003827_F11_NODE_606_length_3252_cov_5.841600	3252	35.30
GC1003827_F11_NODE_607_length_3249_cov_8.598975	3249	36.72
GC1003827_F11_NODE_608_length_3248_cov_17.720923	3248	37.22
GC1003827_F11_NODE_609_length_3246_cov_9.047772	3246	48.49
GC1003827_F11_NODE_610_length_3245_cov_30.023092	3245	40.68
GC1003827_F11_NODE_611_length_3243_cov_7.259307	3243	37.06
GC1003827_F11_NODE_612_length_3243_cov_4.000321	3243	34.54
GC1003827_F11_NODE_613_length_3241_cov_16.777457	3241	36.16
GC1003827_F11_NODE_614_length_3241_cov_3.637444	3241	38.20
GC1003827_F11_NODE_615_length_3239_cov_13.573907	3239	38.07
GC1003827_F11_NODE_616_length_3238_cov_2.404693	3238	35.33
GC1003827_F11_NODE_617_length_3236_cov_6.831457	3236	34.77
GC1003827_F11_NODE_618_length_3234_cov_30.070486	3234	44.25
GC1003827_F11_NODE_619_length_3234_cov_4.818796	3234	33.55
GC1003827_F11_NODE_620_length_3233_cov_7.630715	3233	37.70
GC1003827_F11_NODE_621_length_3232_cov_6.989050	3232	36.73
GC1003827_F11_NODE_622_length_3231_cov_13.929446	3231	45.03
GC1003827_F11_NODE_623_length_3229_cov_10.099291	3229	35.06
GC1003827_F11_NODE_624_length_3228_cov_11.408900	3228	39.16
GC1003827_F11_NODE_625_length_3227_cov_17.242903	3227	40.66
GC1003827_F11_NODE_626_length_3227_cov_12.253871	3227	49.92
GC1003827_F11_NODE_627_length_3224_cov_5.627058	3224	34.71
GC1003827_F11_NODE_628_length_3224_cov_4.412012	3224	38.86
GC1003827_F11_NODE_629_length_3222_cov_3.633926	3222	37.71
GC1003827_F11_NODE_630_length_3221_cov_11.799289	3221	40.95
GC1003827_F11_NODE_631_length_3217_cov_12.562783	3217	42.52
GC1003827_F11_NODE_632_length_3216_cov_5.554225	3216	38.40
GC1003827_F11_NODE_633_length_3215_cov_5.952396	3215	36.33
GC1003827_F11_NODE_634_length_3214_cov_15.461289	3214	41.29
GC1003827_F11_NODE_635_length_3211_cov_7.785992	3211	34.07
GC1003827_F11_NODE_636_length_3210_cov_9.152125	3210	33.40
GC1003827_F11_NODE_637_length_3209_cov_14.905256	3209	41.04
GC1003827_F11_NODE_638_length_3208_cov_22.889322	3208	48.50
GC1003827_F11_NODE_639_length_3208_cov_5.263551	3208	35.19
GC1003827_F11_NODE_640_length_3207_cov_5.335714	3207	35.64
GC1003827_F11_NODE_641_length_3205_cov_18.500325	3205	40.59
GC1003827_F11_NODE_642_length_3205_cov_6.139376	3205	36.88
GC1003827_F11_NODE_643_length_3197_cov_6.455049	3197	34.31
GC1003827_F11_NODE_644_length_3193_cov_6.435747	3193	31.98
GC1003827_F11_NODE_645_length_3190_cov_9.332027	3190	37.77
GC1003827_F11_NODE_646_length_3187_cov_4.877451	3187	32.88
GC1003827_F11_NODE_647_length_3186_cov_12.436417	3186	35.53
GC1003827_F11_NODE_648_length_3185_cov_8.367560	3185	37.55
GC1003827_F11_NODE_649_length_3184_cov_16.315996	3184	37.91
GC1003827_F11_NODE_650_length_3183_cov_7.821008	3183	36.00
GC1003827_F11_NODE_651_length_3183_cov_6.077880	3183	46.25
GC1003827_F11_NODE_652_length_3181_cov_6.262279	3181	33.54
GC1003827_F11_NODE_653_length_3178_cov_11.970174	3178	56.61
GC1003827_F11_NODE_654_length_3178_cov_6.486070	3178	35.49
GC1003827_F11_NODE_655_length_3176_cov_1.742211	3176	36.93
GC1003827_F11_NODE_656_length_3173_cov_15.951083	3173	36.05
GC1003827_F11_NODE_657_length_3173_cov_7.916940	3173	53.32
GC1003827_F11_NODE_658_length_3173_cov_1.666120	3173	32.40
GC1003827_F11_NODE_659_length_3167_cov_8.300000	3167	43.76
GC1003827_F11_NODE_660_length_3167_cov_5.333882	3167	33.85
GC1003827_F11_NODE_661_length_3166_cov_4.726226	3166	39.10
GC1003827_F11_NODE_662_length_3166_cov_4.133597	3166	54.80
GC1003827_F11_NODE_663_length_3164_cov_14.023708	3164	39.41
GC1003827_F11_NODE_664_length_3163_cov_2.047101	3163	35.22
GC1003827_F11_NODE_665_length_3162_cov_5.663262	3162	62.81
GC1003827_F11_NODE_666_length_3162_cov_3.492916	3162	30.80
GC1003827_F11_NODE_667_length_3161_cov_16.240936	3161	45.56
GC1003827_F11_NODE_668_length_3155_cov_3.204756	3155	36.67
GC1003827_F11_NODE_669_length_3154_cov_8.747605	3154	42.23
GC1003827_F11_NODE_670_length_3154_cov_6.572844	3154	36.43
GC1003827_F11_NODE_671_length_3154_cov_3.351173	3154	35.10
GC1003827_F11_NODE_672_length_3153_cov_10.445142	3153	41.61
GC1003827_F11_NODE_673_length_3149_cov_14.492058	3149	39.44
GC1003827_F11_NODE_674_length_3149_cov_4.502978	3149	35.92
GC1003827_F11_NODE_675_length_3148_cov_9.322741	3148	58.48
GC1003827_F11_NODE_676_length_3147_cov_22.079139	3147	35.78
GC1003827_F11_NODE_677_length_3147_cov_3.922848	3147	62.47
GC1003827_F11_NODE_678_length_3145_cov_5.321074	3145	35.07
GC1003827_F11_NODE_679_length_3143_cov_3.746684	3143	35.06
GC1003827_F11_NODE_680_length_3142_cov_5.324710	3142	38.48
GC1003827_F11_NODE_681_length_3142_cov_3.509121	3142	35.74
GC1003827_F11_NODE_682_length_3141_cov_6.092236	3141	38.46
GC1003827_F11_NODE_683_length_3141_cov_3.735899	3141	34.77
GC1003827_F11_NODE_684_length_3139_cov_8.443559	3139	33.07
GC1003827_F11_NODE_685_length_3138_cov_18.429093	3138	36.81
GC1003827_F11_NODE_686_length_3137_cov_6.829236	3137	35.42
GC1003827_F11_NODE_687_length_3137_cov_2.956146	3137	32.87
GC1003827_F11_NODE_688_length_3135_cov_18.592753	3135	39.62
GC1003827_F11_NODE_689_length_3131_cov_13.629494	3131	38.61
GC1003827_F11_NODE_690_length_3130_cov_13.127872	3130	38.50
GC1003827_F11_NODE_691_length_3129_cov_3.481679	3129	37.04
GC1003827_F11_NODE_692_length_3127_cov_8.011333	3127	38.47
GC1003827_F11_NODE_693_length_3125_cov_15.751835	3125	44.96
GC1003827_F11_NODE_694_length_3123_cov_12.891188	3123	36.41
GC1003827_F11_NODE_695_length_3123_cov_3.342457	3123	32.79
GC1003827_F11_NODE_696_length_3121_cov_6.327655	3121	32.81
GC1003827_F11_NODE_697_length_3119_cov_11.713570	3119	36.71
GC1003827_F11_NODE_698_length_3119_cov_8.062500	3119	34.72
GC1003827_F11_NODE_699_length_3117_cov_6.012040	3117	35.77
GC1003827_F11_NODE_700_length_3117_cov_4.738796	3117	62.75
GC1003827_F11_NODE_701_length_3116_cov_18.784878	3116	39.35
GC1003827_F11_NODE_702_length_3115_cov_10.477242	3115	35.12
GC1003827_F11_NODE_703_length_3115_cov_7.076640	3115	34.32
GC1003827_F11_NODE_704_length_3115_cov_4.086680	3115	37.72
GC1003827_F11_NODE_705_length_3114_cov_3.766656	3114	33.65
GC1003827_F11_NODE_706_length_3111_cov_9.387064	3111	38.89
GC1003827_F11_NODE_707_length_3111_cov_3.537869	3111	33.56
GC1003827_F11_NODE_708_length_3110_cov_13.905464	3110	39.90
GC1003827_F11_NODE_709_length_3107_cov_3.731544	3107	36.98
GC1003827_F11_NODE_710_length_3106_cov_10.076536	3106	37.51
GC1003827_F11_NODE_711_length_3103_cov_10.211694	3103	37.71
GC1003827_F11_NODE_712_length_3100_cov_3.940464	3100	35.65
GC1003827_F11_NODE_713_length_3099_cov_15.384253	3099	35.50
GC1003827_F11_NODE_714_length_3098_cov_14.438909	3098	38.80
GC1003827_F11_NODE_715_length_3098_cov_4.975766	3098	34.18
GC1003827_F11_NODE_716_length_3097_cov_13.579125	3097	46.69
GC1003827_F11_NODE_717_length_3097_cov_7.738047	3097	36.91
GC1003827_F11_NODE_718_length_3091_cov_12.210189	3091	33.35
GC1003827_F11_NODE_719_length_3089_cov_10.862930	3089	38.14
GC1003827_F11_NODE_720_length_3087_cov_18.672635	3087	36.99
GC1003827_F11_NODE_721_length_3086_cov_7.269010	3086	59.01
GC1003827_F11_NODE_722_length_3086_cov_4.196350	3086	35.94
GC1003827_F11_NODE_723_length_3085_cov_10.720419	3085	40.29
GC1003827_F11_NODE_724_length_3084_cov_8.153196	3084	44.94
GC1003827_F11_NODE_725_length_3083_cov_14.760825	3083	38.37
GC1003827_F11_NODE_726_length_3080_cov_5.061632	3080	36.79
GC1003827_F11_NODE_727_length_3080_cov_5.021334	3080	56.04
GC1003827_F11_NODE_728_length_3080_cov_4.673891	3080	35.91
GC1003827_F11_NODE_729_length_3079_cov_8.377710	3079	33.68
GC1003827_F11_NODE_730_length_3076_cov_9.754493	3076	38.17
GC1003827_F11_NODE_731_length_3076_cov_6.302815	3076	35.05
GC1003827_F11_NODE_732_length_3075_cov_5.753731	3075	35.35
GC1003827_F11_NODE_733_length_3074_cov_10.918901	3074	37.61
GC1003827_F11_NODE_734_length_3072_cov_11.645840	3072	34.73
GC1003827_F11_NODE_735_length_3072_cov_5.020713	3072	36.75
GC1003827_F11_NODE_736_length_3072_cov_3.138200	3072	35.19
GC1003827_F11_NODE_737_length_3068_cov_12.914655	3068	37.71
GC1003827_F11_NODE_738_length_3067_cov_9.471769	3067	39.58
GC1003827_F11_NODE_739_length_3067_cov_3.109184	3067	58.40
GC1003827_F11_NODE_740_length_3066_cov_7.531133	3066	57.14
GC1003827_F11_NODE_741_length_3062_cov_10.675980	3062	34.65
GC1003827_F11_NODE_742_length_3062_cov_4.319591	3062	38.21
GC1003827_F11_NODE_743_length_3060_cov_11.065121	3060	36.99
GC1003827_F11_NODE_744_length_3057_cov_14.496587	3057	37.95
GC1003827_F11_NODE_745_length_3056_cov_3.056675	3056	65.51
GC1003827_F11_NODE_746_length_3054_cov_6.650495	3054	40.73
GC1003827_F11_NODE_747_length_3052_cov_2.238974	3052	63.17
GC1003827_F11_NODE_748_length_3051_cov_21.350547	3051	37.04
GC1003827_F11_NODE_749_length_3051_cov_5.076949	3051	34.09
GC1003827_F11_NODE_750_length_3050_cov_8.733835	3050	36.75
GC1003827_F11_NODE_751_length_3050_cov_7.698939	3050	36.10
GC1003827_F11_NODE_752_length_3050_cov_4.854601	3050	39.11
GC1003827_F11_NODE_753_length_3046_cov_4.907503	3046	33.65
GC1003827_F11_NODE_754_length_3046_cov_2.722508	3046	38.77
GC1003827_F11_NODE_755_length_3042_cov_14.733448	3042	40.63
GC1003827_F11_NODE_756_length_3039_cov_8.093063	3039	34.65
GC1003827_F11_NODE_757_length_3037_cov_13.721993	3037	34.64
GC1003827_F11_NODE_758_length_3035_cov_9.371045	3035	44.91
GC1003827_F11_NODE_759_length_3035_cov_6.938102	3035	34.96
GC1003827_F11_NODE_760_length_3035_cov_4.369670	3035	34.76
GC1003827_F11_NODE_761_length_3034_cov_16.186447	3034	36.68
GC1003827_F11_NODE_762_length_3034_cov_7.731682	3034	35.73
GC1003827_F11_NODE_763_length_3033_cov_22.330695	3033	42.10
GC1003827_F11_NODE_764_length_3033_cov_6.790089	3033	33.47
GC1003827_F11_NODE_765_length_3031_cov_10.266185	3031	38.30
GC1003827_F11_NODE_766_length_3030_cov_2.303135	3030	37.72
GC1003827_F11_NODE_767_length_3029_cov_18.206065	3029	37.37
GC1003827_F11_NODE_768_length_3026_cov_22.862021	3026	37.87
GC1003827_F11_NODE_769_length_3026_cov_10.593653	3026	41.31
GC1003827_F11_NODE_770_length_3026_cov_5.252846	3026	37.48
GC1003827_F11_NODE_771_length_3024_cov_4.318605	3024	34.92
GC1003827_F11_NODE_772_length_3023_cov_14.701312	3023	33.81
GC1003827_F11_NODE_773_length_3021_cov_1.921907	3021	30.02
GC1003827_F11_NODE_774_length_3020_cov_16.073280	3020	35.83
GC1003827_F11_NODE_775_length_3019_cov_9.930498	3019	37.96
GC1003827_F11_NODE_776_length_3017_cov_2.721107	3017	39.87
GC1003827_F11_NODE_777_length_3016_cov_8.825545	3016	39.39
GC1003827_F11_NODE_778_length_3015_cov_28.003463	3015	36.62
GC1003827_F11_NODE_779_length_3014_cov_3.073086	3014	37.49
GC1003827_F11_NODE_780_length_3011_cov_16.783287	3011	38.56
GC1003827_F11_NODE_781_length_3010_cov_3.639612	3010	60.96
GC1003827_F11_NODE_782_length_3009_cov_7.272380	3009	38.09
GC1003827_F11_NODE_783_length_3009_cov_6.299445	3009	38.09
GC1003827_F11_NODE_784_length_3009_cov_5.071131	3009	35.56
GC1003827_F11_NODE_785_length_3006_cov_4.811740	3006	36.23
GC1003827_F11_NODE_786_length_3004_cov_7.091415	3004	35.99
GC1003827_F11_NODE_787_length_3003_cov_4.016342	3003	33.40
GC1003827_F11_NODE_788_length_3002_cov_4.978783	3002	39.94
GC1003827_F11_NODE_789_length_3001_cov_12.324287	3001	37.09
GC1003827_F11_NODE_790_length_3001_cov_9.844120	3001	34.26
GC1003827_F11_NODE_791_length_3000_cov_9.631744	3000	34.60
GC1003827_F11_NODE_792_length_2999_cov_9.252089	2999	46.68
GC1003827_F11_NODE_793_length_2997_cov_10.777352	2997	35.24
GC1003827_F11_NODE_794_length_2997_cov_8.107666	2997	37.24
GC1003827_F11_NODE_795_length_2996_cov_4.026839	2996	32.11
GC1003827_F11_NODE_796_length_2993_cov_7.018842	2993	31.47
GC1003827_F11_NODE_797_length_2993_cov_2.673761	2993	33.14
GC1003827_F11_NODE_798_length_2992_cov_8.298429	2992	33.52
GC1003827_F11_NODE_799_length_2990_cov_3.426825	2990	37.49
GC1003827_F11_NODE_800_length_2989_cov_9.359189	2989	36.40
GC1003827_F11_NODE_801_length_2989_cov_4.460168	2989	36.77
GC1003827_F11_NODE_802_length_2989_cov_4.274983	2989	38.17
GC1003827_F11_NODE_803_length_2986_cov_11.076950	2986	35.57
GC1003827_F11_NODE_804_length_2985_cov_6.456263	2985	33.03
GC1003827_F11_NODE_805_length_2984_cov_5.689534	2984	37.40
GC1003827_F11_NODE_806_length_2983_cov_4.145308	2983	37.75
GC1003827_F11_NODE_807_length_2981_cov_5.247722	2981	42.40
GC1003827_F11_NODE_808_length_2977_cov_11.087368	2977	36.85
GC1003827_F11_NODE_809_length_2977_cov_2.575088	2977	38.86
GC1003827_F11_NODE_810_length_2976_cov_2.760267	2976	34.88
GC1003827_F11_NODE_811_length_2973_cov_17.725228	2973	36.19
GC1003827_F11_NODE_812_length_2972_cov_13.358172	2972	41.82
GC1003827_F11_NODE_813_length_2972_cov_9.575395	2972	32.71
GC1003827_F11_NODE_814_length_2970_cov_5.491734	2970	34.75
GC1003827_F11_NODE_815_length_2969_cov_9.938776	2969	34.09
GC1003827_F11_NODE_816_length_2969_cov_2.967628	2969	32.60
GC1003827_F11_NODE_817_length_2968_cov_5.443506	2968	35.85
GC1003827_F11_NODE_818_length_2965_cov_3.507047	2965	37.40
GC1003827_F11_NODE_819_length_2964_cov_6.376102	2964	37.92
GC1003827_F11_NODE_820_length_2963_cov_5.126939	2963	35.94
GC1003827_F11_NODE_821_length_2963_cov_3.537729	2963	35.34
GC1003827_F11_NODE_822_length_2960_cov_11.980586	2960	35.74
GC1003827_F11_NODE_823_length_2957_cov_6.362898	2957	35.58
GC1003827_F11_NODE_824_length_2957_cov_4.456184	2957	36.19
GC1003827_F11_NODE_825_length_2956_cov_4.938848	2956	34.24
GC1003827_F11_NODE_826_length_2954_cov_3.823842	2954	35.27
GC1003827_F11_NODE_827_length_2953_cov_26.660651	2953	44.84
GC1003827_F11_NODE_828_length_2953_cov_3.958599	2953	34.61
GC1003827_F11_NODE_829_length_2947_cov_9.641844	2947	37.94
GC1003827_F11_NODE_830_length_2947_cov_6.546809	2947	40.75
GC1003827_F11_NODE_831_length_2946_cov_10.086556	2946	35.37
GC1003827_F11_NODE_832_length_2945_cov_6.917672	2945	31.65
GC1003827_F11_NODE_833_length_2943_cov_5.411577	2943	33.33
GC1003827_F11_NODE_834_length_2942_cov_10.622735	2942	36.85
GC1003827_F11_NODE_835_length_2942_cov_8.301599	2942	36.57
GC1003827_F11_NODE_836_length_2942_cov_8.058615	2942	36.06
GC1003827_F11_NODE_837_length_2942_cov_7.651865	2942	33.65
GC1003827_F11_NODE_838_length_2941_cov_28.353589	2941	42.50
GC1003827_F11_NODE_839_length_2941_cov_16.042999	2941	45.19
GC1003827_F11_NODE_840_length_2940_cov_17.652684	2940	36.43
GC1003827_F11_NODE_841_length_2939_cov_30.841750	2939	41.75
GC1003827_F11_NODE_842_length_2939_cov_15.027738	2939	37.87
GC1003827_F11_NODE_843_length_2939_cov_6.143314	2939	34.88
GC1003827_F11_NODE_844_length_2937_cov_6.200712	2937	39.12
GC1003827_F11_NODE_845_length_2935_cov_12.632835	2935	37.00
GC1003827_F11_NODE_846_length_2933_cov_20.223450	2933	37.78
GC1003827_F11_NODE_847_length_2933_cov_8.046686	2933	38.36
GC1003827_F11_NODE_848_length_2933_cov_3.970064	2933	33.65
GC1003827_F11_NODE_849_length_2930_cov_6.357474	2930	37.61
GC1003827_F11_NODE_850_length_2928_cov_20.679400	2928	36.37
GC1003827_F11_NODE_851_length_2927_cov_25.736429	2927	39.39
GC1003827_F11_NODE_852_length_2926_cov_6.349411	2926	51.09
GC1003827_F11_NODE_853_length_2926_cov_5.593783	2926	37.83
GC1003827_F11_NODE_854_length_2924_cov_16.496604	2924	37.38
GC1003827_F11_NODE_855_length_2923_cov_12.329399	2923	37.43
GC1003827_F11_NODE_856_length_2923_cov_8.131259	2923	58.78
GC1003827_F11_NODE_857_length_2922_cov_5.789267	2922	36.17
GC1003827_F11_NODE_858_length_2922_cov_4.870125	2922	42.03
GC1003827_F11_NODE_859_length_2922_cov_3.513775	2922	34.70
GC1003827_F11_NODE_860_length_2921_cov_8.285612	2921	35.78
GC1003827_F11_NODE_861_length_2921_cov_7.513958	2921	62.41
GC1003827_F11_NODE_862_length_2921_cov_6.906586	2921	31.87
GC1003827_F11_NODE_863_length_2920_cov_18.242750	2920	33.32
GC1003827_F11_NODE_864_length_2919_cov_19.956304	2919	36.90
GC1003827_F11_NODE_865_length_2915_cov_5.921449	2915	65.35
GC1003827_F11_NODE_866_length_2910_cov_5.841897	2910	37.87
GC1003827_F11_NODE_867_length_2909_cov_18.362329	2909	34.55
GC1003827_F11_NODE_868_length_2908_cov_9.291262	2908	34.77
GC1003827_F11_NODE_869_length_2908_cov_7.304567	2908	35.32
GC1003827_F11_NODE_870_length_2907_cov_4.956475	2907	34.23
GC1003827_F11_NODE_871_length_2906_cov_4.147535	2906	34.93
GC1003827_F11_NODE_872_length_2906_cov_3.231378	2906	43.50
GC1003827_F11_NODE_873_length_2904_cov_5.112351	2904	34.09
GC1003827_F11_NODE_874_length_2903_cov_9.703530	2903	37.07
GC1003827_F11_NODE_875_length_2903_cov_4.365994	2903	36.89
GC1003827_F11_NODE_876_length_2902_cov_9.049730	2902	34.70
GC1003827_F11_NODE_877_length_2901_cov_14.155371	2901	38.85
GC1003827_F11_NODE_878_length_2901_cov_11.584715	2901	37.57
GC1003827_F11_NODE_879_length_2901_cov_7.992790	2901	38.68
GC1003827_F11_NODE_880_length_2900_cov_6.722322	2900	38.21
GC1003827_F11_NODE_881_length_2899_cov_8.571789	2899	33.46
GC1003827_F11_NODE_882_length_2898_cov_22.983039	2898	40.41
GC1003827_F11_NODE_883_length_2897_cov_7.570036	2897	37.25
GC1003827_F11_NODE_884_length_2897_cov_4.518773	2897	33.31
GC1003827_F11_NODE_885_length_2895_cov_4.667269	2895	64.01
GC1003827_F11_NODE_886_length_2894_cov_3.779183	2894	38.56
GC1003827_F11_NODE_887_length_2892_cov_17.028210	2892	38.35
GC1003827_F11_NODE_888_length_2892_cov_7.278119	2892	36.10
GC1003827_F11_NODE_889_length_2891_cov_13.743488	2891	39.43
GC1003827_F11_NODE_890_length_2889_cov_3.753802	2889	34.61
GC1003827_F11_NODE_891_length_2889_cov_3.079290	2889	31.50
GC1003827_F11_NODE_892_length_2884_cov_10.010881	2884	36.62
GC1003827_F11_NODE_893_length_2881_cov_11.502905	2881	35.02
GC1003827_F11_NODE_894_length_2880_cov_6.096622	2880	35.62
GC1003827_F11_NODE_895_length_2880_cov_6.087904	2880	32.88
GC1003827_F11_NODE_896_length_2877_cov_8.249455	2877	66.74
GC1003827_F11_NODE_897_length_2875_cov_7.814410	2875	39.27
GC1003827_F11_NODE_898_length_2875_cov_3.252547	2875	38.75
GC1003827_F11_NODE_899_length_2874_cov_7.410994	2874	39.87
GC1003827_F11_NODE_900_length_2873_cov_4.666060	2873	39.33
GC1003827_F11_NODE_901_length_2873_cov_3.940277	2873	36.27
GC1003827_F11_NODE_902_length_2872_cov_24.160656	2872	35.06
GC1003827_F11_NODE_903_length_2872_cov_7.448816	2872	58.74
GC1003827_F11_NODE_904_length_2871_cov_8.084184	2871	49.11
GC1003827_F11_NODE_905_length_2870_cov_20.776157	2870	41.01
GC1003827_F11_NODE_906_length_2870_cov_8.442217	2870	32.96
GC1003827_F11_NODE_907_length_2869_cov_3.572575	2869	33.57
GC1003827_F11_NODE_908_length_2866_cov_15.754655	2866	37.61
GC1003827_F11_NODE_909_length_2866_cov_8.995254	2866	36.64
GC1003827_F11_NODE_910_length_2865_cov_27.974069	2865	45.20
GC1003827_F11_NODE_911_length_2865_cov_7.735208	2865	40.14
GC1003827_F11_NODE_912_length_2865_cov_7.672023	2865	38.36
GC1003827_F11_NODE_913_length_2864_cov_13.124224	2864	38.13
GC1003827_F11_NODE_914_length_2863_cov_5.209430	2863	34.37
GC1003827_F11_NODE_915_length_2863_cov_4.142544	2863	35.56
GC1003827_F11_NODE_916_length_2861_cov_9.758961	2861	37.64
GC1003827_F11_NODE_917_length_2861_cov_3.909656	2861	34.25
GC1003827_F11_NODE_918_length_2861_cov_3.047184	2861	33.90
GC1003827_F11_NODE_919_length_2859_cov_14.948755	2859	58.87
GC1003827_F11_NODE_920_length_2858_cov_14.099963	2858	37.86
GC1003827_F11_NODE_921_length_2858_cov_13.109850	2858	32.33
GC1003827_F11_NODE_922_length_2858_cov_10.289637	2858	31.63
GC1003827_F11_NODE_923_length_2855_cov_2.348974	2855	36.11
GC1003827_F11_NODE_924_length_2852_cov_14.357798	2852	35.80
GC1003827_F11_NODE_925_length_2852_cov_11.787523	2852	38.71
GC1003827_F11_NODE_926_length_2852_cov_2.962202	2852	58.63
GC1003827_F11_NODE_927_length_2848_cov_21.300257	2848	38.13
GC1003827_F11_NODE_928_length_2848_cov_6.101433	2848	35.57
GC1003827_F11_NODE_929_length_2848_cov_5.521867	2848	34.90
GC1003827_F11_NODE_930_length_2847_cov_15.011029	2847	38.32
GC1003827_F11_NODE_931_length_2847_cov_4.892279	2847	59.71
GC1003827_F11_NODE_932_length_2846_cov_4.960647	2846	33.31
GC1003827_F11_NODE_933_length_2845_cov_5.965416	2845	34.97
GC1003827_F11_NODE_934_length_2844_cov_11.071402	2844	34.46
GC1003827_F11_NODE_935_length_2843_cov_4.413108	2843	33.80
GC1003827_F11_NODE_936_length_2842_cov_10.229098	2842	35.54
GC1003827_F11_NODE_937_length_2841_cov_20.526161	2841	42.27
GC1003827_F11_NODE_938_length_2841_cov_6.887620	2841	35.76
GC1003827_F11_NODE_939_length_2841_cov_5.782609	2841	36.68
GC1003827_F11_NODE_940_length_2840_cov_9.138961	2840	34.19
GC1003827_F11_NODE_941_length_2840_cov_7.698857	2840	35.63
GC1003827_F11_NODE_942_length_2840_cov_7.340214	2840	34.72
GC1003827_F11_NODE_943_length_2839_cov_21.981932	2839	35.61
GC1003827_F11_NODE_944_length_2839_cov_8.245206	2839	38.43
GC1003827_F11_NODE_945_length_2839_cov_3.623156	2839	34.62
GC1003827_F11_NODE_946_length_2838_cov_7.667281	2838	36.26
GC1003827_F11_NODE_947_length_2836_cov_8.908822	2836	33.85
GC1003827_F11_NODE_948_length_2835_cov_14.542467	2835	41.16
GC1003827_F11_NODE_949_length_2834_cov_18.277059	2834	39.70
GC1003827_F11_NODE_950_length_2833_cov_6.172579	2833	35.93
GC1003827_F11_NODE_951_length_2833_cov_4.038803	2833	58.60
GC1003827_F11_NODE_952_length_2831_cov_16.347263	2831	35.71
GC1003827_F11_NODE_953_length_2831_cov_11.276997	2831	35.78
GC1003827_F11_NODE_954_length_2830_cov_4.633370	2830	35.12
GC1003827_F11_NODE_955_length_2828_cov_9.736764	2828	34.30
GC1003827_F11_NODE_956_length_2828_cov_6.822658	2828	37.16
GC1003827_F11_NODE_957_length_2828_cov_5.212514	2828	36.46
GC1003827_F11_NODE_958_length_2827_cov_19.159259	2827	39.41
GC1003827_F11_NODE_959_length_2826_cov_18.523157	2826	32.87
GC1003827_F11_NODE_960_length_2826_cov_11.330863	2826	40.16
GC1003827_F11_NODE_961_length_2824_cov_3.383389	2824	61.65
GC1003827_F11_NODE_962_length_2824_cov_2.580274	2824	49.68
GC1003827_F11_NODE_963_length_2824_cov_2.275121	2824	35.62
GC1003827_F11_NODE_964_length_2822_cov_6.873840	2822	60.70
GC1003827_F11_NODE_965_length_2822_cov_6.656772	2822	42.13
GC1003827_F11_NODE_966_length_2822_cov_5.974026	2822	37.70
GC1003827_F11_NODE_967_length_2821_cov_4.146622	2821	34.88
GC1003827_F11_NODE_968_length_2820_cov_10.324174	2820	30.78
GC1003827_F11_NODE_969_length_2820_cov_6.472707	2820	32.52
GC1003827_F11_NODE_970_length_2820_cov_3.724100	2820	54.82
GC1003827_F11_NODE_971_length_2819_cov_21.903418	2819	43.24
GC1003827_F11_NODE_972_length_2819_cov_11.942422	2819	38.56
GC1003827_F11_NODE_973_length_2818_cov_14.934597	2818	37.79
GC1003827_F11_NODE_974_length_2817_cov_50.613755	2817	37.84
GC1003827_F11_NODE_975_length_2816_cov_6.509855	2816	35.09
GC1003827_F11_NODE_976_length_2816_cov_4.945333	2816	38.92
GC1003827_F11_NODE_977_length_2816_cov_3.231685	2816	36.47
GC1003827_F11_NODE_978_length_2815_cov_11.374628	2815	45.40
GC1003827_F11_NODE_979_length_2815_cov_3.307664	2815	33.71
GC1003827_F11_NODE_980_length_2814_cov_7.702642	2814	37.17
GC1003827_F11_NODE_981_length_2813_cov_15.921445	2813	51.19
GC1003827_F11_NODE_982_length_2813_cov_13.348101	2813	38.64
GC1003827_F11_NODE_983_length_2809_cov_8.964206	2809	35.49
GC1003827_F11_NODE_984_length_2808_cov_17.664304	2808	40.10
GC1003827_F11_NODE_985_length_2806_cov_5.021650	2806	35.21
GC1003827_F11_NODE_986_length_2805_cov_4.771098	2805	34.65
GC1003827_F11_NODE_987_length_2804_cov_9.313784	2804	35.52
GC1003827_F11_NODE_988_length_2804_cov_8.688831	2804	39.73
GC1003827_F11_NODE_989_length_2804_cov_4.177437	2804	35.09
GC1003827_F11_NODE_990_length_2804_cov_1.871124	2804	66.48
GC1003827_F11_NODE_991_length_2802_cov_16.289720	2802	39.29
GC1003827_F11_NODE_992_length_2798_cov_8.585174	2798	38.31
GC1003827_F11_NODE_993_length_2797_cov_12.156554	2797	32.00
GC1003827_F11_NODE_994_length_2796_cov_3.567254	2796	57.26
GC1003827_F11_NODE_995_length_2794_cov_9.808774	2794	35.29
GC1003827_F11_NODE_996_length_2794_cov_7.620547	2794	31.85
GC1003827_F11_NODE_997_length_2793_cov_16.755814	2793	38.31
GC1003827_F11_NODE_998_length_2793_cov_10.495124	2793	54.03
GC1003827_F11_NODE_999_length_2792_cov_11.933208	2792	35.35
GC1003827_F11_NODE_1000_length_2788_cov_3.502443	2788	29.02
GC1003827_F11_NODE_1001_length_2785_cov_3.146727	2785	38.13
GC1003827_F11_NODE_1002_length_2784_cov_13.997742	2784	33.91
GC1003827_F11_NODE_1003_length_2780_cov_10.489257	2780	36.65
GC1003827_F11_NODE_1004_length_2779_cov_26.599170	2779	41.67
GC1003827_F11_NODE_1005_length_2777_cov_2.975849	2777	60.32
GC1003827_F11_NODE_1006_length_2776_cov_12.772367	2776	40.78
GC1003827_F11_NODE_1007_length_2773_cov_7.702192	2773	38.84
GC1003827_F11_NODE_1008_length_2773_cov_3.169312	2773	35.45
GC1003827_F11_NODE_1009_length_2772_cov_5.044612	2772	33.51
GC1003827_F11_NODE_1010_length_2771_cov_10.529123	2771	39.30
GC1003827_F11_NODE_1011_length_2770_cov_12.317821	2770	41.41
GC1003827_F11_NODE_1012_length_2769_cov_6.243755	2769	35.83
GC1003827_F11_NODE_1013_length_2769_cov_5.406132	2769	39.11
GC1003827_F11_NODE_1014_length_2769_cov_5.032173	2769	56.34
GC1003827_F11_NODE_1015_length_2768_cov_6.068913	2768	31.54
GC1003827_F11_NODE_1016_length_2767_cov_5.934091	2767	36.75
GC1003827_F11_NODE_1017_length_2766_cov_5.036377	2766	36.77
GC1003827_F11_NODE_1018_length_2764_cov_6.951081	2764	36.72
GC1003827_F11_NODE_1019_length_2763_cov_12.078907	2763	41.44
GC1003827_F11_NODE_1020_length_2763_cov_6.924127	2763	37.13
GC1003827_F11_NODE_1021_length_2763_cov_5.369120	2763	34.17
GC1003827_F11_NODE_1022_length_2763_cov_4.764416	2763	32.32
GC1003827_F11_NODE_1023_length_2762_cov_5.393928	2762	32.69
GC1003827_F11_NODE_1024_length_2762_cov_4.653131	2762	60.54
GC1003827_F11_NODE_1025_length_2760_cov_12.573111	2760	37.90
GC1003827_F11_NODE_1026_length_2760_cov_3.849221	2760	33.99
GC1003827_F11_NODE_1027_length_2758_cov_17.827822	2758	38.98
GC1003827_F11_NODE_1028_length_2757_cov_13.901901	2757	39.46
GC1003827_F11_NODE_1029_length_2755_cov_9.383942	2755	36.08
GC1003827_F11_NODE_1030_length_2755_cov_6.225266	2755	31.87
GC1003827_F11_NODE_1031_length_2755_cov_4.100076	2755	31.69
GC1003827_F11_NODE_1032_length_2755_cov_3.367199	2755	32.34
GC1003827_F11_NODE_1033_length_2753_cov_10.170982	2753	39.38
GC1003827_F11_NODE_1034_length_2753_cov_2.707921	2753	31.78
GC1003827_F11_NODE_1035_length_2751_cov_9.085366	2751	35.15
GC1003827_F11_NODE_1036_length_2751_cov_5.415777	2751	35.48
GC1003827_F11_NODE_1037_length_2751_cov_2.653582	2751	34.24
GC1003827_F11_NODE_1038_length_2750_cov_15.601601	2750	34.91
GC1003827_F11_NODE_1039_length_2748_cov_5.929798	2748	36.10
GC1003827_F11_NODE_1040_length_2746_cov_9.200076	2746	38.67
GC1003827_F11_NODE_1041_length_2746_cov_4.764414	2746	38.16
GC1003827_F11_NODE_1042_length_2743_cov_2.743119	2743	56.14
GC1003827_F11_NODE_1043_length_2743_cov_2.666667	2743	34.23
GC1003827_F11_NODE_1044_length_2741_cov_7.042846	2741	37.72
GC1003827_F11_NODE_1045_length_2739_cov_5.929939	2739	34.32
GC1003827_F11_NODE_1046_length_2738_cov_10.410954	2738	39.63
GC1003827_F11_NODE_1047_length_2738_cov_10.122175	2738	36.78
GC1003827_F11_NODE_1048_length_2737_cov_7.239464	2737	36.21
GC1003827_F11_NODE_1049_length_2735_cov_6.873466	2735	35.39
GC1003827_F11_NODE_1050_length_2735_cov_1.305215	2735	59.20
GC1003827_F11_NODE_1051_length_2734_cov_23.677407	2734	41.77
GC1003827_F11_NODE_1052_length_2733_cov_17.178051	2733	33.33
GC1003827_F11_NODE_1053_length_2732_cov_12.773896	2732	39.28
GC1003827_F11_NODE_1054_length_2732_cov_5.995393	2732	35.18
GC1003827_F11_NODE_1055_length_2730_cov_5.498271	2730	36.81
GC1003827_F11_NODE_1056_length_2729_cov_22.066487	2729	40.31
GC1003827_F11_NODE_1057_length_2728_cov_22.670511	2728	42.12
GC1003827_F11_NODE_1058_length_2727_cov_7.669231	2727	41.62
GC1003827_F11_NODE_1059_length_2726_cov_17.946133	2726	38.81
GC1003827_F11_NODE_1060_length_2726_cov_14.833397	2726	37.78
GC1003827_F11_NODE_1061_length_2726_cov_3.981531	2726	61.26
GC1003827_F11_NODE_1062_length_2726_cov_3.457484	2726	32.10
GC1003827_F11_NODE_1063_length_2725_cov_33.122017	2725	43.63
GC1003827_F11_NODE_1064_length_2725_cov_6.801771	2725	35.30
GC1003827_F11_NODE_1065_length_2725_cov_4.893764	2725	37.58
GC1003827_F11_NODE_1066_length_2725_cov_3.624711	2725	38.61
GC1003827_F11_NODE_1067_length_2724_cov_9.514440	2724	34.18
GC1003827_F11_NODE_1068_length_2723_cov_3.338983	2723	38.34
GC1003827_F11_NODE_1069_length_2722_cov_5.907129	2722	32.04
GC1003827_F11_NODE_1070_length_2720_cov_7.771307	2720	33.01
GC1003827_F11_NODE_1071_length_2720_cov_6.299653	2720	33.01
GC1003827_F11_NODE_1072_length_2719_cov_9.526235	2719	37.81
GC1003827_F11_NODE_1073_length_2717_cov_14.189575	2717	34.85
GC1003827_F11_NODE_1074_length_2717_cov_6.940927	2717	37.84
GC1003827_F11_NODE_1075_length_2717_cov_5.123938	2717	36.44
GC1003827_F11_NODE_1076_length_2715_cov_1.540185	2715	30.64
GC1003827_F11_NODE_1077_length_2714_cov_7.017395	2714	40.94
GC1003827_F11_NODE_1078_length_2714_cov_3.268651	2714	37.73
GC1003827_F11_NODE_1079_length_2713_cov_5.399072	2713	35.86
GC1003827_F11_NODE_1080_length_2713_cov_4.482599	2713	40.10
GC1003827_F11_NODE_1081_length_2713_cov_2.094354	2713	32.47
GC1003827_F11_NODE_1082_length_2712_cov_8.316054	2712	39.16
GC1003827_F11_NODE_1083_length_2712_cov_5.444487	2712	49.56
GC1003827_F11_NODE_1084_length_2711_cov_4.327399	2711	38.51
GC1003827_F11_NODE_1085_length_2710_cov_8.857917	2710	34.46
GC1003827_F11_NODE_1086_length_2710_cov_5.541231	2710	38.04
GC1003827_F11_NODE_1087_length_2709_cov_15.239737	2709	38.80
GC1003827_F11_NODE_1088_length_2709_cov_7.050736	2709	37.91
GC1003827_F11_NODE_1089_length_2708_cov_7.065478	2708	33.94
GC1003827_F11_NODE_1090_length_2707_cov_5.614341	2707	56.48
GC1003827_F11_NODE_1091_length_2706_cov_11.832105	2706	35.88
GC1003827_F11_NODE_1092_length_2706_cov_5.300504	2706	36.44
GC1003827_F11_NODE_1093_length_2705_cov_9.702095	2705	37.38
GC1003827_F11_NODE_1094_length_2704_cov_6.313931	2704	34.58
GC1003827_F11_NODE_1095_length_2704_cov_4.084206	2704	36.09
GC1003827_F11_NODE_1096_length_2703_cov_19.428183	2703	38.36
GC1003827_F11_NODE_1097_length_2703_cov_3.102096	2703	34.37
GC1003827_F11_NODE_1098_length_2702_cov_7.519612	2702	30.31
GC1003827_F11_NODE_1099_length_2702_cov_7.050485	2702	36.05
GC1003827_F11_NODE_1100_length_2702_cov_6.204272	2702	34.79
GC1003827_F11_NODE_1101_length_2701_cov_5.797980	2701	37.17
GC1003827_F11_NODE_1102_length_2701_cov_3.909868	2701	35.25
GC1003827_F11_NODE_1103_length_2700_cov_9.614846	2700	37.30
GC1003827_F11_NODE_1104_length_2699_cov_11.599145	2699	37.12
GC1003827_F11_NODE_1105_length_2698_cov_11.912096	2698	31.43
GC1003827_F11_NODE_1106_length_2698_cov_6.636328	2698	32.91
GC1003827_F11_NODE_1107_length_2698_cov_3.850642	2698	32.13
GC1003827_F11_NODE_1108_length_2697_cov_7.791440	2697	36.71
GC1003827_F11_NODE_1109_length_2697_cov_3.272374	2697	41.90
GC1003827_F11_NODE_1110_length_2696_cov_17.077073	2696	51.71
GC1003827_F11_NODE_1111_length_2695_cov_5.002726	2695	34.03
GC1003827_F11_NODE_1112_length_2695_cov_4.165109	2695	32.65
GC1003827_F11_NODE_1113_length_2695_cov_1.685748	2695	31.02
GC1003827_F11_NODE_1114_length_2694_cov_4.085314	2694	34.30
GC1003827_F11_NODE_1115_length_2693_cov_7.751364	2693	32.60
GC1003827_F11_NODE_1116_length_2692_cov_2.574269	2692	42.57
GC1003827_F11_NODE_1117_length_2691_cov_5.091654	2691	31.18
GC1003827_F11_NODE_1118_length_2690_cov_15.255170	2690	39.14
GC1003827_F11_NODE_1119_length_2689_cov_3.534738	2689	30.72
GC1003827_F11_NODE_1120_length_2688_cov_11.522452	2688	36.24
GC1003827_F11_NODE_1121_length_2688_cov_5.079656	2688	37.31
GC1003827_F11_NODE_1122_length_2687_cov_8.948828	2687	36.92
GC1003827_F11_NODE_1123_length_2687_cov_6.070703	2687	34.61
GC1003827_F11_NODE_1124_length_2686_cov_22.408753	2686	39.69
GC1003827_F11_NODE_1125_length_2684_cov_5.938991	2684	44.08
GC1003827_F11_NODE_1126_length_2684_cov_2.053969	2684	35.25
GC1003827_F11_NODE_1127_length_2683_cov_6.172926	2683	41.04
GC1003827_F11_NODE_1128_length_2683_cov_3.728091	2683	32.95
GC1003827_F11_NODE_1129_length_2683_cov_2.743349	2683	59.97
GC1003827_F11_NODE_1130_length_2682_cov_10.848141	2682	36.32
GC1003827_F11_NODE_1131_length_2681_cov_21.767424	2681	38.72
GC1003827_F11_NODE_1132_length_2680_cov_6.344301	2680	39.44
GC1003827_F11_NODE_1133_length_2678_cov_29.704430	2678	36.30
GC1003827_F11_NODE_1134_length_2678_cov_3.625245	2678	50.30
GC1003827_F11_NODE_1135_length_2677_cov_15.573725	2677	39.22
GC1003827_F11_NODE_1136_length_2677_cov_10.006667	2677	38.36
GC1003827_F11_NODE_1137_length_2676_cov_8.845822	2676	36.43
GC1003827_F11_NODE_1138_length_2676_cov_1.525696	2676	67.15
GC1003827_F11_NODE_1139_length_2674_cov_2.372988	2674	33.13
GC1003827_F11_NODE_1140_length_2673_cov_14.514140	2673	36.48
GC1003827_F11_NODE_1141_length_2672_cov_7.496267	2672	34.06
GC1003827_F11_NODE_1142_length_2671_cov_6.821541	2671	37.06
GC1003827_F11_NODE_1143_length_2671_cov_5.114780	2671	35.75
GC1003827_F11_NODE_1144_length_2671_cov_2.277909	2671	28.75
GC1003827_F11_NODE_1145_length_2670_cov_10.562721	2670	38.61
GC1003827_F11_NODE_1146_length_2668_cov_8.557654	2668	36.96
GC1003827_F11_NODE_1147_length_2667_cov_26.183071	2667	38.13
GC1003827_F11_NODE_1148_length_2665_cov_5.467691	2665	38.20
GC1003827_F11_NODE_1149_length_2664_cov_3.321246	2664	33.63
GC1003827_F11_NODE_1150_length_2663_cov_11.613565	2663	41.34
GC1003827_F11_NODE_1151_length_2663_cov_5.227129	2663	37.18
GC1003827_F11_NODE_1152_length_2662_cov_5.036292	2662	33.02
GC1003827_F11_NODE_1153_length_2661_cov_5.701657	2661	35.55
GC1003827_F11_NODE_1154_length_2660_cov_2.582708	2660	36.17
GC1003827_F11_NODE_1155_length_2660_cov_1.726806	2660	35.68
GC1003827_F11_NODE_1156_length_2659_cov_10.731833	2659	57.20
GC1003827_F11_NODE_1157_length_2659_cov_2.883096	2659	30.58
GC1003827_F11_NODE_1158_length_2658_cov_8.927301	2658	35.78
GC1003827_F11_NODE_1159_length_2657_cov_14.525692	2657	37.49
GC1003827_F11_NODE_1160_length_2657_cov_3.857312	2657	32.93
GC1003827_F11_NODE_1161_length_2657_cov_2.683399	2657	42.23
GC1003827_F11_NODE_1162_length_2655_cov_8.153085	2655	35.78
GC1003827_F11_NODE_1163_length_2655_cov_6.935127	2655	34.50
GC1003827_F11_NODE_1164_length_2653_cov_10.074030	2653	58.31
GC1003827_F11_NODE_1165_length_2651_cov_11.391442	2651	40.40
GC1003827_F11_NODE_1166_length_2651_cov_10.424723	2651	36.55
GC1003827_F11_NODE_1167_length_2651_cov_5.875594	2651	35.35
GC1003827_F11_NODE_1168_length_2651_cov_4.535658	2651	35.23
GC1003827_F11_NODE_1169_length_2650_cov_20.481173	2650	35.06
GC1003827_F11_NODE_1170_length_2650_cov_9.987713	2650	34.87
GC1003827_F11_NODE_1171_length_2650_cov_6.569956	2650	32.98
GC1003827_F11_NODE_1172_length_2650_cov_5.816885	2650	34.11
GC1003827_F11_NODE_1173_length_2649_cov_12.855274	2649	33.33
GC1003827_F11_NODE_1174_length_2649_cov_5.262887	2649	33.33
GC1003827_F11_NODE_1175_length_2648_cov_13.248314	2648	38.90
GC1003827_F11_NODE_1176_length_2648_cov_6.953590	2648	39.88
GC1003827_F11_NODE_1177_length_2648_cov_4.074970	2648	38.52
GC1003827_F11_NODE_1178_length_2648_cov_1.827449	2648	30.40
GC1003827_F11_NODE_1179_length_2647_cov_8.343651	2647	38.91
GC1003827_F11_NODE_1180_length_2647_cov_6.896429	2647	33.77
GC1003827_F11_NODE_1181_length_2647_cov_6.717063	2647	35.25
GC1003827_F11_NODE_1182_length_2646_cov_2.322747	2646	34.01
GC1003827_F11_NODE_1183_length_2644_cov_4.875646	2644	35.02
GC1003827_F11_NODE_1184_length_2643_cov_17.029014	2643	37.61
GC1003827_F11_NODE_1185_length_2640_cov_40.073617	2640	53.98
GC1003827_F11_NODE_1186_length_2640_cov_6.939912	2640	33.67
GC1003827_F11_NODE_1187_length_2639_cov_18.721736	2639	39.83
GC1003827_F11_NODE_1188_length_2639_cov_2.449841	2639	34.26
GC1003827_F11_NODE_1189_length_2638_cov_8.764237	2638	35.14
GC1003827_F11_NODE_1190_length_2638_cov_7.432895	2638	51.10
GC1003827_F11_NODE_1191_length_2638_cov_1.255277	2638	30.25
GC1003827_F11_NODE_1192_length_2637_cov_5.166932	2637	36.41
GC1003827_F11_NODE_1193_length_2636_cov_7.673177	2636	37.22
GC1003827_F11_NODE_1194_length_2636_cov_7.450777	2636	36.15
GC1003827_F11_NODE_1195_length_2636_cov_6.813472	2636	32.74
GC1003827_F11_NODE_1196_length_2635_cov_7.107257	2635	37.38
GC1003827_F11_NODE_1197_length_2635_cov_3.587719	2635	31.16
GC1003827_F11_NODE_1198_length_2634_cov_14.713203	2634	45.79
GC1003827_F11_NODE_1199_length_2633_cov_13.644453	2633	35.06
GC1003827_F11_NODE_1200_length_2632_cov_13.364870	2632	36.32
GC1003827_F11_NODE_1201_length_2632_cov_12.559281	2632	36.32
GC1003827_F11_NODE_1202_length_2631_cov_17.885783	2631	43.67
GC1003827_F11_NODE_1203_length_2630_cov_16.930883	2630	37.07
GC1003827_F11_NODE_1204_length_2630_cov_10.580903	2630	35.21
GC1003827_F11_NODE_1205_length_2630_cov_7.412705	2630	38.97
GC1003827_F11_NODE_1206_length_2629_cov_10.185052	2629	35.34
GC1003827_F11_NODE_1207_length_2628_cov_14.118752	2628	37.48
GC1003827_F11_NODE_1208_length_2628_cov_6.748501	2628	34.21
GC1003827_F11_NODE_1209_length_2628_cov_4.940824	2628	40.53
GC1003827_F11_NODE_1210_length_2627_cov_8.795200	2627	37.57
GC1003827_F11_NODE_1211_length_2627_cov_6.987200	2627	33.99
GC1003827_F11_NODE_1212_length_2626_cov_9.401761	2626	32.98
GC1003827_F11_NODE_1213_length_2626_cov_4.879952	2626	36.60
GC1003827_F11_NODE_1214_length_2625_cov_18.247398	2625	36.11
GC1003827_F11_NODE_1215_length_2625_cov_5.828663	2625	33.49
GC1003827_F11_NODE_1216_length_2624_cov_13.347217	2624	53.12
GC1003827_F11_NODE_1217_length_2623_cov_14.633814	2623	50.74
GC1003827_F11_NODE_1218_length_2623_cov_5.671074	2623	37.78
GC1003827_F11_NODE_1219_length_2622_cov_7.907415	2622	37.30
GC1003827_F11_NODE_1220_length_2620_cov_6.590453	2620	31.60
GC1003827_F11_NODE_1221_length_2620_cov_5.832331	2620	33.13
GC1003827_F11_NODE_1222_length_2619_cov_5.577849	2619	36.73
GC1003827_F11_NODE_1223_length_2619_cov_4.797352	2619	37.72
GC1003827_F11_NODE_1224_length_2618_cov_4.368928	2618	35.03
GC1003827_F11_NODE_1225_length_2617_cov_1.995582	2617	65.99
GC1003827_F11_NODE_1226_length_2616_cov_11.274809	2616	34.82
GC1003827_F11_NODE_1227_length_2616_cov_10.400562	2616	37.92
GC1003827_F11_NODE_1228_length_2616_cov_8.244677	2616	33.75
GC1003827_F11_NODE_1229_length_2615_cov_10.752010	2615	53.19
GC1003827_F11_NODE_1230_length_2615_cov_7.714630	2615	36.60
GC1003827_F11_NODE_1231_length_2614_cov_23.063128	2614	37.57
GC1003827_F11_NODE_1232_length_2614_cov_2.240450	2614	32.33
GC1003827_F11_NODE_1233_length_2614_cov_1.766385	2614	62.20
GC1003827_F11_NODE_1234_length_2612_cov_12.777062	2612	36.68
GC1003827_F11_NODE_1235_length_2611_cov_4.635266	2611	36.58
GC1003827_F11_NODE_1236_length_2609_cov_7.410959	2609	37.64
GC1003827_F11_NODE_1237_length_2608_cov_13.628376	2608	36.35
GC1003827_F11_NODE_1238_length_2608_cov_9.596131	2608	36.31
GC1003827_F11_NODE_1239_length_2608_cov_6.893591	2608	51.42
GC1003827_F11_NODE_1240_length_2606_cov_4.158935	2606	33.00
GC1003827_F11_NODE_1241_length_2605_cov_14.918079	2605	43.69
GC1003827_F11_NODE_1242_length_2604_cov_6.174808	2604	33.64
GC1003827_F11_NODE_1243_length_2603_cov_14.536349	2603	36.57
GC1003827_F11_NODE_1244_length_2603_cov_10.676090	2603	38.03
GC1003827_F11_NODE_1245_length_2603_cov_8.246365	2603	34.08
GC1003827_F11_NODE_1246_length_2603_cov_2.326737	2603	31.62
GC1003827_F11_NODE_1247_length_2602_cov_15.522828	2602	37.05
GC1003827_F11_NODE_1248_length_2602_cov_7.160808	2602	34.90
GC1003827_F11_NODE_1249_length_2602_cov_4.057374	2602	63.14
GC1003827_F11_NODE_1250_length_2601_cov_5.072757	2601	34.18
GC1003827_F11_NODE_1251_length_2600_cov_4.436312	2600	32.04
GC1003827_F11_NODE_1252_length_2599_cov_22.932039	2599	42.13
GC1003827_F11_NODE_1253_length_2598_cov_5.623634	2598	36.18
GC1003827_F11_NODE_1254_length_2596_cov_10.906845	2596	36.86
GC1003827_F11_NODE_1255_length_2596_cov_5.568246	2596	37.40
GC1003827_F11_NODE_1256_length_2595_cov_4.099676	2595	33.95
GC1003827_F11_NODE_1257_length_2595_cov_3.282415	2595	57.57
GC1003827_F11_NODE_1258_length_2594_cov_1.646940	2594	33.58
GC1003827_F11_NODE_1259_length_2592_cov_3.379310	2592	31.83
GC1003827_F11_NODE_1260_length_2591_cov_30.474026	2591	35.78
GC1003827_F11_NODE_1261_length_2591_cov_24.762175	2591	36.82
GC1003827_F11_NODE_1262_length_2591_cov_14.126623	2591	33.42
GC1003827_F11_NODE_1263_length_2591_cov_11.478084	2591	36.36
GC1003827_F11_NODE_1264_length_2591_cov_6.498377	2591	35.78
GC1003827_F11_NODE_1265_length_2591_cov_1.509740	2591	34.12
GC1003827_F11_NODE_1266_length_2590_cov_58.274056	2590	40.58
GC1003827_F11_NODE_1267_length_2585_cov_11.147681	2585	36.98
GC1003827_F11_NODE_1268_length_2585_cov_2.945484	2585	35.59
GC1003827_F11_NODE_1269_length_2584_cov_8.905983	2584	38.70
GC1003827_F11_NODE_1270_length_2583_cov_40.650651	2583	41.81
GC1003827_F11_NODE_1271_length_2583_cov_7.853827	2583	37.51
GC1003827_F11_NODE_1272_length_2583_cov_7.418160	2583	36.51
GC1003827_F11_NODE_1273_length_2583_cov_3.777687	2583	32.52
GC1003827_F11_NODE_1274_length_2582_cov_14.942566	2582	37.03
GC1003827_F11_NODE_1275_length_2579_cov_6.804241	2579	35.32
GC1003827_F11_NODE_1276_length_2579_cov_3.786705	2579	33.93
GC1003827_F11_NODE_1277_length_2578_cov_14.128111	2578	42.24
GC1003827_F11_NODE_1278_length_2577_cov_4.974286	2577	55.34
GC1003827_F11_NODE_1279_length_2576_cov_2.566354	2576	35.36
GC1003827_F11_NODE_1280_length_2576_cov_1.649245	2576	31.99
GC1003827_F11_NODE_1281_length_2575_cov_21.735294	2575	40.12
GC1003827_F11_NODE_1282_length_2575_cov_13.075163	2575	59.65
GC1003827_F11_NODE_1283_length_2574_cov_28.551696	2574	43.20
GC1003827_F11_NODE_1284_length_2573_cov_12.318070	2573	39.14
GC1003827_F11_NODE_1285_length_2573_cov_4.760834	2573	35.02
GC1003827_F11_NODE_1286_length_2572_cov_3.163599	2572	37.60
GC1003827_F11_NODE_1287_length_2572_cov_3.078528	2572	36.98
GC1003827_F11_NODE_1288_length_2569_cov_12.047912	2569	37.72
GC1003827_F11_NODE_1289_length_2567_cov_9.772951	2567	39.07
GC1003827_F11_NODE_1290_length_2565_cov_14.108696	2565	33.57
GC1003827_F11_NODE_1291_length_2565_cov_5.490566	2565	34.74
GC1003827_F11_NODE_1292_length_2564_cov_4.469430	2564	33.66
GC1003827_F11_NODE_1293_length_2563_cov_15.610427	2563	37.22
GC1003827_F11_NODE_1294_length_2563_cov_6.766010	2563	37.34
GC1003827_F11_NODE_1295_length_2562_cov_9.045175	2562	37.20
GC1003827_F11_NODE_1296_length_2562_cov_8.482957	2562	39.23
GC1003827_F11_NODE_1297_length_2561_cov_9.343057	2561	40.22
GC1003827_F11_NODE_1298_length_2561_cov_3.148726	2561	37.88
GC1003827_F11_NODE_1299_length_2561_cov_1.985210	2561	32.92
GC1003827_F11_NODE_1300_length_2560_cov_10.720510	2560	35.39
GC1003827_F11_NODE_1301_length_2560_cov_9.662557	2560	36.05
GC1003827_F11_NODE_1302_length_2560_cov_3.646116	2560	32.46
GC1003827_F11_NODE_1303_length_2559_cov_11.756168	2559	36.11
GC1003827_F11_NODE_1304_length_2559_cov_6.901316	2559	34.04
GC1003827_F11_NODE_1305_length_2559_cov_5.035773	2559	36.03
GC1003827_F11_NODE_1306_length_2558_cov_19.723571	2558	37.41
GC1003827_F11_NODE_1307_length_2558_cov_3.822707	2558	65.09
GC1003827_F11_NODE_1308_length_2556_cov_8.031700	2556	32.67
GC1003827_F11_NODE_1309_length_2555_cov_17.106672	2555	40.35
GC1003827_F11_NODE_1310_length_2555_cov_6.533773	2555	35.07
GC1003827_F11_NODE_1311_length_2555_cov_4.387974	2555	40.98
GC1003827_F11_NODE_1312_length_2555_cov_3.946870	2555	32.72
GC1003827_F11_NODE_1313_length_2554_cov_31.076638	2554	37.27
GC1003827_F11_NODE_1314_length_2554_cov_9.662134	2554	39.35
GC1003827_F11_NODE_1315_length_2553_cov_7.974444	2553	61.42
GC1003827_F11_NODE_1316_length_2553_cov_7.399011	2553	34.31
GC1003827_F11_NODE_1317_length_2553_cov_6.990107	2553	37.92
GC1003827_F11_NODE_1318_length_2553_cov_6.804204	2553	35.10
GC1003827_F11_NODE_1319_length_2553_cov_2.408079	2553	30.79
GC1003827_F11_NODE_1320_length_2552_cov_14.424742	2552	38.99
GC1003827_F11_NODE_1321_length_2552_cov_6.516289	2552	33.50
GC1003827_F11_NODE_1322_length_2552_cov_4.207835	2552	30.72
GC1003827_F11_NODE_1323_length_2552_cov_3.083299	2552	35.34
GC1003827_F11_NODE_1324_length_2551_cov_10.592409	2551	38.77
GC1003827_F11_NODE_1325_length_2551_cov_8.084983	2551	34.61
GC1003827_F11_NODE_1326_length_2550_cov_10.591003	2550	38.94
GC1003827_F11_NODE_1327_length_2550_cov_4.825836	2550	34.86
GC1003827_F11_NODE_1328_length_2549_cov_12.369529	2549	38.13
GC1003827_F11_NODE_1329_length_2549_cov_9.887283	2549	36.52
GC1003827_F11_NODE_1330_length_2546_cov_14.474163	2546	37.59
GC1003827_F11_NODE_1331_length_2546_cov_12.097148	2546	34.88
GC1003827_F11_NODE_1332_length_2545_cov_5.165840	2545	39.29
GC1003827_F11_NODE_1333_length_2544_cov_7.526272	2544	36.91
GC1003827_F11_NODE_1334_length_2544_cov_5.019446	2544	38.60
GC1003827_F11_NODE_1335_length_2543_cov_11.784354	2543	35.59
GC1003827_F11_NODE_1336_length_2543_cov_11.538907	2543	39.95
GC1003827_F11_NODE_1337_length_2543_cov_7.753725	2543	35.94
GC1003827_F11_NODE_1338_length_2543_cov_6.086093	2543	37.63
GC1003827_F11_NODE_1339_length_2543_cov_3.756623	2543	35.51
GC1003827_F11_NODE_1340_length_2542_cov_14.524224	2542	37.21
GC1003827_F11_NODE_1341_length_2542_cov_10.336232	2542	39.77
GC1003827_F11_NODE_1342_length_2542_cov_2.287371	2542	61.01
GC1003827_F11_NODE_1343_length_2539_cov_6.223466	2539	32.89
GC1003827_F11_NODE_1344_length_2538_cov_5.257984	2538	29.04
GC1003827_F11_NODE_1345_length_2537_cov_7.244398	2537	35.36
GC1003827_F11_NODE_1346_length_2536_cov_12.730594	2536	36.75
GC1003827_F11_NODE_1347_length_2536_cov_5.971773	2536	33.68
GC1003827_F11_NODE_1348_length_2536_cov_3.414695	2536	39.63
GC1003827_F11_NODE_1349_length_2535_cov_12.813953	2535	46.98
GC1003827_F11_NODE_1350_length_2535_cov_8.021595	2535	37.44
GC1003827_F11_NODE_1351_length_2534_cov_9.001246	2534	47.40
GC1003827_F11_NODE_1352_length_2534_cov_3.690486	2534	32.95
GC1003827_F11_NODE_1353_length_2533_cov_8.154613	2533	38.89
GC1003827_F11_NODE_1354_length_2533_cov_6.684123	2533	49.82
GC1003827_F11_NODE_1355_length_2533_cov_5.857024	2533	52.27
GC1003827_F11_NODE_1356_length_2532_cov_2.680249	2532	33.06
GC1003827_F11_NODE_1357_length_2532_cov_2.032848	2532	36.22
GC1003827_F11_NODE_1358_length_2531_cov_20.774542	2531	39.83
GC1003827_F11_NODE_1359_length_2531_cov_8.249168	2531	39.91
GC1003827_F11_NODE_1360_length_2531_cov_4.016223	2531	31.85
GC1003827_F11_NODE_1361_length_2531_cov_2.844842	2531	31.73
GC1003827_F11_NODE_1362_length_2530_cov_14.962547	2530	41.19
GC1003827_F11_NODE_1363_length_2530_cov_13.194757	2530	39.60
GC1003827_F11_NODE_1364_length_2529_cov_9.413405	2529	35.78
GC1003827_F11_NODE_1365_length_2526_cov_7.808670	2526	34.92
GC1003827_F11_NODE_1366_length_2526_cov_7.748645	2526	35.79
GC1003827_F11_NODE_1367_length_2525_cov_8.488741	2525	59.41
GC1003827_F11_NODE_1368_length_2524_cov_14.379641	2524	36.73
GC1003827_F11_NODE_1369_length_2524_cov_2.963287	2524	33.84
GC1003827_F11_NODE_1370_length_2523_cov_5.515025	2523	34.48
GC1003827_F11_NODE_1371_length_2523_cov_5.057596	2523	35.04
GC1003827_F11_NODE_1372_length_2521_cov_6.016708	2521	32.37
GC1003827_F11_NODE_1373_length_2520_cov_6.374008	2520	38.06
GC1003827_F11_NODE_1374_length_2519_cov_6.567308	2519	37.91
GC1003827_F11_NODE_1375_length_2519_cov_3.168060	2519	34.42
GC1003827_F11_NODE_1376_length_2518_cov_21.921790	2518	37.81
GC1003827_F11_NODE_1377_length_2518_cov_10.688415	2518	39.91
GC1003827_F11_NODE_1378_length_2518_cov_4.949394	2518	32.88
GC1003827_F11_NODE_1379_length_2518_cov_4.771225	2518	34.07
GC1003827_F11_NODE_1380_length_2516_cov_30.564253	2516	36.53
GC1003827_F11_NODE_1381_length_2516_cov_27.337798	2516	38.24
GC1003827_F11_NODE_1382_length_2516_cov_3.819590	2516	38.67
GC1003827_F11_NODE_1383_length_2516_cov_2.519883	2516	60.10
GC1003827_F11_NODE_1384_length_2515_cov_9.113065	2515	36.18
GC1003827_F11_NODE_1385_length_2514_cov_5.519899	2514	35.08
GC1003827_F11_NODE_1386_length_2513_cov_10.336966	2513	42.54
GC1003827_F11_NODE_1387_length_2513_cov_9.114417	2513	34.42
GC1003827_F11_NODE_1388_length_2512_cov_14.074214	2512	40.72
GC1003827_F11_NODE_1389_length_2511_cov_14.520134	2511	53.96
GC1003827_F11_NODE_1390_length_2511_cov_8.718540	2511	38.39
GC1003827_F11_NODE_1391_length_2510_cov_11.704574	2510	59.04
GC1003827_F11_NODE_1392_length_2510_cov_4.242971	2510	38.73
GC1003827_F11_NODE_1393_length_2510_cov_3.375577	2510	33.47
GC1003827_F11_NODE_1394_length_2509_cov_4.046599	2509	33.64
GC1003827_F11_NODE_1395_length_2508_cov_24.118438	2508	39.91
GC1003827_F11_NODE_1396_length_2508_cov_12.131877	2508	37.40
GC1003827_F11_NODE_1397_length_2507_cov_7.736134	2507	36.42
GC1003827_F11_NODE_1398_length_2506_cov_9.053804	2506	35.83
GC1003827_F11_NODE_1399_length_2504_cov_14.339504	2504	35.66
GC1003827_F11_NODE_1400_length_2504_cov_10.449306	2504	41.01
GC1003827_F11_NODE_1401_length_2502_cov_7.642526	2502	36.65
GC1003827_F11_NODE_1402_length_2502_cov_3.955368	2502	66.67
GC1003827_F11_NODE_1403_length_2502_cov_2.819789	2502	32.89
GC1003827_F11_NODE_1404_length_2500_cov_6.420565	2500	38.72
GC1003827_F11_NODE_1405_length_2500_cov_2.572271	2500	29.76
GC1003827_F11_NODE_1406_length_2499_cov_16.186762	2499	42.06
GC1003827_F11_NODE_1407_length_2499_cov_10.492411	2499	40.22
GC1003827_F11_NODE_1408_length_2498_cov_19.618305	2498	37.55
GC1003827_F11_NODE_1409_length_2498_cov_8.712779	2498	45.80
GC1003827_F11_NODE_1410_length_2498_cov_7.180936	2498	32.35
GC1003827_F11_NODE_1411_length_2498_cov_6.970055	2498	35.43
GC1003827_F11_NODE_1412_length_2498_cov_4.981864	2498	37.19
GC1003827_F11_NODE_1413_length_2496_cov_15.136344	2496	32.41
GC1003827_F11_NODE_1414_length_2496_cov_6.660194	2496	34.17
GC1003827_F11_NODE_1415_length_2495_cov_27.089527	2495	36.59
GC1003827_F11_NODE_1416_length_2495_cov_10.349662	2495	36.23
GC1003827_F11_NODE_1417_length_2495_cov_1.628801	2495	29.82
GC1003827_F11_NODE_1418_length_2493_cov_9.871090	2493	34.46
GC1003827_F11_NODE_1419_length_2493_cov_4.193576	2493	38.67
GC1003827_F11_NODE_1420_length_2492_cov_30.604651	2492	34.91
GC1003827_F11_NODE_1421_length_2492_cov_15.446934	2492	37.52
GC1003827_F11_NODE_1422_length_2492_cov_4.947992	2492	37.80
GC1003827_F11_NODE_1423_length_2491_cov_9.890017	2491	48.49
GC1003827_F11_NODE_1424_length_2491_cov_1.853215	2491	58.29
GC1003827_F11_NODE_1425_length_2490_cov_14.986458	2490	35.54
GC1003827_F11_NODE_1426_length_2490_cov_6.140499	2490	39.04
GC1003827_F11_NODE_1427_length_2490_cov_5.454507	2490	36.47
GC1003827_F11_NODE_1428_length_2490_cov_4.111299	2490	31.53
GC1003827_F11_NODE_1429_length_2489_cov_9.848857	2489	32.82
GC1003827_F11_NODE_1430_length_2489_cov_5.091025	2489	34.27
GC1003827_F11_NODE_1431_length_2488_cov_7.911902	2488	31.75
GC1003827_F11_NODE_1432_length_2488_cov_2.814909	2488	33.60
GC1003827_F11_NODE_1433_length_2487_cov_5.450424	2487	34.58
GC1003827_F11_NODE_1434_length_2486_cov_8.212378	2486	54.18
GC1003827_F11_NODE_1435_length_2486_cov_7.584994	2486	35.12
GC1003827_F11_NODE_1436_length_2486_cov_5.358627	2486	32.66
GC1003827_F11_NODE_1437_length_2486_cov_4.921577	2486	37.65
GC1003827_F11_NODE_1438_length_2486_cov_4.824502	2486	36.24
GC1003827_F11_NODE_1439_length_2486_cov_3.774905	2486	34.35
GC1003827_F11_NODE_1440_length_2484_cov_9.120916	2484	54.27
GC1003827_F11_NODE_1441_length_2483_cov_5.129032	2483	37.94
GC1003827_F11_NODE_1442_length_2482_cov_36.157537	2482	36.58
GC1003827_F11_NODE_1443_length_2482_cov_15.418259	2482	37.79
GC1003827_F11_NODE_1444_length_2481_cov_13.747664	2481	42.04
GC1003827_F11_NODE_1445_length_2481_cov_11.548003	2481	44.14
GC1003827_F11_NODE_1446_length_2481_cov_10.448173	2481	37.89
GC1003827_F11_NODE_1447_length_2481_cov_7.416313	2481	52.40
GC1003827_F11_NODE_1448_length_2481_cov_4.553526	2481	38.98
GC1003827_F11_NODE_1449_length_2481_cov_4.015718	2481	37.69
GC1003827_F11_NODE_1450_length_2481_cov_3.228972	2481	32.97
GC1003827_F11_NODE_1451_length_2481_cov_2.704758	2481	33.33
GC1003827_F11_NODE_1452_length_2481_cov_2.625743	2481	33.66
GC1003827_F11_NODE_1453_length_2481_cov_2.612150	2481	32.97
GC1003827_F11_NODE_1454_length_2479_cov_5.194728	2479	34.65
GC1003827_F11_NODE_1455_length_2478_cov_2.719694	2478	30.83
GC1003827_F11_NODE_1456_length_2476_cov_1.556407	2476	38.73
GC1003827_F11_NODE_1457_length_2475_cov_50.568995	2475	38.87
GC1003827_F11_NODE_1458_length_2475_cov_11.734242	2475	36.16
GC1003827_F11_NODE_1459_length_2475_cov_6.474446	2475	38.46
GC1003827_F11_NODE_1460_length_2475_cov_5.481261	2475	34.79
GC1003827_F11_NODE_1461_length_2475_cov_4.806644	2475	33.86
GC1003827_F11_NODE_1462_length_2474_cov_5.978696	2474	31.37
GC1003827_F11_NODE_1463_length_2473_cov_9.817988	2473	48.56
GC1003827_F11_NODE_1464_length_2473_cov_6.484228	2473	36.96
GC1003827_F11_NODE_1465_length_2473_cov_5.183291	2473	35.02
GC1003827_F11_NODE_1466_length_2473_cov_4.119352	2473	29.80
GC1003827_F11_NODE_1467_length_2473_cov_4.017477	2473	33.40
GC1003827_F11_NODE_1468_length_2471_cov_10.481655	2471	37.92
GC1003827_F11_NODE_1469_length_2471_cov_10.174488	2471	41.36
GC1003827_F11_NODE_1470_length_2471_cov_3.200512	2471	32.29
GC1003827_F11_NODE_1471_length_2471_cov_2.943686	2471	63.50
GC1003827_F11_NODE_1472_length_2468_cov_115.954720	2468	38.13
GC1003827_F11_NODE_1473_length_2468_cov_6.917129	2468	31.69
GC1003827_F11_NODE_1474_length_2467_cov_7.635897	2467	37.90
GC1003827_F11_NODE_1475_length_2467_cov_5.491880	2467	37.41
GC1003827_F11_NODE_1476_length_2467_cov_1.568376	2467	61.61
GC1003827_F11_NODE_1477_length_2466_cov_6.512185	2466	39.05
GC1003827_F11_NODE_1478_length_2465_cov_8.676219	2465	40.28
GC1003827_F11_NODE_1479_length_2464_cov_29.799315	2464	36.20
GC1003827_F11_NODE_1480_length_2464_cov_9.593496	2464	35.88
GC1003827_F11_NODE_1481_length_2463_cov_3.338185	2463	66.22
GC1003827_F11_NODE_1482_length_2463_cov_3.280394	2463	33.50
GC1003827_F11_NODE_1483_length_2462_cov_8.721199	2462	33.79
GC1003827_F11_NODE_1484_length_2462_cov_1.967452	2462	62.14
GC1003827_F11_NODE_1485_length_2461_cov_4.392459	2461	34.13
GC1003827_F11_NODE_1486_length_2460_cov_6.544792	2460	34.72
GC1003827_F11_NODE_1487_length_2460_cov_5.057008	2460	33.62
GC1003827_F11_NODE_1488_length_2458_cov_32.177606	2458	35.80
GC1003827_F11_NODE_1489_length_2458_cov_5.818533	2458	36.78
GC1003827_F11_NODE_1490_length_2457_cov_16.546781	2457	40.70
GC1003827_F11_NODE_1491_length_2457_cov_6.984120	2457	37.32
GC1003827_F11_NODE_1492_length_2457_cov_6.251073	2457	35.73
GC1003827_F11_NODE_1493_length_2457_cov_5.292704	2457	38.91
GC1003827_F11_NODE_1494_length_2457_cov_3.927897	2457	36.43
GC1003827_F11_NODE_1495_length_2456_cov_20.703306	2456	43.20
GC1003827_F11_NODE_1496_length_2456_cov_8.732933	2456	33.75
GC1003827_F11_NODE_1497_length_2456_cov_8.333190	2456	41.94
GC1003827_F11_NODE_1498_length_2456_cov_5.322885	2456	61.69
GC1003827_F11_NODE_1499_length_2456_cov_3.702877	2456	31.51
GC1003827_F11_NODE_1500_length_2454_cov_1.636872	2454	34.03
GC1003827_F11_NODE_1501_length_2453_cov_5.196045	2453	35.43
GC1003827_F11_NODE_1502_length_2452_cov_7.348817	2452	36.99
GC1003827_F11_NODE_1503_length_2451_cov_13.397590	2451	38.88
GC1003827_F11_NODE_1504_length_2451_cov_2.826162	2451	34.84
GC1003827_F11_NODE_1505_length_2450_cov_8.901851	2450	57.22
GC1003827_F11_NODE_1506_length_2450_cov_6.632372	2450	36.12
GC1003827_F11_NODE_1507_length_2450_cov_4.497202	2450	32.45
GC1003827_F11_NODE_1508_length_2449_cov_10.184755	2449	52.43
GC1003827_F11_NODE_1509_length_2449_cov_8.191645	2449	37.65
GC1003827_F11_NODE_1510_length_2448_cov_8.763895	2448	35.99
GC1003827_F11_NODE_1511_length_2448_cov_7.301163	2448	37.79
GC1003827_F11_NODE_1512_length_2448_cov_6.099526	2448	34.89
GC1003827_F11_NODE_1513_length_2447_cov_6.869828	2447	62.44
GC1003827_F11_NODE_1514_length_2446_cov_4.137559	2446	58.75
GC1003827_F11_NODE_1515_length_2446_cov_1.617076	2446	32.05
GC1003827_F11_NODE_1516_length_2445_cov_1.514236	2445	34.68
GC1003827_F11_NODE_1517_length_2444_cov_6.245145	2444	33.92
GC1003827_F11_NODE_1518_length_2443_cov_3.781952	2443	35.86
GC1003827_F11_NODE_1519_length_2442_cov_8.388769	2442	34.28
GC1003827_F11_NODE_1520_length_2441_cov_9.430424	2441	34.29
GC1003827_F11_NODE_1521_length_2441_cov_8.657303	2441	39.21
GC1003827_F11_NODE_1522_length_2440_cov_14.800259	2440	42.91
GC1003827_F11_NODE_1523_length_2440_cov_12.040640	2440	37.58
GC1003827_F11_NODE_1524_length_2439_cov_6.844723	2439	41.16
GC1003827_F11_NODE_1525_length_2439_cov_6.673010	2439	35.51
GC1003827_F11_NODE_1526_length_2438_cov_10.805712	2438	35.56
GC1003827_F11_NODE_1527_length_2438_cov_7.707486	2438	35.40
GC1003827_F11_NODE_1528_length_2438_cov_2.229771	2438	62.35
GC1003827_F11_NODE_1529_length_2437_cov_8.921212	2437	39.19
GC1003827_F11_NODE_1530_length_2437_cov_2.651948	2437	33.32
GC1003827_F11_NODE_1531_length_2436_cov_14.375920	2436	36.86
GC1003827_F11_NODE_1532_length_2436_cov_8.580338	2436	38.63
GC1003827_F11_NODE_1533_length_2436_cov_6.904288	2436	36.00
GC1003827_F11_NODE_1534_length_2436_cov_5.842356	2436	34.32
GC1003827_F11_NODE_1535_length_2435_cov_3.578856	2435	35.36
GC1003827_F11_NODE_1536_length_2434_cov_10.325531	2434	35.37
GC1003827_F11_NODE_1537_length_2433_cov_8.675195	2433	33.74
GC1003827_F11_NODE_1538_length_2433_cov_4.007806	2433	61.73
GC1003827_F11_NODE_1539_length_2433_cov_2.707719	2433	37.44
GC1003827_F11_NODE_1540_length_2433_cov_1.858196	2433	56.51
GC1003827_F11_NODE_1541_length_2432_cov_13.265510	2432	36.39
GC1003827_F11_NODE_1542_length_2431_cov_9.983073	2431	31.80
GC1003827_F11_NODE_1543_length_2430_cov_14.470256	2430	39.18
GC1003827_F11_NODE_1544_length_2430_cov_7.252714	2430	37.98
GC1003827_F11_NODE_1545_length_2430_cov_2.932696	2430	31.23
GC1003827_F11_NODE_1546_length_2429_cov_13.055604	2429	51.42
GC1003827_F11_NODE_1547_length_2429_cov_6.951781	2429	33.59
GC1003827_F11_NODE_1548_length_2429_cov_1.916160	2429	48.58
GC1003827_F11_NODE_1549_length_2428_cov_7.645372	2428	38.39
GC1003827_F11_NODE_1550_length_2428_cov_7.022599	2428	33.94
GC1003827_F11_NODE_1551_length_2427_cov_4.266522	2427	38.36
GC1003827_F11_NODE_1552_length_2427_cov_4.091739	2427	29.91
GC1003827_F11_NODE_1553_length_2427_cov_3.941304	2427	36.18
GC1003827_F11_NODE_1554_length_2427_cov_2.830000	2427	67.20
GC1003827_F11_NODE_1555_length_2426_cov_23.790344	2426	40.35
GC1003827_F11_NODE_1556_length_2426_cov_10.388865	2426	33.64
GC1003827_F11_NODE_1557_length_2426_cov_6.244019	2426	36.60
GC1003827_F11_NODE_1558_length_2426_cov_5.030448	2426	31.86
GC1003827_F11_NODE_1559_length_2426_cov_4.630274	2426	34.71
GC1003827_F11_NODE_1560_length_2425_cov_6.596171	2425	29.90
GC1003827_F11_NODE_1561_length_2424_cov_6.311711	2424	42.70
GC1003827_F11_NODE_1562_length_2424_cov_3.067915	2424	28.96
GC1003827_F11_NODE_1563_length_2423_cov_22.680314	2423	40.78
GC1003827_F11_NODE_1564_length_2422_cov_12.099346	2422	55.86
GC1003827_F11_NODE_1565_length_2421_cov_13.989974	2421	34.20
GC1003827_F11_NODE_1566_length_2421_cov_9.433304	2421	36.35
GC1003827_F11_NODE_1567_length_2421_cov_6.999564	2421	39.53
GC1003827_F11_NODE_1568_length_2421_cov_6.512206	2421	40.93
GC1003827_F11_NODE_1569_length_2421_cov_6.233217	2421	39.28
GC1003827_F11_NODE_1570_length_2421_cov_4.253269	2421	33.79
GC1003827_F11_NODE_1571_length_2420_cov_7.835150	2420	50.17
GC1003827_F11_NODE_1572_length_2420_cov_7.384213	2420	58.80
GC1003827_F11_NODE_1573_length_2419_cov_5.736475	2419	33.69
GC1003827_F11_NODE_1574_length_2418_cov_4.907900	2418	60.84
GC1003827_F11_NODE_1575_length_2418_cov_4.354430	2418	36.72
GC1003827_F11_NODE_1576_length_2417_cov_7.899127	2417	38.48
GC1003827_F11_NODE_1577_length_2417_cov_4.472926	2417	41.62
GC1003827_F11_NODE_1578_length_2416_cov_6.899083	2416	33.82
GC1003827_F11_NODE_1579_length_2416_cov_5.950197	2416	32.99
GC1003827_F11_NODE_1580_length_2416_cov_3.293141	2416	60.22
GC1003827_F11_NODE_1581_length_2415_cov_12.264860	2415	59.17
GC1003827_F11_NODE_1582_length_2415_cov_9.542395	2415	34.41
GC1003827_F11_NODE_1583_length_2415_cov_7.939685	2415	57.43
GC1003827_F11_NODE_1584_length_2415_cov_7.673077	2415	37.27
GC1003827_F11_NODE_1585_length_2415_cov_3.877185	2415	36.85
GC1003827_F11_NODE_1586_length_2415_cov_2.067308	2415	34.58
GC1003827_F11_NODE_1587_length_2414_cov_3.118496	2414	30.65
GC1003827_F11_NODE_1588_length_2412_cov_2.982932	2412	55.60
GC1003827_F11_NODE_1589_length_2411_cov_5.940455	2411	38.37
GC1003827_F11_NODE_1590_length_2411_cov_4.265324	2411	32.85
GC1003827_F11_NODE_1591_length_2411_cov_3.045534	2411	34.92
GC1003827_F11_NODE_1592_length_2410_cov_14.206746	2410	48.59
GC1003827_F11_NODE_1593_length_2410_cov_12.984231	2410	35.39
GC1003827_F11_NODE_1594_length_2410_cov_8.842751	2410	37.68
GC1003827_F11_NODE_1595_length_2409_cov_19.544698	2409	36.28
GC1003827_F11_NODE_1596_length_2409_cov_4.424189	2409	34.29
GC1003827_F11_NODE_1597_length_2408_cov_4.009206	2408	52.24
GC1003827_F11_NODE_1598_length_2407_cov_9.980263	2407	33.28
GC1003827_F11_NODE_1599_length_2407_cov_6.844737	2407	36.23
GC1003827_F11_NODE_1600_length_2406_cov_7.389206	2406	34.46
GC1003827_F11_NODE_1601_length_2406_cov_4.170250	2406	36.28
GC1003827_F11_NODE_1602_length_2405_cov_9.162423	2405	38.88
GC1003827_F11_NODE_1603_length_2405_cov_1.329675	2405	65.16
GC1003827_F11_NODE_1604_length_2404_cov_21.045235	2404	38.19
GC1003827_F11_NODE_1605_length_2403_cov_7.923989	2403	34.71
GC1003827_F11_NODE_1606_length_2402_cov_31.292747	2402	40.67
GC1003827_F11_NODE_1607_length_2402_cov_7.546374	2402	35.39
GC1003827_F11_NODE_1608_length_2402_cov_6.463297	2402	35.55
GC1003827_F11_NODE_1609_length_2402_cov_4.302418	2402	35.68
GC1003827_F11_NODE_1610_length_2402_cov_3.721758	2402	58.24
GC1003827_F11_NODE_1611_length_2401_cov_15.855761	2401	37.19
GC1003827_F11_NODE_1612_length_2401_cov_6.456904	2401	33.99
GC1003827_F11_NODE_1613_length_2401_cov_4.544415	2401	32.78
GC1003827_F11_NODE_1614_length_2400_cov_12.923449	2400	40.21
GC1003827_F11_NODE_1615_length_2400_cov_3.740431	2400	34.79
GC1003827_F11_NODE_1616_length_2400_cov_1.444347	2400	30.75
GC1003827_F11_NODE_1617_length_2399_cov_6.253961	2399	40.06
GC1003827_F11_NODE_1618_length_2399_cov_5.245158	2399	32.35
GC1003827_F11_NODE_1619_length_2398_cov_13.467635	2398	34.07
GC1003827_F11_NODE_1620_length_2398_cov_13.350947	2398	33.24
GC1003827_F11_NODE_1621_length_2398_cov_3.440775	2398	36.53
GC1003827_F11_NODE_1622_length_2397_cov_2.077093	2397	34.46
GC1003827_F11_NODE_1623_length_2396_cov_9.327016	2396	32.47
GC1003827_F11_NODE_1624_length_2396_cov_3.673424	2396	30.38
GC1003827_F11_NODE_1625_length_2395_cov_9.259700	2395	34.28
GC1003827_F11_NODE_1626_length_2395_cov_5.190035	2395	36.03
GC1003827_F11_NODE_1627_length_2395_cov_3.175926	2395	33.07
GC1003827_F11_NODE_1628_length_2394_cov_6.561535	2394	35.59
GC1003827_F11_NODE_1629_length_2394_cov_4.108072	2394	31.12
GC1003827_F11_NODE_1630_length_2393_cov_3.884378	2393	62.56
GC1003827_F11_NODE_1631_length_2393_cov_2.107237	2393	35.90
GC1003827_F11_NODE_1632_length_2392_cov_7.796026	2392	36.25
GC1003827_F11_NODE_1633_length_2392_cov_5.211921	2392	33.74
GC1003827_F11_NODE_1634_length_2391_cov_7.341873	2391	32.71
GC1003827_F11_NODE_1635_length_2391_cov_5.158569	2391	57.13
GC1003827_F11_NODE_1636_length_2391_cov_4.254417	2391	63.03
GC1003827_F11_NODE_1637_length_2390_cov_2.937693	2390	32.30
GC1003827_F11_NODE_1638_length_2389_cov_9.304598	2389	38.76
GC1003827_F11_NODE_1639_length_2387_cov_7.056637	2387	36.49
GC1003827_F11_NODE_1640_length_2387_cov_5.128761	2387	36.70
GC1003827_F11_NODE_1641_length_2385_cov_6.395040	2385	56.98
GC1003827_F11_NODE_1642_length_2384_cov_10.816128	2384	38.46
GC1003827_F11_NODE_1643_length_2383_cov_16.548759	2383	36.80
GC1003827_F11_NODE_1644_length_2383_cov_10.013741	2383	35.08
GC1003827_F11_NODE_1645_length_2382_cov_13.070953	2382	40.85
GC1003827_F11_NODE_1646_length_2382_cov_7.346341	2382	38.83
GC1003827_F11_NODE_1647_length_2382_cov_5.551220	2382	31.23
GC1003827_F11_NODE_1648_length_2381_cov_12.053682	2381	39.69
GC1003827_F11_NODE_1649_length_2380_cov_2.901465	2380	39.33
GC1003827_F11_NODE_1650_length_2380_cov_2.165113	2380	35.46
GC1003827_F11_NODE_1651_length_2379_cov_11.993339	2379	36.44
GC1003827_F11_NODE_1652_length_2379_cov_9.155861	2379	38.71
GC1003827_F11_NODE_1653_length_2379_cov_6.360568	2379	37.20
GC1003827_F11_NODE_1654_length_2378_cov_9.377166	2378	34.90
GC1003827_F11_NODE_1655_length_2378_cov_2.808974	2378	58.62
GC1003827_F11_NODE_1656_length_2377_cov_6.231111	2377	35.09
GC1003827_F11_NODE_1657_length_2377_cov_4.496889	2377	36.73
GC1003827_F11_NODE_1658_length_2377_cov_2.230222	2377	36.60
GC1003827_F11_NODE_1659_length_2375_cov_5.519128	2375	32.93
GC1003827_F11_NODE_1660_length_2375_cov_4.471530	2375	37.47
GC1003827_F11_NODE_1661_length_2374_cov_44.507788	2374	40.23
GC1003827_F11_NODE_1662_length_2374_cov_8.429016	2374	42.21
GC1003827_F11_NODE_1663_length_2374_cov_2.208723	2374	32.90
GC1003827_F11_NODE_1664_length_2372_cov_3.993318	2372	33.60
GC1003827_F11_NODE_1665_length_2372_cov_2.445880	2372	32.72
GC1003827_F11_NODE_1666_length_2370_cov_12.590727	2370	35.65
GC1003827_F11_NODE_1667_length_2369_cov_6.148974	2369	31.36
GC1003827_F11_NODE_1668_length_2368_cov_3.809460	2368	57.22
GC1003827_F11_NODE_1669_length_2368_cov_3.649264	2368	31.63
GC1003827_F11_NODE_1670_length_2367_cov_22.222321	2367	34.09
GC1003827_F11_NODE_1671_length_2367_cov_21.887946	2367	39.12
GC1003827_F11_NODE_1672_length_2366_cov_5.754801	2366	33.73
GC1003827_F11_NODE_1673_length_2366_cov_4.511836	2366	41.38
GC1003827_F11_NODE_1674_length_2366_cov_2.193390	2366	31.49
GC1003827_F11_NODE_1675_length_2365_cov_6.727882	2365	33.70
GC1003827_F11_NODE_1676_length_2365_cov_3.618856	2365	35.10
GC1003827_F11_NODE_1677_length_2364_cov_16.097899	2364	40.74
GC1003827_F11_NODE_1678_length_2363_cov_16.313506	2363	36.10
GC1003827_F11_NODE_1679_length_2361_cov_11.367502	2361	34.10
GC1003827_F11_NODE_1680_length_2361_cov_4.941808	2361	33.67
GC1003827_F11_NODE_1681_length_2361_cov_3.627574	2361	34.73
GC1003827_F11_NODE_1682_length_2359_cov_14.792563	2359	37.98
GC1003827_F11_NODE_1683_length_2359_cov_11.684588	2359	36.75
GC1003827_F11_NODE_1684_length_2358_cov_18.792918	2358	42.62
GC1003827_F11_NODE_1685_length_2358_cov_11.186015	2358	37.23
GC1003827_F11_NODE_1686_length_2358_cov_8.230838	2358	32.70
GC1003827_F11_NODE_1687_length_2358_cov_7.593008	2358	38.13
GC1003827_F11_NODE_1688_length_2358_cov_4.189601	2358	39.40
GC1003827_F11_NODE_1689_length_2358_cov_1.640072	2358	37.15
GC1003827_F11_NODE_1690_length_2357_cov_5.796861	2357	34.28
GC1003827_F11_NODE_1691_length_2356_cov_14.252131	2356	41.43
GC1003827_F11_NODE_1692_length_2356_cov_4.863167	2356	38.54
GC1003827_F11_NODE_1693_length_2356_cov_4.064154	2356	56.83
GC1003827_F11_NODE_1694_length_2355_cov_10.611759	2355	33.76
GC1003827_F11_NODE_1695_length_2354_cov_10.280647	2354	37.13
GC1003827_F11_NODE_1696_length_2354_cov_6.318815	2354	41.12
GC1003827_F11_NODE_1697_length_2354_cov_3.507409	2354	31.22
GC1003827_F11_NODE_1698_length_2353_cov_1.873315	2353	30.39
GC1003827_F11_NODE_1699_length_2352_cov_9.327191	2352	35.54
GC1003827_F11_NODE_1700_length_2352_cov_7.542022	2352	38.61
GC1003827_F11_NODE_1701_length_2352_cov_4.070112	2352	35.42
GC1003827_F11_NODE_1702_length_2351_cov_5.258993	2351	32.24
GC1003827_F11_NODE_1703_length_2349_cov_4.717372	2349	32.31
GC1003827_F11_NODE_1704_length_2349_cov_2.268227	2349	32.95
GC1003827_F11_NODE_1705_length_2348_cov_7.769473	2348	34.20
GC1003827_F11_NODE_1706_length_2346_cov_9.771068	2346	39.00
GC1003827_F11_NODE_1707_length_2346_cov_6.082920	2346	35.12
GC1003827_F11_NODE_1708_length_2346_cov_3.458765	2346	66.11
GC1003827_F11_NODE_1709_length_2345_cov_22.208747	2345	35.31
GC1003827_F11_NODE_1710_length_2345_cov_5.146979	2345	38.46
GC1003827_F11_NODE_1711_length_2345_cov_1.989630	2345	59.10
GC1003827_F11_NODE_1712_length_2344_cov_14.862427	2344	38.18
GC1003827_F11_NODE_1713_length_2343_cov_15.708935	2343	40.38
GC1003827_F11_NODE_1714_length_2343_cov_4.311372	2343	32.82
GC1003827_F11_NODE_1715_length_2342_cov_4.359368	2342	61.53
GC1003827_F11_NODE_1716_length_2341_cov_9.528455	2341	48.87
GC1003827_F11_NODE_1717_length_2341_cov_3.509033	2341	31.65
GC1003827_F11_NODE_1718_length_2340_cov_10.873927	2340	40.51
GC1003827_F11_NODE_1719_length_2340_cov_3.807501	2340	35.13
GC1003827_F11_NODE_1720_length_2340_cov_3.089471	2340	63.89
GC1003827_F11_NODE_1721_length_2340_cov_2.514234	2340	40.38
GC1003827_F11_NODE_1722_length_2339_cov_14.269892	2339	34.54
GC1003827_F11_NODE_1723_length_2338_cov_6.388964	2338	36.23
GC1003827_F11_NODE_1724_length_2337_cov_21.879186	2337	36.24
GC1003827_F11_NODE_1725_length_2337_cov_12.574208	2337	36.33
GC1003827_F11_NODE_1726_length_2337_cov_7.211312	2337	34.96
GC1003827_F11_NODE_1727_length_2336_cov_9.910819	2336	33.95
GC1003827_F11_NODE_1728_length_2335_cov_8.427989	2335	37.47
GC1003827_F11_NODE_1729_length_2334_cov_30.014952	2334	40.06
GC1003827_F11_NODE_1730_length_2334_cov_6.995922	2334	36.76
GC1003827_F11_NODE_1731_length_2334_cov_5.699139	2334	37.70
GC1003827_F11_NODE_1732_length_2334_cov_5.519710	2334	37.53
GC1003827_F11_NODE_1733_length_2333_cov_8.067543	2333	45.82
GC1003827_F11_NODE_1734_length_2333_cov_2.568450	2333	35.45
GC1003827_F11_NODE_1735_length_2333_cov_2.308250	2333	60.09
GC1003827_F11_NODE_1736_length_2332_cov_10.355556	2332	37.56
GC1003827_F11_NODE_1737_length_2331_cov_3.243648	2331	35.56
GC1003827_F11_NODE_1738_length_2330_cov_15.853836	2330	40.86
GC1003827_F11_NODE_1739_length_2329_cov_5.141235	2329	38.81
GC1003827_F11_NODE_1740_length_2329_cov_2.736603	2329	59.90
GC1003827_F11_NODE_1741_length_2328_cov_6.709223	2328	32.35
GC1003827_F11_NODE_1742_length_2328_cov_6.268969	2328	34.97
GC1003827_F11_NODE_1743_length_2327_cov_12.167727	2327	39.06
GC1003827_F11_NODE_1744_length_2327_cov_8.534091	2327	42.24
GC1003827_F11_NODE_1745_length_2327_cov_3.438636	2327	58.62
GC1003827_F11_NODE_1746_length_2327_cov_2.313636	2327	40.40
GC1003827_F11_NODE_1747_length_2327_cov_2.149091	2327	33.65
GC1003827_F11_NODE_1748_length_2325_cov_12.923567	2325	40.17
GC1003827_F11_NODE_1749_length_2324_cov_15.507055	2324	36.27
GC1003827_F11_NODE_1750_length_2324_cov_8.748293	2324	38.98
GC1003827_F11_NODE_1751_length_2324_cov_5.374602	2324	37.18
GC1003827_F11_NODE_1752_length_2323_cov_8.352459	2323	35.94
GC1003827_F11_NODE_1753_length_2323_cov_7.755920	2323	36.42
GC1003827_F11_NODE_1754_length_2323_cov_4.045082	2323	32.07
GC1003827_F11_NODE_1755_length_2323_cov_1.187614	2323	31.38
GC1003827_F11_NODE_1756_length_2323_cov_1.121585	2323	32.50
GC1003827_F11_NODE_1757_length_2322_cov_32.248292	2322	38.67
GC1003827_F11_NODE_1758_length_2322_cov_6.828246	2322	38.37
GC1003827_F11_NODE_1759_length_2321_cov_4.449863	2321	41.06
GC1003827_F11_NODE_1760_length_2321_cov_2.493619	2321	32.14
GC1003827_F11_NODE_1761_length_2320_cov_27.917921	2320	40.95
GC1003827_F11_NODE_1762_length_2320_cov_20.859097	2320	45.86
GC1003827_F11_NODE_1763_length_2320_cov_2.504332	2320	32.24
GC1003827_F11_NODE_1764_length_2319_cov_4.315237	2319	31.39
GC1003827_F11_NODE_1765_length_2318_cov_18.008672	2318	39.13
GC1003827_F11_NODE_1766_length_2318_cov_9.412597	2318	41.50
GC1003827_F11_NODE_1767_length_2318_cov_9.279781	2318	34.69
GC1003827_F11_NODE_1768_length_2318_cov_6.632131	2318	33.65
GC1003827_F11_NODE_1769_length_2318_cov_3.043359	2318	34.51
GC1003827_F11_NODE_1770_length_2316_cov_8.997259	2316	38.56
GC1003827_F11_NODE_1771_length_2316_cov_7.966195	2316	35.79
GC1003827_F11_NODE_1772_length_2316_cov_6.731384	2316	33.46
GC1003827_F11_NODE_1773_length_2315_cov_14.187386	2315	38.23
GC1003827_F11_NODE_1774_length_2315_cov_9.970750	2315	39.18
GC1003827_F11_NODE_1775_length_2315_cov_9.334552	2315	37.06
GC1003827_F11_NODE_1776_length_2315_cov_3.821298	2315	29.81
GC1003827_F11_NODE_1777_length_2315_cov_3.669561	2315	37.02
GC1003827_F11_NODE_1778_length_2314_cov_3.167810	2314	35.91
GC1003827_F11_NODE_1779_length_2313_cov_3.690302	2313	45.31
GC1003827_F11_NODE_1780_length_2313_cov_3.281336	2313	33.81
GC1003827_F11_NODE_1781_length_2313_cov_2.188015	2313	34.76
GC1003827_F11_NODE_1782_length_2312_cov_13.227460	2312	37.89
GC1003827_F11_NODE_1783_length_2312_cov_9.936842	2312	33.17
GC1003827_F11_NODE_1784_length_2312_cov_3.659497	2312	34.34
GC1003827_F11_NODE_1785_length_2311_cov_15.402930	2311	39.68
GC1003827_F11_NODE_1786_length_2311_cov_3.257784	2311	37.43
GC1003827_F11_NODE_1787_length_2310_cov_12.583142	2310	37.62
GC1003827_F11_NODE_1788_length_2309_cov_13.363428	2309	35.82
GC1003827_F11_NODE_1789_length_2309_cov_4.195234	2309	51.80
GC1003827_F11_NODE_1790_length_2309_cov_3.632447	2309	35.73
GC1003827_F11_NODE_1791_length_2308_cov_22.597432	2308	39.25
GC1003827_F11_NODE_1792_length_2308_cov_20.072902	2308	38.69
GC1003827_F11_NODE_1793_length_2308_cov_11.005044	2308	34.32
GC1003827_F11_NODE_1794_length_2308_cov_3.206786	2308	32.84
GC1003827_F11_NODE_1795_length_2308_cov_2.193031	2308	32.37
GC1003827_F11_NODE_1796_length_2307_cov_3.966514	2307	35.80
GC1003827_F11_NODE_1797_length_2305_cov_12.753903	2305	35.92
GC1003827_F11_NODE_1798_length_2305_cov_6.844812	2305	30.41
GC1003827_F11_NODE_1799_length_2305_cov_2.172176	2305	35.01
GC1003827_F11_NODE_1800_length_2304_cov_4.593018	2304	50.61
GC1003827_F11_NODE_1801_length_2304_cov_3.704180	2304	33.20
GC1003827_F11_NODE_1802_length_2303_cov_8.177849	2303	36.13
GC1003827_F11_NODE_1803_length_2303_cov_6.997243	2303	37.17
GC1003827_F11_NODE_1804_length_2302_cov_7.559540	2302	32.10
GC1003827_F11_NODE_1805_length_2302_cov_6.112184	2302	35.75
GC1003827_F11_NODE_1806_length_2301_cov_4.570837	2301	33.29
GC1003827_F11_NODE_1807_length_2301_cov_3.227231	2301	31.90
GC1003827_F11_NODE_1808_length_2301_cov_3.181693	2301	31.94
GC1003827_F11_NODE_1809_length_2300_cov_8.607915	2300	33.09
GC1003827_F11_NODE_1810_length_2299_cov_17.540516	2299	39.80
GC1003827_F11_NODE_1811_length_2299_cov_9.821363	2299	35.62
GC1003827_F11_NODE_1812_length_2299_cov_9.094843	2299	37.63
GC1003827_F11_NODE_1813_length_2299_cov_2.674033	2299	34.97
GC1003827_F11_NODE_1814_length_2298_cov_14.387379	2298	57.75
GC1003827_F11_NODE_1815_length_2297_cov_2.179724	2297	35.26
GC1003827_F11_NODE_1816_length_2296_cov_2.428769	2296	34.06
GC1003827_F11_NODE_1817_length_2295_cov_14.715406	2295	34.90
GC1003827_F11_NODE_1818_length_2295_cov_12.113469	2295	32.81
GC1003827_F11_NODE_1819_length_2295_cov_10.445572	2295	38.13
GC1003827_F11_NODE_1820_length_2295_cov_8.399908	2295	38.91
GC1003827_F11_NODE_1821_length_2295_cov_7.971863	2295	36.69
GC1003827_F11_NODE_1822_length_2295_cov_7.342251	2295	33.59
GC1003827_F11_NODE_1823_length_2295_cov_5.185886	2295	29.98
GC1003827_F11_NODE_1824_length_2295_cov_2.346402	2295	35.64
GC1003827_F11_NODE_1825_length_2295_cov_2.167435	2295	33.42
GC1003827_F11_NODE_1826_length_2294_cov_12.974158	2294	34.26
GC1003827_F11_NODE_1827_length_2294_cov_3.888325	2294	37.49
GC1003827_F11_NODE_1828_length_2294_cov_3.717582	2294	37.31
GC1003827_F11_NODE_1829_length_2294_cov_3.589294	2294	35.18
GC1003827_F11_NODE_1830_length_2294_cov_3.131980	2294	33.96
GC1003827_F11_NODE_1831_length_2294_cov_2.479465	2294	33.44
GC1003827_F11_NODE_1832_length_2293_cov_5.389197	2293	35.32
GC1003827_F11_NODE_1833_length_2293_cov_3.791320	2293	30.05
GC1003827_F11_NODE_1834_length_2293_cov_1.874423	2293	33.89
GC1003827_F11_NODE_1835_length_2293_cov_1.462604	2293	60.18
GC1003827_F11_NODE_1836_length_2292_cov_21.086374	2292	38.13
GC1003827_F11_NODE_1837_length_2292_cov_8.544573	2292	40.18
GC1003827_F11_NODE_1838_length_2292_cov_3.562587	2292	32.20
GC1003827_F11_NODE_1839_length_2291_cov_5.255083	2291	39.11
GC1003827_F11_NODE_1840_length_2290_cov_6.955617	2290	58.82
GC1003827_F11_NODE_1841_length_2290_cov_6.043920	2290	34.93
GC1003827_F11_NODE_1842_length_2290_cov_5.639852	2290	32.79
GC1003827_F11_NODE_1843_length_2290_cov_3.847434	2290	35.11
GC1003827_F11_NODE_1844_length_2289_cov_4.462535	2289	37.35
GC1003827_F11_NODE_1845_length_2288_cov_7.433596	2288	47.12
GC1003827_F11_NODE_1846_length_2288_cov_2.405368	2288	31.21
GC1003827_F11_NODE_1847_length_2287_cov_5.886111	2287	36.82
GC1003827_F11_NODE_1848_length_2286_cov_12.085688	2286	39.02
GC1003827_F11_NODE_1849_length_2286_cov_2.506253	2286	32.68
GC1003827_F11_NODE_1850_length_2285_cov_11.126969	2285	39.56
GC1003827_F11_NODE_1851_length_2285_cov_7.455514	2285	33.09
GC1003827_F11_NODE_1852_length_2285_cov_7.249768	2285	36.19
GC1003827_F11_NODE_1853_length_2285_cov_1.735403	2285	64.25
GC1003827_F11_NODE_1854_length_2284_cov_6.223922	2284	36.38
GC1003827_F11_NODE_1855_length_2284_cov_2.212796	2284	62.83
GC1003827_F11_NODE_1856_length_2283_cov_5.677644	2283	38.46
GC1003827_F11_NODE_1857_length_2283_cov_2.285250	2283	38.37
GC1003827_F11_NODE_1858_length_2283_cov_1.754174	2283	64.35
GC1003827_F11_NODE_1859_length_2282_cov_5.352204	2282	38.96
GC1003827_F11_NODE_1860_length_2282_cov_4.060789	2282	35.63
GC1003827_F11_NODE_1861_length_2281_cov_64.493965	2281	40.11
GC1003827_F11_NODE_1862_length_2281_cov_6.984680	2281	30.16
GC1003827_F11_NODE_1863_length_2281_cov_5.554318	2281	39.59
GC1003827_F11_NODE_1864_length_2281_cov_2.985144	2281	33.45
GC1003827_F11_NODE_1865_length_2280_cov_10.714352	2280	39.30
GC1003827_F11_NODE_1866_length_2277_cov_6.167907	2277	37.68
GC1003827_F11_NODE_1867_length_2277_cov_6.018605	2277	35.62
GC1003827_F11_NODE_1868_length_2277_cov_4.054884	2277	33.42
GC1003827_F11_NODE_1869_length_2277_cov_2.217209	2277	29.51
GC1003827_F11_NODE_1870_length_2276_cov_10.179153	2276	35.28
GC1003827_F11_NODE_1871_length_2276_cov_5.579805	2276	35.68
GC1003827_F11_NODE_1872_length_2274_cov_5.991616	2274	35.18
GC1003827_F11_NODE_1873_length_2273_cov_8.454800	2273	37.09
GC1003827_F11_NODE_1874_length_2273_cov_3.654706	2273	31.76
GC1003827_F11_NODE_1875_length_2273_cov_3.242311	2273	33.61
GC1003827_F11_NODE_1876_length_2272_cov_19.298834	2272	37.32
GC1003827_F11_NODE_1877_length_2272_cov_15.860606	2272	34.20
GC1003827_F11_NODE_1878_length_2272_cov_11.117949	2272	36.40
GC1003827_F11_NODE_1879_length_2272_cov_3.449417	2272	32.13
GC1003827_F11_NODE_1880_length_2271_cov_13.512127	2271	40.16
GC1003827_F11_NODE_1881_length_2271_cov_6.250933	2271	37.03
GC1003827_F11_NODE_1882_length_2270_cov_7.174988	2270	33.17
GC1003827_F11_NODE_1883_length_2270_cov_5.311713	2270	34.63
GC1003827_F11_NODE_1884_length_2269_cov_15.316060	2269	43.98
GC1003827_F11_NODE_1885_length_2269_cov_4.011204	2269	34.68
GC1003827_F11_NODE_1886_length_2268_cov_14.004204	2268	33.60
GC1003827_F11_NODE_1887_length_2267_cov_31.791121	2267	35.91
GC1003827_F11_NODE_1888_length_2267_cov_23.514486	2267	39.39
GC1003827_F11_NODE_1889_length_2267_cov_4.147196	2267	30.48
GC1003827_F11_NODE_1890_length_2267_cov_4.045327	2267	31.76
GC1003827_F11_NODE_1891_length_2267_cov_3.564486	2267	33.39
GC1003827_F11_NODE_1892_length_2266_cov_5.582048	2266	33.50
GC1003827_F11_NODE_1893_length_2266_cov_3.140252	2266	35.26
GC1003827_F11_NODE_1894_length_2265_cov_7.548644	2265	32.14
GC1003827_F11_NODE_1895_length_2264_cov_8.205428	2264	38.65
GC1003827_F11_NODE_1896_length_2264_cov_6.453907	2264	36.00
GC1003827_F11_NODE_1897_length_2263_cov_8.303839	2263	42.02
GC1003827_F11_NODE_1898_length_2263_cov_3.902154	2263	33.98
GC1003827_F11_NODE_1899_length_2262_cov_11.315222	2262	34.13
GC1003827_F11_NODE_1900_length_2262_cov_9.061827	2262	33.69
GC1003827_F11_NODE_1901_length_2261_cov_4.009841	2261	32.15
GC1003827_F11_NODE_1902_length_2261_cov_2.320056	2261	33.44
GC1003827_F11_NODE_1903_length_2260_cov_32.255040	2260	36.68
GC1003827_F11_NODE_1904_length_2260_cov_16.234412	2260	57.17
GC1003827_F11_NODE_1905_length_2260_cov_4.603376	2260	33.23
GC1003827_F11_NODE_1906_length_2259_cov_15.787992	2259	37.18
GC1003827_F11_NODE_1907_length_2259_cov_9.323640	2259	39.09
GC1003827_F11_NODE_1908_length_2258_cov_9.172220	2258	36.85
GC1003827_F11_NODE_1909_length_2258_cov_6.386204	2258	40.08
GC1003827_F11_NODE_1910_length_2258_cov_2.274050	2258	36.40
GC1003827_F11_NODE_1911_length_2257_cov_16.760563	2257	39.61
GC1003827_F11_NODE_1912_length_2257_cov_4.421596	2257	31.63
GC1003827_F11_NODE_1913_length_2257_cov_2.244601	2257	34.29
GC1003827_F11_NODE_1914_length_2256_cov_11.488962	2256	35.82
GC1003827_F11_NODE_1915_length_2256_cov_8.294974	2256	36.13
GC1003827_F11_NODE_1916_length_2256_cov_7.413340	2256	38.65
GC1003827_F11_NODE_1917_length_2256_cov_6.782997	2256	34.00
GC1003827_F11_NODE_1918_length_2256_cov_5.548614	2256	51.99
GC1003827_F11_NODE_1919_length_2256_cov_4.194457	2256	35.37
GC1003827_F11_NODE_1920_length_2255_cov_10.891447	2255	39.42
GC1003827_F11_NODE_1921_length_2255_cov_5.251410	2255	29.58
GC1003827_F11_NODE_1922_length_2255_cov_2.535714	2255	36.41
GC1003827_F11_NODE_1923_length_2255_cov_2.183741	2255	34.41
GC1003827_F11_NODE_1924_length_2254_cov_7.008933	2254	60.91
GC1003827_F11_NODE_1925_length_2254_cov_6.172073	2254	32.83
GC1003827_F11_NODE_1926_length_2254_cov_4.776681	2254	39.40
GC1003827_F11_NODE_1927_length_2254_cov_3.104843	2254	35.98
GC1003827_F11_NODE_1928_length_2253_cov_5.687676	2253	34.53
GC1003827_F11_NODE_1929_length_2253_cov_3.364064	2253	36.57
GC1003827_F11_NODE_1930_length_2252_cov_6.227765	2252	52.35
GC1003827_F11_NODE_1931_length_2251_cov_10.338041	2251	33.59
GC1003827_F11_NODE_1932_length_2251_cov_7.703390	2251	40.16
GC1003827_F11_NODE_1933_length_2251_cov_2.488230	2251	67.75
GC1003827_F11_NODE_1934_length_2250_cov_8.764955	2250	33.87
GC1003827_F11_NODE_1935_length_2250_cov_8.403203	2250	37.02
GC1003827_F11_NODE_1936_length_2250_cov_8.290626	2250	43.96
GC1003827_F11_NODE_1937_length_2250_cov_7.686293	2250	33.87
GC1003827_F11_NODE_1938_length_2250_cov_6.028262	2250	36.44
GC1003827_F11_NODE_1939_length_2250_cov_5.889779	2250	34.76
GC1003827_F11_NODE_1940_length_2250_cov_1.578898	2250	32.18
GC1003827_F11_NODE_1941_length_2249_cov_6.130066	2249	35.30
GC1003827_F11_NODE_1942_length_2249_cov_3.813384	2249	30.90
GC1003827_F11_NODE_1943_length_2248_cov_10.852428	2248	32.52
GC1003827_F11_NODE_1944_length_2248_cov_8.201792	2248	36.92
GC1003827_F11_NODE_1945_length_2248_cov_7.176803	2248	36.03
GC1003827_F11_NODE_1946_length_2248_cov_3.361150	2248	31.14
GC1003827_F11_NODE_1947_length_2248_cov_3.278642	2248	61.74
GC1003827_F11_NODE_1948_length_2247_cov_6.435377	2247	31.73
GC1003827_F11_NODE_1949_length_2246_cov_14.345918	2246	44.79
GC1003827_F11_NODE_1950_length_2246_cov_11.368098	2246	38.47
GC1003827_F11_NODE_1951_length_2245_cov_15.320113	2245	39.15
GC1003827_F11_NODE_1952_length_2244_cov_5.413321	2244	33.65
GC1003827_F11_NODE_1953_length_2244_cov_4.241852	2244	65.02
GC1003827_F11_NODE_1954_length_2244_cov_2.927256	2244	29.68
GC1003827_F11_NODE_1955_length_2244_cov_1.508266	2244	29.99
GC1003827_F11_NODE_1956_length_2243_cov_8.533554	2243	31.25
GC1003827_F11_NODE_1957_length_2243_cov_4.370510	2243	34.24
GC1003827_F11_NODE_1958_length_2243_cov_3.406900	2243	28.76
GC1003827_F11_NODE_1959_length_2242_cov_5.224113	2242	34.34
GC1003827_F11_NODE_1960_length_2242_cov_2.575414	2242	33.41
GC1003827_F11_NODE_1961_length_2242_cov_2.098345	2242	63.02
GC1003827_F11_NODE_1962_length_2241_cov_10.647588	2241	36.23
GC1003827_F11_NODE_1963_length_2241_cov_9.151372	2241	36.55
GC1003827_F11_NODE_1964_length_2241_cov_4.317408	2241	38.24
GC1003827_F11_NODE_1965_length_2241_cov_4.293283	2241	38.46
GC1003827_F11_NODE_1966_length_2241_cov_3.348628	2241	35.43
GC1003827_F11_NODE_1967_length_2240_cov_5.488405	2240	33.88
GC1003827_F11_NODE_1968_length_2240_cov_3.978230	2240	33.79
GC1003827_F11_NODE_1969_length_2240_cov_3.489352	2240	34.20
GC1003827_F11_NODE_1970_length_2240_cov_2.000473	2240	34.55
GC1003827_F11_NODE_1971_length_2239_cov_7.702178	2239	36.09
GC1003827_F11_NODE_1972_length_2239_cov_7.162879	2239	34.08
GC1003827_F11_NODE_1973_length_2238_cov_14.248697	2238	43.52
GC1003827_F11_NODE_1974_length_2238_cov_5.669825	2238	61.71
GC1003827_F11_NODE_1975_length_2238_cov_2.591663	2238	30.65
GC1003827_F11_NODE_1976_length_2237_cov_16.545024	2237	35.32
GC1003827_F11_NODE_1977_length_2237_cov_14.275355	2237	32.63
GC1003827_F11_NODE_1978_length_2237_cov_3.880095	2237	36.92
GC1003827_F11_NODE_1979_length_2236_cov_6.531057	2236	33.32
GC1003827_F11_NODE_1980_length_2236_cov_4.142248	2236	31.93
GC1003827_F11_NODE_1981_length_2235_cov_14.096300	2235	35.70
GC1003827_F11_NODE_1982_length_2235_cov_10.986243	2235	42.51
GC1003827_F11_NODE_1983_length_2235_cov_7.389469	2235	34.72
GC1003827_F11_NODE_1984_length_2235_cov_4.946395	2235	34.99
GC1003827_F11_NODE_1985_length_2234_cov_7.449929	2234	59.44
GC1003827_F11_NODE_1986_length_2233_cov_9.132953	2233	37.80
GC1003827_F11_NODE_1987_length_2233_cov_5.545584	2233	37.93
GC1003827_F11_NODE_1988_length_2233_cov_5.539886	2233	33.90
GC1003827_F11_NODE_1989_length_2233_cov_5.452517	2233	37.53
GC1003827_F11_NODE_1990_length_2233_cov_4.014720	2233	35.60
GC1003827_F11_NODE_1991_length_2233_cov_3.764957	2233	35.65
GC1003827_F11_NODE_1992_length_2232_cov_9.717340	2232	45.39
GC1003827_F11_NODE_1993_length_2232_cov_5.918765	2232	34.99
GC1003827_F11_NODE_1994_length_2231_cov_6.341255	2231	43.79
GC1003827_F11_NODE_1995_length_2231_cov_2.530894	2231	31.65
GC1003827_F11_NODE_1996_length_2230_cov_2.167380	2230	37.53
GC1003827_F11_NODE_1997_length_2229_cov_13.125595	2229	38.85
GC1003827_F11_NODE_1998_length_2229_cov_6.465747	2229	35.04
GC1003827_F11_NODE_1999_length_2229_cov_3.680780	2229	28.35
GC1003827_F11_NODE_2000_length_2229_cov_3.246908	2229	33.51
GC1003827_F11_NODE_2001_length_2228_cov_10.859591	2228	57.45
GC1003827_F11_NODE_2002_length_2227_cov_12.127619	2227	33.95
GC1003827_F11_NODE_2003_length_2227_cov_5.959048	2227	32.87
GC1003827_F11_NODE_2004_length_2227_cov_2.124286	2227	33.32
GC1003827_F11_NODE_2005_length_2226_cov_5.837542	2226	39.26
GC1003827_F11_NODE_2006_length_2225_cov_11.257865	2225	44.49
GC1003827_F11_NODE_2007_length_2225_cov_4.145377	2225	64.27
GC1003827_F11_NODE_2008_length_2225_cov_3.029075	2225	37.12
GC1003827_F11_NODE_2009_length_2224_cov_15.914640	2224	38.22
GC1003827_F11_NODE_2010_length_2224_cov_11.754888	2224	38.35
GC1003827_F11_NODE_2011_length_2224_cov_11.081545	2224	36.96
GC1003827_F11_NODE_2012_length_2224_cov_8.874583	2224	39.25
GC1003827_F11_NODE_2013_length_2224_cov_2.268002	2224	33.59
GC1003827_F11_NODE_2014_length_2223_cov_7.078721	2223	39.23
GC1003827_F11_NODE_2015_length_2223_cov_6.921756	2223	33.11
GC1003827_F11_NODE_2016_length_2222_cov_6.384726	2222	37.85
GC1003827_F11_NODE_2017_length_2221_cov_5.153773	2221	33.90
GC1003827_F11_NODE_2018_length_2221_cov_5.143744	2221	35.34
GC1003827_F11_NODE_2019_length_2221_cov_4.932665	2221	34.17
GC1003827_F11_NODE_2020_length_2221_cov_4.628462	2221	61.73
GC1003827_F11_NODE_2021_length_2220_cov_17.148591	2220	34.91
GC1003827_F11_NODE_2022_length_2220_cov_8.405638	2220	41.13
GC1003827_F11_NODE_2023_length_2220_cov_3.898710	2220	34.50
GC1003827_F11_NODE_2024_length_2219_cov_19.711759	2219	38.89
GC1003827_F11_NODE_2025_length_2219_cov_3.309273	2219	41.96
GC1003827_F11_NODE_2026_length_2218_cov_12.705882	2218	37.33
GC1003827_F11_NODE_2027_length_2217_cov_25.810526	2217	41.14
GC1003827_F11_NODE_2028_length_2217_cov_7.069856	2217	32.84
GC1003827_F11_NODE_2029_length_2217_cov_1.155024	2217	40.82
GC1003827_F11_NODE_2030_length_2216_cov_6.562470	2216	62.82
GC1003827_F11_NODE_2031_length_2216_cov_5.432264	2216	34.34
GC1003827_F11_NODE_2032_length_2216_cov_5.304452	2216	31.36
GC1003827_F11_NODE_2033_length_2215_cov_19.252874	2215	45.10
GC1003827_F11_NODE_2034_length_2215_cov_7.887931	2215	39.55
GC1003827_F11_NODE_2035_length_2214_cov_11.773838	2214	35.14
GC1003827_F11_NODE_2036_length_2214_cov_6.923814	2214	62.74
GC1003827_F11_NODE_2037_length_2213_cov_11.134228	2213	37.51
GC1003827_F11_NODE_2038_length_2213_cov_10.345638	2213	37.01
GC1003827_F11_NODE_2039_length_2213_cov_4.732502	2213	37.46
GC1003827_F11_NODE_2040_length_2212_cov_5.772182	2212	34.22
GC1003827_F11_NODE_2041_length_2212_cov_3.637890	2212	32.59
GC1003827_F11_NODE_2042_length_2212_cov_2.781295	2212	32.59
GC1003827_F11_NODE_2043_length_2212_cov_2.097842	2212	31.65
GC1003827_F11_NODE_2044_length_2211_cov_10.718330	2211	60.06
GC1003827_F11_NODE_2045_length_2211_cov_8.465451	2211	35.87
GC1003827_F11_NODE_2046_length_2211_cov_1.716891	2211	31.61
GC1003827_F11_NODE_2047_length_2210_cov_1.938070	2210	36.97
GC1003827_F11_NODE_2048_length_2209_cov_10.987032	2209	52.11
GC1003827_F11_NODE_2049_length_2209_cov_8.877522	2209	38.71
GC1003827_F11_NODE_2050_length_2209_cov_2.233429	2209	30.33
GC1003827_F11_NODE_2051_length_2208_cov_4.820279	2208	37.05
GC1003827_F11_NODE_2052_length_2207_cov_36.543750	2207	33.94
GC1003827_F11_NODE_2053_length_2207_cov_8.055769	2207	33.94
GC1003827_F11_NODE_2054_length_2207_cov_7.881731	2207	34.89
GC1003827_F11_NODE_2055_length_2207_cov_5.987500	2207	33.35
GC1003827_F11_NODE_2056_length_2206_cov_9.777297	2206	30.60
GC1003827_F11_NODE_2057_length_2206_cov_5.858586	2206	35.22
GC1003827_F11_NODE_2058_length_2206_cov_3.241462	2206	34.22
GC1003827_F11_NODE_2059_length_2205_cov_17.358518	2205	42.54
GC1003827_F11_NODE_2060_length_2205_cov_2.723773	2205	34.47
GC1003827_F11_NODE_2061_length_2204_cov_6.181512	2204	37.43
GC1003827_F11_NODE_2062_length_2204_cov_5.820896	2204	37.02
GC1003827_F11_NODE_2063_length_2203_cov_10.823699	2203	39.54
GC1003827_F11_NODE_2064_length_2203_cov_8.641137	2203	34.82
GC1003827_F11_NODE_2065_length_2202_cov_7.645301	2202	33.97
GC1003827_F11_NODE_2066_length_2202_cov_7.475663	2202	33.97
GC1003827_F11_NODE_2067_length_2202_cov_6.844337	2202	37.83
GC1003827_F11_NODE_2068_length_2202_cov_5.093976	2202	34.38
GC1003827_F11_NODE_2069_length_2202_cov_1.466988	2202	29.84
GC1003827_F11_NODE_2070_length_2201_cov_9.685149	2201	38.48
GC1003827_F11_NODE_2071_length_2201_cov_8.463838	2201	36.44
GC1003827_F11_NODE_2072_length_2201_cov_7.385246	2201	34.85
GC1003827_F11_NODE_2073_length_2201_cov_5.965284	2201	32.80
GC1003827_F11_NODE_2074_length_2201_cov_2.919961	2201	51.02
GC1003827_F11_NODE_2075_length_2201_cov_2.661524	2201	51.93
GC1003827_F11_NODE_2076_length_2200_cov_10.357935	2200	35.64
GC1003827_F11_NODE_2077_length_2199_cov_11.515444	2199	36.97
GC1003827_F11_NODE_2078_length_2199_cov_9.680985	2199	36.79
GC1003827_F11_NODE_2079_length_2199_cov_3.920367	2199	32.88
GC1003827_F11_NODE_2080_length_2199_cov_3.632722	2199	41.06
GC1003827_F11_NODE_2081_length_2199_cov_3.067085	2199	30.70
GC1003827_F11_NODE_2082_length_2199_cov_2.879344	2199	34.97
GC1003827_F11_NODE_2083_length_2198_cov_7.316755	2198	37.58
GC1003827_F11_NODE_2084_length_2198_cov_4.953163	2198	31.67
GC1003827_F11_NODE_2085_length_2198_cov_4.254466	2198	60.51
GC1003827_F11_NODE_2086_length_2198_cov_3.938194	2198	32.53
GC1003827_F11_NODE_2087_length_2198_cov_1.334621	2198	65.42
GC1003827_F11_NODE_2088_length_2197_cov_14.713527	2197	34.46
GC1003827_F11_NODE_2089_length_2197_cov_13.309179	2197	34.91
GC1003827_F11_NODE_2090_length_2197_cov_12.655556	2197	38.46
GC1003827_F11_NODE_2091_length_2197_cov_11.907246	2197	39.01
GC1003827_F11_NODE_2092_length_2197_cov_9.274879	2197	32.95
GC1003827_F11_NODE_2093_length_2197_cov_7.584058	2197	58.81
GC1003827_F11_NODE_2094_length_2197_cov_2.841546	2197	38.55
GC1003827_F11_NODE_2095_length_2196_cov_6.382310	2196	37.20
GC1003827_F11_NODE_2096_length_2195_cov_1.797872	2195	60.87
GC1003827_F11_NODE_2097_length_2194_cov_6.424286	2194	38.88
GC1003827_F11_NODE_2098_length_2194_cov_3.142235	2194	37.78
GC1003827_F11_NODE_2099_length_2194_cov_2.092404	2194	31.77
GC1003827_F11_NODE_2100_length_2193_cov_16.020813	2193	38.49
GC1003827_F11_NODE_2101_length_2193_cov_13.897386	2193	35.11
GC1003827_F11_NODE_2102_length_2193_cov_7.789932	2193	36.80
GC1003827_F11_NODE_2103_length_2192_cov_6.223245	2192	38.46
GC1003827_F11_NODE_2104_length_2192_cov_4.457143	2192	33.30
GC1003827_F11_NODE_2105_length_2192_cov_4.309443	2192	37.73
GC1003827_F11_NODE_2106_length_2191_cov_7.852713	2191	32.50
GC1003827_F11_NODE_2107_length_2191_cov_6.848353	2191	33.64
GC1003827_F11_NODE_2108_length_2191_cov_1.526647	2191	40.44
GC1003827_F11_NODE_2109_length_2190_cov_7.931168	2190	35.25
GC1003827_F11_NODE_2110_length_2190_cov_7.056714	2190	40.05
GC1003827_F11_NODE_2111_length_2190_cov_3.195831	2190	39.50
GC1003827_F11_NODE_2112_length_2189_cov_5.618332	2189	39.93
GC1003827_F11_NODE_2113_length_2189_cov_4.775461	2189	33.71
GC1003827_F11_NODE_2114_length_2188_cov_13.369723	2188	34.32
GC1003827_F11_NODE_2115_length_2188_cov_8.021834	2188	41.04
GC1003827_F11_NODE_2116_length_2188_cov_6.647259	2188	30.85
GC1003827_F11_NODE_2117_length_2188_cov_5.712761	2188	30.35
GC1003827_F11_NODE_2118_length_2188_cov_5.593886	2188	62.84
GC1003827_F11_NODE_2119_length_2188_cov_3.434740	2188	34.55
GC1003827_F11_NODE_2120_length_2188_cov_2.164968	2188	35.15
GC1003827_F11_NODE_2121_length_2187_cov_16.080097	2187	37.59
GC1003827_F11_NODE_2122_length_2187_cov_5.029126	2187	36.81
GC1003827_F11_NODE_2123_length_2187_cov_1.106311	2187	30.59
GC1003827_F11_NODE_2124_length_2186_cov_8.783876	2186	34.68
GC1003827_F11_NODE_2125_length_2186_cov_7.877125	2186	41.95
GC1003827_F11_NODE_2126_length_2186_cov_5.901894	2186	29.69
GC1003827_F11_NODE_2127_length_2186_cov_5.801360	2186	36.00
GC1003827_F11_NODE_2128_length_2186_cov_3.442448	2186	32.25
GC1003827_F11_NODE_2129_length_2185_cov_5.197765	2185	33.91
GC1003827_F11_NODE_2130_length_2185_cov_2.983965	2185	41.78
GC1003827_F11_NODE_2131_length_2185_cov_1.793003	2185	30.11
GC1003827_F11_NODE_2132_length_2184_cov_26.825960	2184	44.78
GC1003827_F11_NODE_2133_length_2184_cov_4.260574	2184	37.77
GC1003827_F11_NODE_2134_length_2184_cov_3.418085	2184	30.13
GC1003827_F11_NODE_2135_length_2183_cov_11.589494	2183	38.75
GC1003827_F11_NODE_2136_length_2183_cov_4.367704	2183	37.33
GC1003827_F11_NODE_2137_length_2183_cov_3.830253	2183	30.83
GC1003827_F11_NODE_2138_length_2183_cov_2.915370	2183	32.48
GC1003827_F11_NODE_2139_length_2182_cov_2.375182	2182	31.07
GC1003827_F11_NODE_2140_length_2182_cov_1.974209	2182	36.57
GC1003827_F11_NODE_2141_length_2181_cov_16.134859	2181	37.55
GC1003827_F11_NODE_2142_length_2181_cov_6.862220	2181	33.01
GC1003827_F11_NODE_2143_length_2181_cov_6.703019	2181	35.40
GC1003827_F11_NODE_2144_length_2181_cov_4.599805	2181	36.41
GC1003827_F11_NODE_2145_length_2181_cov_4.108569	2181	35.03
GC1003827_F11_NODE_2146_length_2181_cov_3.550633	2181	58.37
GC1003827_F11_NODE_2147_length_2181_cov_3.441577	2181	53.19
GC1003827_F11_NODE_2148_length_2180_cov_2.434486	2180	37.29
GC1003827_F11_NODE_2149_length_2179_cov_4.093567	2179	53.92
GC1003827_F11_NODE_2150_length_2178_cov_14.462214	2178	39.35
GC1003827_F11_NODE_2151_length_2178_cov_10.686007	2178	40.82
GC1003827_F11_NODE_2152_length_2177_cov_3.802927	2177	31.14
GC1003827_F11_NODE_2153_length_2177_cov_3.762927	2177	50.11
GC1003827_F11_NODE_2154_length_2177_cov_3.287805	2177	37.67
GC1003827_F11_NODE_2155_length_2177_cov_2.965366	2177	31.83
GC1003827_F11_NODE_2156_length_2177_cov_2.540488	2177	33.44
GC1003827_F11_NODE_2157_length_2176_cov_12.640800	2176	37.45
GC1003827_F11_NODE_2158_length_2176_cov_2.039043	2176	39.25
GC1003827_F11_NODE_2159_length_2175_cov_2.626953	2175	54.99
GC1003827_F11_NODE_2160_length_2174_cov_7.605765	2174	32.34
GC1003827_F11_NODE_2161_length_2174_cov_6.718124	2174	32.93
GC1003827_F11_NODE_2162_length_2174_cov_2.907670	2174	38.82
GC1003827_F11_NODE_2163_length_2174_cov_1.777723	2174	40.02
GC1003827_F11_NODE_2164_length_2173_cov_12.826491	2173	33.00
GC1003827_F11_NODE_2165_length_2173_cov_11.630010	2173	37.28
GC1003827_F11_NODE_2166_length_2173_cov_5.824536	2173	34.28
GC1003827_F11_NODE_2167_length_2173_cov_4.457967	2173	38.52
GC1003827_F11_NODE_2168_length_2172_cov_15.324694	2172	49.49
GC1003827_F11_NODE_2169_length_2172_cov_2.322738	2172	34.58
GC1003827_F11_NODE_2170_length_2172_cov_2.313936	2172	31.54
GC1003827_F11_NODE_2171_length_2172_cov_1.845966	2172	64.36
GC1003827_F11_NODE_2172_length_2170_cov_5.788057	2170	37.65
GC1003827_F11_NODE_2173_length_2169_cov_7.135651	2169	35.59
GC1003827_F11_NODE_2174_length_2169_cov_6.973066	2169	36.93
GC1003827_F11_NODE_2175_length_2169_cov_6.238002	2169	56.06
GC1003827_F11_NODE_2176_length_2169_cov_5.095005	2169	34.21
GC1003827_F11_NODE_2177_length_2168_cov_5.050955	2168	31.09
GC1003827_F11_NODE_2178_length_2168_cov_2.780500	2168	34.18
GC1003827_F11_NODE_2179_length_2167_cov_6.550490	2167	34.47
GC1003827_F11_NODE_2180_length_2167_cov_6.541176	2167	32.76
GC1003827_F11_NODE_2181_length_2166_cov_12.882786	2166	37.30
GC1003827_F11_NODE_2182_length_2166_cov_10.071604	2166	57.62
GC1003827_F11_NODE_2183_length_2166_cov_8.105934	2166	40.07
GC1003827_F11_NODE_2184_length_2165_cov_10.590775	2165	37.41
GC1003827_F11_NODE_2185_length_2165_cov_5.820903	2165	32.33
GC1003827_F11_NODE_2186_length_2164_cov_13.960236	2164	35.58
GC1003827_F11_NODE_2187_length_2164_cov_8.013255	2164	35.77
GC1003827_F11_NODE_2188_length_2164_cov_2.256259	2164	37.94
GC1003827_F11_NODE_2189_length_2163_cov_7.888507	2163	41.15
GC1003827_F11_NODE_2190_length_2163_cov_7.654715	2163	33.10
GC1003827_F11_NODE_2191_length_2163_cov_7.261788	2163	33.10
GC1003827_F11_NODE_2192_length_2163_cov_6.112475	2163	33.56
GC1003827_F11_NODE_2193_length_2163_cov_3.717583	2163	34.30
GC1003827_F11_NODE_2194_length_2163_cov_3.701866	2163	32.92
GC1003827_F11_NODE_2195_length_2163_cov_2.761297	2163	50.44
GC1003827_F11_NODE_2196_length_2163_cov_2.269646	2163	32.22
GC1003827_F11_NODE_2197_length_2163_cov_1.347250	2163	29.45
GC1003827_F11_NODE_2198_length_2161_cov_8.840708	2161	32.11
GC1003827_F11_NODE_2199_length_2161_cov_3.992134	2161	35.49
GC1003827_F11_NODE_2200_length_2161_cov_2.793510	2161	31.56
GC1003827_F11_NODE_2201_length_2160_cov_8.847516	2160	34.17
GC1003827_F11_NODE_2202_length_2160_cov_2.846040	2160	34.17
GC1003827_F11_NODE_2203_length_2159_cov_20.015256	2159	35.90
GC1003827_F11_NODE_2204_length_2159_cov_7.236713	2159	34.74
GC1003827_F11_NODE_2205_length_2158_cov_15.916790	2158	37.72
GC1003827_F11_NODE_2206_length_2158_cov_6.742984	2158	37.95
GC1003827_F11_NODE_2207_length_2158_cov_5.165928	2158	35.26
GC1003827_F11_NODE_2208_length_2158_cov_5.039882	2158	33.23
GC1003827_F11_NODE_2209_length_2158_cov_4.856721	2158	40.13
GC1003827_F11_NODE_2210_length_2158_cov_2.103890	2158	57.09
GC1003827_F11_NODE_2211_length_2158_cov_1.170359	2158	67.33
GC1003827_F11_NODE_2212_length_2157_cov_2.674877	2157	35.05
GC1003827_F11_NODE_2213_length_2156_cov_8.275505	2156	36.69
GC1003827_F11_NODE_2214_length_2156_cov_5.019714	2156	37.01
GC1003827_F11_NODE_2215_length_2155_cov_6.561637	2155	32.53
GC1003827_F11_NODE_2216_length_2155_cov_4.492110	2155	34.85
GC1003827_F11_NODE_2217_length_2154_cov_17.772570	2154	59.61
GC1003827_F11_NODE_2218_length_2154_cov_8.158855	2154	38.67
GC1003827_F11_NODE_2219_length_2154_cov_7.502713	2154	33.38
GC1003827_F11_NODE_2220_length_2154_cov_2.978293	2154	52.51
GC1003827_F11_NODE_2221_length_2154_cov_2.016280	2154	38.63
GC1003827_F11_NODE_2222_length_2153_cov_8.369200	2153	33.53
GC1003827_F11_NODE_2223_length_2153_cov_5.475814	2153	37.76
GC1003827_F11_NODE_2224_length_2152_cov_21.903704	2152	39.45
GC1003827_F11_NODE_2225_length_2152_cov_8.703210	2152	30.90
GC1003827_F11_NODE_2226_length_2152_cov_5.763457	2152	36.94
GC1003827_F11_NODE_2227_length_2151_cov_4.187747	2151	40.63
GC1003827_F11_NODE_2228_length_2150_cov_4.580821	2150	33.40
GC1003827_F11_NODE_2229_length_2150_cov_3.868018	2150	32.33
GC1003827_F11_NODE_2230_length_2149_cov_6.998022	2149	31.60
GC1003827_F11_NODE_2231_length_2149_cov_5.156775	2149	39.18
GC1003827_F11_NODE_2232_length_2149_cov_4.139466	2149	35.78
GC1003827_F11_NODE_2233_length_2148_cov_6.582880	2148	36.82
GC1003827_F11_NODE_2234_length_2148_cov_2.715982	2148	37.90
GC1003827_F11_NODE_2235_length_2147_cov_16.663366	2147	34.19
GC1003827_F11_NODE_2236_length_2147_cov_8.583663	2147	34.19
GC1003827_F11_NODE_2237_length_2146_cov_13.512135	2146	40.35
GC1003827_F11_NODE_2238_length_2144_cov_6.938027	2144	61.52
GC1003827_F11_NODE_2239_length_2144_cov_6.366386	2144	54.71
GC1003827_F11_NODE_2240_length_2144_cov_5.959841	2144	33.68
GC1003827_F11_NODE_2241_length_2144_cov_2.484383	2144	33.82
GC1003827_F11_NODE_2242_length_2143_cov_29.050595	2143	36.68
GC1003827_F11_NODE_2243_length_2143_cov_26.447421	2143	34.81
GC1003827_F11_NODE_2244_length_2143_cov_8.395337	2143	37.56
GC1003827_F11_NODE_2245_length_2143_cov_8.206349	2143	38.59
GC1003827_F11_NODE_2246_length_2143_cov_3.075397	2143	36.02
GC1003827_F11_NODE_2247_length_2143_cov_1.505456	2143	32.01
GC1003827_F11_NODE_2248_length_2142_cov_13.322581	2142	56.96
GC1003827_F11_NODE_2249_length_2142_cov_7.786104	2142	33.15
GC1003827_F11_NODE_2250_length_2142_cov_6.037221	2142	38.42
GC1003827_F11_NODE_2251_length_2141_cov_12.502979	2141	56.28
GC1003827_F11_NODE_2252_length_2141_cov_6.823734	2141	38.86
GC1003827_F11_NODE_2253_length_2141_cov_6.473684	2141	32.60
GC1003827_F11_NODE_2254_length_2140_cov_8.425733	2140	37.43
GC1003827_F11_NODE_2255_length_2139_cov_20.819583	2139	38.43
GC1003827_F11_NODE_2256_length_2139_cov_8.892147	2139	37.40
GC1003827_F11_NODE_2257_length_2139_cov_6.998012	2139	33.99
GC1003827_F11_NODE_2258_length_2139_cov_5.162028	2139	33.94
GC1003827_F11_NODE_2259_length_2139_cov_4.385189	2139	36.47
GC1003827_F11_NODE_2260_length_2139_cov_4.326044	2139	41.51
GC1003827_F11_NODE_2261_length_2139_cov_3.056163	2139	31.70
GC1003827_F11_NODE_2262_length_2139_cov_2.530318	2139	36.98
GC1003827_F11_NODE_2263_length_2138_cov_7.956241	2138	63.00
GC1003827_F11_NODE_2264_length_2138_cov_3.376927	2138	36.95
GC1003827_F11_NODE_2265_length_2137_cov_1.637313	2137	33.50
GC1003827_F11_NODE_2266_length_2136_cov_4.848183	2136	37.83
GC1003827_F11_NODE_2267_length_2136_cov_2.051767	2136	38.62
GC1003827_F11_NODE_2268_length_2135_cov_12.662351	2135	41.12
GC1003827_F11_NODE_2269_length_2135_cov_10.413845	2135	46.70
GC1003827_F11_NODE_2270_length_2135_cov_9.563745	2135	37.56
GC1003827_F11_NODE_2271_length_2135_cov_7.043327	2135	30.02
GC1003827_F11_NODE_2272_length_2135_cov_2.915837	2135	33.16
GC1003827_F11_NODE_2273_length_2135_cov_0.787849	2135	36.02
GC1003827_F11_NODE_2274_length_2134_cov_12.683607	2134	59.93
GC1003827_F11_NODE_2275_length_2134_cov_3.572496	2134	35.19
GC1003827_F11_NODE_2276_length_2133_cov_7.120140	2133	34.32
GC1003827_F11_NODE_2277_length_2132_cov_22.322195	2132	45.64
GC1003827_F11_NODE_2278_length_2132_cov_10.369077	2132	38.13
GC1003827_F11_NODE_2279_length_2132_cov_7.572070	2132	33.77
GC1003827_F11_NODE_2280_length_2132_cov_3.828429	2132	37.38
GC1003827_F11_NODE_2281_length_2132_cov_1.683292	2132	59.57
GC1003827_F11_NODE_2282_length_2131_cov_26.961577	2131	38.48
GC1003827_F11_NODE_2283_length_2131_cov_8.217565	2131	34.26
GC1003827_F11_NODE_2284_length_2131_cov_5.829840	2131	36.37
GC1003827_F11_NODE_2285_length_2131_cov_1.452096	2131	32.66
GC1003827_F11_NODE_2286_length_2130_cov_2.839740	2130	37.18
GC1003827_F11_NODE_2287_length_2129_cov_13.613387	2129	58.67
GC1003827_F11_NODE_2288_length_2129_cov_9.409590	2129	40.63
GC1003827_F11_NODE_2289_length_2128_cov_11.159420	2128	38.49
GC1003827_F11_NODE_2290_length_2128_cov_9.152924	2128	37.55
GC1003827_F11_NODE_2291_length_2128_cov_5.686657	2128	39.05
GC1003827_F11_NODE_2292_length_2127_cov_40.812000	2127	39.77
GC1003827_F11_NODE_2293_length_2127_cov_2.707000	2127	34.27
GC1003827_F11_NODE_2294_length_2127_cov_1.245000	2127	36.01
GC1003827_F11_NODE_2295_length_2126_cov_12.148074	2126	33.82
GC1003827_F11_NODE_2296_length_2126_cov_7.601301	2126	53.39
GC1003827_F11_NODE_2297_length_2126_cov_3.174087	2126	38.52
GC1003827_F11_NODE_2298_length_2126_cov_1.584792	2126	34.85
GC1003827_F11_NODE_2299_length_2125_cov_6.788288	2125	36.24
GC1003827_F11_NODE_2300_length_2125_cov_6.752252	2125	36.56
GC1003827_F11_NODE_2301_length_2125_cov_3.588589	2125	36.19
GC1003827_F11_NODE_2302_length_2124_cov_13.922884	2124	36.25
GC1003827_F11_NODE_2303_length_2124_cov_6.221833	2124	34.60
GC1003827_F11_NODE_2304_length_2124_cov_5.129194	2124	40.16
GC1003827_F11_NODE_2305_length_2123_cov_10.306112	2123	62.08
GC1003827_F11_NODE_2306_length_2123_cov_8.719940	2123	34.06
GC1003827_F11_NODE_2307_length_2123_cov_2.129760	2123	64.06
GC1003827_F11_NODE_2308_length_2121_cov_7.848546	2121	60.82
GC1003827_F11_NODE_2309_length_2121_cov_4.896690	2121	33.95
GC1003827_F11_NODE_2310_length_2121_cov_4.280341	2121	35.83
GC1003827_F11_NODE_2311_length_2121_cov_2.958375	2121	34.04
GC1003827_F11_NODE_2312_length_2120_cov_12.993979	2120	35.24
GC1003827_F11_NODE_2313_length_2120_cov_0.904666	2120	36.98
GC1003827_F11_NODE_2314_length_2119_cov_18.034137	2119	34.50
GC1003827_F11_NODE_2315_length_2119_cov_7.699297	2119	39.31
GC1003827_F11_NODE_2316_length_2119_cov_4.432731	2119	40.92
GC1003827_F11_NODE_2317_length_2119_cov_3.804217	2119	34.97
GC1003827_F11_NODE_2318_length_2119_cov_3.461345	2119	35.21
GC1003827_F11_NODE_2319_length_2119_cov_3.255020	2119	37.71
GC1003827_F11_NODE_2320_length_2119_cov_2.637048	2119	31.85
GC1003827_F11_NODE_2321_length_2118_cov_9.384229	2118	39.80
GC1003827_F11_NODE_2322_length_2118_cov_3.499247	2118	36.36
GC1003827_F11_NODE_2323_length_2117_cov_11.596482	2117	35.43
GC1003827_F11_NODE_2324_length_2117_cov_6.154774	2117	51.87
GC1003827_F11_NODE_2325_length_2117_cov_5.665829	2117	35.85
GC1003827_F11_NODE_2326_length_2117_cov_3.435176	2117	56.35
GC1003827_F11_NODE_2327_length_2117_cov_1.740704	2117	36.66
GC1003827_F11_NODE_2328_length_2116_cov_29.481146	2116	41.07
GC1003827_F11_NODE_2329_length_2116_cov_1.788336	2116	32.04
GC1003827_F11_NODE_2330_length_2114_cov_14.433317	2114	35.19
GC1003827_F11_NODE_2331_length_2114_cov_3.146955	2114	32.07
GC1003827_F11_NODE_2332_length_2113_cov_6.010574	2113	33.22
GC1003827_F11_NODE_2333_length_2113_cov_3.133434	2113	30.43
GC1003827_F11_NODE_2334_length_2112_cov_26.317380	2112	39.11
GC1003827_F11_NODE_2335_length_2112_cov_10.247859	2112	62.03
GC1003827_F11_NODE_2336_length_2112_cov_2.706801	2112	36.03
GC1003827_F11_NODE_2337_length_2111_cov_11.439012	2111	32.69
GC1003827_F11_NODE_2338_length_2111_cov_6.728831	2111	37.42
GC1003827_F11_NODE_2339_length_2111_cov_6.661794	2111	30.36
GC1003827_F11_NODE_2340_length_2110_cov_5.971760	2110	37.58
GC1003827_F11_NODE_2341_length_2110_cov_5.609178	2110	65.45
GC1003827_F11_NODE_2342_length_2110_cov_2.356531	2110	31.56
GC1003827_F11_NODE_2343_length_2109_cov_12.598385	2109	55.67
GC1003827_F11_NODE_2344_length_2109_cov_7.778507	2109	34.57
GC1003827_F11_NODE_2345_length_2108_cov_24.927814	2108	40.94
GC1003827_F11_NODE_2346_length_2108_cov_20.423019	2108	34.63
GC1003827_F11_NODE_2347_length_2108_cov_5.282686	2108	35.15
GC1003827_F11_NODE_2348_length_2108_cov_4.309440	2108	35.63
GC1003827_F11_NODE_2349_length_2108_cov_1.284705	2108	34.68
GC1003827_F11_NODE_2350_length_2107_cov_5.281818	2107	36.92
GC1003827_F11_NODE_2351_length_2107_cov_1.881313	2107	32.84
GC1003827_F11_NODE_2352_length_2106_cov_20.208691	2106	35.04
GC1003827_F11_NODE_2353_length_2106_cov_6.963618	2106	33.71
GC1003827_F11_NODE_2354_length_2106_cov_3.679131	2106	32.57
GC1003827_F11_NODE_2355_length_2105_cov_14.856926	2105	51.50
GC1003827_F11_NODE_2356_length_2105_cov_4.184024	2105	32.92
GC1003827_F11_NODE_2357_length_2104_cov_6.680830	2104	35.74
GC1003827_F11_NODE_2358_length_2104_cov_5.575620	2104	33.75
GC1003827_F11_NODE_2359_length_2104_cov_4.721801	2104	41.92
GC1003827_F11_NODE_2360_length_2104_cov_2.474962	2104	37.79
GC1003827_F11_NODE_2361_length_2103_cov_12.865891	2103	56.44
GC1003827_F11_NODE_2362_length_2103_cov_12.451923	2103	37.99
GC1003827_F11_NODE_2363_length_2103_cov_7.107287	2103	35.24
GC1003827_F11_NODE_2364_length_2103_cov_6.530870	2103	31.86
GC1003827_F11_NODE_2365_length_2103_cov_4.642713	2103	38.90
GC1003827_F11_NODE_2366_length_2103_cov_4.504049	2103	50.88
GC1003827_F11_NODE_2367_length_2103_cov_3.584514	2103	34.09
GC1003827_F11_NODE_2368_length_2103_cov_2.070344	2103	32.05
GC1003827_F11_NODE_2369_length_2102_cov_31.709873	2102	39.77
GC1003827_F11_NODE_2370_length_2102_cov_17.103797	2102	40.53
GC1003827_F11_NODE_2371_length_2102_cov_7.109367	2102	35.16
GC1003827_F11_NODE_2372_length_2102_cov_5.985823	2102	52.66
GC1003827_F11_NODE_2373_length_2102_cov_4.597975	2102	37.01
GC1003827_F11_NODE_2374_length_2102_cov_3.641519	2102	40.68
GC1003827_F11_NODE_2375_length_2102_cov_1.499241	2102	59.23
GC1003827_F11_NODE_2376_length_2101_cov_5.173252	2101	34.08
GC1003827_F11_NODE_2377_length_2101_cov_3.924519	2101	35.74
GC1003827_F11_NODE_2378_length_2101_cov_3.770010	2101	61.68
GC1003827_F11_NODE_2379_length_2101_cov_2.574975	2101	40.22
GC1003827_F11_NODE_2380_length_2100_cov_23.708059	2100	41.10
GC1003827_F11_NODE_2381_length_2100_cov_5.347694	2100	38.38
GC1003827_F11_NODE_2382_length_2100_cov_4.395844	2100	63.62
GC1003827_F11_NODE_2383_length_2100_cov_4.114546	2100	36.05
GC1003827_F11_NODE_2384_length_2099_cov_38.270791	2099	38.69
GC1003827_F11_NODE_2385_length_2099_cov_9.212982	2099	44.69
GC1003827_F11_NODE_2386_length_2099_cov_3.708925	2099	35.02
GC1003827_F11_NODE_2387_length_2098_cov_7.763064	2098	32.75
GC1003827_F11_NODE_2388_length_2098_cov_7.319635	2098	52.86
GC1003827_F11_NODE_2389_length_2098_cov_7.231862	2098	34.18
GC1003827_F11_NODE_2390_length_2098_cov_4.586504	2098	36.08
GC1003827_F11_NODE_2391_length_2097_cov_9.653299	2097	35.96
GC1003827_F11_NODE_2392_length_2097_cov_2.156345	2097	32.90
GC1003827_F11_NODE_2393_length_2096_cov_6.573388	2096	32.97
GC1003827_F11_NODE_2394_length_2095_cov_4.762703	2095	37.85
GC1003827_F11_NODE_2395_length_2094_cov_7.936451	2094	34.91
GC1003827_F11_NODE_2396_length_2094_cov_3.731571	2094	38.54
GC1003827_F11_NODE_2397_length_2094_cov_3.538892	2094	35.63
GC1003827_F11_NODE_2398_length_2094_cov_3.163701	2094	36.06
GC1003827_F11_NODE_2399_length_2093_cov_2.475585	2093	32.49
GC1003827_F11_NODE_2400_length_2093_cov_2.073754	2093	32.73
GC1003827_F11_NODE_2401_length_2091_cov_4.487780	2091	31.56
GC1003827_F11_NODE_2402_length_2091_cov_3.444501	2091	38.45
GC1003827_F11_NODE_2403_length_2091_cov_2.337576	2091	34.58
GC1003827_F11_NODE_2404_length_2091_cov_2.247454	2091	40.60
GC1003827_F11_NODE_2405_length_2091_cov_1.962322	2091	31.76
GC1003827_F11_NODE_2406_length_2090_cov_19.167601	2090	36.70
GC1003827_F11_NODE_2407_length_2090_cov_6.766174	2090	35.45
GC1003827_F11_NODE_2408_length_2090_cov_3.679572	2090	34.16
GC1003827_F11_NODE_2409_length_2089_cov_3.516820	2089	67.30
GC1003827_F11_NODE_2410_length_2088_cov_13.127486	2088	43.20
GC1003827_F11_NODE_2411_length_2088_cov_10.556859	2088	32.61
GC1003827_F11_NODE_2412_length_2088_cov_9.050484	2088	38.46
GC1003827_F11_NODE_2413_length_2088_cov_3.154513	2088	36.83
GC1003827_F11_NODE_2414_length_2087_cov_6.013265	2087	46.43
GC1003827_F11_NODE_2415_length_2087_cov_4.432653	2087	30.62
GC1003827_F11_NODE_2416_length_2087_cov_3.326020	2087	30.33
GC1003827_F11_NODE_2417_length_2086_cov_6.801940	2086	38.06
GC1003827_F11_NODE_2418_length_2086_cov_6.218989	2086	33.08
GC1003827_F11_NODE_2419_length_2086_cov_6.208270	2086	32.41
GC1003827_F11_NODE_2420_length_2086_cov_2.066871	2086	30.11
GC1003827_F11_NODE_2421_length_2085_cov_17.399898	2085	42.73
GC1003827_F11_NODE_2422_length_2085_cov_6.758427	2085	39.33
GC1003827_F11_NODE_2423_length_2085_cov_4.256384	2085	37.70
GC1003827_F11_NODE_2424_length_2085_cov_4.037283	2085	35.40
GC1003827_F11_NODE_2425_length_2085_cov_3.542901	2085	65.52
GC1003827_F11_NODE_2426_length_2085_cov_3.086313	2085	32.81
GC1003827_F11_NODE_2427_length_2085_cov_2.147089	2085	32.33
GC1003827_F11_NODE_2428_length_2084_cov_4.877874	2084	36.28
GC1003827_F11_NODE_2429_length_2084_cov_2.795095	2084	34.64
GC1003827_F11_NODE_2430_length_2083_cov_11.855828	2083	38.50
GC1003827_F11_NODE_2431_length_2083_cov_8.091513	2083	34.33
GC1003827_F11_NODE_2432_length_2083_cov_7.048057	2083	35.09
GC1003827_F11_NODE_2433_length_2083_cov_4.338446	2083	36.73
GC1003827_F11_NODE_2434_length_2083_cov_4.207566	2083	56.70
GC1003827_F11_NODE_2435_length_2082_cov_12.727877	2082	39.91
GC1003827_F11_NODE_2436_length_2082_cov_7.810230	2082	55.43
GC1003827_F11_NODE_2437_length_2082_cov_6.540153	2082	34.58
GC1003827_F11_NODE_2438_length_2082_cov_6.321739	2082	39.39
GC1003827_F11_NODE_2439_length_2081_cov_6.492323	2081	37.34
GC1003827_F11_NODE_2440_length_2081_cov_5.919140	2081	29.55
GC1003827_F11_NODE_2441_length_2080_cov_21.762929	2080	42.50
GC1003827_F11_NODE_2442_length_2080_cov_4.099334	2080	34.42
GC1003827_F11_NODE_2443_length_2080_cov_2.367640	2080	39.71
GC1003827_F11_NODE_2444_length_2079_cov_4.122951	2079	35.69
GC1003827_F11_NODE_2445_length_2079_cov_3.310963	2079	33.86
GC1003827_F11_NODE_2446_length_2079_cov_1.913422	2079	37.33
GC1003827_F11_NODE_2447_length_2079_cov_1.779201	2079	33.33
GC1003827_F11_NODE_2448_length_2078_cov_17.514608	2078	42.11
GC1003827_F11_NODE_2449_length_2078_cov_9.885700	2078	35.08
GC1003827_F11_NODE_2450_length_2078_cov_2.896976	2078	37.63
GC1003827_F11_NODE_2451_length_2077_cov_17.075897	2077	33.94
GC1003827_F11_NODE_2452_length_2077_cov_4.555897	2077	55.95
GC1003827_F11_NODE_2453_length_2074_cov_6.682075	2074	35.34
GC1003827_F11_NODE_2454_length_2074_cov_6.487930	2074	35.58
GC1003827_F11_NODE_2455_length_2073_cov_8.352518	2073	34.59
GC1003827_F11_NODE_2456_length_2073_cov_2.463515	2073	41.49
GC1003827_F11_NODE_2457_length_2072_cov_8.662725	2072	36.92
GC1003827_F11_NODE_2458_length_2072_cov_5.159383	2072	34.41
GC1003827_F11_NODE_2459_length_2072_cov_4.995887	2072	35.23
GC1003827_F11_NODE_2460_length_2072_cov_2.798458	2072	30.60
GC1003827_F11_NODE_2461_length_2072_cov_2.001542	2072	58.49
GC1003827_F11_NODE_2462_length_2071_cov_9.240741	2071	40.85
GC1003827_F11_NODE_2463_length_2071_cov_6.884259	2071	33.22
GC1003827_F11_NODE_2464_length_2071_cov_5.735597	2071	34.38
GC1003827_F11_NODE_2465_length_2071_cov_4.835391	2071	37.32
GC1003827_F11_NODE_2466_length_2071_cov_1.730453	2071	34.43
GC1003827_F11_NODE_2467_length_2070_cov_6.055069	2070	62.75
GC1003827_F11_NODE_2468_length_2070_cov_5.386001	2070	61.79
GC1003827_F11_NODE_2469_length_2070_cov_3.271745	2070	35.07
GC1003827_F11_NODE_2470_length_2070_cov_2.651055	2070	30.72
GC1003827_F11_NODE_2471_length_2069_cov_10.043769	2069	40.45
GC1003827_F11_NODE_2472_length_2069_cov_2.906797	2069	33.16
GC1003827_F11_NODE_2473_length_2069_cov_2.753862	2069	30.30
GC1003827_F11_NODE_2474_length_2068_cov_16.472437	2068	37.67
GC1003827_F11_NODE_2475_length_2068_cov_13.055641	2068	37.57
GC1003827_F11_NODE_2476_length_2068_cov_9.374549	2068	58.66
GC1003827_F11_NODE_2477_length_2068_cov_6.294178	2068	34.04
GC1003827_F11_NODE_2478_length_2068_cov_2.979907	2068	34.67
GC1003827_F11_NODE_2479_length_2068_cov_1.410098	2068	51.40
GC1003827_F11_NODE_2480_length_2067_cov_4.822165	2067	37.69
GC1003827_F11_NODE_2481_length_2067_cov_3.473711	2067	34.30
GC1003827_F11_NODE_2482_length_2067_cov_2.750515	2067	33.14
GC1003827_F11_NODE_2483_length_2066_cov_32.305312	2066	58.76
GC1003827_F11_NODE_2484_length_2066_cov_8.169675	2066	34.41
GC1003827_F11_NODE_2485_length_2065_cov_6.194530	2065	37.05
GC1003827_F11_NODE_2486_length_2065_cov_2.889577	2065	56.66
GC1003827_F11_NODE_2487_length_2064_cov_9.355705	2064	61.97
GC1003827_F11_NODE_2488_length_2064_cov_7.780072	2064	36.82
GC1003827_F11_NODE_2489_length_2064_cov_5.325245	2064	33.62
GC1003827_F11_NODE_2490_length_2064_cov_2.400620	2064	37.21
GC1003827_F11_NODE_2491_length_2063_cov_4.917872	2063	35.72
GC1003827_F11_NODE_2492_length_2063_cov_3.912190	2063	38.15
GC1003827_F11_NODE_2493_length_2063_cov_3.538223	2063	32.67
GC1003827_F11_NODE_2494_length_2062_cov_14.539018	2062	37.29
GC1003827_F11_NODE_2495_length_2062_cov_8.498191	2062	34.97
GC1003827_F11_NODE_2496_length_2062_cov_6.305943	2062	32.25
GC1003827_F11_NODE_2497_length_2061_cov_6.856774	2061	29.99
GC1003827_F11_NODE_2498_length_2061_cov_5.251810	2061	35.42
GC1003827_F11_NODE_2499_length_2061_cov_4.541882	2061	37.80
GC1003827_F11_NODE_2500_length_2060_cov_8.041904	2060	42.82
GC1003827_F11_NODE_2501_length_2060_cov_7.462494	2060	36.41
GC1003827_F11_NODE_2502_length_2060_cov_5.882566	2060	33.93
GC1003827_F11_NODE_2503_length_2060_cov_4.133471	2060	37.04
GC1003827_F11_NODE_2504_length_2060_cov_2.876358	2060	37.04
GC1003827_F11_NODE_2505_length_2059_cov_19.404762	2059	41.38
GC1003827_F11_NODE_2506_length_2059_cov_9.028986	2059	35.21
GC1003827_F11_NODE_2507_length_2059_cov_5.113354	2059	36.96
GC1003827_F11_NODE_2508_length_2059_cov_2.459110	2059	29.29
GC1003827_F11_NODE_2509_length_2058_cov_23.610564	2058	38.34
GC1003827_F11_NODE_2510_length_2058_cov_18.130502	2058	36.64
GC1003827_F11_NODE_2511_length_2058_cov_15.248576	2058	38.39
GC1003827_F11_NODE_2512_length_2058_cov_11.497670	2058	38.78
GC1003827_F11_NODE_2513_length_2058_cov_8.636976	2058	34.50
GC1003827_F11_NODE_2514_length_2058_cov_4.556189	2058	35.47
GC1003827_F11_NODE_2515_length_2058_cov_3.611082	2058	36.05
GC1003827_F11_NODE_2516_length_2058_cov_3.191093	2058	31.20
GC1003827_F11_NODE_2517_length_2058_cov_2.435008	2058	32.80
GC1003827_F11_NODE_2518_length_2057_cov_14.133161	2057	38.02
GC1003827_F11_NODE_2519_length_2057_cov_8.535233	2057	35.83
GC1003827_F11_NODE_2520_length_2057_cov_7.683420	2057	34.76
GC1003827_F11_NODE_2521_length_2057_cov_5.837824	2057	38.99
GC1003827_F11_NODE_2522_length_2057_cov_3.298964	2057	35.93
GC1003827_F11_NODE_2523_length_2057_cov_2.806736	2057	35.39
GC1003827_F11_NODE_2524_length_2056_cov_9.454121	2056	32.39
GC1003827_F11_NODE_2525_length_2056_cov_5.909279	2056	35.31
GC1003827_F11_NODE_2526_length_2056_cov_5.834111	2056	32.34
GC1003827_F11_NODE_2527_length_2056_cov_3.227579	2056	34.44
GC1003827_F11_NODE_2528_length_2055_cov_7.516598	2055	38.49
GC1003827_F11_NODE_2529_length_2054_cov_6.210171	2054	53.75
GC1003827_F11_NODE_2530_length_2053_cov_10.811007	2053	33.80
GC1003827_F11_NODE_2531_length_2053_cov_6.697819	2053	31.71
GC1003827_F11_NODE_2532_length_2053_cov_2.802700	2053	49.49
GC1003827_F11_NODE_2533_length_2052_cov_11.601558	2052	32.89
GC1003827_F11_NODE_2534_length_2052_cov_9.148052	2052	33.58
GC1003827_F11_NODE_2535_length_2052_cov_6.226494	2052	40.30
GC1003827_F11_NODE_2536_length_2051_cov_16.985967	2051	60.41
GC1003827_F11_NODE_2537_length_2051_cov_5.850832	2051	32.33
GC1003827_F11_NODE_2538_length_2051_cov_5.605509	2051	35.54
GC1003827_F11_NODE_2539_length_2051_cov_5.031705	2051	33.79
GC1003827_F11_NODE_2540_length_2051_cov_4.123181	2051	38.03
GC1003827_F11_NODE_2541_length_2051_cov_3.520270	2051	46.81
GC1003827_F11_NODE_2542_length_2051_cov_2.619023	2051	30.86
GC1003827_F11_NODE_2543_length_2051_cov_2.474012	2051	49.93
GC1003827_F11_NODE_2544_length_2050_cov_4.672907	2050	35.56
GC1003827_F11_NODE_2545_length_2050_cov_3.225689	2050	33.71
GC1003827_F11_NODE_2546_length_2049_cov_14.773153	2049	37.34
GC1003827_F11_NODE_2547_length_2049_cov_5.603538	2049	41.34
GC1003827_F11_NODE_2548_length_2049_cov_3.338710	2049	30.84
GC1003827_F11_NODE_2549_length_2048_cov_6.977616	2048	34.52
GC1003827_F11_NODE_2550_length_2048_cov_6.788131	2048	34.33
GC1003827_F11_NODE_2551_length_2048_cov_2.401874	2048	35.16
GC1003827_F11_NODE_2552_length_2047_cov_6.995833	2047	32.29
GC1003827_F11_NODE_2553_length_2047_cov_4.294271	2047	61.75
GC1003827_F11_NODE_2554_length_2046_cov_13.930693	2046	34.41
GC1003827_F11_NODE_2555_length_2046_cov_6.262637	2046	37.63
GC1003827_F11_NODE_2556_length_2046_cov_2.812923	2046	37.93
GC1003827_F11_NODE_2557_length_2046_cov_2.478374	2046	64.91
GC1003827_F11_NODE_2558_length_2046_cov_2.221470	2046	34.07
GC1003827_F11_NODE_2559_length_2045_cov_16.434307	2045	36.09
GC1003827_F11_NODE_2560_length_2045_cov_6.145985	2045	35.40
GC1003827_F11_NODE_2561_length_2045_cov_2.416058	2045	33.94
GC1003827_F11_NODE_2562_length_2044_cov_10.337507	2044	38.89
GC1003827_F11_NODE_2563_length_2043_cov_9.530271	2043	45.72
GC1003827_F11_NODE_2564_length_2043_cov_7.471816	2043	34.46
GC1003827_F11_NODE_2565_length_2043_cov_4.137787	2043	32.35
GC1003827_F11_NODE_2566_length_2043_cov_2.151357	2043	31.47
GC1003827_F11_NODE_2567_length_2042_cov_13.458486	2042	31.78
GC1003827_F11_NODE_2568_length_2042_cov_9.563969	2042	48.53
GC1003827_F11_NODE_2569_length_2042_cov_8.570235	2042	33.74
GC1003827_F11_NODE_2570_length_2042_cov_7.222977	2042	33.59
GC1003827_F11_NODE_2571_length_2042_cov_5.199478	2042	32.37
GC1003827_F11_NODE_2572_length_2042_cov_4.642820	2042	32.32
GC1003827_F11_NODE_2573_length_2042_cov_3.643864	2042	30.95
GC1003827_F11_NODE_2574_length_2042_cov_2.549869	2042	40.70
GC1003827_F11_NODE_2575_length_2041_cov_4.675549	2041	34.98
GC1003827_F11_NODE_2576_length_2041_cov_3.109195	2041	45.76
GC1003827_F11_NODE_2577_length_2041_cov_2.164054	2041	28.86
GC1003827_F11_NODE_2578_length_2040_cov_6.254574	2040	34.26
GC1003827_F11_NODE_2579_length_2039_cov_3.055962	2039	36.88
GC1003827_F11_NODE_2580_length_2039_cov_1.870816	2039	35.31
GC1003827_F11_NODE_2581_length_2038_cov_12.225013	2038	36.11
GC1003827_F11_NODE_2582_length_2038_cov_6.371010	2038	44.65
GC1003827_F11_NODE_2583_length_2038_cov_1.755625	2038	34.20
GC1003827_F11_NODE_2584_length_2037_cov_4.163351	2037	32.89
GC1003827_F11_NODE_2585_length_2037_cov_1.999476	2037	36.03
GC1003827_F11_NODE_2586_length_2036_cov_6.457307	2036	36.15
GC1003827_F11_NODE_2587_length_2036_cov_5.678366	2036	31.14
GC1003827_F11_NODE_2588_length_2036_cov_5.676270	2036	34.28
GC1003827_F11_NODE_2589_length_2036_cov_4.744893	2036	33.84
GC1003827_F11_NODE_2590_length_2036_cov_3.961760	2036	33.06
GC1003827_F11_NODE_2591_length_2036_cov_2.340492	2036	35.41
GC1003827_F11_NODE_2592_length_2035_cov_5.134696	2035	34.15
GC1003827_F11_NODE_2593_length_2035_cov_2.709644	2035	35.77
GC1003827_F11_NODE_2594_length_2034_cov_11.762454	2034	38.15
GC1003827_F11_NODE_2595_length_2034_cov_1.843209	2034	36.68
GC1003827_F11_NODE_2596_length_2033_cov_8.653200	2033	33.20
GC1003827_F11_NODE_2597_length_2033_cov_2.535677	2033	42.74
GC1003827_F11_NODE_2598_length_2032_cov_6.257218	2032	36.27
GC1003827_F11_NODE_2599_length_2032_cov_4.001050	2032	33.17
GC1003827_F11_NODE_2600_length_2032_cov_3.774278	2032	32.58
GC1003827_F11_NODE_2601_length_2032_cov_2.822572	2032	39.42
GC1003827_F11_NODE_2602_length_2031_cov_19.483718	2031	40.57
GC1003827_F11_NODE_2603_length_2031_cov_12.212710	2031	38.01
GC1003827_F11_NODE_2604_length_2031_cov_2.720063	2031	35.01
GC1003827_F11_NODE_2605_length_2031_cov_2.663340	2031	39.59
GC1003827_F11_NODE_2606_length_2030_cov_20.640568	2030	33.84
GC1003827_F11_NODE_2607_length_2030_cov_4.061482	2030	58.72
GC1003827_F11_NODE_2608_length_2030_cov_3.301104	2030	32.56
GC1003827_F11_NODE_2609_length_2029_cov_24.445846	2029	39.58
GC1003827_F11_NODE_2610_length_2029_cov_20.603575	2029	36.77
GC1003827_F11_NODE_2611_length_2029_cov_10.436383	2029	38.34
GC1003827_F11_NODE_2612_length_2029_cov_3.027865	2029	36.96
GC1003827_F11_NODE_2613_length_2028_cov_11.643346	2028	35.31
GC1003827_F11_NODE_2614_length_2028_cov_11.377696	2028	36.49
GC1003827_F11_NODE_2615_length_2028_cov_6.785376	2028	35.60
GC1003827_F11_NODE_2616_length_2028_cov_2.297212	2028	34.76
GC1003827_F11_NODE_2617_length_2027_cov_24.865789	2027	43.02
GC1003827_F11_NODE_2618_length_2027_cov_10.723158	2027	36.01
GC1003827_F11_NODE_2619_length_2027_cov_5.714737	2027	34.68
GC1003827_F11_NODE_2620_length_2027_cov_4.156842	2027	34.44
GC1003827_F11_NODE_2621_length_2027_cov_1.613684	2027	32.31
GC1003827_F11_NODE_2622_length_2026_cov_13.608215	2026	36.77
GC1003827_F11_NODE_2623_length_2026_cov_9.424961	2026	36.03
GC1003827_F11_NODE_2624_length_2026_cov_5.513955	2026	64.41
GC1003827_F11_NODE_2625_length_2026_cov_4.711954	2026	34.70
GC1003827_F11_NODE_2626_length_2026_cov_4.561875	2026	35.98
GC1003827_F11_NODE_2627_length_2025_cov_12.848261	2025	35.60
GC1003827_F11_NODE_2628_length_2025_cov_8.002107	2025	41.09
GC1003827_F11_NODE_2629_length_2025_cov_2.352476	2025	64.64
GC1003827_F11_NODE_2630_length_2024_cov_26.564576	2024	38.19
GC1003827_F11_NODE_2631_length_2024_cov_11.668424	2024	37.70
GC1003827_F11_NODE_2632_length_2024_cov_5.826568	2024	36.07
GC1003827_F11_NODE_2633_length_2024_cov_4.259884	2024	33.45
GC1003827_F11_NODE_2634_length_2024_cov_4.011597	2024	38.64
GC1003827_F11_NODE_2635_length_2024_cov_3.529784	2024	40.46
GC1003827_F11_NODE_2636_length_2024_cov_3.130206	2024	60.38
GC1003827_F11_NODE_2637_length_2024_cov_2.880337	2024	32.91
GC1003827_F11_NODE_2638_length_2023_cov_5.661920	2023	31.09
GC1003827_F11_NODE_2639_length_2023_cov_3.908228	2023	34.06
GC1003827_F11_NODE_2640_length_2023_cov_1.679325	2023	33.22
GC1003827_F11_NODE_2641_length_2022_cov_26.036412	2022	38.63
GC1003827_F11_NODE_2642_length_2022_cov_13.269129	2022	54.15
GC1003827_F11_NODE_2643_length_2022_cov_9.669129	2022	40.50
GC1003827_F11_NODE_2644_length_2022_cov_9.609499	2022	42.14
GC1003827_F11_NODE_2645_length_2022_cov_8.732982	2022	32.39
GC1003827_F11_NODE_2646_length_2022_cov_7.361478	2022	33.23
GC1003827_F11_NODE_2647_length_2022_cov_6.399472	2022	37.39
GC1003827_F11_NODE_2648_length_2021_cov_11.534319	2021	55.52
GC1003827_F11_NODE_2649_length_2021_cov_2.319958	2021	38.40
GC1003827_F11_NODE_2650_length_2020_cov_5.743793	2020	37.33
GC1003827_F11_NODE_2651_length_2020_cov_5.571580	2020	32.33
GC1003827_F11_NODE_2652_length_2020_cov_2.462229	2020	38.22
GC1003827_F11_NODE_2653_length_2019_cov_10.075053	2019	34.22
GC1003827_F11_NODE_2654_length_2019_cov_9.957717	2019	34.77
GC1003827_F11_NODE_2655_length_2019_cov_6.631078	2019	43.59
GC1003827_F11_NODE_2656_length_2019_cov_4.561839	2019	38.68
GC1003827_F11_NODE_2657_length_2019_cov_1.352537	2019	34.03
GC1003827_F11_NODE_2658_length_2018_cov_26.547858	2018	35.88
GC1003827_F11_NODE_2659_length_2018_cov_12.072448	2018	34.49
GC1003827_F11_NODE_2660_length_2018_cov_10.512427	2018	33.15
GC1003827_F11_NODE_2661_length_2018_cov_8.619249	2018	38.26
GC1003827_F11_NODE_2662_length_2018_cov_6.305130	2018	31.27
GC1003827_F11_NODE_2663_length_2018_cov_6.185616	2018	33.60
GC1003827_F11_NODE_2664_length_2018_cov_4.975674	2018	38.70
GC1003827_F11_NODE_2665_length_2018_cov_1.222105	2018	33.45
GC1003827_F11_NODE_2666_length_2017_cov_7.631746	2017	54.69
GC1003827_F11_NODE_2667_length_2017_cov_6.954497	2017	34.31
GC1003827_F11_NODE_2668_length_2016_cov_15.719428	2016	39.68
GC1003827_F11_NODE_2669_length_2016_cov_11.951826	2016	37.85
GC1003827_F11_NODE_2670_length_2016_cov_6.579142	2016	37.75
GC1003827_F11_NODE_2671_length_2016_cov_5.168343	2016	64.88
GC1003827_F11_NODE_2672_length_2015_cov_11.506356	2015	52.16
GC1003827_F11_NODE_2673_length_2015_cov_7.382415	2015	36.77
GC1003827_F11_NODE_2674_length_2015_cov_3.741525	2015	32.85
GC1003827_F11_NODE_2675_length_2015_cov_2.789195	2015	32.41
GC1003827_F11_NODE_2676_length_2015_cov_2.076271	2015	33.60
GC1003827_F11_NODE_2677_length_2015_cov_1.722987	2015	29.98
GC1003827_F11_NODE_2678_length_2014_cov_3.111818	2014	37.19
GC1003827_F11_NODE_2679_length_2014_cov_2.841547	2014	62.26
GC1003827_F11_NODE_2680_length_2014_cov_2.167992	2014	40.02
GC1003827_F11_NODE_2681_length_2013_cov_13.026511	2013	39.49
GC1003827_F11_NODE_2682_length_2013_cov_12.814952	2013	37.06
GC1003827_F11_NODE_2683_length_2013_cov_6.857370	2013	41.73
GC1003827_F11_NODE_2684_length_2012_cov_5.404244	2012	33.10
GC1003827_F11_NODE_2685_length_2011_cov_9.461783	2011	56.34
GC1003827_F11_NODE_2686_length_2011_cov_7.563163	2011	32.77
GC1003827_F11_NODE_2687_length_2011_cov_4.107219	2011	37.64
GC1003827_F11_NODE_2688_length_2011_cov_3.491507	2011	36.00
GC1003827_F11_NODE_2689_length_2011_cov_2.552548	2011	30.53
GC1003827_F11_NODE_2690_length_2011_cov_2.524947	2011	36.05
GC1003827_F11_NODE_2691_length_2010_cov_11.009559	2010	36.02
GC1003827_F11_NODE_2692_length_2010_cov_9.730749	2010	38.31
GC1003827_F11_NODE_2693_length_2010_cov_6.720659	2010	34.08
GC1003827_F11_NODE_2694_length_2010_cov_4.091875	2010	38.26
GC1003827_F11_NODE_2695_length_2010_cov_1.346256	2010	62.04
GC1003827_F11_NODE_2696_length_2009_cov_8.109989	2009	35.29
GC1003827_F11_NODE_2697_length_2009_cov_6.208820	2009	31.81
GC1003827_F11_NODE_2698_length_2009_cov_5.712009	2009	33.55
GC1003827_F11_NODE_2699_length_2009_cov_3.591923	2009	34.25
GC1003827_F11_NODE_2700_length_2008_cov_10.040404	2008	36.55
GC1003827_F11_NODE_2701_length_2008_cov_7.266879	2008	38.60
GC1003827_F11_NODE_2702_length_2008_cov_5.119617	2008	30.83
GC1003827_F11_NODE_2703_length_2008_cov_3.985114	2008	32.17
GC1003827_F11_NODE_2704_length_2008_cov_2.231792	2008	34.26
GC1003827_F11_NODE_2705_length_2007_cov_3.570213	2007	35.28
GC1003827_F11_NODE_2706_length_2007_cov_2.370745	2007	36.92
GC1003827_F11_NODE_2707_length_2006_cov_9.330495	2006	33.65
GC1003827_F11_NODE_2708_length_2006_cov_8.905269	2006	33.10
GC1003827_F11_NODE_2709_length_2006_cov_7.201171	2006	39.03
GC1003827_F11_NODE_2710_length_2006_cov_6.338478	2006	30.06
GC1003827_F11_NODE_2711_length_2006_cov_4.746674	2006	38.19
GC1003827_F11_NODE_2712_length_2006_cov_1.150080	2006	64.81
GC1003827_F11_NODE_2713_length_2005_cov_8.097977	2005	31.07
GC1003827_F11_NODE_2714_length_2005_cov_7.239617	2005	36.46
GC1003827_F11_NODE_2715_length_2005_cov_4.325879	2005	32.77
GC1003827_F11_NODE_2716_length_2005_cov_4.182641	2005	32.67
GC1003827_F11_NODE_2717_length_2005_cov_3.543131	2005	34.66
GC1003827_F11_NODE_2718_length_2004_cov_4.424614	2004	36.08
GC1003827_F11_NODE_2719_length_2004_cov_3.706979	2004	35.48
GC1003827_F11_NODE_2720_length_2003_cov_27.961620	2003	33.40
GC1003827_F11_NODE_2721_length_2003_cov_9.035714	2003	40.94
GC1003827_F11_NODE_2722_length_2003_cov_6.552772	2003	38.19
GC1003827_F11_NODE_2723_length_2003_cov_3.212154	2003	33.65
GC1003827_F11_NODE_2724_length_2003_cov_2.385394	2003	40.79
GC1003827_F11_NODE_2725_length_2002_cov_7.240000	2002	59.49
GC1003827_F11_NODE_2726_length_2002_cov_4.134933	2002	35.86
GC1003827_F11_NODE_2727_length_2001_cov_25.911953	2001	35.03
GC1003827_F11_NODE_2728_length_2001_cov_10.751868	2001	38.13
GC1003827_F11_NODE_2729_length_2001_cov_7.749200	2001	31.58
GC1003827_F11_NODE_2730_length_2000_cov_14.657234	2000	40.60
GC1003827_F11_NODE_2731_length_2000_cov_14.625734	2000	34.40
GC1003827_F11_NODE_2732_length_2000_cov_6.826482	2000	36.95
GC1003827_F11_NODE_2733_length_2000_cov_5.588895	2000	31.45
GC1003827_F11_NODE_2734_length_1999_cov_42.710470	1999	41.12
GC1003827_F11_NODE_2735_length_1999_cov_19.048611	1999	60.23
GC1003827_F11_NODE_2736_length_1999_cov_10.230235	1999	47.17
GC1003827_F11_NODE_2737_length_1999_cov_8.749466	1999	34.77
GC1003827_F11_NODE_2738_length_1999_cov_7.807158	1999	34.47
GC1003827_F11_NODE_2739_length_1999_cov_7.586538	1999	55.33
GC1003827_F11_NODE_2740_length_1999_cov_6.024573	1999	37.82
GC1003827_F11_NODE_2741_length_1999_cov_2.823184	1999	39.27
GC1003827_F11_NODE_2742_length_1999_cov_2.381410	1999	33.47
GC1003827_F11_NODE_2743_length_1999_cov_1.396902	1999	35.72
GC1003827_F11_NODE_2744_length_1998_cov_11.735970	1998	35.94
GC1003827_F11_NODE_2745_length_1998_cov_7.467130	1998	33.93
GC1003827_F11_NODE_2746_length_1998_cov_5.701764	1998	37.94
GC1003827_F11_NODE_2747_length_1998_cov_5.584180	1998	33.83
GC1003827_F11_NODE_2748_length_1997_cov_9.835294	1997	34.10
GC1003827_F11_NODE_2749_length_1997_cov_3.090909	1997	62.84
GC1003827_F11_NODE_2750_length_1996_cov_8.430712	1996	42.08
GC1003827_F11_NODE_2751_length_1996_cov_4.036918	1996	47.39
GC1003827_F11_NODE_2752_length_1995_cov_20.195931	1995	35.54
GC1003827_F11_NODE_2753_length_1995_cov_3.350642	1995	35.69
GC1003827_F11_NODE_2754_length_1994_cov_13.680771	1994	38.87
GC1003827_F11_NODE_2755_length_1994_cov_8.816283	1994	39.12
GC1003827_F11_NODE_2756_length_1994_cov_7.814676	1994	36.26
GC1003827_F11_NODE_2757_length_1994_cov_3.802892	1994	32.60
GC1003827_F11_NODE_2758_length_1994_cov_2.884842	1994	33.10
GC1003827_F11_NODE_2759_length_1993_cov_36.429260	1993	49.97
GC1003827_F11_NODE_2760_length_1993_cov_9.921758	1993	37.03
GC1003827_F11_NODE_2761_length_1993_cov_3.478028	1993	64.33
GC1003827_F11_NODE_2762_length_1993_cov_3.172026	1993	32.92
GC1003827_F11_NODE_2763_length_1993_cov_2.374598	1993	33.82
GC1003827_F11_NODE_2764_length_1992_cov_10.159249	1992	34.04
GC1003827_F11_NODE_2765_length_1992_cov_9.045040	1992	38.05
GC1003827_F11_NODE_2766_length_1992_cov_4.754960	1992	32.83
GC1003827_F11_NODE_2767_length_1992_cov_4.021984	1992	58.03
GC1003827_F11_NODE_2768_length_1992_cov_4.002681	1992	63.20
GC1003827_F11_NODE_2769_length_1992_cov_2.627346	1992	61.19
GC1003827_F11_NODE_2770_length_1992_cov_1.752279	1992	32.58
GC1003827_F11_NODE_2771_length_1991_cov_2.758047	1991	53.89
GC1003827_F11_NODE_2772_length_1990_cov_12.480408	1990	42.21
GC1003827_F11_NODE_2773_length_1990_cov_7.936125	1990	36.08
GC1003827_F11_NODE_2774_length_1990_cov_7.450886	1990	34.62
GC1003827_F11_NODE_2775_length_1990_cov_5.922705	1990	33.57
GC1003827_F11_NODE_2776_length_1990_cov_3.271605	1990	30.90
GC1003827_F11_NODE_2777_length_1990_cov_3.158347	1990	32.91
GC1003827_F11_NODE_2778_length_1990_cov_2.438003	1990	34.72
GC1003827_F11_NODE_2779_length_1989_cov_23.834049	1989	38.01
GC1003827_F11_NODE_2780_length_1989_cov_5.808271	1989	34.74
GC1003827_F11_NODE_2781_length_1989_cov_5.793233	1989	40.32
GC1003827_F11_NODE_2782_length_1989_cov_4.101504	1989	32.53
GC1003827_F11_NODE_2783_length_1989_cov_3.177229	1989	32.43
GC1003827_F11_NODE_2784_length_1988_cov_23.393874	1988	31.19
GC1003827_F11_NODE_2785_length_1988_cov_7.600215	1988	61.57
GC1003827_F11_NODE_2786_length_1988_cov_7.539495	1988	36.87
GC1003827_F11_NODE_2787_length_1988_cov_7.224610	1988	36.17
GC1003827_F11_NODE_2788_length_1988_cov_6.775927	1988	39.03
GC1003827_F11_NODE_2789_length_1988_cov_1.838259	1988	65.39
GC1003827_F11_NODE_2790_length_1987_cov_17.582796	1987	37.75
GC1003827_F11_NODE_2791_length_1987_cov_11.382796	1987	34.22
GC1003827_F11_NODE_2792_length_1987_cov_7.055376	1987	35.33
GC1003827_F11_NODE_2793_length_1987_cov_3.648387	1987	31.56
GC1003827_F11_NODE_2794_length_1986_cov_14.614847	1986	33.74
GC1003827_F11_NODE_2795_length_1986_cov_9.931684	1986	39.22
GC1003827_F11_NODE_2796_length_1986_cov_6.360409	1986	41.04
GC1003827_F11_NODE_2797_length_1986_cov_6.038731	1986	35.60
GC1003827_F11_NODE_2798_length_1986_cov_5.596019	1986	32.83
GC1003827_F11_NODE_2799_length_1986_cov_2.484669	1986	34.54
GC1003827_F11_NODE_2800_length_1986_cov_1.978483	1986	31.07
GC1003827_F11_NODE_2801_length_1985_cov_7.013455	1985	62.92
GC1003827_F11_NODE_2802_length_1985_cov_5.155544	1985	34.11
GC1003827_F11_NODE_2803_length_1985_cov_4.131862	1985	40.76
GC1003827_F11_NODE_2804_length_1984_cov_1.597738	1984	34.32
GC1003827_F11_NODE_2805_length_1983_cov_14.086746	1983	47.45
GC1003827_F11_NODE_2806_length_1983_cov_5.619612	1983	37.57
GC1003827_F11_NODE_2807_length_1983_cov_4.041487	1983	38.33
GC1003827_F11_NODE_2808_length_1983_cov_4.003772	1983	33.48
GC1003827_F11_NODE_2809_length_1983_cov_1.821659	1983	35.05
GC1003827_F11_NODE_2810_length_1983_cov_1.470366	1983	36.26
GC1003827_F11_NODE_2811_length_1982_cov_26.265768	1982	37.74
GC1003827_F11_NODE_2812_length_1982_cov_15.948787	1982	36.73
GC1003827_F11_NODE_2813_length_1982_cov_5.559569	1982	32.69
GC1003827_F11_NODE_2814_length_1982_cov_4.794609	1982	33.75
GC1003827_F11_NODE_2815_length_1981_cov_9.904531	1981	33.87
GC1003827_F11_NODE_2816_length_1981_cov_9.788026	1981	38.97
GC1003827_F11_NODE_2817_length_1980_cov_16.516999	1980	34.24
GC1003827_F11_NODE_2818_length_1980_cov_3.745278	1980	35.66
GC1003827_F11_NODE_2819_length_1980_cov_1.495413	1980	32.32
GC1003827_F11_NODE_2820_length_1979_cov_15.762419	1979	36.74
GC1003827_F11_NODE_2821_length_1979_cov_9.878510	1979	39.62
GC1003827_F11_NODE_2822_length_1979_cov_4.198704	1979	38.50
GC1003827_F11_NODE_2823_length_1979_cov_4.187365	1979	63.67
GC1003827_F11_NODE_2824_length_1979_cov_3.595572	1979	55.48
GC1003827_F11_NODE_2825_length_1979_cov_3.161447	1979	33.45
GC1003827_F11_NODE_2826_length_1979_cov_1.758639	1979	50.99
GC1003827_F11_NODE_2827_length_1978_cov_11.467855	1978	34.73
GC1003827_F11_NODE_2828_length_1978_cov_9.684495	1978	35.04
GC1003827_F11_NODE_2829_length_1978_cov_6.757969	1978	33.47
GC1003827_F11_NODE_2830_length_1978_cov_6.290113	1978	38.68
GC1003827_F11_NODE_2831_length_1978_cov_5.575905	1978	36.96
GC1003827_F11_NODE_2832_length_1978_cov_4.592112	1978	33.11
GC1003827_F11_NODE_2833_length_1977_cov_9.657838	1977	33.64
GC1003827_F11_NODE_2834_length_1977_cov_7.582703	1977	33.33
GC1003827_F11_NODE_2835_length_1977_cov_5.613514	1977	33.74
GC1003827_F11_NODE_2836_length_1977_cov_4.632432	1977	30.75
GC1003827_F11_NODE_2837_length_1977_cov_1.876757	1977	33.99
GC1003827_F11_NODE_2838_length_1976_cov_10.648459	1976	40.94
GC1003827_F11_NODE_2839_length_1976_cov_2.818821	1976	43.22
GC1003827_F11_NODE_2840_length_1975_cov_6.954004	1975	38.23
GC1003827_F11_NODE_2841_length_1975_cov_6.748918	1975	38.63
GC1003827_F11_NODE_2842_length_1975_cov_6.646645	1975	33.82
GC1003827_F11_NODE_2843_length_1974_cov_11.577152	1974	32.27
GC1003827_F11_NODE_2844_length_1974_cov_7.507309	1974	30.70
GC1003827_F11_NODE_2845_length_1974_cov_5.274499	1974	34.85
GC1003827_F11_NODE_2846_length_1974_cov_2.486194	1974	36.47
GC1003827_F11_NODE_2847_length_1973_cov_8.085590	1973	35.38
GC1003827_F11_NODE_2848_length_1973_cov_5.579632	1973	37.25
GC1003827_F11_NODE_2849_length_1973_cov_3.620802	1973	34.52
GC1003827_F11_NODE_2850_length_1973_cov_2.411159	1973	34.67
GC1003827_F11_NODE_2851_length_1972_cov_9.804336	1972	37.17
GC1003827_F11_NODE_2852_length_1972_cov_6.272087	1972	37.83
GC1003827_F11_NODE_2853_length_1972_cov_3.482927	1972	58.57
GC1003827_F11_NODE_2854_length_1972_cov_3.364770	1972	36.05
GC1003827_F11_NODE_2855_length_1971_cov_5.341649	1971	34.45
GC1003827_F11_NODE_2856_length_1971_cov_3.007592	1971	31.81
GC1003827_F11_NODE_2857_length_1970_cov_13.192078	1970	38.02
GC1003827_F11_NODE_2858_length_1970_cov_8.628323	1970	41.17
GC1003827_F11_NODE_2859_length_1970_cov_6.157352	1970	32.34
GC1003827_F11_NODE_2860_length_1970_cov_4.129680	1970	37.16
GC1003827_F11_NODE_2861_length_1969_cov_15.666667	1969	37.07
GC1003827_F11_NODE_2862_length_1969_cov_5.325190	1969	37.02
GC1003827_F11_NODE_2863_length_1969_cov_2.052117	1969	32.30
GC1003827_F11_NODE_2864_length_1968_cov_25.809886	1968	40.29
GC1003827_F11_NODE_2865_length_1968_cov_17.876697	1968	39.53
GC1003827_F11_NODE_2866_length_1968_cov_14.316133	1968	36.28
GC1003827_F11_NODE_2867_length_1968_cov_1.740359	1968	52.29
GC1003827_F11_NODE_2868_length_1967_cov_5.915217	1967	35.43
GC1003827_F11_NODE_2869_length_1967_cov_5.580978	1967	34.27
GC1003827_F11_NODE_2870_length_1967_cov_3.117935	1967	34.52
GC1003827_F11_NODE_2871_length_1967_cov_2.939674	1967	34.52
GC1003827_F11_NODE_2872_length_1966_cov_8.957586	1966	33.01
GC1003827_F11_NODE_2873_length_1966_cov_6.280044	1966	35.35
GC1003827_F11_NODE_2874_length_1966_cov_4.696574	1966	39.93
GC1003827_F11_NODE_2875_length_1966_cov_2.855900	1966	31.59
GC1003827_F11_NODE_2876_length_1965_cov_11.566921	1965	38.17
GC1003827_F11_NODE_2877_length_1965_cov_6.803591	1965	40.10
GC1003827_F11_NODE_2878_length_1965_cov_2.639826	1965	32.72
GC1003827_F11_NODE_2879_length_1965_cov_2.201850	1965	57.71
GC1003827_F11_NODE_2880_length_1964_cov_29.298312	1964	38.75
GC1003827_F11_NODE_2881_length_1964_cov_11.948285	1964	35.34
GC1003827_F11_NODE_2882_length_1964_cov_8.561786	1964	32.79
GC1003827_F11_NODE_2883_length_1964_cov_8.535112	1964	57.23
GC1003827_F11_NODE_2884_length_1964_cov_5.561241	1964	32.54
GC1003827_F11_NODE_2885_length_1964_cov_3.930321	1964	36.91
GC1003827_F11_NODE_2886_length_1963_cov_9.726580	1963	38.56
GC1003827_F11_NODE_2887_length_1963_cov_7.419390	1963	31.69
GC1003827_F11_NODE_2888_length_1963_cov_2.715142	1963	63.53
GC1003827_F11_NODE_2889_length_1963_cov_1.339325	1963	54.76
GC1003827_F11_NODE_2890_length_1962_cov_3.306812	1962	33.64
GC1003827_F11_NODE_2891_length_1962_cov_3.093188	1962	33.89
GC1003827_F11_NODE_2892_length_1962_cov_1.931880	1962	34.30
GC1003827_F11_NODE_2893_length_1962_cov_1.627793	1962	30.99
GC1003827_F11_NODE_2894_length_1961_cov_10.288986	1961	36.26
GC1003827_F11_NODE_2895_length_1961_cov_8.761723	1961	38.55
GC1003827_F11_NODE_2896_length_1961_cov_5.628680	1961	34.22
GC1003827_F11_NODE_2897_length_1961_cov_4.341330	1961	29.42
GC1003827_F11_NODE_2898_length_1960_cov_9.351337	1960	36.38
GC1003827_F11_NODE_2899_length_1960_cov_9.123841	1960	36.17
GC1003827_F11_NODE_2900_length_1960_cov_7.827605	1960	38.62
GC1003827_F11_NODE_2901_length_1960_cov_6.578287	1960	46.02
GC1003827_F11_NODE_2902_length_1960_cov_2.779596	1960	32.81
GC1003827_F11_NODE_2903_length_1959_cov_15.348253	1959	41.60
GC1003827_F11_NODE_2904_length_1959_cov_3.153384	1959	34.56
GC1003827_F11_NODE_2905_length_1959_cov_2.889738	1959	35.27
GC1003827_F11_NODE_2906_length_1958_cov_6.556526	1958	42.59
GC1003827_F11_NODE_2907_length_1957_cov_15.166120	1957	53.19
GC1003827_F11_NODE_2908_length_1957_cov_3.973770	1957	33.01
GC1003827_F11_NODE_2909_length_1956_cov_14.698196	1956	40.34
GC1003827_F11_NODE_2910_length_1956_cov_9.802624	1956	39.72
GC1003827_F11_NODE_2911_length_1956_cov_7.424822	1956	63.70
GC1003827_F11_NODE_2912_length_1956_cov_4.082012	1956	34.10
GC1003827_F11_NODE_2913_length_1955_cov_2.562910	1955	35.29
GC1003827_F11_NODE_2914_length_1954_cov_15.206897	1954	34.39
GC1003827_F11_NODE_2915_length_1954_cov_2.563218	1954	54.81
GC1003827_F11_NODE_2916_length_1953_cov_24.834064	1953	35.13
GC1003827_F11_NODE_2917_length_1953_cov_10.855422	1953	34.87
GC1003827_F11_NODE_2918_length_1953_cov_3.363636	1953	62.16
GC1003827_F11_NODE_2919_length_1953_cov_1.999452	1953	35.89
GC1003827_F11_NODE_2920_length_1952_cov_8.038356	1952	31.45
GC1003827_F11_NODE_2921_length_1952_cov_4.620822	1952	29.05
GC1003827_F11_NODE_2922_length_1951_cov_9.780702	1951	33.01
GC1003827_F11_NODE_2923_length_1951_cov_2.531250	1951	39.31
GC1003827_F11_NODE_2924_length_1951_cov_2.260965	1951	35.73
GC1003827_F11_NODE_2925_length_1950_cov_17.612726	1950	38.31
GC1003827_F11_NODE_2926_length_1949_cov_8.813392	1949	34.07
GC1003827_F11_NODE_2927_length_1949_cov_7.990121	1949	34.68
GC1003827_F11_NODE_2928_length_1948_cov_6.494234	1948	35.11
GC1003827_F11_NODE_2929_length_1948_cov_4.364635	1948	32.19
GC1003827_F11_NODE_2930_length_1947_cov_21.372527	1947	38.42
GC1003827_F11_NODE_2931_length_1947_cov_8.470330	1947	36.26
GC1003827_F11_NODE_2932_length_1947_cov_8.112088	1947	58.35
GC1003827_F11_NODE_2933_length_1946_cov_12.936778	1946	37.67
GC1003827_F11_NODE_2934_length_1946_cov_12.234744	1946	36.02
GC1003827_F11_NODE_2935_length_1946_cov_8.581089	1946	32.48
GC1003827_F11_NODE_2936_length_1946_cov_6.714678	1946	36.95
GC1003827_F11_NODE_2937_length_1946_cov_3.902144	1946	39.11
GC1003827_F11_NODE_2938_length_1946_cov_1.225948	1946	33.81
GC1003827_F11_NODE_2939_length_1945_cov_14.128713	1945	35.78
GC1003827_F11_NODE_2940_length_1945_cov_7.931243	1945	34.04
GC1003827_F11_NODE_2941_length_1945_cov_4.773377	1945	31.88
GC1003827_F11_NODE_2942_length_1945_cov_3.458196	1945	37.63
GC1003827_F11_NODE_2943_length_1944_cov_7.923500	1944	35.13
GC1003827_F11_NODE_2944_length_1944_cov_6.530545	1944	43.11
GC1003827_F11_NODE_2945_length_1944_cov_3.737479	1944	37.09
GC1003827_F11_NODE_2946_length_1944_cov_3.251513	1944	34.10
GC1003827_F11_NODE_2947_length_1944_cov_1.559714	1944	63.89
GC1003827_F11_NODE_2948_length_1943_cov_18.735132	1943	39.27
GC1003827_F11_NODE_2949_length_1943_cov_6.764317	1943	35.62
GC1003827_F11_NODE_2950_length_1943_cov_1.272026	1943	35.00
GC1003827_F11_NODE_2951_length_1942_cov_11.204408	1942	36.56
GC1003827_F11_NODE_2952_length_1942_cov_6.505785	1942	62.41
GC1003827_F11_NODE_2953_length_1941_cov_8.324146	1941	33.49
GC1003827_F11_NODE_2954_length_1941_cov_4.570562	1941	57.24
GC1003827_F11_NODE_2955_length_1940_cov_8.153889	1940	44.59
GC1003827_F11_NODE_2956_length_1940_cov_4.352454	1940	38.04
GC1003827_F11_NODE_2957_length_1940_cov_3.216768	1940	29.38
GC1003827_F11_NODE_2958_length_1939_cov_19.717439	1939	31.41
GC1003827_F11_NODE_2959_length_1939_cov_9.226821	1939	35.12
GC1003827_F11_NODE_2960_length_1939_cov_3.171082	1939	33.68
GC1003827_F11_NODE_2961_length_1939_cov_2.296909	1939	33.68
GC1003827_F11_NODE_2962_length_1939_cov_2.296358	1939	36.46
GC1003827_F11_NODE_2963_length_1938_cov_11.757592	1938	33.69
GC1003827_F11_NODE_2964_length_1938_cov_6.490337	1938	35.81
GC1003827_F11_NODE_2965_length_1938_cov_5.267256	1938	39.11
GC1003827_F11_NODE_2966_length_1937_cov_11.150829	1937	36.91
GC1003827_F11_NODE_2967_length_1937_cov_10.401105	1937	40.63
GC1003827_F11_NODE_2968_length_1937_cov_9.927624	1937	35.57
GC1003827_F11_NODE_2969_length_1937_cov_4.846409	1937	40.17
GC1003827_F11_NODE_2970_length_1937_cov_3.447514	1937	42.28
GC1003827_F11_NODE_2971_length_1936_cov_13.525152	1936	35.07
GC1003827_F11_NODE_2972_length_1936_cov_8.809287	1936	35.74
GC1003827_F11_NODE_2973_length_1936_cov_7.579878	1936	31.46
GC1003827_F11_NODE_2974_length_1936_cov_3.753455	1936	35.38
GC1003827_F11_NODE_2975_length_1936_cov_2.035931	1936	34.09
GC1003827_F11_NODE_2976_length_1935_cov_23.788717	1935	39.33
GC1003827_F11_NODE_2977_length_1935_cov_14.905973	1935	36.28
GC1003827_F11_NODE_2978_length_1935_cov_7.560841	1935	34.83
GC1003827_F11_NODE_2979_length_1935_cov_2.491150	1935	39.90
GC1003827_F11_NODE_2980_length_1934_cov_14.846707	1934	36.25
GC1003827_F11_NODE_2981_length_1934_cov_9.289430	1934	41.73
GC1003827_F11_NODE_2982_length_1934_cov_7.833426	1934	35.42
GC1003827_F11_NODE_2983_length_1934_cov_7.088545	1934	62.10
GC1003827_F11_NODE_2984_length_1934_cov_5.660210	1934	34.59
GC1003827_F11_NODE_2985_length_1934_cov_4.654123	1934	36.97
GC1003827_F11_NODE_2986_length_1934_cov_3.711123	1934	34.44
GC1003827_F11_NODE_2987_length_1933_cov_14.019380	1933	34.97
GC1003827_F11_NODE_2988_length_1932_cov_12.398338	1932	35.56
GC1003827_F11_NODE_2989_length_1932_cov_1.836011	1932	30.90
GC1003827_F11_NODE_2990_length_1931_cov_26.846452	1931	37.18
GC1003827_F11_NODE_2991_length_1931_cov_11.196231	1931	37.70
GC1003827_F11_NODE_2992_length_1931_cov_2.053215	1931	32.73
GC1003827_F11_NODE_2993_length_1930_cov_14.794232	1930	44.82
GC1003827_F11_NODE_2994_length_1930_cov_5.421520	1930	57.98
GC1003827_F11_NODE_2995_length_1930_cov_3.509706	1930	41.71
GC1003827_F11_NODE_2996_length_1929_cov_7.511099	1929	63.09
GC1003827_F11_NODE_2997_length_1929_cov_5.139290	1929	34.89
GC1003827_F11_NODE_2998_length_1929_cov_4.097114	1929	31.88
GC1003827_F11_NODE_2999_length_1929_cov_2.308546	1929	33.44
GC1003827_F11_NODE_3000_length_1928_cov_14.354248	1928	37.66
GC1003827_F11_NODE_3001_length_1928_cov_4.335369	1928	30.60
GC1003827_F11_NODE_3002_length_1927_cov_19.287778	1927	35.91
GC1003827_F11_NODE_3003_length_1927_cov_9.754444	1927	36.79
GC1003827_F11_NODE_3004_length_1927_cov_9.286667	1927	36.59
GC1003827_F11_NODE_3005_length_1927_cov_4.667222	1927	33.37
GC1003827_F11_NODE_3006_length_1927_cov_1.557778	1927	32.23
GC1003827_F11_NODE_3007_length_1926_cov_7.297387	1926	42.89
GC1003827_F11_NODE_3008_length_1926_cov_6.314619	1926	33.59
GC1003827_F11_NODE_3009_length_1926_cov_5.147304	1926	36.92
GC1003827_F11_NODE_3010_length_1925_cov_21.205228	1925	34.08
GC1003827_F11_NODE_3011_length_1925_cov_6.105673	1925	34.86
GC1003827_F11_NODE_3012_length_1925_cov_5.820912	1925	32.57
GC1003827_F11_NODE_3013_length_1925_cov_3.827586	1925	33.97
GC1003827_F11_NODE_3014_length_1925_cov_2.501112	1925	28.62
GC1003827_F11_NODE_3015_length_1924_cov_36.823595	1924	42.36
GC1003827_F11_NODE_3016_length_1924_cov_6.731219	1924	35.81
GC1003827_F11_NODE_3017_length_1924_cov_4.161380	1924	32.74
GC1003827_F11_NODE_3018_length_1924_cov_3.880913	1924	31.39
GC1003827_F11_NODE_3019_length_1924_cov_1.754591	1924	30.67
GC1003827_F11_NODE_3020_length_1923_cov_19.172049	1923	37.08
GC1003827_F11_NODE_3021_length_1923_cov_11.438753	1923	37.75
GC1003827_F11_NODE_3022_length_1923_cov_6.252227	1923	54.24
GC1003827_F11_NODE_3023_length_1923_cov_3.978842	1923	34.11
GC1003827_F11_NODE_3024_length_1923_cov_3.148664	1923	42.38
GC1003827_F11_NODE_3025_length_1923_cov_2.339087	1923	30.32
GC1003827_F11_NODE_3026_length_1923_cov_1.012806	1923	65.78
GC1003827_F11_NODE_3027_length_1922_cov_15.344847	1922	39.13
GC1003827_F11_NODE_3028_length_1922_cov_8.122563	1922	45.53
GC1003827_F11_NODE_3029_length_1921_cov_16.630435	1921	39.09
GC1003827_F11_NODE_3030_length_1921_cov_2.840580	1921	37.27
GC1003827_F11_NODE_3031_length_1921_cov_2.353958	1921	36.18
GC1003827_F11_NODE_3032_length_1920_cov_20.979364	1920	56.35
GC1003827_F11_NODE_3033_length_1920_cov_10.955382	1920	40.89
GC1003827_F11_NODE_3034_length_1920_cov_10.735081	1920	38.33
GC1003827_F11_NODE_3035_length_1920_cov_5.348578	1920	37.03
GC1003827_F11_NODE_3036_length_1920_cov_4.677635	1920	34.27
GC1003827_F11_NODE_3037_length_1920_cov_2.971556	1920	37.60
GC1003827_F11_NODE_3038_length_1920_cov_2.659230	1920	36.51
GC1003827_F11_NODE_3039_length_1920_cov_2.508645	1920	34.53
GC1003827_F11_NODE_3040_length_1919_cov_11.380022	1919	45.60
GC1003827_F11_NODE_3041_length_1919_cov_9.294643	1919	43.82
GC1003827_F11_NODE_3042_length_1919_cov_3.838728	1919	38.87
GC1003827_F11_NODE_3043_length_1919_cov_1.159598	1919	28.82
GC1003827_F11_NODE_3044_length_1918_cov_12.424902	1918	39.21
GC1003827_F11_NODE_3045_length_1918_cov_8.772194	1918	34.72
GC1003827_F11_NODE_3046_length_1918_cov_7.977666	1918	37.43
GC1003827_F11_NODE_3047_length_1918_cov_5.945840	1918	32.79
GC1003827_F11_NODE_3048_length_1918_cov_3.944165	1918	33.00
GC1003827_F11_NODE_3049_length_1918_cov_2.449470	1918	35.35
GC1003827_F11_NODE_3050_length_1917_cov_20.879888	1917	37.87
GC1003827_F11_NODE_3051_length_1917_cov_17.073184	1917	36.62
GC1003827_F11_NODE_3052_length_1917_cov_10.086034	1917	35.68
GC1003827_F11_NODE_3053_length_1917_cov_7.870950	1917	33.80
GC1003827_F11_NODE_3054_length_1917_cov_7.864804	1917	34.12
GC1003827_F11_NODE_3055_length_1917_cov_6.654749	1917	35.94
GC1003827_F11_NODE_3056_length_1917_cov_6.000559	1917	52.69
GC1003827_F11_NODE_3057_length_1917_cov_4.586592	1917	39.91
GC1003827_F11_NODE_3058_length_1917_cov_3.356425	1917	33.23
GC1003827_F11_NODE_3059_length_1917_cov_2.949162	1917	30.93
GC1003827_F11_NODE_3060_length_1916_cov_23.363331	1916	40.71
GC1003827_F11_NODE_3061_length_1916_cov_14.341532	1916	38.62
GC1003827_F11_NODE_3062_length_1916_cov_6.845165	1916	37.73
GC1003827_F11_NODE_3063_length_1916_cov_6.809391	1916	35.39
GC1003827_F11_NODE_3064_length_1915_cov_11.705817	1915	38.64
GC1003827_F11_NODE_3065_length_1915_cov_11.630872	1915	52.17
GC1003827_F11_NODE_3066_length_1915_cov_11.539709	1915	61.15
GC1003827_F11_NODE_3067_length_1915_cov_6.510626	1915	38.02
GC1003827_F11_NODE_3068_length_1915_cov_5.285794	1915	37.44
GC1003827_F11_NODE_3069_length_1915_cov_2.275168	1915	32.90
GC1003827_F11_NODE_3070_length_1914_cov_8.646335	1914	35.58
GC1003827_F11_NODE_3071_length_1914_cov_8.532736	1914	35.95
GC1003827_F11_NODE_3072_length_1914_cov_6.884163	1914	40.54
GC1003827_F11_NODE_3073_length_1914_cov_2.806379	1914	29.94
GC1003827_F11_NODE_3074_length_1914_cov_2.194740	1914	35.42
GC1003827_F11_NODE_3075_length_1913_cov_20.654535	1913	32.72
GC1003827_F11_NODE_3076_length_1913_cov_7.815230	1913	39.78
GC1003827_F11_NODE_3077_length_1913_cov_5.146697	1913	42.50
GC1003827_F11_NODE_3078_length_1913_cov_4.397536	1913	34.19
GC1003827_F11_NODE_3079_length_1913_cov_3.665174	1913	30.89
GC1003827_F11_NODE_3080_length_1912_cov_9.073389	1912	44.67
GC1003827_F11_NODE_3081_length_1912_cov_4.710364	1912	35.51
GC1003827_F11_NODE_3082_length_1912_cov_2.144538	1912	32.32
GC1003827_F11_NODE_3083_length_1911_cov_15.012332	1911	37.57
GC1003827_F11_NODE_3084_length_1911_cov_10.760650	1911	52.69
GC1003827_F11_NODE_3085_length_1911_cov_5.487108	1911	33.44
GC1003827_F11_NODE_3086_length_1911_cov_2.343610	1911	40.50
GC1003827_F11_NODE_3087_length_1910_cov_25.672462	1910	38.06
GC1003827_F11_NODE_3088_length_1910_cov_5.650589	1910	31.10
GC1003827_F11_NODE_3089_length_1910_cov_5.480090	1910	48.80
GC1003827_F11_NODE_3090_length_1910_cov_5.427370	1910	35.18
GC1003827_F11_NODE_3091_length_1910_cov_1.318564	1910	34.92
GC1003827_F11_NODE_3092_length_1909_cov_9.378788	1909	39.92
GC1003827_F11_NODE_3093_length_1909_cov_4.434905	1909	40.23
GC1003827_F11_NODE_3094_length_1908_cov_11.017406	1908	40.88
GC1003827_F11_NODE_3095_length_1908_cov_7.481752	1908	38.47
GC1003827_F11_NODE_3096_length_1908_cov_4.984278	1908	32.18
GC1003827_F11_NODE_3097_length_1908_cov_4.546884	1908	35.48
GC1003827_F11_NODE_3098_length_1908_cov_3.296463	1908	38.63
GC1003827_F11_NODE_3099_length_1907_cov_20.222472	1907	36.60
GC1003827_F11_NODE_3100_length_1907_cov_12.948876	1907	32.09
GC1003827_F11_NODE_3101_length_1907_cov_7.139326	1907	32.35
GC1003827_F11_NODE_3102_length_1907_cov_6.460674	1907	36.23
GC1003827_F11_NODE_3103_length_1906_cov_7.078696	1906	35.05
GC1003827_F11_NODE_3104_length_1906_cov_6.376054	1906	44.65
GC1003827_F11_NODE_3105_length_1906_cov_4.199550	1906	30.38
GC1003827_F11_NODE_3106_length_1905_cov_14.428150	1905	36.27
GC1003827_F11_NODE_3107_length_1905_cov_4.792463	1905	53.60
GC1003827_F11_NODE_3108_length_1905_cov_2.997188	1905	31.86
GC1003827_F11_NODE_3109_length_1905_cov_1.124297	1905	62.57
GC1003827_F11_NODE_3110_length_1904_cov_16.053461	1904	36.71
GC1003827_F11_NODE_3111_length_1904_cov_14.787282	1904	36.19
GC1003827_F11_NODE_3112_length_1904_cov_12.852560	1904	34.66
GC1003827_F11_NODE_3113_length_1904_cov_6.592572	1904	34.35
GC1003827_F11_NODE_3114_length_1904_cov_5.376477	1904	32.88
GC1003827_F11_NODE_3115_length_1904_cov_3.763084	1904	38.76
GC1003827_F11_NODE_3116_length_1904_cov_2.617333	1904	35.56
GC1003827_F11_NODE_3117_length_1903_cov_11.263514	1903	38.83
GC1003827_F11_NODE_3118_length_1903_cov_7.348536	1903	34.16
GC1003827_F11_NODE_3119_length_1903_cov_4.938063	1903	35.79
GC1003827_F11_NODE_3120_length_1903_cov_4.898649	1903	57.44
GC1003827_F11_NODE_3121_length_1903_cov_4.729167	1903	35.58
GC1003827_F11_NODE_3122_length_1902_cov_20.461972	1902	39.43
GC1003827_F11_NODE_3123_length_1902_cov_6.779718	1902	33.81
GC1003827_F11_NODE_3124_length_1901_cov_20.300451	1901	40.93
GC1003827_F11_NODE_3125_length_1901_cov_8.134160	1901	29.09
GC1003827_F11_NODE_3126_length_1901_cov_7.954904	1901	39.08
GC1003827_F11_NODE_3127_length_1901_cov_3.983089	1901	37.14
GC1003827_F11_NODE_3128_length_1901_cov_2.530440	1901	57.13
GC1003827_F11_NODE_3129_length_1900_cov_4.320361	1900	35.53
GC1003827_F11_NODE_3130_length_1900_cov_2.639594	1900	34.42
GC1003827_F11_NODE_3131_length_1900_cov_1.617597	1900	33.58
GC1003827_F11_NODE_3132_length_1899_cov_37.770316	1899	38.49
GC1003827_F11_NODE_3133_length_1899_cov_18.394470	1899	36.33
GC1003827_F11_NODE_3134_length_1899_cov_12.946388	1899	40.34
GC1003827_F11_NODE_3135_length_1899_cov_9.450339	1899	39.28
GC1003827_F11_NODE_3136_length_1898_cov_8.300395	1898	32.03
GC1003827_F11_NODE_3137_length_1898_cov_8.039526	1898	35.77
GC1003827_F11_NODE_3138_length_1898_cov_7.806889	1898	32.09
GC1003827_F11_NODE_3139_length_1898_cov_7.621118	1898	33.51
GC1003827_F11_NODE_3140_length_1898_cov_6.402033	1898	38.78
GC1003827_F11_NODE_3141_length_1898_cov_5.154715	1898	43.20
GC1003827_F11_NODE_3142_length_1898_cov_4.832298	1898	33.56
GC1003827_F11_NODE_3143_length_1898_cov_4.334274	1898	63.38
GC1003827_F11_NODE_3144_length_1898_cov_4.165443	1898	36.46
GC1003827_F11_NODE_3145_length_1898_cov_3.327499	1898	34.09
GC1003827_F11_NODE_3146_length_1898_cov_2.684359	1898	33.09
GC1003827_F11_NODE_3147_length_1897_cov_5.981921	1897	37.80
GC1003827_F11_NODE_3148_length_1897_cov_5.826554	1897	32.68
GC1003827_F11_NODE_3149_length_1897_cov_1.996610	1897	60.83
GC1003827_F11_NODE_3150_length_1896_cov_15.591860	1896	45.46
GC1003827_F11_NODE_3151_length_1896_cov_4.532504	1896	35.81
GC1003827_F11_NODE_3152_length_1896_cov_4.342001	1896	33.39
GC1003827_F11_NODE_3153_length_1896_cov_3.366874	1896	37.61
GC1003827_F11_NODE_3154_length_1895_cov_14.973416	1895	59.95
GC1003827_F11_NODE_3155_length_1895_cov_12.104072	1895	33.77
GC1003827_F11_NODE_3156_length_1895_cov_10.226810	1895	34.09
GC1003827_F11_NODE_3157_length_1895_cov_9.751131	1895	39.58
GC1003827_F11_NODE_3158_length_1895_cov_5.265271	1895	35.62
GC1003827_F11_NODE_3159_length_1895_cov_3.616516	1895	33.46
GC1003827_F11_NODE_3160_length_1894_cov_7.947368	1894	37.54
GC1003827_F11_NODE_3161_length_1894_cov_1.915676	1894	33.69
GC1003827_F11_NODE_3162_length_1893_cov_7.228766	1893	30.90
GC1003827_F11_NODE_3163_length_1893_cov_6.441676	1893	34.39
GC1003827_F11_NODE_3164_length_1893_cov_3.577576	1893	33.23
GC1003827_F11_NODE_3165_length_1893_cov_2.101925	1893	31.33
GC1003827_F11_NODE_3166_length_1892_cov_2.594334	1892	35.57
GC1003827_F11_NODE_3167_length_1891_cov_8.651361	1891	36.81
GC1003827_F11_NODE_3168_length_1891_cov_8.523243	1891	35.96
GC1003827_F11_NODE_3169_length_1891_cov_5.921202	1891	36.28
GC1003827_F11_NODE_3170_length_1891_cov_3.492063	1891	31.78
GC1003827_F11_NODE_3171_length_1891_cov_1.663265	1891	36.17
GC1003827_F11_NODE_3172_length_1890_cov_9.439592	1890	35.24
GC1003827_F11_NODE_3173_length_1890_cov_6.982416	1890	34.81
GC1003827_F11_NODE_3174_length_1889_cov_23.409194	1889	42.93
GC1003827_F11_NODE_3175_length_1889_cov_18.902384	1889	41.19
GC1003827_F11_NODE_3176_length_1889_cov_11.454030	1889	34.94
GC1003827_F11_NODE_3177_length_1889_cov_6.372304	1889	32.72
GC1003827_F11_NODE_3178_length_1889_cov_5.020431	1889	37.11
GC1003827_F11_NODE_3179_length_1889_cov_4.902384	1889	31.76
GC1003827_F11_NODE_3180_length_1889_cov_3.917707	1889	36.58
GC1003827_F11_NODE_3181_length_1888_cov_11.218058	1888	32.84
GC1003827_F11_NODE_3182_length_1888_cov_6.607609	1888	62.13
GC1003827_F11_NODE_3183_length_1888_cov_1.659284	1888	29.50
GC1003827_F11_NODE_3184_length_1887_cov_4.155682	1887	36.99
GC1003827_F11_NODE_3185_length_1887_cov_3.480114	1887	32.33
GC1003827_F11_NODE_3186_length_1887_cov_2.943182	1887	64.44
GC1003827_F11_NODE_3187_length_1887_cov_2.474432	1887	31.05
GC1003827_F11_NODE_3188_length_1886_cov_2.057987	1886	29.59
GC1003827_F11_NODE_3189_length_1886_cov_1.917567	1886	30.75
GC1003827_F11_NODE_3190_length_1885_cov_19.160978	1885	38.14
GC1003827_F11_NODE_3191_length_1885_cov_1.533561	1885	30.66
GC1003827_F11_NODE_3192_length_1884_cov_9.046101	1884	37.53
GC1003827_F11_NODE_3193_length_1883_cov_16.722096	1883	34.89
GC1003827_F11_NODE_3194_length_1883_cov_10.211845	1883	36.48
GC1003827_F11_NODE_3195_length_1883_cov_7.833144	1883	36.64
GC1003827_F11_NODE_3196_length_1883_cov_4.363895	1883	33.83
GC1003827_F11_NODE_3197_length_1883_cov_4.000569	1883	30.38
GC1003827_F11_NODE_3198_length_1882_cov_8.957265	1882	34.96
GC1003827_F11_NODE_3199_length_1882_cov_6.112251	1882	33.85
GC1003827_F11_NODE_3200_length_1882_cov_4.640456	1882	44.53
GC1003827_F11_NODE_3201_length_1882_cov_2.736752	1882	35.28
GC1003827_F11_NODE_3202_length_1882_cov_1.238177	1882	31.62
GC1003827_F11_NODE_3203_length_1881_cov_13.346636	1881	34.93
GC1003827_F11_NODE_3204_length_1881_cov_10.218358	1881	37.53
GC1003827_F11_NODE_3205_length_1881_cov_8.050171	1881	35.41
GC1003827_F11_NODE_3206_length_1881_cov_6.796465	1881	42.21
GC1003827_F11_NODE_3207_length_1881_cov_3.845496	1881	37.53
GC1003827_F11_NODE_3208_length_1881_cov_3.563854	1881	36.74
GC1003827_F11_NODE_3209_length_1881_cov_3.094071	1881	37.11
GC1003827_F11_NODE_3210_length_1880_cov_7.942384	1880	36.33
GC1003827_F11_NODE_3211_length_1880_cov_6.393041	1880	40.37
GC1003827_F11_NODE_3212_length_1880_cov_3.865944	1880	33.51
GC1003827_F11_NODE_3213_length_1880_cov_3.861951	1880	37.34
GC1003827_F11_NODE_3214_length_1879_cov_10.734018	1879	34.75
GC1003827_F11_NODE_3215_length_1879_cov_7.751142	1879	59.98
GC1003827_F11_NODE_3216_length_1879_cov_3.093037	1879	35.02
GC1003827_F11_NODE_3217_length_1879_cov_2.868151	1879	60.67
GC1003827_F11_NODE_3218_length_1879_cov_1.300228	1879	36.35
GC1003827_F11_NODE_3219_length_1878_cov_17.368932	1878	38.34
GC1003827_F11_NODE_3220_length_1878_cov_4.069103	1878	34.66
GC1003827_F11_NODE_3221_length_1878_cov_3.549400	1878	33.23
GC1003827_F11_NODE_3222_length_1878_cov_3.197030	1878	32.27
GC1003827_F11_NODE_3223_length_1877_cov_2.770286	1877	59.14
GC1003827_F11_NODE_3224_length_1875_cov_13.532609	1875	37.60
GC1003827_F11_NODE_3225_length_1875_cov_9.319222	1875	38.99
GC1003827_F11_NODE_3226_length_1875_cov_5.581808	1875	34.08
GC1003827_F11_NODE_3227_length_1875_cov_1.652746	1875	34.24
GC1003827_F11_NODE_3228_length_1874_cov_6.553520	1874	48.13
GC1003827_F11_NODE_3229_length_1874_cov_2.187750	1874	62.75
GC1003827_F11_NODE_3230_length_1874_cov_1.798512	1874	35.86
GC1003827_F11_NODE_3231_length_1873_cov_18.187858	1873	35.50
GC1003827_F11_NODE_3232_length_1873_cov_10.151775	1873	37.21
GC1003827_F11_NODE_3233_length_1873_cov_5.866552	1873	40.58
GC1003827_F11_NODE_3234_length_1872_cov_13.656734	1872	37.98
GC1003827_F11_NODE_3235_length_1872_cov_7.409742	1872	35.79
GC1003827_F11_NODE_3236_length_1872_cov_4.282521	1872	28.90
GC1003827_F11_NODE_3237_length_1871_cov_15.456995	1871	36.72
GC1003827_F11_NODE_3238_length_1871_cov_10.335436	1871	29.66
GC1003827_F11_NODE_3239_length_1871_cov_9.395642	1871	38.32
GC1003827_F11_NODE_3240_length_1871_cov_6.508028	1871	33.94
GC1003827_F11_NODE_3241_length_1871_cov_3.637041	1871	33.03
GC1003827_F11_NODE_3242_length_1871_cov_2.941514	1871	37.47
GC1003827_F11_NODE_3243_length_1871_cov_2.801032	1871	31.00
GC1003827_F11_NODE_3244_length_1870_cov_28.773953	1870	38.56
GC1003827_F11_NODE_3245_length_1870_cov_8.959839	1870	61.82
GC1003827_F11_NODE_3246_length_1870_cov_8.209983	1870	31.55
GC1003827_F11_NODE_3247_length_1869_cov_9.533869	1869	38.42
GC1003827_F11_NODE_3248_length_1869_cov_6.749139	1869	35.85
GC1003827_F11_NODE_3249_length_1869_cov_5.245695	1869	32.58
GC1003827_F11_NODE_3250_length_1869_cov_3.776119	1869	37.03
GC1003827_F11_NODE_3251_length_1869_cov_3.682549	1869	36.44
GC1003827_F11_NODE_3252_length_1869_cov_2.811711	1869	35.26
GC1003827_F11_NODE_3253_length_1869_cov_1.294489	1869	31.41
GC1003827_F11_NODE_3254_length_1867_cov_27.703448	1867	38.46
GC1003827_F11_NODE_3255_length_1867_cov_9.660920	1867	31.98
GC1003827_F11_NODE_3256_length_1867_cov_6.824138	1867	43.22
GC1003827_F11_NODE_3257_length_1867_cov_4.093678	1867	38.30
GC1003827_F11_NODE_3258_length_1867_cov_3.849425	1867	37.81
GC1003827_F11_NODE_3259_length_1867_cov_2.669540	1867	64.01
GC1003827_F11_NODE_3260_length_1867_cov_2.360920	1867	36.10
GC1003827_F11_NODE_3261_length_1867_cov_1.682184	1867	35.89
GC1003827_F11_NODE_3262_length_1866_cov_9.582519	1866	34.19
GC1003827_F11_NODE_3263_length_1866_cov_6.128235	1866	41.43
GC1003827_F11_NODE_3264_length_1866_cov_1.515239	1866	34.57
GC1003827_F11_NODE_3265_length_1865_cov_12.360759	1865	38.45
GC1003827_F11_NODE_3266_length_1864_cov_2.222798	1864	39.97
GC1003827_F11_NODE_3267_length_1863_cov_9.583525	1863	32.26
GC1003827_F11_NODE_3268_length_1863_cov_4.641705	1863	31.72
GC1003827_F11_NODE_3269_length_1863_cov_4.050691	1863	36.50
GC1003827_F11_NODE_3270_length_1863_cov_3.623272	1863	38.06
GC1003827_F11_NODE_3271_length_1863_cov_2.529954	1863	29.63
GC1003827_F11_NODE_3272_length_1863_cov_2.107719	1863	33.06
GC1003827_F11_NODE_3273_length_1862_cov_7.731412	1862	61.01
GC1003827_F11_NODE_3274_length_1862_cov_7.413256	1862	34.43
GC1003827_F11_NODE_3275_length_1862_cov_3.393660	1862	30.99
GC1003827_F11_NODE_3276_length_1862_cov_1.998847	1862	30.29
GC1003827_F11_NODE_3277_length_1861_cov_11.955594	1861	38.85
GC1003827_F11_NODE_3278_length_1861_cov_10.275087	1861	43.90
GC1003827_F11_NODE_3279_length_1861_cov_8.742791	1861	41.54
GC1003827_F11_NODE_3280_length_1861_cov_5.734717	1861	33.53
GC1003827_F11_NODE_3281_length_1861_cov_4.361015	1861	63.94
GC1003827_F11_NODE_3282_length_1861_cov_4.026528	1861	32.51
GC1003827_F11_NODE_3283_length_1861_cov_2.791234	1861	32.83
GC1003827_F11_NODE_3284_length_1860_cov_6.140796	1860	33.66
GC1003827_F11_NODE_3285_length_1860_cov_5.010387	1860	33.01
GC1003827_F11_NODE_3286_length_1860_cov_4.642816	1860	33.60
GC1003827_F11_NODE_3287_length_1860_cov_2.248125	1860	52.53
GC1003827_F11_NODE_3288_length_1859_cov_12.162240	1859	36.96
GC1003827_F11_NODE_3289_length_1859_cov_7.832564	1859	29.53
GC1003827_F11_NODE_3290_length_1859_cov_7.726905	1859	36.79
GC1003827_F11_NODE_3291_length_1859_cov_3.314088	1859	30.23
GC1003827_F11_NODE_3292_length_1859_cov_2.703233	1859	36.69
GC1003827_F11_NODE_3293_length_1858_cov_6.016753	1858	33.21
GC1003827_F11_NODE_3294_length_1858_cov_5.923166	1858	34.66
GC1003827_F11_NODE_3295_length_1858_cov_5.181976	1858	39.24
GC1003827_F11_NODE_3296_length_1858_cov_4.846909	1858	37.73
GC1003827_F11_NODE_3297_length_1858_cov_3.829001	1858	35.31
GC1003827_F11_NODE_3298_length_1858_cov_3.396303	1858	36.01
GC1003827_F11_NODE_3299_length_1857_cov_6.497110	1857	30.59
GC1003827_F11_NODE_3300_length_1857_cov_3.901734	1857	37.32
GC1003827_F11_NODE_3301_length_1856_cov_8.111047	1856	33.73
GC1003827_F11_NODE_3302_length_1856_cov_7.883169	1856	35.94
GC1003827_F11_NODE_3303_length_1856_cov_6.784847	1856	36.96
GC1003827_F11_NODE_3304_length_1855_cov_7.860532	1855	37.95
GC1003827_F11_NODE_3305_length_1855_cov_7.168403	1855	39.57
GC1003827_F11_NODE_3306_length_1855_cov_4.136574	1855	59.89
GC1003827_F11_NODE_3307_length_1855_cov_1.833912	1855	31.05
GC1003827_F11_NODE_3308_length_1854_cov_12.679792	1854	35.71
GC1003827_F11_NODE_3309_length_1854_cov_10.148234	1854	37.06
GC1003827_F11_NODE_3310_length_1854_cov_2.687319	1854	30.37
GC1003827_F11_NODE_3311_length_1854_cov_2.005790	1854	38.19
GC1003827_F11_NODE_3312_length_1854_cov_1.478865	1854	64.89
GC1003827_F11_NODE_3313_length_1853_cov_9.094438	1853	40.31
GC1003827_F11_NODE_3314_length_1853_cov_7.841831	1853	37.94
GC1003827_F11_NODE_3315_length_1853_cov_6.234647	1853	32.00
GC1003827_F11_NODE_3316_length_1853_cov_5.899768	1853	35.73
GC1003827_F11_NODE_3317_length_1853_cov_4.376014	1853	33.78
GC1003827_F11_NODE_3318_length_1853_cov_2.654693	1853	37.78
GC1003827_F11_NODE_3319_length_1852_cov_19.676522	1852	39.09
GC1003827_F11_NODE_3320_length_1852_cov_13.851594	1852	35.91
GC1003827_F11_NODE_3321_length_1852_cov_9.715362	1852	54.59
GC1003827_F11_NODE_3322_length_1852_cov_6.573333	1852	35.48
GC1003827_F11_NODE_3323_length_1852_cov_3.184928	1852	34.88
GC1003827_F11_NODE_3324_length_1852_cov_2.895652	1852	31.75
GC1003827_F11_NODE_3325_length_1851_cov_23.930974	1851	42.52
GC1003827_F11_NODE_3326_length_1851_cov_21.429814	1851	35.22
GC1003827_F11_NODE_3327_length_1851_cov_16.805684	1851	35.22
GC1003827_F11_NODE_3328_length_1851_cov_5.372970	1851	34.79
GC1003827_F11_NODE_3329_length_1851_cov_5.236079	1851	58.78
GC1003827_F11_NODE_3330_length_1851_cov_5.048724	1851	35.33
GC1003827_F11_NODE_3331_length_1850_cov_29.726640	1850	40.43
GC1003827_F11_NODE_3332_length_1850_cov_10.061521	1850	37.03
GC1003827_F11_NODE_3333_length_1850_cov_9.464306	1850	31.89
GC1003827_F11_NODE_3334_length_1850_cov_9.243180	1850	35.78
GC1003827_F11_NODE_3335_length_1850_cov_6.915844	1850	43.14
GC1003827_F11_NODE_3336_length_1850_cov_6.413233	1850	52.05
GC1003827_F11_NODE_3337_length_1850_cov_4.543239	1850	35.19
GC1003827_F11_NODE_3338_length_1850_cov_1.798027	1850	32.11
GC1003827_F11_NODE_3339_length_1849_cov_8.366434	1849	33.32
GC1003827_F11_NODE_3340_length_1849_cov_5.973287	1849	32.45
GC1003827_F11_NODE_3341_length_1849_cov_5.284553	1849	37.53
GC1003827_F11_NODE_3342_length_1849_cov_4.862369	1849	34.13
GC1003827_F11_NODE_3343_length_1848_cov_10.405578	1848	35.01
GC1003827_F11_NODE_3344_length_1848_cov_8.962231	1848	35.55
GC1003827_F11_NODE_3345_length_1848_cov_4.686810	1848	63.91
GC1003827_F11_NODE_3346_length_1847_cov_9.754651	1847	33.95
GC1003827_F11_NODE_3347_length_1847_cov_9.625581	1847	30.54
GC1003827_F11_NODE_3348_length_1847_cov_9.344186	1847	38.98
GC1003827_F11_NODE_3349_length_1847_cov_9.159884	1847	37.63
GC1003827_F11_NODE_3350_length_1847_cov_5.572674	1847	36.71
GC1003827_F11_NODE_3351_length_1846_cov_8.947644	1846	39.06
GC1003827_F11_NODE_3352_length_1846_cov_5.908086	1846	36.94
GC1003827_F11_NODE_3353_length_1846_cov_5.371728	1846	33.86
GC1003827_F11_NODE_3354_length_1846_cov_4.814427	1846	36.46
GC1003827_F11_NODE_3355_length_1846_cov_4.726003	1846	34.99
GC1003827_F11_NODE_3356_length_1846_cov_4.201862	1846	34.78
GC1003827_F11_NODE_3357_length_1846_cov_3.431646	1846	33.21
GC1003827_F11_NODE_3358_length_1846_cov_2.898197	1846	35.10
GC1003827_F11_NODE_3359_length_1846_cov_2.851658	1846	32.23
GC1003827_F11_NODE_3360_length_1845_cov_18.737485	1845	37.94
GC1003827_F11_NODE_3361_length_1845_cov_13.380093	1845	35.72
GC1003827_F11_NODE_3362_length_1845_cov_10.344587	1845	33.60
GC1003827_F11_NODE_3363_length_1845_cov_6.555297	1845	31.76
GC1003827_F11_NODE_3364_length_1845_cov_6.291036	1845	38.86
GC1003827_F11_NODE_3365_length_1845_cov_6.215367	1845	37.62
GC1003827_F11_NODE_3366_length_1845_cov_3.576251	1845	31.82
GC1003827_F11_NODE_3367_length_1845_cov_2.093714	1845	32.57
GC1003827_F11_NODE_3368_length_1845_cov_1.703725	1845	35.93
GC1003827_F11_NODE_3369_length_1844_cov_7.681421	1844	33.95
GC1003827_F11_NODE_3370_length_1844_cov_3.381479	1844	38.45
GC1003827_F11_NODE_3371_length_1844_cov_2.768783	1844	32.16
GC1003827_F11_NODE_3372_length_1843_cov_13.810023	1843	42.16
GC1003827_F11_NODE_3373_length_1843_cov_12.656177	1843	36.52
GC1003827_F11_NODE_3374_length_1843_cov_12.144522	1843	37.33
GC1003827_F11_NODE_3375_length_1843_cov_10.224359	1843	36.41
GC1003827_F11_NODE_3376_length_1843_cov_8.624126	1843	33.04
GC1003827_F11_NODE_3377_length_1843_cov_7.846737	1843	33.42
GC1003827_F11_NODE_3378_length_1843_cov_3.022145	1843	34.02
GC1003827_F11_NODE_3379_length_1842_cov_11.414577	1842	36.54
GC1003827_F11_NODE_3380_length_1842_cov_9.808163	1842	34.80
GC1003827_F11_NODE_3381_length_1842_cov_5.960933	1842	33.77
GC1003827_F11_NODE_3382_length_1842_cov_5.531778	1842	41.21
GC1003827_F11_NODE_3383_length_1842_cov_4.586589	1842	32.25
GC1003827_F11_NODE_3384_length_1842_cov_3.658309	1842	32.68
GC1003827_F11_NODE_3385_length_1842_cov_1.988338	1842	36.10
GC1003827_F11_NODE_3386_length_1842_cov_1.806414	1842	64.12
GC1003827_F11_NODE_3387_length_1841_cov_18.284131	1841	39.98
GC1003827_F11_NODE_3388_length_1841_cov_11.590432	1841	37.70
GC1003827_F11_NODE_3389_length_1841_cov_6.791132	1841	30.91
GC1003827_F11_NODE_3390_length_1841_cov_2.341307	1841	35.96
GC1003827_F11_NODE_3391_length_1841_cov_1.470245	1841	32.75
GC1003827_F11_NODE_3392_length_1840_cov_7.367192	1840	37.45
GC1003827_F11_NODE_3393_length_1840_cov_6.247519	1840	33.48
GC1003827_F11_NODE_3394_length_1840_cov_4.829539	1840	35.27
GC1003827_F11_NODE_3395_length_1840_cov_3.935785	1840	32.01
GC1003827_F11_NODE_3396_length_1840_cov_2.677758	1840	31.14
GC1003827_F11_NODE_3397_length_1840_cov_2.300642	1840	38.86
GC1003827_F11_NODE_3398_length_1840_cov_1.624635	1840	32.77
GC1003827_F11_NODE_3399_length_1839_cov_10.335864	1839	37.96
GC1003827_F11_NODE_3400_length_1839_cov_7.497664	1839	32.35
GC1003827_F11_NODE_3401_length_1839_cov_0.987150	1839	30.29
GC1003827_F11_NODE_3402_length_1838_cov_14.244886	1838	36.78
GC1003827_F11_NODE_3403_length_1838_cov_1.774985	1838	64.69
GC1003827_F11_NODE_3404_length_1837_cov_45.229240	1837	32.28
GC1003827_F11_NODE_3405_length_1837_cov_11.122807	1837	57.16
GC1003827_F11_NODE_3406_length_1837_cov_8.395906	1837	40.99
GC1003827_F11_NODE_3407_length_1837_cov_4.699415	1837	31.36
GC1003827_F11_NODE_3408_length_1837_cov_4.512281	1837	40.34
GC1003827_F11_NODE_3409_length_1837_cov_3.702924	1837	33.97
GC1003827_F11_NODE_3410_length_1837_cov_2.792398	1837	35.38
GC1003827_F11_NODE_3411_length_1837_cov_2.769006	1837	31.36
GC1003827_F11_NODE_3412_length_1837_cov_2.618713	1837	34.40
GC1003827_F11_NODE_3413_length_1837_cov_1.818129	1837	35.06
GC1003827_F11_NODE_3414_length_1837_cov_1.200585	1837	33.37
GC1003827_F11_NODE_3415_length_1836_cov_12.562902	1836	40.03
GC1003827_F11_NODE_3416_length_1836_cov_3.621416	1836	32.84
GC1003827_F11_NODE_3417_length_1836_cov_3.076653	1836	34.37
GC1003827_F11_NODE_3418_length_1836_cov_3.009362	1836	34.10
GC1003827_F11_NODE_3419_length_1835_cov_6.464286	1835	32.92
GC1003827_F11_NODE_3420_length_1835_cov_5.538056	1835	37.33
GC1003827_F11_NODE_3421_length_1835_cov_4.149883	1835	37.33
GC1003827_F11_NODE_3422_length_1834_cov_15.026948	1834	37.84
GC1003827_F11_NODE_3423_length_1834_cov_11.181605	1834	38.66
GC1003827_F11_NODE_3424_length_1834_cov_7.866432	1834	34.08
GC1003827_F11_NODE_3425_length_1834_cov_6.538957	1834	37.84
GC1003827_F11_NODE_3426_length_1834_cov_3.964851	1834	32.82
GC1003827_F11_NODE_3427_length_1834_cov_1.404804	1834	31.03
GC1003827_F11_NODE_3428_length_1834_cov_1.326889	1834	38.22
GC1003827_F11_NODE_3429_length_1833_cov_5.825909	1833	40.37
GC1003827_F11_NODE_3430_length_1833_cov_3.907972	1833	37.97
GC1003827_F11_NODE_3431_length_1833_cov_3.193435	1833	35.13
GC1003827_F11_NODE_3432_length_1832_cov_18.687390	1832	37.17
GC1003827_F11_NODE_3433_length_1832_cov_15.480938	1832	36.68
GC1003827_F11_NODE_3434_length_1832_cov_11.392375	1832	40.99
GC1003827_F11_NODE_3435_length_1832_cov_5.345455	1832	36.14
GC1003827_F11_NODE_3436_length_1832_cov_4.971848	1832	37.88
GC1003827_F11_NODE_3437_length_1832_cov_4.434604	1832	34.39
GC1003827_F11_NODE_3438_length_1832_cov_4.052786	1832	31.99
GC1003827_F11_NODE_3439_length_1832_cov_3.590029	1832	65.12
GC1003827_F11_NODE_3440_length_1832_cov_3.278006	1832	37.61
GC1003827_F11_NODE_3441_length_1832_cov_2.995308	1832	38.48
GC1003827_F11_NODE_3442_length_1831_cov_2.467723	1831	51.39
GC1003827_F11_NODE_3443_length_1830_cov_9.661773	1830	34.43
GC1003827_F11_NODE_3444_length_1830_cov_5.968878	1830	39.07
GC1003827_F11_NODE_3445_length_1830_cov_3.182032	1830	32.13
GC1003827_F11_NODE_3446_length_1830_cov_2.991779	1830	37.92
GC1003827_F11_NODE_3447_length_1829_cov_7.212691	1829	35.65
GC1003827_F11_NODE_3448_length_1829_cov_6.179201	1829	38.60
GC1003827_F11_NODE_3449_length_1829_cov_2.640423	1829	31.44
GC1003827_F11_NODE_3450_length_1829_cov_1.816099	1829	45.22
GC1003827_F11_NODE_3451_length_1829_cov_1.754994	1829	32.31
GC1003827_F11_NODE_3452_length_1828_cov_28.848325	1828	37.09
GC1003827_F11_NODE_3453_length_1828_cov_11.115814	1828	53.88
GC1003827_F11_NODE_3454_length_1828_cov_4.232804	1828	34.25
GC1003827_F11_NODE_3455_length_1828_cov_4.216931	1828	34.90
GC1003827_F11_NODE_3456_length_1828_cov_4.038801	1828	32.28
GC1003827_F11_NODE_3457_length_1827_cov_9.948235	1827	35.30
GC1003827_F11_NODE_3458_length_1827_cov_5.917059	1827	36.02
GC1003827_F11_NODE_3459_length_1827_cov_4.293529	1827	32.68
GC1003827_F11_NODE_3460_length_1827_cov_4.010588	1827	31.36
GC1003827_F11_NODE_3461_length_1827_cov_3.421765	1827	36.12
GC1003827_F11_NODE_3462_length_1827_cov_1.878235	1827	36.29
GC1003827_F11_NODE_3463_length_1826_cov_7.600353	1826	38.44
GC1003827_F11_NODE_3464_length_1826_cov_2.713949	1826	34.88
GC1003827_F11_NODE_3465_length_1826_cov_1.875221	1826	45.95
GC1003827_F11_NODE_3466_length_1825_cov_14.359835	1825	38.36
GC1003827_F11_NODE_3467_length_1825_cov_10.526502	1825	33.75
GC1003827_F11_NODE_3468_length_1825_cov_5.624264	1825	38.74
GC1003827_F11_NODE_3469_length_1825_cov_4.547703	1825	37.48
GC1003827_F11_NODE_3470_length_1825_cov_4.501767	1825	34.08
GC1003827_F11_NODE_3471_length_1825_cov_4.339223	1825	55.89
GC1003827_F11_NODE_3472_length_1825_cov_4.280330	1825	33.21
GC1003827_F11_NODE_3473_length_1825_cov_2.949352	1825	30.90
GC1003827_F11_NODE_3474_length_1825_cov_2.927562	1825	40.33
GC1003827_F11_NODE_3475_length_1825_cov_2.469965	1825	33.81
GC1003827_F11_NODE_3476_length_1824_cov_8.934590	1824	40.30
GC1003827_F11_NODE_3477_length_1824_cov_7.751915	1824	37.12
GC1003827_F11_NODE_3478_length_1824_cov_7.695934	1824	60.31
GC1003827_F11_NODE_3479_length_1824_cov_5.296995	1824	33.39
GC1003827_F11_NODE_3480_length_1824_cov_5.271656	1824	38.82
GC1003827_F11_NODE_3481_length_1823_cov_10.145047	1823	36.75
GC1003827_F11_NODE_3482_length_1823_cov_9.211085	1823	33.79
GC1003827_F11_NODE_3483_length_1823_cov_4.482901	1823	32.36
GC1003827_F11_NODE_3484_length_1823_cov_2.553656	1823	63.96
GC1003827_F11_NODE_3485_length_1823_cov_2.280071	1823	30.72
GC1003827_F11_NODE_3486_length_1823_cov_2.025943	1823	28.20
GC1003827_F11_NODE_3487_length_1823_cov_1.947524	1823	31.49
GC1003827_F11_NODE_3488_length_1823_cov_1.444575	1823	29.35
GC1003827_F11_NODE_3489_length_1822_cov_8.817699	1822	53.51
GC1003827_F11_NODE_3490_length_1822_cov_7.902655	1822	52.41
GC1003827_F11_NODE_3491_length_1822_cov_2.548673	1822	58.40
GC1003827_F11_NODE_3492_length_1822_cov_2.011799	1822	29.47
GC1003827_F11_NODE_3493_length_1821_cov_30.068477	1821	36.13
GC1003827_F11_NODE_3494_length_1821_cov_10.733766	1821	36.63
GC1003827_F11_NODE_3495_length_1821_cov_8.470484	1821	37.01
GC1003827_F11_NODE_3496_length_1821_cov_5.161157	1821	35.15
GC1003827_F11_NODE_3497_length_1821_cov_3.254427	1821	32.51
GC1003827_F11_NODE_3498_length_1821_cov_2.528335	1821	37.56
GC1003827_F11_NODE_3499_length_1821_cov_2.035419	1821	32.45
GC1003827_F11_NODE_3500_length_1820_cov_32.435322	1820	43.90
GC1003827_F11_NODE_3501_length_1820_cov_27.494389	1820	37.64
GC1003827_F11_NODE_3502_length_1820_cov_12.841701	1820	33.79
GC1003827_F11_NODE_3503_length_1820_cov_8.049025	1820	36.32
GC1003827_F11_NODE_3504_length_1820_cov_7.385115	1820	36.54
GC1003827_F11_NODE_3505_length_1820_cov_7.370348	1820	37.91
GC1003827_F11_NODE_3506_length_1820_cov_3.894861	1820	33.57
GC1003827_F11_NODE_3507_length_1819_cov_4.543735	1819	68.39
GC1003827_F11_NODE_3508_length_1819_cov_3.385934	1819	33.32
GC1003827_F11_NODE_3509_length_1818_cov_6.209935	1818	36.47
GC1003827_F11_NODE_3510_length_1818_cov_5.438202	1818	35.70
GC1003827_F11_NODE_3511_length_1817_cov_23.758580	1817	37.37
GC1003827_F11_NODE_3512_length_1817_cov_11.914201	1817	36.98
GC1003827_F11_NODE_3513_length_1817_cov_4.971598	1817	36.43
GC1003827_F11_NODE_3514_length_1817_cov_4.149112	1817	31.87
GC1003827_F11_NODE_3515_length_1817_cov_3.939053	1817	32.69
GC1003827_F11_NODE_3516_length_1817_cov_3.840237	1817	31.15
GC1003827_F11_NODE_3517_length_1817_cov_3.040237	1817	33.68
GC1003827_F11_NODE_3518_length_1816_cov_18.559503	1816	31.66
GC1003827_F11_NODE_3519_length_1816_cov_3.191829	1816	32.60
GC1003827_F11_NODE_3520_length_1815_cov_13.309242	1815	39.17
GC1003827_F11_NODE_3521_length_1815_cov_8.542062	1815	35.92
GC1003827_F11_NODE_3522_length_1815_cov_7.627962	1815	37.96
GC1003827_F11_NODE_3523_length_1815_cov_6.073460	1815	61.10
GC1003827_F11_NODE_3524_length_1815_cov_4.077014	1815	33.50
GC1003827_F11_NODE_3525_length_1815_cov_3.677133	1815	33.61
GC1003827_F11_NODE_3526_length_1814_cov_5.760522	1814	31.64
GC1003827_F11_NODE_3527_length_1814_cov_2.715471	1814	34.73
GC1003827_F11_NODE_3528_length_1813_cov_11.679715	1813	37.51
GC1003827_F11_NODE_3529_length_1813_cov_9.435350	1813	38.83
GC1003827_F11_NODE_3530_length_1813_cov_6.234282	1813	39.11
GC1003827_F11_NODE_3531_length_1813_cov_4.937129	1813	34.80
GC1003827_F11_NODE_3532_length_1812_cov_12.649258	1812	39.90
GC1003827_F11_NODE_3533_length_1812_cov_8.697329	1812	31.84
GC1003827_F11_NODE_3534_length_1812_cov_7.176261	1812	62.25
GC1003827_F11_NODE_3535_length_1811_cov_5.103325	1811	30.20
GC1003827_F11_NODE_3536_length_1811_cov_5.083135	1811	28.05
GC1003827_F11_NODE_3537_length_1811_cov_4.137173	1811	32.97
GC1003827_F11_NODE_3538_length_1811_cov_3.921021	1811	32.41
GC1003827_F11_NODE_3539_length_1811_cov_2.620546	1811	32.69
GC1003827_F11_NODE_3540_length_1811_cov_2.076010	1811	33.02
GC1003827_F11_NODE_3541_length_1810_cov_10.484848	1810	33.48
GC1003827_F11_NODE_3542_length_1810_cov_2.992276	1810	49.39
GC1003827_F11_NODE_3543_length_1809_cov_15.044590	1809	52.24
GC1003827_F11_NODE_3544_length_1809_cov_9.829964	1809	33.00
GC1003827_F11_NODE_3545_length_1809_cov_9.313317	1809	39.47
GC1003827_F11_NODE_3546_length_1809_cov_5.992271	1809	35.32
GC1003827_F11_NODE_3547_length_1809_cov_5.303805	1809	34.94
GC1003827_F11_NODE_3548_length_1809_cov_4.846017	1809	37.76
GC1003827_F11_NODE_3549_length_1809_cov_1.812128	1809	31.84
GC1003827_F11_NODE_3550_length_1808_cov_2.002974	1808	37.39
GC1003827_F11_NODE_3551_length_1807_cov_16.507738	1807	40.01
GC1003827_F11_NODE_3552_length_1807_cov_11.004762	1807	32.10
GC1003827_F11_NODE_3553_length_1807_cov_8.356548	1807	36.64
GC1003827_F11_NODE_3554_length_1807_cov_5.457738	1807	34.37
GC1003827_F11_NODE_3555_length_1807_cov_3.367262	1807	38.90
GC1003827_F11_NODE_3556_length_1807_cov_3.314286	1807	33.70
GC1003827_F11_NODE_3557_length_1807_cov_1.708333	1807	66.91
GC1003827_F11_NODE_3558_length_1807_cov_1.658929	1807	56.72
GC1003827_F11_NODE_3559_length_1806_cov_9.058368	1806	31.23
GC1003827_F11_NODE_3560_length_1806_cov_8.821918	1806	42.64
GC1003827_F11_NODE_3561_length_1806_cov_4.654556	1806	31.56
GC1003827_F11_NODE_3562_length_1806_cov_3.555092	1806	30.56
GC1003827_F11_NODE_3563_length_1806_cov_3.435974	1806	41.69
GC1003827_F11_NODE_3564_length_1806_cov_1.353186	1806	47.18
GC1003827_F11_NODE_3565_length_1805_cov_11.286055	1805	36.62
GC1003827_F11_NODE_3566_length_1805_cov_10.682360	1805	34.52
GC1003827_F11_NODE_3567_length_1805_cov_6.040524	1805	36.12
GC1003827_F11_NODE_3568_length_1805_cov_5.466627	1805	38.56
GC1003827_F11_NODE_3569_length_1805_cov_2.766389	1805	36.45
GC1003827_F11_NODE_3570_length_1805_cov_1.771156	1805	30.42
GC1003827_F11_NODE_3571_length_1805_cov_1.038737	1805	31.63
GC1003827_F11_NODE_3572_length_1804_cov_6.403697	1804	33.76
GC1003827_F11_NODE_3573_length_1804_cov_5.803816	1804	31.49
GC1003827_F11_NODE_3574_length_1804_cov_3.209302	1804	31.43
GC1003827_F11_NODE_3575_length_1803_cov_12.489857	1803	42.93
GC1003827_F11_NODE_3576_length_1803_cov_6.535203	1803	35.27
GC1003827_F11_NODE_3577_length_1803_cov_5.911695	1803	36.33
GC1003827_F11_NODE_3578_length_1803_cov_5.886635	1803	32.95
GC1003827_F11_NODE_3579_length_1803_cov_3.034010	1803	31.39
GC1003827_F11_NODE_3580_length_1803_cov_2.031623	1803	33.67
GC1003827_F11_NODE_3581_length_1802_cov_7.657910	1802	36.24
GC1003827_F11_NODE_3582_length_1802_cov_1.345075	1802	32.41
GC1003827_F11_NODE_3583_length_1801_cov_12.513740	1801	48.97
GC1003827_F11_NODE_3584_length_1801_cov_9.036440	1801	33.70
GC1003827_F11_NODE_3585_length_1801_cov_7.323178	1801	39.98
GC1003827_F11_NODE_3586_length_1801_cov_6.392473	1801	29.65
GC1003827_F11_NODE_3587_length_1801_cov_3.901434	1801	32.32
GC1003827_F11_NODE_3588_length_1801_cov_3.104540	1801	33.37
GC1003827_F11_NODE_3589_length_1801_cov_1.712067	1801	38.42
GC1003827_F11_NODE_3590_length_1800_cov_8.651524	1800	35.83
GC1003827_F11_NODE_3591_length_1800_cov_5.836820	1800	33.56
GC1003827_F11_NODE_3592_length_1800_cov_3.497310	1800	35.28
GC1003827_F11_NODE_3593_length_1799_cov_22.534091	1799	41.13
GC1003827_F11_NODE_3594_length_1799_cov_9.052033	1799	33.96
GC1003827_F11_NODE_3595_length_1799_cov_5.147129	1799	32.91
GC1003827_F11_NODE_3596_length_1799_cov_4.441986	1799	32.07
GC1003827_F11_NODE_3597_length_1799_cov_4.168062	1799	30.74
GC1003827_F11_NODE_3598_length_1799_cov_2.956340	1799	37.97
GC1003827_F11_NODE_3599_length_1799_cov_2.412081	1799	32.35
GC1003827_F11_NODE_3600_length_1798_cov_12.082585	1798	32.93
GC1003827_F11_NODE_3601_length_1798_cov_6.527828	1798	41.05
GC1003827_F11_NODE_3602_length_1798_cov_3.249551	1798	34.48
GC1003827_F11_NODE_3603_length_1798_cov_1.752244	1798	31.03
GC1003827_F11_NODE_3604_length_1797_cov_29.291018	1797	39.23
GC1003827_F11_NODE_3605_length_1797_cov_14.086826	1797	39.62
GC1003827_F11_NODE_3606_length_1797_cov_13.637725	1797	33.06
GC1003827_F11_NODE_3607_length_1797_cov_5.745509	1797	38.34
GC1003827_F11_NODE_3608_length_1796_cov_5.701618	1796	33.80
GC1003827_F11_NODE_3609_length_1796_cov_3.102457	1796	28.67
GC1003827_F11_NODE_3610_length_1795_cov_8.619904	1795	37.33
GC1003827_F11_NODE_3611_length_1795_cov_7.860911	1795	39.78
GC1003827_F11_NODE_3612_length_1795_cov_7.330336	1795	45.13
GC1003827_F11_NODE_3613_length_1795_cov_5.646283	1795	34.21
GC1003827_F11_NODE_3614_length_1795_cov_5.273381	1795	33.37
GC1003827_F11_NODE_3615_length_1795_cov_3.875899	1795	34.65
GC1003827_F11_NODE_3616_length_1795_cov_2.673261	1795	32.03
GC1003827_F11_NODE_3617_length_1795_cov_2.604916	1795	30.86
GC1003827_F11_NODE_3618_length_1795_cov_2.214628	1795	32.53
GC1003827_F11_NODE_3619_length_1795_cov_1.492806	1795	33.04
GC1003827_F11_NODE_3620_length_1794_cov_8.706659	1794	32.66
GC1003827_F11_NODE_3621_length_1793_cov_6.111645	1793	33.63
GC1003827_F11_NODE_3622_length_1793_cov_5.259904	1793	63.80
GC1003827_F11_NODE_3623_length_1793_cov_1.751501	1793	42.00
GC1003827_F11_NODE_3624_length_1792_cov_26.509309	1792	42.80
GC1003827_F11_NODE_3625_length_1792_cov_6.581381	1792	36.05
GC1003827_F11_NODE_3626_length_1792_cov_5.593393	1792	39.62
GC1003827_F11_NODE_3627_length_1792_cov_4.042643	1792	33.26
GC1003827_F11_NODE_3628_length_1792_cov_2.784384	1792	35.71
GC1003827_F11_NODE_3629_length_1792_cov_2.443844	1792	32.14
GC1003827_F11_NODE_3630_length_1792_cov_1.813814	1792	41.13
GC1003827_F11_NODE_3631_length_1792_cov_1.544144	1792	32.70
GC1003827_F11_NODE_3632_length_1791_cov_26.102163	1791	58.79
GC1003827_F11_NODE_3633_length_1791_cov_15.548077	1791	36.63
GC1003827_F11_NODE_3634_length_1791_cov_8.524639	1791	33.95
GC1003827_F11_NODE_3635_length_1791_cov_6.034856	1791	56.00
GC1003827_F11_NODE_3636_length_1791_cov_2.972957	1791	32.05
GC1003827_F11_NODE_3637_length_1791_cov_1.814904	1791	56.62
GC1003827_F11_NODE_3638_length_1790_cov_9.844257	1790	38.88
GC1003827_F11_NODE_3639_length_1790_cov_6.031269	1790	50.56
GC1003827_F11_NODE_3640_length_1790_cov_5.682502	1790	36.54
GC1003827_F11_NODE_3641_length_1790_cov_3.687312	1790	40.56
GC1003827_F11_NODE_3642_length_1790_cov_3.476849	1790	32.01
GC1003827_F11_NODE_3643_length_1790_cov_1.874925	1790	34.02
GC1003827_F11_NODE_3644_length_1790_cov_1.720986	1790	33.24
GC1003827_F11_NODE_3645_length_1790_cov_0.993385	1790	35.81
GC1003827_F11_NODE_3646_length_1789_cov_14.054753	1789	33.71
GC1003827_F11_NODE_3647_length_1789_cov_7.867028	1789	38.90
GC1003827_F11_NODE_3648_length_1788_cov_26.471403	1788	34.90
GC1003827_F11_NODE_3649_length_1788_cov_1.875376	1788	31.15
GC1003827_F11_NODE_3650_length_1787_cov_7.078916	1787	43.03
GC1003827_F11_NODE_3651_length_1787_cov_5.517470	1787	37.27
GC1003827_F11_NODE_3652_length_1787_cov_4.064458	1787	50.03
GC1003827_F11_NODE_3653_length_1787_cov_3.378313	1787	32.51
GC1003827_F11_NODE_3654_length_1787_cov_2.879518	1787	38.56
GC1003827_F11_NODE_3655_length_1786_cov_10.005425	1786	39.14
GC1003827_F11_NODE_3656_length_1786_cov_7.500904	1786	35.78
GC1003827_F11_NODE_3657_length_1786_cov_2.003617	1786	62.60
GC1003827_F11_NODE_3658_length_1785_cov_15.290109	1785	42.52
GC1003827_F11_NODE_3659_length_1785_cov_11.345597	1785	35.01
GC1003827_F11_NODE_3660_length_1785_cov_11.257539	1785	41.79
GC1003827_F11_NODE_3661_length_1785_cov_7.587455	1785	38.15
GC1003827_F11_NODE_3662_length_1785_cov_6.973462	1785	32.61
GC1003827_F11_NODE_3663_length_1785_cov_6.750302	1785	36.36
GC1003827_F11_NODE_3664_length_1785_cov_6.212907	1785	43.47
GC1003827_F11_NODE_3665_length_1785_cov_4.853438	1785	37.54
GC1003827_F11_NODE_3666_length_1785_cov_1.396864	1785	68.80
GC1003827_F11_NODE_3667_length_1784_cov_21.843693	1784	35.15
GC1003827_F11_NODE_3668_length_1784_cov_5.419433	1784	34.59
GC1003827_F11_NODE_3669_length_1784_cov_4.525045	1784	38.62
GC1003827_F11_NODE_3670_length_1784_cov_3.525649	1784	32.01
GC1003827_F11_NODE_3671_length_1784_cov_2.658419	1784	32.17
GC1003827_F11_NODE_3672_length_1784_cov_2.234158	1784	33.69
GC1003827_F11_NODE_3673_length_1784_cov_1.965600	1784	36.60
GC1003827_F11_NODE_3674_length_1784_cov_1.925166	1784	32.29
GC1003827_F11_NODE_3675_length_1783_cov_10.667874	1783	39.04
GC1003827_F11_NODE_3676_length_1783_cov_8.542271	1783	57.71
GC1003827_F11_NODE_3677_length_1783_cov_6.516304	1783	37.30
GC1003827_F11_NODE_3678_length_1783_cov_2.959541	1783	32.19
GC1003827_F11_NODE_3679_length_1783_cov_2.656401	1783	34.55
GC1003827_F11_NODE_3680_length_1783_cov_2.335749	1783	34.44
GC1003827_F11_NODE_3681_length_1782_cov_38.220544	1782	47.87
GC1003827_F11_NODE_3682_length_1782_cov_19.937160	1782	43.43
GC1003827_F11_NODE_3683_length_1782_cov_4.791541	1782	35.86
GC1003827_F11_NODE_3684_length_1782_cov_4.306949	1782	34.90
GC1003827_F11_NODE_3685_length_1782_cov_2.874924	1782	34.90
GC1003827_F11_NODE_3686_length_1781_cov_18.397219	1781	36.44
GC1003827_F11_NODE_3687_length_1781_cov_9.952842	1781	39.53
GC1003827_F11_NODE_3688_length_1781_cov_7.325272	1781	32.45
GC1003827_F11_NODE_3689_length_1781_cov_5.391778	1781	30.26
GC1003827_F11_NODE_3690_length_1780_cov_4.039322	1780	36.63
GC1003827_F11_NODE_3691_length_1780_cov_1.459165	1780	64.66
GC1003827_F11_NODE_3692_length_1780_cov_1.213551	1780	32.53
GC1003827_F11_NODE_3693_length_1779_cov_12.783293	1779	36.59
GC1003827_F11_NODE_3694_length_1779_cov_6.982446	1779	33.28
GC1003827_F11_NODE_3695_length_1779_cov_3.772397	1779	36.99
GC1003827_F11_NODE_3696_length_1779_cov_2.733051	1779	38.84
GC1003827_F11_NODE_3697_length_1779_cov_2.134383	1779	34.23
GC1003827_F11_NODE_3698_length_1778_cov_19.533010	1778	38.86
GC1003827_F11_NODE_3699_length_1778_cov_19.106602	1778	54.22
GC1003827_F11_NODE_3700_length_1778_cov_5.224107	1778	34.03
GC1003827_F11_NODE_3701_length_1778_cov_4.069655	1778	36.67
GC1003827_F11_NODE_3702_length_1778_cov_3.570563	1778	35.60
GC1003827_F11_NODE_3703_length_1778_cov_3.031496	1778	35.43
GC1003827_F11_NODE_3704_length_1778_cov_2.846154	1778	30.20
GC1003827_F11_NODE_3705_length_1778_cov_2.517262	1778	35.32
GC1003827_F11_NODE_3706_length_1777_cov_11.408485	1777	35.68
GC1003827_F11_NODE_3707_length_1777_cov_8.206061	1777	43.73
GC1003827_F11_NODE_3708_length_1777_cov_4.604242	1777	40.91
GC1003827_F11_NODE_3709_length_1777_cov_1.253333	1777	39.11
GC1003827_F11_NODE_3710_length_1776_cov_49.122498	1776	39.47
GC1003827_F11_NODE_3711_length_1776_cov_30.426925	1776	33.45
GC1003827_F11_NODE_3712_length_1776_cov_9.963008	1776	38.74
GC1003827_F11_NODE_3713_length_1776_cov_9.046695	1776	46.06
GC1003827_F11_NODE_3714_length_1776_cov_8.326258	1776	35.75
GC1003827_F11_NODE_3715_length_1776_cov_5.580352	1776	34.01
GC1003827_F11_NODE_3716_length_1776_cov_3.296543	1776	34.52
GC1003827_F11_NODE_3717_length_1776_cov_2.593087	1776	65.20
GC1003827_F11_NODE_3718_length_1776_cov_1.588235	1776	30.24
GC1003827_F11_NODE_3719_length_1775_cov_8.658981	1775	34.08
GC1003827_F11_NODE_3720_length_1775_cov_6.114078	1775	33.46
GC1003827_F11_NODE_3721_length_1775_cov_5.907767	1775	37.07
GC1003827_F11_NODE_3722_length_1775_cov_4.111044	1775	37.75
GC1003827_F11_NODE_3723_length_1775_cov_3.209345	1775	29.80
GC1003827_F11_NODE_3724_length_1775_cov_2.956917	1775	30.59
GC1003827_F11_NODE_3725_length_1775_cov_1.836772	1775	33.92
GC1003827_F11_NODE_3726_length_1774_cov_9.989071	1774	37.54
GC1003827_F11_NODE_3727_length_1774_cov_8.272617	1774	37.09
GC1003827_F11_NODE_3728_length_1773_cov_18.348724	1773	37.34
GC1003827_F11_NODE_3729_length_1773_cov_12.676185	1773	38.97
GC1003827_F11_NODE_3730_length_1773_cov_6.208384	1773	40.38
GC1003827_F11_NODE_3731_length_1772_cov_6.569605	1772	32.34
GC1003827_F11_NODE_3732_length_1772_cov_3.812158	1772	34.37
GC1003827_F11_NODE_3733_length_1771_cov_14.784063	1771	42.74
GC1003827_F11_NODE_3734_length_1771_cov_9.926399	1771	36.59
GC1003827_F11_NODE_3735_length_1771_cov_8.570560	1771	61.77
GC1003827_F11_NODE_3736_length_1771_cov_7.636253	1771	38.57
GC1003827_F11_NODE_3737_length_1771_cov_6.099148	1771	33.43
GC1003827_F11_NODE_3738_length_1771_cov_1.304745	1771	36.87
GC1003827_F11_NODE_3739_length_1770_cov_6.416312	1770	36.55
GC1003827_F11_NODE_3740_length_1770_cov_4.702982	1770	29.38
GC1003827_F11_NODE_3741_length_1770_cov_4.255630	1770	32.77
GC1003827_F11_NODE_3742_length_1769_cov_17.582217	1769	34.54
GC1003827_F11_NODE_3743_length_1769_cov_14.526188	1769	35.95
GC1003827_F11_NODE_3744_length_1769_cov_9.344702	1769	37.65
GC1003827_F11_NODE_3745_length_1769_cov_2.802071	1769	29.00
GC1003827_F11_NODE_3746_length_1769_cov_2.662607	1769	34.09
GC1003827_F11_NODE_3747_length_1769_cov_2.396468	1769	35.50
GC1003827_F11_NODE_3748_length_1769_cov_1.674178	1769	32.84
GC1003827_F11_NODE_3749_length_1768_cov_11.069470	1768	36.48
GC1003827_F11_NODE_3750_length_1768_cov_9.641073	1768	57.07
GC1003827_F11_NODE_3751_length_1768_cov_9.416819	1768	35.41
GC1003827_F11_NODE_3752_length_1768_cov_5.188909	1768	33.82
GC1003827_F11_NODE_3753_length_1768_cov_2.745887	1768	34.79
GC1003827_F11_NODE_3754_length_1768_cov_1.528946	1768	58.88
GC1003827_F11_NODE_3755_length_1768_cov_1.028641	1768	34.56
GC1003827_F11_NODE_3756_length_1767_cov_11.972561	1767	38.48
GC1003827_F11_NODE_3757_length_1767_cov_10.878659	1767	39.50
GC1003827_F11_NODE_3758_length_1767_cov_10.870122	1767	34.47
GC1003827_F11_NODE_3759_length_1767_cov_8.239024	1767	33.22
GC1003827_F11_NODE_3760_length_1767_cov_4.429878	1767	33.22
GC1003827_F11_NODE_3761_length_1767_cov_4.089024	1767	31.86
GC1003827_F11_NODE_3762_length_1767_cov_0.911585	1767	32.88
GC1003827_F11_NODE_3763_length_1766_cov_29.729103	1766	39.81
GC1003827_F11_NODE_3764_length_1766_cov_7.605247	1766	37.32
GC1003827_F11_NODE_3765_length_1766_cov_7.385601	1766	36.41
GC1003827_F11_NODE_3766_length_1766_cov_5.030506	1766	34.37
GC1003827_F11_NODE_3767_length_1766_cov_4.750458	1766	33.13
GC1003827_F11_NODE_3768_length_1766_cov_3.866382	1766	35.79
GC1003827_F11_NODE_3769_length_1766_cov_2.752898	1766	31.48
GC1003827_F11_NODE_3770_length_1765_cov_9.876068	1765	47.31
GC1003827_F11_NODE_3771_length_1765_cov_7.184982	1765	32.18
GC1003827_F11_NODE_3772_length_1765_cov_5.871184	1765	46.18
GC1003827_F11_NODE_3773_length_1765_cov_5.865079	1765	35.64
GC1003827_F11_NODE_3774_length_1765_cov_5.807082	1765	34.56
GC1003827_F11_NODE_3775_length_1765_cov_5.335165	1765	40.28
GC1003827_F11_NODE_3776_length_1765_cov_5.166056	1765	31.73
GC1003827_F11_NODE_3777_length_1765_cov_3.913919	1765	33.09
GC1003827_F11_NODE_3778_length_1765_cov_1.669109	1765	58.81
GC1003827_F11_NODE_3779_length_1764_cov_31.106903	1764	37.70
GC1003827_F11_NODE_3780_length_1764_cov_10.554062	1764	42.86
GC1003827_F11_NODE_3781_length_1764_cov_9.215638	1764	33.90
GC1003827_F11_NODE_3782_length_1764_cov_8.227856	1764	33.05
GC1003827_F11_NODE_3783_length_1764_cov_7.384850	1764	32.20
GC1003827_F11_NODE_3784_length_1764_cov_5.033598	1764	34.64
GC1003827_F11_NODE_3785_length_1764_cov_3.811851	1764	35.09
GC1003827_F11_NODE_3786_length_1763_cov_34.205379	1763	34.32
GC1003827_F11_NODE_3787_length_1763_cov_12.255501	1763	36.07
GC1003827_F11_NODE_3788_length_1763_cov_8.127751	1763	36.36
GC1003827_F11_NODE_3789_length_1763_cov_6.597800	1763	36.07
GC1003827_F11_NODE_3790_length_1762_cov_10.428135	1762	35.70
GC1003827_F11_NODE_3791_length_1762_cov_5.374924	1762	37.68
GC1003827_F11_NODE_3792_length_1762_cov_4.998777	1762	34.28
GC1003827_F11_NODE_3793_length_1762_cov_3.196330	1762	31.10
GC1003827_F11_NODE_3794_length_1762_cov_2.533333	1762	52.95
GC1003827_F11_NODE_3795_length_1761_cov_9.081395	1761	39.86
GC1003827_F11_NODE_3796_length_1761_cov_8.715422	1761	35.21
GC1003827_F11_NODE_3797_length_1761_cov_6.731946	1761	36.91
GC1003827_F11_NODE_3798_length_1761_cov_6.327417	1761	32.31
GC1003827_F11_NODE_3799_length_1761_cov_5.833537	1761	31.12
GC1003827_F11_NODE_3800_length_1761_cov_5.706242	1761	33.22
GC1003827_F11_NODE_3801_length_1761_cov_5.260710	1761	32.37
GC1003827_F11_NODE_3802_length_1761_cov_3.542228	1761	35.04
GC1003827_F11_NODE_3803_length_1761_cov_3.361689	1761	32.20
GC1003827_F11_NODE_3804_length_1760_cov_8.834660	1760	35.80
GC1003827_F11_NODE_3805_length_1760_cov_8.065524	1760	36.76
GC1003827_F11_NODE_3806_length_1760_cov_6.770361	1760	34.72
GC1003827_F11_NODE_3807_length_1760_cov_5.530312	1760	32.78
GC1003827_F11_NODE_3808_length_1760_cov_4.486834	1760	58.52
GC1003827_F11_NODE_3809_length_1760_cov_2.082058	1760	32.84
GC1003827_F11_NODE_3810_length_1760_cov_1.660135	1760	30.23
GC1003827_F11_NODE_3811_length_1760_cov_1.327618	1760	33.35
GC1003827_F11_NODE_3812_length_1759_cov_17.147672	1759	33.71
GC1003827_F11_NODE_3813_length_1759_cov_12.050245	1759	33.26
GC1003827_F11_NODE_3814_length_1759_cov_11.568015	1759	36.16
GC1003827_F11_NODE_3815_length_1759_cov_9.662377	1759	38.89
GC1003827_F11_NODE_3816_length_1759_cov_5.486520	1759	34.05
GC1003827_F11_NODE_3817_length_1759_cov_5.237132	1759	36.67
GC1003827_F11_NODE_3818_length_1759_cov_3.965686	1759	30.81
GC1003827_F11_NODE_3819_length_1759_cov_2.553922	1759	31.44
GC1003827_F11_NODE_3820_length_1758_cov_6.206622	1758	32.65
GC1003827_F11_NODE_3821_length_1758_cov_3.933783	1758	27.19
GC1003827_F11_NODE_3822_length_1758_cov_3.603311	1758	37.60
GC1003827_F11_NODE_3823_length_1757_cov_10.714724	1757	35.34
GC1003827_F11_NODE_3824_length_1756_cov_9.053407	1756	35.99
GC1003827_F11_NODE_3825_length_1756_cov_6.124616	1756	37.02
GC1003827_F11_NODE_3826_length_1756_cov_5.344383	1756	34.05
GC1003827_F11_NODE_3827_length_1756_cov_2.616329	1756	35.65
GC1003827_F11_NODE_3828_length_1756_cov_1.963168	1756	30.47
GC1003827_F11_NODE_3829_length_1756_cov_1.931246	1756	33.83
GC1003827_F11_NODE_3830_length_1755_cov_6.452088	1755	31.17
GC1003827_F11_NODE_3831_length_1755_cov_4.197789	1755	33.11
GC1003827_F11_NODE_3832_length_1755_cov_2.176290	1755	67.81
GC1003827_F11_NODE_3833_length_1755_cov_1.015971	1755	36.41
GC1003827_F11_NODE_3834_length_1754_cov_9.287031	1754	36.94
GC1003827_F11_NODE_3835_length_1754_cov_4.093423	1754	31.98
GC1003827_F11_NODE_3836_length_1754_cov_2.891211	1754	32.21
GC1003827_F11_NODE_3837_length_1753_cov_10.661132	1753	39.02
GC1003827_F11_NODE_3838_length_1753_cov_9.992005	1753	35.60
GC1003827_F11_NODE_3839_length_1753_cov_9.632226	1753	35.77
GC1003827_F11_NODE_3840_length_1753_cov_5.869619	1753	48.37
GC1003827_F11_NODE_3841_length_1753_cov_4.366544	1753	51.45
GC1003827_F11_NODE_3842_length_1753_cov_3.952030	1753	66.40
GC1003827_F11_NODE_3843_length_1753_cov_1.357934	1753	30.92
GC1003827_F11_NODE_3844_length_1752_cov_17.457846	1752	35.84
GC1003827_F11_NODE_3845_length_1752_cov_15.914462	1752	33.22
GC1003827_F11_NODE_3846_length_1752_cov_6.585846	1752	35.10
GC1003827_F11_NODE_3847_length_1752_cov_5.875692	1752	40.87
GC1003827_F11_NODE_3848_length_1752_cov_3.911385	1752	32.99
GC1003827_F11_NODE_3849_length_1752_cov_2.392615	1752	32.59
GC1003827_F11_NODE_3850_length_1752_cov_2.258462	1752	29.68
GC1003827_F11_NODE_3851_length_1751_cov_14.517857	1751	43.52
GC1003827_F11_NODE_3852_length_1751_cov_12.235222	1751	47.00
GC1003827_F11_NODE_3853_length_1751_cov_9.797414	1751	37.98
GC1003827_F11_NODE_3854_length_1751_cov_9.299261	1751	36.32
GC1003827_F11_NODE_3855_length_1751_cov_8.538793	1751	32.10
GC1003827_F11_NODE_3856_length_1751_cov_4.459360	1751	55.00
GC1003827_F11_NODE_3857_length_1751_cov_4.375000	1751	35.69
GC1003827_F11_NODE_3858_length_1751_cov_2.163177	1751	36.95
GC1003827_F11_NODE_3859_length_1750_cov_15.895872	1750	31.37
GC1003827_F11_NODE_3860_length_1750_cov_13.999384	1750	33.37
GC1003827_F11_NODE_3861_length_1750_cov_8.025878	1750	34.29
GC1003827_F11_NODE_3862_length_1750_cov_4.346272	1750	40.11
GC1003827_F11_NODE_3863_length_1750_cov_1.563771	1750	33.83
GC1003827_F11_NODE_3864_length_1749_cov_16.405672	1749	33.28
GC1003827_F11_NODE_3865_length_1749_cov_6.592478	1749	39.79
GC1003827_F11_NODE_3866_length_1749_cov_4.913687	1749	38.65
GC1003827_F11_NODE_3867_length_1749_cov_2.083231	1749	31.90
GC1003827_F11_NODE_3868_length_1749_cov_1.580148	1749	31.90
GC1003827_F11_NODE_3869_length_1748_cov_20.083899	1748	33.30
GC1003827_F11_NODE_3870_length_1748_cov_13.667489	1748	35.53
GC1003827_F11_NODE_3871_length_1748_cov_10.095620	1748	33.92
GC1003827_F11_NODE_3872_length_1748_cov_7.745219	1748	35.07
GC1003827_F11_NODE_3873_length_1748_cov_5.495990	1748	40.33
GC1003827_F11_NODE_3874_length_1748_cov_5.183220	1748	48.05
GC1003827_F11_NODE_3875_length_1748_cov_4.682295	1748	32.15
GC1003827_F11_NODE_3876_length_1748_cov_4.046268	1748	61.90
GC1003827_F11_NODE_3877_length_1747_cov_6.935185	1747	40.01
GC1003827_F11_NODE_3878_length_1747_cov_2.498148	1747	28.51
GC1003827_F11_NODE_3879_length_1746_cov_11.990735	1746	39.46
GC1003827_F11_NODE_3880_length_1746_cov_7.657813	1746	33.56
GC1003827_F11_NODE_3881_length_1746_cov_7.447190	1746	33.85
GC1003827_F11_NODE_3882_length_1746_cov_7.119827	1746	62.94
GC1003827_F11_NODE_3883_length_1746_cov_5.319951	1746	36.88
GC1003827_F11_NODE_3884_length_1746_cov_3.813465	1746	30.24
GC1003827_F11_NODE_3885_length_1746_cov_1.560222	1746	38.32
GC1003827_F11_NODE_3886_length_1746_cov_1.307597	1746	31.73
GC1003827_F11_NODE_3887_length_1746_cov_0.967881	1746	32.19
GC1003827_F11_NODE_3888_length_1745_cov_4.411001	1745	35.70
GC1003827_F11_NODE_3889_length_1744_cov_6.300557	1744	34.00
GC1003827_F11_NODE_3890_length_1744_cov_5.935065	1744	36.01
GC1003827_F11_NODE_3891_length_1744_cov_1.706246	1744	36.93
GC1003827_F11_NODE_3892_length_1743_cov_6.769802	1743	32.76
GC1003827_F11_NODE_3893_length_1743_cov_4.083540	1743	39.93
GC1003827_F11_NODE_3894_length_1743_cov_3.722153	1743	35.92
GC1003827_F11_NODE_3895_length_1743_cov_3.146658	1743	36.20
GC1003827_F11_NODE_3896_length_1743_cov_1.874381	1743	37.06
GC1003827_F11_NODE_3897_length_1742_cov_4.772755	1742	37.49
GC1003827_F11_NODE_3898_length_1742_cov_3.452012	1742	33.24
GC1003827_F11_NODE_3899_length_1742_cov_3.398762	1742	33.12
GC1003827_F11_NODE_3900_length_1742_cov_3.247059	1742	36.17
GC1003827_F11_NODE_3901_length_1741_cov_21.340768	1741	41.99
GC1003827_F11_NODE_3902_length_1741_cov_9.732962	1741	38.43
GC1003827_F11_NODE_3903_length_1741_cov_9.428129	1741	32.45
GC1003827_F11_NODE_3904_length_1741_cov_7.928129	1741	37.22
GC1003827_F11_NODE_3905_length_1741_cov_3.293061	1741	35.55
GC1003827_F11_NODE_3906_length_1740_cov_8.681339	1740	37.18
GC1003827_F11_NODE_3907_length_1740_cov_5.832610	1740	35.46
GC1003827_F11_NODE_3908_length_1740_cov_5.606324	1740	33.16
GC1003827_F11_NODE_3909_length_1740_cov_4.156851	1740	34.14
GC1003827_F11_NODE_3910_length_1740_cov_1.261624	1740	61.49
GC1003827_F11_NODE_3911_length_1739_cov_20.582506	1739	53.82
GC1003827_F11_NODE_3912_length_1739_cov_16.330645	1739	34.45
GC1003827_F11_NODE_3913_length_1739_cov_8.439206	1739	35.25
GC1003827_F11_NODE_3914_length_1739_cov_8.017370	1739	38.64
GC1003827_F11_NODE_3915_length_1739_cov_6.223945	1739	35.19
GC1003827_F11_NODE_3916_length_1739_cov_5.719603	1739	38.41
GC1003827_F11_NODE_3917_length_1739_cov_5.094293	1739	34.39
GC1003827_F11_NODE_3918_length_1738_cov_21.232775	1738	41.77
GC1003827_F11_NODE_3919_length_1738_cov_7.698945	1738	33.37
GC1003827_F11_NODE_3920_length_1738_cov_6.729981	1738	35.16
GC1003827_F11_NODE_3921_length_1738_cov_6.363749	1738	34.64
GC1003827_F11_NODE_3922_length_1738_cov_4.480447	1738	33.77
GC1003827_F11_NODE_3923_length_1737_cov_17.503727	1737	53.37
GC1003827_F11_NODE_3924_length_1737_cov_2.595031	1737	33.51
GC1003827_F11_NODE_3925_length_1737_cov_2.563354	1737	32.99
GC1003827_F11_NODE_3926_length_1736_cov_15.070851	1736	43.15
GC1003827_F11_NODE_3927_length_1736_cov_14.676818	1736	59.85
GC1003827_F11_NODE_3928_length_1736_cov_10.183344	1736	37.15
GC1003827_F11_NODE_3929_length_1736_cov_7.443754	1736	37.38
GC1003827_F11_NODE_3930_length_1736_cov_4.862648	1736	34.10
GC1003827_F11_NODE_3931_length_1736_cov_3.349907	1736	48.21
GC1003827_F11_NODE_3932_length_1736_cov_2.598508	1736	37.33
GC1003827_F11_NODE_3933_length_1735_cov_9.693408	1735	34.29
GC1003827_F11_NODE_3934_length_1735_cov_5.968284	1735	40.69
GC1003827_F11_NODE_3935_length_1735_cov_5.840174	1735	34.18
GC1003827_F11_NODE_3936_length_1735_cov_4.213930	1735	33.26
GC1003827_F11_NODE_3937_length_1735_cov_4.095771	1735	36.25
GC1003827_F11_NODE_3938_length_1735_cov_2.202736	1735	30.61
GC1003827_F11_NODE_3939_length_1735_cov_1.436567	1735	32.16
GC1003827_F11_NODE_3940_length_1734_cov_17.619166	1734	49.42
GC1003827_F11_NODE_3941_length_1734_cov_14.584941	1734	37.60
GC1003827_F11_NODE_3942_length_1734_cov_8.609832	1734	30.62
GC1003827_F11_NODE_3943_length_1734_cov_7.376478	1734	31.31
GC1003827_F11_NODE_3944_length_1734_cov_5.777847	1734	37.95
GC1003827_F11_NODE_3945_length_1734_cov_2.874922	1734	31.55
GC1003827_F11_NODE_3946_length_1733_cov_5.029888	1733	60.76
GC1003827_F11_NODE_3947_length_1733_cov_4.006227	1733	32.08
GC1003827_F11_NODE_3948_length_1733_cov_0.958281	1733	28.27
GC1003827_F11_NODE_3949_length_1732_cov_18.539564	1732	36.61
GC1003827_F11_NODE_3950_length_1732_cov_11.462928	1732	34.35
GC1003827_F11_NODE_3951_length_1732_cov_5.409346	1732	39.26
GC1003827_F11_NODE_3952_length_1732_cov_4.983801	1732	33.14
GC1003827_F11_NODE_3953_length_1732_cov_3.397508	1732	36.66
GC1003827_F11_NODE_3954_length_1731_cov_6.029302	1731	31.72
GC1003827_F11_NODE_3955_length_1731_cov_3.036783	1731	31.02
GC1003827_F11_NODE_3956_length_1730_cov_19.895197	1730	37.05
GC1003827_F11_NODE_3957_length_1730_cov_10.391765	1730	43.53
GC1003827_F11_NODE_3958_length_1730_cov_7.194635	1730	33.41
GC1003827_F11_NODE_3959_length_1730_cov_3.896444	1730	61.04
GC1003827_F11_NODE_3960_length_1730_cov_0.993762	1730	64.86
GC1003827_F11_NODE_3961_length_1729_cov_5.272784	1729	38.52
GC1003827_F11_NODE_3962_length_1729_cov_3.966916	1729	36.03
GC1003827_F11_NODE_3963_length_1729_cov_3.822722	1729	34.64
GC1003827_F11_NODE_3964_length_1729_cov_3.473783	1729	61.48
GC1003827_F11_NODE_3965_length_1728_cov_12.331043	1728	34.43
GC1003827_F11_NODE_3966_length_1728_cov_9.172392	1728	37.50
GC1003827_F11_NODE_3967_length_1728_cov_7.911930	1728	35.65
GC1003827_F11_NODE_3968_length_1728_cov_6.469082	1728	33.45
GC1003827_F11_NODE_3969_length_1728_cov_3.605871	1728	32.47
GC1003827_F11_NODE_3970_length_1728_cov_1.407870	1728	35.59
GC1003827_F11_NODE_3971_length_1727_cov_31.071875	1727	38.39
GC1003827_F11_NODE_3972_length_1727_cov_29.692500	1727	36.77
GC1003827_F11_NODE_3973_length_1727_cov_15.355625	1727	35.73
GC1003827_F11_NODE_3974_length_1726_cov_6.868043	1726	34.53
GC1003827_F11_NODE_3975_length_1726_cov_6.033146	1726	36.50
GC1003827_F11_NODE_3976_length_1726_cov_4.542214	1726	36.50
GC1003827_F11_NODE_3977_length_1726_cov_2.728580	1726	34.30
GC1003827_F11_NODE_3978_length_1726_cov_2.472170	1726	33.89
GC1003827_F11_NODE_3979_length_1726_cov_2.266417	1726	33.31
GC1003827_F11_NODE_3980_length_1726_cov_1.811132	1726	28.97
GC1003827_F11_NODE_3981_length_1725_cov_6.342929	1725	40.06
GC1003827_F11_NODE_3982_length_1725_cov_5.181477	1725	36.29
GC1003827_F11_NODE_3983_length_1725_cov_4.563204	1725	37.28
GC1003827_F11_NODE_3984_length_1725_cov_3.403630	1725	32.41
GC1003827_F11_NODE_3985_length_1725_cov_2.101377	1725	30.09
GC1003827_F11_NODE_3986_length_1724_cov_13.246086	1724	40.78
GC1003827_F11_NODE_3987_length_1724_cov_11.156544	1724	36.89
GC1003827_F11_NODE_3988_length_1724_cov_10.031309	1724	38.34
GC1003827_F11_NODE_3989_length_1724_cov_9.858485	1724	35.32
GC1003827_F11_NODE_3990_length_1724_cov_5.564809	1724	34.57
GC1003827_F11_NODE_3991_length_1724_cov_3.927364	1724	31.96
GC1003827_F11_NODE_3992_length_1724_cov_1.471509	1724	33.47
GC1003827_F11_NODE_3993_length_1723_cov_19.771303	1723	38.02
GC1003827_F11_NODE_3994_length_1723_cov_3.098997	1723	39.06
GC1003827_F11_NODE_3995_length_1723_cov_3.040727	1723	34.53
GC1003827_F11_NODE_3996_length_1723_cov_2.878446	1723	34.42
GC1003827_F11_NODE_3997_length_1723_cov_2.224311	1723	32.27
GC1003827_F11_NODE_3998_length_1722_cov_16.685266	1722	33.86
GC1003827_F11_NODE_3999_length_1722_cov_6.380564	1722	38.91
GC1003827_F11_NODE_4000_length_1722_cov_5.905329	1722	52.61
GC1003827_F11_NODE_4001_length_1722_cov_5.467085	1722	36.70
GC1003827_F11_NODE_4002_length_1722_cov_4.546082	1722	33.62
GC1003827_F11_NODE_4003_length_1722_cov_3.645768	1722	36.64
GC1003827_F11_NODE_4004_length_1722_cov_1.981818	1722	31.94
GC1003827_F11_NODE_4005_length_1722_cov_1.936677	1722	32.00
GC1003827_F11_NODE_4006_length_1721_cov_24.094730	1721	39.57
GC1003827_F11_NODE_4007_length_1721_cov_10.089711	1721	39.86
GC1003827_F11_NODE_4008_length_1721_cov_9.240276	1721	39.86
GC1003827_F11_NODE_4009_length_1721_cov_9.040778	1721	37.42
GC1003827_F11_NODE_4010_length_1721_cov_8.845671	1721	39.51
GC1003827_F11_NODE_4011_length_1721_cov_4.777290	1721	37.19
GC1003827_F11_NODE_4012_length_1721_cov_4.747804	1721	32.77
GC1003827_F11_NODE_4013_length_1721_cov_4.078419	1721	37.83
GC1003827_F11_NODE_4014_length_1721_cov_3.269134	1721	30.91
GC1003827_F11_NODE_4015_length_1721_cov_2.998118	1721	36.03
GC1003827_F11_NODE_4016_length_1721_cov_2.005646	1721	34.17
GC1003827_F11_NODE_4017_length_1719_cov_9.085427	1719	36.07
GC1003827_F11_NODE_4018_length_1719_cov_6.730528	1719	53.52
GC1003827_F11_NODE_4019_length_1719_cov_3.014447	1719	34.15
GC1003827_F11_NODE_4020_length_1719_cov_2.826005	1719	59.39
GC1003827_F11_NODE_4021_length_1719_cov_2.662688	1719	35.78
GC1003827_F11_NODE_4022_length_1718_cov_20.768699	1718	35.91
GC1003827_F11_NODE_4023_length_1718_cov_14.619736	1718	36.26
GC1003827_F11_NODE_4024_length_1718_cov_12.755500	1718	36.90
GC1003827_F11_NODE_4025_length_1718_cov_7.245757	1718	48.37
GC1003827_F11_NODE_4026_length_1718_cov_1.877436	1718	44.41
GC1003827_F11_NODE_4027_length_1718_cov_1.482715	1718	31.61
GC1003827_F11_NODE_4028_length_1716_cov_12.889868	1716	41.38
GC1003827_F11_NODE_4029_length_1716_cov_6.155444	1716	34.97
GC1003827_F11_NODE_4030_length_1716_cov_5.975456	1716	36.77
GC1003827_F11_NODE_4031_length_1716_cov_2.883575	1716	34.73
GC1003827_F11_NODE_4032_length_1716_cov_1.923222	1716	33.45
GC1003827_F11_NODE_4033_length_1716_cov_1.776589	1716	28.50
GC1003827_F11_NODE_4034_length_1715_cov_2.692065	1715	27.81
GC1003827_F11_NODE_4035_length_1715_cov_1.805416	1715	31.37
GC1003827_F11_NODE_4036_length_1715_cov_1.589421	1715	31.95
GC1003827_F11_NODE_4037_length_1715_cov_1.459698	1715	26.76
GC1003827_F11_NODE_4038_length_1715_cov_1.053526	1715	67.35
GC1003827_F11_NODE_4039_length_1714_cov_28.156270	1714	41.19
GC1003827_F11_NODE_4040_length_1714_cov_26.928796	1714	55.54
GC1003827_F11_NODE_4041_length_1714_cov_9.380592	1714	33.02
GC1003827_F11_NODE_4042_length_1714_cov_7.056081	1714	39.50
GC1003827_F11_NODE_4043_length_1714_cov_6.521109	1714	32.50
GC1003827_F11_NODE_4044_length_1714_cov_6.149968	1714	34.31
GC1003827_F11_NODE_4045_length_1714_cov_4.516068	1714	36.64
GC1003827_F11_NODE_4046_length_1714_cov_3.282294	1714	34.42
GC1003827_F11_NODE_4047_length_1714_cov_1.903592	1714	65.87
GC1003827_F11_NODE_4048_length_1713_cov_5.327869	1713	34.97
GC1003827_F11_NODE_4049_length_1713_cov_4.892182	1713	37.48
GC1003827_F11_NODE_4050_length_1713_cov_4.047919	1713	32.87
GC1003827_F11_NODE_4051_length_1713_cov_3.422446	1713	40.40
GC1003827_F11_NODE_4052_length_1713_cov_3.307062	1713	59.95
GC1003827_F11_NODE_4053_length_1713_cov_2.503153	1713	34.03
GC1003827_F11_NODE_4054_length_1712_cov_15.583596	1712	34.64
GC1003827_F11_NODE_4055_length_1712_cov_10.784227	1712	35.22
GC1003827_F11_NODE_4056_length_1712_cov_8.265615	1712	60.40
GC1003827_F11_NODE_4057_length_1712_cov_2.563407	1712	28.45
GC1003827_F11_NODE_4058_length_1712_cov_1.252366	1712	33.64
GC1003827_F11_NODE_4059_length_1711_cov_1.710227	1711	32.67
GC1003827_F11_NODE_4060_length_1710_cov_14.885028	1710	41.81
GC1003827_F11_NODE_4061_length_1710_cov_7.109918	1710	36.08
GC1003827_F11_NODE_4062_length_1710_cov_6.715098	1710	35.96
GC1003827_F11_NODE_4063_length_1710_cov_5.449779	1710	36.32
GC1003827_F11_NODE_4064_length_1709_cov_14.991783	1709	38.97
GC1003827_F11_NODE_4065_length_1708_cov_18.080961	1708	32.32
GC1003827_F11_NODE_4066_length_1708_cov_10.407337	1708	54.27
GC1003827_F11_NODE_4067_length_1708_cov_8.961417	1708	34.66
GC1003827_F11_NODE_4068_length_1708_cov_5.413662	1708	35.42
GC1003827_F11_NODE_4069_length_1708_cov_5.003163	1708	35.30
GC1003827_F11_NODE_4070_length_1707_cov_25.067089	1707	36.44
GC1003827_F11_NODE_4071_length_1707_cov_5.946203	1707	31.22
GC1003827_F11_NODE_4072_length_1707_cov_5.880380	1707	33.45
GC1003827_F11_NODE_4073_length_1707_cov_2.125316	1707	34.92
GC1003827_F11_NODE_4074_length_1706_cov_2.495250	1706	33.88
GC1003827_F11_NODE_4075_length_1705_cov_19.871990	1705	39.18
GC1003827_F11_NODE_4076_length_1705_cov_9.553232	1705	33.31
GC1003827_F11_NODE_4077_length_1705_cov_9.524081	1705	35.13
GC1003827_F11_NODE_4078_length_1705_cov_8.913815	1705	29.97
GC1003827_F11_NODE_4079_length_1705_cov_3.401141	1705	35.66
GC1003827_F11_NODE_4080_length_1705_cov_3.140684	1705	33.61
GC1003827_F11_NODE_4081_length_1705_cov_2.354880	1705	34.37
GC1003827_F11_NODE_4082_length_1705_cov_2.321293	1705	49.62
GC1003827_F11_NODE_4083_length_1705_cov_1.930292	1705	59.35
GC1003827_F11_NODE_4084_length_1704_cov_31.547876	1704	36.38
GC1003827_F11_NODE_4085_length_1704_cov_21.533291	1704	40.49
GC1003827_F11_NODE_4086_length_1704_cov_11.377933	1704	39.73
GC1003827_F11_NODE_4087_length_1704_cov_9.017755	1704	35.39
GC1003827_F11_NODE_4088_length_1704_cov_4.483830	1704	35.68
GC1003827_F11_NODE_4089_length_1704_cov_3.729233	1704	60.45
GC1003827_F11_NODE_4090_length_1704_cov_2.474318	1704	34.57
GC1003827_F11_NODE_4091_length_1704_cov_1.923906	1704	35.09
GC1003827_F11_NODE_4092_length_1703_cov_15.972716	1703	36.70
GC1003827_F11_NODE_4093_length_1703_cov_14.269670	1703	36.41
GC1003827_F11_NODE_4094_length_1703_cov_7.620558	1703	33.18
GC1003827_F11_NODE_4095_length_1703_cov_6.223350	1703	57.84
GC1003827_F11_NODE_4096_length_1702_cov_17.626032	1702	42.13
GC1003827_F11_NODE_4097_length_1702_cov_14.517460	1702	37.54
GC1003827_F11_NODE_4098_length_1702_cov_7.701587	1702	35.43
GC1003827_F11_NODE_4099_length_1702_cov_3.862222	1702	33.55
GC1003827_F11_NODE_4100_length_1702_cov_3.006984	1702	32.26
GC1003827_F11_NODE_4101_length_1702_cov_1.892063	1702	32.49
GC1003827_F11_NODE_4102_length_1701_cov_6.041296	1701	35.86
GC1003827_F11_NODE_4103_length_1701_cov_4.231258	1701	59.96
GC1003827_F11_NODE_4104_length_1701_cov_1.386912	1701	36.68
GC1003827_F11_NODE_4105_length_1700_cov_14.705658	1700	35.29
GC1003827_F11_NODE_4106_length_1700_cov_10.902098	1700	34.53
GC1003827_F11_NODE_4107_length_1700_cov_10.184361	1700	40.59
GC1003827_F11_NODE_4108_length_1700_cov_9.858868	1700	55.18
GC1003827_F11_NODE_4109_length_1700_cov_9.046408	1700	31.18
GC1003827_F11_NODE_4110_length_1700_cov_6.710744	1700	32.94
GC1003827_F11_NODE_4111_length_1699_cov_11.281807	1699	36.08
GC1003827_F11_NODE_4112_length_1699_cov_8.477099	1699	34.79
GC1003827_F11_NODE_4113_length_1699_cov_4.949109	1699	32.25
GC1003827_F11_NODE_4114_length_1699_cov_3.655216	1699	31.84
GC1003827_F11_NODE_4115_length_1699_cov_1.188295	1699	29.78
GC1003827_F11_NODE_4116_length_1698_cov_13.763845	1698	34.04
GC1003827_F11_NODE_4117_length_1698_cov_5.774666	1698	39.63
GC1003827_F11_NODE_4118_length_1698_cov_3.250159	1698	37.75
GC1003827_F11_NODE_4119_length_1698_cov_1.665818	1698	33.75
GC1003827_F11_NODE_4120_length_1698_cov_0.716741	1698	57.77
GC1003827_F11_NODE_4121_length_1697_cov_14.049045	1697	35.36
GC1003827_F11_NODE_4122_length_1697_cov_7.545860	1697	32.23
GC1003827_F11_NODE_4123_length_1697_cov_7.405096	1697	33.88
GC1003827_F11_NODE_4124_length_1697_cov_5.161783	1697	36.65
GC1003827_F11_NODE_4125_length_1697_cov_4.464331	1697	37.71
GC1003827_F11_NODE_4126_length_1696_cov_8.579350	1696	35.38
GC1003827_F11_NODE_4127_length_1696_cov_4.116635	1696	35.08
GC1003827_F11_NODE_4128_length_1696_cov_2.388145	1696	36.08
GC1003827_F11_NODE_4129_length_1696_cov_1.985978	1696	55.07
GC1003827_F11_NODE_4130_length_1696_cov_1.430848	1696	33.55
GC1003827_F11_NODE_4131_length_1695_cov_13.356505	1695	36.64
GC1003827_F11_NODE_4132_length_1695_cov_10.976403	1695	36.11
GC1003827_F11_NODE_4133_length_1695_cov_1.785077	1695	39.23
GC1003827_F11_NODE_4134_length_1695_cov_1.734056	1695	30.86
GC1003827_F11_NODE_4135_length_1695_cov_1.511480	1695	33.39
GC1003827_F11_NODE_4136_length_1694_cov_33.722399	1694	36.48
GC1003827_F11_NODE_4137_length_1694_cov_19.262285	1694	42.38
GC1003827_F11_NODE_4138_length_1694_cov_8.189534	1694	33.47
GC1003827_F11_NODE_4139_length_1693_cov_13.900383	1693	35.68
GC1003827_F11_NODE_4140_length_1693_cov_11.042784	1693	41.17
GC1003827_F11_NODE_4141_length_1693_cov_8.734355	1693	37.74
GC1003827_F11_NODE_4142_length_1693_cov_7.066411	1693	34.61
GC1003827_F11_NODE_4143_length_1693_cov_5.122605	1693	35.03
GC1003827_F11_NODE_4144_length_1692_cov_26.192332	1692	31.91
GC1003827_F11_NODE_4145_length_1692_cov_13.202556	1692	37.71
GC1003827_F11_NODE_4146_length_1692_cov_3.929712	1692	36.47
GC1003827_F11_NODE_4147_length_1692_cov_3.773163	1692	35.11
GC1003827_F11_NODE_4148_length_1692_cov_3.437061	1692	39.89
GC1003827_F11_NODE_4149_length_1692_cov_2.982109	1692	29.96
GC1003827_F11_NODE_4150_length_1692_cov_2.004473	1692	33.92
GC1003827_F11_NODE_4151_length_1692_cov_1.669649	1692	38.06
GC1003827_F11_NODE_4152_length_1691_cov_6.628517	1691	66.41
GC1003827_F11_NODE_4153_length_1691_cov_5.883632	1691	34.95
GC1003827_F11_NODE_4154_length_1691_cov_4.227621	1691	45.71
GC1003827_F11_NODE_4155_length_1691_cov_3.649616	1691	30.87
GC1003827_F11_NODE_4156_length_1691_cov_2.964194	1691	30.34
GC1003827_F11_NODE_4157_length_1691_cov_2.781330	1691	34.36
GC1003827_F11_NODE_4158_length_1690_cov_28.242482	1690	46.57
GC1003827_F11_NODE_4159_length_1690_cov_13.360205	1690	39.17
GC1003827_F11_NODE_4160_length_1690_cov_8.692258	1690	35.68
GC1003827_F11_NODE_4161_length_1690_cov_7.558541	1690	44.73
GC1003827_F11_NODE_4162_length_1690_cov_7.516315	1690	31.60
GC1003827_F11_NODE_4163_length_1690_cov_6.954575	1690	63.85
GC1003827_F11_NODE_4164_length_1690_cov_4.625080	1690	33.73
GC1003827_F11_NODE_4165_length_1690_cov_4.208573	1690	32.72
GC1003827_F11_NODE_4166_length_1690_cov_4.081254	1690	59.41
GC1003827_F11_NODE_4167_length_1690_cov_2.187460	1690	32.96
GC1003827_F11_NODE_4168_length_1690_cov_1.775432	1690	33.43
GC1003827_F11_NODE_4169_length_1690_cov_1.306462	1690	32.54
GC1003827_F11_NODE_4170_length_1690_cov_0.762636	1690	30.18
GC1003827_F11_NODE_4171_length_1689_cov_19.976312	1689	36.71
GC1003827_F11_NODE_4172_length_1689_cov_13.829706	1689	39.08
GC1003827_F11_NODE_4173_length_1689_cov_2.930858	1689	38.60
GC1003827_F11_NODE_4174_length_1689_cov_1.013444	1689	59.74
GC1003827_F11_NODE_4175_length_1688_cov_10.905189	1688	35.66
GC1003827_F11_NODE_4176_length_1688_cov_8.543882	1688	30.45
GC1003827_F11_NODE_4177_length_1688_cov_4.916079	1688	37.14
GC1003827_F11_NODE_4178_length_1688_cov_3.615631	1688	34.12
GC1003827_F11_NODE_4179_length_1687_cov_30.779487	1687	31.95
GC1003827_F11_NODE_4180_length_1687_cov_15.527564	1687	35.57
GC1003827_F11_NODE_4181_length_1687_cov_11.171154	1687	33.55
GC1003827_F11_NODE_4182_length_1687_cov_9.255769	1687	36.16
GC1003827_F11_NODE_4183_length_1687_cov_5.736538	1687	37.82
GC1003827_F11_NODE_4184_length_1687_cov_5.342308	1687	61.65
GC1003827_F11_NODE_4185_length_1687_cov_4.350641	1687	34.68
GC1003827_F11_NODE_4186_length_1687_cov_2.891667	1687	31.06
GC1003827_F11_NODE_4187_length_1686_cov_10.228352	1686	35.82
GC1003827_F11_NODE_4188_length_1686_cov_8.185375	1686	40.57
GC1003827_F11_NODE_4189_length_1686_cov_6.518922	1686	32.98
GC1003827_F11_NODE_4190_length_1686_cov_6.324567	1686	32.98
GC1003827_F11_NODE_4191_length_1686_cov_4.447081	1686	36.00
GC1003827_F11_NODE_4192_length_1686_cov_2.773573	1686	33.33
GC1003827_F11_NODE_4193_length_1685_cov_8.544288	1685	37.74
GC1003827_F11_NODE_4194_length_1685_cov_3.366496	1685	37.80
GC1003827_F11_NODE_4195_length_1684_cov_10.215800	1684	31.89
GC1003827_F11_NODE_4196_length_1684_cov_8.982017	1684	46.38
GC1003827_F11_NODE_4197_length_1684_cov_5.654464	1684	38.54
GC1003827_F11_NODE_4198_length_1684_cov_4.892100	1684	32.42
GC1003827_F11_NODE_4199_length_1684_cov_4.511240	1684	38.84
GC1003827_F11_NODE_4200_length_1684_cov_3.155427	1684	33.43
GC1003827_F11_NODE_4201_length_1684_cov_1.331407	1684	34.14
GC1003827_F11_NODE_4202_length_1683_cov_9.640103	1683	34.94
GC1003827_F11_NODE_4203_length_1683_cov_5.572622	1683	31.13
GC1003827_F11_NODE_4204_length_1683_cov_4.101542	1683	50.80
GC1003827_F11_NODE_4205_length_1683_cov_2.125321	1683	40.11
GC1003827_F11_NODE_4206_length_1683_cov_1.697301	1683	59.24
GC1003827_F11_NODE_4207_length_1682_cov_13.046302	1682	35.02
GC1003827_F11_NODE_4208_length_1682_cov_12.497749	1682	44.17
GC1003827_F11_NODE_4209_length_1682_cov_10.178135	1682	38.76
GC1003827_F11_NODE_4210_length_1682_cov_7.744051	1682	33.12
GC1003827_F11_NODE_4211_length_1682_cov_5.000000	1682	31.57
GC1003827_F11_NODE_4212_length_1682_cov_3.944695	1682	33.29
GC1003827_F11_NODE_4213_length_1682_cov_2.470096	1682	44.65
GC1003827_F11_NODE_4214_length_1682_cov_0.847588	1682	33.23
GC1003827_F11_NODE_4215_length_1681_cov_15.254183	1681	39.26
GC1003827_F11_NODE_4216_length_1681_cov_11.333977	1681	38.91
GC1003827_F11_NODE_4217_length_1681_cov_11.288932	1681	41.58
GC1003827_F11_NODE_4218_length_1681_cov_10.812098	1681	38.61
GC1003827_F11_NODE_4219_length_1681_cov_8.828185	1681	41.88
GC1003827_F11_NODE_4220_length_1681_cov_6.372587	1681	35.75
GC1003827_F11_NODE_4221_length_1681_cov_4.248391	1681	34.86
GC1003827_F11_NODE_4222_length_1681_cov_2.995495	1681	35.81
GC1003827_F11_NODE_4223_length_1681_cov_2.937580	1681	31.95
GC1003827_F11_NODE_4224_length_1681_cov_2.635135	1681	32.30
GC1003827_F11_NODE_4225_length_1680_cov_6.059240	1680	41.01
GC1003827_F11_NODE_4226_length_1680_cov_3.143593	1680	38.33
GC1003827_F11_NODE_4227_length_1680_cov_2.663232	1680	32.38
GC1003827_F11_NODE_4228_length_1679_cov_18.241624	1679	32.94
GC1003827_F11_NODE_4229_length_1679_cov_16.974227	1679	32.70
GC1003827_F11_NODE_4230_length_1679_cov_5.014820	1679	32.40
GC1003827_F11_NODE_4231_length_1679_cov_2.849871	1679	33.06
GC1003827_F11_NODE_4232_length_1679_cov_1.187500	1679	31.80
GC1003827_F11_NODE_4233_length_1678_cov_15.854288	1678	38.02
GC1003827_F11_NODE_4234_length_1678_cov_8.606705	1678	53.93
GC1003827_F11_NODE_4235_length_1678_cov_2.945197	1678	36.00
GC1003827_F11_NODE_4236_length_1678_cov_2.940039	1678	30.57
GC1003827_F11_NODE_4237_length_1678_cov_2.238556	1678	32.00
GC1003827_F11_NODE_4238_length_1678_cov_1.372018	1678	30.63
GC1003827_F11_NODE_4239_length_1677_cov_13.643226	1677	38.34
GC1003827_F11_NODE_4240_length_1677_cov_4.835484	1677	36.55
GC1003827_F11_NODE_4241_length_1677_cov_4.527097	1677	35.84
GC1003827_F11_NODE_4242_length_1677_cov_3.269677	1677	33.04
GC1003827_F11_NODE_4243_length_1677_cov_3.046452	1677	31.19
GC1003827_F11_NODE_4244_length_1677_cov_2.731613	1677	36.14
GC1003827_F11_NODE_4245_length_1677_cov_2.139355	1677	29.64
GC1003827_F11_NODE_4246_length_1677_cov_1.892903	1677	37.63
GC1003827_F11_NODE_4247_length_1676_cov_9.259522	1676	34.55
GC1003827_F11_NODE_4248_length_1676_cov_4.515171	1676	36.40
GC1003827_F11_NODE_4249_length_1675_cov_18.866279	1675	39.22
GC1003827_F11_NODE_4250_length_1675_cov_12.293282	1675	52.66
GC1003827_F11_NODE_4251_length_1675_cov_8.218346	1675	35.70
GC1003827_F11_NODE_4252_length_1675_cov_5.452196	1675	31.94
GC1003827_F11_NODE_4253_length_1675_cov_3.855943	1675	34.57
GC1003827_F11_NODE_4254_length_1675_cov_2.703488	1675	34.45
GC1003827_F11_NODE_4255_length_1674_cov_29.782805	1674	40.74
GC1003827_F11_NODE_4256_length_1674_cov_3.593407	1674	32.56
GC1003827_F11_NODE_4257_length_1674_cov_3.265676	1674	36.98
GC1003827_F11_NODE_4258_length_1673_cov_7.834411	1673	43.57
GC1003827_F11_NODE_4259_length_1673_cov_6.943726	1673	39.63
GC1003827_F11_NODE_4260_length_1673_cov_6.831177	1673	35.09
GC1003827_F11_NODE_4261_length_1673_cov_6.710220	1673	37.90
GC1003827_F11_NODE_4262_length_1673_cov_2.807245	1673	35.21
GC1003827_F11_NODE_4263_length_1672_cov_8.893851	1672	38.16
GC1003827_F11_NODE_4264_length_1672_cov_7.658252	1672	39.47
GC1003827_F11_NODE_4265_length_1672_cov_4.947573	1672	33.55
GC1003827_F11_NODE_4266_length_1672_cov_3.444660	1672	29.90
GC1003827_F11_NODE_4267_length_1672_cov_3.306796	1672	34.81
GC1003827_F11_NODE_4268_length_1672_cov_3.186408	1672	35.83
GC1003827_F11_NODE_4269_length_1672_cov_2.266667	1672	34.63
GC1003827_F11_NODE_4270_length_1671_cov_6.284974	1671	35.91
GC1003827_F11_NODE_4271_length_1671_cov_5.568653	1671	38.12
GC1003827_F11_NODE_4272_length_1671_cov_3.181347	1671	31.12
GC1003827_F11_NODE_4273_length_1671_cov_2.244171	1671	34.05
GC1003827_F11_NODE_4274_length_1671_cov_1.961140	1671	43.57
GC1003827_F11_NODE_4275_length_1670_cov_12.372003	1670	36.53
GC1003827_F11_NODE_4276_length_1670_cov_12.259235	1670	36.47
GC1003827_F11_NODE_4277_length_1670_cov_9.707064	1670	37.54
GC1003827_F11_NODE_4278_length_1670_cov_7.729099	1670	36.35
GC1003827_F11_NODE_4279_length_1670_cov_6.736876	1670	31.98
GC1003827_F11_NODE_4280_length_1670_cov_3.492547	1670	35.75
GC1003827_F11_NODE_4281_length_1670_cov_1.813999	1670	30.66
GC1003827_F11_NODE_4282_length_1669_cov_16.404669	1669	36.85
GC1003827_F11_NODE_4283_length_1669_cov_14.997406	1669	37.81
GC1003827_F11_NODE_4284_length_1669_cov_11.587549	1669	38.17
GC1003827_F11_NODE_4285_length_1669_cov_11.261349	1669	34.51
GC1003827_F11_NODE_4286_length_1669_cov_5.463035	1669	34.09
GC1003827_F11_NODE_4287_length_1668_cov_11.718365	1668	58.33
GC1003827_F11_NODE_4288_length_1668_cov_8.698897	1668	46.22
GC1003827_F11_NODE_4289_length_1668_cov_7.756652	1668	37.11
GC1003827_F11_NODE_4290_length_1668_cov_4.411421	1668	33.45
GC1003827_F11_NODE_4291_length_1668_cov_3.608047	1668	33.15
GC1003827_F11_NODE_4292_length_1668_cov_1.811162	1668	39.33
GC1003827_F11_NODE_4293_length_1668_cov_1.676833	1668	28.72
GC1003827_F11_NODE_4294_length_1668_cov_1.554835	1668	33.15
GC1003827_F11_NODE_4295_length_1668_cov_1.509409	1668	29.80
GC1003827_F11_NODE_4296_length_1668_cov_1.160286	1668	38.91
GC1003827_F11_NODE_4297_length_1667_cov_7.012987	1667	63.53
GC1003827_F11_NODE_4298_length_1667_cov_5.503247	1667	33.59
GC1003827_F11_NODE_4299_length_1667_cov_4.879221	1667	35.51
GC1003827_F11_NODE_4300_length_1667_cov_3.314935	1667	32.21
GC1003827_F11_NODE_4301_length_1666_cov_14.806368	1666	38.72
GC1003827_F11_NODE_4302_length_1666_cov_14.153346	1666	37.39
GC1003827_F11_NODE_4303_length_1666_cov_13.463288	1666	34.57
GC1003827_F11_NODE_4304_length_1666_cov_11.391813	1666	38.24
GC1003827_F11_NODE_4305_length_1666_cov_11.126706	1666	37.27
GC1003827_F11_NODE_4306_length_1666_cov_9.594542	1666	39.62
GC1003827_F11_NODE_4307_length_1666_cov_8.328135	1666	34.63
GC1003827_F11_NODE_4308_length_1666_cov_4.740091	1666	36.61
GC1003827_F11_NODE_4309_length_1666_cov_2.785575	1666	32.59
GC1003827_F11_NODE_4310_length_1666_cov_2.094217	1666	63.27
GC1003827_F11_NODE_4311_length_1665_cov_8.304291	1665	33.15
GC1003827_F11_NODE_4312_length_1665_cov_8.172952	1665	39.10
GC1003827_F11_NODE_4313_length_1665_cov_4.960338	1665	53.99
GC1003827_F11_NODE_4314_length_1665_cov_2.959688	1665	29.55
GC1003827_F11_NODE_4315_length_1665_cov_2.849805	1665	33.51
GC1003827_F11_NODE_4316_length_1665_cov_2.235371	1665	33.03
GC1003827_F11_NODE_4317_length_1665_cov_0.933680	1665	31.23
GC1003827_F11_NODE_4318_length_1664_cov_15.259597	1664	34.68
GC1003827_F11_NODE_4319_length_1664_cov_7.525049	1664	33.29
GC1003827_F11_NODE_4320_length_1664_cov_2.898504	1664	33.95
GC1003827_F11_NODE_4321_length_1663_cov_16.264323	1663	34.22
GC1003827_F11_NODE_4322_length_1663_cov_13.943359	1663	34.52
GC1003827_F11_NODE_4323_length_1663_cov_12.976562	1663	50.87
GC1003827_F11_NODE_4324_length_1663_cov_12.966146	1663	37.34
GC1003827_F11_NODE_4325_length_1663_cov_8.005859	1663	49.85
GC1003827_F11_NODE_4326_length_1663_cov_7.561198	1663	33.31
GC1003827_F11_NODE_4327_length_1663_cov_5.958984	1663	33.67
GC1003827_F11_NODE_4328_length_1663_cov_5.649089	1663	35.90
GC1003827_F11_NODE_4329_length_1663_cov_5.514323	1663	35.06
GC1003827_F11_NODE_4330_length_1663_cov_4.033854	1663	31.99
GC1003827_F11_NODE_4331_length_1663_cov_2.908203	1663	33.07
GC1003827_F11_NODE_4332_length_1662_cov_23.607818	1662	42.84
GC1003827_F11_NODE_4333_length_1662_cov_9.603257	1662	30.02
GC1003827_F11_NODE_4334_length_1662_cov_7.206515	1662	58.84
GC1003827_F11_NODE_4335_length_1662_cov_4.899023	1662	36.40
GC1003827_F11_NODE_4336_length_1662_cov_3.928990	1662	34.90
GC1003827_F11_NODE_4337_length_1661_cov_17.970665	1661	39.37
GC1003827_F11_NODE_4338_length_1661_cov_13.077575	1661	34.56
GC1003827_F11_NODE_4339_length_1661_cov_10.219035	1661	33.96
GC1003827_F11_NODE_4340_length_1661_cov_5.777053	1661	36.54
GC1003827_F11_NODE_4341_length_1661_cov_5.754237	1661	37.03
GC1003827_F11_NODE_4342_length_1661_cov_3.994785	1661	31.07
GC1003827_F11_NODE_4343_length_1661_cov_3.406780	1661	32.93
GC1003827_F11_NODE_4344_length_1661_cov_3.357888	1661	32.69
GC1003827_F11_NODE_4345_length_1661_cov_1.595176	1661	31.43
GC1003827_F11_NODE_4346_length_1660_cov_9.990868	1660	35.90
GC1003827_F11_NODE_4347_length_1660_cov_9.455316	1660	33.98
GC1003827_F11_NODE_4348_length_1659_cov_2.032637	1659	39.78
GC1003827_F11_NODE_4349_length_1659_cov_1.951697	1659	36.53
GC1003827_F11_NODE_4350_length_1659_cov_0.940601	1659	28.15
GC1003827_F11_NODE_4351_length_1659_cov_0.507180	1659	32.07
GC1003827_F11_NODE_4352_length_1658_cov_9.293926	1658	36.85
GC1003827_F11_NODE_4353_length_1658_cov_8.558459	1658	41.44
GC1003827_F11_NODE_4354_length_1658_cov_8.323971	1658	32.09
GC1003827_F11_NODE_4355_length_1658_cov_8.240366	1658	36.07
GC1003827_F11_NODE_4356_length_1658_cov_7.885696	1658	36.25
GC1003827_F11_NODE_4357_length_1658_cov_7.610712	1658	34.62
GC1003827_F11_NODE_4358_length_1658_cov_6.762900	1658	31.85
GC1003827_F11_NODE_4359_length_1658_cov_5.222730	1658	33.05
GC1003827_F11_NODE_4360_length_1658_cov_4.687133	1658	41.62
GC1003827_F11_NODE_4361_length_1658_cov_4.282822	1658	31.18
GC1003827_F11_NODE_4362_length_1658_cov_3.806662	1658	36.79
GC1003827_F11_NODE_4363_length_1658_cov_3.514043	1658	32.93
GC1003827_F11_NODE_4364_length_1658_cov_3.067276	1658	35.04
GC1003827_F11_NODE_4365_length_1658_cov_2.798171	1658	33.78
GC1003827_F11_NODE_4366_length_1657_cov_13.300000	1657	38.87
GC1003827_F11_NODE_4367_length_1657_cov_10.482353	1657	34.28
GC1003827_F11_NODE_4368_length_1657_cov_7.890850	1657	36.15
GC1003827_F11_NODE_4369_length_1657_cov_2.713725	1657	34.22
GC1003827_F11_NODE_4370_length_1657_cov_2.403268	1657	33.01
GC1003827_F11_NODE_4371_length_1657_cov_1.864052	1657	31.62
GC1003827_F11_NODE_4372_length_1657_cov_1.198693	1657	30.36
GC1003827_F11_NODE_4373_length_1656_cov_20.068672	1656	35.93
GC1003827_F11_NODE_4374_length_1656_cov_5.401570	1656	35.21
GC1003827_F11_NODE_4375_length_1656_cov_5.311969	1656	33.94
GC1003827_F11_NODE_4376_length_1656_cov_3.960759	1656	34.42
GC1003827_F11_NODE_4377_length_1656_cov_1.764552	1656	31.64
GC1003827_F11_NODE_4378_length_1655_cov_7.993455	1655	37.34
GC1003827_F11_NODE_4379_length_1655_cov_5.228403	1655	35.89
GC1003827_F11_NODE_4380_length_1655_cov_4.729058	1655	37.46
GC1003827_F11_NODE_4381_length_1655_cov_4.526832	1655	63.93
GC1003827_F11_NODE_4382_length_1655_cov_3.863220	1655	36.01
GC1003827_F11_NODE_4383_length_1655_cov_2.827225	1655	32.93
GC1003827_F11_NODE_4384_length_1655_cov_2.617147	1655	62.72
GC1003827_F11_NODE_4385_length_1655_cov_1.068063	1655	29.73
GC1003827_F11_NODE_4386_length_1654_cov_11.737394	1654	34.76
GC1003827_F11_NODE_4387_length_1654_cov_8.087099	1654	51.63
GC1003827_F11_NODE_4388_length_1654_cov_6.385069	1654	33.92
GC1003827_F11_NODE_4389_length_1654_cov_5.080550	1654	34.58
GC1003827_F11_NODE_4390_length_1654_cov_4.666012	1654	34.52
GC1003827_F11_NODE_4391_length_1653_cov_18.577982	1653	37.45
GC1003827_F11_NODE_4392_length_1653_cov_16.998034	1653	37.99
GC1003827_F11_NODE_4393_length_1653_cov_11.062910	1653	35.81
GC1003827_F11_NODE_4394_length_1653_cov_7.604849	1653	36.24
GC1003827_F11_NODE_4395_length_1653_cov_6.787680	1653	32.37
GC1003827_F11_NODE_4396_length_1653_cov_6.642202	1653	30.79
GC1003827_F11_NODE_4397_length_1653_cov_6.269987	1653	60.19
GC1003827_F11_NODE_4398_length_1653_cov_5.779161	1653	32.91
GC1003827_F11_NODE_4399_length_1653_cov_5.291612	1653	40.11
GC1003827_F11_NODE_4400_length_1653_cov_4.333552	1653	31.46
GC1003827_F11_NODE_4401_length_1653_cov_3.697903	1653	34.79
GC1003827_F11_NODE_4402_length_1653_cov_3.578637	1653	36.96
GC1003827_F11_NODE_4403_length_1653_cov_3.241153	1653	58.86
GC1003827_F11_NODE_4404_length_1652_cov_14.495082	1652	40.01
GC1003827_F11_NODE_4405_length_1652_cov_5.078689	1652	32.38
GC1003827_F11_NODE_4406_length_1652_cov_4.418361	1652	33.90
GC1003827_F11_NODE_4407_length_1652_cov_3.043279	1652	53.87
GC1003827_F11_NODE_4408_length_1652_cov_2.588197	1652	39.23
GC1003827_F11_NODE_4409_length_1651_cov_14.185039	1651	37.43
GC1003827_F11_NODE_4410_length_1651_cov_5.092520	1651	35.98
GC1003827_F11_NODE_4411_length_1651_cov_5.090551	1651	33.43
GC1003827_F11_NODE_4412_length_1651_cov_4.933071	1651	36.77
GC1003827_F11_NODE_4413_length_1651_cov_3.831365	1651	29.32
GC1003827_F11_NODE_4414_length_1651_cov_2.496063	1651	37.31
GC1003827_F11_NODE_4415_length_1650_cov_26.812869	1650	37.58
GC1003827_F11_NODE_4416_length_1650_cov_7.845043	1650	32.48
GC1003827_F11_NODE_4417_length_1650_cov_6.972423	1650	34.91
GC1003827_F11_NODE_4418_length_1650_cov_6.930401	1650	32.24
GC1003827_F11_NODE_4419_length_1650_cov_4.618516	1650	33.52
GC1003827_F11_NODE_4420_length_1650_cov_3.902167	1650	30.30
GC1003827_F11_NODE_4421_length_1649_cov_16.948095	1649	53.61
GC1003827_F11_NODE_4422_length_1649_cov_15.013798	1649	35.78
GC1003827_F11_NODE_4423_length_1649_cov_6.946781	1649	33.84
GC1003827_F11_NODE_4424_length_1649_cov_6.737845	1649	36.02
GC1003827_F11_NODE_4425_length_1649_cov_5.685940	1649	32.20
GC1003827_F11_NODE_4426_length_1649_cov_4.641261	1649	37.96
GC1003827_F11_NODE_4427_length_1649_cov_4.118922	1649	49.00
GC1003827_F11_NODE_4428_length_1649_cov_3.118922	1649	32.32
GC1003827_F11_NODE_4429_length_1649_cov_2.553876	1649	33.23
GC1003827_F11_NODE_4430_length_1649_cov_2.246386	1649	28.32
GC1003827_F11_NODE_4431_length_1648_cov_16.959237	1648	37.50
GC1003827_F11_NODE_4432_length_1648_cov_5.285996	1648	29.07
GC1003827_F11_NODE_4433_length_1648_cov_4.454964	1648	35.98
GC1003827_F11_NODE_4434_length_1648_cov_3.766601	1648	38.77
GC1003827_F11_NODE_4435_length_1648_cov_1.689020	1648	31.49
GC1003827_F11_NODE_4436_length_1648_cov_0.996713	1648	34.95
GC1003827_F11_NODE_4437_length_1647_cov_13.242105	1647	32.97
GC1003827_F11_NODE_4438_length_1647_cov_7.030263	1647	39.10
GC1003827_F11_NODE_4439_length_1647_cov_6.888816	1647	37.46
GC1003827_F11_NODE_4440_length_1647_cov_6.558553	1647	55.43
GC1003827_F11_NODE_4441_length_1647_cov_5.937500	1647	38.98
GC1003827_F11_NODE_4442_length_1647_cov_5.712500	1647	43.23
GC1003827_F11_NODE_4443_length_1647_cov_5.159211	1647	31.45
GC1003827_F11_NODE_4444_length_1647_cov_1.765789	1647	33.94
GC1003827_F11_NODE_4445_length_1647_cov_0.600658	1647	36.73
GC1003827_F11_NODE_4446_length_1646_cov_18.650428	1646	37.00
GC1003827_F11_NODE_4447_length_1646_cov_17.471363	1646	40.04
GC1003827_F11_NODE_4448_length_1646_cov_9.345622	1646	35.72
GC1003827_F11_NODE_4449_length_1646_cov_7.113891	1646	55.53
GC1003827_F11_NODE_4450_length_1646_cov_6.771560	1646	39.06
GC1003827_F11_NODE_4451_length_1646_cov_4.139566	1646	34.81
GC1003827_F11_NODE_4452_length_1646_cov_3.913101	1646	31.53
GC1003827_F11_NODE_4453_length_1645_cov_19.183794	1645	38.84
GC1003827_F11_NODE_4454_length_1645_cov_8.521080	1645	37.69
GC1003827_F11_NODE_4455_length_1645_cov_3.764163	1645	36.17
GC1003827_F11_NODE_4456_length_1645_cov_3.361001	1645	31.67
GC1003827_F11_NODE_4457_length_1645_cov_2.961133	1645	32.71
GC1003827_F11_NODE_4458_length_1645_cov_2.748353	1645	60.49
GC1003827_F11_NODE_4459_length_1645_cov_2.562582	1645	32.77
GC1003827_F11_NODE_4460_length_1644_cov_9.067238	1644	38.14
GC1003827_F11_NODE_4461_length_1644_cov_7.219512	1644	58.88
GC1003827_F11_NODE_4462_length_1644_cov_5.032960	1644	33.39
GC1003827_F11_NODE_4463_length_1644_cov_3.516150	1644	34.61
GC1003827_F11_NODE_4464_length_1644_cov_1.591299	1644	62.90
GC1003827_F11_NODE_4465_length_1643_cov_14.946570	1643	62.08
GC1003827_F11_NODE_4466_length_1643_cov_10.501319	1643	37.67
GC1003827_F11_NODE_4467_length_1643_cov_9.452507	1643	35.67
GC1003827_F11_NODE_4468_length_1643_cov_8.246702	1643	34.88
GC1003827_F11_NODE_4469_length_1643_cov_6.769129	1643	34.57
GC1003827_F11_NODE_4470_length_1643_cov_4.408971	1643	32.50
GC1003827_F11_NODE_4471_length_1643_cov_3.728892	1643	62.93
GC1003827_F11_NODE_4472_length_1643_cov_1.699868	1643	35.00
GC1003827_F11_NODE_4473_length_1643_cov_1.552770	1643	34.81
GC1003827_F11_NODE_4474_length_1642_cov_19.066007	1642	35.02
GC1003827_F11_NODE_4475_length_1642_cov_7.736634	1642	35.99
GC1003827_F11_NODE_4476_length_1641_cov_6.409511	1641	33.76
GC1003827_F11_NODE_4477_length_1641_cov_5.645310	1641	32.54
GC1003827_F11_NODE_4478_length_1641_cov_5.339498	1641	37.72
GC1003827_F11_NODE_4479_length_1641_cov_4.791942	1641	33.15
GC1003827_F11_NODE_4480_length_1641_cov_4.593131	1641	33.33
GC1003827_F11_NODE_4481_length_1640_cov_12.307336	1640	35.49
GC1003827_F11_NODE_4482_length_1640_cov_3.863847	1640	29.57
GC1003827_F11_NODE_4483_length_1640_cov_1.350297	1640	31.89
GC1003827_F11_NODE_4484_length_1639_cov_7.808201	1639	30.51
GC1003827_F11_NODE_4485_length_1639_cov_6.693783	1639	37.16
GC1003827_F11_NODE_4486_length_1639_cov_3.678571	1639	35.81
GC1003827_F11_NODE_4487_length_1639_cov_3.593915	1639	32.34
GC1003827_F11_NODE_4488_length_1639_cov_1.818122	1639	32.76
GC1003827_F11_NODE_4489_length_1638_cov_12.721377	1638	30.95
GC1003827_F11_NODE_4490_length_1638_cov_11.505625	1638	35.90
GC1003827_F11_NODE_4491_length_1638_cov_10.158835	1638	41.58
GC1003827_F11_NODE_4492_length_1638_cov_9.864990	1638	33.33
GC1003827_F11_NODE_4493_length_1637_cov_13.470199	1637	40.20
GC1003827_F11_NODE_4494_length_1637_cov_9.095364	1637	36.65
GC1003827_F11_NODE_4495_length_1637_cov_8.523179	1637	38.36
GC1003827_F11_NODE_4496_length_1637_cov_4.058278	1637	41.05
GC1003827_F11_NODE_4497_length_1637_cov_3.350331	1637	33.23
GC1003827_F11_NODE_4498_length_1636_cov_7.532140	1636	34.11
GC1003827_F11_NODE_4499_length_1636_cov_7.088138	1636	37.10
GC1003827_F11_NODE_4500_length_1636_cov_3.902584	1636	32.21
GC1003827_F11_NODE_4501_length_1636_cov_1.551359	1636	28.00
GC1003827_F11_NODE_4502_length_1636_cov_1.253810	1636	65.28
GC1003827_F11_NODE_4503_length_1636_cov_1.177601	1636	33.19
GC1003827_F11_NODE_4504_length_1635_cov_8.350133	1635	38.59
GC1003827_F11_NODE_4505_length_1635_cov_6.895225	1635	36.33
GC1003827_F11_NODE_4506_length_1635_cov_4.240716	1635	58.23
GC1003827_F11_NODE_4507_length_1635_cov_3.926393	1635	31.56
GC1003827_F11_NODE_4508_length_1634_cov_22.862641	1634	38.92
GC1003827_F11_NODE_4509_length_1634_cov_6.555408	1634	37.03
GC1003827_F11_NODE_4510_length_1634_cov_5.737890	1634	29.19
GC1003827_F11_NODE_4511_length_1634_cov_2.236231	1634	30.54
GC1003827_F11_NODE_4512_length_1634_cov_1.149303	1634	28.52
GC1003827_F11_NODE_4513_length_1633_cov_16.380478	1633	37.05
GC1003827_F11_NODE_4514_length_1633_cov_14.086985	1633	36.19
GC1003827_F11_NODE_4515_length_1633_cov_13.130810	1633	34.97
GC1003827_F11_NODE_4516_length_1633_cov_10.059761	1633	40.48
GC1003827_F11_NODE_4517_length_1633_cov_6.931607	1633	34.42
GC1003827_F11_NODE_4518_length_1633_cov_6.488712	1633	36.25
GC1003827_F11_NODE_4519_length_1633_cov_6.485392	1633	34.54
GC1003827_F11_NODE_4520_length_1633_cov_4.752324	1633	68.28
GC1003827_F11_NODE_4521_length_1633_cov_3.245020	1633	30.13
GC1003827_F11_NODE_4522_length_1633_cov_2.771580	1633	37.42
GC1003827_F11_NODE_4523_length_1633_cov_2.081009	1633	35.52
GC1003827_F11_NODE_4524_length_1633_cov_0.579017	1633	29.82
GC1003827_F11_NODE_4525_length_1632_cov_10.901661	1632	30.76
GC1003827_F11_NODE_4526_length_1632_cov_8.413953	1632	33.95
GC1003827_F11_NODE_4527_length_1632_cov_7.252492	1632	62.62
GC1003827_F11_NODE_4528_length_1632_cov_4.519601	1632	32.54
GC1003827_F11_NODE_4529_length_1632_cov_3.897010	1632	34.38
GC1003827_F11_NODE_4530_length_1632_cov_3.463787	1632	33.03
GC1003827_F11_NODE_4531_length_1632_cov_3.019934	1632	31.31
GC1003827_F11_NODE_4532_length_1632_cov_2.120266	1632	31.50
GC1003827_F11_NODE_4533_length_1631_cov_17.404920	1631	39.18
GC1003827_F11_NODE_4534_length_1631_cov_12.789894	1631	66.58
GC1003827_F11_NODE_4535_length_1631_cov_6.899601	1631	36.17
GC1003827_F11_NODE_4536_length_1631_cov_3.932181	1631	33.29
GC1003827_F11_NODE_4537_length_1631_cov_3.446144	1631	32.62
GC1003827_F11_NODE_4538_length_1631_cov_2.591755	1631	32.80
GC1003827_F11_NODE_4539_length_1631_cov_1.009309	1631	41.32
GC1003827_F11_NODE_4540_length_1630_cov_13.647372	1630	37.42
GC1003827_F11_NODE_4541_length_1630_cov_4.179641	1630	31.04
GC1003827_F11_NODE_4542_length_1630_cov_3.316700	1630	34.66
GC1003827_F11_NODE_4543_length_1630_cov_1.036593	1630	28.65
GC1003827_F11_NODE_4544_length_1629_cov_16.280293	1629	39.10
GC1003827_F11_NODE_4545_length_1629_cov_9.575899	1629	35.97
GC1003827_F11_NODE_4546_length_1629_cov_8.261651	1629	31.25
GC1003827_F11_NODE_4547_length_1629_cov_6.926099	1629	31.37
GC1003827_F11_NODE_4548_length_1629_cov_4.392144	1629	33.89
GC1003827_F11_NODE_4549_length_1629_cov_4.371505	1629	35.67
GC1003827_F11_NODE_4550_length_1629_cov_4.165113	1629	34.19
GC1003827_F11_NODE_4551_length_1628_cov_13.826782	1628	41.40
GC1003827_F11_NODE_4552_length_1628_cov_9.320453	1628	49.51
GC1003827_F11_NODE_4553_length_1628_cov_7.030646	1628	37.71
GC1003827_F11_NODE_4554_length_1628_cov_6.071286	1628	35.14
GC1003827_F11_NODE_4555_length_1628_cov_4.430380	1628	46.62
GC1003827_F11_NODE_4556_length_1628_cov_4.193205	1628	60.87
GC1003827_F11_NODE_4557_length_1628_cov_3.536309	1628	39.68
GC1003827_F11_NODE_4558_length_1628_cov_3.235843	1628	33.11
GC1003827_F11_NODE_4559_length_1627_cov_14.725333	1627	34.97
GC1003827_F11_NODE_4560_length_1627_cov_9.513333	1627	34.91
GC1003827_F11_NODE_4561_length_1627_cov_8.542000	1627	40.26
GC1003827_F11_NODE_4562_length_1627_cov_5.828000	1627	36.69
GC1003827_F11_NODE_4563_length_1627_cov_2.811333	1627	65.89
GC1003827_F11_NODE_4564_length_1626_cov_4.384256	1626	64.02
GC1003827_F11_NODE_4565_length_1625_cov_8.455274	1625	38.28
GC1003827_F11_NODE_4566_length_1625_cov_5.804406	1625	55.57
GC1003827_F11_NODE_4567_length_1625_cov_4.879840	1625	60.25
GC1003827_F11_NODE_4568_length_1625_cov_3.886515	1625	34.03
GC1003827_F11_NODE_4569_length_1625_cov_3.883178	1625	40.49
GC1003827_F11_NODE_4570_length_1625_cov_3.184913	1625	33.97
GC1003827_F11_NODE_4571_length_1625_cov_2.375834	1625	33.54
GC1003827_F11_NODE_4572_length_1624_cov_99.990648	1624	42.80
GC1003827_F11_NODE_4573_length_1624_cov_3.473614	1624	33.50
GC1003827_F11_NODE_4574_length_1624_cov_3.287241	1624	29.25
GC1003827_F11_NODE_4575_length_1624_cov_2.442886	1624	30.36
GC1003827_F11_NODE_4576_length_1623_cov_12.001337	1623	41.22
GC1003827_F11_NODE_4577_length_1623_cov_11.581551	1623	34.75
GC1003827_F11_NODE_4578_length_1623_cov_8.859626	1623	38.20
GC1003827_F11_NODE_4579_length_1623_cov_6.908422	1623	29.70
GC1003827_F11_NODE_4580_length_1623_cov_3.433155	1623	42.76
GC1003827_F11_NODE_4581_length_1623_cov_3.354278	1623	40.42
GC1003827_F11_NODE_4582_length_1623_cov_2.634358	1623	34.50
GC1003827_F11_NODE_4583_length_1623_cov_1.831551	1623	32.72
GC1003827_F11_NODE_4584_length_1622_cov_15.504348	1622	35.33
GC1003827_F11_NODE_4585_length_1622_cov_13.358528	1622	33.79
GC1003827_F11_NODE_4586_length_1622_cov_12.138462	1622	33.35
GC1003827_F11_NODE_4587_length_1622_cov_11.278261	1622	37.36
GC1003827_F11_NODE_4588_length_1622_cov_9.226087	1622	48.09
GC1003827_F11_NODE_4589_length_1622_cov_4.038127	1622	39.21
GC1003827_F11_NODE_4590_length_1622_cov_3.581940	1622	32.24
GC1003827_F11_NODE_4591_length_1622_cov_3.131773	1622	28.55
GC1003827_F11_NODE_4592_length_1622_cov_2.109030	1622	30.89
GC1003827_F11_NODE_4593_length_1621_cov_11.365462	1621	37.38
GC1003827_F11_NODE_4594_length_1621_cov_4.864793	1621	32.26
GC1003827_F11_NODE_4595_length_1621_cov_4.523427	1621	33.31
GC1003827_F11_NODE_4596_length_1621_cov_4.293173	1621	35.60
GC1003827_F11_NODE_4597_length_1621_cov_3.547523	1621	32.33
GC1003827_F11_NODE_4598_length_1621_cov_2.304552	1621	35.66
GC1003827_F11_NODE_4599_length_1621_cov_2.034137	1621	32.63
GC1003827_F11_NODE_4600_length_1621_cov_1.804552	1621	32.39
GC1003827_F11_NODE_4601_length_1621_cov_1.420348	1621	35.29
GC1003827_F11_NODE_4602_length_1620_cov_20.679169	1620	34.94
GC1003827_F11_NODE_4603_length_1620_cov_7.515070	1620	41.36
GC1003827_F11_NODE_4604_length_1620_cov_7.099129	1620	33.70
GC1003827_F11_NODE_4605_length_1620_cov_4.713329	1620	32.47
GC1003827_F11_NODE_4606_length_1620_cov_2.137977	1620	30.56
GC1003827_F11_NODE_4607_length_1620_cov_2.052244	1620	36.05
GC1003827_F11_NODE_4608_length_1619_cov_26.400134	1619	35.82
GC1003827_F11_NODE_4609_length_1619_cov_14.194370	1619	49.97
GC1003827_F11_NODE_4610_length_1619_cov_5.455094	1619	52.01
GC1003827_F11_NODE_4611_length_1619_cov_3.811662	1619	50.53
GC1003827_F11_NODE_4612_length_1619_cov_2.133378	1619	29.22
GC1003827_F11_NODE_4613_length_1618_cov_42.651911	1618	46.66
GC1003827_F11_NODE_4614_length_1618_cov_6.446680	1618	34.67
GC1003827_F11_NODE_4615_length_1618_cov_5.113347	1618	36.84
GC1003827_F11_NODE_4616_length_1618_cov_4.894031	1618	38.75
GC1003827_F11_NODE_4617_length_1618_cov_4.402414	1618	30.84
GC1003827_F11_NODE_4618_length_1618_cov_3.239437	1618	29.67
GC1003827_F11_NODE_4619_length_1618_cov_2.747820	1618	28.00
GC1003827_F11_NODE_4620_length_1618_cov_1.684775	1618	40.48
GC1003827_F11_NODE_4621_length_1617_cov_14.081879	1617	41.06
GC1003827_F11_NODE_4622_length_1617_cov_5.142282	1617	39.27
GC1003827_F11_NODE_4623_length_1617_cov_4.261745	1617	32.90
GC1003827_F11_NODE_4624_length_1617_cov_3.902685	1617	33.09
GC1003827_F11_NODE_4625_length_1616_cov_15.041639	1616	35.64
GC1003827_F11_NODE_4626_length_1616_cov_13.108126	1616	42.95
GC1003827_F11_NODE_4627_length_1616_cov_5.462055	1616	37.38
GC1003827_F11_NODE_4628_length_1616_cov_5.442579	1616	36.94
GC1003827_F11_NODE_4629_length_1616_cov_4.799866	1616	50.87
GC1003827_F11_NODE_4630_length_1616_cov_4.796508	1616	31.68
GC1003827_F11_NODE_4631_length_1616_cov_4.782404	1616	34.41
GC1003827_F11_NODE_4632_length_1616_cov_4.282069	1616	37.75
GC1003827_F11_NODE_4633_length_1616_cov_3.967764	1616	40.59
GC1003827_F11_NODE_4634_length_1616_cov_3.922095	1616	41.27
GC1003827_F11_NODE_4635_length_1616_cov_3.861652	1616	32.74
GC1003827_F11_NODE_4636_length_1616_cov_3.702485	1616	36.26
GC1003827_F11_NODE_4637_length_1615_cov_12.920699	1615	38.45
GC1003827_F11_NODE_4638_length_1615_cov_11.528226	1615	34.55
GC1003827_F11_NODE_4639_length_1615_cov_8.174059	1615	37.59
GC1003827_F11_NODE_4640_length_1615_cov_5.993952	1615	34.80
GC1003827_F11_NODE_4641_length_1615_cov_4.112231	1615	34.18
GC1003827_F11_NODE_4642_length_1615_cov_4.000672	1615	36.53
GC1003827_F11_NODE_4643_length_1615_cov_3.341398	1615	34.67
GC1003827_F11_NODE_4644_length_1615_cov_3.118280	1615	36.47
GC1003827_F11_NODE_4645_length_1615_cov_2.655242	1615	34.24
GC1003827_F11_NODE_4646_length_1615_cov_1.694220	1615	61.86
GC1003827_F11_NODE_4647_length_1615_cov_1.637097	1615	33.00
GC1003827_F11_NODE_4648_length_1614_cov_45.053800	1614	34.88
GC1003827_F11_NODE_4649_length_1614_cov_20.453934	1614	36.86
GC1003827_F11_NODE_4650_length_1614_cov_8.889711	1614	45.04
GC1003827_F11_NODE_4651_length_1614_cov_5.083389	1614	34.20
GC1003827_F11_NODE_4652_length_1614_cov_3.938803	1614	64.25
GC1003827_F11_NODE_4653_length_1614_cov_3.262946	1614	28.93
GC1003827_F11_NODE_4654_length_1614_cov_2.414257	1614	33.83
GC1003827_F11_NODE_4655_length_1614_cov_1.129792	1614	30.73
GC1003827_F11_NODE_4656_length_1613_cov_16.980485	1613	38.69
GC1003827_F11_NODE_4657_length_1613_cov_12.515478	1613	32.18
GC1003827_F11_NODE_4658_length_1613_cov_11.629206	1613	34.66
GC1003827_F11_NODE_4659_length_1613_cov_10.499327	1613	35.52
GC1003827_F11_NODE_4660_length_1613_cov_4.675639	1613	36.89
GC1003827_F11_NODE_4661_length_1613_cov_4.233513	1613	34.66
GC1003827_F11_NODE_4662_length_1613_cov_3.216016	1613	34.90
GC1003827_F11_NODE_4663_length_1612_cov_24.948822	1612	34.68
GC1003827_F11_NODE_4664_length_1612_cov_15.072054	1612	34.06
GC1003827_F11_NODE_4665_length_1612_cov_10.113131	1612	34.62
GC1003827_F11_NODE_4666_length_1612_cov_7.455219	1612	37.66
GC1003827_F11_NODE_4667_length_1612_cov_5.987205	1612	32.07
GC1003827_F11_NODE_4668_length_1612_cov_4.734680	1612	35.73
GC1003827_F11_NODE_4669_length_1612_cov_4.080135	1612	32.20
GC1003827_F11_NODE_4670_length_1612_cov_3.327946	1612	32.13
GC1003827_F11_NODE_4671_length_1612_cov_3.012121	1612	36.72
GC1003827_F11_NODE_4672_length_1612_cov_2.643098	1612	58.13
GC1003827_F11_NODE_4673_length_1612_cov_1.795960	1612	34.68
GC1003827_F11_NODE_4674_length_1611_cov_10.064690	1611	52.70
GC1003827_F11_NODE_4675_length_1611_cov_9.341644	1611	36.81
GC1003827_F11_NODE_4676_length_1611_cov_8.740566	1611	36.50
GC1003827_F11_NODE_4677_length_1611_cov_6.039757	1611	32.34
GC1003827_F11_NODE_4678_length_1611_cov_6.023585	1611	62.38
GC1003827_F11_NODE_4679_length_1611_cov_5.217655	1611	52.33
GC1003827_F11_NODE_4680_length_1611_cov_5.084232	1611	37.43
GC1003827_F11_NODE_4681_length_1610_cov_10.501011	1610	37.95
GC1003827_F11_NODE_4682_length_1610_cov_3.813216	1610	40.99
GC1003827_F11_NODE_4683_length_1610_cov_2.459204	1610	62.24
GC1003827_F11_NODE_4684_length_1609_cov_27.900810	1609	35.43
GC1003827_F11_NODE_4685_length_1609_cov_11.522267	1609	39.28
GC1003827_F11_NODE_4686_length_1609_cov_6.157895	1609	31.88
GC1003827_F11_NODE_4687_length_1609_cov_5.103239	1609	35.36
GC1003827_F11_NODE_4688_length_1609_cov_2.078273	1609	69.11
GC1003827_F11_NODE_4689_length_1609_cov_1.638327	1609	35.92
GC1003827_F11_NODE_4690_length_1609_cov_1.398111	1609	67.25
GC1003827_F11_NODE_4691_length_1608_cov_20.525321	1608	36.69
GC1003827_F11_NODE_4692_length_1608_cov_16.411209	1608	32.28
GC1003827_F11_NODE_4693_length_1608_cov_5.426739	1608	33.40
GC1003827_F11_NODE_4694_length_1608_cov_4.827819	1608	37.94
GC1003827_F11_NODE_4695_length_1608_cov_3.981769	1608	31.09
GC1003827_F11_NODE_4696_length_1608_cov_2.698852	1608	38.18
GC1003827_F11_NODE_4697_length_1608_cov_2.488859	1608	32.03
GC1003827_F11_NODE_4698_length_1607_cov_11.786486	1607	37.52
GC1003827_F11_NODE_4699_length_1607_cov_7.428378	1607	33.60
GC1003827_F11_NODE_4700_length_1607_cov_6.106757	1607	40.82
GC1003827_F11_NODE_4701_length_1607_cov_5.246622	1607	32.17
GC1003827_F11_NODE_4702_length_1607_cov_3.656757	1607	33.42
GC1003827_F11_NODE_4703_length_1607_cov_3.262838	1607	58.25
GC1003827_F11_NODE_4704_length_1606_cov_4.284652	1606	37.67
GC1003827_F11_NODE_4705_length_1606_cov_3.734956	1606	34.93
GC1003827_F11_NODE_4706_length_1606_cov_2.173090	1606	35.49
GC1003827_F11_NODE_4707_length_1605_cov_24.694181	1605	40.19
GC1003827_F11_NODE_4708_length_1605_cov_11.983762	1605	33.15
GC1003827_F11_NODE_4709_length_1605_cov_11.354533	1605	40.44
GC1003827_F11_NODE_4710_length_1605_cov_8.738836	1605	62.31
GC1003827_F11_NODE_4711_length_1605_cov_6.751691	1605	33.83
GC1003827_F11_NODE_4712_length_1605_cov_2.276049	1605	36.26
GC1003827_F11_NODE_4713_length_1604_cov_12.301963	1604	55.17
GC1003827_F11_NODE_4714_length_1604_cov_12.075152	1604	36.47
GC1003827_F11_NODE_4715_length_1604_cov_5.217332	1604	34.73
GC1003827_F11_NODE_4716_length_1604_cov_5.210562	1604	37.53
GC1003827_F11_NODE_4717_length_1604_cov_3.454976	1604	30.49
GC1003827_F11_NODE_4718_length_1604_cov_2.846310	1604	37.91
GC1003827_F11_NODE_4719_length_1603_cov_42.863144	1603	38.99
GC1003827_F11_NODE_4720_length_1603_cov_14.611789	1603	41.92
GC1003827_F11_NODE_4721_length_1603_cov_10.073171	1603	55.58
GC1003827_F11_NODE_4722_length_1603_cov_7.846206	1603	63.01
GC1003827_F11_NODE_4723_length_1603_cov_6.478997	1603	34.31
GC1003827_F11_NODE_4724_length_1603_cov_3.117209	1603	29.26
GC1003827_F11_NODE_4725_length_1603_cov_2.846206	1603	32.44
GC1003827_F11_NODE_4726_length_1603_cov_1.901084	1603	35.18
GC1003827_F11_NODE_4727_length_1602_cov_21.637288	1602	32.90
GC1003827_F11_NODE_4728_length_1602_cov_19.489492	1602	37.70
GC1003827_F11_NODE_4729_length_1602_cov_5.907119	1602	36.52
GC1003827_F11_NODE_4730_length_1602_cov_3.309831	1602	54.56
GC1003827_F11_NODE_4731_length_1602_cov_2.959322	1602	39.70
GC1003827_F11_NODE_4732_length_1602_cov_2.745085	1602	59.55
GC1003827_F11_NODE_4733_length_1602_cov_2.056949	1602	38.58
GC1003827_F11_NODE_4734_length_1602_cov_1.292881	1602	63.30
GC1003827_F11_NODE_4735_length_1602_cov_1.264407	1602	35.21
GC1003827_F11_NODE_4736_length_1602_cov_1.101695	1602	58.80
GC1003827_F11_NODE_4737_length_1601_cov_9.374491	1601	37.54
GC1003827_F11_NODE_4738_length_1601_cov_8.633650	1601	32.04
GC1003827_F11_NODE_4739_length_1601_cov_7.642469	1601	37.41
GC1003827_F11_NODE_4740_length_1601_cov_7.000678	1601	36.35
GC1003827_F11_NODE_4741_length_1601_cov_6.297151	1601	35.73
GC1003827_F11_NODE_4742_length_1601_cov_6.262551	1601	34.98
GC1003827_F11_NODE_4743_length_1601_cov_5.126187	1601	43.41
GC1003827_F11_NODE_4744_length_1601_cov_3.588874	1601	35.98
GC1003827_F11_NODE_4745_length_1601_cov_3.586160	1601	33.29
GC1003827_F11_NODE_4746_length_1601_cov_2.782904	1601	39.23
GC1003827_F11_NODE_4747_length_1601_cov_1.921981	1601	52.28
GC1003827_F11_NODE_4748_length_1601_cov_1.514925	1601	32.54
GC1003827_F11_NODE_4749_length_1601_cov_1.390095	1601	27.67
GC1003827_F11_NODE_4750_length_1601_cov_1.300543	1601	30.23
GC1003827_F11_NODE_4751_length_1600_cov_20.603530	1600	37.69
GC1003827_F11_NODE_4752_length_1600_cov_15.238289	1600	50.12
GC1003827_F11_NODE_4753_length_1600_cov_8.899525	1600	37.81
GC1003827_F11_NODE_4754_length_1600_cov_2.828242	1600	30.87
GC1003827_F11_NODE_4755_length_1600_cov_2.368635	1600	31.19
GC1003827_F11_NODE_4756_length_1600_cov_2.078751	1600	39.75
GC1003827_F11_NODE_4757_length_1600_cov_1.906314	1600	64.19
GC1003827_F11_NODE_4758_length_1600_cov_1.640190	1600	34.56
GC1003827_F11_NODE_4759_length_1599_cov_21.963315	1599	46.53
GC1003827_F11_NODE_4760_length_1599_cov_8.584239	1599	33.21
GC1003827_F11_NODE_4761_length_1599_cov_7.566576	1599	39.21
GC1003827_F11_NODE_4762_length_1599_cov_3.218750	1599	37.96
GC1003827_F11_NODE_4763_length_1598_cov_4.424881	1598	33.85
GC1003827_F11_NODE_4764_length_1598_cov_3.371176	1598	65.52
GC1003827_F11_NODE_4765_length_1598_cov_1.376615	1598	65.83
GC1003827_F11_NODE_4766_length_1597_cov_27.110204	1597	38.63
GC1003827_F11_NODE_4767_length_1597_cov_18.545578	1597	37.70
GC1003827_F11_NODE_4768_length_1597_cov_11.038095	1597	58.55
GC1003827_F11_NODE_4769_length_1597_cov_5.542857	1597	35.57
GC1003827_F11_NODE_4770_length_1597_cov_4.885034	1597	35.19
GC1003827_F11_NODE_4771_length_1597_cov_2.717687	1597	34.69
GC1003827_F11_NODE_4772_length_1597_cov_2.242857	1597	35.13
GC1003827_F11_NODE_4773_length_1597_cov_1.658503	1597	33.94
GC1003827_F11_NODE_4774_length_1596_cov_13.986385	1596	39.10
GC1003827_F11_NODE_4775_length_1596_cov_5.773996	1596	34.46
GC1003827_F11_NODE_4776_length_1596_cov_5.762423	1596	38.41
GC1003827_F11_NODE_4777_length_1596_cov_5.550715	1596	65.60
GC1003827_F11_NODE_4778_length_1596_cov_4.711368	1596	32.14
GC1003827_F11_NODE_4779_length_1596_cov_3.963921	1596	31.95
GC1003827_F11_NODE_4780_length_1596_cov_3.805310	1596	31.08
GC1003827_F11_NODE_4781_length_1596_cov_1.882914	1596	55.51
GC1003827_F11_NODE_4782_length_1596_cov_1.475153	1596	31.45
GC1003827_F11_NODE_4783_length_1595_cov_18.642371	1595	37.37
GC1003827_F11_NODE_4784_length_1595_cov_15.078338	1595	34.86
GC1003827_F11_NODE_4785_length_1595_cov_14.787466	1595	45.27
GC1003827_F11_NODE_4786_length_1595_cov_9.592643	1595	34.80
GC1003827_F11_NODE_4787_length_1595_cov_3.487057	1595	53.79
GC1003827_F11_NODE_4788_length_1595_cov_3.020436	1595	33.73
GC1003827_F11_NODE_4789_length_1595_cov_2.818801	1595	31.97
GC1003827_F11_NODE_4790_length_1595_cov_2.060627	1595	38.24
GC1003827_F11_NODE_4791_length_1595_cov_1.856267	1595	35.17
GC1003827_F11_NODE_4792_length_1595_cov_1.854223	1595	37.30
GC1003827_F11_NODE_4793_length_1595_cov_1.816076	1595	34.17
GC1003827_F11_NODE_4794_length_1594_cov_26.591002	1594	38.27
GC1003827_F11_NODE_4795_length_1594_cov_10.652352	1594	46.99
GC1003827_F11_NODE_4796_length_1594_cov_9.470348	1594	41.28
GC1003827_F11_NODE_4797_length_1594_cov_7.668712	1594	38.27
GC1003827_F11_NODE_4798_length_1594_cov_6.607362	1594	37.26
GC1003827_F11_NODE_4799_length_1594_cov_4.862304	1594	38.08
GC1003827_F11_NODE_4800_length_1594_cov_2.355828	1594	59.47
GC1003827_F11_NODE_4801_length_1594_cov_2.072256	1594	33.75
GC1003827_F11_NODE_4802_length_1594_cov_2.032720	1594	33.69
GC1003827_F11_NODE_4803_length_1594_cov_1.828903	1594	31.99
GC1003827_F11_NODE_4804_length_1593_cov_7.984311	1593	37.41
GC1003827_F11_NODE_4805_length_1593_cov_7.180082	1593	39.92
GC1003827_F11_NODE_4806_length_1593_cov_6.446794	1593	33.46
GC1003827_F11_NODE_4807_length_1593_cov_5.613233	1593	33.08
GC1003827_F11_NODE_4808_length_1593_cov_4.409277	1593	32.52
GC1003827_F11_NODE_4809_length_1593_cov_2.028649	1593	34.97
GC1003827_F11_NODE_4810_length_1593_cov_1.773533	1593	29.76
GC1003827_F11_NODE_4811_length_1592_cov_15.958362	1592	38.57
GC1003827_F11_NODE_4812_length_1592_cov_7.230034	1592	30.03
GC1003827_F11_NODE_4813_length_1592_cov_4.952901	1592	32.85
GC1003827_F11_NODE_4814_length_1592_cov_4.939249	1592	35.55
GC1003827_F11_NODE_4815_length_1592_cov_4.501706	1592	33.17
GC1003827_F11_NODE_4816_length_1592_cov_4.155631	1592	34.55
GC1003827_F11_NODE_4817_length_1592_cov_4.150171	1592	39.26
GC1003827_F11_NODE_4818_length_1591_cov_15.903689	1591	36.52
GC1003827_F11_NODE_4819_length_1591_cov_6.920765	1591	35.45
GC1003827_F11_NODE_4820_length_1591_cov_5.808743	1591	33.63
GC1003827_F11_NODE_4821_length_1591_cov_5.228825	1591	35.14
GC1003827_F11_NODE_4822_length_1591_cov_3.241120	1591	39.53
GC1003827_F11_NODE_4823_length_1591_cov_3.037568	1591	32.37
GC1003827_F11_NODE_4824_length_1591_cov_2.395492	1591	38.47
GC1003827_F11_NODE_4825_length_1591_cov_2.185792	1591	33.12
GC1003827_F11_NODE_4826_length_1591_cov_1.944672	1591	59.46
GC1003827_F11_NODE_4827_length_1591_cov_1.479508	1591	35.76
GC1003827_F11_NODE_4828_length_1590_cov_9.254272	1590	56.23
GC1003827_F11_NODE_4829_length_1590_cov_7.026658	1590	41.45
GC1003827_F11_NODE_4830_length_1590_cov_6.340396	1590	36.67
GC1003827_F11_NODE_4831_length_1590_cov_5.424470	1590	33.02
GC1003827_F11_NODE_4832_length_1590_cov_3.103213	1590	33.14
GC1003827_F11_NODE_4833_length_1590_cov_3.095694	1590	35.35
GC1003827_F11_NODE_4834_length_1590_cov_1.313055	1590	33.08
GC1003827_F11_NODE_4835_length_1589_cov_18.770862	1589	39.02
GC1003827_F11_NODE_4836_length_1589_cov_16.311218	1589	59.85
GC1003827_F11_NODE_4837_length_1589_cov_14.467168	1589	53.74
GC1003827_F11_NODE_4838_length_1589_cov_9.841313	1589	39.77
GC1003827_F11_NODE_4839_length_1589_cov_4.497948	1589	50.79
GC1003827_F11_NODE_4840_length_1589_cov_4.199726	1589	35.62
GC1003827_F11_NODE_4841_length_1589_cov_4.011628	1589	39.33
GC1003827_F11_NODE_4842_length_1589_cov_3.064295	1589	30.40
GC1003827_F11_NODE_4843_length_1589_cov_2.521888	1589	63.25
GC1003827_F11_NODE_4844_length_1589_cov_2.448016	1589	31.78
GC1003827_F11_NODE_4845_length_1589_cov_2.030780	1589	32.41
GC1003827_F11_NODE_4846_length_1588_cov_20.513347	1588	40.37
GC1003827_F11_NODE_4847_length_1588_cov_11.203970	1588	33.25
GC1003827_F11_NODE_4848_length_1588_cov_10.242984	1588	33.19
GC1003827_F11_NODE_4849_length_1588_cov_4.277892	1588	34.01
GC1003827_F11_NODE_4850_length_1588_cov_3.506502	1588	34.01
GC1003827_F11_NODE_4851_length_1588_cov_3.233402	1588	60.14
GC1003827_F11_NODE_4852_length_1587_cov_22.945890	1587	36.04
GC1003827_F11_NODE_4853_length_1587_cov_12.129452	1587	39.07
GC1003827_F11_NODE_4854_length_1587_cov_6.695205	1587	36.04
GC1003827_F11_NODE_4855_length_1587_cov_6.662329	1587	40.14
GC1003827_F11_NODE_4856_length_1587_cov_5.617123	1587	35.98
GC1003827_F11_NODE_4857_length_1587_cov_5.110274	1587	32.58
GC1003827_F11_NODE_4858_length_1587_cov_1.280137	1587	38.82
GC1003827_F11_NODE_4859_length_1586_cov_15.248115	1586	33.48
GC1003827_F11_NODE_4860_length_1586_cov_8.694997	1586	56.68
GC1003827_F11_NODE_4861_length_1586_cov_8.034270	1586	38.84
GC1003827_F11_NODE_4862_length_1586_cov_4.692255	1586	33.23
GC1003827_F11_NODE_4863_length_1586_cov_4.106237	1586	36.25
GC1003827_F11_NODE_4864_length_1586_cov_3.080192	1586	42.94
GC1003827_F11_NODE_4865_length_1585_cov_12.559671	1585	35.96
GC1003827_F11_NODE_4866_length_1585_cov_9.661180	1585	39.94
GC1003827_F11_NODE_4867_length_1585_cov_7.355281	1585	34.76
GC1003827_F11_NODE_4868_length_1585_cov_6.321674	1585	36.78
GC1003827_F11_NODE_4869_length_1585_cov_4.774348	1585	31.99
GC1003827_F11_NODE_4870_length_1585_cov_3.139232	1585	36.21
GC1003827_F11_NODE_4871_length_1585_cov_3.109739	1585	32.93
GC1003827_F11_NODE_4872_length_1585_cov_2.566529	1585	38.68
GC1003827_F11_NODE_4873_length_1585_cov_2.302469	1585	34.70
GC1003827_F11_NODE_4874_length_1585_cov_2.100823	1585	35.02
GC1003827_F11_NODE_4875_length_1585_cov_1.655693	1585	29.09
GC1003827_F11_NODE_4876_length_1585_cov_1.556927	1585	35.02
GC1003827_F11_NODE_4877_length_1585_cov_1.351852	1585	63.03
GC1003827_F11_NODE_4878_length_1584_cov_41.581332	1584	39.77
GC1003827_F11_NODE_4879_length_1584_cov_17.636239	1584	40.53
GC1003827_F11_NODE_4880_length_1584_cov_16.599863	1584	37.06
GC1003827_F11_NODE_4881_length_1584_cov_13.033631	1584	33.46
GC1003827_F11_NODE_4882_length_1584_cov_8.960879	1584	33.59
GC1003827_F11_NODE_4883_length_1584_cov_8.371311	1584	53.54
GC1003827_F11_NODE_4884_length_1584_cov_4.947838	1584	35.73
GC1003827_F11_NODE_4885_length_1584_cov_4.509266	1584	31.31
GC1003827_F11_NODE_4886_length_1584_cov_4.307481	1584	33.90
GC1003827_F11_NODE_4887_length_1584_cov_2.025395	1584	34.60
GC1003827_F11_NODE_4888_length_1584_cov_1.768703	1584	34.47
GC1003827_F11_NODE_4889_length_1583_cov_19.727335	1583	33.67
GC1003827_F11_NODE_4890_length_1583_cov_14.473214	1583	35.63
GC1003827_F11_NODE_4891_length_1583_cov_7.807005	1583	37.08
GC1003827_F11_NODE_4892_length_1583_cov_7.026786	1583	41.31
GC1003827_F11_NODE_4893_length_1583_cov_4.716346	1583	34.55
GC1003827_F11_NODE_4894_length_1583_cov_2.901786	1583	31.90
GC1003827_F11_NODE_4895_length_1583_cov_2.404533	1583	28.87
GC1003827_F11_NODE_4896_length_1582_cov_10.378694	1582	43.55
GC1003827_F11_NODE_4897_length_1582_cov_9.481787	1582	55.82
GC1003827_F11_NODE_4898_length_1582_cov_7.794502	1582	34.96
GC1003827_F11_NODE_4899_length_1582_cov_5.829553	1582	34.77
GC1003827_F11_NODE_4900_length_1582_cov_5.148454	1582	52.59
GC1003827_F11_NODE_4901_length_1582_cov_3.859107	1582	36.16
GC1003827_F11_NODE_4902_length_1582_cov_3.531959	1582	35.40
GC1003827_F11_NODE_4903_length_1582_cov_2.215120	1582	33.63
GC1003827_F11_NODE_4904_length_1582_cov_1.572509	1582	53.98
GC1003827_F11_NODE_4905_length_1581_cov_8.367950	1581	37.00
GC1003827_F11_NODE_4906_length_1581_cov_4.328748	1581	35.74
GC1003827_F11_NODE_4907_length_1581_cov_3.647180	1581	31.44
GC1003827_F11_NODE_4908_length_1581_cov_2.643741	1581	35.17
GC1003827_F11_NODE_4909_length_1581_cov_2.643054	1581	32.70
GC1003827_F11_NODE_4910_length_1581_cov_2.358322	1581	31.88
GC1003827_F11_NODE_4911_length_1580_cov_16.179628	1580	39.75
GC1003827_F11_NODE_4912_length_1580_cov_11.361321	1580	31.52
GC1003827_F11_NODE_4913_length_1580_cov_3.638679	1580	30.70
GC1003827_F11_NODE_4914_length_1580_cov_3.169993	1580	34.43
GC1003827_F11_NODE_4915_length_1580_cov_1.787337	1580	31.08
GC1003827_F11_NODE_4916_length_1580_cov_1.408121	1580	29.81
GC1003827_F11_NODE_4917_length_1579_cov_5.689394	1579	37.62
GC1003827_F11_NODE_4918_length_1579_cov_4.657713	1579	36.04
GC1003827_F11_NODE_4919_length_1579_cov_3.377410	1579	35.91
GC1003827_F11_NODE_4920_length_1579_cov_2.165978	1579	57.19
GC1003827_F11_NODE_4921_length_1578_cov_23.849759	1578	35.61
GC1003827_F11_NODE_4922_length_1578_cov_5.403859	1578	38.59
GC1003827_F11_NODE_4923_length_1578_cov_4.991041	1578	59.89
GC1003827_F11_NODE_4924_length_1578_cov_1.895934	1578	31.18
GC1003827_F11_NODE_4925_length_1577_cov_8.695862	1577	36.27
GC1003827_F11_NODE_4926_length_1577_cov_7.894483	1577	33.10
GC1003827_F11_NODE_4927_length_1577_cov_5.874483	1577	32.21
GC1003827_F11_NODE_4928_length_1577_cov_4.835862	1577	59.23
GC1003827_F11_NODE_4929_length_1577_cov_4.102759	1577	35.38
GC1003827_F11_NODE_4930_length_1577_cov_3.450345	1577	39.06
GC1003827_F11_NODE_4931_length_1577_cov_3.306897	1577	32.40
GC1003827_F11_NODE_4932_length_1577_cov_3.062069	1577	64.49
GC1003827_F11_NODE_4933_length_1577_cov_1.871034	1577	29.87
GC1003827_F11_NODE_4934_length_1576_cov_11.919255	1576	35.79
GC1003827_F11_NODE_4935_length_1576_cov_6.857143	1576	34.58
GC1003827_F11_NODE_4936_length_1576_cov_4.788820	1576	33.63
GC1003827_F11_NODE_4937_length_1576_cov_4.450656	1576	43.53
GC1003827_F11_NODE_4938_length_1576_cov_3.584541	1576	34.45
GC1003827_F11_NODE_4939_length_1576_cov_3.536922	1576	33.88
GC1003827_F11_NODE_4940_length_1576_cov_3.211180	1576	34.58
GC1003827_F11_NODE_4941_length_1576_cov_2.801242	1576	42.13
GC1003827_F11_NODE_4942_length_1575_cov_12.052486	1575	34.60
GC1003827_F11_NODE_4943_length_1575_cov_5.732735	1575	37.33
GC1003827_F11_NODE_4944_length_1575_cov_3.738260	1575	31.30
GC1003827_F11_NODE_4945_length_1575_cov_3.494475	1575	32.51
GC1003827_F11_NODE_4946_length_1575_cov_2.430249	1575	30.22
GC1003827_F11_NODE_4947_length_1575_cov_1.772099	1575	30.86
GC1003827_F11_NODE_4948_length_1574_cov_24.606773	1574	39.58
GC1003827_F11_NODE_4949_length_1574_cov_9.324119	1574	45.30
GC1003827_F11_NODE_4950_length_1574_cov_7.503110	1574	35.20
GC1003827_F11_NODE_4951_length_1574_cov_7.217001	1574	29.86
GC1003827_F11_NODE_4952_length_1574_cov_5.402211	1574	32.97
GC1003827_F11_NODE_4953_length_1574_cov_5.211472	1574	33.93
GC1003827_F11_NODE_4954_length_1574_cov_4.431237	1574	41.23
GC1003827_F11_NODE_4955_length_1574_cov_2.706289	1574	56.23
GC1003827_F11_NODE_4956_length_1573_cov_19.068465	1573	42.72
GC1003827_F11_NODE_4957_length_1573_cov_14.496542	1573	39.86
GC1003827_F11_NODE_4958_length_1573_cov_12.943292	1573	41.00
GC1003827_F11_NODE_4959_length_1573_cov_11.605809	1573	41.39
GC1003827_F11_NODE_4960_length_1573_cov_7.231674	1573	37.64
GC1003827_F11_NODE_4961_length_1573_cov_6.900415	1573	33.31
GC1003827_F11_NODE_4962_length_1573_cov_6.295989	1573	32.80
GC1003827_F11_NODE_4963_length_1573_cov_5.023513	1573	31.85
GC1003827_F11_NODE_4964_length_1573_cov_4.862379	1573	32.93
GC1003827_F11_NODE_4965_length_1573_cov_4.474412	1573	60.46
GC1003827_F11_NODE_4966_length_1573_cov_2.062932	1573	64.02
GC1003827_F11_NODE_4967_length_1572_cov_11.313495	1572	50.00
GC1003827_F11_NODE_4968_length_1572_cov_5.319723	1572	37.28
GC1003827_F11_NODE_4969_length_1572_cov_4.039446	1572	35.37
GC1003827_F11_NODE_4970_length_1572_cov_3.053287	1572	34.61
GC1003827_F11_NODE_4971_length_1572_cov_2.777855	1572	28.63
GC1003827_F11_NODE_4972_length_1572_cov_2.156401	1572	30.09
GC1003827_F11_NODE_4973_length_1571_cov_11.383657	1571	40.29
GC1003827_F11_NODE_4974_length_1571_cov_10.974377	1571	36.60
GC1003827_F11_NODE_4975_length_1571_cov_7.369114	1571	34.50
GC1003827_F11_NODE_4976_length_1571_cov_3.754155	1571	35.20
GC1003827_F11_NODE_4977_length_1571_cov_2.545014	1571	29.73
GC1003827_F11_NODE_4978_length_1571_cov_2.439751	1571	34.69
GC1003827_F11_NODE_4979_length_1571_cov_1.258310	1571	30.11
GC1003827_F11_NODE_4980_length_1570_cov_27.072765	1570	40.06
GC1003827_F11_NODE_4981_length_1570_cov_8.322938	1570	31.34
GC1003827_F11_NODE_4982_length_1570_cov_7.686071	1570	44.20
GC1003827_F11_NODE_4983_length_1570_cov_7.050589	1570	55.73
GC1003827_F11_NODE_4984_length_1570_cov_4.248094	1570	35.86
GC1003827_F11_NODE_4985_length_1570_cov_2.273042	1570	33.57
GC1003827_F11_NODE_4986_length_1570_cov_1.683992	1570	28.73
GC1003827_F11_NODE_4987_length_1569_cov_29.576976	1569	40.73
GC1003827_F11_NODE_4988_length_1569_cov_26.648405	1569	39.52
GC1003827_F11_NODE_4989_length_1569_cov_10.785714	1569	33.91
GC1003827_F11_NODE_4990_length_1569_cov_4.632455	1569	67.05
GC1003827_F11_NODE_4991_length_1569_cov_2.757282	1569	30.98
GC1003827_F11_NODE_4992_length_1569_cov_2.058946	1569	30.21
GC1003827_F11_NODE_4993_length_1569_cov_1.721221	1569	40.85
GC1003827_F11_NODE_4994_length_1568_cov_12.343511	1568	35.78
GC1003827_F11_NODE_4995_length_1568_cov_11.196391	1568	34.69
GC1003827_F11_NODE_4996_length_1568_cov_7.675226	1568	36.48
GC1003827_F11_NODE_4997_length_1568_cov_1.244969	1568	33.86
GC1003827_F11_NODE_4998_length_1567_cov_20.918750	1567	59.86
GC1003827_F11_NODE_4999_length_1567_cov_14.706944	1567	34.40
GC1003827_F11_NODE_5000_length_1567_cov_10.583333	1567	32.55
GC1003827_F11_NODE_5001_length_1567_cov_6.135417	1567	34.84
GC1003827_F11_NODE_5002_length_1567_cov_6.025000	1567	33.18
GC1003827_F11_NODE_5003_length_1567_cov_3.241667	1567	34.33
GC1003827_F11_NODE_5004_length_1566_cov_8.152884	1566	33.78
GC1003827_F11_NODE_5005_length_1566_cov_6.555942	1566	40.49
GC1003827_F11_NODE_5006_length_1566_cov_5.337040	1566	33.65
GC1003827_F11_NODE_5007_length_1566_cov_5.093815	1566	32.95
GC1003827_F11_NODE_5008_length_1566_cov_3.518416	1566	62.26
GC1003827_F11_NODE_5009_length_1566_cov_2.731758	1566	59.58
GC1003827_F11_NODE_5010_length_1566_cov_1.967338	1566	30.65
GC1003827_F11_NODE_5011_length_1565_cov_19.127955	1565	32.65
GC1003827_F11_NODE_5012_length_1565_cov_16.082058	1565	36.74
GC1003827_F11_NODE_5013_length_1565_cov_13.245480	1565	38.91
GC1003827_F11_NODE_5014_length_1565_cov_10.273296	1565	40.19
GC1003827_F11_NODE_5015_length_1565_cov_8.496523	1565	35.65
GC1003827_F11_NODE_5016_length_1565_cov_5.666203	1565	35.27
GC1003827_F11_NODE_5017_length_1565_cov_5.250348	1565	33.67
GC1003827_F11_NODE_5018_length_1565_cov_4.821280	1565	61.53
GC1003827_F11_NODE_5019_length_1565_cov_3.947149	1565	35.97
GC1003827_F11_NODE_5020_length_1565_cov_3.226008	1565	39.42
GC1003827_F11_NODE_5021_length_1565_cov_3.142559	1565	35.85
GC1003827_F11_NODE_5022_length_1565_cov_1.269819	1565	68.37
GC1003827_F11_NODE_5023_length_1564_cov_11.832289	1564	58.89
GC1003827_F11_NODE_5024_length_1564_cov_9.345164	1564	37.92
GC1003827_F11_NODE_5025_length_1564_cov_8.250522	1564	33.95
GC1003827_F11_NODE_5026_length_1564_cov_4.345859	1564	35.23
GC1003827_F11_NODE_5027_length_1564_cov_3.068198	1564	34.34
GC1003827_F11_NODE_5028_length_1564_cov_2.801670	1564	31.39
GC1003827_F11_NODE_5029_length_1564_cov_2.628392	1564	35.29
GC1003827_F11_NODE_5030_length_1563_cov_23.471448	1563	38.39
GC1003827_F11_NODE_5031_length_1563_cov_16.330084	1563	38.84
GC1003827_F11_NODE_5032_length_1563_cov_14.643454	1563	33.78
GC1003827_F11_NODE_5033_length_1563_cov_7.069638	1563	36.34
GC1003827_F11_NODE_5034_length_1563_cov_5.791086	1563	32.31
GC1003827_F11_NODE_5035_length_1563_cov_4.743036	1563	34.04
GC1003827_F11_NODE_5036_length_1563_cov_3.830084	1563	38.64
GC1003827_F11_NODE_5037_length_1563_cov_3.775070	1563	34.93
GC1003827_F11_NODE_5038_length_1563_cov_3.693593	1563	38.77
GC1003827_F11_NODE_5039_length_1563_cov_3.068942	1563	33.08
GC1003827_F11_NODE_5040_length_1563_cov_2.919220	1563	34.10
GC1003827_F11_NODE_5041_length_1562_cov_18.382578	1562	38.54
GC1003827_F11_NODE_5042_length_1562_cov_9.162369	1562	36.17
GC1003827_F11_NODE_5043_length_1562_cov_7.733798	1562	37.64
GC1003827_F11_NODE_5044_length_1562_cov_3.756098	1562	37.13
GC1003827_F11_NODE_5045_length_1562_cov_2.151220	1562	32.07
GC1003827_F11_NODE_5046_length_1562_cov_0.845993	1562	66.84
GC1003827_F11_NODE_5047_length_1561_cov_19.909344	1561	38.57
GC1003827_F11_NODE_5048_length_1561_cov_8.473501	1561	33.12
GC1003827_F11_NODE_5049_length_1561_cov_7.960251	1561	33.76
GC1003827_F11_NODE_5050_length_1561_cov_5.192469	1561	36.90
GC1003827_F11_NODE_5051_length_1561_cov_4.809623	1561	34.85
GC1003827_F11_NODE_5052_length_1561_cov_3.940028	1561	36.32
GC1003827_F11_NODE_5053_length_1561_cov_3.929568	1561	36.00
GC1003827_F11_NODE_5054_length_1561_cov_3.078103	1561	38.24
GC1003827_F11_NODE_5055_length_1561_cov_3.004184	1561	39.72
GC1003827_F11_NODE_5056_length_1561_cov_2.425384	1561	36.00
GC1003827_F11_NODE_5057_length_1561_cov_2.126918	1561	32.74
GC1003827_F11_NODE_5058_length_1561_cov_1.578801	1561	50.99
GC1003827_F11_NODE_5059_length_1560_cov_12.925331	1560	40.51
GC1003827_F11_NODE_5060_length_1560_cov_7.032798	1560	32.69
GC1003827_F11_NODE_5061_length_1560_cov_5.558269	1560	34.29
GC1003827_F11_NODE_5062_length_1560_cov_1.547104	1560	30.71
GC1003827_F11_NODE_5063_length_1559_cov_7.859637	1559	33.93
GC1003827_F11_NODE_5064_length_1559_cov_6.980447	1559	38.23
GC1003827_F11_NODE_5065_length_1559_cov_6.254888	1559	35.54
GC1003827_F11_NODE_5066_length_1559_cov_0.958101	1559	30.15
GC1003827_F11_NODE_5067_length_1558_cov_12.644305	1558	37.55
GC1003827_F11_NODE_5068_length_1558_cov_7.793850	1558	35.49
GC1003827_F11_NODE_5069_length_1558_cov_5.155835	1558	35.43
GC1003827_F11_NODE_5070_length_1558_cov_2.151642	1558	33.44
GC1003827_F11_NODE_5071_length_1557_cov_18.318881	1557	34.10
GC1003827_F11_NODE_5072_length_1557_cov_10.951049	1557	35.26
GC1003827_F11_NODE_5073_length_1557_cov_10.878322	1557	40.01
GC1003827_F11_NODE_5074_length_1557_cov_8.418881	1557	31.66
GC1003827_F11_NODE_5075_length_1557_cov_7.858042	1557	33.98
GC1003827_F11_NODE_5076_length_1557_cov_7.607692	1557	65.38
GC1003827_F11_NODE_5077_length_1557_cov_5.041259	1557	35.39
GC1003827_F11_NODE_5078_length_1557_cov_4.528671	1557	34.17
GC1003827_F11_NODE_5079_length_1556_cov_24.381386	1556	37.92
GC1003827_F11_NODE_5080_length_1556_cov_19.726382	1556	38.24
GC1003827_F11_NODE_5081_length_1556_cov_5.400980	1556	39.72
GC1003827_F11_NODE_5082_length_1556_cov_4.558432	1556	37.28
GC1003827_F11_NODE_5083_length_1556_cov_3.821554	1556	34.51
GC1003827_F11_NODE_5084_length_1556_cov_3.347096	1556	27.70
GC1003827_F11_NODE_5085_length_1556_cov_2.270819	1556	31.88
GC1003827_F11_NODE_5086_length_1556_cov_1.189643	1556	31.30
GC1003827_F11_NODE_5087_length_1555_cov_15.378852	1555	41.03
GC1003827_F11_NODE_5088_length_1555_cov_9.000700	1555	38.91
GC1003827_F11_NODE_5089_length_1555_cov_7.410364	1555	34.53
GC1003827_F11_NODE_5090_length_1555_cov_5.776611	1555	34.08
GC1003827_F11_NODE_5091_length_1555_cov_5.525910	1555	33.12
GC1003827_F11_NODE_5092_length_1555_cov_2.635854	1555	30.42
GC1003827_F11_NODE_5093_length_1554_cov_15.134548	1554	38.48
GC1003827_F11_NODE_5094_length_1554_cov_9.549404	1554	34.11
GC1003827_F11_NODE_5095_length_1554_cov_7.514366	1554	37.13
GC1003827_F11_NODE_5096_length_1554_cov_6.326559	1554	57.40
GC1003827_F11_NODE_5097_length_1554_cov_3.833917	1554	39.38
GC1003827_F11_NODE_5098_length_1554_cov_3.487036	1554	32.37
GC1003827_F11_NODE_5099_length_1554_cov_2.749825	1554	33.78
GC1003827_F11_NODE_5100_length_1554_cov_2.414856	1554	31.85
GC1003827_F11_NODE_5101_length_1554_cov_1.579537	1554	36.10
GC1003827_F11_NODE_5102_length_1553_cov_17.967041	1553	39.47
GC1003827_F11_NODE_5103_length_1553_cov_11.426367	1553	34.26
GC1003827_F11_NODE_5104_length_1553_cov_5.570126	1553	32.78
GC1003827_F11_NODE_5105_length_1553_cov_4.108696	1553	33.81
GC1003827_F11_NODE_5106_length_1553_cov_2.609397	1553	38.57
GC1003827_F11_NODE_5107_length_1553_cov_2.000000	1553	31.42
GC1003827_F11_NODE_5108_length_1553_cov_1.402525	1553	30.84
GC1003827_F11_NODE_5109_length_1553_cov_1.219495	1553	30.20
GC1003827_F11_NODE_5110_length_1553_cov_1.130435	1553	35.61
GC1003827_F11_NODE_5111_length_1552_cov_8.571930	1552	32.54
GC1003827_F11_NODE_5112_length_1552_cov_7.880702	1552	32.09
GC1003827_F11_NODE_5113_length_1552_cov_3.590877	1552	36.92
GC1003827_F11_NODE_5114_length_1551_cov_16.807584	1551	64.54
GC1003827_F11_NODE_5115_length_1551_cov_6.717697	1551	35.40
GC1003827_F11_NODE_5116_length_1551_cov_6.422051	1551	36.04
GC1003827_F11_NODE_5117_length_1551_cov_5.941011	1551	34.75
GC1003827_F11_NODE_5118_length_1551_cov_4.859551	1551	32.69
GC1003827_F11_NODE_5119_length_1551_cov_4.678371	1551	34.88
GC1003827_F11_NODE_5120_length_1551_cov_4.496489	1551	35.20
GC1003827_F11_NODE_5121_length_1551_cov_4.185393	1551	67.31
GC1003827_F11_NODE_5122_length_1551_cov_3.316713	1551	31.33
GC1003827_F11_NODE_5123_length_1550_cov_23.440618	1550	36.45
GC1003827_F11_NODE_5124_length_1550_cov_9.174280	1550	36.32
GC1003827_F11_NODE_5125_length_1550_cov_6.111736	1550	39.03
GC1003827_F11_NODE_5126_length_1550_cov_5.775826	1550	31.94
GC1003827_F11_NODE_5127_length_1550_cov_5.490513	1550	34.26
GC1003827_F11_NODE_5128_length_1550_cov_4.395643	1550	32.06
GC1003827_F11_NODE_5129_length_1550_cov_4.023190	1550	36.19
GC1003827_F11_NODE_5130_length_1550_cov_3.729445	1550	33.61
GC1003827_F11_NODE_5131_length_1550_cov_3.491216	1550	57.87
GC1003827_F11_NODE_5132_length_1550_cov_1.354181	1550	29.48
GC1003827_F11_NODE_5133_length_1549_cov_24.203938	1549	38.73
GC1003827_F11_NODE_5134_length_1549_cov_23.073840	1549	35.83
GC1003827_F11_NODE_5135_length_1549_cov_15.902250	1549	39.70
GC1003827_F11_NODE_5136_length_1549_cov_6.658931	1549	37.06
GC1003827_F11_NODE_5137_length_1549_cov_6.540788	1549	35.05
GC1003827_F11_NODE_5138_length_1549_cov_5.492968	1549	32.02
GC1003827_F11_NODE_5139_length_1549_cov_4.796062	1549	32.41
GC1003827_F11_NODE_5140_length_1549_cov_2.462025	1549	61.27
GC1003827_F11_NODE_5141_length_1549_cov_2.065401	1549	34.54
GC1003827_F11_NODE_5142_length_1548_cov_35.353976	1548	45.99
GC1003827_F11_NODE_5143_length_1548_cov_22.064039	1548	50.84
GC1003827_F11_NODE_5144_length_1548_cov_5.886700	1548	36.24
GC1003827_F11_NODE_5145_length_1548_cov_5.800844	1548	37.53
GC1003827_F11_NODE_5146_length_1548_cov_3.519353	1548	32.17
GC1003827_F11_NODE_5147_length_1548_cov_2.491203	1548	30.81
GC1003827_F11_NODE_5148_length_1548_cov_2.109782	1548	34.75
GC1003827_F11_NODE_5149_length_1548_cov_1.364532	1548	33.01
GC1003827_F11_NODE_5150_length_1547_cov_14.578169	1547	35.42
GC1003827_F11_NODE_5151_length_1547_cov_11.750704	1547	59.41
GC1003827_F11_NODE_5152_length_1547_cov_8.623944	1547	36.85
GC1003827_F11_NODE_5153_length_1547_cov_8.478169	1547	34.26
GC1003827_F11_NODE_5154_length_1547_cov_5.213380	1547	56.69
GC1003827_F11_NODE_5155_length_1547_cov_3.597887	1547	37.56
GC1003827_F11_NODE_5156_length_1547_cov_3.259155	1547	61.22
GC1003827_F11_NODE_5157_length_1547_cov_2.319014	1547	34.52
GC1003827_F11_NODE_5158_length_1547_cov_2.222535	1547	35.81
GC1003827_F11_NODE_5159_length_1547_cov_1.831690	1547	30.58
GC1003827_F11_NODE_5160_length_1546_cov_16.403805	1546	35.77
GC1003827_F11_NODE_5161_length_1546_cov_8.844257	1546	36.68
GC1003827_F11_NODE_5162_length_1546_cov_6.286117	1546	32.60
GC1003827_F11_NODE_5163_length_1546_cov_5.797745	1546	34.48
GC1003827_F11_NODE_5164_length_1546_cov_4.558140	1546	40.56
GC1003827_F11_NODE_5165_length_1546_cov_3.969697	1546	35.64
GC1003827_F11_NODE_5166_length_1546_cov_3.685694	1546	32.21
GC1003827_F11_NODE_5167_length_1546_cov_2.150106	1546	37.77
GC1003827_F11_NODE_5168_length_1545_cov_15.060649	1545	36.76
GC1003827_F11_NODE_5169_length_1545_cov_13.496474	1545	34.17
GC1003827_F11_NODE_5170_length_1545_cov_4.026093	1545	34.43
GC1003827_F11_NODE_5171_length_1545_cov_3.040903	1545	51.46
GC1003827_F11_NODE_5172_length_1545_cov_2.945698	1545	36.38
GC1003827_F11_NODE_5173_length_1545_cov_2.232722	1545	35.34
GC1003827_F11_NODE_5174_length_1545_cov_1.882228	1545	31.52
GC1003827_F11_NODE_5175_length_1544_cov_7.278758	1544	36.85
GC1003827_F11_NODE_5176_length_1544_cov_4.343684	1544	31.15
GC1003827_F11_NODE_5177_length_1544_cov_3.350035	1544	44.11
GC1003827_F11_NODE_5178_length_1544_cov_2.167960	1544	32.32
GC1003827_F11_NODE_5179_length_1544_cov_1.767819	1544	28.56
GC1003827_F11_NODE_5180_length_1544_cov_1.168666	1544	40.09
GC1003827_F11_NODE_5181_length_1543_cov_13.327684	1543	36.94
GC1003827_F11_NODE_5182_length_1543_cov_8.767655	1543	35.97
GC1003827_F11_NODE_5183_length_1543_cov_7.704802	1543	35.97
GC1003827_F11_NODE_5184_length_1543_cov_7.436441	1543	51.65
GC1003827_F11_NODE_5185_length_1543_cov_7.399718	1543	34.48
GC1003827_F11_NODE_5186_length_1543_cov_5.029661	1543	32.53
GC1003827_F11_NODE_5187_length_1543_cov_4.826271	1543	39.66
GC1003827_F11_NODE_5188_length_1543_cov_3.872881	1543	33.18
GC1003827_F11_NODE_5189_length_1543_cov_3.170198	1543	32.79
GC1003827_F11_NODE_5190_length_1543_cov_3.105932	1543	32.53
GC1003827_F11_NODE_5191_length_1542_cov_7.472792	1542	34.24
GC1003827_F11_NODE_5192_length_1542_cov_5.427562	1542	49.16
GC1003827_F11_NODE_5193_length_1542_cov_5.073498	1542	63.10
GC1003827_F11_NODE_5194_length_1542_cov_4.993640	1542	54.93
GC1003827_F11_NODE_5195_length_1542_cov_3.559717	1542	34.89
GC1003827_F11_NODE_5196_length_1542_cov_2.192226	1542	34.82
GC1003827_F11_NODE_5197_length_1542_cov_1.660071	1542	30.22
GC1003827_F11_NODE_5198_length_1541_cov_10.641443	1541	37.38
GC1003827_F11_NODE_5199_length_1541_cov_9.890382	1541	38.29
GC1003827_F11_NODE_5200_length_1541_cov_5.806931	1541	66.77
GC1003827_F11_NODE_5201_length_1541_cov_5.412306	1541	52.43
GC1003827_F11_NODE_5202_length_1541_cov_4.320368	1541	38.48
GC1003827_F11_NODE_5203_length_1541_cov_4.108204	1541	33.42
GC1003827_F11_NODE_5204_length_1541_cov_2.864215	1541	37.77
GC1003827_F11_NODE_5205_length_1541_cov_2.653465	1541	38.61
GC1003827_F11_NODE_5206_length_1541_cov_2.237624	1541	32.71
GC1003827_F11_NODE_5207_length_1540_cov_14.486200	1540	38.12
GC1003827_F11_NODE_5208_length_1540_cov_11.922859	1540	32.60
GC1003827_F11_NODE_5209_length_1540_cov_11.621373	1540	41.95
GC1003827_F11_NODE_5210_length_1540_cov_10.821656	1540	37.40
GC1003827_F11_NODE_5211_length_1540_cov_9.001415	1540	37.92
GC1003827_F11_NODE_5212_length_1540_cov_8.273885	1540	65.00
GC1003827_F11_NODE_5213_length_1540_cov_5.607219	1540	36.82
GC1003827_F11_NODE_5214_length_1540_cov_3.878981	1540	32.60
GC1003827_F11_NODE_5215_length_1540_cov_2.963199	1540	37.53
GC1003827_F11_NODE_5216_length_1540_cov_2.282378	1540	30.58
GC1003827_F11_NODE_5217_length_1540_cov_1.556971	1540	72.92
GC1003827_F11_NODE_5218_length_1539_cov_8.597025	1539	33.79
GC1003827_F11_NODE_5219_length_1539_cov_5.087110	1539	38.27
GC1003827_F11_NODE_5220_length_1539_cov_3.675637	1539	49.77
GC1003827_F11_NODE_5221_length_1539_cov_3.444051	1539	34.24
GC1003827_F11_NODE_5222_length_1539_cov_1.934136	1539	29.69
GC1003827_F11_NODE_5223_length_1539_cov_1.727337	1539	57.89
GC1003827_F11_NODE_5224_length_1538_cov_11.099220	1538	31.27
GC1003827_F11_NODE_5225_length_1538_cov_7.832034	1538	33.75
GC1003827_F11_NODE_5226_length_1538_cov_4.167257	1538	32.38
GC1003827_F11_NODE_5227_length_1537_cov_8.446809	1537	35.85
GC1003827_F11_NODE_5228_length_1537_cov_8.207092	1537	37.22
GC1003827_F11_NODE_5229_length_1537_cov_8.078723	1537	29.41
GC1003827_F11_NODE_5230_length_1537_cov_7.871631	1537	46.13
GC1003827_F11_NODE_5231_length_1537_cov_7.607092	1537	33.70
GC1003827_F11_NODE_5232_length_1537_cov_7.227660	1537	33.31
GC1003827_F11_NODE_5233_length_1537_cov_7.110638	1537	30.71
GC1003827_F11_NODE_5234_length_1537_cov_6.100000	1537	34.48
GC1003827_F11_NODE_5235_length_1537_cov_6.000000	1537	31.62
GC1003827_F11_NODE_5236_length_1537_cov_5.342553	1537	32.40
GC1003827_F11_NODE_5237_length_1537_cov_4.979433	1537	35.00
GC1003827_F11_NODE_5238_length_1537_cov_3.718440	1537	33.05
GC1003827_F11_NODE_5239_length_1536_cov_15.838893	1536	35.29
GC1003827_F11_NODE_5240_length_1536_cov_1.947480	1536	57.94
GC1003827_F11_NODE_5241_length_1535_cov_37.808239	1535	40.65
GC1003827_F11_NODE_5242_length_1535_cov_11.082386	1535	37.59
GC1003827_F11_NODE_5243_length_1535_cov_6.012074	1535	32.12
GC1003827_F11_NODE_5244_length_1535_cov_3.048295	1535	32.05
GC1003827_F11_NODE_5245_length_1535_cov_2.792614	1535	58.37
GC1003827_F11_NODE_5246_length_1535_cov_2.431818	1535	31.79
GC1003827_F11_NODE_5247_length_1535_cov_0.732955	1535	41.76
GC1003827_F11_NODE_5248_length_1534_cov_13.066098	1534	37.48
GC1003827_F11_NODE_5249_length_1534_cov_13.029140	1534	33.96
GC1003827_F11_NODE_5250_length_1534_cov_8.757640	1534	38.72
GC1003827_F11_NODE_5251_length_1534_cov_5.862118	1534	59.78
GC1003827_F11_NODE_5252_length_1534_cov_4.911158	1534	34.42
GC1003827_F11_NODE_5253_length_1534_cov_3.781095	1534	40.42
GC1003827_F11_NODE_5254_length_1534_cov_3.770434	1534	36.38
GC1003827_F11_NODE_5255_length_1534_cov_2.735608	1534	37.81
GC1003827_F11_NODE_5256_length_1534_cov_2.261549	1534	29.40
GC1003827_F11_NODE_5257_length_1533_cov_20.342817	1533	39.73
GC1003827_F11_NODE_5258_length_1533_cov_10.394737	1533	34.38
GC1003827_F11_NODE_5259_length_1533_cov_8.648649	1533	38.29
GC1003827_F11_NODE_5260_length_1533_cov_5.280228	1533	35.49
GC1003827_F11_NODE_5261_length_1533_cov_2.137980	1533	31.83
GC1003827_F11_NODE_5262_length_1532_cov_10.164413	1532	56.98
GC1003827_F11_NODE_5263_length_1532_cov_4.195730	1532	35.57
GC1003827_F11_NODE_5264_length_1532_cov_4.059786	1532	34.46
GC1003827_F11_NODE_5265_length_1532_cov_3.868327	1532	32.57
GC1003827_F11_NODE_5266_length_1532_cov_3.247687	1532	36.75
GC1003827_F11_NODE_5267_length_1532_cov_3.083986	1532	35.97
GC1003827_F11_NODE_5268_length_1532_cov_2.511032	1532	31.79
GC1003827_F11_NODE_5269_length_1532_cov_1.140214	1532	28.85
GC1003827_F11_NODE_5270_length_1531_cov_8.061254	1531	53.04
GC1003827_F11_NODE_5271_length_1531_cov_7.954416	1531	42.65
GC1003827_F11_NODE_5272_length_1531_cov_4.399573	1531	38.28
GC1003827_F11_NODE_5273_length_1531_cov_3.853276	1531	33.05
GC1003827_F11_NODE_5274_length_1531_cov_3.139601	1531	34.29
GC1003827_F11_NODE_5275_length_1531_cov_2.693020	1531	36.71
GC1003827_F11_NODE_5276_length_1531_cov_1.967949	1531	29.85
GC1003827_F11_NODE_5277_length_1531_cov_1.512821	1531	28.28
GC1003827_F11_NODE_5278_length_1530_cov_11.076978	1530	37.65
GC1003827_F11_NODE_5279_length_1530_cov_5.894512	1530	42.03
GC1003827_F11_NODE_5280_length_1530_cov_5.877406	1530	35.42
GC1003827_F11_NODE_5281_length_1530_cov_5.784747	1530	35.29
GC1003827_F11_NODE_5282_length_1530_cov_4.860299	1530	33.33
GC1003827_F11_NODE_5283_length_1530_cov_4.802566	1530	34.38
GC1003827_F11_NODE_5284_length_1530_cov_4.255167	1530	56.47
GC1003827_F11_NODE_5285_length_1529_cov_9.037803	1529	34.53
GC1003827_F11_NODE_5286_length_1529_cov_5.756063	1529	33.94
GC1003827_F11_NODE_5287_length_1529_cov_5.753923	1529	32.64
GC1003827_F11_NODE_5288_length_1529_cov_4.768902	1529	42.32
GC1003827_F11_NODE_5289_length_1529_cov_2.460770	1529	34.14
GC1003827_F11_NODE_5290_length_1529_cov_2.129815	1529	27.93
GC1003827_F11_NODE_5291_length_1529_cov_1.861626	1529	35.91
GC1003827_F11_NODE_5292_length_1529_cov_1.468616	1529	50.16
GC1003827_F11_NODE_5293_length_1528_cov_3.699500	1528	32.92
GC1003827_F11_NODE_5294_length_1528_cov_3.229836	1528	65.71
GC1003827_F11_NODE_5295_length_1528_cov_3.105639	1528	65.77
GC1003827_F11_NODE_5296_length_1528_cov_2.144183	1528	37.83
GC1003827_F11_NODE_5297_length_1528_cov_1.556745	1528	33.38
GC1003827_F11_NODE_5298_length_1528_cov_0.815846	1528	29.91
GC1003827_F11_NODE_5299_length_1527_cov_8.174286	1527	35.10
GC1003827_F11_NODE_5300_length_1527_cov_5.206429	1527	63.52
GC1003827_F11_NODE_5301_length_1527_cov_3.562143	1527	36.54
GC1003827_F11_NODE_5302_length_1527_cov_3.163571	1527	39.88
GC1003827_F11_NODE_5303_length_1527_cov_2.007143	1527	53.96
GC1003827_F11_NODE_5304_length_1527_cov_1.730000	1527	31.83
GC1003827_F11_NODE_5305_length_1527_cov_1.368571	1527	33.66
GC1003827_F11_NODE_5306_length_1526_cov_25.654039	1526	37.94
GC1003827_F11_NODE_5307_length_1526_cov_16.880629	1526	34.93
GC1003827_F11_NODE_5308_length_1526_cov_14.197284	1526	37.94
GC1003827_F11_NODE_5309_length_1526_cov_8.056469	1526	35.52
GC1003827_F11_NODE_5310_length_1526_cov_7.595425	1526	36.11
GC1003827_F11_NODE_5311_length_1526_cov_5.876340	1526	35.58
GC1003827_F11_NODE_5312_length_1526_cov_5.467477	1526	40.24
GC1003827_F11_NODE_5313_length_1526_cov_3.822731	1526	36.37
GC1003827_F11_NODE_5314_length_1525_cov_11.047926	1525	36.39
GC1003827_F11_NODE_5315_length_1525_cov_9.393419	1525	41.18
GC1003827_F11_NODE_5316_length_1525_cov_6.285408	1525	30.23
GC1003827_F11_NODE_5317_length_1525_cov_5.929900	1525	56.26
GC1003827_F11_NODE_5318_length_1525_cov_4.743920	1525	32.85
GC1003827_F11_NODE_5319_length_1525_cov_4.633763	1525	29.18
GC1003827_F11_NODE_5320_length_1525_cov_4.203863	1525	32.85
GC1003827_F11_NODE_5321_length_1525_cov_4.134478	1525	32.98
GC1003827_F11_NODE_5322_length_1525_cov_4.125179	1525	34.36
GC1003827_F11_NODE_5323_length_1525_cov_3.959227	1525	31.08
GC1003827_F11_NODE_5324_length_1525_cov_3.062947	1525	32.79
GC1003827_F11_NODE_5325_length_1525_cov_2.819742	1525	36.52
GC1003827_F11_NODE_5326_length_1525_cov_2.592275	1525	38.36
GC1003827_F11_NODE_5327_length_1524_cov_24.933429	1524	40.49
GC1003827_F11_NODE_5328_length_1524_cov_6.286328	1524	36.35
GC1003827_F11_NODE_5329_length_1524_cov_3.949177	1524	35.43
GC1003827_F11_NODE_5330_length_1524_cov_3.660702	1524	31.69
GC1003827_F11_NODE_5331_length_1524_cov_2.596994	1524	33.86
GC1003827_F11_NODE_5332_length_1524_cov_1.110952	1524	65.22
GC1003827_F11_NODE_5333_length_1523_cov_17.892550	1523	36.64
GC1003827_F11_NODE_5334_length_1523_cov_9.165473	1523	42.74
GC1003827_F11_NODE_5335_length_1523_cov_6.580946	1523	35.06
GC1003827_F11_NODE_5336_length_1523_cov_4.987822	1523	35.13
GC1003827_F11_NODE_5337_length_1523_cov_3.696275	1523	54.43
GC1003827_F11_NODE_5338_length_1523_cov_3.524355	1523	46.95
GC1003827_F11_NODE_5339_length_1523_cov_3.176218	1523	35.78
GC1003827_F11_NODE_5340_length_1523_cov_1.534384	1523	40.05
GC1003827_F11_NODE_5341_length_1522_cov_13.663799	1522	47.50
GC1003827_F11_NODE_5342_length_1522_cov_10.741219	1522	39.29
GC1003827_F11_NODE_5343_length_1522_cov_8.695341	1522	34.63
GC1003827_F11_NODE_5344_length_1522_cov_5.121147	1522	36.01
GC1003827_F11_NODE_5345_length_1522_cov_4.543369	1522	42.38
GC1003827_F11_NODE_5346_length_1522_cov_3.629391	1522	36.14
GC1003827_F11_NODE_5347_length_1522_cov_3.469534	1522	33.57
GC1003827_F11_NODE_5348_length_1522_cov_3.063799	1522	36.86
GC1003827_F11_NODE_5349_length_1522_cov_2.225090	1522	31.60
GC1003827_F11_NODE_5350_length_1521_cov_15.154232	1521	36.82
GC1003827_F11_NODE_5351_length_1521_cov_13.256815	1521	34.19
GC1003827_F11_NODE_5352_length_1521_cov_9.309182	1521	35.77
GC1003827_F11_NODE_5353_length_1521_cov_9.245337	1521	38.07
GC1003827_F11_NODE_5354_length_1521_cov_8.058106	1521	34.12
GC1003827_F11_NODE_5355_length_1521_cov_5.949067	1521	32.74
GC1003827_F11_NODE_5356_length_1521_cov_4.823529	1521	31.10
GC1003827_F11_NODE_5357_length_1521_cov_3.475610	1521	34.85
GC1003827_F11_NODE_5358_length_1521_cov_2.784792	1521	31.03
GC1003827_F11_NODE_5359_length_1521_cov_2.664275	1521	36.23
GC1003827_F11_NODE_5360_length_1521_cov_2.032999	1521	32.61
GC1003827_F11_NODE_5361_length_1520_cov_16.412060	1520	34.21
GC1003827_F11_NODE_5362_length_1520_cov_12.377602	1520	42.57
GC1003827_F11_NODE_5363_length_1520_cov_11.763819	1520	30.59
GC1003827_F11_NODE_5364_length_1520_cov_8.119167	1520	40.13
GC1003827_F11_NODE_5365_length_1520_cov_4.465183	1520	28.68
GC1003827_F11_NODE_5366_length_1520_cov_3.432161	1520	37.30
GC1003827_F11_NODE_5367_length_1520_cov_2.271357	1520	30.59
GC1003827_F11_NODE_5368_length_1520_cov_1.795406	1520	29.74
GC1003827_F11_NODE_5369_length_1519_cov_6.795977	1519	42.00
GC1003827_F11_NODE_5370_length_1519_cov_6.485632	1519	45.16
GC1003827_F11_NODE_5371_length_1519_cov_6.102730	1519	36.73
GC1003827_F11_NODE_5372_length_1519_cov_5.945402	1519	38.18
GC1003827_F11_NODE_5373_length_1519_cov_3.727011	1519	32.72
GC1003827_F11_NODE_5374_length_1519_cov_1.311063	1519	65.64
GC1003827_F11_NODE_5375_length_1518_cov_16.363767	1518	34.98
GC1003827_F11_NODE_5376_length_1518_cov_15.084831	1518	40.51
GC1003827_F11_NODE_5377_length_1518_cov_7.996405	1518	35.18
GC1003827_F11_NODE_5378_length_1518_cov_7.992092	1518	35.77
GC1003827_F11_NODE_5379_length_1518_cov_6.790798	1518	31.23
GC1003827_F11_NODE_5380_length_1518_cov_4.854062	1518	34.52
GC1003827_F11_NODE_5381_length_1518_cov_3.374551	1518	60.01
GC1003827_F11_NODE_5382_length_1518_cov_3.079799	1518	31.42
GC1003827_F11_NODE_5383_length_1517_cov_7.794245	1517	39.95
GC1003827_F11_NODE_5384_length_1517_cov_6.556835	1517	47.26
GC1003827_F11_NODE_5385_length_1517_cov_5.635252	1517	36.65
GC1003827_F11_NODE_5386_length_1517_cov_5.070504	1517	30.32
GC1003827_F11_NODE_5387_length_1517_cov_4.301439	1517	33.22
GC1003827_F11_NODE_5388_length_1517_cov_3.658993	1517	35.33
GC1003827_F11_NODE_5389_length_1517_cov_3.178417	1517	28.68
GC1003827_F11_NODE_5390_length_1517_cov_2.546043	1517	33.03
GC1003827_F11_NODE_5391_length_1517_cov_2.506475	1517	40.94
GC1003827_F11_NODE_5392_length_1517_cov_2.093525	1517	31.11
GC1003827_F11_NODE_5393_length_1516_cov_16.848092	1516	36.02
GC1003827_F11_NODE_5394_length_1516_cov_7.669546	1516	34.96
GC1003827_F11_NODE_5395_length_1516_cov_7.094312	1516	32.12
GC1003827_F11_NODE_5396_length_1516_cov_5.031677	1516	37.47
GC1003827_F11_NODE_5397_length_1516_cov_2.632109	1516	37.47
GC1003827_F11_NODE_5398_length_1515_cov_24.346542	1515	39.01
GC1003827_F11_NODE_5399_length_1515_cov_10.556916	1515	30.96
GC1003827_F11_NODE_5400_length_1515_cov_8.481988	1515	32.41
GC1003827_F11_NODE_5401_length_1515_cov_6.301153	1515	57.43
GC1003827_F11_NODE_5402_length_1515_cov_6.238473	1515	34.79
GC1003827_F11_NODE_5403_length_1515_cov_5.881844	1515	36.83
GC1003827_F11_NODE_5404_length_1515_cov_5.841499	1515	34.72
GC1003827_F11_NODE_5405_length_1515_cov_5.458934	1515	58.88
GC1003827_F11_NODE_5406_length_1515_cov_4.021614	1515	40.26
GC1003827_F11_NODE_5407_length_1515_cov_3.963256	1515	36.30
GC1003827_F11_NODE_5408_length_1515_cov_3.721182	1515	35.71
GC1003827_F11_NODE_5409_length_1515_cov_3.337176	1515	34.39
GC1003827_F11_NODE_5410_length_1515_cov_2.139769	1515	35.58
GC1003827_F11_NODE_5411_length_1514_cov_8.852920	1514	30.18
GC1003827_F11_NODE_5412_length_1514_cov_7.785148	1514	31.90
GC1003827_F11_NODE_5413_length_1514_cov_7.174477	1514	51.92
GC1003827_F11_NODE_5414_length_1514_cov_5.440519	1514	34.94
GC1003827_F11_NODE_5415_length_1514_cov_5.077145	1514	34.87
GC1003827_F11_NODE_5416_length_1514_cov_4.857967	1514	30.18
GC1003827_F11_NODE_5417_length_1514_cov_4.489546	1514	35.40
GC1003827_F11_NODE_5418_length_1514_cov_3.774333	1514	40.82
GC1003827_F11_NODE_5419_length_1514_cov_0.817592	1514	67.11
GC1003827_F11_NODE_5420_length_1513_cov_11.127706	1513	34.63
GC1003827_F11_NODE_5421_length_1513_cov_6.219336	1513	32.39
GC1003827_F11_NODE_5422_length_1513_cov_3.485570	1513	31.06
GC1003827_F11_NODE_5423_length_1513_cov_3.401876	1513	32.52
GC1003827_F11_NODE_5424_length_1513_cov_2.008658	1513	31.26
GC1003827_F11_NODE_5425_length_1513_cov_1.826840	1513	32.52
GC1003827_F11_NODE_5426_length_1513_cov_1.717893	1513	35.36
GC1003827_F11_NODE_5427_length_1512_cov_11.998556	1512	33.00
GC1003827_F11_NODE_5428_length_1512_cov_9.753069	1512	32.87
GC1003827_F11_NODE_5429_length_1512_cov_5.529964	1512	34.52
GC1003827_F11_NODE_5430_length_1512_cov_3.804332	1512	29.43
GC1003827_F11_NODE_5431_length_1512_cov_3.454152	1512	30.56
GC1003827_F11_NODE_5432_length_1512_cov_1.263538	1512	30.95
GC1003827_F11_NODE_5433_length_1511_cov_16.564306	1511	41.63
GC1003827_F11_NODE_5434_length_1511_cov_11.552746	1511	32.16
GC1003827_F11_NODE_5435_length_1511_cov_9.526012	1511	54.86
GC1003827_F11_NODE_5436_length_1511_cov_9.265173	1511	37.00
GC1003827_F11_NODE_5437_length_1511_cov_7.544798	1511	36.07
GC1003827_F11_NODE_5438_length_1511_cov_6.473988	1511	37.66
GC1003827_F11_NODE_5439_length_1511_cov_4.984827	1511	51.62
GC1003827_F11_NODE_5440_length_1511_cov_4.373555	1511	29.12
GC1003827_F11_NODE_5441_length_1511_cov_3.244220	1511	49.17
GC1003827_F11_NODE_5442_length_1511_cov_2.794798	1511	30.77
GC1003827_F11_NODE_5443_length_1511_cov_2.711705	1511	35.54
GC1003827_F11_NODE_5444_length_1511_cov_2.100434	1511	33.62
GC1003827_F11_NODE_5445_length_1510_cov_10.216920	1510	31.79
GC1003827_F11_NODE_5446_length_1510_cov_9.392625	1510	35.03
GC1003827_F11_NODE_5447_length_1510_cov_5.514100	1510	32.78
GC1003827_F11_NODE_5448_length_1510_cov_4.764281	1510	36.16
GC1003827_F11_NODE_5449_length_1510_cov_3.279826	1510	33.71
GC1003827_F11_NODE_5450_length_1510_cov_2.941432	1510	30.73
GC1003827_F11_NODE_5451_length_1510_cov_1.904555	1510	31.06
GC1003827_F11_NODE_5452_length_1509_cov_13.529667	1509	38.97
GC1003827_F11_NODE_5453_length_1509_cov_8.763386	1509	39.56
GC1003827_F11_NODE_5454_length_1509_cov_8.178726	1509	62.62
GC1003827_F11_NODE_5455_length_1509_cov_3.785818	1509	36.45
GC1003827_F11_NODE_5456_length_1509_cov_3.034009	1509	30.88
GC1003827_F11_NODE_5457_length_1508_cov_8.234613	1508	36.60
GC1003827_F11_NODE_5458_length_1508_cov_4.467777	1508	32.16
GC1003827_F11_NODE_5459_length_1508_cov_1.186097	1508	54.05
GC1003827_F11_NODE_5460_length_1508_cov_1.078204	1508	30.97
GC1003827_F11_NODE_5461_length_1508_cov_0.868936	1508	33.75
GC1003827_F11_NODE_5462_length_1507_cov_8.765942	1507	33.11
GC1003827_F11_NODE_5463_length_1507_cov_8.673188	1507	38.55
GC1003827_F11_NODE_5464_length_1507_cov_5.919565	1507	59.65
GC1003827_F11_NODE_5465_length_1507_cov_4.926812	1507	38.16
GC1003827_F11_NODE_5466_length_1506_cov_43.319797	1506	38.31
GC1003827_F11_NODE_5467_length_1506_cov_12.095722	1506	32.47
GC1003827_F11_NODE_5468_length_1506_cov_7.755620	1506	32.80
GC1003827_F11_NODE_5469_length_1506_cov_4.398115	1506	36.59
GC1003827_F11_NODE_5470_length_1505_cov_30.550073	1505	38.14
GC1003827_F11_NODE_5471_length_1505_cov_17.801887	1505	38.34
GC1003827_F11_NODE_5472_length_1505_cov_10.046444	1505	37.48
GC1003827_F11_NODE_5473_length_1505_cov_7.531930	1505	32.96
GC1003827_F11_NODE_5474_length_1505_cov_6.671263	1505	36.54
GC1003827_F11_NODE_5475_length_1505_cov_6.520319	1505	33.16
GC1003827_F11_NODE_5476_length_1505_cov_5.854136	1505	61.00
GC1003827_F11_NODE_5477_length_1505_cov_4.674165	1505	34.02
GC1003827_F11_NODE_5478_length_1505_cov_4.005806	1505	32.23
GC1003827_F11_NODE_5479_length_1505_cov_3.803338	1505	32.69
GC1003827_F11_NODE_5480_length_1505_cov_3.227866	1505	33.42
GC1003827_F11_NODE_5481_length_1505_cov_2.947025	1505	54.09
GC1003827_F11_NODE_5482_length_1505_cov_1.819303	1505	32.89
GC1003827_F11_NODE_5483_length_1505_cov_1.144412	1505	31.36
GC1003827_F11_NODE_5484_length_1504_cov_16.590414	1504	38.03
GC1003827_F11_NODE_5485_length_1504_cov_6.989833	1504	36.77
GC1003827_F11_NODE_5486_length_1504_cov_5.370370	1504	39.30
GC1003827_F11_NODE_5487_length_1504_cov_4.922295	1504	35.04
GC1003827_F11_NODE_5488_length_1504_cov_3.984749	1504	36.24
GC1003827_F11_NODE_5489_length_1504_cov_2.938272	1504	31.78
GC1003827_F11_NODE_5490_length_1504_cov_2.120552	1504	33.11
GC1003827_F11_NODE_5491_length_1504_cov_1.251997	1504	38.63
GC1003827_F11_NODE_5492_length_1503_cov_23.288517	1503	40.05
GC1003827_F11_NODE_5493_length_1503_cov_9.132267	1503	33.47
GC1003827_F11_NODE_5494_length_1503_cov_8.202762	1503	33.60
GC1003827_F11_NODE_5495_length_1503_cov_8.194767	1503	32.73
GC1003827_F11_NODE_5496_length_1503_cov_7.170058	1503	34.46
GC1003827_F11_NODE_5497_length_1503_cov_5.984012	1503	34.00
GC1003827_F11_NODE_5498_length_1503_cov_3.722384	1503	50.90
GC1003827_F11_NODE_5499_length_1503_cov_2.659884	1503	32.87
GC1003827_F11_NODE_5500_length_1503_cov_2.337936	1503	35.73
GC1003827_F11_NODE_5501_length_1503_cov_1.024709	1503	30.01
GC1003827_F11_NODE_5502_length_1502_cov_13.264000	1502	34.55
GC1003827_F11_NODE_5503_length_1502_cov_12.234909	1502	36.62
GC1003827_F11_NODE_5504_length_1502_cov_10.296000	1502	42.08
GC1003827_F11_NODE_5505_length_1502_cov_9.609455	1502	35.95
GC1003827_F11_NODE_5506_length_1502_cov_7.051636	1502	53.06
GC1003827_F11_NODE_5507_length_1502_cov_6.336000	1502	39.28
GC1003827_F11_NODE_5508_length_1502_cov_4.048000	1502	36.15
GC1003827_F11_NODE_5509_length_1502_cov_4.046545	1502	37.68
GC1003827_F11_NODE_5510_length_1502_cov_3.944727	1502	31.56
GC1003827_F11_NODE_5511_length_1502_cov_1.563636	1502	33.69
GC1003827_F11_NODE_5512_length_1501_cov_13.943959	1501	36.04
GC1003827_F11_NODE_5513_length_1501_cov_9.408297	1501	39.51
GC1003827_F11_NODE_5514_length_1501_cov_3.730713	1501	39.91
GC1003827_F11_NODE_5515_length_1501_cov_2.342067	1501	29.98
GC1003827_F11_NODE_5516_length_1501_cov_2.040757	1501	29.31
GC1003827_F11_NODE_5517_length_1500_cov_24.252003	1500	30.07
GC1003827_F11_NODE_5518_length_1500_cov_7.602331	1500	48.40
GC1003827_F11_NODE_5519_length_1500_cov_4.230153	1500	38.87
GC1003827_F11_NODE_5520_length_1500_cov_2.091042	1500	33.60
GC1003827_F11_NODE_5521_length_1500_cov_1.517844	1500	43.13
GC1003827_F11_NODE_5522_length_1500_cov_1.348871	1500	27.60
GC1003827_F11_NODE_5523_length_1499_cov_12.973761	1499	39.16
GC1003827_F11_NODE_5524_length_1499_cov_7.190962	1499	34.02
GC1003827_F11_NODE_5525_length_1499_cov_7.182945	1499	35.89
GC1003827_F11_NODE_5526_length_1499_cov_6.774052	1499	37.76
GC1003827_F11_NODE_5527_length_1499_cov_4.706997	1499	45.83
GC1003827_F11_NODE_5528_length_1499_cov_4.263848	1499	59.44
GC1003827_F11_NODE_5529_length_1499_cov_2.948980	1499	37.02
GC1003827_F11_NODE_5530_length_1499_cov_2.639942	1499	32.69
GC1003827_F11_NODE_5531_length_1499_cov_2.472303	1499	33.82
GC1003827_F11_NODE_5532_length_1498_cov_10.080963	1498	39.92
GC1003827_F11_NODE_5533_length_1498_cov_6.741065	1498	43.32
GC1003827_F11_NODE_5534_length_1498_cov_6.370532	1498	37.32
GC1003827_F11_NODE_5535_length_1498_cov_4.659373	1498	37.25
GC1003827_F11_NODE_5536_length_1498_cov_0.905908	1498	33.91
GC1003827_F11_NODE_5537_length_1497_cov_10.794891	1497	33.60
GC1003827_F11_NODE_5538_length_1497_cov_8.049635	1497	32.60
GC1003827_F11_NODE_5539_length_1497_cov_5.999270	1497	36.07
GC1003827_F11_NODE_5540_length_1497_cov_5.339416	1497	32.13
GC1003827_F11_NODE_5541_length_1497_cov_4.985401	1497	37.21
GC1003827_F11_NODE_5542_length_1497_cov_4.788321	1497	31.33
GC1003827_F11_NODE_5543_length_1497_cov_3.481752	1497	36.87
GC1003827_F11_NODE_5544_length_1497_cov_2.440146	1497	31.26
GC1003827_F11_NODE_5545_length_1497_cov_2.146715	1497	32.06
GC1003827_F11_NODE_5546_length_1497_cov_1.856934	1497	60.39
GC1003827_F11_NODE_5547_length_1496_cov_18.669102	1496	36.30
GC1003827_F11_NODE_5548_length_1496_cov_9.205259	1496	50.33
GC1003827_F11_NODE_5549_length_1496_cov_8.447772	1496	36.70
GC1003827_F11_NODE_5550_length_1496_cov_4.967860	1496	40.11
GC1003827_F11_NODE_5551_length_1496_cov_4.704894	1496	30.88
GC1003827_F11_NODE_5552_length_1496_cov_4.672023	1496	39.97
GC1003827_F11_NODE_5553_length_1496_cov_4.550037	1496	31.62
GC1003827_F11_NODE_5554_length_1496_cov_3.815924	1496	35.76
GC1003827_F11_NODE_5555_length_1496_cov_2.652301	1496	32.89
GC1003827_F11_NODE_5556_length_1496_cov_1.959825	1496	28.74
GC1003827_F11_NODE_5557_length_1496_cov_1.525931	1496	30.88
GC1003827_F11_NODE_5558_length_1495_cov_66.247807	1495	40.07
GC1003827_F11_NODE_5559_length_1495_cov_33.512427	1495	37.46
GC1003827_F11_NODE_5560_length_1495_cov_16.860380	1495	39.67
GC1003827_F11_NODE_5561_length_1495_cov_12.590643	1495	38.73
GC1003827_F11_NODE_5562_length_1495_cov_6.648392	1495	37.39
GC1003827_F11_NODE_5563_length_1495_cov_5.233918	1495	41.20
GC1003827_F11_NODE_5564_length_1495_cov_5.184942	1495	33.18
GC1003827_F11_NODE_5565_length_1495_cov_1.782895	1495	30.90
GC1003827_F11_NODE_5566_length_1495_cov_1.625731	1495	33.98
GC1003827_F11_NODE_5567_length_1494_cov_9.596928	1494	31.26
GC1003827_F11_NODE_5568_length_1494_cov_8.795903	1494	35.01
GC1003827_F11_NODE_5569_length_1494_cov_8.394294	1494	32.33
GC1003827_F11_NODE_5570_length_1494_cov_7.202634	1494	35.74
GC1003827_F11_NODE_5571_length_1494_cov_4.923921	1494	55.82
GC1003827_F11_NODE_5572_length_1494_cov_4.475494	1494	36.81
GC1003827_F11_NODE_5573_length_1494_cov_4.206291	1494	38.62
GC1003827_F11_NODE_5574_length_1494_cov_2.961960	1494	34.67
GC1003827_F11_NODE_5575_length_1494_cov_2.491587	1494	30.66
GC1003827_F11_NODE_5576_length_1494_cov_1.938552	1494	32.53
GC1003827_F11_NODE_5577_length_1494_cov_1.692758	1494	65.73
GC1003827_F11_NODE_5578_length_1493_cov_31.084919	1493	39.85
GC1003827_F11_NODE_5579_length_1493_cov_21.570278	1493	38.85
GC1003827_F11_NODE_5580_length_1493_cov_5.059297	1493	37.84
GC1003827_F11_NODE_5581_length_1493_cov_3.975110	1493	29.40
GC1003827_F11_NODE_5582_length_1493_cov_3.942167	1493	58.20
GC1003827_F11_NODE_5583_length_1493_cov_3.396047	1493	34.49
GC1003827_F11_NODE_5584_length_1493_cov_2.576135	1493	34.76
GC1003827_F11_NODE_5585_length_1492_cov_19.693773	1492	36.13
GC1003827_F11_NODE_5586_length_1492_cov_4.621978	1492	35.39
GC1003827_F11_NODE_5587_length_1492_cov_2.362637	1492	54.02
GC1003827_F11_NODE_5588_length_1492_cov_1.256410	1492	34.32
GC1003827_F11_NODE_5589_length_1491_cov_14.642229	1491	32.66
GC1003827_F11_NODE_5590_length_1491_cov_8.681818	1491	30.45
GC1003827_F11_NODE_5591_length_1491_cov_7.376833	1491	35.08
GC1003827_F11_NODE_5592_length_1491_cov_6.467742	1491	31.19
GC1003827_F11_NODE_5593_length_1491_cov_5.263930	1491	35.68
GC1003827_F11_NODE_5594_length_1491_cov_4.942082	1491	53.39
GC1003827_F11_NODE_5595_length_1491_cov_4.202346	1491	33.27
GC1003827_F11_NODE_5596_length_1491_cov_3.219941	1491	31.52
GC1003827_F11_NODE_5597_length_1491_cov_2.687683	1491	39.44
GC1003827_F11_NODE_5598_length_1491_cov_2.674487	1491	61.03
GC1003827_F11_NODE_5599_length_1491_cov_1.303519	1491	29.71
GC1003827_F11_NODE_5600_length_1490_cov_28.299340	1490	46.58
GC1003827_F11_NODE_5601_length_1490_cov_12.703595	1490	38.59
GC1003827_F11_NODE_5602_length_1490_cov_4.845194	1490	40.27
GC1003827_F11_NODE_5603_length_1490_cov_2.719002	1490	33.76
GC1003827_F11_NODE_5604_length_1490_cov_2.637564	1490	55.97
GC1003827_F11_NODE_5605_length_1489_cov_42.671072	1489	34.25
GC1003827_F11_NODE_5606_length_1489_cov_36.202643	1489	37.27
GC1003827_F11_NODE_5607_length_1489_cov_14.405286	1489	42.71
GC1003827_F11_NODE_5608_length_1489_cov_11.028634	1489	41.30
GC1003827_F11_NODE_5609_length_1489_cov_6.994860	1489	34.18
GC1003827_F11_NODE_5610_length_1489_cov_6.046990	1489	54.06
GC1003827_F11_NODE_5611_length_1489_cov_5.215125	1489	34.52
GC1003827_F11_NODE_5612_length_1489_cov_3.576358	1489	37.41
GC1003827_F11_NODE_5613_length_1489_cov_3.074890	1489	39.76
GC1003827_F11_NODE_5614_length_1489_cov_1.541116	1489	34.52
GC1003827_F11_NODE_5615_length_1489_cov_1.301028	1489	62.19
GC1003827_F11_NODE_5616_length_1488_cov_8.357090	1488	35.22
GC1003827_F11_NODE_5617_length_1488_cov_6.747245	1488	36.63
GC1003827_F11_NODE_5618_length_1488_cov_3.473181	1488	38.17
GC1003827_F11_NODE_5619_length_1487_cov_14.021324	1487	54.40
GC1003827_F11_NODE_5620_length_1487_cov_8.191912	1487	40.42
GC1003827_F11_NODE_5621_length_1487_cov_7.775735	1487	32.55
GC1003827_F11_NODE_5622_length_1487_cov_2.888971	1487	34.30
GC1003827_F11_NODE_5623_length_1487_cov_2.185294	1487	32.95
GC1003827_F11_NODE_5624_length_1487_cov_1.693382	1487	32.41
GC1003827_F11_NODE_5625_length_1487_cov_1.395588	1487	34.10
GC1003827_F11_NODE_5626_length_1486_cov_9.627667	1486	32.71
GC1003827_F11_NODE_5627_length_1486_cov_9.538631	1486	37.95
GC1003827_F11_NODE_5628_length_1486_cov_8.410596	1486	44.82
GC1003827_F11_NODE_5629_length_1486_cov_6.760854	1486	34.72
GC1003827_F11_NODE_5630_length_1486_cov_6.158940	1486	35.06
GC1003827_F11_NODE_5631_length_1486_cov_5.868286	1486	60.43
GC1003827_F11_NODE_5632_length_1486_cov_2.903606	1486	30.82
GC1003827_F11_NODE_5633_length_1486_cov_2.841060	1486	57.34
GC1003827_F11_NODE_5634_length_1486_cov_2.613687	1486	32.30
GC1003827_F11_NODE_5635_length_1486_cov_1.766740	1486	32.50
GC1003827_F11_NODE_5636_length_1485_cov_16.994109	1485	35.69
GC1003827_F11_NODE_5637_length_1485_cov_4.953608	1485	36.36
GC1003827_F11_NODE_5638_length_1485_cov_4.044919	1485	42.09
GC1003827_F11_NODE_5639_length_1485_cov_2.116348	1485	36.16
GC1003827_F11_NODE_5640_length_1485_cov_1.957290	1485	57.31
GC1003827_F11_NODE_5641_length_1485_cov_1.523564	1485	26.67
GC1003827_F11_NODE_5642_length_1484_cov_9.042004	1484	33.69
GC1003827_F11_NODE_5643_length_1484_cov_8.909359	1484	38.88
GC1003827_F11_NODE_5644_length_1484_cov_6.810612	1484	38.21
GC1003827_F11_NODE_5645_length_1484_cov_3.540162	1484	39.82
GC1003827_F11_NODE_5646_length_1484_cov_3.316875	1484	34.30
GC1003827_F11_NODE_5647_length_1484_cov_3.182756	1484	31.27
GC1003827_F11_NODE_5648_length_1484_cov_2.274134	1484	32.88
GC1003827_F11_NODE_5649_length_1484_cov_2.218865	1484	38.68
GC1003827_F11_NODE_5650_length_1484_cov_1.410464	1484	33.49
GC1003827_F11_NODE_5651_length_1484_cov_1.326455	1484	61.73
GC1003827_F11_NODE_5652_length_1483_cov_9.599558	1483	33.99
GC1003827_F11_NODE_5653_length_1483_cov_4.777286	1483	38.50
GC1003827_F11_NODE_5654_length_1483_cov_4.637906	1483	53.74
GC1003827_F11_NODE_5655_length_1483_cov_4.008112	1483	31.69
GC1003827_F11_NODE_5656_length_1483_cov_3.831858	1483	61.83
GC1003827_F11_NODE_5657_length_1483_cov_3.127581	1483	32.70
GC1003827_F11_NODE_5658_length_1483_cov_1.224926	1483	34.19
GC1003827_F11_NODE_5659_length_1482_cov_16.780074	1482	30.30
GC1003827_F11_NODE_5660_length_1482_cov_10.276753	1482	65.32
GC1003827_F11_NODE_5661_length_1482_cov_6.777860	1482	32.32
GC1003827_F11_NODE_5662_length_1482_cov_6.679705	1482	34.01
GC1003827_F11_NODE_5663_length_1482_cov_6.230258	1482	30.84
GC1003827_F11_NODE_5664_length_1482_cov_3.250923	1482	31.71
GC1003827_F11_NODE_5665_length_1482_cov_2.990406	1482	59.51
GC1003827_F11_NODE_5666_length_1481_cov_12.641064	1481	31.94
GC1003827_F11_NODE_5667_length_1481_cov_12.455687	1481	59.69
GC1003827_F11_NODE_5668_length_1481_cov_9.242245	1481	37.88
GC1003827_F11_NODE_5669_length_1481_cov_7.330133	1481	31.87
GC1003827_F11_NODE_5670_length_1481_cov_6.227474	1481	42.00
GC1003827_F11_NODE_5671_length_1481_cov_4.426145	1481	63.47
GC1003827_F11_NODE_5672_length_1481_cov_4.332349	1481	38.15
GC1003827_F11_NODE_5673_length_1481_cov_1.025849	1481	35.38
GC1003827_F11_NODE_5674_length_1480_cov_11.773097	1480	33.85
GC1003827_F11_NODE_5675_length_1480_cov_9.814486	1480	56.69
GC1003827_F11_NODE_5676_length_1480_cov_7.900961	1480	40.95
GC1003827_F11_NODE_5677_length_1480_cov_7.549889	1480	32.91
GC1003827_F11_NODE_5678_length_1480_cov_6.586105	1480	52.30
GC1003827_F11_NODE_5679_length_1480_cov_5.104213	1480	32.50
GC1003827_F11_NODE_5680_length_1479_cov_13.693047	1479	32.39
GC1003827_F11_NODE_5681_length_1479_cov_7.422337	1479	38.54
GC1003827_F11_NODE_5682_length_1479_cov_7.306953	1479	32.18
GC1003827_F11_NODE_5683_length_1479_cov_5.505917	1479	35.70
GC1003827_F11_NODE_5684_length_1479_cov_5.494083	1479	37.12
GC1003827_F11_NODE_5685_length_1479_cov_3.690828	1479	32.86
GC1003827_F11_NODE_5686_length_1479_cov_2.397189	1479	31.91
GC1003827_F11_NODE_5687_length_1479_cov_1.178254	1479	32.72
GC1003827_F11_NODE_5688_length_1478_cov_34.464101	1478	39.11
GC1003827_F11_NODE_5689_length_1478_cov_17.889711	1478	32.75
GC1003827_F11_NODE_5690_length_1478_cov_17.410807	1478	33.56
GC1003827_F11_NODE_5691_length_1478_cov_14.241303	1478	35.93
GC1003827_F11_NODE_5692_length_1478_cov_12.969652	1478	42.15
GC1003827_F11_NODE_5693_length_1478_cov_5.299778	1478	37.82
GC1003827_F11_NODE_5694_length_1478_cov_5.222058	1478	34.44
GC1003827_F11_NODE_5695_length_1478_cov_4.782383	1478	33.76
GC1003827_F11_NODE_5696_length_1478_cov_3.575130	1478	32.21
GC1003827_F11_NODE_5697_length_1478_cov_3.410807	1478	31.06
GC1003827_F11_NODE_5698_length_1478_cov_3.242043	1478	35.79
GC1003827_F11_NODE_5699_length_1478_cov_3.057735	1478	36.13
GC1003827_F11_NODE_5700_length_1478_cov_2.844560	1478	38.90
GC1003827_F11_NODE_5701_length_1478_cov_2.328645	1478	31.53
GC1003827_F11_NODE_5702_length_1478_cov_1.569208	1478	33.63
GC1003827_F11_NODE_5703_length_1478_cov_1.555144	1478	31.33
GC1003827_F11_NODE_5704_length_1477_cov_29.842222	1477	34.73
GC1003827_F11_NODE_5705_length_1477_cov_17.021481	1477	39.47
GC1003827_F11_NODE_5706_length_1477_cov_12.380741	1477	43.47
GC1003827_F11_NODE_5707_length_1477_cov_12.033333	1477	36.70
GC1003827_F11_NODE_5708_length_1477_cov_9.099259	1477	36.22
GC1003827_F11_NODE_5709_length_1477_cov_6.711111	1477	40.96
GC1003827_F11_NODE_5710_length_1477_cov_6.392593	1477	63.24
GC1003827_F11_NODE_5711_length_1477_cov_5.489630	1477	34.33
GC1003827_F11_NODE_5712_length_1477_cov_4.766667	1477	32.50
GC1003827_F11_NODE_5713_length_1477_cov_4.107407	1477	33.85
GC1003827_F11_NODE_5714_length_1477_cov_3.830370	1477	38.79
GC1003827_F11_NODE_5715_length_1477_cov_2.899259	1477	31.14
GC1003827_F11_NODE_5716_length_1477_cov_2.368148	1477	35.34
GC1003827_F11_NODE_5717_length_1476_cov_9.280208	1476	42.55
GC1003827_F11_NODE_5718_length_1476_cov_8.665678	1476	30.56
GC1003827_F11_NODE_5719_length_1476_cov_7.214974	1476	29.95
GC1003827_F11_NODE_5720_length_1476_cov_6.289103	1476	32.38
GC1003827_F11_NODE_5721_length_1476_cov_4.957005	1476	35.84
GC1003827_F11_NODE_5722_length_1476_cov_4.011861	1476	32.05
GC1003827_F11_NODE_5723_length_1476_cov_2.815419	1476	36.52
GC1003827_F11_NODE_5724_length_1476_cov_1.561156	1476	28.59
GC1003827_F11_NODE_5725_length_1475_cov_27.078635	1475	38.78
GC1003827_F11_NODE_5726_length_1475_cov_20.816766	1475	31.25
GC1003827_F11_NODE_5727_length_1475_cov_11.135015	1475	36.95
GC1003827_F11_NODE_5728_length_1475_cov_11.117211	1475	38.31
GC1003827_F11_NODE_5729_length_1475_cov_9.107567	1475	34.24
GC1003827_F11_NODE_5730_length_1475_cov_5.384273	1475	32.34
GC1003827_F11_NODE_5731_length_1475_cov_5.310089	1475	54.44
GC1003827_F11_NODE_5732_length_1475_cov_4.068991	1475	33.15
GC1003827_F11_NODE_5733_length_1475_cov_2.947329	1475	34.31
GC1003827_F11_NODE_5734_length_1475_cov_2.927300	1475	35.12
GC1003827_F11_NODE_5735_length_1475_cov_2.850890	1475	31.46
GC1003827_F11_NODE_5736_length_1475_cov_2.075668	1475	56.95
GC1003827_F11_NODE_5737_length_1475_cov_1.948813	1475	38.44
GC1003827_F11_NODE_5738_length_1475_cov_1.510386	1475	35.12
GC1003827_F11_NODE_5739_length_1475_cov_1.439169	1475	34.78
GC1003827_F11_NODE_5740_length_1475_cov_1.311573	1475	39.46
GC1003827_F11_NODE_5741_length_1474_cov_41.263549	1474	39.69
GC1003827_F11_NODE_5742_length_1474_cov_36.986637	1474	36.91
GC1003827_F11_NODE_5743_length_1474_cov_10.649592	1474	37.86
GC1003827_F11_NODE_5744_length_1474_cov_8.998515	1474	42.40
GC1003827_F11_NODE_5745_length_1474_cov_4.963623	1474	36.50
GC1003827_F11_NODE_5746_length_1474_cov_4.265776	1474	40.71
GC1003827_F11_NODE_5747_length_1474_cov_2.759465	1474	34.74
GC1003827_F11_NODE_5748_length_1473_cov_17.204309	1473	42.43
GC1003827_F11_NODE_5749_length_1473_cov_5.667162	1473	38.83
GC1003827_F11_NODE_5750_length_1473_cov_5.315750	1473	34.28
GC1003827_F11_NODE_5751_length_1473_cov_3.970282	1473	37.14
GC1003827_F11_NODE_5752_length_1473_cov_2.918276	1473	38.70
GC1003827_F11_NODE_5753_length_1473_cov_2.033432	1473	65.65
GC1003827_F11_NODE_5754_length_1473_cov_1.090639	1473	30.96
GC1003827_F11_NODE_5755_length_1472_cov_21.625279	1472	40.49
GC1003827_F11_NODE_5756_length_1472_cov_19.938290	1472	41.44
GC1003827_F11_NODE_5757_length_1472_cov_8.674349	1472	33.22
GC1003827_F11_NODE_5758_length_1472_cov_7.846097	1472	36.62
GC1003827_F11_NODE_5759_length_1472_cov_5.356877	1472	32.61
GC1003827_F11_NODE_5760_length_1472_cov_4.972491	1472	40.49
GC1003827_F11_NODE_5761_length_1472_cov_2.014126	1472	30.91
GC1003827_F11_NODE_5762_length_1471_cov_8.450149	1471	42.42
GC1003827_F11_NODE_5763_length_1471_cov_4.340030	1471	36.51
GC1003827_F11_NODE_5764_length_1471_cov_4.252976	1471	30.59
GC1003827_F11_NODE_5765_length_1471_cov_4.250000	1471	34.19
GC1003827_F11_NODE_5766_length_1471_cov_3.527530	1471	35.28
GC1003827_F11_NODE_5767_length_1471_cov_1.940476	1471	37.66
GC1003827_F11_NODE_5768_length_1470_cov_12.725242	1470	39.05
GC1003827_F11_NODE_5769_length_1470_cov_6.424423	1470	36.87
GC1003827_F11_NODE_5770_length_1470_cov_5.953835	1470	43.54
GC1003827_F11_NODE_5771_length_1470_cov_5.391660	1470	33.13
GC1003827_F11_NODE_5772_length_1470_cov_4.658972	1470	35.99
GC1003827_F11_NODE_5773_length_1470_cov_4.438570	1470	37.28
GC1003827_F11_NODE_5774_length_1470_cov_3.041698	1470	36.39
GC1003827_F11_NODE_5775_length_1470_cov_2.649293	1470	30.95
GC1003827_F11_NODE_5776_length_1470_cov_2.200298	1470	38.57
GC1003827_F11_NODE_5777_length_1470_cov_1.606850	1470	38.10
GC1003827_F11_NODE_5778_length_1469_cov_4.637109	1469	37.10
GC1003827_F11_NODE_5779_length_1469_cov_4.575261	1469	37.58
GC1003827_F11_NODE_5780_length_1469_cov_1.709389	1469	33.63
GC1003827_F11_NODE_5781_length_1468_cov_50.512304	1468	39.71
GC1003827_F11_NODE_5782_length_1468_cov_12.346010	1468	50.82
GC1003827_F11_NODE_5783_length_1468_cov_11.241611	1468	56.40
GC1003827_F11_NODE_5784_length_1468_cov_6.442953	1468	35.90
GC1003827_F11_NODE_5785_length_1468_cov_4.847875	1468	30.65
GC1003827_F11_NODE_5786_length_1468_cov_4.524236	1468	33.24
GC1003827_F11_NODE_5787_length_1468_cov_3.703207	1468	29.77
GC1003827_F11_NODE_5788_length_1468_cov_2.711409	1468	32.15
GC1003827_F11_NODE_5789_length_1468_cov_2.272185	1468	34.47
GC1003827_F11_NODE_5790_length_1468_cov_2.118568	1468	31.13
GC1003827_F11_NODE_5791_length_1468_cov_1.661447	1468	35.29
GC1003827_F11_NODE_5792_length_1467_cov_23.282836	1467	31.90
GC1003827_F11_NODE_5793_length_1467_cov_8.764925	1467	34.83
GC1003827_F11_NODE_5794_length_1467_cov_8.438806	1467	41.58
GC1003827_F11_NODE_5795_length_1467_cov_3.701493	1467	36.06
GC1003827_F11_NODE_5796_length_1467_cov_3.263433	1467	33.27
GC1003827_F11_NODE_5797_length_1467_cov_2.755224	1467	36.26
GC1003827_F11_NODE_5798_length_1467_cov_2.661940	1467	32.17
GC1003827_F11_NODE_5799_length_1467_cov_2.661940	1467	35.51
GC1003827_F11_NODE_5800_length_1467_cov_2.121642	1467	33.67
GC1003827_F11_NODE_5801_length_1467_cov_1.281343	1467	61.90
GC1003827_F11_NODE_5802_length_1466_cov_8.123973	1466	34.24
GC1003827_F11_NODE_5803_length_1466_cov_7.862584	1466	42.36
GC1003827_F11_NODE_5804_length_1466_cov_5.372666	1466	33.02
GC1003827_F11_NODE_5805_length_1466_cov_3.412248	1466	34.04
GC1003827_F11_NODE_5806_length_1465_cov_8.176383	1465	31.19
GC1003827_F11_NODE_5807_length_1465_cov_5.732436	1465	46.08
GC1003827_F11_NODE_5808_length_1465_cov_5.208520	1465	35.90
GC1003827_F11_NODE_5809_length_1465_cov_2.435725	1465	36.18
GC1003827_F11_NODE_5810_length_1465_cov_1.827354	1465	30.03
GC1003827_F11_NODE_5811_length_1465_cov_1.813901	1465	33.72
GC1003827_F11_NODE_5812_length_1465_cov_1.402840	1465	32.97
GC1003827_F11_NODE_5813_length_1464_cov_33.121167	1464	39.62
GC1003827_F11_NODE_5814_length_1464_cov_14.289454	1464	56.22
GC1003827_F11_NODE_5815_length_1464_cov_12.787584	1464	32.10
GC1003827_F11_NODE_5816_length_1464_cov_11.750935	1464	30.67
GC1003827_F11_NODE_5817_length_1464_cov_6.261032	1464	40.16
GC1003827_F11_NODE_5818_length_1464_cov_5.008227	1464	35.38
GC1003827_F11_NODE_5819_length_1464_cov_3.982797	1464	31.90
GC1003827_F11_NODE_5820_length_1464_cov_3.572924	1464	31.90
GC1003827_F11_NODE_5821_length_1464_cov_2.522812	1464	32.24
GC1003827_F11_NODE_5822_length_1464_cov_2.249813	1464	62.09
GC1003827_F11_NODE_5823_length_1464_cov_2.094241	1464	33.88
GC1003827_F11_NODE_5824_length_1464_cov_0.858639	1464	39.00
GC1003827_F11_NODE_5825_length_1463_cov_30.069611	1463	36.36
GC1003827_F11_NODE_5826_length_1463_cov_11.916168	1463	34.52
GC1003827_F11_NODE_5827_length_1463_cov_11.355539	1463	41.42
GC1003827_F11_NODE_5828_length_1463_cov_9.192365	1463	36.84
GC1003827_F11_NODE_5829_length_1463_cov_6.439371	1463	34.11
GC1003827_F11_NODE_5830_length_1463_cov_6.134731	1463	35.75
GC1003827_F11_NODE_5831_length_1463_cov_4.336078	1463	61.93
GC1003827_F11_NODE_5832_length_1463_cov_3.092066	1463	33.15
GC1003827_F11_NODE_5833_length_1463_cov_1.907186	1463	31.37
GC1003827_F11_NODE_5834_length_1463_cov_1.735778	1463	55.98
GC1003827_F11_NODE_5835_length_1463_cov_1.458832	1463	61.24
GC1003827_F11_NODE_5836_length_1463_cov_1.127246	1463	29.32
GC1003827_F11_NODE_5837_length_1462_cov_6.886142	1462	42.00
GC1003827_F11_NODE_5838_length_1462_cov_4.423970	1462	35.16
GC1003827_F11_NODE_5839_length_1462_cov_4.289888	1462	36.73
GC1003827_F11_NODE_5840_length_1462_cov_3.229213	1462	46.03
GC1003827_F11_NODE_5841_length_1462_cov_2.955056	1462	34.75
GC1003827_F11_NODE_5842_length_1462_cov_2.543071	1462	31.05
GC1003827_F11_NODE_5843_length_1462_cov_2.534831	1462	62.38
GC1003827_F11_NODE_5844_length_1461_cov_19.818591	1461	37.65
GC1003827_F11_NODE_5845_length_1461_cov_12.757121	1461	36.21
GC1003827_F11_NODE_5846_length_1461_cov_10.305847	1461	38.47
GC1003827_F11_NODE_5847_length_1461_cov_8.832834	1461	31.28
GC1003827_F11_NODE_5848_length_1461_cov_5.443778	1461	33.68
GC1003827_F11_NODE_5849_length_1461_cov_5.008246	1461	31.69
GC1003827_F11_NODE_5850_length_1461_cov_4.931784	1461	32.65
GC1003827_F11_NODE_5851_length_1461_cov_4.508246	1461	44.15
GC1003827_F11_NODE_5852_length_1461_cov_3.812594	1461	39.49
GC1003827_F11_NODE_5853_length_1461_cov_3.653673	1461	36.96
GC1003827_F11_NODE_5854_length_1461_cov_2.476762	1461	28.75
GC1003827_F11_NODE_5855_length_1460_cov_32.573143	1460	38.08
GC1003827_F11_NODE_5856_length_1460_cov_7.934734	1460	34.79
GC1003827_F11_NODE_5857_length_1460_cov_4.427607	1460	33.29
GC1003827_F11_NODE_5858_length_1460_cov_3.152288	1460	35.96
GC1003827_F11_NODE_5859_length_1460_cov_1.828957	1460	34.11
GC1003827_F11_NODE_5860_length_1460_cov_1.759190	1460	36.78
GC1003827_F11_NODE_5861_length_1459_cov_6.259760	1459	37.70
GC1003827_F11_NODE_5862_length_1459_cov_5.891892	1459	32.15
GC1003827_F11_NODE_5863_length_1459_cov_5.741742	1459	37.29
GC1003827_F11_NODE_5864_length_1459_cov_3.244745	1459	34.41
GC1003827_F11_NODE_5865_length_1459_cov_2.184685	1459	36.19
GC1003827_F11_NODE_5866_length_1459_cov_1.737988	1459	34.06
GC1003827_F11_NODE_5867_length_1458_cov_14.112697	1458	36.01
GC1003827_F11_NODE_5868_length_1458_cov_8.426747	1458	36.56
GC1003827_F11_NODE_5869_length_1458_cov_5.996995	1458	30.38
GC1003827_F11_NODE_5870_length_1458_cov_5.416980	1458	34.84
GC1003827_F11_NODE_5871_length_1458_cov_2.921863	1458	34.43
GC1003827_F11_NODE_5872_length_1458_cov_1.806161	1458	69.96
GC1003827_F11_NODE_5873_length_1458_cov_1.595041	1458	28.74
GC1003827_F11_NODE_5874_length_1457_cov_8.460902	1457	36.17
GC1003827_F11_NODE_5875_length_1457_cov_7.936090	1457	36.86
GC1003827_F11_NODE_5876_length_1457_cov_6.655639	1457	35.42
GC1003827_F11_NODE_5877_length_1457_cov_3.290226	1457	30.82
GC1003827_F11_NODE_5878_length_1457_cov_2.881955	1457	32.05
GC1003827_F11_NODE_5879_length_1457_cov_2.689474	1457	30.54
GC1003827_F11_NODE_5880_length_1457_cov_2.221805	1457	36.51
GC1003827_F11_NODE_5881_length_1457_cov_1.437594	1457	47.36
GC1003827_F11_NODE_5882_length_1456_cov_14.700527	1456	40.04
GC1003827_F11_NODE_5883_length_1456_cov_13.724605	1456	33.72
GC1003827_F11_NODE_5884_length_1456_cov_12.257336	1456	36.33
GC1003827_F11_NODE_5885_length_1456_cov_10.483070	1456	36.20
GC1003827_F11_NODE_5886_length_1456_cov_5.379985	1456	34.96
GC1003827_F11_NODE_5887_length_1456_cov_4.520692	1456	37.64
GC1003827_F11_NODE_5888_length_1456_cov_3.419865	1456	34.48
GC1003827_F11_NODE_5889_length_1456_cov_3.354402	1456	61.74
GC1003827_F11_NODE_5890_length_1456_cov_3.239278	1456	57.01
GC1003827_F11_NODE_5891_length_1456_cov_1.771257	1456	35.71
GC1003827_F11_NODE_5892_length_1455_cov_18.727410	1455	35.60
GC1003827_F11_NODE_5893_length_1455_cov_7.939006	1455	61.58
GC1003827_F11_NODE_5894_length_1455_cov_5.668675	1455	38.14
GC1003827_F11_NODE_5895_length_1455_cov_4.604669	1455	34.98
GC1003827_F11_NODE_5896_length_1455_cov_4.304217	1455	30.58
GC1003827_F11_NODE_5897_length_1455_cov_3.826807	1455	31.55
GC1003827_F11_NODE_5898_length_1455_cov_3.098645	1455	40.07
GC1003827_F11_NODE_5899_length_1455_cov_2.883283	1455	30.58
GC1003827_F11_NODE_5900_length_1455_cov_2.763554	1455	64.26
GC1003827_F11_NODE_5901_length_1455_cov_2.260542	1455	36.49
GC1003827_F11_NODE_5902_length_1455_cov_1.496988	1455	33.68
GC1003827_F11_NODE_5903_length_1455_cov_0.950301	1455	32.99
GC1003827_F11_NODE_5904_length_1454_cov_24.018839	1454	37.28
GC1003827_F11_NODE_5905_length_1454_cov_13.683497	1454	39.68
GC1003827_F11_NODE_5906_length_1454_cov_10.441598	1454	36.45
GC1003827_F11_NODE_5907_length_1454_cov_7.140919	1454	35.35
GC1003827_F11_NODE_5908_length_1454_cov_6.070083	1454	32.53
GC1003827_F11_NODE_5909_length_1454_cov_4.557649	1454	62.24
GC1003827_F11_NODE_5910_length_1454_cov_2.073851	1454	55.91
GC1003827_F11_NODE_5911_length_1454_cov_1.008289	1454	32.53
GC1003827_F11_NODE_5912_length_1453_cov_6.734540	1453	33.65
GC1003827_F11_NODE_5913_length_1453_cov_5.154600	1453	36.89
GC1003827_F11_NODE_5914_length_1453_cov_5.141780	1453	33.45
GC1003827_F11_NODE_5915_length_1453_cov_3.717949	1453	31.80
GC1003827_F11_NODE_5916_length_1453_cov_3.196078	1453	31.38
GC1003827_F11_NODE_5917_length_1453_cov_2.530166	1453	28.77
GC1003827_F11_NODE_5918_length_1453_cov_1.706637	1453	65.04
GC1003827_F11_NODE_5919_length_1452_cov_13.778868	1452	36.02
GC1003827_F11_NODE_5920_length_1452_cov_12.779623	1452	35.74
GC1003827_F11_NODE_5921_length_1452_cov_11.129811	1452	33.47
GC1003827_F11_NODE_5922_length_1452_cov_8.119245	1452	38.15
GC1003827_F11_NODE_5923_length_1452_cov_3.288302	1452	30.85
GC1003827_F11_NODE_5924_length_1452_cov_2.913208	1452	32.78
GC1003827_F11_NODE_5925_length_1451_cov_14.500000	1451	38.53
GC1003827_F11_NODE_5926_length_1451_cov_8.755287	1451	38.73
GC1003827_F11_NODE_5927_length_1451_cov_7.215257	1451	35.29
GC1003827_F11_NODE_5928_length_1451_cov_7.160876	1451	31.56
GC1003827_F11_NODE_5929_length_1451_cov_6.395015	1451	32.67
GC1003827_F11_NODE_5930_length_1451_cov_6.387462	1451	34.80
GC1003827_F11_NODE_5931_length_1451_cov_4.569486	1451	32.39
GC1003827_F11_NODE_5932_length_1451_cov_2.945619	1451	31.22
GC1003827_F11_NODE_5933_length_1451_cov_2.824773	1451	33.84
GC1003827_F11_NODE_5934_length_1451_cov_2.478097	1451	28.67
GC1003827_F11_NODE_5935_length_1451_cov_1.820997	1451	35.29
GC1003827_F11_NODE_5936_length_1451_cov_1.743958	1451	33.08
GC1003827_F11_NODE_5937_length_1450_cov_16.405896	1450	44.00
GC1003827_F11_NODE_5938_length_1450_cov_10.512472	1450	41.52
GC1003827_F11_NODE_5939_length_1450_cov_7.756614	1450	34.41
GC1003827_F11_NODE_5940_length_1450_cov_5.707483	1450	34.00
GC1003827_F11_NODE_5941_length_1450_cov_5.089947	1450	39.45
GC1003827_F11_NODE_5942_length_1450_cov_2.960695	1450	32.90
GC1003827_F11_NODE_5943_length_1450_cov_2.625850	1450	29.52
GC1003827_F11_NODE_5944_length_1450_cov_1.633409	1450	62.76
GC1003827_F11_NODE_5945_length_1450_cov_1.097506	1450	35.72
GC1003827_F11_NODE_5946_length_1449_cov_20.525719	1449	41.48
GC1003827_F11_NODE_5947_length_1449_cov_8.593041	1449	33.47
GC1003827_F11_NODE_5948_length_1449_cov_8.461422	1449	34.58
GC1003827_F11_NODE_5949_length_1449_cov_5.527231	1449	34.02
GC1003827_F11_NODE_5950_length_1449_cov_4.976551	1449	32.99
GC1003827_F11_NODE_5951_length_1449_cov_1.526475	1449	30.92
GC1003827_F11_NODE_5952_length_1448_cov_4.623770	1448	38.74
GC1003827_F11_NODE_5953_length_1448_cov_3.245269	1448	38.81
GC1003827_F11_NODE_5954_length_1448_cov_2.570780	1448	30.87
GC1003827_F11_NODE_5955_length_1448_cov_1.890235	1448	63.60
GC1003827_F11_NODE_5956_length_1447_cov_15.546970	1447	35.94
GC1003827_F11_NODE_5957_length_1447_cov_9.118182	1447	36.49
GC1003827_F11_NODE_5958_length_1447_cov_8.453030	1447	33.93
GC1003827_F11_NODE_5959_length_1447_cov_7.312879	1447	33.38
GC1003827_F11_NODE_5960_length_1447_cov_6.849242	1447	37.80
GC1003827_F11_NODE_5961_length_1447_cov_6.790909	1447	37.39
GC1003827_F11_NODE_5962_length_1447_cov_5.128030	1447	32.48
GC1003827_F11_NODE_5963_length_1447_cov_5.043939	1447	30.27
GC1003827_F11_NODE_5964_length_1447_cov_4.750000	1447	34.14
GC1003827_F11_NODE_5965_length_1447_cov_1.400758	1447	34.90
GC1003827_F11_NODE_5966_length_1446_cov_15.380591	1446	31.81
GC1003827_F11_NODE_5967_length_1446_cov_9.395754	1446	34.09
GC1003827_F11_NODE_5968_length_1446_cov_7.650493	1446	32.64
GC1003827_F11_NODE_5969_length_1446_cov_6.865807	1446	40.32
GC1003827_F11_NODE_5970_length_1446_cov_5.612585	1446	37.76
GC1003827_F11_NODE_5971_length_1446_cov_4.660349	1446	29.46
GC1003827_F11_NODE_5972_length_1446_cov_4.568613	1446	36.72
GC1003827_F11_NODE_5973_length_1446_cov_4.424564	1446	57.19
GC1003827_F11_NODE_5974_length_1446_cov_4.373768	1446	38.59
GC1003827_F11_NODE_5975_length_1446_cov_4.187263	1446	34.92
GC1003827_F11_NODE_5976_length_1446_cov_3.719484	1446	34.30
GC1003827_F11_NODE_5977_length_1446_cov_3.579985	1446	32.92
GC1003827_F11_NODE_5978_length_1446_cov_3.210766	1446	32.37
GC1003827_F11_NODE_5979_length_1446_cov_2.586808	1446	34.30
GC1003827_F11_NODE_5980_length_1445_cov_10.396055	1445	34.81
GC1003827_F11_NODE_5981_length_1445_cov_6.812595	1445	35.36
GC1003827_F11_NODE_5982_length_1445_cov_6.388467	1445	35.16
GC1003827_F11_NODE_5983_length_1445_cov_6.185129	1445	34.74
GC1003827_F11_NODE_5984_length_1445_cov_6.091806	1445	38.69
GC1003827_F11_NODE_5985_length_1445_cov_3.679818	1445	51.90
GC1003827_F11_NODE_5986_length_1445_cov_3.581184	1445	37.99
GC1003827_F11_NODE_5987_length_1445_cov_3.550076	1445	35.71
GC1003827_F11_NODE_5988_length_1445_cov_3.131259	1445	33.43
GC1003827_F11_NODE_5989_length_1445_cov_2.489378	1445	41.45
GC1003827_F11_NODE_5990_length_1445_cov_2.187405	1445	38.62
GC1003827_F11_NODE_5991_length_1445_cov_2.034901	1445	29.13
GC1003827_F11_NODE_5992_length_1444_cov_21.154138	1444	41.00
GC1003827_F11_NODE_5993_length_1444_cov_16.288535	1444	36.98
GC1003827_F11_NODE_5994_length_1444_cov_16.226272	1444	36.22
GC1003827_F11_NODE_5995_length_1444_cov_13.777525	1444	35.32
GC1003827_F11_NODE_5996_length_1444_cov_5.321944	1444	62.40
GC1003827_F11_NODE_5997_length_1444_cov_4.621868	1444	34.35
GC1003827_F11_NODE_5998_length_1444_cov_4.028094	1444	31.93
GC1003827_F11_NODE_5999_length_1444_cov_2.917995	1444	34.90
GC1003827_F11_NODE_6000_length_1444_cov_2.889901	1444	36.29
GC1003827_F11_NODE_6001_length_1444_cov_2.561883	1444	59.00
GC1003827_F11_NODE_6002_length_1444_cov_1.579347	1444	29.85
GC1003827_F11_NODE_6003_length_1444_cov_1.094153	1444	33.52
GC1003827_F11_NODE_6004_length_1443_cov_18.503799	1443	34.58
GC1003827_F11_NODE_6005_length_1443_cov_8.021277	1443	35.27
GC1003827_F11_NODE_6006_length_1443_cov_7.523556	1443	36.24
GC1003827_F11_NODE_6007_length_1443_cov_5.170973	1443	38.46
GC1003827_F11_NODE_6008_length_1443_cov_4.610942	1443	34.86
GC1003827_F11_NODE_6009_length_1443_cov_2.893617	1443	30.49
GC1003827_F11_NODE_6010_length_1443_cov_1.244681	1443	33.75
GC1003827_F11_NODE_6011_length_1443_cov_1.234802	1443	31.81
GC1003827_F11_NODE_6012_length_1442_cov_26.095057	1442	42.37
GC1003827_F11_NODE_6013_length_1442_cov_9.354373	1442	30.72
GC1003827_F11_NODE_6014_length_1442_cov_5.069962	1442	31.83
GC1003827_F11_NODE_6015_length_1442_cov_4.223574	1442	35.16
GC1003827_F11_NODE_6016_length_1442_cov_4.171103	1442	35.64
GC1003827_F11_NODE_6017_length_1442_cov_2.941445	1442	32.87
GC1003827_F11_NODE_6018_length_1442_cov_1.763498	1442	37.52
GC1003827_F11_NODE_6019_length_1442_cov_1.446388	1442	33.36
GC1003827_F11_NODE_6020_length_1441_cov_12.063166	1441	30.67
GC1003827_F11_NODE_6021_length_1441_cov_10.759513	1441	34.91
GC1003827_F11_NODE_6022_length_1441_cov_8.426180	1441	32.82
GC1003827_F11_NODE_6023_length_1441_cov_7.172755	1441	37.96
GC1003827_F11_NODE_6024_length_1441_cov_6.387367	1441	33.45
GC1003827_F11_NODE_6025_length_1441_cov_5.065449	1441	34.98
GC1003827_F11_NODE_6026_length_1441_cov_4.270167	1441	37.47
GC1003827_F11_NODE_6027_length_1441_cov_3.960426	1441	32.82
GC1003827_F11_NODE_6028_length_1441_cov_3.388889	1441	30.26
GC1003827_F11_NODE_6029_length_1441_cov_2.786149	1441	31.92
GC1003827_F11_NODE_6030_length_1441_cov_2.653729	1441	34.28
GC1003827_F11_NODE_6031_length_1441_cov_1.225266	1441	34.70
GC1003827_F11_NODE_6032_length_1440_cov_27.547601	1440	54.03
GC1003827_F11_NODE_6033_length_1440_cov_8.898705	1440	31.67
GC1003827_F11_NODE_6034_length_1440_cov_8.725057	1440	35.69
GC1003827_F11_NODE_6035_length_1440_cov_3.900990	1440	63.19
GC1003827_F11_NODE_6036_length_1440_cov_2.178979	1440	29.79
GC1003827_F11_NODE_6037_length_1440_cov_1.667936	1440	32.08
GC1003827_F11_NODE_6038_length_1440_cov_1.405179	1440	31.25
GC1003827_F11_NODE_6039_length_1439_cov_10.862043	1439	38.15
GC1003827_F11_NODE_6040_length_1439_cov_3.427591	1439	44.96
GC1003827_F11_NODE_6041_length_1439_cov_2.019055	1439	35.79
GC1003827_F11_NODE_6042_length_1439_cov_0.923018	1439	65.95
GC1003827_F11_NODE_6043_length_1438_cov_17.729214	1438	41.79
GC1003827_F11_NODE_6044_length_1438_cov_7.395118	1438	34.49
GC1003827_F11_NODE_6045_length_1438_cov_6.333333	1438	34.08
GC1003827_F11_NODE_6046_length_1438_cov_5.070175	1438	34.01
GC1003827_F11_NODE_6047_length_1438_cov_3.118993	1438	30.67
GC1003827_F11_NODE_6048_length_1438_cov_2.808543	1438	40.68
GC1003827_F11_NODE_6049_length_1438_cov_2.299008	1438	36.51
GC1003827_F11_NODE_6050_length_1438_cov_2.199085	1438	30.60
GC1003827_F11_NODE_6051_length_1438_cov_1.046529	1438	31.99
GC1003827_F11_NODE_6052_length_1437_cov_13.716031	1437	40.36
GC1003827_F11_NODE_6053_length_1437_cov_11.414504	1437	37.09
GC1003827_F11_NODE_6054_length_1437_cov_8.653435	1437	34.17
GC1003827_F11_NODE_6055_length_1437_cov_8.220611	1437	34.79
GC1003827_F11_NODE_6056_length_1437_cov_7.573282	1437	32.85
GC1003827_F11_NODE_6057_length_1437_cov_5.905344	1437	34.03
GC1003827_F11_NODE_6058_length_1437_cov_5.432061	1437	30.83
GC1003827_F11_NODE_6059_length_1437_cov_5.310687	1437	32.08
GC1003827_F11_NODE_6060_length_1437_cov_4.921374	1437	34.38
GC1003827_F11_NODE_6061_length_1437_cov_4.587023	1437	35.28
GC1003827_F11_NODE_6062_length_1437_cov_4.175573	1437	38.55
GC1003827_F11_NODE_6063_length_1437_cov_2.929771	1437	32.50
GC1003827_F11_NODE_6064_length_1437_cov_1.706107	1437	62.63
GC1003827_F11_NODE_6065_length_1437_cov_1.265649	1437	31.66
GC1003827_F11_NODE_6066_length_1436_cov_23.372804	1436	34.33
GC1003827_F11_NODE_6067_length_1436_cov_10.660046	1436	50.42
GC1003827_F11_NODE_6068_length_1436_cov_8.135218	1436	34.96
GC1003827_F11_NODE_6069_length_1436_cov_5.953400	1436	36.98
GC1003827_F11_NODE_6070_length_1436_cov_5.442322	1436	32.80
GC1003827_F11_NODE_6071_length_1436_cov_4.497326	1436	32.73
GC1003827_F11_NODE_6072_length_1436_cov_4.050420	1436	40.67
GC1003827_F11_NODE_6073_length_1436_cov_3.886173	1436	59.54
GC1003827_F11_NODE_6074_length_1436_cov_3.220779	1436	31.48
GC1003827_F11_NODE_6075_length_1435_cov_10.707187	1435	35.33
GC1003827_F11_NODE_6076_length_1435_cov_9.899847	1435	33.80
GC1003827_F11_NODE_6077_length_1435_cov_7.340979	1435	49.97
GC1003827_F11_NODE_6078_length_1435_cov_6.102446	1435	39.65
GC1003827_F11_NODE_6079_length_1435_cov_5.793578	1435	34.29
GC1003827_F11_NODE_6080_length_1435_cov_5.636086	1435	61.11
GC1003827_F11_NODE_6081_length_1435_cov_4.683486	1435	57.00
GC1003827_F11_NODE_6082_length_1435_cov_3.307339	1435	31.01
GC1003827_F11_NODE_6083_length_1435_cov_2.825688	1435	63.62
GC1003827_F11_NODE_6084_length_1435_cov_2.373853	1435	52.54
GC1003827_F11_NODE_6085_length_1435_cov_2.217125	1435	40.42
GC1003827_F11_NODE_6086_length_1435_cov_1.604740	1435	33.66
GC1003827_F11_NODE_6087_length_1434_cov_7.026779	1434	34.94
GC1003827_F11_NODE_6088_length_1434_cov_6.288447	1434	31.45
GC1003827_F11_NODE_6089_length_1434_cov_4.764346	1434	35.01
GC1003827_F11_NODE_6090_length_1434_cov_0.959449	1434	29.64
GC1003827_F11_NODE_6091_length_1433_cov_107.912711	1433	40.13
GC1003827_F11_NODE_6092_length_1433_cov_10.454824	1433	31.89
GC1003827_F11_NODE_6093_length_1433_cov_9.856815	1433	35.31
GC1003827_F11_NODE_6094_length_1433_cov_8.332312	1433	35.10
GC1003827_F11_NODE_6095_length_1433_cov_6.584227	1433	35.59
GC1003827_F11_NODE_6096_length_1433_cov_4.334609	1433	35.10
GC1003827_F11_NODE_6097_length_1433_cov_3.908882	1433	38.52
GC1003827_F11_NODE_6098_length_1433_cov_3.848392	1433	35.87
GC1003827_F11_NODE_6099_length_1433_cov_3.293262	1433	34.33
GC1003827_F11_NODE_6100_length_1433_cov_2.921133	1433	30.36
GC1003827_F11_NODE_6101_length_1433_cov_2.784839	1433	66.78
GC1003827_F11_NODE_6102_length_1433_cov_1.528331	1433	34.40
GC1003827_F11_NODE_6103_length_1432_cov_9.118008	1432	36.38
GC1003827_F11_NODE_6104_length_1432_cov_8.244444	1432	33.31
GC1003827_F11_NODE_6105_length_1432_cov_6.600000	1432	55.10
GC1003827_F11_NODE_6106_length_1432_cov_6.594636	1432	33.17
GC1003827_F11_NODE_6107_length_1432_cov_5.972414	1432	35.06
GC1003827_F11_NODE_6108_length_1432_cov_4.638314	1432	37.92
GC1003827_F11_NODE_6109_length_1432_cov_4.377778	1432	35.47
GC1003827_F11_NODE_6110_length_1432_cov_2.314176	1432	31.49
GC1003827_F11_NODE_6111_length_1432_cov_2.222989	1432	56.42
GC1003827_F11_NODE_6112_length_1432_cov_0.987739	1432	35.54
GC1003827_F11_NODE_6113_length_1431_cov_13.825153	1431	53.60
GC1003827_F11_NODE_6114_length_1431_cov_13.756135	1431	43.96
GC1003827_F11_NODE_6115_length_1431_cov_7.813650	1431	35.08
GC1003827_F11_NODE_6116_length_1431_cov_6.948620	1431	34.45
GC1003827_F11_NODE_6117_length_1431_cov_6.298313	1431	40.95
GC1003827_F11_NODE_6118_length_1431_cov_6.166411	1431	37.39
GC1003827_F11_NODE_6119_length_1431_cov_5.578988	1431	34.10
GC1003827_F11_NODE_6120_length_1431_cov_5.180982	1431	35.78
GC1003827_F11_NODE_6121_length_1431_cov_4.890337	1431	32.42
GC1003827_F11_NODE_6122_length_1431_cov_4.738497	1431	35.78
GC1003827_F11_NODE_6123_length_1431_cov_4.180215	1431	61.64
GC1003827_F11_NODE_6124_length_1431_cov_3.085890	1431	32.91
GC1003827_F11_NODE_6125_length_1431_cov_2.588957	1431	31.38
GC1003827_F11_NODE_6126_length_1431_cov_2.485429	1431	36.69
GC1003827_F11_NODE_6127_length_1431_cov_2.118098	1431	35.15
GC1003827_F11_NODE_6128_length_1431_cov_2.026840	1431	32.22
GC1003827_F11_NODE_6129_length_1431_cov_1.597393	1431	54.65
GC1003827_F11_NODE_6130_length_1430_cov_7.559478	1430	34.34
GC1003827_F11_NODE_6131_length_1430_cov_5.128933	1430	36.78
GC1003827_F11_NODE_6132_length_1430_cov_4.033001	1430	35.66
GC1003827_F11_NODE_6133_length_1430_cov_2.528012	1430	39.86
GC1003827_F11_NODE_6134_length_1429_cov_7.099846	1429	35.76
GC1003827_F11_NODE_6135_length_1429_cov_6.232719	1429	36.46
GC1003827_F11_NODE_6136_length_1429_cov_5.390937	1429	37.02
GC1003827_F11_NODE_6137_length_1429_cov_4.895545	1429	35.76
GC1003827_F11_NODE_6138_length_1429_cov_2.307988	1429	63.75
GC1003827_F11_NODE_6139_length_1429_cov_2.200461	1429	35.06
GC1003827_F11_NODE_6140_length_1428_cov_35.689470	1428	37.96
GC1003827_F11_NODE_6141_length_1428_cov_15.087625	1428	37.39
GC1003827_F11_NODE_6142_length_1428_cov_8.523444	1428	32.63
GC1003827_F11_NODE_6143_length_1428_cov_8.362029	1428	60.78
GC1003827_F11_NODE_6144_length_1428_cov_7.671022	1428	34.45
GC1003827_F11_NODE_6145_length_1428_cov_4.544197	1428	33.19
GC1003827_F11_NODE_6146_length_1428_cov_4.328978	1428	33.61
GC1003827_F11_NODE_6147_length_1428_cov_3.714066	1428	37.61
GC1003827_F11_NODE_6148_length_1428_cov_2.855496	1428	33.26
GC1003827_F11_NODE_6149_length_1428_cov_2.725596	1428	38.80
GC1003827_F11_NODE_6150_length_1428_cov_2.644120	1428	39.01
GC1003827_F11_NODE_6151_length_1428_cov_0.735588	1428	36.20
GC1003827_F11_NODE_6152_length_1427_cov_13.325385	1427	36.09
GC1003827_F11_NODE_6153_length_1427_cov_13.192308	1427	37.49
GC1003827_F11_NODE_6154_length_1427_cov_8.984615	1427	36.65
GC1003827_F11_NODE_6155_length_1427_cov_3.475385	1427	37.49
GC1003827_F11_NODE_6156_length_1427_cov_2.394615	1427	35.88
GC1003827_F11_NODE_6157_length_1427_cov_0.991538	1427	34.55
GC1003827_F11_NODE_6158_length_1426_cov_11.381832	1426	35.83
GC1003827_F11_NODE_6159_length_1426_cov_10.576597	1426	38.99
GC1003827_F11_NODE_6160_length_1426_cov_10.541955	1426	42.99
GC1003827_F11_NODE_6161_length_1426_cov_7.937644	1426	38.92
GC1003827_F11_NODE_6162_length_1426_cov_6.806774	1426	32.19
GC1003827_F11_NODE_6163_length_1426_cov_5.857583	1426	51.75
GC1003827_F11_NODE_6164_length_1426_cov_4.694380	1426	35.13
GC1003827_F11_NODE_6165_length_1426_cov_3.326405	1426	34.43
GC1003827_F11_NODE_6166_length_1426_cov_1.836028	1426	39.34
GC1003827_F11_NODE_6167_length_1426_cov_1.830639	1426	35.13
GC1003827_F11_NODE_6168_length_1426_cov_1.403387	1426	55.33
GC1003827_F11_NODE_6169_length_1425_cov_16.090909	1425	41.82
GC1003827_F11_NODE_6170_length_1425_cov_11.050077	1425	54.25
GC1003827_F11_NODE_6171_length_1425_cov_8.856703	1425	33.96
GC1003827_F11_NODE_6172_length_1425_cov_7.815100	1425	42.95
GC1003827_F11_NODE_6173_length_1425_cov_7.086287	1425	35.51
GC1003827_F11_NODE_6174_length_1425_cov_6.395223	1425	38.11
GC1003827_F11_NODE_6175_length_1425_cov_6.250385	1425	36.21
GC1003827_F11_NODE_6176_length_1425_cov_5.433744	1425	65.54
GC1003827_F11_NODE_6177_length_1425_cov_4.101695	1425	35.93
GC1003827_F11_NODE_6178_length_1425_cov_3.539291	1425	32.98
GC1003827_F11_NODE_6179_length_1425_cov_2.640986	1425	34.39
GC1003827_F11_NODE_6180_length_1425_cov_2.431433	1425	33.19
GC1003827_F11_NODE_6181_length_1425_cov_1.976888	1425	53.54
GC1003827_F11_NODE_6182_length_1424_cov_24.166538	1424	49.79
GC1003827_F11_NODE_6183_length_1424_cov_7.035466	1424	29.92
GC1003827_F11_NODE_6184_length_1424_cov_6.043177	1424	32.44
GC1003827_F11_NODE_6185_length_1424_cov_5.138782	1424	32.79
GC1003827_F11_NODE_6186_length_1424_cov_3.591365	1424	38.83
GC1003827_F11_NODE_6187_length_1424_cov_3.027756	1424	60.25
GC1003827_F11_NODE_6188_length_1424_cov_2.636083	1424	35.04
GC1003827_F11_NODE_6189_length_1424_cov_0.887433	1424	33.15
GC1003827_F11_NODE_6190_length_1423_cov_18.362654	1423	34.43
GC1003827_F11_NODE_6191_length_1423_cov_5.757716	1423	34.15
GC1003827_F11_NODE_6192_length_1423_cov_4.884259	1423	32.12
GC1003827_F11_NODE_6193_length_1423_cov_1.543981	1423	33.24
GC1003827_F11_NODE_6194_length_1423_cov_1.543210	1423	31.83
GC1003827_F11_NODE_6195_length_1423_cov_1.456790	1423	38.51
GC1003827_F11_NODE_6196_length_1423_cov_1.345679	1423	30.22
GC1003827_F11_NODE_6197_length_1423_cov_1.201389	1423	66.55
GC1003827_F11_NODE_6198_length_1422_cov_12.283398	1422	38.96
GC1003827_F11_NODE_6199_length_1422_cov_10.535135	1422	58.09
GC1003827_F11_NODE_6200_length_1422_cov_8.240927	1422	53.66
GC1003827_F11_NODE_6201_length_1422_cov_7.971429	1422	33.33
GC1003827_F11_NODE_6202_length_1422_cov_7.441699	1422	33.05
GC1003827_F11_NODE_6203_length_1422_cov_6.214672	1422	32.77
GC1003827_F11_NODE_6204_length_1422_cov_4.193050	1422	54.22
GC1003827_F11_NODE_6205_length_1422_cov_3.729730	1422	34.88
GC1003827_F11_NODE_6206_length_1421_cov_9.329212	1421	40.04
GC1003827_F11_NODE_6207_length_1421_cov_8.017002	1421	31.25
GC1003827_F11_NODE_6208_length_1421_cov_4.707110	1421	34.48
GC1003827_F11_NODE_6209_length_1421_cov_3.649923	1421	31.95
GC1003827_F11_NODE_6210_length_1420_cov_8.378964	1420	30.77
GC1003827_F11_NODE_6211_length_1420_cov_6.979118	1420	54.01
GC1003827_F11_NODE_6212_length_1420_cov_6.406032	1420	32.25
GC1003827_F11_NODE_6213_length_1420_cov_5.957463	1420	41.69
GC1003827_F11_NODE_6214_length_1420_cov_5.768755	1420	34.15
GC1003827_F11_NODE_6215_length_1420_cov_4.575406	1420	54.72
GC1003827_F11_NODE_6216_length_1420_cov_3.107502	1420	40.14
GC1003827_F11_NODE_6217_length_1420_cov_2.721578	1420	33.66
GC1003827_F11_NODE_6218_length_1420_cov_2.314772	1420	31.06
GC1003827_F11_NODE_6219_length_1420_cov_2.243619	1420	38.24
GC1003827_F11_NODE_6220_length_1420_cov_0.989946	1420	34.79
GC1003827_F11_NODE_6221_length_1419_cov_8.302632	1419	34.74
GC1003827_F11_NODE_6222_length_1419_cov_6.411765	1419	53.14
GC1003827_F11_NODE_6223_length_1419_cov_5.039474	1419	31.43
GC1003827_F11_NODE_6224_length_1419_cov_3.971362	1419	33.40
GC1003827_F11_NODE_6225_length_1419_cov_1.924149	1419	35.59
GC1003827_F11_NODE_6226_length_1418_cov_4.816421	1418	31.81
GC1003827_F11_NODE_6227_length_1418_cov_4.509682	1418	32.79
GC1003827_F11_NODE_6228_length_1418_cov_4.094500	1418	39.14
GC1003827_F11_NODE_6229_length_1418_cov_3.647560	1418	31.38
GC1003827_F11_NODE_6230_length_1418_cov_3.542215	1418	32.93
GC1003827_F11_NODE_6231_length_1418_cov_3.472502	1418	31.95
GC1003827_F11_NODE_6232_length_1418_cov_3.231603	1418	34.06
GC1003827_F11_NODE_6233_length_1418_cov_3.197521	1418	42.52
GC1003827_F11_NODE_6234_length_1418_cov_3.000000	1418	38.93
GC1003827_F11_NODE_6235_length_1418_cov_1.456235	1418	35.19
GC1003827_F11_NODE_6236_length_1417_cov_22.501550	1417	44.95
GC1003827_F11_NODE_6237_length_1417_cov_6.973643	1417	40.23
GC1003827_F11_NODE_6238_length_1417_cov_5.873643	1417	33.59
GC1003827_F11_NODE_6239_length_1417_cov_3.710853	1417	35.07
GC1003827_F11_NODE_6240_length_1417_cov_3.576744	1417	34.44
GC1003827_F11_NODE_6241_length_1417_cov_3.394574	1417	64.50
GC1003827_F11_NODE_6242_length_1417_cov_2.910078	1417	31.40
GC1003827_F11_NODE_6243_length_1417_cov_2.349612	1417	32.53
GC1003827_F11_NODE_6244_length_1417_cov_1.672093	1417	28.72
GC1003827_F11_NODE_6245_length_1416_cov_17.885958	1416	36.30
GC1003827_F11_NODE_6246_length_1416_cov_17.272304	1416	35.17
GC1003827_F11_NODE_6247_length_1416_cov_6.979054	1416	34.18
GC1003827_F11_NODE_6248_length_1416_cov_5.814585	1416	30.37
GC1003827_F11_NODE_6249_length_1416_cov_4.695888	1416	34.75
GC1003827_F11_NODE_6250_length_1416_cov_4.027929	1416	33.05
GC1003827_F11_NODE_6251_length_1416_cov_3.388673	1416	37.08
GC1003827_F11_NODE_6252_length_1416_cov_2.861133	1416	32.56
GC1003827_F11_NODE_6253_length_1416_cov_2.726144	1416	29.87
GC1003827_F11_NODE_6254_length_1416_cov_1.730799	1416	29.17
GC1003827_F11_NODE_6255_length_1416_cov_1.646237	1416	33.83
GC1003827_F11_NODE_6256_length_1416_cov_1.065167	1416	29.87
GC1003827_F11_NODE_6257_length_1415_cov_16.442547	1415	55.83
GC1003827_F11_NODE_6258_length_1415_cov_10.457298	1415	32.30
GC1003827_F11_NODE_6259_length_1415_cov_8.498447	1415	38.45
GC1003827_F11_NODE_6260_length_1415_cov_8.239130	1415	35.19
GC1003827_F11_NODE_6261_length_1415_cov_7.241460	1415	35.41
GC1003827_F11_NODE_6262_length_1415_cov_5.013975	1415	36.47
GC1003827_F11_NODE_6263_length_1415_cov_3.255435	1415	35.19
GC1003827_F11_NODE_6264_length_1415_cov_2.472826	1415	27.42
GC1003827_F11_NODE_6265_length_1415_cov_2.468168	1415	32.79
GC1003827_F11_NODE_6266_length_1415_cov_2.466615	1415	34.35
GC1003827_F11_NODE_6267_length_1415_cov_2.408385	1415	33.43
GC1003827_F11_NODE_6268_length_1415_cov_1.339286	1415	55.19
GC1003827_F11_NODE_6269_length_1415_cov_1.119565	1415	34.56
GC1003827_F11_NODE_6270_length_1414_cov_30.816628	1414	34.09
GC1003827_F11_NODE_6271_length_1414_cov_11.331779	1414	42.29
GC1003827_F11_NODE_6272_length_1414_cov_10.929293	1414	39.75
GC1003827_F11_NODE_6273_length_1414_cov_10.787102	1414	34.16
GC1003827_F11_NODE_6274_length_1414_cov_9.344988	1414	32.53
GC1003827_F11_NODE_6275_length_1414_cov_8.759130	1414	35.22
GC1003827_F11_NODE_6276_length_1414_cov_8.758353	1414	40.17
GC1003827_F11_NODE_6277_length_1414_cov_7.317016	1414	33.24
GC1003827_F11_NODE_6278_length_1414_cov_6.739705	1414	35.36
GC1003827_F11_NODE_6279_length_1414_cov_5.304584	1414	36.92
GC1003827_F11_NODE_6280_length_1414_cov_5.199689	1414	32.67
GC1003827_F11_NODE_6281_length_1414_cov_5.071484	1414	33.52
GC1003827_F11_NODE_6282_length_1414_cov_4.155400	1414	34.65
GC1003827_F11_NODE_6283_length_1414_cov_3.103341	1414	32.04
GC1003827_F11_NODE_6284_length_1414_cov_2.452214	1414	32.46
GC1003827_F11_NODE_6285_length_1414_cov_2.378399	1414	34.37
GC1003827_F11_NODE_6286_length_1414_cov_1.948718	1414	30.91
GC1003827_F11_NODE_6287_length_1413_cov_25.311820	1413	39.00
GC1003827_F11_NODE_6288_length_1413_cov_21.823484	1413	32.48
GC1003827_F11_NODE_6289_length_1413_cov_11.828927	1413	51.17
GC1003827_F11_NODE_6290_length_1413_cov_9.870140	1413	35.74
GC1003827_F11_NODE_6291_length_1413_cov_5.762830	1413	31.99
GC1003827_F11_NODE_6292_length_1413_cov_3.325816	1413	32.98
GC1003827_F11_NODE_6293_length_1413_cov_3.077760	1413	62.70
GC1003827_F11_NODE_6294_length_1412_cov_26.783658	1412	41.50
GC1003827_F11_NODE_6295_length_1412_cov_10.414786	1412	39.80
GC1003827_F11_NODE_6296_length_1412_cov_4.312840	1412	35.55
GC1003827_F11_NODE_6297_length_1412_cov_3.819455	1412	33.43
GC1003827_F11_NODE_6298_length_1412_cov_3.185214	1412	55.24
GC1003827_F11_NODE_6299_length_1412_cov_3.171984	1412	41.29
GC1003827_F11_NODE_6300_length_1412_cov_1.680934	1412	34.70
GC1003827_F11_NODE_6301_length_1411_cov_29.231308	1411	58.89
GC1003827_F11_NODE_6302_length_1411_cov_17.961059	1411	37.56
GC1003827_F11_NODE_6303_length_1411_cov_10.967290	1411	35.51
GC1003827_F11_NODE_6304_length_1411_cov_10.080218	1411	33.10
GC1003827_F11_NODE_6305_length_1411_cov_8.615265	1411	30.47
GC1003827_F11_NODE_6306_length_1411_cov_7.536604	1411	55.28
GC1003827_F11_NODE_6307_length_1411_cov_5.248442	1411	35.29
GC1003827_F11_NODE_6308_length_1411_cov_3.932243	1411	32.03
GC1003827_F11_NODE_6309_length_1411_cov_3.625389	1411	38.20
GC1003827_F11_NODE_6310_length_1411_cov_3.576324	1411	34.59
GC1003827_F11_NODE_6311_length_1411_cov_2.959502	1411	34.09
GC1003827_F11_NODE_6312_length_1411_cov_2.042835	1411	33.95
GC1003827_F11_NODE_6313_length_1411_cov_2.029595	1411	34.37
GC1003827_F11_NODE_6314_length_1411_cov_1.830997	1411	31.89
GC1003827_F11_NODE_6315_length_1410_cov_27.113796	1410	41.06
GC1003827_F11_NODE_6316_length_1410_cov_10.367888	1410	36.38
GC1003827_F11_NODE_6317_length_1410_cov_6.315666	1410	31.91
GC1003827_F11_NODE_6318_length_1410_cov_5.689790	1410	29.08
GC1003827_F11_NODE_6319_length_1410_cov_4.031956	1410	37.23
GC1003827_F11_NODE_6320_length_1410_cov_2.337490	1410	67.23
GC1003827_F11_NODE_6321_length_1410_cov_2.237724	1410	35.89
GC1003827_F11_NODE_6322_length_1410_cov_1.628215	1410	58.30
GC1003827_F11_NODE_6323_length_1409_cov_20.243370	1409	37.33
GC1003827_F11_NODE_6324_length_1409_cov_19.799532	1409	37.90
GC1003827_F11_NODE_6325_length_1409_cov_18.347114	1409	42.30
GC1003827_F11_NODE_6326_length_1409_cov_11.635725	1409	33.43
GC1003827_F11_NODE_6327_length_1409_cov_8.074883	1409	48.90
GC1003827_F11_NODE_6328_length_1409_cov_7.312012	1409	40.10
GC1003827_F11_NODE_6329_length_1409_cov_6.641966	1409	38.82
GC1003827_F11_NODE_6330_length_1409_cov_6.205928	1409	32.51
GC1003827_F11_NODE_6331_length_1409_cov_4.158346	1409	27.68
GC1003827_F11_NODE_6332_length_1409_cov_2.955538	1409	28.25
GC1003827_F11_NODE_6333_length_1409_cov_2.706708	1409	44.22
GC1003827_F11_NODE_6334_length_1409_cov_1.767551	1409	33.07
GC1003827_F11_NODE_6335_length_1409_cov_1.728549	1409	51.17
GC1003827_F11_NODE_6336_length_1408_cov_6.284934	1408	32.46
GC1003827_F11_NODE_6337_length_1408_cov_5.709602	1408	31.61
GC1003827_F11_NODE_6338_length_1408_cov_4.965652	1408	61.79
GC1003827_F11_NODE_6339_length_1408_cov_4.253708	1408	33.74
GC1003827_F11_NODE_6340_length_1408_cov_2.960968	1408	38.35
GC1003827_F11_NODE_6341_length_1408_cov_2.658860	1408	37.29
GC1003827_F11_NODE_6342_length_1408_cov_2.472287	1408	33.38
GC1003827_F11_NODE_6343_length_1408_cov_1.981265	1408	36.86
GC1003827_F11_NODE_6344_length_1407_cov_9.479688	1407	32.69
GC1003827_F11_NODE_6345_length_1407_cov_8.493750	1407	32.13
GC1003827_F11_NODE_6346_length_1407_cov_7.899219	1407	33.62
GC1003827_F11_NODE_6347_length_1407_cov_5.011719	1407	31.77
GC1003827_F11_NODE_6348_length_1407_cov_4.654687	1407	33.83
GC1003827_F11_NODE_6349_length_1407_cov_3.669531	1407	33.40
GC1003827_F11_NODE_6350_length_1407_cov_2.511719	1407	38.52
GC1003827_F11_NODE_6351_length_1407_cov_0.735156	1407	32.13
GC1003827_F11_NODE_6352_length_1406_cov_28.140735	1406	39.62
GC1003827_F11_NODE_6353_length_1406_cov_22.236904	1406	38.41
GC1003827_F11_NODE_6354_length_1406_cov_17.629398	1406	34.92
GC1003827_F11_NODE_6355_length_1406_cov_11.819390	1406	52.13
GC1003827_F11_NODE_6356_length_1406_cov_4.956998	1406	30.73
GC1003827_F11_NODE_6357_length_1406_cov_3.034402	1406	56.26
GC1003827_F11_NODE_6358_length_1406_cov_2.938233	1406	38.90
GC1003827_F11_NODE_6359_length_1405_cov_7.328638	1405	41.14
GC1003827_F11_NODE_6360_length_1405_cov_7.290297	1405	31.96
GC1003827_F11_NODE_6361_length_1405_cov_5.829421	1405	39.00
GC1003827_F11_NODE_6362_length_1405_cov_5.411581	1405	38.29
GC1003827_F11_NODE_6363_length_1405_cov_4.984351	1405	29.04
GC1003827_F11_NODE_6364_length_1405_cov_3.614241	1405	54.66
GC1003827_F11_NODE_6365_length_1405_cov_3.066510	1405	56.65
GC1003827_F11_NODE_6366_length_1405_cov_2.158059	1405	32.17
GC1003827_F11_NODE_6367_length_1405_cov_2.146322	1405	41.07
GC1003827_F11_NODE_6368_length_1404_cov_42.812060	1404	38.82
GC1003827_F11_NODE_6369_length_1404_cov_14.592796	1404	36.82
GC1003827_F11_NODE_6370_length_1404_cov_12.629601	1404	38.32
GC1003827_F11_NODE_6371_length_1404_cov_9.700078	1404	33.55
GC1003827_F11_NODE_6372_length_1404_cov_6.555991	1404	38.25
GC1003827_F11_NODE_6373_length_1404_cov_4.193422	1404	32.26
GC1003827_F11_NODE_6374_length_1404_cov_4.004699	1404	32.05
GC1003827_F11_NODE_6375_length_1404_cov_3.901331	1404	33.19
GC1003827_F11_NODE_6376_length_1404_cov_2.514487	1404	32.62
GC1003827_F11_NODE_6377_length_1404_cov_1.986688	1404	32.26
GC1003827_F11_NODE_6378_length_1404_cov_1.546594	1404	62.89
GC1003827_F11_NODE_6379_length_1404_cov_1.162099	1404	36.54
GC1003827_F11_NODE_6380_length_1403_cov_20.502351	1403	29.94
GC1003827_F11_NODE_6381_length_1403_cov_16.300940	1403	39.63
GC1003827_F11_NODE_6382_length_1403_cov_13.313480	1403	32.50
GC1003827_F11_NODE_6383_length_1403_cov_7.177900	1403	34.43
GC1003827_F11_NODE_6384_length_1403_cov_3.035266	1403	33.36
GC1003827_F11_NODE_6385_length_1403_cov_2.979624	1403	37.99
GC1003827_F11_NODE_6386_length_1403_cov_1.983542	1403	62.79
GC1003827_F11_NODE_6387_length_1403_cov_1.872257	1403	31.65
GC1003827_F11_NODE_6388_length_1402_cov_7.981961	1402	34.66
GC1003827_F11_NODE_6389_length_1402_cov_7.494118	1402	37.16
GC1003827_F11_NODE_6390_length_1402_cov_6.610980	1402	35.45
GC1003827_F11_NODE_6391_length_1402_cov_5.751373	1402	42.15
GC1003827_F11_NODE_6392_length_1402_cov_3.060392	1402	34.02
GC1003827_F11_NODE_6393_length_1402_cov_2.600000	1402	39.37
GC1003827_F11_NODE_6394_length_1401_cov_17.252747	1401	35.05
GC1003827_F11_NODE_6395_length_1401_cov_13.452119	1401	31.76
GC1003827_F11_NODE_6396_length_1401_cov_7.916013	1401	33.40
GC1003827_F11_NODE_6397_length_1401_cov_6.626374	1401	33.33
GC1003827_F11_NODE_6398_length_1401_cov_6.595761	1401	41.33
GC1003827_F11_NODE_6399_length_1401_cov_4.435636	1401	31.91
GC1003827_F11_NODE_6400_length_1401_cov_3.973312	1401	34.05
GC1003827_F11_NODE_6401_length_1401_cov_3.642857	1401	33.90
GC1003827_F11_NODE_6402_length_1401_cov_2.127943	1401	64.24
GC1003827_F11_NODE_6403_length_1401_cov_1.405808	1401	32.98
GC1003827_F11_NODE_6404_length_1400_cov_33.777690	1400	36.36
GC1003827_F11_NODE_6405_length_1400_cov_7.603299	1400	52.79
GC1003827_F11_NODE_6406_length_1400_cov_7.346426	1400	56.00
GC1003827_F11_NODE_6407_length_1400_cov_3.252946	1400	35.86
GC1003827_F11_NODE_6408_length_1400_cov_3.035350	1400	34.93
GC1003827_F11_NODE_6409_length_1400_cov_2.964650	1400	32.71
GC1003827_F11_NODE_6410_length_1400_cov_2.758052	1400	34.86
GC1003827_F11_NODE_6411_length_1400_cov_1.996858	1400	35.21
GC1003827_F11_NODE_6412_length_1400_cov_1.179104	1400	39.07
GC1003827_F11_NODE_6413_length_1399_cov_17.521226	1399	35.17
GC1003827_F11_NODE_6414_length_1399_cov_13.255503	1399	36.24
GC1003827_F11_NODE_6415_length_1399_cov_4.974843	1399	36.88
GC1003827_F11_NODE_6416_length_1399_cov_4.885220	1399	37.17
GC1003827_F11_NODE_6417_length_1399_cov_4.139937	1399	30.59
GC1003827_F11_NODE_6418_length_1399_cov_4.007075	1399	31.38
GC1003827_F11_NODE_6419_length_1399_cov_2.491352	1399	33.60
GC1003827_F11_NODE_6420_length_1399_cov_2.238994	1399	31.88
GC1003827_F11_NODE_6421_length_1399_cov_1.554245	1399	30.66
GC1003827_F11_NODE_6422_length_1399_cov_1.363994	1399	65.40
GC1003827_F11_NODE_6423_length_1399_cov_1.312107	1399	31.59
GC1003827_F11_NODE_6424_length_1398_cov_19.424862	1398	36.77
GC1003827_F11_NODE_6425_length_1398_cov_16.880409	1398	29.18
GC1003827_F11_NODE_6426_length_1398_cov_8.748230	1398	37.05
GC1003827_F11_NODE_6427_length_1398_cov_7.468922	1398	34.33
GC1003827_F11_NODE_6428_length_1398_cov_6.391817	1398	31.90
GC1003827_F11_NODE_6429_length_1398_cov_4.968529	1398	56.22
GC1003827_F11_NODE_6430_length_1398_cov_4.484658	1398	35.48
GC1003827_F11_NODE_6431_length_1398_cov_3.388670	1398	60.80
GC1003827_F11_NODE_6432_length_1398_cov_3.014949	1398	36.98
GC1003827_F11_NODE_6433_length_1398_cov_2.730134	1398	32.69
GC1003827_F11_NODE_6434_length_1398_cov_2.252557	1398	31.33
GC1003827_F11_NODE_6435_length_1398_cov_2.022030	1398	32.26
GC1003827_F11_NODE_6436_length_1398_cov_1.151849	1398	65.24
GC1003827_F11_NODE_6437_length_1398_cov_0.933124	1398	66.24
GC1003827_F11_NODE_6438_length_1397_cov_29.841732	1397	37.51
GC1003827_F11_NODE_6439_length_1397_cov_9.700787	1397	35.43
GC1003827_F11_NODE_6440_length_1397_cov_8.348819	1397	50.39
GC1003827_F11_NODE_6441_length_1397_cov_8.237008	1397	31.42
GC1003827_F11_NODE_6442_length_1397_cov_6.877165	1397	36.58
GC1003827_F11_NODE_6443_length_1397_cov_6.225984	1397	39.01
GC1003827_F11_NODE_6444_length_1397_cov_5.258268	1397	41.59
GC1003827_F11_NODE_6445_length_1397_cov_5.127559	1397	60.63
GC1003827_F11_NODE_6446_length_1397_cov_4.914173	1397	35.65
GC1003827_F11_NODE_6447_length_1397_cov_4.833858	1397	31.57
GC1003827_F11_NODE_6448_length_1397_cov_4.137795	1397	33.21
GC1003827_F11_NODE_6449_length_1397_cov_2.660630	1397	37.44
GC1003827_F11_NODE_6450_length_1397_cov_2.212598	1397	31.21
GC1003827_F11_NODE_6451_length_1397_cov_2.159843	1397	61.13
GC1003827_F11_NODE_6452_length_1397_cov_0.848819	1397	35.00
GC1003827_F11_NODE_6453_length_1396_cov_13.025217	1396	40.19
GC1003827_F11_NODE_6454_length_1396_cov_10.882585	1396	33.74
GC1003827_F11_NODE_6455_length_1396_cov_9.205674	1396	33.17
GC1003827_F11_NODE_6456_length_1396_cov_7.301024	1396	41.55
GC1003827_F11_NODE_6457_length_1396_cov_6.862096	1396	34.60
GC1003827_F11_NODE_6458_length_1396_cov_4.623325	1396	32.38
GC1003827_F11_NODE_6459_length_1396_cov_3.371158	1396	36.75
GC1003827_F11_NODE_6460_length_1396_cov_3.233255	1396	37.18
GC1003827_F11_NODE_6461_length_1395_cov_11.406151	1395	34.34
GC1003827_F11_NODE_6462_length_1395_cov_8.188486	1395	49.89
GC1003827_F11_NODE_6463_length_1395_cov_7.160883	1395	39.14
GC1003827_F11_NODE_6464_length_1395_cov_5.958202	1395	33.33
GC1003827_F11_NODE_6465_length_1395_cov_4.966877	1395	35.84
GC1003827_F11_NODE_6466_length_1395_cov_3.127760	1395	33.41
GC1003827_F11_NODE_6467_length_1395_cov_1.742114	1395	62.72
GC1003827_F11_NODE_6468_length_1394_cov_100.363852	1394	38.88
GC1003827_F11_NODE_6469_length_1394_cov_8.920284	1394	35.87
GC1003827_F11_NODE_6470_length_1394_cov_7.538279	1394	38.09
GC1003827_F11_NODE_6471_length_1394_cov_6.206788	1394	33.50
GC1003827_F11_NODE_6472_length_1394_cov_5.602210	1394	34.43
GC1003827_F11_NODE_6473_length_1394_cov_4.935280	1394	31.28
GC1003827_F11_NODE_6474_length_1394_cov_3.712707	1394	30.49
GC1003827_F11_NODE_6475_length_1394_cov_2.606946	1394	30.85
GC1003827_F11_NODE_6476_length_1394_cov_2.537490	1394	32.71
GC1003827_F11_NODE_6477_length_1394_cov_1.870560	1394	31.42
GC1003827_F11_NODE_6478_length_1394_cov_1.229676	1394	28.84
GC1003827_F11_NODE_6479_length_1394_cov_1.213102	1394	34.07
GC1003827_F11_NODE_6480_length_1394_cov_1.149961	1394	56.17
GC1003827_F11_NODE_6481_length_1393_cov_16.890205	1393	33.67
GC1003827_F11_NODE_6482_length_1393_cov_6.993681	1393	35.10
GC1003827_F11_NODE_6483_length_1393_cov_6.481043	1393	43.07
GC1003827_F11_NODE_6484_length_1393_cov_6.012638	1393	33.52
GC1003827_F11_NODE_6485_length_1393_cov_5.731438	1393	33.74
GC1003827_F11_NODE_6486_length_1393_cov_5.110585	1393	36.97
GC1003827_F11_NODE_6487_length_1393_cov_4.988152	1393	38.48
GC1003827_F11_NODE_6488_length_1393_cov_4.183254	1393	33.96
GC1003827_F11_NODE_6489_length_1393_cov_3.970774	1393	42.64
GC1003827_F11_NODE_6490_length_1393_cov_2.952607	1393	31.95
GC1003827_F11_NODE_6491_length_1393_cov_2.158768	1393	33.31
GC1003827_F11_NODE_6492_length_1393_cov_2.003949	1393	33.74
GC1003827_F11_NODE_6493_length_1393_cov_1.992101	1393	65.54
GC1003827_F11_NODE_6494_length_1392_cov_38.517787	1392	39.94
GC1003827_F11_NODE_6495_length_1392_cov_17.560474	1392	34.55
GC1003827_F11_NODE_6496_length_1392_cov_11.129644	1392	34.20
GC1003827_F11_NODE_6497_length_1392_cov_8.277470	1392	38.51
GC1003827_F11_NODE_6498_length_1392_cov_4.026877	1392	31.68
GC1003827_F11_NODE_6499_length_1392_cov_3.993676	1392	31.03
GC1003827_F11_NODE_6500_length_1392_cov_3.787352	1392	35.63
GC1003827_F11_NODE_6501_length_1392_cov_3.373123	1392	35.27
GC1003827_F11_NODE_6502_length_1392_cov_2.817391	1392	33.98
GC1003827_F11_NODE_6503_length_1392_cov_2.131225	1392	34.34
GC1003827_F11_NODE_6504_length_1392_cov_1.958893	1392	35.99
GC1003827_F11_NODE_6505_length_1392_cov_1.407905	1392	30.75
GC1003827_F11_NODE_6506_length_1391_cov_115.761867	1391	36.59
GC1003827_F11_NODE_6507_length_1391_cov_12.500000	1391	35.08
GC1003827_F11_NODE_6508_length_1391_cov_11.704114	1391	40.69
GC1003827_F11_NODE_6509_length_1391_cov_5.592563	1391	30.34
GC1003827_F11_NODE_6510_length_1391_cov_3.665348	1391	31.49
GC1003827_F11_NODE_6511_length_1391_cov_3.492880	1391	32.06
GC1003827_F11_NODE_6512_length_1391_cov_1.109177	1391	32.93
GC1003827_F11_NODE_6513_length_1390_cov_28.042755	1390	37.70
GC1003827_F11_NODE_6514_length_1390_cov_11.894695	1390	34.24
GC1003827_F11_NODE_6515_length_1390_cov_9.784640	1390	33.60
GC1003827_F11_NODE_6516_length_1390_cov_6.501188	1390	36.69
GC1003827_F11_NODE_6517_length_1390_cov_6.339667	1390	36.26
GC1003827_F11_NODE_6518_length_1390_cov_6.134600	1390	35.47
GC1003827_F11_NODE_6519_length_1390_cov_5.901029	1390	32.66
GC1003827_F11_NODE_6520_length_1390_cov_5.319873	1390	39.64
GC1003827_F11_NODE_6521_length_1390_cov_3.049881	1390	59.86
GC1003827_F11_NODE_6522_length_1390_cov_3.039588	1390	35.47
GC1003827_F11_NODE_6523_length_1390_cov_2.317498	1390	33.88
GC1003827_F11_NODE_6524_length_1389_cov_30.037242	1389	39.67
GC1003827_F11_NODE_6525_length_1389_cov_28.149762	1389	37.37
GC1003827_F11_NODE_6526_length_1389_cov_12.783677	1389	45.72
GC1003827_F11_NODE_6527_length_1389_cov_9.641838	1389	32.83
GC1003827_F11_NODE_6528_length_1389_cov_8.148970	1389	39.45
GC1003827_F11_NODE_6529_length_1389_cov_6.389065	1389	33.84
GC1003827_F11_NODE_6530_length_1389_cov_4.470681	1389	37.72
GC1003827_F11_NODE_6531_length_1389_cov_4.297940	1389	38.16
GC1003827_F11_NODE_6532_length_1389_cov_3.164025	1389	32.83
GC1003827_F11_NODE_6533_length_1389_cov_3.074485	1389	34.63
GC1003827_F11_NODE_6534_length_1389_cov_2.744849	1389	36.93
GC1003827_F11_NODE_6535_length_1389_cov_1.832013	1389	33.33
GC1003827_F11_NODE_6536_length_1389_cov_1.020602	1389	28.94
GC1003827_F11_NODE_6537_length_1388_cov_14.184774	1388	35.52
GC1003827_F11_NODE_6538_length_1388_cov_10.628866	1388	41.21
GC1003827_F11_NODE_6539_length_1388_cov_7.217288	1388	37.61
GC1003827_F11_NODE_6540_length_1388_cov_4.329104	1388	36.82
GC1003827_F11_NODE_6541_length_1388_cov_3.747819	1388	36.10
GC1003827_F11_NODE_6542_length_1388_cov_2.126883	1388	33.72
GC1003827_F11_NODE_6543_length_1388_cov_1.897700	1388	31.05
GC1003827_F11_NODE_6544_length_1388_cov_1.451229	1388	55.48
GC1003827_F11_NODE_6545_length_1388_cov_1.371134	1388	32.06
GC1003827_F11_NODE_6546_length_1388_cov_0.870738	1388	32.49
GC1003827_F11_NODE_6547_length_1387_cov_29.083333	1387	43.98
GC1003827_F11_NODE_6548_length_1387_cov_21.634921	1387	38.57
GC1003827_F11_NODE_6549_length_1387_cov_9.998413	1387	38.36
GC1003827_F11_NODE_6550_length_1387_cov_8.571429	1387	32.80
GC1003827_F11_NODE_6551_length_1387_cov_8.332540	1387	35.62
GC1003827_F11_NODE_6552_length_1387_cov_7.680952	1387	38.07
GC1003827_F11_NODE_6553_length_1387_cov_7.278571	1387	42.39
GC1003827_F11_NODE_6554_length_1387_cov_4.664286	1387	35.62
GC1003827_F11_NODE_6555_length_1387_cov_4.242063	1387	32.16
GC1003827_F11_NODE_6556_length_1387_cov_2.712698	1387	30.79
GC1003827_F11_NODE_6557_length_1387_cov_1.765873	1387	35.26
GC1003827_F11_NODE_6558_length_1387_cov_1.717460	1387	52.63
GC1003827_F11_NODE_6559_length_1386_cov_17.413026	1386	36.65
GC1003827_F11_NODE_6560_length_1386_cov_16.216839	1386	34.63
GC1003827_F11_NODE_6561_length_1386_cov_10.785544	1386	56.64
GC1003827_F11_NODE_6562_length_1386_cov_7.892772	1386	34.78
GC1003827_F11_NODE_6563_length_1386_cov_7.248610	1386	35.57
GC1003827_F11_NODE_6564_length_1386_cov_6.645751	1386	34.92
GC1003827_F11_NODE_6565_length_1386_cov_5.309770	1386	32.32
GC1003827_F11_NODE_6566_length_1386_cov_2.567117	1386	32.32
GC1003827_F11_NODE_6567_length_1385_cov_19.559618	1385	36.10
GC1003827_F11_NODE_6568_length_1385_cov_11.135135	1385	35.88
GC1003827_F11_NODE_6569_length_1385_cov_8.544515	1385	32.35
GC1003827_F11_NODE_6570_length_1385_cov_5.408585	1385	33.29
GC1003827_F11_NODE_6571_length_1385_cov_3.273450	1385	30.61
GC1003827_F11_NODE_6572_length_1385_cov_0.941971	1385	34.58
GC1003827_F11_NODE_6573_length_1384_cov_29.768496	1384	39.38
GC1003827_F11_NODE_6574_length_1384_cov_24.486874	1384	37.28
GC1003827_F11_NODE_6575_length_1384_cov_15.158313	1384	38.58
GC1003827_F11_NODE_6576_length_1384_cov_7.262530	1384	39.31
GC1003827_F11_NODE_6577_length_1384_cov_6.117741	1384	37.72
GC1003827_F11_NODE_6578_length_1384_cov_3.506762	1384	29.12
GC1003827_F11_NODE_6579_length_1384_cov_1.719173	1384	30.06
GC1003827_F11_NODE_6580_length_1384_cov_0.907717	1384	60.84
GC1003827_F11_NODE_6581_length_1383_cov_39.115446	1383	33.19
GC1003827_F11_NODE_6582_length_1383_cov_7.268312	1383	32.54
GC1003827_F11_NODE_6583_length_1383_cov_7.078025	1383	33.69
GC1003827_F11_NODE_6584_length_1383_cov_4.702229	1383	33.04
GC1003827_F11_NODE_6585_length_1383_cov_4.524682	1383	33.77
GC1003827_F11_NODE_6586_length_1383_cov_2.548567	1383	32.10
GC1003827_F11_NODE_6587_length_1383_cov_1.455414	1383	38.61
GC1003827_F11_NODE_6588_length_1383_cov_1.409236	1383	37.02
GC1003827_F11_NODE_6589_length_1382_cov_18.454183	1382	34.52
GC1003827_F11_NODE_6590_length_1382_cov_14.209562	1382	38.78
GC1003827_F11_NODE_6591_length_1382_cov_10.656574	1382	32.63
GC1003827_F11_NODE_6592_length_1382_cov_10.022311	1382	36.03
GC1003827_F11_NODE_6593_length_1382_cov_8.692430	1382	57.89
GC1003827_F11_NODE_6594_length_1382_cov_6.999203	1382	49.28
GC1003827_F11_NODE_6595_length_1382_cov_6.624701	1382	35.38
GC1003827_F11_NODE_6596_length_1382_cov_5.741036	1382	33.00
GC1003827_F11_NODE_6597_length_1382_cov_4.858167	1382	32.49
GC1003827_F11_NODE_6598_length_1382_cov_4.439044	1382	44.93
GC1003827_F11_NODE_6599_length_1382_cov_3.784064	1382	32.20
GC1003827_F11_NODE_6600_length_1382_cov_3.140239	1382	41.39
GC1003827_F11_NODE_6601_length_1382_cov_1.910757	1382	55.35
GC1003827_F11_NODE_6602_length_1381_cov_10.851675	1381	33.16
GC1003827_F11_NODE_6603_length_1381_cov_8.841308	1381	40.19
GC1003827_F11_NODE_6604_length_1381_cov_7.669856	1381	29.40
GC1003827_F11_NODE_6605_length_1381_cov_5.046252	1381	35.92
GC1003827_F11_NODE_6606_length_1381_cov_4.763955	1381	30.85
GC1003827_F11_NODE_6607_length_1381_cov_3.295056	1381	62.64
GC1003827_F11_NODE_6608_length_1381_cov_2.318979	1381	65.89
GC1003827_F11_NODE_6609_length_1380_cov_10.095770	1380	30.07
GC1003827_F11_NODE_6610_length_1380_cov_9.007981	1380	32.39
GC1003827_F11_NODE_6611_length_1380_cov_4.790104	1380	37.54
GC1003827_F11_NODE_6612_length_1380_cov_4.766161	1380	32.10
GC1003827_F11_NODE_6613_length_1380_cov_4.712690	1380	30.07
GC1003827_F11_NODE_6614_length_1380_cov_4.237829	1380	31.59
GC1003827_F11_NODE_6615_length_1380_cov_4.156425	1380	58.19
GC1003827_F11_NODE_6616_length_1380_cov_3.937749	1380	65.80
GC1003827_F11_NODE_6617_length_1379_cov_14.153355	1379	30.89
GC1003827_F11_NODE_6618_length_1379_cov_10.475240	1379	34.81
GC1003827_F11_NODE_6619_length_1379_cov_8.657348	1379	34.66
GC1003827_F11_NODE_6620_length_1379_cov_6.343450	1379	35.03
GC1003827_F11_NODE_6621_length_1379_cov_4.868211	1379	34.37
GC1003827_F11_NODE_6622_length_1379_cov_4.281949	1379	52.79
GC1003827_F11_NODE_6623_length_1379_cov_2.463259	1379	37.64
GC1003827_F11_NODE_6624_length_1379_cov_0.961661	1379	35.75
GC1003827_F11_NODE_6625_length_1378_cov_20.977618	1378	36.94
GC1003827_F11_NODE_6626_length_1378_cov_11.896882	1378	38.32
GC1003827_F11_NODE_6627_length_1378_cov_10.377298	1378	36.43
GC1003827_F11_NODE_6628_length_1378_cov_6.438849	1378	33.45
GC1003827_F11_NODE_6629_length_1378_cov_5.394085	1378	34.47
GC1003827_F11_NODE_6630_length_1378_cov_4.097522	1378	36.43
GC1003827_F11_NODE_6631_length_1378_cov_3.254197	1378	61.68
GC1003827_F11_NODE_6632_length_1378_cov_2.925659	1378	29.90
GC1003827_F11_NODE_6633_length_1378_cov_2.768185	1378	33.31
GC1003827_F11_NODE_6634_length_1378_cov_2.446043	1378	38.53
GC1003827_F11_NODE_6635_length_1378_cov_1.999201	1378	35.05
GC1003827_F11_NODE_6636_length_1378_cov_1.229416	1378	30.48
GC1003827_F11_NODE_6637_length_1378_cov_1.156675	1378	35.20
GC1003827_F11_NODE_6638_length_1377_cov_5.416000	1377	39.43
GC1003827_F11_NODE_6639_length_1377_cov_5.340000	1377	31.66
GC1003827_F11_NODE_6640_length_1377_cov_4.848800	1377	33.33
GC1003827_F11_NODE_6641_length_1377_cov_4.241600	1377	31.23
GC1003827_F11_NODE_6642_length_1377_cov_3.533600	1377	62.53
GC1003827_F11_NODE_6643_length_1377_cov_3.494400	1377	33.12
GC1003827_F11_NODE_6644_length_1377_cov_2.620000	1377	29.92
GC1003827_F11_NODE_6645_length_1377_cov_1.882400	1377	40.52
GC1003827_F11_NODE_6646_length_1377_cov_1.542400	1377	34.64
GC1003827_F11_NODE_6647_length_1376_cov_16.182546	1376	36.63
GC1003827_F11_NODE_6648_length_1376_cov_12.803042	1376	37.43
GC1003827_F11_NODE_6649_length_1376_cov_9.693355	1376	33.79
GC1003827_F11_NODE_6650_length_1376_cov_8.799840	1376	37.57
GC1003827_F11_NODE_6651_length_1376_cov_5.066453	1376	34.45
GC1003827_F11_NODE_6652_length_1376_cov_4.167334	1376	64.03
GC1003827_F11_NODE_6653_length_1376_cov_4.148919	1376	31.98
GC1003827_F11_NODE_6654_length_1376_cov_3.685348	1376	33.87
GC1003827_F11_NODE_6655_length_1376_cov_2.658927	1376	43.31
GC1003827_F11_NODE_6656_length_1376_cov_1.235388	1376	32.41
GC1003827_F11_NODE_6657_length_1376_cov_1.052042	1376	68.97
GC1003827_F11_NODE_6658_length_1375_cov_12.101763	1375	36.00
GC1003827_F11_NODE_6659_length_1375_cov_8.936699	1375	35.93
GC1003827_F11_NODE_6660_length_1375_cov_6.044872	1375	40.51
GC1003827_F11_NODE_6661_length_1375_cov_5.987981	1375	35.71
GC1003827_F11_NODE_6662_length_1375_cov_5.879808	1375	32.87
GC1003827_F11_NODE_6663_length_1375_cov_5.078526	1375	31.71
GC1003827_F11_NODE_6664_length_1375_cov_3.917468	1375	67.56
GC1003827_F11_NODE_6665_length_1374_cov_43.197273	1374	40.98
GC1003827_F11_NODE_6666_length_1374_cov_6.740176	1374	32.82
GC1003827_F11_NODE_6667_length_1374_cov_6.480353	1374	31.59
GC1003827_F11_NODE_6668_length_1374_cov_5.264635	1374	35.08
GC1003827_F11_NODE_6669_length_1374_cov_3.892542	1374	42.87
GC1003827_F11_NODE_6670_length_1374_cov_3.225341	1374	41.78
GC1003827_F11_NODE_6671_length_1374_cov_2.326383	1374	39.30
GC1003827_F11_NODE_6672_length_1374_cov_1.971131	1374	29.55
GC1003827_F11_NODE_6673_length_1373_cov_30.414928	1373	42.68
GC1003827_F11_NODE_6674_length_1373_cov_21.922151	1373	34.89
GC1003827_F11_NODE_6675_length_1373_cov_17.352327	1373	39.99
GC1003827_F11_NODE_6676_length_1373_cov_11.467095	1373	37.87
GC1003827_F11_NODE_6677_length_1373_cov_10.897271	1373	52.22
GC1003827_F11_NODE_6678_length_1373_cov_8.957464	1373	33.58
GC1003827_F11_NODE_6679_length_1373_cov_8.726324	1373	33.72
GC1003827_F11_NODE_6680_length_1373_cov_8.495185	1373	39.77
GC1003827_F11_NODE_6681_length_1373_cov_7.087480	1373	33.65
GC1003827_F11_NODE_6682_length_1373_cov_3.689406	1373	35.11
GC1003827_F11_NODE_6683_length_1373_cov_3.603531	1373	38.75
GC1003827_F11_NODE_6684_length_1373_cov_3.346709	1373	29.79
GC1003827_F11_NODE_6685_length_1373_cov_1.902889	1373	34.09
GC1003827_F11_NODE_6686_length_1372_cov_13.833735	1372	39.36
GC1003827_F11_NODE_6687_length_1372_cov_12.074699	1372	39.29
GC1003827_F11_NODE_6688_length_1372_cov_8.838554	1372	32.51
GC1003827_F11_NODE_6689_length_1372_cov_7.138153	1372	59.11
GC1003827_F11_NODE_6690_length_1372_cov_4.501205	1372	36.59
GC1003827_F11_NODE_6691_length_1372_cov_2.412851	1372	30.25
GC1003827_F11_NODE_6692_length_1372_cov_1.514056	1372	36.88
GC1003827_F11_NODE_6693_length_1372_cov_1.314859	1372	40.38
GC1003827_F11_NODE_6694_length_1371_cov_21.266881	1371	36.32
GC1003827_F11_NODE_6695_length_1371_cov_6.540193	1371	33.63
GC1003827_F11_NODE_6696_length_1371_cov_4.557878	1371	37.49
GC1003827_F11_NODE_6697_length_1371_cov_3.381029	1371	35.16
GC1003827_F11_NODE_6698_length_1371_cov_3.269293	1371	33.41
GC1003827_F11_NODE_6699_length_1371_cov_2.862540	1371	43.62
GC1003827_F11_NODE_6700_length_1371_cov_1.741158	1371	30.63
GC1003827_F11_NODE_6701_length_1371_cov_1.435691	1371	59.01
GC1003827_F11_NODE_6702_length_1371_cov_1.285370	1371	36.11
GC1003827_F11_NODE_6703_length_1370_cov_10.990346	1370	34.31
GC1003827_F11_NODE_6704_length_1370_cov_6.073210	1370	36.20
GC1003827_F11_NODE_6705_length_1370_cov_4.297667	1370	37.45
GC1003827_F11_NODE_6706_length_1370_cov_4.168946	1370	34.38
GC1003827_F11_NODE_6707_length_1370_cov_3.678198	1370	30.29
GC1003827_F11_NODE_6708_length_1370_cov_1.975865	1370	33.28
GC1003827_F11_NODE_6709_length_1370_cov_1.744972	1370	31.31
GC1003827_F11_NODE_6710_length_1370_cov_1.526146	1370	27.66
GC1003827_F11_NODE_6711_length_1369_cov_19.154589	1369	34.92
GC1003827_F11_NODE_6712_length_1369_cov_13.555556	1369	33.02
GC1003827_F11_NODE_6713_length_1369_cov_5.814010	1369	37.11
GC1003827_F11_NODE_6714_length_1369_cov_5.789050	1369	31.41
GC1003827_F11_NODE_6715_length_1369_cov_5.608696	1369	32.21
GC1003827_F11_NODE_6716_length_1369_cov_5.503221	1369	31.70
GC1003827_F11_NODE_6717_length_1369_cov_3.690016	1369	42.44
GC1003827_F11_NODE_6718_length_1369_cov_3.669887	1369	38.13
GC1003827_F11_NODE_6719_length_1369_cov_2.498390	1369	33.97
GC1003827_F11_NODE_6720_length_1369_cov_2.295491	1369	30.90
GC1003827_F11_NODE_6721_length_1369_cov_1.867955	1369	62.53
GC1003827_F11_NODE_6722_length_1369_cov_1.696457	1369	31.12
GC1003827_F11_NODE_6723_length_1369_cov_0.746377	1369	28.93
GC1003827_F11_NODE_6724_length_1368_cov_6.267526	1368	57.89
GC1003827_F11_NODE_6725_length_1368_cov_6.047542	1368	34.14
GC1003827_F11_NODE_6726_length_1368_cov_4.416600	1368	33.33
GC1003827_F11_NODE_6727_length_1368_cov_4.017728	1368	33.63
GC1003827_F11_NODE_6728_length_1368_cov_3.944400	1368	33.26
GC1003827_F11_NODE_6729_length_1368_cov_3.790492	1368	36.26
GC1003827_F11_NODE_6730_length_1368_cov_2.709911	1368	34.50
GC1003827_F11_NODE_6731_length_1368_cov_2.097502	1368	33.48
GC1003827_F11_NODE_6732_length_1368_cov_1.753425	1368	34.06
GC1003827_F11_NODE_6733_length_1367_cov_31.631452	1367	38.26
GC1003827_F11_NODE_6734_length_1367_cov_14.492742	1367	51.43
GC1003827_F11_NODE_6735_length_1367_cov_10.290323	1367	35.04
GC1003827_F11_NODE_6736_length_1367_cov_10.152419	1367	39.87
GC1003827_F11_NODE_6737_length_1367_cov_6.518548	1367	34.89
GC1003827_F11_NODE_6738_length_1367_cov_5.396774	1367	38.84
GC1003827_F11_NODE_6739_length_1367_cov_4.906452	1367	37.09
GC1003827_F11_NODE_6740_length_1367_cov_3.770161	1367	42.94
GC1003827_F11_NODE_6741_length_1367_cov_3.018548	1367	41.99
GC1003827_F11_NODE_6742_length_1367_cov_1.875806	1367	34.67
GC1003827_F11_NODE_6743_length_1367_cov_1.716129	1367	31.31
GC1003827_F11_NODE_6744_length_1367_cov_1.714516	1367	35.55
GC1003827_F11_NODE_6745_length_1367_cov_1.141935	1367	38.84
GC1003827_F11_NODE_6746_length_1366_cov_9.084746	1366	36.16
GC1003827_F11_NODE_6747_length_1366_cov_6.876513	1366	40.41
GC1003827_F11_NODE_6748_length_1366_cov_5.908797	1366	33.38
GC1003827_F11_NODE_6749_length_1366_cov_5.362389	1366	32.43
GC1003827_F11_NODE_6750_length_1366_cov_5.250202	1366	36.46
GC1003827_F11_NODE_6751_length_1366_cov_5.068604	1366	36.60
GC1003827_F11_NODE_6752_length_1366_cov_4.821630	1366	33.60
GC1003827_F11_NODE_6753_length_1366_cov_4.418079	1366	28.04
GC1003827_F11_NODE_6754_length_1366_cov_4.137207	1366	35.51
GC1003827_F11_NODE_6755_length_1366_cov_3.251816	1366	35.94
GC1003827_F11_NODE_6756_length_1366_cov_2.787732	1366	32.87
GC1003827_F11_NODE_6757_length_1366_cov_2.719935	1366	54.17
GC1003827_F11_NODE_6758_length_1366_cov_2.641646	1366	30.89
GC1003827_F11_NODE_6759_length_1366_cov_2.298628	1366	34.92
GC1003827_F11_NODE_6760_length_1366_cov_1.790153	1366	35.29
GC1003827_F11_NODE_6761_length_1366_cov_1.644875	1366	31.48
GC1003827_F11_NODE_6762_length_1366_cov_1.346247	1366	34.04
GC1003827_F11_NODE_6763_length_1365_cov_26.371567	1365	35.02
GC1003827_F11_NODE_6764_length_1365_cov_6.897415	1365	33.11
GC1003827_F11_NODE_6765_length_1365_cov_5.858643	1365	30.92
GC1003827_F11_NODE_6766_length_1365_cov_5.387722	1365	42.56
GC1003827_F11_NODE_6767_length_1365_cov_5.367528	1365	32.16
GC1003827_F11_NODE_6768_length_1365_cov_2.702746	1365	31.21
GC1003827_F11_NODE_6769_length_1365_cov_2.204362	1365	39.34
GC1003827_F11_NODE_6770_length_1365_cov_1.770598	1365	29.89
GC1003827_F11_NODE_6771_length_1365_cov_1.569467	1365	67.40
GC1003827_F11_NODE_6772_length_1365_cov_0.924879	1365	62.27
GC1003827_F11_NODE_6773_length_1364_cov_8.369442	1364	39.88
GC1003827_F11_NODE_6774_length_1364_cov_8.016977	1364	31.45
GC1003827_F11_NODE_6775_length_1364_cov_7.856103	1364	34.09
GC1003827_F11_NODE_6776_length_1364_cov_6.201293	1364	37.83
GC1003827_F11_NODE_6777_length_1364_cov_4.944220	1364	39.30
GC1003827_F11_NODE_6778_length_1364_cov_4.789814	1364	31.74
GC1003827_F11_NODE_6779_length_1364_cov_4.441390	1364	37.17
GC1003827_F11_NODE_6780_length_1364_cov_3.919159	1364	31.38
GC1003827_F11_NODE_6781_length_1364_cov_3.447858	1364	32.33
GC1003827_F11_NODE_6782_length_1364_cov_3.107518	1364	34.75
GC1003827_F11_NODE_6783_length_1364_cov_2.956346	1364	31.38
GC1003827_F11_NODE_6784_length_1364_cov_2.915117	1364	32.40
GC1003827_F11_NODE_6785_length_1364_cov_2.244139	1364	30.87
GC1003827_F11_NODE_6786_length_1364_cov_1.769604	1364	36.22
GC1003827_F11_NODE_6787_length_1364_cov_1.308812	1364	54.03
GC1003827_F11_NODE_6788_length_1364_cov_1.260307	1364	63.20
GC1003827_F11_NODE_6789_length_1363_cov_11.259709	1363	35.73
GC1003827_F11_NODE_6790_length_1363_cov_10.736246	1363	32.50
GC1003827_F11_NODE_6791_length_1363_cov_5.826052	1363	31.33
GC1003827_F11_NODE_6792_length_1363_cov_1.906149	1363	33.24
GC1003827_F11_NODE_6793_length_1362_cov_15.360324	1362	34.43
GC1003827_F11_NODE_6794_length_1362_cov_8.765992	1362	34.73
GC1003827_F11_NODE_6795_length_1362_cov_7.849393	1362	32.38
GC1003827_F11_NODE_6796_length_1362_cov_4.122267	1362	60.13
GC1003827_F11_NODE_6797_length_1362_cov_3.931984	1362	31.42
GC1003827_F11_NODE_6798_length_1362_cov_2.651822	1362	38.40
GC1003827_F11_NODE_6799_length_1362_cov_2.243725	1362	29.74
GC1003827_F11_NODE_6800_length_1362_cov_1.761134	1362	35.10
GC1003827_F11_NODE_6801_length_1361_cov_18.664506	1361	48.05
GC1003827_F11_NODE_6802_length_1361_cov_17.572934	1361	33.95
GC1003827_F11_NODE_6803_length_1361_cov_12.982172	1361	37.62
GC1003827_F11_NODE_6804_length_1361_cov_11.656402	1361	32.62
GC1003827_F11_NODE_6805_length_1361_cov_10.979741	1361	31.67
GC1003827_F11_NODE_6806_length_1361_cov_9.555916	1361	36.96
GC1003827_F11_NODE_6807_length_1361_cov_7.510535	1361	31.23
GC1003827_F11_NODE_6808_length_1361_cov_5.428687	1361	30.86
GC1003827_F11_NODE_6809_length_1361_cov_3.867099	1361	30.71
GC1003827_F11_NODE_6810_length_1361_cov_3.291734	1361	34.24
GC1003827_F11_NODE_6811_length_1361_cov_3.281199	1361	35.93
GC1003827_F11_NODE_6812_length_1361_cov_2.525932	1361	37.55
GC1003827_F11_NODE_6813_length_1361_cov_1.982172	1361	51.14
GC1003827_F11_NODE_6814_length_1360_cov_13.819951	1360	53.75
GC1003827_F11_NODE_6815_length_1360_cov_9.922952	1360	38.38
GC1003827_F11_NODE_6816_length_1360_cov_6.288727	1360	33.16
GC1003827_F11_NODE_6817_length_1360_cov_5.507705	1360	33.82
GC1003827_F11_NODE_6818_length_1360_cov_3.991890	1360	35.66
GC1003827_F11_NODE_6819_length_1360_cov_3.746148	1360	32.50
GC1003827_F11_NODE_6820_length_1360_cov_3.505272	1360	61.40
GC1003827_F11_NODE_6821_length_1360_cov_2.531225	1360	34.26
GC1003827_F11_NODE_6822_length_1360_cov_2.049473	1360	38.09
GC1003827_F11_NODE_6823_length_1360_cov_1.911598	1360	59.12
GC1003827_F11_NODE_6824_length_1360_cov_1.510138	1360	30.88
GC1003827_F11_NODE_6825_length_1360_cov_1.375507	1360	31.03
GC1003827_F11_NODE_6826_length_1360_cov_0.855637	1360	32.43
GC1003827_F11_NODE_6827_length_1359_cov_22.156656	1359	37.09
GC1003827_F11_NODE_6828_length_1359_cov_9.280032	1359	33.77
GC1003827_F11_NODE_6829_length_1359_cov_6.846591	1359	36.50
GC1003827_F11_NODE_6830_length_1359_cov_4.987825	1359	36.28
GC1003827_F11_NODE_6831_length_1359_cov_4.100649	1359	31.64
GC1003827_F11_NODE_6832_length_1359_cov_3.720779	1359	38.12
GC1003827_F11_NODE_6833_length_1359_cov_3.613636	1359	31.71
GC1003827_F11_NODE_6834_length_1359_cov_3.452922	1359	30.02
GC1003827_F11_NODE_6835_length_1359_cov_2.762987	1359	39.15
GC1003827_F11_NODE_6836_length_1359_cov_2.435065	1359	50.33
GC1003827_F11_NODE_6837_length_1359_cov_2.233766	1359	30.02
GC1003827_F11_NODE_6838_length_1359_cov_1.984578	1359	32.23
GC1003827_F11_NODE_6839_length_1358_cov_7.347685	1358	34.02
GC1003827_F11_NODE_6840_length_1358_cov_6.180341	1358	33.43
GC1003827_F11_NODE_6841_length_1358_cov_5.312754	1358	31.30
GC1003827_F11_NODE_6842_length_1358_cov_3.307880	1358	33.51
GC1003827_F11_NODE_6843_length_1358_cov_2.130788	1358	31.37
GC1003827_F11_NODE_6844_length_1358_cov_1.290820	1358	31.52
GC1003827_F11_NODE_6845_length_1358_cov_1.228270	1358	32.40
GC1003827_F11_NODE_6846_length_1358_cov_0.831032	1358	33.21
GC1003827_F11_NODE_6847_length_1357_cov_19.914634	1357	35.00
GC1003827_F11_NODE_6848_length_1357_cov_7.534959	1357	35.00
GC1003827_F11_NODE_6849_length_1357_cov_5.863415	1357	32.35
GC1003827_F11_NODE_6850_length_1357_cov_5.355285	1357	43.40
GC1003827_F11_NODE_6851_length_1357_cov_4.571545	1357	33.46
GC1003827_F11_NODE_6852_length_1357_cov_1.547154	1357	33.09
GC1003827_F11_NODE_6853_length_1357_cov_1.403252	1357	66.18
GC1003827_F11_NODE_6854_length_1357_cov_1.226829	1357	50.18
GC1003827_F11_NODE_6855_length_1357_cov_1.032520	1357	65.88
GC1003827_F11_NODE_6856_length_1356_cov_24.438568	1356	38.50
GC1003827_F11_NODE_6857_length_1356_cov_14.317331	1356	42.99
GC1003827_F11_NODE_6858_length_1356_cov_11.620016	1356	35.32
GC1003827_F11_NODE_6859_length_1356_cov_10.101709	1356	40.04
GC1003827_F11_NODE_6860_length_1356_cov_9.890968	1356	45.06
GC1003827_F11_NODE_6861_length_1356_cov_8.395443	1356	40.49
GC1003827_F11_NODE_6862_length_1356_cov_6.899105	1356	35.62
GC1003827_F11_NODE_6863_length_1356_cov_6.716843	1356	42.85
GC1003827_F11_NODE_6864_length_1356_cov_4.661513	1356	34.73
GC1003827_F11_NODE_6865_length_1356_cov_4.065094	1356	35.55
GC1003827_F11_NODE_6866_length_1356_cov_4.038242	1356	37.02
GC1003827_F11_NODE_6867_length_1356_cov_3.754272	1356	35.99
GC1003827_F11_NODE_6868_length_1356_cov_2.760781	1356	31.71
GC1003827_F11_NODE_6869_length_1356_cov_2.717657	1356	29.72
GC1003827_F11_NODE_6870_length_1356_cov_2.561432	1356	42.26
GC1003827_F11_NODE_6871_length_1356_cov_2.262815	1356	33.33
GC1003827_F11_NODE_6872_length_1356_cov_1.899105	1356	37.98
GC1003827_F11_NODE_6873_length_1356_cov_0.559805	1356	35.77
GC1003827_F11_NODE_6874_length_1355_cov_22.365635	1355	40.15
GC1003827_F11_NODE_6875_length_1355_cov_14.999186	1355	44.21
GC1003827_F11_NODE_6876_length_1355_cov_13.355049	1355	33.80
GC1003827_F11_NODE_6877_length_1355_cov_11.303746	1355	38.23
GC1003827_F11_NODE_6878_length_1355_cov_11.140065	1355	49.74
GC1003827_F11_NODE_6879_length_1355_cov_9.623779	1355	32.47
GC1003827_F11_NODE_6880_length_1355_cov_8.338762	1355	38.08
GC1003827_F11_NODE_6881_length_1355_cov_8.291531	1355	37.86
GC1003827_F11_NODE_6882_length_1355_cov_5.562704	1355	35.87
GC1003827_F11_NODE_6883_length_1355_cov_3.504886	1355	31.37
GC1003827_F11_NODE_6884_length_1355_cov_2.925896	1355	30.55
GC1003827_F11_NODE_6885_length_1355_cov_2.825733	1355	30.70
GC1003827_F11_NODE_6886_length_1355_cov_2.093648	1355	34.46
GC1003827_F11_NODE_6887_length_1355_cov_1.813518	1355	31.14
GC1003827_F11_NODE_6888_length_1355_cov_1.710098	1355	30.26
GC1003827_F11_NODE_6889_length_1354_cov_16.788916	1354	34.93
GC1003827_F11_NODE_6890_length_1354_cov_14.225754	1354	51.85
GC1003827_F11_NODE_6891_length_1354_cov_7.810921	1354	51.11
GC1003827_F11_NODE_6892_length_1354_cov_6.373268	1354	36.19
GC1003827_F11_NODE_6893_length_1354_cov_4.286064	1354	31.17
GC1003827_F11_NODE_6894_length_1354_cov_4.017115	1354	37.96
GC1003827_F11_NODE_6895_length_1354_cov_2.941320	1354	32.35
GC1003827_F11_NODE_6896_length_1354_cov_2.938875	1354	36.93
GC1003827_F11_NODE_6897_length_1354_cov_2.582722	1354	34.56
GC1003827_F11_NODE_6898_length_1354_cov_1.704156	1354	36.34
GC1003827_F11_NODE_6899_length_1354_cov_1.370008	1354	34.49
GC1003827_F11_NODE_6900_length_1353_cov_20.288744	1353	58.24
GC1003827_F11_NODE_6901_length_1353_cov_14.258564	1353	47.89
GC1003827_F11_NODE_6902_length_1353_cov_5.928222	1353	32.08
GC1003827_F11_NODE_6903_length_1353_cov_5.853181	1353	33.04
GC1003827_F11_NODE_6904_length_1353_cov_5.215334	1353	35.77
GC1003827_F11_NODE_6905_length_1353_cov_4.273246	1353	32.22
GC1003827_F11_NODE_6906_length_1353_cov_4.146819	1353	32.89
GC1003827_F11_NODE_6907_length_1353_cov_3.421697	1353	30.82
GC1003827_F11_NODE_6908_length_1353_cov_2.953507	1353	35.85
GC1003827_F11_NODE_6909_length_1353_cov_2.291191	1353	32.00
GC1003827_F11_NODE_6910_length_1352_cov_14.754286	1352	33.95
GC1003827_F11_NODE_6911_length_1352_cov_4.145306	1352	39.05
GC1003827_F11_NODE_6912_length_1352_cov_3.675918	1352	31.95
GC1003827_F11_NODE_6913_length_1352_cov_2.737143	1352	32.99
GC1003827_F11_NODE_6914_length_1351_cov_24.272876	1351	32.27
GC1003827_F11_NODE_6915_length_1351_cov_16.837418	1351	40.78
GC1003827_F11_NODE_6916_length_1351_cov_9.493464	1351	36.57
GC1003827_F11_NODE_6917_length_1351_cov_7.232026	1351	36.64
GC1003827_F11_NODE_6918_length_1351_cov_6.378268	1351	58.03
GC1003827_F11_NODE_6919_length_1351_cov_5.918301	1351	37.82
GC1003827_F11_NODE_6920_length_1351_cov_5.854575	1351	32.79
GC1003827_F11_NODE_6921_length_1351_cov_5.709967	1351	35.68
GC1003827_F11_NODE_6922_length_1351_cov_5.616830	1351	31.90
GC1003827_F11_NODE_6923_length_1351_cov_5.065359	1351	33.83
GC1003827_F11_NODE_6924_length_1351_cov_4.955882	1351	32.79
GC1003827_F11_NODE_6925_length_1351_cov_2.562908	1351	33.75
GC1003827_F11_NODE_6926_length_1351_cov_2.484477	1351	37.82
GC1003827_F11_NODE_6927_length_1351_cov_2.075980	1351	37.53
GC1003827_F11_NODE_6928_length_1351_cov_2.008987	1351	29.02
GC1003827_F11_NODE_6929_length_1351_cov_1.502451	1351	32.94
GC1003827_F11_NODE_6930_length_1351_cov_1.382353	1351	33.46
GC1003827_F11_NODE_6931_length_1350_cov_10.109567	1350	36.67
GC1003827_F11_NODE_6932_length_1350_cov_6.152085	1350	32.89
GC1003827_F11_NODE_6933_length_1350_cov_5.976288	1350	32.15
GC1003827_F11_NODE_6934_length_1350_cov_5.900245	1350	29.04
GC1003827_F11_NODE_6935_length_1350_cov_4.811938	1350	51.70
GC1003827_F11_NODE_6936_length_1350_cov_4.349141	1350	38.74
GC1003827_F11_NODE_6937_length_1350_cov_1.564186	1350	29.26
GC1003827_F11_NODE_6938_length_1350_cov_1.067048	1350	31.26
GC1003827_F11_NODE_6939_length_1350_cov_0.856092	1350	26.96
GC1003827_F11_NODE_6940_length_1349_cov_10.914894	1349	35.29
GC1003827_F11_NODE_6941_length_1349_cov_6.411620	1349	37.06
GC1003827_F11_NODE_6942_length_1349_cov_5.869067	1349	34.54
GC1003827_F11_NODE_6943_length_1349_cov_5.005728	1349	32.02
GC1003827_F11_NODE_6944_length_1349_cov_3.801964	1349	31.80
GC1003827_F11_NODE_6945_length_1349_cov_3.415712	1349	34.91
GC1003827_F11_NODE_6946_length_1349_cov_2.894435	1349	34.10
GC1003827_F11_NODE_6947_length_1349_cov_2.677578	1349	32.25
GC1003827_F11_NODE_6948_length_1349_cov_2.275777	1349	30.32
GC1003827_F11_NODE_6949_length_1349_cov_1.979542	1349	32.10
GC1003827_F11_NODE_6950_length_1349_cov_1.960720	1349	34.77
GC1003827_F11_NODE_6951_length_1349_cov_1.852700	1349	39.96
GC1003827_F11_NODE_6952_length_1349_cov_1.755319	1349	30.91
GC1003827_F11_NODE_6953_length_1349_cov_1.639935	1349	34.40
GC1003827_F11_NODE_6954_length_1348_cov_20.520066	1348	52.37
GC1003827_F11_NODE_6955_length_1348_cov_13.054873	1348	36.13
GC1003827_F11_NODE_6956_length_1348_cov_8.040131	1348	38.95
GC1003827_F11_NODE_6957_length_1348_cov_6.493038	1348	35.91
GC1003827_F11_NODE_6958_length_1348_cov_5.217854	1348	64.02
GC1003827_F11_NODE_6959_length_1348_cov_4.424242	1348	30.34
GC1003827_F11_NODE_6960_length_1348_cov_4.420966	1348	32.57
GC1003827_F11_NODE_6961_length_1348_cov_1.702703	1348	33.23
GC1003827_F11_NODE_6962_length_1348_cov_1.618346	1348	34.57
GC1003827_F11_NODE_6963_length_1348_cov_1.464373	1348	59.35
GC1003827_F11_NODE_6964_length_1347_cov_22.414754	1347	42.46
GC1003827_F11_NODE_6965_length_1347_cov_14.493443	1347	32.67
GC1003827_F11_NODE_6966_length_1347_cov_8.922951	1347	39.12
GC1003827_F11_NODE_6967_length_1347_cov_8.450820	1347	37.19
GC1003827_F11_NODE_6968_length_1347_cov_7.973770	1347	39.57
GC1003827_F11_NODE_6969_length_1347_cov_5.520492	1347	58.13
GC1003827_F11_NODE_6970_length_1347_cov_2.475410	1347	30.59
GC1003827_F11_NODE_6971_length_1347_cov_2.434426	1347	32.96
GC1003827_F11_NODE_6972_length_1347_cov_2.356557	1347	32.07
GC1003827_F11_NODE_6973_length_1347_cov_1.812295	1347	34.30
GC1003827_F11_NODE_6974_length_1347_cov_0.933607	1347	32.44
GC1003827_F11_NODE_6975_length_1346_cov_13.356850	1346	39.15
GC1003827_F11_NODE_6976_length_1346_cov_11.044299	1346	36.40
GC1003827_F11_NODE_6977_length_1346_cov_10.692371	1346	35.81
GC1003827_F11_NODE_6978_length_1346_cov_6.402789	1346	33.06
GC1003827_F11_NODE_6979_length_1346_cov_6.081214	1346	32.39
GC1003827_F11_NODE_6980_length_1346_cov_5.813782	1346	55.79
GC1003827_F11_NODE_6981_length_1346_cov_4.714520	1346	64.34
GC1003827_F11_NODE_6982_length_1346_cov_4.519278	1346	39.52
GC1003827_F11_NODE_6983_length_1346_cov_4.414274	1346	51.71
GC1003827_F11_NODE_6984_length_1346_cov_4.332240	1346	39.82
GC1003827_F11_NODE_6985_length_1346_cov_3.309270	1346	40.27
GC1003827_F11_NODE_6986_length_1346_cov_2.887613	1346	68.13
GC1003827_F11_NODE_6987_length_1346_cov_1.716161	1346	40.49
GC1003827_F11_NODE_6988_length_1345_cov_26.108374	1345	39.33
GC1003827_F11_NODE_6989_length_1345_cov_11.431034	1345	38.96
GC1003827_F11_NODE_6990_length_1345_cov_10.334975	1345	36.21
GC1003827_F11_NODE_6991_length_1345_cov_6.941708	1345	36.28
GC1003827_F11_NODE_6992_length_1345_cov_6.277504	1345	31.82
GC1003827_F11_NODE_6993_length_1345_cov_3.642857	1345	62.16
GC1003827_F11_NODE_6994_length_1345_cov_3.630542	1345	36.51
GC1003827_F11_NODE_6995_length_1345_cov_2.211002	1345	31.75
GC1003827_F11_NODE_6996_length_1344_cov_9.479047	1344	34.60
GC1003827_F11_NODE_6997_length_1344_cov_8.147083	1344	55.28
GC1003827_F11_NODE_6998_length_1344_cov_8.027116	1344	33.04
GC1003827_F11_NODE_6999_length_1344_cov_7.125719	1344	37.35
GC1003827_F11_NODE_7000_length_1344_cov_7.006574	1344	37.35
GC1003827_F11_NODE_7001_length_1344_cov_6.337716	1344	58.56
GC1003827_F11_NODE_7002_length_1344_cov_6.244864	1344	35.71
GC1003827_F11_NODE_7003_length_1344_cov_4.746919	1344	29.61
GC1003827_F11_NODE_7004_length_1344_cov_4.322925	1344	64.81
GC1003827_F11_NODE_7005_length_1344_cov_3.726376	1344	37.43
GC1003827_F11_NODE_7006_length_1344_cov_3.526705	1344	37.35
GC1003827_F11_NODE_7007_length_1344_cov_3.158587	1344	35.12
GC1003827_F11_NODE_7008_length_1344_cov_2.453574	1344	32.14
GC1003827_F11_NODE_7009_length_1344_cov_1.957272	1344	30.80
GC1003827_F11_NODE_7010_length_1344_cov_1.000822	1344	29.54
GC1003827_F11_NODE_7011_length_1343_cov_6.908717	1343	32.61
GC1003827_F11_NODE_7012_length_1343_cov_4.723684	1343	34.40
GC1003827_F11_NODE_7013_length_1343_cov_4.662007	1343	34.77
GC1003827_F11_NODE_7014_length_1343_cov_2.906250	1343	36.78
GC1003827_F11_NODE_7015_length_1343_cov_2.612664	1343	36.19
GC1003827_F11_NODE_7016_length_1343_cov_2.259868	1343	38.57
GC1003827_F11_NODE_7017_length_1343_cov_2.084704	1343	33.06
GC1003827_F11_NODE_7018_length_1343_cov_1.841283	1343	28.67
GC1003827_F11_NODE_7019_length_1343_cov_1.837993	1343	31.35
GC1003827_F11_NODE_7020_length_1343_cov_1.398849	1343	64.93
GC1003827_F11_NODE_7021_length_1342_cov_13.317695	1342	34.87
GC1003827_F11_NODE_7022_length_1342_cov_12.026337	1342	48.73
GC1003827_F11_NODE_7023_length_1342_cov_9.560494	1342	36.81
GC1003827_F11_NODE_7024_length_1342_cov_9.549794	1342	33.68
GC1003827_F11_NODE_7025_length_1342_cov_7.165432	1342	39.34
GC1003827_F11_NODE_7026_length_1342_cov_3.862551	1342	33.46
GC1003827_F11_NODE_7027_length_1342_cov_3.697942	1342	67.29
GC1003827_F11_NODE_7028_length_1342_cov_3.290535	1342	31.82
GC1003827_F11_NODE_7029_length_1342_cov_2.975309	1342	31.67
GC1003827_F11_NODE_7030_length_1342_cov_2.859259	1342	34.95
GC1003827_F11_NODE_7031_length_1342_cov_1.630453	1342	34.72
GC1003827_F11_NODE_7032_length_1341_cov_24.134267	1341	38.63
GC1003827_F11_NODE_7033_length_1341_cov_20.980231	1341	38.70
GC1003827_F11_NODE_7034_length_1341_cov_9.276771	1341	35.57
GC1003827_F11_NODE_7035_length_1341_cov_7.379736	1341	34.68
GC1003827_F11_NODE_7036_length_1341_cov_5.746293	1341	33.33
GC1003827_F11_NODE_7037_length_1341_cov_5.372323	1341	37.14
GC1003827_F11_NODE_7038_length_1341_cov_4.341845	1341	34.82
GC1003827_F11_NODE_7039_length_1341_cov_3.304778	1341	35.12
GC1003827_F11_NODE_7040_length_1341_cov_1.476112	1341	33.48
GC1003827_F11_NODE_7041_length_1341_cov_1.375618	1341	31.62
GC1003827_F11_NODE_7042_length_1340_cov_25.765870	1340	39.25
GC1003827_F11_NODE_7043_length_1340_cov_14.798846	1340	47.01
GC1003827_F11_NODE_7044_length_1340_cov_10.258862	1340	32.46
GC1003827_F11_NODE_7045_length_1340_cov_8.317395	1340	30.07
GC1003827_F11_NODE_7046_length_1340_cov_6.730420	1340	31.94
GC1003827_F11_NODE_7047_length_1340_cov_4.201154	1340	30.90
GC1003827_F11_NODE_7048_length_1340_cov_3.092333	1340	48.51
GC1003827_F11_NODE_7049_length_1340_cov_3.004946	1340	30.15
GC1003827_F11_NODE_7050_length_1340_cov_2.962902	1340	30.90
GC1003827_F11_NODE_7051_length_1340_cov_2.291014	1340	67.69
GC1003827_F11_NODE_7052_length_1340_cov_1.676010	1340	30.22
GC1003827_F11_NODE_7053_length_1339_cov_10.042904	1339	34.06
GC1003827_F11_NODE_7054_length_1339_cov_7.127888	1339	32.71
GC1003827_F11_NODE_7055_length_1339_cov_6.772277	1339	57.36
GC1003827_F11_NODE_7056_length_1339_cov_5.839109	1339	33.38
GC1003827_F11_NODE_7057_length_1339_cov_5.020627	1339	33.38
GC1003827_F11_NODE_7058_length_1339_cov_4.429868	1339	34.88
GC1003827_F11_NODE_7059_length_1339_cov_4.330033	1339	32.19
GC1003827_F11_NODE_7060_length_1339_cov_3.768977	1339	37.71
GC1003827_F11_NODE_7061_length_1339_cov_1.487624	1339	31.29
GC1003827_F11_NODE_7062_length_1338_cov_19.085879	1338	37.37
GC1003827_F11_NODE_7063_length_1338_cov_16.365813	1338	34.68
GC1003827_F11_NODE_7064_length_1338_cov_14.949628	1338	33.93
GC1003827_F11_NODE_7065_length_1338_cov_9.041288	1338	61.06
GC1003827_F11_NODE_7066_length_1338_cov_9.000000	1338	33.41
GC1003827_F11_NODE_7067_length_1338_cov_8.062758	1338	41.48
GC1003827_F11_NODE_7068_length_1338_cov_2.361685	1338	35.43
GC1003827_F11_NODE_7069_length_1338_cov_2.232865	1338	41.70
GC1003827_F11_NODE_7070_length_1337_cov_9.651240	1337	32.83
GC1003827_F11_NODE_7071_length_1337_cov_9.303306	1337	32.61
GC1003827_F11_NODE_7072_length_1337_cov_6.186777	1337	38.22
GC1003827_F11_NODE_7073_length_1337_cov_5.761983	1337	31.26
GC1003827_F11_NODE_7074_length_1337_cov_5.183471	1337	30.59
GC1003827_F11_NODE_7075_length_1337_cov_4.050413	1337	38.52
GC1003827_F11_NODE_7076_length_1337_cov_2.548760	1337	32.31
GC1003827_F11_NODE_7077_length_1337_cov_2.099174	1337	64.40
GC1003827_F11_NODE_7078_length_1337_cov_1.371074	1337	30.29
GC1003827_F11_NODE_7079_length_1337_cov_1.370248	1337	32.09
GC1003827_F11_NODE_7080_length_1336_cov_46.775021	1336	35.93
GC1003827_F11_NODE_7081_length_1336_cov_18.259719	1336	32.26
GC1003827_F11_NODE_7082_length_1336_cov_13.122415	1336	36.98
GC1003827_F11_NODE_7083_length_1336_cov_6.810587	1336	41.32
GC1003827_F11_NODE_7084_length_1336_cov_5.170389	1336	34.58
GC1003827_F11_NODE_7085_length_1336_cov_3.636890	1336	30.39
GC1003827_F11_NODE_7086_length_1336_cov_2.880893	1336	33.38
GC1003827_F11_NODE_7087_length_1336_cov_2.859388	1336	39.00
GC1003827_F11_NODE_7088_length_1336_cov_2.764268	1336	33.68
GC1003827_F11_NODE_7089_length_1336_cov_2.661704	1336	32.93
GC1003827_F11_NODE_7090_length_1336_cov_2.153846	1336	35.55
GC1003827_F11_NODE_7091_length_1336_cov_1.899090	1336	36.90
GC1003827_F11_NODE_7092_length_1335_cov_19.600993	1335	36.78
GC1003827_F11_NODE_7093_length_1335_cov_13.143212	1335	38.05
GC1003827_F11_NODE_7094_length_1335_cov_9.683775	1335	40.07
GC1003827_F11_NODE_7095_length_1335_cov_7.498344	1335	34.08
GC1003827_F11_NODE_7096_length_1335_cov_7.283113	1335	39.18
GC1003827_F11_NODE_7097_length_1335_cov_5.591887	1335	31.46
GC1003827_F11_NODE_7098_length_1335_cov_5.477649	1335	33.41
GC1003827_F11_NODE_7099_length_1335_cov_3.746689	1335	32.51
GC1003827_F11_NODE_7100_length_1335_cov_3.275662	1335	67.87
GC1003827_F11_NODE_7101_length_1335_cov_2.840232	1335	34.91
GC1003827_F11_NODE_7102_length_1335_cov_1.827815	1335	39.78
GC1003827_F11_NODE_7103_length_1335_cov_1.665563	1335	35.13
GC1003827_F11_NODE_7104_length_1334_cov_24.618890	1334	37.78
GC1003827_F11_NODE_7105_length_1334_cov_7.876553	1334	40.33
GC1003827_F11_NODE_7106_length_1334_cov_7.444076	1334	34.56
GC1003827_F11_NODE_7107_length_1334_cov_6.521955	1334	33.06
GC1003827_F11_NODE_7108_length_1334_cov_4.362883	1334	33.28
GC1003827_F11_NODE_7109_length_1334_cov_3.089478	1334	35.38
GC1003827_F11_NODE_7110_length_1334_cov_2.261806	1334	63.94
GC1003827_F11_NODE_7111_length_1334_cov_1.395195	1334	35.46
GC1003827_F11_NODE_7112_length_1334_cov_0.883181	1334	66.19
GC1003827_F11_NODE_7113_length_1333_cov_15.997512	1333	37.73
GC1003827_F11_NODE_7114_length_1333_cov_13.085406	1333	38.33
GC1003827_F11_NODE_7115_length_1333_cov_6.892206	1333	64.37
GC1003827_F11_NODE_7116_length_1333_cov_5.789386	1333	33.61
GC1003827_F11_NODE_7117_length_1333_cov_4.527363	1333	28.66
GC1003827_F11_NODE_7118_length_1333_cov_3.928690	1333	34.36
GC1003827_F11_NODE_7119_length_1333_cov_3.763682	1333	35.03
GC1003827_F11_NODE_7120_length_1333_cov_3.580431	1333	33.98
GC1003827_F11_NODE_7121_length_1333_cov_3.072139	1333	31.73
GC1003827_F11_NODE_7122_length_1333_cov_2.825871	1333	33.68
GC1003827_F11_NODE_7123_length_1333_cov_2.538143	1333	32.41
GC1003827_F11_NODE_7124_length_1333_cov_1.062189	1333	32.18
GC1003827_F11_NODE_7125_length_1332_cov_6.263071	1332	49.47
GC1003827_F11_NODE_7126_length_1332_cov_5.355187	1332	36.79
GC1003827_F11_NODE_7127_length_1332_cov_4.426556	1332	36.19
GC1003827_F11_NODE_7128_length_1332_cov_4.357676	1332	31.98
GC1003827_F11_NODE_7129_length_1332_cov_3.492946	1332	39.49
GC1003827_F11_NODE_7130_length_1332_cov_2.441494	1332	33.71
GC1003827_F11_NODE_7131_length_1331_cov_10.003322	1331	37.42
GC1003827_F11_NODE_7132_length_1331_cov_5.783223	1331	37.72
GC1003827_F11_NODE_7133_length_1331_cov_5.737542	1331	37.34
GC1003827_F11_NODE_7134_length_1331_cov_5.482558	1331	33.13
GC1003827_F11_NODE_7135_length_1331_cov_4.887043	1331	32.23
GC1003827_F11_NODE_7136_length_1331_cov_1.803987	1331	61.53
GC1003827_F11_NODE_7137_length_1331_cov_1.681894	1331	34.11
GC1003827_F11_NODE_7138_length_1331_cov_1.444352	1331	33.36
GC1003827_F11_NODE_7139_length_1331_cov_0.902824	1331	29.98
GC1003827_F11_NODE_7140_length_1330_cov_15.541147	1330	34.96
GC1003827_F11_NODE_7141_length_1330_cov_10.945137	1330	37.44
GC1003827_F11_NODE_7142_length_1330_cov_7.538653	1330	32.63
GC1003827_F11_NODE_7143_length_1330_cov_7.367415	1330	36.47
GC1003827_F11_NODE_7144_length_1330_cov_6.645054	1330	35.41
GC1003827_F11_NODE_7145_length_1330_cov_5.694098	1330	40.00
GC1003827_F11_NODE_7146_length_1330_cov_4.644223	1330	30.90
GC1003827_F11_NODE_7147_length_1330_cov_4.212801	1330	42.56
GC1003827_F11_NODE_7148_length_1330_cov_2.678304	1330	30.68
GC1003827_F11_NODE_7149_length_1330_cov_1.942643	1330	36.69
GC1003827_F11_NODE_7150_length_1330_cov_1.421446	1330	32.86
GC1003827_F11_NODE_7151_length_1329_cov_28.360233	1329	40.63
GC1003827_F11_NODE_7152_length_1329_cov_19.970882	1329	38.60
GC1003827_F11_NODE_7153_length_1329_cov_14.599834	1329	37.62
GC1003827_F11_NODE_7154_length_1329_cov_13.660566	1329	39.65
GC1003827_F11_NODE_7155_length_1329_cov_12.699667	1329	41.23
GC1003827_F11_NODE_7156_length_1329_cov_10.782030	1329	34.76
GC1003827_F11_NODE_7157_length_1329_cov_8.546589	1329	31.90
GC1003827_F11_NODE_7158_length_1329_cov_6.193844	1329	31.30
GC1003827_F11_NODE_7159_length_1329_cov_6.173877	1329	36.04
GC1003827_F11_NODE_7160_length_1329_cov_4.851082	1329	35.82
GC1003827_F11_NODE_7161_length_1329_cov_3.950915	1329	31.30
GC1003827_F11_NODE_7162_length_1329_cov_3.074875	1329	37.70
GC1003827_F11_NODE_7163_length_1329_cov_3.004992	1329	65.09
GC1003827_F11_NODE_7164_length_1329_cov_1.882696	1329	37.10
GC1003827_F11_NODE_7165_length_1329_cov_1.501664	1329	36.12
GC1003827_F11_NODE_7166_length_1329_cov_1.332779	1329	35.67
GC1003827_F11_NODE_7167_length_1329_cov_1.293677	1329	30.85
GC1003827_F11_NODE_7168_length_1329_cov_1.089850	1329	32.36
GC1003827_F11_NODE_7169_length_1328_cov_17.990008	1328	37.80
GC1003827_F11_NODE_7170_length_1328_cov_14.273106	1328	38.63
GC1003827_F11_NODE_7171_length_1328_cov_14.214821	1328	35.32
GC1003827_F11_NODE_7172_length_1328_cov_12.867610	1328	33.66
GC1003827_F11_NODE_7173_length_1328_cov_10.935054	1328	35.32
GC1003827_F11_NODE_7174_length_1328_cov_10.835137	1328	39.98
GC1003827_F11_NODE_7175_length_1328_cov_8.146545	1328	33.66
GC1003827_F11_NODE_7176_length_1328_cov_7.014988	1328	54.59
GC1003827_F11_NODE_7177_length_1328_cov_5.239800	1328	68.30
GC1003827_F11_NODE_7178_length_1328_cov_4.776853	1328	31.33
GC1003827_F11_NODE_7179_length_1328_cov_1.497918	1328	32.53
GC1003827_F11_NODE_7180_length_1327_cov_14.157500	1327	32.18
GC1003827_F11_NODE_7181_length_1327_cov_9.234167	1327	29.92
GC1003827_F11_NODE_7182_length_1327_cov_8.247500	1327	38.21
GC1003827_F11_NODE_7183_length_1327_cov_6.565833	1327	61.42
GC1003827_F11_NODE_7184_length_1327_cov_5.977500	1327	31.65
GC1003827_F11_NODE_7185_length_1327_cov_5.643333	1327	31.35
GC1003827_F11_NODE_7186_length_1327_cov_4.839167	1327	39.49
GC1003827_F11_NODE_7187_length_1327_cov_4.485833	1327	34.29
GC1003827_F11_NODE_7188_length_1327_cov_2.055000	1327	54.26
GC1003827_F11_NODE_7189_length_1327_cov_1.943333	1327	31.20
GC1003827_F11_NODE_7190_length_1327_cov_1.782500	1327	30.75
GC1003827_F11_NODE_7191_length_1327_cov_1.635833	1327	37.60
GC1003827_F11_NODE_7192_length_1326_cov_24.186822	1326	46.83
GC1003827_F11_NODE_7193_length_1326_cov_7.861551	1326	32.28
GC1003827_F11_NODE_7194_length_1326_cov_6.457882	1326	35.37
GC1003827_F11_NODE_7195_length_1326_cov_5.580484	1326	36.95
GC1003827_F11_NODE_7196_length_1326_cov_4.366972	1326	31.75
GC1003827_F11_NODE_7197_length_1326_cov_3.070892	1326	32.20
GC1003827_F11_NODE_7198_length_1326_cov_2.523770	1326	35.75
GC1003827_F11_NODE_7199_length_1326_cov_2.402002	1326	53.02
GC1003827_F11_NODE_7200_length_1326_cov_2.177648	1326	31.37
GC1003827_F11_NODE_7201_length_1326_cov_1.921601	1326	30.54
GC1003827_F11_NODE_7202_length_1326_cov_1.800667	1326	33.03
GC1003827_F11_NODE_7203_length_1326_cov_1.570475	1326	34.24
GC1003827_F11_NODE_7204_length_1326_cov_1.239366	1326	33.71
GC1003827_F11_NODE_7205_length_1325_cov_29.111853	1325	32.53
GC1003827_F11_NODE_7206_length_1325_cov_8.898164	1325	41.06
GC1003827_F11_NODE_7207_length_1325_cov_6.578464	1325	30.26
GC1003827_F11_NODE_7208_length_1325_cov_6.116027	1325	58.79
GC1003827_F11_NODE_7209_length_1325_cov_5.755426	1325	32.75
GC1003827_F11_NODE_7210_length_1325_cov_5.239566	1325	38.19
GC1003827_F11_NODE_7211_length_1325_cov_5.058431	1325	58.42
GC1003827_F11_NODE_7212_length_1325_cov_4.906511	1325	34.19
GC1003827_F11_NODE_7213_length_1325_cov_4.555927	1325	32.30
GC1003827_F11_NODE_7214_length_1325_cov_4.445743	1325	36.91
GC1003827_F11_NODE_7215_length_1325_cov_4.246244	1325	34.72
GC1003827_F11_NODE_7216_length_1325_cov_2.217028	1325	31.92
GC1003827_F11_NODE_7217_length_1325_cov_2.126878	1325	62.57
GC1003827_F11_NODE_7218_length_1324_cov_21.208020	1324	31.57
GC1003827_F11_NODE_7219_length_1324_cov_17.816207	1324	35.12
GC1003827_F11_NODE_7220_length_1324_cov_12.934002	1324	34.44
GC1003827_F11_NODE_7221_length_1324_cov_7.793651	1324	32.78
GC1003827_F11_NODE_7222_length_1324_cov_6.700084	1324	52.57
GC1003827_F11_NODE_7223_length_1324_cov_5.086048	1324	34.97
GC1003827_F11_NODE_7224_length_1324_cov_5.070175	1324	35.80
GC1003827_F11_NODE_7225_length_1324_cov_2.903091	1324	35.12
GC1003827_F11_NODE_7226_length_1324_cov_2.501253	1324	35.65
GC1003827_F11_NODE_7227_length_1324_cov_2.288221	1324	29.91
GC1003827_F11_NODE_7228_length_1324_cov_1.434419	1324	32.10
GC1003827_F11_NODE_7229_length_1324_cov_1.333333	1324	34.89
GC1003827_F11_NODE_7230_length_1323_cov_14.015886	1323	41.27
GC1003827_F11_NODE_7231_length_1323_cov_11.960702	1323	33.33
GC1003827_F11_NODE_7232_length_1323_cov_11.694816	1323	42.03
GC1003827_F11_NODE_7233_length_1323_cov_7.581940	1323	34.54
GC1003827_F11_NODE_7234_length_1323_cov_7.436455	1323	33.18
GC1003827_F11_NODE_7235_length_1323_cov_6.814381	1323	31.75
GC1003827_F11_NODE_7236_length_1323_cov_5.408027	1323	30.46
GC1003827_F11_NODE_7237_length_1323_cov_4.226589	1323	35.68
GC1003827_F11_NODE_7238_length_1323_cov_3.750000	1323	31.14
GC1003827_F11_NODE_7239_length_1323_cov_2.784281	1323	32.43
GC1003827_F11_NODE_7240_length_1323_cov_2.502508	1323	36.05
GC1003827_F11_NODE_7241_length_1323_cov_2.500000	1323	32.05
GC1003827_F11_NODE_7242_length_1323_cov_2.303512	1323	31.97
GC1003827_F11_NODE_7243_length_1323_cov_2.152174	1323	38.10
GC1003827_F11_NODE_7244_length_1323_cov_1.797659	1323	33.64
GC1003827_F11_NODE_7245_length_1322_cov_14.826778	1322	47.28
GC1003827_F11_NODE_7246_length_1322_cov_9.869456	1322	58.47
GC1003827_F11_NODE_7247_length_1322_cov_9.084519	1322	37.07
GC1003827_F11_NODE_7248_length_1322_cov_5.651883	1322	47.66
GC1003827_F11_NODE_7249_length_1322_cov_5.095397	1322	34.80
GC1003827_F11_NODE_7250_length_1322_cov_5.076987	1322	37.29
GC1003827_F11_NODE_7251_length_1322_cov_4.392469	1322	38.50
GC1003827_F11_NODE_7252_length_1322_cov_3.346444	1322	35.02
GC1003827_F11_NODE_7253_length_1322_cov_3.282008	1322	36.76
GC1003827_F11_NODE_7254_length_1322_cov_2.869456	1322	29.43
GC1003827_F11_NODE_7255_length_1322_cov_2.841004	1322	38.35
GC1003827_F11_NODE_7256_length_1322_cov_2.786611	1322	36.61
GC1003827_F11_NODE_7257_length_1322_cov_2.101255	1322	29.27
GC1003827_F11_NODE_7258_length_1322_cov_2.066109	1322	37.67
GC1003827_F11_NODE_7259_length_1322_cov_1.553138	1322	34.57
GC1003827_F11_NODE_7260_length_1322_cov_1.209205	1322	63.62
GC1003827_F11_NODE_7261_length_1321_cov_12.515913	1321	48.07
GC1003827_F11_NODE_7262_length_1321_cov_7.868509	1321	33.01
GC1003827_F11_NODE_7263_length_1321_cov_5.077889	1321	35.73
GC1003827_F11_NODE_7264_length_1321_cov_4.448074	1321	36.41
GC1003827_F11_NODE_7265_length_1321_cov_4.409548	1321	38.61
GC1003827_F11_NODE_7266_length_1321_cov_2.584590	1321	43.22
GC1003827_F11_NODE_7267_length_1321_cov_2.000000	1321	67.45
GC1003827_F11_NODE_7268_length_1321_cov_0.908710	1321	33.31
GC1003827_F11_NODE_7269_length_1321_cov_0.754606	1321	38.99
GC1003827_F11_NODE_7270_length_1320_cov_27.466052	1320	42.35
GC1003827_F11_NODE_7271_length_1320_cov_15.097234	1320	33.33
GC1003827_F11_NODE_7272_length_1320_cov_13.351215	1320	33.41
GC1003827_F11_NODE_7273_length_1320_cov_11.008382	1320	30.83
GC1003827_F11_NODE_7274_length_1320_cov_4.267393	1320	33.64
GC1003827_F11_NODE_7275_length_1320_cov_4.046940	1320	32.50
GC1003827_F11_NODE_7276_length_1320_cov_2.974015	1320	35.76
GC1003827_F11_NODE_7277_length_1320_cov_2.476949	1320	29.92
GC1003827_F11_NODE_7278_length_1320_cov_2.098910	1320	34.85
GC1003827_F11_NODE_7279_length_1320_cov_1.896899	1320	32.95
GC1003827_F11_NODE_7280_length_1320_cov_1.874267	1320	39.32
GC1003827_F11_NODE_7281_length_1319_cov_31.684564	1319	39.20
GC1003827_F11_NODE_7282_length_1319_cov_15.548658	1319	38.44
GC1003827_F11_NODE_7283_length_1319_cov_8.027685	1319	38.82
GC1003827_F11_NODE_7284_length_1319_cov_7.781040	1319	39.35
GC1003827_F11_NODE_7285_length_1319_cov_5.907718	1319	36.77
GC1003827_F11_NODE_7286_length_1319_cov_5.302852	1319	36.01
GC1003827_F11_NODE_7287_length_1319_cov_5.165268	1319	37.30
GC1003827_F11_NODE_7288_length_1319_cov_4.798658	1319	34.12
GC1003827_F11_NODE_7289_length_1319_cov_4.781040	1319	32.15
GC1003827_F11_NODE_7290_length_1319_cov_4.299497	1319	34.50
GC1003827_F11_NODE_7291_length_1319_cov_3.049497	1319	33.28
GC1003827_F11_NODE_7292_length_1319_cov_2.651846	1319	34.12
GC1003827_F11_NODE_7293_length_1318_cov_22.053736	1318	42.19
GC1003827_F11_NODE_7294_length_1318_cov_15.596138	1318	40.21
GC1003827_F11_NODE_7295_length_1318_cov_13.131822	1318	36.42
GC1003827_F11_NODE_7296_length_1318_cov_10.397145	1318	38.85
GC1003827_F11_NODE_7297_length_1318_cov_9.864819	1318	36.42
GC1003827_F11_NODE_7298_length_1318_cov_8.608732	1318	33.99
GC1003827_F11_NODE_7299_length_1318_cov_6.500420	1318	39.83
GC1003827_F11_NODE_7300_length_1318_cov_4.110831	1318	31.79
GC1003827_F11_NODE_7301_length_1318_cov_3.826196	1318	36.12
GC1003827_F11_NODE_7302_length_1318_cov_1.934509	1318	59.56
GC1003827_F11_NODE_7303_length_1318_cov_0.899244	1318	27.77
GC1003827_F11_NODE_7304_length_1317_cov_16.241176	1317	32.95
GC1003827_F11_NODE_7305_length_1317_cov_13.839496	1317	30.90
GC1003827_F11_NODE_7306_length_1317_cov_12.812605	1317	37.21
GC1003827_F11_NODE_7307_length_1317_cov_5.667227	1317	33.26
GC1003827_F11_NODE_7308_length_1317_cov_4.856303	1317	36.22
GC1003827_F11_NODE_7309_length_1317_cov_3.422689	1317	36.29
GC1003827_F11_NODE_7310_length_1317_cov_2.625210	1317	33.64
GC1003827_F11_NODE_7311_length_1317_cov_2.351261	1317	33.49
GC1003827_F11_NODE_7312_length_1317_cov_1.881513	1317	48.90
GC1003827_F11_NODE_7313_length_1317_cov_1.424370	1317	33.11
GC1003827_F11_NODE_7314_length_1317_cov_1.256303	1317	31.36
GC1003827_F11_NODE_7315_length_1317_cov_0.677311	1317	59.38
GC1003827_F11_NODE_7316_length_1316_cov_6.878049	1316	35.33
GC1003827_F11_NODE_7317_length_1316_cov_6.795627	1316	37.01
GC1003827_F11_NODE_7318_length_1316_cov_5.709840	1316	31.99
GC1003827_F11_NODE_7319_length_1316_cov_5.497056	1316	36.02
GC1003827_F11_NODE_7320_length_1316_cov_4.799832	1316	38.07
GC1003827_F11_NODE_7321_length_1316_cov_3.996636	1316	28.42
GC1003827_F11_NODE_7322_length_1316_cov_3.824222	1316	35.33
GC1003827_F11_NODE_7323_length_1316_cov_2.882254	1316	34.88
GC1003827_F11_NODE_7324_length_1316_cov_2.512195	1316	35.94
GC1003827_F11_NODE_7325_length_1316_cov_1.909167	1316	34.95
GC1003827_F11_NODE_7326_length_1316_cov_1.872161	1316	62.46
GC1003827_F11_NODE_7327_length_1316_cov_1.375946	1316	29.86
GC1003827_F11_NODE_7328_length_1316_cov_1.132885	1316	40.35
GC1003827_F11_NODE_7329_length_1316_cov_0.839361	1316	27.74
GC1003827_F11_NODE_7330_length_1315_cov_9.921717	1315	31.94
GC1003827_F11_NODE_7331_length_1315_cov_5.684343	1315	56.50
GC1003827_F11_NODE_7332_length_1315_cov_5.282828	1315	33.69
GC1003827_F11_NODE_7333_length_1315_cov_5.239899	1315	34.52
GC1003827_F11_NODE_7334_length_1315_cov_5.133838	1315	30.19
GC1003827_F11_NODE_7335_length_1315_cov_4.530303	1315	29.73
GC1003827_F11_NODE_7336_length_1315_cov_3.830808	1315	44.49
GC1003827_F11_NODE_7337_length_1315_cov_3.703704	1315	35.89
GC1003827_F11_NODE_7338_length_1315_cov_3.065657	1315	39.77
GC1003827_F11_NODE_7339_length_1315_cov_2.288721	1315	35.89
GC1003827_F11_NODE_7340_length_1315_cov_2.166667	1315	30.27
GC1003827_F11_NODE_7341_length_1315_cov_1.893939	1315	32.47
GC1003827_F11_NODE_7342_length_1315_cov_0.872896	1315	28.37
GC1003827_F11_NODE_7343_length_1314_cov_16.600674	1314	39.42
GC1003827_F11_NODE_7344_length_1314_cov_16.307498	1314	34.93
GC1003827_F11_NODE_7345_length_1314_cov_9.252738	1314	38.05
GC1003827_F11_NODE_7346_length_1314_cov_7.632687	1314	37.82
GC1003827_F11_NODE_7347_length_1314_cov_7.534120	1314	34.70
GC1003827_F11_NODE_7348_length_1314_cov_6.721146	1314	34.40
GC1003827_F11_NODE_7349_length_1314_cov_5.977254	1314	34.25
GC1003827_F11_NODE_7350_length_1314_cov_4.547599	1314	34.63
GC1003827_F11_NODE_7351_length_1314_cov_4.177759	1314	36.91
GC1003827_F11_NODE_7352_length_1314_cov_3.921651	1314	34.78
GC1003827_F11_NODE_7353_length_1314_cov_2.781803	1314	36.53
GC1003827_F11_NODE_7354_length_1314_cov_2.563606	1314	57.76
GC1003827_F11_NODE_7355_length_1314_cov_2.307498	1314	31.35
GC1003827_F11_NODE_7356_length_1314_cov_2.015164	1314	35.69
GC1003827_F11_NODE_7357_length_1314_cov_1.751474	1314	37.90
GC1003827_F11_NODE_7358_length_1314_cov_1.061500	1314	34.17
GC1003827_F11_NODE_7359_length_1314_cov_0.664701	1314	34.63
GC1003827_F11_NODE_7360_length_1313_cov_22.974705	1313	36.86
GC1003827_F11_NODE_7361_length_1313_cov_13.031197	1313	40.75
GC1003827_F11_NODE_7362_length_1313_cov_9.646712	1313	36.86
GC1003827_F11_NODE_7363_length_1313_cov_7.565767	1313	37.32
GC1003827_F11_NODE_7364_length_1313_cov_7.444351	1313	31.99
GC1003827_F11_NODE_7365_length_1313_cov_6.865936	1313	35.34
GC1003827_F11_NODE_7366_length_1313_cov_4.981450	1313	36.41
GC1003827_F11_NODE_7367_length_1313_cov_4.258010	1313	36.10
GC1003827_F11_NODE_7368_length_1313_cov_3.944351	1313	31.68
GC1003827_F11_NODE_7369_length_1313_cov_2.730185	1313	31.76
GC1003827_F11_NODE_7370_length_1312_cov_41.572152	1312	39.02
GC1003827_F11_NODE_7371_length_1312_cov_11.281857	1312	38.49
GC1003827_F11_NODE_7372_length_1312_cov_7.233755	1312	38.11
GC1003827_F11_NODE_7373_length_1312_cov_6.848945	1312	33.00
GC1003827_F11_NODE_7374_length_1312_cov_5.389030	1312	38.19
GC1003827_F11_NODE_7375_length_1312_cov_5.367089	1312	37.12
GC1003827_F11_NODE_7376_length_1312_cov_4.304641	1312	33.54
GC1003827_F11_NODE_7377_length_1312_cov_4.162869	1312	31.10
GC1003827_F11_NODE_7378_length_1312_cov_3.497890	1312	38.26
GC1003827_F11_NODE_7379_length_1312_cov_3.189873	1312	32.93
GC1003827_F11_NODE_7380_length_1312_cov_3.130802	1312	37.27
GC1003827_F11_NODE_7381_length_1312_cov_2.665823	1312	33.61
GC1003827_F11_NODE_7382_length_1311_cov_25.349662	1311	37.15
GC1003827_F11_NODE_7383_length_1311_cov_11.914696	1311	38.14
GC1003827_F11_NODE_7384_length_1311_cov_9.494088	1311	32.49
GC1003827_F11_NODE_7385_length_1311_cov_8.626689	1311	37.38
GC1003827_F11_NODE_7386_length_1311_cov_7.377534	1311	36.38
GC1003827_F11_NODE_7387_length_1311_cov_6.107264	1311	34.86
GC1003827_F11_NODE_7388_length_1311_cov_4.262669	1311	31.43
GC1003827_F11_NODE_7389_length_1311_cov_3.464527	1311	33.26
GC1003827_F11_NODE_7390_length_1311_cov_3.331081	1311	34.25
GC1003827_F11_NODE_7391_length_1311_cov_1.509291	1311	31.05
GC1003827_F11_NODE_7392_length_1311_cov_1.380068	1311	30.59
GC1003827_F11_NODE_7393_length_1311_cov_0.966216	1311	62.93
GC1003827_F11_NODE_7394_length_1310_cov_20.284024	1310	41.15
GC1003827_F11_NODE_7395_length_1310_cov_10.923077	1310	41.53
GC1003827_F11_NODE_7396_length_1310_cov_6.791209	1310	31.91
GC1003827_F11_NODE_7397_length_1310_cov_6.770921	1310	36.18
GC1003827_F11_NODE_7398_length_1310_cov_4.658495	1310	34.50
GC1003827_F11_NODE_7399_length_1310_cov_3.541843	1310	35.27
GC1003827_F11_NODE_7400_length_1310_cov_3.413356	1310	31.68
GC1003827_F11_NODE_7401_length_1310_cov_2.119189	1310	32.44
GC1003827_F11_NODE_7402_length_1310_cov_2.033812	1310	32.06
GC1003827_F11_NODE_7403_length_1310_cov_1.790363	1310	67.10
GC1003827_F11_NODE_7404_length_1310_cov_1.558749	1310	31.60
GC1003827_F11_NODE_7405_length_1309_cov_18.037225	1309	39.34
GC1003827_F11_NODE_7406_length_1309_cov_9.642978	1309	41.33
GC1003827_F11_NODE_7407_length_1309_cov_8.089679	1309	37.59
GC1003827_F11_NODE_7408_length_1309_cov_6.158206	1309	38.66
GC1003827_F11_NODE_7409_length_1309_cov_5.059192	1309	36.75
GC1003827_F11_NODE_7410_length_1309_cov_3.128596	1309	40.18
GC1003827_F11_NODE_7411_length_1309_cov_3.111675	1309	34.45
GC1003827_F11_NODE_7412_length_1309_cov_2.532149	1309	32.62
GC1003827_F11_NODE_7413_length_1309_cov_2.525381	1309	30.02
GC1003827_F11_NODE_7414_length_1309_cov_2.478003	1309	30.48
GC1003827_F11_NODE_7415_length_1309_cov_1.448393	1309	40.34
GC1003827_F11_NODE_7416_length_1308_cov_13.275191	1308	37.39
GC1003827_F11_NODE_7417_length_1308_cov_10.525826	1308	36.62
GC1003827_F11_NODE_7418_length_1308_cov_9.812024	1308	37.08
GC1003827_F11_NODE_7419_length_1308_cov_9.453006	1308	34.40
GC1003827_F11_NODE_7420_length_1308_cov_8.431837	1308	45.72
GC1003827_F11_NODE_7421_length_1308_cov_8.071126	1308	33.10
GC1003827_F11_NODE_7422_length_1308_cov_7.160034	1308	34.86
GC1003827_F11_NODE_7423_length_1308_cov_6.816257	1308	34.71
GC1003827_F11_NODE_7424_length_1308_cov_3.974598	1308	33.72
GC1003827_F11_NODE_7425_length_1308_cov_2.477561	1308	30.89
GC1003827_F11_NODE_7426_length_1308_cov_2.198984	1308	36.70
GC1003827_F11_NODE_7427_length_1308_cov_2.184589	1308	32.57
GC1003827_F11_NODE_7428_length_1308_cov_1.712955	1308	34.86
GC1003827_F11_NODE_7429_length_1308_cov_1.332769	1308	34.86
GC1003827_F11_NODE_7430_length_1308_cov_1.002540	1308	31.12
GC1003827_F11_NODE_7431_length_1308_cov_0.932261	1308	28.75
GC1003827_F11_NODE_7432_length_1307_cov_9.117797	1307	39.40
GC1003827_F11_NODE_7433_length_1307_cov_7.686441	1307	33.82
GC1003827_F11_NODE_7434_length_1307_cov_3.679661	1307	30.99
GC1003827_F11_NODE_7435_length_1307_cov_3.106780	1307	41.16
GC1003827_F11_NODE_7436_length_1307_cov_1.320339	1307	37.26
GC1003827_F11_NODE_7437_length_1306_cov_9.586090	1306	37.83
GC1003827_F11_NODE_7438_length_1306_cov_8.063613	1306	32.54
GC1003827_F11_NODE_7439_length_1306_cov_5.750636	1306	38.67
GC1003827_F11_NODE_7440_length_1306_cov_3.003393	1306	35.07
GC1003827_F11_NODE_7441_length_1306_cov_2.119593	1306	35.91
GC1003827_F11_NODE_7442_length_1305_cov_7.426995	1305	35.25
GC1003827_F11_NODE_7443_length_1305_cov_6.686757	1305	35.10
GC1003827_F11_NODE_7444_length_1305_cov_5.801358	1305	33.87
GC1003827_F11_NODE_7445_length_1305_cov_5.471986	1305	35.48
GC1003827_F11_NODE_7446_length_1305_cov_5.264856	1305	35.48
GC1003827_F11_NODE_7447_length_1305_cov_4.614601	1305	31.03
GC1003827_F11_NODE_7448_length_1305_cov_3.447368	1305	55.10
GC1003827_F11_NODE_7449_length_1305_cov_2.707980	1305	35.63
GC1003827_F11_NODE_7450_length_1305_cov_1.672326	1305	32.64
GC1003827_F11_NODE_7451_length_1305_cov_1.362479	1305	64.21
GC1003827_F11_NODE_7452_length_1304_cov_8.842821	1304	35.97
GC1003827_F11_NODE_7453_length_1304_cov_5.329652	1304	67.10
GC1003827_F11_NODE_7454_length_1304_cov_4.350042	1304	37.73
GC1003827_F11_NODE_7455_length_1304_cov_3.564996	1304	37.04
GC1003827_F11_NODE_7456_length_1304_cov_3.401020	1304	34.74
GC1003827_F11_NODE_7457_length_1304_cov_2.487681	1304	34.59
GC1003827_F11_NODE_7458_length_1304_cov_1.084112	1304	36.66
GC1003827_F11_NODE_7459_length_1303_cov_17.005102	1303	54.11
GC1003827_F11_NODE_7460_length_1303_cov_6.544218	1303	31.24
GC1003827_F11_NODE_7461_length_1303_cov_4.636905	1303	35.92
GC1003827_F11_NODE_7462_length_1303_cov_3.549320	1303	32.39
GC1003827_F11_NODE_7463_length_1303_cov_3.092687	1303	39.98
GC1003827_F11_NODE_7464_length_1303_cov_2.696429	1303	29.70
GC1003827_F11_NODE_7465_length_1303_cov_2.061224	1303	36.38
GC1003827_F11_NODE_7466_length_1303_cov_1.952381	1303	64.24
GC1003827_F11_NODE_7467_length_1303_cov_1.508503	1303	65.08
GC1003827_F11_NODE_7468_length_1302_cov_9.194043	1302	36.64
GC1003827_F11_NODE_7469_length_1302_cov_7.888511	1302	36.18
GC1003827_F11_NODE_7470_length_1302_cov_6.459574	1302	33.03
GC1003827_F11_NODE_7471_length_1302_cov_4.570213	1302	40.48
GC1003827_F11_NODE_7472_length_1302_cov_0.672340	1302	31.03
GC1003827_F11_NODE_7473_length_1302_cov_0.615319	1302	36.48
GC1003827_F11_NODE_7474_length_1301_cov_70.134583	1301	42.81
GC1003827_F11_NODE_7475_length_1301_cov_24.489779	1301	34.51
GC1003827_F11_NODE_7476_length_1301_cov_13.548552	1301	39.35
GC1003827_F11_NODE_7477_length_1301_cov_13.121806	1301	34.20
GC1003827_F11_NODE_7478_length_1301_cov_10.668654	1301	33.28
GC1003827_F11_NODE_7479_length_1301_cov_8.626065	1301	45.27
GC1003827_F11_NODE_7480_length_1301_cov_7.332198	1301	34.13
GC1003827_F11_NODE_7481_length_1301_cov_6.982964	1301	35.43
GC1003827_F11_NODE_7482_length_1301_cov_6.452300	1301	43.89
GC1003827_F11_NODE_7483_length_1301_cov_6.138842	1301	37.20
GC1003827_F11_NODE_7484_length_1301_cov_4.883305	1301	37.20
GC1003827_F11_NODE_7485_length_1301_cov_4.719761	1301	37.89
GC1003827_F11_NODE_7486_length_1301_cov_3.867121	1301	37.89
GC1003827_F11_NODE_7487_length_1301_cov_3.292164	1301	36.59
GC1003827_F11_NODE_7488_length_1301_cov_3.128620	1301	33.28
GC1003827_F11_NODE_7489_length_1301_cov_2.849233	1301	32.36
GC1003827_F11_NODE_7490_length_1301_cov_2.135434	1301	37.36
GC1003827_F11_NODE_7491_length_1301_cov_1.396934	1301	29.59
GC1003827_F11_NODE_7492_length_1300_cov_35.606991	1300	40.31
GC1003827_F11_NODE_7493_length_1300_cov_12.919011	1300	38.15
GC1003827_F11_NODE_7494_length_1300_cov_12.370844	1300	40.23
GC1003827_F11_NODE_7495_length_1300_cov_6.504689	1300	43.92
GC1003827_F11_NODE_7496_length_1300_cov_5.159420	1300	33.77
GC1003827_F11_NODE_7497_length_1300_cov_3.380519	1300	53.46
GC1003827_F11_NODE_7498_length_1300_cov_3.057971	1300	32.85
GC1003827_F11_NODE_7499_length_1300_cov_3.024723	1300	30.92
GC1003827_F11_NODE_7500_length_1300_cov_2.980392	1300	53.77
GC1003827_F11_NODE_7501_length_1300_cov_2.734868	1300	35.15
GC1003827_F11_NODE_7502_length_1300_cov_2.075874	1300	32.92
GC1003827_F11_NODE_7503_length_1300_cov_0.946292	1300	31.31
GC1003827_F11_NODE_7504_length_1299_cov_28.964164	1299	35.80
GC1003827_F11_NODE_7505_length_1299_cov_18.909556	1299	41.72
GC1003827_F11_NODE_7506_length_1299_cov_11.797782	1299	38.18
GC1003827_F11_NODE_7507_length_1299_cov_6.381399	1299	41.49
GC1003827_F11_NODE_7508_length_1299_cov_4.886519	1299	53.50
GC1003827_F11_NODE_7509_length_1299_cov_4.453072	1299	34.57
GC1003827_F11_NODE_7510_length_1299_cov_4.140785	1299	42.49
GC1003827_F11_NODE_7511_length_1299_cov_3.870307	1299	33.72
GC1003827_F11_NODE_7512_length_1299_cov_2.368601	1299	26.40
GC1003827_F11_NODE_7513_length_1299_cov_1.639078	1299	32.33
GC1003827_F11_NODE_7514_length_1299_cov_1.152730	1299	27.41
GC1003827_F11_NODE_7515_length_1299_cov_1.127986	1299	27.79
GC1003827_F11_NODE_7516_length_1299_cov_0.988055	1299	25.56
GC1003827_F11_NODE_7517_length_1298_cov_7.053800	1298	36.59
GC1003827_F11_NODE_7518_length_1298_cov_6.131512	1298	31.97
GC1003827_F11_NODE_7519_length_1298_cov_5.336465	1298	36.75
GC1003827_F11_NODE_7520_length_1298_cov_4.761742	1298	62.56
GC1003827_F11_NODE_7521_length_1298_cov_3.518360	1298	32.59
GC1003827_F11_NODE_7522_length_1298_cov_2.503843	1298	34.05
GC1003827_F11_NODE_7523_length_1298_cov_2.174210	1298	38.52
GC1003827_F11_NODE_7524_length_1298_cov_2.146883	1298	31.74
GC1003827_F11_NODE_7525_length_1298_cov_1.614005	1298	38.37
GC1003827_F11_NODE_7526_length_1298_cov_1.330487	1298	57.63
GC1003827_F11_NODE_7527_length_1297_cov_13.322222	1297	36.78
GC1003827_F11_NODE_7528_length_1297_cov_11.577778	1297	37.47
GC1003827_F11_NODE_7529_length_1297_cov_11.410256	1297	35.39
GC1003827_F11_NODE_7530_length_1297_cov_5.135043	1297	39.40
GC1003827_F11_NODE_7531_length_1297_cov_4.848718	1297	40.40
GC1003827_F11_NODE_7532_length_1297_cov_4.717949	1297	30.53
GC1003827_F11_NODE_7533_length_1297_cov_2.895726	1297	30.76
GC1003827_F11_NODE_7534_length_1297_cov_2.564103	1297	58.06
GC1003827_F11_NODE_7535_length_1297_cov_2.435043	1297	29.92
GC1003827_F11_NODE_7536_length_1297_cov_1.823932	1297	57.59
GC1003827_F11_NODE_7537_length_1297_cov_1.318803	1297	43.56
GC1003827_F11_NODE_7538_length_1296_cov_17.439692	1296	35.49
GC1003827_F11_NODE_7539_length_1296_cov_4.310522	1296	33.02
GC1003827_F11_NODE_7540_length_1296_cov_4.213003	1296	35.57
GC1003827_F11_NODE_7541_length_1296_cov_3.118050	1296	35.96
GC1003827_F11_NODE_7542_length_1296_cov_3.085543	1296	31.40
GC1003827_F11_NODE_7543_length_1296_cov_2.674936	1296	33.33
GC1003827_F11_NODE_7544_length_1296_cov_2.627032	1296	36.88
GC1003827_F11_NODE_7545_length_1296_cov_2.345595	1296	64.51
GC1003827_F11_NODE_7546_length_1296_cov_2.263473	1296	32.56
GC1003827_F11_NODE_7547_length_1296_cov_1.051326	1296	30.56
GC1003827_F11_NODE_7548_length_1296_cov_0.704876	1296	37.65
GC1003827_F11_NODE_7549_length_1295_cov_12.229452	1295	36.45
GC1003827_F11_NODE_7550_length_1295_cov_8.853596	1295	30.58
GC1003827_F11_NODE_7551_length_1295_cov_5.999144	1295	35.44
GC1003827_F11_NODE_7552_length_1295_cov_3.979452	1295	56.76
GC1003827_F11_NODE_7553_length_1295_cov_3.852740	1295	30.42
GC1003827_F11_NODE_7554_length_1295_cov_2.308219	1295	30.66
GC1003827_F11_NODE_7555_length_1295_cov_2.130137	1295	35.29
GC1003827_F11_NODE_7556_length_1295_cov_2.058219	1295	35.91
GC1003827_F11_NODE_7557_length_1295_cov_1.954623	1295	34.36
GC1003827_F11_NODE_7558_length_1294_cov_10.485004	1294	34.62
GC1003827_F11_NODE_7559_length_1294_cov_9.340189	1294	45.67
GC1003827_F11_NODE_7560_length_1294_cov_6.851757	1294	35.24
GC1003827_F11_NODE_7561_length_1294_cov_3.328192	1294	31.14
GC1003827_F11_NODE_7562_length_1294_cov_1.725793	1294	33.46
GC1003827_F11_NODE_7563_length_1294_cov_1.710368	1294	31.38
GC1003827_F11_NODE_7564_length_1293_cov_13.436535	1293	34.26
GC1003827_F11_NODE_7565_length_1293_cov_8.582333	1293	50.58
GC1003827_F11_NODE_7566_length_1293_cov_6.450257	1293	37.74
GC1003827_F11_NODE_7567_length_1293_cov_5.849914	1293	28.23
GC1003827_F11_NODE_7568_length_1293_cov_5.250429	1293	64.89
GC1003827_F11_NODE_7569_length_1293_cov_4.271870	1293	35.11
GC1003827_F11_NODE_7570_length_1293_cov_3.395369	1293	35.73
GC1003827_F11_NODE_7571_length_1293_cov_3.180961	1293	33.80
GC1003827_F11_NODE_7572_length_1293_cov_1.012864	1293	32.10
GC1003827_F11_NODE_7573_length_1292_cov_16.197425	1292	34.67
GC1003827_F11_NODE_7574_length_1292_cov_7.775107	1292	38.00
GC1003827_F11_NODE_7575_length_1292_cov_7.757940	1292	32.97
GC1003827_F11_NODE_7576_length_1292_cov_4.512446	1292	38.54
GC1003827_F11_NODE_7577_length_1292_cov_3.710730	1292	34.83
GC1003827_F11_NODE_7578_length_1292_cov_2.066953	1292	31.35
GC1003827_F11_NODE_7579_length_1292_cov_1.394850	1292	33.44
GC1003827_F11_NODE_7580_length_1292_cov_1.069528	1292	35.37
GC1003827_F11_NODE_7581_length_1291_cov_12.872852	1291	34.93
GC1003827_F11_NODE_7582_length_1291_cov_11.197595	1291	54.30
GC1003827_F11_NODE_7583_length_1291_cov_10.584192	1291	57.32
GC1003827_F11_NODE_7584_length_1291_cov_8.144330	1291	32.77
GC1003827_F11_NODE_7585_length_1291_cov_7.240550	1291	33.46
GC1003827_F11_NODE_7586_length_1291_cov_7.086770	1291	34.24
GC1003827_F11_NODE_7587_length_1291_cov_5.712199	1291	39.66
GC1003827_F11_NODE_7588_length_1291_cov_4.769759	1291	59.02
GC1003827_F11_NODE_7589_length_1291_cov_4.572165	1291	37.10
GC1003827_F11_NODE_7590_length_1291_cov_4.495704	1291	28.58
GC1003827_F11_NODE_7591_length_1291_cov_3.115120	1291	26.80
GC1003827_F11_NODE_7592_length_1291_cov_3.000859	1291	31.84
GC1003827_F11_NODE_7593_length_1291_cov_2.773196	1291	34.78
GC1003827_F11_NODE_7594_length_1291_cov_1.896048	1291	54.61
GC1003827_F11_NODE_7595_length_1291_cov_1.377148	1291	32.84
GC1003827_F11_NODE_7596_length_1291_cov_1.273196	1291	29.59
GC1003827_F11_NODE_7597_length_1291_cov_1.016323	1291	35.86
GC1003827_F11_NODE_7598_length_1290_cov_19.512468	1290	43.57
GC1003827_F11_NODE_7599_length_1290_cov_17.743766	1290	34.73
GC1003827_F11_NODE_7600_length_1290_cov_15.216681	1290	33.95
GC1003827_F11_NODE_7601_length_1290_cov_7.662941	1290	35.66
GC1003827_F11_NODE_7602_length_1290_cov_6.404987	1290	35.27
GC1003827_F11_NODE_7603_length_1290_cov_6.265692	1290	37.36
GC1003827_F11_NODE_7604_length_1290_cov_4.154772	1290	31.01
GC1003827_F11_NODE_7605_length_1290_cov_4.068788	1290	31.94
GC1003827_F11_NODE_7606_length_1290_cov_4.032674	1290	34.34
GC1003827_F11_NODE_7607_length_1290_cov_3.797936	1290	32.64
GC1003827_F11_NODE_7608_length_1290_cov_3.730009	1290	34.73
GC1003827_F11_NODE_7609_length_1290_cov_2.933792	1290	33.41
GC1003827_F11_NODE_7610_length_1290_cov_2.814273	1290	65.43
GC1003827_F11_NODE_7611_length_1290_cov_2.015477	1290	29.07
GC1003827_F11_NODE_7612_length_1290_cov_1.206363	1290	27.67
GC1003827_F11_NODE_7613_length_1290_cov_0.933792	1290	28.68
GC1003827_F11_NODE_7614_length_1289_cov_9.525818	1289	34.83
GC1003827_F11_NODE_7615_length_1289_cov_7.437177	1289	40.11
GC1003827_F11_NODE_7616_length_1289_cov_6.990534	1289	39.88
GC1003827_F11_NODE_7617_length_1289_cov_6.921687	1289	33.05
GC1003827_F11_NODE_7618_length_1289_cov_6.097246	1289	43.21
GC1003827_F11_NODE_7619_length_1289_cov_5.992255	1289	33.75
GC1003827_F11_NODE_7620_length_1289_cov_5.437177	1289	35.22
GC1003827_F11_NODE_7621_length_1289_cov_5.348537	1289	35.69
GC1003827_F11_NODE_7622_length_1289_cov_5.321859	1289	36.00
GC1003827_F11_NODE_7623_length_1289_cov_3.176420	1289	32.04
GC1003827_F11_NODE_7624_length_1289_cov_3.111876	1289	31.11
GC1003827_F11_NODE_7625_length_1289_cov_2.945783	1289	32.58
GC1003827_F11_NODE_7626_length_1289_cov_2.875215	1289	31.81
GC1003827_F11_NODE_7627_length_1289_cov_1.700516	1289	60.28
GC1003827_F11_NODE_7628_length_1289_cov_1.165232	1289	38.63
GC1003827_F11_NODE_7629_length_1288_cov_20.933678	1288	44.41
GC1003827_F11_NODE_7630_length_1288_cov_18.448751	1288	36.96
GC1003827_F11_NODE_7631_length_1288_cov_13.038760	1288	35.56
GC1003827_F11_NODE_7632_length_1288_cov_12.371232	1288	37.19
GC1003827_F11_NODE_7633_length_1288_cov_10.909561	1288	38.35
GC1003827_F11_NODE_7634_length_1288_cov_9.757967	1288	35.95
GC1003827_F11_NODE_7635_length_1288_cov_7.952627	1288	33.23
GC1003827_F11_NODE_7636_length_1288_cov_7.244617	1288	40.22
GC1003827_F11_NODE_7637_length_1288_cov_7.046512	1288	31.68
GC1003827_F11_NODE_7638_length_1288_cov_5.377261	1288	58.85
GC1003827_F11_NODE_7639_length_1288_cov_5.105082	1288	35.33
GC1003827_F11_NODE_7640_length_1288_cov_4.776916	1288	33.39
GC1003827_F11_NODE_7641_length_1288_cov_3.669251	1288	31.83
GC1003827_F11_NODE_7642_length_1288_cov_2.246339	1288	32.22
GC1003827_F11_NODE_7643_length_1288_cov_2.124892	1288	33.70
GC1003827_F11_NODE_7644_length_1288_cov_2.112834	1288	32.92
GC1003827_F11_NODE_7645_length_1288_cov_1.913867	1288	40.84
GC1003827_F11_NODE_7646_length_1288_cov_1.874246	1288	32.84
GC1003827_F11_NODE_7647_length_1288_cov_1.155039	1288	30.59
GC1003827_F11_NODE_7648_length_1287_cov_9.237931	1287	34.97
GC1003827_F11_NODE_7649_length_1287_cov_9.231034	1287	34.65
GC1003827_F11_NODE_7650_length_1287_cov_7.815517	1287	32.79
GC1003827_F11_NODE_7651_length_1287_cov_4.731034	1287	32.01
GC1003827_F11_NODE_7652_length_1287_cov_3.919828	1287	33.88
GC1003827_F11_NODE_7653_length_1287_cov_3.328448	1287	59.75
GC1003827_F11_NODE_7654_length_1287_cov_1.854310	1287	33.72
GC1003827_F11_NODE_7655_length_1287_cov_1.796552	1287	66.82
GC1003827_F11_NODE_7656_length_1287_cov_1.753448	1287	32.71
GC1003827_F11_NODE_7657_length_1287_cov_1.442241	1287	33.57
GC1003827_F11_NODE_7658_length_1286_cov_12.290768	1286	48.76
GC1003827_F11_NODE_7659_length_1286_cov_10.942192	1286	38.02
GC1003827_F11_NODE_7660_length_1286_cov_8.598792	1286	30.64
GC1003827_F11_NODE_7661_length_1286_cov_8.511648	1286	63.06
GC1003827_F11_NODE_7662_length_1286_cov_8.486626	1286	33.59
GC1003827_F11_NODE_7663_length_1286_cov_8.129422	1286	32.35
GC1003827_F11_NODE_7664_length_1286_cov_7.905091	1286	38.26
GC1003827_F11_NODE_7665_length_1286_cov_6.824849	1286	33.36
GC1003827_F11_NODE_7666_length_1286_cov_5.833477	1286	37.25
GC1003827_F11_NODE_7667_length_1286_cov_5.003451	1286	35.07
GC1003827_F11_NODE_7668_length_1286_cov_4.896462	1286	42.61
GC1003827_F11_NODE_7669_length_1286_cov_3.695427	1286	61.66
GC1003827_F11_NODE_7670_length_1286_cov_3.535807	1286	37.56
GC1003827_F11_NODE_7671_length_1286_cov_2.110440	1286	36.94
GC1003827_F11_NODE_7672_length_1286_cov_1.841242	1286	32.58
GC1003827_F11_NODE_7673_length_1286_cov_1.667817	1286	28.85
GC1003827_F11_NODE_7674_length_1286_cov_1.029336	1286	33.28
GC1003827_F11_NODE_7675_length_1285_cov_13.845423	1285	32.45
GC1003827_F11_NODE_7676_length_1285_cov_12.367012	1285	38.05
GC1003827_F11_NODE_7677_length_1285_cov_9.724525	1285	33.93
GC1003827_F11_NODE_7678_length_1285_cov_9.182211	1285	41.32
GC1003827_F11_NODE_7679_length_1285_cov_3.619171	1285	52.06
GC1003827_F11_NODE_7680_length_1285_cov_3.094991	1285	35.02
GC1003827_F11_NODE_7681_length_1285_cov_2.486183	1285	29.73
GC1003827_F11_NODE_7682_length_1285_cov_2.197755	1285	35.72
GC1003827_F11_NODE_7683_length_1285_cov_1.748705	1285	35.80
GC1003827_F11_NODE_7684_length_1284_cov_24.436474	1284	37.46
GC1003827_F11_NODE_7685_length_1284_cov_12.072602	1284	52.57
GC1003827_F11_NODE_7686_length_1284_cov_8.840104	1284	30.37
GC1003827_F11_NODE_7687_length_1284_cov_8.168539	1284	33.88
GC1003827_F11_NODE_7688_length_1284_cov_4.204840	1284	33.49
GC1003827_F11_NODE_7689_length_1284_cov_3.484875	1284	33.64
GC1003827_F11_NODE_7690_length_1284_cov_3.277442	1284	32.87
GC1003827_F11_NODE_7691_length_1284_cov_3.090752	1284	36.68
GC1003827_F11_NODE_7692_length_1284_cov_3.084702	1284	58.96
GC1003827_F11_NODE_7693_length_1284_cov_2.827139	1284	63.71
GC1003827_F11_NODE_7694_length_1284_cov_2.594641	1284	34.27
GC1003827_F11_NODE_7695_length_1284_cov_1.095938	1284	34.35
GC1003827_F11_NODE_7696_length_1283_cov_9.687716	1283	40.53
GC1003827_F11_NODE_7697_length_1283_cov_9.479239	1283	35.85
GC1003827_F11_NODE_7698_length_1283_cov_9.425606	1283	34.76
GC1003827_F11_NODE_7699_length_1283_cov_9.000000	1283	35.70
GC1003827_F11_NODE_7700_length_1283_cov_6.531142	1283	32.74
GC1003827_F11_NODE_7701_length_1283_cov_5.866782	1283	35.85
GC1003827_F11_NODE_7702_length_1283_cov_4.848616	1283	32.42
GC1003827_F11_NODE_7703_length_1283_cov_4.553633	1283	33.36
GC1003827_F11_NODE_7704_length_1283_cov_3.568339	1283	30.16
GC1003827_F11_NODE_7705_length_1283_cov_2.312284	1283	34.14
GC1003827_F11_NODE_7706_length_1283_cov_1.495675	1283	61.50
GC1003827_F11_NODE_7707_length_1283_cov_1.057093	1283	32.89
GC1003827_F11_NODE_7708_length_1282_cov_15.316883	1282	33.39
GC1003827_F11_NODE_7709_length_1282_cov_14.491775	1282	37.52
GC1003827_F11_NODE_7710_length_1282_cov_13.451948	1282	29.88
GC1003827_F11_NODE_7711_length_1282_cov_9.534199	1282	33.46
GC1003827_F11_NODE_7712_length_1282_cov_8.883117	1282	41.34
GC1003827_F11_NODE_7713_length_1282_cov_7.539394	1282	37.52
GC1003827_F11_NODE_7714_length_1282_cov_6.942857	1282	53.59
GC1003827_F11_NODE_7715_length_1282_cov_6.475325	1282	40.33
GC1003827_F11_NODE_7716_length_1282_cov_6.151515	1282	40.33
GC1003827_F11_NODE_7717_length_1282_cov_5.388745	1282	38.14
GC1003827_F11_NODE_7718_length_1282_cov_5.343723	1282	33.93
GC1003827_F11_NODE_7719_length_1282_cov_3.729004	1282	32.84
GC1003827_F11_NODE_7720_length_1282_cov_2.307359	1282	38.22
GC1003827_F11_NODE_7721_length_1281_cov_25.021664	1281	39.73
GC1003827_F11_NODE_7722_length_1281_cov_9.963605	1281	30.29
GC1003827_F11_NODE_7723_length_1281_cov_7.606586	1281	33.02
GC1003827_F11_NODE_7724_length_1281_cov_6.825823	1281	32.63
GC1003827_F11_NODE_7725_length_1281_cov_3.236568	1281	36.85
GC1003827_F11_NODE_7726_length_1281_cov_2.164645	1281	32.24
GC1003827_F11_NODE_7727_length_1281_cov_1.905546	1281	41.30
GC1003827_F11_NODE_7728_length_1281_cov_1.700173	1281	41.06
GC1003827_F11_NODE_7729_length_1281_cov_0.961005	1281	32.86
GC1003827_F11_NODE_7730_length_1280_cov_23.885516	1280	38.28
GC1003827_F11_NODE_7731_length_1280_cov_9.973114	1280	34.61
GC1003827_F11_NODE_7732_length_1280_cov_5.396357	1280	33.59
GC1003827_F11_NODE_7733_length_1280_cov_4.955768	1280	29.69
GC1003827_F11_NODE_7734_length_1280_cov_4.431917	1280	29.69
GC1003827_F11_NODE_7735_length_1280_cov_3.760624	1280	38.67
GC1003827_F11_NODE_7736_length_1280_cov_3.633131	1280	67.42
GC1003827_F11_NODE_7737_length_1280_cov_3.225499	1280	38.52
GC1003827_F11_NODE_7738_length_1280_cov_2.929748	1280	33.59
GC1003827_F11_NODE_7739_length_1280_cov_1.383348	1280	62.97
GC1003827_F11_NODE_7740_length_1279_cov_19.983507	1279	31.04
GC1003827_F11_NODE_7741_length_1279_cov_11.716146	1279	35.03
GC1003827_F11_NODE_7742_length_1279_cov_9.371528	1279	35.03
GC1003827_F11_NODE_7743_length_1279_cov_8.700521	1279	38.86
GC1003827_F11_NODE_7744_length_1279_cov_7.782118	1279	49.73
GC1003827_F11_NODE_7745_length_1279_cov_5.903646	1279	38.94
GC1003827_F11_NODE_7746_length_1279_cov_4.672743	1279	31.27
GC1003827_F11_NODE_7747_length_1279_cov_4.386285	1279	57.23
GC1003827_F11_NODE_7748_length_1279_cov_3.457465	1279	30.26
GC1003827_F11_NODE_7749_length_1279_cov_3.196181	1279	35.73
GC1003827_F11_NODE_7750_length_1279_cov_2.854167	1279	33.70
GC1003827_F11_NODE_7751_length_1279_cov_2.201389	1279	65.91
GC1003827_F11_NODE_7752_length_1279_cov_1.944444	1279	50.82
GC1003827_F11_NODE_7753_length_1279_cov_1.568576	1279	31.67
GC1003827_F11_NODE_7754_length_1279_cov_1.397569	1279	34.32
GC1003827_F11_NODE_7755_length_1279_cov_1.142361	1279	36.90
GC1003827_F11_NODE_7756_length_1278_cov_16.070374	1278	37.64
GC1003827_F11_NODE_7757_length_1278_cov_11.080799	1278	36.70
GC1003827_F11_NODE_7758_length_1278_cov_8.624674	1278	51.02
GC1003827_F11_NODE_7759_length_1278_cov_3.952215	1278	31.61
GC1003827_F11_NODE_7760_length_1278_cov_3.513467	1278	29.50
GC1003827_F11_NODE_7761_length_1278_cov_3.282363	1278	59.39
GC1003827_F11_NODE_7762_length_1278_cov_2.974805	1278	31.85
GC1003827_F11_NODE_7763_length_1278_cov_2.122502	1278	35.60
GC1003827_F11_NODE_7764_length_1278_cov_1.946134	1278	32.39
GC1003827_F11_NODE_7765_length_1278_cov_1.687228	1278	32.39
GC1003827_F11_NODE_7766_length_1278_cov_1.512598	1278	35.13
GC1003827_F11_NODE_7767_length_1278_cov_0.865334	1278	28.64
GC1003827_F11_NODE_7768_length_1277_cov_35.998261	1277	46.44
GC1003827_F11_NODE_7769_length_1277_cov_11.293913	1277	42.44
GC1003827_F11_NODE_7770_length_1277_cov_8.824348	1277	48.55
GC1003827_F11_NODE_7771_length_1277_cov_5.958261	1277	35.47
GC1003827_F11_NODE_7772_length_1277_cov_5.432174	1277	39.31
GC1003827_F11_NODE_7773_length_1277_cov_5.251304	1277	33.67
GC1003827_F11_NODE_7774_length_1277_cov_5.159130	1277	37.43
GC1003827_F11_NODE_7775_length_1277_cov_5.086087	1277	35.00
GC1003827_F11_NODE_7776_length_1277_cov_3.143478	1277	33.99
GC1003827_F11_NODE_7777_length_1277_cov_2.680000	1277	36.73
GC1003827_F11_NODE_7778_length_1277_cov_2.546087	1277	33.05
GC1003827_F11_NODE_7779_length_1277_cov_2.095652	1277	32.97
GC1003827_F11_NODE_7780_length_1277_cov_1.834783	1277	32.34
GC1003827_F11_NODE_7781_length_1277_cov_0.686957	1277	30.70
GC1003827_F11_NODE_7782_length_1276_cov_10.416884	1276	30.96
GC1003827_F11_NODE_7783_length_1276_cov_5.845083	1276	30.88
GC1003827_F11_NODE_7784_length_1276_cov_5.574413	1276	39.73
GC1003827_F11_NODE_7785_length_1276_cov_3.773716	1276	36.21
GC1003827_F11_NODE_7786_length_1276_cov_3.275022	1276	28.53
GC1003827_F11_NODE_7787_length_1276_cov_2.233246	1276	33.31
GC1003827_F11_NODE_7788_length_1276_cov_2.079199	1276	31.66
GC1003827_F11_NODE_7789_length_1276_cov_1.661445	1276	25.31
GC1003827_F11_NODE_7790_length_1276_cov_0.990426	1276	33.39
GC1003827_F11_NODE_7791_length_1275_cov_15.461672	1275	44.00
GC1003827_F11_NODE_7792_length_1275_cov_13.840592	1275	50.43
GC1003827_F11_NODE_7793_length_1275_cov_9.831010	1275	35.06
GC1003827_F11_NODE_7794_length_1275_cov_7.131533	1275	33.41
GC1003827_F11_NODE_7795_length_1275_cov_5.956446	1275	58.43
GC1003827_F11_NODE_7796_length_1275_cov_4.740418	1275	33.96
GC1003827_F11_NODE_7797_length_1275_cov_2.934669	1275	32.63
GC1003827_F11_NODE_7798_length_1275_cov_1.940767	1275	61.80
GC1003827_F11_NODE_7799_length_1275_cov_1.669861	1275	34.27
GC1003827_F11_NODE_7800_length_1275_cov_1.257840	1275	31.92
GC1003827_F11_NODE_7801_length_1274_cov_12.081953	1274	45.13
GC1003827_F11_NODE_7802_length_1274_cov_11.311247	1274	57.30
GC1003827_F11_NODE_7803_length_1274_cov_10.296425	1274	36.58
GC1003827_F11_NODE_7804_length_1274_cov_9.560593	1274	33.75
GC1003827_F11_NODE_7805_length_1274_cov_8.822145	1274	36.73
GC1003827_F11_NODE_7806_length_1274_cov_8.331299	1274	56.83
GC1003827_F11_NODE_7807_length_1274_cov_7.479512	1274	39.87
GC1003827_F11_NODE_7808_length_1274_cov_4.817786	1274	57.54
GC1003827_F11_NODE_7809_length_1274_cov_4.048823	1274	31.16
GC1003827_F11_NODE_7810_length_1274_cov_4.040105	1274	32.57
GC1003827_F11_NODE_7811_length_1274_cov_3.272014	1274	31.40
GC1003827_F11_NODE_7812_length_1274_cov_2.796861	1274	38.70
GC1003827_F11_NODE_7813_length_1274_cov_2.469922	1274	30.69
GC1003827_F11_NODE_7814_length_1274_cov_2.220575	1274	32.50
GC1003827_F11_NODE_7815_length_1274_cov_1.614647	1274	30.46
GC1003827_F11_NODE_7816_length_1273_cov_27.457243	1273	33.39
GC1003827_F11_NODE_7817_length_1273_cov_13.818499	1273	34.72
GC1003827_F11_NODE_7818_length_1273_cov_10.468586	1273	34.96
GC1003827_F11_NODE_7819_length_1273_cov_6.746946	1273	32.60
GC1003827_F11_NODE_7820_length_1273_cov_6.342059	1273	33.07
GC1003827_F11_NODE_7821_length_1273_cov_5.856894	1273	32.44
GC1003827_F11_NODE_7822_length_1273_cov_5.616056	1273	33.62
GC1003827_F11_NODE_7823_length_1273_cov_4.148342	1273	33.46
GC1003827_F11_NODE_7824_length_1273_cov_3.425829	1273	38.33
GC1003827_F11_NODE_7825_length_1273_cov_2.698080	1273	33.62
GC1003827_F11_NODE_7826_length_1273_cov_1.766143	1273	27.97
GC1003827_F11_NODE_7827_length_1272_cov_16.666376	1272	33.49
GC1003827_F11_NODE_7828_length_1272_cov_16.279476	1272	37.11
GC1003827_F11_NODE_7829_length_1272_cov_8.070742	1272	42.06
GC1003827_F11_NODE_7830_length_1272_cov_6.728384	1272	35.14
GC1003827_F11_NODE_7831_length_1272_cov_6.632314	1272	37.26
GC1003827_F11_NODE_7832_length_1272_cov_6.324891	1272	32.23
GC1003827_F11_NODE_7833_length_1272_cov_3.934498	1272	31.92
GC1003827_F11_NODE_7834_length_1272_cov_3.501310	1272	31.45
GC1003827_F11_NODE_7835_length_1272_cov_2.587773	1272	37.19
GC1003827_F11_NODE_7836_length_1272_cov_1.874236	1272	28.62
GC1003827_F11_NODE_7837_length_1272_cov_1.008734	1272	30.42
GC1003827_F11_NODE_7838_length_1271_cov_36.363636	1271	39.58
GC1003827_F11_NODE_7839_length_1271_cov_16.545455	1271	31.63
GC1003827_F11_NODE_7840_length_1271_cov_7.224650	1271	44.37
GC1003827_F11_NODE_7841_length_1271_cov_6.939685	1271	36.90
GC1003827_F11_NODE_7842_length_1271_cov_6.236014	1271	36.03
GC1003827_F11_NODE_7843_length_1271_cov_5.416958	1271	35.88
GC1003827_F11_NODE_7844_length_1271_cov_3.465035	1271	26.51
GC1003827_F11_NODE_7845_length_1271_cov_3.041084	1271	29.66
GC1003827_F11_NODE_7846_length_1271_cov_1.449301	1271	35.80
GC1003827_F11_NODE_7847_length_1270_cov_13.391076	1270	34.02
GC1003827_F11_NODE_7848_length_1270_cov_11.667542	1270	37.17
GC1003827_F11_NODE_7849_length_1270_cov_7.153106	1270	33.23
GC1003827_F11_NODE_7850_length_1270_cov_5.362205	1270	36.22
GC1003827_F11_NODE_7851_length_1270_cov_4.863517	1270	39.29
GC1003827_F11_NODE_7852_length_1270_cov_4.447069	1270	33.70
GC1003827_F11_NODE_7853_length_1270_cov_4.272966	1270	36.61
GC1003827_F11_NODE_7854_length_1270_cov_4.262467	1270	31.50
GC1003827_F11_NODE_7855_length_1270_cov_3.944007	1270	65.59
GC1003827_F11_NODE_7856_length_1270_cov_3.614173	1270	35.28
GC1003827_F11_NODE_7857_length_1270_cov_3.435696	1270	60.24
GC1003827_F11_NODE_7858_length_1270_cov_3.066492	1270	63.31
GC1003827_F11_NODE_7859_length_1270_cov_1.656168	1270	33.70
GC1003827_F11_NODE_7860_length_1270_cov_1.287839	1270	31.10
GC1003827_F11_NODE_7861_length_1269_cov_8.720665	1269	30.50
GC1003827_F11_NODE_7862_length_1269_cov_5.987741	1269	38.30
GC1003827_F11_NODE_7863_length_1269_cov_3.682137	1269	34.28
GC1003827_F11_NODE_7864_length_1269_cov_3.343257	1269	31.91
GC1003827_F11_NODE_7865_length_1269_cov_2.949212	1269	33.65
GC1003827_F11_NODE_7866_length_1269_cov_2.299475	1269	33.81
GC1003827_F11_NODE_7867_length_1269_cov_2.239930	1269	69.11
GC1003827_F11_NODE_7868_length_1269_cov_1.164623	1269	37.59
GC1003827_F11_NODE_7869_length_1268_cov_41.991236	1268	59.62
GC1003827_F11_NODE_7870_length_1268_cov_15.875548	1268	39.67
GC1003827_F11_NODE_7871_length_1268_cov_7.559159	1268	27.68
GC1003827_F11_NODE_7872_length_1268_cov_6.465381	1268	32.26
GC1003827_F11_NODE_7873_length_1268_cov_3.169150	1268	32.18
GC1003827_F11_NODE_7874_length_1268_cov_2.587204	1268	36.44
GC1003827_F11_NODE_7875_length_1268_cov_1.442594	1268	64.59
GC1003827_F11_NODE_7876_length_1267_cov_18.131579	1267	33.31
GC1003827_F11_NODE_7877_length_1267_cov_13.225439	1267	36.23
GC1003827_F11_NODE_7878_length_1267_cov_12.568421	1267	38.75
GC1003827_F11_NODE_7879_length_1267_cov_10.328947	1267	41.91
GC1003827_F11_NODE_7880_length_1267_cov_6.557018	1267	35.91
GC1003827_F11_NODE_7881_length_1267_cov_5.857018	1267	38.67
GC1003827_F11_NODE_7882_length_1267_cov_3.047368	1267	36.23
GC1003827_F11_NODE_7883_length_1267_cov_3.030702	1267	30.54
GC1003827_F11_NODE_7884_length_1267_cov_1.964035	1267	33.94
GC1003827_F11_NODE_7885_length_1267_cov_1.903509	1267	35.28
GC1003827_F11_NODE_7886_length_1267_cov_1.294737	1267	32.68
GC1003827_F11_NODE_7887_length_1267_cov_1.292105	1267	34.02
GC1003827_F11_NODE_7888_length_1266_cov_15.346795	1266	43.52
GC1003827_F11_NODE_7889_length_1266_cov_7.575066	1266	36.65
GC1003827_F11_NODE_7890_length_1266_cov_5.929763	1266	31.20
GC1003827_F11_NODE_7891_length_1266_cov_5.118525	1266	53.40
GC1003827_F11_NODE_7892_length_1266_cov_4.115891	1266	33.10
GC1003827_F11_NODE_7893_length_1266_cov_3.920105	1266	31.67
GC1003827_F11_NODE_7894_length_1266_cov_2.529412	1266	67.06
GC1003827_F11_NODE_7895_length_1266_cov_1.227392	1266	43.60
GC1003827_F11_NODE_7896_length_1266_cov_1.009658	1266	31.36
GC1003827_F11_NODE_7897_length_1265_cov_17.093146	1265	34.70
GC1003827_F11_NODE_7898_length_1265_cov_7.376977	1265	33.75
GC1003827_F11_NODE_7899_length_1265_cov_6.212654	1265	36.21
GC1003827_F11_NODE_7900_length_1265_cov_4.813708	1265	35.73
GC1003827_F11_NODE_7901_length_1265_cov_4.278559	1265	33.04
GC1003827_F11_NODE_7902_length_1265_cov_3.008787	1265	29.17
GC1003827_F11_NODE_7903_length_1265_cov_2.669596	1265	35.10
GC1003827_F11_NODE_7904_length_1265_cov_2.666960	1265	37.08
GC1003827_F11_NODE_7905_length_1265_cov_2.124780	1265	34.47
GC1003827_F11_NODE_7906_length_1265_cov_1.742531	1265	38.18
GC1003827_F11_NODE_7907_length_1265_cov_1.510545	1265	28.14
GC1003827_F11_NODE_7908_length_1265_cov_1.117750	1265	43.40
GC1003827_F11_NODE_7909_length_1264_cov_28.933157	1264	33.94
GC1003827_F11_NODE_7910_length_1264_cov_10.452067	1264	31.88
GC1003827_F11_NODE_7911_length_1264_cov_8.336851	1264	61.87
GC1003827_F11_NODE_7912_length_1264_cov_5.926121	1264	32.28
GC1003827_F11_NODE_7913_length_1264_cov_5.754617	1264	35.76
GC1003827_F11_NODE_7914_length_1264_cov_4.961302	1264	36.23
GC1003827_F11_NODE_7915_length_1264_cov_4.695690	1264	34.18
GC1003827_F11_NODE_7916_length_1264_cov_4.545295	1264	31.49
GC1003827_F11_NODE_7917_length_1264_cov_3.247142	1264	59.65
GC1003827_F11_NODE_7918_length_1264_cov_3.092348	1264	32.83
GC1003827_F11_NODE_7919_length_1264_cov_2.244503	1264	34.89
GC1003827_F11_NODE_7920_length_1264_cov_1.539138	1264	59.81
GC1003827_F11_NODE_7921_length_1263_cov_17.651408	1263	36.98
GC1003827_F11_NODE_7922_length_1263_cov_5.492077	1263	39.19
GC1003827_F11_NODE_7923_length_1263_cov_4.980634	1263	33.57
GC1003827_F11_NODE_7924_length_1263_cov_4.687500	1263	33.02
GC1003827_F11_NODE_7925_length_1263_cov_4.205986	1263	38.48
GC1003827_F11_NODE_7926_length_1263_cov_4.006162	1263	32.70
GC1003827_F11_NODE_7927_length_1263_cov_2.817782	1263	33.57
GC1003827_F11_NODE_7928_length_1263_cov_2.290493	1263	39.90
GC1003827_F11_NODE_7929_length_1263_cov_1.695423	1263	35.15
GC1003827_F11_NODE_7930_length_1263_cov_0.785211	1263	31.75
GC1003827_F11_NODE_7931_length_1263_cov_0.778169	1263	31.20
GC1003827_F11_NODE_7932_length_1262_cov_13.259912	1262	37.64
GC1003827_F11_NODE_7933_length_1262_cov_11.936564	1262	35.66
GC1003827_F11_NODE_7934_length_1262_cov_8.609692	1262	36.29
GC1003827_F11_NODE_7935_length_1262_cov_5.017621	1262	31.46
GC1003827_F11_NODE_7936_length_1262_cov_4.140088	1262	44.77
GC1003827_F11_NODE_7937_length_1262_cov_3.306608	1262	30.74
GC1003827_F11_NODE_7938_length_1262_cov_3.288987	1262	31.77
GC1003827_F11_NODE_7939_length_1262_cov_2.269604	1262	32.49
GC1003827_F11_NODE_7940_length_1262_cov_1.896035	1262	27.73
GC1003827_F11_NODE_7941_length_1262_cov_1.281938	1262	30.82
GC1003827_F11_NODE_7942_length_1261_cov_13.707231	1261	60.67
GC1003827_F11_NODE_7943_length_1261_cov_10.272487	1261	34.50
GC1003827_F11_NODE_7944_length_1261_cov_5.313051	1261	52.02
GC1003827_F11_NODE_7945_length_1261_cov_4.544092	1261	36.72
GC1003827_F11_NODE_7946_length_1261_cov_3.570547	1261	32.99
GC1003827_F11_NODE_7947_length_1261_cov_2.914462	1261	64.71
GC1003827_F11_NODE_7948_length_1261_cov_2.469136	1261	66.61
GC1003827_F11_NODE_7949_length_1261_cov_2.274250	1261	33.39
GC1003827_F11_NODE_7950_length_1261_cov_1.941799	1261	32.36
GC1003827_F11_NODE_7951_length_1261_cov_1.224868	1261	30.21
GC1003827_F11_NODE_7952_length_1260_cov_10.796117	1260	38.02
GC1003827_F11_NODE_7953_length_1260_cov_10.458959	1260	34.92
GC1003827_F11_NODE_7954_length_1260_cov_8.403354	1260	39.60
GC1003827_F11_NODE_7955_length_1260_cov_6.443954	1260	36.35
GC1003827_F11_NODE_7956_length_1260_cov_6.166814	1260	65.79
GC1003827_F11_NODE_7957_length_1260_cov_5.819064	1260	41.03
GC1003827_F11_NODE_7958_length_1260_cov_5.698147	1260	34.37
GC1003827_F11_NODE_7959_length_1260_cov_5.566637	1260	29.13
GC1003827_F11_NODE_7960_length_1260_cov_4.888791	1260	37.22
GC1003827_F11_NODE_7961_length_1260_cov_4.827008	1260	32.78
GC1003827_F11_NODE_7962_length_1260_cov_3.603707	1260	30.48
GC1003827_F11_NODE_7963_length_1260_cov_2.488967	1260	36.43
GC1003827_F11_NODE_7964_length_1259_cov_41.047703	1259	38.20
GC1003827_F11_NODE_7965_length_1259_cov_16.155477	1259	35.11
GC1003827_F11_NODE_7966_length_1259_cov_14.874558	1259	38.92
GC1003827_F11_NODE_7967_length_1259_cov_12.209364	1259	38.28
GC1003827_F11_NODE_7968_length_1259_cov_10.425795	1259	35.82
GC1003827_F11_NODE_7969_length_1259_cov_6.533569	1259	37.57
GC1003827_F11_NODE_7970_length_1259_cov_4.124558	1259	32.01
GC1003827_F11_NODE_7971_length_1259_cov_3.621908	1259	32.57
GC1003827_F11_NODE_7972_length_1259_cov_3.056537	1259	39.16
GC1003827_F11_NODE_7973_length_1259_cov_2.709364	1259	33.84
GC1003827_F11_NODE_7974_length_1259_cov_2.675795	1259	30.90
GC1003827_F11_NODE_7975_length_1259_cov_2.259717	1259	29.94
GC1003827_F11_NODE_7976_length_1259_cov_2.005300	1259	37.81
GC1003827_F11_NODE_7977_length_1259_cov_1.945230	1259	49.32
GC1003827_F11_NODE_7978_length_1259_cov_1.606007	1259	28.04
GC1003827_F11_NODE_7979_length_1258_cov_50.780725	1258	38.24
GC1003827_F11_NODE_7980_length_1258_cov_11.787798	1258	42.37
GC1003827_F11_NODE_7981_length_1258_cov_6.337754	1258	33.23
GC1003827_F11_NODE_7982_length_1258_cov_5.228117	1258	35.14
GC1003827_F11_NODE_7983_length_1258_cov_5.033599	1258	60.10
GC1003827_F11_NODE_7984_length_1258_cov_4.417330	1258	32.03
GC1003827_F11_NODE_7985_length_1258_cov_4.277630	1258	57.15
GC1003827_F11_NODE_7986_length_1258_cov_4.006189	1258	33.55
GC1003827_F11_NODE_7987_length_1258_cov_3.839965	1258	35.53
GC1003827_F11_NODE_7988_length_1258_cov_3.653404	1258	50.48
GC1003827_F11_NODE_7989_length_1258_cov_2.888594	1258	36.41
GC1003827_F11_NODE_7990_length_1258_cov_2.635721	1258	34.66
GC1003827_F11_NODE_7991_length_1258_cov_2.335986	1258	30.45
GC1003827_F11_NODE_7992_length_1258_cov_1.066313	1258	30.21
GC1003827_F11_NODE_7993_length_1258_cov_0.853227	1258	29.57
GC1003827_F11_NODE_7994_length_1257_cov_10.147788	1257	34.13
GC1003827_F11_NODE_7995_length_1257_cov_7.073451	1257	36.52
GC1003827_F11_NODE_7996_length_1257_cov_5.686726	1257	36.36
GC1003827_F11_NODE_7997_length_1257_cov_3.746018	1257	28.72
GC1003827_F11_NODE_7998_length_1257_cov_3.143363	1257	34.84
GC1003827_F11_NODE_7999_length_1257_cov_1.898230	1257	33.41
GC1003827_F11_NODE_8000_length_1257_cov_1.469027	1257	30.39
GC1003827_F11_NODE_8001_length_1256_cov_9.894597	1256	50.56
GC1003827_F11_NODE_8002_length_1256_cov_9.430469	1256	33.20
GC1003827_F11_NODE_8003_length_1256_cov_8.692648	1256	39.73
GC1003827_F11_NODE_8004_length_1256_cov_7.953942	1256	36.15
GC1003827_F11_NODE_8005_length_1256_cov_7.852081	1256	34.63
GC1003827_F11_NODE_8006_length_1256_cov_6.911426	1256	38.22
GC1003827_F11_NODE_8007_length_1256_cov_6.691763	1256	35.99
GC1003827_F11_NODE_8008_length_1256_cov_6.438441	1256	33.60
GC1003827_F11_NODE_8009_length_1256_cov_5.966342	1256	30.81
GC1003827_F11_NODE_8010_length_1256_cov_4.537644	1256	57.09
GC1003827_F11_NODE_8011_length_1256_cov_4.145261	1256	32.09
GC1003827_F11_NODE_8012_length_1256_cov_2.849424	1256	31.93
GC1003827_F11_NODE_8013_length_1256_cov_2.668733	1256	34.39
GC1003827_F11_NODE_8014_length_1256_cov_2.636847	1256	36.31
GC1003827_F11_NODE_8015_length_1256_cov_2.552702	1256	31.37
GC1003827_F11_NODE_8016_length_1256_cov_2.453499	1256	26.91
GC1003827_F11_NODE_8017_length_1256_cov_1.950399	1256	31.77
GC1003827_F11_NODE_8018_length_1255_cov_28.514184	1255	33.31
GC1003827_F11_NODE_8019_length_1255_cov_22.004433	1255	42.23
GC1003827_F11_NODE_8020_length_1255_cov_14.738475	1255	40.72
GC1003827_F11_NODE_8021_length_1255_cov_13.568262	1255	39.76
GC1003827_F11_NODE_8022_length_1255_cov_7.351064	1255	29.96
GC1003827_F11_NODE_8023_length_1255_cov_6.406915	1255	32.75
GC1003827_F11_NODE_8024_length_1255_cov_4.918440	1255	31.55
GC1003827_F11_NODE_8025_length_1255_cov_4.696809	1255	35.06
GC1003827_F11_NODE_8026_length_1255_cov_4.666667	1255	33.15
GC1003827_F11_NODE_8027_length_1255_cov_4.484043	1255	31.71
GC1003827_F11_NODE_8028_length_1255_cov_3.886525	1255	30.36
GC1003827_F11_NODE_8029_length_1255_cov_3.639184	1255	40.08
GC1003827_F11_NODE_8030_length_1255_cov_2.630319	1255	61.67
GC1003827_F11_NODE_8031_length_1255_cov_2.298759	1255	29.08
GC1003827_F11_NODE_8032_length_1255_cov_1.352837	1255	30.44
GC1003827_F11_NODE_8033_length_1255_cov_0.626773	1255	30.68
GC1003827_F11_NODE_8034_length_1255_cov_0.525709	1255	35.38
GC1003827_F11_NODE_8035_length_1254_cov_6.152618	1254	32.70
GC1003827_F11_NODE_8036_length_1254_cov_4.948536	1254	35.01
GC1003827_F11_NODE_8037_length_1254_cov_4.884650	1254	56.46
GC1003827_F11_NODE_8038_length_1254_cov_4.858917	1254	61.96
GC1003827_F11_NODE_8039_length_1254_cov_2.103815	1254	31.90
GC1003827_F11_NODE_8040_length_1254_cov_1.965395	1254	34.05
GC1003827_F11_NODE_8041_length_1253_cov_29.829485	1253	38.07
GC1003827_F11_NODE_8042_length_1253_cov_23.871226	1253	38.07
GC1003827_F11_NODE_8043_length_1253_cov_21.801954	1253	35.28
GC1003827_F11_NODE_8044_length_1253_cov_21.045293	1253	34.56
GC1003827_F11_NODE_8045_length_1253_cov_12.816163	1253	33.84
GC1003827_F11_NODE_8046_length_1253_cov_12.071048	1253	38.31
GC1003827_F11_NODE_8047_length_1253_cov_10.734458	1253	37.19
GC1003827_F11_NODE_8048_length_1253_cov_7.645648	1253	54.75
GC1003827_F11_NODE_8049_length_1253_cov_6.263766	1253	32.56
GC1003827_F11_NODE_8050_length_1253_cov_5.232682	1253	35.43
GC1003827_F11_NODE_8051_length_1253_cov_4.564831	1253	31.60
GC1003827_F11_NODE_8052_length_1253_cov_4.458259	1253	34.40
GC1003827_F11_NODE_8053_length_1253_cov_3.035524	1253	60.18
GC1003827_F11_NODE_8054_length_1253_cov_3.013321	1253	34.72
GC1003827_F11_NODE_8055_length_1253_cov_2.528419	1253	29.45
GC1003827_F11_NODE_8056_length_1253_cov_2.439609	1253	36.23
GC1003827_F11_NODE_8057_length_1253_cov_1.696270	1253	34.72
GC1003827_F11_NODE_8058_length_1253_cov_1.322380	1253	32.08
GC1003827_F11_NODE_8059_length_1252_cov_20.458667	1252	36.18
GC1003827_F11_NODE_8060_length_1252_cov_9.795556	1252	36.10
GC1003827_F11_NODE_8061_length_1252_cov_9.014222	1252	34.42
GC1003827_F11_NODE_8062_length_1252_cov_9.005333	1252	35.38
GC1003827_F11_NODE_8063_length_1252_cov_7.147556	1252	39.30
GC1003827_F11_NODE_8064_length_1252_cov_6.989333	1252	36.98
GC1003827_F11_NODE_8065_length_1252_cov_6.179556	1252	40.65
GC1003827_F11_NODE_8066_length_1252_cov_6.000889	1252	40.50
GC1003827_F11_NODE_8067_length_1252_cov_5.869333	1252	31.55
GC1003827_F11_NODE_8068_length_1252_cov_5.032889	1252	31.47
GC1003827_F11_NODE_8069_length_1252_cov_4.841778	1252	30.59
GC1003827_F11_NODE_8070_length_1252_cov_3.927111	1252	44.09
GC1003827_F11_NODE_8071_length_1252_cov_3.672000	1252	27.32
GC1003827_F11_NODE_8072_length_1252_cov_3.071111	1252	33.39
GC1003827_F11_NODE_8073_length_1252_cov_2.727111	1252	31.47
GC1003827_F11_NODE_8074_length_1252_cov_2.712889	1252	29.87
GC1003827_F11_NODE_8075_length_1252_cov_1.913778	1252	29.07
GC1003827_F11_NODE_8076_length_1252_cov_1.644444	1252	38.18
GC1003827_F11_NODE_8077_length_1252_cov_1.050667	1252	37.38
GC1003827_F11_NODE_8078_length_1251_cov_15.450178	1251	63.15
GC1003827_F11_NODE_8079_length_1251_cov_10.016014	1251	34.77
GC1003827_F11_NODE_8080_length_1251_cov_9.773132	1251	35.09
GC1003827_F11_NODE_8081_length_1251_cov_7.067616	1251	32.29
GC1003827_F11_NODE_8082_length_1251_cov_6.356762	1251	63.31
GC1003827_F11_NODE_8083_length_1251_cov_4.452847	1251	36.45
GC1003827_F11_NODE_8084_length_1251_cov_1.080961	1251	38.61
GC1003827_F11_NODE_8085_length_1251_cov_0.967972	1251	65.95
GC1003827_F11_NODE_8086_length_1250_cov_39.167409	1250	41.36
GC1003827_F11_NODE_8087_length_1250_cov_12.741763	1250	35.84
GC1003827_F11_NODE_8088_length_1250_cov_9.550312	1250	37.04
GC1003827_F11_NODE_8089_length_1250_cov_9.132680	1250	36.88
GC1003827_F11_NODE_8090_length_1250_cov_5.290294	1250	38.40
GC1003827_F11_NODE_8091_length_1250_cov_4.927872	1250	33.60
GC1003827_F11_NODE_8092_length_1250_cov_4.715939	1250	34.40
GC1003827_F11_NODE_8093_length_1250_cov_4.464826	1250	29.92
GC1003827_F11_NODE_8094_length_1250_cov_4.371327	1250	34.64
GC1003827_F11_NODE_8095_length_1250_cov_4.022262	1250	36.48
GC1003827_F11_NODE_8096_length_1250_cov_3.081923	1250	38.32
GC1003827_F11_NODE_8097_length_1250_cov_3.006233	1250	32.96
GC1003827_F11_NODE_8098_length_1250_cov_2.991986	1250	34.64
GC1003827_F11_NODE_8099_length_1250_cov_2.578807	1250	34.08
GC1003827_F11_NODE_8100_length_1250_cov_2.008905	1250	38.48
GC1003827_F11_NODE_8101_length_1249_cov_26.712121	1249	36.43
GC1003827_F11_NODE_8102_length_1249_cov_8.697861	1249	32.43
GC1003827_F11_NODE_8103_length_1249_cov_7.539216	1249	38.67
GC1003827_F11_NODE_8104_length_1249_cov_6.997326	1249	34.19
GC1003827_F11_NODE_8105_length_1249_cov_5.294118	1249	55.64
GC1003827_F11_NODE_8106_length_1249_cov_4.858289	1249	30.26
GC1003827_F11_NODE_8107_length_1249_cov_3.981283	1249	31.47
GC1003827_F11_NODE_8108_length_1248_cov_13.578947	1248	38.14
GC1003827_F11_NODE_8109_length_1248_cov_9.260482	1248	36.14
GC1003827_F11_NODE_8110_length_1248_cov_6.227475	1248	43.27
GC1003827_F11_NODE_8111_length_1248_cov_5.347904	1248	36.22
GC1003827_F11_NODE_8112_length_1248_cov_4.335415	1248	63.46
GC1003827_F11_NODE_8113_length_1248_cov_3.743979	1248	33.49
GC1003827_F11_NODE_8114_length_1248_cov_3.541481	1248	33.41
GC1003827_F11_NODE_8115_length_1248_cov_3.451383	1248	33.97
GC1003827_F11_NODE_8116_length_1248_cov_3.429081	1248	57.69
GC1003827_F11_NODE_8117_length_1248_cov_3.251561	1248	35.10
GC1003827_F11_NODE_8118_length_1248_cov_3.198037	1248	58.89
GC1003827_F11_NODE_8119_length_1248_cov_2.445138	1248	33.65
GC1003827_F11_NODE_8120_length_1248_cov_2.347012	1248	60.74
GC1003827_F11_NODE_8121_length_1248_cov_1.840321	1248	37.02
GC1003827_F11_NODE_8122_length_1247_cov_12.013393	1247	36.89
GC1003827_F11_NODE_8123_length_1247_cov_11.840179	1247	37.45
GC1003827_F11_NODE_8124_length_1247_cov_6.469643	1247	51.48
GC1003827_F11_NODE_8125_length_1247_cov_5.056250	1247	35.77
GC1003827_F11_NODE_8126_length_1247_cov_4.509821	1247	32.32
GC1003827_F11_NODE_8127_length_1247_cov_3.634821	1247	39.29
GC1003827_F11_NODE_8128_length_1247_cov_3.532143	1247	32.32
GC1003827_F11_NODE_8129_length_1247_cov_3.161607	1247	33.60
GC1003827_F11_NODE_8130_length_1247_cov_2.677679	1247	35.61
GC1003827_F11_NODE_8131_length_1247_cov_1.705357	1247	32.96
GC1003827_F11_NODE_8132_length_1247_cov_1.116964	1247	31.84
GC1003827_F11_NODE_8133_length_1247_cov_1.041071	1247	33.92
GC1003827_F11_NODE_8134_length_1246_cov_16.737265	1246	36.04
GC1003827_F11_NODE_8135_length_1246_cov_15.506702	1246	42.86
GC1003827_F11_NODE_8136_length_1246_cov_13.477212	1246	36.36
GC1003827_F11_NODE_8137_length_1246_cov_11.736372	1246	36.52
GC1003827_F11_NODE_8138_length_1246_cov_11.719392	1246	32.83
GC1003827_F11_NODE_8139_length_1246_cov_10.679178	1246	33.31
GC1003827_F11_NODE_8140_length_1246_cov_7.377122	1246	34.75
GC1003827_F11_NODE_8141_length_1246_cov_7.031278	1246	39.00
GC1003827_F11_NODE_8142_length_1246_cov_6.487936	1246	31.38
GC1003827_F11_NODE_8143_length_1246_cov_6.380697	1246	55.38
GC1003827_F11_NODE_8144_length_1246_cov_3.987489	1246	34.19
GC1003827_F11_NODE_8145_length_1246_cov_3.353887	1246	36.52
GC1003827_F11_NODE_8146_length_1246_cov_3.285076	1246	51.69
GC1003827_F11_NODE_8147_length_1246_cov_3.076854	1246	43.82
GC1003827_F11_NODE_8148_length_1246_cov_3.073280	1246	40.53
GC1003827_F11_NODE_8149_length_1246_cov_2.325290	1246	39.09
GC1003827_F11_NODE_8150_length_1246_cov_2.064343	1246	35.55
GC1003827_F11_NODE_8151_length_1246_cov_1.676497	1246	31.38
GC1003827_F11_NODE_8152_length_1246_cov_1.268097	1246	32.58
GC1003827_F11_NODE_8153_length_1245_cov_26.290698	1245	37.27
GC1003827_F11_NODE_8154_length_1245_cov_24.361360	1245	33.41
GC1003827_F11_NODE_8155_length_1245_cov_15.017889	1245	38.63
GC1003827_F11_NODE_8156_length_1245_cov_10.421288	1245	40.56
GC1003827_F11_NODE_8157_length_1245_cov_7.520572	1245	33.41
GC1003827_F11_NODE_8158_length_1245_cov_6.746869	1245	31.97
GC1003827_F11_NODE_8159_length_1245_cov_5.786225	1245	60.08
GC1003827_F11_NODE_8160_length_1245_cov_5.537567	1245	34.94
GC1003827_F11_NODE_8161_length_1245_cov_4.532200	1245	40.72
GC1003827_F11_NODE_8162_length_1245_cov_4.016995	1245	36.63
GC1003827_F11_NODE_8163_length_1245_cov_3.135063	1245	53.82
GC1003827_F11_NODE_8164_length_1245_cov_2.330948	1245	34.70
GC1003827_F11_NODE_8165_length_1245_cov_1.635063	1245	34.30
GC1003827_F11_NODE_8166_length_1245_cov_1.613596	1245	32.05
GC1003827_F11_NODE_8167_length_1245_cov_1.390877	1245	36.22
GC1003827_F11_NODE_8168_length_1244_cov_14.659803	1244	38.18
GC1003827_F11_NODE_8169_length_1244_cov_9.059982	1244	36.01
GC1003827_F11_NODE_8170_length_1244_cov_7.498657	1244	39.47
GC1003827_F11_NODE_8171_length_1244_cov_6.418084	1244	31.03
GC1003827_F11_NODE_8172_length_1244_cov_6.410027	1244	35.77
GC1003827_F11_NODE_8173_length_1244_cov_5.326768	1244	52.97
GC1003827_F11_NODE_8174_length_1244_cov_5.114593	1244	31.35
GC1003827_F11_NODE_8175_length_1244_cov_4.675022	1244	41.08
GC1003827_F11_NODE_8176_length_1244_cov_4.663384	1244	36.66
GC1003827_F11_NODE_8177_length_1244_cov_4.243509	1244	36.33
GC1003827_F11_NODE_8178_length_1244_cov_3.596240	1244	66.64
GC1003827_F11_NODE_8179_length_1244_cov_2.478066	1244	55.47
GC1003827_F11_NODE_8180_length_1244_cov_2.290958	1244	58.36
GC1003827_F11_NODE_8181_length_1244_cov_1.002686	1244	30.23
GC1003827_F11_NODE_8182_length_1243_cov_35.542115	1243	37.33
GC1003827_F11_NODE_8183_length_1243_cov_25.464158	1243	47.71
GC1003827_F11_NODE_8184_length_1243_cov_22.313620	1243	33.87
GC1003827_F11_NODE_8185_length_1243_cov_17.941756	1243	37.25
GC1003827_F11_NODE_8186_length_1243_cov_10.312724	1243	32.82
GC1003827_F11_NODE_8187_length_1243_cov_7.353047	1243	32.98
GC1003827_F11_NODE_8188_length_1243_cov_7.172939	1243	33.39
GC1003827_F11_NODE_8189_length_1243_cov_6.220430	1243	33.87
GC1003827_F11_NODE_8190_length_1243_cov_5.757168	1243	34.67
GC1003827_F11_NODE_8191_length_1243_cov_4.760753	1243	39.10
GC1003827_F11_NODE_8192_length_1243_cov_4.155018	1243	55.27
GC1003827_F11_NODE_8193_length_1243_cov_4.021505	1243	39.90
GC1003827_F11_NODE_8194_length_1243_cov_3.311828	1243	35.48
GC1003827_F11_NODE_8195_length_1243_cov_2.201613	1243	31.86
GC1003827_F11_NODE_8196_length_1243_cov_0.874552	1243	33.15
GC1003827_F11_NODE_8197_length_1243_cov_0.788530	1243	34.27
GC1003827_F11_NODE_8198_length_1242_cov_22.494170	1242	34.14
GC1003827_F11_NODE_8199_length_1242_cov_15.311211	1242	37.44
GC1003827_F11_NODE_8200_length_1242_cov_12.486099	1242	32.37
GC1003827_F11_NODE_8201_length_1242_cov_9.855605	1242	38.33
GC1003827_F11_NODE_8202_length_1242_cov_6.730045	1242	39.37
GC1003827_F11_NODE_8203_length_1242_cov_5.950673	1242	34.14
GC1003827_F11_NODE_8204_length_1242_cov_2.771300	1242	38.49
GC1003827_F11_NODE_8205_length_1242_cov_1.328251	1242	30.76
GC1003827_F11_NODE_8206_length_1241_cov_34.536804	1241	31.51
GC1003827_F11_NODE_8207_length_1241_cov_12.649013	1241	37.23
GC1003827_F11_NODE_8208_length_1241_cov_9.173250	1241	39.56
GC1003827_F11_NODE_8209_length_1241_cov_8.253142	1241	34.65
GC1003827_F11_NODE_8210_length_1241_cov_8.247756	1241	36.83
GC1003827_F11_NODE_8211_length_1241_cov_7.641831	1241	36.58
GC1003827_F11_NODE_8212_length_1241_cov_5.115799	1241	30.62
GC1003827_F11_NODE_8213_length_1241_cov_5.074506	1241	33.76
GC1003827_F11_NODE_8214_length_1241_cov_4.950628	1241	30.38
GC1003827_F11_NODE_8215_length_1241_cov_4.441652	1241	36.02
GC1003827_F11_NODE_8216_length_1241_cov_3.881508	1241	38.92
GC1003827_F11_NODE_8217_length_1241_cov_3.827648	1241	56.89
GC1003827_F11_NODE_8218_length_1241_cov_3.653501	1241	40.85
GC1003827_F11_NODE_8219_length_1241_cov_3.429982	1241	36.83
GC1003827_F11_NODE_8220_length_1241_cov_3.368043	1241	35.21
GC1003827_F11_NODE_8221_length_1241_cov_2.807899	1241	35.21
GC1003827_F11_NODE_8222_length_1241_cov_2.790844	1241	34.49
GC1003827_F11_NODE_8223_length_1241_cov_2.705566	1241	57.70
GC1003827_F11_NODE_8224_length_1241_cov_2.454219	1241	31.99
GC1003827_F11_NODE_8225_length_1241_cov_1.530521	1241	55.28
GC1003827_F11_NODE_8226_length_1241_cov_1.271095	1241	30.70
GC1003827_F11_NODE_8227_length_1241_cov_0.732496	1241	28.53
GC1003827_F11_NODE_8228_length_1240_cov_11.729560	1240	36.29
GC1003827_F11_NODE_8229_length_1240_cov_10.031447	1240	32.10
GC1003827_F11_NODE_8230_length_1240_cov_5.574124	1240	33.87
GC1003827_F11_NODE_8231_length_1240_cov_5.226415	1240	54.76
GC1003827_F11_NODE_8232_length_1240_cov_4.504942	1240	33.95
GC1003827_F11_NODE_8233_length_1240_cov_3.936208	1240	41.21
GC1003827_F11_NODE_8234_length_1240_cov_3.104223	1240	35.81
GC1003827_F11_NODE_8235_length_1240_cov_2.188679	1240	32.18
GC1003827_F11_NODE_8236_length_1240_cov_1.426774	1240	26.85
GC1003827_F11_NODE_8237_length_1240_cov_1.067385	1240	31.53
GC1003827_F11_NODE_8238_length_1239_cov_33.999101	1239	35.67
GC1003827_F11_NODE_8239_length_1239_cov_12.620504	1239	46.57
GC1003827_F11_NODE_8240_length_1239_cov_10.408273	1239	59.40
GC1003827_F11_NODE_8241_length_1239_cov_8.817446	1239	35.27
GC1003827_F11_NODE_8242_length_1239_cov_6.799460	1239	32.77
GC1003827_F11_NODE_8243_length_1239_cov_5.375000	1239	39.71
GC1003827_F11_NODE_8244_length_1239_cov_5.321043	1239	33.09
GC1003827_F11_NODE_8245_length_1239_cov_5.111511	1239	37.93
GC1003827_F11_NODE_8246_length_1239_cov_4.779676	1239	30.51
GC1003827_F11_NODE_8247_length_1239_cov_3.928957	1239	32.53
GC1003827_F11_NODE_8248_length_1239_cov_3.822842	1239	35.84
GC1003827_F11_NODE_8249_length_1239_cov_3.780576	1239	34.22
GC1003827_F11_NODE_8250_length_1239_cov_2.062050	1239	33.82
GC1003827_F11_NODE_8251_length_1238_cov_7.315932	1238	31.26
GC1003827_F11_NODE_8252_length_1238_cov_6.283528	1238	37.08
GC1003827_F11_NODE_8253_length_1238_cov_5.220522	1238	55.65
GC1003827_F11_NODE_8254_length_1238_cov_3.416742	1238	29.73
GC1003827_F11_NODE_8255_length_1238_cov_1.812781	1238	29.16
GC1003827_F11_NODE_8256_length_1237_cov_28.708108	1237	43.49
GC1003827_F11_NODE_8257_length_1237_cov_19.851351	1237	33.63
GC1003827_F11_NODE_8258_length_1237_cov_15.239640	1237	35.25
GC1003827_F11_NODE_8259_length_1237_cov_14.391892	1237	32.26
GC1003827_F11_NODE_8260_length_1237_cov_9.363063	1237	38.97
GC1003827_F11_NODE_8261_length_1237_cov_5.699099	1237	35.17
GC1003827_F11_NODE_8262_length_1237_cov_4.625225	1237	38.72
GC1003827_F11_NODE_8263_length_1237_cov_3.573874	1237	29.26
GC1003827_F11_NODE_8264_length_1237_cov_3.361261	1237	30.40
GC1003827_F11_NODE_8265_length_1237_cov_2.443243	1237	38.32
GC1003827_F11_NODE_8266_length_1237_cov_2.253153	1237	33.23
GC1003827_F11_NODE_8267_length_1237_cov_1.940541	1237	33.79
GC1003827_F11_NODE_8268_length_1237_cov_1.079279	1237	30.88
GC1003827_F11_NODE_8269_length_1236_cov_21.736700	1236	34.47
GC1003827_F11_NODE_8270_length_1236_cov_9.711452	1236	40.37
GC1003827_F11_NODE_8271_length_1236_cov_8.073039	1236	33.50
GC1003827_F11_NODE_8272_length_1236_cov_5.825969	1236	46.60
GC1003827_F11_NODE_8273_length_1236_cov_5.384130	1236	34.39
GC1003827_F11_NODE_8274_length_1236_cov_5.304779	1236	45.63
GC1003827_F11_NODE_8275_length_1236_cov_4.543733	1236	35.36
GC1003827_F11_NODE_8276_length_1236_cov_3.502254	1236	32.28
GC1003827_F11_NODE_8277_length_1236_cov_2.192065	1236	29.21
GC1003827_F11_NODE_8278_length_1236_cov_2.095582	1236	30.26
GC1003827_F11_NODE_8279_length_1236_cov_1.897205	1236	62.38
GC1003827_F11_NODE_8280_length_1236_cov_1.881876	1236	32.85
GC1003827_F11_NODE_8281_length_1236_cov_1.310189	1236	31.15
GC1003827_F11_NODE_8282_length_1235_cov_11.458484	1235	31.17
GC1003827_F11_NODE_8283_length_1235_cov_10.235560	1235	37.09
GC1003827_F11_NODE_8284_length_1235_cov_9.779783	1235	33.60
GC1003827_F11_NODE_8285_length_1235_cov_8.167870	1235	36.03
GC1003827_F11_NODE_8286_length_1235_cov_3.790614	1235	32.63
GC1003827_F11_NODE_8287_length_1235_cov_3.103791	1235	33.44
GC1003827_F11_NODE_8288_length_1235_cov_1.791516	1235	31.66
GC1003827_F11_NODE_8289_length_1235_cov_1.763538	1235	30.69
GC1003827_F11_NODE_8290_length_1235_cov_1.536101	1235	35.06
GC1003827_F11_NODE_8291_length_1235_cov_1.233755	1235	32.47
GC1003827_F11_NODE_8292_length_1235_cov_1.052347	1235	33.60
GC1003827_F11_NODE_8293_length_1235_cov_1.037004	1235	41.21
GC1003827_F11_NODE_8294_length_1235_cov_0.549639	1235	30.85
GC1003827_F11_NODE_8295_length_1234_cov_10.850045	1234	39.30
GC1003827_F11_NODE_8296_length_1234_cov_7.361337	1234	36.39
GC1003827_F11_NODE_8297_length_1234_cov_6.957543	1234	35.66
GC1003827_F11_NODE_8298_length_1234_cov_5.592593	1234	31.20
GC1003827_F11_NODE_8299_length_1234_cov_4.358627	1234	32.66
GC1003827_F11_NODE_8300_length_1234_cov_3.705510	1234	38.90
GC1003827_F11_NODE_8301_length_1234_cov_2.336043	1234	33.95
GC1003827_F11_NODE_8302_length_1234_cov_2.082204	1234	44.89
GC1003827_F11_NODE_8303_length_1234_cov_1.772358	1234	58.83
GC1003827_F11_NODE_8304_length_1233_cov_22.616637	1233	30.98
GC1003827_F11_NODE_8305_length_1233_cov_16.054250	1233	35.93
GC1003827_F11_NODE_8306_length_1233_cov_15.848101	1233	37.15
GC1003827_F11_NODE_8307_length_1233_cov_13.125678	1233	34.96
GC1003827_F11_NODE_8308_length_1233_cov_8.123870	1233	58.64
GC1003827_F11_NODE_8309_length_1233_cov_7.330922	1233	36.82
GC1003827_F11_NODE_8310_length_1233_cov_7.129295	1233	36.17
GC1003827_F11_NODE_8311_length_1233_cov_5.946655	1233	37.55
GC1003827_F11_NODE_8312_length_1233_cov_5.580470	1233	32.68
GC1003827_F11_NODE_8313_length_1233_cov_5.298373	1233	30.33
GC1003827_F11_NODE_8314_length_1233_cov_3.310127	1233	36.58
GC1003827_F11_NODE_8315_length_1233_cov_3.256781	1233	33.09
GC1003827_F11_NODE_8316_length_1233_cov_2.936709	1233	30.58
GC1003827_F11_NODE_8317_length_1233_cov_2.658228	1233	30.66
GC1003827_F11_NODE_8318_length_1233_cov_2.338156	1233	33.98
GC1003827_F11_NODE_8319_length_1233_cov_1.948463	1233	31.22
GC1003827_F11_NODE_8320_length_1233_cov_1.782098	1233	32.44
GC1003827_F11_NODE_8321_length_1233_cov_1.299277	1233	33.82
GC1003827_F11_NODE_8322_length_1233_cov_1.185353	1233	29.93
GC1003827_F11_NODE_8323_length_1232_cov_22.994570	1232	37.26
GC1003827_F11_NODE_8324_length_1232_cov_15.474208	1232	38.96
GC1003827_F11_NODE_8325_length_1232_cov_10.302262	1232	32.22
GC1003827_F11_NODE_8326_length_1232_cov_8.762896	1232	33.28
GC1003827_F11_NODE_8327_length_1232_cov_5.685068	1232	37.58
GC1003827_F11_NODE_8328_length_1232_cov_5.581900	1232	37.66
GC1003827_F11_NODE_8329_length_1232_cov_5.205430	1232	31.82
GC1003827_F11_NODE_8330_length_1232_cov_3.595475	1232	41.88
GC1003827_F11_NODE_8331_length_1232_cov_3.329412	1232	33.44
GC1003827_F11_NODE_8332_length_1232_cov_2.813575	1232	37.26
GC1003827_F11_NODE_8333_length_1232_cov_2.320362	1232	33.20
GC1003827_F11_NODE_8334_length_1232_cov_1.512217	1232	61.53
GC1003827_F11_NODE_8335_length_1232_cov_0.828054	1232	32.31
GC1003827_F11_NODE_8336_length_1232_cov_0.788235	1232	29.79
GC1003827_F11_NODE_8337_length_1231_cov_24.214674	1231	35.82
GC1003827_F11_NODE_8338_length_1231_cov_11.347826	1231	35.58
GC1003827_F11_NODE_8339_length_1231_cov_7.159420	1231	31.84
GC1003827_F11_NODE_8340_length_1231_cov_5.712862	1231	32.01
GC1003827_F11_NODE_8341_length_1231_cov_5.391304	1231	35.34
GC1003827_F11_NODE_8342_length_1231_cov_3.375906	1231	61.58
GC1003827_F11_NODE_8343_length_1231_cov_3.140399	1231	29.98
GC1003827_F11_NODE_8344_length_1231_cov_3.115036	1231	32.58
GC1003827_F11_NODE_8345_length_1231_cov_2.507246	1231	35.58
GC1003827_F11_NODE_8346_length_1231_cov_2.001812	1231	33.71
GC1003827_F11_NODE_8347_length_1231_cov_1.854167	1231	31.03
GC1003827_F11_NODE_8348_length_1231_cov_1.796196	1231	62.47
GC1003827_F11_NODE_8349_length_1231_cov_1.020833	1231	36.80
GC1003827_F11_NODE_8350_length_1230_cov_10.533092	1230	37.07
GC1003827_F11_NODE_8351_length_1230_cov_5.722575	1230	35.45
GC1003827_F11_NODE_8352_length_1230_cov_5.105168	1230	50.08
GC1003827_F11_NODE_8353_length_1230_cov_4.829556	1230	31.14
GC1003827_F11_NODE_8354_length_1230_cov_4.269266	1230	34.80
GC1003827_F11_NODE_8355_length_1230_cov_2.971895	1230	40.24
GC1003827_F11_NODE_8356_length_1230_cov_2.579329	1230	34.31
GC1003827_F11_NODE_8357_length_1230_cov_2.297371	1230	33.50
GC1003827_F11_NODE_8358_length_1230_cov_1.550317	1230	31.95
GC1003827_F11_NODE_8359_length_1229_cov_10.168784	1229	39.14
GC1003827_F11_NODE_8360_length_1229_cov_8.950091	1229	40.03
GC1003827_F11_NODE_8361_length_1229_cov_7.450998	1229	32.30
GC1003827_F11_NODE_8362_length_1229_cov_6.523593	1229	53.21
GC1003827_F11_NODE_8363_length_1229_cov_5.073503	1229	33.60
GC1003827_F11_NODE_8364_length_1229_cov_4.717786	1229	31.81
GC1003827_F11_NODE_8365_length_1229_cov_3.747731	1229	36.62
GC1003827_F11_NODE_8366_length_1229_cov_3.715064	1229	39.14
GC1003827_F11_NODE_8367_length_1229_cov_2.593466	1229	31.65
GC1003827_F11_NODE_8368_length_1229_cov_2.266788	1229	34.34
GC1003827_F11_NODE_8369_length_1229_cov_1.332123	1229	29.70
GC1003827_F11_NODE_8370_length_1228_cov_9.618529	1228	35.42
GC1003827_F11_NODE_8371_length_1228_cov_8.642144	1228	38.68
GC1003827_F11_NODE_8372_length_1228_cov_3.911898	1228	34.77
GC1003827_F11_NODE_8373_length_1228_cov_3.908265	1228	32.74
GC1003827_F11_NODE_8374_length_1228_cov_3.223433	1228	35.10
GC1003827_F11_NODE_8375_length_1228_cov_2.264305	1228	34.77
GC1003827_F11_NODE_8376_length_1228_cov_1.990917	1228	69.46
GC1003827_F11_NODE_8377_length_1227_cov_10.940000	1227	40.91
GC1003827_F11_NODE_8378_length_1227_cov_10.527273	1227	39.85
GC1003827_F11_NODE_8379_length_1227_cov_9.706364	1227	32.19
GC1003827_F11_NODE_8380_length_1227_cov_6.496364	1227	35.70
GC1003827_F11_NODE_8381_length_1227_cov_6.320000	1227	32.52
GC1003827_F11_NODE_8382_length_1227_cov_5.896364	1227	33.58
GC1003827_F11_NODE_8383_length_1227_cov_2.698182	1227	56.89
GC1003827_F11_NODE_8384_length_1227_cov_2.299091	1227	33.66
GC1003827_F11_NODE_8385_length_1227_cov_2.084545	1227	32.27
GC1003827_F11_NODE_8386_length_1227_cov_1.899091	1227	34.39
GC1003827_F11_NODE_8387_length_1226_cov_20.606915	1226	33.03
GC1003827_F11_NODE_8388_length_1226_cov_16.818926	1226	48.21
GC1003827_F11_NODE_8389_length_1226_cov_6.934486	1226	37.77
GC1003827_F11_NODE_8390_length_1226_cov_5.833485	1226	37.03
GC1003827_F11_NODE_8391_length_1226_cov_5.612375	1226	40.29
GC1003827_F11_NODE_8392_length_1226_cov_5.317561	1226	31.16
GC1003827_F11_NODE_8393_length_1226_cov_5.030937	1226	32.38
GC1003827_F11_NODE_8394_length_1226_cov_3.615105	1226	41.76
GC1003827_F11_NODE_8395_length_1226_cov_3.598726	1226	34.99
GC1003827_F11_NODE_8396_length_1226_cov_3.144677	1226	32.14
GC1003827_F11_NODE_8397_length_1226_cov_2.454959	1226	36.87
GC1003827_F11_NODE_8398_length_1226_cov_2.110100	1226	37.44
GC1003827_F11_NODE_8399_length_1226_cov_2.067334	1226	55.46
GC1003827_F11_NODE_8400_length_1226_cov_2.008189	1226	38.50
GC1003827_F11_NODE_8401_length_1226_cov_1.976342	1226	32.87
GC1003827_F11_NODE_8402_length_1226_cov_1.566879	1226	63.70
GC1003827_F11_NODE_8403_length_1226_cov_1.074613	1226	28.47
GC1003827_F11_NODE_8404_length_1225_cov_34.069217	1225	32.16
GC1003827_F11_NODE_8405_length_1225_cov_20.727687	1225	39.59
GC1003827_F11_NODE_8406_length_1225_cov_11.724954	1225	40.16
GC1003827_F11_NODE_8407_length_1225_cov_7.203097	1225	39.35
GC1003827_F11_NODE_8408_length_1225_cov_7.183060	1225	32.49
GC1003827_F11_NODE_8409_length_1225_cov_7.050091	1225	36.90
GC1003827_F11_NODE_8410_length_1225_cov_5.882514	1225	35.02
GC1003827_F11_NODE_8411_length_1225_cov_5.882514	1225	36.73
GC1003827_F11_NODE_8412_length_1225_cov_5.463570	1225	45.55
GC1003827_F11_NODE_8413_length_1225_cov_4.083789	1225	31.92
GC1003827_F11_NODE_8414_length_1225_cov_2.936248	1225	32.33
GC1003827_F11_NODE_8415_length_1225_cov_2.798725	1225	26.78
GC1003827_F11_NODE_8416_length_1225_cov_2.664845	1225	35.76
GC1003827_F11_NODE_8417_length_1225_cov_2.563752	1225	28.90
GC1003827_F11_NODE_8418_length_1225_cov_2.386157	1225	37.63
GC1003827_F11_NODE_8419_length_1225_cov_2.297814	1225	30.61
GC1003827_F11_NODE_8420_length_1225_cov_2.013661	1225	54.45
GC1003827_F11_NODE_8421_length_1224_cov_11.969918	1224	34.80
GC1003827_F11_NODE_8422_length_1224_cov_9.144029	1224	36.27
GC1003827_F11_NODE_8423_length_1224_cov_6.446673	1224	37.09
GC1003827_F11_NODE_8424_length_1224_cov_5.552416	1224	31.94
GC1003827_F11_NODE_8425_length_1224_cov_5.339107	1224	30.47
GC1003827_F11_NODE_8426_length_1224_cov_3.876026	1224	31.37
GC1003827_F11_NODE_8427_length_1224_cov_3.418414	1224	34.40
GC1003827_F11_NODE_8428_length_1223_cov_18.475365	1223	34.42
GC1003827_F11_NODE_8429_length_1223_cov_10.898723	1223	34.18
GC1003827_F11_NODE_8430_length_1223_cov_8.524635	1223	34.91
GC1003827_F11_NODE_8431_length_1223_cov_4.466241	1223	30.42
GC1003827_F11_NODE_8432_length_1223_cov_4.201642	1223	37.86
GC1003827_F11_NODE_8433_length_1223_cov_3.055657	1223	30.42
GC1003827_F11_NODE_8434_length_1223_cov_2.913321	1223	29.76
GC1003827_F11_NODE_8435_length_1223_cov_2.902372	1223	29.52
GC1003827_F11_NODE_8436_length_1223_cov_2.630474	1223	40.07
GC1003827_F11_NODE_8437_length_1223_cov_2.433394	1223	33.52
GC1003827_F11_NODE_8438_length_1223_cov_1.937956	1223	35.98
GC1003827_F11_NODE_8439_length_1223_cov_1.530109	1223	31.81
GC1003827_F11_NODE_8440_length_1223_cov_1.522810	1223	30.34
GC1003827_F11_NODE_8441_length_1223_cov_0.968066	1223	30.01
GC1003827_F11_NODE_8442_length_1222_cov_13.295890	1222	35.35
GC1003827_F11_NODE_8443_length_1222_cov_9.947945	1222	49.02
GC1003827_F11_NODE_8444_length_1222_cov_9.043836	1222	35.27
GC1003827_F11_NODE_8445_length_1222_cov_6.623744	1222	61.37
GC1003827_F11_NODE_8446_length_1222_cov_5.292237	1222	35.52
GC1003827_F11_NODE_8447_length_1222_cov_4.899543	1222	31.83
GC1003827_F11_NODE_8448_length_1222_cov_4.505936	1222	52.95
GC1003827_F11_NODE_8449_length_1222_cov_4.403653	1222	28.81
GC1003827_F11_NODE_8450_length_1222_cov_3.751598	1222	37.89
GC1003827_F11_NODE_8451_length_1222_cov_2.759817	1222	35.60
GC1003827_F11_NODE_8452_length_1222_cov_2.592694	1222	35.19
GC1003827_F11_NODE_8453_length_1222_cov_2.426484	1222	31.51
GC1003827_F11_NODE_8454_length_1222_cov_1.947032	1222	28.89
GC1003827_F11_NODE_8455_length_1221_cov_21.371115	1221	35.38
GC1003827_F11_NODE_8456_length_1221_cov_15.929616	1221	38.82
GC1003827_F11_NODE_8457_length_1221_cov_12.779707	1221	35.05
GC1003827_F11_NODE_8458_length_1221_cov_11.583181	1221	34.48
GC1003827_F11_NODE_8459_length_1221_cov_8.164534	1221	33.42
GC1003827_F11_NODE_8460_length_1221_cov_7.563985	1221	35.30
GC1003827_F11_NODE_8461_length_1221_cov_6.338208	1221	35.46
GC1003827_F11_NODE_8462_length_1221_cov_5.971664	1221	34.40
GC1003827_F11_NODE_8463_length_1221_cov_5.094150	1221	35.63
GC1003827_F11_NODE_8464_length_1221_cov_4.921389	1221	37.26
GC1003827_F11_NODE_8465_length_1221_cov_4.630713	1221	34.07
GC1003827_F11_NODE_8466_length_1221_cov_3.970750	1221	33.17
GC1003827_F11_NODE_8467_length_1221_cov_3.936929	1221	28.91
GC1003827_F11_NODE_8468_length_1221_cov_3.791590	1221	32.35
GC1003827_F11_NODE_8469_length_1221_cov_2.833638	1221	56.10
GC1003827_F11_NODE_8470_length_1221_cov_2.164534	1221	30.06
GC1003827_F11_NODE_8471_length_1221_cov_2.115174	1221	31.12
GC1003827_F11_NODE_8472_length_1221_cov_1.628885	1221	45.29
GC1003827_F11_NODE_8473_length_1220_cov_18.354071	1220	36.31
GC1003827_F11_NODE_8474_length_1220_cov_17.524245	1220	40.74
GC1003827_F11_NODE_8475_length_1220_cov_11.784081	1220	32.54
GC1003827_F11_NODE_8476_length_1220_cov_11.008234	1220	40.49
GC1003827_F11_NODE_8477_length_1220_cov_8.978042	1220	31.80
GC1003827_F11_NODE_8478_length_1220_cov_8.523330	1220	50.98
GC1003827_F11_NODE_8479_length_1220_cov_5.280878	1220	59.26
GC1003827_F11_NODE_8480_length_1220_cov_4.546203	1220	30.57
GC1003827_F11_NODE_8481_length_1220_cov_3.723696	1220	32.21
GC1003827_F11_NODE_8482_length_1220_cov_3.578225	1220	29.18
GC1003827_F11_NODE_8483_length_1220_cov_2.534309	1220	31.23
GC1003827_F11_NODE_8484_length_1220_cov_1.836231	1220	30.16
GC1003827_F11_NODE_8485_length_1220_cov_1.537969	1220	26.23
GC1003827_F11_NODE_8486_length_1219_cov_5.367216	1219	33.63
GC1003827_F11_NODE_8487_length_1219_cov_5.038462	1219	34.29
GC1003827_F11_NODE_8488_length_1219_cov_4.638278	1219	32.73
GC1003827_F11_NODE_8489_length_1219_cov_4.195055	1219	32.24
GC1003827_F11_NODE_8490_length_1219_cov_3.666667	1219	29.86
GC1003827_F11_NODE_8491_length_1219_cov_2.969780	1219	32.16
GC1003827_F11_NODE_8492_length_1219_cov_2.706960	1219	30.84
GC1003827_F11_NODE_8493_length_1219_cov_2.559524	1219	39.05
GC1003827_F11_NODE_8494_length_1219_cov_2.140110	1219	32.40
GC1003827_F11_NODE_8495_length_1219_cov_1.985348	1219	32.24
GC1003827_F11_NODE_8496_length_1219_cov_1.734432	1219	34.54
GC1003827_F11_NODE_8497_length_1219_cov_1.421245	1219	32.98
GC1003827_F11_NODE_8498_length_1219_cov_1.114469	1219	29.04
GC1003827_F11_NODE_8499_length_1218_cov_46.725023	1218	36.86
GC1003827_F11_NODE_8500_length_1218_cov_21.822181	1218	33.42
GC1003827_F11_NODE_8501_length_1218_cov_13.073327	1218	35.96
GC1003827_F11_NODE_8502_length_1218_cov_12.637030	1218	30.46
GC1003827_F11_NODE_8503_length_1218_cov_7.721357	1218	34.65
GC1003827_F11_NODE_8504_length_1218_cov_5.955087	1218	33.42
GC1003827_F11_NODE_8505_length_1218_cov_5.153071	1218	30.79
GC1003827_F11_NODE_8506_length_1218_cov_4.480293	1218	37.60
GC1003827_F11_NODE_8507_length_1218_cov_4.110907	1218	33.09
GC1003827_F11_NODE_8508_length_1218_cov_3.586618	1218	38.10
GC1003827_F11_NODE_8509_length_1218_cov_3.489459	1218	44.50
GC1003827_F11_NODE_8510_length_1218_cov_2.714024	1218	32.68
GC1003827_F11_NODE_8511_length_1218_cov_2.506874	1218	65.60
GC1003827_F11_NODE_8512_length_1217_cov_10.572477	1217	33.36
GC1003827_F11_NODE_8513_length_1217_cov_10.507339	1217	38.95
GC1003827_F11_NODE_8514_length_1217_cov_9.409174	1217	32.87
GC1003827_F11_NODE_8515_length_1217_cov_8.336697	1217	40.02
GC1003827_F11_NODE_8516_length_1217_cov_6.852294	1217	40.02
GC1003827_F11_NODE_8517_length_1217_cov_6.100000	1217	33.85
GC1003827_F11_NODE_8518_length_1217_cov_4.678899	1217	32.05
GC1003827_F11_NODE_8519_length_1217_cov_4.210092	1217	35.09
GC1003827_F11_NODE_8520_length_1217_cov_3.093578	1217	31.72
GC1003827_F11_NODE_8521_length_1217_cov_3.009174	1217	33.94
GC1003827_F11_NODE_8522_length_1217_cov_2.484404	1217	60.64
GC1003827_F11_NODE_8523_length_1217_cov_2.322018	1217	35.58
GC1003827_F11_NODE_8524_length_1217_cov_2.229358	1217	32.87
GC1003827_F11_NODE_8525_length_1216_cov_14.461892	1216	34.46
GC1003827_F11_NODE_8526_length_1216_cov_12.744720	1216	37.66
GC1003827_F11_NODE_8527_length_1216_cov_11.070707	1216	34.95
GC1003827_F11_NODE_8528_length_1216_cov_9.349862	1216	59.95
GC1003827_F11_NODE_8529_length_1216_cov_7.493113	1216	35.20
GC1003827_F11_NODE_8530_length_1216_cov_7.364555	1216	34.29
GC1003827_F11_NODE_8531_length_1216_cov_4.692378	1216	34.21
GC1003827_F11_NODE_8532_length_1216_cov_4.256198	1216	52.22
GC1003827_F11_NODE_8533_length_1216_cov_2.780533	1216	37.17
GC1003827_F11_NODE_8534_length_1216_cov_2.528007	1216	32.24
GC1003827_F11_NODE_8535_length_1216_cov_1.952250	1216	29.44
GC1003827_F11_NODE_8536_length_1216_cov_1.549128	1216	30.26
GC1003827_F11_NODE_8537_length_1216_cov_1.426997	1216	28.45
GC1003827_F11_NODE_8538_length_1215_cov_15.028493	1215	32.92
GC1003827_F11_NODE_8539_length_1215_cov_12.896140	1215	34.98
GC1003827_F11_NODE_8540_length_1215_cov_10.365809	1215	38.02
GC1003827_F11_NODE_8541_length_1215_cov_9.774816	1215	38.60
GC1003827_F11_NODE_8542_length_1215_cov_8.276654	1215	35.06
GC1003827_F11_NODE_8543_length_1215_cov_6.406250	1215	43.29
GC1003827_F11_NODE_8544_length_1215_cov_5.464154	1215	31.19
GC1003827_F11_NODE_8545_length_1215_cov_4.602941	1215	43.13
GC1003827_F11_NODE_8546_length_1215_cov_3.724265	1215	34.98
GC1003827_F11_NODE_8547_length_1215_cov_3.691176	1215	31.44
GC1003827_F11_NODE_8548_length_1215_cov_2.883272	1215	61.07
GC1003827_F11_NODE_8549_length_1215_cov_2.676471	1215	29.14
GC1003827_F11_NODE_8550_length_1215_cov_1.616728	1215	36.30
GC1003827_F11_NODE_8551_length_1215_cov_1.488051	1215	29.38
GC1003827_F11_NODE_8552_length_1215_cov_1.273897	1215	31.93
GC1003827_F11_NODE_8553_length_1215_cov_0.947610	1215	30.62
GC1003827_F11_NODE_8554_length_1214_cov_12.465501	1214	58.32
GC1003827_F11_NODE_8555_length_1214_cov_11.919963	1214	39.87
GC1003827_F11_NODE_8556_length_1214_cov_4.711132	1214	30.81
GC1003827_F11_NODE_8557_length_1214_cov_3.461822	1214	33.61
GC1003827_F11_NODE_8558_length_1214_cov_3.131555	1214	31.22
GC1003827_F11_NODE_8559_length_1214_cov_2.734131	1214	35.26
GC1003827_F11_NODE_8560_length_1214_cov_2.527139	1214	36.08
GC1003827_F11_NODE_8561_length_1214_cov_2.299908	1214	32.70
GC1003827_F11_NODE_8562_length_1214_cov_1.400184	1214	61.45
GC1003827_F11_NODE_8563_length_1214_cov_1.258510	1214	32.21
GC1003827_F11_NODE_8564_length_1213_cov_36.835175	1213	40.07
GC1003827_F11_NODE_8565_length_1213_cov_21.314917	1213	42.54
GC1003827_F11_NODE_8566_length_1213_cov_21.247698	1213	44.27
GC1003827_F11_NODE_8567_length_1213_cov_17.341621	1213	36.93
GC1003827_F11_NODE_8568_length_1213_cov_16.220074	1213	36.11
GC1003827_F11_NODE_8569_length_1213_cov_10.146409	1213	32.32
GC1003827_F11_NODE_8570_length_1213_cov_8.318600	1213	38.58
GC1003827_F11_NODE_8571_length_1213_cov_6.304788	1213	35.28
GC1003827_F11_NODE_8572_length_1213_cov_3.769797	1213	34.54
GC1003827_F11_NODE_8573_length_1213_cov_3.451197	1213	29.18
GC1003827_F11_NODE_8574_length_1213_cov_3.116943	1213	32.48
GC1003827_F11_NODE_8575_length_1213_cov_2.760589	1213	37.76
GC1003827_F11_NODE_8576_length_1213_cov_2.709945	1213	32.48
GC1003827_F11_NODE_8577_length_1213_cov_1.435543	1213	32.15
GC1003827_F11_NODE_8578_length_1213_cov_1.398711	1213	34.87
GC1003827_F11_NODE_8579_length_1213_cov_0.522099	1213	33.72
GC1003827_F11_NODE_8580_length_1212_cov_14.793548	1212	38.12
GC1003827_F11_NODE_8581_length_1212_cov_12.371429	1212	38.37
GC1003827_F11_NODE_8582_length_1212_cov_4.429493	1212	33.25
GC1003827_F11_NODE_8583_length_1212_cov_2.314286	1212	34.16
GC1003827_F11_NODE_8584_length_1212_cov_1.063594	1212	33.00
GC1003827_F11_NODE_8585_length_1212_cov_1.026728	1212	27.23
GC1003827_F11_NODE_8586_length_1211_cov_42.082103	1211	37.82
GC1003827_F11_NODE_8587_length_1211_cov_24.448339	1211	36.50
GC1003827_F11_NODE_8588_length_1211_cov_20.015683	1211	38.32
GC1003827_F11_NODE_8589_length_1211_cov_4.449262	1211	40.63
GC1003827_F11_NODE_8590_length_1211_cov_4.067343	1211	33.61
GC1003827_F11_NODE_8591_length_1211_cov_3.849631	1211	36.42
GC1003827_F11_NODE_8592_length_1211_cov_3.671587	1211	32.70
GC1003827_F11_NODE_8593_length_1211_cov_2.132841	1211	30.97
GC1003827_F11_NODE_8594_length_1211_cov_1.726937	1211	32.87
GC1003827_F11_NODE_8595_length_1211_cov_1.481550	1211	33.69
GC1003827_F11_NODE_8596_length_1211_cov_1.408672	1211	31.13
GC1003827_F11_NODE_8597_length_1210_cov_13.681440	1210	56.20
GC1003827_F11_NODE_8598_length_1210_cov_8.507849	1210	37.69
GC1003827_F11_NODE_8599_length_1210_cov_7.997230	1210	33.80
GC1003827_F11_NODE_8600_length_1210_cov_6.702678	1210	34.71
GC1003827_F11_NODE_8601_length_1210_cov_6.225300	1210	36.20
GC1003827_F11_NODE_8602_length_1210_cov_5.321330	1210	34.21
GC1003827_F11_NODE_8603_length_1210_cov_5.113573	1210	38.18
GC1003827_F11_NODE_8604_length_1210_cov_4.494922	1210	34.96
GC1003827_F11_NODE_8605_length_1210_cov_4.421976	1210	32.81
GC1003827_F11_NODE_8606_length_1210_cov_3.604801	1210	33.14
GC1003827_F11_NODE_8607_length_1210_cov_2.887350	1210	28.43
GC1003827_F11_NODE_8608_length_1210_cov_2.284395	1210	65.37
GC1003827_F11_NODE_8609_length_1210_cov_2.186519	1210	31.07
GC1003827_F11_NODE_8610_length_1210_cov_1.923361	1210	37.93
GC1003827_F11_NODE_8611_length_1210_cov_1.493998	1210	38.02
GC1003827_F11_NODE_8612_length_1210_cov_1.425669	1210	35.29
GC1003827_F11_NODE_8613_length_1210_cov_1.368421	1210	29.50
GC1003827_F11_NODE_8614_length_1210_cov_1.150508	1210	32.73
GC1003827_F11_NODE_8615_length_1209_cov_17.244917	1209	34.66
GC1003827_F11_NODE_8616_length_1209_cov_10.383549	1209	37.63
GC1003827_F11_NODE_8617_length_1209_cov_8.689464	1209	28.12
GC1003827_F11_NODE_8618_length_1209_cov_7.734750	1209	44.58
GC1003827_F11_NODE_8619_length_1209_cov_7.078558	1209	33.09
GC1003827_F11_NODE_8620_length_1209_cov_6.143253	1209	36.06
GC1003827_F11_NODE_8621_length_1209_cov_3.100739	1209	36.89
GC1003827_F11_NODE_8622_length_1209_cov_2.775416	1209	34.66
GC1003827_F11_NODE_8623_length_1209_cov_1.365989	1209	32.26
GC1003827_F11_NODE_8624_length_1209_cov_1.201479	1209	31.10
GC1003827_F11_NODE_8625_length_1208_cov_25.773358	1208	34.44
GC1003827_F11_NODE_8626_length_1208_cov_18.550416	1208	32.78
GC1003827_F11_NODE_8627_length_1208_cov_10.589269	1208	35.60
GC1003827_F11_NODE_8628_length_1208_cov_10.123034	1208	35.10
GC1003827_F11_NODE_8629_length_1208_cov_9.747456	1208	39.65
GC1003827_F11_NODE_8630_length_1208_cov_9.596670	1208	34.44
GC1003827_F11_NODE_8631_length_1208_cov_6.435708	1208	40.15
GC1003827_F11_NODE_8632_length_1208_cov_5.555967	1208	35.76
GC1003827_F11_NODE_8633_length_1208_cov_5.423682	1208	38.74
GC1003827_F11_NODE_8634_length_1208_cov_4.481961	1208	31.21
GC1003827_F11_NODE_8635_length_1208_cov_3.584644	1208	30.46
GC1003827_F11_NODE_8636_length_1208_cov_3.303423	1208	56.13
GC1003827_F11_NODE_8637_length_1208_cov_2.528215	1208	36.18
GC1003827_F11_NODE_8638_length_1208_cov_2.376503	1208	66.64
GC1003827_F11_NODE_8639_length_1208_cov_1.894542	1208	29.55
GC1003827_F11_NODE_8640_length_1208_cov_1.358002	1208	63.16
GC1003827_F11_NODE_8641_length_1207_cov_19.352778	1207	40.10
GC1003827_F11_NODE_8642_length_1207_cov_12.545370	1207	32.89
GC1003827_F11_NODE_8643_length_1207_cov_12.047222	1207	30.16
GC1003827_F11_NODE_8644_length_1207_cov_9.782407	1207	36.62
GC1003827_F11_NODE_8645_length_1207_cov_6.189815	1207	56.50
GC1003827_F11_NODE_8646_length_1207_cov_4.687963	1207	29.49
GC1003827_F11_NODE_8647_length_1207_cov_4.631481	1207	33.89
GC1003827_F11_NODE_8648_length_1207_cov_4.415741	1207	40.93
GC1003827_F11_NODE_8649_length_1207_cov_2.981481	1207	35.79
GC1003827_F11_NODE_8650_length_1207_cov_2.679630	1207	33.80
GC1003827_F11_NODE_8651_length_1207_cov_2.405556	1207	37.53
GC1003827_F11_NODE_8652_length_1207_cov_1.923148	1207	65.87
GC1003827_F11_NODE_8653_length_1206_cov_15.959222	1206	42.04
GC1003827_F11_NODE_8654_length_1206_cov_15.827618	1206	44.78
GC1003827_F11_NODE_8655_length_1206_cov_11.870250	1206	33.33
GC1003827_F11_NODE_8656_length_1206_cov_8.174235	1206	34.41
GC1003827_F11_NODE_8657_length_1206_cov_6.392030	1206	41.54
GC1003827_F11_NODE_8658_length_1206_cov_3.646895	1206	39.80
GC1003827_F11_NODE_8659_length_1206_cov_2.075996	1206	35.57
GC1003827_F11_NODE_8660_length_1206_cov_1.432808	1206	28.11
GC1003827_F11_NODE_8661_length_1206_cov_0.818350	1206	28.11
GC1003827_F11_NODE_8662_length_1205_cov_16.574212	1205	35.93
GC1003827_F11_NODE_8663_length_1205_cov_12.295918	1205	35.60
GC1003827_F11_NODE_8664_length_1205_cov_6.586271	1205	34.61
GC1003827_F11_NODE_8665_length_1205_cov_6.576994	1205	27.80
GC1003827_F11_NODE_8666_length_1205_cov_4.937848	1205	32.95
GC1003827_F11_NODE_8667_length_1205_cov_4.213358	1205	34.19
GC1003827_F11_NODE_8668_length_1205_cov_4.146568	1205	35.85
GC1003827_F11_NODE_8669_length_1205_cov_3.689239	1205	32.45
GC1003827_F11_NODE_8670_length_1205_cov_3.131725	1205	29.96
GC1003827_F11_NODE_8671_length_1205_cov_2.751391	1205	33.86
GC1003827_F11_NODE_8672_length_1205_cov_1.456401	1205	26.64
GC1003827_F11_NODE_8673_length_1205_cov_1.358071	1205	30.54
GC1003827_F11_NODE_8674_length_1205_cov_0.763451	1205	30.46
GC1003827_F11_NODE_8675_length_1204_cov_5.904364	1204	37.21
GC1003827_F11_NODE_8676_length_1204_cov_4.640669	1204	37.04
GC1003827_F11_NODE_8677_length_1204_cov_4.377902	1204	51.83
GC1003827_F11_NODE_8678_length_1204_cov_4.208914	1204	33.39
GC1003827_F11_NODE_8679_length_1204_cov_3.582173	1204	29.49
GC1003827_F11_NODE_8680_length_1204_cov_3.272981	1204	35.05
GC1003827_F11_NODE_8681_length_1204_cov_2.924791	1204	35.55
GC1003827_F11_NODE_8682_length_1204_cov_2.467967	1204	30.15
GC1003827_F11_NODE_8683_length_1204_cov_1.832869	1204	54.65
GC1003827_F11_NODE_8684_length_1204_cov_1.778087	1204	65.45
GC1003827_F11_NODE_8685_length_1204_cov_1.724234	1204	52.57
GC1003827_F11_NODE_8686_length_1203_cov_10.253717	1203	41.48
GC1003827_F11_NODE_8687_length_1203_cov_8.650558	1203	39.40
GC1003827_F11_NODE_8688_length_1203_cov_8.263941	1203	37.07
GC1003827_F11_NODE_8689_length_1203_cov_7.593866	1203	36.33
GC1003827_F11_NODE_8690_length_1203_cov_6.734201	1203	32.25
GC1003827_F11_NODE_8691_length_1203_cov_4.675651	1203	31.17
GC1003827_F11_NODE_8692_length_1203_cov_3.736989	1203	35.83
GC1003827_F11_NODE_8693_length_1203_cov_3.042751	1203	56.53
GC1003827_F11_NODE_8694_length_1203_cov_2.975836	1203	33.42
GC1003827_F11_NODE_8695_length_1203_cov_2.302045	1203	30.42
GC1003827_F11_NODE_8696_length_1203_cov_1.720260	1203	34.41
GC1003827_F11_NODE_8697_length_1203_cov_1.590149	1203	66.00
GC1003827_F11_NODE_8698_length_1202_cov_20.350698	1202	33.36
GC1003827_F11_NODE_8699_length_1202_cov_12.645581	1202	33.78
GC1003827_F11_NODE_8700_length_1202_cov_10.453023	1202	37.77
GC1003827_F11_NODE_8701_length_1202_cov_7.051163	1202	41.10
GC1003827_F11_NODE_8702_length_1202_cov_6.857674	1202	37.10
GC1003827_F11_NODE_8703_length_1202_cov_6.466047	1202	33.61
GC1003827_F11_NODE_8704_length_1202_cov_4.819535	1202	37.27
GC1003827_F11_NODE_8705_length_1202_cov_4.760930	1202	34.94
GC1003827_F11_NODE_8706_length_1202_cov_4.571163	1202	55.57
GC1003827_F11_NODE_8707_length_1202_cov_4.436279	1202	32.20
GC1003827_F11_NODE_8708_length_1202_cov_3.437209	1202	35.77
GC1003827_F11_NODE_8709_length_1202_cov_3.226977	1202	35.44
GC1003827_F11_NODE_8710_length_1202_cov_2.490233	1202	36.11
GC1003827_F11_NODE_8711_length_1202_cov_1.937674	1202	32.78
GC1003827_F11_NODE_8712_length_1201_cov_14.930168	1201	31.72
GC1003827_F11_NODE_8713_length_1201_cov_9.798883	1201	33.22
GC1003827_F11_NODE_8714_length_1201_cov_7.298883	1201	29.81
GC1003827_F11_NODE_8715_length_1201_cov_4.532588	1201	31.22
GC1003827_F11_NODE_8716_length_1201_cov_3.440410	1201	36.22
GC1003827_F11_NODE_8717_length_1201_cov_3.247672	1201	66.61
GC1003827_F11_NODE_8718_length_1201_cov_2.837989	1201	36.55
GC1003827_F11_NODE_8719_length_1201_cov_0.983240	1201	30.31
GC1003827_F11_NODE_8720_length_1200_cov_13.947810	1200	38.08
GC1003827_F11_NODE_8721_length_1200_cov_7.616030	1200	33.75
GC1003827_F11_NODE_8722_length_1200_cov_4.394222	1200	33.50
GC1003827_F11_NODE_8723_length_1200_cov_4.332712	1200	36.58
GC1003827_F11_NODE_8724_length_1200_cov_3.276794	1200	30.58
GC1003827_F11_NODE_8725_length_1200_cov_3.266542	1200	50.50
GC1003827_F11_NODE_8726_length_1200_cov_2.551724	1200	60.75
GC1003827_F11_NODE_8727_length_1200_cov_2.327120	1200	30.17
GC1003827_F11_NODE_8728_length_1200_cov_1.699907	1200	33.42
GC1003827_F11_NODE_8729_length_1200_cov_1.541473	1200	33.58
GC1003827_F11_NODE_8730_length_1199_cov_22.905784	1199	32.78
GC1003827_F11_NODE_8731_length_1199_cov_10.429104	1199	33.86
GC1003827_F11_NODE_8732_length_1199_cov_7.930970	1199	36.86
GC1003827_F11_NODE_8733_length_1199_cov_7.022388	1199	34.11
GC1003827_F11_NODE_8734_length_1199_cov_6.822761	1199	39.20
GC1003827_F11_NODE_8735_length_1199_cov_6.641791	1199	34.11
GC1003827_F11_NODE_8736_length_1199_cov_4.349813	1199	33.94
GC1003827_F11_NODE_8737_length_1199_cov_4.041978	1199	37.53
GC1003827_F11_NODE_8738_length_1199_cov_4.019590	1199	34.95
GC1003827_F11_NODE_8739_length_1199_cov_3.957090	1199	28.52
GC1003827_F11_NODE_8740_length_1199_cov_3.050373	1199	32.36
GC1003827_F11_NODE_8741_length_1199_cov_2.926306	1199	34.36
GC1003827_F11_NODE_8742_length_1199_cov_2.139925	1199	31.53
GC1003827_F11_NODE_8743_length_1199_cov_1.526119	1199	29.94
GC1003827_F11_NODE_8744_length_1198_cov_14.279178	1198	32.89
GC1003827_F11_NODE_8745_length_1198_cov_13.922502	1198	47.16
GC1003827_F11_NODE_8746_length_1198_cov_13.008403	1198	34.64
GC1003827_F11_NODE_8747_length_1198_cov_10.916900	1198	35.06
GC1003827_F11_NODE_8748_length_1198_cov_9.993464	1198	32.72
GC1003827_F11_NODE_8749_length_1198_cov_7.773109	1198	37.73
GC1003827_F11_NODE_8750_length_1198_cov_7.739496	1198	33.56
GC1003827_F11_NODE_8751_length_1198_cov_7.403361	1198	30.80
GC1003827_F11_NODE_8752_length_1198_cov_6.686275	1198	32.47
GC1003827_F11_NODE_8753_length_1198_cov_6.649860	1198	34.47
GC1003827_F11_NODE_8754_length_1198_cov_4.739496	1198	38.98
GC1003827_F11_NODE_8755_length_1198_cov_4.699346	1198	32.30
GC1003827_F11_NODE_8756_length_1198_cov_3.661998	1198	34.64
GC1003827_F11_NODE_8757_length_1198_cov_3.123249	1198	31.72
GC1003827_F11_NODE_8758_length_1198_cov_2.477124	1198	35.14
GC1003827_F11_NODE_8759_length_1198_cov_2.129785	1198	60.43
GC1003827_F11_NODE_8760_length_1198_cov_1.808590	1198	34.72
GC1003827_F11_NODE_8761_length_1198_cov_1.141923	1198	64.02
GC1003827_F11_NODE_8762_length_1197_cov_21.789720	1197	38.18
GC1003827_F11_NODE_8763_length_1197_cov_12.846729	1197	36.17
GC1003827_F11_NODE_8764_length_1197_cov_4.693458	1197	37.09
GC1003827_F11_NODE_8765_length_1197_cov_3.812150	1197	33.42
GC1003827_F11_NODE_8766_length_1197_cov_3.612150	1197	64.33
GC1003827_F11_NODE_8767_length_1197_cov_3.585047	1197	63.74
GC1003827_F11_NODE_8768_length_1197_cov_2.798131	1197	32.41
GC1003827_F11_NODE_8769_length_1197_cov_2.792523	1197	49.29
GC1003827_F11_NODE_8770_length_1197_cov_2.643925	1197	34.25
GC1003827_F11_NODE_8771_length_1197_cov_2.550467	1197	33.42
GC1003827_F11_NODE_8772_length_1197_cov_2.091589	1197	37.01
GC1003827_F11_NODE_8773_length_1197_cov_1.761682	1197	30.58
GC1003827_F11_NODE_8774_length_1197_cov_1.522430	1197	28.91
GC1003827_F11_NODE_8775_length_1196_cov_10.874649	1196	40.55
GC1003827_F11_NODE_8776_length_1196_cov_7.463985	1196	32.86
GC1003827_F11_NODE_8777_length_1196_cov_6.621141	1196	39.80
GC1003827_F11_NODE_8778_length_1196_cov_4.774556	1196	36.04
GC1003827_F11_NODE_8779_length_1196_cov_4.316183	1196	34.11
GC1003827_F11_NODE_8780_length_1196_cov_4.235734	1196	32.69
GC1003827_F11_NODE_8781_length_1196_cov_2.528531	1196	36.12
GC1003827_F11_NODE_8782_length_1196_cov_2.213283	1196	31.86
GC1003827_F11_NODE_8783_length_1196_cov_2.081384	1196	31.69
GC1003827_F11_NODE_8784_length_1196_cov_1.753040	1196	32.69
GC1003827_F11_NODE_8785_length_1196_cov_0.648269	1196	33.61
GC1003827_F11_NODE_8786_length_1195_cov_10.005618	1195	40.17
GC1003827_F11_NODE_8787_length_1195_cov_9.147004	1195	63.26
GC1003827_F11_NODE_8788_length_1195_cov_8.431648	1195	35.65
GC1003827_F11_NODE_8789_length_1195_cov_7.806180	1195	48.79
GC1003827_F11_NODE_8790_length_1195_cov_6.559925	1195	53.31
GC1003827_F11_NODE_8791_length_1195_cov_5.676966	1195	34.81
GC1003827_F11_NODE_8792_length_1195_cov_4.974719	1195	55.06
GC1003827_F11_NODE_8793_length_1195_cov_4.176030	1195	33.56
GC1003827_F11_NODE_8794_length_1195_cov_3.943820	1195	28.20
GC1003827_F11_NODE_8795_length_1195_cov_3.895131	1195	32.22
GC1003827_F11_NODE_8796_length_1195_cov_3.842697	1195	64.94
GC1003827_F11_NODE_8797_length_1195_cov_3.367978	1195	37.66
GC1003827_F11_NODE_8798_length_1195_cov_3.084270	1195	33.97
GC1003827_F11_NODE_8799_length_1195_cov_2.960674	1195	60.59
GC1003827_F11_NODE_8800_length_1195_cov_2.482210	1195	28.54
GC1003827_F11_NODE_8801_length_1195_cov_1.398876	1195	36.40
GC1003827_F11_NODE_8802_length_1194_cov_11.326148	1194	35.26
GC1003827_F11_NODE_8803_length_1194_cov_11.043112	1194	29.98
GC1003827_F11_NODE_8804_length_1194_cov_6.415183	1194	32.41
GC1003827_F11_NODE_8805_length_1194_cov_5.776945	1194	32.16
GC1003827_F11_NODE_8806_length_1194_cov_5.686973	1194	41.37
GC1003827_F11_NODE_8807_length_1194_cov_5.580131	1194	35.76
GC1003827_F11_NODE_8808_length_1194_cov_4.151828	1194	34.67
GC1003827_F11_NODE_8809_length_1194_cov_3.370197	1194	35.09
GC1003827_F11_NODE_8810_length_1194_cov_3.129335	1194	32.66
GC1003827_F11_NODE_8811_length_1194_cov_2.064667	1194	34.00
GC1003827_F11_NODE_8812_length_1194_cov_1.491097	1194	35.43
GC1003827_F11_NODE_8813_length_1194_cov_1.056232	1194	38.78
GC1003827_F11_NODE_8814_length_1194_cov_1.050609	1194	62.56
GC1003827_F11_NODE_8815_length_1193_cov_5.375235	1193	59.77
GC1003827_F11_NODE_8816_length_1193_cov_5.022514	1193	39.90
GC1003827_F11_NODE_8817_length_1193_cov_4.470919	1193	66.55
GC1003827_F11_NODE_8818_length_1193_cov_3.868668	1193	30.18
GC1003827_F11_NODE_8819_length_1193_cov_3.281426	1193	31.43
GC1003827_F11_NODE_8820_length_1193_cov_3.105066	1193	38.22
GC1003827_F11_NODE_8821_length_1193_cov_2.786116	1193	30.09
GC1003827_F11_NODE_8822_length_1193_cov_2.786116	1193	38.06
GC1003827_F11_NODE_8823_length_1193_cov_1.605066	1193	27.75
GC1003827_F11_NODE_8824_length_1192_cov_10.810329	1192	37.08
GC1003827_F11_NODE_8825_length_1192_cov_9.614085	1192	35.07
GC1003827_F11_NODE_8826_length_1192_cov_8.997183	1192	33.31
GC1003827_F11_NODE_8827_length_1192_cov_8.575587	1192	36.33
GC1003827_F11_NODE_8828_length_1192_cov_4.342723	1192	37.50
GC1003827_F11_NODE_8829_length_1192_cov_3.535211	1192	61.07
GC1003827_F11_NODE_8830_length_1192_cov_3.435681	1192	34.73
GC1003827_F11_NODE_8831_length_1192_cov_3.299531	1192	35.49
GC1003827_F11_NODE_8832_length_1192_cov_3.229108	1192	39.35
GC1003827_F11_NODE_8833_length_1192_cov_1.973709	1192	66.36
GC1003827_F11_NODE_8834_length_1192_cov_1.444131	1192	60.65
GC1003827_F11_NODE_8835_length_1192_cov_1.061033	1192	31.12
GC1003827_F11_NODE_8836_length_1191_cov_10.501880	1191	35.60
GC1003827_F11_NODE_8837_length_1191_cov_7.034774	1191	31.49
GC1003827_F11_NODE_8838_length_1191_cov_6.774436	1191	38.29
GC1003827_F11_NODE_8839_length_1191_cov_5.845865	1191	59.11
GC1003827_F11_NODE_8840_length_1191_cov_5.408835	1191	29.72
GC1003827_F11_NODE_8841_length_1191_cov_5.020677	1191	33.08
GC1003827_F11_NODE_8842_length_1191_cov_3.600564	1191	65.41
GC1003827_F11_NODE_8843_length_1191_cov_3.572368	1191	31.99
GC1003827_F11_NODE_8844_length_1191_cov_2.836466	1191	32.75
GC1003827_F11_NODE_8845_length_1191_cov_1.449248	1191	35.85
GC1003827_F11_NODE_8846_length_1191_cov_1.399436	1191	37.45
GC1003827_F11_NODE_8847_length_1191_cov_0.530075	1191	29.72
GC1003827_F11_NODE_8848_length_1190_cov_22.014111	1190	30.92
GC1003827_F11_NODE_8849_length_1190_cov_21.477893	1190	40.42
GC1003827_F11_NODE_8850_length_1190_cov_9.958608	1190	32.94
GC1003827_F11_NODE_8851_length_1190_cov_8.098777	1190	31.76
GC1003827_F11_NODE_8852_length_1190_cov_7.101599	1190	37.06
GC1003827_F11_NODE_8853_length_1190_cov_6.943556	1190	49.33
GC1003827_F11_NODE_8854_length_1190_cov_6.396049	1190	39.50
GC1003827_F11_NODE_8855_length_1190_cov_4.346190	1190	36.13
GC1003827_F11_NODE_8856_length_1190_cov_4.290687	1190	32.94
GC1003827_F11_NODE_8857_length_1190_cov_3.501411	1190	34.03
GC1003827_F11_NODE_8858_length_1190_cov_3.072437	1190	32.86
GC1003827_F11_NODE_8859_length_1190_cov_2.888053	1190	29.92
GC1003827_F11_NODE_8860_length_1190_cov_2.552211	1190	30.50
GC1003827_F11_NODE_8861_length_1190_cov_2.242709	1190	30.59
GC1003827_F11_NODE_8862_length_1190_cov_1.859831	1190	27.90
GC1003827_F11_NODE_8863_length_1190_cov_1.730950	1190	34.62
GC1003827_F11_NODE_8864_length_1190_cov_1.472248	1190	31.51
GC1003827_F11_NODE_8865_length_1190_cov_1.225776	1190	31.09
GC1003827_F11_NODE_8866_length_1190_cov_0.938852	1190	35.21
GC1003827_F11_NODE_8867_length_1189_cov_28.854991	1189	47.35
GC1003827_F11_NODE_8868_length_1189_cov_17.032015	1189	32.72
GC1003827_F11_NODE_8869_length_1189_cov_13.119586	1189	45.00
GC1003827_F11_NODE_8870_length_1189_cov_9.917137	1189	37.34
GC1003827_F11_NODE_8871_length_1189_cov_8.701507	1189	50.55
GC1003827_F11_NODE_8872_length_1189_cov_8.375706	1189	36.59
GC1003827_F11_NODE_8873_length_1189_cov_4.678908	1189	32.72
GC1003827_F11_NODE_8874_length_1189_cov_4.661017	1189	42.81
GC1003827_F11_NODE_8875_length_1189_cov_3.568738	1189	32.04
GC1003827_F11_NODE_8876_length_1189_cov_2.931262	1189	36.84
GC1003827_F11_NODE_8877_length_1189_cov_2.872881	1189	34.06
GC1003827_F11_NODE_8878_length_1189_cov_2.634652	1189	29.10
GC1003827_F11_NODE_8879_length_1189_cov_2.064972	1189	35.07
GC1003827_F11_NODE_8880_length_1189_cov_2.020716	1189	33.14
GC1003827_F11_NODE_8881_length_1189_cov_1.909605	1189	32.72
GC1003827_F11_NODE_8882_length_1189_cov_1.548023	1189	30.28
GC1003827_F11_NODE_8883_length_1189_cov_1.373823	1189	34.90
GC1003827_F11_NODE_8884_length_1189_cov_1.244821	1189	32.04
GC1003827_F11_NODE_8885_length_1188_cov_13.528746	1188	38.80
GC1003827_F11_NODE_8886_length_1188_cov_8.598492	1188	35.10
GC1003827_F11_NODE_8887_length_1188_cov_7.403393	1188	39.48
GC1003827_F11_NODE_8888_length_1188_cov_4.705938	1188	34.26
GC1003827_F11_NODE_8889_length_1188_cov_4.439208	1188	33.84
GC1003827_F11_NODE_8890_length_1188_cov_4.414703	1188	33.92
GC1003827_F11_NODE_8891_length_1188_cov_3.130066	1188	34.01
GC1003827_F11_NODE_8892_length_1188_cov_2.533459	1188	34.43
GC1003827_F11_NODE_8893_length_1187_cov_37.983962	1187	35.05
GC1003827_F11_NODE_8894_length_1187_cov_15.824528	1187	33.19
GC1003827_F11_NODE_8895_length_1187_cov_7.077358	1187	38.50
GC1003827_F11_NODE_8896_length_1187_cov_6.770755	1187	33.45
GC1003827_F11_NODE_8897_length_1187_cov_5.701887	1187	32.43
GC1003827_F11_NODE_8898_length_1187_cov_5.316038	1187	33.45
GC1003827_F11_NODE_8899_length_1187_cov_4.550943	1187	30.92
GC1003827_F11_NODE_8900_length_1187_cov_4.404717	1187	63.69
GC1003827_F11_NODE_8901_length_1187_cov_4.400000	1187	35.21
GC1003827_F11_NODE_8902_length_1187_cov_3.662264	1187	39.76
GC1003827_F11_NODE_8903_length_1187_cov_2.780189	1187	30.16
GC1003827_F11_NODE_8904_length_1187_cov_2.355660	1187	36.06
GC1003827_F11_NODE_8905_length_1187_cov_2.257547	1187	33.28
GC1003827_F11_NODE_8906_length_1187_cov_1.264151	1187	40.61
GC1003827_F11_NODE_8907_length_1187_cov_1.083962	1187	59.31
GC1003827_F11_NODE_8908_length_1187_cov_0.958491	1187	56.44
GC1003827_F11_NODE_8909_length_1187_cov_0.901887	1187	38.84
GC1003827_F11_NODE_8910_length_1186_cov_14.680831	1186	39.21
GC1003827_F11_NODE_8911_length_1186_cov_6.996223	1186	34.57
GC1003827_F11_NODE_8912_length_1186_cov_6.469311	1186	40.98
GC1003827_F11_NODE_8913_length_1186_cov_6.418319	1186	37.10
GC1003827_F11_NODE_8914_length_1186_cov_5.971671	1186	34.65
GC1003827_F11_NODE_8915_length_1186_cov_5.636449	1186	40.13
GC1003827_F11_NODE_8916_length_1186_cov_4.196412	1186	37.10
GC1003827_F11_NODE_8917_length_1186_cov_2.740321	1186	31.79
GC1003827_F11_NODE_8918_length_1186_cov_2.682720	1186	32.46
GC1003827_F11_NODE_8919_length_1186_cov_2.516525	1186	36.09
GC1003827_F11_NODE_8920_length_1186_cov_2.308782	1186	30.94
GC1003827_F11_NODE_8921_length_1186_cov_1.300283	1186	40.56
GC1003827_F11_NODE_8922_length_1185_cov_16.118147	1185	38.23
GC1003827_F11_NODE_8923_length_1185_cov_8.625709	1185	36.79
GC1003827_F11_NODE_8924_length_1185_cov_7.250473	1185	39.83
GC1003827_F11_NODE_8925_length_1185_cov_5.275992	1185	31.39
GC1003827_F11_NODE_8926_length_1185_cov_2.395085	1185	31.73
GC1003827_F11_NODE_8927_length_1185_cov_1.395085	1185	29.28
GC1003827_F11_NODE_8928_length_1185_cov_1.198488	1185	30.13
GC1003827_F11_NODE_8929_length_1185_cov_0.864839	1185	41.60
GC1003827_F11_NODE_8930_length_1184_cov_11.421003	1184	52.45
GC1003827_F11_NODE_8931_length_1184_cov_9.636708	1184	37.92
GC1003827_F11_NODE_8932_length_1184_cov_7.081362	1184	32.69
GC1003827_F11_NODE_8933_length_1184_cov_6.543992	1184	29.65
GC1003827_F11_NODE_8934_length_1184_cov_5.807001	1184	33.28
GC1003827_F11_NODE_8935_length_1184_cov_4.957427	1184	34.29
GC1003827_F11_NODE_8936_length_1184_cov_3.818354	1184	29.22
GC1003827_F11_NODE_8937_length_1184_cov_3.393567	1184	34.12
GC1003827_F11_NODE_8938_length_1184_cov_3.287606	1184	65.20
GC1003827_F11_NODE_8939_length_1184_cov_2.736991	1184	32.26
GC1003827_F11_NODE_8940_length_1184_cov_1.884579	1184	32.18
GC1003827_F11_NODE_8941_length_1184_cov_1.869442	1184	53.04
GC1003827_F11_NODE_8942_length_1183_cov_14.133523	1183	33.14
GC1003827_F11_NODE_8943_length_1183_cov_8.164773	1183	39.14
GC1003827_F11_NODE_8944_length_1183_cov_6.635417	1183	35.42
GC1003827_F11_NODE_8945_length_1183_cov_6.548295	1183	34.66
GC1003827_F11_NODE_8946_length_1183_cov_6.507576	1183	36.94
GC1003827_F11_NODE_8947_length_1183_cov_5.179924	1183	43.28
GC1003827_F11_NODE_8948_length_1183_cov_2.956439	1183	32.46
GC1003827_F11_NODE_8949_length_1183_cov_2.797348	1183	32.21
GC1003827_F11_NODE_8950_length_1182_cov_15.290995	1182	33.33
GC1003827_F11_NODE_8951_length_1182_cov_15.192417	1182	53.30
GC1003827_F11_NODE_8952_length_1182_cov_11.240758	1182	36.97
GC1003827_F11_NODE_8953_length_1182_cov_7.004739	1182	35.96
GC1003827_F11_NODE_8954_length_1182_cov_5.593365	1182	31.39
GC1003827_F11_NODE_8955_length_1182_cov_4.890047	1182	36.21
GC1003827_F11_NODE_8956_length_1182_cov_4.803791	1182	32.83
GC1003827_F11_NODE_8957_length_1182_cov_3.121327	1182	31.98
GC1003827_F11_NODE_8958_length_1182_cov_1.998104	1182	32.83
GC1003827_F11_NODE_8959_length_1182_cov_1.864455	1182	32.99
GC1003827_F11_NODE_8960_length_1182_cov_1.756398	1182	33.42
GC1003827_F11_NODE_8961_length_1182_cov_1.024645	1182	30.29
GC1003827_F11_NODE_8962_length_1182_cov_0.515640	1182	27.16
GC1003827_F11_NODE_8963_length_1181_cov_8.594877	1181	34.12
GC1003827_F11_NODE_8964_length_1181_cov_8.425047	1181	68.92
GC1003827_F11_NODE_8965_length_1181_cov_5.630930	1181	40.30
GC1003827_F11_NODE_8966_length_1181_cov_5.215370	1181	31.67
GC1003827_F11_NODE_8967_length_1181_cov_5.031309	1181	68.25
GC1003827_F11_NODE_8968_length_1181_cov_4.180266	1181	33.53
GC1003827_F11_NODE_8969_length_1181_cov_3.759962	1181	30.57
GC1003827_F11_NODE_8970_length_1181_cov_3.713472	1181	34.46
GC1003827_F11_NODE_8971_length_1181_cov_2.831120	1181	32.09
GC1003827_F11_NODE_8972_length_1181_cov_1.974383	1181	35.14
GC1003827_F11_NODE_8973_length_1181_cov_1.814991	1181	29.97
GC1003827_F11_NODE_8974_length_1180_cov_12.286800	1180	35.34
GC1003827_F11_NODE_8975_length_1180_cov_9.136752	1180	34.49
GC1003827_F11_NODE_8976_length_1180_cov_7.289649	1180	36.36
GC1003827_F11_NODE_8977_length_1180_cov_5.851852	1180	57.80
GC1003827_F11_NODE_8978_length_1180_cov_3.448243	1180	56.86
GC1003827_F11_NODE_8979_length_1180_cov_3.371320	1180	35.17
GC1003827_F11_NODE_8980_length_1180_cov_3.036087	1180	30.93
GC1003827_F11_NODE_8981_length_1180_cov_2.700855	1180	51.78
GC1003827_F11_NODE_8982_length_1180_cov_1.659069	1180	32.12
GC1003827_F11_NODE_8983_length_1180_cov_1.477683	1180	33.39
GC1003827_F11_NODE_8984_length_1180_cov_0.568851	1180	67.12
GC1003827_F11_NODE_8985_length_1179_cov_8.731939	1179	34.86
GC1003827_F11_NODE_8986_length_1179_cov_7.875475	1179	37.57
GC1003827_F11_NODE_8987_length_1179_cov_7.299430	1179	36.90
GC1003827_F11_NODE_8988_length_1179_cov_5.265209	1179	33.16
GC1003827_F11_NODE_8989_length_1179_cov_4.888783	1179	29.77
GC1003827_F11_NODE_8990_length_1179_cov_2.212928	1179	38.68
GC1003827_F11_NODE_8991_length_1179_cov_2.152091	1179	34.52
GC1003827_F11_NODE_8992_length_1179_cov_1.685361	1179	32.23
GC1003827_F11_NODE_8993_length_1179_cov_1.224335	1179	31.72
GC1003827_F11_NODE_8994_length_1179_cov_1.200570	1179	30.87
GC1003827_F11_NODE_8995_length_1179_cov_0.910646	1179	30.79
GC1003827_F11_NODE_8996_length_1179_cov_0.780418	1179	64.63
GC1003827_F11_NODE_8997_length_1178_cov_25.381541	1178	32.43
GC1003827_F11_NODE_8998_length_1178_cov_19.747859	1178	38.96
GC1003827_F11_NODE_8999_length_1178_cov_17.862036	1178	36.59
GC1003827_F11_NODE_9000_length_1178_cov_9.666984	1178	38.71
GC1003827_F11_NODE_9001_length_1178_cov_5.531874	1178	37.27
GC1003827_F11_NODE_9002_length_1178_cov_4.277831	1178	30.90
GC1003827_F11_NODE_9003_length_1178_cov_2.327307	1178	41.17
GC1003827_F11_NODE_9004_length_1178_cov_2.285442	1178	38.62
GC1003827_F11_NODE_9005_length_1178_cov_2.206470	1178	26.66
GC1003827_F11_NODE_9006_length_1178_cov_1.784015	1178	32.77
GC1003827_F11_NODE_9007_length_1178_cov_1.595623	1178	32.17
GC1003827_F11_NODE_9008_length_1178_cov_1.579448	1178	30.81
GC1003827_F11_NODE_9009_length_1177_cov_15.262857	1177	44.86
GC1003827_F11_NODE_9010_length_1177_cov_12.200952	1177	35.09
GC1003827_F11_NODE_9011_length_1177_cov_11.029524	1177	32.29
GC1003827_F11_NODE_9012_length_1177_cov_6.897143	1177	34.92
GC1003827_F11_NODE_9013_length_1177_cov_6.657143	1177	35.51
GC1003827_F11_NODE_9014_length_1177_cov_5.030476	1177	32.88
GC1003827_F11_NODE_9015_length_1177_cov_3.935238	1177	32.03
GC1003827_F11_NODE_9016_length_1177_cov_3.699048	1177	34.92
GC1003827_F11_NODE_9017_length_1177_cov_1.691429	1177	32.71
GC1003827_F11_NODE_9018_length_1177_cov_1.652381	1177	35.68
GC1003827_F11_NODE_9019_length_1177_cov_1.360000	1177	28.89
GC1003827_F11_NODE_9020_length_1176_cov_7.109628	1176	34.35
GC1003827_F11_NODE_9021_length_1176_cov_6.353670	1176	34.52
GC1003827_F11_NODE_9022_length_1176_cov_5.419447	1176	48.98
GC1003827_F11_NODE_9023_length_1176_cov_5.162059	1176	32.40
GC1003827_F11_NODE_9024_length_1176_cov_5.140133	1176	34.35
GC1003827_F11_NODE_9025_length_1176_cov_4.472831	1176	34.86
GC1003827_F11_NODE_9026_length_1176_cov_3.730219	1176	70.15
GC1003827_F11_NODE_9027_length_1176_cov_3.283127	1176	40.14
GC1003827_F11_NODE_9028_length_1176_cov_2.957102	1176	54.34
GC1003827_F11_NODE_9029_length_1176_cov_0.837941	1176	39.12
GC1003827_F11_NODE_9030_length_1175_cov_16.443702	1175	38.04
GC1003827_F11_NODE_9031_length_1175_cov_10.709924	1175	33.87
GC1003827_F11_NODE_9032_length_1175_cov_5.800573	1175	37.79
GC1003827_F11_NODE_9033_length_1175_cov_5.375954	1175	33.53
GC1003827_F11_NODE_9034_length_1175_cov_4.195611	1175	32.00
GC1003827_F11_NODE_9035_length_1175_cov_2.819656	1175	32.26
GC1003827_F11_NODE_9036_length_1175_cov_2.688931	1175	63.57
GC1003827_F11_NODE_9037_length_1175_cov_2.333015	1175	57.19
GC1003827_F11_NODE_9038_length_1175_cov_2.033397	1175	36.77
GC1003827_F11_NODE_9039_length_1175_cov_1.914122	1175	36.77
GC1003827_F11_NODE_9040_length_1174_cov_26.846227	1174	40.37
GC1003827_F11_NODE_9041_length_1174_cov_16.138491	1174	35.43
GC1003827_F11_NODE_9042_length_1174_cov_12.147087	1174	39.61
GC1003827_F11_NODE_9043_length_1174_cov_10.691500	1174	31.86
GC1003827_F11_NODE_9044_length_1174_cov_8.072588	1174	33.30
GC1003827_F11_NODE_9045_length_1174_cov_7.277937	1174	37.99
GC1003827_F11_NODE_9046_length_1174_cov_7.170010	1174	32.45
GC1003827_F11_NODE_9047_length_1174_cov_4.026743	1174	34.84
GC1003827_F11_NODE_9048_length_1174_cov_3.927412	1174	32.71
GC1003827_F11_NODE_9049_length_1174_cov_3.411652	1174	30.41
GC1003827_F11_NODE_9050_length_1174_cov_3.169054	1174	32.88
GC1003827_F11_NODE_9051_length_1174_cov_2.418338	1174	36.46
GC1003827_F11_NODE_9052_length_1174_cov_2.096466	1174	31.35
GC1003827_F11_NODE_9053_length_1174_cov_1.945559	1174	30.58
GC1003827_F11_NODE_9054_length_1174_cov_1.671442	1174	41.99
GC1003827_F11_NODE_9055_length_1174_cov_1.665712	1174	34.92
GC1003827_F11_NODE_9056_length_1174_cov_1.416428	1174	31.18
GC1003827_F11_NODE_9057_length_1174_cov_1.091691	1174	62.52
GC1003827_F11_NODE_9058_length_1173_cov_15.341300	1173	37.68
GC1003827_F11_NODE_9059_length_1173_cov_13.168260	1173	38.11
GC1003827_F11_NODE_9060_length_1173_cov_8.278203	1173	32.48
GC1003827_F11_NODE_9061_length_1173_cov_7.998088	1173	32.91
GC1003827_F11_NODE_9062_length_1173_cov_7.985660	1173	35.21
GC1003827_F11_NODE_9063_length_1173_cov_5.258126	1173	28.05
GC1003827_F11_NODE_9064_length_1173_cov_5.157744	1173	37.17
GC1003827_F11_NODE_9065_length_1173_cov_3.745698	1173	33.16
GC1003827_F11_NODE_9066_length_1173_cov_3.529637	1173	55.92
GC1003827_F11_NODE_9067_length_1173_cov_3.373805	1173	29.92
GC1003827_F11_NODE_9068_length_1173_cov_2.974187	1173	69.05
GC1003827_F11_NODE_9069_length_1173_cov_2.971319	1173	36.57
GC1003827_F11_NODE_9070_length_1173_cov_2.631931	1173	31.20
GC1003827_F11_NODE_9071_length_1173_cov_2.222753	1173	36.74
GC1003827_F11_NODE_9072_length_1173_cov_1.793499	1173	53.37
GC1003827_F11_NODE_9073_length_1173_cov_1.373805	1173	32.05
GC1003827_F11_NODE_9074_length_1173_cov_1.288719	1173	33.93
GC1003827_F11_NODE_9075_length_1172_cov_14.490909	1172	34.39
GC1003827_F11_NODE_9076_length_1172_cov_14.168421	1172	37.71
GC1003827_F11_NODE_9077_length_1172_cov_12.462201	1172	35.75
GC1003827_F11_NODE_9078_length_1172_cov_9.324402	1172	34.81
GC1003827_F11_NODE_9079_length_1172_cov_8.452632	1172	34.98
GC1003827_F11_NODE_9080_length_1172_cov_7.734928	1172	34.13
GC1003827_F11_NODE_9081_length_1172_cov_5.040191	1172	32.51
GC1003827_F11_NODE_9082_length_1172_cov_4.857416	1172	34.56
GC1003827_F11_NODE_9083_length_1172_cov_2.948325	1172	38.57
GC1003827_F11_NODE_9084_length_1172_cov_2.604785	1172	37.29
GC1003827_F11_NODE_9085_length_1172_cov_2.603828	1172	36.86
GC1003827_F11_NODE_9086_length_1172_cov_1.926316	1172	36.18
GC1003827_F11_NODE_9087_length_1172_cov_1.646890	1172	37.88
GC1003827_F11_NODE_9088_length_1171_cov_21.725096	1171	35.70
GC1003827_F11_NODE_9089_length_1171_cov_19.145594	1171	37.83
GC1003827_F11_NODE_9090_length_1171_cov_11.121648	1171	36.98
GC1003827_F11_NODE_9091_length_1171_cov_10.568008	1171	38.17
GC1003827_F11_NODE_9092_length_1171_cov_10.031609	1171	36.55
GC1003827_F11_NODE_9093_length_1171_cov_8.659962	1171	37.57
GC1003827_F11_NODE_9094_length_1171_cov_7.785441	1171	64.90
GC1003827_F11_NODE_9095_length_1171_cov_5.375479	1171	32.11
GC1003827_F11_NODE_9096_length_1171_cov_4.477011	1171	36.12
GC1003827_F11_NODE_9097_length_1171_cov_4.289272	1171	34.24
GC1003827_F11_NODE_9098_length_1171_cov_3.497126	1171	33.48
GC1003827_F11_NODE_9099_length_1171_cov_2.846743	1171	67.04
GC1003827_F11_NODE_9100_length_1171_cov_2.449234	1171	29.29
GC1003827_F11_NODE_9101_length_1171_cov_2.338123	1171	31.08
GC1003827_F11_NODE_9102_length_1171_cov_2.333333	1171	51.15
GC1003827_F11_NODE_9103_length_1171_cov_1.899425	1171	29.97
GC1003827_F11_NODE_9104_length_1171_cov_1.798851	1171	52.26
GC1003827_F11_NODE_9105_length_1171_cov_1.268199	1171	33.22
GC1003827_F11_NODE_9106_length_1171_cov_0.819923	1171	32.96
GC1003827_F11_NODE_9107_length_1170_cov_12.669223	1170	35.73
GC1003827_F11_NODE_9108_length_1170_cov_11.883988	1170	33.76
GC1003827_F11_NODE_9109_length_1170_cov_10.867689	1170	39.57
GC1003827_F11_NODE_9110_length_1170_cov_6.299137	1170	37.52
GC1003827_F11_NODE_9111_length_1170_cov_5.155321	1170	34.19
GC1003827_F11_NODE_9112_length_1170_cov_3.057526	1170	28.55
GC1003827_F11_NODE_9113_length_1170_cov_2.384468	1170	32.99
GC1003827_F11_NODE_9114_length_1170_cov_2.219559	1170	33.25
GC1003827_F11_NODE_9115_length_1170_cov_1.963567	1170	66.84
GC1003827_F11_NODE_9116_length_1170_cov_1.532119	1170	37.18
GC1003827_F11_NODE_9117_length_1170_cov_1.368169	1170	31.88
GC1003827_F11_NODE_9118_length_1170_cov_0.976031	1170	30.85
GC1003827_F11_NODE_9119_length_1170_cov_0.831256	1170	30.17
GC1003827_F11_NODE_9120_length_1169_cov_16.523992	1169	36.78
GC1003827_F11_NODE_9121_length_1169_cov_12.287908	1169	37.90
GC1003827_F11_NODE_9122_length_1169_cov_8.338772	1169	33.88
GC1003827_F11_NODE_9123_length_1169_cov_7.466411	1169	34.73
GC1003827_F11_NODE_9124_length_1169_cov_5.993282	1169	35.16
GC1003827_F11_NODE_9125_length_1169_cov_5.666987	1169	67.15
GC1003827_F11_NODE_9126_length_1169_cov_4.704415	1169	30.97
GC1003827_F11_NODE_9127_length_1169_cov_3.851248	1169	33.70
GC1003827_F11_NODE_9128_length_1169_cov_3.361804	1169	56.97
GC1003827_F11_NODE_9129_length_1169_cov_3.212092	1169	62.87
GC1003827_F11_NODE_9130_length_1169_cov_1.773512	1169	37.21
GC1003827_F11_NODE_9131_length_1169_cov_1.663148	1169	37.21
GC1003827_F11_NODE_9132_length_1168_cov_16.134486	1168	37.07
GC1003827_F11_NODE_9133_length_1168_cov_6.755043	1168	51.28
GC1003827_F11_NODE_9134_length_1168_cov_4.107589	1168	40.41
GC1003827_F11_NODE_9135_length_1168_cov_2.975985	1168	34.33
GC1003827_F11_NODE_9136_length_1168_cov_2.752161	1168	34.59
GC1003827_F11_NODE_9137_length_1168_cov_2.448607	1168	62.41
GC1003827_F11_NODE_9138_length_1168_cov_2.348703	1168	35.36
GC1003827_F11_NODE_9139_length_1168_cov_1.943324	1168	31.16
GC1003827_F11_NODE_9140_length_1168_cov_1.610951	1168	34.76
GC1003827_F11_NODE_9141_length_1168_cov_1.529299	1168	56.42
GC1003827_F11_NODE_9142_length_1168_cov_1.140250	1168	31.34
GC1003827_F11_NODE_9143_length_1168_cov_1.013449	1168	36.56
GC1003827_F11_NODE_9144_length_1167_cov_23.475962	1167	40.36
GC1003827_F11_NODE_9145_length_1167_cov_15.430769	1167	36.08
GC1003827_F11_NODE_9146_length_1167_cov_13.482692	1167	40.27
GC1003827_F11_NODE_9147_length_1167_cov_7.875000	1167	34.70
GC1003827_F11_NODE_9148_length_1167_cov_7.337500	1167	39.76
GC1003827_F11_NODE_9149_length_1167_cov_6.300962	1167	31.02
GC1003827_F11_NODE_9150_length_1167_cov_5.340385	1167	35.99
GC1003827_F11_NODE_9151_length_1167_cov_2.542308	1167	32.48
GC1003827_F11_NODE_9152_length_1167_cov_1.739423	1167	35.05
GC1003827_F11_NODE_9153_length_1167_cov_1.435577	1167	37.19
GC1003827_F11_NODE_9154_length_1167_cov_1.184615	1167	32.56
GC1003827_F11_NODE_9155_length_1167_cov_0.753846	1167	31.28
GC1003827_F11_NODE_9156_length_1166_cov_8.598653	1166	41.25
GC1003827_F11_NODE_9157_length_1166_cov_8.536092	1166	32.93
GC1003827_F11_NODE_9158_length_1166_cov_7.701636	1166	34.13
GC1003827_F11_NODE_9159_length_1166_cov_4.651588	1166	34.91
GC1003827_F11_NODE_9160_length_1166_cov_4.195380	1166	29.76
GC1003827_F11_NODE_9161_length_1166_cov_3.754572	1166	34.73
GC1003827_F11_NODE_9162_length_1166_cov_3.471607	1166	36.28
GC1003827_F11_NODE_9163_length_1166_cov_3.215592	1166	28.90
GC1003827_F11_NODE_9164_length_1166_cov_2.662175	1166	66.38
GC1003827_F11_NODE_9165_length_1166_cov_1.929740	1166	69.73
GC1003827_F11_NODE_9166_length_1166_cov_1.772859	1166	34.73
GC1003827_F11_NODE_9167_length_1166_cov_1.769971	1166	31.99
GC1003827_F11_NODE_9168_length_1166_cov_1.529355	1166	29.67
GC1003827_F11_NODE_9169_length_1166_cov_1.226179	1166	32.16
GC1003827_F11_NODE_9170_length_1165_cov_14.000000	1165	41.20
GC1003827_F11_NODE_9171_length_1165_cov_6.786127	1165	30.39
GC1003827_F11_NODE_9172_length_1165_cov_5.745665	1165	31.42
GC1003827_F11_NODE_9173_length_1165_cov_5.669557	1165	43.52
GC1003827_F11_NODE_9174_length_1165_cov_5.463391	1165	34.51
GC1003827_F11_NODE_9175_length_1165_cov_5.105010	1165	43.09
GC1003827_F11_NODE_9176_length_1165_cov_4.996146	1165	37.00
GC1003827_F11_NODE_9177_length_1165_cov_4.521195	1165	37.94
GC1003827_F11_NODE_9178_length_1165_cov_2.894027	1165	33.82
GC1003827_F11_NODE_9179_length_1165_cov_2.387283	1165	31.59
GC1003827_F11_NODE_9180_length_1165_cov_2.181118	1165	32.70
GC1003827_F11_NODE_9181_length_1165_cov_1.684008	1165	33.22
GC1003827_F11_NODE_9182_length_1165_cov_1.619461	1165	28.84
GC1003827_F11_NODE_9183_length_1165_cov_1.520231	1165	32.88
GC1003827_F11_NODE_9184_length_1165_cov_1.504817	1165	29.36
GC1003827_F11_NODE_9185_length_1165_cov_1.165703	1165	57.94
GC1003827_F11_NODE_9186_length_1165_cov_0.783237	1165	60.17
GC1003827_F11_NODE_9187_length_1164_cov_14.243973	1164	36.25
GC1003827_F11_NODE_9188_length_1164_cov_8.996143	1164	46.91
GC1003827_F11_NODE_9189_length_1164_cov_7.590164	1164	38.40
GC1003827_F11_NODE_9190_length_1164_cov_7.026037	1164	42.87
GC1003827_F11_NODE_9191_length_1164_cov_6.647059	1164	34.97
GC1003827_F11_NODE_9192_length_1164_cov_4.144648	1164	35.82
GC1003827_F11_NODE_9193_length_1164_cov_4.035680	1164	31.96
GC1003827_F11_NODE_9194_length_1164_cov_3.506268	1164	37.37
GC1003827_F11_NODE_9195_length_1164_cov_2.889103	1164	30.76
GC1003827_F11_NODE_9196_length_1164_cov_2.429122	1164	33.85
GC1003827_F11_NODE_9197_length_1164_cov_2.136933	1164	31.53
GC1003827_F11_NODE_9198_length_1164_cov_2.039537	1164	33.93
GC1003827_F11_NODE_9199_length_1164_cov_1.884282	1164	72.34
GC1003827_F11_NODE_9200_length_1164_cov_1.715526	1164	65.98
GC1003827_F11_NODE_9201_length_1164_cov_0.547734	1164	61.34
GC1003827_F11_NODE_9202_length_1163_cov_40.988417	1163	37.92
GC1003827_F11_NODE_9203_length_1163_cov_23.326255	1163	35.25
GC1003827_F11_NODE_9204_length_1163_cov_18.364865	1163	35.86
GC1003827_F11_NODE_9205_length_1163_cov_13.004826	1163	38.26
GC1003827_F11_NODE_9206_length_1163_cov_11.221042	1163	34.65
GC1003827_F11_NODE_9207_length_1163_cov_10.287645	1163	56.15
GC1003827_F11_NODE_9208_length_1163_cov_7.328185	1163	35.51
GC1003827_F11_NODE_9209_length_1163_cov_6.833012	1163	37.06
GC1003827_F11_NODE_9210_length_1163_cov_4.799228	1163	31.56
GC1003827_F11_NODE_9211_length_1163_cov_4.210425	1163	29.15
GC1003827_F11_NODE_9212_length_1163_cov_3.350386	1163	29.75
GC1003827_F11_NODE_9213_length_1163_cov_3.329151	1163	30.35
GC1003827_F11_NODE_9214_length_1163_cov_2.841699	1163	34.91
GC1003827_F11_NODE_9215_length_1163_cov_1.978764	1163	35.60
GC1003827_F11_NODE_9216_length_1163_cov_1.849421	1163	36.03
GC1003827_F11_NODE_9217_length_1163_cov_1.411197	1163	32.07
GC1003827_F11_NODE_9218_length_1163_cov_1.369691	1163	29.06
GC1003827_F11_NODE_9219_length_1162_cov_10.273430	1162	31.76
GC1003827_F11_NODE_9220_length_1162_cov_8.731401	1162	38.73
GC1003827_F11_NODE_9221_length_1162_cov_8.251208	1162	56.11
GC1003827_F11_NODE_9222_length_1162_cov_6.515942	1162	31.33
GC1003827_F11_NODE_9223_length_1162_cov_5.720773	1162	57.92
GC1003827_F11_NODE_9224_length_1162_cov_4.659903	1162	30.55
GC1003827_F11_NODE_9225_length_1162_cov_3.510145	1162	31.93
GC1003827_F11_NODE_9226_length_1162_cov_2.804831	1162	35.63
GC1003827_F11_NODE_9227_length_1162_cov_1.817391	1162	36.49
GC1003827_F11_NODE_9228_length_1162_cov_1.687923	1162	27.71
GC1003827_F11_NODE_9229_length_1162_cov_0.709179	1162	31.67
GC1003827_F11_NODE_9230_length_1162_cov_0.558454	1162	29.86
GC1003827_F11_NODE_9231_length_1161_cov_26.332689	1161	36.61
GC1003827_F11_NODE_9232_length_1161_cov_10.535783	1161	62.62
GC1003827_F11_NODE_9233_length_1161_cov_10.082205	1161	34.45
GC1003827_F11_NODE_9234_length_1161_cov_9.761122	1161	38.33
GC1003827_F11_NODE_9235_length_1161_cov_8.623791	1161	35.66
GC1003827_F11_NODE_9236_length_1161_cov_7.862669	1161	31.01
GC1003827_F11_NODE_9237_length_1161_cov_6.573501	1161	36.86
GC1003827_F11_NODE_9238_length_1161_cov_5.152805	1161	35.66
GC1003827_F11_NODE_9239_length_1161_cov_2.343327	1161	31.18
GC1003827_F11_NODE_9240_length_1161_cov_1.755319	1161	31.78
GC1003827_F11_NODE_9241_length_1161_cov_1.223404	1161	34.54
GC1003827_F11_NODE_9242_length_1161_cov_1.036750	1161	31.87
GC1003827_F11_NODE_9243_length_1161_cov_0.593810	1161	32.64
GC1003827_F11_NODE_9244_length_1160_cov_13.700871	1160	35.17
GC1003827_F11_NODE_9245_length_1160_cov_9.438529	1160	41.38
GC1003827_F11_NODE_9246_length_1160_cov_8.412391	1160	39.74
GC1003827_F11_NODE_9247_length_1160_cov_8.179090	1160	34.91
GC1003827_F11_NODE_9248_length_1160_cov_6.407551	1160	29.91
GC1003827_F11_NODE_9249_length_1160_cov_3.756050	1160	34.66
GC1003827_F11_NODE_9250_length_1160_cov_3.057115	1160	37.76
GC1003827_F11_NODE_9251_length_1160_cov_2.776379	1160	38.28
GC1003827_F11_NODE_9252_length_1160_cov_2.404647	1160	36.21
GC1003827_F11_NODE_9253_length_1160_cov_1.780252	1160	28.79
GC1003827_F11_NODE_9254_length_1159_cov_15.623062	1159	36.07
GC1003827_F11_NODE_9255_length_1159_cov_11.281008	1159	36.93
GC1003827_F11_NODE_9256_length_1159_cov_10.541667	1159	33.48
GC1003827_F11_NODE_9257_length_1159_cov_9.223837	1159	58.33
GC1003827_F11_NODE_9258_length_1159_cov_8.562016	1159	31.67
GC1003827_F11_NODE_9259_length_1159_cov_5.431202	1159	33.82
GC1003827_F11_NODE_9260_length_1159_cov_5.199612	1159	33.99
GC1003827_F11_NODE_9261_length_1159_cov_4.739341	1159	32.44
GC1003827_F11_NODE_9262_length_1159_cov_4.390504	1159	35.29
GC1003827_F11_NODE_9263_length_1159_cov_3.943798	1159	33.13
GC1003827_F11_NODE_9264_length_1159_cov_3.653101	1159	28.56
GC1003827_F11_NODE_9265_length_1159_cov_3.622093	1159	39.26
GC1003827_F11_NODE_9266_length_1159_cov_3.583333	1159	60.22
GC1003827_F11_NODE_9267_length_1159_cov_2.117248	1159	32.10
GC1003827_F11_NODE_9268_length_1158_cov_14.900097	1158	38.95
GC1003827_F11_NODE_9269_length_1158_cov_10.321048	1158	38.60
GC1003827_F11_NODE_9270_length_1158_cov_10.014549	1158	30.74
GC1003827_F11_NODE_9271_length_1158_cov_8.306499	1158	39.12
GC1003827_F11_NODE_9272_length_1158_cov_5.824442	1158	58.29
GC1003827_F11_NODE_9273_length_1158_cov_5.327837	1158	37.22
GC1003827_F11_NODE_9274_length_1158_cov_3.939864	1158	32.21
GC1003827_F11_NODE_9275_length_1158_cov_3.075655	1158	54.40
GC1003827_F11_NODE_9276_length_1158_cov_2.461688	1158	35.41
GC1003827_F11_NODE_9277_length_1158_cov_2.344326	1158	30.74
GC1003827_F11_NODE_9278_length_1158_cov_1.880698	1158	37.74
GC1003827_F11_NODE_9279_length_1158_cov_1.137730	1158	34.80
GC1003827_F11_NODE_9280_length_1158_cov_1.005820	1158	45.08
GC1003827_F11_NODE_9281_length_1157_cov_21.818447	1157	35.00
GC1003827_F11_NODE_9282_length_1157_cov_15.033010	1157	34.31
GC1003827_F11_NODE_9283_length_1157_cov_10.330097	1157	36.73
GC1003827_F11_NODE_9284_length_1157_cov_7.739806	1157	40.80
GC1003827_F11_NODE_9285_length_1157_cov_7.273786	1157	33.36
GC1003827_F11_NODE_9286_length_1157_cov_6.743689	1157	36.56
GC1003827_F11_NODE_9287_length_1157_cov_6.279612	1157	32.24
GC1003827_F11_NODE_9288_length_1157_cov_5.322330	1157	37.08
GC1003827_F11_NODE_9289_length_1157_cov_4.558252	1157	29.99
GC1003827_F11_NODE_9290_length_1157_cov_4.499029	1157	32.93
GC1003827_F11_NODE_9291_length_1157_cov_3.652427	1157	35.70
GC1003827_F11_NODE_9292_length_1157_cov_3.574757	1157	34.57
GC1003827_F11_NODE_9293_length_1157_cov_2.473786	1157	31.89
GC1003827_F11_NODE_9294_length_1157_cov_2.422330	1157	36.30
GC1003827_F11_NODE_9295_length_1157_cov_2.129126	1157	34.14
GC1003827_F11_NODE_9296_length_1157_cov_2.039806	1157	35.26
GC1003827_F11_NODE_9297_length_1157_cov_1.933010	1157	35.44
GC1003827_F11_NODE_9298_length_1157_cov_1.742718	1157	27.74
GC1003827_F11_NODE_9299_length_1157_cov_1.088350	1157	31.46
GC1003827_F11_NODE_9300_length_1157_cov_0.702913	1157	31.63
GC1003827_F11_NODE_9301_length_1156_cov_15.826045	1156	31.57
GC1003827_F11_NODE_9302_length_1156_cov_11.530612	1156	33.56
GC1003827_F11_NODE_9303_length_1156_cov_9.713314	1156	35.73
GC1003827_F11_NODE_9304_length_1156_cov_7.456754	1156	36.59
GC1003827_F11_NODE_9305_length_1156_cov_7.307094	1156	36.94
GC1003827_F11_NODE_9306_length_1156_cov_4.727891	1156	35.90
GC1003827_F11_NODE_9307_length_1156_cov_4.135083	1156	40.14
GC1003827_F11_NODE_9308_length_1156_cov_4.006803	1156	32.53
GC1003827_F11_NODE_9309_length_1156_cov_3.301263	1156	34.00
GC1003827_F11_NODE_9310_length_1156_cov_2.261419	1156	40.05
GC1003827_F11_NODE_9311_length_1156_cov_2.256560	1156	37.37
GC1003827_F11_NODE_9312_length_1156_cov_2.231293	1156	29.07
GC1003827_F11_NODE_9313_length_1156_cov_2.225462	1156	30.28
GC1003827_F11_NODE_9314_length_1156_cov_2.074830	1156	31.83
GC1003827_F11_NODE_9315_length_1156_cov_1.514091	1156	32.96
GC1003827_F11_NODE_9316_length_1155_cov_17.640078	1155	35.32
GC1003827_F11_NODE_9317_length_1155_cov_16.376459	1155	48.57
GC1003827_F11_NODE_9318_length_1155_cov_8.718872	1155	33.42
GC1003827_F11_NODE_9319_length_1155_cov_7.147860	1155	32.90
GC1003827_F11_NODE_9320_length_1155_cov_4.822957	1155	36.45
GC1003827_F11_NODE_9321_length_1155_cov_3.318093	1155	29.26
GC1003827_F11_NODE_9322_length_1155_cov_2.653696	1155	34.98
GC1003827_F11_NODE_9323_length_1155_cov_2.587549	1155	33.16
GC1003827_F11_NODE_9324_length_1155_cov_1.964008	1155	32.38
GC1003827_F11_NODE_9325_length_1155_cov_1.391051	1155	40.61
GC1003827_F11_NODE_9326_length_1155_cov_0.688716	1155	36.19
GC1003827_F11_NODE_9327_length_1154_cov_13.942551	1154	39.25
GC1003827_F11_NODE_9328_length_1154_cov_9.012658	1154	35.10
GC1003827_F11_NODE_9329_length_1154_cov_8.919182	1154	35.27
GC1003827_F11_NODE_9330_length_1154_cov_8.589094	1154	36.74
GC1003827_F11_NODE_9331_length_1154_cov_6.415774	1154	39.08
GC1003827_F11_NODE_9332_length_1154_cov_5.241480	1154	35.10
GC1003827_F11_NODE_9333_length_1154_cov_4.995131	1154	37.00
GC1003827_F11_NODE_9334_length_1154_cov_4.776047	1154	33.45
GC1003827_F11_NODE_9335_length_1154_cov_4.320351	1154	35.01
GC1003827_F11_NODE_9336_length_1154_cov_3.721519	1154	33.45
GC1003827_F11_NODE_9337_length_1154_cov_2.448880	1154	33.28
GC1003827_F11_NODE_9338_length_1154_cov_2.156767	1154	35.88
GC1003827_F11_NODE_9339_length_1154_cov_1.647517	1154	33.28
GC1003827_F11_NODE_9340_length_1153_cov_16.393762	1153	34.78
GC1003827_F11_NODE_9341_length_1153_cov_15.694932	1153	33.65
GC1003827_F11_NODE_9342_length_1153_cov_10.965887	1153	35.91
GC1003827_F11_NODE_9343_length_1153_cov_4.033138	1153	34.78
GC1003827_F11_NODE_9344_length_1153_cov_3.193957	1153	35.65
GC1003827_F11_NODE_9345_length_1153_cov_2.747563	1153	40.16
GC1003827_F11_NODE_9346_length_1153_cov_1.093567	1153	58.20
GC1003827_F11_NODE_9347_length_1153_cov_0.995127	1153	43.71
GC1003827_F11_NODE_9348_length_1153_cov_0.801170	1153	30.53
GC1003827_F11_NODE_9349_length_1152_cov_19.028293	1152	29.08
GC1003827_F11_NODE_9350_length_1152_cov_6.691707	1152	43.84
GC1003827_F11_NODE_9351_length_1152_cov_5.976585	1152	37.33
GC1003827_F11_NODE_9352_length_1152_cov_4.661463	1152	36.63
GC1003827_F11_NODE_9353_length_1152_cov_3.053659	1152	33.77
GC1003827_F11_NODE_9354_length_1152_cov_2.403902	1152	31.86
GC1003827_F11_NODE_9355_length_1152_cov_2.359024	1152	30.56
GC1003827_F11_NODE_9356_length_1152_cov_1.583415	1152	30.12
GC1003827_F11_NODE_9357_length_1152_cov_1.314146	1152	64.50
GC1003827_F11_NODE_9358_length_1151_cov_16.102539	1151	55.34
GC1003827_F11_NODE_9359_length_1151_cov_10.291016	1151	44.22
GC1003827_F11_NODE_9360_length_1151_cov_8.416992	1151	33.88
GC1003827_F11_NODE_9361_length_1151_cov_7.511719	1151	32.75
GC1003827_F11_NODE_9362_length_1151_cov_6.301758	1151	39.10
GC1003827_F11_NODE_9363_length_1151_cov_5.583984	1151	33.80
GC1003827_F11_NODE_9364_length_1151_cov_4.875000	1151	35.36
GC1003827_F11_NODE_9365_length_1151_cov_4.400391	1151	30.41
GC1003827_F11_NODE_9366_length_1151_cov_4.372070	1151	35.01
GC1003827_F11_NODE_9367_length_1151_cov_4.362305	1151	43.09
GC1003827_F11_NODE_9368_length_1151_cov_3.734375	1151	32.93
GC1003827_F11_NODE_9369_length_1151_cov_3.132812	1151	31.89
GC1003827_F11_NODE_9370_length_1151_cov_2.883789	1151	36.58
GC1003827_F11_NODE_9371_length_1151_cov_2.308594	1151	32.93
GC1003827_F11_NODE_9372_length_1150_cov_28.533724	1150	35.22
GC1003827_F11_NODE_9373_length_1150_cov_18.409580	1150	39.13
GC1003827_F11_NODE_9374_length_1150_cov_18.267840	1150	36.61
GC1003827_F11_NODE_9375_length_1150_cov_13.614858	1150	36.61
GC1003827_F11_NODE_9376_length_1150_cov_12.175953	1150	37.13
GC1003827_F11_NODE_9377_length_1150_cov_7.806452	1150	32.61
GC1003827_F11_NODE_9378_length_1150_cov_6.799609	1150	33.65
GC1003827_F11_NODE_9379_length_1150_cov_5.949169	1150	31.39
GC1003827_F11_NODE_9380_length_1150_cov_3.938416	1150	33.22
GC1003827_F11_NODE_9381_length_1150_cov_2.664712	1150	34.96
GC1003827_F11_NODE_9382_length_1150_cov_2.396872	1150	29.83
GC1003827_F11_NODE_9383_length_1150_cov_2.381232	1150	37.48
GC1003827_F11_NODE_9384_length_1150_cov_1.933529	1150	30.35
GC1003827_F11_NODE_9385_length_1150_cov_1.782014	1150	64.87
GC1003827_F11_NODE_9386_length_1150_cov_1.407625	1150	67.39
GC1003827_F11_NODE_9387_length_1150_cov_1.344086	1150	41.22
GC1003827_F11_NODE_9388_length_1150_cov_1.317693	1150	59.65
GC1003827_F11_NODE_9389_length_1149_cov_25.879648	1149	38.82
GC1003827_F11_NODE_9390_length_1149_cov_19.760274	1149	35.94
GC1003827_F11_NODE_9391_length_1149_cov_14.669276	1149	36.90
GC1003827_F11_NODE_9392_length_1149_cov_13.452055	1149	37.51
GC1003827_F11_NODE_9393_length_1149_cov_8.280822	1149	40.21
GC1003827_F11_NODE_9394_length_1149_cov_5.536204	1149	37.51
GC1003827_F11_NODE_9395_length_1149_cov_4.829746	1149	56.40
GC1003827_F11_NODE_9396_length_1149_cov_4.705479	1149	34.73
GC1003827_F11_NODE_9397_length_1149_cov_4.677104	1149	31.77
GC1003827_F11_NODE_9398_length_1149_cov_3.263209	1149	40.03
GC1003827_F11_NODE_9399_length_1149_cov_3.033268	1149	34.55
GC1003827_F11_NODE_9400_length_1149_cov_3.015656	1149	33.25
GC1003827_F11_NODE_9401_length_1149_cov_2.941292	1149	35.16
GC1003827_F11_NODE_9402_length_1149_cov_1.904110	1149	31.85
GC1003827_F11_NODE_9403_length_1149_cov_1.186888	1149	63.62
GC1003827_F11_NODE_9404_length_1148_cov_31.405485	1148	36.59
GC1003827_F11_NODE_9405_length_1148_cov_16.146915	1148	37.98
GC1003827_F11_NODE_9406_length_1148_cov_15.677767	1148	41.90
GC1003827_F11_NODE_9407_length_1148_cov_6.891283	1148	32.32
GC1003827_F11_NODE_9408_length_1148_cov_6.792360	1148	30.66
GC1003827_F11_NODE_9409_length_1148_cov_6.699314	1148	61.15
GC1003827_F11_NODE_9410_length_1148_cov_6.484819	1148	37.37
GC1003827_F11_NODE_9411_length_1148_cov_5.897160	1148	31.18
GC1003827_F11_NODE_9412_length_1148_cov_4.313418	1148	31.62
GC1003827_F11_NODE_9413_length_1148_cov_3.782566	1148	35.80
GC1003827_F11_NODE_9414_length_1148_cov_2.908913	1148	33.97
GC1003827_F11_NODE_9415_length_1148_cov_2.317336	1148	33.71
GC1003827_F11_NODE_9416_length_1148_cov_2.298727	1148	37.63
GC1003827_F11_NODE_9417_length_1148_cov_1.264447	1148	34.23
GC1003827_F11_NODE_9418_length_1147_cov_27.413725	1147	31.39
GC1003827_F11_NODE_9419_length_1147_cov_11.874510	1147	37.93
GC1003827_F11_NODE_9420_length_1147_cov_9.047059	1147	45.42
GC1003827_F11_NODE_9421_length_1147_cov_6.435294	1147	28.86
GC1003827_F11_NODE_9422_length_1147_cov_6.194118	1147	38.27
GC1003827_F11_NODE_9423_length_1147_cov_5.462745	1147	39.67
GC1003827_F11_NODE_9424_length_1147_cov_4.889216	1147	42.63
GC1003827_F11_NODE_9425_length_1147_cov_4.389216	1147	57.11
GC1003827_F11_NODE_9426_length_1147_cov_3.117647	1147	41.06
GC1003827_F11_NODE_9427_length_1147_cov_2.445098	1147	27.72
GC1003827_F11_NODE_9428_length_1147_cov_1.829412	1147	31.91
GC1003827_F11_NODE_9429_length_1146_cov_43.790972	1146	47.29
GC1003827_F11_NODE_9430_length_1146_cov_27.092247	1146	38.74
GC1003827_F11_NODE_9431_length_1146_cov_19.041217	1146	32.72
GC1003827_F11_NODE_9432_length_1146_cov_13.520118	1146	36.47
GC1003827_F11_NODE_9433_length_1146_cov_8.754661	1146	35.17
GC1003827_F11_NODE_9434_length_1146_cov_7.140334	1146	39.18
GC1003827_F11_NODE_9435_length_1146_cov_6.203140	1146	37.96
GC1003827_F11_NODE_9436_length_1146_cov_5.840039	1146	37.70
GC1003827_F11_NODE_9437_length_1146_cov_4.145240	1146	26.70
GC1003827_F11_NODE_9438_length_1146_cov_2.518155	1146	30.19
GC1003827_F11_NODE_9439_length_1146_cov_2.428852	1146	34.99
GC1003827_F11_NODE_9440_length_1146_cov_2.410206	1146	42.32
GC1003827_F11_NODE_9441_length_1146_cov_2.052012	1146	35.86
GC1003827_F11_NODE_9442_length_1146_cov_1.807655	1146	36.04
GC1003827_F11_NODE_9443_length_1146_cov_1.752699	1146	34.38
GC1003827_F11_NODE_9444_length_1146_cov_1.471050	1146	52.01
GC1003827_F11_NODE_9445_length_1146_cov_1.281649	1146	33.25
GC1003827_F11_NODE_9446_length_1146_cov_0.983317	1146	28.71
GC1003827_F11_NODE_9447_length_1146_cov_0.961727	1146	26.61
GC1003827_F11_NODE_9448_length_1145_cov_21.325147	1145	57.29
GC1003827_F11_NODE_9449_length_1145_cov_14.037328	1145	35.28
GC1003827_F11_NODE_9450_length_1145_cov_11.212181	1145	40.96
GC1003827_F11_NODE_9451_length_1145_cov_9.213163	1145	37.29
GC1003827_F11_NODE_9452_length_1145_cov_7.601179	1145	56.86
GC1003827_F11_NODE_9453_length_1145_cov_3.876228	1145	52.14
GC1003827_F11_NODE_9454_length_1145_cov_3.603143	1145	35.55
GC1003827_F11_NODE_9455_length_1145_cov_2.219057	1145	31.62
GC1003827_F11_NODE_9456_length_1145_cov_2.023576	1145	52.23
GC1003827_F11_NODE_9457_length_1145_cov_1.904715	1145	58.78
GC1003827_F11_NODE_9458_length_1145_cov_1.516699	1145	38.34
GC1003827_F11_NODE_9459_length_1144_cov_15.645034	1144	36.19
GC1003827_F11_NODE_9460_length_1144_cov_11.245821	1144	32.34
GC1003827_F11_NODE_9461_length_1144_cov_11.191740	1144	36.19
GC1003827_F11_NODE_9462_length_1144_cov_8.112094	1144	36.54
GC1003827_F11_NODE_9463_length_1144_cov_6.905605	1144	29.98
GC1003827_F11_NODE_9464_length_1144_cov_6.624385	1144	34.62
GC1003827_F11_NODE_9465_length_1144_cov_4.365782	1144	34.79
GC1003827_F11_NODE_9466_length_1144_cov_4.278269	1144	38.29
GC1003827_F11_NODE_9467_length_1144_cov_2.342183	1144	27.19
GC1003827_F11_NODE_9468_length_1144_cov_1.525074	1144	40.47
GC1003827_F11_NODE_9469_length_1144_cov_1.219272	1144	29.02
GC1003827_F11_NODE_9470_length_1143_cov_7.134843	1143	33.16
GC1003827_F11_NODE_9471_length_1143_cov_6.260827	1143	33.86
GC1003827_F11_NODE_9472_length_1143_cov_5.348425	1143	37.88
GC1003827_F11_NODE_9473_length_1143_cov_5.295276	1143	42.43
GC1003827_F11_NODE_9474_length_1143_cov_3.186024	1143	33.07
GC1003827_F11_NODE_9475_length_1143_cov_3.039370	1143	32.11
GC1003827_F11_NODE_9476_length_1143_cov_2.885827	1143	31.50
GC1003827_F11_NODE_9477_length_1143_cov_2.848425	1143	29.83
GC1003827_F11_NODE_9478_length_1143_cov_2.729331	1143	35.61
GC1003827_F11_NODE_9479_length_1143_cov_2.581693	1143	29.57
GC1003827_F11_NODE_9480_length_1143_cov_2.517717	1143	33.16
GC1003827_F11_NODE_9481_length_1143_cov_2.096457	1143	29.13
GC1003827_F11_NODE_9482_length_1143_cov_2.062992	1143	40.07
GC1003827_F11_NODE_9483_length_1142_cov_36.614778	1142	36.78
GC1003827_F11_NODE_9484_length_1142_cov_20.837438	1142	38.27
GC1003827_F11_NODE_9485_length_1142_cov_20.604926	1142	36.78
GC1003827_F11_NODE_9486_length_1142_cov_18.295567	1142	40.89
GC1003827_F11_NODE_9487_length_1142_cov_12.102463	1142	38.27
GC1003827_F11_NODE_9488_length_1142_cov_11.357635	1142	36.78
GC1003827_F11_NODE_9489_length_1142_cov_8.287685	1142	39.93
GC1003827_F11_NODE_9490_length_1142_cov_7.883744	1142	39.14
GC1003827_F11_NODE_9491_length_1142_cov_7.248276	1142	35.64
GC1003827_F11_NODE_9492_length_1142_cov_5.524138	1142	35.20
GC1003827_F11_NODE_9493_length_1142_cov_5.211823	1142	34.06
GC1003827_F11_NODE_9494_length_1142_cov_4.914286	1142	30.47
GC1003827_F11_NODE_9495_length_1142_cov_4.645320	1142	33.80
GC1003827_F11_NODE_9496_length_1142_cov_4.565517	1142	34.06
GC1003827_F11_NODE_9497_length_1142_cov_3.937931	1142	32.22
GC1003827_F11_NODE_9498_length_1142_cov_3.722167	1142	39.93
GC1003827_F11_NODE_9499_length_1142_cov_3.295567	1142	35.11
GC1003827_F11_NODE_9500_length_1142_cov_3.043350	1142	29.68
GC1003827_F11_NODE_9501_length_1142_cov_2.776355	1142	66.29
GC1003827_F11_NODE_9502_length_1142_cov_1.958621	1142	33.27
GC1003827_F11_NODE_9503_length_1142_cov_1.829557	1142	31.96
GC1003827_F11_NODE_9504_length_1142_cov_1.252217	1142	63.92
GC1003827_F11_NODE_9505_length_1141_cov_12.485207	1141	36.99
GC1003827_F11_NODE_9506_length_1141_cov_11.590730	1141	36.55
GC1003827_F11_NODE_9507_length_1141_cov_11.111440	1141	35.76
GC1003827_F11_NODE_9508_length_1141_cov_10.379684	1141	41.45
GC1003827_F11_NODE_9509_length_1141_cov_9.090730	1141	34.44
GC1003827_F11_NODE_9510_length_1141_cov_6.936884	1141	38.91
GC1003827_F11_NODE_9511_length_1141_cov_6.646943	1141	33.65
GC1003827_F11_NODE_9512_length_1141_cov_5.915187	1141	34.44
GC1003827_F11_NODE_9513_length_1141_cov_5.556213	1141	54.69
GC1003827_F11_NODE_9514_length_1141_cov_3.748521	1141	33.13
GC1003827_F11_NODE_9515_length_1141_cov_3.232742	1141	38.91
GC1003827_F11_NODE_9516_length_1141_cov_2.752465	1141	44.87
GC1003827_F11_NODE_9517_length_1141_cov_1.209073	1141	31.03
GC1003827_F11_NODE_9518_length_1141_cov_1.033531	1141	41.37
GC1003827_F11_NODE_9519_length_1140_cov_16.852912	1140	32.46
GC1003827_F11_NODE_9520_length_1140_cov_10.072063	1140	32.89
GC1003827_F11_NODE_9521_length_1140_cov_9.068115	1140	36.67
GC1003827_F11_NODE_9522_length_1140_cov_7.812438	1140	37.54
GC1003827_F11_NODE_9523_length_1140_cov_7.510365	1140	36.75
GC1003827_F11_NODE_9524_length_1140_cov_6.885489	1140	31.40
GC1003827_F11_NODE_9525_length_1140_cov_6.470879	1140	33.86
GC1003827_F11_NODE_9526_length_1140_cov_5.850938	1140	35.70
GC1003827_F11_NODE_9527_length_1140_cov_5.832182	1140	32.46
GC1003827_F11_NODE_9528_length_1140_cov_5.821323	1140	43.60
GC1003827_F11_NODE_9529_length_1140_cov_5.002962	1140	31.23
GC1003827_F11_NODE_9530_length_1140_cov_4.715696	1140	33.42
GC1003827_F11_NODE_9531_length_1140_cov_3.923988	1140	57.37
GC1003827_F11_NODE_9532_length_1140_cov_3.853899	1140	33.68
GC1003827_F11_NODE_9533_length_1140_cov_3.376111	1140	37.63
GC1003827_F11_NODE_9534_length_1140_cov_3.341560	1140	31.40
GC1003827_F11_NODE_9535_length_1140_cov_2.090819	1140	31.14
GC1003827_F11_NODE_9536_length_1140_cov_1.468904	1140	40.79
GC1003827_F11_NODE_9537_length_1139_cov_35.087945	1139	37.75
GC1003827_F11_NODE_9538_length_1139_cov_15.704545	1139	30.38
GC1003827_F11_NODE_9539_length_1139_cov_14.568182	1139	34.94
GC1003827_F11_NODE_9540_length_1139_cov_11.514822	1139	34.24
GC1003827_F11_NODE_9541_length_1139_cov_9.961462	1139	36.61
GC1003827_F11_NODE_9542_length_1139_cov_6.050395	1139	46.44
GC1003827_F11_NODE_9543_length_1139_cov_5.647233	1139	63.21
GC1003827_F11_NODE_9544_length_1139_cov_5.100791	1139	33.27
GC1003827_F11_NODE_9545_length_1139_cov_5.099802	1139	38.81
GC1003827_F11_NODE_9546_length_1139_cov_4.257905	1139	33.01
GC1003827_F11_NODE_9547_length_1139_cov_3.583992	1139	32.57
GC1003827_F11_NODE_9548_length_1139_cov_3.203557	1139	36.26
GC1003827_F11_NODE_9549_length_1139_cov_2.946640	1139	38.45
GC1003827_F11_NODE_9550_length_1139_cov_2.528656	1139	33.36
GC1003827_F11_NODE_9551_length_1139_cov_2.490119	1139	34.50
GC1003827_F11_NODE_9552_length_1139_cov_2.082016	1139	30.55
GC1003827_F11_NODE_9553_length_1139_cov_1.557312	1139	37.23
GC1003827_F11_NODE_9554_length_1139_cov_1.447628	1139	33.89
GC1003827_F11_NODE_9555_length_1139_cov_1.191700	1139	41.44
GC1003827_F11_NODE_9556_length_1138_cov_11.670623	1138	31.02
GC1003827_F11_NODE_9557_length_1138_cov_8.867458	1138	44.20
GC1003827_F11_NODE_9558_length_1138_cov_8.278932	1138	35.85
GC1003827_F11_NODE_9559_length_1138_cov_7.613254	1138	36.47
GC1003827_F11_NODE_9560_length_1138_cov_6.803165	1138	33.13
GC1003827_F11_NODE_9561_length_1138_cov_6.707221	1138	30.40
GC1003827_F11_NODE_9562_length_1138_cov_5.322453	1138	35.24
GC1003827_F11_NODE_9563_length_1138_cov_5.165183	1138	30.40
GC1003827_F11_NODE_9564_length_1138_cov_4.439169	1138	60.98
GC1003827_F11_NODE_9565_length_1138_cov_4.186944	1138	36.56
GC1003827_F11_NODE_9566_length_1138_cov_3.316518	1138	31.90
GC1003827_F11_NODE_9567_length_1138_cov_3.204748	1138	30.76
GC1003827_F11_NODE_9568_length_1138_cov_2.919881	1138	31.46
GC1003827_F11_NODE_9569_length_1138_cov_2.854599	1138	34.71
GC1003827_F11_NODE_9570_length_1138_cov_2.623145	1138	33.04
GC1003827_F11_NODE_9571_length_1138_cov_2.421365	1138	32.69
GC1003827_F11_NODE_9572_length_1138_cov_2.408506	1138	30.14
GC1003827_F11_NODE_9573_length_1138_cov_2.276954	1138	55.89
GC1003827_F11_NODE_9574_length_1138_cov_1.951533	1138	33.04
GC1003827_F11_NODE_9575_length_1138_cov_1.269041	1138	36.38
GC1003827_F11_NODE_9576_length_1137_cov_6.993069	1137	36.59
GC1003827_F11_NODE_9577_length_1137_cov_6.859406	1137	56.38
GC1003827_F11_NODE_9578_length_1137_cov_5.885149	1137	30.87
GC1003827_F11_NODE_9579_length_1137_cov_5.192079	1137	30.87
GC1003827_F11_NODE_9580_length_1137_cov_4.063366	1137	31.84
GC1003827_F11_NODE_9581_length_1137_cov_3.969307	1137	36.41
GC1003827_F11_NODE_9582_length_1137_cov_1.905941	1137	32.45
GC1003827_F11_NODE_9583_length_1137_cov_1.278218	1137	52.68
GC1003827_F11_NODE_9584_length_1136_cov_39.079286	1136	39.35
GC1003827_F11_NODE_9585_length_1136_cov_22.226957	1136	36.18
GC1003827_F11_NODE_9586_length_1136_cov_12.097126	1136	33.89
GC1003827_F11_NODE_9587_length_1136_cov_9.468781	1136	37.68
GC1003827_F11_NODE_9588_length_1136_cov_9.262636	1136	33.98
GC1003827_F11_NODE_9589_length_1136_cov_9.222002	1136	40.49
GC1003827_F11_NODE_9590_length_1136_cov_8.716551	1136	41.29
GC1003827_F11_NODE_9591_length_1136_cov_7.137760	1136	33.63
GC1003827_F11_NODE_9592_length_1136_cov_5.878097	1136	32.31
GC1003827_F11_NODE_9593_length_1136_cov_5.862240	1136	29.23
GC1003827_F11_NODE_9594_length_1136_cov_3.420218	1136	36.44
GC1003827_F11_NODE_9595_length_1136_cov_3.145689	1136	35.83
GC1003827_F11_NODE_9596_length_1136_cov_2.647175	1136	30.11
GC1003827_F11_NODE_9597_length_1136_cov_2.179386	1136	32.04
GC1003827_F11_NODE_9598_length_1136_cov_1.379584	1136	36.80
GC1003827_F11_NODE_9599_length_1135_cov_44.787698	1135	41.50
GC1003827_F11_NODE_9600_length_1135_cov_12.655754	1135	44.32
GC1003827_F11_NODE_9601_length_1135_cov_10.435516	1135	38.94
GC1003827_F11_NODE_9602_length_1135_cov_8.749008	1135	62.20
GC1003827_F11_NODE_9603_length_1135_cov_6.966270	1135	38.06
GC1003827_F11_NODE_9604_length_1135_cov_4.910714	1135	34.19
GC1003827_F11_NODE_9605_length_1135_cov_4.273810	1135	33.92
GC1003827_F11_NODE_9606_length_1135_cov_2.762897	1135	41.85
GC1003827_F11_NODE_9607_length_1135_cov_2.480159	1135	29.87
GC1003827_F11_NODE_9608_length_1135_cov_2.470238	1135	36.21
GC1003827_F11_NODE_9609_length_1135_cov_2.336310	1135	55.51
GC1003827_F11_NODE_9610_length_1135_cov_1.834325	1135	29.87
GC1003827_F11_NODE_9611_length_1135_cov_1.435516	1135	28.02
GC1003827_F11_NODE_9612_length_1135_cov_1.326389	1135	35.68
GC1003827_F11_NODE_9613_length_1135_cov_0.696429	1135	35.86
GC1003827_F11_NODE_9614_length_1134_cov_27.223436	1134	37.30
GC1003827_F11_NODE_9615_length_1134_cov_6.941410	1134	38.36
GC1003827_F11_NODE_9616_length_1134_cov_4.668322	1134	34.92
GC1003827_F11_NODE_9617_length_1134_cov_4.488580	1134	33.69
GC1003827_F11_NODE_9618_length_1134_cov_4.172790	1134	54.06
GC1003827_F11_NODE_9619_length_1134_cov_4.129096	1134	30.86
GC1003827_F11_NODE_9620_length_1134_cov_3.952334	1134	36.51
GC1003827_F11_NODE_9621_length_1134_cov_3.936445	1134	32.89
GC1003827_F11_NODE_9622_length_1134_cov_3.615690	1134	31.04
GC1003827_F11_NODE_9623_length_1134_cov_3.347567	1134	38.89
GC1003827_F11_NODE_9624_length_1134_cov_3.136048	1134	41.18
GC1003827_F11_NODE_9625_length_1134_cov_2.660377	1134	29.72
GC1003827_F11_NODE_9626_length_1134_cov_2.251241	1134	62.61
GC1003827_F11_NODE_9627_length_1134_cov_2.013903	1134	61.02
GC1003827_F11_NODE_9628_length_1134_cov_1.911619	1134	34.13
GC1003827_F11_NODE_9629_length_1134_cov_1.885799	1134	28.40
GC1003827_F11_NODE_9630_length_1134_cov_1.336643	1134	28.48
GC1003827_F11_NODE_9631_length_1134_cov_1.241311	1134	31.04
GC1003827_F11_NODE_9632_length_1134_cov_0.958292	1134	29.10
GC1003827_F11_NODE_9633_length_1133_cov_6.487078	1133	67.43
GC1003827_F11_NODE_9634_length_1133_cov_5.419483	1133	35.39
GC1003827_F11_NODE_9635_length_1133_cov_5.123260	1133	36.72
GC1003827_F11_NODE_9636_length_1133_cov_5.011928	1133	33.80
GC1003827_F11_NODE_9637_length_1133_cov_4.507952	1133	32.66
GC1003827_F11_NODE_9638_length_1133_cov_4.116302	1133	32.04
GC1003827_F11_NODE_9639_length_1133_cov_3.966203	1133	32.22
GC1003827_F11_NODE_9640_length_1133_cov_3.887674	1133	28.07
GC1003827_F11_NODE_9641_length_1133_cov_3.039761	1133	39.63
GC1003827_F11_NODE_9642_length_1133_cov_2.852883	1133	34.60
GC1003827_F11_NODE_9643_length_1133_cov_2.688867	1133	32.22
GC1003827_F11_NODE_9644_length_1133_cov_2.411531	1133	33.80
GC1003827_F11_NODE_9645_length_1133_cov_1.973161	1133	34.33
GC1003827_F11_NODE_9646_length_1133_cov_1.963221	1133	31.69
GC1003827_F11_NODE_9647_length_1133_cov_1.734592	1133	29.57
GC1003827_F11_NODE_9648_length_1133_cov_1.563618	1133	38.83
GC1003827_F11_NODE_9649_length_1133_cov_0.532803	1133	36.28
GC1003827_F11_NODE_9650_length_1132_cov_9.411940	1132	36.13
GC1003827_F11_NODE_9651_length_1132_cov_8.706468	1132	39.40
GC1003827_F11_NODE_9652_length_1132_cov_8.374129	1132	57.24
GC1003827_F11_NODE_9653_length_1132_cov_5.966169	1132	35.60
GC1003827_F11_NODE_9654_length_1132_cov_5.474627	1132	36.13
GC1003827_F11_NODE_9655_length_1132_cov_5.181095	1132	38.52
GC1003827_F11_NODE_9656_length_1132_cov_4.996020	1132	41.34
GC1003827_F11_NODE_9657_length_1132_cov_3.300498	1132	32.69
GC1003827_F11_NODE_9658_length_1132_cov_2.524378	1132	56.71
GC1003827_F11_NODE_9659_length_1132_cov_2.279602	1132	30.30
GC1003827_F11_NODE_9660_length_1132_cov_2.224876	1132	31.10
GC1003827_F11_NODE_9661_length_1132_cov_1.682288	1132	32.24
GC1003827_F11_NODE_9662_length_1132_cov_1.591045	1132	32.07
GC1003827_F11_NODE_9663_length_1131_cov_10.575697	1131	36.07
GC1003827_F11_NODE_9664_length_1131_cov_10.098606	1131	35.72
GC1003827_F11_NODE_9665_length_1131_cov_6.191235	1131	37.58
GC1003827_F11_NODE_9666_length_1131_cov_5.904382	1131	33.42
GC1003827_F11_NODE_9667_length_1131_cov_5.329681	1131	33.78
GC1003827_F11_NODE_9668_length_1131_cov_4.375498	1131	30.68
GC1003827_F11_NODE_9669_length_1131_cov_3.930279	1131	32.27
GC1003827_F11_NODE_9670_length_1131_cov_3.638446	1131	54.29
GC1003827_F11_NODE_9671_length_1131_cov_2.276892	1131	32.01
GC1003827_F11_NODE_9672_length_1131_cov_1.993028	1131	36.78
GC1003827_F11_NODE_9673_length_1131_cov_1.241036	1131	30.77
GC1003827_F11_NODE_9674_length_1131_cov_1.144422	1131	35.37
GC1003827_F11_NODE_9675_length_1131_cov_1.142430	1131	68.44
GC1003827_F11_NODE_9676_length_1130_cov_18.206381	1130	43.81
GC1003827_F11_NODE_9677_length_1130_cov_14.375872	1130	35.84
GC1003827_F11_NODE_9678_length_1130_cov_13.928215	1130	44.51
GC1003827_F11_NODE_9679_length_1130_cov_8.666002	1130	32.04
GC1003827_F11_NODE_9680_length_1130_cov_4.420738	1130	37.35
GC1003827_F11_NODE_9681_length_1130_cov_4.148554	1130	34.96
GC1003827_F11_NODE_9682_length_1130_cov_3.090728	1130	41.59
GC1003827_F11_NODE_9683_length_1130_cov_2.875374	1130	35.31
GC1003827_F11_NODE_9684_length_1130_cov_2.588235	1130	29.91
GC1003827_F11_NODE_9685_length_1130_cov_2.446660	1130	32.92
GC1003827_F11_NODE_9686_length_1129_cov_25.125749	1129	36.85
GC1003827_F11_NODE_9687_length_1129_cov_12.924152	1129	34.10
GC1003827_F11_NODE_9688_length_1129_cov_12.597804	1129	38.26
GC1003827_F11_NODE_9689_length_1129_cov_11.515968	1129	32.86
GC1003827_F11_NODE_9690_length_1129_cov_6.728543	1129	33.75
GC1003827_F11_NODE_9691_length_1129_cov_5.913174	1129	35.96
GC1003827_F11_NODE_9692_length_1129_cov_5.297405	1129	37.47
GC1003827_F11_NODE_9693_length_1129_cov_4.098802	1129	40.12
GC1003827_F11_NODE_9694_length_1129_cov_3.413174	1129	35.96
GC1003827_F11_NODE_9695_length_1129_cov_2.589820	1129	38.18
GC1003827_F11_NODE_9696_length_1129_cov_2.161677	1129	31.44
GC1003827_F11_NODE_9697_length_1129_cov_2.121756	1129	36.05
GC1003827_F11_NODE_9698_length_1129_cov_1.922156	1129	32.86
GC1003827_F11_NODE_9699_length_1129_cov_1.727545	1129	34.90
GC1003827_F11_NODE_9700_length_1129_cov_1.545908	1129	39.68
GC1003827_F11_NODE_9701_length_1129_cov_1.540918	1129	32.51
GC1003827_F11_NODE_9702_length_1129_cov_1.164671	1129	31.09
GC1003827_F11_NODE_9703_length_1129_cov_1.150699	1129	60.05
GC1003827_F11_NODE_9704_length_1128_cov_21.042957	1128	35.64
GC1003827_F11_NODE_9705_length_1128_cov_11.834166	1128	40.43
GC1003827_F11_NODE_9706_length_1128_cov_9.697303	1128	33.42
GC1003827_F11_NODE_9707_length_1128_cov_7.067932	1128	34.75
GC1003827_F11_NODE_9708_length_1128_cov_4.848152	1128	57.98
GC1003827_F11_NODE_9709_length_1128_cov_4.435564	1128	34.31
GC1003827_F11_NODE_9710_length_1128_cov_3.838162	1128	36.08
GC1003827_F11_NODE_9711_length_1128_cov_3.496503	1128	35.11
GC1003827_F11_NODE_9712_length_1128_cov_3.367632	1128	36.70
GC1003827_F11_NODE_9713_length_1128_cov_3.038961	1128	33.95
GC1003827_F11_NODE_9714_length_1128_cov_2.500500	1128	42.11
GC1003827_F11_NODE_9715_length_1128_cov_2.023976	1128	29.26
GC1003827_F11_NODE_9716_length_1128_cov_1.168831	1128	25.62
GC1003827_F11_NODE_9717_length_1128_cov_1.000000	1128	35.55
GC1003827_F11_NODE_9718_length_1128_cov_0.945055	1128	30.76
GC1003827_F11_NODE_9719_length_1127_cov_15.625000	1127	36.65
GC1003827_F11_NODE_9720_length_1127_cov_10.214000	1127	29.55
GC1003827_F11_NODE_9721_length_1127_cov_6.393000	1127	34.07
GC1003827_F11_NODE_9722_length_1127_cov_5.794000	1127	38.69
GC1003827_F11_NODE_9723_length_1127_cov_5.367000	1127	35.40
GC1003827_F11_NODE_9724_length_1127_cov_4.194000	1127	35.94
GC1003827_F11_NODE_9725_length_1127_cov_3.708000	1127	39.93
GC1003827_F11_NODE_9726_length_1127_cov_3.658000	1127	38.33
GC1003827_F11_NODE_9727_length_1127_cov_2.673000	1127	32.65
GC1003827_F11_NODE_9728_length_1127_cov_1.178000	1127	32.12
GC1003827_F11_NODE_9729_length_1127_cov_1.177000	1127	33.19
GC1003827_F11_NODE_9730_length_1126_cov_9.495495	1126	31.44
GC1003827_F11_NODE_9731_length_1126_cov_6.675676	1126	38.72
GC1003827_F11_NODE_9732_length_1126_cov_6.203203	1126	30.11
GC1003827_F11_NODE_9733_length_1126_cov_4.221221	1126	32.50
GC1003827_F11_NODE_9734_length_1126_cov_3.716717	1126	30.02
GC1003827_F11_NODE_9735_length_1126_cov_3.558559	1126	34.28
GC1003827_F11_NODE_9736_length_1126_cov_2.533534	1126	32.24
GC1003827_F11_NODE_9737_length_1126_cov_1.467467	1126	32.15
GC1003827_F11_NODE_9738_length_1126_cov_1.401401	1126	32.50
GC1003827_F11_NODE_9739_length_1126_cov_1.377377	1126	28.06
GC1003827_F11_NODE_9740_length_1126_cov_0.768769	1126	28.69
GC1003827_F11_NODE_9741_length_1125_cov_15.686373	1125	27.82
GC1003827_F11_NODE_9742_length_1125_cov_13.186373	1125	37.24
GC1003827_F11_NODE_9743_length_1125_cov_10.426854	1125	37.87
GC1003827_F11_NODE_9744_length_1125_cov_7.104208	1125	38.04
GC1003827_F11_NODE_9745_length_1125_cov_5.594188	1125	32.09
GC1003827_F11_NODE_9746_length_1125_cov_3.947896	1125	44.44
GC1003827_F11_NODE_9747_length_1125_cov_3.855711	1125	34.84
GC1003827_F11_NODE_9748_length_1125_cov_3.481964	1125	35.73
GC1003827_F11_NODE_9749_length_1125_cov_2.254509	1125	31.56
GC1003827_F11_NODE_9750_length_1125_cov_1.932866	1125	30.76
GC1003827_F11_NODE_9751_length_1125_cov_1.419840	1125	28.36
GC1003827_F11_NODE_9752_length_1125_cov_1.105210	1125	61.42
GC1003827_F11_NODE_9753_length_1125_cov_0.925852	1125	31.11
GC1003827_F11_NODE_9754_length_1124_cov_86.321966	1124	48.67
GC1003827_F11_NODE_9755_length_1124_cov_13.300903	1124	34.34
GC1003827_F11_NODE_9756_length_1124_cov_7.957874	1124	32.21
GC1003827_F11_NODE_9757_length_1124_cov_7.809428	1124	33.36
GC1003827_F11_NODE_9758_length_1124_cov_7.211635	1124	34.43
GC1003827_F11_NODE_9759_length_1124_cov_6.608826	1124	31.76
GC1003827_F11_NODE_9760_length_1124_cov_4.769308	1124	27.14
GC1003827_F11_NODE_9761_length_1124_cov_4.497492	1124	36.57
GC1003827_F11_NODE_9762_length_1124_cov_4.229689	1124	31.41
GC1003827_F11_NODE_9763_length_1124_cov_4.055165	1124	30.87
GC1003827_F11_NODE_9764_length_1124_cov_3.582748	1124	40.48
GC1003827_F11_NODE_9765_length_1124_cov_3.141424	1124	31.94
GC1003827_F11_NODE_9766_length_1124_cov_2.490471	1124	30.52
GC1003827_F11_NODE_9767_length_1124_cov_1.463390	1124	31.67
GC1003827_F11_NODE_9768_length_1124_cov_0.975928	1124	30.69
GC1003827_F11_NODE_9769_length_1124_cov_0.669007	1124	37.72
GC1003827_F11_NODE_9770_length_1124_cov_0.610832	1124	61.92
GC1003827_F11_NODE_9771_length_1123_cov_11.068273	1123	34.46
GC1003827_F11_NODE_9772_length_1123_cov_9.112450	1123	37.31
GC1003827_F11_NODE_9773_length_1123_cov_8.977912	1123	34.46
GC1003827_F11_NODE_9774_length_1123_cov_7.636546	1123	36.78
GC1003827_F11_NODE_9775_length_1123_cov_6.650602	1123	30.99
GC1003827_F11_NODE_9776_length_1123_cov_6.352410	1123	34.19
GC1003827_F11_NODE_9777_length_1123_cov_5.596386	1123	33.84
GC1003827_F11_NODE_9778_length_1123_cov_5.263052	1123	37.13
GC1003827_F11_NODE_9779_length_1123_cov_5.114458	1123	35.89
GC1003827_F11_NODE_9780_length_1123_cov_5.063253	1123	31.17
GC1003827_F11_NODE_9781_length_1123_cov_4.684739	1123	36.42
GC1003827_F11_NODE_9782_length_1123_cov_4.658635	1123	31.17
GC1003827_F11_NODE_9783_length_1123_cov_4.416667	1123	27.78
GC1003827_F11_NODE_9784_length_1123_cov_4.300201	1123	33.93
GC1003827_F11_NODE_9785_length_1123_cov_3.805221	1123	35.53
GC1003827_F11_NODE_9786_length_1123_cov_3.022088	1123	30.54
GC1003827_F11_NODE_9787_length_1123_cov_3.002008	1123	63.76
GC1003827_F11_NODE_9788_length_1123_cov_2.618474	1123	34.73
GC1003827_F11_NODE_9789_length_1123_cov_2.369478	1123	29.92
GC1003827_F11_NODE_9790_length_1123_cov_2.168675	1123	35.71
GC1003827_F11_NODE_9791_length_1123_cov_2.125502	1123	31.43
GC1003827_F11_NODE_9792_length_1123_cov_1.802209	1123	34.02
GC1003827_F11_NODE_9793_length_1122_cov_19.746734	1122	38.15
GC1003827_F11_NODE_9794_length_1122_cov_14.986935	1122	60.52
GC1003827_F11_NODE_9795_length_1122_cov_11.184925	1122	36.45
GC1003827_F11_NODE_9796_length_1122_cov_5.558794	1122	35.83
GC1003827_F11_NODE_9797_length_1122_cov_5.498492	1122	31.55
GC1003827_F11_NODE_9798_length_1122_cov_5.484422	1122	40.64
GC1003827_F11_NODE_9799_length_1122_cov_5.260302	1122	32.35
GC1003827_F11_NODE_9800_length_1122_cov_4.983920	1122	36.99
GC1003827_F11_NODE_9801_length_1122_cov_3.831156	1122	32.35
GC1003827_F11_NODE_9802_length_1122_cov_3.698492	1122	34.40
GC1003827_F11_NODE_9803_length_1122_cov_2.773869	1122	33.33
GC1003827_F11_NODE_9804_length_1122_cov_2.502513	1122	30.93
GC1003827_F11_NODE_9805_length_1122_cov_2.103518	1122	36.36
GC1003827_F11_NODE_9806_length_1122_cov_1.990955	1122	31.19
GC1003827_F11_NODE_9807_length_1122_cov_1.758794	1122	37.97
GC1003827_F11_NODE_9808_length_1122_cov_1.683417	1122	31.73
GC1003827_F11_NODE_9809_length_1122_cov_1.412060	1122	30.75
GC1003827_F11_NODE_9810_length_1122_cov_1.169849	1122	31.11
GC1003827_F11_NODE_9811_length_1121_cov_10.864185	1121	47.64
GC1003827_F11_NODE_9812_length_1121_cov_10.448692	1121	34.34
GC1003827_F11_NODE_9813_length_1121_cov_8.566398	1121	35.24
GC1003827_F11_NODE_9814_length_1121_cov_7.840040	1121	32.02
GC1003827_F11_NODE_9815_length_1121_cov_6.085513	1121	32.20
GC1003827_F11_NODE_9816_length_1121_cov_4.944668	1121	60.21
GC1003827_F11_NODE_9817_length_1121_cov_3.669014	1121	40.86
GC1003827_F11_NODE_9818_length_1121_cov_2.175050	1121	60.84
GC1003827_F11_NODE_9819_length_1121_cov_2.072435	1121	29.88
GC1003827_F11_NODE_9820_length_1121_cov_0.932596	1121	38.36
GC1003827_F11_NODE_9821_length_1121_cov_0.806841	1121	29.97
GC1003827_F11_NODE_9822_length_1120_cov_27.975831	1120	60.54
GC1003827_F11_NODE_9823_length_1120_cov_19.243706	1120	37.23
GC1003827_F11_NODE_9824_length_1120_cov_16.372608	1120	32.41
GC1003827_F11_NODE_9825_length_1120_cov_16.327291	1120	37.59
GC1003827_F11_NODE_9826_length_1120_cov_13.504532	1120	39.46
GC1003827_F11_NODE_9827_length_1120_cov_8.706949	1120	33.30
GC1003827_F11_NODE_9828_length_1120_cov_8.529708	1120	33.75
GC1003827_F11_NODE_9829_length_1120_cov_5.645519	1120	30.98
GC1003827_F11_NODE_9830_length_1120_cov_4.465257	1120	57.95
GC1003827_F11_NODE_9831_length_1120_cov_3.921450	1120	31.16
GC1003827_F11_NODE_9832_length_1120_cov_2.329305	1120	62.14
GC1003827_F11_NODE_9833_length_1120_cov_2.295065	1120	37.77
GC1003827_F11_NODE_9834_length_1120_cov_1.913394	1120	34.20
GC1003827_F11_NODE_9835_length_1120_cov_1.800604	1120	31.79
GC1003827_F11_NODE_9836_length_1120_cov_1.546828	1120	36.61
GC1003827_F11_NODE_9837_length_1119_cov_9.293347	1119	32.44
GC1003827_F11_NODE_9838_length_1119_cov_7.398185	1119	39.05
GC1003827_F11_NODE_9839_length_1119_cov_5.291331	1119	38.25
GC1003827_F11_NODE_9840_length_1119_cov_4.659274	1119	34.76
GC1003827_F11_NODE_9841_length_1119_cov_4.101815	1119	31.55
GC1003827_F11_NODE_9842_length_1119_cov_3.663306	1119	32.35
GC1003827_F11_NODE_9843_length_1119_cov_1.925403	1119	31.64
GC1003827_F11_NODE_9844_length_1119_cov_1.798387	1119	35.12
GC1003827_F11_NODE_9845_length_1119_cov_1.567540	1119	36.55
GC1003827_F11_NODE_9846_length_1119_cov_1.152218	1119	31.46
GC1003827_F11_NODE_9847_length_1118_cov_11.060545	1118	32.47
GC1003827_F11_NODE_9848_length_1118_cov_3.793138	1118	63.51
GC1003827_F11_NODE_9849_length_1118_cov_3.553986	1118	32.92
GC1003827_F11_NODE_9850_length_1118_cov_3.247225	1118	33.54
GC1003827_F11_NODE_9851_length_1118_cov_3.179617	1118	27.73
GC1003827_F11_NODE_9852_length_1118_cov_3.022200	1118	32.20
GC1003827_F11_NODE_9853_length_1118_cov_2.880928	1118	36.67
GC1003827_F11_NODE_9854_length_1118_cov_2.590313	1118	62.25
GC1003827_F11_NODE_9855_length_1118_cov_2.095863	1118	33.09
GC1003827_F11_NODE_9856_length_1118_cov_1.937437	1118	29.43
GC1003827_F11_NODE_9857_length_1118_cov_1.418769	1118	30.41
GC1003827_F11_NODE_9858_length_1118_cov_0.890010	1118	35.42
GC1003827_F11_NODE_9859_length_1117_cov_40.324242	1117	38.41
GC1003827_F11_NODE_9860_length_1117_cov_23.483838	1117	34.65
GC1003827_F11_NODE_9861_length_1117_cov_14.724242	1117	38.76
GC1003827_F11_NODE_9862_length_1117_cov_11.862626	1117	40.73
GC1003827_F11_NODE_9863_length_1117_cov_11.477778	1117	35.36
GC1003827_F11_NODE_9864_length_1117_cov_4.959596	1117	34.65
GC1003827_F11_NODE_9865_length_1117_cov_4.595960	1117	32.95
GC1003827_F11_NODE_9866_length_1117_cov_3.390909	1117	30.08
GC1003827_F11_NODE_9867_length_1117_cov_3.320202	1117	31.78
GC1003827_F11_NODE_9868_length_1117_cov_1.677778	1117	28.74
GC1003827_F11_NODE_9869_length_1117_cov_1.518182	1117	65.44
GC1003827_F11_NODE_9870_length_1117_cov_1.445455	1117	31.51
GC1003827_F11_NODE_9871_length_1117_cov_1.235354	1117	29.19
GC1003827_F11_NODE_9872_length_1117_cov_0.824242	1117	32.23
GC1003827_F11_NODE_9873_length_1116_cov_26.850354	1116	37.19
GC1003827_F11_NODE_9874_length_1116_cov_7.953488	1116	33.42
GC1003827_F11_NODE_9875_length_1116_cov_6.944388	1116	31.81
GC1003827_F11_NODE_9876_length_1116_cov_6.485339	1116	53.67
GC1003827_F11_NODE_9877_length_1116_cov_5.503539	1116	33.69
GC1003827_F11_NODE_9878_length_1116_cov_4.893832	1116	30.02
GC1003827_F11_NODE_9879_length_1116_cov_3.176946	1116	36.74
GC1003827_F11_NODE_9880_length_1116_cov_2.952477	1116	34.77
GC1003827_F11_NODE_9881_length_1116_cov_2.295248	1116	35.93
GC1003827_F11_NODE_9882_length_1116_cov_2.133468	1116	32.71
GC1003827_F11_NODE_9883_length_1116_cov_2.122346	1116	37.81
GC1003827_F11_NODE_9884_length_1116_cov_1.882710	1116	27.69
GC1003827_F11_NODE_9885_length_1116_cov_1.802831	1116	32.17
GC1003827_F11_NODE_9886_length_1116_cov_1.628918	1116	34.14
GC1003827_F11_NODE_9887_length_1116_cov_1.596562	1116	33.51
GC1003827_F11_NODE_9888_length_1116_cov_0.762386	1116	29.30
GC1003827_F11_NODE_9889_length_1115_cov_31.483806	1115	34.98
GC1003827_F11_NODE_9890_length_1115_cov_13.410931	1115	31.84
GC1003827_F11_NODE_9891_length_1115_cov_9.058704	1115	37.22
GC1003827_F11_NODE_9892_length_1115_cov_8.524291	1115	36.86
GC1003827_F11_NODE_9893_length_1115_cov_7.986842	1115	34.62
GC1003827_F11_NODE_9894_length_1115_cov_5.421053	1115	30.94
GC1003827_F11_NODE_9895_length_1115_cov_4.977733	1115	40.18
GC1003827_F11_NODE_9896_length_1115_cov_4.686235	1115	30.67
GC1003827_F11_NODE_9897_length_1115_cov_4.679150	1115	30.13
GC1003827_F11_NODE_9898_length_1115_cov_4.411943	1115	37.94
GC1003827_F11_NODE_9899_length_1115_cov_3.756073	1115	36.23
GC1003827_F11_NODE_9900_length_1115_cov_3.552632	1115	32.65
GC1003827_F11_NODE_9901_length_1115_cov_3.514170	1115	29.06
GC1003827_F11_NODE_9902_length_1115_cov_3.200405	1115	31.12
GC1003827_F11_NODE_9903_length_1115_cov_2.920040	1115	33.99
GC1003827_F11_NODE_9904_length_1115_cov_2.648785	1115	32.83
GC1003827_F11_NODE_9905_length_1115_cov_2.331984	1115	30.94
GC1003827_F11_NODE_9906_length_1115_cov_1.784413	1115	36.23
GC1003827_F11_NODE_9907_length_1115_cov_1.765182	1115	35.78
GC1003827_F11_NODE_9908_length_1115_cov_1.713563	1115	29.33
GC1003827_F11_NODE_9909_length_1114_cov_38.910841	1114	37.97
GC1003827_F11_NODE_9910_length_1114_cov_34.389058	1114	43.18
GC1003827_F11_NODE_9911_length_1114_cov_25.000000	1114	34.74
GC1003827_F11_NODE_9912_length_1114_cov_12.017224	1114	33.39
GC1003827_F11_NODE_9913_length_1114_cov_4.990881	1114	35.01
GC1003827_F11_NODE_9914_length_1114_cov_4.655522	1114	34.20
GC1003827_F11_NODE_9915_length_1114_cov_3.783181	1114	34.56
GC1003827_F11_NODE_9916_length_1114_cov_3.715299	1114	57.54
GC1003827_F11_NODE_9917_length_1114_cov_3.456940	1114	33.21
GC1003827_F11_NODE_9918_length_1114_cov_3.236069	1114	30.97
GC1003827_F11_NODE_9919_length_1114_cov_3.189463	1114	31.51
GC1003827_F11_NODE_9920_length_1114_cov_3.108409	1114	35.28
GC1003827_F11_NODE_9921_length_1114_cov_2.026342	1114	31.24
GC1003827_F11_NODE_9922_length_1114_cov_1.185410	1114	38.33
GC1003827_F11_NODE_9923_length_1114_cov_0.669706	1114	33.48
GC1003827_F11_NODE_9924_length_1113_cov_47.168357	1113	33.78
GC1003827_F11_NODE_9925_length_1113_cov_27.452333	1113	32.43
GC1003827_F11_NODE_9926_length_1113_cov_16.205882	1113	34.23
GC1003827_F11_NODE_9927_length_1113_cov_4.267748	1113	36.21
GC1003827_F11_NODE_9928_length_1113_cov_3.906694	1113	34.77
GC1003827_F11_NODE_9929_length_1113_cov_3.244422	1113	34.41
GC1003827_F11_NODE_9930_length_1113_cov_2.877282	1113	35.58
GC1003827_F11_NODE_9931_length_1113_cov_2.512170	1113	29.56
GC1003827_F11_NODE_9932_length_1113_cov_2.396552	1113	31.63
GC1003827_F11_NODE_9933_length_1113_cov_1.915822	1113	34.14
GC1003827_F11_NODE_9934_length_1113_cov_1.589249	1113	30.55
GC1003827_F11_NODE_9935_length_1113_cov_1.479716	1113	29.56
GC1003827_F11_NODE_9936_length_1113_cov_1.288032	1113	30.55
GC1003827_F11_NODE_9937_length_1113_cov_1.206897	1113	31.72
GC1003827_F11_NODE_9938_length_1112_cov_18.152284	1112	39.93
GC1003827_F11_NODE_9939_length_1112_cov_10.321827	1112	37.14
GC1003827_F11_NODE_9940_length_1112_cov_10.271066	1112	34.26
GC1003827_F11_NODE_9941_length_1112_cov_9.646701	1112	33.45
GC1003827_F11_NODE_9942_length_1112_cov_9.602030	1112	33.27
GC1003827_F11_NODE_9943_length_1112_cov_9.016244	1112	33.27
GC1003827_F11_NODE_9944_length_1112_cov_8.884264	1112	34.44
GC1003827_F11_NODE_9945_length_1112_cov_7.289340	1112	36.51
GC1003827_F11_NODE_9946_length_1112_cov_6.695431	1112	33.81
GC1003827_F11_NODE_9947_length_1112_cov_6.053807	1112	31.83
GC1003827_F11_NODE_9948_length_1112_cov_5.458883	1112	32.28
GC1003827_F11_NODE_9949_length_1112_cov_4.024365	1112	32.37
GC1003827_F11_NODE_9950_length_1112_cov_3.646701	1112	35.25
GC1003827_F11_NODE_9951_length_1112_cov_3.441624	1112	28.87
GC1003827_F11_NODE_9952_length_1112_cov_3.209137	1112	30.94
GC1003827_F11_NODE_9953_length_1112_cov_3.004061	1112	34.17
GC1003827_F11_NODE_9954_length_1112_cov_2.693401	1112	37.41
GC1003827_F11_NODE_9955_length_1112_cov_2.427411	1112	33.90
GC1003827_F11_NODE_9956_length_1112_cov_2.327919	1112	31.03
GC1003827_F11_NODE_9957_length_1112_cov_1.534010	1112	30.85
GC1003827_F11_NODE_9958_length_1112_cov_1.189848	1112	32.91
GC1003827_F11_NODE_9959_length_1112_cov_0.784772	1112	59.71
GC1003827_F11_NODE_9960_length_1111_cov_24.279472	1111	46.35
GC1003827_F11_NODE_9961_length_1111_cov_10.892276	1111	35.64
GC1003827_F11_NODE_9962_length_1111_cov_7.087398	1111	35.01
GC1003827_F11_NODE_9963_length_1111_cov_6.586382	1111	33.12
GC1003827_F11_NODE_9964_length_1111_cov_6.527439	1111	35.37
GC1003827_F11_NODE_9965_length_1111_cov_5.290650	1111	36.81
GC1003827_F11_NODE_9966_length_1111_cov_3.369919	1111	31.41
GC1003827_F11_NODE_9967_length_1111_cov_2.338415	1111	36.54
GC1003827_F11_NODE_9968_length_1111_cov_1.641260	1111	44.28
GC1003827_F11_NODE_9969_length_1110_cov_14.443540	1110	33.24
GC1003827_F11_NODE_9970_length_1110_cov_14.102747	1110	38.11
GC1003827_F11_NODE_9971_length_1110_cov_7.926755	1110	30.63
GC1003827_F11_NODE_9972_length_1110_cov_7.471007	1110	32.34
GC1003827_F11_NODE_9973_length_1110_cov_7.021363	1110	36.76
GC1003827_F11_NODE_9974_length_1110_cov_6.620549	1110	34.23
GC1003827_F11_NODE_9975_length_1110_cov_5.803662	1110	36.40
GC1003827_F11_NODE_9976_length_1110_cov_5.119023	1110	38.29
GC1003827_F11_NODE_9977_length_1110_cov_4.632757	1110	32.34
GC1003827_F11_NODE_9978_length_1110_cov_4.574771	1110	34.23
GC1003827_F11_NODE_9979_length_1110_cov_3.778230	1110	31.89
GC1003827_F11_NODE_9980_length_1110_cov_3.699898	1110	31.53
GC1003827_F11_NODE_9981_length_1110_cov_3.140387	1110	36.94
GC1003827_F11_NODE_9982_length_1110_cov_1.988810	1110	30.36
GC1003827_F11_NODE_9983_length_1110_cov_1.708037	1110	49.01
GC1003827_F11_NODE_9984_length_1110_cov_0.499491	1110	31.44
GC1003827_F11_NODE_9985_length_1109_cov_42.091650	1109	37.42
GC1003827_F11_NODE_9986_length_1109_cov_15.806517	1109	36.16
GC1003827_F11_NODE_9987_length_1109_cov_10.118126	1109	35.26
GC1003827_F11_NODE_9988_length_1109_cov_9.576375	1109	54.01
GC1003827_F11_NODE_9989_length_1109_cov_8.992872	1109	34.27
GC1003827_F11_NODE_9990_length_1109_cov_5.909369	1109	33.81
GC1003827_F11_NODE_9991_length_1109_cov_5.712831	1109	31.83
GC1003827_F11_NODE_9992_length_1109_cov_5.025458	1109	32.46
GC1003827_F11_NODE_9993_length_1109_cov_3.743381	1109	32.37
GC1003827_F11_NODE_9994_length_1109_cov_2.398167	1109	39.95
GC1003827_F11_NODE_9995_length_1109_cov_2.256619	1109	35.17
GC1003827_F11_NODE_9996_length_1109_cov_2.235234	1109	32.82
GC1003827_F11_NODE_9997_length_1109_cov_2.163951	1109	35.08
GC1003827_F11_NODE_9998_length_1109_cov_2.154786	1109	32.28
GC1003827_F11_NODE_9999_length_1109_cov_1.893075	1109	35.17
GC1003827_F11_NODE_10000_length_1109_cov_1.798371	1109	30.75
GC1003827_F11_NODE_10001_length_1109_cov_1.309572	1109	53.11
GC1003827_F11_NODE_10002_length_1108_cov_12.354740	1108	36.55
GC1003827_F11_NODE_10003_length_1108_cov_12.256881	1108	40.25
GC1003827_F11_NODE_10004_length_1108_cov_11.131498	1108	36.10
GC1003827_F11_NODE_10005_length_1108_cov_9.666667	1108	37.45
GC1003827_F11_NODE_10006_length_1108_cov_7.707441	1108	33.21
GC1003827_F11_NODE_10007_length_1108_cov_7.508665	1108	32.40
GC1003827_F11_NODE_10008_length_1108_cov_6.738022	1108	39.62
GC1003827_F11_NODE_10009_length_1108_cov_6.435270	1108	37.00
GC1003827_F11_NODE_10010_length_1108_cov_6.145770	1108	34.12
GC1003827_F11_NODE_10011_length_1108_cov_5.602446	1108	53.52
GC1003827_F11_NODE_10012_length_1108_cov_5.075433	1108	38.18
GC1003827_F11_NODE_10013_length_1108_cov_5.050968	1108	32.94
GC1003827_F11_NODE_10014_length_1108_cov_4.438328	1108	53.43
GC1003827_F11_NODE_10015_length_1108_cov_4.079511	1108	36.55
GC1003827_F11_NODE_10016_length_1108_cov_3.763507	1108	28.97
GC1003827_F11_NODE_10017_length_1108_cov_3.732926	1108	32.94
GC1003827_F11_NODE_10018_length_1108_cov_3.367992	1108	62.64
GC1003827_F11_NODE_10019_length_1108_cov_2.778797	1108	35.92
GC1003827_F11_NODE_10020_length_1108_cov_2.626911	1108	35.02
GC1003827_F11_NODE_10021_length_1108_cov_1.979613	1108	31.14
GC1003827_F11_NODE_10022_length_1108_cov_1.672783	1108	60.29
GC1003827_F11_NODE_10023_length_1108_cov_1.179409	1108	33.94
GC1003827_F11_NODE_10024_length_1108_cov_0.603466	1108	30.51
GC1003827_F11_NODE_10025_length_1107_cov_18.391837	1107	42.19
GC1003827_F11_NODE_10026_length_1107_cov_11.629592	1107	32.25
GC1003827_F11_NODE_10027_length_1107_cov_9.138776	1107	43.72
GC1003827_F11_NODE_10028_length_1107_cov_8.459184	1107	39.39
GC1003827_F11_NODE_10029_length_1107_cov_6.548980	1107	39.84
GC1003827_F11_NODE_10030_length_1107_cov_6.165306	1107	39.84
GC1003827_F11_NODE_10031_length_1107_cov_5.473469	1107	32.43
GC1003827_F11_NODE_10032_length_1107_cov_5.335714	1107	34.33
GC1003827_F11_NODE_10033_length_1107_cov_5.105102	1107	33.06
GC1003827_F11_NODE_10034_length_1107_cov_5.098980	1107	38.57
GC1003827_F11_NODE_10035_length_1107_cov_3.689796	1107	42.37
GC1003827_F11_NODE_10036_length_1107_cov_3.375510	1107	33.33
GC1003827_F11_NODE_10037_length_1107_cov_2.969388	1107	31.44
GC1003827_F11_NODE_10038_length_1107_cov_2.894898	1107	34.96
GC1003827_F11_NODE_10039_length_1107_cov_2.878571	1107	32.97
GC1003827_F11_NODE_10040_length_1107_cov_2.553061	1107	34.06
GC1003827_F11_NODE_10041_length_1107_cov_2.531633	1107	32.88
GC1003827_F11_NODE_10042_length_1107_cov_1.772449	1107	33.33
GC1003827_F11_NODE_10043_length_1107_cov_1.508163	1107	29.81
GC1003827_F11_NODE_10044_length_1107_cov_1.481633	1107	35.41
GC1003827_F11_NODE_10045_length_1107_cov_0.881633	1107	36.59
GC1003827_F11_NODE_10046_length_1107_cov_0.556122	1107	39.39
GC1003827_F11_NODE_10047_length_1106_cov_21.612870	1106	40.42
GC1003827_F11_NODE_10048_length_1106_cov_11.774259	1106	36.17
GC1003827_F11_NODE_10049_length_1106_cov_8.551583	1106	32.01
GC1003827_F11_NODE_10050_length_1106_cov_5.265577	1106	30.92
GC1003827_F11_NODE_10051_length_1106_cov_4.825332	1106	32.37
GC1003827_F11_NODE_10052_length_1106_cov_3.910112	1106	31.01
GC1003827_F11_NODE_10053_length_1106_cov_2.324821	1106	29.57
GC1003827_F11_NODE_10054_length_1106_cov_1.951992	1106	32.91
GC1003827_F11_NODE_10055_length_1106_cov_1.557712	1106	31.28
GC1003827_F11_NODE_10056_length_1106_cov_0.470889	1106	37.25
GC1003827_F11_NODE_10057_length_1105_cov_13.995910	1105	34.84
GC1003827_F11_NODE_10058_length_1105_cov_13.575665	1105	41.36
GC1003827_F11_NODE_10059_length_1105_cov_11.329243	1105	48.60
GC1003827_F11_NODE_10060_length_1105_cov_10.122699	1105	35.48
GC1003827_F11_NODE_10061_length_1105_cov_9.651329	1105	31.31
GC1003827_F11_NODE_10062_length_1105_cov_7.050102	1105	33.39
GC1003827_F11_NODE_10063_length_1105_cov_7.003067	1105	35.93
GC1003827_F11_NODE_10064_length_1105_cov_6.113497	1105	34.21
GC1003827_F11_NODE_10065_length_1105_cov_5.329243	1105	34.93
GC1003827_F11_NODE_10066_length_1105_cov_4.952965	1105	33.94
GC1003827_F11_NODE_10067_length_1105_cov_4.822086	1105	35.48
GC1003827_F11_NODE_10068_length_1105_cov_4.532720	1105	31.31
GC1003827_F11_NODE_10069_length_1105_cov_4.487730	1105	34.48
GC1003827_F11_NODE_10070_length_1105_cov_3.266871	1105	36.38
GC1003827_F11_NODE_10071_length_1105_cov_2.539877	1105	33.30
GC1003827_F11_NODE_10072_length_1105_cov_2.482618	1105	34.30
GC1003827_F11_NODE_10073_length_1105_cov_2.369121	1105	36.56
GC1003827_F11_NODE_10074_length_1105_cov_2.233129	1105	30.86
GC1003827_F11_NODE_10075_length_1105_cov_1.845603	1105	35.66
GC1003827_F11_NODE_10076_length_1105_cov_0.880368	1105	37.38
GC1003827_F11_NODE_10077_length_1104_cov_35.016377	1104	41.03
GC1003827_F11_NODE_10078_length_1104_cov_18.496418	1104	34.51
GC1003827_F11_NODE_10079_length_1104_cov_17.843398	1104	33.97
GC1003827_F11_NODE_10080_length_1104_cov_14.200614	1104	35.14
GC1003827_F11_NODE_10081_length_1104_cov_10.667349	1104	37.68
GC1003827_F11_NODE_10082_length_1104_cov_9.646878	1104	32.79
GC1003827_F11_NODE_10083_length_1104_cov_8.305015	1104	36.50
GC1003827_F11_NODE_10084_length_1104_cov_6.329580	1104	36.05
GC1003827_F11_NODE_10085_length_1104_cov_5.603889	1104	32.70
GC1003827_F11_NODE_10086_length_1104_cov_3.456499	1104	66.49
GC1003827_F11_NODE_10087_length_1104_cov_3.241556	1104	34.60
GC1003827_F11_NODE_10088_length_1104_cov_2.883316	1104	32.43
GC1003827_F11_NODE_10089_length_1104_cov_2.834186	1104	29.53
GC1003827_F11_NODE_10090_length_1104_cov_2.457523	1104	54.98
GC1003827_F11_NODE_10091_length_1104_cov_2.060389	1104	51.36
GC1003827_F11_NODE_10092_length_1104_cov_2.057318	1104	30.07
GC1003827_F11_NODE_10093_length_1104_cov_1.945752	1104	33.51
GC1003827_F11_NODE_10094_length_1104_cov_1.336745	1104	30.34
GC1003827_F11_NODE_10095_length_1104_cov_1.010235	1104	69.66
GC1003827_F11_NODE_10096_length_1104_cov_1.004094	1104	30.25
GC1003827_F11_NODE_10097_length_1103_cov_19.427254	1103	37.72
GC1003827_F11_NODE_10098_length_1103_cov_11.188525	1103	32.64
GC1003827_F11_NODE_10099_length_1103_cov_11.091189	1103	35.81
GC1003827_F11_NODE_10100_length_1103_cov_10.590164	1103	44.33
GC1003827_F11_NODE_10101_length_1103_cov_9.419057	1103	40.71
GC1003827_F11_NODE_10102_length_1103_cov_3.696721	1103	35.81
GC1003827_F11_NODE_10103_length_1103_cov_3.687500	1103	30.64
GC1003827_F11_NODE_10104_length_1103_cov_2.969262	1103	38.53
GC1003827_F11_NODE_10105_length_1103_cov_2.424180	1103	29.19
GC1003827_F11_NODE_10106_length_1103_cov_2.258197	1103	36.99
GC1003827_F11_NODE_10107_length_1103_cov_2.200820	1103	53.13
GC1003827_F11_NODE_10108_length_1103_cov_1.726434	1103	51.13
GC1003827_F11_NODE_10109_length_1103_cov_1.299180	1103	32.28
GC1003827_F11_NODE_10110_length_1102_cov_16.690256	1102	38.66
GC1003827_F11_NODE_10111_length_1102_cov_12.342564	1102	37.39
GC1003827_F11_NODE_10112_length_1102_cov_9.375385	1102	67.24
GC1003827_F11_NODE_10113_length_1102_cov_6.910769	1102	36.21
GC1003827_F11_NODE_10114_length_1102_cov_5.849231	1102	39.20
GC1003827_F11_NODE_10115_length_1102_cov_5.708718	1102	32.03
GC1003827_F11_NODE_10116_length_1102_cov_4.493333	1102	39.93
GC1003827_F11_NODE_10117_length_1102_cov_3.686154	1102	61.34
GC1003827_F11_NODE_10118_length_1102_cov_3.654359	1102	38.29
GC1003827_F11_NODE_10119_length_1102_cov_2.582564	1102	37.11
GC1003827_F11_NODE_10120_length_1102_cov_2.539487	1102	32.94
GC1003827_F11_NODE_10121_length_1102_cov_1.907692	1102	31.67
GC1003827_F11_NODE_10122_length_1102_cov_1.704615	1102	33.21
GC1003827_F11_NODE_10123_length_1102_cov_1.629744	1102	31.03
GC1003827_F11_NODE_10124_length_1102_cov_1.531282	1102	35.57
GC1003827_F11_NODE_10125_length_1102_cov_1.487179	1102	30.76
GC1003827_F11_NODE_10126_length_1102_cov_0.752821	1102	31.49
GC1003827_F11_NODE_10127_length_1101_cov_26.319302	1101	34.97
GC1003827_F11_NODE_10128_length_1101_cov_18.799795	1101	41.69
GC1003827_F11_NODE_10129_length_1101_cov_9.158111	1101	31.34
GC1003827_F11_NODE_10130_length_1101_cov_7.222793	1101	36.78
GC1003827_F11_NODE_10131_length_1101_cov_5.866530	1101	46.68
GC1003827_F11_NODE_10132_length_1101_cov_5.749487	1101	40.15
GC1003827_F11_NODE_10133_length_1101_cov_5.434292	1101	36.78
GC1003827_F11_NODE_10134_length_1101_cov_5.009240	1101	54.04
GC1003827_F11_NODE_10135_length_1101_cov_4.848049	1101	33.24
GC1003827_F11_NODE_10136_length_1101_cov_4.490760	1101	32.15
GC1003827_F11_NODE_10137_length_1101_cov_3.696099	1101	34.51
GC1003827_F11_NODE_10138_length_1101_cov_3.516427	1101	58.13
GC1003827_F11_NODE_10139_length_1101_cov_3.396304	1101	37.97
GC1003827_F11_NODE_10140_length_1101_cov_2.633470	1101	39.60
GC1003827_F11_NODE_10141_length_1101_cov_2.275154	1101	32.06
GC1003827_F11_NODE_10142_length_1101_cov_2.244353	1101	36.60
GC1003827_F11_NODE_10143_length_1101_cov_1.658111	1101	32.33
GC1003827_F11_NODE_10144_length_1101_cov_0.841889	1101	28.52
GC1003827_F11_NODE_10145_length_1100_cov_17.641316	1100	34.82
GC1003827_F11_NODE_10146_length_1100_cov_6.221994	1100	33.73
GC1003827_F11_NODE_10147_length_1100_cov_5.114080	1100	38.18
GC1003827_F11_NODE_10148_length_1100_cov_4.630010	1100	32.09
GC1003827_F11_NODE_10149_length_1100_cov_4.403905	1100	35.36
GC1003827_F11_NODE_10150_length_1100_cov_3.833505	1100	33.82
GC1003827_F11_NODE_10151_length_1100_cov_3.439877	1100	37.27
GC1003827_F11_NODE_10152_length_1100_cov_2.995889	1100	37.18
GC1003827_F11_NODE_10153_length_1100_cov_2.607400	1100	32.00
GC1003827_F11_NODE_10154_length_1100_cov_2.536485	1100	29.55
GC1003827_F11_NODE_10155_length_1100_cov_2.443988	1100	37.55
GC1003827_F11_NODE_10156_length_1100_cov_2.231244	1100	43.45
GC1003827_F11_NODE_10157_length_1100_cov_2.020555	1100	36.00
GC1003827_F11_NODE_10158_length_1100_cov_1.640288	1100	31.73
GC1003827_F11_NODE_10159_length_1100_cov_1.508736	1100	29.91
GC1003827_F11_NODE_10160_length_1099_cov_13.467078	1099	40.58
GC1003827_F11_NODE_10161_length_1099_cov_7.727366	1099	36.21
GC1003827_F11_NODE_10162_length_1099_cov_6.251029	1099	34.49
GC1003827_F11_NODE_10163_length_1099_cov_6.068930	1099	31.67
GC1003827_F11_NODE_10164_length_1099_cov_5.839506	1099	57.23
GC1003827_F11_NODE_10165_length_1099_cov_5.087449	1099	36.40
GC1003827_F11_NODE_10166_length_1099_cov_4.631687	1099	36.58
GC1003827_F11_NODE_10167_length_1099_cov_4.087449	1099	32.94
GC1003827_F11_NODE_10168_length_1099_cov_3.981481	1099	33.67
GC1003827_F11_NODE_10169_length_1099_cov_1.939300	1099	33.67
GC1003827_F11_NODE_10170_length_1099_cov_1.483539	1099	28.39
GC1003827_F11_NODE_10171_length_1099_cov_1.466049	1099	34.76
GC1003827_F11_NODE_10172_length_1099_cov_0.452675	1099	29.66
GC1003827_F11_NODE_10173_length_1098_cov_28.847580	1098	31.33
GC1003827_F11_NODE_10174_length_1098_cov_15.708548	1098	35.52
GC1003827_F11_NODE_10175_length_1098_cov_13.289392	1098	33.42
GC1003827_F11_NODE_10176_length_1098_cov_9.732235	1098	39.16
GC1003827_F11_NODE_10177_length_1098_cov_7.648816	1098	34.15
GC1003827_F11_NODE_10178_length_1098_cov_3.946447	1098	30.60
GC1003827_F11_NODE_10179_length_1098_cov_3.712667	1098	31.33
GC1003827_F11_NODE_10180_length_1098_cov_2.926880	1098	33.52
GC1003827_F11_NODE_10181_length_1098_cov_2.709578	1098	32.42
GC1003827_F11_NODE_10182_length_1098_cov_1.718847	1098	31.60
GC1003827_F11_NODE_10183_length_1098_cov_1.363543	1098	30.33
GC1003827_F11_NODE_10184_length_1097_cov_10.624742	1097	35.64
GC1003827_F11_NODE_10185_length_1097_cov_9.644330	1097	33.73
GC1003827_F11_NODE_10186_length_1097_cov_9.574227	1097	32.36
GC1003827_F11_NODE_10187_length_1097_cov_8.390722	1097	37.92
GC1003827_F11_NODE_10188_length_1097_cov_6.865979	1097	32.00
GC1003827_F11_NODE_10189_length_1097_cov_6.482474	1097	32.54
GC1003827_F11_NODE_10190_length_1097_cov_5.601031	1097	55.70
GC1003827_F11_NODE_10191_length_1097_cov_5.575258	1097	34.37
GC1003827_F11_NODE_10192_length_1097_cov_5.271134	1097	35.82
GC1003827_F11_NODE_10193_length_1097_cov_4.861856	1097	36.83
GC1003827_F11_NODE_10194_length_1097_cov_4.578351	1097	44.48
GC1003827_F11_NODE_10195_length_1097_cov_4.136082	1097	32.00
GC1003827_F11_NODE_10196_length_1097_cov_3.963918	1097	33.27
GC1003827_F11_NODE_10197_length_1097_cov_3.777320	1097	31.63
GC1003827_F11_NODE_10198_length_1097_cov_3.652577	1097	32.09
GC1003827_F11_NODE_10199_length_1097_cov_3.607216	1097	32.27
GC1003827_F11_NODE_10200_length_1097_cov_3.597938	1097	36.01
GC1003827_F11_NODE_10201_length_1097_cov_3.056701	1097	40.38
GC1003827_F11_NODE_10202_length_1097_cov_2.669072	1097	34.73
GC1003827_F11_NODE_10203_length_1097_cov_2.306186	1097	31.45
GC1003827_F11_NODE_10204_length_1097_cov_2.193814	1097	39.11
GC1003827_F11_NODE_10205_length_1097_cov_1.987629	1097	36.01
GC1003827_F11_NODE_10206_length_1097_cov_1.572165	1097	32.09
GC1003827_F11_NODE_10207_length_1097_cov_1.545361	1097	37.47
GC1003827_F11_NODE_10208_length_1097_cov_1.340206	1097	28.71
GC1003827_F11_NODE_10209_length_1097_cov_1.187629	1097	31.45
GC1003827_F11_NODE_10210_length_1097_cov_1.105155	1097	46.76
GC1003827_F11_NODE_10211_length_1096_cov_17.037152	1096	56.93
GC1003827_F11_NODE_10212_length_1096_cov_12.603715	1096	42.79
GC1003827_F11_NODE_10213_length_1096_cov_11.280702	1096	35.49
GC1003827_F11_NODE_10214_length_1096_cov_8.072239	1096	32.57
GC1003827_F11_NODE_10215_length_1096_cov_6.470588	1096	54.84
GC1003827_F11_NODE_10216_length_1096_cov_6.318885	1096	34.12
GC1003827_F11_NODE_10217_length_1096_cov_4.487100	1096	36.41
GC1003827_F11_NODE_10218_length_1096_cov_3.183695	1096	67.15
GC1003827_F11_NODE_10219_length_1096_cov_3.035088	1096	32.39
GC1003827_F11_NODE_10220_length_1096_cov_2.659443	1096	30.29
GC1003827_F11_NODE_10221_length_1096_cov_2.427245	1096	33.39
GC1003827_F11_NODE_10222_length_1096_cov_2.362229	1096	36.41
GC1003827_F11_NODE_10223_length_1096_cov_2.323013	1096	38.23
GC1003827_F11_NODE_10224_length_1096_cov_1.328173	1096	35.77
GC1003827_F11_NODE_10225_length_1095_cov_23.550620	1095	56.99
GC1003827_F11_NODE_10226_length_1095_cov_12.784091	1095	46.12
GC1003827_F11_NODE_10227_length_1095_cov_12.674587	1095	35.16
GC1003827_F11_NODE_10228_length_1095_cov_9.256198	1095	33.06
GC1003827_F11_NODE_10229_length_1095_cov_5.788223	1095	37.99
GC1003827_F11_NODE_10230_length_1095_cov_5.113636	1095	37.17
GC1003827_F11_NODE_10231_length_1095_cov_4.583678	1095	34.16
GC1003827_F11_NODE_10232_length_1095_cov_4.193182	1095	33.24
GC1003827_F11_NODE_10233_length_1095_cov_3.930785	1095	34.34
GC1003827_F11_NODE_10234_length_1095_cov_3.614669	1095	41.64
GC1003827_F11_NODE_10235_length_1095_cov_2.732438	1095	32.05
GC1003827_F11_NODE_10236_length_1095_cov_2.395661	1095	33.52
GC1003827_F11_NODE_10237_length_1095_cov_1.820248	1095	29.22
GC1003827_F11_NODE_10238_length_1095_cov_1.685950	1095	28.95
GC1003827_F11_NODE_10239_length_1095_cov_1.449380	1095	64.11
GC1003827_F11_NODE_10240_length_1094_cov_12.554292	1094	32.36
GC1003827_F11_NODE_10241_length_1094_cov_12.061013	1094	38.03
GC1003827_F11_NODE_10242_length_1094_cov_10.537746	1094	39.49
GC1003827_F11_NODE_10243_length_1094_cov_7.183040	1094	33.09
GC1003827_F11_NODE_10244_length_1094_cov_7.018614	1094	32.08
GC1003827_F11_NODE_10245_length_1094_cov_6.187177	1094	32.08
GC1003827_F11_NODE_10246_length_1094_cov_5.644261	1094	33.00
GC1003827_F11_NODE_10247_length_1094_cov_4.163392	1094	33.73
GC1003827_F11_NODE_10248_length_1094_cov_3.200620	1094	36.47
GC1003827_F11_NODE_10249_length_1094_cov_2.930714	1094	31.99
GC1003827_F11_NODE_10250_length_1094_cov_2.482937	1094	33.18
GC1003827_F11_NODE_10251_length_1094_cov_2.442606	1094	50.46
GC1003827_F11_NODE_10252_length_1094_cov_2.375388	1094	29.52
GC1003827_F11_NODE_10253_length_1094_cov_2.356774	1094	63.99
GC1003827_F11_NODE_10254_length_1094_cov_2.057911	1094	66.27
GC1003827_F11_NODE_10255_length_1094_cov_1.925543	1094	32.08
GC1003827_F11_NODE_10256_length_1094_cov_1.681489	1094	47.62
GC1003827_F11_NODE_10257_length_1094_cov_1.654602	1094	54.75
GC1003827_F11_NODE_10258_length_1094_cov_1.058945	1094	30.35
GC1003827_F11_NODE_10259_length_1093_cov_19.166667	1093	34.13
GC1003827_F11_NODE_10260_length_1093_cov_10.171843	1093	31.93
GC1003827_F11_NODE_10261_length_1093_cov_8.943064	1093	38.79
GC1003827_F11_NODE_10262_length_1093_cov_6.551760	1093	34.95
GC1003827_F11_NODE_10263_length_1093_cov_6.325052	1093	31.93
GC1003827_F11_NODE_10264_length_1093_cov_4.803313	1093	31.38
GC1003827_F11_NODE_10265_length_1093_cov_4.769151	1093	34.22
GC1003827_F11_NODE_10266_length_1093_cov_3.838509	1093	34.31
GC1003827_F11_NODE_10267_length_1093_cov_2.802277	1093	33.03
GC1003827_F11_NODE_10268_length_1093_cov_2.717391	1093	32.48
GC1003827_F11_NODE_10269_length_1093_cov_2.412008	1093	30.28
GC1003827_F11_NODE_10270_length_1093_cov_1.821946	1093	62.49
GC1003827_F11_NODE_10271_length_1093_cov_1.456522	1093	38.88
GC1003827_F11_NODE_10272_length_1093_cov_1.448240	1093	28.00
GC1003827_F11_NODE_10273_length_1093_cov_0.886128	1093	28.27
GC1003827_F11_NODE_10274_length_1092_cov_6.695337	1092	36.81
GC1003827_F11_NODE_10275_length_1092_cov_5.910881	1092	30.86
GC1003827_F11_NODE_10276_length_1092_cov_5.242487	1092	29.85
GC1003827_F11_NODE_10277_length_1092_cov_3.489119	1092	32.69
GC1003827_F11_NODE_10278_length_1092_cov_3.443523	1092	29.95
GC1003827_F11_NODE_10279_length_1092_cov_3.269430	1092	38.10
GC1003827_F11_NODE_10280_length_1092_cov_3.072539	1092	33.24
GC1003827_F11_NODE_10281_length_1092_cov_3.024870	1092	35.90
GC1003827_F11_NODE_10282_length_1092_cov_2.702591	1092	35.35
GC1003827_F11_NODE_10283_length_1092_cov_2.616580	1092	28.48
GC1003827_F11_NODE_10284_length_1092_cov_2.378238	1092	35.90
GC1003827_F11_NODE_10285_length_1092_cov_1.723316	1092	33.15
GC1003827_F11_NODE_10286_length_1092_cov_1.400000	1092	39.10
GC1003827_F11_NODE_10287_length_1092_cov_1.220725	1092	30.86
GC1003827_F11_NODE_10288_length_1092_cov_1.074611	1092	31.96
GC1003827_F11_NODE_10289_length_1091_cov_24.329876	1091	54.35
GC1003827_F11_NODE_10290_length_1091_cov_10.517635	1091	34.56
GC1003827_F11_NODE_10291_length_1091_cov_7.563278	1091	33.36
GC1003827_F11_NODE_10292_length_1091_cov_6.883817	1091	35.56
GC1003827_F11_NODE_10293_length_1091_cov_5.957469	1091	36.48
GC1003827_F11_NODE_10294_length_1091_cov_5.324689	1091	37.31
GC1003827_F11_NODE_10295_length_1091_cov_4.831950	1091	36.48
GC1003827_F11_NODE_10296_length_1091_cov_4.632780	1091	33.82
GC1003827_F11_NODE_10297_length_1091_cov_3.880705	1091	32.08
GC1003827_F11_NODE_10298_length_1091_cov_2.858921	1091	33.64
GC1003827_F11_NODE_10299_length_1091_cov_2.853734	1091	29.61
GC1003827_F11_NODE_10300_length_1091_cov_2.460581	1091	31.71
GC1003827_F11_NODE_10301_length_1091_cov_2.356846	1091	39.96
GC1003827_F11_NODE_10302_length_1091_cov_2.203320	1091	30.98
GC1003827_F11_NODE_10303_length_1091_cov_1.662863	1091	28.23
GC1003827_F11_NODE_10304_length_1091_cov_1.563278	1091	65.54
GC1003827_F11_NODE_10305_length_1091_cov_1.241701	1091	32.63
GC1003827_F11_NODE_10306_length_1090_cov_10.460021	1090	35.69
GC1003827_F11_NODE_10307_length_1090_cov_7.958463	1090	64.86
GC1003827_F11_NODE_10308_length_1090_cov_7.265836	1090	33.03
GC1003827_F11_NODE_10309_length_1090_cov_6.871236	1090	33.58
GC1003827_F11_NODE_10310_length_1090_cov_6.785047	1090	33.85
GC1003827_F11_NODE_10311_length_1090_cov_6.518172	1090	36.33
GC1003827_F11_NODE_10312_length_1090_cov_4.680166	1090	29.91
GC1003827_F11_NODE_10313_length_1090_cov_4.659398	1090	36.33
GC1003827_F11_NODE_10314_length_1090_cov_4.358255	1090	33.49
GC1003827_F11_NODE_10315_length_1090_cov_4.139148	1090	33.94
GC1003827_F11_NODE_10316_length_1090_cov_3.831776	1090	34.31
GC1003827_F11_NODE_10317_length_1090_cov_3.712357	1090	30.18
GC1003827_F11_NODE_10318_length_1090_cov_3.488058	1090	30.64
GC1003827_F11_NODE_10319_length_1090_cov_3.368640	1090	32.84
GC1003827_F11_NODE_10320_length_1090_cov_2.836968	1090	34.31
GC1003827_F11_NODE_10321_length_1090_cov_2.369678	1090	31.10
GC1003827_F11_NODE_10322_length_1090_cov_2.089304	1090	29.45
GC1003827_F11_NODE_10323_length_1090_cov_2.071651	1090	38.44
GC1003827_F11_NODE_10324_length_1090_cov_2.040498	1090	65.87
GC1003827_F11_NODE_10325_length_1090_cov_1.631360	1090	35.05
GC1003827_F11_NODE_10326_length_1090_cov_1.571132	1090	28.62
GC1003827_F11_NODE_10327_length_1090_cov_1.479751	1090	62.94
GC1003827_F11_NODE_10328_length_1090_cov_1.211838	1090	30.46
GC1003827_F11_NODE_10329_length_1090_cov_1.069574	1090	29.08
GC1003827_F11_NODE_10330_length_1089_cov_19.610187	1089	39.49
GC1003827_F11_NODE_10331_length_1089_cov_15.799376	1089	38.20
GC1003827_F11_NODE_10332_length_1089_cov_9.223493	1089	32.87
GC1003827_F11_NODE_10333_length_1089_cov_6.730769	1089	38.48
GC1003827_F11_NODE_10334_length_1089_cov_2.634096	1089	65.93
GC1003827_F11_NODE_10335_length_1089_cov_2.409563	1089	36.09
GC1003827_F11_NODE_10336_length_1089_cov_2.169439	1089	34.71
GC1003827_F11_NODE_10337_length_1089_cov_2.148649	1089	29.20
GC1003827_F11_NODE_10338_length_1089_cov_2.141372	1089	29.57
GC1003827_F11_NODE_10339_length_1089_cov_1.966736	1089	28.56
GC1003827_F11_NODE_10340_length_1089_cov_1.941788	1089	33.88
GC1003827_F11_NODE_10341_length_1089_cov_1.312890	1089	28.10
GC1003827_F11_NODE_10342_length_1088_cov_18.191467	1088	35.57
GC1003827_F11_NODE_10343_length_1088_cov_17.367326	1088	37.32
GC1003827_F11_NODE_10344_length_1088_cov_9.417274	1088	32.54
GC1003827_F11_NODE_10345_length_1088_cov_8.308012	1088	31.07
GC1003827_F11_NODE_10346_length_1088_cov_7.976067	1088	32.26
GC1003827_F11_NODE_10347_length_1088_cov_5.234131	1088	35.75
GC1003827_F11_NODE_10348_length_1088_cov_4.888658	1088	29.50
GC1003827_F11_NODE_10349_length_1088_cov_4.084287	1088	33.64
GC1003827_F11_NODE_10350_length_1088_cov_3.925078	1088	35.57
GC1003827_F11_NODE_10351_length_1088_cov_3.007284	1088	42.46
GC1003827_F11_NODE_10352_length_1088_cov_2.937565	1088	35.02
GC1003827_F11_NODE_10353_length_1088_cov_2.930281	1088	30.24
GC1003827_F11_NODE_10354_length_1088_cov_2.149844	1088	34.19
GC1003827_F11_NODE_10355_length_1087_cov_15.466667	1087	48.11
GC1003827_F11_NODE_10356_length_1087_cov_14.253125	1087	35.14
GC1003827_F11_NODE_10357_length_1087_cov_12.398958	1087	38.36
GC1003827_F11_NODE_10358_length_1087_cov_11.984375	1087	31.55
GC1003827_F11_NODE_10359_length_1087_cov_10.380208	1087	36.06
GC1003827_F11_NODE_10360_length_1087_cov_6.367708	1087	32.11
GC1003827_F11_NODE_10361_length_1087_cov_4.704167	1087	54.92
GC1003827_F11_NODE_10362_length_1087_cov_4.566667	1087	32.66
GC1003827_F11_NODE_10363_length_1087_cov_4.177083	1087	46.46
GC1003827_F11_NODE_10364_length_1087_cov_3.981250	1087	46.09
GC1003827_F11_NODE_10365_length_1087_cov_3.948958	1087	36.61
GC1003827_F11_NODE_10366_length_1087_cov_2.709375	1087	31.28
GC1003827_F11_NODE_10367_length_1087_cov_1.835417	1087	27.78
GC1003827_F11_NODE_10368_length_1087_cov_0.941667	1087	32.66
GC1003827_F11_NODE_10369_length_1086_cov_22.919708	1086	37.02
GC1003827_F11_NODE_10370_length_1086_cov_16.950991	1086	37.02
GC1003827_F11_NODE_10371_length_1086_cov_15.798749	1086	36.46
GC1003827_F11_NODE_10372_length_1086_cov_11.605839	1086	50.64
GC1003827_F11_NODE_10373_length_1086_cov_10.577685	1086	61.23
GC1003827_F11_NODE_10374_length_1086_cov_5.886340	1086	36.10
GC1003827_F11_NODE_10375_length_1086_cov_5.098019	1086	30.48
GC1003827_F11_NODE_10376_length_1086_cov_4.840459	1086	30.66
GC1003827_F11_NODE_10377_length_1086_cov_4.349322	1086	34.62
GC1003827_F11_NODE_10378_length_1086_cov_3.714286	1086	32.41
GC1003827_F11_NODE_10379_length_1086_cov_3.531804	1086	30.76
GC1003827_F11_NODE_10380_length_1086_cov_2.274244	1086	33.61
GC1003827_F11_NODE_10381_length_1086_cov_1.964546	1086	65.38
GC1003827_F11_NODE_10382_length_1086_cov_1.882169	1086	30.94
GC1003827_F11_NODE_10383_length_1086_cov_1.864442	1086	34.44
GC1003827_F11_NODE_10384_length_1086_cov_1.633994	1086	36.74
GC1003827_F11_NODE_10385_length_1086_cov_0.905109	1086	33.70
GC1003827_F11_NODE_10386_length_1086_cov_0.743483	1086	30.85
GC1003827_F11_NODE_10387_length_1085_cov_13.827766	1085	44.15
GC1003827_F11_NODE_10388_length_1085_cov_13.114823	1085	36.77
GC1003827_F11_NODE_10389_length_1085_cov_8.273486	1085	46.64
GC1003827_F11_NODE_10390_length_1085_cov_7.305846	1085	32.35
GC1003827_F11_NODE_10391_length_1085_cov_6.759916	1085	65.35
GC1003827_F11_NODE_10392_length_1085_cov_6.236952	1085	38.34
GC1003827_F11_NODE_10393_length_1085_cov_4.745303	1085	37.70
GC1003827_F11_NODE_10394_length_1085_cov_3.860125	1085	39.08
GC1003827_F11_NODE_10395_length_1085_cov_3.541754	1085	34.47
GC1003827_F11_NODE_10396_length_1085_cov_3.375783	1085	35.48
GC1003827_F11_NODE_10397_length_1085_cov_3.250522	1085	36.41
GC1003827_F11_NODE_10398_length_1085_cov_2.971816	1085	57.05
GC1003827_F11_NODE_10399_length_1085_cov_2.668058	1085	29.40
GC1003827_F11_NODE_10400_length_1085_cov_2.622129	1085	33.18
GC1003827_F11_NODE_10401_length_1085_cov_1.910230	1085	33.27
GC1003827_F11_NODE_10402_length_1085_cov_1.697286	1085	33.73
GC1003827_F11_NODE_10403_length_1085_cov_1.233820	1085	34.56
GC1003827_F11_NODE_10404_length_1085_cov_1.188935	1085	27.83
GC1003827_F11_NODE_10405_length_1084_cov_15.615465	1084	35.61
GC1003827_F11_NODE_10406_length_1084_cov_11.429467	1084	31.37
GC1003827_F11_NODE_10407_length_1084_cov_5.177638	1084	66.88
GC1003827_F11_NODE_10408_length_1084_cov_5.092999	1084	37.73
GC1003827_F11_NODE_10409_length_1084_cov_3.411703	1084	30.72
GC1003827_F11_NODE_10410_length_1084_cov_3.364681	1084	37.92
GC1003827_F11_NODE_10411_length_1084_cov_2.885057	1084	37.73
GC1003827_F11_NODE_10412_length_1084_cov_2.566353	1084	56.92
GC1003827_F11_NODE_10413_length_1084_cov_1.038662	1084	33.03
GC1003827_F11_NODE_10414_length_1083_cov_10.221757	1083	38.13
GC1003827_F11_NODE_10415_length_1083_cov_8.940377	1083	47.00
GC1003827_F11_NODE_10416_length_1083_cov_8.171548	1083	38.13
GC1003827_F11_NODE_10417_length_1083_cov_7.572176	1083	52.82
GC1003827_F11_NODE_10418_length_1083_cov_7.273013	1083	32.13
GC1003827_F11_NODE_10419_length_1083_cov_6.123431	1083	36.38
GC1003827_F11_NODE_10420_length_1083_cov_6.043933	1083	35.09
GC1003827_F11_NODE_10421_length_1083_cov_5.668410	1083	38.23
GC1003827_F11_NODE_10422_length_1083_cov_5.546025	1083	34.81
GC1003827_F11_NODE_10423_length_1083_cov_5.073222	1083	53.92
GC1003827_F11_NODE_10424_length_1083_cov_4.131799	1083	33.15
GC1003827_F11_NODE_10425_length_1083_cov_4.089958	1083	36.47
GC1003827_F11_NODE_10426_length_1083_cov_3.726987	1083	30.66
GC1003827_F11_NODE_10427_length_1083_cov_3.677824	1083	56.69
GC1003827_F11_NODE_10428_length_1083_cov_2.211297	1083	36.93
GC1003827_F11_NODE_10429_length_1083_cov_1.552301	1083	30.84
GC1003827_F11_NODE_10430_length_1083_cov_1.474895	1083	32.32
GC1003827_F11_NODE_10431_length_1083_cov_1.378661	1083	30.19
GC1003827_F11_NODE_10432_length_1083_cov_1.280335	1083	61.77
GC1003827_F11_NODE_10433_length_1083_cov_0.955021	1083	33.61
GC1003827_F11_NODE_10434_length_1083_cov_0.897490	1083	31.39
GC1003827_F11_NODE_10435_length_1083_cov_0.849372	1083	47.65
GC1003827_F11_NODE_10436_length_1083_cov_0.693515	1083	35.09
GC1003827_F11_NODE_10437_length_1082_cov_9.320419	1082	39.65
GC1003827_F11_NODE_10438_length_1082_cov_6.463874	1082	32.44
GC1003827_F11_NODE_10439_length_1082_cov_5.060733	1082	30.78
GC1003827_F11_NODE_10440_length_1082_cov_3.897382	1082	30.59
GC1003827_F11_NODE_10441_length_1082_cov_3.804188	1082	31.61
GC1003827_F11_NODE_10442_length_1082_cov_3.621990	1082	52.13
GC1003827_F11_NODE_10443_length_1082_cov_3.436649	1082	34.57
GC1003827_F11_NODE_10444_length_1082_cov_3.279581	1082	29.48
GC1003827_F11_NODE_10445_length_1082_cov_2.276440	1082	30.04
GC1003827_F11_NODE_10446_length_1082_cov_2.038743	1082	30.96
GC1003827_F11_NODE_10447_length_1082_cov_1.221990	1082	30.96
GC1003827_F11_NODE_10448_length_1082_cov_1.162304	1082	63.86
GC1003827_F11_NODE_10449_length_1082_cov_0.838743	1082	36.51
GC1003827_F11_NODE_10450_length_1082_cov_0.768586	1082	28.37
GC1003827_F11_NODE_10451_length_1081_cov_16.476939	1081	34.97
GC1003827_F11_NODE_10452_length_1081_cov_11.155136	1081	36.17
GC1003827_F11_NODE_10453_length_1081_cov_9.302935	1081	33.40
GC1003827_F11_NODE_10454_length_1081_cov_8.815514	1081	31.27
GC1003827_F11_NODE_10455_length_1081_cov_5.013627	1081	34.14
GC1003827_F11_NODE_10456_length_1081_cov_3.785115	1081	59.30
GC1003827_F11_NODE_10457_length_1081_cov_2.545073	1081	29.32
GC1003827_F11_NODE_10458_length_1081_cov_2.438155	1081	34.41
GC1003827_F11_NODE_10459_length_1081_cov_1.248428	1081	40.24
GC1003827_F11_NODE_10460_length_1081_cov_0.484277	1081	33.49
GC1003827_F11_NODE_10461_length_1080_cov_12.259182	1080	36.39
GC1003827_F11_NODE_10462_length_1080_cov_7.965373	1080	33.70
GC1003827_F11_NODE_10463_length_1080_cov_7.267576	1080	28.80
GC1003827_F11_NODE_10464_length_1080_cov_6.031480	1080	31.11
GC1003827_F11_NODE_10465_length_1080_cov_5.619098	1080	37.87
GC1003827_F11_NODE_10466_length_1080_cov_5.502623	1080	33.80
GC1003827_F11_NODE_10467_length_1080_cov_5.101784	1080	30.65
GC1003827_F11_NODE_10468_length_1080_cov_5.091291	1080	29.91
GC1003827_F11_NODE_10469_length_1080_cov_4.410283	1080	35.00
GC1003827_F11_NODE_10470_length_1080_cov_3.669465	1080	32.13
GC1003827_F11_NODE_10471_length_1080_cov_3.074502	1080	31.39
GC1003827_F11_NODE_10472_length_1080_cov_2.740818	1080	31.57
GC1003827_F11_NODE_10473_length_1080_cov_2.196222	1080	32.50
GC1003827_F11_NODE_10474_length_1080_cov_2.084995	1080	33.15
GC1003827_F11_NODE_10475_length_1080_cov_2.053515	1080	34.17
GC1003827_F11_NODE_10476_length_1080_cov_1.538300	1080	31.76
GC1003827_F11_NODE_10477_length_1080_cov_1.249738	1080	38.24
GC1003827_F11_NODE_10478_length_1080_cov_1.124869	1080	32.96
GC1003827_F11_NODE_10479_length_1079_cov_13.321429	1079	39.11
GC1003827_F11_NODE_10480_length_1079_cov_11.987395	1079	39.94
GC1003827_F11_NODE_10481_length_1079_cov_10.621849	1079	33.92
GC1003827_F11_NODE_10482_length_1079_cov_10.459034	1079	32.44
GC1003827_F11_NODE_10483_length_1079_cov_9.832983	1079	36.61
GC1003827_F11_NODE_10484_length_1079_cov_8.226891	1079	60.15
GC1003827_F11_NODE_10485_length_1079_cov_7.591387	1079	35.77
GC1003827_F11_NODE_10486_length_1079_cov_7.497899	1079	36.52
GC1003827_F11_NODE_10487_length_1079_cov_7.377101	1079	34.57
GC1003827_F11_NODE_10488_length_1079_cov_5.903361	1079	37.16
GC1003827_F11_NODE_10489_length_1079_cov_5.425420	1079	34.20
GC1003827_F11_NODE_10490_length_1079_cov_4.613445	1079	32.81
GC1003827_F11_NODE_10491_length_1079_cov_4.223739	1079	60.43
GC1003827_F11_NODE_10492_length_1079_cov_4.189076	1079	40.32
GC1003827_F11_NODE_10493_length_1079_cov_2.967437	1079	32.25
GC1003827_F11_NODE_10494_length_1079_cov_2.765756	1079	34.94
GC1003827_F11_NODE_10495_length_1079_cov_2.307773	1079	30.77
GC1003827_F11_NODE_10496_length_1079_cov_2.113445	1079	30.12
GC1003827_F11_NODE_10497_length_1079_cov_1.699580	1079	30.31
GC1003827_F11_NODE_10498_length_1079_cov_1.533613	1079	32.16
GC1003827_F11_NODE_10499_length_1079_cov_1.102941	1079	26.04
GC1003827_F11_NODE_10500_length_1078_cov_22.197687	1078	37.38
GC1003827_F11_NODE_10501_length_1078_cov_9.331230	1078	30.71
GC1003827_F11_NODE_10502_length_1078_cov_6.032597	1078	37.29
GC1003827_F11_NODE_10503_length_1078_cov_5.895899	1078	34.32
GC1003827_F11_NODE_10504_length_1078_cov_5.556257	1078	32.75
GC1003827_F11_NODE_10505_length_1078_cov_4.220820	1078	33.49
GC1003827_F11_NODE_10506_length_1078_cov_3.474238	1078	40.17
GC1003827_F11_NODE_10507_length_1078_cov_3.432177	1078	38.22
GC1003827_F11_NODE_10508_length_1078_cov_2.987382	1078	30.98
GC1003827_F11_NODE_10509_length_1078_cov_2.917981	1078	39.33
GC1003827_F11_NODE_10510_length_1078_cov_2.697161	1078	27.83
GC1003827_F11_NODE_10511_length_1078_cov_2.445846	1078	33.49
GC1003827_F11_NODE_10512_length_1078_cov_2.437434	1078	37.57
GC1003827_F11_NODE_10513_length_1078_cov_2.280757	1078	38.59
GC1003827_F11_NODE_10514_length_1078_cov_2.115668	1078	36.27
GC1003827_F11_NODE_10515_length_1078_cov_2.093586	1078	62.34
GC1003827_F11_NODE_10516_length_1078_cov_1.871714	1078	35.25
GC1003827_F11_NODE_10517_length_1078_cov_1.712934	1078	36.27
GC1003827_F11_NODE_10518_length_1078_cov_1.630915	1078	30.98
GC1003827_F11_NODE_10519_length_1078_cov_0.940063	1078	31.17
GC1003827_F11_NODE_10520_length_1078_cov_0.899054	1078	34.79
GC1003827_F11_NODE_10521_length_1078_cov_0.852787	1078	51.86
GC1003827_F11_NODE_10522_length_1077_cov_24.152632	1077	42.15
GC1003827_F11_NODE_10523_length_1077_cov_8.821053	1077	34.63
GC1003827_F11_NODE_10524_length_1077_cov_7.313684	1077	61.00
GC1003827_F11_NODE_10525_length_1077_cov_6.894737	1077	34.91
GC1003827_F11_NODE_10526_length_1077_cov_3.812632	1077	38.25
GC1003827_F11_NODE_10527_length_1077_cov_3.521053	1077	31.48
GC1003827_F11_NODE_10528_length_1077_cov_3.055789	1077	34.54
GC1003827_F11_NODE_10529_length_1077_cov_2.354737	1077	32.59
GC1003827_F11_NODE_10530_length_1077_cov_2.250526	1077	65.55
GC1003827_F11_NODE_10531_length_1077_cov_2.184211	1077	33.98
GC1003827_F11_NODE_10532_length_1077_cov_2.007368	1077	34.63
GC1003827_F11_NODE_10533_length_1077_cov_1.266316	1077	32.13
GC1003827_F11_NODE_10534_length_1076_cov_12.332982	1076	33.83
GC1003827_F11_NODE_10535_length_1076_cov_10.619600	1076	34.01
GC1003827_F11_NODE_10536_length_1076_cov_8.841939	1076	33.27
GC1003827_F11_NODE_10537_length_1076_cov_8.046365	1076	33.74
GC1003827_F11_NODE_10538_length_1076_cov_6.989463	1076	34.48
GC1003827_F11_NODE_10539_length_1076_cov_6.483667	1076	33.09
GC1003827_F11_NODE_10540_length_1076_cov_6.399368	1076	33.55
GC1003827_F11_NODE_10541_length_1076_cov_6.155954	1076	31.60
GC1003827_F11_NODE_10542_length_1076_cov_6.022129	1076	33.09
GC1003827_F11_NODE_10543_length_1076_cov_4.167545	1076	50.74
GC1003827_F11_NODE_10544_length_1076_cov_3.976818	1076	37.27
GC1003827_F11_NODE_10545_length_1076_cov_3.133825	1076	41.17
GC1003827_F11_NODE_10546_length_1076_cov_1.488936	1076	34.57
GC1003827_F11_NODE_10547_length_1076_cov_1.399368	1076	33.55
GC1003827_F11_NODE_10548_length_1075_cov_8.746835	1075	36.56
GC1003827_F11_NODE_10549_length_1075_cov_8.626582	1075	34.88
GC1003827_F11_NODE_10550_length_1075_cov_7.908228	1075	34.79
GC1003827_F11_NODE_10551_length_1075_cov_5.825949	1075	31.81
GC1003827_F11_NODE_10552_length_1075_cov_5.622363	1075	36.47
GC1003827_F11_NODE_10553_length_1075_cov_4.529536	1075	32.19
GC1003827_F11_NODE_10554_length_1075_cov_3.986287	1075	30.79
GC1003827_F11_NODE_10555_length_1075_cov_3.621308	1075	36.09
GC1003827_F11_NODE_10556_length_1075_cov_3.355485	1075	34.51
GC1003827_F11_NODE_10557_length_1075_cov_2.718354	1075	30.88
GC1003827_F11_NODE_10558_length_1075_cov_2.639241	1075	33.30
GC1003827_F11_NODE_10559_length_1075_cov_2.507384	1075	37.02
GC1003827_F11_NODE_10560_length_1075_cov_2.363924	1075	32.93
GC1003827_F11_NODE_10561_length_1075_cov_2.312236	1075	64.28
GC1003827_F11_NODE_10562_length_1075_cov_2.144515	1075	35.53
GC1003827_F11_NODE_10563_length_1075_cov_1.487342	1075	29.77
GC1003827_F11_NODE_10564_length_1075_cov_1.464135	1075	36.93
GC1003827_F11_NODE_10565_length_1075_cov_1.147679	1075	29.77
GC1003827_F11_NODE_10566_length_1075_cov_0.960970	1075	47.53
GC1003827_F11_NODE_10567_length_1075_cov_0.533755	1075	59.44
GC1003827_F11_NODE_10568_length_1074_cov_11.038015	1074	35.85
GC1003827_F11_NODE_10569_length_1074_cov_7.989440	1074	31.19
GC1003827_F11_NODE_10570_length_1074_cov_7.605069	1074	34.08
GC1003827_F11_NODE_10571_length_1074_cov_7.294615	1074	34.92
GC1003827_F11_NODE_10572_length_1074_cov_6.767687	1074	34.36
GC1003827_F11_NODE_10573_length_1074_cov_5.929250	1074	32.22
GC1003827_F11_NODE_10574_length_1074_cov_5.046463	1074	37.52
GC1003827_F11_NODE_10575_length_1074_cov_5.038015	1074	41.53
GC1003827_F11_NODE_10576_length_1074_cov_4.630412	1074	29.70
GC1003827_F11_NODE_10577_length_1074_cov_4.146779	1074	35.66
GC1003827_F11_NODE_10578_length_1074_cov_2.970433	1074	37.99
GC1003827_F11_NODE_10579_length_1074_cov_2.029567	1074	32.96
GC1003827_F11_NODE_10580_length_1074_cov_1.915523	1074	33.61
GC1003827_F11_NODE_10581_length_1074_cov_1.852165	1074	33.33
GC1003827_F11_NODE_10582_length_1074_cov_1.661035	1074	30.45
GC1003827_F11_NODE_10583_length_1073_cov_40.146934	1073	34.39
GC1003827_F11_NODE_10584_length_1073_cov_22.009514	1073	34.30
GC1003827_F11_NODE_10585_length_1073_cov_17.679704	1073	34.95
GC1003827_F11_NODE_10586_length_1073_cov_15.416490	1073	33.74
GC1003827_F11_NODE_10587_length_1073_cov_7.623679	1073	39.14
GC1003827_F11_NODE_10588_length_1073_cov_7.588795	1073	39.14
GC1003827_F11_NODE_10589_length_1073_cov_7.416490	1073	33.27
GC1003827_F11_NODE_10590_length_1073_cov_4.515856	1073	38.49
GC1003827_F11_NODE_10591_length_1073_cov_4.141649	1073	35.14
GC1003827_F11_NODE_10592_length_1073_cov_3.503171	1073	30.29
GC1003827_F11_NODE_10593_length_1073_cov_3.457717	1073	46.69
GC1003827_F11_NODE_10594_length_1073_cov_3.362579	1073	30.48
GC1003827_F11_NODE_10595_length_1073_cov_2.669133	1073	53.22
GC1003827_F11_NODE_10596_length_1073_cov_2.254757	1073	36.63
GC1003827_F11_NODE_10597_length_1073_cov_1.964059	1073	34.86
GC1003827_F11_NODE_10598_length_1073_cov_1.919662	1073	34.30
GC1003827_F11_NODE_10599_length_1073_cov_0.989429	1073	29.45
GC1003827_F11_NODE_10600_length_1072_cov_70.353439	1072	34.79
GC1003827_F11_NODE_10601_length_1072_cov_11.747090	1072	38.90
GC1003827_F11_NODE_10602_length_1072_cov_11.702646	1072	32.37
GC1003827_F11_NODE_10603_length_1072_cov_10.815873	1072	36.29
GC1003827_F11_NODE_10604_length_1072_cov_9.559788	1072	35.54
GC1003827_F11_NODE_10605_length_1072_cov_8.029630	1072	32.93
GC1003827_F11_NODE_10606_length_1072_cov_6.455026	1072	37.69
GC1003827_F11_NODE_10607_length_1072_cov_5.487831	1072	39.93
GC1003827_F11_NODE_10608_length_1072_cov_4.738624	1072	32.37
GC1003827_F11_NODE_10609_length_1072_cov_4.517460	1072	34.05
GC1003827_F11_NODE_10610_length_1072_cov_2.249735	1072	30.69
GC1003827_F11_NODE_10611_length_1072_cov_2.209524	1072	31.62
GC1003827_F11_NODE_10612_length_1072_cov_1.868783	1072	32.00
GC1003827_F11_NODE_10613_length_1072_cov_1.730159	1072	28.36
GC1003827_F11_NODE_10614_length_1072_cov_1.376720	1072	33.68
GC1003827_F11_NODE_10615_length_1072_cov_1.364021	1072	33.21
GC1003827_F11_NODE_10616_length_1072_cov_1.294180	1072	30.13
GC1003827_F11_NODE_10617_length_1072_cov_1.119577	1072	30.41
GC1003827_F11_NODE_10618_length_1072_cov_0.696296	1072	35.26
GC1003827_F11_NODE_10619_length_1071_cov_14.583686	1071	36.60
GC1003827_F11_NODE_10620_length_1071_cov_11.204449	1071	31.93
GC1003827_F11_NODE_10621_length_1071_cov_8.366525	1071	31.00
GC1003827_F11_NODE_10622_length_1071_cov_5.661017	1071	36.79
GC1003827_F11_NODE_10623_length_1071_cov_4.597458	1071	36.69
GC1003827_F11_NODE_10624_length_1071_cov_2.885593	1071	29.69
GC1003827_F11_NODE_10625_length_1071_cov_2.611229	1071	52.10
GC1003827_F11_NODE_10626_length_1071_cov_2.433263	1071	56.86
GC1003827_F11_NODE_10627_length_1071_cov_2.100636	1071	29.79
GC1003827_F11_NODE_10628_length_1071_cov_2.044492	1071	43.14
GC1003827_F11_NODE_10629_length_1071_cov_1.613347	1071	31.09
GC1003827_F11_NODE_10630_length_1071_cov_1.590042	1071	32.03
GC1003827_F11_NODE_10631_length_1070_cov_25.937434	1070	34.11
GC1003827_F11_NODE_10632_length_1070_cov_13.520679	1070	39.53
GC1003827_F11_NODE_10633_length_1070_cov_11.492047	1070	35.98
GC1003827_F11_NODE_10634_length_1070_cov_6.426299	1070	32.34
GC1003827_F11_NODE_10635_length_1070_cov_3.933192	1070	33.55
GC1003827_F11_NODE_10636_length_1070_cov_3.772004	1070	34.30
GC1003827_F11_NODE_10637_length_1070_cov_2.253446	1070	32.06
GC1003827_F11_NODE_10638_length_1070_cov_2.222694	1070	31.03
GC1003827_F11_NODE_10639_length_1070_cov_1.644751	1070	30.65
GC1003827_F11_NODE_10640_length_1070_cov_1.113468	1070	30.93
GC1003827_F11_NODE_10641_length_1070_cov_1.085896	1070	34.02
GC1003827_F11_NODE_10642_length_1069_cov_15.900212	1069	31.52
GC1003827_F11_NODE_10643_length_1069_cov_15.282378	1069	37.23
GC1003827_F11_NODE_10644_length_1069_cov_10.167728	1069	37.98
GC1003827_F11_NODE_10645_length_1069_cov_9.156051	1069	34.61
GC1003827_F11_NODE_10646_length_1069_cov_7.593418	1069	34.99
GC1003827_F11_NODE_10647_length_1069_cov_4.695329	1069	36.11
GC1003827_F11_NODE_10648_length_1069_cov_4.419321	1069	31.24
GC1003827_F11_NODE_10649_length_1069_cov_4.358811	1069	36.01
GC1003827_F11_NODE_10650_length_1069_cov_4.123142	1069	37.14
GC1003827_F11_NODE_10651_length_1069_cov_4.122081	1069	29.47
GC1003827_F11_NODE_10652_length_1069_cov_2.324841	1069	32.83
GC1003827_F11_NODE_10653_length_1069_cov_2.324841	1069	29.75
GC1003827_F11_NODE_10654_length_1069_cov_2.097665	1069	27.32
GC1003827_F11_NODE_10655_length_1069_cov_2.055202	1069	32.55
GC1003827_F11_NODE_10656_length_1069_cov_1.351380	1069	35.83
GC1003827_F11_NODE_10657_length_1069_cov_1.313163	1069	40.60
GC1003827_F11_NODE_10658_length_1069_cov_1.255839	1069	39.48
GC1003827_F11_NODE_10659_length_1068_cov_17.810840	1068	59.18
GC1003827_F11_NODE_10660_length_1068_cov_11.702444	1068	35.49
GC1003827_F11_NODE_10661_length_1068_cov_9.263549	1068	38.30
GC1003827_F11_NODE_10662_length_1068_cov_8.465462	1068	31.65
GC1003827_F11_NODE_10663_length_1068_cov_5.165781	1068	31.65
GC1003827_F11_NODE_10664_length_1068_cov_3.735388	1068	34.27
GC1003827_F11_NODE_10665_length_1068_cov_3.546227	1068	35.96
GC1003827_F11_NODE_10666_length_1068_cov_3.346440	1068	30.99
GC1003827_F11_NODE_10667_length_1068_cov_3.072264	1068	33.80
GC1003827_F11_NODE_10668_length_1068_cov_3.048884	1068	33.61
GC1003827_F11_NODE_10669_length_1068_cov_2.737513	1068	33.80
GC1003827_F11_NODE_10670_length_1068_cov_2.488842	1068	67.13
GC1003827_F11_NODE_10671_length_1068_cov_2.315622	1068	62.92
GC1003827_F11_NODE_10672_length_1068_cov_1.988310	1068	33.52
GC1003827_F11_NODE_10673_length_1068_cov_1.454835	1068	41.95
GC1003827_F11_NODE_10674_length_1068_cov_1.431456	1068	32.21
GC1003827_F11_NODE_10675_length_1068_cov_1.394261	1068	37.92
GC1003827_F11_NODE_10676_length_1068_cov_1.309245	1068	32.12
GC1003827_F11_NODE_10677_length_1067_cov_8.768085	1067	40.86
GC1003827_F11_NODE_10678_length_1067_cov_7.774468	1067	36.36
GC1003827_F11_NODE_10679_length_1067_cov_7.009574	1067	64.85
GC1003827_F11_NODE_10680_length_1067_cov_6.363830	1067	63.64
GC1003827_F11_NODE_10681_length_1067_cov_4.015957	1067	37.21
GC1003827_F11_NODE_10682_length_1067_cov_3.268085	1067	32.24
GC1003827_F11_NODE_10683_length_1067_cov_2.463830	1067	32.52
GC1003827_F11_NODE_10684_length_1067_cov_1.606383	1067	36.18
GC1003827_F11_NODE_10685_length_1066_cov_13.455804	1066	38.93
GC1003827_F11_NODE_10686_length_1066_cov_9.503727	1066	34.99
GC1003827_F11_NODE_10687_length_1066_cov_7.244941	1066	64.17
GC1003827_F11_NODE_10688_length_1066_cov_6.722045	1066	36.30
GC1003827_F11_NODE_10689_length_1066_cov_6.346113	1066	36.87
GC1003827_F11_NODE_10690_length_1066_cov_4.741214	1066	33.21
GC1003827_F11_NODE_10691_length_1066_cov_4.314164	1066	32.27
GC1003827_F11_NODE_10692_length_1066_cov_4.115016	1066	35.37
GC1003827_F11_NODE_10693_length_1066_cov_2.822151	1066	27.58
GC1003827_F11_NODE_10694_length_1066_cov_2.549521	1066	31.52
GC1003827_F11_NODE_10695_length_1066_cov_1.730564	1066	28.80
GC1003827_F11_NODE_10696_length_1066_cov_1.481363	1066	36.21
GC1003827_F11_NODE_10697_length_1066_cov_1.236422	1066	37.15
GC1003827_F11_NODE_10698_length_1066_cov_1.088392	1066	33.58
GC1003827_F11_NODE_10699_length_1065_cov_27.896588	1065	39.44
GC1003827_F11_NODE_10700_length_1065_cov_23.345416	1065	38.97
GC1003827_F11_NODE_10701_length_1065_cov_16.178038	1065	37.09
GC1003827_F11_NODE_10702_length_1065_cov_15.406183	1065	38.78
GC1003827_F11_NODE_10703_length_1065_cov_10.272921	1065	38.69
GC1003827_F11_NODE_10704_length_1065_cov_9.201493	1065	35.02
GC1003827_F11_NODE_10705_length_1065_cov_6.528785	1065	36.90
GC1003827_F11_NODE_10706_length_1065_cov_6.474414	1065	35.96
GC1003827_F11_NODE_10707_length_1065_cov_5.169510	1065	34.93
GC1003827_F11_NODE_10708_length_1065_cov_4.984009	1065	39.34
GC1003827_F11_NODE_10709_length_1065_cov_3.996802	1065	38.50
GC1003827_F11_NODE_10710_length_1065_cov_3.559701	1065	36.15
GC1003827_F11_NODE_10711_length_1065_cov_3.050107	1065	33.43
GC1003827_F11_NODE_10712_length_1065_cov_2.358209	1065	35.31
GC1003827_F11_NODE_10713_length_1065_cov_2.335821	1065	35.87
GC1003827_F11_NODE_10714_length_1065_cov_1.680171	1065	30.80
GC1003827_F11_NODE_10715_length_1065_cov_1.349680	1065	29.86
GC1003827_F11_NODE_10716_length_1065_cov_1.079957	1065	37.84
GC1003827_F11_NODE_10717_length_1064_cov_18.091782	1064	28.48
GC1003827_F11_NODE_10718_length_1064_cov_16.001067	1064	38.16
GC1003827_F11_NODE_10719_length_1064_cov_10.871932	1064	65.70
GC1003827_F11_NODE_10720_length_1064_cov_10.670224	1064	37.12
GC1003827_F11_NODE_10721_length_1064_cov_9.290288	1064	33.55
GC1003827_F11_NODE_10722_length_1064_cov_8.558164	1064	54.04
GC1003827_F11_NODE_10723_length_1064_cov_4.259338	1064	32.71
GC1003827_F11_NODE_10724_length_1064_cov_4.214514	1064	66.17
GC1003827_F11_NODE_10725_length_1064_cov_3.990395	1064	31.95
GC1003827_F11_NODE_10726_length_1064_cov_2.421558	1064	36.47
GC1003827_F11_NODE_10727_length_1064_cov_1.683031	1064	34.30
GC1003827_F11_NODE_10728_length_1064_cov_1.417289	1064	27.35
GC1003827_F11_NODE_10729_length_1064_cov_1.413020	1064	65.88
GC1003827_F11_NODE_10730_length_1064_cov_1.002134	1064	39.85
GC1003827_F11_NODE_10731_length_1063_cov_8.467949	1063	33.96
GC1003827_F11_NODE_10732_length_1063_cov_7.840812	1063	38.01
GC1003827_F11_NODE_10733_length_1063_cov_7.698718	1063	33.68
GC1003827_F11_NODE_10734_length_1063_cov_7.594017	1063	35.75
GC1003827_F11_NODE_10735_length_1063_cov_6.688034	1063	39.60
GC1003827_F11_NODE_10736_length_1063_cov_6.307692	1063	28.69
GC1003827_F11_NODE_10737_length_1063_cov_6.166667	1063	35.84
GC1003827_F11_NODE_10738_length_1063_cov_4.684829	1063	33.58
GC1003827_F11_NODE_10739_length_1063_cov_3.996795	1063	32.93
GC1003827_F11_NODE_10740_length_1063_cov_3.188034	1063	33.68
GC1003827_F11_NODE_10741_length_1063_cov_1.932692	1063	38.38
GC1003827_F11_NODE_10742_length_1063_cov_1.887821	1063	28.32
GC1003827_F11_NODE_10743_length_1063_cov_1.686966	1063	38.01
GC1003827_F11_NODE_10744_length_1063_cov_1.616453	1063	33.68
GC1003827_F11_NODE_10745_length_1063_cov_1.570513	1063	30.57
GC1003827_F11_NODE_10746_length_1063_cov_1.483974	1063	32.27
GC1003827_F11_NODE_10747_length_1063_cov_1.365385	1063	37.54
GC1003827_F11_NODE_10748_length_1063_cov_1.302350	1063	36.41
GC1003827_F11_NODE_10749_length_1063_cov_1.085470	1063	33.58
GC1003827_F11_NODE_10750_length_1062_cov_38.898396	1062	38.98
GC1003827_F11_NODE_10751_length_1062_cov_21.942246	1062	33.05
GC1003827_F11_NODE_10752_length_1062_cov_16.690909	1062	36.82
GC1003827_F11_NODE_10753_length_1062_cov_15.521925	1062	37.19
GC1003827_F11_NODE_10754_length_1062_cov_11.633155	1062	35.88
GC1003827_F11_NODE_10755_length_1062_cov_7.875936	1062	36.72
GC1003827_F11_NODE_10756_length_1062_cov_6.926203	1062	29.85
GC1003827_F11_NODE_10757_length_1062_cov_6.785027	1062	57.63
GC1003827_F11_NODE_10758_length_1062_cov_4.313369	1062	36.35
GC1003827_F11_NODE_10759_length_1062_cov_4.221390	1062	43.31
GC1003827_F11_NODE_10760_length_1062_cov_3.313369	1062	31.73
GC1003827_F11_NODE_10761_length_1062_cov_3.290909	1062	36.35
GC1003827_F11_NODE_10762_length_1062_cov_2.840642	1062	29.66
GC1003827_F11_NODE_10763_length_1062_cov_2.752941	1062	37.76
GC1003827_F11_NODE_10764_length_1062_cov_2.690909	1062	27.12
GC1003827_F11_NODE_10765_length_1062_cov_2.590374	1062	29.10
GC1003827_F11_NODE_10766_length_1062_cov_2.517647	1062	32.20
GC1003827_F11_NODE_10767_length_1062_cov_1.800000	1062	27.31
GC1003827_F11_NODE_10768_length_1062_cov_1.766845	1062	30.70
GC1003827_F11_NODE_10769_length_1062_cov_1.595722	1062	65.73
GC1003827_F11_NODE_10770_length_1062_cov_1.587166	1062	37.10
GC1003827_F11_NODE_10771_length_1062_cov_1.225668	1062	59.13
GC1003827_F11_NODE_10772_length_1062_cov_1.195722	1062	67.14
GC1003827_F11_NODE_10773_length_1062_cov_1.108021	1062	33.71
GC1003827_F11_NODE_10774_length_1062_cov_0.926203	1062	36.35
GC1003827_F11_NODE_10775_length_1061_cov_11.423983	1061	32.61
GC1003827_F11_NODE_10776_length_1061_cov_9.856531	1061	33.36
GC1003827_F11_NODE_10777_length_1061_cov_9.299786	1061	37.79
GC1003827_F11_NODE_10778_length_1061_cov_8.756959	1061	36.85
GC1003827_F11_NODE_10779_length_1061_cov_7.701285	1061	34.59
GC1003827_F11_NODE_10780_length_1061_cov_7.377944	1061	37.61
GC1003827_F11_NODE_10781_length_1061_cov_6.556745	1061	50.52
GC1003827_F11_NODE_10782_length_1061_cov_6.321199	1061	31.29
GC1003827_F11_NODE_10783_length_1061_cov_6.107066	1061	37.98
GC1003827_F11_NODE_10784_length_1061_cov_5.870450	1061	37.70
GC1003827_F11_NODE_10785_length_1061_cov_5.865096	1061	31.29
GC1003827_F11_NODE_10786_length_1061_cov_4.983940	1061	36.95
GC1003827_F11_NODE_10787_length_1061_cov_3.872591	1061	34.21
GC1003827_F11_NODE_10788_length_1061_cov_3.758030	1061	39.30
GC1003827_F11_NODE_10789_length_1061_cov_3.743041	1061	33.46
GC1003827_F11_NODE_10790_length_1061_cov_3.638116	1061	65.03
GC1003827_F11_NODE_10791_length_1061_cov_3.131692	1061	33.55
GC1003827_F11_NODE_10792_length_1061_cov_2.534261	1061	48.16
GC1003827_F11_NODE_10793_length_1061_cov_2.502141	1061	33.27
GC1003827_F11_NODE_10794_length_1061_cov_2.429336	1061	34.68
GC1003827_F11_NODE_10795_length_1061_cov_2.401499	1061	38.36
GC1003827_F11_NODE_10796_length_1061_cov_2.332976	1061	63.05
GC1003827_F11_NODE_10797_length_1061_cov_2.274090	1061	32.42
GC1003827_F11_NODE_10798_length_1061_cov_2.048180	1061	35.16
GC1003827_F11_NODE_10799_length_1061_cov_1.828694	1061	32.42
GC1003827_F11_NODE_10800_length_1061_cov_1.756959	1061	31.39
GC1003827_F11_NODE_10801_length_1061_cov_1.438972	1061	34.31
GC1003827_F11_NODE_10802_length_1061_cov_1.341542	1061	32.42
GC1003827_F11_NODE_10803_length_1061_cov_1.203426	1061	29.03
GC1003827_F11_NODE_10804_length_1061_cov_0.676660	1061	34.40
GC1003827_F11_NODE_10805_length_1060_cov_23.231511	1060	37.64
GC1003827_F11_NODE_10806_length_1060_cov_15.770632	1060	49.43
GC1003827_F11_NODE_10807_length_1060_cov_12.382637	1060	50.85
GC1003827_F11_NODE_10808_length_1060_cov_10.123258	1060	53.11
GC1003827_F11_NODE_10809_length_1060_cov_7.894962	1060	31.23
GC1003827_F11_NODE_10810_length_1060_cov_5.227224	1060	46.89
GC1003827_F11_NODE_10811_length_1060_cov_4.683816	1060	33.87
GC1003827_F11_NODE_10812_length_1060_cov_3.759914	1060	40.00
GC1003827_F11_NODE_10813_length_1060_cov_2.285102	1060	35.00
GC1003827_F11_NODE_10814_length_1060_cov_2.122186	1060	33.96
GC1003827_F11_NODE_10815_length_1060_cov_1.777063	1060	56.23
GC1003827_F11_NODE_10816_length_1060_cov_1.649518	1060	29.06
GC1003827_F11_NODE_10817_length_1060_cov_1.621651	1060	43.68
GC1003827_F11_NODE_10818_length_1060_cov_1.544480	1060	33.02
GC1003827_F11_NODE_10819_length_1060_cov_1.061093	1060	25.00
GC1003827_F11_NODE_10820_length_1060_cov_0.774920	1060	67.55
GC1003827_F11_NODE_10821_length_1059_cov_23.396996	1059	36.54
GC1003827_F11_NODE_10822_length_1059_cov_13.345494	1059	34.09
GC1003827_F11_NODE_10823_length_1059_cov_12.333691	1059	33.99
GC1003827_F11_NODE_10824_length_1059_cov_11.239270	1059	38.81
GC1003827_F11_NODE_10825_length_1059_cov_10.942060	1059	52.12
GC1003827_F11_NODE_10826_length_1059_cov_8.871245	1059	37.96
GC1003827_F11_NODE_10827_length_1059_cov_7.654506	1059	35.03
GC1003827_F11_NODE_10828_length_1059_cov_7.074034	1059	33.99
GC1003827_F11_NODE_10829_length_1059_cov_6.421674	1059	34.18
GC1003827_F11_NODE_10830_length_1059_cov_6.402361	1059	37.49
GC1003827_F11_NODE_10831_length_1059_cov_6.093348	1059	32.29
GC1003827_F11_NODE_10832_length_1059_cov_4.357296	1059	34.18
GC1003827_F11_NODE_10833_length_1059_cov_4.238197	1059	30.97
GC1003827_F11_NODE_10834_length_1059_cov_3.783262	1059	33.43
GC1003827_F11_NODE_10835_length_1059_cov_3.257511	1059	30.69
GC1003827_F11_NODE_10836_length_1059_cov_2.313305	1059	38.05
GC1003827_F11_NODE_10837_length_1059_cov_2.228541	1059	30.31
GC1003827_F11_NODE_10838_length_1059_cov_2.197425	1059	37.58
GC1003827_F11_NODE_10839_length_1059_cov_1.692060	1059	30.97
GC1003827_F11_NODE_10840_length_1059_cov_1.681330	1059	31.82
GC1003827_F11_NODE_10841_length_1059_cov_1.523605	1059	37.58
GC1003827_F11_NODE_10842_length_1059_cov_1.311159	1059	29.37
GC1003827_F11_NODE_10843_length_1058_cov_14.426423	1058	37.24
GC1003827_F11_NODE_10844_length_1058_cov_9.624060	1058	33.93
GC1003827_F11_NODE_10845_length_1058_cov_6.415682	1058	36.11
GC1003827_F11_NODE_10846_length_1058_cov_6.401719	1058	36.58
GC1003827_F11_NODE_10847_length_1058_cov_6.363050	1058	31.66
GC1003827_F11_NODE_10848_length_1058_cov_4.221267	1058	31.10
GC1003827_F11_NODE_10849_length_1058_cov_3.935553	1058	41.78
GC1003827_F11_NODE_10850_length_1058_cov_3.781955	1058	31.85
GC1003827_F11_NODE_10851_length_1058_cov_3.598281	1058	32.14
GC1003827_F11_NODE_10852_length_1058_cov_3.548872	1058	35.26
GC1003827_F11_NODE_10853_length_1058_cov_3.026853	1058	29.87
GC1003827_F11_NODE_10854_length_1058_cov_3.017186	1058	32.51
GC1003827_F11_NODE_10855_length_1058_cov_1.641246	1058	30.72
GC1003827_F11_NODE_10856_length_1058_cov_1.027927	1058	36.01
GC1003827_F11_NODE_10857_length_1058_cov_1.010741	1058	31.85
GC1003827_F11_NODE_10858_length_1058_cov_0.849624	1058	36.96
GC1003827_F11_NODE_10859_length_1057_cov_25.196774	1057	41.34
GC1003827_F11_NODE_10860_length_1057_cov_15.530108	1057	31.98
GC1003827_F11_NODE_10861_length_1057_cov_10.872043	1057	42.57
GC1003827_F11_NODE_10862_length_1057_cov_5.446237	1057	30.18
GC1003827_F11_NODE_10863_length_1057_cov_5.088172	1057	37.37
GC1003827_F11_NODE_10864_length_1057_cov_4.000000	1057	30.09
GC1003827_F11_NODE_10865_length_1057_cov_3.652688	1057	31.69
GC1003827_F11_NODE_10866_length_1057_cov_3.390323	1057	35.86
GC1003827_F11_NODE_10867_length_1057_cov_3.380645	1057	33.11
GC1003827_F11_NODE_10868_length_1057_cov_2.988172	1057	36.05
GC1003827_F11_NODE_10869_length_1057_cov_2.741935	1057	28.19
GC1003827_F11_NODE_10870_length_1057_cov_2.462366	1057	32.54
GC1003827_F11_NODE_10871_length_1057_cov_1.992473	1057	33.11
GC1003827_F11_NODE_10872_length_1057_cov_1.601075	1057	30.09
GC1003827_F11_NODE_10873_length_1057_cov_1.198925	1057	28.86
GC1003827_F11_NODE_10874_length_1057_cov_1.164516	1057	34.25
GC1003827_F11_NODE_10875_length_1056_cov_27.580194	1056	41.38
GC1003827_F11_NODE_10876_length_1056_cov_12.378902	1056	64.96
GC1003827_F11_NODE_10877_length_1056_cov_10.842842	1056	34.85
GC1003827_F11_NODE_10878_length_1056_cov_10.597417	1056	34.09
GC1003827_F11_NODE_10879_length_1056_cov_8.022605	1056	34.85
GC1003827_F11_NODE_10880_length_1056_cov_7.976319	1056	41.67
GC1003827_F11_NODE_10881_length_1056_cov_7.620022	1056	32.48
GC1003827_F11_NODE_10882_length_1056_cov_7.588805	1056	40.53
GC1003827_F11_NODE_10883_length_1056_cov_7.379978	1056	35.13
GC1003827_F11_NODE_10884_length_1056_cov_5.872982	1056	32.77
GC1003827_F11_NODE_10885_length_1056_cov_5.728741	1056	36.74
GC1003827_F11_NODE_10886_length_1056_cov_5.351991	1056	32.01
GC1003827_F11_NODE_10887_length_1056_cov_4.775027	1056	36.55
GC1003827_F11_NODE_10888_length_1056_cov_4.057051	1056	31.53
GC1003827_F11_NODE_10889_length_1056_cov_4.043057	1056	30.21
GC1003827_F11_NODE_10890_length_1056_cov_3.395048	1056	38.92
GC1003827_F11_NODE_10891_length_1056_cov_2.720129	1056	34.94
GC1003827_F11_NODE_10892_length_1056_cov_2.589882	1056	32.01
GC1003827_F11_NODE_10893_length_1056_cov_2.213132	1056	34.09
GC1003827_F11_NODE_10894_length_1056_cov_1.736276	1056	32.58
GC1003827_F11_NODE_10895_length_1056_cov_1.713671	1056	31.91
GC1003827_F11_NODE_10896_length_1056_cov_1.554360	1056	33.33
GC1003827_F11_NODE_10897_length_1056_cov_1.468245	1056	29.26
GC1003827_F11_NODE_10898_length_1055_cov_26.991379	1055	38.20
GC1003827_F11_NODE_10899_length_1055_cov_14.072198	1055	41.71
GC1003827_F11_NODE_10900_length_1055_cov_8.016164	1055	29.76
GC1003827_F11_NODE_10901_length_1055_cov_7.464440	1055	34.98
GC1003827_F11_NODE_10902_length_1055_cov_5.487069	1055	37.06
GC1003827_F11_NODE_10903_length_1055_cov_5.477371	1055	32.61
GC1003827_F11_NODE_10904_length_1055_cov_4.995690	1055	37.91
GC1003827_F11_NODE_10905_length_1055_cov_3.008621	1055	32.51
GC1003827_F11_NODE_10906_length_1055_cov_2.567888	1055	32.70
GC1003827_F11_NODE_10907_length_1055_cov_2.561422	1055	33.65
GC1003827_F11_NODE_10908_length_1055_cov_2.265086	1055	42.09
GC1003827_F11_NODE_10909_length_1055_cov_2.011853	1055	33.65
GC1003827_F11_NODE_10910_length_1055_cov_1.943966	1055	56.49
GC1003827_F11_NODE_10911_length_1055_cov_1.746767	1055	31.66
GC1003827_F11_NODE_10912_length_1055_cov_1.709052	1055	64.83
GC1003827_F11_NODE_10913_length_1055_cov_1.659483	1055	30.71
GC1003827_F11_NODE_10914_length_1055_cov_1.647629	1055	34.60
GC1003827_F11_NODE_10915_length_1055_cov_1.538793	1055	50.43
GC1003827_F11_NODE_10916_length_1055_cov_1.492457	1055	33.27
GC1003827_F11_NODE_10917_length_1055_cov_1.427802	1055	35.83
GC1003827_F11_NODE_10918_length_1055_cov_0.455819	1055	64.17
GC1003827_F11_NODE_10919_length_1054_cov_14.577131	1054	52.75
GC1003827_F11_NODE_10920_length_1054_cov_7.812298	1054	34.91
GC1003827_F11_NODE_10921_length_1054_cov_6.830636	1054	31.40
GC1003827_F11_NODE_10922_length_1054_cov_5.266451	1054	33.02
GC1003827_F11_NODE_10923_length_1054_cov_5.135922	1054	30.83
GC1003827_F11_NODE_10924_length_1054_cov_4.798274	1054	31.02
GC1003827_F11_NODE_10925_length_1054_cov_4.428263	1054	36.91
GC1003827_F11_NODE_10926_length_1054_cov_4.171521	1054	31.40
GC1003827_F11_NODE_10927_length_1054_cov_3.382956	1054	31.59
GC1003827_F11_NODE_10928_length_1054_cov_2.995685	1054	34.82
GC1003827_F11_NODE_10929_length_1054_cov_2.491909	1054	41.84
GC1003827_F11_NODE_10930_length_1054_cov_2.454153	1054	28.37
GC1003827_F11_NODE_10931_length_1054_cov_1.752967	1054	37.10
GC1003827_F11_NODE_10932_length_1054_cov_1.269687	1054	61.39
GC1003827_F11_NODE_10933_length_1054_cov_1.268608	1054	32.35
GC1003827_F11_NODE_10934_length_1054_cov_0.457389	1054	37.38
GC1003827_F11_NODE_10935_length_1053_cov_14.428726	1053	37.61
GC1003827_F11_NODE_10936_length_1053_cov_13.198704	1053	33.62
GC1003827_F11_NODE_10937_length_1053_cov_12.291577	1053	34.28
GC1003827_F11_NODE_10938_length_1053_cov_11.984881	1053	35.99
GC1003827_F11_NODE_10939_length_1053_cov_11.637149	1053	31.53
GC1003827_F11_NODE_10940_length_1053_cov_7.247300	1053	33.71
GC1003827_F11_NODE_10941_length_1053_cov_5.602592	1053	50.81
GC1003827_F11_NODE_10942_length_1053_cov_5.396328	1053	36.56
GC1003827_F11_NODE_10943_length_1053_cov_4.975162	1053	31.72
GC1003827_F11_NODE_10944_length_1053_cov_4.831533	1053	41.12
GC1003827_F11_NODE_10945_length_1053_cov_4.749460	1053	34.09
GC1003827_F11_NODE_10946_length_1053_cov_3.982721	1053	33.24
GC1003827_F11_NODE_10947_length_1053_cov_3.234341	1053	36.85
GC1003827_F11_NODE_10948_length_1053_cov_3.026998	1053	34.85
GC1003827_F11_NODE_10949_length_1053_cov_2.939525	1053	37.61
GC1003827_F11_NODE_10950_length_1053_cov_2.147948	1053	40.27
GC1003827_F11_NODE_10951_length_1053_cov_1.545356	1053	31.15
GC1003827_F11_NODE_10952_length_1053_cov_1.222462	1053	38.18
GC1003827_F11_NODE_10953_length_1053_cov_0.739741	1053	30.29
GC1003827_F11_NODE_10954_length_1053_cov_0.691145	1053	65.72
GC1003827_F11_NODE_10955_length_1052_cov_14.371892	1052	36.22
GC1003827_F11_NODE_10956_length_1052_cov_5.936216	1052	33.27
GC1003827_F11_NODE_10957_length_1052_cov_5.768649	1052	34.51
GC1003827_F11_NODE_10958_length_1052_cov_5.384865	1052	30.51
GC1003827_F11_NODE_10959_length_1052_cov_4.855135	1052	36.98
GC1003827_F11_NODE_10960_length_1052_cov_4.802162	1052	32.89
GC1003827_F11_NODE_10961_length_1052_cov_4.552432	1052	36.88
GC1003827_F11_NODE_10962_length_1052_cov_3.383784	1052	50.10
GC1003827_F11_NODE_10963_length_1052_cov_2.905946	1052	36.60
GC1003827_F11_NODE_10964_length_1052_cov_2.142703	1052	32.98
GC1003827_F11_NODE_10965_length_1052_cov_1.901622	1052	28.14
GC1003827_F11_NODE_10966_length_1052_cov_1.547027	1052	29.94
GC1003827_F11_NODE_10967_length_1052_cov_1.502703	1052	36.41
GC1003827_F11_NODE_10968_length_1052_cov_1.191351	1052	31.56
GC1003827_F11_NODE_10969_length_1051_cov_24.559524	1051	42.25
GC1003827_F11_NODE_10970_length_1051_cov_21.758658	1051	39.96
GC1003827_F11_NODE_10971_length_1051_cov_8.570346	1051	34.44
GC1003827_F11_NODE_10972_length_1051_cov_4.905844	1051	36.54
GC1003827_F11_NODE_10973_length_1051_cov_4.477273	1051	59.85
GC1003827_F11_NODE_10974_length_1051_cov_4.028139	1051	33.59
GC1003827_F11_NODE_10975_length_1051_cov_3.955628	1051	31.97
GC1003827_F11_NODE_10976_length_1051_cov_3.891775	1051	35.78
GC1003827_F11_NODE_10977_length_1051_cov_3.324675	1051	33.40
GC1003827_F11_NODE_10978_length_1051_cov_3.090909	1051	66.98
GC1003827_F11_NODE_10979_length_1051_cov_2.919913	1051	33.40
GC1003827_F11_NODE_10980_length_1051_cov_2.600649	1051	54.90
GC1003827_F11_NODE_10981_length_1051_cov_2.337662	1051	34.92
GC1003827_F11_NODE_10982_length_1051_cov_2.041126	1051	62.70
GC1003827_F11_NODE_10983_length_1051_cov_1.627706	1051	34.54
GC1003827_F11_NODE_10984_length_1051_cov_1.464286	1051	30.73
GC1003827_F11_NODE_10985_length_1051_cov_1.357143	1051	29.88
GC1003827_F11_NODE_10986_length_1051_cov_1.182900	1051	36.06
GC1003827_F11_NODE_10987_length_1050_cov_18.037920	1050	34.67
GC1003827_F11_NODE_10988_length_1050_cov_10.379198	1050	32.76
GC1003827_F11_NODE_10989_length_1050_cov_6.054171	1050	39.33
GC1003827_F11_NODE_10990_length_1050_cov_5.912243	1050	52.86
GC1003827_F11_NODE_10991_length_1050_cov_4.036836	1050	36.48
GC1003827_F11_NODE_10992_length_1050_cov_3.952329	1050	39.62
GC1003827_F11_NODE_10993_length_1050_cov_3.458288	1050	33.33
GC1003827_F11_NODE_10994_length_1050_cov_3.187432	1050	64.76
GC1003827_F11_NODE_10995_length_1050_cov_3.030336	1050	41.71
GC1003827_F11_NODE_10996_length_1050_cov_2.957746	1050	34.00
GC1003827_F11_NODE_10997_length_1050_cov_2.944745	1050	33.43
GC1003827_F11_NODE_10998_length_1050_cov_2.691224	1050	34.29
GC1003827_F11_NODE_10999_length_1050_cov_2.306609	1050	31.52
GC1003827_F11_NODE_11000_length_1050_cov_2.193933	1050	30.95
GC1003827_F11_NODE_11001_length_1050_cov_0.745395	1050	30.67
GC1003827_F11_NODE_11002_length_1049_cov_9.434924	1049	33.46
GC1003827_F11_NODE_11003_length_1049_cov_9.114967	1049	41.85
GC1003827_F11_NODE_11004_length_1049_cov_8.748373	1049	34.41
GC1003827_F11_NODE_11005_length_1049_cov_8.248373	1049	43.85
GC1003827_F11_NODE_11006_length_1049_cov_7.145336	1049	37.56
GC1003827_F11_NODE_11007_length_1049_cov_5.483731	1049	34.80
GC1003827_F11_NODE_11008_length_1049_cov_5.136659	1049	36.22
GC1003827_F11_NODE_11009_length_1049_cov_4.723427	1049	42.61
GC1003827_F11_NODE_11010_length_1049_cov_4.546638	1049	34.99
GC1003827_F11_NODE_11011_length_1049_cov_2.808026	1049	46.71
GC1003827_F11_NODE_11012_length_1049_cov_2.496746	1049	30.89
GC1003827_F11_NODE_11013_length_1049_cov_2.415401	1049	31.65
GC1003827_F11_NODE_11014_length_1049_cov_2.281996	1049	37.46
GC1003827_F11_NODE_11015_length_1049_cov_0.445770	1049	34.41
GC1003827_F11_NODE_11016_length_1048_cov_19.465798	1048	44.08
GC1003827_F11_NODE_11017_length_1048_cov_10.952226	1048	30.25
GC1003827_F11_NODE_11018_length_1048_cov_8.325733	1048	36.26
GC1003827_F11_NODE_11019_length_1048_cov_6.302932	1048	33.11
GC1003827_F11_NODE_11020_length_1048_cov_4.217155	1048	40.84
GC1003827_F11_NODE_11021_length_1048_cov_4.099891	1048	32.82
GC1003827_F11_NODE_11022_length_1048_cov_3.751357	1048	31.11
GC1003827_F11_NODE_11023_length_1048_cov_2.736156	1048	32.63
GC1003827_F11_NODE_11024_length_1048_cov_2.715527	1048	55.63
GC1003827_F11_NODE_11025_length_1048_cov_1.586319	1048	35.02
GC1003827_F11_NODE_11026_length_1048_cov_0.794788	1048	30.82
GC1003827_F11_NODE_11027_length_1047_cov_118.765217	1047	35.53
GC1003827_F11_NODE_11028_length_1047_cov_25.504348	1047	39.54
GC1003827_F11_NODE_11029_length_1047_cov_18.341304	1047	44.03
GC1003827_F11_NODE_11030_length_1047_cov_16.410870	1047	38.30
GC1003827_F11_NODE_11031_length_1047_cov_15.054348	1047	41.36
GC1003827_F11_NODE_11032_length_1047_cov_11.271739	1047	41.17
GC1003827_F11_NODE_11033_length_1047_cov_9.360870	1047	38.97
GC1003827_F11_NODE_11034_length_1047_cov_8.459783	1047	44.22
GC1003827_F11_NODE_11035_length_1047_cov_8.313043	1047	34.96
GC1003827_F11_NODE_11036_length_1047_cov_5.450000	1047	52.15
GC1003827_F11_NODE_11037_length_1047_cov_5.165217	1047	36.58
GC1003827_F11_NODE_11038_length_1047_cov_4.984783	1047	35.15
GC1003827_F11_NODE_11039_length_1047_cov_4.864130	1047	34.10
GC1003827_F11_NODE_11040_length_1047_cov_4.167391	1047	40.50
GC1003827_F11_NODE_11041_length_1047_cov_3.675000	1047	34.77
GC1003827_F11_NODE_11042_length_1047_cov_3.514130	1047	32.76
GC1003827_F11_NODE_11043_length_1047_cov_3.205435	1047	38.40
GC1003827_F11_NODE_11044_length_1047_cov_2.466304	1047	30.09
GC1003827_F11_NODE_11045_length_1047_cov_1.956522	1047	55.87
GC1003827_F11_NODE_11046_length_1047_cov_1.535870	1047	40.50
GC1003827_F11_NODE_11047_length_1047_cov_1.472826	1047	29.23
GC1003827_F11_NODE_11048_length_1047_cov_1.125000	1047	38.30
GC1003827_F11_NODE_11049_length_1046_cov_44.988030	1046	35.37
GC1003827_F11_NODE_11050_length_1046_cov_21.960827	1046	32.22
GC1003827_F11_NODE_11051_length_1046_cov_18.781284	1046	37.19
GC1003827_F11_NODE_11052_length_1046_cov_15.944505	1046	49.71
GC1003827_F11_NODE_11053_length_1046_cov_11.269859	1046	35.09
GC1003827_F11_NODE_11054_length_1046_cov_9.181719	1046	37.09
GC1003827_F11_NODE_11055_length_1046_cov_9.072905	1046	34.61
GC1003827_F11_NODE_11056_length_1046_cov_7.528836	1046	37.19
GC1003827_F11_NODE_11057_length_1046_cov_6.797606	1046	35.56
GC1003827_F11_NODE_11058_length_1046_cov_6.136017	1046	41.30
GC1003827_F11_NODE_11059_length_1046_cov_5.898803	1046	32.79
GC1003827_F11_NODE_11060_length_1046_cov_5.451578	1046	54.21
GC1003827_F11_NODE_11061_length_1046_cov_5.425462	1046	30.11
GC1003827_F11_NODE_11062_length_1046_cov_3.270947	1046	38.72
GC1003827_F11_NODE_11063_length_1046_cov_3.228509	1046	38.24
GC1003827_F11_NODE_11064_length_1046_cov_3.134929	1046	43.21
GC1003827_F11_NODE_11065_length_1046_cov_3.051143	1046	32.89
GC1003827_F11_NODE_11066_length_1046_cov_2.996736	1046	39.39
GC1003827_F11_NODE_11067_length_1046_cov_2.763874	1046	38.72
GC1003827_F11_NODE_11068_length_1046_cov_2.547334	1046	33.75
GC1003827_F11_NODE_11069_length_1046_cov_2.232862	1046	64.82
GC1003827_F11_NODE_11070_length_1046_cov_2.206746	1046	29.35
GC1003827_F11_NODE_11071_length_1046_cov_2.162133	1046	28.39
GC1003827_F11_NODE_11072_length_1046_cov_1.709467	1046	36.81
GC1003827_F11_NODE_11073_length_1046_cov_1.692057	1046	39.01
GC1003827_F11_NODE_11074_length_1046_cov_1.107726	1046	67.50
GC1003827_F11_NODE_11075_length_1045_cov_14.525054	1045	36.84
GC1003827_F11_NODE_11076_length_1045_cov_14.175381	1045	33.30
GC1003827_F11_NODE_11077_length_1045_cov_10.015251	1045	34.26
GC1003827_F11_NODE_11078_length_1045_cov_6.699346	1045	29.57
GC1003827_F11_NODE_11079_length_1045_cov_5.472767	1045	64.31
GC1003827_F11_NODE_11080_length_1045_cov_3.889978	1045	34.55
GC1003827_F11_NODE_11081_length_1045_cov_3.846405	1045	57.99
GC1003827_F11_NODE_11082_length_1045_cov_2.222222	1045	58.28
GC1003827_F11_NODE_11083_length_1045_cov_2.177560	1045	38.85
GC1003827_F11_NODE_11084_length_1045_cov_2.062092	1045	28.52
GC1003827_F11_NODE_11085_length_1045_cov_2.026144	1045	38.85
GC1003827_F11_NODE_11086_length_1045_cov_1.657952	1045	58.66
GC1003827_F11_NODE_11087_length_1045_cov_1.290850	1045	32.54
GC1003827_F11_NODE_11088_length_1045_cov_1.252723	1045	27.85
GC1003827_F11_NODE_11089_length_1045_cov_1.248366	1045	59.33
GC1003827_F11_NODE_11090_length_1045_cov_1.248366	1045	33.78
GC1003827_F11_NODE_11091_length_1044_cov_7.074155	1044	57.38
GC1003827_F11_NODE_11092_length_1044_cov_3.913850	1044	31.32
GC1003827_F11_NODE_11093_length_1044_cov_3.549618	1044	48.47
GC1003827_F11_NODE_11094_length_1044_cov_3.491821	1044	52.11
GC1003827_F11_NODE_11095_length_1044_cov_3.476554	1044	35.73
GC1003827_F11_NODE_11096_length_1044_cov_2.272628	1044	33.72
GC1003827_F11_NODE_11097_length_1044_cov_1.472192	1044	63.03
GC1003827_F11_NODE_11098_length_1044_cov_1.066521	1044	33.33
GC1003827_F11_NODE_11099_length_1043_cov_12.863537	1043	35.38
GC1003827_F11_NODE_11100_length_1043_cov_10.891921	1043	30.78
GC1003827_F11_NODE_11101_length_1043_cov_10.015284	1043	35.19
GC1003827_F11_NODE_11102_length_1043_cov_6.537118	1043	31.74
GC1003827_F11_NODE_11103_length_1043_cov_5.959607	1043	35.28
GC1003827_F11_NODE_11104_length_1043_cov_5.419214	1043	38.73
GC1003827_F11_NODE_11105_length_1043_cov_4.127729	1043	35.57
GC1003827_F11_NODE_11106_length_1043_cov_2.801310	1043	40.94
GC1003827_F11_NODE_11107_length_1043_cov_2.493450	1043	54.46
GC1003827_F11_NODE_11108_length_1043_cov_2.405022	1043	33.17
GC1003827_F11_NODE_11109_length_1043_cov_2.356987	1043	31.16
GC1003827_F11_NODE_11110_length_1043_cov_2.278384	1043	27.42
GC1003827_F11_NODE_11111_length_1043_cov_1.507642	1043	35.00
GC1003827_F11_NODE_11112_length_1043_cov_1.100437	1043	31.45
GC1003827_F11_NODE_11113_length_1043_cov_0.788210	1043	28.48
GC1003827_F11_NODE_11114_length_1042_cov_15.469945	1042	38.29
GC1003827_F11_NODE_11115_length_1042_cov_15.442623	1042	42.13
GC1003827_F11_NODE_11116_length_1042_cov_14.221858	1042	39.16
GC1003827_F11_NODE_11117_length_1042_cov_7.334426	1042	38.39
GC1003827_F11_NODE_11118_length_1042_cov_5.987978	1042	36.28
GC1003827_F11_NODE_11119_length_1042_cov_4.795628	1042	36.47
GC1003827_F11_NODE_11120_length_1042_cov_4.378142	1042	37.14
GC1003827_F11_NODE_11121_length_1042_cov_4.133333	1042	32.82
GC1003827_F11_NODE_11122_length_1042_cov_3.383607	1042	35.80
GC1003827_F11_NODE_11123_length_1042_cov_3.072131	1042	38.00
GC1003827_F11_NODE_11124_length_1042_cov_3.060109	1042	35.03
GC1003827_F11_NODE_11125_length_1042_cov_2.873224	1042	34.55
GC1003827_F11_NODE_11126_length_1042_cov_2.617486	1042	33.21
GC1003827_F11_NODE_11127_length_1042_cov_2.597814	1042	30.23
GC1003827_F11_NODE_11128_length_1042_cov_2.136612	1042	29.75
GC1003827_F11_NODE_11129_length_1042_cov_2.075410	1042	35.80
GC1003827_F11_NODE_11130_length_1042_cov_1.139891	1042	26.87
GC1003827_F11_NODE_11131_length_1042_cov_0.669945	1042	65.16
GC1003827_F11_NODE_11132_length_1041_cov_23.030635	1041	52.74
GC1003827_F11_NODE_11133_length_1041_cov_16.342451	1041	34.58
GC1003827_F11_NODE_11134_length_1041_cov_15.590810	1041	41.11
GC1003827_F11_NODE_11135_length_1041_cov_12.268053	1041	40.92
GC1003827_F11_NODE_11136_length_1041_cov_9.865427	1041	36.98
GC1003827_F11_NODE_11137_length_1041_cov_9.321663	1041	33.62
GC1003827_F11_NODE_11138_length_1041_cov_8.298687	1041	30.26
GC1003827_F11_NODE_11139_length_1041_cov_8.148796	1041	35.93
GC1003827_F11_NODE_11140_length_1041_cov_6.935449	1041	37.85
GC1003827_F11_NODE_11141_length_1041_cov_6.285558	1041	35.73
GC1003827_F11_NODE_11142_length_1041_cov_5.653173	1041	31.70
GC1003827_F11_NODE_11143_length_1041_cov_4.818381	1041	33.72
GC1003827_F11_NODE_11144_length_1041_cov_4.746171	1041	37.46
GC1003827_F11_NODE_11145_length_1041_cov_4.564551	1041	35.64
GC1003827_F11_NODE_11146_length_1041_cov_3.884026	1041	34.87
GC1003827_F11_NODE_11147_length_1041_cov_3.780088	1041	40.44
GC1003827_F11_NODE_11148_length_1041_cov_2.945295	1041	35.25
GC1003827_F11_NODE_11149_length_1041_cov_2.712254	1041	33.91
GC1003827_F11_NODE_11150_length_1041_cov_1.814004	1041	40.63
GC1003827_F11_NODE_11151_length_1041_cov_0.889497	1041	32.37
GC1003827_F11_NODE_11152_length_1041_cov_0.887309	1041	26.42
GC1003827_F11_NODE_11153_length_1040_cov_7.060241	1040	38.08
GC1003827_F11_NODE_11154_length_1040_cov_6.702081	1040	37.50
GC1003827_F11_NODE_11155_length_1040_cov_6.010953	1040	33.56
GC1003827_F11_NODE_11156_length_1040_cov_4.772180	1040	45.96
GC1003827_F11_NODE_11157_length_1040_cov_4.396495	1040	54.52
GC1003827_F11_NODE_11158_length_1040_cov_3.741512	1040	35.10
GC1003827_F11_NODE_11159_length_1040_cov_3.416210	1040	32.69
GC1003827_F11_NODE_11160_length_1040_cov_3.201533	1040	32.98
GC1003827_F11_NODE_11161_length_1040_cov_3.119387	1040	29.81
GC1003827_F11_NODE_11162_length_1040_cov_2.884995	1040	29.42
GC1003827_F11_NODE_11163_length_1040_cov_2.216867	1040	36.44
GC1003827_F11_NODE_11164_length_1040_cov_2.121577	1040	38.37
GC1003827_F11_NODE_11165_length_1040_cov_1.829135	1040	53.85
GC1003827_F11_NODE_11166_length_1040_cov_1.485214	1040	53.46
GC1003827_F11_NODE_11167_length_1040_cov_1.350493	1040	31.54
GC1003827_F11_NODE_11168_length_1040_cov_1.162103	1040	67.98
GC1003827_F11_NODE_11169_length_1040_cov_0.799562	1040	32.60
GC1003827_F11_NODE_11170_length_1039_cov_15.310307	1039	38.11
GC1003827_F11_NODE_11171_length_1039_cov_8.140351	1039	33.21
GC1003827_F11_NODE_11172_length_1039_cov_7.631579	1039	33.40
GC1003827_F11_NODE_11173_length_1039_cov_5.985746	1039	31.67
GC1003827_F11_NODE_11174_length_1039_cov_5.948465	1039	37.34
GC1003827_F11_NODE_11175_length_1039_cov_4.744518	1039	35.23
GC1003827_F11_NODE_11176_length_1039_cov_4.450658	1039	28.87
GC1003827_F11_NODE_11177_length_1039_cov_2.844298	1039	36.48
GC1003827_F11_NODE_11178_length_1039_cov_2.809211	1039	37.63
GC1003827_F11_NODE_11179_length_1039_cov_2.385965	1039	63.04
GC1003827_F11_NODE_11180_length_1039_cov_2.246711	1039	29.84
GC1003827_F11_NODE_11181_length_1039_cov_2.229167	1039	32.92
GC1003827_F11_NODE_11182_length_1039_cov_2.199561	1039	30.90
GC1003827_F11_NODE_11183_length_1039_cov_1.967105	1039	33.49
GC1003827_F11_NODE_11184_length_1039_cov_1.869518	1039	33.30
GC1003827_F11_NODE_11185_length_1039_cov_1.648026	1039	35.23
GC1003827_F11_NODE_11186_length_1039_cov_1.604167	1039	32.63
GC1003827_F11_NODE_11187_length_1038_cov_15.605928	1038	31.89
GC1003827_F11_NODE_11188_length_1038_cov_12.156970	1038	38.25
GC1003827_F11_NODE_11189_length_1038_cov_11.159166	1038	36.90
GC1003827_F11_NODE_11190_length_1038_cov_6.125137	1038	36.42
GC1003827_F11_NODE_11191_length_1038_cov_4.739846	1038	36.42
GC1003827_F11_NODE_11192_length_1038_cov_3.321625	1038	36.42
GC1003827_F11_NODE_11193_length_1038_cov_2.899012	1038	31.89
GC1003827_F11_NODE_11194_length_1038_cov_2.344676	1038	59.73
GC1003827_F11_NODE_11195_length_1038_cov_1.605928	1038	31.60
GC1003827_F11_NODE_11196_length_1038_cov_1.583974	1038	53.85
GC1003827_F11_NODE_11197_length_1038_cov_1.467618	1038	35.74
GC1003827_F11_NODE_11198_length_1038_cov_1.465423	1038	32.18
GC1003827_F11_NODE_11199_length_1038_cov_1.002195	1038	30.44
GC1003827_F11_NODE_11200_length_1038_cov_0.906696	1038	59.73
GC1003827_F11_NODE_11201_length_1038_cov_0.780461	1038	27.84
GC1003827_F11_NODE_11202_length_1037_cov_11.587912	1037	65.77
GC1003827_F11_NODE_11203_length_1037_cov_9.100000	1037	42.04
GC1003827_F11_NODE_11204_length_1037_cov_8.628571	1037	55.93
GC1003827_F11_NODE_11205_length_1037_cov_7.721978	1037	38.86
GC1003827_F11_NODE_11206_length_1037_cov_7.342857	1037	30.18
GC1003827_F11_NODE_11207_length_1037_cov_6.314286	1037	39.44
GC1003827_F11_NODE_11208_length_1037_cov_3.617582	1037	30.28
GC1003827_F11_NODE_11209_length_1037_cov_3.558242	1037	39.54
GC1003827_F11_NODE_11210_length_1037_cov_2.850549	1037	48.70
GC1003827_F11_NODE_11211_length_1037_cov_2.696703	1037	58.92
GC1003827_F11_NODE_11212_length_1037_cov_1.947253	1037	29.80
GC1003827_F11_NODE_11213_length_1037_cov_1.489011	1037	34.04
GC1003827_F11_NODE_11214_length_1037_cov_1.264835	1037	59.21
GC1003827_F11_NODE_11215_length_1037_cov_1.170330	1037	31.05
GC1003827_F11_NODE_11216_length_1037_cov_1.081319	1037	30.76
GC1003827_F11_NODE_11217_length_1037_cov_0.959341	1037	35.20
GC1003827_F11_NODE_11218_length_1037_cov_0.634066	1037	65.00
GC1003827_F11_NODE_11219_length_1036_cov_15.698570	1036	36.68
GC1003827_F11_NODE_11220_length_1036_cov_13.555556	1036	35.91
GC1003827_F11_NODE_11221_length_1036_cov_10.308031	1036	32.34
GC1003827_F11_NODE_11222_length_1036_cov_10.024202	1036	34.94
GC1003827_F11_NODE_11223_length_1036_cov_7.113311	1036	33.30
GC1003827_F11_NODE_11224_length_1036_cov_6.957096	1036	35.62
GC1003827_F11_NODE_11225_length_1036_cov_6.442244	1036	35.42
GC1003827_F11_NODE_11226_length_1036_cov_6.280528	1036	35.04
GC1003827_F11_NODE_11227_length_1036_cov_5.597360	1036	36.87
GC1003827_F11_NODE_11228_length_1036_cov_4.897690	1036	35.62
GC1003827_F11_NODE_11229_length_1036_cov_3.536854	1036	38.32
GC1003827_F11_NODE_11230_length_1036_cov_3.094609	1036	29.92
GC1003827_F11_NODE_11231_length_1036_cov_2.861386	1036	35.04
GC1003827_F11_NODE_11232_length_1036_cov_2.379538	1036	36.78
GC1003827_F11_NODE_11233_length_1036_cov_1.913091	1036	59.56
GC1003827_F11_NODE_11234_length_1036_cov_1.888889	1036	27.51
GC1003827_F11_NODE_11235_length_1036_cov_1.867987	1036	30.12
GC1003827_F11_NODE_11236_length_1036_cov_1.852585	1036	37.74
GC1003827_F11_NODE_11237_length_1036_cov_1.777778	1036	35.14
GC1003827_F11_NODE_11238_length_1036_cov_1.499450	1036	56.37
GC1003827_F11_NODE_11239_length_1036_cov_1.424642	1036	33.59
GC1003827_F11_NODE_11240_length_1036_cov_0.848185	1036	34.75
GC1003827_F11_NODE_11241_length_1035_cov_21.234581	1035	34.59
GC1003827_F11_NODE_11242_length_1035_cov_19.921806	1035	33.33
GC1003827_F11_NODE_11243_length_1035_cov_8.581498	1035	33.62
GC1003827_F11_NODE_11244_length_1035_cov_7.114537	1035	36.81
GC1003827_F11_NODE_11245_length_1035_cov_5.626652	1035	32.17
GC1003827_F11_NODE_11246_length_1035_cov_4.389868	1035	51.79
GC1003827_F11_NODE_11247_length_1035_cov_2.890969	1035	40.68
GC1003827_F11_NODE_11248_length_1035_cov_2.511013	1035	32.46
GC1003827_F11_NODE_11249_length_1035_cov_2.440529	1035	30.53
GC1003827_F11_NODE_11250_length_1035_cov_1.830396	1035	29.66
GC1003827_F11_NODE_11251_length_1035_cov_1.794053	1035	29.18
GC1003827_F11_NODE_11252_length_1035_cov_1.716960	1035	27.34
GC1003827_F11_NODE_11253_length_1035_cov_1.409692	1035	39.61
GC1003827_F11_NODE_11254_length_1035_cov_1.325991	1035	27.44
GC1003827_F11_NODE_11255_length_1035_cov_1.209251	1035	40.58
GC1003827_F11_NODE_11256_length_1035_cov_0.726872	1035	69.86
GC1003827_F11_NODE_11257_length_1034_cov_15.232635	1034	34.24
GC1003827_F11_NODE_11258_length_1034_cov_9.748622	1034	37.14
GC1003827_F11_NODE_11259_length_1034_cov_6.930540	1034	33.56
GC1003827_F11_NODE_11260_length_1034_cov_6.577729	1034	30.95
GC1003827_F11_NODE_11261_length_1034_cov_4.813671	1034	37.43
GC1003827_F11_NODE_11262_length_1034_cov_4.805954	1034	29.79
GC1003827_F11_NODE_11263_length_1034_cov_4.422271	1034	32.69
GC1003827_F11_NODE_11264_length_1034_cov_3.291069	1034	37.43
GC1003827_F11_NODE_11265_length_1034_cov_2.938258	1034	35.88
GC1003827_F11_NODE_11266_length_1034_cov_2.733186	1034	33.56
GC1003827_F11_NODE_11267_length_1034_cov_2.684675	1034	30.56
GC1003827_F11_NODE_11268_length_1034_cov_2.608600	1034	31.72
GC1003827_F11_NODE_11269_length_1034_cov_1.936053	1034	33.46
GC1003827_F11_NODE_11270_length_1034_cov_1.732084	1034	29.59
GC1003827_F11_NODE_11271_length_1034_cov_1.151047	1034	32.98
GC1003827_F11_NODE_11272_length_1033_cov_15.986755	1033	37.95
GC1003827_F11_NODE_11273_length_1033_cov_8.689845	1033	34.56
GC1003827_F11_NODE_11274_length_1033_cov_5.459161	1033	60.99
GC1003827_F11_NODE_11275_length_1033_cov_4.259382	1033	33.30
GC1003827_F11_NODE_11276_length_1033_cov_3.239514	1033	35.43
GC1003827_F11_NODE_11277_length_1033_cov_1.652318	1033	33.01
GC1003827_F11_NODE_11278_length_1033_cov_1.532009	1033	43.56
GC1003827_F11_NODE_11279_length_1033_cov_0.831126	1033	66.60
GC1003827_F11_NODE_11280_length_1032_cov_18.564641	1032	37.60
GC1003827_F11_NODE_11281_length_1032_cov_17.485083	1032	39.53
GC1003827_F11_NODE_11282_length_1032_cov_14.792265	1032	34.40
GC1003827_F11_NODE_11283_length_1032_cov_10.222099	1032	40.41
GC1003827_F11_NODE_11284_length_1032_cov_9.542541	1032	33.04
GC1003827_F11_NODE_11285_length_1032_cov_7.942541	1032	35.85
GC1003827_F11_NODE_11286_length_1032_cov_7.039779	1032	38.28
GC1003827_F11_NODE_11287_length_1032_cov_5.983425	1032	42.44
GC1003827_F11_NODE_11288_length_1032_cov_5.587845	1032	36.14
GC1003827_F11_NODE_11289_length_1032_cov_3.762431	1032	34.50
GC1003827_F11_NODE_11290_length_1032_cov_3.303867	1032	62.50
GC1003827_F11_NODE_11291_length_1032_cov_2.998895	1032	32.27
GC1003827_F11_NODE_11292_length_1032_cov_2.919337	1032	38.57
GC1003827_F11_NODE_11293_length_1032_cov_2.483978	1032	27.23
GC1003827_F11_NODE_11294_length_1032_cov_2.075138	1032	32.07
GC1003827_F11_NODE_11295_length_1032_cov_1.690608	1032	31.40
GC1003827_F11_NODE_11296_length_1032_cov_1.249724	1032	30.72
GC1003827_F11_NODE_11297_length_1032_cov_1.130387	1032	34.88
GC1003827_F11_NODE_11298_length_1031_cov_20.596239	1031	35.69
GC1003827_F11_NODE_11299_length_1031_cov_17.391593	1031	42.68
GC1003827_F11_NODE_11300_length_1031_cov_15.342920	1031	64.60
GC1003827_F11_NODE_11301_length_1031_cov_13.360619	1031	34.53
GC1003827_F11_NODE_11302_length_1031_cov_12.917035	1031	40.16
GC1003827_F11_NODE_11303_length_1031_cov_8.360619	1031	36.47
GC1003827_F11_NODE_11304_length_1031_cov_6.878319	1031	37.34
GC1003827_F11_NODE_11305_length_1031_cov_5.180310	1031	35.89
GC1003827_F11_NODE_11306_length_1031_cov_3.689159	1031	31.72
GC1003827_F11_NODE_11307_length_1031_cov_3.617257	1031	42.97
GC1003827_F11_NODE_11308_length_1031_cov_2.894912	1031	35.69
GC1003827_F11_NODE_11309_length_1031_cov_2.099558	1031	33.56
GC1003827_F11_NODE_11310_length_1031_cov_2.009956	1031	33.75
GC1003827_F11_NODE_11311_length_1031_cov_1.992257	1031	33.37
GC1003827_F11_NODE_11312_length_1031_cov_1.705752	1031	33.27
GC1003827_F11_NODE_11313_length_1031_cov_1.571903	1031	44.62
GC1003827_F11_NODE_11314_length_1031_cov_1.211283	1031	68.96
GC1003827_F11_NODE_11315_length_1031_cov_0.950221	1031	29.68
GC1003827_F11_NODE_11316_length_1031_cov_0.840708	1031	28.52
GC1003827_F11_NODE_11317_length_1030_cov_21.568106	1030	45.15
GC1003827_F11_NODE_11318_length_1030_cov_18.600221	1030	33.30
GC1003827_F11_NODE_11319_length_1030_cov_13.805094	1030	39.81
GC1003827_F11_NODE_11320_length_1030_cov_11.560354	1030	34.76
GC1003827_F11_NODE_11321_length_1030_cov_3.594684	1030	38.64
GC1003827_F11_NODE_11322_length_1030_cov_2.497231	1030	33.69
GC1003827_F11_NODE_11323_length_1030_cov_2.176080	1030	33.20
GC1003827_F11_NODE_11324_length_1030_cov_1.533776	1030	34.08
GC1003827_F11_NODE_11325_length_1029_cov_30.085366	1029	41.98
GC1003827_F11_NODE_11326_length_1029_cov_19.024390	1029	37.71
GC1003827_F11_NODE_11327_length_1029_cov_10.840355	1029	39.46
GC1003827_F11_NODE_11328_length_1029_cov_8.582040	1029	39.55
GC1003827_F11_NODE_11329_length_1029_cov_6.754989	1029	60.84
GC1003827_F11_NODE_11330_length_1029_cov_4.407982	1029	40.91
GC1003827_F11_NODE_11331_length_1029_cov_4.293792	1029	36.15
GC1003827_F11_NODE_11332_length_1029_cov_3.002217	1029	29.83
GC1003827_F11_NODE_11333_length_1029_cov_2.536585	1029	34.69
GC1003827_F11_NODE_11334_length_1029_cov_2.390244	1029	47.91
GC1003827_F11_NODE_11335_length_1029_cov_2.335920	1029	31.20
GC1003827_F11_NODE_11336_length_1029_cov_1.741685	1029	37.71
GC1003827_F11_NODE_11337_length_1029_cov_1.523282	1029	33.92
GC1003827_F11_NODE_11338_length_1029_cov_0.625277	1029	34.99
GC1003827_F11_NODE_11339_length_1029_cov_0.615299	1029	54.52
GC1003827_F11_NODE_11340_length_1028_cov_18.146504	1028	40.27
GC1003827_F11_NODE_11341_length_1028_cov_13.760266	1028	54.38
GC1003827_F11_NODE_11342_length_1028_cov_11.639290	1028	40.18
GC1003827_F11_NODE_11343_length_1028_cov_10.963374	1028	32.20
GC1003827_F11_NODE_11344_length_1028_cov_9.057714	1028	45.72
GC1003827_F11_NODE_11345_length_1028_cov_8.208657	1028	33.66
GC1003827_F11_NODE_11346_length_1028_cov_6.178690	1028	59.24
GC1003827_F11_NODE_11347_length_1028_cov_3.862375	1028	31.42
GC1003827_F11_NODE_11348_length_1028_cov_3.668147	1028	48.25
GC1003827_F11_NODE_11349_length_1028_cov_3.122087	1028	37.06
GC1003827_F11_NODE_11350_length_1028_cov_2.794673	1028	35.02
GC1003827_F11_NODE_11351_length_1028_cov_2.499445	1028	33.95
GC1003827_F11_NODE_11352_length_1028_cov_2.439512	1028	64.40
GC1003827_F11_NODE_11353_length_1028_cov_1.597114	1028	29.86
GC1003827_F11_NODE_11354_length_1028_cov_1.500555	1028	32.59
GC1003827_F11_NODE_11355_length_1028_cov_1.386238	1028	29.96
GC1003827_F11_NODE_11356_length_1027_cov_15.728889	1027	41.48
GC1003827_F11_NODE_11357_length_1027_cov_12.655556	1027	34.86
GC1003827_F11_NODE_11358_length_1027_cov_10.607778	1027	30.38
GC1003827_F11_NODE_11359_length_1027_cov_7.724444	1027	38.17
GC1003827_F11_NODE_11360_length_1027_cov_4.387778	1027	36.03
GC1003827_F11_NODE_11361_length_1027_cov_4.277778	1027	32.23
GC1003827_F11_NODE_11362_length_1027_cov_4.134444	1027	49.76
GC1003827_F11_NODE_11363_length_1027_cov_3.816667	1027	30.28
GC1003827_F11_NODE_11364_length_1027_cov_3.027778	1027	32.33
GC1003827_F11_NODE_11365_length_1027_cov_2.640000	1027	32.52
GC1003827_F11_NODE_11366_length_1027_cov_2.610000	1027	35.25
GC1003827_F11_NODE_11367_length_1027_cov_2.451111	1027	36.03
GC1003827_F11_NODE_11368_length_1027_cov_1.703333	1027	43.04
GC1003827_F11_NODE_11369_length_1027_cov_1.656667	1027	33.50
GC1003827_F11_NODE_11370_length_1027_cov_1.233333	1027	33.69
GC1003827_F11_NODE_11371_length_1027_cov_1.141111	1027	35.35
GC1003827_F11_NODE_11372_length_1027_cov_0.683333	1027	34.66
GC1003827_F11_NODE_11373_length_1027_cov_0.476667	1027	30.57
GC1003827_F11_NODE_11374_length_1026_cov_11.903226	1026	34.70
GC1003827_F11_NODE_11375_length_1026_cov_9.905451	1026	32.46
GC1003827_F11_NODE_11376_length_1026_cov_8.596218	1026	37.33
GC1003827_F11_NODE_11377_length_1026_cov_5.368187	1026	59.36
GC1003827_F11_NODE_11378_length_1026_cov_5.279199	1026	32.75
GC1003827_F11_NODE_11379_length_1026_cov_5.127920	1026	29.53
GC1003827_F11_NODE_11380_length_1026_cov_4.226919	1026	34.70
GC1003827_F11_NODE_11381_length_1026_cov_3.976641	1026	29.82
GC1003827_F11_NODE_11382_length_1026_cov_3.487208	1026	36.74
GC1003827_F11_NODE_11383_length_1026_cov_3.264739	1026	31.38
GC1003827_F11_NODE_11384_length_1026_cov_2.883204	1026	30.41
GC1003827_F11_NODE_11385_length_1026_cov_2.766407	1026	61.89
GC1003827_F11_NODE_11386_length_1026_cov_2.438265	1026	38.99
GC1003827_F11_NODE_11387_length_1026_cov_2.095662	1026	68.32
GC1003827_F11_NODE_11388_length_1026_cov_1.760845	1026	30.70
GC1003827_F11_NODE_11389_length_1026_cov_1.557286	1026	47.47
GC1003827_F11_NODE_11390_length_1026_cov_1.486096	1026	30.70
GC1003827_F11_NODE_11391_length_1026_cov_1.288098	1026	37.04
GC1003827_F11_NODE_11392_length_1026_cov_0.917686	1026	63.26
GC1003827_F11_NODE_11393_length_1025_cov_11.253898	1025	38.93
GC1003827_F11_NODE_11394_length_1025_cov_10.407572	1025	37.37
GC1003827_F11_NODE_11395_length_1025_cov_7.959911	1025	37.17
GC1003827_F11_NODE_11396_length_1025_cov_5.577951	1025	30.73
GC1003827_F11_NODE_11397_length_1025_cov_2.305122	1025	35.41
GC1003827_F11_NODE_11398_length_1025_cov_2.208241	1025	30.63
GC1003827_F11_NODE_11399_length_1025_cov_2.054566	1025	48.78
GC1003827_F11_NODE_11400_length_1025_cov_1.759465	1025	34.15
GC1003827_F11_NODE_11401_length_1025_cov_0.845212	1025	35.51
GC1003827_F11_NODE_11402_length_1025_cov_0.789532	1025	29.37
GC1003827_F11_NODE_11403_length_1025_cov_0.586860	1025	35.51
GC1003827_F11_NODE_11404_length_1024_cov_12.178372	1024	37.21
GC1003827_F11_NODE_11405_length_1024_cov_10.258640	1024	43.95
GC1003827_F11_NODE_11406_length_1024_cov_7.419175	1024	36.72
GC1003827_F11_NODE_11407_length_1024_cov_6.744705	1024	35.55
GC1003827_F11_NODE_11408_length_1024_cov_2.904125	1024	32.52
GC1003827_F11_NODE_11409_length_1024_cov_2.236343	1024	33.79
GC1003827_F11_NODE_11410_length_1024_cov_2.080268	1024	34.67
GC1003827_F11_NODE_11411_length_1024_cov_2.039019	1024	32.13
GC1003827_F11_NODE_11412_length_1024_cov_2.004459	1024	31.74
GC1003827_F11_NODE_11413_length_1024_cov_1.647715	1024	69.43
GC1003827_F11_NODE_11414_length_1024_cov_1.538462	1024	35.35
GC1003827_F11_NODE_11415_length_1024_cov_1.479376	1024	60.84
GC1003827_F11_NODE_11416_length_1024_cov_1.333333	1024	37.50
GC1003827_F11_NODE_11417_length_1024_cov_0.919732	1024	31.64
GC1003827_F11_NODE_11418_length_1024_cov_0.897436	1024	66.80
GC1003827_F11_NODE_11419_length_1023_cov_12.823661	1023	33.53
GC1003827_F11_NODE_11420_length_1023_cov_10.099330	1023	40.47
GC1003827_F11_NODE_11421_length_1023_cov_7.864955	1023	31.28
GC1003827_F11_NODE_11422_length_1023_cov_6.390625	1023	34.02
GC1003827_F11_NODE_11423_length_1023_cov_5.685268	1023	35.48
GC1003827_F11_NODE_11424_length_1023_cov_5.396205	1023	30.01
GC1003827_F11_NODE_11425_length_1023_cov_5.143973	1023	34.41
GC1003827_F11_NODE_11426_length_1023_cov_4.745536	1023	33.24
GC1003827_F11_NODE_11427_length_1023_cov_4.014509	1023	31.18
GC1003827_F11_NODE_11428_length_1023_cov_3.914062	1023	35.00
GC1003827_F11_NODE_11429_length_1023_cov_3.102679	1023	38.22
GC1003827_F11_NODE_11430_length_1023_cov_2.547991	1023	32.55
GC1003827_F11_NODE_11431_length_1023_cov_2.233259	1023	35.78
GC1003827_F11_NODE_11432_length_1023_cov_2.179688	1023	32.06
GC1003827_F11_NODE_11433_length_1023_cov_1.672991	1023	29.72
GC1003827_F11_NODE_11434_length_1023_cov_1.662946	1023	65.10
GC1003827_F11_NODE_11435_length_1023_cov_1.238839	1023	29.33
GC1003827_F11_NODE_11436_length_1023_cov_0.877232	1023	29.13
GC1003827_F11_NODE_11437_length_1023_cov_0.629464	1023	30.30
GC1003827_F11_NODE_11438_length_1023_cov_0.616071	1023	30.30
GC1003827_F11_NODE_11439_length_1022_cov_10.824581	1022	36.89
GC1003827_F11_NODE_11440_length_1022_cov_10.328492	1022	39.24
GC1003827_F11_NODE_11441_length_1022_cov_10.017877	1022	46.67
GC1003827_F11_NODE_11442_length_1022_cov_7.395531	1022	37.87
GC1003827_F11_NODE_11443_length_1022_cov_5.487151	1022	30.63
GC1003827_F11_NODE_11444_length_1022_cov_5.254749	1022	34.15
GC1003827_F11_NODE_11445_length_1022_cov_5.178771	1022	29.84
GC1003827_F11_NODE_11446_length_1022_cov_5.173184	1022	29.26
GC1003827_F11_NODE_11447_length_1022_cov_4.118436	1022	32.39
GC1003827_F11_NODE_11448_length_1022_cov_3.680447	1022	34.54
GC1003827_F11_NODE_11449_length_1022_cov_3.200000	1022	30.92
GC1003827_F11_NODE_11450_length_1022_cov_3.146369	1022	35.23
GC1003827_F11_NODE_11451_length_1022_cov_2.430168	1022	33.17
GC1003827_F11_NODE_11452_length_1022_cov_2.033520	1022	65.07
GC1003827_F11_NODE_11453_length_1022_cov_1.134078	1022	34.44
GC1003827_F11_NODE_11454_length_1021_cov_20.014541	1021	38.59
GC1003827_F11_NODE_11455_length_1021_cov_9.506711	1021	36.43
GC1003827_F11_NODE_11456_length_1021_cov_8.922819	1021	36.63
GC1003827_F11_NODE_11457_length_1021_cov_7.116331	1021	36.04
GC1003827_F11_NODE_11458_length_1021_cov_6.918345	1021	33.99
GC1003827_F11_NODE_11459_length_1021_cov_6.581655	1021	32.22
GC1003827_F11_NODE_11460_length_1021_cov_5.692394	1021	31.73
GC1003827_F11_NODE_11461_length_1021_cov_4.642058	1021	32.42
GC1003827_F11_NODE_11462_length_1021_cov_4.558166	1021	33.89
GC1003827_F11_NODE_11463_length_1021_cov_2.986577	1021	37.90
GC1003827_F11_NODE_11464_length_1021_cov_2.590604	1021	36.34
GC1003827_F11_NODE_11465_length_1021_cov_2.454139	1021	35.85
GC1003827_F11_NODE_11466_length_1021_cov_2.183445	1021	31.24
GC1003827_F11_NODE_11467_length_1021_cov_1.240492	1021	34.57
GC1003827_F11_NODE_11468_length_1021_cov_1.233781	1021	33.89
GC1003827_F11_NODE_11469_length_1021_cov_1.183445	1021	31.05
GC1003827_F11_NODE_11470_length_1021_cov_1.171141	1021	32.22
GC1003827_F11_NODE_11471_length_1021_cov_1.029083	1021	31.64
GC1003827_F11_NODE_11472_length_1021_cov_1.021253	1021	32.42
GC1003827_F11_NODE_11473_length_1021_cov_0.789709	1021	33.10
GC1003827_F11_NODE_11474_length_1020_cov_27.695409	1020	43.14
GC1003827_F11_NODE_11475_length_1020_cov_26.855543	1020	40.29
GC1003827_F11_NODE_11476_length_1020_cov_17.144457	1020	39.71
GC1003827_F11_NODE_11477_length_1020_cov_15.552072	1020	53.24
GC1003827_F11_NODE_11478_length_1020_cov_12.147816	1020	35.39
GC1003827_F11_NODE_11479_length_1020_cov_8.752520	1020	32.35
GC1003827_F11_NODE_11480_length_1020_cov_8.080627	1020	31.67
GC1003827_F11_NODE_11481_length_1020_cov_6.394177	1020	31.76
GC1003827_F11_NODE_11482_length_1020_cov_5.294513	1020	37.84
GC1003827_F11_NODE_11483_length_1020_cov_5.131019	1020	30.49
GC1003827_F11_NODE_11484_length_1020_cov_4.539754	1020	36.96
GC1003827_F11_NODE_11485_length_1020_cov_3.251960	1020	30.88
GC1003827_F11_NODE_11486_length_1020_cov_3.150056	1020	36.67
GC1003827_F11_NODE_11487_length_1020_cov_3.041433	1020	32.25
GC1003827_F11_NODE_11488_length_1020_cov_2.920493	1020	35.39
GC1003827_F11_NODE_11489_length_1020_cov_2.866741	1020	41.18
GC1003827_F11_NODE_11490_length_1020_cov_2.630459	1020	64.31
GC1003827_F11_NODE_11491_length_1020_cov_2.581187	1020	30.10
GC1003827_F11_NODE_11492_length_1020_cov_2.426652	1020	56.08
GC1003827_F11_NODE_11493_length_1020_cov_1.589026	1020	33.14
GC1003827_F11_NODE_11494_length_1020_cov_1.464726	1020	31.27
GC1003827_F11_NODE_11495_length_1020_cov_1.164614	1020	30.39
GC1003827_F11_NODE_11496_length_1020_cov_1.088466	1020	46.86
GC1003827_F11_NODE_11497_length_1020_cov_0.996641	1020	66.76
GC1003827_F11_NODE_11498_length_1020_cov_0.681971	1020	37.84
GC1003827_F11_NODE_11499_length_1019_cov_26.735426	1019	42.00
GC1003827_F11_NODE_11500_length_1019_cov_17.647982	1019	35.72
GC1003827_F11_NODE_11501_length_1019_cov_6.854260	1019	42.20
GC1003827_F11_NODE_11502_length_1019_cov_6.082960	1019	60.94
GC1003827_F11_NODE_11503_length_1019_cov_3.228700	1019	35.23
GC1003827_F11_NODE_11504_length_1019_cov_2.994395	1019	34.45
GC1003827_F11_NODE_11505_length_1019_cov_2.809417	1019	29.44
GC1003827_F11_NODE_11506_length_1019_cov_2.547085	1019	38.47
GC1003827_F11_NODE_11507_length_1019_cov_2.318386	1019	38.47
GC1003827_F11_NODE_11508_length_1019_cov_2.308296	1019	31.21
GC1003827_F11_NODE_11509_length_1019_cov_2.170404	1019	34.54
GC1003827_F11_NODE_11510_length_1019_cov_2.004484	1019	35.03
GC1003827_F11_NODE_11511_length_1019_cov_1.639013	1019	28.26
GC1003827_F11_NODE_11512_length_1019_cov_1.558296	1019	35.23
GC1003827_F11_NODE_11513_length_1019_cov_1.458520	1019	35.72
GC1003827_F11_NODE_11514_length_1019_cov_1.264574	1019	34.05
GC1003827_F11_NODE_11515_length_1019_cov_0.894619	1019	55.35
GC1003827_F11_NODE_11516_length_1019_cov_0.671525	1019	70.36
GC1003827_F11_NODE_11517_length_1019_cov_0.623318	1019	27.28
GC1003827_F11_NODE_11518_length_1019_cov_0.622197	1019	29.64
GC1003827_F11_NODE_11519_length_1018_cov_12.552189	1018	33.01
GC1003827_F11_NODE_11520_length_1018_cov_11.918070	1018	29.67
GC1003827_F11_NODE_11521_length_1018_cov_10.946128	1018	30.55
GC1003827_F11_NODE_11522_length_1018_cov_8.896745	1018	34.18
GC1003827_F11_NODE_11523_length_1018_cov_8.766554	1018	39.98
GC1003827_F11_NODE_11524_length_1018_cov_6.054994	1018	30.55
GC1003827_F11_NODE_11525_length_1018_cov_4.481481	1018	31.53
GC1003827_F11_NODE_11526_length_1018_cov_3.604938	1018	36.44
GC1003827_F11_NODE_11527_length_1018_cov_3.295174	1018	33.50
GC1003827_F11_NODE_11528_length_1018_cov_2.434343	1018	51.28
GC1003827_F11_NODE_11529_length_1018_cov_2.294052	1018	29.57
GC1003827_F11_NODE_11530_length_1018_cov_1.932660	1018	31.43
GC1003827_F11_NODE_11531_length_1018_cov_1.831650	1018	30.94
GC1003827_F11_NODE_11532_length_1018_cov_1.814815	1018	33.30
GC1003827_F11_NODE_11533_length_1018_cov_1.666667	1018	30.06
GC1003827_F11_NODE_11534_length_1018_cov_1.639731	1018	33.89
GC1003827_F11_NODE_11535_length_1018_cov_1.606061	1018	39.88
GC1003827_F11_NODE_11536_length_1017_cov_10.061798	1017	39.33
GC1003827_F11_NODE_11537_length_1017_cov_8.443820	1017	41.20
GC1003827_F11_NODE_11538_length_1017_cov_7.573034	1017	34.81
GC1003827_F11_NODE_11539_length_1017_cov_5.373034	1017	31.56
GC1003827_F11_NODE_11540_length_1017_cov_4.340449	1017	39.82
GC1003827_F11_NODE_11541_length_1017_cov_3.957303	1017	31.66
GC1003827_F11_NODE_11542_length_1017_cov_2.965169	1017	33.04
GC1003827_F11_NODE_11543_length_1017_cov_2.497753	1017	38.35
GC1003827_F11_NODE_11544_length_1017_cov_2.452809	1017	34.32
GC1003827_F11_NODE_11545_length_1017_cov_1.920225	1017	29.79
GC1003827_F11_NODE_11546_length_1017_cov_1.401124	1017	28.91
GC1003827_F11_NODE_11547_length_1017_cov_1.300000	1017	35.40
GC1003827_F11_NODE_11548_length_1017_cov_1.164045	1017	29.79
GC1003827_F11_NODE_11549_length_1017_cov_1.153933	1017	29.40
GC1003827_F11_NODE_11550_length_1017_cov_1.149438	1017	31.17
GC1003827_F11_NODE_11551_length_1017_cov_1.143820	1017	36.58
GC1003827_F11_NODE_11552_length_1016_cov_26.101237	1016	36.61
GC1003827_F11_NODE_11553_length_1016_cov_21.390326	1016	33.17
GC1003827_F11_NODE_11554_length_1016_cov_19.229471	1016	32.87
GC1003827_F11_NODE_11555_length_1016_cov_11.115861	1016	34.06
GC1003827_F11_NODE_11556_length_1016_cov_7.520810	1016	48.03
GC1003827_F11_NODE_11557_length_1016_cov_6.901012	1016	64.07
GC1003827_F11_NODE_11558_length_1016_cov_5.473566	1016	38.48
GC1003827_F11_NODE_11559_length_1016_cov_5.210349	1016	37.60
GC1003827_F11_NODE_11560_length_1016_cov_5.176603	1016	63.68
GC1003827_F11_NODE_11561_length_1016_cov_5.076490	1016	36.42
GC1003827_F11_NODE_11562_length_1016_cov_5.025872	1016	38.09
GC1003827_F11_NODE_11563_length_1016_cov_3.883015	1016	38.39
GC1003827_F11_NODE_11564_length_1016_cov_3.047244	1016	64.76
GC1003827_F11_NODE_11565_length_1016_cov_2.390326	1016	29.43
GC1003827_F11_NODE_11566_length_1016_cov_1.928009	1016	39.17
GC1003827_F11_NODE_11567_length_1016_cov_1.572553	1016	33.17
GC1003827_F11_NODE_11568_length_1016_cov_0.789651	1016	55.61
GC1003827_F11_NODE_11569_length_1016_cov_0.643420	1016	32.28
GC1003827_F11_NODE_11570_length_1015_cov_50.782658	1015	40.20
GC1003827_F11_NODE_11571_length_1015_cov_15.088964	1015	38.72
GC1003827_F11_NODE_11572_length_1015_cov_14.725225	1015	41.67
GC1003827_F11_NODE_11573_length_1015_cov_14.394144	1015	36.06
GC1003827_F11_NODE_11574_length_1015_cov_9.950450	1015	37.64
GC1003827_F11_NODE_11575_length_1015_cov_9.600225	1015	37.64
GC1003827_F11_NODE_11576_length_1015_cov_6.721847	1015	35.76
GC1003827_F11_NODE_11577_length_1015_cov_5.257883	1015	51.13
GC1003827_F11_NODE_11578_length_1015_cov_4.693694	1015	29.85
GC1003827_F11_NODE_11579_length_1015_cov_4.275901	1015	31.92
GC1003827_F11_NODE_11580_length_1015_cov_3.594595	1015	32.12
GC1003827_F11_NODE_11581_length_1015_cov_3.135135	1015	34.58
GC1003827_F11_NODE_11582_length_1015_cov_2.672297	1015	55.27
GC1003827_F11_NODE_11583_length_1015_cov_2.521396	1015	34.48
GC1003827_F11_NODE_11584_length_1015_cov_2.511261	1015	57.83
GC1003827_F11_NODE_11585_length_1015_cov_2.362613	1015	64.53
GC1003827_F11_NODE_11586_length_1015_cov_1.846847	1015	33.20
GC1003827_F11_NODE_11587_length_1015_cov_1.728604	1015	37.24
GC1003827_F11_NODE_11588_length_1015_cov_1.693694	1015	30.84
GC1003827_F11_NODE_11589_length_1015_cov_1.638514	1015	30.84
GC1003827_F11_NODE_11590_length_1015_cov_1.286036	1015	31.72
GC1003827_F11_NODE_11591_length_1015_cov_1.273649	1015	27.49
GC1003827_F11_NODE_11592_length_1015_cov_1.212838	1015	35.07
GC1003827_F11_NODE_11593_length_1015_cov_0.845721	1015	29.66
GC1003827_F11_NODE_11594_length_1015_cov_0.759009	1015	36.55
GC1003827_F11_NODE_11595_length_1014_cov_36.395716	1014	36.19
GC1003827_F11_NODE_11596_length_1014_cov_11.580609	1014	39.05
GC1003827_F11_NODE_11597_length_1014_cov_7.711387	1014	30.28
GC1003827_F11_NODE_11598_length_1014_cov_7.304397	1014	62.23
GC1003827_F11_NODE_11599_length_1014_cov_6.979707	1014	37.38
GC1003827_F11_NODE_11600_length_1014_cov_6.625705	1014	34.62
GC1003827_F11_NODE_11601_length_1014_cov_6.164600	1014	35.70
GC1003827_F11_NODE_11602_length_1014_cov_4.735062	1014	33.53
GC1003827_F11_NODE_11603_length_1014_cov_4.243517	1014	63.12
GC1003827_F11_NODE_11604_length_1014_cov_4.126268	1014	39.15
GC1003827_F11_NODE_11605_length_1014_cov_3.662909	1014	40.34
GC1003827_F11_NODE_11606_length_1014_cov_2.780158	1014	37.18
GC1003827_F11_NODE_11607_length_1014_cov_2.632469	1014	64.69
GC1003827_F11_NODE_11608_length_1014_cov_2.092446	1014	29.59
GC1003827_F11_NODE_11609_length_1014_cov_1.868095	1014	31.07
GC1003827_F11_NODE_11610_length_1014_cov_1.801578	1014	32.15
GC1003827_F11_NODE_11611_length_1014_cov_1.515220	1014	65.58
GC1003827_F11_NODE_11612_length_1014_cov_1.219842	1014	35.80
GC1003827_F11_NODE_11613_length_1014_cov_0.992108	1014	32.64
GC1003827_F11_NODE_11614_length_1014_cov_0.595265	1014	25.05
GC1003827_F11_NODE_11615_length_1013_cov_9.189616	1013	36.53
GC1003827_F11_NODE_11616_length_1013_cov_7.336343	1013	31.69
GC1003827_F11_NODE_11617_length_1013_cov_6.792325	1013	36.23
GC1003827_F11_NODE_11618_length_1013_cov_6.294582	1013	34.06
GC1003827_F11_NODE_11619_length_1013_cov_4.916479	1013	35.34
GC1003827_F11_NODE_11620_length_1013_cov_4.890519	1013	29.42
GC1003827_F11_NODE_11621_length_1013_cov_4.124153	1013	37.41
GC1003827_F11_NODE_11622_length_1013_cov_3.926637	1013	33.07
GC1003827_F11_NODE_11623_length_1013_cov_2.897291	1013	28.13
GC1003827_F11_NODE_11624_length_1013_cov_2.722348	1013	31.79
GC1003827_F11_NODE_11625_length_1013_cov_2.624153	1013	37.22
GC1003827_F11_NODE_11626_length_1013_cov_2.203160	1013	34.95
GC1003827_F11_NODE_11627_length_1013_cov_1.986456	1013	31.19
GC1003827_F11_NODE_11628_length_1013_cov_1.743792	1013	35.83
GC1003827_F11_NODE_11629_length_1013_cov_1.434537	1013	37.02
GC1003827_F11_NODE_11630_length_1013_cov_1.374718	1013	35.54
GC1003827_F11_NODE_11631_length_1013_cov_1.060948	1013	34.25
GC1003827_F11_NODE_11632_length_1013_cov_0.965011	1013	26.95
GC1003827_F11_NODE_11633_length_1012_cov_10.746893	1012	38.24
GC1003827_F11_NODE_11634_length_1012_cov_10.029379	1012	34.58
GC1003827_F11_NODE_11635_length_1012_cov_7.776271	1012	32.71
GC1003827_F11_NODE_11636_length_1012_cov_7.655367	1012	35.47
GC1003827_F11_NODE_11637_length_1012_cov_5.813559	1012	61.66
GC1003827_F11_NODE_11638_length_1012_cov_5.503955	1012	33.79
GC1003827_F11_NODE_11639_length_1012_cov_5.063277	1012	32.51
GC1003827_F11_NODE_11640_length_1012_cov_4.937853	1012	37.94
GC1003827_F11_NODE_11641_length_1012_cov_4.916384	1012	36.07
GC1003827_F11_NODE_11642_length_1012_cov_4.907345	1012	31.13
GC1003827_F11_NODE_11643_length_1012_cov_3.776271	1012	38.24
GC1003827_F11_NODE_11644_length_1012_cov_3.672316	1012	33.20
GC1003827_F11_NODE_11645_length_1012_cov_3.588701	1012	30.43
GC1003827_F11_NODE_11646_length_1012_cov_3.403390	1012	30.14
GC1003827_F11_NODE_11647_length_1012_cov_3.162712	1012	28.75
GC1003827_F11_NODE_11648_length_1012_cov_2.958192	1012	62.06
GC1003827_F11_NODE_11649_length_1012_cov_2.483616	1012	33.30
GC1003827_F11_NODE_11650_length_1012_cov_1.890395	1012	32.61
GC1003827_F11_NODE_11651_length_1012_cov_1.394350	1012	38.14
GC1003827_F11_NODE_11652_length_1012_cov_1.358192	1012	37.25
GC1003827_F11_NODE_11653_length_1012_cov_1.230508	1012	39.03
GC1003827_F11_NODE_11654_length_1012_cov_1.219209	1012	34.78
GC1003827_F11_NODE_11655_length_1012_cov_1.064407	1012	34.09
GC1003827_F11_NODE_11656_length_1012_cov_1.050847	1012	57.11
GC1003827_F11_NODE_11657_length_1012_cov_1.045198	1012	31.03
GC1003827_F11_NODE_11658_length_1012_cov_0.998870	1012	33.79
GC1003827_F11_NODE_11659_length_1012_cov_0.801130	1012	60.08
GC1003827_F11_NODE_11660_length_1012_cov_0.670056	1012	30.93
GC1003827_F11_NODE_11661_length_1011_cov_17.772624	1011	42.53
GC1003827_F11_NODE_11662_length_1011_cov_16.009050	1011	34.62
GC1003827_F11_NODE_11663_length_1011_cov_12.846154	1011	53.51
GC1003827_F11_NODE_11664_length_1011_cov_12.000000	1011	39.56
GC1003827_F11_NODE_11665_length_1011_cov_9.487557	1011	62.31
GC1003827_F11_NODE_11666_length_1011_cov_7.266968	1011	62.51
GC1003827_F11_NODE_11667_length_1011_cov_5.933258	1011	37.29
GC1003827_F11_NODE_11668_length_1011_cov_4.904977	1011	32.05
GC1003827_F11_NODE_11669_length_1011_cov_4.769231	1011	32.15
GC1003827_F11_NODE_11670_length_1011_cov_4.677602	1011	31.36
GC1003827_F11_NODE_11671_length_1011_cov_3.505656	1011	35.21
GC1003827_F11_NODE_11672_length_1011_cov_2.132353	1011	32.34
GC1003827_F11_NODE_11673_length_1011_cov_2.118778	1011	39.86
GC1003827_F11_NODE_11674_length_1011_cov_1.605204	1011	58.36
GC1003827_F11_NODE_11675_length_1011_cov_1.444570	1011	40.36
GC1003827_F11_NODE_11676_length_1011_cov_1.428733	1011	30.46
GC1003827_F11_NODE_11677_length_1011_cov_0.599548	1011	29.97
GC1003827_F11_NODE_11678_length_1010_cov_17.913930	1010	40.00
GC1003827_F11_NODE_11679_length_1010_cov_17.214043	1010	36.63
GC1003827_F11_NODE_11680_length_1010_cov_8.319366	1010	28.42
GC1003827_F11_NODE_11681_length_1010_cov_7.640997	1010	34.26
GC1003827_F11_NODE_11682_length_1010_cov_7.447339	1010	36.14
GC1003827_F11_NODE_11683_length_1010_cov_6.033975	1010	33.17
GC1003827_F11_NODE_11684_length_1010_cov_5.106455	1010	32.57
GC1003827_F11_NODE_11685_length_1010_cov_5.077010	1010	36.53
GC1003827_F11_NODE_11686_length_1010_cov_4.527746	1010	29.90
GC1003827_F11_NODE_11687_length_1010_cov_3.944507	1010	35.74
GC1003827_F11_NODE_11688_length_1010_cov_3.906002	1010	34.46
GC1003827_F11_NODE_11689_length_1010_cov_3.585504	1010	56.63
GC1003827_F11_NODE_11690_length_1010_cov_3.166478	1010	46.53
GC1003827_F11_NODE_11691_length_1010_cov_2.772367	1010	38.22
GC1003827_F11_NODE_11692_length_1010_cov_2.541336	1010	39.01
GC1003827_F11_NODE_11693_length_1010_cov_2.417894	1010	32.08
GC1003827_F11_NODE_11694_length_1010_cov_2.303511	1010	45.25
GC1003827_F11_NODE_11695_length_1010_cov_1.842582	1010	37.92
GC1003827_F11_NODE_11696_length_1010_cov_1.659117	1010	34.46
GC1003827_F11_NODE_11697_length_1010_cov_1.551529	1010	32.97
GC1003827_F11_NODE_11698_length_1010_cov_1.321631	1010	65.15
GC1003827_F11_NODE_11699_length_1010_cov_1.178935	1010	41.29
GC1003827_F11_NODE_11700_length_1010_cov_0.705549	1010	44.36
GC1003827_F11_NODE_11701_length_1010_cov_0.672707	1010	28.02
GC1003827_F11_NODE_11702_length_1009_cov_45.551020	1009	36.87
GC1003827_F11_NODE_11703_length_1009_cov_12.027211	1009	38.95
GC1003827_F11_NODE_11704_length_1009_cov_10.981859	1009	32.31
GC1003827_F11_NODE_11705_length_1009_cov_10.620181	1009	57.58
GC1003827_F11_NODE_11706_length_1009_cov_9.919501	1009	35.48
GC1003827_F11_NODE_11707_length_1009_cov_9.512472	1009	39.64
GC1003827_F11_NODE_11708_length_1009_cov_7.294785	1009	34.69
GC1003827_F11_NODE_11709_length_1009_cov_7.126984	1009	39.44
GC1003827_F11_NODE_11710_length_1009_cov_4.869615	1009	32.51
GC1003827_F11_NODE_11711_length_1009_cov_3.980726	1009	31.42
GC1003827_F11_NODE_11712_length_1009_cov_3.917234	1009	36.87
GC1003827_F11_NODE_11713_length_1009_cov_3.719955	1009	28.34
GC1003827_F11_NODE_11714_length_1009_cov_3.374150	1009	44.40
GC1003827_F11_NODE_11715_length_1009_cov_3.266440	1009	27.85
GC1003827_F11_NODE_11716_length_1009_cov_3.142857	1009	29.83
GC1003827_F11_NODE_11717_length_1009_cov_2.721088	1009	62.64
GC1003827_F11_NODE_11718_length_1009_cov_2.056689	1009	26.96
GC1003827_F11_NODE_11719_length_1009_cov_1.887755	1009	31.22
GC1003827_F11_NODE_11720_length_1009_cov_1.538549	1009	40.54
GC1003827_F11_NODE_11721_length_1009_cov_1.509070	1009	31.71
GC1003827_F11_NODE_11722_length_1009_cov_1.298186	1009	41.33
GC1003827_F11_NODE_11723_length_1009_cov_0.690476	1009	33.50
GC1003827_F11_NODE_11724_length_1008_cov_14.911464	1008	32.24
GC1003827_F11_NODE_11725_length_1008_cov_11.413167	1008	36.11
GC1003827_F11_NODE_11726_length_1008_cov_10.631101	1008	39.58
GC1003827_F11_NODE_11727_length_1008_cov_8.870602	1008	34.42
GC1003827_F11_NODE_11728_length_1008_cov_8.513053	1008	37.10
GC1003827_F11_NODE_11729_length_1008_cov_7.393871	1008	36.90
GC1003827_F11_NODE_11730_length_1008_cov_6.978434	1008	30.75
GC1003827_F11_NODE_11731_length_1008_cov_5.965948	1008	35.71
GC1003827_F11_NODE_11732_length_1008_cov_5.278093	1008	31.65
GC1003827_F11_NODE_11733_length_1008_cov_4.735528	1008	33.73
GC1003827_F11_NODE_11734_length_1008_cov_4.602643	1008	29.37
GC1003827_F11_NODE_11735_length_1008_cov_4.355278	1008	36.90
GC1003827_F11_NODE_11736_length_1008_cov_3.019296	1008	36.01
GC1003827_F11_NODE_11737_length_1008_cov_2.377980	1008	35.32
GC1003827_F11_NODE_11738_length_1008_cov_2.189557	1008	63.89
GC1003827_F11_NODE_11739_length_1008_cov_2.144154	1008	37.30
GC1003827_F11_NODE_11740_length_1008_cov_2.020431	1008	52.98
GC1003827_F11_NODE_11741_length_1008_cov_1.574347	1008	31.75
GC1003827_F11_NODE_11742_length_1008_cov_1.543700	1008	46.13
GC1003827_F11_NODE_11743_length_1008_cov_1.494892	1008	36.61
GC1003827_F11_NODE_11744_length_1008_cov_1.205448	1008	34.92
GC1003827_F11_NODE_11745_length_1008_cov_1.161180	1008	29.37
GC1003827_F11_NODE_11746_length_1008_cov_0.794552	1008	52.18
GC1003827_F11_NODE_11747_length_1007_cov_22.139773	1007	36.64
GC1003827_F11_NODE_11748_length_1007_cov_16.846591	1007	41.71
GC1003827_F11_NODE_11749_length_1007_cov_13.847727	1007	42.01
GC1003827_F11_NODE_11750_length_1007_cov_9.102273	1007	37.44
GC1003827_F11_NODE_11751_length_1007_cov_7.982955	1007	42.40
GC1003827_F11_NODE_11752_length_1007_cov_7.830682	1007	33.27
GC1003827_F11_NODE_11753_length_1007_cov_5.864773	1007	33.37
GC1003827_F11_NODE_11754_length_1007_cov_5.709091	1007	42.11
GC1003827_F11_NODE_11755_length_1007_cov_4.385227	1007	32.47
GC1003827_F11_NODE_11756_length_1007_cov_3.600000	1007	40.52
GC1003827_F11_NODE_11757_length_1007_cov_3.418182	1007	30.88
GC1003827_F11_NODE_11758_length_1007_cov_3.318182	1007	26.81
GC1003827_F11_NODE_11759_length_1007_cov_3.069318	1007	35.15
GC1003827_F11_NODE_11760_length_1007_cov_2.237500	1007	36.74
GC1003827_F11_NODE_11761_length_1007_cov_2.048864	1007	34.26
GC1003827_F11_NODE_11762_length_1007_cov_1.582955	1007	35.05
GC1003827_F11_NODE_11763_length_1007_cov_0.712500	1007	24.13
GC1003827_F11_NODE_11764_length_1006_cov_5.824801	1006	57.95
GC1003827_F11_NODE_11765_length_1006_cov_5.461889	1006	34.79
GC1003827_F11_NODE_11766_length_1006_cov_5.094425	1006	56.06
GC1003827_F11_NODE_11767_length_1006_cov_4.964733	1006	37.57
GC1003827_F11_NODE_11768_length_1006_cov_4.902162	1006	35.49
GC1003827_F11_NODE_11769_length_1006_cov_4.647327	1006	33.40
GC1003827_F11_NODE_11770_length_1006_cov_2.536974	1006	32.01
GC1003827_F11_NODE_11771_length_1006_cov_2.433447	1006	30.91
GC1003827_F11_NODE_11772_length_1006_cov_2.403868	1006	28.23
GC1003827_F11_NODE_11773_length_1006_cov_2.362912	1006	31.81
GC1003827_F11_NODE_11774_length_1006_cov_1.633675	1006	27.73
GC1003827_F11_NODE_11775_length_1006_cov_0.534699	1006	34.89
GC1003827_F11_NODE_11776_length_1005_cov_15.466970	1005	35.92
GC1003827_F11_NODE_11777_length_1005_cov_9.953303	1005	28.56
GC1003827_F11_NODE_11778_length_1005_cov_9.218679	1005	57.81
GC1003827_F11_NODE_11779_length_1005_cov_9.199317	1005	32.24
GC1003827_F11_NODE_11780_length_1005_cov_8.727790	1005	31.84
GC1003827_F11_NODE_11781_length_1005_cov_7.119590	1005	31.24
GC1003827_F11_NODE_11782_length_1005_cov_6.417995	1005	33.43
GC1003827_F11_NODE_11783_length_1005_cov_6.075171	1005	39.60
GC1003827_F11_NODE_11784_length_1005_cov_3.403189	1005	32.34
GC1003827_F11_NODE_11785_length_1005_cov_2.881549	1005	34.63
GC1003827_F11_NODE_11786_length_1005_cov_2.825740	1005	33.93
GC1003827_F11_NODE_11787_length_1005_cov_2.302961	1005	34.63
GC1003827_F11_NODE_11788_length_1005_cov_2.116173	1005	37.71
GC1003827_F11_NODE_11789_length_1005_cov_1.963554	1005	30.85
GC1003827_F11_NODE_11790_length_1005_cov_1.353075	1005	66.37
GC1003827_F11_NODE_11791_length_1005_cov_1.266515	1005	32.54
GC1003827_F11_NODE_11792_length_1004_cov_57.491448	1004	33.17
GC1003827_F11_NODE_11793_length_1004_cov_19.591790	1004	39.14
GC1003827_F11_NODE_11794_length_1004_cov_14.490308	1004	31.57
GC1003827_F11_NODE_11795_length_1004_cov_12.678449	1004	33.47
GC1003827_F11_NODE_11796_length_1004_cov_9.919042	1004	34.46
GC1003827_F11_NODE_11797_length_1004_cov_8.150513	1004	37.05
GC1003827_F11_NODE_11798_length_1004_cov_6.205245	1004	34.66
GC1003827_F11_NODE_11799_length_1004_cov_5.956670	1004	55.58
GC1003827_F11_NODE_11800_length_1004_cov_5.726340	1004	36.65
GC1003827_F11_NODE_11801_length_1004_cov_5.135690	1004	31.47
GC1003827_F11_NODE_11802_length_1004_cov_4.936146	1004	36.35
GC1003827_F11_NODE_11803_length_1004_cov_3.721779	1004	68.63
GC1003827_F11_NODE_11804_length_1004_cov_3.670468	1004	33.07
GC1003827_F11_NODE_11805_length_1004_cov_3.515393	1004	36.25
GC1003827_F11_NODE_11806_length_1004_cov_2.388826	1004	29.58
GC1003827_F11_NODE_11807_length_1004_cov_2.014823	1004	34.16
GC1003827_F11_NODE_11808_length_1004_cov_1.646522	1004	43.03
GC1003827_F11_NODE_11809_length_1004_cov_1.477765	1004	32.47
GC1003827_F11_NODE_11810_length_1003_cov_16.176941	1003	37.59
GC1003827_F11_NODE_11811_length_1003_cov_10.174658	1003	38.38
GC1003827_F11_NODE_11812_length_1003_cov_5.150685	1003	31.21
GC1003827_F11_NODE_11813_length_1003_cov_5.022831	1003	28.61
GC1003827_F11_NODE_11814_length_1003_cov_4.915525	1003	36.29
GC1003827_F11_NODE_11815_length_1003_cov_4.886986	1003	36.49
GC1003827_F11_NODE_11816_length_1003_cov_4.876712	1003	35.69
GC1003827_F11_NODE_11817_length_1003_cov_4.503425	1003	50.65
GC1003827_F11_NODE_11818_length_1003_cov_4.364155	1003	33.90
GC1003827_F11_NODE_11819_length_1003_cov_3.743151	1003	56.93
GC1003827_F11_NODE_11820_length_1003_cov_3.597032	1003	30.91
GC1003827_F11_NODE_11821_length_1003_cov_2.872146	1003	32.60
GC1003827_F11_NODE_11822_length_1003_cov_2.780822	1003	33.50
GC1003827_F11_NODE_11823_length_1003_cov_2.743151	1003	38.19
GC1003827_F11_NODE_11824_length_1003_cov_2.503425	1003	33.90
GC1003827_F11_NODE_11825_length_1003_cov_2.328767	1003	36.89
GC1003827_F11_NODE_11826_length_1003_cov_2.255708	1003	33.10
GC1003827_F11_NODE_11827_length_1003_cov_2.227169	1003	27.82
GC1003827_F11_NODE_11828_length_1003_cov_1.973744	1003	33.90
GC1003827_F11_NODE_11829_length_1003_cov_1.785388	1003	33.70
GC1003827_F11_NODE_11830_length_1003_cov_1.328767	1003	59.42
GC1003827_F11_NODE_11831_length_1003_cov_1.280822	1003	34.10
GC1003827_F11_NODE_11832_length_1003_cov_0.772831	1003	38.78
GC1003827_F11_NODE_11833_length_1002_cov_25.220571	1002	38.32
GC1003827_F11_NODE_11834_length_1002_cov_17.913143	1002	36.63
GC1003827_F11_NODE_11835_length_1002_cov_14.841143	1002	34.03
GC1003827_F11_NODE_11836_length_1002_cov_14.587429	1002	32.53
GC1003827_F11_NODE_11837_length_1002_cov_14.565714	1002	33.83
GC1003827_F11_NODE_11838_length_1002_cov_7.882286	1002	28.94
GC1003827_F11_NODE_11839_length_1002_cov_5.907429	1002	39.62
GC1003827_F11_NODE_11840_length_1002_cov_5.185143	1002	29.34
GC1003827_F11_NODE_11841_length_1002_cov_5.077714	1002	35.53
GC1003827_F11_NODE_11842_length_1002_cov_4.086857	1002	35.33
GC1003827_F11_NODE_11843_length_1002_cov_3.824000	1002	28.74
GC1003827_F11_NODE_11844_length_1002_cov_3.365714	1002	38.52
GC1003827_F11_NODE_11845_length_1002_cov_3.236571	1002	32.63
GC1003827_F11_NODE_11846_length_1002_cov_3.212571	1002	34.83
GC1003827_F11_NODE_11847_length_1002_cov_2.971429	1002	62.18
GC1003827_F11_NODE_11848_length_1002_cov_2.653714	1002	40.62
GC1003827_F11_NODE_11849_length_1002_cov_2.484571	1002	30.24
GC1003827_F11_NODE_11850_length_1002_cov_2.315429	1002	34.73
GC1003827_F11_NODE_11851_length_1002_cov_2.084571	1002	30.54
GC1003827_F11_NODE_11852_length_1002_cov_1.982857	1002	33.63
GC1003827_F11_NODE_11853_length_1002_cov_1.680000	1002	34.83
GC1003827_F11_NODE_11854_length_1002_cov_0.845714	1002	33.13
GC1003827_F11_NODE_11855_length_1001_cov_18.443936	1001	37.76
GC1003827_F11_NODE_11856_length_1001_cov_10.429062	1001	39.66
GC1003827_F11_NODE_11857_length_1001_cov_9.026316	1001	36.96
GC1003827_F11_NODE_11858_length_1001_cov_8.599542	1001	33.37
GC1003827_F11_NODE_11859_length_1001_cov_8.532037	1001	34.87
GC1003827_F11_NODE_11860_length_1001_cov_8.429062	1001	35.06
GC1003827_F11_NODE_11861_length_1001_cov_8.145309	1001	35.86
GC1003827_F11_NODE_11862_length_1001_cov_7.306636	1001	39.16
GC1003827_F11_NODE_11863_length_1001_cov_5.064073	1001	54.95
GC1003827_F11_NODE_11864_length_1001_cov_4.763158	1001	28.57
GC1003827_F11_NODE_11865_length_1001_cov_4.570938	1001	31.37
GC1003827_F11_NODE_11866_length_1001_cov_4.509153	1001	29.37
GC1003827_F11_NODE_11867_length_1001_cov_4.218535	1001	31.27
GC1003827_F11_NODE_11868_length_1001_cov_3.765446	1001	34.37
GC1003827_F11_NODE_11869_length_1001_cov_3.632723	1001	29.77
GC1003827_F11_NODE_11870_length_1001_cov_3.384439	1001	33.57
GC1003827_F11_NODE_11871_length_1001_cov_3.225400	1001	37.96
GC1003827_F11_NODE_11872_length_1001_cov_2.360412	1001	28.27
GC1003827_F11_NODE_11873_length_1001_cov_1.327231	1001	29.97
GC1003827_F11_NODE_11874_length_1001_cov_0.877574	1001	31.57
GC1003827_F11_NODE_11875_length_1001_cov_0.641876	1001	36.26
GC1003827_F11_NODE_11876_length_1000_cov_12.202749	1000	37.20
GC1003827_F11_NODE_11877_length_1000_cov_10.301260	1000	33.30
GC1003827_F11_NODE_11878_length_1000_cov_5.973654	1000	36.60
GC1003827_F11_NODE_11879_length_1000_cov_5.163803	1000	34.10
GC1003827_F11_NODE_11880_length_1000_cov_2.838488	1000	36.40
GC1003827_F11_NODE_11881_length_1000_cov_2.430699	1000	69.60
GC1003827_F11_NODE_11882_length_1000_cov_1.769759	1000	30.50
GC1003827_F11_NODE_11883_length_1000_cov_1.444444	1000	30.70
GC1003827_F11_NODE_11884_length_1000_cov_1.301260	1000	27.90
