#rname	startpos	endpos	numreads	covbases	coverage	meandepth	meanbaseq	meanmapq
P1_53_NODE_1_length_146523_cov_12.114682	1	146523	186564	146523	100	146.598	36.1	59.6
P1_53_NODE_2_length_128319_cov_107.882481	1	128319	1465769	128319	100	1319.24	36.2	59.6
P1_53_NODE_3_length_94280_cov_92.996569	1	94280	936423	94280	100	1039.47	35.8	49.8
P1_53_NODE_4_length_93044_cov_76.320953	1	93044	743257	93044	100	923.83	36.2	59.7
P1_53_NODE_5_length_91373_cov_62.178485	1	91373	589462	91373	100	747.896	36.2	59.7
P1_53_NODE_6_length_83988_cov_5.401999	1	83988	47433	83986	99.9976	65.2021	36.1	59.6
P1_53_NODE_7_length_81604_cov_21.285087	1	81604	180480	81604	100	255.875	36.1	59.7
P1_53_NODE_8_length_80419_cov_88.797414	1	80419	571483	80323	99.8806	896.116	36	59.4
P1_53_NODE_9_length_76692_cov_39.387919	1	76692	316206	76692	100	477.009	36.1	59.3
P1_53_NODE_10_length_76446_cov_6.002070	1	76446	47017	76446	100	71.3165	36.1	59.6
P1_53_NODE_11_length_73471_cov_27.014207	1	73471	194639	73471	100	311.954	36.1	59.8
P1_53_NODE_12_length_67649_cov_20.880913	1	67649	147801	67649	100	252.425	36.1	59.7
P1_53_NODE_13_length_65656_cov_23.969647	1	65656	165506	65656	100	290.702	36.2	59.1
P1_53_NODE_14_length_63497_cov_18.710652	1	63497	123086	63497	100	223.969	36.2	59.7
P1_53_NODE_15_length_59375_cov_20.165001	1	59375	124128	59375	100	240.902	36.2	59
P1_53_NODE_16_length_57619_cov_16.967056	1	57619	104955	57619	100	208.436	36.2	58.7
P1_53_NODE_17_length_56701_cov_7.907484	1	56701	51731	56701	100	101.896	36.2	59.5
P1_53_NODE_18_length_55371_cov_52.686681	1	55371	303247	55371	100	634.341	36.2	59.5
P1_53_NODE_19_length_55360_cov_16.747415	1	55360	77854	55360	100	174.225	36	59.7
P1_53_NODE_20_length_55085_cov_14.134011	1	55085	83460	55085	100	173.191	36.2	59.3
P1_53_NODE_21_length_54307_cov_89.372481	1	54307	513634	54307	100	1090.4	36.2	59.7
P1_53_NODE_22_length_52728_cov_33.141803	1	52728	181997	52728	100	398.876	36.1	59.7
P1_53_NODE_23_length_52514_cov_83.868593	1	52514	469369	52514	100	1026.9	36.2	59.7
P1_53_NODE_24_length_51967_cov_2.546277	1	51967	13811	51967	100	30.8085	36.2	59.7
P1_53_NODE_25_length_50927_cov_22.144665	1	50927	117895	50927	100	267.133	36.1	59.7
P1_53_NODE_26_length_50871_cov_67.567515	1	50871	362852	50871	100	819.064	36.2	59.5
P1_53_NODE_27_length_49755_cov_3.447389	1	49755	17984	49755	100	41.6503	36.1	59.7
P1_53_NODE_28_length_49628_cov_511.796267	1	49628	2348585	49534	99.8106	5789.4	36.1	59.5
P1_53_NODE_29_length_49355_cov_70.716523	1	49355	262657	49355	100	683.878	35.9	59.9
P1_53_NODE_30_length_48424_cov_5.590803	1	48424	21899	48325	99.7956	56.5132	36	59.7
P1_53_NODE_31_length_46867_cov_17.760783	1	46867	91942	46867	100	222.33	36.2	59.6
P1_53_NODE_32_length_44918_cov_29.805519	1	44918	107831	44918	100	301.353	36	59.4
P1_53_NODE_33_length_43461_cov_3.958947	1	43461	14377	43461	100	41.0022	36	59.7
P1_53_NODE_34_length_43171_cov_6.334077	1	43171	22500	43171	100	64.7464	36	59.7
P1_53_NODE_35_length_42738_cov_8.584051	1	42738	28711	42738	100	84.9512	36	59.8
P1_53_NODE_36_length_42688_cov_11.052513	1	42688	36372	42688	100	108.253	36	59.8
P1_53_NODE_37_length_41638_cov_2.336585	1	41638	10033	41638	100	27.9239	36.1	59.4
P1_53_NODE_38_length_41401_cov_8.020279	1	41401	34148	41401	100	95.2266	36.1	58.9
P1_53_NODE_39_length_41185_cov_8.110454	1	41185	35572	41185	100	99.1459	36.2	59.5
P1_53_NODE_40_length_40862_cov_29.764723	1	40862	122857	40862	100	350.861	36.1	59.7
P1_53_NODE_41_length_40479_cov_4.483793	1	40479	14992	40479	100	45.8685	36	59
P1_53_NODE_42_length_40182_cov_4.942679	1	40182	20520	40182	100	58.9998	36.2	59.5
P1_53_NODE_43_length_40144_cov_5.454632	1	40144	18416	40144	100	56.9574	36	58
P1_53_NODE_44_length_40117_cov_21.962791	1	40117	71436	40018	99.7532	222.926	36	59.5
P1_53_NODE_45_length_38828_cov_7.685486	1	38828	28695	38828	100	87.7238	36.1	58
P1_53_NODE_46_length_38706_cov_2.839913	1	38706	9055	38706	100	28.8452	36	58.1
P1_53_NODE_47_length_38485_cov_11.438448	1	38485	35602	38485	100	116.124	36	59.8
P1_53_NODE_48_length_38154_cov_12.075683	1	38154	36362	38154	100	120.331	36	59
P1_53_NODE_49_length_38008_cov_12.267073	1	38008	39876	37910	99.7422	129.072	35.8	57.3
P1_53_NODE_50_length_37857_cov_22.699284	1	37857	65790	37857	100	221.691	35.9	58.4
P1_53_NODE_51_length_37559_cov_19.796885	1	37559	63785	37559	100	209.174	36	59.7
P1_53_NODE_52_length_37465_cov_9.691173	1	37465	28894	37463	99.9947	97.279	36	59.2
P1_53_NODE_53_length_37316_cov_7.020517	1	37316	25585	37219	99.7401	81.3577	36	57.4
P1_53_NODE_54_length_36735_cov_14.122296	1	36735	42450	36735	100	144.109	36	59.9
P1_53_NODE_55_length_36661_cov_8.978951	1	36661	35229	36661	100	109.7	36.2	59.5
P1_53_NODE_56_length_36447_cov_20.161041	1	36447	58523	36447	100	201.9	36	59.8
P1_53_NODE_57_length_36433_cov_6.149590	1	36433	16814	36433	100	58.8257	36	59.6
P1_53_NODE_58_length_36257_cov_6.693856	1	36257	24578	36253	99.989	78.2794	36.1	58.2
P1_53_NODE_59_length_36163_cov_17.915723	1	36163	49882	36163	100	175.458	35.9	59.8
P1_53_NODE_60_length_35244_cov_4.904206	1	35244	17862	35244	100	58.6121	36.2	59.7
P1_53_NODE_61_length_35143_cov_31.867603	1	35143	120511	35143	100	391.187	36.2	59.6
P1_53_NODE_62_length_34974_cov_3.455046	1	34974	14280	34974	100	45.1632	36.2	58.2
P1_53_NODE_63_length_34948_cov_15.842164	1	34948	42659	34948	100	154.703	36	59.8
P1_53_NODE_64_length_34101_cov_2.413081	1	34101	9152	34101	100	30.3442	36.2	59.3
P1_53_NODE_65_length_34072_cov_37.859213	1	34072	102825	34072	100	379.176	36	59
P1_53_NODE_66_length_34017_cov_82.493508	1	34017	290092	34017	100	989.433	36.1	59.6
P1_53_NODE_67_length_33996_cov_4.313354	1	33996	15765	33995	99.9971	53.0015	36.2	59.1
P1_53_NODE_68_length_33837_cov_4.982082	1	33837	17259	33837	100	59.3457	36.1	59.7
P1_53_NODE_69_length_33654_cov_3.546783	1	33654	13130	33654	100	44.2747	36.2	59.7
P1_53_NODE_70_length_33583_cov_14.961292	1	33583	40437	33583	100	151.17	36	59.9
P1_53_NODE_71_length_33522_cov_7.413775	1	33522	25541	33518	99.9881	88.4868	36.1	59.7
P1_53_NODE_72_length_33460_cov_9.769688	1	33460	24536	33460	100	93.7959	36	59.8
P1_53_NODE_73_length_33053_cov_6.676760	1	33053	17939	33045	99.9758	67.8221	36	59.7
P1_53_NODE_74_length_33004_cov_3.786781	1	33004	10062	33004	100	38.0701	36	59.2
P1_53_NODE_75_length_32831_cov_9.066353	1	32831	25027	32734	99.7045	94.4902	35.9	59
P1_53_NODE_76_length_32382_cov_10.595722	1	32382	34996	32382	100	125.47	36.1	59.7
P1_53_NODE_77_length_32193_cov_2.595740	1	32193	8457	32192	99.9969	30.456	36.2	59.2
P1_53_NODE_78_length_32038_cov_9.989471	1	32038	24802	32038	100	98.0587	36	59.8
P1_53_NODE_79_length_31980_cov_4.115594	1	31980	10552	31980	100	41.5408	36	59
P1_53_NODE_80_length_31813_cov_6.030802	1	31813	15728	31813	100	61.6989	36	58.1
P1_53_NODE_81_length_31759_cov_18.735110	1	31759	62559	31759	100	226.161	36.2	59.6
P1_53_NODE_82_length_31570_cov_11.858315	1	31570	32005	31570	100	124.876	36.1	59.9
P1_53_NODE_83_length_31339_cov_4.824651	1	31339	11511	31339	100	46.8164	35.9	59.8
P1_53_NODE_84_length_31300_cov_5.855773	1	31300	19220	31300	100	70.5363	36.2	59.6
P1_53_NODE_85_length_31059_cov_13.858399	1	31059	42782	31059	100	161.377	36.1	59.8
P1_53_NODE_86_length_30562_cov_12.298012	1	30562	29301	30562	100	121.344	36	59.7
P1_53_NODE_87_length_30359_cov_2.211663	1	30359	5498	30359	100	22.5417	36	59.5
P1_53_NODE_88_length_30336_cov_2.205469	1	30336	7154	30336	100	27.0318	36.2	59.6
P1_53_NODE_89_length_29810_cov_2.784793	1	29810	6124	29810	100	26.4589	36	59.8
P1_53_NODE_90_length_29643_cov_8.404662	1	29643	22628	29547	99.6761	93.2915	35.9	57.7
P1_53_NODE_91_length_29352_cov_1.633807	1	29352	4925	29352	100	19.4917	36.2	59.8
P1_53_NODE_92_length_28901_cov_8.633245	1	28901	19250	28901	100	84.4789	36	58.9
P1_53_NODE_93_length_28641_cov_8.312899	1	28641	25321	28641	100	101.247	36.2	58
P1_53_NODE_94_length_28393_cov_24.668188	1	28393	60514	28393	100	261.595	36	59.2
P1_53_NODE_95_length_28300_cov_2.731339	1	28300	6583	28300	100	28.6815	36	59.2
P1_53_NODE_96_length_28186_cov_8.260059	1	28186	21093	28186	100	90.4841	36	59.7
P1_53_NODE_97_length_28101_cov_4.010224	1	28101	12028	28101	100	48.9056	36.2	59.6
P1_53_NODE_98_length_27900_cov_5.533000	1	27900	13152	27900	100	58.0542	36.1	59.1
P1_53_NODE_99_length_27895_cov_2.583261	1	27895	7697	27895	100	31.522	36.2	59.5
P1_53_NODE_100_length_27879_cov_16.213931	1	27879	41999	27879	100	181.178	36.1	59.7
P1_53_NODE_101_length_27810_cov_3.404111	1	27810	7616	27810	100	34.2321	36	59.6
P1_53_NODE_102_length_27750_cov_9.614162	1	27750	21473	27722	99.8991	96.9311	36	59.7
P1_53_NODE_103_length_27647_cov_9.487282	1	27647	22455	27647	100	98.6107	36.1	57.1
P1_53_NODE_104_length_27243_cov_3.091090	1	27243	8866	27243	100	37.4211	36.2	59.7
P1_53_NODE_105_length_27188_cov_4.563616	1	27188	12219	27188	100	52.6208	36.1	59.7
P1_53_NODE_106_length_27079_cov_2.459038	1	27079	6713	27079	100	28.778	36.2	59.6
P1_53_NODE_107_length_27063_cov_28.342590	1	27063	72985	26966	99.6416	320.167	36.1	58.7
P1_53_NODE_108_length_27055_cov_7.225379	1	27055	20611	27055	100	87.4104	36.2	59.6
P1_53_NODE_109_length_26883_cov_10.073591	1	26883	19869	26883	100	83.6048	35.9	36.4
P1_53_NODE_110_length_26334_cov_9.734346	1	26334	20626	26334	100	98.0742	36	59.6
P1_53_NODE_111_length_26196_cov_2.771261	1	26196	6188	26196	100	28.8853	36	58.6
P1_53_NODE_112_length_26169_cov_27.421051	1	26169	73422	26169	100	324.441	36.2	59.6
P1_53_NODE_113_length_26062_cov_3.779140	1	26062	7585	26061	99.9962	36.8665	36	59.5
P1_53_NODE_114_length_25932_cov_4.352994	1	25932	9113	25910	99.9152	43.8997	36	59.7
P1_53_NODE_115_length_25457_cov_5.265495	1	25457	11954	25457	100	56.8047	36.1	59.5
P1_53_NODE_116_length_25400_cov_9.833459	1	25400	24811	25400	100	114.125	36.1	59.5
P1_53_NODE_117_length_25186_cov_2.983519	1	25186	6200	25184	99.9921	30.6332	36	59.8
P1_53_NODE_118_length_25017_cov_3.150623	1	25017	6532	25014	99.988	32.627	36	59.5
P1_53_NODE_119_length_24925_cov_6.768691	1	24925	13114	24925	100	66.5504	36	59.2
P1_53_NODE_120_length_24863_cov_14.153905	1	24863	36394	24863	100	169.174	36.2	59.6
P1_53_NODE_121_length_24813_cov_25.736855	1	24813	54743	24813	100	271.819	36	59.5
P1_53_NODE_122_length_24747_cov_2.743379	1	24747	7192	24747	100	33.4376	36.1	59.8
P1_53_NODE_123_length_24391_cov_4.495137	1	24391	8934	24391	100	45.3061	36	59.5
P1_53_NODE_124_length_24391_cov_2.818785	1	24391	5518	24391	100	28.4728	36	59.7
P1_53_NODE_125_length_24278_cov_2.452693	1	24278	4988	24278	100	25.3978	36.1	59.7
P1_53_NODE_126_length_24229_cov_3.006638	1	24229	6055	24219	99.9587	30.8239	36	59.4
P1_53_NODE_127_length_24132_cov_3.353093	1	24132	7362	24132	100	36.661	35.9	58
P1_53_NODE_128_length_23985_cov_3.471456	1	23985	9305	23985	100	43.8058	36.2	59.6
P1_53_NODE_129_length_23978_cov_6.820217	1	23978	12984	23978	100	67.9336	36.1	59.7
P1_53_NODE_130_length_23912_cov_2.224806	1	23912	5857	23912	100	27.7709	36.3	59.7
P1_53_NODE_131_length_23838_cov_2.851377	1	23838	7104	23838	100	34.15	36.2	59.7
P1_53_NODE_132_length_23822_cov_3.199536	1	23822	40040	23822	100	84.8373	34.2	10.9
P1_53_NODE_133_length_23813_cov_7.377438	1	23813	18742	23813	100	90.3599	36.2	59.5
P1_53_NODE_134_length_23799_cov_11.274037	1	23799	23948	23799	100	121.922	36.1	59.8
P1_53_NODE_135_length_23753_cov_1.877212	1	23753	4495	23753	100	21.9134	36.1	59.7
P1_53_NODE_136_length_23752_cov_10.211852	1	23752	20244	23652	99.579	105.659	36	59
P1_53_NODE_137_length_23598_cov_10.813344	1	23598	20019	23598	100	106.887	36	59.9
P1_53_NODE_138_length_23589_cov_14.730458	1	23589	35097	23589	100	173.664	36.2	59.6
P1_53_NODE_139_length_23588_cov_2.538425	1	23588	4815	23588	100	25.6023	35.9	59.3
P1_53_NODE_140_length_23449_cov_2.071649	1	23449	4051	23449	100	21.3621	35.9	59.6
P1_53_NODE_141_length_23308_cov_24.274923	1	23308	59042	23308	100	291.797	36.1	59.6
P1_53_NODE_142_length_23262_cov_4.309617	1	23262	7658	23262	100	42.0273	36	59.8
P1_53_NODE_143_length_23010_cov_4.165232	1	23010	7578	23010	100	41.2663	35.9	59.6
P1_53_NODE_144_length_22904_cov_3.019142	1	22904	7519	22904	100	37.3174	36.2	59.7
P1_53_NODE_145_length_22824_cov_4.696524	1	22824	10775	22824	100	54.9539	36.1	59.8
P1_53_NODE_146_length_22804_cov_18.737664	1	22804	38621	22804	100	204.663	36.1	59.6
P1_53_NODE_147_length_22759_cov_2.241163	1	22759	5285	22759	100	26.7988	36.1	59.7
P1_53_NODE_148_length_22381_cov_1.867484	1	22381	3686	22381	100	19.9882	36.1	59.3
P1_53_NODE_149_length_22312_cov_3.685463	1	22312	6689	22312	100	37.3413	35.9	58.3
P1_53_NODE_150_length_22149_cov_4.421624	1	22149	7830	22149	100	44.4809	36	59.7
P1_53_NODE_151_length_21963_cov_3.944724	1	21963	9166	21963	100	48.0331	36.1	59.7
P1_53_NODE_152_length_21742_cov_2.691464	1	21742	4996	21741	99.9954	28.2129	36.1	59.9
P1_53_NODE_153_length_21654_cov_5.928926	1	21654	13178	21654	100	70.581	36.2	59.6
P1_53_NODE_154_length_21604_cov_9.867067	1	21604	22913	21604	100	121.299	36.1	59.4
P1_53_NODE_155_length_21507_cov_6.576500	1	21507	13626	21507	100	74.4802	36.1	59.4
P1_53_NODE_156_length_21311_cov_3.011235	1	21311	5361	21307	99.9812	30.8352	36	58.2
P1_53_NODE_157_length_21239_cov_2.640205	1	21239	5828	21239	100	31.5507	36.1	58.9
P1_53_NODE_158_length_21231_cov_1.998342	1	21231	4507	21231	100	24.1346	36.2	59.1
P1_53_NODE_159_length_21132_cov_10.159676	1	21132	22531	21132	100	122.41	36.2	59.4
P1_53_NODE_160_length_21117_cov_23.904955	1	21117	47740	21117	100	249.059	35.8	48.7
P1_53_NODE_161_length_21103_cov_2.070652	1	21103	3810	21103	100	21.9734	36	58.7
P1_53_NODE_162_length_21032_cov_3.109974	1	21032	5044	21032	100	30.6211	36	58.4
P1_53_NODE_163_length_20986_cov_21.298672	1	20986	35413	20986	100	212.54	36	59.5
P1_53_NODE_164_length_20918_cov_2.445674	1	20918	3719	20918	100	23.0252	35.9	59.9
P1_53_NODE_165_length_20869_cov_29.254508	1	20869	45290	20869	100	277.204	36	57.1
P1_53_NODE_166_length_20790_cov_9.652809	1	20790	20495	20790	100	114.274	36.1	59.7
P1_53_NODE_167_length_20784_cov_2.508593	1	20784	4479	20784	100	26.3305	36	59.7
P1_53_NODE_168_length_20682_cov_2.543712	1	20682	4595	20682	100	27.0152	36	59.8
P1_53_NODE_169_length_20657_cov_1.984803	1	20657	4343	20657	100	23.8759	36.2	59.8
P1_53_NODE_170_length_20619_cov_4.790650	1	20619	8178	20619	100	49.4121	36	59.4
P1_53_NODE_171_length_20612_cov_6.020845	1	20612	9892	20612	100	60.2191	36	59.8
P1_53_NODE_172_length_20520_cov_4.836316	1	20520	8393	20520	100	50.2393	36.1	59.7
P1_53_NODE_173_length_20413_cov_72.466310	1	20413	164845	20413	100	910.554	36.3	58.9
P1_53_NODE_174_length_20402_cov_12.355462	1	20402	26059	20402	100	147.201	36.1	59.6
P1_53_NODE_175_length_20256_cov_1.944110	1	20256	3784	20256	100	21.9916	36.1	59.5
P1_53_NODE_176_length_20169_cov_50.837192	1	20169	103911	20169	100	600.128	36.1	58.7
P1_53_NODE_177_length_20064_cov_1.813563	1	20064	2720	20064	100	17.1668	36	59.4
P1_53_NODE_178_length_19825_cov_9.681947	1	19825	16275	19825	100	101.358	36.1	59.9
P1_53_NODE_179_length_19740_cov_8.318156	1	19740	13311	19740	100	84.0887	35.9	59.6
P1_53_NODE_180_length_19705_cov_3.168454	1	19705	6631	19705	100	38.4018	36.1	59.3
P1_53_NODE_181_length_19414_cov_1.756001	1	19414	2533	19414	100	16.6138	35.9	59.2
P1_53_NODE_182_length_19380_cov_1.538669	1	19380	2159	19380	100	14.3175	36	59.9
P1_53_NODE_183_length_19355_cov_3.085500	1	19355	4610	19355	100	30.1012	35.9	59.7
P1_53_NODE_184_length_19323_cov_4.201292	1	19323	6443	19323	100	41.8316	36	59.7
P1_53_NODE_185_length_19084_cov_2.335021	1	19084	3843	19084	100	24.3647	36	59.2
P1_53_NODE_186_length_19042_cov_4.257785	1	19042	7636	19042	100	47.5153	36.2	58.6
P1_53_NODE_187_length_18808_cov_1.923666	1	18808	2939	18808	100	19.3759	35.9	59.2
P1_53_NODE_188_length_18711_cov_8.696190	1	18711	16794	18711	100	103.565	36.1	59.6
P1_53_NODE_189_length_18698_cov_1.588067	1	18698	2315	18698	100	15.6067	35.9	59.1
P1_53_NODE_190_length_18685_cov_3.171409	1	18685	5027	18685	100	33.1015	36	59.9
P1_53_NODE_191_length_18633_cov_6.078137	1	18633	9243	18633	100	61.8333	36	59.8
P1_53_NODE_192_length_18473_cov_13.028017	1	18473	30627	18470	99.9838	156.631	35.8	37.9
P1_53_NODE_193_length_18464_cov_3.914926	1	18464	5536	18462	99.9892	38.0701	35.9	59.7
P1_53_NODE_194_length_18108_cov_2.303320	1	18108	3231	18108	100	22.5226	35.8	59.8
P1_53_NODE_195_length_18055_cov_1.959337	1	18055	3354	18055	100	21.7086	36.1	59.7
P1_53_NODE_196_length_18004_cov_4.501091	1	18004	6501	18004	100	45.0537	36	59.4
P1_53_NODE_197_length_17900_cov_3.218140	1	17900	26605	17900	100	78.6931	34.8	11
P1_53_NODE_198_length_17803_cov_3.980878	1	17803	6431	17803	100	44.2283	36	58
P1_53_NODE_199_length_17654_cov_21.632510	1	17654	30829	17654	100	220.163	36	59.1
P1_53_NODE_200_length_17600_cov_2.556344	1	17600	3495	17600	100	25.1245	36	59.3
P1_53_NODE_201_length_17554_cov_1.812934	1	17554	2700	17554	100	18.9133	35.9	59.8
P1_53_NODE_202_length_17533_cov_3.030219	1	17533	4090	17533	100	29.5771	36	59.9
P1_53_NODE_203_length_17308_cov_3.755544	1	17308	5157	17308	100	38.1081	35.9	58.2
P1_53_NODE_204_length_17260_cov_36.694916	1	17260	66391	17260	100	441.687	36.2	59.7
P1_53_NODE_205_length_17229_cov_2.218805	1	17229	4048	17227	99.9884	26.7667	36.2	59.4
P1_53_NODE_206_length_17181_cov_2.451507	1	17181	3290	17181	100	24.1641	36.1	59.8
P1_53_NODE_207_length_17157_cov_2.698004	1	17157	4654	17157	100	31.5936	36.2	59.3
P1_53_NODE_208_length_17125_cov_2.179668	1	17125	3425	17125	100	23.9752	36.1	59.1
P1_53_NODE_209_length_17105_cov_3.078572	1	17105	5264	17105	100	35.8937	36.2	59.8
P1_53_NODE_210_length_17018_cov_1.521165	1	17018	2633	17018	100	17.8903	36.1	59.4
P1_53_NODE_211_length_16980_cov_6.725509	1	16980	10884	16980	100	76.0128	36.1	59.7
P1_53_NODE_212_length_16979_cov_3.898054	1	16979	5844	16979	100	41.7216	36.1	59.6
P1_53_NODE_213_length_16933_cov_3.888968	1	16933	6909	16933	100	46.7791	36.2	59.6
P1_53_NODE_214_length_16786_cov_7.231106	1	16786	12744	16786	100	87.1295	36.2	59.6
P1_53_NODE_215_length_16737_cov_2.854726	1	16737	4057	16737	100	29.8478	35.9	58.5
P1_53_NODE_216_length_16606_cov_11.315735	1	16606	15970	16606	100	118.635	36	59.6
P1_53_NODE_217_length_16341_cov_2.761564	1	16341	3735	16341	100	28.3339	36	59.2
P1_53_NODE_218_length_16322_cov_2.255387	1	16322	3735	16322	100	26.5004	36.1	58.3
P1_53_NODE_219_length_16310_cov_4.224186	1	16310	5290	16310	100	41.0085	35.9	59.9
P1_53_NODE_220_length_16238_cov_2.548011	1	16238	4368	16238	100	31.1132	36.2	59.4
P1_53_NODE_221_length_16202_cov_3.790793	1	16202	6156	16202	100	44.0137	36.1	59.2
P1_53_NODE_222_length_16191_cov_2.400647	1	16191	3350	16191	100	25.0808	36	58.3
P1_53_NODE_223_length_16099_cov_3.306286	1	16099	5747	16099	100	40.553	36.2	59.4
P1_53_NODE_224_length_16092_cov_3.212841	1	16092	4083	16092	100	31.7302	36	58.9
P1_53_NODE_225_length_15981_cov_5.739687	1	15981	9584	15981	100	68.9431	36.1	59.4
P1_53_NODE_226_length_15839_cov_2.400395	1	15839	2778	15839	100	22.3525	35.9	59.7
P1_53_NODE_227_length_15784_cov_10.570671	1	15784	13849	15784	100	108.55	35.9	58.4
P1_53_NODE_228_length_15751_cov_2.306964	1	15751	3646	15751	100	26.8925	36	59.7
P1_53_NODE_229_length_15739_cov_1.630156	1	15739	1972	15739	100	15.7355	36	59.6
P1_53_NODE_230_length_15628_cov_26.030514	1	15628	37236	15628	100	288.053	36.1	59.9
P1_53_NODE_231_length_15594_cov_2.346609	1	15594	2956	15594	100	23.4677	35.9	59
P1_53_NODE_232_length_15504_cov_5.087533	1	15504	6523	15405	99.3615	52.2505	35.9	58.2
P1_53_NODE_233_length_15480_cov_4.321957	1	15480	6555	15480	100	49.7099	36.1	59.6
P1_53_NODE_234_length_15305_cov_3.793846	1	15305	6363	15305	100	47.1197	36.1	59.7
P1_53_NODE_235_length_15265_cov_2.006606	1	15265	2214	15265	100	18.7045	36.1	59.9
P1_53_NODE_236_length_15216_cov_8.872954	1	15216	13548	15216	100	104.084	36.1	59.6
P1_53_NODE_237_length_15116_cov_1.823137	1	15116	2305	15116	100	18.7181	36.1	59.9
P1_53_NODE_238_length_15077_cov_1.924080	1	15077	2357	15077	100	19.6651	35.9	59.4
P1_53_NODE_239_length_15027_cov_2.029799	1	15027	2440	15027	100	20.196	36	59.1
P1_53_NODE_240_length_14919_cov_2.437669	1	14919	3201	14919	100	25.9902	36.1	58.9
P1_53_NODE_241_length_14861_cov_2.176259	1	14861	2778	14861	100	22.8167	35.9	59.1
P1_53_NODE_242_length_14794_cov_2.414331	1	14794	3094	14793	99.9932	25.5341	36.2	59.8
P1_53_NODE_243_length_14723_cov_2.690258	1	14723	3314	14723	100	27.689	36	59.8
P1_53_NODE_244_length_14701_cov_4.300672	1	14701	7264	14701	100	55.2623	36.2	55.7
P1_53_NODE_245_length_14294_cov_5.386320	1	14294	5712	14281	99.9091	51.45	35.9	58.2
P1_53_NODE_246_length_14176_cov_2.191971	1	14176	2686	14176	100	22.6917	36	58.9
P1_53_NODE_247_length_14049_cov_1.966169	1	14049	2818	14049	100	23.0949	36.1	59.7
P1_53_NODE_248_length_13967_cov_1.393280	1	13967	2215	13967	100	17.8045	36.2	59.5
P1_53_NODE_249_length_13951_cov_5.837746	1	13951	8163	13951	100	68.1993	36.1	59.6
P1_53_NODE_250_length_13902_cov_1.579165	1	13902	1863	13902	100	16.4174	36	59
P1_53_NODE_251_length_13902_cov_1.367187	1	13902	1650	13902	100	14.5818	36.1	59.5
P1_53_NODE_252_length_13885_cov_9.823303	1	13885	14507	13885	100	119.687	36.1	59.4
P1_53_NODE_253_length_13801_cov_3.067208	1	13801	3361	13801	100	30.4807	35.9	59.8
P1_53_NODE_254_length_13773_cov_3.313425	1	13773	3892	13773	100	34.6668	36	59.8
P1_53_NODE_255_length_13733_cov_2.056225	1	13733	2339	13733	100	20.8549	36	59.4
P1_53_NODE_256_length_13710_cov_10.452919	1	13710	15482	13710	100	128.696	36.2	59.5
P1_53_NODE_257_length_13695_cov_2.082621	1	13695	2656	13695	100	22.8583	36.1	59.1
P1_53_NODE_258_length_13691_cov_2.677897	1	13691	4267	13691	100	36.99	36	58.6
P1_53_NODE_259_length_13655_cov_3.575473	1	13655	3847	13655	100	35.4092	36	58.7
P1_53_NODE_260_length_13577_cov_47.958662	1	13577	71088	13577	100	596.15	36.2	57.6
P1_53_NODE_261_length_13534_cov_1.742970	1	13534	2119	13534	100	18.7935	35.9	59.1
P1_53_NODE_262_length_13517_cov_7.250112	1	13517	7392	13426	99.3268	70.645	35.9	55.2
P1_53_NODE_263_length_13498_cov_8.009947	1	13498	8679	13398	99.2591	80.6688	36	58.3
P1_53_NODE_264_length_13487_cov_1.342216	1	13487	1561	13487	100	14.0001	36.1	59.9
P1_53_NODE_265_length_13474_cov_7.978572	1	13474	8492	13474	100	79.3655	35.9	59.8
P1_53_NODE_266_length_13465_cov_3.116959	1	13465	3080	13465	100	29.3178	35.9	59.2
P1_53_NODE_267_length_13271_cov_6.516966	1	13271	8676	13271	100	76.3907	36.1	59.5
P1_53_NODE_268_length_13268_cov_3.393501	1	13268	3911	13268	100	35.89	36.1	59.3
P1_53_NODE_269_length_13108_cov_9.999846	1	13108	10595	13010	99.2524	100.63	36	58.8
P1_53_NODE_270_length_13069_cov_2.023103	1	13069	2240	13069	100	20.993	36	59.8
P1_53_NODE_271_length_12971_cov_2.528107	1	12971	2374	12971	100	23.3957	36	59.8
P1_53_NODE_272_length_12969_cov_1.365597	1	12969	1398	12969	100	13.4923	36.1	59.6
P1_53_NODE_273_length_12951_cov_3.442686	1	12951	3965	12951	100	37.1662	36.1	59.5
P1_53_NODE_274_length_12927_cov_2.537109	1	12927	2527	12927	100	24.7579	35.9	58.3
P1_53_NODE_275_length_12919_cov_2.178862	1	12919	2254	12919	100	21.893	35.9	59.3
P1_53_NODE_276_length_12689_cov_3.376134	1	12689	3912	12689	100	36.6274	36.1	59.2
P1_53_NODE_277_length_12639_cov_1.349584	1	12639	1703	12639	100	15.5057	36.2	59.7
P1_53_NODE_278_length_12455_cov_3.557592	1	12455	4821	12455	100	44.0215	36.1	59.4
P1_53_NODE_279_length_12430_cov_27.519629	1	12430	35116	12430	100	327.421	36.1	59
P1_53_NODE_280_length_12242_cov_9.320264	1	12242	9167	12228	99.8856	93.8423	35.9	59.8
P1_53_NODE_281_length_12219_cov_8.085346	1	12219	10098	12219	100	95.2859	36.2	59.5
P1_53_NODE_282_length_12107_cov_2.717362	1	12107	3346	12107	100	32.2564	35.9	56.9
P1_53_NODE_283_length_12074_cov_3.332803	1	12074	3719	12074	100	36.9871	36.1	57.9
P1_53_NODE_284_length_12032_cov_6.994624	1	12032	9594	12032	100	88.8369	36.3	58.1
P1_53_NODE_285_length_11924_cov_2.924981	1	11924	3119	11924	100	31.7227	36.1	59.7
P1_53_NODE_286_length_11922_cov_1.907842	1	11922	2011	11922	100	20.5069	36.1	59.5
P1_53_NODE_287_length_11897_cov_7.477910	1	11897	7130	11897	100	75.2491	35.9	57.8
P1_53_NODE_288_length_11782_cov_1.207293	1	11782	1432	11782	100	14.1411	36.2	59.9
P1_53_NODE_289_length_11721_cov_4.493617	1	11721	5600	11721	100	54.5827	36.2	59.5
P1_53_NODE_290_length_11642_cov_1.974729	1	11642	1944	11642	100	20.2083	36	59
P1_53_NODE_291_length_11637_cov_3.449783	1	11637	2883	11637	100	31.9496	35.9	59.3
P1_53_NODE_292_length_11631_cov_4.083449	1	11631	4903	11631	100	48.4805	36.1	59.2
P1_53_NODE_293_length_11630_cov_2.084065	1	11630	1814	11630	100	19.7538	36	59.9
P1_53_NODE_294_length_11550_cov_3.197671	1	11550	3171	11550	100	33.9169	36	57.7
P1_53_NODE_295_length_11545_cov_1.882817	1	11545	1793	11545	100	19.366	36	59.8
P1_53_NODE_296_length_11397_cov_1.742236	1	11397	1586	11397	100	17.439	36	59.1
P1_53_NODE_297_length_11370_cov_2.762252	1	11370	22367	11370	100	89.2028	34.6	6.97
P1_53_NODE_298_length_11319_cov_1.172445	1	11319	1541	11319	100	15.3092	36.2	59.6
P1_53_NODE_299_length_11274_cov_3.118238	1	11274	3280	11267	99.9379	34.8192	35.9	58.3
P1_53_NODE_300_length_11226_cov_2.084692	1	11226	2436	11226	100	24.9732	36.1	56.4
P1_53_NODE_301_length_11198_cov_1.123114	1	11198	989	11198	100	11.3188	36.1	59.8
P1_53_NODE_302_length_11121_cov_1.680917	1	11121	1496	11119	99.982	16.5634	36	58.9
P1_53_NODE_303_length_11110_cov_2.815624	1	11110	2279	11092	99.838	26.2653	35.8	58.7
P1_53_NODE_304_length_10843_cov_1.430105	1	10843	1309	10843	100	14.7834	36.1	59.6
P1_53_NODE_305_length_10778_cov_2.432729	1	10778	2134	10778	100	24.6799	36	59.3
P1_53_NODE_306_length_10754_cov_6.041874	1	10754	5484	10746	99.9256	63.1141	36	59.7
P1_53_NODE_307_length_10602_cov_1.858138	1	10602	1720	10602	100	19.4994	35.9	57.8
P1_53_NODE_308_length_10578_cov_1.341403	1	10578	1153	10578	100	13.4276	36.1	59.3
P1_53_NODE_309_length_10471_cov_4.455530	1	10471	4162	10471	100	48.6266	36	58.4
P1_53_NODE_310_length_10445_cov_2.704788	1	10445	3384	10445	100	36.451	36.1	59.5
P1_53_NODE_311_length_10391_cov_3.300370	1	10391	12995	10391	100	71.1357	35	12.9
P1_53_NODE_312_length_10329_cov_0.824838	1	10329	665	10319	99.9032	8.11744	36.1	59.4
P1_53_NODE_313_length_10244_cov_3.238905	1	10244	2751	10244	100	33.2471	36.1	59.7
P1_53_NODE_314_length_10236_cov_1.170937	1	10236	1185	10236	100	13.604	36.2	59.9
P1_53_NODE_315_length_10230_cov_0.958329	1	10230	1089	10230	100	12.1584	36	59.7
P1_53_NODE_316_length_10142_cov_1.383425	1	10142	1344	10142	100	16.281	35.9	54.5
P1_53_NODE_317_length_10137_cov_1.802797	1	10137	1478	10137	100	18.2172	35.9	59.8
P1_53_NODE_318_length_10103_cov_3.015237	1	10103	2837	10103	100	33.5888	36	59.6
P1_53_NODE_319_length_9961_cov_1.461765	1	9961	1124	9961	100	14.2585	35.9	59.7
P1_53_NODE_320_length_9862_cov_14.257524	1	9862	14284	9862	100	167.731	36.1	58.3
P1_53_NODE_321_length_9808_cov_2.040388	1	9808	1978	9808	100	23.5392	36.1	57.8
P1_53_NODE_322_length_9761_cov_1.556467	1	9761	1590	9761	100	18.8258	36	59.7
P1_53_NODE_323_length_9751_cov_4.359830	1	9751	4277	9751	100	50.6302	36.1	58.9
P1_53_NODE_324_length_9680_cov_1.710248	1	9680	1486	9680	100	18.5318	36	58.5
P1_53_NODE_325_length_9666_cov_3.589265	1	9666	3366	9666	100	41.2333	36.1	59.1
P1_53_NODE_326_length_9490_cov_1.425077	1	9490	1099	9490	100	14.4845	36	59.6
P1_53_NODE_327_length_9489_cov_3.244926	1	9489	2790	9489	100	35.1332	36	56.7
P1_53_NODE_328_length_9484_cov_13.754968	1	9484	13329	9484	100	161.31	36.1	59.3
P1_53_NODE_329_length_9467_cov_1.082227	1	9467	858	9467	100	11.1855	35.9	59.5
P1_53_NODE_330_length_9387_cov_1.681317	1	9387	1415	9385	99.9787	18.3807	36.1	59.2
P1_53_NODE_331_length_9385_cov_1.370166	1	9385	1067	9385	100	13.8697	36.1	59.8
P1_53_NODE_332_length_9373_cov_1.887843	1	9373	1755	9373	100	21.7575	36	59.6
P1_53_NODE_333_length_9305_cov_1.596208	1	9305	1221	9305	100	16.349	36	59.6
P1_53_NODE_334_length_9197_cov_1.384013	1	9197	1184	9197	100	15.5907	36	52.6
P1_53_NODE_335_length_9158_cov_6.918040	1	9158	5500	9158	100	73.7801	36	59.8
P1_53_NODE_336_length_9047_cov_4.248206	1	9047	3223	9046	99.9889	44.3668	36	59.1
P1_53_NODE_337_length_9045_cov_1.254317	1	9045	1040	9045	100	13.7205	36.2	59.5
P1_53_NODE_338_length_8969_cov_5.471387	1	8969	3536	8969	100	51.7087	35.9	58.9
P1_53_NODE_339_length_8876_cov_1.475254	1	8876	1034	8876	100	14.3344	35.9	59.3
P1_53_NODE_340_length_8875_cov_1.537609	1	8875	1145	8875	100	15.8029	36.1	59.2
P1_53_NODE_341_length_8870_cov_4.718289	1	8870	3556	8869	99.9887	49.4297	36	59.8
P1_53_NODE_342_length_8639_cov_2.138745	1	8639	1576	8639	100	22.1785	35.9	57.7
P1_53_NODE_343_length_8565_cov_51.943944	1	8565	47595	8565	100	609.809	36.4	43.9
P1_53_NODE_344_length_8496_cov_1.291791	1	8496	769	8496	100	11.5261	35.9	59.5
P1_53_NODE_345_length_8429_cov_1.205493	1	8429	1166	8429	100	15.5976	36.2	59.6
P1_53_NODE_346_length_8351_cov_7.326483	1	8351	7137	8351	100	96.0833	36.3	57.4
P1_53_NODE_347_length_8325_cov_1.813735	1	8325	1397	8325	100	20.3182	35.9	57.6
P1_53_NODE_348_length_8169_cov_1.251306	1	8169	788	8169	100	12.1195	36	59.8
P1_53_NODE_349_length_8166_cov_2.398308	1	8166	1584	8166	100	24.1736	36	59.8
P1_53_NODE_350_length_8109_cov_5.885117	1	8109	4848	8109	100	69.6791	36.2	59.3
P1_53_NODE_351_length_8080_cov_2.106123	1	8080	1312	8080	100	20.6094	36	59.3
P1_53_NODE_352_length_8052_cov_1.188139	1	8052	818	8052	100	12.4641	36.1	59.7
P1_53_NODE_353_length_8006_cov_3.541439	1	8006	2867	8003	99.9625	41.2967	36.2	54.5
P1_53_NODE_354_length_7990_cov_1.426809	1	7990	901	7990	100	14.0432	35.9	59.8
P1_53_NODE_355_length_7747_cov_1.741864	1	7747	1108	7747	100	17.7829	36.1	59.9
P1_53_NODE_356_length_7741_cov_2.007486	1	7741	1340	7741	100	21.1373	36.1	59.8
P1_53_NODE_357_length_7693_cov_2.107851	1	7693	1249	7693	100	19.9476	36	59.1
P1_53_NODE_358_length_7690_cov_1.531271	1	7690	1152	7690	100	17.4805	36.1	59.8
P1_53_NODE_359_length_7679_cov_2.952728	1	7679	1871	7679	100	30.0289	36	59.5
P1_53_NODE_360_length_7677_cov_3.073907	1	7677	1933	7677	100	30.6147	36	58.9
P1_53_NODE_361_length_7652_cov_3.996678	1	7652	2677	7652	100	42.6053	36.1	58.9
P1_53_NODE_362_length_7651_cov_1.138756	1	7651	748	7651	100	11.9711	35.9	59.9
P1_53_NODE_363_length_7559_cov_1.916442	1	7559	1524	7559	100	23.6796	36	55
P1_53_NODE_364_length_7552_cov_2.283232	1	7552	1448	7552	100	23.2729	36	59
P1_53_NODE_365_length_7507_cov_1.184553	1	7507	896	7507	100	13.6129	36	56.8
P1_53_NODE_366_length_7366_cov_2.022517	1	7366	1124	7366	100	19.2429	36	59.1
P1_53_NODE_367_length_7358_cov_1.215323	1	7358	973	7358	100	14.9383	36.2	56.3
P1_53_NODE_368_length_7349_cov_2.674882	1	7349	1983	7349	100	31.6457	35.9	57.2
P1_53_NODE_369_length_7344_cov_1.350700	1	7344	1021	7344	100	16.0004	36.3	59.7
P1_53_NODE_370_length_7324_cov_1.791858	1	7324	1107	7324	100	18.6279	35.9	57.8
P1_53_NODE_371_length_7300_cov_2.357870	1	7300	1473	7289	99.8493	24.343	36.1	57.9
P1_53_NODE_372_length_7272_cov_1.069419	1	7272	629	7263	99.8762	10.6631	35.9	58.9
P1_53_NODE_373_length_7194_cov_2.184661	1	7194	1670	7194	100	26.6212	36.1	53.6
P1_53_NODE_374_length_7173_cov_1.199688	1	7173	871	7173	100	15.2009	36	57.8
P1_53_NODE_375_length_7172_cov_1.855216	1	7172	15898	7172	100	138.446	34.7	4.53
P1_53_NODE_376_length_7142_cov_21.255595	1	7142	15005	7142	100	245.112	36.2	59.2
P1_53_NODE_377_length_7141_cov_2.873111	1	7141	1949	7141	100	32.023	36.1	58.6
P1_53_NODE_378_length_7110_cov_0.840470	1	7110	697	7110	100	10.9858	36.2	59.6
P1_53_NODE_379_length_7044_cov_1.566720	1	7044	1023	7044	100	17.3786	36.1	59
P1_53_NODE_380_length_7025_cov_1.188460	1	7025	787	7025	100	13.1422	36.1	59.4
P1_53_NODE_381_length_6970_cov_2.100541	1	6970	998	6970	100	18.6066	35.9	59.9
P1_53_NODE_382_length_6944_cov_4.993546	1	6944	3734	6944	100	61.2824	36.2	57.9
P1_53_NODE_383_length_6934_cov_1.587190	1	6934	10863	6934	100	70.8888	34.8	5.34
P1_53_NODE_384_length_6878_cov_1.519923	1	6878	1009	6878	100	17.1668	36.2	59.6
P1_53_NODE_385_length_6876_cov_0.857460	1	6876	516	6876	100	9.04625	36.1	59.7
P1_53_NODE_386_length_6859_cov_3.270796	1	6859	2512	6859	100	40.768	36.3	59
P1_53_NODE_387_length_6834_cov_1.034442	1	6834	659	6834	100	11.3608	36	57.3
P1_53_NODE_388_length_6827_cov_1.010149	1	6827	512	6827	100	9.69665	35.9	59.9
P1_53_NODE_389_length_6797_cov_1.252324	1	6797	669	6797	100	12.4456	36	59.7
P1_53_NODE_390_length_6788_cov_1.540309	1	6788	1150	6788	100	19.2634	36.1	59.6
P1_53_NODE_391_length_6755_cov_5.124774	1	6755	3296	6755	100	58.2756	36	58.6
P1_53_NODE_392_length_6728_cov_1.100439	1	6728	777	6728	100	13.0609	36.1	59.6
P1_53_NODE_393_length_6717_cov_3.141146	1	6717	2335	6717	100	38.9857	36.1	59.6
P1_53_NODE_394_length_6554_cov_0.839739	1	6554	460	6554	100	8.52899	36	58.7
P1_53_NODE_395_length_6487_cov_2.261478	1	6487	1472	6487	100	26.5472	36.1	54.7
P1_53_NODE_396_length_6484_cov_1.173352	1	6484	671	6484	100	12.4821	35.8	56.4
P1_53_NODE_397_length_6466_cov_1.331283	1	6466	834	6466	100	15.3484	36	59
P1_53_NODE_398_length_6438_cov_1.538900	1	6438	1084	6438	100	19.2024	36.2	56.6
P1_53_NODE_399_length_6433_cov_1.342531	1	6433	766	6433	100	14.0036	36	56.8
P1_53_NODE_400_length_6426_cov_0.754247	1	6426	493	6426	100	8.7521	36.1	59.7
P1_53_NODE_401_length_6329_cov_1.971461	1	6329	1047	6329	100	19.9174	36.1	57.3
P1_53_NODE_402_length_6323_cov_1.531795	1	6323	826	6323	100	15.7144	36.1	59.2
P1_53_NODE_403_length_6313_cov_0.921759	1	6313	639	6313	100	11.3349	36.2	59.6
P1_53_NODE_404_length_6264_cov_1.678833	1	6264	1323	6264	100	24.0434	36.3	59.6
P1_53_NODE_405_length_6244_cov_6.808978	1	6244	3306	6244	100	66.7317	36.1	59.9
P1_53_NODE_406_length_6238_cov_12.439906	1	6238	8024	6238	100	148.289	36.2	59.7
P1_53_NODE_407_length_6197_cov_1.183031	1	6197	508	6197	100	10.7339	36	59.9
P1_53_NODE_408_length_6192_cov_1.120692	1	6192	547	6192	100	10.8671	36.1	58.8
P1_53_NODE_409_length_6174_cov_2.063999	1	6174	1054	6174	100	21.1255	35.7	58
P1_53_NODE_410_length_6149_cov_1.266191	1	6149	639	6149	100	12.6627	36	58.9
P1_53_NODE_411_length_6134_cov_1.725487	1	6134	770	6134	100	15.8818	35.8	47.7
P1_53_NODE_412_length_6110_cov_0.821829	1	6110	419	6110	100	8.45548	36.1	59.6
P1_53_NODE_413_length_6075_cov_1.502858	1	6075	824	6075	100	16.3984	36.1	59.8
P1_53_NODE_414_length_6071_cov_0.849933	1	6071	449	6069	99.9671	8.87004	35.9	58.4
P1_53_NODE_415_length_6059_cov_1.423635	1	6059	625	6059	100	12.999	36	59.8
P1_53_NODE_416_length_6058_cov_1.817737	1	6058	1124	6058	100	22.0259	36.1	55.9
P1_53_NODE_417_length_6017_cov_28.795085	1	6017	18259	6017	100	348.61	36	59.7
P1_53_NODE_418_length_6000_cov_1.507066	1	6000	823	6000	100	16.5335	36	59.1
P1_53_NODE_419_length_5992_cov_2.637511	1	5992	1231	5992	100	25.4484	35.9	59.5
P1_53_NODE_420_length_5992_cov_0.997442	1	5992	648	5992	100	12.2852	36	59.7
P1_53_NODE_421_length_5943_cov_3.947902	1	5943	1888	5943	100	39.6335	36	58.5
P1_53_NODE_422_length_5936_cov_2.074880	1	5936	1050	5936	100	21.6213	35.9	59.5
P1_53_NODE_423_length_5912_cov_1.329818	1	5912	654	5912	100	13.4374	36.1	59.3
P1_53_NODE_424_length_5862_cov_1.747515	1	5862	722	5862	100	15.7857	35.9	59.3
P1_53_NODE_425_length_5843_cov_1.629286	1	5843	834	5843	100	17.2617	36.1	59.6
P1_53_NODE_426_length_5731_cov_1.786046	1	5731	852	5731	100	18.0906	35.7	57.9
P1_53_NODE_427_length_5678_cov_1.117817	1	5678	717	5678	100	13.9768	36.3	59.3
P1_53_NODE_428_length_5672_cov_1.366997	1	5672	615	5672	100	13.2853	35.8	59.6
P1_53_NODE_429_length_5670_cov_1.417283	1	5670	754	5660	99.8236	15.3827	35.4	54.5
P1_53_NODE_430_length_5665_cov_2.760202	1	5665	1196	5665	100	26.3726	35.9	59.2
P1_53_NODE_431_length_5660_cov_4.248870	1	5660	2621532	5660	100	8363.55	35.1	29.3
P1_53_NODE_432_length_5611_cov_2.638403	1	5611	1252	5611	100	26.941	36.1	59.2
P1_53_NODE_433_length_5587_cov_1.672894	1	5587	678	5587	100	15.342	35.9	59.7
P1_53_NODE_434_length_5537_cov_4.673376	1	5537	2506	5537	100	53.4663	36.1	56
P1_53_NODE_435_length_5521_cov_1.803115	1	5521	855	5521	100	18.8384	36.1	59.7
P1_53_NODE_436_length_5507_cov_1.257249	1	5507	609	5507	100	13.1585	35.9	58.3
P1_53_NODE_437_length_5486_cov_1.381974	1	5486	536	5486	100	12.5308	36	59.4
P1_53_NODE_438_length_5481_cov_1.034554	1	5481	494	5481	100	10.9314	36	59.9
P1_53_NODE_439_length_5476_cov_1.552814	1	5476	748	5476	100	16.2215	35.9	58.3
P1_53_NODE_440_length_5473_cov_1.236438	1	5473	520	5473	100	11.991	36.1	59.8
P1_53_NODE_441_length_5445_cov_1.223204	1	5445	617	5445	100	13.5021	36	59.5
P1_53_NODE_442_length_5428_cov_1.662328	1	5428	565	5428	100	14.0416	35.9	59.5
P1_53_NODE_443_length_5380_cov_7.419829	1	5380	3390	5380	100	76.9766	36	59.9
P1_53_NODE_444_length_5362_cov_2.363897	1	5362	1027	5362	100	23.8275	36.1	59.8
P1_53_NODE_445_length_5347_cov_1.408429	1	5347	15557	5347	100	120.744	33.5	2.48
P1_53_NODE_446_length_5304_cov_1.054472	1	5304	378	5304	100	9.30468	35.9	59.9
P1_53_NODE_447_length_5275_cov_1.336441	1	5275	695	5275	100	15.2538	36.2	60
P1_53_NODE_448_length_5275_cov_0.987374	1	5275	417	5275	100	9.94104	36.1	59.6
P1_53_NODE_449_length_5247_cov_0.843750	1	5247	398	5247	100	9.04803	35.9	59.1
P1_53_NODE_450_length_5245_cov_27.363738	1	5245	10724	5245	100	260.02	35.9	59.9
P1_53_NODE_451_length_5241_cov_0.894799	1	5241	367	5241	100	8.63003	36	59.7
P1_53_NODE_452_length_5187_cov_1.717194	1	5187	877	5187	100	19.2707	36.1	56.9
P1_53_NODE_453_length_5186_cov_0.927654	1	5186	373	5186	100	9.05958	36.1	59.9
P1_53_NODE_454_length_5167_cov_14.092063	1	5167	6881	5167	100	158.005	36.1	59
P1_53_NODE_455_length_5056_cov_10.006560	1	5056	5019	5056	100	114.745	36.2	59.7
P1_53_NODE_456_length_5040_cov_1.010584	1	5040	445	5040	100	10.5909	35.8	57.2
P1_53_NODE_457_length_5012_cov_1.248925	1	5012	523	5012	100	12.7715	35.8	59.8
P1_53_NODE_458_length_4980_cov_0.972388	1	4980	462	4980	100	10.9853	36.2	59.9
P1_53_NODE_459_length_4943_cov_1.084718	1	4943	485	4943	100	11.5454	36	59
P1_53_NODE_460_length_4935_cov_0.995008	1	4935	488	4935	100	11.3238	35.9	57.3
P1_53_NODE_461_length_4909_cov_1.122334	1	4909	534	4909	100	12.8806	35.9	59.5
P1_53_NODE_462_length_4899_cov_0.635163	1	4899	277	4899	100	6.85875	36.2	59.8
P1_53_NODE_463_length_4881_cov_28.110854	1	4881	12955	4881	100	313.691	36.1	59.1
P1_53_NODE_464_length_4870_cov_1.342399	1	4870	669	4870	100	15.5175	36.1	59.3
P1_53_NODE_465_length_4868_cov_0.925965	1	4868	420	4868	100	10.3486	36.2	59.9
P1_53_NODE_466_length_4856_cov_11.217339	1	4856	5451	4856	100	130.074	36.2	59.8
P1_53_NODE_467_length_4811_cov_1.116567	1	4811	463	4811	100	11.9019	35.7	59.2
P1_53_NODE_468_length_4801_cov_1.498716	1	4801	489	4801	100	13.2379	35.8	59.9
P1_53_NODE_469_length_4797_cov_1.740043	1	4797	738	4797	100	18.6587	35.9	59.4
P1_53_NODE_470_length_4786_cov_0.996137	1	4786	341	4786	100	9.09465	36	59.1
P1_53_NODE_471_length_4778_cov_1.500753	1	4778	532	4778	100	14.1379	36	56.8
P1_53_NODE_472_length_4769_cov_1.190651	1	4769	456	4769	100	11.9044	36	59.3
P1_53_NODE_473_length_4762_cov_1.023085	1	4762	387	4762	100	10.3028	35.7	59.3
P1_53_NODE_474_length_4745_cov_1.217194	1	4745	443	4745	100	11.8575	35.9	59.5
P1_53_NODE_475_length_4727_cov_1.018478	1	4727	497	4727	100	12.0283	36.1	59.4
P1_53_NODE_476_length_4719_cov_1.121516	1	4719	727	4707	99.7457	17.3098	36.1	54.1
P1_53_NODE_477_length_4710_cov_2.216234	1	4710	746	4710	100	20.1389	36	59.4
P1_53_NODE_478_length_4703_cov_1.244755	1	4703	454	4703	100	12.1174	36	58.8
P1_53_NODE_479_length_4693_cov_0.754052	1	4693	287	4693	100	7.4967	36.1	59.7
P1_53_NODE_480_length_4666_cov_1.736506	1	4666	603	4666	100	16.311	36	59.1
P1_53_NODE_481_length_4645_cov_2.494024	1	4645	968	4645	100	25.1184	35.8	58.5
P1_53_NODE_482_length_4633_cov_0.913449	1	4633	382	4621	99.741	9.22102	36	51.3
P1_53_NODE_483_length_4612_cov_3.753112	1	4612	1485	4612	100	38.8918	36	59.8
P1_53_NODE_484_length_4609_cov_1.825802	1	4609	761	4609	100	19.6223	36	59.8
P1_53_NODE_485_length_4605_cov_1.441268	1	4605	477	4605	100	13.2007	35.9	59.5
P1_53_NODE_486_length_4562_cov_3.329425	1	4562	1293	4555	99.8466	34.6094	36.1	59.5
P1_53_NODE_487_length_4557_cov_1.286230	1	4557	456	4557	100	12.6645	36.1	59.3
P1_53_NODE_488_length_4557_cov_0.901806	1	4557	349	4557	100	8.85605	36	53.9
P1_53_NODE_489_length_4552_cov_1.577853	1	4552	600	4552	100	16.4402	35.9	59.4
P1_53_NODE_490_length_4550_cov_1.938277	1	4550	607	4504	98.989	17.2356	36	59.6
P1_53_NODE_491_length_4500_cov_1.736565	1	4500	622	4500	100	16.8956	36	58.6
P1_53_NODE_492_length_4496_cov_1.337835	1	4496	4581	4496	100	42.5483	32.7	12.3
P1_53_NODE_493_length_4488_cov_10.352113	1	4488	4313	4488	100	114.751	36.1	59.6
P1_53_NODE_494_length_4486_cov_1.020647	1	4486	394	4486	100	10.5187	36.2	59.2
P1_53_NODE_495_length_4444_cov_0.834607	1	4444	436	4444	100	11.1346	36.3	59
P1_53_NODE_496_length_4430_cov_4.401348	1	4430	1903	4430	100	49.8002	36.2	59.1
P1_53_NODE_497_length_4423_cov_1.472300	1	4423	626	4423	100	16.1368	36	55.2
P1_53_NODE_498_length_4421_cov_2.731719	1	4421	1070	4421	100	29.1687	36.1	58.8
P1_53_NODE_499_length_4412_cov_1.110852	1	4412	411	4412	100	11.5131	35.9	59.1
P1_53_NODE_500_length_4411_cov_1.651727	1	4411	604	4411	100	16.8268	36	59.8
P1_53_NODE_501_length_4380_cov_1.262638	1	4380	582	4380	100	14.6342	36.2	55.1
P1_53_NODE_502_length_4360_cov_1.560359	1	4360	553	4354	99.8624	15.62	36	58
P1_53_NODE_503_length_4358_cov_2.628540	1	4358	958	4358	100	26.9224	36.1	59.8
P1_53_NODE_504_length_4323_cov_2.843184	1	4323	1438	4323	100	36.5313	36.2	56.3
P1_53_NODE_505_length_4269_cov_10.274988	1	4269	3091	4269	100	93.9806	35.9	59
P1_53_NODE_506_length_4262_cov_1.134462	1	4262	387	4262	100	11.0235	35.9	59.2
P1_53_NODE_507_length_4208_cov_0.901985	1	4208	287	4208	100	8.48622	35.8	57.7
P1_53_NODE_508_length_4202_cov_1.193374	1	4202	463	4202	100	13.0526	35.9	58.4
P1_53_NODE_509_length_4196_cov_1.299091	1	4196	572	4196	100	15.7641	36	59.6
P1_53_NODE_510_length_4162_cov_0.942751	1	4162	355	4162	100	10.1725	36	59.7
P1_53_NODE_511_length_4151_cov_0.986581	1	4151	403	4151	100	11.7781	36	59.1
P1_53_NODE_512_length_4140_cov_0.769250	1	4140	243	4140	100	7.39952	36.2	60
P1_53_NODE_513_length_4130_cov_2.827130	1	4130	882	4125	99.8789	26.1809	36	53.7
P1_53_NODE_514_length_4125_cov_1.294147	1	4125	587	4125	100	16.3719	36.1	59.5
P1_53_NODE_515_length_4124_cov_1.233925	1	4124	411	4124	100	12.3831	36	58.7
P1_53_NODE_516_length_4122_cov_1.673091	1	4122	587	4122	100	17.37	36.2	59.5
P1_53_NODE_517_length_4106_cov_0.669264	1	4106	241	4106	100	7.16926	36	60
P1_53_NODE_518_length_4095_cov_1.502268	1	4095	595	4095	100	17.0681	36.1	59
P1_53_NODE_519_length_4077_cov_1.384810	1	4077	423	4077	100	13.1001	35.9	59.8
P1_53_NODE_520_length_4053_cov_1.059348	1	4053	463	4053	100	13.4476	35.9	57.1
P1_53_NODE_521_length_4034_cov_0.723829	1	4034	286	4034	100	8.15369	36.2	59.1
P1_53_NODE_522_length_4018_cov_2.204575	1	4018	815	4018	100	25.4331	36	58.6
P1_53_NODE_523_length_3969_cov_18.475534	1	3969	7195	3969	100	211.099	36.1	57.4
P1_53_NODE_524_length_3955_cov_1.159613	1	3955	266	3955	100	9.13704	36.1	60
P1_53_NODE_525_length_3939_cov_1.217996	1	3939	364	3939	100	11.4976	35.9	59.5
P1_53_NODE_526_length_3934_cov_1.389283	1	3934	570	3934	100	16.5907	35.8	58.4
P1_53_NODE_527_length_3925_cov_0.943655	1	3925	283	3925	100	9.05401	35.9	60
P1_53_NODE_528_length_3923_cov_1.295047	1	3923	561	3923	100	16.0806	36.2	59.3
P1_53_NODE_529_length_3900_cov_1.420620	1	3900	406	3900	100	13.2685	35.8	59.1
P1_53_NODE_530_length_3883_cov_15.603242	1	3883	5936	3883	100	178.968	36	59.7
P1_53_NODE_531_length_3882_cov_1.969374	1	3882	809	3882	100	23.2282	36.1	50.4
P1_53_NODE_532_length_3840_cov_2.068947	1	3840	631	3840	100	19.8307	35.9	52.1
P1_53_NODE_533_length_3839_cov_3.141972	1	3839	896	3839	100	29.0662	36	57.9
P1_53_NODE_534_length_3834_cov_2.706231	1	3834	1011	3824	99.7392	32.0232	36	51.4
P1_53_NODE_535_length_3824_cov_0.639437	1	3824	193	3824	100	6.34519	36	59.9
P1_53_NODE_536_length_3811_cov_0.929696	1	3811	330	3811	100	10.2944	36	59.2
P1_53_NODE_537_length_3800_cov_1.187313	1	3800	358	3800	100	11.9039	36.1	60
P1_53_NODE_538_length_3771_cov_1.021131	1	3771	359	3771	100	11.206	35.9	55.2
P1_53_NODE_539_length_3770_cov_1.087016	1	3770	361	3770	100	11.4154	36.1	60
P1_53_NODE_540_length_3767_cov_1.060714	1	3767	454	3767	100	13.4646	36.2	59.2
P1_53_NODE_541_length_3764_cov_1.041243	1	3764	331	3764	100	10.4299	36.1	58.1
P1_53_NODE_542_length_3740_cov_0.938278	1	3740	283	3740	100	9.43262	35.8	59.5
P1_53_NODE_543_length_3731_cov_1.254440	1	3731	347	3731	100	11.7483	36	59.5
P1_53_NODE_544_length_3713_cov_0.730061	1	3713	213	3713	100	7.05467	35.9	59.7
P1_53_NODE_545_length_3693_cov_1.053001	1	3693	324	3693	100	10.9686	36	59.6
P1_53_NODE_546_length_3680_cov_0.655221	1	3680	233	3680	100	7.43179	36.1	56.9
P1_53_NODE_547_length_3669_cov_0.761434	1	3669	388	3669	100	11.3132	36.2	59.9
P1_53_NODE_548_length_3659_cov_0.784258	1	3659	285	3659	100	8.99399	36.2	56.6
P1_53_NODE_549_length_3642_cov_0.896444	1	3642	345	3642	100	11.1645	36.2	59.7
P1_53_NODE_550_length_3641_cov_1.062607	1	3641	309	3641	100	10.2302	36.1	57.1
P1_53_NODE_551_length_3632_cov_0.957775	1	3632	246	3632	100	8.79047	35.7	59.7
P1_53_NODE_552_length_3632_cov_0.558631	1	3632	291	3632	100	8.62968	36.3	59.9
P1_53_NODE_553_length_3616_cov_1.486099	1	3616	519	3616	100	16.0022	35.9	54.5
P1_53_NODE_554_length_3615_cov_1.120413	1	3615	409	3615	100	14.1444	35.9	54
P1_53_NODE_555_length_3602_cov_0.963165	1	3602	363	3602	100	11.6427	36	59.7
P1_53_NODE_556_length_3589_cov_9.238159	1	3589	3287	3589	100	105.809	36.2	59.5
P1_53_NODE_557_length_3583_cov_1.669560	1	3583	509	3583	100	16.6977	36	55.2
P1_53_NODE_558_length_3567_cov_1.785756	1	3567	509	3567	100	17.4701	35.8	56.8
P1_53_NODE_559_length_3557_cov_1.835860	1	3557	468	3557	100	16.7827	35.9	59.7
P1_53_NODE_560_length_3548_cov_0.726980	1	3548	189	3548	100	6.78326	36.1	59.9
P1_53_NODE_561_length_3518_cov_0.955765	1	3518	264	3518	100	9.69215	36.1	60
P1_53_NODE_562_length_3508_cov_2.803576	1	3508	746	3508	100	26.3384	35.9	59.5
P1_53_NODE_563_length_3507_cov_0.854734	1	3507	280	3507	100	9.31366	36.2	58.5
P1_53_NODE_564_length_3502_cov_0.993481	1	3502	279	3502	100	9.82895	36.2	60
P1_53_NODE_565_length_3486_cov_1.630843	1	3486	734	3486	100	22.4191	36	52.9
P1_53_NODE_566_length_3483_cov_0.981228	1	3483	290	3483	100	10.2027	36	59.9
P1_53_NODE_567_length_3470_cov_15.546567	1	3470	4932	3470	100	169.785	36.2	59.9
P1_53_NODE_568_length_3470_cov_1.976369	1	3470	453	3470	100	17.1703	35.8	59.8
P1_53_NODE_569_length_3467_cov_1.059581	1	3467	275	3467	100	9.97779	35.7	59.9
P1_53_NODE_570_length_3463_cov_1.288369	1	3463	378	3463	100	13.4314	35.8	59.4
P1_53_NODE_571_length_3451_cov_1.512936	1	3451	498	3451	100	16.989	36.1	59.8
P1_53_NODE_572_length_3447_cov_16.715663	1	3447	5450	3447	100	187.486	36.1	57.5
P1_53_NODE_573_length_3436_cov_1.274403	1	3436	500	3436	100	15.8999	36.4	57.6
P1_53_NODE_574_length_3431_cov_1.099274	1	3431	281	3431	100	10.1679	35.8	58.9
P1_53_NODE_575_length_3415_cov_1.413625	1	3415	372	3415	100	13.6969	36.1	60
P1_53_NODE_576_length_3394_cov_1.284053	1	3394	448	3394	100	14.8574	35.9	54.9
P1_53_NODE_577_length_3372_cov_1.203698	1	3372	414	3372	100	13.3799	35.9	51.6
P1_53_NODE_578_length_3363_cov_1.176761	1	3363	1306	3363	100	33.1154	29.8	24.2
P1_53_NODE_579_length_3355_cov_2.083953	1	3355	410	3355	100	16.7219	35.7	59.1
P1_53_NODE_580_length_3336_cov_1.779059	1	3336	471	3335	99.97	17.5102	36.1	59.5
P1_53_NODE_581_length_3332_cov_4.491472	1	3332	1554	3332	100	54.6309	36	59.1
P1_53_NODE_582_length_3324_cov_1.025962	1	3324	249	3324	100	9.52377	35.9	60
P1_53_NODE_583_length_3316_cov_1.467545	1	3316	310	3316	100	12.3465	36	59.8
P1_53_NODE_584_length_3278_cov_1.273564	1	3278	288	3278	100	11.2575	36.2	59.9
P1_53_NODE_585_length_3268_cov_0.893028	1	3268	319	3268	100	10.929	36.2	59.8
P1_53_NODE_586_length_3254_cov_2.102974	1	3254	737	3254	100	25.1395	36.2	56.3
P1_53_NODE_587_length_3234_cov_1.694239	1	3234	626	3234	100	21.0609	35.9	54.7
P1_53_NODE_588_length_3202_cov_0.633496	1	3202	240	3202	100	8.10244	36.2	59.6
P1_53_NODE_589_length_3193_cov_1.160796	1	3193	313	3193	100	11.9295	35.9	51.9
P1_53_NODE_590_length_3193_cov_0.735160	1	3193	217	3193	100	7.59787	35.9	57.2
P1_53_NODE_591_length_3187_cov_1.408497	1	3187	344	3187	100	13.5519	36.1	59.4
P1_53_NODE_592_length_3182_cov_2.045499	1	3182	531	3182	100	20.5239	36.2	60
P1_53_NODE_593_length_3180_cov_1.534884	1	3180	430	3180	100	16.061	36	58.6
P1_53_NODE_594_length_3175_cov_1.289370	1	3175	358	3175	100	13.1606	36	56.6
P1_53_NODE_595_length_3170_cov_1.005587	1	3170	246	3170	100	9.2511	36.2	57.9
P1_53_NODE_596_length_3166_cov_1.000329	1	3166	279	3166	100	10.4033	36.2	59.8
P1_53_NODE_597_length_3156_cov_0.905579	1	3156	306	3156	100	9.89227	35	44.1
P1_53_NODE_598_length_3153_cov_1.084600	1	3153	298	3153	100	11.3194	35.8	58.9
P1_53_NODE_599_length_3153_cov_0.960344	1	3153	223	3153	100	8.97526	36.2	60
P1_53_NODE_600_length_3148_cov_1.164184	1	3148	260	3148	100	10.5635	36	58.1
P1_53_NODE_601_length_3134_cov_6.867310	1	3134	1277	3134	100	55.5089	35.9	59.8
P1_53_NODE_602_length_3104_cov_0.945583	1	3104	219	3104	100	8.73486	35.7	59.3
P1_53_NODE_603_length_3097_cov_1.259933	1	3097	346	3097	100	13.4249	36.2	59.9
P1_53_NODE_604_length_3096_cov_0.640620	1	3096	170	3096	100	6.39373	35.8	57
P1_53_NODE_605_length_3066_cov_0.604287	1	3066	198	3066	100	7.30789	36.1	60
P1_53_NODE_606_length_3056_cov_0.727211	1	3056	173	3056	100	7.21368	35.9	59.9
P1_53_NODE_607_length_3052_cov_0.860171	1	3052	200	3052	100	8.17955	35.8	59.8
P1_53_NODE_608_length_3049_cov_0.844627	1	3049	162	3047	99.9344	6.94851	36	59.8
P1_53_NODE_609_length_3036_cov_0.989343	1	3036	230	3036	100	9.37549	36.3	59.9
P1_53_NODE_610_length_3034_cov_0.667355	1	3034	131	3034	100	5.67535	35.6	59.5
P1_53_NODE_611_length_3008_cov_1.060743	1	3008	248	3008	100	10.365	35.9	58.9
P1_53_NODE_612_length_3008_cov_0.769872	1	3008	163	3008	100	6.95146	35.9	59
P1_53_NODE_613_length_3004_cov_0.807438	1	3004	225	3004	100	8.86917	36	59.5
P1_53_NODE_614_length_3000_cov_23.306996	1	3000	9461	3000	100	339.563	36.4	42.9
P1_53_NODE_615_length_3000_cov_1.431257	1	3000	329	3000	100	13.5433	35.9	57
P1_53_NODE_616_length_2999_cov_1.032382	1	2999	301	2999	100	11.6762	36	60
P1_53_NODE_617_length_2998_cov_1.032741	1	2998	294	2998	100	11.6401	36.3	59.1
P1_53_NODE_618_length_2996_cov_0.747299	1	2996	149	2996	100	6.503	35.8	59.2
P1_53_NODE_619_length_2991_cov_1.458450	1	2991	396	2991	100	15.7095	36	57.5
P1_53_NODE_620_length_2988_cov_0.967144	1	2988	212	2988	100	9.02041	35.9	58.4
P1_53_NODE_621_length_2963_cov_0.855078	1	2963	447	2963	100	13.7594	36.2	26.2
P1_53_NODE_622_length_2957_cov_1.446996	1	2957	370	2957	100	16.2719	35.9	53.5
P1_53_NODE_623_length_2956_cov_0.627784	1	2956	188	2956	100	7.12991	36.1	54.4
P1_53_NODE_624_length_2942_cov_1.633037	1	2942	509	2942	100	19.6659	36.1	52.9
P1_53_NODE_625_length_2926_cov_1.102894	1	2926	350	2926	100	13.7153	36.1	59.9
P1_53_NODE_626_length_2922_cov_1.108050	1	2922	276	2922	100	11.1588	36.1	60
P1_53_NODE_627_length_2892_cov_1.818083	1	2892	783	2892	100	31.352	36.3	58.1
P1_53_NODE_628_length_2889_cov_0.707820	1	2889	151	2889	100	6.64071	35.8	59.9
P1_53_NODE_629_length_2886_cov_0.572309	1	2886	126	2886	100	5.25468	36	58.4
P1_53_NODE_630_length_2877_cov_1.440727	1	2877	467	2877	100	21.0591	35.8	59.9
P1_53_NODE_631_length_2871_cov_1.315962	1	2871	254	2871	100	11.4267	36	59.9
P1_53_NODE_632_length_2854_cov_0.636597	1	2854	148	2854	100	6.31395	35.8	59.5
P1_53_NODE_633_length_2853_cov_0.998899	1	2853	205	2853	100	8.76551	35.8	59
P1_53_NODE_634_length_2849_cov_0.804923	1	2849	188	2849	100	8.11443	36	59.2
P1_53_NODE_635_length_2839_cov_1.019174	1	2839	281	2839	100	11.6073	36.1	59.6
P1_53_NODE_636_length_2838_cov_0.865363	1	2838	200	2838	100	8.40909	35.9	58.7
P1_53_NODE_637_length_2837_cov_0.821033	1	2837	189	2837	100	7.86112	35.8	57.5
P1_53_NODE_638_length_2831_cov_0.936391	1	2831	245	2831	100	9.98799	35.8	55.9
P1_53_NODE_639_length_2820_cov_0.902711	1	2820	186	2820	100	8.30496	36	59.7
P1_53_NODE_640_length_2817_cov_0.601859	1	2817	158	2817	100	6.79979	36.3	60
P1_53_NODE_641_length_2814_cov_0.638258	1	2814	164	2814	100	6.64996	36	59.5
P1_53_NODE_642_length_2810_cov_0.760343	1	2810	124	2810	100	5.88256	36.1	60
P1_53_NODE_643_length_2806_cov_0.776409	1	2806	163	2806	100	7.17284	36	59.2
P1_53_NODE_644_length_2789_cov_1.561983	1	2789	310	2789	100	14.3858	36	56.8
P1_53_NODE_645_length_2787_cov_1.179699	1	2787	298	2787	100	12.5802	36.2	59.5
P1_53_NODE_646_length_2779_cov_0.635747	1	2779	157	2779	100	6.5851	36.1	58.2
P1_53_NODE_647_length_2769_cov_0.977668	1	2769	236	2769	100	10.1159	36.4	59.8
P1_53_NODE_648_length_2765_cov_0.865807	1	2765	142	2765	100	6.69982	35.8	58.8
P1_53_NODE_649_length_2761_cov_0.941913	1	2761	233	2761	100	10.2434	36.2	58.7
P1_53_NODE_650_length_2757_cov_1.617110	1	2757	463	2757	100	18.8701	36.1	55.9
P1_53_NODE_651_length_2750_cov_1.705299	1	2750	367	2750	100	16.4993	36	58.1
P1_53_NODE_652_length_2748_cov_0.576498	1	2748	151	2748	100	6.373	36.2	59.7
P1_53_NODE_653_length_2742_cov_1.429446	1	2742	395	2742	100	16.5511	36	56.8
P1_53_NODE_654_length_2739_cov_1.012251	1	2739	225	2739	100	9.79189	35.8	59.3
P1_53_NODE_655_length_2739_cov_0.818913	1	2739	158	2739	100	7.57576	36	60
P1_53_NODE_656_length_2738_cov_63.327844	1	2738	16964	2738	100	722.298	36	59.1
P1_53_NODE_657_length_2732_cov_0.991939	1	2732	181	2732	100	8.65007	36.1	60
P1_53_NODE_658_length_2730_cov_0.780254	1	2730	197	2730	100	8.76667	36.2	60
P1_53_NODE_659_length_2729_cov_0.669869	1	2729	106	2729	100	5.32906	36.2	60
P1_53_NODE_660_length_2723_cov_1.382126	1	2723	262	2723	100	12.3966	36	59.5
P1_53_NODE_661_length_2713_cov_1.634571	1	2713	697	2713	100	26.2466	36.4	57.4
P1_53_NODE_662_length_2704_cov_1.195188	1	2704	253	2704	100	11.3558	36	59.2
P1_53_NODE_663_length_2702_cov_1.303301	1	2702	258	2702	100	11.9082	35.9	58.3
P1_53_NODE_664_length_2700_cov_1.335017	1	2700	353	2700	100	14.8074	36.1	59.8
P1_53_NODE_665_length_2698_cov_1.388565	1	2698	268	2698	100	12.8373	36.1	59.5
P1_53_NODE_666_length_2695_cov_0.870717	1	2695	173	2695	100	7.89685	36.1	59
P1_53_NODE_667_length_2692_cov_0.979727	1	2692	162	2692	100	7.92793	35.8	59.4
P1_53_NODE_668_length_2690_cov_0.708545	1	2690	153	2690	100	6.73494	36.1	57.4
P1_53_NODE_669_length_2669_cov_1.005507	1	2669	175	2669	100	8.59535	36.1	58.4
P1_53_NODE_670_length_2666_cov_0.883813	1	2666	341	2666	100	13.5416	36.1	47.8
P1_53_NODE_671_length_2664_cov_0.838392	1	2664	166	2664	100	7.98949	36	59.4
P1_53_NODE_672_length_2655_cov_0.827927	1	2655	147	2655	100	7.15443	36	59.9
P1_53_NODE_673_length_2649_cov_1.029738	1	2649	206	2649	100	9.80823	36	59.8
P1_53_NODE_674_length_2648_cov_1.093217	1	2648	259	2648	100	11.4989	36.4	60
P1_53_NODE_675_length_2607_cov_0.843952	1	2607	132	2607	100	6.73648	36	60
P1_53_NODE_676_length_2601_cov_0.593371	1	2601	135	2601	100	6.42484	35.6	57.6
P1_53_NODE_677_length_2595_cov_0.892220	1	2595	231	2595	100	10.8266	36.1	59.9
P1_53_NODE_678_length_2585_cov_1.844182	1	2585	398	2585	100	18.8971	35.9	60
P1_53_NODE_679_length_2581_cov_0.973105	1	2581	192	2581	100	9.55909	35.7	59.9
P1_53_NODE_680_length_2581_cov_0.756724	1	2581	246	2581	100	10.4781	36.2	59.6
P1_53_NODE_681_length_2575_cov_1.015523	1	2575	199	2575	100	9.69553	36.2	60
P1_53_NODE_682_length_2569_cov_0.997133	1	2569	203	2569	100	9.73375	36.1	57.6
P1_53_NODE_683_length_2565_cov_0.626333	1	2565	142	2565	100	6.47719	36	55.7
P1_53_NODE_684_length_2561_cov_0.870994	1	2561	176	2561	100	8.48692	35.9	59.6
P1_53_NODE_685_length_2549_cov_0.701073	1	2549	227	2549	100	9.58297	35.9	56
P1_53_NODE_686_length_2537_cov_0.584232	1	2537	126	2537	100	5.81553	35.8	58.7
P1_53_NODE_687_length_2528_cov_1.219492	1	2528	196	2528	100	10.2306	35.7	56.7
P1_53_NODE_688_length_2519_cov_2.579849	1	2519	689	2519	100	29.7527	35.9	49.9
P1_53_NODE_689_length_2519_cov_0.591973	1	2519	138	2519	100	6.45971	36.1	59
P1_53_NODE_690_length_2507_cov_0.819748	1	2507	147	2507	100	7.38213	36	59.2
P1_53_NODE_691_length_2507_cov_0.816807	1	2507	121	2507	100	6.62704	36.1	60
P1_53_NODE_692_length_2503_cov_1.261785	1	2503	261	2503	100	12.4467	36.1	59.4
P1_53_NODE_693_length_2503_cov_0.652357	1	2503	146	2503	100	6.67	36.1	59
P1_53_NODE_694_length_2499_cov_1.360034	1	2499	258	2499	100	12.5778	36.1	59.8
P1_53_NODE_695_length_2498_cov_1.347954	1	2498	205	2498	100	10.8527	35.7	60
P1_53_NODE_696_length_2487_cov_2.575847	1	2487	702	2487	100	33.7463	36.1	53.4
P1_53_NODE_697_length_2485_cov_0.691264	1	2485	168	2485	100	7.6841	36.1	53.1
P1_53_NODE_698_length_2483_cov_1.032683	1	2483	510	2477	99.7584	22.5691	36	41.1
P1_53_NODE_699_length_2482_cov_0.884501	1	2482	135	2482	100	7.00927	35.8	59.6
P1_53_NODE_700_length_2476_cov_0.631758	1	2476	148	2476	100	6.96002	36	59.2
P1_53_NODE_701_length_2471_cov_0.721843	1	2471	149	2471	100	7.25779	36	59.7
P1_53_NODE_702_length_2470_cov_1.146394	1	2470	194	2470	100	9.90607	35.8	59.6
P1_53_NODE_703_length_2459_cov_1.570326	1	2459	356	2459	100	17.1667	36.2	59.3
P1_53_NODE_704_length_2455_cov_0.733677	1	2455	192	2455	100	7.86843	36	48.3
P1_53_NODE_705_length_2449_cov_1.132214	1	2449	178	2449	100	9.64598	36	60
P1_53_NODE_706_length_2446_cov_0.808107	1	2446	135	2446	100	7.16026	35.3	60
P1_53_NODE_707_length_2432_cov_0.693709	1	2432	153	2430	99.9178	7.15707	35.6	44.4
P1_53_NODE_708_length_2429_cov_0.908341	1	2429	159	2429	100	8.27954	35.8	58.6
P1_53_NODE_709_length_2427_cov_0.610435	1	2427	113	2427	100	5.78245	36.2	59.5
P1_53_NODE_710_length_2419_cov_103.437173	1	2419	30491	2419	100	1367.19	36.3	49.9
P1_53_NODE_711_length_2417_cov_1.491703	1	2417	263	2417	100	13.9346	36.3	59.3
P1_53_NODE_712_length_2417_cov_0.678603	1	2417	159	2417	100	7.65991	36.2	59
P1_53_NODE_713_length_2409_cov_0.907975	1	2409	296	2409	100	11.3533	35.5	45.7
P1_53_NODE_714_length_2403_cov_1.335237	1	2403	234	2403	100	12.3142	35.7	59.5
P1_53_NODE_715_length_2399_cov_1.322183	1	2399	540	2387	99.4998	25.218	36.3	50.6
P1_53_NODE_716_length_2398_cov_36.560986	1	2398	11089	2398	100	487.153	36.2	43.7
P1_53_NODE_717_length_2396_cov_1.516086	1	2396	339	2396	100	16.4295	36	57.2
P1_53_NODE_718_length_2393_cov_0.770962	1	2393	154	2379	99.415	7.8504	35.4	58.4
P1_53_NODE_719_length_2375_cov_5.131673	1	2375	1299	2372	99.8737	62.8817	35.9	55.5
P1_53_NODE_720_length_2375_cov_0.627224	1	2375	160	2375	100	7.52126	36.3	59.2
P1_53_NODE_721_length_2369_cov_1.873773	1	2369	11012	2369	100	209.486	34.3	1.93
P1_53_NODE_722_length_2368_cov_1.534583	1	2368	932	2368	100	35.9046	36.2	22.2
P1_53_NODE_723_length_2362_cov_1.173564	1	2362	287	2362	100	13.8802	36.2	60
P1_53_NODE_724_length_2360_cov_0.817286	1	2360	131	2360	100	7.11822	36	59.8
P1_53_NODE_725_length_2359_cov_0.818548	1	2359	205	2359	100	9.76261	36.1	60
P1_53_NODE_726_length_2358_cov_0.548185	1	2358	87	2358	100	4.66582	35.4	58.6
P1_53_NODE_727_length_2354_cov_0.803323	1	2354	146	2348	99.7451	7.7723	36.1	59.5
P1_53_NODE_728_length_2354_cov_0.637629	1	2354	114	2354	100	6.02761	35.7	59.6
P1_53_NODE_729_length_2351_cov_31.424011	1	2351	6833	2351	100	342.729	36.1	58.7
P1_53_NODE_730_length_2346_cov_19.503437	1	2346	4483	2346	100	222.261	36	59.8
P1_53_NODE_731_length_2341_cov_2.753839	1	2341	473	2341	100	25.3704	36	58
P1_53_NODE_732_length_2322_cov_1.347153	1	2322	193	2322	100	10.9582	35.5	60
P1_53_NODE_733_length_2321_cov_1.106655	1	2321	175	2321	100	9.61224	36	59.3
P1_53_NODE_734_length_2316_cov_1.286432	1	2316	199	2316	100	11.0147	35.6	59.4
P1_53_NODE_735_length_2313_cov_0.767155	1	2313	135	2313	100	7.29183	36.1	59.9
P1_53_NODE_736_length_2306_cov_0.735200	1	2306	120	2306	100	6.34866	36.1	58.4
P1_53_NODE_737_length_2300_cov_1.815923	1	2300	306	2300	100	16.9587	35.9	59.9
P1_53_NODE_738_length_2300_cov_0.588587	1	2300	130	2300	100	6.19826	36.1	53.1
P1_53_NODE_739_length_2297_cov_1.015207	1	2297	233	2297	100	11.6204	36.2	59.6
P1_53_NODE_740_length_2297_cov_0.876037	1	2297	175	2297	100	8.43666	36.3	56.7
P1_53_NODE_741_length_2290_cov_0.362922	1	2290	64	2290	100	3.54803	35.6	60
P1_53_NODE_742_length_2287_cov_1.329167	1	2287	275	2287	100	13.9191	36.1	59.5
P1_53_NODE_743_length_2286_cov_0.746642	1	2286	144	2286	100	7.38626	36.2	60
P1_53_NODE_744_length_2278_cov_0.925151	1	2278	180	2278	100	9.50571	36	60
P1_53_NODE_745_length_2274_cov_0.711691	1	2274	110	2274	100	6.29507	36	58.4
P1_53_NODE_746_length_2264_cov_0.833411	1	2264	156	2264	100	8.00707	36	57.4
P1_53_NODE_747_length_2259_cov_0.801595	1	2259	149	2259	100	8.03232	36.1	56.3
P1_53_NODE_748_length_2249_cov_0.907634	1	2249	130	2249	100	7.53846	36.1	59.9
P1_53_NODE_749_length_2246_cov_0.949976	1	2246	148	2246	100	8.2707	36	59.7
P1_53_NODE_750_length_2245_cov_1.681775	1	2245	329	2245	100	17.2539	35.8	56.2
P1_53_NODE_751_length_2237_cov_1.099526	1	2237	181	2237	100	9.82477	35.9	56.9
P1_53_NODE_752_length_2237_cov_0.905687	1	2237	206	2237	100	10.6321	36.2	59.5
P1_53_NODE_753_length_2228_cov_0.735364	1	2228	124	2228	100	6.886	35.9	58.2
P1_53_NODE_754_length_2226_cov_1.003335	1	2226	207	2226	100	10.7385	36	59.9
P1_53_NODE_755_length_2218_cov_0.648494	1	2218	105	2218	100	5.91794	36.1	57.1
P1_53_NODE_756_length_2216_cov_1.131163	1	2216	182	2216	100	10.5659	35.9	60
P1_53_NODE_757_length_2214_cov_3.804983	1	2214	526	2214	100	31.4919	35.6	59.2
P1_53_NODE_758_length_2210_cov_1.168507	1	2210	161	2210	100	9.54344	35.9	59.5
P1_53_NODE_759_length_2208_cov_12.795771	1	2208	34448	2208	100	646.346	33.8	4.75
P1_53_NODE_760_length_2206_cov_0.666667	1	2206	144	2206	100	7.45467	36	59.9
P1_53_NODE_761_length_2203_cov_0.743256	1	2203	176	2203	100	8.94462	36.3	59.1
P1_53_NODE_762_length_2201_cov_0.622951	1	2201	132	2201	100	6.86733	36.2	59.9
P1_53_NODE_763_length_2200_cov_1.080077	1	2200	196	2200	100	10.555	36	59.4
P1_53_NODE_764_length_2196_cov_23.431609	1	2196	7739	2196	100	369.797	36.4	39.8
P1_53_NODE_765_length_2188_cov_1.268316	1	2188	177	2188	100	10.3643	36	59.9
P1_53_NODE_766_length_2184_cov_0.824016	1	2184	121	2184	100	6.78892	36.1	59.1
P1_53_NODE_767_length_2169_cov_0.670911	1	2169	115	2169	100	6.54265	35.8	60
P1_53_NODE_768_length_2163_cov_0.664538	1	2163	117	2162	99.9538	6.57698	36.2	58.8
P1_53_NODE_769_length_2159_cov_0.859252	1	2159	140	2159	100	7.99027	35.9	59.6
P1_53_NODE_770_length_2156_cov_0.791030	1	2156	110	2156	100	6.63822	36	59.4
P1_53_NODE_771_length_2153_cov_0.954590	1	2153	147	2153	100	8.37761	36.2	58.7
P1_53_NODE_772_length_2152_cov_0.513580	1	2152	111	2152	100	5.95446	36.3	59.7
P1_53_NODE_773_length_2142_cov_1.218362	1	2142	203	2142	100	11.8385	36.1	59.7
P1_53_NODE_774_length_2138_cov_1.892591	1	2138	297	2138	100	17.3349	35.7	57.1
P1_53_NODE_775_length_2134_cov_2.180369	1	2134	316	2134	100	19.1851	35.5	60
P1_53_NODE_776_length_2132_cov_1.229426	1	2132	175	2132	100	10.3466	35.8	58.5
P1_53_NODE_777_length_2131_cov_1.119760	1	2131	197	2131	100	11.4533	35.8	59.9
P1_53_NODE_778_length_2124_cov_0.634452	1	2124	105	2124	100	6.27401	36	59.9
P1_53_NODE_779_length_2121_cov_0.659478	1	2121	163	2121	100	8.25177	36.2	59.8
P1_53_NODE_780_length_2117_cov_1.572864	1	2117	336	2117	100	18.3798	35.6	58
P1_53_NODE_781_length_2115_cov_0.890845	1	2115	102	2115	100	6.45721	35.9	59.4
P1_53_NODE_782_length_2093_cov_1.025941	1	2093	123	2093	100	7.82895	35.9	59.7
P1_53_NODE_783_length_2091_cov_2.613035	1	2091	310	2091	100	20.2219	35.8	56.7
P1_53_NODE_784_length_2078_cov_0.654024	1	2078	104	2078	100	6.21944	35.9	60
P1_53_NODE_785_length_2077_cov_1.388205	1	2077	207	2077	100	12.5147	36.1	58.6
P1_53_NODE_786_length_2072_cov_0.554756	1	2072	160	2072	100	8.40299	36.3	59.9
P1_53_NODE_787_length_2071_cov_0.888889	1	2071	185	2071	100	10.379	36.4	59.4
P1_53_NODE_788_length_2069_cov_0.577755	1	2069	140	2069	100	7.61092	35.8	58.8
P1_53_NODE_789_length_2067_cov_0.931443	1	2067	183	2067	100	10.1403	36.2	59.3
P1_53_NODE_790_length_2067_cov_0.798454	1	2067	170	2067	100	9.08128	36.2	59.4
P1_53_NODE_791_length_2066_cov_0.681795	1	2066	91	2066	100	5.73814	36	60
P1_53_NODE_792_length_2065_cov_0.739422	1	2065	126	2065	100	7.69298	35.6	60
P1_53_NODE_793_length_2063_cov_0.698864	1	2063	134	2063	100	7.28114	36	57.7
P1_53_NODE_794_length_2062_cov_0.866150	1	2062	133	2062	100	8.18041	35.8	58
P1_53_NODE_795_length_2058_cov_0.655101	1	2058	115	2058	100	6.69193	36.4	59.9
P1_53_NODE_796_length_2053_cov_0.712357	1	2053	99	2053	100	6.27228	36	59.9
P1_53_NODE_797_length_2051_cov_1.045218	1	2051	212	2051	100	11.6368	36.1	59.1
P1_53_NODE_798_length_2051_cov_0.785343	1	2051	170	2051	100	9.42857	36.2	59.5
P1_53_NODE_799_length_2051_cov_0.661123	1	2051	115	2051	100	6.88201	35.9	60
P1_53_NODE_800_length_2049_cov_2.794577	1	2049	562	2049	100	31.4285	36.2	60
P1_53_NODE_801_length_2043_cov_0.942589	1	2043	169	2043	100	9.88497	36	59.1
P1_53_NODE_802_length_2039_cov_0.620293	1	2039	98	2039	100	5.85875	36	58.1
P1_53_NODE_803_length_2039_cov_0.438808	1	2039	138	2039	100	7.25944	36.3	59.6
P1_53_NODE_804_length_2028_cov_0.799579	1	2028	103	2028	100	6.50394	35.9	60
P1_53_NODE_805_length_2026_cov_1.348078	1	2026	305	2026	100	17.8633	35.9	41.6
P1_53_NODE_806_length_2024_cov_1.001581	1	2024	147	2024	100	9.23666	36.1	60
P1_53_NODE_807_length_2020_cov_0.776545	1	2020	235	2020	100	11.3322	35.7	45.1
P1_53_NODE_808_length_2019_cov_1.157505	1	2019	161	2019	100	10.2392	36.1	59.8
P1_53_NODE_809_length_2017_cov_1.551852	1	2017	335	2017	100	20.0114	36	49.9
P1_53_NODE_810_length_2016_cov_0.809423	1	2016	122	2016	100	7.41716	36.1	58.9
P1_53_NODE_811_length_2015_cov_0.726695	1	2015	145	2015	100	7.95732	36.4	59.4
P1_53_NODE_812_length_2008_cov_0.712387	1	2008	100	2008	100	6.05727	36	59.2
P1_53_NODE_813_length_2004_cov_3.361747	1	2004	1084	1999	99.7505	60.6537	35.7	37.4
P1_53_NODE_814_length_2001_cov_1.062433	1	2001	154	2001	100	9.85107	36.3	59.6
P1_53_NODE_815_length_2001_cov_0.575774	1	2001	73	2001	100	4.47226	35.6	58.7
P1_53_NODE_816_length_2000_cov_0.814202	1	2000	142	2000	100	8.4935	36	59.2
P1_53_NODE_817_length_1993_cov_0.808146	1	1993	204	1993	100	11.3312	35.7	44.1
P1_53_NODE_818_length_1988_cov_1.792585	1	1988	438	1988	100	24.0116	33.7	47
P1_53_NODE_819_length_1985_cov_0.870829	1	1985	144	1985	100	8.82519	36.2	60
P1_53_NODE_820_length_1985_cov_0.653391	1	1985	158	1973	99.3955	7.73552	34.3	46.8
P1_53_NODE_821_length_1984_cov_0.640280	1	1984	562	1984	100	17.2162	34.9	22
P1_53_NODE_822_length_1981_cov_0.837648	1	1981	142	1981	100	8.25492	36.2	58.9
P1_53_NODE_823_length_1979_cov_0.723002	1	1979	114	1979	100	6.78777	35.9	58.9
P1_53_NODE_824_length_1976_cov_0.865333	1	1976	114	1976	100	7.0835	36	57.9
P1_53_NODE_825_length_1975_cov_0.742965	1	1975	96	1975	100	6.38886	35.7	59.8
P1_53_NODE_826_length_1974_cov_0.666486	1	1974	87	1974	100	5.55522	36	60
P1_53_NODE_827_length_1967_cov_3.307065	1	1967	622	1967	100	37.7895	36.1	54.3
P1_53_NODE_828_length_1967_cov_0.516304	1	1967	96	1967	100	5.59126	35.9	59.1
P1_53_NODE_829_length_1963_cov_1.007625	1	1963	123	1963	100	8.46154	35.8	60
P1_53_NODE_830_length_1963_cov_0.563725	1	1963	118	1963	100	6.91187	36.2	59.3
P1_53_NODE_831_length_1962_cov_2.501362	1	1962	694	1955	99.6432	37.8318	36.3	53
P1_53_NODE_832_length_1960_cov_0.731588	1	1960	109	1960	100	6.91939	35.4	59.6
P1_53_NODE_833_length_1958_cov_0.657018	1	1958	102	1958	100	6.40501	36.2	58.8
P1_53_NODE_834_length_1957_cov_1.124590	1	1957	145	1957	100	9.45784	35.8	57
P1_53_NODE_835_length_1955_cov_1.728118	1	1955	381	1948	99.6419	21.8471	36.1	58
P1_53_NODE_836_length_1953_cov_0.659912	1	1953	142	1953	100	7.64977	36.6	59.7
P1_53_NODE_837_length_1952_cov_0.765479	1	1952	116	1952	100	7.34477	35.9	59.8
P1_53_NODE_838_length_1952_cov_0.602192	1	1952	89	1952	100	5.88832	36.3	59.2
P1_53_NODE_839_length_1951_cov_0.848684	1	1951	119	1951	100	7.62071	35.8	59.5
P1_53_NODE_840_length_1950_cov_1.094899	1	1950	137	1950	100	9.09641	36.1	60
P1_53_NODE_841_length_1950_cov_0.580362	1	1950	79	1950	100	5.10821	36.1	60
P1_53_NODE_842_length_1948_cov_0.830862	1	1948	149	1948	100	8.82906	36.1	60
P1_53_NODE_843_length_1947_cov_0.796703	1	1947	118	1947	100	7.46379	36	59.8
P1_53_NODE_844_length_1943_cov_1.130507	1	1943	177	1943	100	11.1477	36.1	58.9
P1_53_NODE_845_length_1937_cov_1.464088	1	1937	432	1937	100	26.5885	35.9	55.8
P1_53_NODE_846_length_1936_cov_0.598121	1	1936	85	1936	100	5.56818	36	59.8
P1_53_NODE_847_length_1936_cov_0.547264	1	1936	78	1936	100	5.00362	35.8	59.5
P1_53_NODE_848_length_1933_cov_1.225914	1	1933	176	1933	100	11.6467	36.1	58.8
P1_53_NODE_849_length_1927_cov_1.235000	1	1927	181	1927	100	11.3851	35.9	58.4
P1_53_NODE_850_length_1927_cov_1.156667	1	1927	329	1927	100	18.3835	36.1	50.2
P1_53_NODE_851_length_1921_cov_0.591973	1	1921	163	1921	100	8.77095	36.2	48.7
P1_53_NODE_852_length_1919_cov_1.470424	1	1919	208	1919	100	14.6279	35.7	58.2
P1_53_NODE_853_length_1919_cov_0.727679	1	1919	104	1919	100	6.9333	36	60
P1_53_NODE_854_length_1918_cov_1.373534	1	1918	202	1918	100	12.7435	35.8	59.5
P1_53_NODE_855_length_1918_cov_0.614740	1	1918	112	1918	100	6.79093	36.4	59.5
P1_53_NODE_856_length_1917_cov_1.029609	1	1917	196	1917	100	12.3495	36.3	56.6
P1_53_NODE_857_length_1916_cov_0.560648	1	1916	65	1916	100	4.63779	35.7	60
P1_53_NODE_858_length_1914_cov_1.174594	1	1914	137	1914	100	9.57001	36.1	60
P1_53_NODE_859_length_1906_cov_0.780214	1	1906	118	1906	100	7.14113	35.8	57.4
P1_53_NODE_860_length_1905_cov_0.921260	1	1905	127	1905	100	8.19003	35.9	60
P1_53_NODE_861_length_1905_cov_0.667604	1	1905	90	1905	100	5.80472	36.5	59.1
P1_53_NODE_862_length_1904_cov_0.929094	1	1904	208	1904	100	12.4091	36	58.4
P1_53_NODE_863_length_1904_cov_0.775464	1	1904	108	1904	100	7.1292	35.7	59.8
P1_53_NODE_864_length_1892_cov_0.592068	1	1892	132	1892	100	7.3203	35.8	51.8
P1_53_NODE_865_length_1888_cov_0.684838	1	1888	97	1888	100	6.39725	36.3	60
P1_53_NODE_866_length_1888_cov_0.614991	1	1888	92	1888	100	5.875	36.2	59.9
P1_53_NODE_867_length_1887_cov_1.481250	1	1887	174	1887	100	11.965	35.9	59.8
P1_53_NODE_868_length_1884_cov_0.632328	1	1884	185	1884	100	10.0695	35.8	52.9
P1_53_NODE_869_length_1882_cov_2.255271	1	1882	398	1882	100	22.9479	35.2	47.7
P1_53_NODE_870_length_1878_cov_0.965163	1	1878	357	1878	100	20.0272	36	54
P1_53_NODE_871_length_1875_cov_1.000572	1	1875	103	1875	100	7.52053	35.9	60
P1_53_NODE_872_length_1867_cov_0.795977	1	1867	143	1867	100	9.31119	36.2	59.9
P1_53_NODE_873_length_1866_cov_0.886717	1	1866	135	1866	100	8.51286	36.1	60
P1_53_NODE_874_length_1863_cov_0.580069	1	1863	142	1863	100	9.40204	35.7	59.1
P1_53_NODE_875_length_1857_cov_0.837572	1	1857	118	1857	100	7.95692	35.8	58
P1_53_NODE_876_length_1855_cov_0.600694	1	1855	81	1855	100	5.42372	36.2	57.4
P1_53_NODE_877_length_1850_cov_0.560070	1	1850	130	1850	100	7.61676	36.1	57.4
P1_53_NODE_878_length_1848_cov_0.885532	1	1848	97	1848	100	6.79383	36.1	59.1
P1_53_NODE_879_length_1847_cov_0.620349	1	1847	178	1847	100	8.99242	36.5	54.1
P1_53_NODE_880_length_1845_cov_0.830617	1	1845	123	1845	100	8.10136	35.8	60
P1_53_NODE_881_length_1841_cov_0.733956	1	1841	124	1841	100	7.80608	35.9	58.9
P1_53_NODE_882_length_1839_cov_1.422897	1	1839	326	1837	99.8912	19.3263	36.2	53.6
P1_53_NODE_883_length_1836_cov_0.561732	1	1836	101	1836	100	6.46514	35.9	59.6
P1_53_NODE_884_length_1833_cov_0.847011	1	1833	167	1828	99.7272	10.174	36.1	55.2
P1_53_NODE_885_length_1832_cov_58.402933	1	1832	11212	1832	100	668.723	36.3	56.9
P1_53_NODE_886_length_1830_cov_0.524369	1	1830	72	1830	100	4.69344	36.5	58.5
P1_53_NODE_887_length_1828_cov_14.629630	1	1828	2380	1828	100	168.598	36	55.1
P1_53_NODE_888_length_1828_cov_0.756614	1	1828	75	1828	100	5.47155	36	59.2
P1_53_NODE_889_length_1827_cov_79.755882	1	1827	17756	1827	100	1047.15	36.1	54.9
P1_53_NODE_890_length_1826_cov_0.587993	1	1826	79	1826	100	5.2678	36	59.6
P1_53_NODE_891_length_1823_cov_0.877948	1	1823	109	1823	100	7.85793	36.2	59.8
P1_53_NODE_892_length_1821_cov_0.799882	1	1821	124	1821	100	7.80835	36.1	59.5
P1_53_NODE_893_length_1820_cov_1.123449	1	1820	136	1820	100	9.39286	35.8	59.1
P1_53_NODE_894_length_1818_cov_0.946777	1	1818	142	1818	100	9.38174	36.1	59.9
P1_53_NODE_895_length_1818_cov_0.768185	1	1818	116	1818	100	7.5264	36.3	58
P1_53_NODE_896_length_1814_cov_1.564908	1	1814	247	1814	100	16.0221	36.1	57.7
P1_53_NODE_897_length_1811_cov_1.179335	1	1811	165	1811	100	11.0331	36.2	59.4
P1_53_NODE_898_length_1810_cov_0.841355	1	1810	255	1810	100	11.8547	34.4	56.2
P1_53_NODE_899_length_1806_cov_1.023228	1	1806	189	1806	100	11.5205	36.2	59.3
P1_53_NODE_900_length_1802_cov_0.783881	1	1802	122	1802	100	7.97392	36	59.3
P1_53_NODE_901_length_1801_cov_0.635006	1	1801	338	1801	100	14.2676	36.1	42
P1_53_NODE_902_length_1800_cov_0.592349	1	1800	76	1800	100	5.56167	35.9	60
P1_53_NODE_903_length_1799_cov_0.904306	1	1799	118	1799	100	8.26737	36.1	59.9
P1_53_NODE_904_length_1794_cov_1.081584	1	1794	133	1794	100	9.08473	35.8	58.2
P1_53_NODE_905_length_1793_cov_0.911765	1	1793	136	1793	100	9.55772	35.9	55.2
P1_53_NODE_906_length_1792_cov_0.790390	1	1792	114	1792	100	8.09542	36.3	59.9
P1_53_NODE_907_length_1786_cov_5.294756	1	1786	1439	1786	100	87.528	36.2	57.2
P1_53_NODE_908_length_1785_cov_0.629674	1	1785	121	1785	100	7.75518	36.2	60
P1_53_NODE_909_length_1782_cov_0.769184	1	1782	114	1782	100	7.75309	36.2	59.9
P1_53_NODE_910_length_1782_cov_0.729909	1	1782	96	1782	100	6.69585	36.1	59.9
P1_53_NODE_911_length_1780_cov_0.594071	1	1780	94	1780	100	6.28258	36.2	60
P1_53_NODE_912_length_1779_cov_0.870460	1	1779	119	1779	100	8.09949	36.3	59.4
P1_53_NODE_913_length_1777_cov_1.849091	1	1777	263	1777	100	17.7603	36	59.6
P1_53_NODE_914_length_1777_cov_1.662424	1	1777	230	1777	100	15.8362	36.1	58.9
P1_53_NODE_915_length_1773_cov_0.793439	1	1773	114	1773	100	7.31641	35.9	57.5
P1_53_NODE_916_length_1772_cov_1.023100	1	1772	147	1772	100	9.97065	36.1	58.3
P1_53_NODE_917_length_1763_cov_1.500611	1	1763	296	1763	100	21.464	35.8	49.1
P1_53_NODE_918_length_1763_cov_1.000611	1	1763	135	1763	100	9.37663	35.6	58.2
P1_53_NODE_919_length_1762_cov_0.897859	1	1762	102	1762	100	7.36379	35.9	55.4
P1_53_NODE_920_length_1762_cov_0.702141	1	1762	120	1762	100	8.27242	36.2	59.9
P1_53_NODE_921_length_1761_cov_1.235169	1	1761	158	1761	100	10.3242	35.9	59.8
P1_53_NODE_922_length_1760_cov_0.933864	1	1760	119	1760	100	8.38352	36.4	58.1
P1_53_NODE_923_length_1760_cov_0.802817	1	1760	103	1760	100	7.16477	36.3	59.7
P1_53_NODE_924_length_1753_cov_0.607626	1	1753	94	1753	100	6.41586	36	60
P1_53_NODE_925_length_1750_cov_1.120764	1	1750	158	1750	100	10.8611	35.9	54.6
P1_53_NODE_926_length_1750_cov_0.998152	1	1750	184	1750	100	11.676	36	47.9
P1_53_NODE_927_length_1749_cov_0.734279	1	1749	93	1749	100	6.68839	36.1	58.7
P1_53_NODE_928_length_1749_cov_0.649815	1	1749	82	1749	100	5.97313	36.2	60
P1_53_NODE_929_length_1749_cov_0.607891	1	1749	91	1749	100	6.44425	35.9	58.7
P1_53_NODE_930_length_1741_cov_0.711276	1	1741	105	1741	100	7.21482	36.1	60
P1_53_NODE_931_length_1736_cov_0.683654	1	1736	94	1736	100	6.29781	35.6	59.3
P1_53_NODE_932_length_1733_cov_0.980075	1	1733	134	1733	100	9.46105	36	59.4
P1_53_NODE_933_length_1727_cov_0.548125	1	1727	79	1727	100	5.55646	36.4	60
P1_53_NODE_934_length_1722_cov_0.713480	1	1722	93	1722	100	6.67886	36.1	59.3
P1_53_NODE_935_length_1720_cov_0.402385	1	1720	72	1720	100	4.67442	36.4	59.9
P1_53_NODE_936_length_1718_cov_0.864865	1	1718	165	1718	100	10.3685	36.2	59
P1_53_NODE_937_length_1713_cov_0.896595	1	1713	152	1713	100	9.50438	36	48.5
P1_53_NODE_938_length_1711_cov_1.187500	1	1711	184	1711	100	11.5476	36.1	53.6
P1_53_NODE_939_length_1710_cov_0.979154	1	1710	175	1710	100	10.9538	35.9	53.8
P1_53_NODE_940_length_1708_cov_1.053131	1	1708	123	1708	100	9.11124	35.8	60
P1_53_NODE_941_length_1707_cov_0.978481	1	1707	123	1707	100	9.33743	35.7	59.8
P1_53_NODE_942_length_1704_cov_1.049461	1	1704	116	1704	100	8.63791	36.2	57.8
P1_53_NODE_943_length_1704_cov_0.710209	1	1704	68	1704	100	5.52641	35.8	60
P1_53_NODE_944_length_1703_cov_0.908629	1	1703	92	1703	100	7.3118	36.2	59.9
P1_53_NODE_945_length_1702_cov_0.783492	1	1702	105	1702	100	7.40129	36	59.9
P1_53_NODE_946_length_1700_cov_0.680229	1	1700	102	1700	100	7.11706	36	59.8
P1_53_NODE_947_length_1697_cov_0.359873	1	1697	41	1697	100	3.06836	36.3	60
P1_53_NODE_948_length_1696_cov_1.667304	1	1696	384	1678	98.9387	23.7671	36.2	48.9
P1_53_NODE_949_length_1694_cov_0.809190	1	1694	99	1694	100	7.07379	36.2	59.2
P1_53_NODE_950_length_1694_cov_0.711551	1	1694	100	1694	100	7.0307	35.8	59.2
P1_53_NODE_951_length_1691_cov_0.547315	1	1691	86	1691	100	6.123	36.2	60
P1_53_NODE_952_length_1689_cov_0.643406	1	1689	93	1689	100	6.81528	36.2	59.9
P1_53_NODE_953_length_1688_cov_0.583600	1	1688	73	1688	100	5.51007	35.7	59.2
P1_53_NODE_954_length_1683_cov_1.008355	1	1683	113	1683	100	8.62567	35.7	60
P1_53_NODE_955_length_1683_cov_0.936375	1	1683	110	1683	100	8.08378	36	56.2
P1_53_NODE_956_length_1683_cov_0.760283	1	1683	118	1683	100	8.21272	36.1	59.7
P1_53_NODE_957_length_1670_cov_0.891121	1	1670	103	1670	100	7.51677	35.9	58.7
P1_53_NODE_958_length_1667_cov_0.790909	1	1667	119	1667	100	8.14517	36.1	54.5
P1_53_NODE_959_length_1664_cov_0.552375	1	1664	52	1664	100	3.95012	35.9	56.5
P1_53_NODE_960_length_1660_cov_0.855838	1	1660	116	1660	100	8.3753	35.8	59.6
P1_53_NODE_961_length_1659_cov_0.618799	1	1659	70	1659	100	5.40627	35.9	59
P1_53_NODE_962_length_1659_cov_0.595300	1	1659	78	1659	100	5.73297	35.5	59.9
P1_53_NODE_963_length_1646_cov_0.759710	1	1646	103	1646	100	7.47448	35.9	58.1
P1_53_NODE_964_length_1645_cov_0.959816	1	1645	121	1645	100	9.04742	36.1	60
P1_53_NODE_965_length_1643_cov_1.063984	1	1643	97	1643	100	7.81741	36	58.4
P1_53_NODE_966_length_1643_cov_0.780343	1	1643	119	1643	100	8.77845	36.4	59.9
P1_53_NODE_967_length_1641_cov_0.923382	1	1641	109	1641	100	8.71846	36.4	60
P1_53_NODE_968_length_1641_cov_0.678336	1	1641	83	1641	100	6.22669	36	60
P1_53_NODE_969_length_1638_cov_0.421575	1	1638	58	1638	100	4.26007	35.8	59
P1_53_NODE_970_length_1636_cov_3.505956	1	1636	437	1636	100	31.8991	35.7	59.6
P1_53_NODE_971_length_1636_cov_0.737575	1	1636	233	1636	100	12.4866	36.3	31.7
P1_53_NODE_972_length_1635_cov_0.539125	1	1635	55	1635	100	4.36147	35.8	59.7
P1_53_NODE_973_length_1635_cov_0.466180	1	1635	89	1635	100	6.2893	36.2	59.9
P1_53_NODE_974_length_1634_cov_0.957532	1	1634	94	1634	100	7.23684	36.2	58.8
P1_53_NODE_975_length_1632_cov_0.900332	1	1632	169	1632	100	10.4283	36.1	45.2
P1_53_NODE_976_length_1631_cov_2.039229	1	1631	376	1631	100	29.2728	35.9	57.5
P1_53_NODE_977_length_1631_cov_0.866356	1	1631	149	1630	99.9387	9.9767	36.2	57.4
P1_53_NODE_978_length_1629_cov_0.916778	1	1629	94	1629	100	7.6636	36.1	60
P1_53_NODE_979_length_1626_cov_1.264843	1	1626	270	1626	100	19.4237	35.8	45.5
P1_53_NODE_980_length_1621_cov_0.670013	1	1621	109	1621	100	7.36459	35.4	59.8
P1_53_NODE_981_length_1620_cov_0.552579	1	1620	64	1620	100	4.96235	35.9	59.4
P1_53_NODE_982_length_1619_cov_0.820375	1	1619	69	1619	100	5.84805	36.3	60
P1_53_NODE_983_length_1614_cov_0.449227	1	1614	70	1614	100	4.89777	35.2	59.5
P1_53_NODE_984_length_1613_cov_1.568641	1	1613	194	1613	100	14.6652	36.1	56.1
P1_53_NODE_985_length_1613_cov_0.554509	1	1613	121	1613	100	8.11283	36.3	59.8
P1_53_NODE_986_length_1612_cov_28.851178	1	1612	3400	1612	100	266.02	36.1	53.1
P1_53_NODE_987_length_1611_cov_0.500674	1	1611	74	1611	100	5.71198	36.3	59.5
P1_53_NODE_988_length_1610_cov_0.941335	1	1610	125	1610	100	9.06335	36.1	56.6
P1_53_NODE_989_length_1609_cov_0.612011	1	1609	88	1609	100	6.02362	36	59
P1_53_NODE_990_length_1607_cov_0.605405	1	1607	161	1607	100	8.80212	36.1	41.3
P1_53_NODE_991_length_1604_cov_0.825322	1	1604	81	1604	100	6.87032	35.9	60
P1_53_NODE_992_length_1602_cov_1.844068	1	1602	199	1585	98.9388	16.1692	36	59.7
P1_53_NODE_993_length_1600_cov_1.818058	1	1600	198	1600	100	14.6988	35.9	54
P1_53_NODE_994_length_1600_cov_1.304820	1	1600	184	1600	100	13.555	35.9	58.6
P1_53_NODE_995_length_1600_cov_0.379498	1	1600	49	1600	100	3.6525	35.7	59.2
P1_53_NODE_996_length_1597_cov_0.800680	1	1597	143	1597	100	9.93989	36.1	58.5
P1_53_NODE_997_length_1597_cov_0.676190	1	1597	76	1597	100	6.16281	35.9	59.5
P1_53_NODE_998_length_1597_cov_0.527891	1	1597	88	1597	100	6.38071	35.9	59.9
P1_53_NODE_999_length_1593_cov_0.603683	1	1593	64	1593	100	4.83302	35.9	58.8
P1_53_NODE_1000_length_1590_cov_1.106630	1	1590	202	1590	100	12.1761	35.6	59.5
P1_53_NODE_1001_length_1589_cov_0.815321	1	1589	115	1589	100	8.50031	35.5	56.2
P1_53_NODE_1002_length_1587_cov_0.757534	1	1587	66	1587	100	5.6925	36	60
P1_53_NODE_1003_length_1585_cov_0.799726	1	1585	79	1585	100	6.54953	35.5	60
P1_53_NODE_1004_length_1582_cov_0.757388	1	1582	86	1582	100	6.811	36.1	59.9
P1_53_NODE_1005_length_1580_cov_0.897454	1	1580	92	1580	100	7.69367	35.6	60
P1_53_NODE_1006_length_1578_cov_1.009649	1	1578	124	1578	100	9.35488	36	56.8
P1_53_NODE_1007_length_1577_cov_1.222759	1	1577	164	1577	100	11.7895	36.1	50.6
P1_53_NODE_1008_length_1576_cov_0.844030	1	1576	194	1576	100	12.9093	35.9	59.4
P1_53_NODE_1009_length_1575_cov_0.892265	1	1575	119	1575	100	9.32508	36.2	58.9
P1_53_NODE_1010_length_1574_cov_0.991016	1	1574	105	1574	100	8.50445	35.9	58.3
P1_53_NODE_1011_length_1574_cov_0.634416	1	1574	105	1574	100	7.32592	35.8	59.2
P1_53_NODE_1012_length_1574_cov_0.616448	1	1574	90	1574	100	6.75032	36.4	58.7
P1_53_NODE_1013_length_1574_cov_0.599862	1	1574	70	1574	100	5.68933	35.6	60
P1_53_NODE_1014_length_1571_cov_0.736150	1	1571	84	1571	100	6.38129	36	58.2
P1_53_NODE_1015_length_1567_cov_0.568750	1	1567	64	1567	100	5.32674	36	60
P1_53_NODE_1016_length_1565_cov_1.902643	1	1565	245	1565	100	17.9259	36	52.8
P1_53_NODE_1017_length_1562_cov_0.983972	1	1562	107	1562	100	8.23496	35.7	58.8
P1_53_NODE_1018_length_1561_cov_0.418410	1	1561	66	1561	100	5.03395	35.8	60
P1_53_NODE_1019_length_1560_cov_0.714585	1	1560	101	1560	100	8.09872	36	53.4
P1_53_NODE_1020_length_1558_cov_0.974144	1	1558	131	1558	100	10.0315	36	59.7
P1_53_NODE_1021_length_1554_cov_0.899790	1	1554	119	1554	100	9.29472	35.4	57.7
P1_53_NODE_1022_length_1552_cov_0.812632	1	1552	167	1552	100	11.4555	36.4	59.8
P1_53_NODE_1023_length_1549_cov_0.644163	1	1549	54	1549	100	4.72821	35.2	59.6
P1_53_NODE_1024_length_1548_cov_0.632653	1	1548	77	1548	100	6.26421	36.1	59.9
P1_53_NODE_1025_length_1546_cov_1.081748	1	1546	140	1546	100	10.7122	36	59.1
P1_53_NODE_1026_length_1545_cov_0.571932	1	1545	105	1545	100	7.38576	35.9	59.7
P1_53_NODE_1027_length_1541_cov_0.606789	1	1541	76	1541	100	5.99481	35	58.4
P1_53_NODE_1028_length_1540_cov_0.985138	1	1540	100	1540	100	8.69091	35.8	59.3
P1_53_NODE_1029_length_1538_cov_0.413891	1	1538	64	1538	100	4.76723	35.6	60
P1_53_NODE_1030_length_1532_cov_2.026335	1	1532	223	1532	100	18.4125	35.9	59.9
P1_53_NODE_1031_length_1530_cov_0.774768	1	1530	81	1530	100	6.60784	35.9	58.3
P1_53_NODE_1032_length_1528_cov_1.098501	1	1528	88	1528	100	7.98102	35.7	60
P1_53_NODE_1033_length_1528_cov_0.622413	1	1528	78	1528	100	6.41099	35.9	60
P1_53_NODE_1034_length_1526_cov_0.911365	1	1526	87	1526	100	7.21298	36.3	58.7
P1_53_NODE_1035_length_1526_cov_0.629736	1	1526	87	1526	100	6.98362	36.1	58.6
P1_53_NODE_1036_length_1522_cov_0.751254	1	1522	69	1522	100	6.01905	36.2	59.1
P1_53_NODE_1037_length_1520_cov_2.795386	1	1520	449	1520	100	32.9099	36	59.8
P1_53_NODE_1038_length_1520_cov_0.427854	1	1520	105	1520	100	6.75789	36.4	58.8
P1_53_NODE_1039_length_1519_cov_0.939655	1	1519	180	1519	100	12.9592	36	57.4
P1_53_NODE_1040_length_1517_cov_0.566906	1	1517	75	1517	100	6.01252	35.7	58.5
P1_53_NODE_1041_length_1516_cov_1.010799	1	1516	214	1516	100	15.3259	36	47.1
P1_53_NODE_1042_length_1515_cov_0.781700	1	1515	92	1505	99.3399	7.11155	35.8	59.5
P1_53_NODE_1043_length_1508_cov_0.677046	1	1508	98	1508	100	7.25663	36.1	56.8
P1_53_NODE_1044_length_1507_cov_0.672464	1	1507	116	1507	100	8.05043	36.2	46.8
P1_53_NODE_1045_length_1507_cov_0.665942	1	1507	116	1507	100	8.80159	35.9	59.9
P1_53_NODE_1046_length_1506_cov_0.867295	1	1506	103	1506	100	8.21315	36.1	58.8
P1_53_NODE_1047_length_1502_cov_0.695273	1	1502	83	1502	100	6.68242	36.1	60
P1_53_NODE_1048_length_1501_cov_84.349345	1	1501	11980	1501	100	927.548	36.2	58.6
P1_53_NODE_1049_length_1499_cov_1.103499	1	1499	269	1499	100	20.0821	36.2	41.9
P1_53_NODE_1050_length_1494_cov_1.239210	1	1494	110	1494	100	9.95515	35.9	60
P1_53_NODE_1051_length_1494_cov_0.764448	1	1494	82	1494	100	7.01339	35.6	60
P1_53_NODE_1052_length_1492_cov_0.608791	1	1492	97	1492	100	6.96448	36.3	58.5
P1_53_NODE_1053_length_1489_cov_0.870778	1	1489	118	1489	100	9.02619	35.6	41.7
P1_53_NODE_1054_length_1488_cov_0.621602	1	1488	119	1488	100	9.18884	35.8	57.3
P1_53_NODE_1055_length_1488_cov_0.527553	1	1488	68	1488	100	5.51411	35.8	59.2
P1_53_NODE_1056_length_1487_cov_1.041912	1	1487	122	1487	100	10.0403	36.3	59.7
P1_53_NODE_1057_length_1487_cov_0.777941	1	1487	91	1487	100	6.89106	35.9	58
P1_53_NODE_1058_length_1484_cov_0.598379	1	1484	91	1484	100	6.45148	36.4	58
P1_53_NODE_1059_length_1480_cov_1.211382	1	1480	135	1480	100	11.2689	36.2	60
P1_53_NODE_1060_length_1480_cov_0.532151	1	1480	76	1480	100	5.93446	36.1	59.9
P1_53_NODE_1061_length_1479_cov_1.190828	1	1479	136	1479	100	11.4861	36	59.7
P1_53_NODE_1062_length_1477_cov_0.989630	1	1477	133	1477	100	10.0379	36.2	54.9
P1_53_NODE_1063_length_1477_cov_0.814074	1	1477	86	1477	100	7.49898	35.9	60
P1_53_NODE_1064_length_1477_cov_0.756296	1	1477	104	1477	100	8.31618	36	54
P1_53_NODE_1065_length_1477_cov_0.705185	1	1477	77	1477	100	6.44956	35.6	59.1
P1_53_NODE_1066_length_1477_cov_0.653333	1	1477	84	1477	100	6.46581	36.1	59.5
P1_53_NODE_1067_length_1470_cov_1.092331	1	1470	137	1470	100	11.3565	36.1	56.4
P1_53_NODE_1068_length_1470_cov_0.483246	1	1470	82	1470	100	5.88639	36.2	56.4
P1_53_NODE_1069_length_1469_cov_1.289866	1	1469	119	1469	100	10.3948	35.7	57.5
P1_53_NODE_1070_length_1468_cov_0.767338	1	1468	86	1468	100	7.09809	36.5	59
P1_53_NODE_1071_length_1467_cov_0.748507	1	1467	161	1467	100	12.2311	36	44.1
P1_53_NODE_1072_length_1466_cov_0.516057	1	1466	84	1466	100	6.06821	35.9	52.9
P1_53_NODE_1073_length_1465_cov_0.984305	1	1465	109	1455	99.3174	9.23823	36	60
P1_53_NODE_1074_length_1464_cov_0.663426	1	1464	113	1464	100	8.59699	36	59.6
P1_53_NODE_1075_length_1463_cov_0.693862	1	1463	106	1463	100	8.16336	35.9	59.3
P1_53_NODE_1076_length_1462_cov_0.492135	1	1462	52	1462	100	4.16142	36.2	58.9
P1_53_NODE_1077_length_1461_cov_1.199400	1	1461	153	1461	100	11.8912	36.5	59.4
P1_53_NODE_1078_length_1458_cov_1.090909	1	1458	124	1458	100	10.7586	36	60
P1_53_NODE_1079_length_1458_cov_0.730278	1	1458	104	1458	100	8.37586	36	60
P1_53_NODE_1080_length_1457_cov_0.554887	1	1457	60	1457	100	4.81126	36	58
P1_53_NODE_1081_length_1456_cov_0.648608	1	1456	59	1456	100	5.20398	36.1	57.2
P1_53_NODE_1082_length_1456_cov_0.644846	1	1456	78	1456	100	6.52953	36.1	59.1
P1_53_NODE_1083_length_1455_cov_0.746235	1	1455	71	1455	100	6.16564	36.2	60
P1_53_NODE_1084_length_1454_cov_0.901281	1	1454	87	1454	100	7.68913	36.2	59.9
P1_53_NODE_1085_length_1453_cov_0.709653	1	1453	83	1453	100	7.15003	35.7	59.5
P1_53_NODE_1086_length_1451_cov_0.772659	1	1451	126	1451	100	9.47002	36.1	52.7
P1_53_NODE_1087_length_1451_cov_0.475831	1	1451	50	1451	100	4.10062	36.3	55.9
P1_53_NODE_1088_length_1450_cov_1.142101	1	1450	100	1450	100	8.91793	36	57.9
P1_53_NODE_1089_length_1450_cov_0.938020	1	1450	108	1450	100	8.89862	36	59.6
P1_53_NODE_1090_length_1449_cov_0.837368	1	1449	85	1449	100	7.53968	35.9	59.8
P1_53_NODE_1091_length_1449_cov_0.818457	1	1449	81	1449	100	7.05797	36.5	59.8
P1_53_NODE_1092_length_1448_cov_1.557154	1	1448	194	1448	100	15.8688	35.4	57.4
P1_53_NODE_1093_length_1448_cov_0.471612	1	1448	59	1448	100	4.79006	36.2	60
P1_53_NODE_1094_length_1447_cov_0.707576	1	1447	90	1447	100	7.00069	36.3	59.5
P1_53_NODE_1095_length_1447_cov_0.649242	1	1447	71	1447	100	5.81341	35.2	58.3
P1_53_NODE_1096_length_1447_cov_0.454545	1	1447	35	1447	100	3.40359	35.9	60
P1_53_NODE_1097_length_1446_cov_0.902199	1	1446	61	1446	100	6.02351	35.8	60
P1_53_NODE_1098_length_1439_cov_0.978659	1	1439	77	1439	100	7.33634	35.6	60
P1_53_NODE_1099_length_1439_cov_0.668445	1	1439	90	1439	100	6.91661	36.1	58.4
P1_53_NODE_1100_length_1438_cov_1.376812	1	1438	179	1438	100	13.8866	36.1	58.2
P1_53_NODE_1101_length_1437_cov_0.730534	1	1437	86	1437	100	6.72234	36.1	59
P1_53_NODE_1102_length_1437_cov_0.565649	1	1437	121	1437	100	8.40571	35.9	44.2
P1_53_NODE_1103_length_1436_cov_0.766998	1	1436	93	1436	100	7.87326	36.2	59.8
P1_53_NODE_1104_length_1435_cov_0.707951	1	1435	115	1435	100	8.94983	36.2	55.6
P1_53_NODE_1105_length_1434_cov_0.573068	1	1434	1578	1434	100	41.8278	30.4	36.1
P1_53_NODE_1106_length_1433_cov_0.790199	1	1433	68	1429	99.7209	6.1284	35.7	58.2
P1_53_NODE_1107_length_1430_cov_1.075979	1	1430	91	1430	100	8.44895	35.8	59.6
P1_53_NODE_1108_length_1429_cov_0.523041	1	1429	87	1429	100	6.90483	35.7	59.8
P1_53_NODE_1109_length_1429_cov_0.518433	1	1429	56	1429	100	4.60462	36.3	57.4
P1_53_NODE_1110_length_1426_cov_0.708237	1	1426	67	1426	100	6.00982	36.2	60
P1_53_NODE_1111_length_1425_cov_0.673344	1	1425	58	1422	99.7895	4.97825	36.1	57.7
P1_53_NODE_1112_length_1425_cov_0.652542	1	1425	83	1425	100	6.55018	36.5	59.8
P1_53_NODE_1113_length_1424_cov_2.030069	1	1424	334	1424	100	25.9572	35.9	54
P1_53_NODE_1114_length_1423_cov_0.727623	1	1423	88	1423	100	7.48067	36.1	60
P1_53_NODE_1115_length_1423_cov_0.682870	1	1423	64	1423	100	5.45959	35.9	59.4
P1_53_NODE_1116_length_1423_cov_0.328704	1	1423	52	1423	100	4.16796	36.4	60
P1_53_NODE_1117_length_1421_cov_0.935858	1	1421	95	1421	100	7.93385	36.4	60
P1_53_NODE_1118_length_1417_cov_1.059690	1	1417	171	1417	100	13.374	36.4	59.6
P1_53_NODE_1119_length_1417_cov_0.826357	1	1417	92	1417	100	7.44954	35.9	52.1
P1_53_NODE_1120_length_1417_cov_0.702326	1	1417	87	1417	100	7.53282	36.3	59.7
P1_53_NODE_1121_length_1416_cov_1.439100	1	1416	137	1416	100	12.2677	35.8	57.7
P1_53_NODE_1122_length_1414_cov_0.693862	1	1414	78	1414	100	6.5389	36.2	59.7
P1_53_NODE_1123_length_1413_cov_0.816485	1	1413	83	1413	100	7.23142	36.4	59
P1_53_NODE_1124_length_1408_cov_0.780640	1	1408	62	1408	100	6.02131	35.8	60
P1_53_NODE_1125_length_1408_cov_0.524590	1	1408	44	1408	100	4.16548	35.7	60
P1_53_NODE_1126_length_1406_cov_0.880375	1	1406	79	1406	100	7.19132	36	57
P1_53_NODE_1127_length_1404_cov_1.190290	1	1404	142	1404	100	11.4708	35.8	59.6
P1_53_NODE_1128_length_1403_cov_0.445925	1	1403	42	1403	100	3.77548	35.7	60
P1_53_NODE_1129_length_1401_cov_0.773155	1	1401	63	1401	100	6.12063	35.9	60
P1_53_NODE_1130_length_1401_cov_0.678964	1	1401	57	1401	100	5.11064	36	57.9
P1_53_NODE_1131_length_1401_cov_0.544741	1	1401	60	1401	100	5.22198	36.3	56
P1_53_NODE_1132_length_1400_cov_1.025923	1	1400	105	1400	100	9.45214	35.7	60
P1_53_NODE_1133_length_1400_cov_0.663786	1	1400	76	1400	100	6.71429	36.3	59.5
P1_53_NODE_1134_length_1400_cov_0.615082	1	1400	65	1400	100	5.68929	36.1	58.2
P1_53_NODE_1135_length_1396_cov_0.637510	1	1396	94	1396	100	7.04656	35.8	58.1
P1_53_NODE_1136_length_1392_cov_0.660079	1	1392	63	1392	100	5.78233	35.6	59.4
P1_53_NODE_1137_length_1392_cov_0.426087	1	1392	45	1392	100	4.0194	36.4	60
P1_53_NODE_1138_length_1391_cov_1.024525	1	1391	92	1391	100	8.66211	36.1	60
P1_53_NODE_1139_length_1391_cov_0.614715	1	1391	115	1391	100	8.36377	36.5	59.6
P1_53_NODE_1140_length_1389_cov_0.440571	1	1389	50	1389	100	4.40389	35.9	59.8
P1_53_NODE_1141_length_1388_cov_1.366376	1	1388	138	1388	100	12.3854	36	59.8
P1_53_NODE_1142_length_1386_cov_1.937252	1	1386	297	1386	100	23.6616	36.4	59.2
P1_53_NODE_1143_length_1384_cov_0.814638	1	1384	100	1384	100	8.42558	36.2	59.9
P1_53_NODE_1144_length_1384_cov_0.681782	1	1384	78	1384	100	7.06792	35.7	60
P1_53_NODE_1145_length_1383_cov_0.543790	1	1383	58	1383	100	5.45264	36.4	59.2
P1_53_NODE_1146_length_1379_cov_0.628594	1	1379	75	1379	100	6.51269	35.8	56.5
P1_53_NODE_1147_length_1378_cov_1.058353	1	1378	121	1378	100	10.7707	36.2	52.4
P1_53_NODE_1148_length_1377_cov_0.786400	1	1377	86	1377	100	7.55192	35.8	59.7
P1_53_NODE_1149_length_1375_cov_0.588141	1	1375	76	1375	100	6.39418	36.3	60
P1_53_NODE_1150_length_1374_cov_0.640738	1	1374	96	1374	100	7.86681	36.2	59.9
P1_53_NODE_1151_length_1372_cov_1.062651	1	1372	209	1372	100	12.7143	35.8	35.1
P1_53_NODE_1152_length_1370_cov_0.744972	1	1370	108	1370	100	9.39051	35.9	58.4
P1_53_NODE_1153_length_1369_cov_0.358293	1	1369	53	1369	100	4.50402	36.3	60
P1_53_NODE_1154_length_1366_cov_0.842615	1	1366	81	1351	98.9019	7.28184	36.4	59
P1_53_NODE_1155_length_1366_cov_0.797417	1	1366	113	1366	100	9.33455	36.4	59.9
P1_53_NODE_1156_length_1366_cov_0.542373	1	1366	59	1366	100	5.21523	35.6	56.1
P1_53_NODE_1157_length_1365_cov_0.520194	1	1365	102	1365	100	7.9326	36.4	59.9
P1_53_NODE_1158_length_1363_cov_0.870550	1	1363	69	1363	100	6.61189	35.9	60
P1_53_NODE_1159_length_1358_cov_0.854590	1	1358	78	1358	100	7.43888	36.2	60
P1_53_NODE_1160_length_1353_cov_0.781403	1	1353	62	1353	100	5.85883	36	56.1
P1_53_NODE_1161_length_1352_cov_0.897959	1	1352	79	1352	100	7.63314	36.1	59.3
P1_53_NODE_1162_length_1352_cov_0.876735	1	1352	75	1352	100	7.39201	35.6	60
P1_53_NODE_1163_length_1352_cov_0.699592	1	1352	85	1352	100	6.79364	36.1	53
P1_53_NODE_1164_length_1350_cov_0.989370	1	1350	89	1347	99.7778	8.39185	36	56
P1_53_NODE_1165_length_1350_cov_0.655765	1	1350	61	1350	100	5.49185	35.2	58
P1_53_NODE_1166_length_1347_cov_0.738525	1	1347	102	1347	100	8.05048	35.8	50.6
P1_53_NODE_1167_length_1344_cov_0.852095	1	1344	162	1344	100	11.8899	35.8	48.5
P1_53_NODE_1168_length_1343_cov_0.688322	1	1343	57	1343	100	5.24572	36	52.2
P1_53_NODE_1169_length_1343_cov_0.655428	1	1343	74	1343	100	6.035	36	50.3
P1_53_NODE_1170_length_1341_cov_0.314662	1	1341	49	1341	100	4.34899	35.1	59.4
P1_53_NODE_1171_length_1340_cov_1.009893	1	1340	77	1340	100	7.76642	35.6	60
P1_53_NODE_1172_length_1340_cov_0.704040	1	1340	58	1340	100	5.41045	36.2	57.6
P1_53_NODE_1173_length_1338_cov_1.469860	1	1338	157	1338	100	12.8176	35.5	57
P1_53_NODE_1174_length_1338_cov_1.259290	1	1338	141	1338	100	12.5463	35.8	57.3
P1_53_NODE_1175_length_1338_cov_0.856317	1	1338	107	1338	100	9.42825	36.1	58.5
P1_53_NODE_1176_length_1338_cov_0.478943	1	1338	65	1338	100	5.85575	35.6	56.9
P1_53_NODE_1177_length_1337_cov_0.745455	1	1337	70	1337	100	6.24757	36.1	58.3
P1_53_NODE_1178_length_1335_cov_0.507450	1	1335	62	1335	100	5.43895	36.1	60
P1_53_NODE_1179_length_1332_cov_437.708714	1	1332	55278	1332	100	4832.67	36.1	58
P1_53_NODE_1180_length_1332_cov_0.853112	1	1332	112	1332	100	9.18393	36.3	56.4
P1_53_NODE_1181_length_1331_cov_0.837209	1	1331	73	1331	100	6.41322	36	58
P1_53_NODE_1182_length_1331_cov_0.719269	1	1331	62	1331	100	5.86476	35.7	59
P1_53_NODE_1183_length_1330_cov_0.801330	1	1330	66	1330	100	6.36692	36.3	60
P1_53_NODE_1184_length_1328_cov_0.574521	1	1328	85	1328	100	7.1747	35.9	59.8
P1_53_NODE_1185_length_1327_cov_0.900000	1	1327	87	1327	100	8.19442	36.3	60
P1_53_NODE_1186_length_1322_cov_0.703766	1	1322	63	1322	100	5.90696	36.1	59.9
P1_53_NODE_1187_length_1321_cov_0.617253	1	1321	50	1321	100	4.86223	36.1	60
P1_53_NODE_1188_length_1320_cov_1.033529	1	1320	108	1320	100	9.66818	36	52.9
P1_53_NODE_1189_length_1320_cov_0.653814	1	1320	73	1320	100	6.38409	36.3	60
P1_53_NODE_1190_length_1320_cov_0.425817	1	1320	40	1320	100	3.66288	35.5	58
P1_53_NODE_1191_length_1318_cov_0.812762	1	1318	93	1318	100	8.61305	35.9	59.3
P1_53_NODE_1192_length_1318_cov_0.784215	1	1318	115	1318	100	9.82322	36.1	59.4
P1_53_NODE_1193_length_1317_cov_0.605042	1	1317	50	1317	100	5.03948	36	60
P1_53_NODE_1194_length_1317_cov_0.475630	1	1317	60	1317	100	5.04708	36.1	57
P1_53_NODE_1195_length_1313_cov_1.185497	1	1313	112	1313	100	10.7768	36.2	59.9
P1_53_NODE_1196_length_1310_cov_1.215554	1	1310	126	1310	100	11.3405	35.9	59.9
P1_53_NODE_1197_length_1307_cov_3.783051	1	1307	387	1307	100	35.0834	35.8	54.9
P1_53_NODE_1198_length_1307_cov_0.556780	1	1307	50	1307	100	4.80949	35.5	60
P1_53_NODE_1199_length_1306_cov_0.734521	1	1306	75	1306	100	6.84763	35.5	53.3
P1_53_NODE_1200_length_1306_cov_0.600509	1	1306	100	1306	100	8.38897	35.6	58
P1_53_NODE_1201_length_1305_cov_0.699491	1	1305	79	1305	100	7.35479	35.9	60
P1_53_NODE_1202_length_1305_cov_0.698642	1	1305	83	1305	100	7.71954	35.8	60
P1_53_NODE_1203_length_1304_cov_0.506372	1	1304	55	1304	100	4.95475	35.7	55.6
P1_53_NODE_1204_length_1303_cov_0.528061	1	1303	62	1303	100	5.97698	36	60
P1_53_NODE_1205_length_1302_cov_0.922553	1	1302	92	1302	100	8.55376	36.1	59
P1_53_NODE_1206_length_1302_cov_0.796596	1	1302	69	1302	100	6.32412	35.4	49.1
P1_53_NODE_1207_length_1302_cov_0.765106	1	1302	60	1302	100	5.88556	36.1	58.9
P1_53_NODE_1208_length_1302_cov_0.719149	1	1302	84	1302	100	7.56298	36.1	59.4
P1_53_NODE_1209_length_1301_cov_0.644804	1	1301	54	1301	100	5.06303	35.8	58.4
P1_53_NODE_1210_length_1300_cov_0.754476	1	1300	99	1300	100	8.85846	36.4	59.8
P1_53_NODE_1211_length_1293_cov_0.595197	1	1293	69	1293	100	6.25445	35.9	59.4
P1_53_NODE_1212_length_1290_cov_0.785899	1	1290	94	1269	98.3721	8.46047	35.8	56.2
P1_53_NODE_1213_length_1290_cov_0.706793	1	1290	64	1289	99.9225	5.90233	36.3	52
P1_53_NODE_1214_length_1289_cov_0.851979	1	1289	96	1289	100	8.82545	36.5	59.8
P1_53_NODE_1215_length_1289_cov_0.790878	1	1289	79	1289	100	7.97052	36.1	57.7
P1_53_NODE_1216_length_1287_cov_0.867241	1	1287	78	1287	100	7.24553	35.6	53
P1_53_NODE_1217_length_1286_cov_1.249353	1	1286	133	1286	100	11.7893	36.4	56.6
P1_53_NODE_1218_length_1286_cov_0.738568	1	1286	74	1286	100	7.02022	35.9	59.9
P1_53_NODE_1219_length_1286_cov_0.682485	1	1286	100	1286	100	8.1353	36.2	58.6
P1_53_NODE_1220_length_1286_cov_0.583261	1	1286	61	1286	100	5.7535	35.8	60
P1_53_NODE_1221_length_1285_cov_0.909326	1	1285	86	1285	100	8.36031	36.2	56.7
P1_53_NODE_1222_length_1285_cov_0.540587	1	1285	67	1285	100	5.78599	36.5	57.9
P1_53_NODE_1223_length_1284_cov_1.635264	1	1284	194	1284	100	18.3879	35.8	59.9
P1_53_NODE_1224_length_1284_cov_0.935177	1	1284	83	1284	100	8.40343	36.1	60
P1_53_NODE_1225_length_1284_cov_0.902334	1	1284	123	1284	100	10.6815	35.9	49.4
P1_53_NODE_1226_length_1282_cov_0.771429	1	1282	65	1282	100	6.75507	35.4	60
P1_53_NODE_1227_length_1282_cov_0.569697	1	1282	72	1282	100	7.14431	36	60
P1_53_NODE_1228_length_1281_cov_3.902699	1	1281	474	1281	100	42.7237	36	59.6
P1_53_NODE_1229_length_1281_cov_0.885615	1	1281	90	1281	100	7.93677	35.7	54.7
P1_53_NODE_1230_length_1280_cov_1.036427	1	1280	83	1280	100	8.65156	35.6	60
P1_53_NODE_1231_length_1279_cov_1.019965	1	1279	80	1279	100	8.17592	36	59.5
P1_53_NODE_1232_length_1277_cov_0.616522	1	1277	67	1277	100	6.29052	36.4	57.9
P1_53_NODE_1233_length_1276_cov_0.719756	1	1276	63	1276	100	6.50549	35.7	60
P1_53_NODE_1234_length_1274_cov_0.876199	1	1274	85	1274	100	7.55338	36.1	51.9
P1_53_NODE_1235_length_1274_cov_0.581517	1	1274	54	1274	100	5.07692	35.9	59
P1_53_NODE_1236_length_1274_cov_0.570183	1	1274	47	1274	100	4.79121	36.1	58.2
P1_53_NODE_1237_length_1272_cov_0.743231	1	1272	96	1272	100	8.61164	36.5	60
P1_53_NODE_1238_length_1271_cov_0.611888	1	1271	84	1271	100	7.00787	36.2	53.2
P1_53_NODE_1239_length_1270_cov_0.510936	1	1270	122	1270	100	9.91969	36.4	54.7
P1_53_NODE_1240_length_1269_cov_1.013135	1	1269	109	1269	100	10.2143	36.1	60
P1_53_NODE_1241_length_1269_cov_0.863398	1	1269	77	1269	100	7.24429	35.9	53.4
P1_53_NODE_1242_length_1266_cov_0.750658	1	1266	196	1257	99.2891	15.6856	36	34.8
P1_53_NODE_1243_length_1265_cov_1.007909	1	1265	75	1265	100	8.00237	36.1	60
P1_53_NODE_1244_length_1264_cov_0.810026	1	1264	71	1264	100	7.08307	35.4	58.3
P1_53_NODE_1245_length_1264_cov_0.609499	1	1264	48	1264	100	5.18117	36.1	60
P1_53_NODE_1246_length_1264_cov_0.551451	1	1264	74	1264	100	6.6788	36.1	56.6
P1_53_NODE_1247_length_1263_cov_0.921655	1	1263	60	1263	100	6.60728	35.6	60
P1_53_NODE_1248_length_1262_cov_0.839648	1	1262	51	1262	100	5.55864	35.8	60
P1_53_NODE_1249_length_1262_cov_0.778855	1	1262	58	1262	100	6.22345	35.7	60
P1_53_NODE_1250_length_1261_cov_0.865961	1	1261	63	1261	100	6.62966	35.6	60
P1_53_NODE_1251_length_1261_cov_0.649030	1	1261	57	1261	100	5.27439	35.9	57.9
P1_53_NODE_1252_length_1258_cov_1.023873	1	1258	92	1258	100	8.93005	36.2	59.7
P1_53_NODE_1253_length_1258_cov_0.752431	1	1258	58	1258	100	5.82512	36.4	53.9
P1_53_NODE_1254_length_1257_cov_0.669912	1	1257	47	1257	100	4.86714	36	60
P1_53_NODE_1255_length_1256_cov_1.396811	1	1256	209	1256	100	17.8965	35.9	56.6
P1_53_NODE_1256_length_1255_cov_0.401596	1	1255	105	1255	100	6.76733	35.7	37.2
P1_53_NODE_1257_length_1254_cov_1.037267	1	1254	168	1254	100	16.811	35.9	51.4
P1_53_NODE_1258_length_1253_cov_0.717584	1	1253	75	1253	100	7.13488	36.3	58.9
P1_53_NODE_1259_length_1253_cov_0.563055	1	1253	52	1253	100	5.3328	35.9	60
P1_53_NODE_1260_length_1253_cov_0.447602	1	1253	50	1253	100	4.61532	36.4	59.2
P1_53_NODE_1261_length_1252_cov_0.485333	1	1252	34	1252	100	3.54313	35.7	57.8
P1_53_NODE_1262_length_1251_cov_1.083630	1	1251	77	1251	100	8.17666	35.8	60
P1_53_NODE_1263_length_1250_cov_0.819234	1	1250	69	1250	100	7.1808	35.9	60
P1_53_NODE_1264_length_1246_cov_1.663092	1	1246	494	1246	100	40.7817	36.4	46.1
P1_53_NODE_1265_length_1246_cov_0.545130	1	1246	82	1246	100	7.49358	35.9	59.1
P1_53_NODE_1266_length_1246_cov_0.486148	1	1246	51	1246	100	4.68379	35.8	59.3
P1_53_NODE_1267_length_1245_cov_1.142218	1	1245	118	1245	100	10.1245	36.3	48.2
P1_53_NODE_1268_length_1242_cov_0.621525	1	1242	60	1242	100	6.1723	36.4	60
P1_53_NODE_1269_length_1238_cov_1.287129	1	1238	102	1238	100	9.90792	35.7	57.5
P1_53_NODE_1270_length_1238_cov_0.462646	1	1238	38	1238	100	3.87318	35.8	60
P1_53_NODE_1271_length_1237_cov_0.818919	1	1237	78	1237	100	7.90299	36.6	60
P1_53_NODE_1272_length_1236_cov_0.826871	1	1236	62	1236	100	6.64078	35.5	60
P1_53_NODE_1273_length_1236_cov_0.698828	1	1236	67	1236	100	6.35841	36.3	59.7
P1_53_NODE_1274_length_1235_cov_0.723827	1	1235	87	1235	100	7.74089	36.1	54.3
P1_53_NODE_1275_length_1235_cov_0.648917	1	1235	44	1235	100	4.68502	36.2	60
P1_53_NODE_1276_length_1234_cov_0.732611	1	1234	62	1234	100	6.67747	35.5	60
P1_53_NODE_1277_length_1232_cov_0.703167	1	1232	67	1232	100	7.20292	36.1	60
P1_53_NODE_1278_length_1231_cov_0.836957	1	1231	78	1231	100	7.97238	35.8	59.7
P1_53_NODE_1279_length_1229_cov_2.643376	1	1229	328	1229	100	29.7282	36.2	56.1
P1_53_NODE_1280_length_1228_cov_0.970027	1	1228	120	1228	100	11.3176	36.2	59.9
P1_53_NODE_1281_length_1228_cov_0.821980	1	1228	60	1228	100	6.557	35.9	60
P1_53_NODE_1282_length_1228_cov_0.385104	1	1228	42	1228	100	3.91857	36.3	56.8
P1_53_NODE_1283_length_1226_cov_0.803458	1	1226	64	1226	100	6.66558	36	59.8
P1_53_NODE_1284_length_1225_cov_0.866120	1	1225	88	1225	100	8.71918	36.3	60
P1_53_NODE_1285_length_1224_cov_0.752963	1	1224	155	1224	100	12.7328	36.3	54.6
P1_53_NODE_1286_length_1224_cov_0.492252	1	1224	36	1224	100	4.08415	35.8	60
P1_53_NODE_1287_length_1223_cov_0.490876	1	1223	56	1223	100	5.29763	35.5	59.3
P1_53_NODE_1288_length_1222_cov_1.080365	1	1222	91	1222	100	8.71849	36	54.1
P1_53_NODE_1289_length_1222_cov_0.858447	1	1222	77	1222	100	7.69149	36.3	58.6
P1_53_NODE_1290_length_1221_cov_0.588665	1	1221	38	1221	100	4.36036	35.8	60
P1_53_NODE_1291_length_1220_cov_9.452116	1	1220	985	1220	100	90.9443	36.2	59.2
P1_53_NODE_1292_length_1220_cov_0.693504	1	1220	72	1220	100	7.40984	36.2	60
P1_53_NODE_1293_length_1220_cov_0.524245	1	1220	33	1220	100	3.7877	36.1	60
P1_53_NODE_1294_length_1218_cov_0.982585	1	1218	97	1218	100	9.62972	36.3	56.4
P1_53_NODE_1295_length_1218_cov_0.787351	1	1218	72	1217	99.9179	7.44335	36.3	60
P1_53_NODE_1296_length_1218_cov_0.621448	1	1218	49	1218	100	5.29475	35.7	60
P1_53_NODE_1297_length_1217_cov_0.753211	1	1217	70	1217	100	6.81923	36	60
P1_53_NODE_1298_length_1217_cov_0.689908	1	1217	49	1217	100	5.49302	35.6	60
P1_53_NODE_1299_length_1214_cov_0.852806	1	1214	67	1214	100	7.35585	35.9	60
P1_53_NODE_1300_length_1213_cov_0.880295	1	1213	105	1213	100	9.62902	36.4	59.6
P1_53_NODE_1301_length_1211_cov_0.871771	1	1211	60	1211	100	6.68126	35.7	59.8
P1_53_NODE_1302_length_1211_cov_0.755535	1	1211	65	1211	100	7.17589	36	60
P1_53_NODE_1303_length_1210_cov_0.810711	1	1210	60	1210	100	6.48099	36.1	59.5
P1_53_NODE_1304_length_1209_cov_0.940850	1	1209	85	1209	100	8.49711	36.5	59.4
P1_53_NODE_1305_length_1209_cov_0.792052	1	1209	72	1209	100	7.28371	36.1	60
P1_53_NODE_1306_length_1209_cov_0.439926	1	1209	51	1209	100	4.99173	35.9	59.1
P1_53_NODE_1307_length_1208_cov_0.662350	1	1208	62	1208	100	6.01656	36.4	55.4
P1_53_NODE_1308_length_1206_cov_0.845227	1	1206	121	1206	100	10.7546	36.2	59.9
P1_53_NODE_1309_length_1206_cov_0.773865	1	1206	99	1206	100	7.97347	36.2	46.2
P1_53_NODE_1310_length_1206_cov_0.766450	1	1206	68	1206	100	7.23134	36.3	60
P1_53_NODE_1311_length_1204_cov_0.705664	1	1204	44	1204	100	4.87292	35.7	59.4
P1_53_NODE_1312_length_1204_cov_0.506035	1	1204	56	1204	100	5.25581	36.2	57.8
P1_53_NODE_1313_length_1203_cov_1.091078	1	1203	113	1203	100	10.8953	35.8	58.1
P1_53_NODE_1314_length_1203_cov_0.578067	1	1203	51	1203	100	5.23774	35.8	58.2
P1_53_NODE_1315_length_1201_cov_0.599628	1	1201	68	1201	100	6.58618	36.2	59.9
P1_53_NODE_1316_length_1201_cov_0.523277	1	1201	63	1201	100	6.21232	36.4	60
P1_53_NODE_1317_length_1200_cov_0.889096	1	1200	63	1200	100	6.74167	36.3	59.6
P1_53_NODE_1318_length_1199_cov_1.125933	1	1199	98	1199	100	9.58882	36	58.6
P1_53_NODE_1319_length_1198_cov_0.527544	1	1198	65	1198	100	6.00584	36.3	59.8
P1_53_NODE_1320_length_1197_cov_0.859813	1	1197	61	1197	100	6.71763	35.3	57.7
P1_53_NODE_1321_length_1197_cov_0.734579	1	1197	67	1197	100	6.868	36.1	59.4
P1_53_NODE_1322_length_1196_cov_0.916745	1	1196	66	1196	100	7.44816	36.2	60
P1_53_NODE_1323_length_1195_cov_0.906367	1	1195	67	1195	100	7.46695	35.8	60
P1_53_NODE_1324_length_1195_cov_0.479401	1	1195	60	1195	100	5.79916	35.8	60
P1_53_NODE_1325_length_1193_cov_0.876173	1	1193	67	1193	100	7.21794	36.2	60
P1_53_NODE_1326_length_1193_cov_0.696060	1	1193	79	1193	100	8.10981	36.1	59.9
P1_53_NODE_1327_length_1193_cov_0.656660	1	1193	56	1193	100	6.16345	36.2	60
P1_53_NODE_1328_length_1193_cov_0.531895	1	1193	33	1193	100	3.85499	35.5	60
P1_53_NODE_1329_length_1191_cov_0.938910	1	1191	84	1191	100	8.84551	36.1	60
P1_53_NODE_1330_length_1191_cov_0.558271	1	1191	49	1191	100	5.85055	35.6	60
P1_53_NODE_1331_length_1190_cov_0.841957	1	1190	76	1190	100	7.56555	36.1	60
P1_53_NODE_1332_length_1190_cov_0.720602	1	1190	2016	1190	100	168.994	36	55.4
P1_53_NODE_1333_length_1190_cov_0.643462	1	1190	81	1190	100	7.60084	36	59.9
P1_53_NODE_1334_length_1190_cov_0.618062	1	1190	36	1190	100	4.23025	35.4	60
P1_53_NODE_1335_length_1189_cov_0.976460	1	1189	73	1189	100	8.0799	36	60
P1_53_NODE_1336_length_1189_cov_0.891714	1	1189	69	1189	100	7.2725	35.5	59
P1_53_NODE_1337_length_1189_cov_0.552731	1	1189	41	1189	100	4.582	36.3	60
P1_53_NODE_1338_length_1188_cov_0.717248	1	1188	65	1188	100	6.52694	36.5	60
P1_53_NODE_1339_length_1187_cov_0.603774	1	1187	72	1187	100	7.46588	36.4	60
P1_53_NODE_1340_length_1186_cov_1.103872	1	1186	107	1186	100	10.2715	36.1	57.8
P1_53_NODE_1341_length_1186_cov_1.003777	1	1186	91	1186	100	9.14924	35.9	60
P1_53_NODE_1342_length_1186_cov_0.772427	1	1186	51	1186	100	5.89123	36.2	60
P1_53_NODE_1343_length_1186_cov_0.694995	1	1186	48	1186	100	5.12648	36	57.5
P1_53_NODE_1344_length_1184_cov_2.057711	1	1184	155	1184	100	17.0025	35.8	59
P1_53_NODE_1345_length_1184_cov_0.670766	1	1184	55	1184	100	5.71115	35.5	59.6
P1_53_NODE_1346_length_1184_cov_0.666982	1	1184	73	1184	100	7.1723	36.2	54
P1_53_NODE_1347_length_1184_cov_0.556291	1	1184	55	1184	100	5.52449	36.3	60
P1_53_NODE_1348_length_1183_cov_0.756629	1	1183	79	1183	100	7.41167	36.3	54.8
P1_53_NODE_1349_length_1183_cov_0.428030	1	1183	43	1183	100	4.18935	36.4	60
P1_53_NODE_1350_length_1182_cov_0.690995	1	1182	61	1182	100	6.1489	36	54.6
P1_53_NODE_1351_length_1181_cov_0.924099	1	1181	81	1181	100	8.57578	35.1	59.5
P1_53_NODE_1352_length_1180_cov_0.452042	1	1180	73	1180	100	6.49576	36.3	52.3
P1_53_NODE_1353_length_1179_cov_0.797529	1	1179	42	1179	100	5.14843	35.8	60
P1_53_NODE_1354_length_1178_cov_1.058991	1	1178	83	1178	100	9.04075	36.2	59.5
P1_53_NODE_1355_length_1178_cov_0.645100	1	1178	44	1178	100	4.97878	35.9	60
P1_53_NODE_1356_length_1174_cov_0.675263	1	1174	44	1174	100	5.02129	35.9	59.8
P1_53_NODE_1357_length_1173_cov_0.712237	1	1173	68	1173	100	6.86701	35.9	59.5
P1_53_NODE_1358_length_1173_cov_0.435946	1	1173	41	1173	100	3.97101	36	58
P1_53_NODE_1359_length_1171_cov_0.909004	1	1171	56	1171	100	6.23313	36	59
P1_53_NODE_1360_length_1171_cov_0.714559	1	1171	82	1171	100	7.33646	36	51.5
P1_53_NODE_1361_length_1171_cov_0.644636	1	1171	39	1171	100	4.62425	35.8	60
P1_53_NODE_1362_length_1171_cov_0.568966	1	1171	46	1171	100	5.08454	35.5	59.1
P1_53_NODE_1363_length_1171_cov_0.427203	1	1171	36	1171	100	3.6456	35.7	60
P1_53_NODE_1364_length_1167_cov_0.654808	1	1167	55	1167	100	5.58526	36.2	60
P1_53_NODE_1365_length_1166_cov_0.620789	1	1166	53	1166	100	5.51286	36.1	56.1
P1_53_NODE_1366_length_1165_cov_0.926782	1	1165	86	1165	100	9.37597	35.8	57.5
P1_53_NODE_1367_length_1162_cov_0.733333	1	1162	56	1162	100	5.88382	35.8	54.1
P1_53_NODE_1368_length_1161_cov_0.607350	1	1161	51	1161	100	5.62791	35.9	59.2
P1_53_NODE_1369_length_1161_cov_0.555126	1	1161	51	1161	100	5.29371	36.4	60
P1_53_NODE_1370_length_1159_cov_0.932171	1	1159	87	1159	100	9.61777	35.9	60
P1_53_NODE_1371_length_1158_cov_0.491756	1	1158	47	1158	100	5.28411	36.2	60
P1_53_NODE_1372_length_1158_cov_0.389913	1	1158	29	1158	100	3.28152	35.7	60
P1_53_NODE_1373_length_1156_cov_0.755102	1	1156	64	1156	100	6.29671	36.2	50
P1_53_NODE_1374_length_1156_cov_0.638484	1	1156	65	1156	100	6.37889	36.4	58.7
P1_53_NODE_1375_length_1154_cov_0.557936	1	1154	52	1154	100	5.21404	35.9	59.8
P1_53_NODE_1376_length_1154_cov_0.496592	1	1154	54	1154	100	5.49567	36.4	60
P1_53_NODE_1377_length_1153_cov_0.496101	1	1153	69	1153	100	6.16652	35.7	58.3
P1_53_NODE_1378_length_1152_cov_0.716098	1	1152	49	1152	100	5.70486	36.3	60
P1_53_NODE_1379_length_1151_cov_0.673828	1	1151	58	1151	100	5.66116	35.8	50.5
P1_53_NODE_1380_length_1150_cov_0.708700	1	1150	57	1150	100	6.43652	36.1	60
P1_53_NODE_1381_length_1150_cov_0.672532	1	1150	50	1150	100	5.48696	36.2	57.8
P1_53_NODE_1382_length_1149_cov_2.265166	1	1149	269	1149	100	26.054	36.2	36.4
P1_53_NODE_1383_length_1148_cov_0.985309	1	1148	84	1148	100	8.80314	36	57.1
P1_53_NODE_1384_length_1148_cov_0.911851	1	1148	73	1148	100	8.10105	36	60
P1_53_NODE_1385_length_1147_cov_0.533333	1	1147	80	1147	100	7.83261	36.1	59.1
P1_53_NODE_1386_length_1146_cov_1.334642	1	1146	133	1146	100	13.2129	36.4	54.4
P1_53_NODE_1387_length_1146_cov_1.134446	1	1146	95	1146	100	10.1108	36	55.5
P1_53_NODE_1388_length_1146_cov_0.817468	1	1146	80	1146	100	8.44764	36.2	59.9
P1_53_NODE_1389_length_1146_cov_0.472031	1	1146	151	1146	100	11.5567	36.1	33.8
P1_53_NODE_1390_length_1145_cov_1.229862	1	1145	136	1145	100	12.8297	35.9	59.9
P1_53_NODE_1391_length_1144_cov_0.876106	1	1144	72	1144	100	7.68969	35.9	60
P1_53_NODE_1392_length_1144_cov_0.564405	1	1144	44	1144	100	4.88374	36	60
P1_53_NODE_1393_length_1144_cov_0.494592	1	1144	110	1144	100	8.3514	36.2	46
P1_53_NODE_1394_length_1141_cov_0.943787	1	1141	133	1141	100	12.3891	36.2	59.8
P1_53_NODE_1395_length_1141_cov_0.815582	1	1141	62	1141	100	7.15162	36.1	60
P1_53_NODE_1396_length_1141_cov_0.670611	1	1141	38	1141	100	4.62489	35.8	60
P1_53_NODE_1397_length_1141_cov_0.505917	1	1141	56	1141	100	5.33918	35.8	59.8
P1_53_NODE_1398_length_1139_cov_1.044466	1	1139	75	1139	100	8.65408	36.2	58.3
P1_53_NODE_1399_length_1139_cov_0.878458	1	1139	105	1139	100	10.7252	35.9	58.3
P1_53_NODE_1400_length_1139_cov_0.484190	1	1139	39	1139	100	4.12467	36.1	60
P1_53_NODE_1401_length_1138_cov_1.229476	1	1138	79	1138	100	9.58875	36.1	59.9
P1_53_NODE_1402_length_1136_cov_0.681863	1	1136	51	1136	100	5.70335	36.2	60
P1_53_NODE_1403_length_1136_cov_0.673935	1	1136	62	1136	100	6.10563	36.2	55.4
P1_53_NODE_1404_length_1135_cov_1.108135	1	1135	87	1135	100	9.95595	35.9	57.9
P1_53_NODE_1405_length_1135_cov_0.911706	1	1135	64	1135	100	6.80705	35.5	57.3
P1_53_NODE_1406_length_1134_cov_0.475670	1	1134	32	1124	99.1182	3.903	36.1	60
P1_53_NODE_1407_length_1133_cov_0.588469	1	1133	57	1133	100	5.70697	35.1	60
P1_53_NODE_1408_length_1131_cov_0.885458	1	1131	66	1131	100	7.32891	36	60
P1_53_NODE_1409_length_1130_cov_0.332004	1	1130	28	1130	100	3.00885	35.8	56.4
P1_53_NODE_1410_length_1129_cov_0.854291	1	1129	58	1129	100	6.3977	36	60
P1_53_NODE_1411_length_1129_cov_0.799401	1	1129	82	1129	100	8.31355	36.4	59.8
P1_53_NODE_1412_length_1128_cov_0.662338	1	1128	49	1128	100	5.27216	36.1	60
P1_53_NODE_1413_length_1128_cov_0.585415	1	1128	37	1128	100	4.17021	36.1	58.5
P1_53_NODE_1414_length_1126_cov_0.853854	1	1126	57	1126	100	6.74956	35.6	60
P1_53_NODE_1415_length_1126_cov_0.800801	1	1126	93	1126	100	9.41474	36.3	60
P1_53_NODE_1416_length_1125_cov_0.571142	1	1125	56	1125	100	6.024	36.3	60
P1_53_NODE_1417_length_1123_cov_0.625502	1	1123	61	1123	100	6.92164	35.8	60
P1_53_NODE_1418_length_1121_cov_0.662978	1	1121	57	1121	100	6.04728	35.8	54.9
P1_53_NODE_1419_length_1120_cov_0.513595	1	1120	46	1120	100	5.10893	36.3	60
P1_53_NODE_1420_length_1119_cov_2.223790	1	1119	212	1119	100	21.9723	36.2	54.2
P1_53_NODE_1421_length_1119_cov_2.004032	1	1119	154	1119	100	16.7989	36.1	54.7
P1_53_NODE_1422_length_1119_cov_0.675403	1	1119	44	1119	100	4.99553	35.7	60
P1_53_NODE_1423_length_1116_cov_0.483316	1	1116	50	1116	100	4.88889	36	59
P1_53_NODE_1424_length_1116_cov_0.362993	1	1116	37	1116	100	3.70251	36.2	58.9
P1_53_NODE_1425_length_1115_cov_0.716599	1	1115	48	1115	100	5.61435	35.6	58.8
P1_53_NODE_1426_length_1114_cov_0.951368	1	1114	76	1104	99.1023	8.01436	36.1	57.4
P1_53_NODE_1427_length_1114_cov_0.622087	1	1114	38	1114	100	4.6535	36	60
P1_53_NODE_1428_length_1113_cov_1.122718	1	1113	82	1113	100	9.0027	36.1	59.8
P1_53_NODE_1429_length_1112_cov_0.811168	1	1112	94	1112	100	8.09622	36.4	49
P1_53_NODE_1430_length_1110_cov_0.865717	1	1110	42	1110	100	5.55856	35.4	60
P1_53_NODE_1431_length_1109_cov_0.557026	1	1109	47	1109	100	5.32913	35.7	60
P1_53_NODE_1432_length_1108_cov_1.053007	1	1108	71	1108	100	8.18863	35.9	58.8
P1_53_NODE_1433_length_1106_cov_0.812053	1	1106	57	1106	100	6.45118	36.1	57.9
P1_53_NODE_1434_length_1106_cov_0.562819	1	1106	46	1106	100	5.29295	36	60
P1_53_NODE_1435_length_1106_cov_0.393258	1	1106	48	1106	100	4.73418	36.1	57.6
P1_53_NODE_1436_length_1105_cov_2.150307	1	1105	129	1105	100	15.2842	35.8	59.5
P1_53_NODE_1437_length_1103_cov_0.818648	1	1103	58	1103	100	7.03083	35.9	60
P1_53_NODE_1438_length_1101_cov_0.873717	1	1101	71	1101	100	7.90917	35.8	60
P1_53_NODE_1439_length_1100_cov_0.752312	1	1100	52	1100	100	6.11091	36.3	59.8
P1_53_NODE_1440_length_1100_cov_0.658787	1	1100	45	1100	100	5.57909	35.9	60
P1_53_NODE_1441_length_1100_cov_0.319630	1	1100	54	1100	100	5.28545	36	59.7
P1_53_NODE_1442_length_1098_cov_0.716787	1	1098	81	1098	100	8.00546	36.6	60
P1_53_NODE_1443_length_1098_cov_0.681771	1	1098	49	1098	100	5.8388	35.7	60
P1_53_NODE_1444_length_1097_cov_0.612371	1	1097	47	1097	100	5.23883	35.8	59.8
P1_53_NODE_1445_length_1097_cov_0.563918	1	1097	34	1097	100	4.1732	35.6	59.2
P1_53_NODE_1446_length_1096_cov_0.654283	1	1096	65	1096	100	6.57208	35.9	55.8
P1_53_NODE_1447_length_1095_cov_2.443182	1	1095	18602	1095	100	555.653	31.7	8.98
P1_53_NODE_1448_length_1095_cov_1.020661	1	1095	74	1095	100	8.57808	36.2	60
P1_53_NODE_1449_length_1094_cov_0.705274	1	1094	79	1094	100	8.117	36	58.6
P1_53_NODE_1450_length_1094_cov_0.639090	1	1094	47	1094	100	5.39305	36	59.8
P1_53_NODE_1451_length_1093_cov_0.829193	1	1093	76	1090	99.7255	8.2452	36.4	55.5
P1_53_NODE_1452_length_1092_cov_0.793782	1	1092	112	1092	100	9.69139	35.8	39.2
P1_53_NODE_1453_length_1092_cov_0.629016	1	1092	54	1092	100	5.94139	36.2	57.9
P1_53_NODE_1454_length_1091_cov_1.176349	1	1091	231	1091	100	24.7745	36.2	53
P1_53_NODE_1455_length_1090_cov_1.161994	1	1090	111	1090	100	11.6716	36.2	55.8
P1_53_NODE_1456_length_1090_cov_1.085151	1	1090	76	1090	100	8.96789	36.2	60
P1_53_NODE_1457_length_1089_cov_0.640333	1	1089	43	1089	100	4.94674	36.1	59.3
P1_53_NODE_1458_length_1088_cov_0.772112	1	1088	55	1088	100	6.80423	35.5	60
P1_53_NODE_1459_length_1088_cov_0.725286	1	1088	49	1088	100	6.05055	35.8	60
P1_53_NODE_1460_length_1087_cov_0.615625	1	1087	44	1087	100	5.06072	35.9	59.1
P1_53_NODE_1461_length_1087_cov_0.610417	1	1087	52	1087	100	5.72125	36.1	60
P1_53_NODE_1462_length_1087_cov_0.380208	1	1087	38	1087	100	4.18951	36.4	59.5
P1_53_NODE_1463_length_1086_cov_1.044838	1	1086	57	1086	100	6.83149	36.2	57.4
P1_53_NODE_1464_length_1085_cov_0.900835	1	1085	107	1085	100	11.2166	35.9	60
P1_53_NODE_1465_length_1085_cov_0.577244	1	1085	98	1085	100	8.48479	36.4	43.9
P1_53_NODE_1466_length_1085_cov_0.266180	1	1085	35	1085	100	3.76221	35.4	58.6
P1_53_NODE_1467_length_1084_cov_0.911181	1	1084	68	1084	100	7.91974	35.7	60
P1_53_NODE_1468_length_1084_cov_0.739812	1	1084	47	1084	100	5.53229	35.8	59.2
P1_53_NODE_1469_length_1084_cov_0.436782	1	1084	46	1084	100	4.86162	36.4	52.3
P1_53_NODE_1470_length_1082_cov_1.254450	1	1082	149	1082	100	15.6423	36	44.4
P1_53_NODE_1471_length_1081_cov_0.654088	1	1081	49	1081	100	5.56337	35.7	58.4
P1_53_NODE_1472_length_1081_cov_0.496855	1	1081	52	1081	100	5.50139	36.2	59.8
P1_53_NODE_1473_length_1079_cov_0.764706	1	1079	46	1079	100	5.74513	36.1	60
P1_53_NODE_1474_length_1078_cov_0.892744	1	1078	62	1050	97.4026	7.04545	36.4	58.8
P1_53_NODE_1475_length_1078_cov_0.472135	1	1078	26	1078	100	3.44156	36.5	60
P1_53_NODE_1476_length_1076_cov_0.679663	1	1076	63	1076	100	7.20167	35.9	58.3
P1_53_NODE_1477_length_1075_cov_0.600211	1	1075	39	1075	100	4.58419	36.1	57.1
P1_53_NODE_1478_length_1074_cov_0.932418	1	1074	92	1074	100	10.0261	36.2	60
P1_53_NODE_1479_length_1074_cov_0.383316	1	1074	35	1074	100	3.85475	36.6	60
P1_53_NODE_1480_length_1073_cov_1.377378	1	1073	99	1073	100	10.9096	35.4	57
P1_53_NODE_1481_length_1073_cov_1.041226	1	1073	116	1007	93.849	10.9217	36.2	54.1
P1_53_NODE_1482_length_1073_cov_0.475687	1	1073	32	1073	100	3.34576	35.4	55.1
P1_53_NODE_1483_length_1071_cov_0.760593	1	1071	2294477	1071	100	49602.5	36.2	49
P1_53_NODE_1484_length_1070_cov_0.887593	1	1070	65	1070	100	6.9729	36.2	58.6
P1_53_NODE_1485_length_1069_cov_0.564756	1	1069	44	1036	96.913	5.27783	35.9	59.4
P1_53_NODE_1486_length_1068_cov_1.010627	1	1068	72	1068	100	8.08895	36.1	54.7
P1_53_NODE_1487_length_1067_cov_0.948936	1	1067	62	1067	100	7.65886	36.2	60
P1_53_NODE_1488_length_1066_cov_0.671991	1	1066	48	1066	100	5.42402	36.2	54.3
P1_53_NODE_1489_length_1065_cov_0.788913	1	1065	92	1065	100	8.13615	35.4	43.4
P1_53_NODE_1490_length_1065_cov_0.536247	1	1065	35	1065	100	4.26948	36.1	60
P1_53_NODE_1491_length_1065_cov_0.410448	1	1065	44	1065	100	4.50516	36	60
P1_53_NODE_1492_length_1063_cov_1.005342	1	1063	60	1063	100	7.33208	35.9	59.3
P1_53_NODE_1493_length_1063_cov_0.537393	1	1063	48	1063	100	5.67545	36.1	60
P1_53_NODE_1494_length_1063_cov_0.479701	1	1063	35	1063	100	3.68862	36.1	58.3
P1_53_NODE_1495_length_1061_cov_1.110278	1	1061	79	1061	100	9.5344	36.1	58.7
P1_53_NODE_1496_length_1061_cov_0.387580	1	1061	42	1061	100	4.67861	36.2	58.7
P1_53_NODE_1497_length_1060_cov_0.709539	1	1060	70	1060	100	7.87736	35.8	59.9
P1_53_NODE_1498_length_1060_cov_0.698821	1	1060	52	1060	100	6.23208	36.1	60
P1_53_NODE_1499_length_1060_cov_0.540193	1	1060	56	1060	100	5.69528	36.1	58.9
P1_53_NODE_1500_length_1059_cov_0.943133	1	1059	56	1059	100	7.09821	36.1	59.5
P1_53_NODE_1501_length_1059_cov_0.672747	1	1059	91	1059	100	9.29745	36.2	58.7
P1_53_NODE_1502_length_1059_cov_0.511803	1	1059	40	1059	100	4.65345	36.6	59.8
P1_53_NODE_1503_length_1059_cov_0.482833	1	1059	30	1059	100	3.7101	35.8	60
P1_53_NODE_1504_length_1057_cov_21.015054	1	1057	1730	1057	100	198.165	36.1	55.4
P1_53_NODE_1505_length_1057_cov_0.766667	1	1057	47	1057	100	5.71902	35.9	60
P1_53_NODE_1506_length_1056_cov_0.680301	1	1056	96	1056	100	8.75	36.3	51.3
P1_53_NODE_1507_length_1055_cov_1.296336	1	1055	127	1055	100	13.11	36.2	54.9
P1_53_NODE_1508_length_1055_cov_0.810345	1	1055	63	1055	100	7.5327	35.9	59.7
P1_53_NODE_1509_length_1055_cov_0.744612	1	1055	53	1055	100	6.60948	35.5	58.1
P1_53_NODE_1510_length_1055_cov_0.322198	1	1055	37	1055	100	3.51848	35.3	49.9
P1_53_NODE_1511_length_1054_cov_0.384035	1	1054	27	1054	100	3.19829	36.3	58.5
P1_53_NODE_1512_length_1052_cov_1.110270	1	1052	67	1052	100	8.5057	35.9	60
P1_53_NODE_1513_length_1052_cov_0.860541	1	1052	85	1052	100	9.55608	36.4	59.2
P1_53_NODE_1514_length_1052_cov_0.847568	1	1052	99	1052	100	10.924	36.2	59.6
P1_53_NODE_1515_length_1052_cov_0.605405	1	1052	40	1052	100	5.01141	36.2	60
P1_53_NODE_1516_length_1052_cov_0.595676	1	1052	52	1052	100	5.92395	36.1	60
P1_53_NODE_1517_length_1051_cov_0.550866	1	1051	36	1051	100	4.61941	36.3	60
P1_53_NODE_1518_length_1051_cov_0.467532	1	1051	48	1051	100	5.88677	36.2	60
P1_53_NODE_1519_length_1051_cov_0.441558	1	1051	70	1051	100	6.81446	36.3	60
P1_53_NODE_1520_length_1050_cov_0.567714	1	1050	50	1050	100	5.20476	36.3	56
P1_53_NODE_1521_length_1049_cov_0.483731	1	1049	40	1049	100	4.35462	35.2	57
P1_53_NODE_1522_length_1047_cov_0.613043	1	1047	54	1047	100	5.83477	35.4	55
P1_53_NODE_1523_length_1044_cov_0.393675	1	1044	27	1044	100	3.46839	35.5	60
P1_53_NODE_1524_length_1043_cov_1.402838	1	1043	89	1043	100	10.4401	35.8	57.8
P1_53_NODE_1525_length_1042_cov_0.409836	1	1042	37	1042	100	4.22169	35.9	60
P1_53_NODE_1526_length_1041_cov_1.012035	1	1041	76	1041	100	8.96638	35.9	59.9
P1_53_NODE_1527_length_1041_cov_0.663020	1	1041	28	1041	100	4	36.4	60
P1_53_NODE_1528_length_1041_cov_0.526258	1	1041	26	1041	100	3.54275	36	60
P1_53_NODE_1529_length_1041_cov_0.463895	1	1041	42	1041	100	4.28434	35.9	54.4
P1_53_NODE_1530_length_1040_cov_0.668127	1	1040	34	1040	100	4.6	36.4	60
P1_53_NODE_1531_length_1038_cov_2.298573	1	1038	125	1038	100	16.711	35.8	60
P1_53_NODE_1532_length_1038_cov_0.429199	1	1038	44	1038	100	4.96532	35.8	50
P1_53_NODE_1533_length_1037_cov_0.600000	1	1037	40	1037	100	4.92382	35.7	57
P1_53_NODE_1534_length_1035_cov_3.624449	1	1035	351	1035	100	44.9865	36	48
P1_53_NODE_1535_length_1035_cov_0.871145	1	1035	98	1035	100	10.7932	35.9	59.9
P1_53_NODE_1536_length_1035_cov_0.711454	1	1035	62	1035	100	6.64541	36.2	60
P1_53_NODE_1537_length_1035_cov_0.520925	1	1035	56	1035	100	5.91401	36.5	60
P1_53_NODE_1538_length_1035_cov_0.455947	1	1035	43	1035	100	4.85797	36.2	60
P1_53_NODE_1539_length_1029_cov_1.608647	1	1029	151	1023	99.4169	16.2711	36.3	48.8
P1_53_NODE_1540_length_1029_cov_1.485588	1	1029	140	1029	100	15.4869	36	57.3
P1_53_NODE_1541_length_1029_cov_0.770510	1	1029	53	1029	100	6.31293	35.5	59.2
P1_53_NODE_1542_length_1029_cov_0.487805	1	1029	64	1029	100	6.27114	35.5	58.9
P1_53_NODE_1543_length_1024_cov_1.073579	1	1024	105	1024	100	11.4365	36.1	46.8
P1_53_NODE_1544_length_1024_cov_0.597547	1	1024	53	1024	100	6.16016	36	57.7
P1_53_NODE_1545_length_1023_cov_0.539062	1	1023	66	1023	100	6.73509	36.1	59.7
P1_53_NODE_1546_length_1020_cov_0.396417	1	1020	61	1020	100	6.48235	35.8	58.7
P1_53_NODE_1547_length_1020_cov_0.368421	1	1020	32	1020	100	3.48725	35.9	59.1
P1_53_NODE_1548_length_1019_cov_0.668161	1	1019	45	1019	100	5.31207	36.2	60
P1_53_NODE_1549_length_1019_cov_0.621076	1	1019	48	1019	100	5.23454	35.8	49.1
P1_53_NODE_1550_length_1018_cov_0.612795	1	1018	45	1018	100	5.61591	36.2	59.8
P1_53_NODE_1551_length_1018_cov_0.531987	1	1018	39	1018	100	4.64538	35.5	60
P1_53_NODE_1552_length_1017_cov_1.024719	1	1017	54	1017	100	7.23894	35.9	60
P1_53_NODE_1553_length_1017_cov_0.888764	1	1017	77	1017	100	8.82203	36.3	60
P1_53_NODE_1554_length_1017_cov_0.550562	1	1017	46	1017	100	5.23795	35.9	60
P1_53_NODE_1555_length_1017_cov_0.423596	1	1017	41	1007	99.0167	4.71485	36.1	58.9
P1_53_NODE_1556_length_1016_cov_0.901012	1	1016	89	1016	100	9.20768	36.1	51.2
P1_53_NODE_1557_length_1016_cov_0.790776	1	1016	53	1016	100	6.76476	35.9	60
P1_53_NODE_1558_length_1014_cov_1.056370	1	1014	61	1014	100	7.90828	35.9	60
P1_53_NODE_1559_length_1012_cov_2.529944	1	1012	202	1012	100	23.0524	36	45.7
P1_53_NODE_1560_length_1012_cov_0.642938	1	1012	39	1012	100	4.51581	35.8	58.9
P1_53_NODE_1561_length_1011_cov_0.407240	1	1011	25	1011	100	3.27102	36.2	60
P1_53_NODE_1562_length_1010_cov_0.524349	1	1010	40	1010	100	4.6703	36.1	57
P1_53_NODE_1563_length_1010_cov_0.493771	1	1010	44	1000	99.0099	5.34158	35.6	59.7
P1_53_NODE_1564_length_1006_cov_0.656428	1	1006	41	1006	100	5.07256	36.6	60
P1_53_NODE_1565_length_1004_cov_0.654504	1	1004	48	1004	100	5.75697	36	57.1
P1_53_NODE_1566_length_1003_cov_0.680365	1	1003	124	1003	100	14.3928	36.1	51.9
P1_53_NODE_1567_length_1003_cov_0.560502	1	1003	59	1003	100	6.82353	36	59.8
P1_53_NODE_1568_length_1000_cov_0.838488	1	1000	135	1000	100	12.183	36	41.6
P1_53_NODE_1569_length_1000_cov_0.634593	1	1000	48	1000	100	5.713	36	57.4
P1_53_NODE_1570_length_1000_cov_0.585338	1	1000	39	1000	100	5.072	35.5	60
P1_53_NODE_1571_length_1000_cov_0.580756	1	1000	29	1000	100	3.955	35.6	58.6
