#rname	startpos	endpos	numreads	covbases	coverage	meandepth	meanbaseq	meanmapq
P3_68_NODE_1_length_79544_cov_191.126321	1	79544	809131	79539	99.9937	1453.5	35.6	60
P3_68_NODE_2_length_51437_cov_16.457435	1	51437	49088	51437	100	130.111	35.6	57.1
P3_68_NODE_3_length_50981_cov_220.033409	1	50981	680239	50975	99.9882	1811.48	35.8	57.5
P3_68_NODE_4_length_43283_cov_41.588145	1	43283	102983	43185	99.7736	330.49	35.8	59.2
P3_68_NODE_5_length_40416_cov_27.418377	1	40416	64061	40416	100	217.892	35.8	59.6
P3_68_NODE_6_length_40379_cov_90.070829	1	40379	201929	40379	100	701.174	35.9	59.9
P3_68_NODE_7_length_38824_cov_192.408921	1	38824	446304	38824	100	1592.35	35.8	59.7
P3_68_NODE_8_length_37896_cov_7.244989	1	37896	16565	37896	100	58.974	35.6	58.7
P3_68_NODE_9_length_34840_cov_120.217757	1	34840	239472	34840	100	953.39	35.9	59.6
P3_68_NODE_10_length_31696_cov_138.652666	1	31696	250662	31696	100	1104.06	35.8	59.9
P3_68_NODE_11_length_30711_cov_31.867676	1	30711	53963	30711	100	245.483	35.9	59.8
P3_68_NODE_12_length_30221_cov_13.585200	1	30221	25180	30221	100	113.799	35.4	59.3
P3_68_NODE_13_length_29782_cov_593.189108	1	29782	1058729	29782	100	4960.32	35.8	59.7
P3_68_NODE_14_length_28762_cov_3.461673	1	28762	6123	28762	100	28.2646	35.5	58
P3_68_NODE_15_length_28627_cov_75.790842	1	28627	125133	28530	99.6612	604.526	35.8	59.6
P3_68_NODE_16_length_28206_cov_25.605684	1	28206	40140	28206	100	198.159	35.8	59.4
P3_68_NODE_17_length_27359_cov_1727.765056	1	27359	2831378	27359	100	14471.2	35.9	59.4
P3_68_NODE_18_length_26436_cov_8.266905	1	26436	12032	26436	100	63.3411	35.8	59.2
P3_68_NODE_19_length_25194_cov_32.813181	1	25194	48170	25194	100	264.699	35.8	59.3
P3_68_NODE_20_length_23483_cov_1.913855	1	23483	2733	23475	99.9659	15.4907	35.7	57.9
P3_68_NODE_21_length_22948_cov_17.439420	1	22948	22493	22948	100	136.101	35.8	59.8
P3_68_NODE_22_length_22550_cov_5.232306	1	22550	7346	22528	99.9024	43.0489	35.3	54.6
P3_68_NODE_23_length_22241_cov_9.099665	1	22241	11410	22241	100	71.1024	35.8	59.7
P3_68_NODE_24_length_21719_cov_7.553214	1	21719	9155	21709	99.954	58.3721	35.8	59.7
P3_68_NODE_25_length_21234_cov_125.555408	1	21234	165406	21234	100	1061.32	35.6	59
P3_68_NODE_26_length_21184_cov_4.483022	1	21184	5793	21184	100	36.6817	35.6	58.3
P3_68_NODE_27_length_20934_cov_3.154179	1	20934	4184	20934	100	26.1853	35.4	57.7
P3_68_NODE_28_length_20702_cov_45.308287	1	20702	53185	20702	100	355.337	35.9	59.9
P3_68_NODE_29_length_20635_cov_8.076214	1	20635	10209	20635	100	67.663	35.6	57.2
P3_68_NODE_30_length_19964_cov_6.336795	1	19964	7274	19964	100	49.852	35.8	59.3
P3_68_NODE_31_length_19881_cov_8.765465	1	19881	9980	19773	99.4568	69.3417	35.7	58.9
P3_68_NODE_32_length_19748_cov_3.655726	1	19748	4651	19748	100	30.88	35.4	57.2
P3_68_NODE_33_length_19717_cov_11.112302	1	19717	12541	19717	100	87.6976	35.7	59.5
P3_68_NODE_34_length_19437_cov_13.843242	1	19437	14855	19437	100	106.532	35.8	59.8
P3_68_NODE_35_length_19340_cov_4.918180	1	19340	5579	19340	100	39.1905	35.7	58.7
P3_68_NODE_36_length_19059_cov_2.199662	1	19059	2322	19056	99.9843	16.8535	35.8	59.3
P3_68_NODE_37_length_19023_cov_4.400826	1	19023	4963	19023	100	35.3857	35.5	58.7
P3_68_NODE_38_length_18890_cov_5.417311	1	18890	6484	18890	100	45.5131	35.3	57.4
P3_68_NODE_39_length_18791_cov_6.427668	1	18791	6576	18791	100	48.8325	35.8	58.2
P3_68_NODE_40_length_18598_cov_13.005035	1	18598	15691	18591	99.9624	104.307	35.6	50.1
P3_68_NODE_41_length_18571_cov_1451.268759	1	18571	1719241	18571	100	12869.7	35.9	57.9
P3_68_NODE_42_length_18438_cov_7.263830	1	18438	8335	18438	100	60.8805	35.4	58.2
P3_68_NODE_43_length_18385_cov_5.276755	1	18385	5602	18375	99.9456	42.0063	35.6	59.2
P3_68_NODE_44_length_18027_cov_3.117151	1	18027	3226	18023	99.9778	24.3376	35.8	58.9
P3_68_NODE_45_length_17919_cov_423.385623	1	17919	446693	17919	100	3475.43	35.7	57.7
P3_68_NODE_46_length_17687_cov_2.705923	1	17687	4316	17687	100	27.1183	34.4	43.4
P3_68_NODE_47_length_17608_cov_2.512385	1	17608	2647	17608	100	20.3354	35.8	56.9
P3_68_NODE_48_length_17573_cov_4.258569	1	17573	4250	17573	100	33.2081	35.6	58.9
P3_68_NODE_49_length_17398_cov_1674.849748	1	17398	1709377	17398	100	13442.8	35.9	55.6
P3_68_NODE_50_length_17373_cov_30.548765	1	17373	29361	17373	100	235.359	36	59.8
P3_68_NODE_51_length_17126_cov_4.509089	1	17126	4188	17126	100	34.132	35.7	59.5
P3_68_NODE_52_length_17081_cov_78.144568	1	17081	76065	17081	100	619.952	35.7	59.7
P3_68_NODE_53_length_16966_cov_7.812934	1	16966	7473	16966	100	60.7008	35.7	59.5
P3_68_NODE_54_length_16869_cov_7.260602	1	16869	6913	16869	100	56.5126	35.7	59.6
P3_68_NODE_55_length_16817_cov_4.641102	1	16817	4372	16808	99.9465	35.9979	35.8	59.8
P3_68_NODE_56_length_16682_cov_9.819148	1	16682	9253	16682	100	76.3709	35.9	59.5
P3_68_NODE_57_length_16631_cov_3.731944	1	16631	3533	16631	100	29.1184	35.7	59.2
P3_68_NODE_58_length_16558_cov_258.082953	1	16558	254840	16558	100	2136.91	35.7	59.3
P3_68_NODE_59_length_16532_cov_4.764645	1	16532	4631	16532	100	38.074	35.7	58.6
P3_68_NODE_60_length_16490_cov_13.389904	1	16490	12660	16490	100	105.211	35.7	59.4
P3_68_NODE_61_length_16317_cov_38.246572	1	16317	34575	16317	100	296.312	35.8	59.8
P3_68_NODE_62_length_16274_cov_4.031833	1	16274	3980	16274	100	32.8063	35.6	58.1
P3_68_NODE_63_length_16209_cov_23.426502	1	16209	20733	16209	100	178.382	35.9	59.3
P3_68_NODE_64_length_16064_cov_69.143377	1	16064	66730	16064	100	569.232	35.8	59.5
P3_68_NODE_65_length_16056_cov_1.738151	1	16056	1734	16056	100	13.9971	35.7	56.6
P3_68_NODE_66_length_15842_cov_2.899586	1	15842	2625	15842	100	22.6605	35.7	58.7
P3_68_NODE_67_length_15742_cov_7.784310	1	15742	6823	15711	99.8031	60.2265	35.8	59
P3_68_NODE_68_length_15679_cov_3.689815	1	15679	3488	15679	100	29.3743	35.4	57.6
P3_68_NODE_69_length_15543_cov_4.955825	1	15543	4241	15543	100	37.9409	35.9	59.6
P3_68_NODE_70_length_15467_cov_2.027184	1	15467	1918	15467	100	16.4691	35.4	57.8
P3_68_NODE_71_length_15451_cov_920.832224	1	15451	853281	15451	100	7711.32	35.6	59.9
P3_68_NODE_72_length_15382_cov_13.359882	1	15382	11683	15382	100	104.669	35.8	59.7
P3_68_NODE_73_length_15339_cov_3.893834	1	15339	3316	15339	100	29.9396	35.7	59.3
P3_68_NODE_74_length_15303_cov_3.164997	1	15303	2729	15303	100	24.6509	35.7	59.7
P3_68_NODE_75_length_15291_cov_2.795898	1	15291	2523	15285	99.9608	21.9074	35.7	57.5
P3_68_NODE_76_length_15151_cov_3.337194	1	15151	3791	15144	99.9538	29.2514	34.2	47.2
P3_68_NODE_77_length_15144_cov_1.861757	1	15144	1646	15144	100	14.6863	35.6	58.4
P3_68_NODE_78_length_14954_cov_1.697983	1	14954	1398	14954	100	12.8694	35.9	59.4
P3_68_NODE_79_length_14864_cov_12.114745	1	14864	10788	14864	100	98.6294	35.7	58.7
P3_68_NODE_80_length_14826_cov_119.920471	1	14826	101418	14826	100	948.997	35.8	59.9
P3_68_NODE_81_length_14616_cov_7.092518	1	14616	5838	14616	100	54.3766	35.8	58.9
P3_68_NODE_82_length_14499_cov_3.016769	1	14499	2475	14481	99.8759	23.6	35.7	58.9
P3_68_NODE_83_length_14388_cov_3.131477	1	14388	2823	14388	100	25.9263	35.5	57.7
P3_68_NODE_84_length_14381_cov_28.251228	1	14381	25445	14381	100	234.647	35.6	55.1
P3_68_NODE_85_length_14379_cov_5.591496	1	14379	5173	14379	100	47.5978	35.7	56.6
P3_68_NODE_86_length_14195_cov_2.234291	1	14195	2250	14096	99.3026	20.2066	35.5	55.8
P3_68_NODE_87_length_14178_cov_2.887054	1	14178	3933	14178	100	27.8525	35	37.8
P3_68_NODE_88_length_14008_cov_12.248181	1	14008	9706	14008	100	96.2455	35.6	58.4
P3_68_NODE_89_length_13725_cov_3.113767	1	13725	2586	13715	99.9271	25.2573	35.6	58
P3_68_NODE_90_length_13562_cov_5.800149	1	13562	4596	13562	100	46.1218	35.7	58.3
P3_68_NODE_91_length_13533_cov_2.724899	1	13533	2180	13533	100	21.4168	35.6	57.8
P3_68_NODE_92_length_13323_cov_2.019627	1	13323	1898	13323	100	18.2043	35.6	56.8
P3_68_NODE_93_length_13269_cov_13.365546	1	13269	11652	13269	100	112.609	35.7	54.9
P3_68_NODE_94_length_13246_cov_5.612547	1	13246	4270	13246	100	43.737	35.8	58.2
P3_68_NODE_95_length_13244_cov_21.522299	1	13244	16700	13244	100	173.624	35.6	59.5
P3_68_NODE_96_length_13061_cov_2.831143	1	13061	2313	13061	100	23.337	35.5	57.4
P3_68_NODE_97_length_13025_cov_3.088153	1	13025	2436	13025	100	25.7083	35.6	58.5
P3_68_NODE_98_length_13007_cov_4.913276	1	13007	3681	13007	100	38.4727	35.8	58
P3_68_NODE_99_length_12938_cov_58.684724	1	12938	42860	12938	100	458.465	35.9	59.9
P3_68_NODE_100_length_12921_cov_2.278021	1	12921	1659	12921	100	17.4277	35.8	58.9
P3_68_NODE_101_length_12875_cov_1.858801	1	12875	1670	12787	99.3165	15.8286	35.2	53.4
P3_68_NODE_102_length_12790_cov_2.891811	1	12790	2211	12686	99.1869	23.1238	35.6	57.1
P3_68_NODE_103_length_12787_cov_5.319589	1	12787	3772	12787	100	40.8852	35.8	59.8
P3_68_NODE_104_length_12660_cov_1.880635	1	12660	1308	12660	100	14.3575	35.9	59.5
P3_68_NODE_105_length_12619_cov_1.969260	1	12619	1371	12619	100	14.0136	35.5	52.6
P3_68_NODE_106_length_12579_cov_3.302361	1	12579	2458	12579	100	26.1944	35.6	58.1
P3_68_NODE_107_length_12537_cov_2.260999	1	12537	1845	12529	99.9362	18.5087	36	57
P3_68_NODE_108_length_12529_cov_3.525641	1	12529	2680	12519	99.9202	28.6408	35.6	58.4
P3_68_NODE_109_length_12359_cov_50.532783	1	12359	35177	12359	100	393.331	35.9	59.9
P3_68_NODE_110_length_12357_cov_24.374652	1	12357	18133	12357	100	200.715	35.5	59.3
P3_68_NODE_111_length_12341_cov_2.581055	1	12341	1789	12341	100	20.149	35.7	58.6
P3_68_NODE_112_length_12196_cov_1.025188	1	12196	773	12196	100	8.46163	35.6	58.3
P3_68_NODE_113_length_12053_cov_1.581922	1	12053	1116	12053	100	12.3053	36	57.9
P3_68_NODE_114_length_12044_cov_71.013342	1	12044	47076	12044	100	541.001	35.9	58.2
P3_68_NODE_115_length_11913_cov_10.210165	1	11913	7381	11815	99.1774	84.0311	35.7	54.5
P3_68_NODE_116_length_11879_cov_8.382063	1	11879	5785	11879	100	66.7848	35.5	59.4
P3_68_NODE_117_length_11807_cov_2.075086	1	11807	1552	11807	100	17.2376	35.6	57.9
P3_68_NODE_118_length_11704_cov_15.489332	1	11704	10440	11704	100	121.822	35.8	59.9
P3_68_NODE_119_length_11690_cov_1.840526	1	11690	9664	11690	100	47.1382	32.3	30.5
P3_68_NODE_120_length_11658_cov_2.880669	1	11658	1857	11658	100	22.0142	35.8	59.4
P3_68_NODE_121_length_11579_cov_1.606706	1	11579	1301	11567	99.8964	13.763	35.2	55.4
P3_68_NODE_122_length_11552_cov_1.506521	1	11552	1026	11552	100	11.8134	35.7	57
P3_68_NODE_123_length_11544_cov_152.248752	1	11544	98256	11544	100	1180.71	35.9	59.8
P3_68_NODE_124_length_11335_cov_4.616256	1	11335	3094	11335	100	36.2364	35.6	57.9
P3_68_NODE_125_length_11323_cov_2.713290	1	11323	1756	11323	100	21.3264	35.8	58.9
P3_68_NODE_126_length_11112_cov_1.435503	1	11112	1069	11104	99.928	12.1214	35.3	54.5
P3_68_NODE_127_length_11099_cov_2.304411	1	11099	1773	11099	100	20.0949	35.3	56.5
P3_68_NODE_128_length_11034_cov_1.732649	1	11034	1043	11034	100	13.1778	35.9	59.5
P3_68_NODE_129_length_11031_cov_3.625459	1	11031	2465	11031	100	29.0423	35.6	54.3
P3_68_NODE_130_length_11025_cov_2.020004	1	11025	1532	11025	100	17.9375	35.7	57.7
P3_68_NODE_131_length_10977_cov_3.472166	1	10977	9112	10877	99.089	56.5431	35.1	17.5
P3_68_NODE_132_length_10902_cov_2.634153	1	10902	1613	10902	100	20.4164	35.9	59.6
P3_68_NODE_133_length_10887_cov_184.231796	1	10887	119759	10887	100	1517.24	35.7	59.9
P3_68_NODE_134_length_10771_cov_1.428410	1	10771	991	10761	99.9072	11.9302	35.4	57
P3_68_NODE_135_length_10755_cov_3.757151	1	10755	2315	10755	100	29.4808	35.9	59.9
P3_68_NODE_136_length_10695_cov_2.086014	1	10695	1283	10695	100	16.542	35.8	59.5
P3_68_NODE_137_length_10666_cov_2.116425	1	10666	1470	10627	99.6344	18.1561	35.6	57.8
P3_68_NODE_138_length_10589_cov_157.885682	1	10589	91057	10589	100	1206.29	36	59.7
P3_68_NODE_139_length_10574_cov_1.403944	1	10574	860	10566	99.9243	11.0638	35.6	59.3
P3_68_NODE_140_length_10544_cov_10.333589	1	10544	6446	10544	100	83.2131	35.7	59.3
P3_68_NODE_141_length_10539_cov_1.277756	1	10539	792	10539	100	10.225	35.7	59.6
P3_68_NODE_142_length_10536_cov_3.711884	1	10536	2427	10536	100	30.7771	35.4	58.2
P3_68_NODE_143_length_10491_cov_2.241895	1	10491	1553	10491	100	19.0421	35.5	56.2
P3_68_NODE_144_length_10464_cov_2.453033	1	10464	1430	10452	99.8853	18.6755	35.9	59.2
P3_68_NODE_145_length_10439_cov_4.610260	1	10439	2780	10439	100	36.2105	35.9	58.5
P3_68_NODE_146_length_10413_cov_1.244021	1	10413	729	10413	100	9.535	35.8	58.6
P3_68_NODE_147_length_10363_cov_5.878566	1	10363	3593	10363	100	47.2287	35.7	59
P3_68_NODE_148_length_10357_cov_1.830596	1	10357	1274	10357	100	15.5412	35.2	55.8
P3_68_NODE_149_length_10304_cov_3.416724	1	10304	9309	10304	100	95.5186	35.7	55.8
P3_68_NODE_150_length_10229_cov_1.455256	1	10229	891	10229	100	11.7203	35.9	58
P3_68_NODE_151_length_10191_cov_5.882850	1	10191	3321	10191	100	45.1264	35.9	59.9
P3_68_NODE_152_length_10099_cov_1.187926	1	10099	829	10099	100	10.7074	35.4	57.1
P3_68_NODE_153_length_10049_cov_10.803064	1	10049	6452	10049	100	87.9139	35.7	58.2
P3_68_NODE_154_length_10022_cov_21.353815	1	10022	13358	10022	100	176.757	35.9	55.3
P3_68_NODE_155_length_9980_cov_3.657059	1	9980	2421	9980	100	31.3842	35.1	57.5
P3_68_NODE_156_length_9948_cov_0.996334	1	9948	593	9948	100	7.85665	35.7	58.4
P3_68_NODE_157_length_9939_cov_47.761474	1	9939	27121	9939	100	367.177	36	59
P3_68_NODE_158_length_9928_cov_40.422712	1	9928	21895	9928	100	308.07	35.8	59.4
P3_68_NODE_159_length_9883_cov_3.649241	1	9883	6305	9883	100	46.852	33.9	19.3
P3_68_NODE_160_length_9870_cov_1.608129	1	9870	2472	9870	100	20.27	31.3	23.5
P3_68_NODE_161_length_9828_cov_1.769714	1	9828	989	9828	100	13.7038	35.7	58.7
P3_68_NODE_162_length_9757_cov_2.656698	1	9757	1608	9757	100	21.5579	35.5	56.4
P3_68_NODE_163_length_9713_cov_3.804924	1	9713	2483	9713	100	34.7955	35.5	53.7
P3_68_NODE_164_length_9639_cov_9.876472	1	9639	5731	9598	99.5746	79.8957	35.7	57.6
P3_68_NODE_165_length_9609_cov_6.456022	1	9609	3440	9609	100	49.337	35.9	58.5
P3_68_NODE_166_length_9603_cov_5.198396	1	9603	3361	9603	100	42.6998	34.9	49.4
P3_68_NODE_167_length_9561_cov_4.094128	1	9561	2198	9561	100	31.4871	35.6	59.2
P3_68_NODE_168_length_9541_cov_0.971319	1	9541	558	9541	100	7.75422	35.7	58.2
P3_68_NODE_169_length_9521_cov_7.383117	1	9521	5801	9521	100	70.8768	35.3	56.7
P3_68_NODE_170_length_9518_cov_511.999468	1	9518	278425	9518	100	4069.06	36	59.7
P3_68_NODE_171_length_9484_cov_1.986855	1	9484	1143	9484	100	16.1025	35.6	56.7
P3_68_NODE_172_length_9460_cov_2.539805	1	9460	1438	9451	99.9049	20.0445	35.7	57.2
P3_68_NODE_173_length_9299_cov_5.385739	1	9299	2815	9298	99.9892	41.6722	35.7	59.3
P3_68_NODE_174_length_9298_cov_1427.818668	1	9298	787957	9298	100	11838.2	35.9	59.8
P3_68_NODE_175_length_9219_cov_36.807743	1	9219	19169	9219	100	288.652	35.7	58.3
P3_68_NODE_176_length_9190_cov_3.357718	1	9190	2106	9185	99.9456	29.8624	35.1	57
P3_68_NODE_177_length_9104_cov_2.224128	1	9104	1190	9104	100	17.7914	35.8	59
P3_68_NODE_178_length_9095_cov_2.223015	1	9095	1192	9095	100	17.555	35.7	57.9
P3_68_NODE_179_length_9081_cov_1.576390	1	9081	822	9081	100	12.5325	35.7	58.4
P3_68_NODE_180_length_9074_cov_326.069856	1	9074	182177	8976	98.92	2772.31	35.6	58.5
P3_68_NODE_181_length_9055_cov_3.136201	1	9055	1604	9055	100	24.3336	35.6	59
P3_68_NODE_182_length_8921_cov_8.448942	1	8921	4509	8921	100	68.7266	35.5	58.7
P3_68_NODE_183_length_8888_cov_6.708595	1	8888	30597	8888	100	162.836	34.5	6.58
P3_68_NODE_184_length_8878_cov_5.735345	1	8878	2899	8878	100	44.7484	35.8	59.7
P3_68_NODE_185_length_8866_cov_2.839570	1	8866	1567	8866	100	23.6596	35.4	57.6
P3_68_NODE_186_length_8838_cov_1.849271	1	8838	903	8838	100	14.2645	36	59.4
P3_68_NODE_187_length_8797_cov_1.405190	1	8797	733	8797	100	11.1026	35.6	58.2
P3_68_NODE_188_length_8782_cov_1.984287	1	8782	1066	8778	99.9545	16.1603	35.7	59.2
P3_68_NODE_189_length_8781_cov_1.221516	1	8781	613	8781	100	9.44596	35.8	58.6
P3_68_NODE_190_length_8724_cov_1.565546	1	8724	929	8724	100	13.1674	35.4	55.5
P3_68_NODE_191_length_8634_cov_2.651464	1	8634	1418	8634	100	21.5813	35.4	56.7
P3_68_NODE_192_length_8602_cov_2.951622	1	8602	1407	8602	100	22.5695	35.8	58.4
P3_68_NODE_193_length_8597_cov_1.554191	1	8597	763	8587	99.8837	12.0192	35.7	58.3
P3_68_NODE_194_length_8588_cov_3.225269	1	8588	2385	8588	100	32.2124	34.1	41.6
P3_68_NODE_195_length_8572_cov_2.475311	1	8572	1316	8572	100	20.5491	35.5	58.2
P3_68_NODE_196_length_8571_cov_2.139034	1	8571	1325	8472	98.8449	19.7682	34.9	50.5
P3_68_NODE_197_length_8516_cov_8.725951	1	8516	4293	8516	100	69.0661	35.7	59.8
P3_68_NODE_198_length_8497_cov_2.453166	1	8497	1172	8497	100	18.9337	35.9	59.4
P3_68_NODE_199_length_8480_cov_48.746602	1	8480	23206	8480	100	378.927	35.9	59.6
P3_68_NODE_200_length_8474_cov_1.355697	1	8474	647	8473	99.9882	10.4177	35.8	58
P3_68_NODE_201_length_8470_cov_3.163131	1	8470	1681	8470	100	25.3005	35.5	54.8
P3_68_NODE_202_length_8356_cov_23.589987	1	8356	11105	8356	100	183.926	35.8	59.7
P3_68_NODE_203_length_8347_cov_3.033090	1	8347	1514	8328	99.7724	24.5418	35.8	59.3
P3_68_NODE_204_length_8321_cov_1.445326	1	8321	706	8321	100	11.2781	35.9	55.5
P3_68_NODE_205_length_8301_cov_1.218131	1	8301	588	8301	100	9.42633	35.9	58
P3_68_NODE_206_length_8236_cov_33.282913	1	8236	16240	8236	100	269.339	35.7	59.7
P3_68_NODE_207_length_8159_cov_2.079681	1	8159	968	8159	100	16.2477	35.7	59.2
P3_68_NODE_208_length_8139_cov_5.673240	1	8139	2756	8139	100	44.4209	35.6	55.7
P3_68_NODE_209_length_8120_cov_3.988490	1	8120	1878	8120	100	31.5549	35.8	59.4
P3_68_NODE_210_length_8118_cov_2.032286	1	8118	888	8118	100	15.3636	35.4	59.9
P3_68_NODE_211_length_8101_cov_1.861174	1	8101	866	8101	100	14.4362	35.8	57.7
P3_68_NODE_212_length_8098_cov_1.939280	1	8098	892	8084	99.8271	15.0232	35.5	58.2
P3_68_NODE_213_length_8034_cov_1.401290	1	8034	695	8011	99.7137	11.519	35.7	58
P3_68_NODE_214_length_8016_cov_6.341766	1	8016	2799	8016	100	48.183	35.9	59.6
P3_68_NODE_215_length_7934_cov_0.945690	1	7934	411	7934	100	7.11911	36	58.9
P3_68_NODE_216_length_7910_cov_2.528716	1	7910	1299	7910	100	21.3823	35.7	56.6
P3_68_NODE_217_length_7892_cov_2.078042	1	7892	1273	7892	100	18.025	35.7	48.9
P3_68_NODE_218_length_7887_cov_1.036727	1	7887	505	7887	100	8.30861	35.8	57.5
P3_68_NODE_219_length_7836_cov_1.901803	1	7836	857	7836	100	14.786	35.8	58.7
P3_68_NODE_220_length_7833_cov_1.392941	1	7833	629	7794	99.5021	10.6963	36	57.4
P3_68_NODE_221_length_7828_cov_3.880201	1	7828	1971	7828	100	32.966	35.2	57.8
P3_68_NODE_222_length_7790_cov_47.946192	1	7790	21737	7790	100	383.175	35.6	59.8
P3_68_NODE_223_length_7765_cov_1.349437	1	7765	668	7765	100	11.3267	35.8	57.8
P3_68_NODE_224_length_7762_cov_33.921022	1	7762	15278	7762	100	270.277	35.8	59.7
P3_68_NODE_225_length_7753_cov_3.303960	1	7753	1601	7753	100	27.2687	35.6	57.9
P3_68_NODE_226_length_7753_cov_0.859035	1	7753	456	7744	99.8839	7.55566	35.3	55.9
P3_68_NODE_227_length_7740_cov_7.056614	1	7740	4183	7740	100	64.2677	34.8	47.3
P3_68_NODE_228_length_7639_cov_1.051651	1	7639	508	7639	100	8.72745	35.5	57.8
P3_68_NODE_229_length_7635_cov_1.367741	1	7635	674	7635	100	11.2124	35.6	56.5
P3_68_NODE_230_length_7571_cov_4.273509	1	7571	1835	7571	100	33.2198	35.9	57.3
P3_68_NODE_231_length_7567_cov_1.476613	1	7567	712	7567	100	12.0707	34.9	55.4
P3_68_NODE_232_length_7559_cov_1.736948	1	7559	824	7533	99.656	14.167	35.4	56.7
P3_68_NODE_233_length_7451_cov_8.147051	1	7451	2201	7451	100	39.2408	35.7	46.7
P3_68_NODE_234_length_7419_cov_2.770570	1	7419	2059	7419	100	27.9889	34.4	34.2
P3_68_NODE_235_length_7395_cov_1.252752	1	7395	487	7395	100	9.20581	35.8	58.7
P3_68_NODE_236_length_7363_cov_4.552377	1	7363	2018	7363	100	36.2897	35.9	55.1
P3_68_NODE_237_length_7342_cov_584.980873	1	7342	275984	7342	100	5133.7	35.4	59.5
P3_68_NODE_238_length_7304_cov_1.610422	1	7304	684	7304	100	12.9389	35.7	59.6
P3_68_NODE_239_length_7298_cov_1.654581	1	7298	687	7288	99.863	12.8112	35.9	58.9
P3_68_NODE_240_length_7217_cov_1.827786	1	7217	779	7190	99.6259	14.2134	35.7	57.5
P3_68_NODE_241_length_7214_cov_5.438267	1	7214	2338	7214	100	43.8398	36	59.5
P3_68_NODE_242_length_7169_cov_2.223232	1	7169	979	7169	100	17.7933	35.6	57.1
P3_68_NODE_243_length_7134_cov_1.336663	1	7134	614	7134	100	11.6674	36	58.2
P3_68_NODE_244_length_7128_cov_1.451935	1	7128	633	7128	100	11.682	35.6	57.4
P3_68_NODE_245_length_7111_cov_1.750430	1	7111	686	7091	99.7187	13.2929	35.6	59.1
P3_68_NODE_246_length_7093_cov_1.490525	1	7093	619	7091	99.9718	11.5302	35.4	56.9
P3_68_NODE_247_length_7053_cov_2.621860	1	7053	1076	7053	100	20.3932	35.6	57.9
P3_68_NODE_248_length_7049_cov_289.072378	1	7049	131660	7049	100	2557.48	35.6	54.1
P3_68_NODE_249_length_6956_cov_1.520867	1	6956	647	6925	99.5543	12.4106	35.5	57.4
P3_68_NODE_250_length_6929_cov_1.457660	1	6929	634	6929	100	11.7167	35.7	55.1
P3_68_NODE_251_length_6903_cov_20.866430	1	6903	8163	6903	100	162.831	36	60
P3_68_NODE_252_length_6895_cov_4.151596	1	6895	1676	6895	100	32.8798	35.6	58.6
P3_68_NODE_253_length_6892_cov_0.873466	1	6892	393	6892	100	7.05514	35.5	53.9
P3_68_NODE_254_length_6825_cov_3.966408	1	6825	1530	6825	100	31.1659	35.8	55.6
P3_68_NODE_255_length_6813_cov_1.441220	1	6813	623	6813	100	11.9061	35.5	57.4
P3_68_NODE_256_length_6767_cov_2.248946	1	6767	908	6767	100	17.9297	35.8	59
P3_68_NODE_257_length_6741_cov_1.614757	1	6741	1095	6741	100	16.8331	34.6	40.7
P3_68_NODE_258_length_6696_cov_1.905161	1	6696	2002	6696	100	30.8853	33.1	42.3
P3_68_NODE_259_length_6685_cov_27.610540	1	6685	10609	6685	100	217.811	35.7	59.7
P3_68_NODE_260_length_6649_cov_4.524226	1	6649	1841	6628	99.6842	37.5855	35.8	58.6
P3_68_NODE_261_length_6632_cov_1.365565	1	6632	545	6632	100	10.5665	35.5	55.5
P3_68_NODE_262_length_6608_cov_2.347477	1	6608	942	6608	100	19.0098	35.8	55.7
P3_68_NODE_263_length_6585_cov_446.964076	1	6585	180266	6585	100	3764.48	35.6	59.4
P3_68_NODE_264_length_6574_cov_28.798201	1	6574	10730	6574	100	225.002	35.6	59.4
P3_68_NODE_265_length_6560_cov_1.981346	1	6560	814	6560	100	16.5005	35.5	58
P3_68_NODE_266_length_6534_cov_9.525051	1	6534	3588	6534	100	75.0239	35.7	59.8
P3_68_NODE_267_length_6521_cov_4.990674	1	6521	1812	6521	100	38.5993	35.9	59.9
P3_68_NODE_268_length_6493_cov_1.710807	1	6493	599	6493	100	12.7748	35.7	58.8
P3_68_NODE_269_length_6476_cov_15.788471	1	6476	5920	6476	100	124.951	35.8	59.8
P3_68_NODE_270_length_6459_cov_2.953885	1	6459	3001	6443	99.7523	34.6622	34.9	22.8
P3_68_NODE_271_length_6457_cov_2.132543	1	6457	1192	6457	100	19.5069	34	41.4
P3_68_NODE_272_length_6406_cov_2.840102	1	6406	1121	6406	100	24.0233	35.5	54.7
P3_68_NODE_273_length_6401_cov_8.750460	1	6401	3387	6401	100	70.4745	35.9	58.9
P3_68_NODE_274_length_6365_cov_60.994550	1	6365	21133	6365	100	465.219	35.8	59.3
P3_68_NODE_275_length_6319_cov_1.179264	1	6319	488	6319	100	9.96265	35.5	56.6
P3_68_NODE_276_length_6313_cov_2.897826	1	6313	1068	6313	100	22.8709	35.6	59.5
P3_68_NODE_277_length_6232_cov_9.070598	1	6232	5411	6232	100	95.2651	32.7	37.5
P3_68_NODE_278_length_6218_cov_0.958463	1	6218	367	6218	100	7.71743	35.8	56.9
P3_68_NODE_279_length_6214_cov_2.685888	1	6214	934	6214	100	20.6347	35.6	59.1
P3_68_NODE_280_length_6181_cov_2.219855	1	6181	820	6181	100	18.192	35.8	59.5
P3_68_NODE_281_length_6164_cov_3.695544	1	6164	1506	6158	99.9027	32.102	35.9	53.2
P3_68_NODE_282_length_6164_cov_1.027497	1	6164	447	6164	100	9.18754	35.7	56.6
P3_68_NODE_283_length_6145_cov_1.446826	1	6145	646	6145	100	12.5901	34.8	52.3
P3_68_NODE_284_length_6140_cov_1.232663	1	6140	474	6140	100	10.1142	35.7	58.5
P3_68_NODE_285_length_6128_cov_2.151141	1	6128	839	6128	100	18.1842	35.6	56.6
P3_68_NODE_286_length_6087_cov_2.902013	1	6087	1047	6074	99.7864	23.3685	35.7	58.9
P3_68_NODE_287_length_6082_cov_1.167422	1	6082	462	6071	99.8191	9.98783	35.2	57.6
P3_68_NODE_288_length_6033_cov_1.770911	1	6033	770	6033	100	17.1061	36	51.2
P3_68_NODE_289_length_6030_cov_1.657123	1	6030	544	6030	100	12.5303	35.6	59.5
P3_68_NODE_290_length_6029_cov_9.124919	1	6029	3211	6029	100	72.7338	35.5	59.4
P3_68_NODE_291_length_6015_cov_1.067595	1	6015	388	6015	100	8.68229	35.7	58.5
P3_68_NODE_292_length_5982_cov_1.580017	1	5982	717	5982	100	14.5329	35.4	54.8
P3_68_NODE_293_length_5972_cov_1.130539	1	5972	414	5972	100	8.93972	35.6	56.2
P3_68_NODE_294_length_5964_cov_3.720747	1	5964	1486	5964	100	32.1028	35.3	57.5
P3_68_NODE_295_length_5929_cov_4.349707	1	5929	1460	5929	100	33.7492	35.8	59.7
P3_68_NODE_296_length_5812_cov_5.193843	1	5812	1867	5812	100	43.3642	35.9	56.9
P3_68_NODE_297_length_5811_cov_6.945989	1	5811	2193	5811	100	52.3972	35.9	59.8
P3_68_NODE_298_length_5782_cov_2.379841	1	5782	859	5782	100	19.5394	35.2	57.8
P3_68_NODE_299_length_5761_cov_1.142882	1	5761	439	5761	100	9.59625	35.5	55.5
P3_68_NODE_300_length_5737_cov_1.113904	1	5737	379	5737	100	8.86456	35.8	58.1
P3_68_NODE_301_length_5697_cov_126.157630	1	5697	39345	5697	100	958.293	35.9	59.9
P3_68_NODE_302_length_5688_cov_30.655458	1	5688	9593	5688	100	233.068	35.9	59.9
P3_68_NODE_303_length_5616_cov_0.969211	1	5616	353	5616	100	8.05199	35.6	56.7
P3_68_NODE_304_length_5601_cov_1.588053	1	5601	585	5597	99.9286	13.3662	36	58.5
P3_68_NODE_305_length_5570_cov_4.637177	1	5570	1677	5570	100	38.7774	35.4	57.2
P3_68_NODE_306_length_5552_cov_1.178802	1	5552	482	5552	100	10.1189	35.1	48.9
P3_68_NODE_307_length_5534_cov_1.390235	1	5534	487	5534	100	11.6283	35.7	58.1
P3_68_NODE_308_length_5510_cov_1.653539	1	5510	491	5510	100	12.4633	36	60
P3_68_NODE_309_length_5505_cov_2.497397	1	5505	763	5505	100	18.9804	35.6	59.2
P3_68_NODE_310_length_5498_cov_1.617948	1	5498	555	5495	99.9454	13.0047	35.6	57.1
P3_68_NODE_311_length_5492_cov_1.299907	1	5492	386	5469	99.5812	9.48288	35.6	57.5
P3_68_NODE_312_length_5474_cov_1.288573	1	5474	462	5474	100	10.5906	35.2	55.3
P3_68_NODE_313_length_5473_cov_1.356341	1	5473	782	5473	100	12.9943	35.5	49
P3_68_NODE_314_length_5467_cov_1.293633	1	5467	471	5467	100	11.0629	35.9	57.3
P3_68_NODE_315_length_5456_cov_2.471610	1	5456	810	5456	100	19.945	35.6	58.7
P3_68_NODE_316_length_5452_cov_1.648075	1	5452	514	5452	100	12.8237	36	58.5
P3_68_NODE_317_length_5444_cov_2.286628	1	5444	1036	5444	100	22.8481	35.3	44.4
P3_68_NODE_318_length_5409_cov_6.695002	1	5409	2001	5409	100	51.0231	35.8	59.5
P3_68_NODE_319_length_5404_cov_2.731666	1	5404	5682	5402	99.963	58.7298	31.3	13.1
P3_68_NODE_320_length_5404_cov_1.513739	1	5404	469	5394	99.815	11.7069	35.8	58.7
P3_68_NODE_321_length_5341_cov_273.069495	1	5341	92458	5341	100	2356.29	35.7	59.1
P3_68_NODE_322_length_5336_cov_1.730658	1	5336	528	5323	99.7564	13.3977	35.7	58.4
P3_68_NODE_323_length_5318_cov_1.889424	1	5318	603	5318	100	15.3595	36	58.4
P3_68_NODE_324_length_5285_cov_1.387359	1	5285	382	5285	100	10.179	35.8	59.4
P3_68_NODE_325_length_5279_cov_2.332686	1	5279	678	5279	100	17.6403	35.6	58.6
P3_68_NODE_326_length_5247_cov_3.007422	1	5247	1060	5247	100	25.0435	35	50.7
P3_68_NODE_327_length_5241_cov_1.977708	1	5241	565	5241	100	14.9407	35.7	59.6
P3_68_NODE_328_length_5237_cov_1.541096	1	5237	472	5237	100	11.915	35.6	57.5
P3_68_NODE_329_length_5235_cov_1.240799	1	5235	489	5219	99.6944	10.6344	35.4	54.2
P3_68_NODE_330_length_5232_cov_187.545544	1	5232	54154	5232	100	1439.85	35.9	59.7
P3_68_NODE_331_length_5194_cov_1866.664890	1	5194	576570	5194	100	15362.7	35.9	59.7
P3_68_NODE_332_length_5188_cov_1.584272	1	5188	470	5188	100	12.2213	35.7	58.5
P3_68_NODE_333_length_5184_cov_1.152660	1	5184	356	5184	100	8.91474	35.6	56.7
P3_68_NODE_334_length_5181_cov_1.610210	1	5181	622	5181	100	14.6063	35.1	53.4
P3_68_NODE_335_length_5155_cov_2.041766	1	5155	609	5155	100	16.0111	35.9	59.6
P3_68_NODE_336_length_5142_cov_663.664407	1	5142	567710	5142	100	14950.7	35.6	43.7
P3_68_NODE_337_length_5125_cov_3.780712	1	5125	1080	5125	100	29.0494	35.7	59.1
P3_68_NODE_338_length_5115_cov_12.951885	1	5115	3564	5115	100	97.5441	35.8	59.6
P3_68_NODE_339_length_5108_cov_3.851636	1	5108	1185	5108	100	31.1725	35.6	57.2
P3_68_NODE_340_length_5098_cov_1.556628	1	5098	425	5098	100	11.6306	35.9	59.9
P3_68_NODE_341_length_5095_cov_1.214372	1	5095	387	5095	100	10.0481	35.6	57.7
P3_68_NODE_342_length_5088_cov_0.841564	1	5088	310	5088	100	7.60515	35.5	56.8
P3_68_NODE_343_length_5085_cov_1.113554	1	5085	389	5085	100	9.04208	35	50.5
P3_68_NODE_344_length_5075_cov_4.382579	1	5075	1378	5075	100	36.1498	35.8	58.4
P3_68_NODE_345_length_5045_cov_2.928223	1	5045	913	5045	100	23.4682	35.8	58.6
P3_68_NODE_346_length_4989_cov_1.445496	1	4989	412	4978	99.7795	11.382	35.5	58.1
P3_68_NODE_347_length_4954_cov_1.717423	1	4954	479	4954	100	13.1752	35.7	59.5
P3_68_NODE_348_length_4943_cov_1.040282	1	4943	369	4943	100	8.73296	35.2	49.7
P3_68_NODE_349_length_4890_cov_1.365736	1	4890	455	4890	100	11.0693	35.7	54
P3_68_NODE_350_length_4859_cov_1451.873415	1	4859	432790	4859	100	12405.1	35.5	59.7
P3_68_NODE_351_length_4845_cov_0.983044	1	4845	332	4845	100	8.40454	35.2	54.6
P3_68_NODE_352_length_4837_cov_0.970064	1	4837	290	4837	100	7.9109	35.6	57.4
P3_68_NODE_353_length_4809_cov_1.737933	1	4809	552	4806	99.9376	14.7877	35.6	57.5
P3_68_NODE_354_length_4798_cov_3.364061	1	4798	948	4798	100	26.1867	35.4	58.1
P3_68_NODE_355_length_4772_cov_34.463564	1	4772	9794	4772	100	282.798	35.7	59.2
P3_68_NODE_356_length_4768_cov_4.381814	1	4768	1229	4768	100	35.0849	35.7	59.1
P3_68_NODE_357_length_4747_cov_1.331169	1	4747	378	4747	100	10.3779	35.9	57.5
P3_68_NODE_358_length_4734_cov_1.296722	1	4734	358	4734	100	10.1379	35.6	59.2
P3_68_NODE_359_length_4730_cov_0.981534	1	4730	264	4720	99.7886	7.62537	35.8	59.5
P3_68_NODE_360_length_4728_cov_0.896544	1	4728	268	4728	100	7.31028	35.5	57.1
P3_68_NODE_361_length_4715_cov_84.581299	1	4715	22352	4715	100	658.067	35.8	57.3
P3_68_NODE_362_length_4699_cov_1.063867	1	4699	537	4699	100	14.2873	35.7	50.3
P3_68_NODE_363_length_4647_cov_1.611283	1	4647	510	4647	100	13.8804	35.3	55.3
P3_68_NODE_364_length_4637_cov_2.741242	1	4637	757	4637	100	21.5016	35.5	57.7
P3_68_NODE_365_length_4628_cov_1.371473	1	4628	307	4628	100	9.5685	35.4	60
P3_68_NODE_366_length_4609_cov_7.010933	1	4609	1925	4609	100	55.8099	35.8	57.6
P3_68_NODE_367_length_4596_cov_1.125979	1	4596	363	4596	100	9.65557	35.6	55
P3_68_NODE_368_length_4584_cov_2.738697	1	4584	789	4584	100	22.1422	35.3	59.1
P3_68_NODE_369_length_4573_cov_2.914755	1	4573	827	4573	100	23.6514	35.4	57.4
P3_68_NODE_370_length_4569_cov_1.472760	1	4569	462	4569	100	12.3128	35.8	55.7
P3_68_NODE_371_length_4567_cov_1.373649	1	4567	339	4558	99.8029	10.1675	35.8	58.6
P3_68_NODE_372_length_4545_cov_4.599140	1	4545	1318	4545	100	39.2614	35.9	56.1
P3_68_NODE_373_length_4545_cov_1.188547	1	4545	404	4545	100	10.5149	35.1	52.5
P3_68_NODE_374_length_4543_cov_23.824728	1	4543	5860	4543	100	179.339	36.1	57.6
P3_68_NODE_375_length_4539_cov_1.128060	1	4539	300	4539	100	8.73717	36	59.4
P3_68_NODE_376_length_4533_cov_3.222424	1	4533	3950	4533	100	64.3232	35.3	26.9
P3_68_NODE_377_length_4517_cov_1.795216	1	4517	465	4517	100	14.1882	35.5	59.8
P3_68_NODE_378_length_4502_cov_1.274971	1	4502	468	4502	100	12.7348	35.5	54.5
P3_68_NODE_379_length_4485_cov_1.431620	1	4485	381	4485	100	11.2147	35.7	57.9
P3_68_NODE_380_length_4485_cov_1.289123	1	4485	325	4485	100	9.80268	35.9	57.1
P3_68_NODE_381_length_4466_cov_1.002305	1	4466	319	4466	100	8.59001	35.3	53.3
P3_68_NODE_382_length_4441_cov_1.157395	1	4441	410	4441	100	10.6487	35.6	49.6
P3_68_NODE_383_length_4440_cov_1.728263	1	4440	961	4440	100	18.4207	33	30.2
P3_68_NODE_384_length_4422_cov_17.518356	1	4422	4906	4422	100	149.6	35.5	59.5
P3_68_NODE_385_length_4421_cov_1.744527	1	4421	469	4412	99.7964	13.9466	35.3	57.7
P3_68_NODE_386_length_4410_cov_0.723091	1	4410	187	4410	100	5.69206	35.9	59.4
P3_68_NODE_387_length_4409_cov_1.503270	1	4409	403	4409	100	11.9723	35.6	56.8
P3_68_NODE_388_length_4407_cov_1.074065	1	4407	262	4407	100	8.16224	36.1	59.8
P3_68_NODE_389_length_4402_cov_1.180819	1	4402	272	4402	100	8.42731	36	58.2
P3_68_NODE_390_length_4396_cov_2.054814	1	4396	779	4396	100	18.4882	34.4	41
P3_68_NODE_391_length_4395_cov_0.854733	1	4395	215	4395	100	6.68146	35.7	59.7
P3_68_NODE_392_length_4387_cov_17.997887	1	4387	4656	4387	100	143.173	36	59.7
P3_68_NODE_393_length_4374_cov_3.984931	1	4374	1088	4374	100	32.5672	35.3	57.9
P3_68_NODE_394_length_4370_cov_3.028753	1	4370	697	4370	100	22.3348	35.8	59.8
P3_68_NODE_395_length_4365_cov_1.712600	1	4365	415	4365	100	13.1242	35.8	58.8
P3_68_NODE_396_length_4361_cov_0.885451	1	4361	254	4361	100	7.42123	35	54.2
P3_68_NODE_397_length_4344_cov_1.014940	1	4344	287	4343	99.977	8.72422	35	58.8
P3_68_NODE_398_length_4344_cov_0.689115	1	4344	207	4335	99.7928	5.57551	35.6	51.4
P3_68_NODE_399_length_4343_cov_1.402277	1	4343	375	4343	100	11.1621	35.8	58.2
P3_68_NODE_400_length_4342_cov_0.932622	1	4342	222	4342	100	6.98181	35.9	59.1
P3_68_NODE_401_length_4335_cov_0.737405	1	4335	216	4324	99.7463	6.16517	35	54.5
P3_68_NODE_402_length_4330_cov_0.943850	1	4330	299	4330	100	8.03002	35.3	55.3
P3_68_NODE_403_length_4304_cov_1.249461	1	4304	333	4304	100	10.0783	35.8	58.4
P3_68_NODE_404_length_4302_cov_0.879760	1	4302	210	4302	100	6.68015	35.7	58.3
P3_68_NODE_405_length_4286_cov_1.146910	1	4286	252	4276	99.7667	8.32618	36	60
P3_68_NODE_406_length_4277_cov_1.135663	1	4277	323	4277	100	9.51602	35.5	54.9
P3_68_NODE_407_length_4275_cov_1.552314	1	4275	395	4275	100	11.7911	35.3	55.1
P3_68_NODE_408_length_4267_cov_1.485507	1	4267	3920	4267	100	63.5981	27.7	11.3
P3_68_NODE_409_length_4258_cov_1.088356	1	4258	319	4255	99.9295	9.2426	35.5	53.7
P3_68_NODE_410_length_4257_cov_1.654964	1	4257	675	4257	100	15.0862	33.8	34.6
P3_68_NODE_411_length_4254_cov_10.451495	1	4254	2574	4254	100	82.2459	35.8	59.8
P3_68_NODE_412_length_4247_cov_200.367233	1	4247	61891	4247	100	1867.44	35.3	53
P3_68_NODE_413_length_4225_cov_6.857003	1	4225	3506	4225	100	96.453	35.3	26.7
P3_68_NODE_414_length_4223_cov_2435.298096	1	4223	497750	4223	100	16177.7	35.7	40.1
P3_68_NODE_415_length_4213_cov_3.702398	1	4213	1157	4213	100	34.7814	34.9	56.4
P3_68_NODE_416_length_4206_cov_15.869144	1	4206	3751	4206	100	122.245	35.9	60
P3_68_NODE_417_length_4206_cov_1.906104	1	4206	939	4206	100	19.7822	32.4	30.1
P3_68_NODE_418_length_4201_cov_0.835542	1	4201	212	4200	99.9762	6.74387	35.4	58.1
P3_68_NODE_419_length_4188_cov_5.915411	1	4188	1440	4188	100	46.4195	35.9	59.1
P3_68_NODE_420_length_4171_cov_1.315282	1	4171	320	4171	100	10.1911	35.9	56.8
P3_68_NODE_421_length_4169_cov_1.550965	1	4169	400	4169	100	12.632	35.6	58
P3_68_NODE_422_length_4164_cov_1.201387	1	4164	285	4164	100	9.22887	35.4	58.2
P3_68_NODE_423_length_4164_cov_1.118652	1	4164	321	4164	100	10.0706	35.8	58.2
P3_68_NODE_424_length_4156_cov_3.881112	1	4156	926	4156	100	30.4249	35.7	59.2
P3_68_NODE_425_length_4144_cov_0.700523	1	4144	181	4136	99.8069	5.64406	35.4	56.2
P3_68_NODE_426_length_4140_cov_0.936706	1	4140	215	4140	100	7.043	36	58.3
P3_68_NODE_427_length_4130_cov_2.167254	1	4130	525	4130	100	16.7634	35.9	58.9
P3_68_NODE_428_length_4119_cov_2.519289	1	4119	654	4119	100	21.8512	35.9	56.8
P3_68_NODE_429_length_4104_cov_0.593412	1	4104	209	4104	100	5.96905	35.1	52.9
P3_68_NODE_430_length_4090_cov_2.133737	1	4090	557	4085	99.8778	18.8518	35.8	53
P3_68_NODE_431_length_4083_cov_5.264846	1	4083	1320	4083	100	42.3213	35.3	57.7
P3_68_NODE_432_length_4083_cov_0.903185	1	4083	316	4082	99.9755	8.6167	35.2	48.9
P3_68_NODE_433_length_4073_cov_0.990117	1	4073	272	4073	100	8.26712	35.8	58
P3_68_NODE_434_length_4073_cov_0.765839	1	4073	195	4073	100	6.12104	35.6	57.3
P3_68_NODE_435_length_4072_cov_1.190368	1	4072	1630	4072	100	21.846	32.9	12.4
P3_68_NODE_436_length_4044_cov_1.013786	1	4044	240	4044	100	8.05341	35.7	59.3
P3_68_NODE_437_length_4044_cov_0.697473	1	4044	201	4044	100	6.12488	35.2	52.5
P3_68_NODE_438_length_4025_cov_2.584402	1	4025	680	4025	100	21.9409	35	57.3
P3_68_NODE_439_length_3989_cov_1.885552	1	3989	559	3989	100	16.8676	34.7	53.5
P3_68_NODE_440_length_3986_cov_1.144338	1	3986	296	3986	100	9.28073	35.2	54.3
P3_68_NODE_441_length_3970_cov_2.240177	1	3970	603	3970	100	19.2073	35.3	54.4
P3_68_NODE_442_length_3967_cov_1.220052	1	3967	297	3966	99.9748	10.0426	35.4	56.8
P3_68_NODE_443_length_3952_cov_15.177255	1	3952	3682	3952	100	124.784	35.7	58.1
P3_68_NODE_444_length_3930_cov_0.831449	1	3930	178	3930	100	6.2458	36.2	59.8
P3_68_NODE_445_length_3924_cov_1.673163	1	3924	398	3924	100	13.5757	35.9	58.7
P3_68_NODE_446_length_3919_cov_1.353903	1	3919	492	3919	100	12.3674	34.6	36.2
P3_68_NODE_447_length_3895_cov_1.023885	1	3895	270	3895	100	8.24801	35.1	52.4
P3_68_NODE_448_length_3892_cov_4.977358	1	3892	1174	3892	100	40.0943	35.9	56.1
P3_68_NODE_449_length_3869_cov_1.244789	1	3869	305	3869	100	10.5218	35.3	58.3
P3_68_NODE_450_length_3850_cov_1.733280	1	3850	380	3850	100	13.6044	35.7	57.2
P3_68_NODE_451_length_3849_cov_1.325363	1	3849	313	3849	100	10.3333	35.6	55.3
P3_68_NODE_452_length_3839_cov_2.035022	1	3839	565	3839	100	16.9021	35.9	47.7
P3_68_NODE_453_length_3834_cov_2.595900	1	3834	677	3834	100	22.849	35	58
P3_68_NODE_454_length_3830_cov_1.573589	1	3830	358	3830	100	12.3245	35.7	58.3
P3_68_NODE_455_length_3816_cov_0.621036	1	3816	121	3816	100	4.3978	35.7	58.5
P3_68_NODE_456_length_3811_cov_2.408837	1	3811	522	3811	100	18.5946	35.8	59.7
P3_68_NODE_457_length_3806_cov_12.348736	1	3806	2710	3806	100	95.7982	35.9	59.8
P3_68_NODE_458_length_3798_cov_1.659766	1	3798	399	3798	100	13.6467	35.6	58.3
P3_68_NODE_459_length_3789_cov_1.911524	1	3789	394	3789	100	14.4592	35.9	58.7
P3_68_NODE_460_length_3789_cov_1.379847	1	3789	294	3787	99.9472	10.4772	36	58
P3_68_NODE_461_length_3788_cov_0.995356	1	3788	231	3778	99.736	8.07339	35.5	57.8
P3_68_NODE_462_length_3786_cov_0.666302	1	3786	185	3786	100	6.07158	35.3	55.4
P3_68_NODE_463_length_3782_cov_1.374555	1	3782	293	3782	100	10.2451	36	57.5
P3_68_NODE_464_length_3778_cov_0.884141	1	3778	195	3778	100	7.01535	35.9	60
P3_68_NODE_465_length_3775_cov_0.765625	1	3775	171	3775	100	6.12503	35.6	58.8
P3_68_NODE_466_length_3768_cov_0.728371	1	3768	165	3768	100	5.5966	35.9	57.3
P3_68_NODE_467_length_3766_cov_3.400719	1	3766	780	3766	100	27.8787	35.7	59.9
P3_68_NODE_468_length_3765_cov_25.604728	1	3765	6031	3765	100	216.682	35.2	59.2
P3_68_NODE_469_length_3764_cov_1.515810	1	3764	462	3764	100	14.615	34.8	54.1
P3_68_NODE_470_length_3744_cov_83.030135	1	3744	18790	3744	100	676.038	35.5	56.5
P3_68_NODE_471_length_3741_cov_0.942999	1	3741	198	3741	100	7.12644	35.9	59.7
P3_68_NODE_472_length_3733_cov_1.341653	1	3733	281	3733	100	10.2191	35.9	58.8
P3_68_NODE_473_length_3718_cov_1.051796	1	3718	221	3718	100	8.00269	36.1	58.4
P3_68_NODE_474_length_3707_cov_1.279888	1	3707	434	3707	100	12.4869	35	50.6
P3_68_NODE_475_length_3692_cov_1.355680	1	3692	298	3683	99.7562	10.8705	35.7	58.9
P3_68_NODE_476_length_3681_cov_260.131303	1	3681	55432	3681	100	2078.01	35.9	59.9
P3_68_NODE_477_length_3679_cov_1.833052	1	3679	537	3679	100	17.383	35	55.9
P3_68_NODE_478_length_3664_cov_0.960984	1	3664	182	3664	100	6.93122	36.1	59.6
P3_68_NODE_479_length_3663_cov_1.121606	1	3663	745	3663	100	15.4406	33.7	21.3
P3_68_NODE_480_length_3659_cov_0.958381	1	3659	212	3659	100	7.74611	35.5	58
P3_68_NODE_481_length_3656_cov_0.890904	1	3656	195	3656	100	7.00821	35.3	57.2
P3_68_NODE_482_length_3640_cov_0.918588	1	3640	240	3640	100	7.50275	35.2	50.1
P3_68_NODE_483_length_3635_cov_1.222634	1	3635	269	3635	100	9.67895	35	56.4
P3_68_NODE_484_length_3627_cov_1.025429	1	3627	254	3627	100	8.84395	35	55.4
P3_68_NODE_485_length_3612_cov_0.997991	1	3612	235	3612	100	8.35908	35.6	56.9
P3_68_NODE_486_length_3608_cov_1.206263	1	3608	238	3608	100	9.15493	35.6	59.9
P3_68_NODE_487_length_3604_cov_0.918608	1	3604	184	3604	100	7.07852	36	59.9
P3_68_NODE_488_length_3592_cov_0.715152	1	3592	213	3592	100	6.87834	35.1	49.2
P3_68_NODE_489_length_3590_cov_1.074502	1	3590	226	3590	100	8.30891	35.1	56.9
P3_68_NODE_490_length_3589_cov_174.240581	1	3589	35713	3589	100	1374.06	35.9	59.9
P3_68_NODE_491_length_3586_cov_0.932639	1	3586	223	3574	99.6654	7.86364	36	52.6
P3_68_NODE_492_length_3583_cov_64.174394	1	3583	13408	3583	100	503.095	35.9	59.8
P3_68_NODE_493_length_3568_cov_1.023830	1	3568	244	3568	100	9.02578	35.7	59
P3_68_NODE_494_length_3547_cov_0.625439	1	3547	201	3547	100	6.62165	34.7	54
P3_68_NODE_495_length_3546_cov_3.402124	1	3546	721	3546	100	26.6354	35.6	53.3
P3_68_NODE_496_length_3523_cov_1.847762	1	3523	340	3523	100	13.1303	35.5	58.6
P3_68_NODE_497_length_3521_cov_54.317708	1	3521	12850	3521	100	491.174	35.4	58.5
P3_68_NODE_498_length_3519_cov_1.617925	1	3519	378	3509	99.7158	13.5109	35.9	54.3
P3_68_NODE_499_length_3519_cov_0.883844	1	3519	168	3510	99.7442	6.52316	35.8	58.4
P3_68_NODE_500_length_3518_cov_2.020053	1	3518	465	3518	100	16.3874	35.4	55
P3_68_NODE_501_length_3513_cov_2.183993	1	3513	386	3513	100	15.3091	35.9	52.3
P3_68_NODE_502_length_3491_cov_1.112366	1	3491	259	3491	100	9.0169	35.7	52.8
P3_68_NODE_503_length_3480_cov_4.392186	1	3480	969	3453	99.2241	37.881	35.9	53.4
P3_68_NODE_504_length_3471_cov_2.732351	1	3471	560	3471	100	21.4391	35.8	59.6
P3_68_NODE_505_length_3471_cov_0.595694	1	3471	450	3463	99.7695	9.50706	34.9	19.8
P3_68_NODE_506_length_3464_cov_0.912496	1	3464	202	3464	100	7.13915	35.6	53.5
P3_68_NODE_507_length_3462_cov_0.781409	1	3462	163	3462	100	6.32178	35.6	57.4
P3_68_NODE_508_length_3452_cov_0.561504	1	3452	108	3452	100	4.28592	36.1	59.3
P3_68_NODE_509_length_3430_cov_0.872237	1	3430	153	3430	100	6.19009	35.6	58.4
P3_68_NODE_510_length_3424_cov_1.806491	1	3424	483	3424	100	16.7231	35	54.5
P3_68_NODE_511_length_3418_cov_1.540261	1	3418	398	3418	100	14.7855	35.3	57.6
P3_68_NODE_512_length_3416_cov_2.948009	1	3416	620	3416	100	24.4868	36.1	56.3
P3_68_NODE_513_length_3415_cov_0.901460	1	3415	228	3415	100	7.88258	36	50.6
P3_68_NODE_514_length_3400_cov_1.124962	1	3400	201	3400	100	8.13765	36	58.5
P3_68_NODE_515_length_3399_cov_0.678484	1	3399	166	3399	100	6.22595	36	58.9
P3_68_NODE_516_length_3362_cov_1.065842	1	3362	227	3362	100	8.51755	35.5	55.9
P3_68_NODE_517_length_3361_cov_2.253247	1	3361	466	3361	100	18.5451	35.8	53.6
P3_68_NODE_518_length_3358_cov_1.110802	1	3358	244	3358	100	9.04854	35.6	55
P3_68_NODE_519_length_3353_cov_1.319591	1	3353	263	3353	100	10.3281	35.5	57.8
P3_68_NODE_520_length_3349_cov_0.765363	1	3349	152	3349	100	6.07943	34.9	58.5
P3_68_NODE_521_length_3347_cov_1.538820	1	3347	250	3347	100	10.7514	36.2	60
P3_68_NODE_522_length_3342_cov_0.910109	1	3342	214	3342	100	7.85248	35.4	54.8
P3_68_NODE_523_length_3330_cov_279.413943	1	3330	55727	3330	100	2248.25	35.5	60
P3_68_NODE_524_length_3320_cov_1.025368	1	3320	187	3310	99.6988	7.62982	36.2	59.8
P3_68_NODE_525_length_3302_cov_1.145197	1	3302	216	3302	100	8.71956	35.9	57.7
P3_68_NODE_526_length_3292_cov_0.712480	1	3292	144	3292	100	5.51094	36.1	55.2
P3_68_NODE_527_length_3289_cov_1.921252	1	3289	365	3277	99.6351	15.0024	35.1	58.7
P3_68_NODE_528_length_3274_cov_7.784239	1	3274	1545	3274	100	62.6072	35.5	54.7
P3_68_NODE_529_length_3274_cov_0.500477	1	3274	119	3274	100	4.2306	36	54.8
P3_68_NODE_530_length_3264_cov_1.412177	1	3264	294	3264	100	11.769	35.8	58.8
P3_68_NODE_531_length_3260_cov_1.170124	1	3260	326	3260	100	11.3334	35	53.2
P3_68_NODE_532_length_3257_cov_2.068690	1	3257	403	3257	100	16.6002	35.4	56.6
P3_68_NODE_533_length_3251_cov_0.814020	1	3251	273	3251	100	8.98093	36.1	46.5
P3_68_NODE_534_length_3246_cov_0.863097	1	3246	180	3246	100	7.27388	35.8	58.3
P3_68_NODE_535_length_3246_cov_0.742866	1	3246	177	3246	100	6.41466	35.9	52.3
P3_68_NODE_536_length_3243_cov_3.275995	1	3243	624	3239	99.8767	25.4869	35.7	56.7
P3_68_NODE_537_length_3234_cov_1.389121	1	3234	317	3234	100	12.5523	35.5	57.7
P3_68_NODE_538_length_3216_cov_0.592748	1	3216	119	3216	100	4.787	35.6	55.1
P3_68_NODE_539_length_3206_cov_1.023384	1	3206	193	3206	100	8.05521	35.6	57.6
P3_68_NODE_540_length_3206_cov_0.852225	1	3206	171	3206	100	7.16095	35.5	59
P3_68_NODE_541_length_3182_cov_1.971849	1	3182	367	3182	100	15.3215	35.7	58.5
P3_68_NODE_542_length_3181_cov_1.326457	1	3181	272	3181	100	10.9984	35.5	56.6
P3_68_NODE_543_length_3180_cov_0.731084	1	3180	180	3180	100	5.9434	35.1	45.2
P3_68_NODE_544_length_3160_cov_42.287174	1	3160	7355	3160	100	319.615	36.1	59.9
P3_68_NODE_545_length_3153_cov_0.810311	1	3153	150	3153	100	6.35966	35.6	58.8
P3_68_NODE_546_length_3151_cov_2.845238	1	3151	547	3142	99.7144	22.6334	35.7	57.9
P3_68_NODE_547_length_3144_cov_92.515413	1	3144	17103	3144	100	747.052	35.9	57.9
P3_68_NODE_548_length_3143_cov_1.093501	1	3143	271	3143	100	11.1938	35.3	51.8
P3_68_NODE_549_length_3139_cov_1.189907	1	3139	242	3139	100	9.71743	35.3	54.7
P3_68_NODE_550_length_3118_cov_2.164159	1	3118	492	3118	100	17.6572	35	52
P3_68_NODE_551_length_3110_cov_1.482065	1	3110	287	3110	100	12.609	36	58.9
P3_68_NODE_552_length_3108_cov_0.904730	1	3108	188	3084	99.2278	7.58076	35.7	55.4
P3_68_NODE_553_length_3108_cov_0.799396	1	3108	130	3094	99.5495	5.91602	35.6	59.7
P3_68_NODE_554_length_3107_cov_0.632886	1	3107	110	3107	100	4.81365	35.8	58.9
P3_68_NODE_555_length_3097_cov_0.683838	1	3097	138	3097	100	5.67646	36.1	57.8
P3_68_NODE_556_length_3080_cov_2.063664	1	3080	427	3080	100	17.1318	35.6	56
P3_68_NODE_557_length_3077_cov_1.703729	1	3077	342	3077	100	14.1098	35.3	57.9
P3_68_NODE_558_length_3055_cov_38.415301	1	3055	7190	3055	100	318.466	35.5	59
P3_68_NODE_559_length_3036_cov_1.068752	1	3036	239	3036	100	9.67391	35.5	57.5
P3_68_NODE_560_length_3021_cov_0.910504	1	3021	195	3021	100	7.72956	35.1	54.9
P3_68_NODE_561_length_3016_cov_1.750779	1	3016	400	3016	100	16.3359	35.9	54.4
P3_68_NODE_562_length_3011_cov_1.108530	1	3011	221	3011	100	9.21853	35.1	55.3
P3_68_NODE_563_length_3004_cov_0.762600	1	3004	163	3004	100	6.63515	35.8	57.1
P3_68_NODE_564_length_2999_cov_0.527855	1	2999	85	2989	99.6666	3.994	36.1	58.6
P3_68_NODE_565_length_2986_cov_1.681007	1	2986	484	2985	99.9665	16.9769	32.9	44.6
P3_68_NODE_566_length_2985_cov_0.735479	1	2985	125	2985	100	5.52261	36.2	57.7
P3_68_NODE_567_length_2977_cov_3.095088	1	2977	581	2977	100	25.6601	35.6	57.9
P3_68_NODE_568_length_2969_cov_0.906052	1	2969	138	2969	100	6.54631	36	59.1
P3_68_NODE_569_length_2963_cov_11.937941	1	2963	1945	2963	100	89.9153	35.8	59.6
P3_68_NODE_570_length_2947_cov_1.234752	1	2947	346	2947	100	12.8029	34.4	52.9
P3_68_NODE_571_length_2940_cov_0.840384	1	2940	144	2940	100	6.50578	35.6	55.4
P3_68_NODE_572_length_2925_cov_1.043603	1	2925	211	2925	100	8.88855	35.9	52.2
P3_68_NODE_573_length_2913_cov_1.007897	1	2913	205	2913	100	8.62341	35.1	57
P3_68_NODE_574_length_2909_cov_1.246945	1	2909	208	2909	100	9.58783	35.7	58.3
P3_68_NODE_575_length_2907_cov_0.667986	1	2907	97	2907	100	4.68249	36.1	58.8
P3_68_NODE_576_length_2905_cov_1.162347	1	2905	193	2905	100	8.83959	36	57.9
P3_68_NODE_577_length_2902_cov_0.893333	1	2902	171	2902	100	7.74673	35.5	55.6
P3_68_NODE_578_length_2899_cov_1.167388	1	2899	168	2899	100	8.21352	35.7	58.4
P3_68_NODE_579_length_2895_cov_0.964957	1	2895	156	2895	100	7.26321	36.1	59.9
P3_68_NODE_580_length_2884_cov_0.670657	1	2884	146	2851	98.8558	5.86685	36	53.4
P3_68_NODE_581_length_2876_cov_530.566024	1	2876	84893	2876	100	4131.76	35.5	56.8
P3_68_NODE_582_length_2871_cov_1.375000	1	2871	224	2871	100	10.5409	35.8	59.3
P3_68_NODE_583_length_2864_cov_38.974059	1	2864	6401	2864	100	302.915	35.8	59.4
P3_68_NODE_584_length_2858_cov_2.660198	1	2858	502	2858	100	22.8492	35	59.2
P3_68_NODE_585_length_2854_cov_1.334800	1	2854	215	2854	100	10.4026	35.9	59.3
P3_68_NODE_586_length_2850_cov_0.715755	1	2850	101	2840	99.6491	4.93228	36	57.5
P3_68_NODE_587_length_2824_cov_1.206155	1	2824	226	2824	100	10.2674	35.4	56.7
P3_68_NODE_588_length_2820_cov_0.968437	1	2820	181	2820	100	7.76489	35.2	55.5
P3_68_NODE_589_length_2810_cov_1.042862	1	2810	194	2797	99.5374	8.43915	35.6	54
P3_68_NODE_590_length_2804_cov_0.656705	1	2804	174	2804	100	6.74108	34.5	51.9
P3_68_NODE_591_length_2798_cov_0.892924	1	2798	129	2798	100	6.5554	35.6	59.4
P3_68_NODE_592_length_2794_cov_0.629171	1	2794	106	2794	100	5.06943	35.9	58.5
P3_68_NODE_593_length_2791_cov_0.805556	1	2791	127	2791	100	6.03081	35.9	57.6
P3_68_NODE_594_length_2768_cov_1.001136	1	2768	195	2768	100	8.38439	35.4	52.2
P3_68_NODE_595_length_2766_cov_0.478590	1	2766	76	2766	100	3.859	35.6	59.8
P3_68_NODE_596_length_2757_cov_0.616730	1	2757	98	2757	100	4.79869	35.4	56.5
P3_68_NODE_597_length_2754_cov_6.140923	1	2754	958	2754	100	45.5752	35.8	52.9
P3_68_NODE_598_length_2748_cov_0.660435	1	2748	87	2748	100	4.58916	35.4	59.4
P3_68_NODE_599_length_2730_cov_1.433730	1	2730	276	2730	100	11.6853	35.1	51.7
P3_68_NODE_600_length_2723_cov_0.664484	1	2723	116	2723	100	5.47705	35.9	59.9
P3_68_NODE_601_length_2720_cov_0.858465	1	2720	135	2720	100	6.77757	35.9	60
P3_68_NODE_602_length_2715_cov_2.506955	1	2715	511	2715	100	23.1116	34.9	56.7
P3_68_NODE_603_length_2704_cov_0.820722	1	2704	148	2704	100	6.68158	35.6	56.7
P3_68_NODE_604_length_2703_cov_1.078804	1	2703	164	2673	98.8901	8.21902	35.8	57.7
P3_68_NODE_605_length_2694_cov_1.370471	1	2694	269	2694	100	12.7004	35.9	54.6
P3_68_NODE_606_length_2687_cov_1.417578	1	2687	228	2687	100	11.3055	36.2	59.4
P3_68_NODE_607_length_2686_cov_0.798750	1	2686	153	2686	100	6.71966	35.4	51.6
P3_68_NODE_608_length_2669_cov_1.079465	1	2669	160	2669	100	8.09667	35.9	57.2
P3_68_NODE_609_length_2667_cov_0.968898	1	2667	160	2667	100	7.68016	35.7	55.8
P3_68_NODE_610_length_2665_cov_1.125690	1	2665	193	2665	100	9.54709	35.6	53.2
P3_68_NODE_611_length_2663_cov_1.313880	1	2663	208	2663	100	10.3188	36.1	58.5
P3_68_NODE_612_length_2656_cov_0.453934	1	2656	100	2646	99.6235	4.07794	35.6	48.6
P3_68_NODE_613_length_2654_cov_0.753067	1	2654	111	2654	100	5.66918	35.5	56.7
P3_68_NODE_614_length_2648_cov_1.148750	1	2648	216	2648	100	9.81609	35	52.3
P3_68_NODE_615_length_2644_cov_10.479971	1	2644	1624	2644	100	80.8154	36	59.6
P3_68_NODE_616_length_2628_cov_1.068772	1	2628	166	2628	100	8.11796	35.9	58.6
P3_68_NODE_617_length_2616_cov_19.624347	1	2616	1260	2615	99.9618	63.4702	36.1	38.1
P3_68_NODE_618_length_2615_cov_1.498392	1	2615	237	2592	99.1205	11.6352	35.5	56
P3_68_NODE_619_length_2615_cov_1.178859	1	2615	220	2595	99.2352	10.2956	35.3	56.5
P3_68_NODE_620_length_2613_cov_0.873693	1	2613	127	2613	100	6.62572	35.8	59.8
P3_68_NODE_621_length_2610_cov_0.996778	1	2610	191	2610	100	8.92567	35.1	54.1
P3_68_NODE_622_length_2605_cov_0.728410	1	2605	123	2600	99.8081	6.04914	35.3	56.5
P3_68_NODE_623_length_2604_cov_1.422689	1	2604	558	2604	100	25.2596	35.7	56.9
P3_68_NODE_624_length_2595_cov_1.725689	1	2595	290	2595	100	13.5684	34.9	50.7
P3_68_NODE_625_length_2594_cov_2.366842	1	2594	392	2594	100	19.0817	35.5	54.4
P3_68_NODE_626_length_2578_cov_3.448796	1	2578	580	2578	100	28.583	35.3	57
P3_68_NODE_627_length_2574_cov_0.676338	1	2574	86	2574	100	4.69542	36	58.8
P3_68_NODE_628_length_2567_cov_60.591393	1	2567	13066	2567	100	602.75	35.8	40.6
P3_68_NODE_629_length_2564_cov_0.675831	1	2564	84	2564	100	4.76638	35.9	60
P3_68_NODE_630_length_2563_cov_1.019294	1	2563	191	2563	100	9.02302	35.2	55
P3_68_NODE_631_length_2552_cov_0.670928	1	2552	83	2552	100	4.69279	35.5	60
P3_68_NODE_632_length_2551_cov_0.847772	1	2551	145	2551	100	7.05684	35.4	56.1
P3_68_NODE_633_length_2547_cov_0.992562	1	2547	139	2547	100	7.41892	35.3	58
P3_68_NODE_634_length_2547_cov_0.734298	1	2547	115	2540	99.7252	5.66117	35.9	56.7
P3_68_NODE_635_length_2545_cov_0.611249	1	2545	104	2545	100	5.19568	35.4	56.1
P3_68_NODE_636_length_2545_cov_0.583954	1	2545	109	2545	100	5.6609	35.7	58.7
P3_68_NODE_637_length_2541_cov_1.714582	1	2541	410	2541	100	17.2279	34.5	46.3
P3_68_NODE_638_length_2540_cov_1.137174	1	2540	166	2540	100	8.42362	35.3	56.3
P3_68_NODE_639_length_2538_cov_0.612194	1	2538	98	2538	100	4.89835	35.4	57.5
P3_68_NODE_640_length_2537_cov_1.946473	1	2537	938	2537	100	27.2881	33.3	17.1
P3_68_NODE_641_length_2533_cov_0.741064	1	2533	116	2530	99.8816	5.75523	35.8	56.9
P3_68_NODE_642_length_2532_cov_1.066944	1	2532	146	2532	100	7.9372	35.9	60
P3_68_NODE_643_length_2517_cov_0.576151	1	2517	97	2517	100	4.76242	36	55.7
P3_68_NODE_644_length_2516_cov_2.650481	1	2516	458	2514	99.9205	23.2623	35.4	54
P3_68_NODE_645_length_2516_cov_0.946840	1	2516	117	2516	100	6.58108	35.2	59
P3_68_NODE_646_length_2510_cov_0.899706	1	2510	181	2510	100	7.95418	35.1	48
P3_68_NODE_647_length_2509_cov_0.636440	1	2509	102	2509	100	4.96572	35.4	51.8
P3_68_NODE_648_length_2497_cov_1.581013	1	2497	217	2497	100	11.7669	35.7	58.2
P3_68_NODE_649_length_2497_cov_0.988186	1	2497	131	2497	100	7.2499	35.6	59.8
P3_68_NODE_650_length_2495_cov_0.684966	1	2495	113	2470	98.998	5.6986	35.4	55.4
P3_68_NODE_651_length_2494_cov_1.156738	1	2494	182	2494	100	9.55774	35.8	57.7
P3_68_NODE_652_length_2493_cov_1.657650	1	2493	708	2493	100	29.8877	33.6	29.5
P3_68_NODE_653_length_2488_cov_1.648454	1	2488	280	2488	100	13.6029	36.2	52.3
P3_68_NODE_654_length_2486_cov_0.675286	1	2486	108	2486	100	5.22405	35.8	53.8
P3_68_NODE_655_length_2475_cov_0.828365	1	2475	121	2475	100	6.67798	35.8	59.2
P3_68_NODE_656_length_2470_cov_0.754161	1	2470	119	2470	100	6.05506	35.6	53.4
P3_68_NODE_657_length_2465_cov_1.012404	1	2465	151	2372	96.2272	7.52049	35.8	55.6
P3_68_NODE_658_length_2459_cov_0.713122	1	2459	116	2459	100	6.00325	35.6	55.3
P3_68_NODE_659_length_2456_cov_0.940318	1	2456	133	2456	100	7.40635	35.8	59.3
P3_68_NODE_660_length_2456_cov_0.790039	1	2456	104	2456	100	5.84894	36.1	59.9
P3_68_NODE_661_length_2455_cov_0.689433	1	2455	120	2455	100	6.24725	35.9	55.6
P3_68_NODE_662_length_2452_cov_0.451183	1	2452	81	2452	100	3.81485	35.2	53.2
P3_68_NODE_663_length_2451_cov_2.010757	1	2451	12007	2451	100	163.826	33.4	1.7
P3_68_NODE_664_length_2444_cov_0.971083	1	2444	144	2444	100	7.77496	36	56.7
P3_68_NODE_665_length_2440_cov_0.792477	1	2440	179	2440	100	7.65492	35	45.3
P3_68_NODE_666_length_2433_cov_0.745013	1	2433	127	2433	100	6.30045	35.6	52.8
P3_68_NODE_667_length_2431_cov_1.358941	1	2431	201	2427	99.8355	10.6174	35.5	55.3
P3_68_NODE_668_length_2427_cov_0.849130	1	2427	110	2427	100	6.27318	35.7	59.6
P3_68_NODE_669_length_2426_cov_2.366681	1	2426	346	2426	100	18.8924	35.7	58.5
P3_68_NODE_670_length_2422_cov_0.737255	1	2422	112	2422	100	5.77704	35.7	57.2
P3_68_NODE_671_length_2421_cov_0.628160	1	2421	189	2421	100	6.70508	33.2	36
P3_68_NODE_672_length_2419_cov_1.178447	1	2419	197	2419	100	10.1608	36.3	50.5
P3_68_NODE_673_length_2416_cov_0.840979	1	2416	155	2416	100	7.49669	35.7	52.5
P3_68_NODE_674_length_2413_cov_1.125547	1	2413	164	2413	100	8.96436	36	57.7
P3_68_NODE_675_length_2411_cov_0.754816	1	2411	116	2411	100	6.33389	35.7	58.4
P3_68_NODE_676_length_2410_cov_0.910644	1	2410	136	2410	100	7.01992	35.7	56.4
P3_68_NODE_677_length_2409_cov_1.210780	1	2409	157	2409	100	8.95143	35.9	58.3
P3_68_NODE_678_length_2405_cov_0.759877	1	2405	174	2405	100	7.32017	35.1	47.5
P3_68_NODE_679_length_2394_cov_0.588884	1	2394	68	2387	99.7076	4.05472	36.3	60
P3_68_NODE_680_length_2389_cov_0.912909	1	2389	174	2384	99.7907	8.35287	35.1	49.5
P3_68_NODE_681_length_2388_cov_3.339673	1	2388	505	2388	100	27.1348	35.3	57.2
P3_68_NODE_682_length_2376_cov_0.773677	1	2376	110	2376	100	5.87626	35.4	54.3
P3_68_NODE_683_length_2375_cov_4.283363	1	2375	625	2375	100	34.6846	35.7	58.8
P3_68_NODE_684_length_2364_cov_0.848011	1	2364	124	2364	100	6.33629	35.5	51.6
P3_68_NODE_685_length_2338_cov_0.889190	1	2338	129	2338	100	6.92857	35.8	55
P3_68_NODE_686_length_2332_cov_0.986395	1	2332	127	2332	100	7.20026	35.9	58.6
P3_68_NODE_687_length_2329_cov_0.880563	1	2329	171	2329	100	7.45985	33.9	45.3
P3_68_NODE_688_length_2325_cov_1.209736	1	2325	222	2325	100	10.4292	35.4	46.1
P3_68_NODE_689_length_2324_cov_7.188439	1	2324	938	2324	100	54.4286	35.9	59.8
P3_68_NODE_690_length_2320_cov_0.583675	1	2320	135	2311	99.6121	5.25216	33.7	32.5
P3_68_NODE_691_length_2317_cov_0.752511	1	2317	92	2317	100	5.27536	35.6	57.7
P3_68_NODE_692_length_2312_cov_0.846224	1	2312	113	2312	100	6.29369	35.7	54.6
P3_68_NODE_693_length_2312_cov_0.715332	1	2312	105	2312	100	5.79801	35.9	58.6
P3_68_NODE_694_length_2310_cov_3.143839	1	2310	403	2310	100	23.6229	36.2	58.9
P3_68_NODE_695_length_2308_cov_1.683173	1	2308	261	2308	100	14.2821	35.8	56.6
P3_68_NODE_696_length_2308_cov_1.078863	1	2308	167	2302	99.74	9.13388	35.8	47.2
P3_68_NODE_697_length_2305_cov_17.789474	1	2305	2274	2305	100	135.762	36.1	59.9
P3_68_NODE_698_length_2304_cov_76.016077	1	2304	11580	2304	100	660.791	35.5	44.7
P3_68_NODE_699_length_2299_cov_1.047882	1	2299	173	2299	100	8.54763	35.3	48.5
P3_68_NODE_700_length_2296_cov_0.810512	1	2296	109	2296	100	5.98258	35.5	56.8
P3_68_NODE_701_length_2291_cov_2.470425	1	2291	547	2291	100	23.8005	33.5	43.5
P3_68_NODE_702_length_2287_cov_1.613426	1	2287	211	2287	100	12.1491	35.7	56.4
P3_68_NODE_703_length_2287_cov_0.661111	1	2287	123	2287	100	5.78094	35.6	47.9
P3_68_NODE_704_length_2287_cov_0.612963	1	2287	84	2287	100	4.55662	35.9	55
P3_68_NODE_705_length_2279_cov_1.076208	1	2279	143	2279	100	8.17464	35.7	58.8
P3_68_NODE_706_length_2274_cov_0.574290	1	2274	80	2274	100	4.58795	36	58.6
P3_68_NODE_707_length_2261_cov_1.188379	1	2261	182	2261	100	9.87572	34.9	54.9
P3_68_NODE_708_length_2252_cov_0.542118	1	2252	132	2252	100	5.48002	35.8	36.4
P3_68_NODE_709_length_2249_cov_0.721489	1	2249	78	2249	100	4.95954	36.3	60
P3_68_NODE_710_length_2245_cov_1.651558	1	2245	227	2245	100	13.2027	35.7	57.8
P3_68_NODE_711_length_2241_cov_0.685904	1	2241	100	2241	100	5.94734	36.3	60
P3_68_NODE_712_length_2238_cov_2.194221	1	2238	275	2238	100	16.87	35.1	59
P3_68_NODE_713_length_2231_cov_2.664449	1	2231	375	2231	100	22.0758	35.5	58
P3_68_NODE_714_length_2229_cov_0.548525	1	2229	71	2229	100	4.3266	35.3	57.9
P3_68_NODE_715_length_2228_cov_1.292718	1	2228	161	2228	100	9.94165	35.8	59.3
P3_68_NODE_716_length_2223_cov_1.392653	1	2223	213	2223	100	12.0774	35.3	58.7
P3_68_NODE_717_length_2217_cov_0.788038	1	2217	92	2217	100	5.74109	35.8	56.9
P3_68_NODE_718_length_2217_cov_0.569378	1	2217	67	2217	100	4.15246	35.7	58.7
P3_68_NODE_719_length_2206_cov_0.969697	1	2206	131	2206	100	7.16636	35.1	51.9
P3_68_NODE_720_length_2203_cov_0.945087	1	2203	141	2203	100	7.70994	35.4	53.1
P3_68_NODE_721_length_2200_cov_0.812832	1	2200	108	2190	99.5455	5.93	35.3	54.1
P3_68_NODE_722_length_2199_cov_1.601351	1	2199	284	2199	100	15.8718	35.3	56.6
P3_68_NODE_723_length_2198_cov_3.000483	1	2198	385	2195	99.8635	23.3658	35.8	59.3
P3_68_NODE_724_length_2195_cov_9.432817	1	2195	1220	2195	100	73.221	35.8	59.4
P3_68_NODE_725_length_2193_cov_0.519845	1	2193	61	2193	100	3.73871	35.8	56.7
P3_68_NODE_726_length_2192_cov_1.578692	1	2192	241	2192	100	13.9215	35.4	55.3
P3_68_NODE_727_length_2192_cov_0.972881	1	2192	112	2192	100	7.32391	35.6	60
P3_68_NODE_728_length_2190_cov_0.930199	1	2190	134	2190	100	7.30731	35.7	52.9
P3_68_NODE_729_length_2181_cov_0.743914	1	2181	82	2171	99.5415	5.16139	35.7	55.6
P3_68_NODE_730_length_2172_cov_1.206846	1	2172	176	2172	100	10.2781	35.2	55.7
P3_68_NODE_731_length_2163_cov_0.863949	1	2163	110	2122	98.1045	6.35969	35.8	58.2
P3_68_NODE_732_length_2162_cov_0.767076	1	2162	178	2162	100	9.87049	35.8	57.8
P3_68_NODE_733_length_2159_cov_1.137795	1	2159	144	2159	100	9.04863	35.7	59.6
P3_68_NODE_734_length_2158_cov_1.182176	1	2158	131	2158	100	8.46478	36.2	59.9
P3_68_NODE_735_length_2158_cov_1.165928	1	2158	990	2158	100	29.3151	27.6	9.64
P3_68_NODE_736_length_2156_cov_0.569246	1	2156	68	2156	100	4.40538	35.3	58.2
P3_68_NODE_737_length_2155_cov_43.276512	1	2155	5513	2155	100	342.286	35.8	59.5
P3_68_NODE_738_length_2155_cov_0.945759	1	2155	112	2155	100	7.15824	36.1	60
P3_68_NODE_739_length_2150_cov_23.355907	1	2150	2937	2150	100	184.701	35.6	54.4
P3_68_NODE_740_length_2142_cov_1.145409	1	2142	126	2142	100	8.36555	35.9	59.2
P3_68_NODE_741_length_2138_cov_3.054305	1	2138	356	2138	100	22.0753	35.6	59.5
P3_68_NODE_742_length_2137_cov_2.838806	1	2137	638	2137	100	27.4628	33.8	33.2
P3_68_NODE_743_length_2137_cov_0.863184	1	2137	146	2137	100	7.26954	34.1	46.6
P3_68_NODE_744_length_2132_cov_0.904738	1	2132	151	2132	100	8.17636	35.7	54.9
P3_68_NODE_745_length_2129_cov_1.051948	1	2129	133	2129	100	7.82668	35.9	54.1
P3_68_NODE_746_length_2124_cov_0.685028	1	2124	486	2124	100	11.0782	30.7	24.4
P3_68_NODE_747_length_2123_cov_1.039579	1	2123	132	2123	100	7.73293	35.6	54.6
P3_68_NODE_748_length_2120_cov_1.400401	1	2120	156	2120	100	10.1099	35.5	58.8
P3_68_NODE_749_length_2118_cov_3.988950	1	2118	532	2118	100	33.3008	35.5	59.3
P3_68_NODE_750_length_2115_cov_0.763581	1	2115	102	2115	100	6.02979	35.4	54.8
P3_68_NODE_751_length_2109_cov_1.050454	1	2109	129	2109	100	7.85443	35.8	56.7
P3_68_NODE_752_length_2108_cov_1.402827	1	2108	167	2108	100	10.4478	35.5	57.9
P3_68_NODE_753_length_2104_cov_0.822458	1	2104	123	2104	100	7.14971	34.9	55.8
P3_68_NODE_754_length_2103_cov_2.738866	1	2103	325	2103	100	21.4736	35.8	56.7
P3_68_NODE_755_length_2101_cov_0.599291	1	2101	73	2101	100	4.7782	35.3	58.5
P3_68_NODE_756_length_2097_cov_1.427411	1	2097	177	2096	99.9523	10.8703	36.1	57
P3_68_NODE_757_length_2092_cov_0.645293	1	2092	112	2092	100	5.67543	34.2	57.8
P3_68_NODE_758_length_2088_cov_0.781234	1	2088	107	2088	100	6.49617	35.4	54.2
P3_68_NODE_759_length_2086_cov_5.738642	1	2086	671	2086	100	44.2339	35.5	59.2
P3_68_NODE_760_length_2086_cov_2.642164	1	2086	277	2086	100	19.0829	35.7	59.2
P3_68_NODE_761_length_2084_cov_0.972918	1	2084	108	2084	100	7.19338	35.7	58.6
P3_68_NODE_762_length_2081_cov_0.807062	1	2081	87	2081	100	5.9457	36.2	60
P3_68_NODE_763_length_2075_cov_1.695072	1	2075	238	2075	100	15.2492	35.5	57.6
P3_68_NODE_764_length_2072_cov_0.595373	1	2072	70	2072	100	4.35618	35.5	56.2
P3_68_NODE_765_length_2069_cov_0.767250	1	2069	93	2069	100	5.90527	36.2	56.7
P3_68_NODE_766_length_2065_cov_1.208462	1	2065	178	2065	100	10.1283	35.7	51.8
P3_68_NODE_767_length_2063_cov_0.705062	1	2063	81	2063	100	5.31556	35.8	60
P3_68_NODE_768_length_2061_cov_1.015512	1	2061	226	2061	100	10.5502	33.6	42.4
P3_68_NODE_769_length_2060_cov_13.836763	1	2060	1602	2060	100	105.122	35.9	60
P3_68_NODE_770_length_2058_cov_0.551528	1	2058	78	2049	99.5627	4.46647	35.5	53.1
P3_68_NODE_771_length_2047_cov_16.953646	1	2047	1872	2047	100	125.632	36	56.5
P3_68_NODE_772_length_2038_cov_1.619048	1	2038	231	2038	100	14.1452	35.2	56.7
P3_68_NODE_773_length_2036_cov_7.669460	1	2036	854	2036	100	57.3134	35.7	59.2
P3_68_NODE_774_length_2030_cov_0.653179	1	2030	77	2021	99.5567	4.57783	35.6	54.1
P3_68_NODE_775_length_2028_cov_0.472383	1	2028	99	2028	100	4.9497	34.8	45.8
P3_68_NODE_776_length_2027_cov_1.984211	1	2027	420	2027	100	22.9857	34.9	53.6
P3_68_NODE_777_length_2022_cov_0.947230	1	2022	100	2022	100	6.76113	35.5	58.8
P3_68_NODE_778_length_2020_cov_1.330692	1	2020	146	2020	100	9.84307	35.8	59.7
P3_68_NODE_779_length_2018_cov_31.806527	1	2018	3887	2018	100	251.452	35.8	59.9
P3_68_NODE_780_length_2018_cov_1.134849	1	2018	130	2018	100	8.76115	35.7	59.4
P3_68_NODE_781_length_2016_cov_1.518264	1	2016	169	2016	100	11.3681	35.7	57.4
P3_68_NODE_782_length_2016_cov_1.027528	1	2016	127	2016	100	7.40476	35.7	52.5
P3_68_NODE_783_length_2015_cov_0.902013	1	2015	101	2015	100	6.9206	35.8	59.9
P3_68_NODE_784_length_2013_cov_0.513256	1	2013	80	2013	100	4.18231	35.1	52.9
P3_68_NODE_785_length_2010_cov_1.989379	1	2010	820	2010	100	32.1547	33	20.8
P3_68_NODE_786_length_2005_cov_0.714058	1	2005	69	2005	100	4.87182	35.8	60
P3_68_NODE_787_length_2004_cov_1.249867	1	2004	133	2004	100	9.15768	36	59.1
P3_68_NODE_788_length_2004_cov_0.823655	1	2004	113	2004	100	6.88523	35.3	53.7
P3_68_NODE_789_length_2004_cov_0.500799	1	2004	76	2004	100	4.29491	35.9	54.3
P3_68_NODE_790_length_2001_cov_1.053895	1	2001	111	1992	99.5502	7.54523	35.2	55.4
P3_68_NODE_791_length_1996_cov_1.745853	1	1996	214	1996	100	13.7745	35.7	54.5
P3_68_NODE_792_length_1994_cov_0.616497	1	1994	101	1994	100	5.98445	35.7	50.6
P3_68_NODE_793_length_1994_cov_0.568291	1	1994	143	1994	100	6.63691	35.4	51.8
P3_68_NODE_794_length_1990_cov_0.966184	1	1990	117	1990	100	7.43317	35.7	53.1
P3_68_NODE_795_length_1989_cov_4.931794	1	1989	510	1989	100	35.9603	35.7	58.7
P3_68_NODE_796_length_1987_cov_2.718817	1	1987	463	1987	100	26.6185	34.5	48.1
P3_68_NODE_797_length_1985_cov_0.713671	1	1985	83	1985	100	5.86851	35.3	59.7
P3_68_NODE_798_length_1982_cov_2.673854	1	1982	354	1973	99.5459	22.6569	34.8	45.6
P3_68_NODE_799_length_1970_cov_1.346175	1	1970	164	1970	100	10.3025	35.8	55.1
P3_68_NODE_800_length_1970_cov_1.024959	1	1970	175	1970	100	9.94822	34.8	48.9
P3_68_NODE_801_length_1969_cov_1.047231	1	1969	109	1969	100	7.69832	36.3	59.9
P3_68_NODE_802_length_1965_cov_0.503808	1	1965	76	1965	100	4.77099	35.1	56.1
P3_68_NODE_803_length_1961_cov_2.408397	1	1961	303	1961	100	20.1887	36.2	60
P3_68_NODE_804_length_1955_cov_1.939825	1	1955	318	1955	100	18.6691	35.2	48.8
P3_68_NODE_805_length_1954_cov_0.594964	1	1954	103	1954	100	5.6346	35.1	50.2
P3_68_NODE_806_length_1953_cov_7.477404	1	1953	866	1953	100	59.0952	35.8	59.8
P3_68_NODE_807_length_1949_cov_0.830955	1	1949	126	1949	100	6.79015	34.4	43.6
P3_68_NODE_808_length_1945_cov_0.936744	1	1945	104	1945	100	7.01902	35.8	57.8
P3_68_NODE_809_length_1938_cov_1.184428	1	1938	257	1938	100	11.2946	32.3	33.9
P3_68_NODE_810_length_1932_cov_0.797784	1	1932	97	1924	99.5859	6.40062	36	59.3
P3_68_NODE_811_length_1932_cov_0.720776	1	1932	90	1932	100	5.78002	36.1	57.2
P3_68_NODE_812_length_1927_cov_0.793333	1	1927	116	1927	100	6.68915	35.3	46.7
P3_68_NODE_813_length_1925_cov_0.772525	1	1925	91	1925	100	6.38078	35.4	60
P3_68_NODE_814_length_1917_cov_0.879888	1	1917	99	1917	100	6.47992	35.4	55.4
P3_68_NODE_815_length_1916_cov_0.673561	1	1916	97	1916	100	6.08455	35.2	55
P3_68_NODE_816_length_1916_cov_0.464505	1	1916	62	1916	100	3.83716	35.7	55.1
P3_68_NODE_817_length_1910_cov_10.859787	1	1910	1092	1910	100	78.5398	35.9	58.8
P3_68_NODE_818_length_1908_cov_1.131948	1	1908	140	1908	100	9.45545	35	55.6
P3_68_NODE_819_length_1903_cov_0.551802	1	1903	80	1903	100	4.92275	35.5	55.7
P3_68_NODE_820_length_1900_cov_0.782290	1	1900	158	1900	100	8.23158	36.2	25.5
P3_68_NODE_821_length_1897_cov_20.724802	1	1897	2221	1897	100	158.132	36	59.8
P3_68_NODE_822_length_1895_cov_0.803167	1	1895	80	1895	100	5.8876	36.1	59.8
P3_68_NODE_823_length_1894_cov_3.891341	1	1894	542	1894	100	34.3918	34.6	53.7
P3_68_NODE_824_length_1893_cov_0.335221	1	1893	43	1893	100	2.78711	35.2	56.4
P3_68_NODE_825_length_1892_cov_0.665156	1	1892	94	1892	100	5.36734	35.1	47.6
P3_68_NODE_826_length_1889_cov_1.019864	1	1889	171	1889	100	9.56273	34.1	48.2
P3_68_NODE_827_length_1887_cov_0.956818	1	1887	95	1887	100	7.04928	35.7	59.6
P3_68_NODE_828_length_1886_cov_1107.434338	1	1886	124433	1886	100	8948.67	35.6	58.3
P3_68_NODE_829_length_1886_cov_0.943150	1	1886	103	1886	100	7.3017	35.2	59.3
P3_68_NODE_830_length_1883_cov_0.477221	1	1883	60	1874	99.522	3.81678	35.6	56.4
P3_68_NODE_831_length_1880_cov_108.211067	1	1880	12080	1880	100	871.044	35.7	58.5
P3_68_NODE_832_length_1879_cov_0.799658	1	1879	271	1879	100	10.1714	31.5	26.4
P3_68_NODE_833_length_1879_cov_0.709475	1	1879	153	1879	100	7.75785	34.2	44.2
P3_68_NODE_834_length_1870_cov_0.565691	1	1870	146	1870	100	6.30214	34.3	39.2
P3_68_NODE_835_length_1868_cov_0.504308	1	1868	58	1868	100	3.72056	35.1	51
P3_68_NODE_836_length_1867_cov_0.953448	1	1867	153	1867	100	9.88056	35.9	41.1
P3_68_NODE_837_length_1864_cov_0.563040	1	1864	84	1864	100	5.19421	35.2	54.6
P3_68_NODE_838_length_1863_cov_0.831797	1	1863	104	1863	100	7.17874	35.8	58.6
P3_68_NODE_839_length_1861_cov_0.584775	1	1861	84	1861	100	4.8834	34.8	46.3
P3_68_NODE_840_length_1860_cov_1.292556	1	1860	137	1860	100	9.55699	36.3	57.4
P3_68_NODE_841_length_1860_cov_0.866705	1	1860	92	1860	100	6.56452	35.7	58.1
P3_68_NODE_842_length_1859_cov_1.174942	1	1859	134	1859	100	8.86713	35.9	54.1
P3_68_NODE_843_length_1853_cov_0.932213	1	1853	160	1853	100	9.24069	36	50
P3_68_NODE_844_length_1853_cov_0.685979	1	1853	94	1853	100	6.03238	35.7	55.9
P3_68_NODE_845_length_1850_cov_1.174695	1	1850	127	1850	100	9.10432	35.9	58.4
P3_68_NODE_846_length_1848_cov_0.852992	1	1848	86	1848	100	6.19589	35.9	58.9
P3_68_NODE_847_length_1845_cov_9.676978	1	1845	1057	1845	100	76.6005	35.9	59.8
P3_68_NODE_848_length_1842_cov_0.959184	1	1842	81	1842	100	6.41205	35.9	60
P3_68_NODE_849_length_1841_cov_0.635939	1	1841	72	1841	100	4.92993	35.3	55.4
P3_68_NODE_850_length_1839_cov_1.679907	1	1839	515	1839	100	21.8961	29.7	25.9
P3_68_NODE_851_length_1839_cov_0.567757	1	1839	57	1839	100	4.25231	36.3	57.4
P3_68_NODE_852_length_1835_cov_0.974824	1	1835	106	1835	100	7.49482	34.6	56.8
P3_68_NODE_853_length_1833_cov_0.522860	1	1833	49	1833	100	3.69285	35.8	58.8
P3_68_NODE_854_length_1829_cov_0.992362	1	1829	115	1829	100	7.92674	35.6	53.6
P3_68_NODE_855_length_1825_cov_0.882803	1	1825	101	1815	99.4521	6.85644	36.3	56.5
P3_68_NODE_856_length_1825_cov_0.398115	1	1825	47	1825	100	3.3863	36.1	59.6
P3_68_NODE_857_length_1824_cov_42.506407	1	1824	4626	1824	100	330.072	35.9	59.9
P3_68_NODE_858_length_1821_cov_0.717237	1	1821	72	1821	100	5.44811	35.3	59.4
P3_68_NODE_859_length_1819_cov_1.015957	1	1819	194	1819	100	11.7262	35	46.2
P3_68_NODE_860_length_1816_cov_1.252812	1	1816	127	1816	100	9.49174	36	59.3
P3_68_NODE_861_length_1812_cov_0.827893	1	1812	102	1802	99.4481	6.99117	35	56.5
P3_68_NODE_862_length_1812_cov_0.575074	1	1812	64	1812	100	4.69702	35.7	59.6
P3_68_NODE_863_length_1809_cov_3.152794	1	1809	331	1809	100	24.7518	35.7	55.3
P3_68_NODE_864_length_1807_cov_0.708929	1	1807	86	1807	100	5.92142	35.1	57.7
P3_68_NODE_865_length_1807_cov_0.663690	1	1807	76	1807	100	5.32706	35	59.8
P3_68_NODE_866_length_1806_cov_0.874926	1	1806	100	1806	100	6.73034	35.3	55.1
P3_68_NODE_867_length_1806_cov_0.795712	1	1806	78	1806	100	5.70819	35.9	56.1
P3_68_NODE_868_length_1806_cov_0.789160	1	1806	76	1806	100	5.39258	35.8	52.9
P3_68_NODE_869_length_1803_cov_0.709427	1	1803	76	1798	99.7227	5.5208	35.3	57.9
P3_68_NODE_870_length_1801_cov_0.823775	1	1801	84	1801	100	6.35147	35.7	58.2
P3_68_NODE_871_length_1798_cov_0.981448	1	1798	92	1798	100	7.07286	35.8	58.9
P3_68_NODE_872_length_1798_cov_0.719928	1	1798	80	1798	100	5.43938	35.8	52.1
P3_68_NODE_873_length_1795_cov_0.981415	1	1795	89	1776	98.9415	6.54875	35.7	54.1
P3_68_NODE_874_length_1780_cov_0.761645	1	1780	418	1780	100	14.3669	30.8	13.4
P3_68_NODE_875_length_1778_cov_0.541490	1	1778	87	1778	100	4.62486	34.9	38.2
P3_68_NODE_876_length_1778_cov_0.373713	1	1778	37	1778	100	2.86558	35.7	56.8
P3_68_NODE_877_length_1769_cov_1.218027	1	1769	215	1769	100	14.779	35	49.3
P3_68_NODE_878_length_1768_cov_0.714199	1	1768	59	1768	100	4.78733	36	60
P3_68_NODE_879_length_1768_cov_0.605728	1	1768	52	1768	100	4.04186	36.4	55.7
P3_68_NODE_880_length_1766_cov_1.178157	1	1766	159	1766	100	10.9219	34.8	56
P3_68_NODE_881_length_1766_cov_0.842587	1	1766	95	1766	100	6.71631	36	53.7
P3_68_NODE_882_length_1766_cov_0.766931	1	1766	64	1766	100	5.08664	35.7	59.6
P3_68_NODE_883_length_1766_cov_0.618670	1	1766	75	1766	100	5.00793	36.2	56.4
P3_68_NODE_884_length_1765_cov_0.570818	1	1765	63	1755	99.4334	4.13881	36	53.3
P3_68_NODE_885_length_1762_cov_0.461162	1	1762	55	1762	100	3.82406	35.9	56.5
P3_68_NODE_886_length_1760_cov_1.376607	1	1760	128	1760	100	10.3097	35.3	60
P3_68_NODE_887_length_1760_cov_0.475199	1	1760	77	1760	100	5.01705	35.6	54.6
P3_68_NODE_888_length_1758_cov_0.506438	1	1758	74	1758	100	5.02844	34.6	53.7
P3_68_NODE_889_length_1757_cov_0.529448	1	1757	52	1757	100	3.9704	35.9	58.3
P3_68_NODE_890_length_1756_cov_0.618785	1	1756	78	1756	100	4.96071	34.9	46.7
P3_68_NODE_891_length_1755_cov_0.901720	1	1755	88	1753	99.886	6.98803	35.3	59.7
P3_68_NODE_892_length_1752_cov_0.832615	1	1752	82	1752	100	6.35788	35.8	60
P3_68_NODE_893_length_1750_cov_0.641405	1	1750	67	1740	99.4286	4.83886	35.7	56
P3_68_NODE_894_length_1748_cov_0.695867	1	1748	153	1748	100	7.86213	34	40.7
P3_68_NODE_895_length_1747_cov_0.712963	1	1747	78	1747	100	5.25987	35.3	49.9
P3_68_NODE_896_length_1747_cov_0.596296	1	1747	53	1747	100	4.26732	35.6	57.7
P3_68_NODE_897_length_1745_cov_0.621755	1	1745	77	1745	100	5.13868	35.2	54.3
P3_68_NODE_898_length_1741_cov_0.669765	1	1741	85	1741	100	5.6008	34.7	52.1
P3_68_NODE_899_length_1738_cov_0.762259	1	1738	90	1738	100	6.2336	36.1	58.7
P3_68_NODE_900_length_1737_cov_0.826087	1	1737	93	1737	100	6.80311	35.6	59.6
P3_68_NODE_901_length_1733_cov_1.232877	1	1733	114	1733	100	9.12695	35.2	59.4
P3_68_NODE_902_length_1731_cov_0.837905	1	1731	85	1731	100	6.42403	35.8	58
P3_68_NODE_903_length_1728_cov_0.896939	1	1728	138	1728	100	9.76389	36	56.7
P3_68_NODE_904_length_1727_cov_0.642500	1	1727	114	1727	100	6.24204	35.3	45.6
P3_68_NODE_905_length_1726_cov_0.868668	1	1726	161	1726	100	11.1657	35.1	47.5
P3_68_NODE_906_length_1725_cov_0.759700	1	1725	75	1725	100	5.69275	35.3	58.7
P3_68_NODE_907_length_1724_cov_1.343143	1	1724	140	1724	100	10.1114	35.2	55.1
P3_68_NODE_908_length_1723_cov_0.723058	1	1723	72	1723	100	5.34243	36	58.1
P3_68_NODE_909_length_1722_cov_223.375879	1	1722	24625	1722	100	1855.42	35.9	59.2
P3_68_NODE_910_length_1721_cov_1.183814	1	1721	152	1721	100	10.1871	35.6	53
P3_68_NODE_911_length_1718_cov_4.335501	1	1718	436	1718	100	33.1048	35.4	58
P3_68_NODE_912_length_1718_cov_1.064739	1	1718	111	1714	99.7672	8.14726	35.8	56.2
P3_68_NODE_913_length_1716_cov_0.949654	1	1716	141	1703	99.2424	8.73893	35.9	50.1
P3_68_NODE_914_length_1716_cov_0.663310	1	1716	58	1716	100	4.662	35.7	60
P3_68_NODE_915_length_1710_cov_0.891977	1	1710	79	1710	100	6.19123	36	58.4
P3_68_NODE_916_length_1709_cov_0.852718	1	1709	119	1709	100	8.79754	35.9	56.7
P3_68_NODE_917_length_1708_cov_0.760911	1	1708	68	1708	100	5.3267	36.1	55.6
P3_68_NODE_918_length_1708_cov_0.467426	1	1708	55	1708	100	3.98126	35.8	52.9
P3_68_NODE_919_length_1699_cov_1.113232	1	1699	108	1699	100	8.47381	36	60
P3_68_NODE_920_length_1697_cov_0.519745	1	1697	69	1692	99.7054	4.65881	35.1	55.7
P3_68_NODE_921_length_1695_cov_0.424745	1	1695	59	1695	100	4.22714	35.2	55.4
P3_68_NODE_922_length_1691_cov_1.115090	1	1691	109	1691	100	8.32348	36	59.7
P3_68_NODE_923_length_1691_cov_0.838235	1	1691	92	1691	100	7.36724	35.3	59.2
P3_68_NODE_924_length_1687_cov_0.808333	1	1687	104	1687	100	7.28749	35.5	51.1
P3_68_NODE_925_length_1685_cov_0.861361	1	1685	82	1685	100	6.45994	35.7	55.5
P3_68_NODE_926_length_1677_cov_0.854194	1	1677	77	1677	100	6.19618	35.7	57.8
P3_68_NODE_927_length_1676_cov_0.450613	1	1676	39	1676	100	3.06623	36.2	57.7
P3_68_NODE_928_length_1675_cov_0.786822	1	1675	66	1675	100	5.61433	35.5	60
P3_68_NODE_929_length_1674_cov_0.830640	1	1674	74	1674	100	6.11947	36.1	59.3
P3_68_NODE_930_length_1671_cov_0.573834	1	1671	890310	1671	100	22298.1	35.7	52.8
P3_68_NODE_931_length_1668_cov_0.730045	1	1668	68	1668	100	5.4946	36.3	60
P3_68_NODE_932_length_1666_cov_1.145549	1	1666	117	1666	100	8.84934	35.4	54
P3_68_NODE_933_length_1664_cov_4.080677	1	1664	598	1664	100	40.7939	34.6	54.1
P3_68_NODE_934_length_1664_cov_0.608328	1	1664	70	1664	100	4.75601	34.7	55.8
P3_68_NODE_935_length_1663_cov_0.613281	1	1663	193	1663	100	8.88394	32.8	31.3
P3_68_NODE_936_length_1661_cov_0.898957	1	1661	102	1661	100	7.5599	35.7	60
P3_68_NODE_937_length_1658_cov_138.005042	1	1658	14016	1658	100	1116.55	35.9	59.9
P3_68_NODE_938_length_1657_cov_1.758824	1	1657	193	1657	100	14.4158	35.9	59.1
P3_68_NODE_939_length_1657_cov_1.685621	1	1657	163	1657	100	12.7918	35.5	57.3
P3_68_NODE_940_length_1657_cov_0.686275	1	1657	67	1657	100	5.37176	35.8	55.4
P3_68_NODE_941_length_1656_cov_0.389797	1	1656	57	1656	100	3.66848	35.8	50.8
P3_68_NODE_942_length_1653_cov_2.292267	1	1653	249	1649	99.758	19.0024	35.4	56.8
P3_68_NODE_943_length_1653_cov_0.634993	1	1653	119	1653	100	7.22505	34.2	46
P3_68_NODE_944_length_1650_cov_1.594879	1	1650	179	1650	100	13.3927	36	57.9
P3_68_NODE_945_length_1650_cov_0.749836	1	1650	68	1650	100	5.34424	35.2	55.3
P3_68_NODE_946_length_1650_cov_0.667104	1	1650	54	1650	100	4.38	35.8	57.2
P3_68_NODE_947_length_1649_cov_0.684625	1	1649	55	1623	98.4233	4.58945	35.9	59.7
P3_68_NODE_948_length_1648_cov_6.602254	1	1648	602	1648	100	48.2919	35.9	59.9
P3_68_NODE_949_length_1648_cov_0.539776	1	1648	55	1648	100	4.3216	35.7	59
P3_68_NODE_950_length_1647_cov_0.594079	1	1647	58	1647	100	4.62174	35.2	59
P3_68_NODE_951_length_1644_cov_8.108108	1	1644	666	1644	100	57.1186	35.8	58.1
P3_68_NODE_952_length_1644_cov_0.857614	1	1644	69	1644	100	5.86192	36.3	58.3
P3_68_NODE_953_length_1643_cov_0.400396	1	1643	58	1626	98.9653	3.80037	35.6	48.1
P3_68_NODE_954_length_1633_cov_1.861886	1	1633	237	1633	100	16.7826	35.6	53
P3_68_NODE_955_length_1633_cov_0.515272	1	1633	49	1633	100	4.2474	35.8	60
P3_68_NODE_956_length_1632_cov_0.544186	1	1632	50	1632	100	4.21752	35.3	59.6
P3_68_NODE_957_length_1630_cov_0.714571	1	1630	143	1630	100	7.48896	34.5	37.6
P3_68_NODE_958_length_1630_cov_0.709914	1	1630	97	1630	100	6.6638	34.7	50.9
P3_68_NODE_959_length_1629_cov_1.059920	1	1629	129	1629	100	10.7471	35.1	58.2
P3_68_NODE_960_length_1627_cov_1.192000	1	1627	137	1624	99.8156	9.90904	35.6	54.9
P3_68_NODE_961_length_1627_cov_0.564667	1	1627	76	1627	100	5.09404	35.5	49.9
P3_68_NODE_962_length_1626_cov_0.551034	1	1626	51	1626	100	3.95449	35.7	58.8
P3_68_NODE_963_length_1625_cov_0.879172	1	1625	88	1625	100	7.03077	36.3	55
P3_68_NODE_964_length_1624_cov_1.070808	1	1624	99	1624	100	7.91626	36	50.9
P3_68_NODE_965_length_1624_cov_0.714095	1	1624	75	1624	100	5.66995	35	51.8
P3_68_NODE_966_length_1621_cov_0.738286	1	1621	59	1621	100	5.11536	35.6	60
P3_68_NODE_967_length_1620_cov_0.985934	1	1620	81	1620	100	7.16481	35	59.6
P3_68_NODE_968_length_1619_cov_0.674933	1	1619	58	1619	100	4.82149	36	59.5
P3_68_NODE_969_length_1614_cov_0.667787	1	1614	96	1614	100	6.36927	35.2	52.4
P3_68_NODE_970_length_1613_cov_1.892328	1	1613	171	1613	100	13.9312	35.6	59.5
P3_68_NODE_971_length_1612_cov_1.098990	1	1612	134	1612	100	10.1669	35.9	52.7
P3_68_NODE_972_length_1610_cov_0.662846	1	1610	49	1610	100	4.13478	35.6	55.1
P3_68_NODE_973_length_1608_cov_1.096556	1	1608	143	1608	100	10.5267	35.6	55.1
P3_68_NODE_974_length_1605_cov_0.422869	1	1605	48	1605	100	3.73707	35	55.4
P3_68_NODE_975_length_1604_cov_0.990521	1	1604	92	1604	100	7.65586	36.1	58.4
P3_68_NODE_976_length_1601_cov_0.905699	1	1601	73	1601	100	6.25734	35.5	58.9
P3_68_NODE_977_length_1600_cov_0.746096	1	1600	68	1600	100	5.65188	35.6	58.8
P3_68_NODE_978_length_1600_cov_0.685675	1	1600	98	1596	99.75	6.68313	34.9	51.9
P3_68_NODE_979_length_1599_cov_1.319293	1	1599	162	1599	100	11.6642	35.7	49.4
P3_68_NODE_980_length_1598_cov_0.923861	1	1598	75	1586	99.2491	6.53317	35.1	58.4
P3_68_NODE_981_length_1597_cov_0.711565	1	1597	102	1597	100	6.91547	35.1	53.8
P3_68_NODE_982_length_1592_cov_6.787086	1	1592	721	1592	100	58.1087	35.8	58.6
P3_68_NODE_983_length_1591_cov_0.669399	1	1591	3558	1591	100	72.2011	33.2	1.51
P3_68_NODE_984_length_1590_cov_0.586466	1	1590	54	1590	100	4.6522	35.6	60
P3_68_NODE_985_length_1586_cov_0.687457	1	1586	75	1586	100	6.29256	35.8	59.6
P3_68_NODE_986_length_1584_cov_0.649966	1	1584	541	1584	100	17.9444	26.6	11
P3_68_NODE_987_length_1583_cov_0.909341	1	1583	84	1583	100	7.01074	35.9	58.6
P3_68_NODE_988_length_1581_cov_0.473865	1	1581	50	1580	99.9367	3.55345	36	49.7
P3_68_NODE_989_length_1580_cov_15.164616	1	1580	1505	1580	100	124.549	35.8	59.9
P3_68_NODE_990_length_1580_cov_0.799725	1	1580	71	1580	100	6.03228	35.8	59.4
P3_68_NODE_991_length_1578_cov_0.636802	1	1578	74	1578	100	5.2763	34.4	48.7
P3_68_NODE_992_length_1576_cov_1.111801	1	1576	101	1576	100	8.49492	35.6	58.3
P3_68_NODE_993_length_1573_cov_0.573306	1	1573	66	1573	100	4.70757	35.1	51.2
P3_68_NODE_994_length_1569_cov_0.675451	1	1569	60	1569	100	4.95921	36.2	58.7
P3_68_NODE_995_length_1567_cov_1624.633333	1	1567	143699	1567	100	12775.9	35.9	58.1
P3_68_NODE_996_length_1562_cov_1.268293	1	1562	103	1562	100	9.06018	35.5	55.8
P3_68_NODE_997_length_1562_cov_0.648780	1	1562	55	1562	100	4.95583	35.7	58.2
P3_68_NODE_998_length_1558_cov_0.672956	1	1558	49	1558	100	4.37356	35.9	57.7
P3_68_NODE_999_length_1557_cov_0.465734	1	1557	76	1557	100	4.14708	35.5	41.3
P3_68_NODE_1000_length_1556_cov_0.596921	1	1556	50	1556	100	4.3644	35.9	57.6
P3_68_NODE_1001_length_1553_cov_1.657784	1	1553	171	1553	100	13.9807	35.6	58.4
P3_68_NODE_1002_length_1550_cov_0.763176	1	1550	59	1550	100	5.14516	36	60
P3_68_NODE_1003_length_1545_cov_1.749647	1	1545	142	1539	99.6117	12.8401	35.5	59.3
P3_68_NODE_1004_length_1543_cov_0.541667	1	1543	59	1543	100	4.43292	35.7	51.2
P3_68_NODE_1005_length_1543_cov_0.432203	1	1543	59	1543	100	4.15943	34.7	47
P3_68_NODE_1006_length_1542_cov_0.946290	1	1542	124	1542	100	8.90272	34.4	52.7
P3_68_NODE_1007_length_1538_cov_1.389794	1	1538	118	1538	100	9.95514	35.8	58.2
P3_68_NODE_1008_length_1538_cov_0.459249	1	1538	146	1538	100	6.58778	30.7	26.1
P3_68_NODE_1009_length_1537_cov_0.570922	1	1537	69	1537	100	4.8959	33.9	47.9
P3_68_NODE_1010_length_1536_cov_9.816597	1	1536	899	1536	100	77.2031	36	59.9
P3_68_NODE_1011_length_1536_cov_0.740241	1	1536	102	1536	100	7.83008	35	52.8
P3_68_NODE_1012_length_1535_cov_1.074574	1	1535	100	1535	100	8.07036	36	51.5
P3_68_NODE_1013_length_1535_cov_0.705966	1	1535	58	1535	100	5.13029	35.4	59.8
P3_68_NODE_1014_length_1532_cov_1.659075	1	1532	174	1532	100	14.3074	34.6	55.7
P3_68_NODE_1015_length_1530_cov_4.071989	1	1530	596	1529	99.9346	49.3987	35.1	40.5
P3_68_NODE_1016_length_1529_cov_0.709700	1	1529	68	1529	100	5.68542	35.8	56.9
P3_68_NODE_1017_length_1528_cov_11.790937	1	1528	1000	1528	100	88.3344	36	59.9
P3_68_NODE_1018_length_1527_cov_13.671705	1	1527	1427	1527	100	123.718	35.5	59.5
P3_68_NODE_1019_length_1526_cov_1.029307	1	1526	83	1526	100	7.65465	36	57.7
P3_68_NODE_1020_length_1525_cov_2.512160	1	1525	259	1513	99.2131	21.558	35.9	57.6
P3_68_NODE_1021_length_1525_cov_1.168097	1	1525	125	1525	100	9.2623	34.9	51.3
P3_68_NODE_1022_length_1519_cov_0.688218	1	1519	66	1516	99.8025	5.34233	34.9	56.9
P3_68_NODE_1023_length_1517_cov_0.712230	1	1517	49	1517	100	4.55372	36	59.2
P3_68_NODE_1024_length_1516_cov_0.561555	1	1516	51	1516	100	4.54683	35.8	57.6
P3_68_NODE_1025_length_1513_cov_0.808081	1	1513	63	1511	99.8678	5.6041	35.8	59.2
P3_68_NODE_1026_length_1507_cov_4.294370	1	1507	341	1507	100	30.1473	36	59.5
P3_68_NODE_1027_length_1506_cov_0.771574	1	1506	132	1506	100	9.89309	35.9	58
P3_68_NODE_1028_length_1506_cov_0.615664	1	1506	50	1506	100	4.26494	35.9	55.4
P3_68_NODE_1029_length_1504_cov_0.783588	1	1504	87	1504	100	7.23936	35.5	57.7
P3_68_NODE_1030_length_1502_cov_0.634909	1	1502	99	1458	97.0706	6.29028	35.3	44.9
P3_68_NODE_1031_length_1502_cov_0.266909	1	1502	39	1502	100	2.81824	35.4	53.8
P3_68_NODE_1032_length_1501_cov_0.941048	1	1501	124	1501	100	8.87142	34	50.9
P3_68_NODE_1033_length_1499_cov_1.233236	1	1499	86	1499	100	8	35.9	59.2
P3_68_NODE_1034_length_1497_cov_0.659854	1	1497	95	1497	100	6.32131	34.6	54.1
P3_68_NODE_1035_length_1496_cov_1.024836	1	1496	78	1496	100	7.3135	36.4	60
P3_68_NODE_1036_length_1493_cov_0.745974	1	1493	59	1493	100	5.13061	35.2	58.2
P3_68_NODE_1037_length_1493_cov_0.372621	1	1493	70	1493	100	3.78567	34.7	38
P3_68_NODE_1038_length_1492_cov_11.013589	1	1492	979	1492	100	86.1428	35.9	59.9
P3_68_NODE_1039_length_1492_cov_1.145788	1	1492	100	1492	100	8.72453	35.6	54.8
P3_68_NODE_1040_length_1492_cov_0.646886	1	1492	50	1492	100	4.58579	36	57.7
P3_68_NODE_1041_length_1491_cov_0.928886	1	1491	92	1491	100	7.71831	35.4	57.5
P3_68_NODE_1042_length_1490_cov_0.817315	1	1490	25439	1490	100	723.244	33.8	4.18
P3_68_NODE_1043_length_1487_cov_0.329412	1	1487	97	1483	99.731	5.20444	34.6	35.1
P3_68_NODE_1044_length_1482_cov_0.566052	1	1482	47	1482	100	4.19028	35.6	51.4
P3_68_NODE_1045_length_1480_cov_0.939394	1	1480	129	1480	100	8.5473	34.7	45
P3_68_NODE_1046_length_1480_cov_0.728751	1	1480	57	1480	100	5.02905	36.2	57.6
P3_68_NODE_1047_length_1477_cov_0.697778	1	1477	49	1477	100	4.6933	35.4	57.6
P3_68_NODE_1048_length_1476_cov_0.670867	1	1476	74	1476	100	5.6836	35.9	52.9
P3_68_NODE_1049_length_1474_cov_0.656273	1	1474	61	1474	100	5.24627	35.9	59.9
P3_68_NODE_1050_length_1474_cov_0.526355	1	1474	46	1474	100	3.91045	35.8	55.2
P3_68_NODE_1051_length_1472_cov_0.524907	1	1472	36	1472	100	3.46535	35.9	60
P3_68_NODE_1052_length_1471_cov_0.223214	1	1471	52	1471	100	2.94765	34.8	42.4
P3_68_NODE_1053_length_1470_cov_323.875652	1	1470	32808	1470	100	2911.64	35.7	57.9
P3_68_NODE_1054_length_1470_cov_1.103500	1	1470	150	1470	100	10.8497	35.3	48.3
P3_68_NODE_1055_length_1470_cov_0.484736	1	1470	40	1470	100	3.61293	35.9	56.5
P3_68_NODE_1056_length_1468_cov_699.826249	1	1468	53791	1468	100	5099.53	35.7	57.9
P3_68_NODE_1057_length_1468_cov_0.610738	1	1468	65	1459	99.3869	5.42166	35.6	52.6
P3_68_NODE_1058_length_1466_cov_0.834205	1	1466	61	1466	100	5.84857	35.6	60
P3_68_NODE_1059_length_1464_cov_2.670905	1	1464	258	1464	100	22.8525	35.9	57.7
P3_68_NODE_1060_length_1463_cov_0.593563	1	1463	61	1463	100	5.03759	34.9	49.2
P3_68_NODE_1061_length_1461_cov_36.982368	1	1461	3320	1461	100	295.518	35.9	59.9
P3_68_NODE_1062_length_1457_cov_0.606015	1	1457	68	1443	99.0391	5.21277	35.2	54.2
P3_68_NODE_1063_length_1456_cov_436.832205	1	1456	33071	1456	100	3169.75	35.6	58.8
P3_68_NODE_1064_length_1451_cov_1.495468	1	1451	153	1451	100	13.1551	35.7	58
P3_68_NODE_1065_length_1448_cov_0.763058	1	1448	58	1448	100	5.43992	35.4	57.5
P3_68_NODE_1066_length_1448_cov_0.441332	1	1448	43	1448	100	3.59461	36	53.8
P3_68_NODE_1067_length_1443_cov_0.759119	1	1443	266439	1443	100	7552.28	36.1	2.04
P3_68_NODE_1068_length_1443_cov_0.696809	1	1443	49	1443	100	4.62301	36.1	57.9
P3_68_NODE_1069_length_1440_cov_0.511043	1	1440	55	1440	100	4.27847	36.1	56.8
P3_68_NODE_1070_length_1439_cov_1.025915	1	1439	77	1439	100	6.98124	36.1	58.9
P3_68_NODE_1071_length_1438_cov_2.574441	1	1438	213	1438	100	19.4103	35.9	59.5
P3_68_NODE_1072_length_1436_cov_5.497326	1	1436	740	1436	100	60.4234	35	57.5
P3_68_NODE_1073_length_1435_cov_0.322630	1	1435	34	1435	100	2.93728	35.9	50.1
P3_68_NODE_1074_length_1434_cov_0.442234	1	1434	146	1434	100	9.50976	35.5	41.3
P3_68_NODE_1075_length_1427_cov_6.288932	1	1427	810	1427	100	56.7351	35.8	48.5
P3_68_NODE_1076_length_1421_cov_0.397991	1	1421	50	1421	100	3.71921	35.1	48
P3_68_NODE_1077_length_1420_cov_0.648105	1	1420	42	1420	100	4.25352	36.6	60
P3_68_NODE_1078_length_1418_cov_0.825716	1	1418	62	1418	100	5.83427	35.8	58.8
P3_68_NODE_1079_length_1417_cov_0.830233	1	1417	59	1417	100	5.5921	35.2	56.2
P3_68_NODE_1080_length_1416_cov_0.610551	1	1416	100	1416	100	5.51059	35.7	46.2
P3_68_NODE_1081_length_1415_cov_0.656832	1	1415	43	1415	100	4.36254	35.9	60
P3_68_NODE_1082_length_1415_cov_0.641304	1	1415	134	1415	100	8.27208	35.5	50.8
P3_68_NODE_1083_length_1415_cov_0.503106	1	1415	68	1415	100	4.18869	35.1	37
P3_68_NODE_1084_length_1411_cov_0.597352	1	1411	50	1401	99.2913	4.28136	36	49.6
P3_68_NODE_1085_length_1408_cov_0.809524	1	1408	57	1408	100	5.48224	36.4	60
P3_68_NODE_1086_length_1407_cov_0.475781	1	1407	38	1407	100	3.58991	36.3	56.7
P3_68_NODE_1087_length_1405_cov_0.830203	1	1405	48	1405	100	5.10534	35.8	60
P3_68_NODE_1088_length_1405_cov_0.817684	1	1405	91	1405	100	7.10961	35.3	52
P3_68_NODE_1089_length_1404_cov_0.732968	1	1404	54	1404	100	5.07123	35.8	57.3
P3_68_NODE_1090_length_1403_cov_325.442790	1	1403	24814	1403	100	2424.9	35.9	58.8
P3_68_NODE_1091_length_1403_cov_0.977273	1	1403	70	1403	100	6.65502	35.7	58.7
P3_68_NODE_1092_length_1403_cov_0.424765	1	1403	31	1403	100	2.85959	35.5	59.1
P3_68_NODE_1093_length_1400_cov_0.553024	1	1400	56	1400	100	4.86357	34.5	54.9
P3_68_NODE_1094_length_1399_cov_0.651730	1	1399	64	1399	100	5.29092	35.4	49.2
P3_68_NODE_1095_length_1399_cov_0.538522	1	1399	56	1396	99.7856	4.37455	35.3	51.4
P3_68_NODE_1096_length_1399_cov_0.505503	1	1399	55	1399	100	4.16798	35.8	48
P3_68_NODE_1097_length_1397_cov_0.440945	1	1397	50	1397	100	3.79456	35.5	55.2
P3_68_NODE_1098_length_1391_cov_0.850475	1	1391	72	1391	100	6.9504	35.8	59.7
P3_68_NODE_1099_length_1390_cov_0.878068	1	1390	61	1390	100	6.24101	36	60
P3_68_NODE_1100_length_1390_cov_0.649248	1	1390	48	1390	100	4.98129	35.5	58.8
P3_68_NODE_1101_length_1385_cov_0.585851	1	1385	52	1385	100	4.80794	35	58
P3_68_NODE_1102_length_1384_cov_0.575179	1	1384	51	1384	100	4.68353	35.5	59.7
P3_68_NODE_1103_length_1382_cov_0.769721	1	1382	56	1382	100	5.31331	35.5	58.7
P3_68_NODE_1104_length_1379_cov_0.402556	1	1379	36	1379	100	3.1327	35.7	51
P3_68_NODE_1105_length_1376_cov_0.935148	1	1376	76	1376	100	6.39826	35.7	51
P3_68_NODE_1106_length_1376_cov_0.495596	1	1376	42	1376	100	3.8234	35.9	57.1
P3_68_NODE_1107_length_1375_cov_0.508814	1	1375	69	1375	100	5.09964	35.1	48.9
P3_68_NODE_1108_length_1374_cov_0.768244	1	1374	61	1374	100	5.47525	35.5	52.2
P3_68_NODE_1109_length_1371_cov_0.526527	1	1371	49	1371	100	4.58206	36	59.4
P3_68_NODE_1110_length_1369_cov_1.066023	1	1369	123	1369	100	9.17969	34.3	43.9
P3_68_NODE_1111_length_1369_cov_0.603865	1	1369	54	1369	100	5.20599	36.3	55.7
P3_68_NODE_1112_length_1369_cov_0.409823	1	1369	72	1359	99.2695	5.37765	34.7	48.2
P3_68_NODE_1113_length_1366_cov_0.560936	1	1366	38	1366	100	3.57028	35.7	51.8
P3_68_NODE_1114_length_1364_cov_0.789006	1	1364	76	1364	100	6.25367	34.6	45.1
P3_68_NODE_1115_length_1364_cov_0.610348	1	1364	51	1364	100	4.8761	36	58
P3_68_NODE_1116_length_1361_cov_0.901135	1	1361	84	1361	100	7.9853	35.6	59.5
P3_68_NODE_1117_length_1356_cov_0.615948	1	1356	54	1356	100	4.92847	34.9	53.7
P3_68_NODE_1118_length_1355_cov_0.538274	1	1355	55	1355	100	4.55941	35.6	49.7
P3_68_NODE_1119_length_1355_cov_0.460098	1	1355	54	1355	100	4.95572	34.8	57.3
P3_68_NODE_1120_length_1353_cov_12.378467	1	1353	1200	1353	100	113.266	35.3	57.1
P3_68_NODE_1121_length_1352_cov_1.598367	1	1352	164	1352	100	14.8935	35	53.8
P3_68_NODE_1122_length_1350_cov_0.453802	1	1350	58	1350	100	4.23926	34.4	45.2
P3_68_NODE_1123_length_1350_cov_0.402289	1	1350	37	1350	100	3.36074	36.1	53.5
P3_68_NODE_1124_length_1348_cov_0.870598	1	1348	96	1348	100	7.88131	35.1	52.5
P3_68_NODE_1125_length_1347_cov_0.491803	1	1347	74	1347	100	4.69636	35	36.3
P3_68_NODE_1126_length_1344_cov_0.666393	1	1344	49	1344	100	5.10714	36	60
P3_68_NODE_1127_length_1343_cov_0.520559	1	1343	40	1343	100	4.03946	35	56.8
P3_68_NODE_1128_length_1340_cov_0.413850	1	1340	39	1329	99.1791	3.22313	35.7	48.2
P3_68_NODE_1129_length_1338_cov_0.753097	1	1338	73	1338	100	6.15097	35.4	52.7
P3_68_NODE_1130_length_1337_cov_0.986777	1	1337	92	1337	100	8.00374	35.1	51.5
P3_68_NODE_1131_length_1337_cov_0.752893	1	1337	52	1337	100	5.3276	35.8	56.8
P3_68_NODE_1132_length_1336_cov_0.498759	1	1336	53	1324	99.1018	4.30464	35.6	49.6
P3_68_NODE_1133_length_1335_cov_0.719371	1	1335	51	1335	100	4.63521	35.8	53.3
P3_68_NODE_1134_length_1331_cov_0.558140	1	1331	44	1331	100	4.39519	35.3	58.8
P3_68_NODE_1135_length_1330_cov_0.413965	1	1330	42	1330	100	3.58872	34.9	47
P3_68_NODE_1136_length_1328_cov_0.863447	1	1328	61	1328	100	6.13328	35.5	56.3
P3_68_NODE_1137_length_1328_cov_0.467111	1	1328	43	1318	99.247	3.39081	35.6	45.2
P3_68_NODE_1138_length_1326_cov_20.697178	1	1326	1571	1326	100	158.959	36	60
P3_68_NODE_1139_length_1325_cov_0.517529	1	1325	81	1325	100	5.68453	35.1	46.9
P3_68_NODE_1140_length_1324_cov_2.065998	1	1324	184	1324	100	17.2409	34.6	52.8
P3_68_NODE_1141_length_1322_cov_0.892050	1	1322	73	1312	99.2436	7.25038	35.4	57.3
P3_68_NODE_1142_length_1322_cov_0.856904	1	1322	87	1322	100	7.54009	35.3	53.1
P3_68_NODE_1143_length_1321_cov_1.013400	1	1321	74	1321	100	7.4701	35.9	59.5
P3_68_NODE_1144_length_1319_cov_0.861577	1	1319	72	1319	100	6.74602	35.7	57.9
P3_68_NODE_1145_length_1319_cov_0.634228	1	1319	41	1319	100	4.53298	35.3	60
P3_68_NODE_1146_length_1319_cov_0.595638	1	1319	135	1303	98.787	10.9113	35.5	52.8
P3_68_NODE_1147_length_1317_cov_0.500000	1	1317	44	1317	100	4.19286	35.3	57.9
P3_68_NODE_1148_length_1317_cov_0.445378	1	1317	32	1317	100	3.08656	36	55
P3_68_NODE_1149_length_1315_cov_0.826599	1	1315	131	1315	100	8.90798	34.8	42.2
P3_68_NODE_1150_length_1315_cov_0.702020	1	1315	67	1315	100	5.90875	35.8	55.6
P3_68_NODE_1151_length_1315_cov_0.420034	1	1315	39	1315	100	3.4692	34.6	53.3
P3_68_NODE_1152_length_1313_cov_0.693929	1	1313	51	1313	100	5.01904	35.4	58.7
P3_68_NODE_1153_length_1312_cov_0.428692	1	1312	48	1312	100	4.11357	35.8	56.3
P3_68_NODE_1154_length_1311_cov_0.755068	1	1311	54	1311	100	5.60488	36.2	59.3
P3_68_NODE_1155_length_1311_cov_0.559122	1	1311	65	1311	100	5.62319	36	58.3
P3_68_NODE_1156_length_1311_cov_0.542230	1	1311	40	1301	99.2372	4.16934	35.5	59.8
P3_68_NODE_1157_length_1308_cov_0.585097	1	1308	37	1308	100	4.1078	35.7	60
P3_68_NODE_1158_length_1307_cov_0.833051	1	1307	106	1307	100	8.11094	35.1	49.4
P3_68_NODE_1159_length_1306_cov_0.393554	1	1306	42	1306	100	3.76646	35.2	56.7
P3_68_NODE_1160_length_1304_cov_0.225998	1	1304	37	1304	100	2.68328	34.2	48.3
P3_68_NODE_1161_length_1303_cov_0.883503	1	1303	79	1303	100	7.29931	35.3	53.4
P3_68_NODE_1162_length_1301_cov_0.431005	1	1301	30	1291	99.2314	3.22444	35.7	60
P3_68_NODE_1163_length_1300_cov_1.137255	1	1300	77	1300	100	8.08769	35.9	59
P3_68_NODE_1164_length_1300_cov_0.539642	1	1300	39	1300	100	3.83	36.1	55.8
P3_68_NODE_1165_length_1300_cov_0.492754	1	1300	43	1300	100	4.24231	36.2	59.1
P3_68_NODE_1166_length_1297_cov_0.585470	1	1297	48	1297	100	5.26677	35.3	60
P3_68_NODE_1167_length_1295_cov_1.613014	1	1295	150	1295	100	13.9444	35.6	44.9
P3_68_NODE_1168_length_1292_cov_0.511588	1	1292	33	1292	100	3.68808	36.6	60
P3_68_NODE_1169_length_1292_cov_0.387124	1	1292	28	1292	100	2.9969	35.9	60
P3_68_NODE_1170_length_1291_cov_0.282646	1	1291	40	1279	99.0705	3.00077	35.6	49.5
P3_68_NODE_1171_length_1290_cov_0.529665	1	1290	46	1290	100	4.13953	35.7	54.4
P3_68_NODE_1172_length_1290_cov_0.366294	1	1290	66	1290	100	6.51085	35.7	59.6
P3_68_NODE_1173_length_1289_cov_0.799484	1	1289	71	1289	100	7.10706	35.1	56.2
P3_68_NODE_1174_length_1289_cov_0.617900	1	1289	58	1289	100	5.86967	35.6	57.1
P3_68_NODE_1175_length_1287_cov_0.888793	1	1287	61	1287	100	6.75136	35.9	60
P3_68_NODE_1176_length_1287_cov_0.611207	1	1287	39	1287	100	4.38539	36	60
P3_68_NODE_1177_length_1287_cov_0.425000	1	1287	49	1287	100	3.95571	36	55.7
P3_68_NODE_1178_length_1286_cov_0.941329	1	1286	94	1286	100	7.44401	34.8	44.2
P3_68_NODE_1179_length_1286_cov_0.805867	1	1286	54	1286	100	5.78849	36.1	59.3
P3_68_NODE_1180_length_1285_cov_0.714162	1	1285	74	1285	100	6.47549	34.3	53.9
P3_68_NODE_1181_length_1284_cov_0.830596	1	1284	64	1284	100	6.20249	36.4	59.5
P3_68_NODE_1182_length_1282_cov_0.968831	1	1282	74	1282	100	7.50624	35.9	57.2
P3_68_NODE_1183_length_1282_cov_0.844156	1	1282	52	1282	100	5.72543	36.5	60
P3_68_NODE_1184_length_1280_cov_4.085999	1	1280	288	1280	100	30.1539	36	59.1
P3_68_NODE_1185_length_1280_cov_1.746748	1	1280	124	1280	100	12.8586	35.9	56.5
P3_68_NODE_1186_length_1280_cov_0.625325	1	1280	39	1280	100	4.08828	34.7	56.8
P3_68_NODE_1187_length_1279_cov_0.584201	1	1279	57	1279	100	5.00782	35.2	52.9
P3_68_NODE_1188_length_1276_cov_0.918190	1	1276	60	1276	100	6.54624	35.8	58
P3_68_NODE_1189_length_1276_cov_0.888599	1	1276	85	1267	99.2947	7.94436	35	52.3
P3_68_NODE_1190_length_1274_cov_1.340017	1	1274	117	1274	100	11.3956	35.6	56.6
P3_68_NODE_1191_length_1273_cov_0.658813	1	1273	78	1273	100	6.68264	35.3	52.1
P3_68_NODE_1192_length_1272_cov_0.499563	1	1272	56	1272	100	4.63286	35.4	54.2
P3_68_NODE_1193_length_1272_cov_0.387773	1	1272	25	1272	100	2.82547	36.3	60
P3_68_NODE_1194_length_1271_cov_1.078671	1	1271	94	1271	100	8.82769	36.4	49.5
P3_68_NODE_1195_length_1270_cov_0.427822	1	1270	42	1270	100	3.97244	35.6	58.7
P3_68_NODE_1196_length_1269_cov_0.558669	1	1269	37	1269	100	4.01418	35.3	58.4
P3_68_NODE_1197_length_1269_cov_0.508757	1	1269	43	1269	100	3.76832	35	51.4
P3_68_NODE_1198_length_1268_cov_0.556529	1	1268	41	1268	100	4.22003	35.8	58.6
P3_68_NODE_1199_length_1267_cov_0.990351	1	1267	55	1267	100	6.28571	35.9	60
P3_68_NODE_1200_length_1265_cov_0.705624	1	1265	56	1265	100	5.59763	34.8	57.6
P3_68_NODE_1201_length_1265_cov_0.670475	1	1265	74	1228	97.0751	6.55652	35.5	49.9
P3_68_NODE_1202_length_1264_cov_0.806508	1	1264	89	1254	99.2089	8.55617	36	57.2
P3_68_NODE_1203_length_1261_cov_0.618166	1	1261	348	1261	100	14.2331	26.9	14.4
P3_68_NODE_1204_length_1258_cov_0.350133	1	1258	31	1258	100	3.06359	35.6	56.6
P3_68_NODE_1205_length_1256_cov_1.122232	1	1256	90	1256	100	9.36704	35.7	60
P3_68_NODE_1206_length_1255_cov_1.479610	1	1255	138	1255	100	13.0032	34.7	52
P3_68_NODE_1207_length_1255_cov_0.884752	1	1255	51	1255	100	5.86853	36.3	58.7
P3_68_NODE_1208_length_1254_cov_0.652174	1	1254	57	1254	100	5.46411	34.9	57.5
P3_68_NODE_1209_length_1252_cov_1.065778	1	1252	78	1252	100	8.05671	35.6	55.5
P3_68_NODE_1210_length_1252_cov_0.838222	1	1252	73	1233	98.4824	7.32668	35.6	55.9
P3_68_NODE_1211_length_1252_cov_0.694222	1	1252	52	1252	100	4.97444	36.1	50.7
P3_68_NODE_1212_length_1251_cov_0.917260	1	1251	83	1251	100	8.65867	35.6	60
P3_68_NODE_1213_length_1251_cov_0.837189	1	1251	70	1251	100	7.3805	35.6	59.8
P3_68_NODE_1214_length_1250_cov_0.691897	1	1250	46	1250	100	4.8968	35.2	60
P3_68_NODE_1215_length_1250_cov_0.385574	1	1250	38	1250	100	3.184	35.6	48
P3_68_NODE_1216_length_1249_cov_0.459893	1	1249	35	1249	100	3.75981	36.1	60
P3_68_NODE_1217_length_1247_cov_0.604464	1	1247	45	1237	99.1981	4.749	35.9	60
P3_68_NODE_1218_length_1245_cov_0.516100	1	1245	43	1245	100	4.12369	34.6	50.1
P3_68_NODE_1219_length_1244_cov_0.441361	1	1244	41	1244	100	3.35289	35.7	46
P3_68_NODE_1220_length_1242_cov_0.648430	1	1242	53	1242	100	5.23833	35.5	54.3
P3_68_NODE_1221_length_1242_cov_0.616143	1	1242	38	1242	100	4.41546	36	60
P3_68_NODE_1222_length_1242_cov_0.552466	1	1242	41	1242	100	4.16264	36.2	57.1
P3_68_NODE_1223_length_1239_cov_0.997302	1	1239	65	1239	100	7.0912	36.1	58.2
P3_68_NODE_1224_length_1239_cov_0.671763	1	1239	38	1239	100	4.523	35.1	60
P3_68_NODE_1225_length_1238_cov_0.714671	1	1238	48	1238	100	5.15428	35.6	60
P3_68_NODE_1226_length_1238_cov_0.599460	1	1238	67	1238	100	5.40711	35.6	46.9
P3_68_NODE_1227_length_1236_cov_0.633904	1	1236	78	1236	100	6.46764	35.2	48.2
P3_68_NODE_1228_length_1234_cov_0.324300	1	1234	35	1234	100	3.31767	35.5	56.6
P3_68_NODE_1229_length_1233_cov_0.592224	1	1233	55	1233	100	5.26683	35	58.2
P3_68_NODE_1230_length_1232_cov_0.699548	1	1232	122	1232	100	9.12744	33.3	46
P3_68_NODE_1231_length_1230_cov_0.614687	1	1230	64	1230	100	5.1813	35.2	46.2
P3_68_NODE_1232_length_1230_cov_0.506800	1	1230	41	1230	100	3.95935	34.8	49.6
P3_68_NODE_1233_length_1229_cov_0.627949	1	1229	40	1229	100	4.04557	35.8	57.9
P3_68_NODE_1234_length_1229_cov_0.569873	1	1229	34	1229	100	3.84622	36.1	60
P3_68_NODE_1235_length_1229_cov_0.294011	1	1229	20	1229	100	2.26363	35.4	60
P3_68_NODE_1236_length_1227_cov_0.688182	1	1227	43	1227	100	4.77262	35.8	59.1
P3_68_NODE_1237_length_1225_cov_0.845173	1	1225	56	1225	100	6.26776	35.8	60
P3_68_NODE_1238_length_1225_cov_0.741348	1	1225	37	1225	100	4.50612	35.4	60
P3_68_NODE_1239_length_1225_cov_0.451730	1	1225	51	1225	100	4.97796	36.3	56.1
P3_68_NODE_1240_length_1224_cov_0.923428	1	1224	76	1224	100	6.65768	35	50.7
P3_68_NODE_1241_length_1224_cov_0.589790	1	1224	60	1224	100	5.83905	34.1	52
P3_68_NODE_1242_length_1223_cov_0.826642	1	1223	282	1223	100	14.1226	32.5	13.4
P3_68_NODE_1243_length_1221_cov_0.833638	1	1221	99	1221	100	7.64373	34.6	46.2
P3_68_NODE_1244_length_1220_cov_0.857274	1	1220	63	1220	100	6.69508	35.4	55.4
P3_68_NODE_1245_length_1219_cov_0.948718	1	1219	56	1219	100	6.5808	35.8	60
P3_68_NODE_1246_length_1219_cov_0.558608	1	1219	28	1219	100	3.36259	35.7	60
P3_68_NODE_1247_length_1216_cov_0.522498	1	1216	41	1216	100	3.9597	35.7	50.4
P3_68_NODE_1248_length_1215_cov_0.805147	1	1215	65	1215	100	6.11276	36.4	55.5
P3_68_NODE_1249_length_1215_cov_0.625919	1	1215	62	1215	100	6.30288	35.1	56
P3_68_NODE_1250_length_1215_cov_0.363051	1	1215	31	1215	100	2.94733	35.7	55
P3_68_NODE_1251_length_1213_cov_0.529466	1	1213	36	1213	100	3.554	35.8	54.7
P3_68_NODE_1252_length_1213_cov_0.510129	1	1213	51	1213	100	4.60676	35.3	51.4
P3_68_NODE_1253_length_1213_cov_0.434622	1	1213	40	1213	100	3.8277	34.3	54.7
P3_68_NODE_1254_length_1212_cov_2.460829	1	1212	176	1212	100	18.104	35.5	56.5
P3_68_NODE_1255_length_1212_cov_0.985253	1	1212	71	1212	100	7.49092	35.6	59.4
P3_68_NODE_1256_length_1211_cov_1.389299	1	1211	93	1211	100	10.2411	36.2	59.6
P3_68_NODE_1257_length_1211_cov_0.690037	1	1211	46	1211	100	4.58216	35.6	51.9
P3_68_NODE_1258_length_1211_cov_0.573801	1	1211	619	1211	100	29.7019	25.6	8.49
P3_68_NODE_1259_length_1210_cov_1.118190	1	1210	57	1210	100	6.90992	35.4	60
P3_68_NODE_1260_length_1210_cov_0.517082	1	1210	29	1210	100	3.25207	35.3	56.1
P3_68_NODE_1261_length_1209_cov_2882.024954	1	1209	180270	1209	100	21024.5	36	59
P3_68_NODE_1262_length_1208_cov_1.104533	1	1208	55	1208	100	6.61424	36	59.3
P3_68_NODE_1263_length_1208_cov_0.575393	1	1208	47	1208	100	5.01987	35	55
P3_68_NODE_1264_length_1207_cov_0.595370	1	1207	70	1207	100	5.70671	35.8	47.6
P3_68_NODE_1265_length_1206_cov_0.566265	1	1206	1201	1206	100	40.0796	33.1	1.51
P3_68_NODE_1266_length_1206_cov_0.555144	1	1206	46	1206	100	5.16667	35.5	60
P3_68_NODE_1267_length_1203_cov_0.846654	1	1203	55	1203	100	6.21363	35.5	58.9
P3_68_NODE_1268_length_1203_cov_0.812268	1	1203	53	1203	100	5.8138	35.5	57.7
P3_68_NODE_1269_length_1202_cov_0.466977	1	1202	39	1197	99.584	3.9401	35	56.5
P3_68_NODE_1270_length_1200_cov_1.013048	1	1200	127	1200	100	12.4342	35.4	44.2
P3_68_NODE_1271_length_1200_cov_0.720410	1	1200	86	1200	100	6.5	33.2	37.4
P3_68_NODE_1272_length_1199_cov_1.083955	1	1199	507	1199	100	22.5822	32.4	11.5
P3_68_NODE_1273_length_1199_cov_0.823694	1	1199	46	1199	100	5.28107	36	59.3
P3_68_NODE_1274_length_1199_cov_0.683769	1	1199	56	1199	100	5.8824	36.3	57.2
P3_68_NODE_1275_length_1198_cov_1.963585	1	1198	171	1198	100	17.7721	36.1	53.8
P3_68_NODE_1276_length_1193_cov_0.948405	1	1193	76	1193	100	7.83236	36.2	52.7
P3_68_NODE_1277_length_1193_cov_0.682927	1	1193	58	1184	99.2456	5.68315	35.9	51.8
P3_68_NODE_1278_length_1193_cov_0.650094	1	1193	66	1192	99.9162	5.25314	35.5	41.9
P3_68_NODE_1279_length_1193_cov_0.592871	1	1193	49	1193	100	4.78206	35.6	55.8
P3_68_NODE_1280_length_1193_cov_0.447467	1	1193	56	1193	100	3.80302	35.3	39.1
P3_68_NODE_1281_length_1192_cov_0.656338	1	1192	34	1192	100	4.15185	36.2	60
P3_68_NODE_1282_length_1190_cov_0.698024	1	1190	44	1190	100	5.25714	34.6	60
P3_68_NODE_1283_length_1189_cov_0.486817	1	1189	159	1189	100	11.8343	34	19.2
P3_68_NODE_1284_length_1186_cov_0.288952	1	1186	41	1186	100	3.16863	34.6	47.3
P3_68_NODE_1285_length_1185_cov_0.585066	1	1185	44	1172	98.903	4.973	36.1	60
P3_68_NODE_1286_length_1184_cov_0.767266	1	1184	87	1184	100	7.14949	34.6	43
P3_68_NODE_1287_length_1184_cov_0.504257	1	1184	31	1184	100	3.65287	35.8	60
P3_68_NODE_1288_length_1183_cov_0.495265	1	1183	47	1183	100	3.4962	35.8	45
P3_68_NODE_1289_length_1182_cov_1.233175	1	1182	68	1182	100	8.16074	35.5	60
P3_68_NODE_1290_length_1181_cov_0.631879	1	1181	33	1181	100	4.1287	36.1	60
P3_68_NODE_1291_length_1181_cov_0.581594	1	1181	32	1181	100	3.42422	36.2	54.7
P3_68_NODE_1292_length_1181_cov_0.561670	1	1181	45	1148	97.2058	4.6105	35.3	57.6
P3_68_NODE_1293_length_1181_cov_0.553131	1	1181	41	1181	100	4.34716	35.7	56.1
P3_68_NODE_1294_length_1179_cov_0.594106	1	1179	44	1179	100	4.82952	35.7	57
P3_68_NODE_1295_length_1179_cov_0.332700	1	1179	51	1179	100	3.73367	35	43.5
P3_68_NODE_1296_length_1178_cov_0.758325	1	1178	48	1178	100	5.48557	35.9	60
P3_68_NODE_1297_length_1178_cov_0.622265	1	1178	34	1178	100	3.88879	36.5	54.4
P3_68_NODE_1298_length_1178_cov_0.558516	1	1178	30	1168	99.1511	3.68336	36.4	60
P3_68_NODE_1299_length_1178_cov_0.506185	1	1178	36	1178	100	3.66638	36	58.1
P3_68_NODE_1300_length_1176_cov_1.024786	1	1176	98	1176	100	8.57483	35.4	46.6
P3_68_NODE_1301_length_1176_cov_0.525262	1	1176	33	1176	100	3.96599	36.2	60
P3_68_NODE_1302_length_1174_cov_0.597899	1	1174	49	1174	100	4.9276	34.8	57.2
P3_68_NODE_1303_length_1174_cov_0.377268	1	1174	55	1174	100	4.56559	34.6	46.2
P3_68_NODE_1304_length_1173_cov_0.764818	1	1173	75	1173	100	7.69395	35.9	58.4
P3_68_NODE_1305_length_1173_cov_0.553537	1	1173	32	1173	100	3.71782	36.3	54.8
P3_68_NODE_1306_length_1173_cov_0.423518	1	1173	24	1173	100	2.91816	36.2	60
P3_68_NODE_1307_length_1172_cov_0.673684	1	1172	46	1172	100	5.06314	36	56.3
P3_68_NODE_1308_length_1170_cov_0.733461	1	1170	72	1170	100	6.54872	35.6	50.9
P3_68_NODE_1309_length_1169_cov_283.598848	1	1169	22098	1169	100	2524.09	35.4	52.2
P3_68_NODE_1310_length_1169_cov_0.673704	1	1169	41	1169	100	4.8024	35.5	60
P3_68_NODE_1311_length_1168_cov_1.724304	1	1168	110	1159	99.2295	12.6678	36.4	59.5
P3_68_NODE_1312_length_1168_cov_0.630163	1	1168	37	1168	100	4.51969	35.9	59.7
P3_68_NODE_1313_length_1168_cov_0.508165	1	1168	65	1168	100	5.79966	34.8	51.4
P3_68_NODE_1314_length_1168_cov_0.499520	1	1168	65	1168	100	4.38099	35.7	33
P3_68_NODE_1315_length_1168_cov_0.455331	1	1168	34	1168	100	3.74914	35	56.1
P3_68_NODE_1316_length_1167_cov_0.929808	1	1167	46	1158	99.2288	5.78406	36.3	58.7
P3_68_NODE_1317_length_1167_cov_0.879808	1	1167	76	1138	97.515	7.28963	34.2	51.1
P3_68_NODE_1318_length_1167_cov_0.583654	1	1167	32	1167	100	3.94344	36.4	60
P3_68_NODE_1319_length_1166_cov_1.016362	1	1166	72	1166	100	8.13894	35.3	57.6
P3_68_NODE_1320_length_1166_cov_0.785371	1	1166	54	1162	99.6569	6.16381	35.9	54.1
P3_68_NODE_1321_length_1166_cov_0.708373	1	1166	203	1166	100	12.8293	34.6	19.3
P3_68_NODE_1322_length_1164_cov_11.405887	1	1164	726	1164	100	83.0369	36.1	58.4
P3_68_NODE_1323_length_1163_cov_1.152510	1	1163	69	1163	100	8	35.6	58.3
P3_68_NODE_1324_length_1163_cov_0.786680	1	1163	49	1163	100	5.73775	36	60
P3_68_NODE_1325_length_1162_cov_1.066667	1	1162	86	1162	100	8.90448	35.2	53
P3_68_NODE_1326_length_1162_cov_0.611594	1	1162	34	1162	100	3.97762	35.6	59.6
P3_68_NODE_1327_length_1158_cov_0.587779	1	1158	48	1158	100	5.08031	35.4	58.2
P3_68_NODE_1328_length_1158_cov_0.380213	1	1158	55	1158	100	5.2513	36.1	50.7
P3_68_NODE_1329_length_1156_cov_0.748299	1	1156	57	1156	100	5.10467	35.3	52.3
P3_68_NODE_1330_length_1154_cov_1.163583	1	1154	141	1150	99.6534	15.8432	35.2	41.4
P3_68_NODE_1331_length_1154_cov_0.589094	1	1154	30	1154	100	3.83882	35.3	60
P3_68_NODE_1332_length_1154_cov_0.352483	1	1154	23	1139	98.7002	2.65425	35.7	58.8
P3_68_NODE_1333_length_1152_cov_0.374634	1	1152	34	1143	99.2188	3.18056	35.9	53
P3_68_NODE_1334_length_1149_cov_1.190802	1	1149	122	1149	100	12.8024	35.6	56.2
P3_68_NODE_1335_length_1149_cov_0.732877	1	1149	46	1149	100	5.15144	36	54.9
P3_68_NODE_1336_length_1148_cov_1.183154	1	1148	99	1148	100	9.41463	34.2	44.9
P3_68_NODE_1337_length_1144_cov_0.866273	1	1144	46	1134	99.1259	5.35839	36.2	58.3
P3_68_NODE_1338_length_1142_cov_2530.000985	1	1142	238010	1142	100	27322.6	35.8	51.5
P3_68_NODE_1339_length_1142_cov_0.811823	1	1142	77	1142	100	7.35902	35.6	60
P3_68_NODE_1340_length_1142_cov_0.555665	1	1142	55	1142	100	5.90718	34.9	53
P3_68_NODE_1341_length_1141_cov_0.641026	1	1141	36	1141	100	4.15863	36.4	55.9
P3_68_NODE_1342_length_1140_cov_1.916091	1	1140	107	1140	100	13.2605	36.2	58.6
P3_68_NODE_1343_length_1139_cov_0.989130	1	1139	57	1139	100	6.97191	35.8	59.6
P3_68_NODE_1344_length_1138_cov_0.490603	1	1138	32	1138	100	3.62214	36.5	58.6
P3_68_NODE_1345_length_1137_cov_1.144554	1	1137	69	1137	100	8.31135	35.2	59.6
P3_68_NODE_1346_length_1137_cov_1.003960	1	1137	84	1137	100	9.32014	36	59.8
P3_68_NODE_1347_length_1136_cov_0.458870	1	1136	28	1136	100	3.31426	35.5	58.6
P3_68_NODE_1348_length_1135_cov_2480.136905	1	1135	393366	1135	100	45504.3	35.4	26.4
P3_68_NODE_1349_length_1133_cov_1.064612	1	1133	72	1133	100	8.15093	35.7	56.6
P3_68_NODE_1350_length_1133_cov_0.550696	1	1133	31	1133	100	3.73433	36	60
P3_68_NODE_1351_length_1128_cov_0.666334	1	1128	69	1128	100	6.11259	35.7	50.4
P3_68_NODE_1352_length_1127_cov_0.566000	1	1127	54	1125	99.8225	5.42236	35	52.8
P3_68_NODE_1353_length_1126_cov_0.460460	1	1126	44	1126	100	4.38277	34.7	48.3
P3_68_NODE_1354_length_1126_cov_0.341341	1	1126	33	1126	100	3.35879	35.6	54.7
P3_68_NODE_1355_length_1123_cov_0.827309	1	1123	41	1118	99.5548	5.29029	36.1	60
P3_68_NODE_1356_length_1123_cov_0.668675	1	1123	42	1123	100	4.87979	35.8	58.2
P3_68_NODE_1357_length_1123_cov_0.486948	1	1123	38	1123	100	3.98219	35.2	51.8
P3_68_NODE_1358_length_1122_cov_0.658291	1	1122	62	1122	100	6.64171	34.5	51.7
P3_68_NODE_1359_length_1121_cov_0.615694	1	1121	49	1121	100	5.21142	35.4	53.6
P3_68_NODE_1360_length_1119_cov_0.837702	1	1119	50	1119	100	5.28686	35.2	50.8
P3_68_NODE_1361_length_1119_cov_0.679435	1	1119	73	1119	100	8.39857	35.7	58.4
P3_68_NODE_1362_length_1119_cov_0.341734	1	1119	22	1119	100	2.6622	35.1	54.5
P3_68_NODE_1363_length_1118_cov_0.631685	1	1118	38	1118	100	4.3551	35.6	56.9
P3_68_NODE_1364_length_1118_cov_0.574168	1	1118	37	1118	100	4.41592	35.8	58.9
P3_68_NODE_1365_length_1118_cov_0.503532	1	1118	31	1118	100	3.97764	34.8	60
P3_68_NODE_1366_length_1114_cov_0.973658	1	1114	55	1114	100	6.77917	36.3	60
P3_68_NODE_1367_length_1114_cov_0.654509	1	1114	47	1114	100	4.98294	35.1	54.9
P3_68_NODE_1368_length_1114_cov_0.646403	1	1114	56	1111	99.7307	5.26391	35.6	54.7
P3_68_NODE_1369_length_1113_cov_0.681542	1	1113	43	1113	100	5.14825	36.3	58.6
P3_68_NODE_1370_length_1112_cov_1.288325	1	1112	225	1112	100	14.6151	29.4	25.7
P3_68_NODE_1371_length_1112_cov_0.603046	1	1112	52	1112	100	5.21853	34.1	53.7
P3_68_NODE_1372_length_1112_cov_0.435533	1	1112	29	1105	99.3705	3.67086	35.9	60
P3_68_NODE_1373_length_1111_cov_0.599593	1	1111	34	1111	100	4.09001	35	54.4
P3_68_NODE_1374_length_1111_cov_0.438008	1	1111	41	1111	100	4.41764	34.2	56.2
P3_68_NODE_1375_length_1111_cov_0.414634	1	1111	27	1111	100	2.89199	36.1	47.4
P3_68_NODE_1376_length_1110_cov_0.828077	1	1110	42	1110	100	5.07207	36.1	56.1
P3_68_NODE_1377_length_1110_cov_0.496439	1	1110	25	1100	99.0991	3.08649	35.3	59.5
P3_68_NODE_1378_length_1109_cov_0.739308	1	1109	54	1109	100	6.26781	35.1	57.3
P3_68_NODE_1379_length_1109_cov_0.586558	1	1109	39	1109	100	4.36249	36	60
P3_68_NODE_1380_length_1107_cov_0.760204	1	1107	75	1107	100	6.89792	35.1	46
P3_68_NODE_1381_length_1105_cov_1.811861	1	1105	93	1105	100	11.9538	35.7	60
P3_68_NODE_1382_length_1105_cov_0.495910	1	1105	24	1105	100	3.20543	35.3	60
P3_68_NODE_1383_length_1104_cov_1.057318	1	1104	106	1104	100	11.2391	35.3	54.4
P3_68_NODE_1384_length_1104_cov_0.629478	1	1104	40	1104	100	4.95199	35.7	60
P3_68_NODE_1385_length_1104_cov_0.429887	1	1104	2010	1104	100	82.7754	27.3	6.12
P3_68_NODE_1386_length_1103_cov_0.609631	1	1103	39	1103	100	4.61106	34.7	54.2
P3_68_NODE_1387_length_1103_cov_0.549180	1	1103	35	1103	100	3.699	36	52.9
P3_68_NODE_1388_length_1102_cov_0.769231	1	1102	33	1102	100	4.52178	36.4	60
P3_68_NODE_1389_length_1101_cov_0.780287	1	1101	44	1101	100	5.39873	35.9	60
P3_68_NODE_1390_length_1101_cov_0.636550	1	1101	73	1100	99.9092	6.26703	35.8	28.8
P3_68_NODE_1391_length_1101_cov_0.410678	1	1101	27	1101	100	3.11444	36.1	58.5
P3_68_NODE_1392_length_1101_cov_0.299795	1	1101	35	1101	100	3.51317	34.9	50.3
P3_68_NODE_1393_length_1100_cov_2.177801	1	1100	140	1100	100	16.3709	35.9	57
P3_68_NODE_1394_length_1099_cov_0.454733	1	1099	25	1099	100	3.02002	36.1	55.4
P3_68_NODE_1395_length_1098_cov_253.441813	1	1098	17816	1098	100	2151.55	35.8	50.2
P3_68_NODE_1396_length_1098_cov_0.946447	1	1098	56	1098	100	6.75865	35.9	60
P3_68_NODE_1397_length_1098_cov_0.665294	1	1098	48	1098	100	5.67395	35.5	57
P3_68_NODE_1398_length_1098_cov_0.505664	1	1098	41	1096	99.8179	4.43352	35.4	56.4
P3_68_NODE_1399_length_1098_cov_0.360453	1	1098	82	1098	100	5.37067	35	27.6
P3_68_NODE_1400_length_1096_cov_0.878225	1	1096	51	1096	100	5.88412	35.1	54.4
P3_68_NODE_1401_length_1094_cov_0.530507	1	1094	49	1094	100	4.90494	34.9	53
P3_68_NODE_1402_length_1093_cov_0.453416	1	1093	47	1093	100	3.6322	36	40
P3_68_NODE_1403_length_1092_cov_1.186528	1	1092	80	1092	100	8.39103	35	50.7
P3_68_NODE_1404_length_1092_cov_0.839378	1	1092	40	1092	100	5.24908	36.4	60
P3_68_NODE_1405_length_1091_cov_2.240664	1	1091	335	1091	100	32.3153	36.2	29.2
P3_68_NODE_1406_length_1091_cov_0.501037	1	1091	15776	1091	100	1176.83	35	18.9
P3_68_NODE_1407_length_1090_cov_0.839045	1	1090	87	1090	100	7.53119	34.5	45.6
P3_68_NODE_1408_length_1089_cov_137.963617	1	1089	7887	1089	100	995.669	35.8	50.1
P3_68_NODE_1409_length_1089_cov_1.135135	1	1089	91	1089	100	9.53719	33.8	50.5
P3_68_NODE_1410_length_1088_cov_0.986472	1	1088	97	1088	100	9.41085	34.5	46.6
P3_68_NODE_1411_length_1088_cov_0.818939	1	1088	58	1088	100	6.2307	35.3	55
P3_68_NODE_1412_length_1088_cov_0.492196	1	1088	31	1088	100	3.85754	35.5	57
P3_68_NODE_1413_length_1087_cov_0.652083	1	1087	209	1087	100	11.5216	31.5	21.2
P3_68_NODE_1414_length_1086_cov_0.683003	1	1086	37	1086	100	4.50645	36.1	55
P3_68_NODE_1415_length_1086_cov_0.384776	1	1086	19	1086	100	2.3895	36.2	60
P3_68_NODE_1416_length_1085_cov_0.882046	1	1085	73	1085	100	7.78986	34.7	55.4
P3_68_NODE_1417_length_1084_cov_0.830721	1	1084	49	1084	100	5.61531	35.7	51.4
P3_68_NODE_1418_length_1084_cov_0.260188	1	1084	26	1084	100	2.80166	34.2	48.2
P3_68_NODE_1419_length_1082_cov_1.448168	1	1082	73	1082	100	9.47043	36.2	60
P3_68_NODE_1420_length_1082_cov_0.541361	1	1082	30	1082	100	3.45287	35.7	57.2
P3_68_NODE_1421_length_1082_cov_0.436649	1	1082	2989	1082	100	171.093	35.7	3.87
P3_68_NODE_1422_length_1081_cov_1.559748	1	1081	112	1081	100	12.5421	35	52.9
P3_68_NODE_1423_length_1080_cov_0.423924	1	1080	28	1080	100	3.41667	35	60
P3_68_NODE_1424_length_1079_cov_0.260504	1	1079	40	1079	100	3.70621	34.7	48.8
P3_68_NODE_1425_length_1075_cov_0.774262	1	1075	53	1075	100	5.8614	35.7	57.2
P3_68_NODE_1426_length_1074_cov_1.341077	1	1074	74	1074	100	9.32123	35.4	57.8
P3_68_NODE_1427_length_1074_cov_0.394931	1	1074	26	1074	100	3.08845	35.5	55.9
P3_68_NODE_1428_length_1073_cov_0.757928	1	1073	58	1048	97.6701	6.30475	35.3	51.1
P3_68_NODE_1429_length_1073_cov_0.690275	1	1073	56	1073	100	5.99068	35.6	52.2
P3_68_NODE_1430_length_1073_cov_0.396406	1	1073	37	1073	100	3.50699	35	44.1
P3_68_NODE_1431_length_1072_cov_1.059259	1	1072	50	1072	100	6.89925	35.6	60
P3_68_NODE_1432_length_1071_cov_0.726695	1	1071	36	1061	99.0663	4.59664	35.5	58.3
P3_68_NODE_1433_length_1070_cov_0.352068	1	1070	18	1070	100	2.44206	36.3	60
P3_68_NODE_1434_length_1070_cov_0.338282	1	1070	23	1070	100	2.82056	35.7	58.3
P3_68_NODE_1435_length_1069_cov_0.882166	1	1069	61	1069	100	7.25725	35	56.7
P3_68_NODE_1436_length_1067_cov_1.098936	1	1067	60	1067	100	7.93346	35	59.4
P3_68_NODE_1437_length_1067_cov_0.774468	1	1067	45	1067	100	5.57263	36.2	57.3
P3_68_NODE_1438_length_1067_cov_0.447872	1	1067	67	1067	100	5.5492	33.9	42.6
P3_68_NODE_1439_length_1067_cov_0.391489	1	1067	59	1067	100	4.90722	34.4	46.7
P3_68_NODE_1440_length_1067_cov_0.328723	1	1067	36	1067	100	3.32334	35.4	47.2
P3_68_NODE_1441_length_1066_cov_0.726305	1	1066	70	1066	100	6.38274	35.9	58.1
P3_68_NODE_1442_length_1066_cov_0.568690	1	1066	55	1066	100	5.04221	35.1	50.4
P3_68_NODE_1443_length_1066_cov_0.469649	1	1066	31	1066	100	3.65385	34.9	55.6
P3_68_NODE_1444_length_1066_cov_0.378062	1	1066	28	1066	100	3.60131	35.6	60
P3_68_NODE_1445_length_1065_cov_0.695096	1	1065	43	1056	99.1549	5.20094	35.7	59
P3_68_NODE_1446_length_1064_cov_0.422625	1	1064	35	1064	100	3.75752	35.1	48.7
P3_68_NODE_1447_length_1063_cov_0.887821	1	1063	48	1063	100	5.93133	35.7	58
P3_68_NODE_1448_length_1061_cov_1.491435	1	1061	163	1060	99.9057	15.688	36	35.5
P3_68_NODE_1449_length_1061_cov_0.604925	1	1061	51	1061	100	5.37512	35	57.8
P3_68_NODE_1450_length_1061_cov_0.375803	1	1061	20	1061	100	2.6673	34.8	59
P3_68_NODE_1451_length_1060_cov_0.932476	1	1060	57	1060	100	7.21887	35.4	57.1
P3_68_NODE_1452_length_1060_cov_0.449089	1	1060	34	1060	100	3.65566	36	51.1
P3_68_NODE_1453_length_1059_cov_0.771459	1	1059	68	1059	100	7.17847	34	58.2
P3_68_NODE_1454_length_1058_cov_0.683136	1	1058	36	1058	100	4.86862	35.4	60
P3_68_NODE_1455_length_1057_cov_0.689247	1	1057	75	1057	100	7.14096	34.2	47.9
P3_68_NODE_1456_length_1057_cov_0.420430	1	1057	44	1057	100	3.92337	34.5	38.2
P3_68_NODE_1457_length_1056_cov_1.324004	1	1056	62	1056	100	8.51989	36.3	60
P3_68_NODE_1458_length_1055_cov_0.576509	1	1055	58	1055	100	5.28152	34.5	44.4
P3_68_NODE_1459_length_1055_cov_0.355603	1	1055	24	1055	100	2.6455	35.8	54.8
P3_68_NODE_1460_length_1054_cov_0.829558	1	1054	37	1054	100	5.17837	35.6	60
P3_68_NODE_1461_length_1054_cov_0.744337	1	1054	68	1054	100	7.49905	33.9	58.1
P3_68_NODE_1462_length_1053_cov_0.506479	1	1053	159	1053	100	7.51567	30.8	16.4
P3_68_NODE_1463_length_1052_cov_2.920000	1	1052	190	1052	100	23.77	34.7	30.5
P3_68_NODE_1464_length_1052_cov_0.895135	1	1052	54	1052	100	6.61597	35.8	56.6
P3_68_NODE_1465_length_1052_cov_0.768649	1	1052	36	1052	100	4.88118	35.8	60
P3_68_NODE_1466_length_1051_cov_0.558442	1	1051	36	1051	100	3.74786	35.8	49.8
P3_68_NODE_1467_length_1051_cov_0.330087	1	1051	17	1051	100	2.18554	36.3	60
P3_68_NODE_1468_length_1050_cov_0.544962	1	1050	49	1009	96.0952	4.48762	35.8	39.3
P3_68_NODE_1469_length_1049_cov_0.927332	1	1049	47	1049	100	6.19733	35.4	57.8
P3_68_NODE_1470_length_1048_cov_0.526602	1	1048	41	1048	100	4.16031	35.5	56.9
P3_68_NODE_1471_length_1047_cov_0.802174	1	1047	54	1047	100	6.58644	34.9	59.2
P3_68_NODE_1472_length_1047_cov_0.453261	1	1047	29	1047	100	3.29513	35.5	53.7
P3_68_NODE_1473_length_1046_cov_0.616975	1	1046	34	1046	100	3.86902	35.4	52.4
P3_68_NODE_1474_length_1045_cov_0.668845	1	1045	47	1045	100	5.54833	35.5	59.7
P3_68_NODE_1475_length_1045_cov_0.242919	1	1045	50	1045	100	4.58278	35.5	56.2
P3_68_NODE_1476_length_1044_cov_1.198473	1	1044	64	1044	100	8.30843	36.2	59.4
P3_68_NODE_1477_length_1044_cov_0.726281	1	1044	49	1044	100	6.0249	35.6	58.8
P3_68_NODE_1478_length_1043_cov_0.909389	1	1043	86	1043	100	8.04698	35.1	41.4
P3_68_NODE_1479_length_1043_cov_0.210699	1	1043	55	1043	100	4.38639	33.3	37.5
P3_68_NODE_1480_length_1042_cov_0.852459	1	1042	47	1042	100	6.17083	35.7	60
P3_68_NODE_1481_length_1042_cov_0.437158	1	1042	25	1042	100	3.26296	35.2	60
P3_68_NODE_1482_length_1041_cov_0.443107	1	1041	35	1041	100	4.07877	36	55.2
P3_68_NODE_1483_length_1040_cov_0.740416	1	1040	43	1040	100	5.34615	35.6	59.7
P3_68_NODE_1484_length_1039_cov_0.712719	1	1039	35	1039	100	4.72955	36.3	60
P3_68_NODE_1485_length_1039_cov_0.481360	1	1039	27	1039	100	3.33205	35.8	55.6
P3_68_NODE_1486_length_1038_cov_0.424808	1	1038	37	1038	100	4.28902	35.8	57.7
P3_68_NODE_1487_length_1038_cov_0.405049	1	1038	52	1038	100	4.36609	33	39.8
P3_68_NODE_1488_length_1037_cov_0.518681	1	1037	23	1037	100	3.0945	35.8	54.8
P3_68_NODE_1489_length_1034_cov_0.950386	1	1034	65	1034	100	7.60155	34	54.3
P3_68_NODE_1490_length_1034_cov_0.416759	1	1034	36	1034	100	3.77176	35	47.2
P3_68_NODE_1491_length_1032_cov_0.896133	1	1032	49	1032	100	6.21027	35.3	56.3
P3_68_NODE_1492_length_1030_cov_0.648948	1	1030	40	1030	100	5.17961	35.5	57.8
P3_68_NODE_1493_length_1030_cov_0.501661	1	1030	22	1030	100	3.16893	36	60
P3_68_NODE_1494_length_1029_cov_0.649667	1	1029	40	1029	100	4.89699	35.2	56.5
P3_68_NODE_1495_length_1028_cov_0.314095	1	1028	27	1028	100	3.02432	35.3	52.3
P3_68_NODE_1496_length_1027_cov_0.464444	1	1027	25	1027	100	3.3038	35.7	60
P3_68_NODE_1497_length_1026_cov_0.747497	1	1026	31	1026	100	4.53021	35.6	60
P3_68_NODE_1498_length_1026_cov_0.497219	1	1026	48	1026	100	4.59064	34.9	53.8
P3_68_NODE_1499_length_1025_cov_0.618040	1	1025	29	1025	100	3.97561	35.9	60
P3_68_NODE_1500_length_1025_cov_0.579065	1	1025	25	1025	100	3.64683	35.5	60
P3_68_NODE_1501_length_1024_cov_1.415831	1	1024	74	1024	100	9.79883	36.4	58.1
P3_68_NODE_1502_length_1024_cov_0.299889	1	1024	65	1024	100	5.2959	35	39.3
P3_68_NODE_1503_length_1023_cov_3.180804	1	1023	172	1023	100	23.0508	36	55.6
P3_68_NODE_1504_length_1022_cov_0.321788	1	1022	17	1022	100	2.32192	35.4	60
P3_68_NODE_1505_length_1021_cov_0.945190	1	1021	45	1021	100	6.19589	35.6	59.8
P3_68_NODE_1506_length_1021_cov_0.677852	1	1021	41	1021	100	4.62586	35.9	49.8
P3_68_NODE_1507_length_1021_cov_0.384787	1	1021	30	1021	100	3.65524	35.6	57.4
P3_68_NODE_1508_length_1020_cov_0.440090	1	1020	49	1020	100	4.14608	35.4	37.5
P3_68_NODE_1509_length_1019_cov_0.986547	1	1019	67	1019	100	7.36801	34.9	52.5
P3_68_NODE_1510_length_1019_cov_0.693946	1	1019	37	1019	100	4.98822	36	60
P3_68_NODE_1511_length_1019_cov_0.505605	1	1019	37	1019	100	4.12169	35.4	53.5
P3_68_NODE_1512_length_1018_cov_0.704826	1	1018	47	1018	100	5.75049	35.2	56
P3_68_NODE_1513_length_1018_cov_0.500561	1	1018	54	1018	100	5.8831	33.9	52.6
P3_68_NODE_1514_length_1018_cov_0.425365	1	1018	30	1018	100	3.57269	35.2	58.3
P3_68_NODE_1515_length_1017_cov_1.317978	1	1017	76	1017	100	9.71583	36	60
P3_68_NODE_1516_length_1017_cov_0.668539	1	1017	40	1017	100	5.42576	35.7	59.7
P3_68_NODE_1517_length_1015_cov_0.462838	1	1015	73	1015	100	5.30443	29.7	28.1
P3_68_NODE_1518_length_1013_cov_0.627540	1	1013	57	1013	100	6.22902	34.8	50.6
P3_68_NODE_1519_length_1012_cov_1.204520	1	1012	66	1012	100	8.48617	36.3	56.4
P3_68_NODE_1520_length_1011_cov_0.687783	1	1011	39	1011	100	4.88922	36.3	53.8
P3_68_NODE_1521_length_1010_cov_0.622877	1	1010	35	1010	100	4.61386	35.6	54
P3_68_NODE_1522_length_1009_cov_0.421769	1	1009	24	1009	100	3.08226	36.5	58.3
P3_68_NODE_1523_length_1008_cov_0.490352	1	1008	47	1008	100	4.38095	35.1	44.4
P3_68_NODE_1524_length_1007_cov_0.323864	1	1007	41	1007	100	4.21549	35.4	45.4
P3_68_NODE_1525_length_1006_cov_0.996587	1	1006	47	1006	100	6.36779	35.6	56.6
P3_68_NODE_1526_length_1006_cov_0.888510	1	1006	83	1006	100	10.2207	35.6	55
P3_68_NODE_1527_length_1006_cov_0.658703	1	1006	41	998	99.2048	4.65706	35.7	50.4
P3_68_NODE_1528_length_1006_cov_0.590444	1	1006	39	1006	100	4.5994	35.3	54.9
P3_68_NODE_1529_length_1005_cov_0.621868	1	1005	80	1005	100	6.85075	35.8	39.6
P3_68_NODE_1530_length_1005_cov_0.406606	1	1005	24	1005	100	3.29254	34.6	60
P3_68_NODE_1531_length_1004_cov_0.553022	1	1004	29	1004	100	3.76195	36.3	59
P3_68_NODE_1532_length_1004_cov_0.522235	1	1004	28	1004	100	3.50797	36.7	59.4
P3_68_NODE_1533_length_1004_cov_0.384265	1	1004	44	1004	100	4.33964	35.2	56.6
P3_68_NODE_1534_length_1001_cov_0.699085	1	1001	33	1001	100	4.42557	36.6	60
P3_68_NODE_1535_length_1001_cov_0.572082	1	1001	29	982	98.1019	3.74525	35.9	56.7
P3_68_NODE_1536_length_1000_cov_0.843070	1	1000	50	1000	100	6.884	36.4	60
