#rname	startpos	endpos	numreads	covbases	coverage	meandepth	meanbaseq	meanmapq
P3_86_NODE_1_length_163128_cov_62.248894	1	163128	537553	163119	99.9945	467.45	35.7	60
P3_86_NODE_2_length_131278_cov_53.142195	1	131278	361900	131278	100	393.665	35.7	60
P3_86_NODE_3_length_125558_cov_175.605305	1	125558	1188978	125558	100	1344.05	35.7	59.9
P3_86_NODE_4_length_108915_cov_169.548866	1	108915	978383	108915	100	1280.09	35.7	60
P3_86_NODE_5_length_102925_cov_90.043970	1	102925	497665	102925	100	684.273	35.9	59.4
P3_86_NODE_6_length_97800_cov_88.677997	1	97800	464934	97800	100	671.722	35.8	60
P3_86_NODE_7_length_87046_cov_12.690735	1	87046	62199	87046	100	101.341	35.7	56.4
P3_86_NODE_8_length_82023_cov_12.000830	1	82023	51483	82023	100	89.115	35.7	59.9
P3_86_NODE_9_length_80417_cov_19.103986	1	80417	81477	80417	100	143.34	35.7	60
P3_86_NODE_10_length_78546_cov_16.724875	1	78546	68910	78546	100	124.475	35.8	60
P3_86_NODE_11_length_77563_cov_42.038083	1	77563	165860	77563	100	307.481	35.5	60
P3_86_NODE_12_length_73258_cov_8.021783	1	73258	30884	73070	99.7434	59.1301	35.8	54.8
P3_86_NODE_13_length_71891_cov_60.865322	1	71891	232959	71795	99.8665	459.313	35.7	59.8
P3_86_NODE_14_length_65969_cov_34.340375	1	65969	119417	65969	100	256.762	35.8	59.9
P3_86_NODE_15_length_65281_cov_61.559567	1	65281	210277	65281	100	458.74	35.7	59.9
P3_86_NODE_16_length_65155_cov_16.610952	1	65155	56428	65155	100	123.172	35.7	60
P3_86_NODE_17_length_65123_cov_50.903348	1	65123	182069	64833	99.5547	393.48	35.8	59.6
P3_86_NODE_18_length_65089_cov_26.752779	1	65089	91541	65081	99.9877	199.689	35.7	59.9
P3_86_NODE_19_length_64754_cov_55.006097	1	64754	184520	64754	100	406.625	35.7	60
P3_86_NODE_20_length_64670_cov_8.318780	1	64670	28525	64670	100	62.413	35.7	60
P3_86_NODE_21_length_61152_cov_4.313855	1	61152	13926	61143	99.9853	32.2007	35.7	59.8
P3_86_NODE_22_length_60384_cov_12.074000	1	60384	38976	60384	100	91.0279	35.7	59.9
P3_86_NODE_23_length_60286_cov_93.353546	1	60286	299263	60286	100	703.766	35.7	60
P3_86_NODE_24_length_59820_cov_8.488365	1	59820	26423	59820	100	62.7503	35.6	59.9
P3_86_NODE_25_length_58447_cov_71.230230	1	58447	227022	58354	99.8409	546.845	35.8	59.7
P3_86_NODE_26_length_56865_cov_25.340142	1	56865	78210	56865	100	193.436	35.9	59.9
P3_86_NODE_27_length_55346_cov_19.335193	1	55346	56242	55247	99.8211	143.919	35.8	59.8
P3_86_NODE_28_length_55159_cov_12.892771	1	55159	37886	55159	100	96.9043	35.8	59.9
P3_86_NODE_29_length_54545_cov_3.880352	1	54545	10814	54527	99.967	28.3246	35.6	60
P3_86_NODE_30_length_54310_cov_31.688648	1	54310	91679	54310	100	238.169	35.8	60
P3_86_NODE_31_length_54297_cov_15.576112	1	54297	44837	54297	100	117.003	35.7	60
P3_86_NODE_32_length_51584_cov_119.231144	1	51584	322051	51584	100	889.139	35.7	60
P3_86_NODE_33_length_49047_cov_16.324836	1	49047	43094	49028	99.9613	123.585	35.8	59.9
P3_86_NODE_34_length_48669_cov_8.952289	1	48669	23222	48669	100	67.3785	35.7	59.6
P3_86_NODE_35_length_48048_cov_10.775985	1	48048	27572	48048	100	81.1095	35.6	59.7
P3_86_NODE_36_length_48016_cov_34.698031	1	48016	86726	48016	100	257.346	35.6	60
P3_86_NODE_37_length_47976_cov_3.055592	1	47976	8040	47966	99.9792	23.6231	35.7	58.6
P3_86_NODE_38_length_47738_cov_5.273193	1	47738	12811	47738	100	38.4379	35.6	59.9
P3_86_NODE_39_length_46240_cov_13.185978	1	46240	32366	46240	100	98.9247	35.8	59.9
P3_86_NODE_40_length_46124_cov_31.970020	1	46124	77245	46124	100	237.763	35.7	60
P3_86_NODE_41_length_45243_cov_33.855018	1	45243	80165	45243	100	251.649	35.8	59.8
P3_86_NODE_42_length_45142_cov_39.040920	1	45142	93159	45142	100	293.384	35.7	59.9
P3_86_NODE_43_length_44761_cov_17.729153	1	44761	41704	44761	100	132.36	35.7	60
P3_86_NODE_44_length_44447_cov_9.930686	1	44447	24099	44438	99.9798	76.176	35.9	59.7
P3_86_NODE_45_length_44302_cov_6.953277	1	44302	16200	44302	100	51.842	35.7	59.9
P3_86_NODE_46_length_44217_cov_2.203878	1	44217	5254	44216	99.9977	16.7318	35.7	59.9
P3_86_NODE_47_length_43717_cov_5.414178	1	43717	13735	43717	100	44.2072	35.8	58.5
P3_86_NODE_48_length_43651_cov_7.889371	1	43651	18157	43651	100	58.9905	35.7	59.9
P3_86_NODE_49_length_43540_cov_21.739456	1	43540	51208	43540	100	165.645	35.8	59.8
P3_86_NODE_50_length_43464_cov_2.786280	1	43464	6273	43464	100	20.5353	35.6	59.9
P3_86_NODE_51_length_43081_cov_3.860036	1	43081	8578	43081	100	28.4098	35.6	60
P3_86_NODE_52_length_43002_cov_12.846601	1	43002	28884	43002	100	95.4394	35.6	60
P3_86_NODE_53_length_42776_cov_9.349809	1	42776	21200	42776	100	69.9883	35.7	60
P3_86_NODE_54_length_42636_cov_227.400950	1	42636	535693	42636	100	1771.16	35.9	59.5
P3_86_NODE_55_length_41648_cov_3.765637	1	41648	8056	41648	100	27.6212	35.5	59.9
P3_86_NODE_56_length_40988_cov_3.761753	1	40988	7813	40988	100	27.2675	35.5	59.9
P3_86_NODE_57_length_40790_cov_35.717360	1	40790	77053	40790	100	267.707	35.7	59.7
P3_86_NODE_58_length_39792_cov_30.093306	1	39792	67347	39694	99.7537	236.404	35.8	59.3
P3_86_NODE_59_length_39689_cov_46.306253	1	39689	97272	39689	100	346.373	35.8	59.3
P3_86_NODE_60_length_39583_cov_12.284874	1	39583	25776	39573	99.9747	92.1937	35.8	59.9
P3_86_NODE_61_length_39432_cov_36.008192	1	39432	77834	39432	100	278.721	35.7	57.8
P3_86_NODE_62_length_39352_cov_10.740064	1	39352	22133	39342	99.9746	79.7372	35.8	60
P3_86_NODE_63_length_39273_cov_38.892147	1	39273	83662	39273	100	299.707	35.8	59.6
P3_86_NODE_64_length_39209_cov_92.897139	1	39209	199572	39209	100	719.732	35.7	59.7
P3_86_NODE_65_length_39184_cov_19.156233	1	39184	39720	39184	100	143.296	35.8	60
P3_86_NODE_66_length_39036_cov_50.026678	1	39036	105138	39036	100	379.264	35.8	60
P3_86_NODE_67_length_38648_cov_49.168505	1	38648	106800	38556	99.762	385.78	35.7	58.4
P3_86_NODE_68_length_38523_cov_4.123893	1	38523	8418	38523	100	30.9375	35.7	60
P3_86_NODE_69_length_38208_cov_26.336835	1	38208	53739	38208	100	198.698	35.7	60
P3_86_NODE_70_length_37972_cov_3.275386	1	37972	6943	37969	99.9921	25.4641	35.9	59.2
P3_86_NODE_71_length_37891_cov_10.396542	1	37891	21360	37881	99.9736	79.2716	35.7	59.8
P3_86_NODE_72_length_37804_cov_13.187727	1	37804	25672	37804	100	96.8407	35.7	60
P3_86_NODE_73_length_37472_cov_7.118731	1	37472	14561	37472	100	54.4817	35.8	57.9
P3_86_NODE_74_length_37415_cov_4.289557	1	37415	8360	37415	100	31.7569	35.6	60
P3_86_NODE_75_length_37205_cov_14.513377	1	37205	28754	37189	99.957	109.126	35.7	59.9
P3_86_NODE_76_length_36984_cov_30.748813	1	36984	61301	36984	100	233.282	35.7	59.8
P3_86_NODE_77_length_35989_cov_16.936590	1	35989	31776	35989	100	125.683	35.6	60
P3_86_NODE_78_length_35671_cov_4.916582	1	35671	9244	35671	100	36.5805	35.7	59.9
P3_86_NODE_79_length_35565_cov_2.668858	1	35565	4796	35565	100	19.3716	35.6	59.9
P3_86_NODE_80_length_35439_cov_4.819523	1	35439	9104	35439	100	36.0893	35.8	60
P3_86_NODE_81_length_35419_cov_11.543324	1	35419	22599	35419	100	89.5273	35.8	59.3
P3_86_NODE_82_length_35379_cov_22.040991	1	35379	41380	35379	100	165.542	35.7	59.9
P3_86_NODE_83_length_35200_cov_9.270778	1	35200	17283	35200	100	69.4013	35.7	59.9
P3_86_NODE_84_length_35038_cov_2.865916	1	35038	5009	35029	99.9743	20.5863	35.6	59.9
P3_86_NODE_85_length_34591_cov_224.280525	1	34591	427869	34397	99.4392	1738.95	35.8	59.3
P3_86_NODE_86_length_34342_cov_47.661903	1	34342	89849	34342	100	367.856	35.8	59.7
P3_86_NODE_87_length_34169_cov_42.387316	1	34169	78297	34169	100	320.727	35.9	58.5
P3_86_NODE_88_length_34014_cov_5.767285	1	34014	10138	34005	99.9735	42.4305	35.6	60
P3_86_NODE_89_length_33944_cov_10.011385	1	33944	18756	33934	99.9705	77.452	35.7	59.4
P3_86_NODE_90_length_33868_cov_40.305267	1	33868	73718	33767	99.7018	306.838	35.9	59.7
P3_86_NODE_91_length_33796_cov_2.431703	1	33796	4156	33796	100	17.6856	35.5	60
P3_86_NODE_92_length_33719_cov_15.631460	1	33719	28740	33619	99.7034	119.292	35.8	58.6
P3_86_NODE_93_length_33704_cov_4.740120	1	33704	8571	33704	100	35.7253	35.7	59.9
P3_86_NODE_94_length_33566_cov_3.500523	1	33566	5943	33566	100	25.4289	35.6	59.9
P3_86_NODE_95_length_33517_cov_121.499431	1	33517	218426	33517	100	922.883	35.8	59.9
P3_86_NODE_96_length_33343_cov_11.882647	1	33343	21884	33343	100	92.1031	35.7	58.7
P3_86_NODE_97_length_33269_cov_1.304629	1	33269	2175	33269	100	9.39105	35.5	59.9
P3_86_NODE_98_length_33063_cov_4.889149	1	33063	8766	33063	100	37.1276	35.9	59.8
P3_86_NODE_99_length_32845_cov_3.490984	1	32845	6292	32845	100	26.7137	35.9	58.8
P3_86_NODE_100_length_32699_cov_7.688812	1	32699	13482	32699	100	58.0042	35.8	60
P3_86_NODE_101_length_32663_cov_10.616640	1	32663	19093	32663	100	81.8566	35.8	59.3
P3_86_NODE_102_length_32549_cov_8.878693	1	32549	15669	32545	99.9877	67.5372	35.9	59.3
P3_86_NODE_103_length_32387_cov_16.392963	1	32387	29187	32387	100	126.197	35.7	59.7
P3_86_NODE_104_length_32118_cov_19.086587	1	32118	33160	32118	100	145.189	35.8	58.8
P3_86_NODE_105_length_32087_cov_38.005131	1	32087	65477	31987	99.6883	287.611	35.7	59.9
P3_86_NODE_106_length_32056_cov_9.405775	1	32056	16070	32056	100	70.8154	35.9	59.8
P3_86_NODE_107_length_31795_cov_9.838765	1	31795	16919	31795	100	74.542	35.7	59.2
P3_86_NODE_108_length_31703_cov_5.086268	1	31703	8483	31703	100	37.8604	35.7	59.9
P3_86_NODE_109_length_31626_cov_11.947522	1	31626	19907	31626	100	89.0352	35.8	60
P3_86_NODE_110_length_31563_cov_74.358252	1	31563	126034	31563	100	562.944	35.8	59.8
P3_86_NODE_111_length_31560_cov_10.994369	1	31560	19050	31548	99.962	84.8175	35.7	59.4
P3_86_NODE_112_length_31169_cov_8.674119	1	31169	14999	31157	99.9615	67.1875	35.8	59.4
P3_86_NODE_113_length_31010_cov_7.029401	1	31010	11050	31010	100	51.0491	35.5	59.9
P3_86_NODE_114_length_30978_cov_31.560274	1	30978	52985	30978	100	241.193	35.8	59.9
P3_86_NODE_115_length_30928_cov_25.083147	1	30928	43664	30928	100	197.222	35.8	59.5
P3_86_NODE_116_length_30925_cov_8.348854	1	30925	15491	30638	99.0719	68.8884	35.7	57
P3_86_NODE_117_length_30590_cov_3.114664	1	30590	5413	30590	100	24.3929	35.8	59.4
P3_86_NODE_118_length_30583_cov_25.856777	1	30583	41809	30583	100	193.081	35.8	60
P3_86_NODE_119_length_30529_cov_23.329189	1	30529	38530	30529	100	177.824	35.7	59.5
P3_86_NODE_120_length_30460_cov_5.122606	1	30460	8136	30460	100	37.9193	35.7	59.9
P3_86_NODE_121_length_30351_cov_11.214002	1	30351	17875	30351	100	83.5103	35.8	60
P3_86_NODE_122_length_30343_cov_37.702310	1	30343	62354	30236	99.6474	288.774	35.8	59
P3_86_NODE_123_length_30339_cov_35.303654	1	30339	60918	30339	100	277.277	35.8	59.5
P3_86_NODE_124_length_30283_cov_4.991179	1	30283	7837	30283	100	36.8107	35.6	59.9
P3_86_NODE_125_length_30052_cov_4.461353	1	30052	6979	30042	99.9667	32.9846	35.7	60
P3_86_NODE_126_length_30024_cov_4.046961	1	30024	6205	30024	100	29.5809	35.6	59.9
P3_86_NODE_127_length_29963_cov_11.773328	1	29963	19080	29963	100	89.3169	35.8	60
P3_86_NODE_128_length_29888_cov_4.656530	1	29888	7473	29888	100	35.1239	35.8	59.8
P3_86_NODE_129_length_29407_cov_5.391359	1	29407	8364	29407	100	40.2574	35.8	60
P3_86_NODE_130_length_29305_cov_52.488210	1	29305	84894	29305	100	406.487	35.7	59.7
P3_86_NODE_131_length_29016_cov_35.150265	1	29016	55948	29008	99.9724	270.848	35.9	59.6
P3_86_NODE_132_length_29005_cov_4.528395	1	29005	6954	29005	100	33.9526	35.7	60
P3_86_NODE_133_length_28751_cov_4.441483	1	28751	6923	28751	100	33.6883	35.7	59.1
P3_86_NODE_134_length_28431_cov_12.260175	1	28431	18925	28431	100	93.6512	35.8	59.8
P3_86_NODE_135_length_28345_cov_11.138812	1	28345	17541	28345	100	87.0428	35.8	59.6
P3_86_NODE_136_length_28270_cov_57.135913	1	28270	89260	28270	100	443.667	35.8	58.7
P3_86_NODE_137_length_27990_cov_18.123425	1	27990	28156	27990	100	140.084	35.9	59.9
P3_86_NODE_138_length_27778_cov_14.242161	1	27778	20736	27778	100	105.891	35.7	59.9
P3_86_NODE_139_length_27646_cov_6.174570	1	27646	9678	27646	100	48.6169	35.9	58.1
P3_86_NODE_140_length_27462_cov_3.614304	1	27462	5469	27462	100	27.8374	35.7	59.1
P3_86_NODE_141_length_27437_cov_4.617356	1	27437	7161	27437	100	36.3944	35.7	58.5
P3_86_NODE_142_length_27341_cov_19.556882	1	27341	28009	27341	100	144.984	35.6	56.3
P3_86_NODE_143_length_27226_cov_2.313997	1	27226	3112	27226	100	16.5024	35.6	60
P3_86_NODE_144_length_27217_cov_5.047988	1	27217	7209	27217	100	37.4804	35.7	59.6
P3_86_NODE_145_length_27098_cov_6.550517	1	27098	9279	27091	99.9742	48.7295	35.6	60
P3_86_NODE_146_length_26943_cov_2.268683	1	26943	3058	26943	100	16.326	35.5	59.8
P3_86_NODE_147_length_26827_cov_7.617416	1	26827	11406	26827	100	59.3303	35.8	59.6
P3_86_NODE_148_length_26610_cov_9.654873	1	26610	13542	26610	100	71.9814	35.7	59.9
P3_86_NODE_149_length_26552_cov_5.419830	1	26552	7621	26552	100	40.4805	35.7	59.7
P3_86_NODE_150_length_26487_cov_6.215175	1	26487	8919	26487	100	47.0585	35.7	59.4
P3_86_NODE_151_length_26424_cov_2.548732	1	26424	3492	26424	100	18.8627	35.5	60
P3_86_NODE_152_length_26159_cov_18.369776	1	26159	25562	26159	100	137.581	35.8	59.9
P3_86_NODE_153_length_26094_cov_73.292294	1	26094	104180	26094	100	559.507	35.8	58.8
P3_86_NODE_154_length_26058_cov_34.002160	1	26058	53457	26058	100	290.062	35.9	56.9
P3_86_NODE_155_length_25864_cov_21.987528	1	25864	29875	25864	100	163.595	35.6	60
P3_86_NODE_156_length_25788_cov_7.071587	1	25788	10182	25788	100	55.0062	35.8	59.3
P3_86_NODE_157_length_25715_cov_10.094185	1	25715	14473	25715	100	78.4009	35.7	59.6
P3_86_NODE_158_length_25597_cov_9.639262	1	25597	13244	25597	100	72.7827	35.8	57.7
P3_86_NODE_159_length_25584_cov_1.289704	1	25584	1687	25565	99.9257	9.45098	35.6	60
P3_86_NODE_160_length_25484_cov_5.900067	1	25484	8528	25484	100	46.9448	35.7	57.5
P3_86_NODE_161_length_25434_cov_12.422808	1	25434	17131	25434	100	94.8596	35.9	59.9
P3_86_NODE_162_length_25255_cov_24.749960	1	25255	33257	25255	100	185.992	35.8	59.9
P3_86_NODE_163_length_25158_cov_122.407974	1	25158	168334	25158	100	943.018	35.8	59.7
P3_86_NODE_164_length_25118_cov_9.598455	1	25118	14179	25118	100	77.7572	35.7	58.3
P3_86_NODE_165_length_25053_cov_15.880366	1	25053	20993	24956	99.6128	118.726	35.8	59.7
P3_86_NODE_166_length_24976_cov_17.507505	1	24976	23250	24976	100	131.249	35.7	59.9
P3_86_NODE_167_length_24943_cov_7.275991	1	24943	9769	24943	100	54.88	35.7	58.9
P3_86_NODE_168_length_24904_cov_51.744279	1	24904	68754	24904	100	388.917	35.8	60
P3_86_NODE_169_length_24903_cov_5.902042	1	24903	8164	24903	100	46.0031	35.8	59.3
P3_86_NODE_170_length_24853_cov_6.096902	1	24853	8151	24853	100	45.9339	35.9	58.7
P3_86_NODE_171_length_24711_cov_5.894769	1	24711	8120	24711	100	45.6357	35.9	58.4
P3_86_NODE_172_length_24626_cov_8.121556	1	24626	10955	24626	100	62.4228	35.8	59.6
P3_86_NODE_173_length_24480_cov_5.596600	1	24480	7104	24480	100	41.3332	35.7	60
P3_86_NODE_174_length_24431_cov_10.045219	1	24431	12826	24412	99.9222	74.4322	35.7	60
P3_86_NODE_175_length_24390_cov_2.573260	1	24390	3476	24381	99.9631	19.8046	35.7	59.8
P3_86_NODE_176_length_24345_cov_4.573127	1	24345	5926	24345	100	34.2937	35.7	60
P3_86_NODE_177_length_24322_cov_5.547758	1	24322	7295	24322	100	42.1574	35.9	59.8
P3_86_NODE_178_length_24314_cov_9.234134	1	24314	12317	24314	100	70.9759	35.7	59.3
P3_86_NODE_179_length_24216_cov_25.471003	1	24216	32981	24216	100	191.768	35.8	60
P3_86_NODE_180_length_24164_cov_15.019595	1	24164	19304	24164	100	113.069	35.8	59.7
P3_86_NODE_181_length_24138_cov_2.280371	1	24138	2844	24138	100	16.8067	35.6	59.9
P3_86_NODE_182_length_24050_cov_7.088618	1	24050	9293	24050	100	54.0618	35.9	59.5
P3_86_NODE_183_length_24027_cov_8.595900	1	24027	11295	23931	99.6004	66.0132	35.8	59.6
P3_86_NODE_184_length_23772_cov_41.001088	1	23772	53431	23772	100	315.381	35.7	59.8
P3_86_NODE_185_length_23760_cov_4.171117	1	23760	5537	23760	100	32.4904	35.7	59.6
P3_86_NODE_186_length_23649_cov_8.324207	1	23649	10856	23649	100	64.2967	35.7	59.5
P3_86_NODE_187_length_23627_cov_17.495362	1	23627	22129	23627	100	132.304	35.8	59.8
P3_86_NODE_188_length_23624_cov_6.004767	1	23624	8304	23624	100	48.4461	35.4	52.9
P3_86_NODE_189_length_23595_cov_3.639296	1	23595	4915	23581	99.9407	28.6022	35.9	58
P3_86_NODE_190_length_23588_cov_204.817399	1	23588	279267	23393	99.1733	1656.25	35.7	59.3
P3_86_NODE_191_length_23499_cov_29.194891	1	23499	36486	23499	100	218.955	35.8	60
P3_86_NODE_192_length_23498_cov_28.933037	1	23498	37738	23498	100	225.51	35.7	58.5
P3_86_NODE_193_length_23372_cov_3.292579	1	23372	4653	23372	100	27.5427	35.8	57.9
P3_86_NODE_194_length_23336_cov_15.447930	1	23336	19415	23334	99.9914	116.652	35.7	59.8
P3_86_NODE_195_length_23231_cov_37.811157	1	23231	46521	23231	100	283.395	35.8	60
P3_86_NODE_196_length_23218_cov_3.674765	1	23218	4759	23218	100	28.486	35.9	58.6
P3_86_NODE_197_length_23146_cov_17.172206	1	23146	22345	23146	100	135.7	35.8	59.4
P3_86_NODE_198_length_23125_cov_9.002739	1	23125	11440	23125	100	69.2965	35.7	59.7
P3_86_NODE_199_length_22994_cov_5.048542	1	22994	6609	22899	99.5868	40.7843	35.6	53.9
P3_86_NODE_200_length_22942_cov_1.614070	1	22942	1960	22942	100	12.1047	35.7	59.9
P3_86_NODE_201_length_22919_cov_3.819454	1	22919	5160	22919	100	31.2116	35.7	57.5
P3_86_NODE_202_length_22860_cov_2.078388	1	22860	2416	22860	100	15.1497	35.6	60
P3_86_NODE_203_length_22838_cov_38.493153	1	22838	49044	22647	99.1637	300.658	35.8	58.6
P3_86_NODE_204_length_22832_cov_9.199031	1	22832	11264	22824	99.965	67.9938	35.7	57.9
P3_86_NODE_205_length_22821_cov_8.578082	1	22821	10529	22816	99.9781	64.9282	35.8	59.9
P3_86_NODE_206_length_22801_cov_4.045956	1	22801	5194	22801	100	31.8275	35.9	59.1
P3_86_NODE_207_length_22711_cov_27.383944	1	22711	33275	22711	100	207.252	35.8	59.6
P3_86_NODE_208_length_22589_cov_9.324815	1	22589	11303	22589	100	70.4833	35.8	59.8
P3_86_NODE_209_length_22530_cov_2.152256	1	22530	2567	22530	100	16.0755	35.7	59.8
P3_86_NODE_210_length_22342_cov_1.659329	1	22342	1911	22342	100	12.231	35.4	59.9
P3_86_NODE_211_length_22302_cov_1.872379	1	22302	2094	22294	99.9641	13.4599	35.5	59.9
P3_86_NODE_212_length_22289_cov_1.874244	1	22289	2083	22289	100	13.4207	35.6	59.9
P3_86_NODE_213_length_22149_cov_44.297203	1	22149	52601	22149	100	335.558	35.8	59.9
P3_86_NODE_214_length_22141_cov_9.956936	1	22141	12304	22141	100	77.2884	35.7	59.8
P3_86_NODE_215_length_22133_cov_8.755885	1	22133	10945	22133	100	68.6712	35.8	57.8
P3_86_NODE_216_length_22105_cov_22.490854	1	22105	26951	22105	100	171.356	35.8	57.6
P3_86_NODE_217_length_21947_cov_1.606095	1	21947	1914	21947	100	12.2001	35.9	59.9
P3_86_NODE_218_length_21927_cov_5.244174	1	21927	6604	21927	100	41.6801	35.8	58.5
P3_86_NODE_219_length_21893_cov_10.089727	1	21893	12414	21893	100	78.9139	35.7	58.4
P3_86_NODE_220_length_21842_cov_16.582777	1	21842	20747	21842	100	133.688	35.8	50.5
P3_86_NODE_221_length_21832_cov_11.597927	1	21832	13506	21832	100	86.9943	36	60
P3_86_NODE_222_length_21795_cov_2.586072	1	21795	2823	21795	100	18.5958	35.6	59.9
P3_86_NODE_223_length_21789_cov_8.746053	1	21789	10546	21789	100	67.6679	35.8	59.3
P3_86_NODE_224_length_21749_cov_3.479465	1	21749	4001	21737	99.9448	25.9575	35.8	60
P3_86_NODE_225_length_21603_cov_4.724995	1	21603	5453	21595	99.963	35.5956	35.7	59.9
P3_86_NODE_226_length_21444_cov_9.329127	1	21444	11923	21444	100	77.3322	35.7	57.5
P3_86_NODE_227_length_21426_cov_11.320156	1	21426	12929	21426	100	85.0954	35.8	59.2
P3_86_NODE_228_length_21407_cov_5.576081	1	21407	6427	21407	100	42.0845	35.8	59.9
P3_86_NODE_229_length_21400_cov_6.183519	1	21400	7166	21400	100	47.0497	35.8	59.7
P3_86_NODE_230_length_21368_cov_4.271974	1	21368	5287	21368	100	33.9408	35.8	58.2
P3_86_NODE_231_length_21356_cov_11.863630	1	21356	13567	21356	100	89.4941	35.7	60
P3_86_NODE_232_length_21355_cov_41.373987	1	21355	51088	21355	100	334.908	35.7	59.6
P3_86_NODE_233_length_21274_cov_35.123138	1	21274	40283	21274	100	267.43	35.9	59.8
P3_86_NODE_234_length_21264_cov_12.690259	1	21264	14506	21166	99.5391	95.8476	35.9	59.2
P3_86_NODE_235_length_21245_cov_4.506298	1	21245	5389	21245	100	35.5016	35.9	59.2
P3_86_NODE_236_length_21228_cov_9.012511	1	21228	9782	21228	100	65.0613	35.9	57.8
P3_86_NODE_237_length_21214_cov_2.346090	1	21214	2636	21214	100	17.5191	35.7	59.9
P3_86_NODE_238_length_21103_cov_5.511871	1	21103	6328	21103	100	41.9946	35.8	59.7
P3_86_NODE_239_length_21064_cov_5.425133	1	21064	6052	21064	100	40.6832	35.8	60
P3_86_NODE_240_length_21057_cov_39.580889	1	21057	45059	21057	100	301.312	35.8	59.9
P3_86_NODE_241_length_21032_cov_19.110069	1	21032	21355	21032	100	143.322	35.7	59.8
P3_86_NODE_242_length_21021_cov_1.351967	1	21021	1480	21021	100	9.99215	35.7	59.9
P3_86_NODE_243_length_20990_cov_12.453530	1	20990	14949	20990	100	99.1452	35.8	59.2
P3_86_NODE_244_length_20985_cov_3.099674	1	20985	4151	20985	100	26.6297	35.6	53.6
P3_86_NODE_245_length_20976_cov_38.288167	1	20976	43111	20976	100	290.872	35.8	59.8
P3_86_NODE_246_length_20959_cov_2.332325	1	20959	2689	20959	100	17.9644	35.8	59.8
P3_86_NODE_247_length_20936_cov_3.430247	1	20936	4147	20936	100	27.5153	35.7	58.8
P3_86_NODE_248_length_20878_cov_7.528697	1	20878	9762	20868	99.9521	60.4836	35.8	53.8
P3_86_NODE_249_length_20860_cov_19.841364	1	20860	23853	20860	100	159.651	35.5	57.3
P3_86_NODE_250_length_20840_cov_5.184570	1	20840	5920	20220	97.025	30.152	35.9	0.0231
P3_86_NODE_251_length_20735_cov_1.906056	1	20735	2325	20735	100	15.1314	35.8	58.3
P3_86_NODE_252_length_20672_cov_23.081285	1	20672	29084	20672	100	194.94	35.7	54.8
P3_86_NODE_253_length_20672_cov_12.655926	1	20672	14365	20662	99.9516	97.3936	35.8	59.6
P3_86_NODE_254_length_20669_cov_5.492406	1	20669	6215	20669	100	42.0719	35.7	59.7
P3_86_NODE_255_length_20549_cov_9.601116	1	20549	11281	20453	99.5328	75.6929	35.8	58.1
P3_86_NODE_256_length_20517_cov_9.348798	1	20517	10611	20517	100	71.5103	35.7	55.9
P3_86_NODE_257_length_20440_cov_6.458327	1	20440	7141	20431	99.956	49.0366	35.8	59.9
P3_86_NODE_258_length_20386_cov_3.033763	1	20386	3498	20380	99.9706	24.129	35.8	59.6
P3_86_NODE_259_length_20313_cov_6.524225	1	20313	7620	20313	100	52.4397	35.9	58.9
P3_86_NODE_260_length_20306_cov_11.542891	1	20306	12952	20303	99.9852	89.3252	35.8	59.6
P3_86_NODE_261_length_20303_cov_4.785537	1	20303	5390	20295	99.9606	37.1038	35.9	58.6
P3_86_NODE_262_length_20272_cov_3.748920	1	20272	4442	20272	100	30.4103	35.9	58.8
P3_86_NODE_263_length_20231_cov_14.643156	1	20231	15877	20231	100	110.089	35.9	59.9
P3_86_NODE_264_length_20192_cov_7.381012	1	20192	8460	20192	100	58.5474	35.9	58.4
P3_86_NODE_265_length_20128_cov_1.935703	1	20128	2191	20128	100	15.0064	35.8	57.3
P3_86_NODE_266_length_20112_cov_24.869552	1	20112	28270	20112	100	196.392	35.8	59.8
P3_86_NODE_267_length_20098_cov_6.712683	1	20098	8663	20000	99.5124	59.6876	35.7	58.3
P3_86_NODE_268_length_20087_cov_7.040431	1	20087	8417	20087	100	55.5539	35.7	55.2
P3_86_NODE_269_length_20056_cov_11.111295	1	20056	12323	20056	100	85.412	35.9	59.2
P3_86_NODE_270_length_20038_cov_5.126865	1	20038	5621	20029	99.9551	39.3145	35.8	59.7
P3_86_NODE_271_length_20000_cov_2.667438	1	20000	3086	19990	99.95	21.3824	35.9	59.9
P3_86_NODE_272_length_19980_cov_1.621367	1	19980	1979	19980	100	13.4795	35.6	58.8
P3_86_NODE_273_length_19959_cov_1.558441	1	19959	1614	19959	100	11.3791	35.8	59.9
P3_86_NODE_274_length_19921_cov_7.564009	1	19921	8206	19911	99.9498	57.4349	35.7	58.8
P3_86_NODE_275_length_19777_cov_1.485547	1	19777	1675	19777	100	11.8462	35.8	59.9
P3_86_NODE_276_length_19756_cov_7.564165	1	19756	8082	19658	99.5039	57.1891	35.7	59.4
P3_86_NODE_277_length_19596_cov_18.997843	1	19596	20279	19596	100	145.122	35.9	59.1
P3_86_NODE_278_length_19541_cov_85.325641	1	19541	90836	19541	100	653.969	35.8	59
P3_86_NODE_279_length_19375_cov_15.410848	1	19375	15903	19375	100	115.719	35.7	59.3
P3_86_NODE_280_length_19352_cov_11.930715	1	19352	12505	19342	99.9483	90.5883	35.8	60
P3_86_NODE_281_length_19337_cov_4.220406	1	19337	4639	19337	100	33.6046	35.8	60
P3_86_NODE_282_length_19286_cov_2.788559	1	19286	2993	19286	100	21.5443	35.3	58.5
P3_86_NODE_283_length_19234_cov_3.983514	1	19234	4147	19234	100	30.3203	35.9	60
P3_86_NODE_284_length_19222_cov_1.418696	1	19222	1382	19222	100	10.3425	35.6	59.9
P3_86_NODE_285_length_19197_cov_11.070792	1	19197	11510	19197	100	84.4365	35.8	59.5
P3_86_NODE_286_length_19179_cov_29.449612	1	19179	31074	19179	100	227.209	35.8	59.6
P3_86_NODE_287_length_19080_cov_1.505144	1	19080	1494	19080	100	11.0824	35.8	59.7
P3_86_NODE_288_length_19060_cov_2.944964	1	19060	3080	19060	100	22.7066	35.5	59.6
P3_86_NODE_289_length_19007_cov_54.040996	1	19007	55352	19007	100	411.447	35.8	59.7
P3_86_NODE_290_length_19001_cov_10.387729	1	19001	10500	18991	99.9474	77.5865	35.9	60
P3_86_NODE_291_length_18928_cov_8.974735	1	18928	9543	18928	100	70.1647	35.8	59.1
P3_86_NODE_292_length_18839_cov_38.264215	1	18839	39295	18839	100	293.092	35.8	59.2
P3_86_NODE_293_length_18780_cov_1.224414	1	18780	1157	18780	100	8.87545	35.5	59.9
P3_86_NODE_294_length_18763_cov_21.822762	1	18763	21696	18763	100	163.298	35.8	59.7
P3_86_NODE_295_length_18683_cov_4.092638	1	18683	4736	18678	99.9732	35.004	35.6	57.4
P3_86_NODE_296_length_18603_cov_61.367396	1	18603	47603	18603	100	361.599	35.8	43.1
P3_86_NODE_297_length_18466_cov_3.240526	1	18466	3623	18465	99.9946	27.0697	35.8	59.3
P3_86_NODE_298_length_18459_cov_19.846116	1	18459	30574	18457	99.9892	177.08	35.3	41.1
P3_86_NODE_299_length_18430_cov_6.674698	1	18430	6607	18430	100	50.2833	35.8	59.9
P3_86_NODE_300_length_18396_cov_2.225464	1	18396	2211	18396	100	16.9365	35.7	59.9
P3_86_NODE_301_length_18366_cov_2.690224	1	18366	2736	18366	100	20.695	35.9	59.5
P3_86_NODE_302_length_18336_cov_3.094459	1	18336	3203	18237	99.4601	24.0479	35.7	56.7
P3_86_NODE_303_length_18283_cov_10.269553	1	18283	10346	18283	100	79.3164	35.8	58.9
P3_86_NODE_304_length_18252_cov_2.056607	1	18252	1897	18252	100	14.8343	35.7	59.9
P3_86_NODE_305_length_18230_cov_8.924432	1	18230	8695	18230	100	67.2031	35.8	60
P3_86_NODE_306_length_18194_cov_2.655338	1	18194	2565	18184	99.945	19.8059	35.7	59.9
P3_86_NODE_307_length_18093_cov_4.828955	1	18093	5085	18093	100	39.2441	35.8	59.7
P3_86_NODE_308_length_18050_cov_15.692964	1	18050	16338	18050	100	125.322	35.8	59.4
P3_86_NODE_309_length_18036_cov_7.615445	1	18036	7270	18036	100	56.9051	35.8	59.9
P3_86_NODE_310_length_18028_cov_6.711860	1	18028	6495	18028	100	50.6322	35.8	59.7
P3_86_NODE_311_length_17896_cov_2.949294	1	17896	2946	17886	99.9441	22.8847	35.7	59.4
P3_86_NODE_312_length_17893_cov_5.053529	1	17893	5087	17893	100	39.8712	35.7	59.8
P3_86_NODE_313_length_17845_cov_51.628852	1	17845	51913	17845	100	407.777	35.8	59.2
P3_86_NODE_314_length_17828_cov_1.343314	1	17828	1287	17828	100	10.1692	35.7	60
P3_86_NODE_315_length_17747_cov_3.021680	1	17747	2977	17746	99.9944	23.3543	35.8	59.4
P3_86_NODE_316_length_17742_cov_2.244053	1	17742	2203	17733	99.9493	17.0368	35.9	59.3
P3_86_NODE_317_length_17705_cov_1.870804	1	17705	1735	17705	100	13.8016	35.7	59.9
P3_86_NODE_318_length_17690_cov_20.333257	1	17690	19700	17690	100	156.401	35.8	59.3
P3_86_NODE_319_length_17689_cov_4.244790	1	17689	4643	17594	99.4629	36.3732	35.6	54.1
P3_86_NODE_320_length_17586_cov_3.821582	1	17586	3666	17586	100	29.2619	35.8	59.2
P3_86_NODE_321_length_17512_cov_2.187575	1	17512	2127	17512	100	16.8681	35.6	59.9
P3_86_NODE_322_length_17481_cov_7.589893	1	17481	7248	17481	100	58.4415	35.9	58.7
P3_86_NODE_323_length_17440_cov_1.975336	1	17440	1803	17440	100	14.5805	35.8	60
P3_86_NODE_324_length_17366_cov_2.027322	1	17366	1839	17358	99.9539	14.9808	35.9	59.5
P3_86_NODE_325_length_17354_cov_18.111859	1	17354	16679	17354	100	135.617	35.8	59.7
P3_86_NODE_326_length_17268_cov_5.485794	1	17268	5159	17268	100	41.8741	35.8	59.7
P3_86_NODE_327_length_17266_cov_5.517416	1	17266	5302	17265	99.9942	42.8916	35.9	59.3
P3_86_NODE_328_length_17239_cov_14.075035	1	17239	14335	17239	100	112.682	35.7	58.1
P3_86_NODE_329_length_17201_cov_4.803971	1	17201	4524	17201	100	36.7208	35.9	59.2
P3_86_NODE_330_length_17184_cov_8.183913	1	17184	8103	17184	100	65.8904	35.6	58.2
P3_86_NODE_331_length_17180_cov_3.934381	1	17180	3627	17180	100	29.5286	35.8	58.1
P3_86_NODE_332_length_17158_cov_5.029182	1	17158	4763	17158	100	38.6645	35.9	59.7
P3_86_NODE_333_length_17079_cov_2.112022	1	17079	1888	17079	100	15.59	35.6	60
P3_86_NODE_334_length_16991_cov_6.479068	1	16991	5948	16991	100	49.0377	35.8	59.4
P3_86_NODE_335_length_16984_cov_7.045026	1	16984	6776	16984	100	56.0278	35.8	58.9
P3_86_NODE_336_length_16968_cov_3.198563	1	16968	2969	16958	99.9411	24.3469	35.7	58.8
P3_86_NODE_337_length_16967_cov_6.975238	1	16967	6910	16967	100	56.5363	35.8	58.9
P3_86_NODE_338_length_16943_cov_4.447966	1	16943	4217	16943	100	34.6864	35.9	59
P3_86_NODE_339_length_16894_cov_32.132403	1	16894	29559	16894	100	245.72	35.8	59.5
P3_86_NODE_340_length_16887_cov_2.468377	1	16887	2406	16887	100	19.643	35.9	56.2
P3_86_NODE_341_length_16873_cov_1.986982	1	16873	1742	16873	100	14.6905	35.7	59.8
P3_86_NODE_342_length_16857_cov_6.912014	1	16857	6254	16853	99.9763	52.1224	36	59.9
P3_86_NODE_343_length_16820_cov_1.225903	1	16820	1065	16820	100	8.96308	35.6	59.9
P3_86_NODE_344_length_16803_cov_16.990106	1	16803	15283	16803	100	128.27	35.8	59.9
P3_86_NODE_345_length_16765_cov_5.397464	1	16765	4823	16765	100	40.5014	35.8	60
P3_86_NODE_346_length_16634_cov_8.177500	1	16634	7467	16634	100	62.5979	35.8	59.7
P3_86_NODE_347_length_16624_cov_12.160393	1	16624	11153	16624	100	93.4525	35.8	59.7
P3_86_NODE_348_length_16603_cov_3.359675	1	16603	3066	16593	99.9398	25.7134	35.8	59
P3_86_NODE_349_length_16592_cov_90.364956	1	16592	82864	16592	100	697.239	35.8	59.9
P3_86_NODE_350_length_16481_cov_21.708940	1	16481	19061	16481	100	163.316	35.9	59.8
P3_86_NODE_351_length_16454_cov_4.595272	1	16454	4087	16454	100	34.7995	35.9	59.6
P3_86_NODE_352_length_16450_cov_2.142927	1	16450	1856	16450	100	16.0664	35.5	59.5
P3_86_NODE_353_length_16447_cov_1.741544	1	16447	1614	16447	100	13.5538	35.7	58.2
P3_86_NODE_354_length_16435_cov_9.548136	1	16435	8887	16430	99.9696	75.0117	35.9	59.6
P3_86_NODE_355_length_16435_cov_2.155752	1	16435	1893	16435	100	16.1187	35.7	59.9
P3_86_NODE_356_length_16417_cov_30.218109	1	16417	27470	16417	100	234.056	36	59.4
P3_86_NODE_357_length_16402_cov_25.506728	1	16402	22070	16402	100	190.453	35.8	59.9
P3_86_NODE_358_length_16372_cov_5.262235	1	16372	4737	16372	100	40.2955	35.8	59.9
P3_86_NODE_359_length_16344_cov_3.384226	1	16344	2912	16344	100	25.1581	35.6	59.9
P3_86_NODE_360_length_16328_cov_3.537251	1	16328	3045	16328	100	26.3248	35.8	59.9
P3_86_NODE_361_length_16266_cov_14.423075	1	16266	13194	16266	100	112.883	35.7	58.8
P3_86_NODE_362_length_16225_cov_2.678904	1	16225	2375	16219	99.963	20.4131	35.8	59.8
P3_86_NODE_363_length_16216_cov_1.621481	1	16216	1347	16216	100	11.8323	35.6	59.9
P3_86_NODE_364_length_16203_cov_1.428465	1	16203	1357	16203	100	11.4517	35.7	59.2
P3_86_NODE_365_length_16193_cov_7.827711	1	16193	6721	16193	100	58.6682	35.8	59.7
P3_86_NODE_366_length_16091_cov_2.555876	1	16091	2461	16091	100	21.1378	35.9	56
P3_86_NODE_367_length_16036_cov_2.243196	1	16036	2091	16036	100	17.7574	35.9	60
P3_86_NODE_368_length_16011_cov_1.492634	1	16011	1300	16011	100	11.3923	35.9	58.2
P3_86_NODE_369_length_16002_cov_2.969260	1	16002	2475	16002	100	21.9399	35.6	60
P3_86_NODE_370_length_15982_cov_88.184863	1	15982	74979	15982	100	660.086	35.8	59.3
P3_86_NODE_371_length_15975_cov_2.887872	1	15975	2518	15975	100	22.1208	35.8	59.8
P3_86_NODE_372_length_15968_cov_5.168992	1	15968	4919	15968	100	43.2385	35.8	59.7
P3_86_NODE_373_length_15962_cov_2.178844	1	15962	1913	15962	100	16.6133	35.7	58.9
P3_86_NODE_374_length_15952_cov_1.068436	1	15952	854	15952	100	7.68274	35.7	59.9
P3_86_NODE_375_length_15946_cov_2.099564	1	15946	1801	15937	99.9436	15.797	35.7	59.9
P3_86_NODE_376_length_15863_cov_1.369789	1	15863	1116	15863	100	10.0378	35.6	60
P3_86_NODE_377_length_15798_cov_72.397677	1	15798	58158	15798	100	514.616	35.7	51.9
P3_86_NODE_378_length_15777_cov_5.630543	1	15777	4935	15766	99.9303	43.4994	35.9	59.5
P3_86_NODE_379_length_15733_cov_11.716968	1	15733	10397	15733	100	92.3449	35.9	58.5
P3_86_NODE_380_length_15729_cov_2.480579	1	15729	2117	15729	100	18.7204	36	59.8
P3_86_NODE_381_length_15711_cov_11.440901	1	15711	10027	15711	100	88.7838	35.8	59
P3_86_NODE_382_length_15692_cov_12.959203	1	15692	12080	15692	100	107.157	35.7	57
P3_86_NODE_383_length_15692_cov_6.493093	1	15692	5412	15692	100	48.4323	35.9	59.9
P3_86_NODE_384_length_15683_cov_1.534970	1	15683	1257	15674	99.9426	11.35	35.5	59.9
P3_86_NODE_385_length_15657_cov_12.666903	1	15657	10953	15657	100	98.0272	35.9	59.2
P3_86_NODE_386_length_15620_cov_20.300394	1	15620	17850	15522	99.3726	157.883	35.8	58.8
P3_86_NODE_387_length_15620_cov_8.608275	1	15620	8107	15599	99.8656	72.6675	35.7	56.1
P3_86_NODE_388_length_15593_cov_2.876762	1	15593	2655	15593	100	23.0996	35.8	56.5
P3_86_NODE_389_length_15577_cov_2.801683	1	15577	2399	15577	100	21.4792	35.7	59.8
P3_86_NODE_390_length_15558_cov_8.118139	1	15558	6837	15558	100	61.6277	35.7	59.2
P3_86_NODE_391_length_15558_cov_4.122610	1	15558	3586	15558	100	31.9898	35.9	58.9
P3_86_NODE_392_length_15509_cov_43.865817	1	15509	38154	15509	100	345.41	35.8	59.4
P3_86_NODE_393_length_15451_cov_1.408314	1	15451	1127	15451	100	10.3771	35.8	59.9
P3_86_NODE_394_length_15440_cov_2.537909	1	15440	2089	15440	100	19.0215	35.8	59.9
P3_86_NODE_395_length_15414_cov_3.572447	1	15414	2728	15414	100	25.5093	35.6	59.9
P3_86_NODE_396_length_15401_cov_18.389158	1	15401	14919	15395	99.961	137.31	35.7	59.8
P3_86_NODE_397_length_15392_cov_1.913528	1	15392	1601	15392	100	14.5771	35.9	59.8
P3_86_NODE_398_length_15363_cov_1.720268	1	15363	1521	15363	100	13.7541	35.8	59.2
P3_86_NODE_399_length_15360_cov_11.094597	1	15360	9639	15360	100	87.5346	35.8	59.5
P3_86_NODE_400_length_15356_cov_2.067371	1	15356	1795	15356	100	16.1007	35.8	59.9
P3_86_NODE_401_length_15333_cov_2.462449	1	15333	2252	15333	100	19.9617	35.8	56
P3_86_NODE_402_length_15310_cov_11.743858	1	15310	9060	15310	100	83.118	35.9	54
P3_86_NODE_403_length_15303_cov_1.253492	1	15303	979	15294	99.9412	9.11834	35.7	59.8
P3_86_NODE_404_length_15283_cov_10.520850	1	15283	8729	15283	100	80.2242	35.7	59.7
P3_86_NODE_405_length_15279_cov_27.604145	1	15279	23064	15279	100	211.225	35.9	59.7
P3_86_NODE_406_length_15278_cov_136.831760	1	15278	110939	15278	100	1026.51	35.7	59.1
P3_86_NODE_407_length_15278_cov_4.453171	1	15278	3809	15277	99.9935	34.513	36	58.8
P3_86_NODE_408_length_15255_cov_37.140402	1	15255	29789	15255	100	276.3	35.9	59.6
P3_86_NODE_409_length_15241_cov_66.310639	1	15241	53526	15241	100	495.959	35.8	59.9
P3_86_NODE_410_length_15221_cov_4.783026	1	15221	4144	15218	99.9803	37.6923	35.8	59.1
P3_86_NODE_411_length_15220_cov_2.997416	1	15220	2525	15220	100	23.1771	35.8	59.1
P3_86_NODE_412_length_15148_cov_11.797816	1	15148	10217	15148	100	95.4471	35.8	59.8
P3_86_NODE_413_length_15111_cov_2.213161	1	15111	1808	15102	99.9404	16.7688	35.9	59.1
P3_86_NODE_414_length_15100_cov_2.878448	1	15100	2344	15100	100	21.4864	35.8	57.8
P3_86_NODE_415_length_15096_cov_5.359009	1	15096	4414	15096	100	40.8651	36	59.3
P3_86_NODE_416_length_15074_cov_4.654914	1	15074	3931	15074	100	36.3182	35.8	58.9
P3_86_NODE_417_length_15066_cov_5.030122	1	15066	4089	15066	100	38.0605	35.7	59.5
P3_86_NODE_418_length_14969_cov_6.354332	1	14969	5142	14969	100	48.062	35.8	59.7
P3_86_NODE_419_length_14964_cov_11.449417	1	14964	10045	14865	99.3384	92.5629	35.8	57.1
P3_86_NODE_420_length_14942_cov_3.003577	1	14942	2444	14942	100	22.8246	35.8	58.9
P3_86_NODE_421_length_14918_cov_2.660131	1	14918	2246	14918	100	20.8249	35.7	59.3
P3_86_NODE_422_length_14838_cov_3.947658	1	14838	3225	14838	100	30.3775	35.8	59.3
P3_86_NODE_423_length_14832_cov_3.083577	1	14832	2475	14832	100	23.4057	35.8	59.7
P3_86_NODE_424_length_14832_cov_2.672084	1	14832	2165	14832	100	20.3674	35.8	59.1
P3_86_NODE_425_length_14803_cov_4.225743	1	14803	3628	14803	100	34.0103	35.8	59.5
P3_86_NODE_426_length_14772_cov_3.532673	1	14772	2909	14772	100	27.4007	35.9	58.8
P3_86_NODE_427_length_14731_cov_11.430498	1	14731	9444	14731	100	89.7494	35.9	59.6
P3_86_NODE_428_length_14722_cov_16.697499	1	14722	13734	14722	100	130.789	35.7	59.1
P3_86_NODE_429_length_14699_cov_1.616868	1	14699	1283	14699	100	12.1733	36	60
P3_86_NODE_430_length_14693_cov_24.118152	1	14693	20147	14674	99.8707	191.512	36.1	59.4
P3_86_NODE_431_length_14657_cov_20.297522	1	14657	16748	14647	99.9318	158.56	35.8	59.8
P3_86_NODE_432_length_14623_cov_5.880519	1	14623	5298	14620	99.9795	48.8614	36	56.2
P3_86_NODE_433_length_14621_cov_3.647578	1	14621	2907	14621	100	27.7711	36	59.9
P3_86_NODE_434_length_14606_cov_14.619656	1	14606	11520	14606	100	111.311	35.9	59.8
P3_86_NODE_435_length_14606_cov_4.454520	1	14606	3932	14540	99.5481	36.8714	35.7	57.2
P3_86_NODE_436_length_14550_cov_6.951744	1	14550	5689	14550	100	54.4148	35.7	59.3
P3_86_NODE_437_length_14540_cov_5.127871	1	14540	4262	14540	100	40.8411	35.8	59
P3_86_NODE_438_length_14537_cov_6.411589	1	14537	10596	14537	100	98.9073	35.9	48.5
P3_86_NODE_439_length_14529_cov_16.286210	1	14529	14502	14529	100	137.482	35.9	59.5
P3_86_NODE_440_length_14481_cov_7.407343	1	14481	5968	14481	100	57.4587	35.7	59.2
P3_86_NODE_441_length_14429_cov_2.648161	1	14429	2047	14429	100	19.9294	35.8	60
P3_86_NODE_442_length_14385_cov_5.927900	1	14385	4660	14365	99.861	45.31	35.6	59.7
P3_86_NODE_443_length_14366_cov_10.506215	1	14366	8476	14366	100	81.441	35.9	59.9
P3_86_NODE_444_length_14359_cov_3.288435	1	14359	2550	14359	100	24.8817	35.7	59.4
P3_86_NODE_445_length_14299_cov_57.785422	1	14299	47397	14005	97.9439	462.032	35.6	58.2
P3_86_NODE_446_length_14299_cov_4.277166	1	14299	3581	14299	100	34.0744	35.6	57.6
P3_86_NODE_447_length_14289_cov_104.724262	1	14289	84242	14289	100	831.502	35.7	59.6
P3_86_NODE_448_length_14289_cov_11.667914	1	14289	9397	14289	100	91.5457	35.8	59.3
P3_86_NODE_449_length_14283_cov_3.131252	1	14283	2557	14280	99.979	24.3928	35.7	58.1
P3_86_NODE_450_length_14274_cov_14.867110	1	14274	11742	14274	100	115.022	35.9	58.9
P3_86_NODE_451_length_14272_cov_8.683704	1	14272	6614	14268	99.972	65.2607	35.8	59.4
P3_86_NODE_452_length_14246_cov_9.462922	1	14246	9204	14232	99.9017	89.2132	35.8	53.7
P3_86_NODE_453_length_14233_cov_10.147384	1	14233	8546	14233	100	83.2696	35.8	56.5
P3_86_NODE_454_length_14222_cov_1.661653	1	14222	1338	14213	99.9367	13.1996	35.9	59
P3_86_NODE_455_length_14191_cov_7.769696	1	14191	6374	14191	100	61.3893	35.8	59.3
P3_86_NODE_456_length_14187_cov_1.876102	1	14187	1394	14187	100	13.7762	35.9	59.6
P3_86_NODE_457_length_14174_cov_4.252153	1	14174	3396	14174	100	33.0302	35.8	59.3
P3_86_NODE_458_length_14172_cov_12.119188	1	14172	10020	14172	100	97.4598	35.7	58.6
P3_86_NODE_459_length_14143_cov_1.982805	1	14143	1477	14143	100	14.7991	35.9	60
P3_86_NODE_460_length_14131_cov_8.632248	1	14131	6776	14127	99.9717	66.8361	35.8	59.2
P3_86_NODE_461_length_14125_cov_1.549936	1	14125	1258	14125	100	12.4583	35.8	59.8
P3_86_NODE_462_length_14088_cov_0.961822	1	14088	710	14088	100	7.17043	35.6	59.7
P3_86_NODE_463_length_14081_cov_7.123907	1	14081	5268	14081	100	52.8943	35.9	59.8
P3_86_NODE_464_length_14059_cov_3.941789	1	14059	2973	14059	100	29.6923	35.8	59.7
P3_86_NODE_465_length_14036_cov_1.399669	1	14036	1040	14027	99.9359	10.4227	35.9	59.6
P3_86_NODE_466_length_14020_cov_2.163895	1	14020	1623	14020	100	16.2947	35.7	60
P3_86_NODE_467_length_14016_cov_2.835049	1	14016	2542	14016	100	24.8226	35.7	55.4
P3_86_NODE_468_length_13961_cov_15.670377	1	13961	12204	13961	100	122.723	35.7	58.9
P3_86_NODE_469_length_13939_cov_2.958804	1	13939	2387	13939	100	23.562	35.8	56.7
P3_86_NODE_470_length_13926_cov_12.243351	1	13926	9218	13831	99.3178	92.1833	35.8	58.9
P3_86_NODE_471_length_13874_cov_5.751655	1	13874	4187	13874	100	42.5696	35.9	59.9
P3_86_NODE_472_length_13863_cov_23.057222	1	13863	17735	13863	100	178.481	35.9	58.8
P3_86_NODE_473_length_13840_cov_4.463793	1	13840	3277	13840	100	33.2204	35.7	59.8
P3_86_NODE_474_length_13829_cov_4.632170	1	13829	3609	13829	100	36.8202	35.9	59
P3_86_NODE_475_length_13811_cov_8.037051	1	13811	6417	13811	100	64.1727	35.9	58
P3_86_NODE_476_length_13795_cov_2.028607	1	13795	1443	13795	100	14.841	35.7	60
P3_86_NODE_477_length_13777_cov_2.373333	1	13777	1997	13762	99.8911	19.9688	36	59.2
P3_86_NODE_478_length_13742_cov_1.395887	1	13742	1031	13742	100	10.4647	35.8	59.6
P3_86_NODE_479_length_13705_cov_4.983429	1	13705	3820	13607	99.2849	38.4312	35.6	56.6
P3_86_NODE_480_length_13668_cov_6.548556	1	13668	4762	13668	100	49.0989	35.7	59.7
P3_86_NODE_481_length_13665_cov_1.267248	1	13665	916	13665	100	9.42269	35.7	60
P3_86_NODE_482_length_13655_cov_2.876996	1	13655	2514	13655	100	22.6825	35.8	52.2
P3_86_NODE_483_length_13648_cov_1.482731	1	13648	1083	13639	99.9341	11.1676	35.8	60
P3_86_NODE_484_length_13642_cov_1.794673	1	13642	1340	13642	100	13.6942	35.9	59.4
P3_86_NODE_485_length_13634_cov_1.959132	1	13634	1479	13634	100	15.0037	35.8	58.5
P3_86_NODE_486_length_13614_cov_96.037147	1	13614	72870	13614	100	751.384	35.7	59.2
P3_86_NODE_487_length_13574_cov_1.984755	1	13574	1579	13574	100	15.9652	35.8	58
P3_86_NODE_488_length_13548_cov_2.897176	1	13548	2132	13548	100	21.901	35.7	60
P3_86_NODE_489_length_13528_cov_5.178270	1	13528	4484	13528	100	45.2161	35.5	53.3
P3_86_NODE_490_length_13515_cov_1.723409	1	13515	1219	13515	100	12.7153	35.7	60
P3_86_NODE_491_length_13504_cov_51.550796	1	13504	36943	13504	100	385.552	35.8	57.3
P3_86_NODE_492_length_13487_cov_13.244237	1	13487	9323	13487	100	95.8763	35.8	56
P3_86_NODE_493_length_13477_cov_3.461873	1	13477	2691	13477	100	27.7961	35.8	59.3
P3_86_NODE_494_length_13453_cov_2.295287	1	13453	1671	13453	100	17.343	35.8	60
P3_86_NODE_495_length_13429_cov_8.812209	1	13429	6469	13429	100	67.4891	35.8	59.8
P3_86_NODE_496_length_13413_cov_4.969517	1	13413	3742	13413	100	37.0927	36	51
P3_86_NODE_497_length_13410_cov_8.756154	1	13410	6383	13410	100	66.6875	35.9	59
P3_86_NODE_498_length_13344_cov_1.965121	1	13344	1520	13344	100	15.5455	35.8	56
P3_86_NODE_499_length_13307_cov_11.870030	1	13307	8939	13307	100	93.8789	35.8	59.7
P3_86_NODE_500_length_13303_cov_3.540908	1	13303	2469	13303	100	26.3495	35.9	58.9
P3_86_NODE_501_length_13280_cov_9.817304	1	13280	7168	13280	100	75.591	35.7	59.2
P3_86_NODE_502_length_13255_cov_18.500457	1	13255	15633	13255	100	164.517	35.7	51.8
P3_86_NODE_503_length_13220_cov_5.234553	1	13220	3894	13213	99.947	41.3408	35.8	59.2
P3_86_NODE_504_length_13203_cov_2.008489	1	13203	1437	13203	100	15.2289	36	59.9
P3_86_NODE_505_length_13197_cov_1.316220	1	13197	880	13197	100	9.51489	35.5	60
P3_86_NODE_506_length_13189_cov_1.730669	1	13189	1237	13189	100	13.0117	35.9	57.7
P3_86_NODE_507_length_13088_cov_3.229766	1	13088	2381	12989	99.2436	24.8686	35.8	57.2
P3_86_NODE_508_length_13035_cov_17.246746	1	13035	14626	13035	100	155.461	35.7	56.6
P3_86_NODE_509_length_13030_cov_4.661087	1	13030	3399	13020	99.9233	36.2197	35.9	58.4
P3_86_NODE_510_length_13015_cov_2.241543	1	13015	1745	13014	99.9923	18.5646	35.8	59
P3_86_NODE_511_length_13002_cov_2.343301	1	13002	1971	13002	100	21.3026	35.8	59.5
P3_86_NODE_512_length_12943_cov_4.281679	1	12943	3158	12943	100	33.3746	35.8	57.4
P3_86_NODE_513_length_12939_cov_1.535201	1	12939	1027	12939	100	11.3228	35.8	60
P3_86_NODE_514_length_12905_cov_3.533886	1	12905	2533	12905	100	27.417	35.9	59.4
P3_86_NODE_515_length_12874_cov_4.619440	1	12874	3202	12874	100	34.9518	35.9	59.6
P3_86_NODE_516_length_12867_cov_8.514678	1	12867	6012	12867	100	65.1692	35.9	59.6
P3_86_NODE_517_length_12865_cov_1.630633	1	12865	1129	12865	100	12.2299	35.9	59.8
P3_86_NODE_518_length_12857_cov_9.289945	1	12857	6518	12857	100	70.9001	35.8	57.7
P3_86_NODE_519_length_12838_cov_5.901581	1	12838	4609	12838	100	49.6055	35.8	57.3
P3_86_NODE_520_length_12815_cov_9.571091	1	12815	6519	12815	100	71.5384	35.8	59.9
P3_86_NODE_521_length_12808_cov_4.941251	1	12808	2011	12808	100	21.3011	35.5	0
P3_86_NODE_522_length_12805_cov_5.631645	1	12805	4417	12805	100	47.5633	35.4	57.9
P3_86_NODE_523_length_12799_cov_5.526594	1	12799	3773	12799	100	41.6097	35.8	59.7
P3_86_NODE_524_length_12734_cov_12.990006	1	12734	8911	12734	100	98.4115	35.8	59.5
P3_86_NODE_525_length_12721_cov_4.235906	1	12721	2933	12721	100	32.2486	35.9	59.8
P3_86_NODE_526_length_12715_cov_5.407054	1	12715	3728	12715	100	40.9007	35.6	58.8
P3_86_NODE_527_length_12699_cov_19.617483	1	12699	13205	12695	99.9685	146.663	35.8	59.9
P3_86_NODE_528_length_12640_cov_110.647087	1	12640	77666	12640	100	864.432	35.7	59.1
P3_86_NODE_529_length_12632_cov_5.470612	1	12632	3857	12632	100	42.6737	35.8	59.2
P3_86_NODE_530_length_12628_cov_1.476522	1	12628	1040	12628	100	11.1794	36	58.1
P3_86_NODE_531_length_12613_cov_3.778312	1	12613	2759	12610	99.9762	30.3517	35.9	58.8
P3_86_NODE_532_length_12609_cov_2.919564	1	12609	2030	12609	100	22.4086	35.9	58.6
P3_86_NODE_533_length_12603_cov_3.061558	1	12603	2120	12603	100	23.4196	35.8	59.9
P3_86_NODE_534_length_12595_cov_2.992140	1	12595	2064	12595	100	22.8557	35.4	58.2
P3_86_NODE_535_length_12582_cov_2.747330	1	12582	2045	12582	100	22.5094	35.9	59.4
P3_86_NODE_536_length_12581_cov_33.616509	1	12581	23018	12581	100	256.214	35.8	59.7
P3_86_NODE_537_length_12546_cov_14.984540	1	12546	9926	12546	100	111.536	35.8	59.5
P3_86_NODE_538_length_12507_cov_19.958525	1	12507	13008	12507	100	147.738	35.6	60
P3_86_NODE_539_length_12448_cov_21.266618	1	12448	14121	12448	100	159.459	35.7	59.8
P3_86_NODE_540_length_12435_cov_2.353997	1	12435	1601	12435	100	17.8583	35.9	58.7
P3_86_NODE_541_length_12431_cov_10.853787	1	12431	7061	12431	100	80.4365	35.9	59.9
P3_86_NODE_542_length_12350_cov_2.989610	1	12350	2073	12330	99.8381	23.2792	35.7	59.6
P3_86_NODE_543_length_12322_cov_2.128003	1	12322	1304	12322	100	15.1978	35.6	59.9
P3_86_NODE_544_length_12313_cov_1.501887	1	12313	1088	12308	99.9594	11.7455	35.8	57.6
P3_86_NODE_545_length_12312_cov_11.772918	1	12312	8599	12213	99.1959	97.3857	35.9	58.4
P3_86_NODE_546_length_12289_cov_30.089870	1	12289	20887	12289	100	235.636	35.7	55
P3_86_NODE_547_length_12267_cov_25.074876	1	12267	16391	12267	100	188.94	35.8	59.3
P3_86_NODE_548_length_12257_cov_1.754575	1	12257	1095	12247	99.9184	12.7886	35.6	60
P3_86_NODE_549_length_12256_cov_6.696018	1	12256	5351	12256	100	58.4714	35.8	58.6
P3_86_NODE_550_length_12211_cov_5.648295	1	12211	3679	12205	99.9509	42.5629	35.7	59.2
P3_86_NODE_551_length_12209_cov_2.172322	1	12209	1641	12209	100	18.4838	35.8	59.6
P3_86_NODE_552_length_12206_cov_9.394486	1	12206	6812	12206	100	77.5076	35.8	58
P3_86_NODE_553_length_12190_cov_1.294869	1	12190	842	12190	100	9.64061	36	58.3
P3_86_NODE_554_length_12189_cov_2.155115	1	12189	1464	12189	100	16.5806	35.8	59.7
P3_86_NODE_555_length_12165_cov_3.903971	1	12165	2655	12165	100	30.3974	35.9	58.7
P3_86_NODE_556_length_12157_cov_10.339734	1	12157	7626	12157	100	85.5383	35.6	56.4
P3_86_NODE_557_length_12133_cov_3.719390	1	12133	2587	12133	100	29.5661	35.8	57.8
P3_86_NODE_558_length_12090_cov_2.792360	1	12090	1967	12090	100	22.603	35.7	54
P3_86_NODE_559_length_12076_cov_2.585739	1	12076	1657	12076	100	19.3369	35.8	59.9
P3_86_NODE_560_length_12010_cov_4.648237	1	12010	3047	12010	100	35.3908	35.8	58.8
P3_86_NODE_561_length_12007_cov_4.593266	1	12007	3321	12007	100	38.4806	35.8	59.1
P3_86_NODE_562_length_11991_cov_1.573163	1	11991	1075	11991	100	12.1484	35.9	56.4
P3_86_NODE_563_length_11966_cov_17.525044	1	11966	12124	11966	100	140.264	35.9	57.7
P3_86_NODE_564_length_11960_cov_3.345897	1	11960	2205	11960	100	25.5649	35.8	59.2
P3_86_NODE_565_length_11921_cov_3.808038	1	11921	2588	11921	100	30.5817	35.8	58.8
P3_86_NODE_566_length_11865_cov_2.090901	1	11865	1437	11865	100	16.5784	35.6	57
P3_86_NODE_567_length_11763_cov_6.618168	1	11763	5640	11763	100	62.3835	35.7	56
P3_86_NODE_568_length_11738_cov_2.504091	1	11738	2170	11738	100	21.9099	35.7	47.1
P3_86_NODE_569_length_11688_cov_2.494507	1	11688	1585	11688	100	18.8595	35.8	59.4
P3_86_NODE_570_length_11669_cov_3.025732	1	11669	1959	11669	100	23.2985	35.8	59
P3_86_NODE_571_length_11666_cov_4.804749	1	11666	3080	11666	100	36.8399	35.8	58.1
P3_86_NODE_572_length_11644_cov_3.666493	1	11644	2330	11644	100	27.9358	35.8	59.5
P3_86_NODE_573_length_11623_cov_7.058455	1	11623	4495	11623	100	53.9364	35.7	59.2
P3_86_NODE_574_length_11600_cov_8.404689	1	11600	5338	11592	99.931	64.8103	36	50.1
P3_86_NODE_575_length_11592_cov_21.646228	1	11592	15365	11592	100	181.388	35.6	55
P3_86_NODE_576_length_11576_cov_7.192419	1	11576	4924	11576	100	58.6001	35.8	57.9
P3_86_NODE_577_length_11575_cov_2.558788	1	11575	1643	11575	100	19.7164	35.9	59.1
P3_86_NODE_578_length_11565_cov_2.884245	1	11565	1919	11559	99.9481	23.1757	35.8	59.4
P3_86_NODE_579_length_11563_cov_4.039087	1	11563	2791	11563	100	33.7105	35.9	59.5
P3_86_NODE_580_length_11552_cov_2.624683	1	11552	1568	11552	100	19.2339	35.7	59.9
P3_86_NODE_581_length_11525_cov_4.826987	1	11525	2933	11525	100	36.1124	35.7	59.9
P3_86_NODE_582_length_11479_cov_2.435958	1	11479	1498	11475	99.9652	18.3343	35.9	59.6
P3_86_NODE_583_length_11477_cov_20.774273	1	11477	13413	11464	99.8867	163.832	35.8	58.5
P3_86_NODE_584_length_11440_cov_2.789799	1	11440	1751	11440	100	21.4646	35.7	58.7
P3_86_NODE_585_length_11381_cov_1.978230	1	11381	1241	11381	100	15.0559	35.7	59.5
P3_86_NODE_586_length_11330_cov_14.561189	1	11330	8856	11330	100	110.118	35.8	59.5
P3_86_NODE_587_length_11330_cov_2.657056	1	11330	1612	11330	100	19.7867	35.9	59.8
P3_86_NODE_588_length_11321_cov_22.883152	1	11321	15653	11321	100	189.701	35.7	55.9
P3_86_NODE_589_length_11303_cov_1.907033	1	11303	1300	11303	100	15.6315	35.7	55.9
P3_86_NODE_590_length_11285_cov_1.324789	1	11285	830	11285	100	10.0774	35.9	59.9
P3_86_NODE_591_length_11214_cov_2.446108	1	11214	1516	11208	99.9465	18.8396	35.8	59.1
P3_86_NODE_592_length_11207_cov_1.143863	1	11207	693	11197	99.9108	8.61765	35.6	59.9
P3_86_NODE_593_length_11172_cov_11.402082	1	11172	7012	11172	100	87.2091	35.6	59.8
P3_86_NODE_594_length_11140_cov_3.886135	1	11140	2320	11086	99.5153	29.3812	35.7	58.9
P3_86_NODE_595_length_11108_cov_4.484655	1	11108	2675	11108	100	33.5879	35.8	59.8
P3_86_NODE_596_length_11075_cov_2.452046	1	11075	1448	11075	100	18.3546	35.7	59.3
P3_86_NODE_597_length_11049_cov_9.497070	1	11049	6419	11039	99.9095	79.1749	35.7	55.6
P3_86_NODE_598_length_11047_cov_5.744505	1	11047	3353	11047	100	42.7904	35.8	59.9
P3_86_NODE_599_length_11035_cov_16.748992	1	11035	9994	11035	100	126.973	35.9	59.9
P3_86_NODE_600_length_10972_cov_3.033748	1	10972	1738	10972	100	22.4532	35.9	59.6
P3_86_NODE_601_length_10944_cov_3.632061	1	10944	2160	10944	100	27.395	35.8	59.6
P3_86_NODE_602_length_10932_cov_10.108191	1	10932	6535	10932	100	80.4533	35.8	59.7
P3_86_NODE_603_length_10902_cov_39.948399	1	10902	23776	10902	100	305.376	35.9	59.9
P3_86_NODE_604_length_10854_cov_1.425562	1	10854	803	10854	100	10.4821	35.6	60
P3_86_NODE_605_length_10822_cov_3.501449	1	10822	2190	10822	100	27.9706	35.8	59.2
P3_86_NODE_606_length_10821_cov_1.664017	1	10821	1103	10812	99.9168	13.6928	35.8	55.7
P3_86_NODE_607_length_10802_cov_3.653115	1	10802	2085	10802	100	27.1221	35.7	59.9
P3_86_NODE_608_length_10789_cov_3.358094	1	10789	2080	10789	100	26.333	35.8	58.3
P3_86_NODE_609_length_10782_cov_68.732426	1	10782	39649	10782	100	518.054	35.9	59.9
P3_86_NODE_610_length_10769_cov_2.250047	1	10769	1291	10769	100	16.9196	35.8	59.6
P3_86_NODE_611_length_10762_cov_4.045040	1	10762	2495	10762	100	32.1183	35.8	59.2
P3_86_NODE_612_length_10762_cov_1.411566	1	10762	1639	10757	99.9535	14.4747	32.6	36
P3_86_NODE_613_length_10689_cov_2.923405	1	10689	1709	10689	100	22.4065	35.9	59.3
P3_86_NODE_614_length_10671_cov_3.673748	1	10671	2065	10671	100	27.4818	35.9	59.8
P3_86_NODE_615_length_10643_cov_0.996957	1	10643	563	10634	99.9154	7.3872	35.9	59.8
P3_86_NODE_616_length_10617_cov_8.808294	1	10617	5546	10617	100	71.8626	35.7	58
P3_86_NODE_617_length_10613_cov_8.477780	1	10613	5299	10613	100	68.2325	35.7	57.3
P3_86_NODE_618_length_10604_cov_5.632433	1	10604	3590	10603	99.9906	46.6128	35.5	58.8
P3_86_NODE_619_length_10603_cov_5.256205	1	10603	3114	10508	99.104	40.5916	35.9	58.6
P3_86_NODE_620_length_10601_cov_14.003055	1	10601	6245	10601	100	81.984	35.8	58.1
P3_86_NODE_621_length_10547_cov_2.635988	1	10547	1487	10547	100	19.555	35.9	57.6
P3_86_NODE_622_length_10535_cov_5.965411	1	10535	3982	10535	100	50.5115	35.6	54.8
P3_86_NODE_623_length_10485_cov_1.213458	1	10485	720	10485	100	9.45961	35.7	59.3
P3_86_NODE_624_length_10484_cov_33.883171	1	10484	19185	10484	100	256.609	35.9	59.8
P3_86_NODE_625_length_10478_cov_2.976138	1	10478	2074	10478	100	27.1526	35.7	57.9
P3_86_NODE_626_length_10457_cov_3.220136	1	10457	1889	10457	100	24.9767	36	58.8
P3_86_NODE_627_length_10451_cov_9.327102	1	10451	5152	10451	100	69.6393	35.7	59.9
P3_86_NODE_628_length_10446_cov_1.332881	1	10446	768	10446	100	10.2901	36	59.5
P3_86_NODE_629_length_10441_cov_3.145046	1	10441	1801	10441	100	23.9513	35.8	59.4
P3_86_NODE_630_length_10417_cov_1.812731	1	10417	1442	10417	100	17.6604	35.9	48.5
P3_86_NODE_631_length_10408_cov_10.963719	1	10408	6572	10408	100	87.3667	35.9	58.6
P3_86_NODE_632_length_10402_cov_10.770803	1	10402	6621	10305	99.0675	86.2881	35.4	56.9
P3_86_NODE_633_length_10393_cov_2.625170	1	10393	1472	10385	99.923	19.8562	35.8	59.9
P3_86_NODE_634_length_10382_cov_1.144710	1	10382	678	10382	100	8.87045	35.7	55.9
P3_86_NODE_635_length_10369_cov_2.447862	1	10369	1435	10369	100	18.9387	35.9	57.9
P3_86_NODE_636_length_10365_cov_6.395780	1	10365	3565	10365	100	48.2902	35.8	59.1
P3_86_NODE_637_length_10362_cov_1.308061	1	10362	843	10362	100	10.8516	35.8	57.4
P3_86_NODE_638_length_10351_cov_3.641236	1	10351	2164	10340	99.8937	28.8455	35.4	59.1
P3_86_NODE_639_length_10329_cov_5.131641	1	10329	2912	10329	100	39.6454	35.8	58.1
P3_86_NODE_640_length_10327_cov_21.433137	1	10327	12105	10327	100	163.234	36	58.8
P3_86_NODE_641_length_10297_cov_2.075811	1	10297	1174	10297	100	15.8603	35.7	59.3
P3_86_NODE_642_length_10289_cov_1.388408	1	10289	821	10289	100	10.7481	35.8	56.1
P3_86_NODE_643_length_10285_cov_40.744438	1	10285	23230	10190	99.0763	316.386	35.8	58.6
P3_86_NODE_644_length_10267_cov_3.579980	1	10267	1979	10267	100	27.0027	35.6	59.1
P3_86_NODE_645_length_10264_cov_1.600375	1	10264	938	10264	100	12.6222	35.8	57.5
P3_86_NODE_646_length_10263_cov_10.230367	1	10263	5906	10263	100	80.4563	35.8	58.1
P3_86_NODE_647_length_10251_cov_16.539115	1	10251	10547	10251	100	141.464	35.7	57.5
P3_86_NODE_648_length_10246_cov_11.632968	1	10246	6820	10246	100	92.9296	35.7	58.1
P3_86_NODE_649_length_10230_cov_1.896367	1	10230	1065	10230	100	14.4929	35.8	60
P3_86_NODE_650_length_10198_cov_4.946182	1	10198	2881	10195	99.9706	39.0209	35.7	58
P3_86_NODE_651_length_10182_cov_1.360020	1	10182	760	10182	100	10.3645	35.7	59.4
P3_86_NODE_652_length_10134_cov_1.340961	1	10134	663	10134	100	9.50947	35.5	59.9
P3_86_NODE_653_length_10124_cov_2.247274	1	10124	1463	10124	100	19.227	35.7	53.4
P3_86_NODE_654_length_10119_cov_3.839271	1	10119	2254	10104	99.8518	31.1345	35.9	57.8
P3_86_NODE_655_length_10117_cov_35.461538	1	10117	19018	10117	100	264.733	35.8	60
P3_86_NODE_656_length_10111_cov_1.076322	1	10111	599	10101	99.9011	8.21056	35.7	59.9
P3_86_NODE_657_length_10109_cov_5.443699	1	10109	2984	10109	100	41.6884	35.8	59.3
P3_86_NODE_658_length_10092_cov_15.058304	1	10092	8211	10092	100	114.478	35.7	59.6
P3_86_NODE_659_length_10079_cov_1.296925	1	10079	732	10079	100	10.0382	35.8	58.7
P3_86_NODE_660_length_10054_cov_1.886169	1	10054	1137	10054	100	15.6695	35.8	58.8
P3_86_NODE_661_length_10034_cov_4.124962	1	10034	2363	10034	100	32.9856	35.9	59.3
P3_86_NODE_662_length_10027_cov_1.808586	1	10027	938	10027	100	13.2663	35.7	59.4
P3_86_NODE_663_length_10005_cov_3.898360	1	10005	2151	10004	99.99	29.953	35.8	59.1
P3_86_NODE_664_length_9997_cov_2.392604	1	9997	1274	9997	100	17.9708	35.5	59.6
P3_86_NODE_665_length_9945_cov_6.244653	1	9945	3570	9945	100	50.5239	35.6	56.6
P3_86_NODE_666_length_9908_cov_4.051835	1	9908	2214	9908	100	31.0656	35.9	59.4
P3_86_NODE_667_length_9874_cov_1.240792	1	9874	635	9874	100	9.15556	35.5	59.8
P3_86_NODE_668_length_9863_cov_2.187859	1	9863	1180	9863	100	16.4984	35.8	59.2
P3_86_NODE_669_length_9856_cov_11.476102	1	9856	6249	9856	100	87.8462	35.5	58.3
P3_86_NODE_670_length_9855_cov_1.973993	1	9855	1195	9855	100	16.628	35.8	59.5
P3_86_NODE_671_length_9854_cov_3.876838	1	9854	2025	9854	100	29.118	35.7	59.8
P3_86_NODE_672_length_9829_cov_17.917234	1	9829	9439	9829	100	135.064	35.9	59.3
P3_86_NODE_673_length_9815_cov_2.044694	1	9815	1174	9815	100	16.2963	35.7	57.5
P3_86_NODE_674_length_9803_cov_4.853762	1	9803	2690	9803	100	38.0318	35.8	59.2
P3_86_NODE_675_length_9799_cov_3.816481	1	9799	2007	9780	99.8061	28.7084	35.7	59.8
P3_86_NODE_676_length_9788_cov_2.827347	1	9788	1494	9788	100	21.3829	35.9	59.9
P3_86_NODE_677_length_9777_cov_27.332746	1	9777	14996	9777	100	212.704	35.8	55.7
P3_86_NODE_678_length_9750_cov_14.316325	1	9750	7664	9750	100	110.364	35.9	58
P3_86_NODE_679_length_9743_cov_4.453307	1	9743	2530	9743	100	35.8458	35.7	56.8
P3_86_NODE_680_length_9732_cov_2.132639	1	9732	1088	9732	100	15.6956	35.8	60
P3_86_NODE_681_length_9716_cov_5.996037	1	9716	3326	9716	100	47.2829	35.7	57.3
P3_86_NODE_682_length_9713_cov_2.136971	1	9713	1200	9710	99.9691	16.8649	35.8	57.7
P3_86_NODE_683_length_9696_cov_1.017557	1	9696	526	9696	100	7.74412	35.6	59.8
P3_86_NODE_684_length_9691_cov_0.867838	1	9691	543	9680	99.8865	7.66484	35.7	59.5
P3_86_NODE_685_length_9685_cov_1.931994	1	9685	980	9685	100	14.2403	35.8	60
P3_86_NODE_686_length_9677_cov_2.171832	1	9677	1223	9677	100	17.76	35.9	59.4
P3_86_NODE_687_length_9669_cov_2.269336	1	9669	1352	9669	100	18.9344	35.8	54.1
P3_86_NODE_688_length_9663_cov_2.377831	1	9663	1307	9663	100	18.5407	35.9	58.6
P3_86_NODE_689_length_9657_cov_3.747324	1	9657	2053	9649	99.9172	29.2757	35.7	59.1
P3_86_NODE_690_length_9653_cov_2.709322	1	9653	1379	9653	100	20.0529	35.8	59.7
P3_86_NODE_691_length_9646_cov_2.015758	1	9646	1044	9636	99.8963	15.0022	35.9	59.4
P3_86_NODE_692_length_9641_cov_1.934833	1	9641	1120	9641	100	15.6724	35.7	57.5
P3_86_NODE_693_length_9633_cov_1.298969	1	9633	661	9633	100	9.7439	35.7	59.9
P3_86_NODE_694_length_9622_cov_2.038652	1	9622	1015	9622	100	14.9172	35.7	59.9
P3_86_NODE_695_length_9604_cov_26.346207	1	9604	13267	9604	100	195.452	35.7	59.1
P3_86_NODE_696_length_9580_cov_3.898128	1	9580	2217	9580	100	32.0489	35.5	56.4
P3_86_NODE_697_length_9577_cov_2.218836	1	9577	1193	9577	100	17.06	35.9	57.9
P3_86_NODE_698_length_9559_cov_1.038380	1	9559	506	9559	100	7.57726	35.4	59.9
P3_86_NODE_699_length_9530_cov_5.719770	1	9530	3034	9530	100	44.342	35.9	59.7
P3_86_NODE_700_length_9529_cov_1.943310	1	9529	936	9528	99.9895	14.1324	35.7	59.6
P3_86_NODE_701_length_9524_cov_1.265191	1	9524	611	9524	100	9.19666	35.7	60
P3_86_NODE_702_length_9501_cov_0.903350	1	9501	474	9501	100	6.89854	35.6	57.2
P3_86_NODE_703_length_9498_cov_3.638566	1	9498	1848	9498	100	27.2239	35.8	59.9
P3_86_NODE_704_length_9490_cov_6.393036	1	9490	3711	9490	100	52.4963	35.7	56.5
P3_86_NODE_705_length_9476_cov_5.660819	1	9476	2886	9476	100	42.6081	35.7	59.4
P3_86_NODE_706_length_9475_cov_9.126765	1	9475	4976	9475	100	73.0715	35.4	57.2
P3_86_NODE_707_length_9466_cov_1.611414	1	9466	855	9466	100	12.1902	35.7	57.5
P3_86_NODE_708_length_9447_cov_4.669099	1	9447	1085	9447	100	15.4467	35.8	55.8
P3_86_NODE_709_length_9424_cov_7.123696	1	9424	3770	9424	100	54.6763	35.6	53.2
P3_86_NODE_710_length_9421_cov_1.749193	1	9421	979	9421	100	14.3923	35.8	59.2
P3_86_NODE_711_length_9359_cov_2.032062	1	9359	1029	9359	100	15.1288	35.9	59
P3_86_NODE_712_length_9337_cov_16.599023	1	9337	8715	9337	100	131.365	35.8	59.3
P3_86_NODE_713_length_9335_cov_3.254996	1	9335	2136	9335	100	30.3268	35.8	56
P3_86_NODE_714_length_9331_cov_4.508149	1	9331	2401	9303	99.6999	34.9471	35.8	56.6
P3_86_NODE_715_length_9320_cov_11.411944	1	9320	5630	9320	100	85.1579	35.9	59.7
P3_86_NODE_716_length_9304_cov_2.114308	1	9304	1112	9304	100	16.6413	35.8	59.4
P3_86_NODE_717_length_9294_cov_3.562452	1	9294	1975	9294	100	29.4544	35.9	58.7
P3_86_NODE_718_length_9286_cov_26.176766	1	9286	13300	9286	100	200.78	35.9	59.6
P3_86_NODE_719_length_9263_cov_2.692973	1	9263	1438	9263	100	21.5303	35.7	58.3
P3_86_NODE_720_length_9257_cov_3.637021	1	9257	2006	9257	100	28.6342	35.9	59.6
P3_86_NODE_721_length_9252_cov_7.592877	1	9252	4298	9154	98.9408	64.8722	35.7	53.3
P3_86_NODE_722_length_9247_cov_1.045175	1	9247	521	9247	100	7.7889	35.9	59.5
P3_86_NODE_723_length_9233_cov_2.589392	1	9233	1353	9233	100	19.9976	35.9	59
P3_86_NODE_724_length_9226_cov_3.741400	1	9226	13642	9226	100	90.5628	33.3	8.62
P3_86_NODE_725_length_9195_cov_1.349360	1	9195	669	9195	100	10.2323	35.8	59.9
P3_86_NODE_726_length_9195_cov_1.097265	1	9195	633	9195	100	9.08135	35.5	53.9
P3_86_NODE_727_length_9186_cov_8.153549	1	9186	4177	9186	100	63.3032	35.7	59.5
P3_86_NODE_728_length_9181_cov_1.158493	1	9181	594	9181	100	9.11665	35.9	59.3
P3_86_NODE_729_length_9134_cov_1.485844	1	9134	687	9134	100	10.7416	35.7	59.9
P3_86_NODE_730_length_9105_cov_1.903542	1	9105	938	9105	100	14.5725	35.8	58
P3_86_NODE_731_length_9058_cov_2.538797	1	9058	1267	9058	100	19.4086	36	58.5
P3_86_NODE_732_length_9034_cov_10.446054	1	9034	5235	9034	100	80.465	36	59.9
P3_86_NODE_733_length_9033_cov_2.769930	1	9033	1277	9033	100	20.1269	35.7	60
P3_86_NODE_734_length_9017_cov_1.006074	1	9017	492	9007	99.8891	7.5982	36	60
P3_86_NODE_735_length_9015_cov_1.178105	1	9015	596	9015	100	9.1939	35.8	59.3
P3_86_NODE_736_length_9012_cov_4.596624	1	9012	2284	9012	100	35.0448	35.9	57.5
P3_86_NODE_737_length_9008_cov_1.467740	1	9008	843	8998	99.889	12.6427	35.7	54
P3_86_NODE_738_length_9005_cov_1.045168	1	9005	494	9005	100	7.71694	35.8	60
P3_86_NODE_739_length_9001_cov_40.661591	1	9001	19252	9001	100	302.724	35.5	60
P3_86_NODE_740_length_8977_cov_2.191864	1	8977	1194	8977	100	17.8515	35.9	56
P3_86_NODE_741_length_8940_cov_3.167366	1	8940	1507	8940	100	23.7937	35.8	58.6
P3_86_NODE_742_length_8938_cov_2.864601	1	8938	1447	8938	100	22.1192	36	56.2
P3_86_NODE_743_length_8905_cov_10.442205	1	8905	4970	8905	100	78.2906	35.6	59.4
P3_86_NODE_744_length_8889_cov_3.265921	1	8889	1686	8889	100	25.0546	35.9	57.5
P3_86_NODE_745_length_8886_cov_12.232104	1	8886	5944	8874	99.865	94.0747	35.7	58.7
P3_86_NODE_746_length_8881_cov_1.569225	1	8881	760	8881	100	11.796	35.9	59.6
P3_86_NODE_747_length_8850_cov_14.430990	1	8850	6933	8850	100	109.895	36	60
P3_86_NODE_748_length_8835_cov_1.397565	1	8835	668	8835	100	10.4909	35.9	59.8
P3_86_NODE_749_length_8830_cov_2.560267	1	8830	1252	8830	100	19.6823	35.8	58.5
P3_86_NODE_750_length_8823_cov_1.723781	1	8823	861	8823	100	13.4356	36	58.6
P3_86_NODE_751_length_8820_cov_1.273323	1	8820	584	8820	100	9.36281	35.5	59.9
P3_86_NODE_752_length_8813_cov_1.175570	1	8813	546	8813	100	8.66515	35.8	60
P3_86_NODE_753_length_8790_cov_1.962138	1	8790	904	8790	100	14.5494	35.8	59
P3_86_NODE_754_length_8787_cov_1.863972	1	8787	906	8787	100	14.3561	35.8	58.7
P3_86_NODE_755_length_8779_cov_1.840846	1	8779	3441	8779	100	52.8348	35.9	32.5
P3_86_NODE_756_length_8765_cov_5.813730	1	8765	2982	8765	100	47.1986	35.8	57
P3_86_NODE_757_length_8746_cov_7.917508	1	8746	3631	8746	100	58.6058	35.7	59.7
P3_86_NODE_758_length_8739_cov_6.098235	1	8739	2823	8735	99.9542	45.5989	35.8	59.9
P3_86_NODE_759_length_8721_cov_1.556900	1	8721	793	8721	100	12.3127	35.9	58.2
P3_86_NODE_760_length_8705_cov_2.327349	1	8705	1160	8705	100	18.5036	35.8	59.8
P3_86_NODE_761_length_8669_cov_6.053383	1	8669	2939	8669	100	46.894	35.9	59.5
P3_86_NODE_762_length_8660_cov_1.429040	1	8660	698	8660	100	11.118	35.6	59.9
P3_86_NODE_763_length_8658_cov_22.006330	1	8658	10140	8658	100	166.052	35.6	59
P3_86_NODE_764_length_8646_cov_1.499354	1	8646	762	8646	100	12.0712	35.7	58
P3_86_NODE_765_length_8643_cov_1.397605	1	8643	684	8643	100	10.8099	35.9	59.2
P3_86_NODE_766_length_8631_cov_2.098895	1	8631	1008	8631	100	16.203	36	59.7
P3_86_NODE_767_length_8613_cov_5.413740	1	8613	2615	8613	100	41.8546	35.9	59.2
P3_86_NODE_768_length_8599_cov_1.330146	1	8599	767	8599	100	10.8539	35.9	51.8
P3_86_NODE_769_length_8587_cov_1.404019	1	8587	629	8587	100	10.2421	35.8	59.1
P3_86_NODE_770_length_8565_cov_1.167931	1	8565	551	8565	100	8.92528	35.7	59.9
P3_86_NODE_771_length_8548_cov_2.625579	1	8548	1463	8548	100	22.7261	35.8	52.9
P3_86_NODE_772_length_8548_cov_1.485691	1	8548	733	8548	100	11.7752	35.9	59.8
P3_86_NODE_773_length_8547_cov_1.445962	1	8547	707	8547	100	11.3622	35.8	59.7
P3_86_NODE_774_length_8515_cov_31.888915	1	8515	14938	8515	100	245.183	35.8	59.8
P3_86_NODE_775_length_8513_cov_5.093489	1	8513	2421	8513	100	39.0596	35.9	58.6
P3_86_NODE_776_length_8512_cov_1.694454	1	8512	791	8512	100	12.9104	35.9	59.7
P3_86_NODE_777_length_8493_cov_20.135668	1	8493	9030	8493	100	150.129	35.8	59.9
P3_86_NODE_778_length_8485_cov_3.115458	1	8485	1614	8485	100	26.019	35.7	57.3
P3_86_NODE_779_length_8464_cov_1.366319	1	8464	596	8464	100	9.97141	35.7	59.9
P3_86_NODE_780_length_8442_cov_7.674805	1	8442	3536	8442	100	59.1667	35.4	59.7
P3_86_NODE_781_length_8432_cov_2.755810	1	8432	1506	8432	100	23.5779	35.9	58.6
P3_86_NODE_782_length_8414_cov_5.720526	1	8414	2643	8414	100	43.8343	35.8	59.6
P3_86_NODE_783_length_8398_cov_34.704026	1	8398	15421	8398	100	260.546	35.8	58.3
P3_86_NODE_784_length_8387_cov_1.888741	1	8387	812	8387	100	13.7039	35.7	59.2
P3_86_NODE_785_length_8380_cov_1.391252	1	8380	678	8375	99.9403	11.0871	35.7	54.8
P3_86_NODE_786_length_8370_cov_31.930850	1	8370	14167	8370	100	238.372	35.8	59.8
P3_86_NODE_787_length_8367_cov_5.824515	1	8367	2751	8367	100	45.4353	35.8	57.8
P3_86_NODE_788_length_8367_cov_4.002791	1	8367	1863	8367	100	30.9823	35.8	58.9
P3_86_NODE_789_length_8366_cov_35.046243	1	8366	15241	8366	100	258.99	35.6	58.6
P3_86_NODE_790_length_8358_cov_0.936824	1	8358	418	8358	100	7.03302	35.7	59.8
P3_86_NODE_791_length_8355_cov_19.359261	1	8355	9627	8355	100	157.323	35.8	55.8
P3_86_NODE_792_length_8343_cov_17.582644	1	8343	8263	8343	100	136.869	35.5	58.5
P3_86_NODE_793_length_8341_cov_17.315559	1	8341	20680	8341	100	346.531	35.9	44.5
P3_86_NODE_794_length_8325_cov_2.000488	1	8325	886	8325	100	14.9841	35.5	59.1
P3_86_NODE_795_length_8298_cov_1.630890	1	8298	829	8298	100	13.5481	35.7	59.4
P3_86_NODE_796_length_8295_cov_1.099902	1	8295	469	8295	100	7.96854	35.5	60
P3_86_NODE_797_length_8280_cov_5.245034	1	8280	2452	8280	100	40.7403	36	59.9
P3_86_NODE_798_length_8265_cov_1.328336	1	8265	685	8255	99.879	11.092	35.8	58.4
P3_86_NODE_799_length_8251_cov_1.794559	1	8251	842	8241	99.8788	14.1937	35.9	58.6
P3_86_NODE_800_length_8239_cov_2.037599	1	8239	958	8239	100	15.9802	35.9	58.7
P3_86_NODE_801_length_8202_cov_2.426130	1	8202	1042	8202	100	17.9117	35.9	58.6
P3_86_NODE_802_length_8190_cov_0.988466	1	8190	482	8190	100	7.95775	36	58.9
P3_86_NODE_803_length_8177_cov_3.491677	1	8177	1611	8177	100	27.05	35.8	52.9
P3_86_NODE_804_length_8156_cov_1.468676	1	8156	619	8156	100	10.784	35.8	60
P3_86_NODE_805_length_8147_cov_2.822319	1	8147	1356	8147	100	22.7403	35.9	58.4
P3_86_NODE_806_length_8134_cov_1.940177	1	8134	932	8134	100	15.6829	35.6	57.4
P3_86_NODE_807_length_8131_cov_10.265742	1	8131	4543	8131	100	78.3137	35.7	58.5
P3_86_NODE_808_length_8126_cov_2.265908	1	8126	1017	8126	100	17.4182	35.9	59.9
P3_86_NODE_809_length_8100_cov_1.321836	1	8100	550	8091	99.8889	9.61593	35.8	59.6
P3_86_NODE_810_length_8097_cov_8.392974	1	8097	3750	8097	100	64.7624	35.7	59.8
P3_86_NODE_811_length_8094_cov_7.790134	1	8094	3687	8094	100	62.7618	35.8	59.6
P3_86_NODE_812_length_8064_cov_1.245055	1	8064	558	8042	99.7272	9.48896	35.9	57.9
P3_86_NODE_813_length_8054_cov_1.843320	1	8054	925	8054	100	15.2981	35.7	51.8
P3_86_NODE_814_length_8021_cov_1.401317	1	8021	613	8021	100	10.506	35.8	59.5
P3_86_NODE_815_length_8018_cov_1.410975	1	8018	624	8018	100	10.7973	35.8	57.3
P3_86_NODE_816_length_8017_cov_1.096071	1	8017	569	8017	100	9.6006	35.8	59.6
P3_86_NODE_817_length_8007_cov_7.988706	1	8007	3772	8007	100	64.8252	35.7	59
P3_86_NODE_818_length_7982_cov_1.461362	1	7982	661	7982	100	11.4519	35.8	59
P3_86_NODE_819_length_7964_cov_3.929057	1	7964	1678	7964	100	29.41	35.7	59.6
P3_86_NODE_820_length_7961_cov_2.725300	1	7961	1726	7950	99.8618	29.9145	35.9	59.1
P3_86_NODE_821_length_7957_cov_0.945594	1	7957	408	7947	99.8743	7.18562	35.7	60
P3_86_NODE_822_length_7954_cov_1.749713	1	7954	716	7945	99.8868	12.8752	36	60
P3_86_NODE_823_length_7947_cov_7.613079	1	7947	3465	7947	100	60.9548	35.8	59.6
P3_86_NODE_824_length_7942_cov_20.085477	1	7942	8827	7942	100	155.619	35.9	59
P3_86_NODE_825_length_7933_cov_5.008583	1	7933	2218	7933	100	38.7976	35.9	53.7
P3_86_NODE_826_length_7930_cov_4.404972	1	7930	2165	7928	99.9748	37.483	35.9	59.1
P3_86_NODE_827_length_7921_cov_1.124968	1	7921	421	7912	99.8864	7.79889	35.6	60
P3_86_NODE_828_length_7917_cov_1.356098	1	7917	549	7917	100	9.86156	35.8	59.4
P3_86_NODE_829_length_7912_cov_5.749133	1	7912	2156	7912	100	37.3802	35.7	46
P3_86_NODE_830_length_7902_cov_19.552124	1	7902	8834	7902	100	156.682	35.7	59
P3_86_NODE_831_length_7895_cov_6.900489	1	7895	2901	7895	100	51.5158	35.8	59.6
P3_86_NODE_832_length_7890_cov_1.852119	1	7890	883	7890	100	15.2881	35.7	59.6
P3_86_NODE_833_length_7872_cov_6.017172	1	7872	2682	7872	100	47.2276	35.8	57.7
P3_86_NODE_834_length_7838_cov_1.049669	1	7838	481	7838	100	8.36502	35.7	58.1
P3_86_NODE_835_length_7835_cov_4.899455	1	7835	2193	7832	99.9617	38.3922	35.5	57.8
P3_86_NODE_836_length_7827_cov_1.560649	1	7827	652	7827	100	11.6043	35.4	59.5
P3_86_NODE_837_length_7823_cov_38.602893	1	7823	16058	7823	100	288.274	35.6	60
P3_86_NODE_838_length_7820_cov_1.652021	1	7820	731	7820	100	12.5821	35.6	56.8
P3_86_NODE_839_length_7806_cov_3.956895	1	7806	1701	7806	100	30.3788	35.7	59.6
P3_86_NODE_840_length_7797_cov_0.854237	1	7797	384	7797	100	6.76504	35.6	58.2
P3_86_NODE_841_length_7795_cov_3.706964	1	7795	1780	7795	100	29.5679	35.2	55.1
P3_86_NODE_842_length_7786_cov_1.325108	1	7786	532	7786	100	9.75161	35.8	60
P3_86_NODE_843_length_7778_cov_11.434453	1	7778	4862	7778	100	86.7008	35.7	60
P3_86_NODE_844_length_7771_cov_1.477891	1	7771	609	7771	100	11.0295	35.9	59
P3_86_NODE_845_length_7727_cov_4.586579	1	7727	2052	7727	100	36.4218	35.8	56.6
P3_86_NODE_846_length_7715_cov_14.862414	1	7715	6549	7715	100	118.627	35.9	58.9
P3_86_NODE_847_length_7708_cov_19.370004	1	7708	8362	7708	100	151.675	35.8	57.9
P3_86_NODE_848_length_7708_cov_9.772589	1	7708	4121	7708	100	74.8696	35.8	58.6
P3_86_NODE_849_length_7696_cov_1.324481	1	7696	519	7696	100	9.62604	35.9	60
P3_86_NODE_850_length_7694_cov_17.192942	1	7694	7088	7694	100	129.112	35.8	60
P3_86_NODE_851_length_7663_cov_2.054804	1	7663	863	7663	100	15.5572	35.9	59.4
P3_86_NODE_852_length_7653_cov_10.808132	1	7653	5392	7653	100	95.9837	35.8	57.7
P3_86_NODE_853_length_7651_cov_6.833732	1	7651	2898	7651	100	52.688	35.9	57.8
P3_86_NODE_854_length_7641_cov_1.586505	1	7641	670	7641	100	12.1957	35.9	56.2
P3_86_NODE_855_length_7633_cov_1.368905	1	7633	575	7633	100	10.488	35.6	59
P3_86_NODE_856_length_7590_cov_3.364599	1	7590	1554	7590	100	28.2304	35.8	59.4
P3_86_NODE_857_length_7571_cov_1.872918	1	7571	816	7571	100	14.7078	35.6	57
P3_86_NODE_858_length_7561_cov_5.378935	1	7561	2214	7559	99.9735	40.5011	35.7	58.9
P3_86_NODE_859_length_7542_cov_13.448011	1	7542	7707	7449	98.7669	134.653	35.7	55
P3_86_NODE_860_length_7536_cov_1.948441	1	7536	909	7527	99.8806	15.4528	36.2	54
P3_86_NODE_861_length_7519_cov_1.489448	1	7519	655	7519	100	11.9432	35.8	59.7
P3_86_NODE_862_length_7505_cov_1.529412	1	7505	688	7505	100	12.0736	35.9	52.9
P3_86_NODE_863_length_7503_cov_1.057755	1	7503	442	7503	100	8.10183	35.9	59.9
P3_86_NODE_864_length_7502_cov_1.723390	1	7502	717	7492	99.8667	13.1577	36	58.3
P3_86_NODE_865_length_7490_cov_2.037621	1	7490	1016	7490	100	18.7398	35.7	49.4
P3_86_NODE_866_length_7458_cov_1.608785	1	7458	664	7458	100	12.3058	35.7	59.6
P3_86_NODE_867_length_7445_cov_33.026373	1	7445	13330	7445	100	251.691	35.5	59.2
P3_86_NODE_868_length_7440_cov_18.106386	1	7440	7039	7440	100	133.432	35.8	59.6
P3_86_NODE_869_length_7434_cov_1.253045	1	7434	510	7434	100	9.52341	36	59.8
P3_86_NODE_870_length_7428_cov_1.348445	1	7428	589	7428	100	10.8107	35.8	56.8
P3_86_NODE_871_length_7400_cov_9.887392	1	7400	4188	7400	100	79.4882	35.9	59.5
P3_86_NODE_872_length_7397_cov_1.466713	1	7397	588	7397	100	11.1094	35.8	57.7
P3_86_NODE_873_length_7391_cov_0.844163	1	7391	330	7391	100	6.27912	35.6	59.8
P3_86_NODE_874_length_7390_cov_4.649732	1	7390	1948	7386	99.9459	36.7043	36	59.1
P3_86_NODE_875_length_7389_cov_35.378821	1	7389	15044	7389	100	278.749	35.8	59.4
P3_86_NODE_876_length_7385_cov_1.240011	1	7385	479	7384	99.9865	9.15098	35.8	59.3
P3_86_NODE_877_length_7365_cov_2.629870	1	7365	1061	7365	100	20.0202	35.7	58.1
P3_86_NODE_878_length_7363_cov_4.024737	1	7363	1753	7363	100	32.3696	35.7	58.9
P3_86_NODE_879_length_7358_cov_10.021297	1	7358	4113	7358	100	77.7306	35.8	58.2
P3_86_NODE_880_length_7358_cov_4.925736	1	7358	2135	7358	100	40.3362	35.6	56.1
P3_86_NODE_881_length_7356_cov_1.520127	1	7356	601	7356	100	11.4248	36.1	58
P3_86_NODE_882_length_7351_cov_1.327104	1	7351	516	7351	100	9.83934	35.8	59.8
P3_86_NODE_883_length_7349_cov_2.515924	1	7349	1085	7349	100	20.1255	35.8	58
P3_86_NODE_884_length_7347_cov_2.390443	1	7347	986	7347	100	18.4862	35.6	59.2
P3_86_NODE_885_length_7345_cov_1.325021	1	7345	607	7345	100	10.928	35.8	58.2
P3_86_NODE_886_length_7325_cov_5.667963	1	7325	2238	7325	100	42.6143	35.6	58.9
P3_86_NODE_887_length_7315_cov_3.883834	1	7315	1630	7315	100	30.8029	35.8	58.8
P3_86_NODE_888_length_7304_cov_1.311551	1	7304	542	7295	99.8768	10.135	35.8	58.9
P3_86_NODE_889_length_7299_cov_2.855968	1	7299	1251	7299	100	23.0519	35.8	55.2
P3_86_NODE_890_length_7295_cov_1.557059	1	7295	612	7295	100	11.7938	35.8	58.1
P3_86_NODE_891_length_7283_cov_5.234489	1	7283	2263	7283	100	42.1928	35.6	57.4
P3_86_NODE_892_length_7255_cov_3.583053	1	7255	1394	7255	100	26.8278	36	59.2
P3_86_NODE_893_length_7255_cov_1.322110	1	7255	580	7251	99.9449	10.7065	35.9	55.6
P3_86_NODE_894_length_7253_cov_1.126859	1	7253	443	7253	100	8.39887	35.8	59.3
P3_86_NODE_895_length_7248_cov_6.161635	1	7248	2635	7248	100	50.4543	35.7	54.4
P3_86_NODE_896_length_7243_cov_1.829961	1	7243	863	7243	100	16.2696	36	58
P3_86_NODE_897_length_7237_cov_1.339522	1	7237	559	7237	100	10.4847	35.8	57.7
P3_86_NODE_898_length_7220_cov_17.760609	1	7220	7045	7220	100	137.087	35.6	59.5
P3_86_NODE_899_length_7218_cov_2.553236	1	7218	1023	7218	100	19.6155	36	58.5
P3_86_NODE_900_length_7217_cov_1.767560	1	7217	721	7217	100	13.751	35.6	57.7
P3_86_NODE_901_length_7211_cov_29.153021	1	7211	11673	7211	100	225.045	35.8	59.3
P3_86_NODE_902_length_7179_cov_0.973341	1	7179	375	7179	100	7.35687	35.9	60
P3_86_NODE_903_length_7158_cov_1.972692	1	7158	805	7158	100	15.6977	36	56
P3_86_NODE_904_length_7123_cov_11.083047	1	7123	4151	7123	100	82.0715	35.7	58.3
P3_86_NODE_905_length_7120_cov_2.407979	1	7120	952	7120	100	18.6101	35.8	58.4
P3_86_NODE_906_length_7115_cov_104.214224	1	7115	43221	7022	98.6929	833.579	35.6	52.1
P3_86_NODE_907_length_7110_cov_1.198339	1	7110	490	7103	99.9015	9.55232	35.9	58.9
P3_86_NODE_908_length_7104_cov_1.058765	1	7104	413	7104	100	8.07855	35.7	59.9
P3_86_NODE_909_length_7084_cov_1.631594	1	7084	697	7076	99.8871	13.6272	35.8	59.5
P3_86_NODE_910_length_7068_cov_1.660135	1	7068	644	7068	100	12.7299	35.8	59.8
P3_86_NODE_911_length_7062_cov_4.390339	1	7062	2018	7062	100	38.5075	35.5	53.1
P3_86_NODE_912_length_7061_cov_1.142342	1	7061	510	7061	100	9.75216	35.7	56
P3_86_NODE_913_length_7059_cov_1.224466	1	7059	441	7059	100	8.95226	35.4	60
P3_86_NODE_914_length_7055_cov_1.035364	1	7055	387	7045	99.8583	7.66308	35.5	57.8
P3_86_NODE_915_length_7054_cov_2.206294	1	7054	1044	7054	100	19.4705	35.7	51.6
P3_86_NODE_916_length_7049_cov_4.855630	1	7049	1868	7049	100	37.1512	35.9	60
P3_86_NODE_917_length_7043_cov_5.036871	1	7043	3718	7043	100	67.4782	36	46.5
P3_86_NODE_918_length_7031_cov_1.830533	1	7031	849	7031	100	16.121	35.6	53.6
P3_86_NODE_919_length_7018_cov_4.082281	1	7018	1641	7018	100	32.2381	35.5	57.3
P3_86_NODE_920_length_7014_cov_1.286046	1	7014	472	7014	100	9.42102	35.9	59.4
P3_86_NODE_921_length_7009_cov_2.057541	1	7009	866	7009	100	16.4606	36	53.9
P3_86_NODE_922_length_7003_cov_36.399942	1	7003	19992	7003	100	379.296	35.2	50.4
P3_86_NODE_923_length_6998_cov_1.288604	1	6998	504	6988	99.8571	9.90369	35.7	58.2
P3_86_NODE_924_length_6988_cov_1.515814	1	6988	564	6988	100	11.2683	35.7	59.5
P3_86_NODE_925_length_6971_cov_47.283460	1	6971	19234	6971	100	385.021	35.7	58.3
P3_86_NODE_926_length_6968_cov_1.000146	1	6968	378	6968	100	7.52253	35.7	59.7
P3_86_NODE_927_length_6941_cov_2.385530	1	6941	881	6941	100	17.6485	36	58.9
P3_86_NODE_928_length_6941_cov_1.341063	1	6941	451	6941	100	9.38208	35.7	59.5
P3_86_NODE_929_length_6940_cov_3.157933	1	6940	1442	6940	100	28.1673	35.9	56.5
P3_86_NODE_930_length_6937_cov_2.351101	1	6937	838	6927	99.8558	17.0806	35.6	58.7
P3_86_NODE_931_length_6929_cov_2.858424	1	6929	1012	6906	99.6681	20.8337	35.7	59.8
P3_86_NODE_932_length_6929_cov_2.054837	1	6929	766	6929	100	15.4732	35.7	58.8
P3_86_NODE_933_length_6927_cov_11.426765	1	6927	4213	6927	100	84.8763	35.9	55.7
P3_86_NODE_934_length_6927_cov_3.643235	1	6927	1318	6922	99.9278	26.9476	35.8	59.4
P3_86_NODE_935_length_6917_cov_1.051105	1	6917	400	6917	100	8.04062	35.8	60
P3_86_NODE_936_length_6909_cov_2.651873	1	6909	1011	6909	100	20.2585	35.9	58.2
P3_86_NODE_937_length_6861_cov_10.630235	1	6861	4272	6861	100	85.6655	35.6	58.9
P3_86_NODE_938_length_6855_cov_2.391052	1	6855	872	6855	100	17.8979	35.8	59.7
P3_86_NODE_939_length_6843_cov_1.403961	1	6843	539	6843	100	10.741	35.8	60
P3_86_NODE_940_length_6839_cov_2.355334	1	6839	853	6826	99.8099	17.4697	35.8	59.8
P3_86_NODE_941_length_6839_cov_1.769517	1	6839	819	6839	100	15.6966	35.8	55.8
P3_86_NODE_942_length_6834_cov_1.807813	1	6834	700	6739	98.6099	14.435	35.8	58.8
P3_86_NODE_943_length_6831_cov_1.975089	1	6831	768	6821	99.8536	15.3777	35.8	57.9
P3_86_NODE_944_length_6830_cov_2.112785	1	6830	793	6830	100	15.8641	35.8	58.5
P3_86_NODE_945_length_6822_cov_2.362808	1	6822	910	6822	100	18.427	35.9	58.5
P3_86_NODE_946_length_6821_cov_135.898118	1	6821	54270	6821	100	1101.97	35.7	59
P3_86_NODE_947_length_6820_cov_1.415061	1	6820	543	6820	100	10.8594	35.8	58.5
P3_86_NODE_948_length_6805_cov_1.353549	1	6805	477	6789	99.7649	9.95738	35.9	59.9
P3_86_NODE_949_length_6798_cov_2.396342	1	6798	937	6798	100	19.4585	35.8	59.3
P3_86_NODE_950_length_6775_cov_6.566035	1	6775	2767	6775	100	55.9652	35.5	53
P3_86_NODE_951_length_6765_cov_20.552234	1	6765	8301	6765	100	167.252	35.5	56.5
P3_86_NODE_952_length_6762_cov_1.418086	1	6762	653	6762	100	12.7955	35.9	47.3
P3_86_NODE_953_length_6760_cov_1.160109	1	6760	409	6760	100	8.44438	36	59.2
P3_86_NODE_954_length_6753_cov_5.736342	1	6753	2097	6746	99.8963	44.1315	35.9	59.1
P3_86_NODE_955_length_6743_cov_0.996221	1	6743	357	6743	100	7.31855	35.9	58.8
P3_86_NODE_956_length_6738_cov_18.038723	1	6738	6592	6642	98.5752	137.839	35.7	58
P3_86_NODE_957_length_6724_cov_1.205093	1	6724	456	6724	100	9.46743	35.8	59.7
P3_86_NODE_958_length_6716_cov_10.091668	1	6716	6195	6716	100	114.779	35.9	58.4
P3_86_NODE_959_length_6712_cov_3.174791	1	6712	1182	6712	100	24.3072	35.8	59.9
P3_86_NODE_960_length_6704_cov_1.202220	1	6704	999	6704	100	19.3514	35.6	43.9
P3_86_NODE_961_length_6698_cov_5.175824	1	6698	1910	6698	100	39.589	35.6	59.3
P3_86_NODE_962_length_6696_cov_1.214036	1	6696	487	6696	100	10.1719	35.8	59.4
P3_86_NODE_963_length_6692_cov_6.420564	1	6692	2464	6692	100	50.1905	35.8	58.3
P3_86_NODE_964_length_6692_cov_1.978065	1	6692	884	6692	100	17.9471	35.7	52.2
P3_86_NODE_965_length_6686_cov_52.577984	1	6686	18579	6686	100	394.028	36	59.4
P3_86_NODE_966_length_6680_cov_1.235617	1	6680	472	6680	100	9.73204	35.6	60
P3_86_NODE_967_length_6674_cov_34.764167	1	6674	12731	6674	100	269.91	36	59.6
P3_86_NODE_968_length_6673_cov_31.798350	1	6673	11061	6673	100	234.26	35.9	59.8
P3_86_NODE_969_length_6645_cov_50.859926	1	6645	18211	6645	100	384.788	35.9	59
P3_86_NODE_970_length_6645_cov_6.027002	1	6645	2124	6645	100	44.9526	35.8	58.9
P3_86_NODE_971_length_6634_cov_3.224988	1	6634	1359	6634	100	26.9035	35.9	58.7
P3_86_NODE_972_length_6614_cov_3.739479	1	6614	1398	6614	100	28.2653	36	58.9
P3_86_NODE_973_length_6603_cov_1.958153	1	6603	737	6603	100	15.4307	35.7	57.3
P3_86_NODE_974_length_6603_cov_1.284898	1	6603	471	6603	100	9.78086	35.9	59.4
P3_86_NODE_975_length_6602_cov_3.334672	1	6602	1260	6602	100	25.9702	35.8	59
P3_86_NODE_976_length_6580_cov_1.183481	1	6580	464	6580	100	9.89119	35.8	59.9
P3_86_NODE_977_length_6579_cov_2.079045	1	6579	747	6579	100	15.9205	35.8	59.7
P3_86_NODE_978_length_6572_cov_3.791621	1	6572	1845	6567	99.9239	38.2845	35.6	52.2
P3_86_NODE_979_length_6550_cov_3.373501	1	6550	1260	6550	100	26.1568	35.7	57.7
P3_86_NODE_980_length_6541_cov_2.945588	1	6541	1161	6541	100	24.5155	35.8	58.4
P3_86_NODE_981_length_6531_cov_2.094316	1	6531	871	6531	100	18.3946	35.6	55.6
P3_86_NODE_982_length_6528_cov_1.149664	1	6528	450	6528	100	9.12025	35.8	59.5
P3_86_NODE_983_length_6521_cov_1.541132	1	6521	534	6521	100	11.4808	36	59.9
P3_86_NODE_984_length_6518_cov_1.041621	1	6518	334	6518	100	7.34458	35.3	59.4
P3_86_NODE_985_length_6514_cov_4.586347	1	6514	1828	6508	99.9079	38.638	35.7	59.3
P3_86_NODE_986_length_6509_cov_11.115481	1	6509	3906	6509	100	84.0717	35.8	59.5
P3_86_NODE_987_length_6501_cov_0.877314	1	6501	304	6491	99.8462	6.5996	35.3	59.7
P3_86_NODE_988_length_6493_cov_8.637920	1	6493	2601	6493	100	55.7185	35.8	56.9
P3_86_NODE_989_length_6487_cov_2.586164	1	6487	1063	6487	100	22.4059	35.7	53.8
P3_86_NODE_990_length_6487_cov_0.815094	1	6487	284	6487	100	6.11762	35.4	59.9
P3_86_NODE_991_length_6478_cov_1.172099	1	6478	434	6478	100	9.19867	35.7	59.5
P3_86_NODE_992_length_6472_cov_1.386604	1	6472	453	6472	100	9.98022	35.8	60
P3_86_NODE_993_length_6458_cov_1.285579	1	6458	430	6458	100	9.26696	35.9	57.7
P3_86_NODE_994_length_6455_cov_2.422566	1	6455	856	6455	100	18.3136	36	59.1
P3_86_NODE_995_length_6448_cov_2.206929	1	6448	804	6448	100	17.1269	35.9	58.3
P3_86_NODE_996_length_6444_cov_12.186323	1	6444	4408	6444	100	93.1972	35.8	56.4
P3_86_NODE_997_length_6418_cov_1.456048	1	6418	549	6418	100	11.6335	35.8	59.7
P3_86_NODE_998_length_6417_cov_6.348490	1	6417	2378	6417	100	51.8772	35.8	56.7
P3_86_NODE_999_length_6404_cov_10.461185	1	6404	3690	6404	100	79.5172	35.8	59.9
P3_86_NODE_1000_length_6404_cov_3.897085	1	6404	1386	6404	100	29.9706	36	59.6
P3_86_NODE_1001_length_6402_cov_0.935777	1	6402	426	6402	100	8.3791	35.5	49.7
P3_86_NODE_1002_length_6388_cov_1.707714	1	6388	691	6379	99.8591	14.3408	35.7	50.4
P3_86_NODE_1003_length_6377_cov_1.467360	1	6377	516	6377	100	11.1883	35.6	59.2
P3_86_NODE_1004_length_6375_cov_7.667414	1	6375	11610	6369	99.9059	254.995	36.1	36.7
P3_86_NODE_1005_length_6368_cov_17.690755	1	6368	6217	6368	100	135.133	35.8	59.9
P3_86_NODE_1006_length_6357_cov_1.932584	1	6357	649	6346	99.827	14.3055	35.9	59.1
P3_86_NODE_1007_length_6357_cov_1.893579	1	6357	954	6357	100	18.6333	35.8	50.8
P3_86_NODE_1008_length_6354_cov_6.184358	1	6354	2016	6354	100	45.0678	35.7	59.4
P3_86_NODE_1009_length_6353_cov_1.523129	1	6353	713	6353	100	15.8711	35.6	59.6
P3_86_NODE_1010_length_6347_cov_2.637781	1	6347	1005	6347	100	21.6984	35.9	59.3
P3_86_NODE_1011_length_6345_cov_1.604053	1	6345	686	6345	100	14.6309	35.9	59.4
P3_86_NODE_1012_length_6336_cov_8.085682	1	6336	2859	6336	100	62.3008	35.9	57.7
P3_86_NODE_1013_length_6327_cov_1.594516	1	6327	564	6327	100	12.3115	35.9	59.1
P3_86_NODE_1014_length_6327_cov_1.520968	1	6327	616	6327	100	12.6066	36	58.9
P3_86_NODE_1015_length_6319_cov_3.826550	1	6319	1311	6319	100	28.7685	35.8	57.3
P3_86_NODE_1016_length_6319_cov_1.085756	1	6319	361	6300	99.6993	8.0652	35.7	60
P3_86_NODE_1017_length_6311_cov_0.965071	1	6311	312	6311	100	7.07225	35.8	60
P3_86_NODE_1018_length_6306_cov_2.669364	1	6306	929	6306	100	20.1767	35.9	58.1
P3_86_NODE_1019_length_6306_cov_1.334844	1	6306	437	6306	100	9.77672	35.9	60
P3_86_NODE_1020_length_6303_cov_1.382124	1	6303	464	6303	100	10.3279	35.6	59
P3_86_NODE_1021_length_6283_cov_0.915854	1	6283	311	6283	100	6.88875	36	59.9
P3_86_NODE_1022_length_6275_cov_0.910377	1	6275	336	6239	99.4263	7.2749	35.8	57.5
P3_86_NODE_1023_length_6271_cov_9.272949	1	6271	3333	6271	100	74.4114	35.5	58.4
P3_86_NODE_1024_length_6261_cov_6.192696	1	6261	2134	6242	99.6965	47.2156	35.6	58.6
P3_86_NODE_1025_length_6260_cov_20.832629	1	6260	6843	6260	100	152.637	35.7	60
P3_86_NODE_1026_length_6259_cov_0.881931	1	6259	278	6259	100	6.27273	35.6	59.7
P3_86_NODE_1027_length_6255_cov_1.651599	1	6255	637	6255	100	13.6165	36.1	58.9
P3_86_NODE_1028_length_6252_cov_4.944349	1	6252	1948	6252	100	41.6868	35.8	56.8
P3_86_NODE_1029_length_6242_cov_7.954538	1	6242	1046	6241	99.984	21.4289	35.8	39
P3_86_NODE_1030_length_6241_cov_1.472195	1	6241	628	6241	100	13.5977	35.9	58.8
P3_86_NODE_1031_length_6232_cov_1.499263	1	6232	582	6204	99.5507	12.4204	35.6	58.1
P3_86_NODE_1032_length_6231_cov_3.588958	1	6231	1210	6216	99.7593	26.8203	35.6	59.1
P3_86_NODE_1033_length_6228_cov_30.030815	1	6228	10311	6228	100	233.441	35.8	58.7
P3_86_NODE_1034_length_6204_cov_1.402172	1	6204	469	6204	100	10.4987	35.9	58.4
P3_86_NODE_1035_length_6198_cov_2.018448	1	6198	682	6198	100	15.2436	35.9	59.4
P3_86_NODE_1036_length_6190_cov_9.783442	1	6190	3285	6190	100	74.0292	35.9	59.6
P3_86_NODE_1037_length_6177_cov_1.252066	1	6177	461	6145	99.4819	10.1217	35.9	54.5
P3_86_NODE_1038_length_6153_cov_1.627946	1	6153	533	6153	100	12.1263	35.6	59.7
P3_86_NODE_1039_length_6148_cov_3.945856	1	6148	1338	6148	100	30.0734	35.8	58.2
P3_86_NODE_1040_length_6143_cov_1.457447	1	6143	485	6133	99.8372	10.9364	35.8	59.3
P3_86_NODE_1041_length_6141_cov_11.794147	1	6141	4074	6141	100	92.9611	35.7	57.6
P3_86_NODE_1042_length_6134_cov_24.925587	1	6134	8333	6134	100	190.202	35.9	59.1
P3_86_NODE_1043_length_6134_cov_3.667555	1	6134	1969	6134	100	43.7481	35.4	54.3
P3_86_NODE_1044_length_6121_cov_0.941608	1	6121	374	6121	100	8.33165	35.7	57.5
P3_86_NODE_1045_length_6118_cov_1.259556	1	6118	520	6118	100	10.8557	35.7	56
P3_86_NODE_1046_length_6113_cov_1.196625	1	6113	381	6113	100	8.76918	35.8	60
P3_86_NODE_1047_length_6099_cov_2.164267	1	6099	831	6099	100	19.0536	35.6	59.8
P3_86_NODE_1048_length_6091_cov_1.677901	1	6091	630	6081	99.8358	14.199	35.9	57.2
P3_86_NODE_1049_length_6083_cov_9.285930	1	6083	2702	6083	100	59.0888	35.8	48
P3_86_NODE_1050_length_6082_cov_1.010076	1	6082	344	6082	100	7.69122	35.7	60
P3_86_NODE_1051_length_6067_cov_2.892256	1	6067	971	6067	100	22.1493	35.7	57.6
P3_86_NODE_1052_length_6062_cov_1.112047	1	6062	371	6052	99.835	8.37842	36	58.1
P3_86_NODE_1053_length_6054_cov_1.298465	1	6054	481	6054	100	11.2955	36	59.5
P3_86_NODE_1054_length_6034_cov_5.939733	1	6034	1905	6034	100	44.6796	35.5	59.1
P3_86_NODE_1055_length_6032_cov_0.878577	1	6032	300	6032	100	6.86505	35.9	59.4
P3_86_NODE_1056_length_6029_cov_3.938326	1	6029	1497	6029	100	32.9774	35.4	56.2
P3_86_NODE_1057_length_6014_cov_1.845252	1	6014	631	6014	100	14.5216	35.9	59.5
P3_86_NODE_1058_length_6013_cov_1.429154	1	6013	589	5968	99.2516	12.672	35.7	57.4
P3_86_NODE_1059_length_6002_cov_0.871830	1	6002	298	6002	100	6.82572	35.9	59.8
P3_86_NODE_1060_length_6000_cov_1.987911	1	6000	747	6000	100	16.8807	35.9	56.8
P3_86_NODE_1061_length_5997_cov_1.788586	1	5997	592	5996	99.9833	13.718	35.6	58.9
P3_86_NODE_1062_length_5995_cov_1.382584	1	5995	490	5995	100	10.796	35.7	55.1
P3_86_NODE_1063_length_5983_cov_5.863217	1	5983	2226	5885	98.362	49.7222	35.4	51.7
P3_86_NODE_1064_length_5971_cov_2.526010	1	5971	944	5971	100	20.2549	35.7	51.9
P3_86_NODE_1065_length_5967_cov_1.756507	1	5967	563	5967	100	13.1158	35.9	59.9
P3_86_NODE_1066_length_5952_cov_1.037768	1	5952	296	5952	100	7.21993	35.4	59.9
P3_86_NODE_1067_length_5951_cov_8.333448	1	5951	2825	5951	100	66.1351	35.8	58.2
P3_86_NODE_1068_length_5950_cov_23.962562	1	5950	7771	5950	100	182.074	35.9	59.4
P3_86_NODE_1069_length_5950_cov_1.272025	1	5950	492	5950	100	11.3124	35.9	60
P3_86_NODE_1070_length_5946_cov_1.994329	1	5946	677	5946	100	15.854	35.7	59.2
P3_86_NODE_1071_length_5924_cov_1.664827	1	5924	591	5924	100	13.2297	36	56.6
P3_86_NODE_1072_length_5923_cov_1.042271	1	5923	465	5923	100	10.1086	35.7	54.9
P3_86_NODE_1073_length_5914_cov_3.647659	1	5914	1128	5914	100	26.9613	35.9	58.6
P3_86_NODE_1074_length_5895_cov_1.797157	1	5895	535	5895	100	12.9264	36	60
P3_86_NODE_1075_length_5894_cov_13.904803	1	5894	4314	5894	100	103.069	35.7	57.1
P3_86_NODE_1076_length_5891_cov_1.192228	1	5891	403	5891	100	9.35138	35.9	58
P3_86_NODE_1077_length_5884_cov_56.584506	1	5884	21524	5884	100	499.847	35.8	54.5
P3_86_NODE_1078_length_5871_cov_1.792479	1	5871	938	5871	100	18.9148	35.9	59
P3_86_NODE_1079_length_5867_cov_3.025958	1	5867	996	5867	100	23.2713	36	59.4
P3_86_NODE_1080_length_5863_cov_2.214609	1	5863	686	5863	100	16.5617	35.7	59.7
P3_86_NODE_1081_length_5858_cov_4.685570	1	5858	1570	5858	100	36.6174	35.8	57.5
P3_86_NODE_1082_length_5849_cov_0.903530	1	5849	286	5849	100	6.86271	36	60
P3_86_NODE_1083_length_5843_cov_1.050035	1	5843	340	5843	100	8.08968	35.7	59.3
P3_86_NODE_1084_length_5827_cov_0.825088	1	5827	270	5827	100	6.26823	35.9	57
P3_86_NODE_1085_length_5819_cov_34.821152	1	5819	11462	5731	98.4877	271.916	35.7	55.9
P3_86_NODE_1086_length_5796_cov_3.703651	1	5796	1309	5796	100	31.603	35.6	58.2
P3_86_NODE_1087_length_5791_cov_2.134357	1	5791	10291	5791	100	73.0649	34.3	3.82
P3_86_NODE_1088_length_5786_cov_4.223575	1	5786	1354	5786	100	32.309	36	59.7
P3_86_NODE_1089_length_5776_cov_1.421845	1	5776	449	5776	100	10.8999	35.8	59.5
P3_86_NODE_1090_length_5772_cov_3.260230	1	5772	1113	5754	99.6881	26.6525	36.2	58.3
P3_86_NODE_1091_length_5763_cov_1.490774	1	5763	660	5763	100	14.5754	35.7	50.4
P3_86_NODE_1092_length_5755_cov_3.220149	1	5755	1255	5754	99.9826	29.0401	35.8	41.7
P3_86_NODE_1093_length_5751_cov_1.899538	1	5751	551	5751	100	13.6594	35.9	59.4
P3_86_NODE_1094_length_5743_cov_1.288818	1	5743	408	5743	100	10.1224	35.7	59.8
P3_86_NODE_1095_length_5738_cov_1.551060	1	5738	496	5728	99.8257	11.9693	35.9	59.8
P3_86_NODE_1096_length_5737_cov_9.718622	1	5737	3122	5737	100	75.3361	35.8	59
P3_86_NODE_1097_length_5722_cov_1.253441	1	5722	397	5722	100	9.44512	36.1	56.6
P3_86_NODE_1098_length_5721_cov_2.962102	1	5721	937	5721	100	22.535	35.6	59.4
P3_86_NODE_1099_length_5718_cov_2.164729	1	5718	3574	5718	100	86.2746	36	26.8
P3_86_NODE_1100_length_5715_cov_11.633516	1	5715	3598	5715	100	86.9412	35.7	59.9
P3_86_NODE_1101_length_5700_cov_1.516598	1	5700	564	5700	100	13.2918	35.6	57.3
P3_86_NODE_1102_length_5658_cov_1.852649	1	5658	627	5658	100	15.0725	35.9	57.8
P3_86_NODE_1103_length_5653_cov_45.459464	1	5653	14530	5555	98.2664	350.812	36	59.1
P3_86_NODE_1104_length_5650_cov_5.775484	1	5650	1721	5650	100	42.7064	35.7	57.9
P3_86_NODE_1105_length_5638_cov_4.906678	1	5638	1547	5638	100	37.3361	35.9	59.8
P3_86_NODE_1106_length_5637_cov_0.758258	1	5637	222	5637	100	5.61966	35.4	59.8
P3_86_NODE_1107_length_5631_cov_0.919876	1	5631	289	5631	100	7.07565	35.9	59.3
P3_86_NODE_1108_length_5628_cov_1.439738	1	5628	401	5628	100	10.1928	35.9	59.9
P3_86_NODE_1109_length_5611_cov_4.648135	1	5611	1442	5611	100	35.236	35.9	60
P3_86_NODE_1110_length_5606_cov_3.949261	1	5606	1212	5606	100	29.7886	35.9	59.7
P3_86_NODE_1111_length_5599_cov_4.688962	1	5599	1857	5599	100	44.0943	35.5	56.5
P3_86_NODE_1112_length_5594_cov_1.671666	1	5594	558	5585	99.8391	13.7317	35.7	59.6
P3_86_NODE_1113_length_5592_cov_0.838609	1	5592	264	5592	100	6.61981	36.2	59.6
P3_86_NODE_1114_length_5584_cov_1.256734	1	5584	395	5575	99.8388	9.66332	35.8	59.4
P3_86_NODE_1115_length_5568_cov_20.412608	1	5568	6418	5568	100	160.987	35.8	58.3
P3_86_NODE_1116_length_5568_cov_10.421614	1	5568	3437	5568	100	84.3723	35.4	53.7
P3_86_NODE_1117_length_5567_cov_1.246507	1	5567	372	5567	100	9.448	35.8	60
P3_86_NODE_1118_length_5560_cov_2.038285	1	5560	666	5560	100	16.5282	36	57.2
P3_86_NODE_1119_length_5556_cov_1.088046	1	5556	320	5556	100	8.10475	35.7	60
P3_86_NODE_1120_length_5555_cov_15.031135	1	5555	4901	5555	100	120.633	35.8	54.5
P3_86_NODE_1121_length_5555_cov_9.605380	1	5555	2891	5555	100	72.2751	35.7	57.8
P3_86_NODE_1122_length_5545_cov_9.777962	1	5545	3756	5545	100	90.9971	35.1	54.3
P3_86_NODE_1123_length_5545_cov_6.378922	1	5545	3942	5545	100	93.6209	35.9	39.7
P3_86_NODE_1124_length_5544_cov_4.145837	1	5544	1679	5544	100	36.3281	35.7	45.1
P3_86_NODE_1125_length_5542_cov_0.829732	1	5542	248	5542	100	6.32389	35.8	60
P3_86_NODE_1126_length_5532_cov_2.119149	1	5532	1185	5530	99.9638	28.9168	36	59
P3_86_NODE_1127_length_5530_cov_1.322228	1	5530	419	5530	100	10.4593	36	59.3
P3_86_NODE_1128_length_5529_cov_16.499260	1	5529	5107	5529	100	127.699	35.7	59.1
P3_86_NODE_1129_length_5528_cov_4.546751	1	5528	1757	5528	100	42.3591	35.6	46.3
P3_86_NODE_1130_length_5527_cov_1.036111	1	5527	379	5527	100	8.8956	35.9	56.5
P3_86_NODE_1131_length_5511_cov_1.859955	1	5511	639	5511	100	15.307	35.6	54.5
P3_86_NODE_1132_length_5501_cov_5.793822	1	5501	1685	5501	100	43.1622	35.9	59.4
P3_86_NODE_1133_length_5501_cov_1.632490	1	5501	497	5501	100	12.381	35.9	55.9
P3_86_NODE_1134_length_5500_cov_12.359517	1	5500	3769	5500	100	94.1267	35.8	59.8
P3_86_NODE_1135_length_5500_cov_1.166574	1	5500	351	5500	100	8.73709	35.9	59.1
P3_86_NODE_1136_length_5499_cov_1.195086	1	5499	345	5499	100	8.74141	35.7	58.4
P3_86_NODE_1137_length_5497_cov_3.315270	1	5497	980	5497	100	24.7731	35.9	56.7
P3_86_NODE_1138_length_5496_cov_2.015273	1	5496	614	5494	99.9636	15.6388	35.9	59.2
P3_86_NODE_1139_length_5493_cov_5.735184	1	5493	1755	5493	100	43.8869	35.9	59.8
P3_86_NODE_1140_length_5492_cov_0.665610	1	5492	196	5492	100	5.13765	35.7	59.8
P3_86_NODE_1141_length_5475_cov_5.668100	1	5475	1728	5475	100	43.6433	35.8	57.5
P3_86_NODE_1142_length_5463_cov_3.487069	1	5463	1008	5463	100	25.8091	35.7	59.4
P3_86_NODE_1143_length_5459_cov_28.545386	1	5459	8793	5459	100	222.922	35.7	59.6
P3_86_NODE_1144_length_5442_cov_3.004516	1	5442	962	5442	100	24.2143	35.6	57.1
P3_86_NODE_1145_length_5436_cov_53.128348	1	5436	15487	5436	100	397.674	35.8	60
P3_86_NODE_1146_length_5433_cov_2.077648	1	5433	617	5433	100	15.8073	35.8	58.9
P3_86_NODE_1147_length_5432_cov_1.202828	1	5432	390	5432	100	9.69827	36.1	57.8
P3_86_NODE_1148_length_5420_cov_5.425657	1	5420	815	5420	100	20.5649	35.7	0
P3_86_NODE_1149_length_5420_cov_1.310410	1	5420	443	5420	100	11.348	36	60
P3_86_NODE_1150_length_5414_cov_3.493475	1	5414	1048	5413	99.9815	26.8253	35.6	58.5
P3_86_NODE_1151_length_5403_cov_8.680629	1	5403	2484	5403	100	64.3246	36	58.9
P3_86_NODE_1152_length_5403_cov_1.353108	1	5403	405	5403	100	10.4235	36.1	60
P3_86_NODE_1153_length_5399_cov_0.971737	1	5399	307	5399	100	7.79552	35.8	59.3
P3_86_NODE_1154_length_5388_cov_26.197824	1	5388	7627	5388	100	199.327	35.9	59.7
P3_86_NODE_1155_length_5380_cov_1.969541	1	5380	550	5380	100	14.5519	35.8	59.8
P3_86_NODE_1156_length_5376_cov_1.052010	1	5376	283	5366	99.814	7.46745	35.5	58
P3_86_NODE_1157_length_5372_cov_3.425929	1	5372	998	5372	100	26.0981	35.8	59.1
P3_86_NODE_1158_length_5350_cov_1.035612	1	5350	281	5350	100	7.41589	35.5	59.9
P3_86_NODE_1159_length_5347_cov_1.341762	1	5347	433	5347	100	10.7307	35.8	56.6
P3_86_NODE_1160_length_5345_cov_5.362974	1	5345	1663	5345	100	42.7072	35.4	58.2
P3_86_NODE_1161_length_5344_cov_1.957447	1	5344	526	5344	100	14.1293	36.1	60
P3_86_NODE_1162_length_5338_cov_1.894838	1	5338	513	5338	100	13.7973	35.6	59.9
P3_86_NODE_1163_length_5325_cov_2.528472	1	5325	788	5325	100	20.0511	35.8	56.7
P3_86_NODE_1164_length_5316_cov_1.335517	1	5316	395	5316	100	10.0687	35.8	59.8
P3_86_NODE_1165_length_5314_cov_1.455755	1	5314	660	5304	99.8118	16.9123	36	58.8
P3_86_NODE_1166_length_5307_cov_4.123552	1	5307	1267	5307	100	32.6424	35.8	56.9
P3_86_NODE_1167_length_5306_cov_2.436764	1	5306	801	5306	100	20.6478	36	58.5
P3_86_NODE_1168_length_5297_cov_7.521857	1	5297	2621	5297	100	68.0999	35.6	58.4
P3_86_NODE_1169_length_5291_cov_59.237026	1	5291	37892	5291	100	1016.73	36.1	40.6
P3_86_NODE_1170_length_5270_cov_7.574949	1	5270	2188	5270	100	58.0602	35.8	59.5
P3_86_NODE_1171_length_5269_cov_0.875535	1	5269	248	5269	100	6.45436	35.8	58.8
P3_86_NODE_1172_length_5267_cov_38.064008	1	5267	18760	5267	100	497.478	36	44.5
P3_86_NODE_1173_length_5253_cov_50.348615	1	5253	15566	5253	100	407.383	35.7	58.2
P3_86_NODE_1174_length_5243_cov_5.423964	1	5243	1592	5243	100	42.0519	35.8	58.9
P3_86_NODE_1175_length_5239_cov_4.713028	1	5239	1345	5239	100	35.7692	35.6	59.8
P3_86_NODE_1176_length_5226_cov_0.827221	1	5226	243	5226	100	6.38404	36	59.7
P3_86_NODE_1177_length_5221_cov_1.339812	1	5221	444	5200	99.5978	11.0295	36	53.1
P3_86_NODE_1178_length_5220_cov_1.330650	1	5220	370	5220	100	9.89598	36	57.1
P3_86_NODE_1179_length_5216_cov_1.106308	1	5216	324	5216	100	8.45533	35.4	58
P3_86_NODE_1180_length_5206_cov_1.333530	1	5206	381	5206	100	10.0273	35.5	58
P3_86_NODE_1181_length_5198_cov_1.172550	1	5198	340	5198	100	8.97057	35.6	59.5
P3_86_NODE_1182_length_5190_cov_8.089473	1	5190	2354	5190	100	63.2723	35.9	59.6
P3_86_NODE_1183_length_5183_cov_1.320214	1	5183	358	5183	100	9.55393	36	59.8
P3_86_NODE_1184_length_5177_cov_1.750891	1	5177	557	5177	100	14.1578	35.8	53.8
P3_86_NODE_1185_length_5170_cov_1.641880	1	5170	453	5170	100	12.1609	35.6	59.4
P3_86_NODE_1186_length_5165_cov_1.114530	1	5165	295	5165	100	8.06292	35.8	59.9
P3_86_NODE_1187_length_5164_cov_2.213024	1	5164	689	5164	100	17.8943	35.9	59.1
P3_86_NODE_1188_length_5162_cov_1.555710	1	5162	490	5162	100	13.1664	35.9	59.7
P3_86_NODE_1189_length_5158_cov_3.346452	1	5158	925	5158	100	24.8788	35.8	59.7
P3_86_NODE_1190_length_5155_cov_0.932975	1	5155	274	5155	100	7.13928	35.8	58.2
P3_86_NODE_1191_length_5154_cov_1.202904	1	5154	349	5154	100	9.32072	35.8	56.3
P3_86_NODE_1192_length_5142_cov_1.327218	1	5142	358	5142	100	9.8098	36	59.7
P3_86_NODE_1193_length_5132_cov_1.205994	1	5132	349	5132	100	8.92128	36.1	56.4
P3_86_NODE_1194_length_5123_cov_4.089472	1	5123	1169	5123	100	31.731	35.8	58.5
P3_86_NODE_1195_length_5120_cov_4.021630	1	5120	1116	5120	100	30.7443	35.9	58.9
P3_86_NODE_1196_length_5114_cov_1.140766	1	5114	804	5110	99.9218	16.7476	31.9	30.5
P3_86_NODE_1197_length_5113_cov_3.191336	1	5113	908	5113	100	24.795	35.5	57.5
P3_86_NODE_1198_length_5099_cov_2.031376	1	5099	614	5099	100	16.2804	35.6	56.8
P3_86_NODE_1199_length_5096_cov_2.392634	1	5096	786	5096	100	19.6313	35.8	51.5
P3_86_NODE_1200_length_5089_cov_2.046957	1	5089	740	5089	100	18.1786	35.7	58.6
P3_86_NODE_1201_length_5082_cov_1.664379	1	5082	485	5082	100	13.1131	35.6	59.3
P3_86_NODE_1202_length_5081_cov_4.355470	1	5081	1345	5081	100	36.8858	35.7	59.4
P3_86_NODE_1203_length_5080_cov_0.917222	1	5080	257	5071	99.8228	6.71791	36	54.8
P3_86_NODE_1204_length_5061_cov_1.462708	1	5061	460	5061	100	12.3517	35.9	58.5
P3_86_NODE_1205_length_5055_cov_40.459668	1	5055	11191	5055	100	307.62	35.8	60
P3_86_NODE_1206_length_5054_cov_0.726406	1	5054	205	5054	100	5.65572	35.8	59.8
P3_86_NODE_1207_length_5053_cov_0.905400	1	5053	265	5045	99.8417	7.06828	35.8	57.9
P3_86_NODE_1208_length_5045_cov_1.156364	1	5045	305	5035	99.8018	8.57027	35.2	59.8
P3_86_NODE_1209_length_5022_cov_42.542594	1	5022	11577	5022	100	321.962	36	59.6
P3_86_NODE_1210_length_5022_cov_0.956282	1	5022	265	5022	100	7.4329	36	60
P3_86_NODE_1211_length_5019_cov_5.984873	1	5019	1588	5019	100	44.4047	35.9	59.8
P3_86_NODE_1212_length_5011_cov_1.116298	1	5011	259	5011	100	7.53842	35.6	59.9
P3_86_NODE_1213_length_5008_cov_1.111453	1	5008	306	5008	100	8.42093	35.5	59.6
P3_86_NODE_1214_length_5005_cov_8.043665	1	5005	4260	5005	100	117.046	35.8	57.2
P3_86_NODE_1215_length_5004_cov_1.058643	1	5004	282	5004	100	7.90128	35.7	59.8
P3_86_NODE_1216_length_5002_cov_12.583179	1	5002	3644	5002	100	101.494	35.8	56.9
P3_86_NODE_1217_length_4995_cov_1.772186	1	4995	547	4992	99.9399	14.7237	36.1	55.2
P3_86_NODE_1218_length_4992_cov_1.489209	1	4992	383	4992	100	10.8674	35.9	58.7
P3_86_NODE_1219_length_4989_cov_2.281366	1	4989	703	4977	99.7595	18.5458	35.8	54.9
P3_86_NODE_1220_length_4983_cov_2.036038	1	4983	607	4983	100	16.1258	35.8	57
P3_86_NODE_1221_length_4982_cov_2.291452	1	4982	599	4982	100	16.8758	35.9	59.4
P3_86_NODE_1222_length_4968_cov_1.722165	1	4968	478	4968	100	13.2977	35.7	58.9
P3_86_NODE_1223_length_4939_cov_4.321280	1	4939	1545	4939	100	42.6754	35.2	52.1
P3_86_NODE_1224_length_4926_cov_7.316941	1	4926	2369	4926	100	66.1411	35.9	59.4
P3_86_NODE_1225_length_4908_cov_1.235934	1	4908	333	4908	100	9.40607	35.8	56.5
P3_86_NODE_1226_length_4900_cov_1.035408	1	4900	294	4900	100	8.24694	36.1	58.4
P3_86_NODE_1227_length_4882_cov_23.985826	1	4882	6420	4882	100	182.141	35.8	60
P3_86_NODE_1228_length_4879_cov_1.674242	1	4879	685	4877	99.959	14.3782	35.9	48.8
P3_86_NODE_1229_length_4877_cov_1.204421	1	4877	313	4877	100	8.96125	36	59.5
P3_86_NODE_1230_length_4874_cov_4.099780	1	4874	1080	4874	100	30.8835	35.7	59.9
P3_86_NODE_1231_length_4874_cov_1.329682	1	4874	385	4874	100	10.5164	35.6	55.3
P3_86_NODE_1232_length_4868_cov_2.176123	1	4868	973	4868	100	23.6664	35.9	59.4
P3_86_NODE_1233_length_4868_cov_1.304155	1	4868	317	4868	100	9.25185	35.8	60
P3_86_NODE_1234_length_4859_cov_1.148140	1	4859	316	4859	100	8.94958	36	59.4
P3_86_NODE_1235_length_4857_cov_1.983298	1	4857	786	4857	100	21.8666	35.9	46.3
P3_86_NODE_1236_length_4853_cov_2.159331	1	4853	585	4853	100	16.7165	36	58.7
P3_86_NODE_1237_length_4852_cov_2.884021	1	4852	742	4834	99.629	21.535	35.9	58.7
P3_86_NODE_1238_length_4847_cov_4.854845	1	4847	1366	4847	100	38.6862	35.7	58.9
P3_86_NODE_1239_length_4843_cov_4.901824	1	4843	1309	4843	100	37.9818	36	59.9
P3_86_NODE_1240_length_4833_cov_1.179983	1	4833	306	4825	99.8345	8.91393	35.8	60
P3_86_NODE_1241_length_4831_cov_0.943240	1	4831	249	4821	99.793	7.11902	35.6	59
P3_86_NODE_1242_length_4830_cov_0.566872	1	4830	157	4821	99.8137	4.59462	35.2	60
P3_86_NODE_1243_length_4829_cov_9.997448	1	4829	5645	4829	100	162.291	36.1	34.9
P3_86_NODE_1244_length_4824_cov_28.619757	1	4824	7627	4824	100	220.215	35.3	59.4
P3_86_NODE_1245_length_4818_cov_5.408868	1	4818	1531	4812	99.8755	42.6995	35.7	56.3
P3_86_NODE_1246_length_4811_cov_1.735909	1	4811	493	4811	100	14.0229	35.7	53.4
P3_86_NODE_1247_length_4803_cov_4.623182	1	4803	1178	4803	100	34.1126	36	59.6
P3_86_NODE_1248_length_4803_cov_1.445252	1	4803	464	4793	99.7918	12.9694	35.7	54.8
P3_86_NODE_1249_length_4799_cov_1.365582	1	4799	373	4799	100	10.651	36	59.1
P3_86_NODE_1250_length_4796_cov_7.146284	1	4796	2020	4796	100	57.5605	35.3	56.9
P3_86_NODE_1251_length_4796_cov_0.844935	1	4796	219	4786	99.7915	6.25917	35.8	58.4
P3_86_NODE_1252_length_4795_cov_1.131748	1	4795	287	4795	100	8.43816	36	60
P3_86_NODE_1253_length_4794_cov_0.728948	1	4794	215	4794	100	6.10096	36	60
P3_86_NODE_1254_length_4775_cov_2.639630	1	4775	734	4775	100	20.8955	36	56.9
P3_86_NODE_1255_length_4766_cov_1.824316	1	4766	509	4766	100	14.4454	35.5	55.4
P3_86_NODE_1256_length_4750_cov_1.003894	1	4750	275	4750	100	7.75116	36	58.5
P3_86_NODE_1257_length_4749_cov_2.421679	1	4749	758	4749	100	21.7328	36	57.4
P3_86_NODE_1258_length_4749_cov_1.026395	1	4749	251	4749	100	7.47336	35.8	60
P3_86_NODE_1259_length_4745_cov_15.866825	1	4745	4173	4745	100	121.757	35.8	58.3
P3_86_NODE_1260_length_4732_cov_0.757655	1	4732	188	4712	99.5773	5.50486	35.8	59.8
P3_86_NODE_1261_length_4731_cov_1.245004	1	4731	372	4731	100	10.4855	35.6	57.4
P3_86_NODE_1262_length_4728_cov_5.472723	1	4728	1409	4728	100	41.915	35.8	59.4
P3_86_NODE_1263_length_4713_cov_16.111644	1	4713	4109	4713	100	121.792	35.6	59.6
P3_86_NODE_1264_length_4712_cov_3.900806	1	4712	1002	4712	100	29.6517	36	59.2
P3_86_NODE_1265_length_4706_cov_1.782267	1	4706	481	4706	100	13.9377	35.7	55.7
P3_86_NODE_1266_length_4699_cov_4.931828	1	4699	1245	4699	100	36.7855	35.9	60
P3_86_NODE_1267_length_4699_cov_1.731409	1	4699	480	4689	99.7872	13.9587	35.5	59.7
P3_86_NODE_1268_length_4694_cov_2.266039	1	4694	703	4686	99.8296	19.5292	35.7	52.9
P3_86_NODE_1269_length_4682_cov_0.795609	1	4682	206	4682	100	6.173	35.9	60
P3_86_NODE_1270_length_4679_cov_1.495167	1	4679	412	4679	100	12.1956	35.7	59.7
P3_86_NODE_1271_length_4677_cov_1.343956	1	4677	423	4677	100	11.9429	35.6	49.4
P3_86_NODE_1272_length_4674_cov_1.482736	1	4674	458	4674	100	12.8504	35.8	50.9
P3_86_NODE_1273_length_4674_cov_1.405982	1	4674	382	4671	99.9358	11	35.8	53.4
P3_86_NODE_1274_length_4665_cov_5.435654	1	4665	1417	4665	100	42.1408	35.7	58.3
P3_86_NODE_1275_length_4660_cov_14.955879	1	4660	4437	4660	100	130.621	35.8	58.1
P3_86_NODE_1276_length_4657_cov_3.934437	1	4657	1044	4657	100	30.3481	35.9	59.7
P3_86_NODE_1277_length_4654_cov_7.962448	1	4654	2436	4654	100	71.5258	35.2	52.7
P3_86_NODE_1278_length_4652_cov_11.628066	1	4652	3377	4652	100	99.4753	35.5	57.7
P3_86_NODE_1279_length_4651_cov_1.087754	1	4651	237	4641	99.785	7.45926	35.5	60
P3_86_NODE_1280_length_4648_cov_10.927892	1	4648	2741	4648	100	82.8481	35.9	59.7
P3_86_NODE_1281_length_4642_cov_4.937303	1	4642	1303	4642	100	38.1887	35.9	58.9
P3_86_NODE_1282_length_4637_cov_4.440576	1	4637	1149	4637	100	34.2014	35.8	56.8
P3_86_NODE_1283_length_4636_cov_1.066312	1	4636	257	4636	100	7.79206	35.6	59.8
P3_86_NODE_1284_length_4633_cov_1.070351	1	4633	386	4633	100	10.602	35.5	56.2
P3_86_NODE_1285_length_4632_cov_33.928767	1	4632	8586	4632	100	258.294	35.8	60
P3_86_NODE_1286_length_4624_cov_1.338225	1	4624	348	4624	100	10.3609	35.9	59.5
P3_86_NODE_1287_length_4612_cov_4.898997	1	4612	1229	4612	100	36.9087	35.9	59
P3_86_NODE_1288_length_4608_cov_1.169159	1	4608	278	4608	100	8.46419	35.8	59.9
P3_86_NODE_1289_length_4604_cov_6.961135	1	4604	2296	4604	100	66.0964	35.3	55.3
P3_86_NODE_1290_length_4601_cov_2.812249	1	4601	824	4601	100	23.3517	35.4	52
P3_86_NODE_1291_length_4594_cov_6.221563	1	4594	1598	4594	100	47.7384	35.8	60
P3_86_NODE_1292_length_4593_cov_1.797806	1	4593	535	4593	100	16.339	35.9	58.3
P3_86_NODE_1293_length_4587_cov_0.945067	1	4587	229	4587	100	6.96468	35.8	59.4
P3_86_NODE_1294_length_4576_cov_0.652281	1	4576	153	4566	99.7815	4.67461	35.9	59.8
P3_86_NODE_1295_length_4573_cov_8.216596	1	4573	2185	4573	100	65.5318	36	59.7
P3_86_NODE_1296_length_4558_cov_1.048070	1	4558	258	4558	100	7.97389	35.7	58.8
P3_86_NODE_1297_length_4544_cov_2.376047	1	4544	658	4544	100	20.1384	35.7	59.6
P3_86_NODE_1298_length_4541_cov_1.021749	1	4541	249	4541	100	7.62938	35.7	60
P3_86_NODE_1299_length_4535_cov_2.455762	1	4535	580	4535	100	18.1407	35.5	59.4
P3_86_NODE_1300_length_4530_cov_1.027027	1	4530	226	4530	100	7.21015	35.9	60
P3_86_NODE_1301_length_4526_cov_1.092748	1	4526	274	4526	100	8.27707	35.9	59.9
P3_86_NODE_1302_length_4521_cov_1.372553	1	4521	315	4521	100	9.89847	35.5	59.9
P3_86_NODE_1303_length_4518_cov_3.137352	1	4518	801	4518	100	24.5139	35.8	59.7
P3_86_NODE_1304_length_4516_cov_1.245842	1	4516	320	4516	100	9.69398	35.4	57.4
P3_86_NODE_1305_length_4514_cov_1.417142	1	4514	400	4514	100	11.7588	35.6	56.9
P3_86_NODE_1306_length_4514_cov_0.961249	1	4514	250	4514	100	7.50731	35.7	57
P3_86_NODE_1307_length_4513_cov_24.203602	1	4513	6009	4513	100	185.182	35.8	58.5
P3_86_NODE_1308_length_4504_cov_29.261283	1	4504	7889	4504	100	237.807	35.9	59.9
P3_86_NODE_1309_length_4504_cov_0.940599	1	4504	225	4460	99.0231	6.96492	35.6	59.3
P3_86_NODE_1310_length_4503_cov_1.268967	1	4503	320	4503	100	9.96491	36	59.8
P3_86_NODE_1311_length_4494_cov_1.157316	1	4494	270	4494	100	8.48999	35.7	59.9
P3_86_NODE_1312_length_4486_cov_1.510668	1	4486	368	4486	100	11.0704	35.5	56.6
P3_86_NODE_1313_length_4479_cov_0.791131	1	4479	186	4479	100	5.85376	35.7	59.8
P3_86_NODE_1314_length_4477_cov_2.462759	1	4477	621	4477	100	19.004	35.9	58.8
P3_86_NODE_1315_length_4477_cov_1.227126	1	4477	375	4477	100	11.1633	35.8	57.5
P3_86_NODE_1316_length_4476_cov_5.040239	1	4476	2134	4467	99.7989	61.7022	35.7	53
P3_86_NODE_1317_length_4460_cov_0.754212	1	4460	180	4450	99.7758	5.59955	35.9	58.5
P3_86_NODE_1318_length_4455_cov_2.126617	1	4455	470	4455	100	15.0034	35.9	59.4
P3_86_NODE_1319_length_4453_cov_1.127601	1	4453	272	4453	100	8.8071	35.8	59.6
P3_86_NODE_1320_length_4452_cov_2.135954	1	4452	511	4452	100	15.8841	35.9	56.4
P3_86_NODE_1321_length_4450_cov_1.257691	1	4450	325	4450	100	9.74382	35.6	54.9
P3_86_NODE_1322_length_4448_cov_0.750289	1	4448	205	4438	99.7752	6.08116	35.8	57
P3_86_NODE_1323_length_4417_cov_15.325484	1	4417	3754	4417	100	116.587	35.9	59.9
P3_86_NODE_1324_length_4408_cov_95.202756	1	4408	22975	4408	100	723.888	35.9	59.8
P3_86_NODE_1325_length_4400_cov_28.576320	1	4400	6852	4400	100	217.232	35.9	59.8
P3_86_NODE_1326_length_4399_cov_2.586376	1	4399	750	4399	100	22.4228	35.9	51.8
P3_86_NODE_1327_length_4393_cov_6.532743	1	4393	1585	4393	100	49.6875	35.8	60
P3_86_NODE_1328_length_4387_cov_2.255164	1	4387	779	4387	100	24.6804	35.5	40.6
P3_86_NODE_1329_length_4386_cov_3.599906	1	4386	975	4386	100	30.3226	35.9	59.8
P3_86_NODE_1330_length_4384_cov_0.701668	1	4384	178	4384	100	5.46214	35.7	59.3
P3_86_NODE_1331_length_4378_cov_0.849682	1	4378	190	4378	100	6.20123	35.6	60
P3_86_NODE_1332_length_4373_cov_0.632124	1	4373	157	4327	98.9481	4.94329	35.7	59.5
P3_86_NODE_1333_length_4372_cov_1.135925	1	4372	260	4372	100	8.42795	35.3	60
P3_86_NODE_1334_length_4371_cov_0.833176	1	4371	213	4371	100	6.45527	35.9	55.6
P3_86_NODE_1335_length_4367_cov_0.999057	1	4367	249	4365	99.9542	7.78818	35.8	57.4
P3_86_NODE_1336_length_4363_cov_1.019594	1	4363	241	4363	100	7.67981	36.1	58.6
P3_86_NODE_1337_length_4361_cov_1.336561	1	4361	313	4361	100	9.90277	35.7	60
P3_86_NODE_1338_length_4350_cov_2.239166	1	4350	563	4350	100	17.2517	35.7	55.7
P3_86_NODE_1339_length_4348_cov_1.251125	1	4348	272	4348	100	8.86845	35.7	60
P3_86_NODE_1340_length_4345_cov_16.823345	1	4345	4150	4345	100	130.068	35.8	60
P3_86_NODE_1341_length_4340_cov_15.944932	1	4340	3889	4340	100	124.236	35.8	59.2
P3_86_NODE_1342_length_4340_cov_10.990743	1	4340	2526	4340	100	81.4839	35.8	58.7
P3_86_NODE_1343_length_4337_cov_0.837767	1	4337	207	4337	100	6.42472	36.1	59
P3_86_NODE_1344_length_4330_cov_1.016179	1	4330	226	4330	100	7.3836	35.8	59.2
P3_86_NODE_1345_length_4326_cov_0.693737	1	4326	146	4326	100	4.85113	35.6	59.7
P3_86_NODE_1346_length_4325_cov_3.428776	1	4325	1277	4325	100	40.3094	35.2	41.8
P3_86_NODE_1347_length_4322_cov_6.221216	1	4322	1492	4322	100	47.7624	35.8	58.6
P3_86_NODE_1348_length_4318_cov_5.663326	1	4318	1579	4318	100	50.7698	35.7	54.6
P3_86_NODE_1349_length_4313_cov_1.675585	1	4313	347	4313	100	11.5363	35.7	59.5
P3_86_NODE_1350_length_4304_cov_1.666268	1	4304	520	4304	100	16.4071	35.8	55.6
P3_86_NODE_1351_length_4301_cov_0.913033	1	4301	224	4301	100	6.99977	35.8	58.4
P3_86_NODE_1352_length_4294_cov_0.952724	1	4294	235	4294	100	7.57708	35.6	59.9
P3_86_NODE_1353_length_4292_cov_0.982713	1	4292	235	4292	100	7.50652	35.8	59.3
P3_86_NODE_1354_length_4290_cov_0.736728	1	4290	173	4290	100	5.68228	35.8	59.5
P3_86_NODE_1355_length_4284_cov_1.115227	1	4284	292	4284	100	9.60714	36.1	59.9
P3_86_NODE_1356_length_4276_cov_2.079778	1	4276	542	4276	100	17.9051	35.4	59.4
P3_86_NODE_1357_length_4268_cov_1.136923	1	4268	250	4268	100	8.26734	35.8	59.1
P3_86_NODE_1358_length_4268_cov_0.737503	1	4268	171	4268	100	5.51148	35.5	59.1
P3_86_NODE_1359_length_4264_cov_1.367416	1	4264	356	4264	100	10.8532	35.8	53.3
P3_86_NODE_1360_length_4263_cov_1.495164	1	4263	311	4263	100	10.5902	36	60
P3_86_NODE_1361_length_4262_cov_1.210883	1	4262	268	4262	100	8.81652	36.2	59.6
P3_86_NODE_1362_length_4261_cov_2.155056	1	4261	537	4261	100	17.3574	35.7	57.1
P3_86_NODE_1363_length_4256_cov_1.065391	1	4256	286	4256	100	8.7601	36.2	57.5
P3_86_NODE_1364_length_4250_cov_3.137764	1	4250	959	4250	100	30.4652	35.6	52.1
P3_86_NODE_1365_length_4240_cov_1.145393	1	4240	308	4240	100	9.27854	36.1	54.2
P3_86_NODE_1366_length_4236_cov_1.294476	1	4236	306	4236	100	10.3633	36.2	60
P3_86_NODE_1367_length_4236_cov_0.767340	1	4236	176	4226	99.7639	5.87016	36.2	60
P3_86_NODE_1368_length_4235_cov_2.408958	1	4235	549	4235	100	18.0215	35.8	57.9
P3_86_NODE_1369_length_4227_cov_1.385122	1	4227	311	4227	100	10.1526	35.8	59.7
P3_86_NODE_1370_length_4219_cov_1.319404	1	4219	309	4215	99.9052	10.0201	35.8	59.9
P3_86_NODE_1371_length_4215_cov_4.558464	1	4215	1056	4215	100	34.8093	35.8	58.4
P3_86_NODE_1372_length_4212_cov_1.687025	1	4212	405	4212	100	12.8839	35.8	60
P3_86_NODE_1373_length_4206_cov_1.511400	1	4206	327	4206	100	10.9824	35.6	59.4
P3_86_NODE_1374_length_4198_cov_1.055515	1	4198	278	4198	100	8.95927	35.6	59.1
P3_86_NODE_1375_length_4195_cov_0.806047	1	4195	173	4175	99.5232	5.76996	36	59.2
P3_86_NODE_1376_length_4190_cov_27.261987	1	4190	6438	4190	100	212.169	35.8	60
P3_86_NODE_1377_length_4189_cov_0.692516	1	4189	166	4189	100	5.53951	35.3	60
P3_86_NODE_1378_length_4186_cov_0.831978	1	4186	179	4186	100	6.02484	36	59.9
P3_86_NODE_1379_length_4173_cov_3.996977	1	4173	906	4173	100	29.9926	35.9	59.9
P3_86_NODE_1380_length_4172_cov_1.084796	1	4172	298	4172	100	9.51726	35.5	58.5
P3_86_NODE_1381_length_4170_cov_0.805590	1	4170	186	4170	100	6.1295	35.7	60
P3_86_NODE_1382_length_4167_cov_1.101238	1	4167	315	4157	99.76	9.73362	35.9	58.3
P3_86_NODE_1383_length_4162_cov_0.644857	1	4162	135	4162	100	4.54133	35.6	59.1
P3_86_NODE_1384_length_4161_cov_1.807883	1	4161	388	4152	99.7837	12.9911	35.8	58.2
P3_86_NODE_1385_length_4159_cov_0.816220	1	4159	196	4159	100	6.13417	35.7	58.7
P3_86_NODE_1386_length_4158_cov_9.999504	1	4158	3365	4158	100	105.931	35.8	51.9
P3_86_NODE_1387_length_4156_cov_1.471581	1	4156	401	4156	100	12.2514	35.9	50.1
P3_86_NODE_1388_length_4153_cov_0.741182	1	4153	163	4153	100	5.5791	35.6	60
P3_86_NODE_1389_length_4152_cov_1.683975	1	4152	446	4152	100	13.5701	35.9	54.4
P3_86_NODE_1390_length_4148_cov_0.859736	1	4148	199	4148	100	6.72107	35.5	59.9
P3_86_NODE_1391_length_4147_cov_0.780597	1	4147	207	4147	100	6.46082	35.3	54
P3_86_NODE_1392_length_4146_cov_1.804429	1	4146	412	4138	99.807	13.5528	35.9	59.2
P3_86_NODE_1393_length_4140_cov_2.737603	1	4140	621	4139	99.9758	20.5077	35.5	56.7
P3_86_NODE_1394_length_4137_cov_3.386035	1	4137	775	4137	100	25.8613	35.9	59.2
P3_86_NODE_1395_length_4137_cov_0.815461	1	4137	186	4127	99.7583	6.15204	35.8	59.8
P3_86_NODE_1396_length_4131_cov_5.331668	1	4131	1367	4131	100	45.4355	35.9	56.9
P3_86_NODE_1397_length_4129_cov_8.506579	1	4129	1936	4129	100	64.5263	35.8	60
P3_86_NODE_1398_length_4126_cov_1.296324	1	4126	319	4126	100	10.5889	35.8	58.8
P3_86_NODE_1399_length_4124_cov_2.017013	1	4124	450	4124	100	15.1503	36	59.9
P3_86_NODE_1400_length_4122_cov_20.879599	1	4122	5611	4022	97.574	184.159	35.9	59.5
P3_86_NODE_1401_length_4121_cov_1.177516	1	4121	277	4121	100	9.20796	35.9	59.6
P3_86_NODE_1402_length_4116_cov_0.789922	1	4116	148	4116	100	5.31074	35.2	60
P3_86_NODE_1403_length_4115_cov_35.787111	1	4115	7973	4115	100	272.288	35.7	59
P3_86_NODE_1404_length_4105_cov_0.844143	1	4105	196	4095	99.7564	6.48721	35.8	59.8
P3_86_NODE_1405_length_4102_cov_0.776101	1	4102	169	4102	100	5.89785	35.4	60
P3_86_NODE_1406_length_4092_cov_8.427743	1	4092	1920	4092	100	65.7001	35.8	59.5
P3_86_NODE_1407_length_4090_cov_1.037345	1	4090	249	4084	99.8533	8.03912	36	57.2
P3_86_NODE_1408_length_4088_cov_0.889927	1	4088	183	4088	100	6.20475	35.8	59.8
P3_86_NODE_1409_length_4084_cov_24.618903	1	4084	5507	4084	100	188.452	35.6	59.4
P3_86_NODE_1410_length_4083_cov_3.281345	1	4083	1947	4083	100	64.3769	35.9	58.6
P3_86_NODE_1411_length_4083_cov_2.911021	1	4083	772	4083	100	24.4962	35.4	53
P3_86_NODE_1412_length_4080_cov_1.533772	1	4080	368	4080	100	12.1836	35.5	58.9
P3_86_NODE_1413_length_4080_cov_1.183911	1	4080	301	4080	100	9.61912	35.5	53.2
P3_86_NODE_1414_length_4079_cov_1.428391	1	4079	384	4065	99.6568	12.3106	35.8	48.7
P3_86_NODE_1415_length_4075_cov_4.095745	1	4075	900	4072	99.9264	30.8383	36	59.6
P3_86_NODE_1416_length_4073_cov_1.477192	1	4073	360	4073	100	11.9742	35.6	57
P3_86_NODE_1417_length_4073_cov_1.207805	1	4073	280	4065	99.8036	9.32679	35.8	57.5
P3_86_NODE_1418_length_4073_cov_0.645717	1	4073	146	4073	100	4.88092	35.4	59.5
P3_86_NODE_1419_length_4066_cov_0.705001	1	4066	148	4056	99.7541	5.21569	35.5	60
P3_86_NODE_1420_length_4065_cov_5.059876	1	4065	1075	4065	100	37.0455	35.8	60
P3_86_NODE_1421_length_4043_cov_4.803626	1	4043	1180	4043	100	39.5585	35.7	53.8
P3_86_NODE_1422_length_4039_cov_1.335123	1	4039	338	4019	99.5048	10.9965	35.6	56.5
P3_86_NODE_1423_length_4033_cov_4.067067	1	4033	944	4033	100	31.8254	36	59.8
P3_86_NODE_1424_length_4031_cov_1.235143	1	4031	276	4031	100	9.49913	35.5	58.4
P3_86_NODE_1425_length_4028_cov_32.221738	1	4028	6575	4024	99.9007	232.448	35.7	59.8
P3_86_NODE_1426_length_4027_cov_1.754872	1	4027	395	4027	100	13.477	35.6	59.1
P3_86_NODE_1427_length_4027_cov_1.130256	1	4027	217	4027	100	7.71939	35.5	60
P3_86_NODE_1428_length_4026_cov_1.415491	1	4026	280	4026	100	9.9543	36	59.9
P3_86_NODE_1429_length_4008_cov_8.772481	1	4008	2010	3998	99.7505	67.1235	35.4	56
P3_86_NODE_1430_length_4006_cov_1.165764	1	4006	316	4006	100	9.80579	35.6	52
P3_86_NODE_1431_length_4005_cov_1.137700	1	4005	275	3996	99.7753	8.89913	36.3	53
P3_86_NODE_1432_length_4004_cov_94.327831	1	4004	19616	4004	100	688.588	35.7	60
P3_86_NODE_1433_length_4003_cov_1.436533	1	4003	336	4003	100	11.1376	35.7	53.7
P3_86_NODE_1434_length_3997_cov_21.567442	1	3997	11705	3997	100	412.211	36.2	38.1
P3_86_NODE_1435_length_3994_cov_0.643910	1	3994	120	3994	100	4.38433	35.5	60
P3_86_NODE_1436_length_3991_cov_7.656315	1	3991	2017	3991	100	68.6547	35.7	56.7
P3_86_NODE_1437_length_3988_cov_3.771821	1	3988	811	3988	100	28.4433	35.8	49.8
P3_86_NODE_1438_length_3988_cov_2.785030	1	3988	600	3988	100	20.7121	35.9	56.6
P3_86_NODE_1439_length_3985_cov_1.053914	1	3985	218	3985	100	7.63664	35.8	59.8
P3_86_NODE_1440_length_3984_cov_0.953591	1	3984	224	3984	100	7.72917	35.9	59.8
P3_86_NODE_1441_length_3964_cov_2.582254	1	3964	546	3964	100	19.0492	35.7	60
P3_86_NODE_1442_length_3962_cov_0.602608	1	3962	119	3962	100	4.35386	35.8	60
P3_86_NODE_1443_length_3959_cov_15.931106	1	3959	3954	3959	100	134.346	35.7	59.2
P3_86_NODE_1444_length_3959_cov_15.702505	1	3959	3530	3864	97.6004	121.599	35.5	54.6
P3_86_NODE_1445_length_3957_cov_0.897389	1	3957	172	3957	100	6.31817	35.8	60
P3_86_NODE_1446_length_3956_cov_1.283103	1	3956	258	3938	99.545	9.07406	35.4	58.6
P3_86_NODE_1447_length_3955_cov_2.282654	1	3955	629	3955	100	21.7236	35.8	55.6
P3_86_NODE_1448_length_3954_cov_4.416514	1	3954	1021	3945	99.7724	34.9358	35.8	55.9
P3_86_NODE_1449_length_3952_cov_1.033464	1	3952	205	3952	100	7.32869	35.8	59.8
P3_86_NODE_1450_length_3949_cov_4.693878	1	3949	948	3949	100	34.099	35.8	59.4
P3_86_NODE_1451_length_3948_cov_0.905784	1	3948	249	3948	100	8.04863	35.7	54.3
P3_86_NODE_1452_length_3941_cov_1.151809	1	3941	778	3941	100	19.1281	36	42.8
P3_86_NODE_1453_length_3937_cov_12.628346	1	3937	2676	3937	100	94.8217	35.5	48.6
P3_86_NODE_1454_length_3933_cov_25.091960	1	3933	5010	3933	100	179.586	35.6	58.1
P3_86_NODE_1455_length_3933_cov_1.300578	1	3933	259	3933	100	9.54055	35.5	59.7
P3_86_NODE_1456_length_3932_cov_0.984494	1	3932	200	3932	100	7.23042	35.9	59.5
P3_86_NODE_1457_length_3926_cov_1.165833	1	3926	330	3926	100	11.0932	35.8	56.3
P3_86_NODE_1458_length_3917_cov_84.412137	1	3917	19464	3917	100	702.7	35.9	46.1
P3_86_NODE_1459_length_3917_cov_0.803694	1	3917	166	3829	97.7534	5.90401	35.9	57.9
P3_86_NODE_1460_length_3917_cov_0.795251	1	3917	178	3917	100	6.25504	35.7	58.9
P3_86_NODE_1461_length_3915_cov_3.271911	1	3915	664	3915	100	23.7839	35.9	59.4
P3_86_NODE_1462_length_3912_cov_0.783091	1	3912	255	3912	100	7.87219	35.6	44.4
P3_86_NODE_1463_length_3897_cov_2.924403	1	3897	1021	3889	99.7947	36.8158	35.6	46
P3_86_NODE_1464_length_3891_cov_1.366631	1	3891	296	3891	100	10.6027	35.7	59.7
P3_86_NODE_1465_length_3882_cov_0.938216	1	3882	187	3882	100	6.84132	35	58.9
P3_86_NODE_1466_length_3876_cov_0.757002	1	3876	152	3876	100	5.52915	36.2	60
P3_86_NODE_1467_length_3873_cov_0.635878	1	3873	142	3873	100	4.83011	36	54.1
P3_86_NODE_1468_length_3870_cov_5.030724	1	3870	1295	3870	100	45.5344	36	58.3
P3_86_NODE_1469_length_3864_cov_40.456248	1	3864	9420	3864	100	336.417	35.7	55.5
P3_86_NODE_1470_length_3861_cov_1.530262	1	3861	358	3861	100	12.0875	35.9	56.7
P3_86_NODE_1471_length_3860_cov_0.795071	1	3860	203	3860	100	6.40984	35.7	50.9
P3_86_NODE_1472_length_3859_cov_1.128617	1	3859	242	3859	100	8.61933	36.1	59.6
P3_86_NODE_1473_length_3859_cov_0.820472	1	3859	170	3859	100	6.13708	36	60
P3_86_NODE_1474_length_3854_cov_1.028978	1	3854	191	3854	100	7.19097	35.8	58.7
P3_86_NODE_1475_length_3851_cov_1.183136	1	3851	244	3851	100	8.95637	35.7	59.6
P3_86_NODE_1476_length_3851_cov_1.106606	1	3851	239	3851	100	8.30901	35.4	59.2
P3_86_NODE_1477_length_3842_cov_11.384926	1	3842	3263	3842	100	117.403	35.7	51.5
P3_86_NODE_1478_length_3840_cov_0.582817	1	3840	136	3839	99.974	4.6026	36	54.4
P3_86_NODE_1479_length_3832_cov_16.802429	1	3832	4097	3832	100	147.315	35.6	53.5
P3_86_NODE_1480_length_3831_cov_0.995410	1	3831	265	3831	100	9.17463	35.6	50.6
P3_86_NODE_1481_length_3829_cov_0.870881	1	3829	188	3829	100	6.51345	35.6	58.9
P3_86_NODE_1482_length_3825_cov_0.949703	1	3825	207	3825	100	7.48497	36	59.3
P3_86_NODE_1483_length_3822_cov_0.588092	1	3822	120	3822	100	4.44636	35.5	59.8
P3_86_NODE_1484_length_3815_cov_1.156453	1	3815	237	3815	100	8.54626	35.9	56.9
P3_86_NODE_1485_length_3812_cov_0.927815	1	3812	180	3798	99.6327	6.67288	35.7	59.3
P3_86_NODE_1486_length_3809_cov_0.892450	1	3809	203	3809	100	7.20084	35.7	60
P3_86_NODE_1487_length_3808_cov_58.591687	1	3808	13357	3808	100	498.345	35.5	55.4
P3_86_NODE_1488_length_3806_cov_0.986953	1	3806	194	3806	100	7.03363	35.8	59.6
P3_86_NODE_1489_length_3803_cov_12.198473	1	3803	2528	3803	100	92.8572	35.8	59.9
P3_86_NODE_1490_length_3799_cov_14.181645	1	3799	3359	3799	100	118.93	35.6	57.5
P3_86_NODE_1491_length_3798_cov_6.739853	1	3798	1880	3798	100	62.4808	35.7	49
P3_86_NODE_1492_length_3797_cov_0.730790	1	3797	149	3788	99.763	5.48696	35.8	60
P3_86_NODE_1493_length_3794_cov_3.500409	1	3794	886	3794	100	31.8669	35.6	51.6
P3_86_NODE_1494_length_3789_cov_0.588476	1	3789	111	3789	100	4.29031	35.3	60
P3_86_NODE_1495_length_3788_cov_3.437859	1	3788	666	3788	100	25.2281	35.5	58.9
P3_86_NODE_1496_length_3788_cov_1.653920	1	3788	341	3781	99.8152	12.3915	35.9	59.6
P3_86_NODE_1497_length_3784_cov_1.232978	1	3784	238	3774	99.7357	8.95217	36.1	59.1
P3_86_NODE_1498_length_3783_cov_4.060996	1	3783	1054	3783	100	37.861	35.7	55.4
P3_86_NODE_1499_length_3781_cov_3.697044	1	3781	891	3781	100	31.8995	35	50.1
P3_86_NODE_1500_length_3780_cov_1.422666	1	3780	285	3780	100	10.4857	35.9	57.8
P3_86_NODE_1501_length_3779_cov_1.255476	1	3779	256	3779	100	9.31702	35.9	59.8
P3_86_NODE_1502_length_3777_cov_2.011781	1	3777	413	3775	99.947	14.9534	35.6	57.1
P3_86_NODE_1503_length_3776_cov_17.249931	1	3776	3936	3776	100	139.691	35.8	55.2
P3_86_NODE_1504_length_3775_cov_1.141721	1	3775	216	3775	100	8.08556	35.6	59.8
P3_86_NODE_1505_length_3774_cov_1.240746	1	3774	463	3774	100	15.3826	35.1	48.5
P3_86_NODE_1506_length_3772_cov_2.122908	1	3772	443	3772	100	16.3264	35.7	56.9
P3_86_NODE_1507_length_3771_cov_5.125960	1	3771	1130	3771	100	41.458	36	55.1
P3_86_NODE_1508_length_3769_cov_1.393465	1	3769	270	3769	100	10.0597	35.9	59
P3_86_NODE_1509_length_3766_cov_11.163884	1	3766	2341	3766	100	85.8444	35.9	60
P3_86_NODE_1510_length_3749_cov_2.960010	1	3749	619	3749	100	22.522	35.8	59.8
P3_86_NODE_1511_length_3747_cov_0.599448	1	3747	160	3747	100	5.6309	35.8	56.4
P3_86_NODE_1512_length_3744_cov_2.048659	1	3744	472	3744	100	16.6968	35.5	58.1
P3_86_NODE_1513_length_3734_cov_2.496257	1	3734	473	3734	100	17.6529	35.8	58.7
P3_86_NODE_1514_length_3734_cov_1.577488	1	3734	348	3734	100	12.3621	35.8	55.6
P3_86_NODE_1515_length_3726_cov_1.853848	1	3726	949	3726	100	28.6648	35.9	43.7
P3_86_NODE_1516_length_3723_cov_1.106229	1	3723	195	3713	99.7314	7.6159	35.7	60
P3_86_NODE_1517_length_3723_cov_0.779477	1	3723	160	3723	100	5.75316	35.8	55.3
P3_86_NODE_1518_length_3713_cov_9.469046	1	3713	1967	3713	100	72.6819	35.8	57.1
P3_86_NODE_1519_length_3705_cov_1.790665	1	3705	360	3695	99.7301	13.5773	36	59.9
P3_86_NODE_1520_length_3703_cov_2.303916	1	3703	481	3703	100	17.6335	36	59.6
P3_86_NODE_1521_length_3703_cov_0.827181	1	3703	172	3703	100	6.32163	35.8	59.9
P3_86_NODE_1522_length_3696_cov_1.822639	1	3696	372	3683	99.6483	13.6345	35.9	57.1
P3_86_NODE_1523_length_3690_cov_0.922537	1	3690	182	3690	100	6.85556	35.7	58.6
P3_86_NODE_1524_length_3688_cov_13.592530	1	3688	2724	3688	100	103.404	35.7	57.7
P3_86_NODE_1525_length_3684_cov_0.773967	1	3684	208	3674	99.7286	7.14142	35.7	50.2
P3_86_NODE_1526_length_3681_cov_0.773776	1	3681	148	3681	100	5.69166	36.2	60
P3_86_NODE_1527_length_3680_cov_19.380524	1	3680	4122	3680	100	156.781	36	54.9
P3_86_NODE_1528_length_3678_cov_1.077725	1	3678	207	3678	100	8.0832	35.9	60
P3_86_NODE_1529_length_3675_cov_0.956313	1	3675	194	3675	100	7.24354	35.7	59.8
P3_86_NODE_1530_length_3674_cov_0.830561	1	3674	153	3674	100	5.98503	35.6	60
P3_86_NODE_1531_length_3672_cov_0.955148	1	3672	191	3672	100	7.21106	36.2	58.3
P3_86_NODE_1532_length_3662_cov_3.440736	1	3662	878	3647	99.5904	31.3796	35.4	51
P3_86_NODE_1533_length_3662_cov_0.777652	1	3662	148	3662	100	5.69006	35.9	60
P3_86_NODE_1534_length_3655_cov_10.571145	1	3655	2056	3655	100	77.5174	35.6	57.1
P3_86_NODE_1535_length_3654_cov_1.909271	1	3654	340	3654	100	13.3796	35.6	59.2
P3_86_NODE_1536_length_3653_cov_2.024674	1	3653	442	3653	100	16.1374	35.6	56.8
P3_86_NODE_1537_length_3650_cov_0.682089	1	3650	173	3650	100	6.49945	35.7	59.4
P3_86_NODE_1538_length_3640_cov_1.228010	1	3640	235	3640	100	9.07363	35.6	60
P3_86_NODE_1539_length_3636_cov_1.740667	1	3636	364	3636	100	13.6188	35.9	55.6
P3_86_NODE_1540_length_3636_cov_1.302080	1	3636	238	3636	100	9.38119	35.6	59.8
P3_86_NODE_1541_length_3632_cov_1.048217	1	3632	230	3632	100	8.42401	35.7	58.2
P3_86_NODE_1542_length_3630_cov_26.781045	1	3630	10082	3630	100	357.978	35.9	57.1
P3_86_NODE_1543_length_3623_cov_14.442933	1	3623	2810	3623	100	106.445	35.8	60
P3_86_NODE_1544_length_3621_cov_7.028815	1	3621	1561	3621	100	57.2643	35.8	57.6
P3_86_NODE_1545_length_3620_cov_1.042370	1	3620	185	3620	100	7.36436	35.8	60
P3_86_NODE_1546_length_3617_cov_1.432665	1	3617	286	3617	100	10.8358	35.9	59.1
P3_86_NODE_1547_length_3612_cov_3.360115	1	3612	759	3612	100	28.6586	35.4	58
P3_86_NODE_1548_length_3609_cov_1.389431	1	3609	288	3609	100	10.798	36.1	58.4
P3_86_NODE_1549_length_3602_cov_0.751079	1	3602	167	3602	100	6.11966	35.7	58.5
P3_86_NODE_1550_length_3593_cov_0.829198	1	3593	167	3593	100	6.09713	35.8	56.8
P3_86_NODE_1551_length_3591_cov_0.840647	1	3591	142	3591	100	5.72097	35.2	59.6
P3_86_NODE_1552_length_3590_cov_0.839734	1	3590	164	3590	100	6.2883	35.9	57.7
P3_86_NODE_1553_length_3575_cov_0.728538	1	3575	144	3566	99.7483	5.66238	35.8	59.7
P3_86_NODE_1554_length_3574_cov_1.252393	1	3574	250	3567	99.8041	9.55316	35.8	59.6
P3_86_NODE_1555_length_3573_cov_4.939640	1	3573	1118	3573	100	43.2718	35.9	59.6
P3_86_NODE_1556_length_3570_cov_0.663085	1	3570	131	3570	100	4.8549	35.8	58.7
P3_86_NODE_1557_length_3569_cov_0.924172	1	3569	212	3569	100	7.06809	35.7	59.4
P3_86_NODE_1558_length_3561_cov_1.242283	1	3561	221	3561	100	8.79893	35.7	57.7
P3_86_NODE_1559_length_3554_cov_12.337905	1	3554	2810	3554	100	106.887	35.9	49.9
P3_86_NODE_1560_length_3551_cov_0.828855	1	3551	143	3541	99.7184	5.7412	35.6	59.7
P3_86_NODE_1561_length_3550_cov_1.196611	1	3550	212	3550	100	8.40789	35.6	60
P3_86_NODE_1562_length_3548_cov_0.555393	1	3548	106	3548	100	4.17221	35.1	59.3
P3_86_NODE_1563_length_3547_cov_1.332749	1	3547	337	3547	100	12.6622	35.1	52.8
P3_86_NODE_1564_length_3546_cov_3.073706	1	3546	710	3546	100	27.2953	35.6	58.2
P3_86_NODE_1565_length_3546_cov_1.613922	1	3546	295	3546	100	11.6156	35.9	58.2
P3_86_NODE_1566_length_3539_cov_1.834115	1	3539	342	3539	100	13.6462	35.7	59.1
P3_86_NODE_1567_length_3538_cov_1.241865	1	3538	217	3538	100	8.7688	35.7	60
P3_86_NODE_1568_length_3538_cov_0.980064	1	3538	208	3538	100	7.90984	35.8	58.4
P3_86_NODE_1569_length_3536_cov_1.584336	1	3536	1136	3536	100	44.455	35.7	38.8
P3_86_NODE_1570_length_3535_cov_0.633803	1	3535	112	3535	100	4.514	35.5	59.8
P3_86_NODE_1571_length_3534_cov_0.833284	1	3534	154	3534	100	6.14884	36.1	60
P3_86_NODE_1572_length_3534_cov_0.818902	1	3534	131	3534	100	5.49632	35.7	60
P3_86_NODE_1573_length_3533_cov_1.152085	1	3533	231	3524	99.7453	9.02066	35.9	59.6
P3_86_NODE_1574_length_3528_cov_0.932667	1	3528	153	3518	99.7166	6.36083	35.7	60
P3_86_NODE_1575_length_3527_cov_6.598824	1	3527	1522	3527	100	59.0068	35.8	56
P3_86_NODE_1576_length_3522_cov_1.354345	1	3522	268	3522	100	10.4801	36	58.3
P3_86_NODE_1577_length_3514_cov_0.883378	1	3514	192	3514	100	7.6568	36	59.6
P3_86_NODE_1578_length_3512_cov_1.333530	1	3512	235	3512	100	9.45928	35.8	59.9
P3_86_NODE_1579_length_3508_cov_0.774919	1	3508	157	3508	100	5.85775	36.1	58.1
P3_86_NODE_1580_length_3500_cov_0.937741	1	3500	193	3500	100	7.41229	35.5	57.4
P3_86_NODE_1581_length_3499_cov_2.282325	1	3499	495	3499	100	18.7859	35.6	59.1
P3_86_NODE_1582_length_3496_cov_4.010686	1	3496	1228	3496	100	48.2649	35.9	58.2
P3_86_NODE_1583_length_3496_cov_0.864055	1	3496	160	3496	100	6.31836	36	60
P3_86_NODE_1584_length_3495_cov_2.862530	1	3495	681	3457	98.9127	26.3748	35.6	56.8
P3_86_NODE_1585_length_3495_cov_1.014549	1	3495	202	3495	100	8.02146	35.7	58.6
P3_86_NODE_1586_length_3491_cov_1.313020	1	3491	258	3491	100	10.1624	35.7	56.2
P3_86_NODE_1587_length_3490_cov_20.160274	1	3490	3854	3490	100	154.184	35.9	58.4
P3_86_NODE_1588_length_3485_cov_1.075342	1	3485	212	3485	100	8.53544	36	59.4
P3_86_NODE_1589_length_3485_cov_0.971709	1	3485	153	3485	100	6.39484	35.8	60
P3_86_NODE_1590_length_3484_cov_0.904081	1	3484	180	3484	100	7.16131	35.8	59.9
P3_86_NODE_1591_length_3483_cov_1.060191	1	3483	205	3483	100	7.97761	35.7	57.2
P3_86_NODE_1592_length_3482_cov_1.400298	1	3482	292	3482	100	11.0316	35.6	56.5
P3_86_NODE_1593_length_3482_cov_0.792846	1	3482	134	3482	100	5.53935	35.5	60
P3_86_NODE_1594_length_3476_cov_1.306957	1	3476	236	3476	100	9.63205	35.8	60
P3_86_NODE_1595_length_3475_cov_1.179211	1	3475	233	3456	99.4532	9.15626	35.8	58.2
P3_86_NODE_1596_length_3471_cov_4.697967	1	3471	1222	3471	100	43.8027	35.8	51.6
P3_86_NODE_1597_length_3470_cov_1.075980	1	3470	194	3460	99.7118	7.78329	35.5	59.1
P3_86_NODE_1598_length_3466_cov_25.265648	1	3466	5441	3466	100	208.865	35.5	40.8
P3_86_NODE_1599_length_3463_cov_1.493405	1	3463	277	3463	100	11.1938	36.1	59.9
P3_86_NODE_1600_length_3460_cov_0.668767	1	3460	124	3460	100	5.02717	36	59.7
P3_86_NODE_1601_length_3458_cov_0.723807	1	3458	167	3458	100	6.34211	35.5	56
P3_86_NODE_1602_length_3458_cov_0.620534	1	3458	139	3458	100	5.35049	35.6	59.7
P3_86_NODE_1603_length_3453_cov_24.250150	1	3453	4600	3453	100	185.634	36	58.9
P3_86_NODE_1604_length_3452_cov_7.905865	1	3452	1505	3452	100	59.9403	35.7	58.4
P3_86_NODE_1605_length_3448_cov_3.505872	1	3448	659	3448	100	27.0165	35.7	59.1
P3_86_NODE_1606_length_3447_cov_0.820482	1	3447	157	3447	100	6.23209	35.9	59.7
P3_86_NODE_1607_length_3445_cov_0.887884	1	3445	171	3445	100	6.71872	35.7	56.9
P3_86_NODE_1608_length_3445_cov_0.808318	1	3445	142	3435	99.7097	5.7852	35.7	58.7
P3_86_NODE_1609_length_3441_cov_1.363911	1	3441	266	3441	100	10.9541	36.1	60
P3_86_NODE_1610_length_3440_cov_0.780561	1	3440	142	3430	99.7093	5.79738	35.8	59.3
P3_86_NODE_1611_length_3438_cov_1.071882	1	3438	210	3438	100	8.4107	35.5	58.7
P3_86_NODE_1612_length_3433_cov_3.512402	1	3433	670	3433	100	26.5736	36	58.8
P3_86_NODE_1613_length_3432_cov_0.911346	1	3432	164	3422	99.7086	6.61131	35.7	57.8
P3_86_NODE_1614_length_3430_cov_1.959431	1	3430	472	3430	100	16.1886	36.1	46.4
P3_86_NODE_1615_length_3430_cov_0.838329	1	3430	161	3399	99.0962	6.22915	35.8	58.8
P3_86_NODE_1616_length_3430_cov_0.727520	1	3430	138	3430	100	5.51399	35.8	60
P3_86_NODE_1617_length_3427_cov_0.702121	1	3427	106	3427	100	4.60432	35.6	59.9
P3_86_NODE_1618_length_3426_cov_1.183389	1	3426	204	3426	100	8.32341	36	59.2
P3_86_NODE_1619_length_3426_cov_1.126099	1	3426	221	3426	100	8.51839	35.3	56.1
P3_86_NODE_1620_length_3421_cov_85.112629	1	3421	18255	3421	100	741.391	35.8	59.2
P3_86_NODE_1621_length_3419_cov_1.982078	1	3419	436	3419	100	16.8579	35.9	57.2
P3_86_NODE_1622_length_3418_cov_6.939228	1	3418	1317	3418	100	52.4933	35.7	58.3
P3_86_NODE_1623_length_3416_cov_1.346002	1	3416	313	3416	100	12.5635	35.9	58.7
P3_86_NODE_1624_length_3416_cov_0.773183	1	3416	130	3406	99.7073	5.43296	35.3	60
P3_86_NODE_1625_length_3412_cov_21.643836	1	3412	3973	3412	100	163.68	35.7	58.2
P3_86_NODE_1626_length_3412_cov_3.118417	1	3412	582	3412	100	23.6462	35.7	59.5
P3_86_NODE_1627_length_3412_cov_0.708067	1	3412	120	3412	100	5.05188	35.6	60
P3_86_NODE_1628_length_3411_cov_2.699756	1	3411	545	3411	100	21.2606	35.9	54.4
P3_86_NODE_1629_length_3410_cov_4.963143	1	3410	903	3410	100	37.1727	35.4	59.9
P3_86_NODE_1630_length_3408_cov_4.455654	1	3408	1240	3408	100	49.1737	35.8	57.4
P3_86_NODE_1631_length_3407_cov_1.459756	1	3407	267	3407	100	10.7247	35.9	55.6
P3_86_NODE_1632_length_3403_cov_1.139805	1	3403	213	3403	100	8.55216	35.7	59.5
P3_86_NODE_1633_length_3400_cov_0.743049	1	3400	137	3390	99.7059	5.66559	35.1	60
P3_86_NODE_1634_length_3395_cov_4.418911	1	3395	834	3395	100	33.4928	35.7	57.2
P3_86_NODE_1635_length_3392_cov_2.478714	1	3392	471	3379	99.6167	18.9823	36	57.7
P3_86_NODE_1636_length_3392_cov_1.852986	1	3392	444	3392	100	17.6816	35.6	59.5
P3_86_NODE_1637_length_3389_cov_6.074801	1	3389	1175	3389	100	48.3116	35.7	57.6
P3_86_NODE_1638_length_3388_cov_0.766943	1	3388	172	3388	100	6.79132	35.7	57
P3_86_NODE_1639_length_3386_cov_15.667383	1	3386	2879	3386	100	117.75	35.9	59.9
P3_86_NODE_1640_length_3386_cov_1.846272	1	3386	649	3386	100	21.8517	36	30.8
P3_86_NODE_1641_length_3384_cov_2.863678	1	3384	499	3383	99.9704	20.5916	35.8	59.1
P3_86_NODE_1642_length_3383_cov_1.323710	1	3383	249	3383	100	9.89063	36	56.2
P3_86_NODE_1643_length_3380_cov_1.459883	1	3380	272	3380	100	10.8728	35.8	54.3
P3_86_NODE_1644_length_3377_cov_1.008923	1	3377	197	3377	100	7.82618	35.8	59.8
P3_86_NODE_1645_length_3376_cov_13.486611	1	3376	7108	3376	100	277.462	35.9	34
P3_86_NODE_1646_length_3376_cov_0.845491	1	3376	162	3376	100	6.41143	35.2	58.9
P3_86_NODE_1647_length_3371_cov_0.694821	1	3371	129	3361	99.7034	5.24711	35.7	55.6
P3_86_NODE_1648_length_3370_cov_51.086932	1	3370	9713	3370	100	393.064	35.8	60
P3_86_NODE_1649_length_3367_cov_0.923148	1	3367	225	3367	100	8.76151	35.9	58.7
P3_86_NODE_1650_length_3360_cov_2.215280	1	3360	521	3360	100	21.0649	35.3	46.3
P3_86_NODE_1651_length_3356_cov_0.731186	1	3356	159	3356	100	5.9261	35.6	55.7
P3_86_NODE_1652_length_3355_cov_1.025093	1	3355	181	3355	100	7.46915	35.9	60
P3_86_NODE_1653_length_3349_cov_1.790813	1	3349	294	3349	100	12.4679	35.7	59.1
P3_86_NODE_1654_length_3347_cov_1.702484	1	3347	393	3347	100	15.8446	35.5	51.1
P3_86_NODE_1655_length_3347_cov_0.725466	1	3347	116	3347	100	5.03824	35.5	60
P3_86_NODE_1656_length_3345_cov_1.547856	1	3345	356	3345	100	14.6595	35.8	49.4
P3_86_NODE_1657_length_3342_cov_1.628616	1	3342	287	3342	100	11.924	35.7	59.5
P3_86_NODE_1658_length_3341_cov_1.306472	1	3341	252	3340	99.9701	10.1679	35.6	60
P3_86_NODE_1659_length_3340_cov_10.689698	1	3340	2106	3241	97.0359	84.5389	35.7	53.4
P3_86_NODE_1660_length_3337_cov_1.257009	1	3337	202	3337	100	8.67246	35.9	60
P3_86_NODE_1661_length_3335_cov_20.377494	1	3335	4245	3335	100	167.282	35.4	50.1
P3_86_NODE_1662_length_3335_cov_0.608479	1	3335	122	3335	100	4.77091	35.9	60
P3_86_NODE_1663_length_3334_cov_5.301936	1	3334	1008	3334	100	41.1389	36.1	60
P3_86_NODE_1664_length_3333_cov_5.883656	1	3333	1171	3333	100	48.3885	35.6	56
P3_86_NODE_1665_length_3332_cov_1.023713	1	3332	167	3332	100	7.15726	35.8	59.6
P3_86_NODE_1666_length_3324_cov_0.842352	1	3324	140	3324	100	5.9988	35.5	59.7
P3_86_NODE_1667_length_3319_cov_0.692669	1	3319	131	3319	100	5.39108	35.8	59.8
P3_86_NODE_1668_length_3316_cov_2.971778	1	3316	646	3308	99.7587	25.4183	35.5	52
P3_86_NODE_1669_length_3310_cov_0.843230	1	3310	155	3310	100	6.25529	35.9	58.8
P3_86_NODE_1670_length_3305_cov_0.736312	1	3305	137	3305	100	5.6003	35.7	56.2
P3_86_NODE_1671_length_3294_cov_1.810862	1	3294	334	3294	100	13.6645	35.9	53.1
P3_86_NODE_1672_length_3293_cov_0.793746	1	3293	151	3293	100	6.37291	36.1	60
P3_86_NODE_1673_length_3290_cov_1.106544	1	3290	209	3290	100	8.46991	36	56.3
P3_86_NODE_1674_length_3290_cov_0.557698	1	3290	102	3281	99.7264	4.2465	35.8	59.2
P3_86_NODE_1675_length_3289_cov_2.489880	1	3289	472	3272	99.4831	19.3931	35.7	57.2
P3_86_NODE_1676_length_3287_cov_1.210759	1	3287	205	3287	100	8.70338	35.4	59.9
P3_86_NODE_1677_length_3281_cov_4.594166	1	3281	861	3281	100	34.9457	35.6	53.3
P3_86_NODE_1678_length_3281_cov_0.906785	1	3281	162	3269	99.6343	6.90795	36	58.7
P3_86_NODE_1679_length_3280_cov_5.053917	1	3280	1311	3280	100	55.9954	36	57.8
P3_86_NODE_1680_length_3280_cov_3.679670	1	3280	889	3280	100	36.3695	35.3	51
P3_86_NODE_1681_length_3279_cov_1.429886	1	3279	234	3269	99.695	10.2321	35.5	59.9
P3_86_NODE_1682_length_3276_cov_1.109876	1	3276	191	3276	100	7.94628	36.1	58.1
P3_86_NODE_1683_length_3271_cov_1.175573	1	3271	225	3271	100	9.31825	35.8	58.7
P3_86_NODE_1684_length_3268_cov_0.922636	1	3268	309	3251	99.4798	11.3651	35.9	45.8
P3_86_NODE_1685_length_3267_cov_1.111783	1	3267	206	3267	100	8.46312	35.9	58.8
P3_86_NODE_1686_length_3260_cov_0.781998	1	3260	169	3260	100	6.94509	35.6	58.8
P3_86_NODE_1687_length_3257_cov_0.779233	1	3257	129	3257	100	5.56248	35.7	60
P3_86_NODE_1688_length_3255_cov_0.980818	1	3255	150	3255	100	6.70507	35.8	59.7
P3_86_NODE_1689_length_3249_cov_0.822870	1	3249	169	3249	100	6.51801	35.9	48.1
P3_86_NODE_1690_length_3248_cov_3.137456	1	3248	599	3248	100	24.992	36.1	53.3
P3_86_NODE_1691_length_3247_cov_0.980128	1	3247	178	3236	99.6612	7.36865	35.7	57.8
P3_86_NODE_1692_length_3247_cov_0.943910	1	3247	171	3247	100	7.10225	36.1	59.1
P3_86_NODE_1693_length_3242_cov_54.385554	1	3242	9843	3242	100	426.189	35.7	59.5
P3_86_NODE_1694_length_3241_cov_0.734104	1	3241	126	3231	99.6915	5.48195	35.8	59.6
P3_86_NODE_1695_length_3234_cov_1.420663	1	3234	248	3234	100	10.6218	35.6	59.4
P3_86_NODE_1696_length_3234_cov_1.192469	1	3234	231	3234	100	9.48918	35.8	54.9
P3_86_NODE_1697_length_3234_cov_1.111361	1	3234	191	3234	100	8.29777	35.8	58.3
P3_86_NODE_1698_length_3226_cov_30.889965	1	3226	5282	3226	100	230.296	35.7	59.1
P3_86_NODE_1699_length_3223_cov_4.766473	1	3223	1778	3223	100	63.3428	34.2	33
P3_86_NODE_1700_length_3219_cov_1.684670	1	3219	267	3219	100	11.8568	35.9	60
P3_86_NODE_1701_length_3218_cov_1.041734	1	3218	165	3218	100	7.46457	35.7	60
P3_86_NODE_1702_length_3216_cov_5.146649	1	3216	1169	3216	100	47.9114	35.5	52.2
P3_86_NODE_1703_length_3213_cov_1.048283	1	3213	173	3213	100	7.47495	36.1	59.5
P3_86_NODE_1704_length_3213_cov_0.716461	1	3213	115	3213	100	5.12263	36	59
P3_86_NODE_1705_length_3210_cov_1.386312	1	3210	236	3210	100	10.291	35.6	59.7
P3_86_NODE_1706_length_3209_cov_7.647956	1	3209	1598	3209	100	65.46	35.7	57.8
P3_86_NODE_1707_length_3209_cov_0.954899	1	3209	160	3209	100	6.95481	36.1	60
P3_86_NODE_1708_length_3208_cov_1.567348	1	3208	398	3208	100	16.443	35	42.5
P3_86_NODE_1709_length_3198_cov_14.360795	1	3198	2526	3198	100	109.919	35.9	58.1
P3_86_NODE_1710_length_3197_cov_0.772313	1	3197	116	3197	100	5.30466	35.6	60
P3_86_NODE_1711_length_3190_cov_1.478616	1	3190	263	3190	100	11.374	35.2	56.3
P3_86_NODE_1712_length_3189_cov_10.603854	1	3189	1754	3189	100	78.117	35.8	59
P3_86_NODE_1713_length_3187_cov_2.745752	1	3187	511	3187	100	21.8108	35.9	55.5
P3_86_NODE_1714_length_3186_cov_0.814318	1	3186	136	3186	100	5.71375	35.9	55.1
P3_86_NODE_1715_length_3186_cov_0.559987	1	3186	95	3186	100	4.10075	35.8	60
P3_86_NODE_1716_length_3180_cov_1.046512	1	3180	801	3180	100	29.1425	35.8	31.8
P3_86_NODE_1717_length_3170_cov_0.641144	1	3170	107	3170	100	4.76404	35.5	60
P3_86_NODE_1718_length_3166_cov_1.077657	1	3166	160	3166	100	7.3307	35.8	59.8
P3_86_NODE_1719_length_3163_cov_1.694664	1	3163	286	3163	100	12.5779	36	58.9
P3_86_NODE_1720_length_3162_cov_1.443493	1	3162	250	3162	100	10.8074	35.7	60
P3_86_NODE_1721_length_3160_cov_1.437850	1	3160	227	3160	100	10.257	35.5	59.8
P3_86_NODE_1722_length_3158_cov_0.766744	1	3158	132	3158	100	5.76821	35.8	60
P3_86_NODE_1723_length_3156_cov_1.020139	1	3156	173	3150	99.8099	7.52155	35.7	59.4
P3_86_NODE_1724_length_3154_cov_0.772712	1	3154	122	3154	100	5.50666	35.4	60
P3_86_NODE_1725_length_3148_cov_3.248262	1	3148	627	3148	100	27.2335	35.7	55.9
P3_86_NODE_1726_length_3147_cov_1.596689	1	3147	319	3147	100	12.9117	35.9	48.9
P3_86_NODE_1727_length_3146_cov_1.486254	1	3146	278	3146	100	11.589	35.6	56.6
P3_86_NODE_1728_length_3146_cov_0.709838	1	3146	122	3146	100	5.30865	36	59.9
P3_86_NODE_1729_length_3142_cov_1.018574	1	3142	156	3142	100	7.04137	36.1	59.9
P3_86_NODE_1730_length_3140_cov_0.719549	1	3140	135	3140	100	5.82611	35.4	58.2
P3_86_NODE_1731_length_3137_cov_1.621927	1	3137	500	3137	100	21.2655	36	54.5
P3_86_NODE_1732_length_3136_cov_5.249252	1	3136	947	3136	100	41.2006	35.8	54.9
P3_86_NODE_1733_length_3131_cov_0.742676	1	3131	122	3131	100	5.42031	35.3	58.2
P3_86_NODE_1734_length_3128_cov_0.830390	1	3128	172	3118	99.6803	7.3491	36.2	56.5
P3_86_NODE_1735_length_3126_cov_0.877959	1	3126	159	3126	100	6.78695	35.9	54.9
P3_86_NODE_1736_length_3126_cov_0.701567	1	3126	128	3126	100	5.53519	35.9	60
P3_86_NODE_1737_length_3123_cov_0.699599	1	3123	112	3123	100	5.05924	36	58.4
P3_86_NODE_1738_length_3118_cov_1.967569	1	3118	328	3118	100	14.8428	35.6	60
P3_86_NODE_1739_length_3115_cov_1.905957	1	3115	316	3115	100	14.1945	35.6	57.9
P3_86_NODE_1740_length_3115_cov_0.940094	1	3115	155	3115	100	7.09952	35.8	59.9
P3_86_NODE_1741_length_3112_cov_0.751424	1	3112	140	3112	100	5.98104	35.6	54.7
P3_86_NODE_1742_length_3110_cov_0.650687	1	3110	121	3110	100	5.31768	36	59.3
P3_86_NODE_1743_length_3103_cov_0.903898	1	3103	147	3093	99.6777	6.49758	35.8	60
P3_86_NODE_1744_length_3102_cov_1.219160	1	3102	195	3102	100	8.81044	35.7	57.3
P3_86_NODE_1745_length_3100_cov_7.165489	1	3100	1239	3100	100	56.2677	35.7	57.6
P3_86_NODE_1746_length_3099_cov_1.099596	1	3099	170	3099	100	7.87125	35.9	59.8
P3_86_NODE_1747_length_3093_cov_2.031355	1	3093	381	3057	98.8361	16.5694	35.6	58.2
P3_86_NODE_1748_length_3090_cov_1.617280	1	3090	395	3090	100	17.3146	36.4	57.3
P3_86_NODE_1749_length_3089_cov_0.680959	1	3089	106	3089	100	4.88216	36	60
P3_86_NODE_1750_length_3088_cov_9.977605	1	3088	1788	3088	100	78.3572	35.7	59.8
P3_86_NODE_1751_length_3088_cov_7.775751	1	3088	1390	3088	100	62.1163	35.9	59.6
P3_86_NODE_1752_length_3087_cov_1.608108	1	3087	322	3087	100	14.3087	35.8	59.6
P3_86_NODE_1753_length_3086_cov_1.276783	1	3086	222	3086	100	9.94297	36	59
P3_86_NODE_1754_length_3086_cov_1.253464	1	3086	212	3086	100	9.4676	35.8	58.6
P3_86_NODE_1755_length_3083_cov_1.152571	1	3083	192	3083	100	8.68083	36.1	59.9
P3_86_NODE_1756_length_3080_cov_0.712496	1	3080	124	3080	100	5.45195	35.7	60
P3_86_NODE_1757_length_3079_cov_0.613821	1	3079	106	3079	100	4.7707	36.1	60
P3_86_NODE_1758_length_3077_cov_5.646102	1	3077	1002	3077	100	45.3637	35.6	55.4
P3_86_NODE_1759_length_3077_cov_0.692542	1	3077	114	3077	100	5.00455	36	58.2
P3_86_NODE_1760_length_3076_cov_1.090878	1	3076	171	3067	99.7074	7.74382	35.8	59.9
P3_86_NODE_1761_length_3072_cov_6.438710	1	3072	1129	3072	100	50.5033	35.9	58.9
P3_86_NODE_1762_length_3071_cov_0.676630	1	3071	108	3071	100	4.97134	35.5	60
P3_86_NODE_1763_length_3068_cov_0.518191	1	3068	93	3068	100	4.02868	35.9	54.9
P3_86_NODE_1764_length_3066_cov_9.028921	1	3066	1533	3066	100	69.225	35.8	56
P3_86_NODE_1765_length_3066_cov_2.880231	1	3066	560	3066	100	25.2684	35.8	57.5
P3_86_NODE_1766_length_3066_cov_1.552569	1	3066	257	3066	100	11.6239	36	60
P3_86_NODE_1767_length_3065_cov_0.935671	1	3065	192	3011	98.2382	8.0894	35.5	55.9
P3_86_NODE_1768_length_3060_cov_0.678145	1	3060	126	3060	100	5.61699	35.9	58.6
P3_86_NODE_1769_length_3059_cov_0.713506	1	3059	124	3059	100	5.52926	35.6	59.9
P3_86_NODE_1770_length_3058_cov_0.717844	1	3058	134	3058	100	5.88228	35.9	57.1
P3_86_NODE_1771_length_3058_cov_0.533947	1	3058	84	3058	100	3.82538	35.3	59
P3_86_NODE_1772_length_3056_cov_1.585865	1	3056	281	3056	100	12.5108	35.7	54.6
P3_86_NODE_1773_length_3055_cov_5.521056	1	3055	889	3055	100	40.2376	35.8	59.8
P3_86_NODE_1774_length_3051_cov_4.366963	1	3051	756	3051	100	33.7824	35.6	58.1
P3_86_NODE_1775_length_3051_cov_1.116279	1	3051	177	3051	100	8.2727	35.8	59.9
P3_86_NODE_1776_length_3050_cov_3.238112	1	3050	539	3050	100	24.8816	35.9	57.9
P3_86_NODE_1777_length_3049_cov_0.546886	1	3049	95	3029	99.344	4.27616	36.1	60
P3_86_NODE_1778_length_3041_cov_1.009952	1	3041	150	3041	100	6.98882	35.6	59.1
P3_86_NODE_1779_length_3038_cov_0.663346	1	3038	114	3038	100	5.14286	35.9	59.8
P3_86_NODE_1780_length_3037_cov_2.279038	1	3037	573	3037	100	24.6668	35.5	57.6
P3_86_NODE_1781_length_3036_cov_10.769337	1	3036	1886	3036	100	85.6423	35.9	57
P3_86_NODE_1782_length_3034_cov_1.669763	1	3034	297	3034	100	13.3154	35.8	58.9
P3_86_NODE_1783_length_3034_cov_1.319229	1	3034	215	3034	100	9.69809	35.7	59.2
P3_86_NODE_1784_length_3034_cov_0.943584	1	3034	147	3034	100	6.85695	35.8	60
P3_86_NODE_1785_length_3033_cov_1.269098	1	3033	197	3033	100	9.18958	36	59.9
P3_86_NODE_1786_length_3031_cov_5.524066	1	3031	932	3031	100	41.5031	35.8	60
P3_86_NODE_1787_length_3030_cov_0.774371	1	3030	112	3030	100	5.41617	35.7	60
P3_86_NODE_1788_length_3025_cov_19.759489	1	3025	3183	3025	100	148.089	35.4	57.8
P3_86_NODE_1789_length_3025_cov_0.845756	1	3025	125	3025	100	5.90545	36.3	60
P3_86_NODE_1790_length_3015_cov_19.250000	1	3015	2874	3015	100	135.773	35.6	59.6
P3_86_NODE_1791_length_3014_cov_1.013509	1	3014	176	3014	100	7.80093	35.7	57.4
P3_86_NODE_1792_length_3011_cov_0.924411	1	3011	161	3011	100	7.25606	35.7	58
P3_86_NODE_1793_length_3010_cov_0.859174	1	3010	123	3010	100	5.93688	35.7	60
P3_86_NODE_1794_length_3008_cov_0.540437	1	3008	95	3008	100	4.41356	35.8	60
P3_86_NODE_1795_length_3007_cov_0.830208	1	3007	141	3007	100	6.37978	35.9	60
P3_86_NODE_1796_length_3006_cov_0.691907	1	3006	104	2914	96.9395	4.97305	36	60
P3_86_NODE_1797_length_3002_cov_10.449664	1	3002	1678	3002	100	77.7252	36	59.4
P3_86_NODE_1798_length_3002_cov_0.900174	1	3002	138	3002	100	6.63624	35.7	59.6
P3_86_NODE_1799_length_2996_cov_0.599163	1	2996	95	2996	100	4.32543	35.8	59.9
P3_86_NODE_1800_length_2992_cov_1.025829	1	2992	171	2992	100	8.16678	35.9	59.8
P3_86_NODE_1801_length_2992_cov_0.811867	1	2992	115	2992	100	5.51437	36.2	59.5
P3_86_NODE_1802_length_2991_cov_0.751746	1	2991	106	2991	100	5.10598	35.8	60
P3_86_NODE_1803_length_2988_cov_5.151695	1	2988	1020	2982	99.7992	45.9803	35.5	56.4
P3_86_NODE_1804_length_2985_cov_1.548286	1	2985	260	2985	100	11.939	35.6	56.9
P3_86_NODE_1805_length_2984_cov_5.015751	1	2984	747	2984	100	35.5372	35.9	58.7
P3_86_NODE_1806_length_2984_cov_0.920896	1	2984	194	2984	100	8.76508	35.7	59.1
P3_86_NODE_1807_length_2983_cov_1.190476	1	2983	178	2983	100	8.35803	35.9	58.5
P3_86_NODE_1808_length_2979_cov_1.356241	1	2979	186	2979	100	9.11682	35.5	60
P3_86_NODE_1809_length_2975_cov_0.686096	1	2975	103	2975	100	4.85882	35.9	60
P3_86_NODE_1810_length_2969_cov_0.977481	1	2969	147	2969	100	6.97575	35.6	59.7
P3_86_NODE_1811_length_2963_cov_0.964034	1	2963	131	2963	100	6.46338	35.5	60
P3_86_NODE_1812_length_2960_cov_1.039534	1	2960	190	2960	100	8.72162	35.7	52.7
P3_86_NODE_1813_length_2959_cov_1.412076	1	2959	231	2959	100	10.8347	35.6	60
P3_86_NODE_1814_length_2949_cov_1.179305	1	2949	177	2939	99.6609	8.43947	35.8	60
P3_86_NODE_1815_length_2949_cov_0.520907	1	2949	122	2949	100	5.52458	35.9	54.5
P3_86_NODE_1816_length_2947_cov_6.035106	1	2947	1949	2947	100	79.1669	35.7	48.4
P3_86_NODE_1817_length_2939_cov_27.324680	1	2939	6026	2939	100	275.395	35.7	56.7
P3_86_NODE_1818_length_2937_cov_0.825979	1	2937	110	2937	100	5.53967	35.3	60
P3_86_NODE_1819_length_2937_cov_0.784342	1	2937	107	2937	100	5.30507	35.9	60
P3_86_NODE_1820_length_2934_cov_2.043107	1	2934	343	2934	100	15.926	35.8	54
P3_86_NODE_1821_length_2933_cov_12.899346	1	2933	2109	2933	100	96.7027	35.7	58.5
P3_86_NODE_1822_length_2933_cov_1.297220	1	2933	189	2933	100	9.00852	35.6	59.8
P3_86_NODE_1823_length_2933_cov_0.616892	1	2933	86	2933	100	4.25844	35.9	60
P3_86_NODE_1824_length_2932_cov_1.330838	1	2932	206	2932	100	9.6985	35.7	59.1
P3_86_NODE_1825_length_2931_cov_0.781027	1	2931	120	2921	99.6588	5.77277	36	59.7
P3_86_NODE_1826_length_2930_cov_0.696753	1	2930	106	2930	100	4.92048	36	60
P3_86_NODE_1827_length_2926_cov_0.858521	1	2926	126	2926	100	6.10048	35.2	60
P3_86_NODE_1828_length_2924_cov_3.169825	1	2924	629	2922	99.9316	27.7028	35.5	45.4
P3_86_NODE_1829_length_2924_cov_0.893100	1	2924	133	2924	100	6.4617	35.6	59.5
P3_86_NODE_1830_length_2923_cov_4.032189	1	2923	620	2923	100	29.5508	35.8	58
P3_86_NODE_1831_length_2920_cov_4.905481	1	2920	836	2920	100	37.8918	35.7	60
P3_86_NODE_1832_length_2918_cov_0.965245	1	2918	145	2918	100	7.04626	35.5	60
P3_86_NODE_1833_length_2917_cov_0.940143	1	2917	134	2907	99.6572	6.57765	35.1	60
P3_86_NODE_1834_length_2916_cov_0.909286	1	2916	155	2916	100	6.97977	35.6	59.5
P3_86_NODE_1835_length_2914_cov_1.041981	1	2914	186	2914	100	8.87097	35.7	57.1
P3_86_NODE_1836_length_2905_cov_1.083873	1	2905	168	2905	100	8.03993	35.8	59.9
P3_86_NODE_1837_length_2902_cov_0.637838	1	2902	92	2892	99.6554	4.5379	36	58.7
P3_86_NODE_1838_length_2900_cov_0.621709	1	2900	101	2891	99.6897	4.80862	35.9	59.2
P3_86_NODE_1839_length_2896_cov_38.941495	1	2896	6106	2896	100	295.393	35.8	59
P3_86_NODE_1840_length_2895_cov_1.007225	1	2895	164	2894	99.9655	7.76062	36	57
P3_86_NODE_1841_length_2894_cov_1.480304	1	2894	228	2894	100	10.7084	36.1	57.4
P3_86_NODE_1842_length_2894_cov_1.277557	1	2894	180	2894	100	8.87664	36	60
P3_86_NODE_1843_length_2894_cov_0.916516	1	2894	125	2894	100	6.302	35.8	60
P3_86_NODE_1844_length_2893_cov_1.256688	1	2893	193	2893	100	9.07535	36	59.7
P3_86_NODE_1845_length_2893_cov_1.189443	1	2893	183	2893	100	8.5579	35.8	58.4
P3_86_NODE_1846_length_2892_cov_21.623508	1	2892	4991	2892	100	215.307	35.4	55.5
P3_86_NODE_1847_length_2885_cov_0.801305	1	2885	122	2885	100	5.78198	35.8	59
P3_86_NODE_1848_length_2874_cov_1.087368	1	2874	170	2874	100	8.06715	35.8	58
P3_86_NODE_1849_length_2865_cov_0.932067	1	2865	135	2855	99.651	6.7651	35.7	60
P3_86_NODE_1850_length_2864_cov_4.933801	1	2864	838	2864	100	39.0887	36	58
P3_86_NODE_1851_length_2864_cov_1.444647	1	2864	204	2864	100	10.1054	35.7	60
P3_86_NODE_1852_length_2863_cov_1.275219	1	2863	210	2863	100	9.77471	35.7	59.1
P3_86_NODE_1853_length_2861_cov_1.386979	1	2861	234	2861	100	10.8644	35.6	53.1
P3_86_NODE_1854_length_2859_cov_2.258419	1	2859	379	2859	100	17.5596	36	58.3
P3_86_NODE_1855_length_2858_cov_0.900769	1	2858	145	2858	100	6.8184	35.9	57.7
P3_86_NODE_1856_length_2857_cov_3.096337	1	2857	588	2857	100	27.7042	35.8	54.7
P3_86_NODE_1857_length_2857_cov_0.708791	1	2857	113	2857	100	5.56038	35.8	60
P3_86_NODE_1858_length_2856_cov_0.858190	1	2856	129	2856	100	6.2381	35.8	60
P3_86_NODE_1859_length_2853_cov_2.097946	1	2853	323	2853	100	15.8773	35.8	59.2
P3_86_NODE_1860_length_2851_cov_2.242109	1	2851	438	2851	100	19.3686	35.6	52.7
P3_86_NODE_1861_length_2850_cov_0.926919	1	2850	134	2850	100	6.69439	35.6	60
P3_86_NODE_1862_length_2842_cov_1.497238	1	2842	336	2842	100	13.5908	35.5	50.4
P3_86_NODE_1863_length_2838_cov_1.203246	1	2838	182	2831	99.7533	9.00529	35.9	58.8
P3_86_NODE_1864_length_2836_cov_4.368771	1	2836	648	2836	100	32.0878	36	59.1
P3_86_NODE_1865_length_2835_cov_4.791359	1	2835	2044	2835	100	92.1517	35.6	53.1
P3_86_NODE_1866_length_2835_cov_0.833826	1	2835	108	2835	100	5.59612	35.9	60
P3_86_NODE_1867_length_2827_cov_0.902222	1	2827	139	2827	100	6.48744	35.8	55.9
P3_86_NODE_1868_length_2826_cov_0.547981	1	2826	91	2826	100	4.3167	36.2	60
P3_86_NODE_1869_length_2825_cov_0.609340	1	2825	100	2825	100	4.81805	35.8	53.5
P3_86_NODE_1870_length_2823_cov_1.014095	1	2823	174	2823	100	8.32271	36	55.4
P3_86_NODE_1871_length_2823_cov_0.958457	1	2823	164	2808	99.4687	7.79561	35.9	58.1
P3_86_NODE_1872_length_2821_cov_3.418708	1	2821	574	2821	100	27.9791	35.7	56.2
P3_86_NODE_1873_length_2816_cov_0.829676	1	2816	133	2816	100	6.25604	36	57.5
P3_86_NODE_1874_length_2814_cov_0.772237	1	2814	110	2804	99.6446	5.48436	36.1	59.5
P3_86_NODE_1875_length_2809_cov_0.899702	1	2809	148	2809	100	7.1691	36	60
P3_86_NODE_1876_length_2808_cov_1.318538	1	2808	205	2808	100	9.86467	35.8	58
P3_86_NODE_1877_length_2807_cov_1.258209	1	2807	187	2807	100	9.00534	35.9	59.5
P3_86_NODE_1878_length_2804_cov_1.103848	1	2804	147	2804	100	7.59914	35.6	60
P3_86_NODE_1879_length_2804_cov_0.834890	1	2804	136	2804	100	6.60556	35.9	55.9
P3_86_NODE_1880_length_2801_cov_0.725505	1	2801	105	2792	99.6787	5.24527	36.3	60
P3_86_NODE_1881_length_2798_cov_0.835642	1	2798	119	2789	99.6783	5.97498	35.5	60
P3_86_NODE_1882_length_2794_cov_2.097488	1	2794	330	2794	100	16.1349	35.4	54.1
P3_86_NODE_1883_length_2793_cov_3.293323	1	2793	463	2793	100	23.425	35.6	57.2
P3_86_NODE_1884_length_2792_cov_5.631895	1	2792	898	2792	100	44.7887	35.7	59.3
P3_86_NODE_1885_length_2792_cov_1.453659	1	2792	256	2792	100	12.1848	35.8	59.3
P3_86_NODE_1886_length_2792_cov_0.774109	1	2792	112	2792	100	5.59993	35.8	58
P3_86_NODE_1887_length_2789_cov_1.289256	1	2789	190	2789	100	9.59663	36	59.7
P3_86_NODE_1888_length_2787_cov_1.735714	1	2787	334	2785	99.9282	14.2336	35.9	48.1
P3_86_NODE_1889_length_2784_cov_0.857734	1	2784	138	2784	100	6.73024	36.1	59.5
P3_86_NODE_1890_length_2783_cov_0.801581	1	2783	129	2773	99.6407	6.32519	35.8	59.6
P3_86_NODE_1891_length_2782_cov_12.320904	1	2782	2083	2782	100	101.793	35.6	57.6
P3_86_NODE_1892_length_2779_cov_0.987557	1	2779	143	2779	100	7.23102	35.9	58.7
P3_86_NODE_1893_length_2776_cov_1.118535	1	2776	169	2776	100	8.50793	35.8	59.8
P3_86_NODE_1894_length_2774_cov_1.009067	1	2774	133	2774	100	6.87815	36	60
P3_86_NODE_1895_length_2770_cov_0.544079	1	2770	86	2760	99.639	4.16968	35.8	58.8
P3_86_NODE_1896_length_2769_cov_1.089705	1	2769	181	2769	100	8.2835	35.7	52.6
P3_86_NODE_1897_length_2769_cov_1.088191	1	2769	142	2769	100	7.37125	35.2	59.2
P3_86_NODE_1898_length_2767_cov_0.710985	1	2767	117	2767	100	5.68594	35.5	57.1
P3_86_NODE_1899_length_2764_cov_0.714069	1	2764	108	2764	100	5.51013	36	59.9
P3_86_NODE_1900_length_2762_cov_0.904744	1	2762	112	2762	100	5.95945	35.4	60
P3_86_NODE_1901_length_2759_cov_0.527736	1	2759	91	2759	100	4.29358	35.8	60
P3_86_NODE_1902_length_2758_cov_4.450399	1	2758	775	2758	100	37.4862	35.6	54.2
P3_86_NODE_1903_length_2755_cov_1.337900	1	2755	240	2755	100	10.9474	35.8	52.7
P3_86_NODE_1904_length_2751_cov_7.197707	1	2751	1214	2751	100	58.2752	35.6	59.9
P3_86_NODE_1905_length_2751_cov_1.317835	1	2751	301	2751	100	13.5016	35	45.2
P3_86_NODE_1906_length_2750_cov_8.405978	1	2750	1284	2750	100	64.0625	36.1	60
P3_86_NODE_1907_length_2747_cov_6.032359	1	2747	940	2747	100	45.8922	35.7	59.7
P3_86_NODE_1908_length_2745_cov_1.069519	1	2745	209	2745	100	9.65974	35.8	44.4
P3_86_NODE_1909_length_2745_cov_1.014515	1	2745	155	2745	100	7.61311	36.1	60
P3_86_NODE_1910_length_2741_cov_6.921194	1	2741	1190	2741	100	59.5721	35.4	52.2
P3_86_NODE_1911_length_2739_cov_13.123866	1	2739	1948	2739	100	96.6656	35.8	59.9
P3_86_NODE_1912_length_2738_cov_42.678284	1	2738	6052	2738	100	311.825	35.9	59.6
P3_86_NODE_1913_length_2736_cov_1.153699	1	2736	162	2736	100	8.30921	35.5	58.9
P3_86_NODE_1914_length_2735_cov_1.283742	1	2735	227	2735	100	10.5082	35.6	51.3
P3_86_NODE_1915_length_2732_cov_4.032630	1	2732	1038	2732	100	48.9447	35	29.9
P3_86_NODE_1916_length_2732_cov_0.929750	1	2732	156	2732	100	7.11786	36	56.6
P3_86_NODE_1917_length_2727_cov_0.658846	1	2727	103	2717	99.6333	5.3634	35.7	60
P3_86_NODE_1918_length_2721_cov_0.728990	1	2721	103	2721	100	5.19515	35.5	58.8
P3_86_NODE_1919_length_2719_cov_7.710648	1	2719	1291	2719	100	65.4226	35.8	59.6
P3_86_NODE_1920_length_2719_cov_1.681713	1	2719	261	2719	100	12.9665	35.3	60
P3_86_NODE_1921_length_2719_cov_1.028164	1	2719	134	2709	99.6322	7.21552	35.4	60
P3_86_NODE_1922_length_2716_cov_1.630745	1	2716	235	2716	100	12.2239	36.1	58.8
P3_86_NODE_1923_length_2715_cov_0.837326	1	2715	124	2715	100	6.31676	36	59.9
P3_86_NODE_1924_length_2714_cov_1.841902	1	2714	330	2714	100	15.9046	35.4	51.3
P3_86_NODE_1925_length_2710_cov_0.747580	1	2710	104	2710	100	5.4631	35.8	60
P3_86_NODE_1926_length_2709_cov_1.344694	1	2709	184	2709	100	9.7058	35.6	59.8
P3_86_NODE_1927_length_2707_cov_3.193023	1	2707	588	2707	100	29.3118	35.7	48.7
P3_86_NODE_1928_length_2707_cov_0.800388	1	2707	104	2707	100	5.54082	35.8	60
P3_86_NODE_1929_length_2702_cov_1.014757	1	2702	151	2702	100	7.70688	35.4	59.9
P3_86_NODE_1930_length_2701_cov_0.853924	1	2701	136	2701	100	6.60237	35.8	53.2
P3_86_NODE_1931_length_2694_cov_3.241527	1	2694	594	2693	99.9629	29.6485	35.7	57.8
P3_86_NODE_1932_length_2692_cov_2.020273	1	2692	326	2692	100	16.7701	35.7	58.5
P3_86_NODE_1933_length_2689_cov_44.427010	1	2689	6184	2689	100	323.721	35.8	59.5
P3_86_NODE_1934_length_2686_cov_5.068777	1	2686	872	2686	100	45.8716	36.1	50.9
P3_86_NODE_1935_length_2685_cov_0.745113	1	2685	107	2668	99.3669	5.71136	36	60
P3_86_NODE_1936_length_2684_cov_6.592100	1	2684	1180	2684	100	58.4691	35.4	51.7
P3_86_NODE_1937_length_2681_cov_3.349715	1	2681	519	2681	100	26.4897	35.9	59.9
P3_86_NODE_1938_length_2679_cov_1.009796	1	2679	145	2679	100	7.59351	36.1	59.8
P3_86_NODE_1939_length_2678_cov_0.621717	1	2678	105	2678	100	5.39171	36.2	59.6
P3_86_NODE_1940_length_2676_cov_0.605335	1	2676	92	2676	100	4.64574	36.1	59.8
P3_86_NODE_1941_length_2675_cov_2.196625	1	2675	589	2675	100	21.8019	35.9	37.4
P3_86_NODE_1942_length_2673_cov_0.794187	1	2673	116	2673	100	6.09914	35.8	60
P3_86_NODE_1943_length_2670_cov_1.162013	1	2670	146	2670	100	7.94345	35.9	60
P3_86_NODE_1944_length_2667_cov_0.909055	1	2667	141	2667	100	7.26172	35.4	60
P3_86_NODE_1945_length_2659_cov_0.869668	1	2659	108	2659	100	5.90222	35.5	59.7
P3_86_NODE_1946_length_2654_cov_13.426197	1	2654	2010	2654	100	106.089	35.4	58.6
P3_86_NODE_1947_length_2650_cov_0.899326	1	2650	125	2650	100	6.65509	36.2	60
P3_86_NODE_1948_length_2649_cov_1.162569	1	2649	161	2649	100	8.56172	35.7	60
P3_86_NODE_1949_length_2647_cov_1.097619	1	2647	136	2647	100	7.49074	35.9	60
P3_86_NODE_1950_length_2647_cov_0.870635	1	2647	168	2644	99.8867	8.1394	36	48.4
P3_86_NODE_1951_length_2647_cov_0.755159	1	2647	121	2637	99.6222	6.15678	35.7	59.6
P3_86_NODE_1952_length_2646_cov_0.745534	1	2646	110	2646	100	5.73016	36	59.5
P3_86_NODE_1953_length_2645_cov_2.066322	1	2645	308	2643	99.9244	16.1694	35.7	54.9
P3_86_NODE_1954_length_2645_cov_0.861001	1	2645	158	2645	100	8.19509	35.4	54.1
P3_86_NODE_1955_length_2640_cov_1.006765	1	2640	188	2640	100	9.55985	35.7	57.8
P3_86_NODE_1956_length_2636_cov_2.491431	1	2636	368	2601	98.6722	18.9879	36	59.5
P3_86_NODE_1957_length_2632_cov_5.484232	1	2632	961	2630	99.924	50.6664	35.9	59.4
P3_86_NODE_1958_length_2632_cov_0.833533	1	2632	132	2632	100	6.83055	35.8	59.5
P3_86_NODE_1959_length_2629_cov_0.703837	1	2629	97	2629	100	5.09053	36.3	58.9
P3_86_NODE_1960_length_2629_cov_0.667066	1	2629	116	2629	100	5.70901	34.7	59.9
P3_86_NODE_1961_length_2626_cov_1.232093	1	2626	191	2626	100	9.67822	35.6	55.2
P3_86_NODE_1962_length_2625_cov_0.986789	1	2625	171	2625	100	8.45829	35.7	58.2
P3_86_NODE_1963_length_2624_cov_0.892671	1	2624	119	2624	100	6.49962	35.7	59.9
P3_86_NODE_1964_length_2622_cov_1.470541	1	2622	223	2622	100	11.3791	35.6	58.6
P3_86_NODE_1965_length_2621_cov_0.664395	1	2621	116	2621	100	5.65471	35.9	58.6
P3_86_NODE_1966_length_2620_cov_0.814681	1	2620	108	2620	100	5.83092	35.2	59.3
P3_86_NODE_1967_length_2618_cov_1.916901	1	2618	280	2618	100	15.4668	35.4	54.2
P3_86_NODE_1968_length_2614_cov_1.076397	1	2614	148	2614	100	7.78845	36	56.6
P3_86_NODE_1969_length_2614_cov_0.579413	1	2614	75	2614	100	4.08761	35.1	59.5
P3_86_NODE_1970_length_2612_cov_3.668813	1	2612	465	2612	100	25.5348	35.6	58.9
P3_86_NODE_1971_length_2611_cov_0.874396	1	2611	104	2611	100	5.71888	36	59.6
P3_86_NODE_1972_length_2610_cov_2.824406	1	2610	590	2610	100	24.759	35.2	42.2
P3_86_NODE_1973_length_2607_cov_7.826613	1	2607	1383	2607	100	70.5923	35.7	52.3
P3_86_NODE_1974_length_2597_cov_7.867841	1	2597	1176	2597	100	59.6199	35.8	56.9
P3_86_NODE_1975_length_2597_cov_1.301619	1	2597	195	2597	100	9.98575	35.9	59.6
P3_86_NODE_1976_length_2596_cov_3.865128	1	2596	682	2596	100	34.8679	35.6	51.3
P3_86_NODE_1977_length_2596_cov_0.710814	1	2596	117	2596	100	6.07357	35.3	59
P3_86_NODE_1978_length_2593_cov_1.255474	1	2593	217	2593	100	10.7937	35.6	52.8
P3_86_NODE_1979_length_2591_cov_0.543019	1	2591	83	2591	100	4.31841	35.8	60
P3_86_NODE_1980_length_2586_cov_0.745832	1	2586	97	2586	100	5.32521	35.9	60
P3_86_NODE_1981_length_2582_cov_0.730346	1	2582	101	2582	100	5.34237	35.9	59.6
P3_86_NODE_1982_length_2579_cov_9.602773	1	2579	1544	2579	100	79.2346	35.7	55.3
P3_86_NODE_1983_length_2577_cov_1.092245	1	2577	161	2577	100	8.48778	36	58.9
P3_86_NODE_1984_length_2570_cov_0.739255	1	2570	94	2570	100	5.21167	35.6	59.8
P3_86_NODE_1985_length_2568_cov_24.161409	1	2568	4047	2568	100	216.147	35.9	58.7
P3_86_NODE_1986_length_2568_cov_20.906186	1	2568	4380	2568	100	223.601	35.4	45.6
P3_86_NODE_1987_length_2566_cov_1.655187	1	2566	285	2566	100	13.7015	35.7	54.1
P3_86_NODE_1988_length_2565_cov_1.701805	1	2565	234	2565	100	12.7478	36.2	59.9
P3_86_NODE_1989_length_2564_cov_1.209274	1	2564	174	2564	100	8.85413	36	53.2
P3_86_NODE_1990_length_2561_cov_1.563270	1	2561	219	2561	100	11.7977	35.9	59.2
P3_86_NODE_1991_length_2561_cov_0.901808	1	2561	119	2561	100	6.55564	36	59.9
P3_86_NODE_1992_length_2560_cov_2.649404	1	2560	371	2560	100	20.152	36	59.3
P3_86_NODE_1993_length_2560_cov_2.634537	1	2560	406	2560	100	21.0652	35.9	60
P3_86_NODE_1994_length_2557_cov_0.874074	1	2557	130	2557	100	6.66562	36.2	58.4
P3_86_NODE_1995_length_2554_cov_0.721467	1	2554	75	2554	100	4.42639	35.5	60
P3_86_NODE_1996_length_2549_cov_0.770851	1	2549	97	2537	99.5292	5.39976	35.6	60
P3_86_NODE_1997_length_2548_cov_0.638579	1	2548	107	2548	100	5.45801	35	55.4
P3_86_NODE_1998_length_2548_cov_0.636514	1	2548	92	2548	100	5.09066	35.9	59.2
P3_86_NODE_1999_length_2547_cov_1.450413	1	2547	268	2547	100	13.0966	35.6	50.8
P3_86_NODE_2000_length_2543_cov_1.144454	1	2543	139	2543	100	7.75383	35.5	60
P3_86_NODE_2001_length_2541_cov_0.789975	1	2541	106	2541	100	6.00197	36.2	60
P3_86_NODE_2002_length_2538_cov_25.184571	1	2538	3692	2538	100	200.611	35.6	58.7
P3_86_NODE_2003_length_2538_cov_1.222314	1	2538	187	2538	100	9.60757	35.6	56.7
P3_86_NODE_2004_length_2538_cov_1.170883	1	2538	148	2538	100	8.23798	35.9	60
P3_86_NODE_2005_length_2538_cov_0.794691	1	2538	108	2538	100	6.02758	36	60
P3_86_NODE_2006_length_2537_cov_2.452697	1	2537	411	2537	100	21.0158	36	51.5
P3_86_NODE_2007_length_2537_cov_0.757676	1	2537	88	2537	100	5.11431	35.8	60
P3_86_NODE_2008_length_2537_cov_0.516183	1	2537	74	2537	100	3.95743	35.7	60
P3_86_NODE_2009_length_2535_cov_10.572259	1	2535	1642	2535	100	86.5053	35.8	51.9
P3_86_NODE_2010_length_2535_cov_0.847176	1	2535	113	2525	99.6055	6.09862	35.9	59.9
P3_86_NODE_2011_length_2534_cov_9.184877	1	2534	1510	2534	100	79.8706	36.1	56.7
P3_86_NODE_2012_length_2534_cov_0.959285	1	2534	123	2534	100	6.6989	35.8	59.7
P3_86_NODE_2013_length_2532_cov_2.995842	1	2532	510	2532	100	27.5632	36.1	57.8
P3_86_NODE_2014_length_2531_cov_0.828203	1	2531	109	2531	100	5.94785	35.9	58.9
P3_86_NODE_2015_length_2529_cov_1.111157	1	2529	215	2526	99.8814	9.90352	35.5	46.9
P3_86_NODE_2016_length_2529_cov_0.659034	1	2529	72	2529	100	4.2586	36.4	60
P3_86_NODE_2017_length_2526_cov_1.904544	1	2526	286	2526	100	14.9141	35.6	56.8
P3_86_NODE_2018_length_2519_cov_0.770067	1	2519	115	2519	100	6.06511	35.8	58.6
P3_86_NODE_2019_length_2517_cov_0.917992	1	2517	147	2517	100	7.5586	35.9	48.7
P3_86_NODE_2020_length_2513_cov_3.787510	1	2513	511	2510	99.8806	28.4381	35.6	58.2
P3_86_NODE_2021_length_2511_cov_0.915688	1	2511	117	2511	100	6.59259	36	59.2
P3_86_NODE_2022_length_2508_cov_1.193196	1	2508	148	2508	100	8.41308	35.6	60
P3_86_NODE_2023_length_2506_cov_0.991593	1	2506	137	2506	100	7.50239	36.1	56.8
P3_86_NODE_2024_length_2502_cov_0.875789	1	2502	117	2502	100	6.42246	35.7	59.5
P3_86_NODE_2025_length_2498_cov_1.052299	1	2498	134	2498	100	7.46918	35.9	58.4
P3_86_NODE_2026_length_2494_cov_12.646810	1	2494	1740	2494	100	95.7193	35.3	59.1
P3_86_NODE_2027_length_2491_cov_0.862098	1	2491	153	2491	100	7.81774	36	50.2
P3_86_NODE_2028_length_2487_cov_1.125000	1	2487	160	2487	100	8.96019	35.9	59.5
P3_86_NODE_2029_length_2485_cov_0.823579	1	2485	105	2485	100	5.89215	36.4	59.9
P3_86_NODE_2030_length_2485_cov_0.667939	1	2485	78	2485	100	4.62535	35.5	60
P3_86_NODE_2031_length_2484_cov_0.870174	1	2484	140	2476	99.6779	7.85628	35.6	59
P3_86_NODE_2032_length_2478_cov_1.175245	1	2478	676	2478	100	14.3079	35.9	14.2
P3_86_NODE_2033_length_2477_cov_0.793617	1	2477	102	2477	100	5.86274	35.5	60
P3_86_NODE_2034_length_2476_cov_0.652192	1	2476	81	2463	99.475	4.73384	35.8	60
P3_86_NODE_2035_length_2473_cov_2.173061	1	2473	248	2473	100	14.6603	35.6	59.7
P3_86_NODE_2036_length_2471_cov_26.197099	1	2471	21252	2378	96.2363	1054.98	35	37.1
P3_86_NODE_2037_length_2465_cov_1.156544	1	2465	159	2465	100	8.85517	36.1	59
P3_86_NODE_2038_length_2464_cov_0.806590	1	2464	116	2464	100	6.08523	36.1	56.4
P3_86_NODE_2039_length_2460_cov_0.816545	1	2460	103	2460	100	5.92724	36.1	60
P3_86_NODE_2040_length_2459_cov_0.939537	1	2459	135	2459	100	7.25986	36	54.3
P3_86_NODE_2041_length_2456_cov_0.492057	1	2456	74	2456	100	3.95765	35.6	59.9
P3_86_NODE_2042_length_2455_cov_0.828179	1	2455	113	2455	100	6.3332	35.7	60
P3_86_NODE_2043_length_2450_cov_2.416703	1	2450	9651	2450	100	540.763	35.9	49.2
P3_86_NODE_2044_length_2448_cov_1.582077	1	2448	212	2448	100	12.1258	35.4	59.2
P3_86_NODE_2045_length_2448_cov_0.937096	1	2448	143	2448	100	7.22876	35.9	58.2
P3_86_NODE_2046_length_2448_cov_0.929341	1	2448	125	2448	100	6.9951	35.9	60
P3_86_NODE_2047_length_2447_cov_1.464655	1	2447	227	2447	100	12.593	35.8	57.1
P3_86_NODE_2048_length_2447_cov_1.362931	1	2447	187	2447	100	10.4213	35.7	58.8
P3_86_NODE_2049_length_2447_cov_0.892672	1	2447	113	2447	100	6.47895	35.5	60
P3_86_NODE_2050_length_2445_cov_0.554789	1	2445	69	2436	99.6319	3.94806	35.9	59.9
P3_86_NODE_2051_length_2444_cov_0.754424	1	2444	94	2444	100	5.46645	35.2	60
P3_86_NODE_2052_length_2441_cov_1.223855	1	2441	219	2441	100	12.109	35.9	59.1
P3_86_NODE_2053_length_2438_cov_7.310688	1	2438	1051	2438	100	59.5587	35.4	59.4
P3_86_NODE_2054_length_2438_cov_0.639550	1	2438	88	2428	99.5898	5.06235	35.7	59.8
P3_86_NODE_2055_length_2437_cov_1.038095	1	2437	132	2437	100	7.58843	35.8	60
P3_86_NODE_2056_length_2437_cov_0.821645	1	2437	117	2437	100	6.50841	36.1	57.7
P3_86_NODE_2057_length_2437_cov_0.575758	1	2437	77	2437	100	4.38531	35.4	60
P3_86_NODE_2058_length_2433_cov_9.206418	1	2433	1343	2433	100	75.7723	35.4	57.5
P3_86_NODE_2059_length_2433_cov_0.831310	1	2433	93	2433	100	5.52199	35.6	60
P3_86_NODE_2060_length_2426_cov_0.671596	1	2426	77	2426	100	4.55359	35.5	60
P3_86_NODE_2061_length_2421_cov_0.898867	1	2421	187	2421	100	9.53697	36	56.9
P3_86_NODE_2062_length_2419_cov_0.941099	1	2419	140	2419	100	7.39727	36.2	51.9
P3_86_NODE_2063_length_2418_cov_0.954168	1	2418	123	2409	99.6278	6.89041	35.7	58.1
P3_86_NODE_2064_length_2417_cov_0.660262	1	2417	85	2417	100	4.82954	35.9	55.4
P3_86_NODE_2065_length_2412_cov_0.849891	1	2412	98	2412	100	5.84826	35.7	60
P3_86_NODE_2066_length_2412_cov_0.565864	1	2412	76	2412	100	4.33416	35.3	57.7
P3_86_NODE_2067_length_2411_cov_0.775832	1	2411	94	2411	100	5.57735	35.7	60
P3_86_NODE_2068_length_2410_cov_1.109067	1	2410	137	2410	100	7.90664	35.5	58.8
P3_86_NODE_2069_length_2407_cov_1.045175	1	2407	134	2407	100	7.78563	36	58.4
P3_86_NODE_2070_length_2406_cov_1.022378	1	2406	128	2406	100	7.22278	35.7	59.1
P3_86_NODE_2071_length_2405_cov_13.244513	1	2405	2001	2308	95.9667	110.863	35.5	52.3
P3_86_NODE_2072_length_2405_cov_0.698420	1	2405	94	2405	100	5.32516	35.7	60
P3_86_NODE_2073_length_2402_cov_0.991648	1	2402	124	2402	100	7.04954	35.8	59.7
P3_86_NODE_2074_length_2402_cov_0.779780	1	2402	96	2402	100	5.66819	36.1	60
P3_86_NODE_2075_length_2401_cov_0.859719	1	2401	102	2401	100	5.98417	35.6	60
P3_86_NODE_2076_length_2400_cov_0.525737	1	2400	73	2400	100	4.16042	36.1	59.8
P3_86_NODE_2077_length_2399_cov_6.976232	1	2399	963	2399	100	55.0208	35.8	58.8
P3_86_NODE_2078_length_2397_cov_6.554279	1	2397	892	2397	100	50.2307	35.9	58.8
P3_86_NODE_2079_length_2397_cov_0.860352	1	2397	106	2397	100	6.13725	35.4	57.4
P3_86_NODE_2080_length_2396_cov_1.408991	1	2396	168	2396	100	9.95242	35.7	59.9
P3_86_NODE_2081_length_2396_cov_0.766858	1	2396	89	2396	100	5.27295	35.6	60
P3_86_NODE_2082_length_2396_cov_0.654473	1	2396	85	2396	100	4.91736	36.1	60
P3_86_NODE_2083_length_2393_cov_0.691968	1	2393	82	2383	99.5821	4.83076	36	59.5
P3_86_NODE_2084_length_2393_cov_0.639894	1	2393	78	2393	100	4.5888	35.3	60
P3_86_NODE_2085_length_2392_cov_1.469316	1	2392	184	2392	100	10.6271	36.2	60
P3_86_NODE_2086_length_2391_cov_2.623675	1	2391	378	2391	100	20.7018	35.6	50.9
P3_86_NODE_2087_length_2391_cov_1.234099	1	2391	165	2391	100	9.46759	35.5	59.6
P3_86_NODE_2088_length_2390_cov_1.359258	1	2390	179	2390	100	10.1628	35.7	56.6
P3_86_NODE_2089_length_2387_cov_1.918584	1	2387	317	2387	100	17.3486	35.3	44.2
P3_86_NODE_2090_length_2384_cov_3.428445	1	2384	513	2384	100	27.9337	35.8	53.4
P3_86_NODE_2091_length_2381_cov_0.719610	1	2381	84	2381	100	4.99622	36	59.4
P3_86_NODE_2092_length_2380_cov_0.736795	1	2380	97	2380	100	5.43445	35.7	57.8
P3_86_NODE_2093_length_2379_cov_1.293073	1	2379	181	2379	100	10.5385	36.1	59.4
P3_86_NODE_2094_length_2377_cov_0.674667	1	2377	96	2377	100	5.55869	35.7	60
P3_86_NODE_2095_length_2373_cov_0.752449	1	2373	82	2373	100	5.02444	35.7	59.9
P3_86_NODE_2096_length_2372_cov_0.694432	1	2372	93	2372	100	5.33516	35.9	59.6
P3_86_NODE_2097_length_2371_cov_2.068182	1	2371	251	2371	100	14.6828	35.9	59.8
P3_86_NODE_2098_length_2370_cov_0.773963	1	2370	101	2370	100	5.97046	35.6	60
P3_86_NODE_2099_length_2368_cov_0.880411	1	2368	116	2368	100	6.78674	35.6	59
P3_86_NODE_2100_length_2365_cov_0.972297	1	2365	153	2365	100	7.73827	35.7	52.2
P3_86_NODE_2101_length_2364_cov_207.532409	1	2364	24858	2364	100	1499.02	35.8	59.5
P3_86_NODE_2102_length_2362_cov_1.804474	1	2362	218	2362	100	13.1389	35.9	60
P3_86_NODE_2103_length_2361_cov_0.867950	1	2361	114	2361	100	6.67937	35.5	58.9
P3_86_NODE_2104_length_2358_cov_2.780816	1	2358	432	2328	98.7277	23.637	35.5	48.2
P3_86_NODE_2105_length_2358_cov_1.190498	1	2358	140	2358	100	8.3626	36.2	60
P3_86_NODE_2106_length_2354_cov_1.181859	1	2354	167	2354	100	9.50255	35.8	58.9
P3_86_NODE_2107_length_2354_cov_0.830265	1	2354	112	2354	100	6.47833	35.9	59.8
P3_86_NODE_2108_length_2353_cov_66.831986	1	2353	7993	2353	100	479.782	36	55.9
P3_86_NODE_2109_length_2353_cov_0.962713	1	2353	121	2353	100	7.15852	35.9	58
P3_86_NODE_2110_length_2352_cov_0.886292	1	2352	96	2342	99.5748	5.90179	35.6	59.9
P3_86_NODE_2111_length_2351_cov_6.480216	1	2351	1506	2351	100	82.0191	35.8	35.7
P3_86_NODE_2112_length_2349_cov_1.456346	1	2349	202	2349	100	12.0294	35.8	57.1
P3_86_NODE_2113_length_2349_cov_0.627363	1	2349	73	2349	100	4.40868	35.6	60
P3_86_NODE_2114_length_2347_cov_0.894144	1	2347	106	2347	100	6.40051	36.2	58.9
P3_86_NODE_2115_length_2347_cov_0.687838	1	2347	76	2347	100	4.48445	36.1	58.7
P3_86_NODE_2116_length_2345_cov_0.758341	1	2345	89	2345	100	5.32623	35.4	60
P3_86_NODE_2117_length_2344_cov_1.160577	1	2344	139	2344	100	8.4599	35.8	60
P3_86_NODE_2118_length_2341_cov_0.615176	1	2341	71	2341	100	4.43528	35.7	60
P3_86_NODE_2119_length_2340_cov_0.622232	1	2340	78	2340	100	4.64744	35.3	59.6
P3_86_NODE_2120_length_2339_cov_0.687161	1	2339	74	2339	100	4.64472	35.9	60
P3_86_NODE_2121_length_2338_cov_0.657621	1	2338	74	2328	99.5723	4.55646	36.1	59.5
P3_86_NODE_2122_length_2337_cov_0.953846	1	2337	126	2337	100	7.35131	35.8	58.6
P3_86_NODE_2123_length_2335_cov_1.694746	1	2335	233	2335	100	13.5602	35.5	59.2
P3_86_NODE_2124_length_2334_cov_22.829180	1	2334	2851	2334	100	171.901	35.7	59.6
P3_86_NODE_2125_length_2334_cov_1.098777	1	2334	125	2334	100	7.38775	36	57.6
P3_86_NODE_2126_length_2332_cov_1.975964	1	2332	349	2332	100	19.503	35.3	46.9
P3_86_NODE_2127_length_2332_cov_1.538776	1	2332	197	2332	100	11.3302	36	56.8
P3_86_NODE_2128_length_2329_cov_0.762943	1	2329	95	2329	100	5.74495	35.3	60
P3_86_NODE_2129_length_2328_cov_0.719219	1	2328	97	2328	100	5.60524	36.1	57.5
P3_86_NODE_2130_length_2326_cov_0.822647	1	2326	103	2326	100	6.1509	35.5	59.9
P3_86_NODE_2131_length_2325_cov_5.735214	1	2325	951	2325	100	51.2877	36	59.5
P3_86_NODE_2132_length_2323_cov_1.213115	1	2323	162	2323	100	9.52303	35.6	59.4
P3_86_NODE_2133_length_2322_cov_0.635991	1	2322	70	2322	100	4.40396	35.4	60
P3_86_NODE_2134_length_2321_cov_13.837739	1	2321	2207	2321	100	128.94	35	47
P3_86_NODE_2135_length_2320_cov_0.735522	1	2320	86	2320	100	5.25733	35.8	60
P3_86_NODE_2136_length_2319_cov_0.822536	1	2319	101	2319	100	6.12031	35.8	60
P3_86_NODE_2137_length_2316_cov_0.854271	1	2316	93	2316	100	5.84499	36.1	60
P3_86_NODE_2138_length_2316_cov_0.440384	1	2316	85	2316	100	4.89421	36.1	54.4
P3_86_NODE_2139_length_2313_cov_1.090119	1	2313	136	2313	100	7.91094	35.3	54.5
P3_86_NODE_2140_length_2311_cov_0.739469	1	2311	80	2301	99.5673	5.02813	35.8	60
P3_86_NODE_2141_length_2310_cov_17.604214	1	2310	3041	2310	100	174.386	34.8	51
P3_86_NODE_2142_length_2308_cov_0.740028	1	2308	103	2308	100	6.0039	35.6	60
P3_86_NODE_2143_length_2307_cov_1.563761	1	2307	191	2302	99.7833	11.6264	35.6	59.4
P3_86_NODE_2144_length_2306_cov_1.003671	1	2306	125	2306	100	7.28925	35.7	60
P3_86_NODE_2145_length_2306_cov_0.757687	1	2306	110	2306	100	5.99263	35.9	55.1
P3_86_NODE_2146_length_2304_cov_4.630225	1	2304	645	2304	100	37.3637	35.9	52.4
P3_86_NODE_2147_length_2301_cov_0.713891	1	2301	78	2301	100	4.92047	35.8	60
P3_86_NODE_2148_length_2301_cov_0.620975	1	2301	72	2301	100	4.57497	35.3	60
P3_86_NODE_2149_length_2297_cov_2.223041	1	2297	323	2274	98.9987	19.0644	35.5	56
P3_86_NODE_2150_length_2295_cov_0.755535	1	2295	102	2295	100	6.17255	36	60
P3_86_NODE_2151_length_2294_cov_0.857868	1	2294	95	2294	100	5.94551	35.8	60
P3_86_NODE_2152_length_2293_cov_0.686981	1	2293	106	2293	100	6.19538	35.6	54.2
P3_86_NODE_2153_length_2286_cov_1.071792	1	2286	119	2286	100	7.37402	35.4	60
P3_86_NODE_2154_length_2284_cov_2.008809	1	2284	271	2284	100	16.3319	35.3	59.2
P3_86_NODE_2155_length_2284_cov_0.795549	1	2284	99	2284	100	5.85333	35.6	57.4
P3_86_NODE_2156_length_2284_cov_0.759852	1	2284	87	2284	100	5.3542	35.9	59.3
P3_86_NODE_2157_length_2283_cov_0.796382	1	2283	314	2283	100	13.774	35.9	38.2
P3_86_NODE_2158_length_2282_cov_0.842227	1	2282	112	2282	100	6.54382	35.7	59.3
P3_86_NODE_2159_length_2281_cov_0.558496	1	2281	66	2281	100	4.1701	35.8	58
P3_86_NODE_2160_length_2277_cov_1.027907	1	2277	135	2277	100	8.04128	35.8	54.8
P3_86_NODE_2161_length_2275_cov_0.593110	1	2275	83	2275	100	4.9833	34.9	60
P3_86_NODE_2162_length_2273_cov_0.882572	1	2273	120	2273	100	6.73427	35.9	54.6
P3_86_NODE_2163_length_2272_cov_1.559907	1	2272	214	2272	100	12.7738	36.2	56.9
P3_86_NODE_2164_length_2272_cov_0.827972	1	2272	91	2272	100	5.80458	35.8	60
P3_86_NODE_2165_length_2266_cov_0.743806	1	2266	76	2266	100	4.86231	35.4	60
P3_86_NODE_2166_length_2265_cov_0.909261	1	2265	127	2265	100	7.29978	35.5	54.5
P3_86_NODE_2167_length_2264_cov_0.684137	1	2264	75	2264	100	4.75972	35.9	60
P3_86_NODE_2168_length_2262_cov_0.684309	1	2262	92	2262	100	5.16136	36.3	52.9
P3_86_NODE_2169_length_2261_cov_3.680905	1	2261	493	2261	100	28.9266	35.8	59.7
P3_86_NODE_2170_length_2261_cov_0.937676	1	2261	106	2261	100	6.636	35.9	60
P3_86_NODE_2171_length_2257_cov_0.794366	1	2257	111	2257	100	6.47541	35.8	58.4
P3_86_NODE_2172_length_2257_cov_0.733803	1	2257	164	2257	100	6.03589	35.5	48.4
P3_86_NODE_2173_length_2256_cov_4.749178	1	2256	565	2255	99.9557	34.2784	35.5	57.7
P3_86_NODE_2174_length_2256_cov_0.800376	1	2256	101	2256	100	6.09574	36	59.2
P3_86_NODE_2175_length_2254_cov_4.214386	1	2254	889	2254	100	46.0204	35.7	59.3
P3_86_NODE_2176_length_2254_cov_0.633286	1	2254	63	2244	99.5563	4.14419	35.7	60
P3_86_NODE_2177_length_2252_cov_2.697412	1	2252	330	2238	99.3783	19.8597	35.9	59
P3_86_NODE_2178_length_2252_cov_1.110588	1	2252	125	2252	100	7.97069	35.4	60
P3_86_NODE_2179_length_2250_cov_24.286858	1	2250	2816	2250	100	175.604	35.9	59.7
P3_86_NODE_2180_length_2249_cov_0.467012	1	2249	47	2249	100	3.12895	35.5	60
P3_86_NODE_2181_length_2247_cov_0.647642	1	2247	70	2247	100	4.45661	36	60
P3_86_NODE_2182_length_2245_cov_1.611426	1	2245	289	2245	100	15.6668	35.5	48.8
P3_86_NODE_2183_length_2245_cov_0.630312	1	2245	93	2245	100	5.32472	36.1	55.1
P3_86_NODE_2184_length_2244_cov_7.665120	1	2244	982	2244	100	60.1288	35.9	59.9
P3_86_NODE_2185_length_2244_cov_1.208314	1	2244	130	2244	100	8.32754	35.9	59.9
P3_86_NODE_2186_length_2243_cov_1.486295	1	2243	212	2243	100	12.1685	35.3	51.4
P3_86_NODE_2187_length_2241_cov_1.492431	1	2241	411	2241	100	22.5788	35.3	44.2
P3_86_NODE_2188_length_2240_cov_1.642215	1	2240	172	2234	99.7321	11.1121	35.7	60
P3_86_NODE_2189_length_2240_cov_0.887364	1	2240	88	2240	100	5.74286	35.3	59.5
P3_86_NODE_2190_length_2237_cov_0.659242	1	2237	117	2237	100	6.34555	35.5	51.6
P3_86_NODE_2191_length_2235_cov_0.983871	1	2235	104	2235	100	6.75034	35.6	58.7
P3_86_NODE_2192_length_2234_cov_1.111533	1	2234	141	2234	100	8.68487	35.8	59.9
P3_86_NODE_2193_length_2233_cov_0.709402	1	2233	80	2233	100	4.9785	36	60
P3_86_NODE_2194_length_2231_cov_1.186312	1	2231	143	2231	100	8.61318	35.2	57.7
P3_86_NODE_2195_length_2231_cov_0.931084	1	2231	105	2231	100	6.76602	35	59.6
P3_86_NODE_2196_length_2230_cov_10.392772	1	2230	1265	2230	100	78.3825	35.8	56.5
P3_86_NODE_2197_length_2228_cov_0.753927	1	2228	82	2218	99.5512	5.19255	35.8	60
P3_86_NODE_2198_length_2227_cov_1.829524	1	2227	344	2227	100	20.0862	35.9	52.2
P3_86_NODE_2199_length_2227_cov_1.248571	1	2227	147	2227	100	9.26897	36	58.8
P3_86_NODE_2200_length_2226_cov_0.868032	1	2226	90	2226	100	5.81896	35.9	59.3
P3_86_NODE_2201_length_2225_cov_0.888465	1	2225	102	2225	100	6.28225	36.3	57.8
P3_86_NODE_2202_length_2224_cov_4.050191	1	2224	484	2224	100	29.7433	35.7	59.9
P3_86_NODE_2203_length_2224_cov_2.533143	1	2224	318	2224	100	19.3759	35.5	57.6
P3_86_NODE_2204_length_2220_cov_0.943144	1	2220	110	2220	100	6.93649	35.5	60
P3_86_NODE_2205_length_2220_cov_0.699474	1	2220	135	2220	100	7.25631	35.5	38.2
P3_86_NODE_2206_length_2220_cov_0.634974	1	2220	65	2220	100	4.24324	36	59.9
P3_86_NODE_2207_length_2219_cov_1.271989	1	2219	158	2213	99.7296	9.6521	36.2	57.2
P3_86_NODE_2208_length_2218_cov_1.081779	1	2218	122	2218	100	8.03562	35.8	60
P3_86_NODE_2209_length_2216_cov_1.424605	1	2216	160	2216	100	10.3917	35.6	60
P3_86_NODE_2210_length_2215_cov_1.284004	1	2215	173	2215	100	10.1047	35.4	59.3
P3_86_NODE_2211_length_2214_cov_1.487782	1	2214	1279	2214	100	47.215	35.5	32.8
P3_86_NODE_2212_length_2209_cov_0.993756	1	2209	102	2209	100	6.63603	35.4	59.7
P3_86_NODE_2213_length_2205_cov_0.677093	1	2205	75	2205	100	4.81134	35.9	60
P3_86_NODE_2214_length_2205_cov_0.627045	1	2205	76	2205	100	4.81315	34.9	59.9
P3_86_NODE_2215_length_2197_cov_0.697101	1	2197	69	2187	99.5448	4.63587	35.4	60
P3_86_NODE_2216_length_2196_cov_1.280329	1	2196	175	2196	100	10.1311	36	51.1
P3_86_NODE_2217_length_2196_cov_0.758337	1	2196	110	2196	100	6.63206	35.6	60
P3_86_NODE_2218_length_2194_cov_11.263667	1	2194	1491	2194	100	90.381	35.7	51.9
P3_86_NODE_2219_length_2193_cov_1.897386	1	2193	234	2193	100	14.7497	35.5	55.1
P3_86_NODE_2220_length_2190_cov_0.974794	1	2190	183	2181	99.589	11.1201	35.7	42.1
P3_86_NODE_2221_length_2188_cov_0.959243	1	2188	109	2188	100	7.09735	35.9	59.4
P3_86_NODE_2222_length_2187_cov_1.591262	1	2187	192	2187	100	11.6845	35.6	56.1
P3_86_NODE_2223_length_2187_cov_0.929126	1	2187	113	2187	100	7.08962	35.5	58.9
P3_86_NODE_2224_length_2186_cov_0.642545	1	2186	63	2186	100	4.23513	35.3	60
P3_86_NODE_2225_length_2185_cov_11.884840	1	2185	1582	2185	100	96.5121	35.9	55.4
P3_86_NODE_2226_length_2185_cov_0.758989	1	2185	83	2185	100	5.45355	35.9	59.4
P3_86_NODE_2227_length_2185_cov_0.688047	1	2185	82	2185	100	5.20412	36.4	59.8
P3_86_NODE_2228_length_2181_cov_1.101753	1	2181	114	2181	100	7.53553	36.1	60
P3_86_NODE_2229_length_2177_cov_15.951220	1	2177	1961	2177	100	123.169	35.9	59.1
P3_86_NODE_2230_length_2177_cov_1.125366	1	2177	128	2177	100	8.12816	35.9	60
P3_86_NODE_2231_length_2177_cov_0.907805	1	2177	103	2177	100	6.54341	35.8	60
P3_86_NODE_2232_length_2176_cov_1.979014	1	2176	342	2167	99.5864	20.0294	35.9	51.3
P3_86_NODE_2233_length_2176_cov_0.698878	1	2176	85	2176	100	5.25138	36	56.8
P3_86_NODE_2234_length_2168_cov_1.671240	1	2168	200	2168	100	12.7689	35.6	58.6
P3_86_NODE_2235_length_2167_cov_0.589216	1	2167	70	2167	100	4.38902	36.3	60
P3_86_NODE_2236_length_2162_cov_6.152334	1	2162	935	2162	100	56.907	35.5	46
P3_86_NODE_2237_length_2162_cov_1.360197	1	2162	151	2162	100	9.92646	35.7	60
P3_86_NODE_2238_length_2162_cov_0.845700	1	2162	102	2152	99.5375	6.45513	35.8	59.4
P3_86_NODE_2239_length_2161_cov_1.295477	1	2161	140	2161	100	9.1541	35.7	57.4
P3_86_NODE_2240_length_2159_cov_0.768701	1	2159	93	2159	100	5.98472	35.8	60
P3_86_NODE_2241_length_2157_cov_0.566995	1	2157	67	2157	100	4.44135	35	59.1
P3_86_NODE_2242_length_2152_cov_0.534321	1	2152	55	2142	99.5353	3.5855	36	60
P3_86_NODE_2243_length_2150_cov_0.760751	1	2150	98	2150	100	5.81814	35.8	51.1
P3_86_NODE_2244_length_2150_cov_0.653485	1	2150	70	2150	100	4.63395	35.7	60
P3_86_NODE_2245_length_2148_cov_1.241959	1	2148	155	2148	100	9.82216	35.9	60
P3_86_NODE_2246_length_2147_cov_0.799505	1	2147	110	2147	100	6.54308	35.4	55.9
P3_86_NODE_2247_length_2147_cov_0.728713	1	2147	74	2147	100	5.05822	35.2	60
P3_86_NODE_2248_length_2146_cov_3.383358	1	2146	701	2146	100	39.7777	35.7	50.6
P3_86_NODE_2249_length_2146_cov_3.288262	1	2146	404	2146	100	27.082	35.8	57.9
P3_86_NODE_2250_length_2146_cov_0.843487	1	2146	102	2146	100	6.1356	36	56.4
P3_86_NODE_2251_length_2144_cov_4.575517	1	2144	556	2144	100	34.8633	36	59.9
P3_86_NODE_2252_length_2144_cov_2.021319	1	2144	373	2144	100	20.7924	35.7	45.7
P3_86_NODE_2253_length_2142_cov_0.763275	1	2142	92	2142	100	5.90756	35.7	59.8
P3_86_NODE_2254_length_2141_cov_1.276564	1	2141	134	2141	100	8.82298	35.5	59.8
P3_86_NODE_2255_length_2141_cov_0.521847	1	2141	56	2141	100	3.7277	35.7	60
P3_86_NODE_2256_length_2136_cov_37.946973	1	2136	4578	2136	100	290.031	35.8	59.7
P3_86_NODE_2257_length_2136_cov_1.695869	1	2136	170	2136	100	11.4134	35.6	59.6
P3_86_NODE_2258_length_2136_cov_0.975112	1	2136	158	2136	100	9.26779	35.5	54.4
P3_86_NODE_2259_length_2133_cov_0.789133	1	2133	89	2104	98.6404	5.91514	35.6	60
P3_86_NODE_2260_length_2132_cov_0.833416	1	2132	93	2132	100	6.05394	35.5	60
P3_86_NODE_2261_length_2132_cov_0.551122	1	2132	64	2132	100	4.19981	35.9	60
P3_86_NODE_2262_length_2130_cov_0.730404	1	2130	82	2130	100	5.46854	35.8	59.9
P3_86_NODE_2263_length_2128_cov_1.726637	1	2128	229	2128	100	14.132	35.9	55
P3_86_NODE_2264_length_2128_cov_0.780110	1	2128	95	2128	100	6.2984	35.7	60
P3_86_NODE_2265_length_2127_cov_0.698000	1	2127	73	2127	100	4.6897	35.9	56.2
P3_86_NODE_2266_length_2125_cov_0.694695	1	2125	69	2115	99.5294	4.60518	35.6	59.6
P3_86_NODE_2267_length_2124_cov_1.392589	1	2124	146	2124	100	9.8258	36	59.7
P3_86_NODE_2268_length_2124_cov_1.110165	1	2124	193	2124	100	12.5169	35.9	55.4
P3_86_NODE_2269_length_2123_cov_8.459920	1	2123	2393	2123	100	150.844	35.7	57.3
P3_86_NODE_2270_length_2121_cov_194.594784	1	2121	21062	2121	100	1402.26	35.9	59.5
P3_86_NODE_2271_length_2118_cov_1.318935	1	2118	168	2109	99.5751	10.5883	35.9	58.6
P3_86_NODE_2272_length_2118_cov_0.820191	1	2118	86	2118	100	5.78423	35.7	60
P3_86_NODE_2273_length_2118_cov_0.713712	1	2118	73	2118	100	4.856	35.6	58.4
P3_86_NODE_2274_length_2115_cov_1.291751	1	2115	130	2114	99.9527	8.76312	35.3	56.8
P3_86_NODE_2275_length_2115_cov_0.667505	1	2115	76	2115	100	4.90686	36.3	59.1
P3_86_NODE_2276_length_2114_cov_0.654756	1	2114	62	2114	100	4.31504	35.6	60
P3_86_NODE_2277_length_2113_cov_0.838872	1	2113	103	2113	100	6.59915	35.6	60
P3_86_NODE_2278_length_2110_cov_0.752900	1	2110	94	2110	100	5.88246	35.7	54.6
P3_86_NODE_2279_length_2108_cov_0.696113	1	2108	65	2108	100	4.537	35.7	60
P3_86_NODE_2280_length_2107_cov_0.817172	1	2107	81	2107	100	5.59943	35.5	60
P3_86_NODE_2281_length_2105_cov_1.305865	1	2105	135	2105	100	9.03515	35.8	58.7
P3_86_NODE_2282_length_2103_cov_0.671053	1	2103	114	2103	100	6.43842	35.1	48.2
P3_86_NODE_2283_length_2099_cov_1.565416	1	2099	154	2099	100	10.4307	36.4	59.5
P3_86_NODE_2284_length_2099_cov_1.495943	1	2099	172	2099	100	11.0677	35.8	59
P3_86_NODE_2285_length_2098_cov_0.613902	1	2098	70	2098	100	4.39943	35.8	59.2
P3_86_NODE_2286_length_2096_cov_2.931945	1	2096	320	2096	100	21.3478	35.6	57.8
P3_86_NODE_2287_length_2096_cov_0.651092	1	2096	65	2096	100	4.45945	36	60
P3_86_NODE_2288_length_2095_cov_2.162093	1	2095	233	2095	100	15.3265	35.9	58.5
P3_86_NODE_2289_length_2095_cov_0.679878	1	2095	71	2095	100	4.88162	35.7	59.9
P3_86_NODE_2290_length_2094_cov_1.777834	1	2094	222	2094	100	14.212	35.9	55.9
P3_86_NODE_2291_length_2093_cov_0.775178	1	2093	98	2093	100	6.24749	35.8	59.7
P3_86_NODE_2292_length_2091_cov_0.849796	1	2091	105	2091	100	6.49737	35.9	49.1
P3_86_NODE_2293_length_2089_cov_0.705403	1	2089	78	2079	99.5213	5.18047	35.8	60
P3_86_NODE_2294_length_2088_cov_0.844467	1	2088	83	2088	100	5.71695	34.9	60
P3_86_NODE_2295_length_2087_cov_4.296296	1	2087	512	2087	100	33.2252	35.9	59.9
P3_86_NODE_2296_length_2086_cov_0.849413	1	2086	108	2086	100	7.0954	35.6	59.9
P3_86_NODE_2297_length_2085_cov_1.224719	1	2085	117	2085	100	8.12998	35.9	59
P3_86_NODE_2298_length_2082_cov_1.143734	1	2082	141	2082	100	8.80884	35.2	57.3
P3_86_NODE_2299_length_2082_cov_1.059847	1	2082	117	2082	100	7.71806	35.6	60
P3_86_NODE_2300_length_2081_cov_1.143296	1	2081	110	2081	100	7.5925	36	60
P3_86_NODE_2301_length_2081_cov_0.841863	1	2081	155	2081	100	8.72369	35.2	38.9
P3_86_NODE_2302_length_2079_cov_1.071209	1	2079	185	2079	100	10.9663	35.7	48.1
P3_86_NODE_2303_length_2078_cov_0.594567	1	2078	56	2078	100	3.91627	36.1	58.9
P3_86_NODE_2304_length_2077_cov_1.480513	1	2077	247	2077	100	13.8739	35.3	43
P3_86_NODE_2305_length_2072_cov_1.234961	1	2072	133	2072	100	8.72394	36.1	59
P3_86_NODE_2306_length_2071_cov_0.887860	1	2071	99	2071	100	6.60744	36	60
P3_86_NODE_2307_length_2068_cov_0.574961	1	2068	55	2068	100	3.85155	35.7	60
P3_86_NODE_2308_length_2065_cov_0.644479	1	2065	71	2055	99.5157	4.7046	35.6	60
P3_86_NODE_2309_length_2062_cov_0.819121	1	2062	97	2062	100	6.33463	35.9	56.5
P3_86_NODE_2310_length_2059_cov_1.291408	1	2059	146	2059	100	9.80476	35.6	60
P3_86_NODE_2311_length_2058_cov_3.659762	1	2058	390	2058	100	26.3756	35.7	58.5
P3_86_NODE_2312_length_2054_cov_0.648677	1	2054	68	2044	99.5131	4.61587	35.7	59.2
P3_86_NODE_2313_length_2054_cov_0.525688	1	2054	68	2054	100	4.48539	35.4	60
P3_86_NODE_2314_length_2052_cov_0.849870	1	2052	77	2052	100	5.49366	35.9	60
P3_86_NODE_2315_length_2049_cov_0.760666	1	2049	79	2049	100	5.31137	35.9	60
P3_86_NODE_2316_length_2048_cov_1.280062	1	2048	146	2048	100	9.88623	35.4	59
P3_86_NODE_2317_length_2047_cov_1.664062	1	2047	182	2047	100	12.1803	35.8	57
P3_86_NODE_2318_length_2047_cov_1.105729	1	2047	111	2047	100	7.75037	36.2	60
P3_86_NODE_2319_length_2045_cov_1.407716	1	2045	251	2045	100	15.1281	35.3	41.1
P3_86_NODE_2320_length_2044_cov_0.556599	1	2044	72	2026	99.1194	4.65313	35.2	58.9
P3_86_NODE_2321_length_2044_cov_0.507564	1	2044	76	2044	100	4.38112	35.6	52.8
P3_86_NODE_2322_length_2043_cov_0.937370	1	2043	100	2043	100	6.80323	36	59.6
P3_86_NODE_2323_length_2043_cov_0.886743	1	2043	103	2043	100	6.54968	35.7	54.6
P3_86_NODE_2324_length_2043_cov_0.652923	1	2043	62	2043	100	4.38767	35.8	60
P3_86_NODE_2325_length_2042_cov_0.636554	1	2042	77	2042	100	5.00147	35.7	57.2
P3_86_NODE_2326_length_2041_cov_8.703239	1	2041	1095	2041	100	66.8741	36.1	53.9
P3_86_NODE_2327_length_2041_cov_0.558516	1	2041	52	2041	100	3.76972	35.5	60
P3_86_NODE_2328_length_2041_cov_0.552247	1	2041	62	2041	100	4.27487	35.3	60
P3_86_NODE_2329_length_2040_cov_0.585991	1	2040	55	2040	100	3.93775	35.4	60
P3_86_NODE_2330_length_2039_cov_0.642259	1	2039	69	2039	100	4.69348	36.1	60
P3_86_NODE_2331_length_2033_cov_0.689927	1	2033	77	2033	100	5.33596	35.5	60
P3_86_NODE_2332_length_2030_cov_1.045717	1	2030	114	2030	100	7.49507	35.9	59.7
P3_86_NODE_2333_length_2030_cov_0.658960	1	2030	79	2023	99.6552	4.9266	36.2	56.1
P3_86_NODE_2334_length_2030_cov_0.538098	1	2030	60	2030	100	4.00493	35.8	60
P3_86_NODE_2335_length_2030_cov_0.521808	1	2030	53	2030	100	3.77094	36	60
P3_86_NODE_2336_length_2028_cov_0.511310	1	2028	60	2028	100	4.08728	36.3	60
P3_86_NODE_2337_length_2026_cov_0.777778	1	2026	83	2026	100	5.67177	35.9	60
P3_86_NODE_2338_length_2025_cov_0.901475	1	2025	100	2025	100	6.97284	36	60
P3_86_NODE_2339_length_2024_cov_14.888245	1	2024	1746	2024	100	120.878	35.8	59.2
P3_86_NODE_2340_length_2023_cov_0.775844	1	2023	71	2013	99.5057	5.09985	35.7	59.4
P3_86_NODE_2341_length_2023_cov_0.501582	1	2023	65	2023	100	4.40583	35.5	59.1
P3_86_NODE_2342_length_2022_cov_0.723483	1	2022	75	2022	100	5.20227	35.7	59.5
P3_86_NODE_2343_length_2020_cov_0.559958	1	2020	55	2020	100	3.80149	36.1	59.3
P3_86_NODE_2344_length_2019_cov_0.811311	1	2019	104	1970	97.5731	6.96731	35.9	54.2
P3_86_NODE_2345_length_2018_cov_0.922263	1	2018	85	2018	100	6.04658	35.9	59.2
P3_86_NODE_2346_length_2017_cov_6.398413	1	2017	778	2017	100	51.9415	35.6	54.6
P3_86_NODE_2347_length_2017_cov_0.502116	1	2017	48	2017	100	3.33813	36.2	60
P3_86_NODE_2348_length_2011_cov_1.411890	1	2011	145	2008	99.8508	10.1457	36.1	59.6
P3_86_NODE_2349_length_2010_cov_1.184811	1	2010	101	2000	99.5025	7.43184	35.7	60
P3_86_NODE_2350_length_2010_cov_0.742432	1	2010	83	2010	100	5.44726	35.6	57.1
P3_86_NODE_2351_length_2008_cov_0.835726	1	2008	83	2008	100	5.9009	35.7	60
P3_86_NODE_2352_length_2007_cov_0.779255	1	2007	97	1959	97.6084	6.35675	35.4	58.2
P3_86_NODE_2353_length_2006_cov_1.662586	1	2006	195	2006	100	12.9143	36	60
P3_86_NODE_2354_length_2006_cov_0.944119	1	2006	101	2006	100	7.05932	35.8	60
P3_86_NODE_2355_length_2005_cov_0.847710	1	2005	100	2005	100	6.73815	36	57.1
P3_86_NODE_2356_length_2004_cov_0.795418	1	2004	83	2004	100	5.83932	35.8	60
P3_86_NODE_2357_length_2003_cov_0.828358	1	2003	90	2003	100	6.22067	35.7	60
P3_86_NODE_2358_length_2002_cov_0.845333	1	2002	83	1993	99.5504	5.84665	35.6	60
P3_86_NODE_2359_length_2001_cov_11.656350	1	2001	1252	2001	100	87.7426	35.8	59.5
P3_86_NODE_2360_length_2001_cov_1.031483	1	2001	111	2001	100	7.54423	36.1	60
P3_86_NODE_2361_length_2001_cov_0.927962	1	2001	102	2001	100	6.77811	36.1	55.5
P3_86_NODE_2362_length_2001_cov_0.659018	1	2001	66	2001	100	4.75862	35.6	60
P3_86_NODE_2363_length_1999_cov_1.016026	1	1999	102	1999	100	7.12606	36	60
P3_86_NODE_2364_length_1998_cov_2.416889	1	1998	328	1998	100	21.4655	35.2	53.7
P3_86_NODE_2365_length_1996_cov_1.700375	1	1996	278	1994	99.8998	18.8783	35.5	39.3
P3_86_NODE_2366_length_1996_cov_0.675762	1	1996	71	1996	100	4.9514	35.6	60
P3_86_NODE_2367_length_1995_cov_0.726445	1	1995	63	1995	100	4.65414	35.7	60
P3_86_NODE_2368_length_1994_cov_1.053026	1	1994	133	1994	100	8.38415	35.6	51.7
P3_86_NODE_2369_length_1993_cov_3.321543	1	1993	447	1993	100	30.2584	35.9	52.3
P3_86_NODE_2370_length_1993_cov_0.937835	1	1993	93	1993	100	6.49925	35.7	60
P3_86_NODE_2371_length_1992_cov_0.832708	1	1992	86	1992	100	6.15612	36	60
P3_86_NODE_2372_length_1991_cov_2.285944	1	1991	242	1991	100	16.5239	35.8	55.1
P3_86_NODE_2373_length_1989_cov_1.734694	1	1989	182	1989	100	12.6003	35.7	59.3
P3_86_NODE_2374_length_1989_cov_0.801826	1	1989	98	1989	100	6.82001	35.9	60
P3_86_NODE_2375_length_1988_cov_1.119291	1	1988	119	1988	100	8.17505	35.8	59.7
P3_86_NODE_2376_length_1987_cov_4.298925	1	1987	489	1944	97.8359	33.2386	35.6	55
P3_86_NODE_2377_length_1987_cov_2.388172	1	1987	2048	1943	97.7856	141.218	36.1	26.3
P3_86_NODE_2378_length_1987_cov_0.570968	1	1987	61	1987	100	4.19225	36	59.8
P3_86_NODE_2379_length_1986_cov_0.886498	1	1986	92	1986	100	6.3993	35.8	60
P3_86_NODE_2380_length_1985_cov_0.874596	1	1985	94	1985	100	6.47657	36	56.3
P3_86_NODE_2381_length_1985_cov_0.841765	1	1985	106	1977	99.597	7.26851	36	58.9
P3_86_NODE_2382_length_1984_cov_15.234960	1	1984	1656	1984	100	113.649	35.8	59.3
P3_86_NODE_2383_length_1983_cov_1.410022	1	1983	184	1983	100	11.9052	35.7	57.8
P3_86_NODE_2384_length_1982_cov_12.346631	1	1982	1505	1982	100	105.536	35.8	59.4
P3_86_NODE_2385_length_1982_cov_1.003235	1	1982	109	1982	100	7.72856	35.2	58.2
P3_86_NODE_2386_length_1982_cov_0.618329	1	1982	58	1982	100	4.14279	35.8	60
P3_86_NODE_2387_length_1981_cov_0.663970	1	1981	71	1981	100	5.01666	35.4	60
P3_86_NODE_2388_length_1981_cov_0.653182	1	1981	57	1961	98.9904	4.20242	35.8	60
P3_86_NODE_2389_length_1979_cov_1.083153	1	1979	115	1979	100	8.09752	36	59
P3_86_NODE_2390_length_1979_cov_0.672786	1	1979	71	1979	100	4.71703	36.1	57
P3_86_NODE_2391_length_1978_cov_0.877364	1	1978	60	1847	93.3771	4.02224	35.3	0
P3_86_NODE_2392_length_1978_cov_0.512696	1	1978	77	1978	100	4.4727	36.2	56.2
P3_86_NODE_2393_length_1977_cov_0.942703	1	1977	98	1977	100	6.63126	35.3	54.5
P3_86_NODE_2394_length_1976_cov_2.113172	1	1976	361	1976	100	21.6761	35.2	44.2
P3_86_NODE_2395_length_1975_cov_0.981602	1	1975	139	1971	99.7975	8.52253	35.6	50.4
P3_86_NODE_2396_length_1974_cov_0.757986	1	1974	81	1974	100	5.58004	35.2	60
P3_86_NODE_2397_length_1973_cov_0.642470	1	1973	75	1973	100	5.25748	35.6	57.5
P3_86_NODE_2398_length_1966_cov_0.797716	1	1966	78	1966	100	5.63428	35.3	59.9
P3_86_NODE_2399_length_1966_cov_0.639478	1	1966	60	1956	99.4914	4.29196	35.9	58
P3_86_NODE_2400_length_1960_cov_0.651391	1	1960	99	1960	100	6.10612	35.3	47.7
P3_86_NODE_2401_length_1960_cov_0.554828	1	1960	57	1960	100	4.10306	36.2	60
P3_86_NODE_2402_length_1958_cov_0.713818	1	1958	63	1958	100	4.69918	34.9	60
P3_86_NODE_2403_length_1957_cov_17.539344	1	1957	1846	1957	100	126.752	35.6	54.3
P3_86_NODE_2404_length_1957_cov_0.643716	1	1957	73	1957	100	4.9954	35.6	54.3
P3_86_NODE_2405_length_1954_cov_0.846196	1	1954	79	1944	99.4882	5.81372	36.1	60
P3_86_NODE_2406_length_1953_cov_0.658269	1	1953	64	1953	100	4.67332	34.9	60
P3_86_NODE_2407_length_1952_cov_0.900274	1	1952	108	1942	99.4877	7.44262	35.9	59.2
P3_86_NODE_2408_length_1951_cov_1.271930	1	1951	131	1951	100	9.34751	35.9	59.1
P3_86_NODE_2409_length_1951_cov_0.894189	1	1951	103	1951	100	7.17734	35.7	58.1
P3_86_NODE_2410_length_1950_cov_0.750411	1	1950	65	1950	100	4.93538	35.6	60
P3_86_NODE_2411_length_1948_cov_0.751785	1	1948	81	1948	100	5.59651	36.1	58.7
P3_86_NODE_2412_length_1947_cov_1.101099	1	1947	121	1947	100	8.51515	35.3	59.3
P3_86_NODE_2413_length_1945_cov_0.975798	1	1945	90	1945	100	6.57995	36	59.6
P3_86_NODE_2414_length_1945_cov_0.833883	1	1945	106	1945	100	6.91671	35.9	50.1
P3_86_NODE_2415_length_1945_cov_0.631463	1	1945	67	1945	100	4.80668	35.6	60
P3_86_NODE_2416_length_1944_cov_83.451293	1	1944	22445	1944	100	1608.37	36.2	38.7
P3_86_NODE_2417_length_1943_cov_2.143172	1	1943	198	1943	100	14.5106	35.8	58.6
P3_86_NODE_2418_length_1943_cov_0.650330	1	1943	70	1943	100	4.76531	35.7	58.2
P3_86_NODE_2419_length_1942_cov_1.139945	1	1942	143	1942	100	9.15294	35.4	45.3
P3_86_NODE_2420_length_1939_cov_0.959713	1	1939	175	1939	100	11.951	35.5	54.7
P3_86_NODE_2421_length_1938_cov_0.429597	1	1938	56	1928	99.484	3.77245	35.1	58.6
P3_86_NODE_2422_length_1937_cov_0.688950	1	1937	116	1937	100	7.50903	35.3	41.4
P3_86_NODE_2423_length_1935_cov_1.006084	1	1935	125	1935	100	7.93385	35.6	47.8
P3_86_NODE_2424_length_1935_cov_0.920907	1	1935	73	1935	100	5.66098	35.7	60
P3_86_NODE_2425_length_1934_cov_0.880465	1	1934	84	1934	100	6.11065	35.6	60
P3_86_NODE_2426_length_1934_cov_0.535695	1	1934	64	1934	100	4.39866	35.3	59.6
P3_86_NODE_2427_length_1933_cov_0.974529	1	1933	161	1933	100	10.5608	36.1	59.8
P3_86_NODE_2428_length_1933_cov_0.407530	1	1933	44	1933	100	3.27108	34.6	60
P3_86_NODE_2429_length_1932_cov_0.866482	1	1932	106	1932	100	7.58178	35.3	59.4
P3_86_NODE_2430_length_1932_cov_0.784488	1	1932	74	1932	100	5.40735	35.6	60
P3_86_NODE_2431_length_1931_cov_0.703991	1	1931	59	1931	100	4.48576	35.5	59.6
P3_86_NODE_2432_length_1930_cov_0.445369	1	1930	59	1930	100	4.05544	35.4	60
P3_86_NODE_2433_length_1928_cov_0.699056	1	1928	83	1928	100	5.34803	36.4	53.9
P3_86_NODE_2434_length_1928_cov_0.513604	1	1928	55	1928	100	3.86878	34.8	57.8
P3_86_NODE_2435_length_1927_cov_11.338333	1	1927	1442	1927	100	101.793	35.4	55.9
P3_86_NODE_2436_length_1927_cov_0.856667	1	1927	85	1927	100	6.24546	35.8	60
P3_86_NODE_2437_length_1927_cov_0.747222	1	1927	65	1927	100	4.99741	35.6	60
P3_86_NODE_2438_length_1925_cov_0.746385	1	1925	1446	1915	99.4805	35.6234	32.6	39.7
P3_86_NODE_2439_length_1924_cov_0.759043	1	1924	64	1915	99.5322	4.94802	35.7	60
P3_86_NODE_2440_length_1923_cov_0.721604	1	1923	69	1923	100	5.21529	35.4	60
P3_86_NODE_2441_length_1920_cov_0.994423	1	1920	93	1920	100	6.70469	36.1	60
P3_86_NODE_2442_length_1920_cov_0.730061	1	1920	113	1920	100	7.23021	35.7	48.2
P3_86_NODE_2443_length_1919_cov_1.177419	1	1919	129	1919	100	8.65399	36.2	59.1
P3_86_NODE_2444_length_1919_cov_1.017857	1	1919	100	1919	100	7.21053	36.3	59.2
P3_86_NODE_2445_length_1919_cov_0.792411	1	1919	77	1919	100	5.57165	36	60
P3_86_NODE_2446_length_1919_cov_0.627790	1	1919	64	1919	100	4.68421	36	60
P3_86_NODE_2447_length_1917_cov_0.848603	1	1917	76	1917	100	5.79238	35.8	60
P3_86_NODE_2448_length_1915_cov_1.204139	1	1915	126	1915	100	8.77285	36	58.1
P3_86_NODE_2449_length_1915_cov_1.034116	1	1915	95	1915	100	7.12898	36.1	60
P3_86_NODE_2450_length_1911_cov_2.481502	1	1911	281	1905	99.686	19.6928	35.6	53.3
P3_86_NODE_2451_length_1910_cov_0.969714	1	1910	311	1903	99.6335	17.8157	35.4	57.8
P3_86_NODE_2452_length_1908_cov_0.471084	1	1908	52	1908	100	3.89413	34.1	60
P3_86_NODE_2453_length_1907_cov_45.832022	1	1907	9422	1907	100	647.128	35.2	44.3
P3_86_NODE_2454_length_1906_cov_3.207420	1	1906	606	1906	100	39.2933	35.8	45.5
P3_86_NODE_2455_length_1906_cov_1.028106	1	1906	110	1902	99.7901	7.70252	35.9	57.5
P3_86_NODE_2456_length_1906_cov_0.684654	1	1906	63	1896	99.4753	4.77387	35.3	60
P3_86_NODE_2457_length_1906_cov_0.596402	1	1906	94	1906	100	5.351	35.9	36.8
P3_86_NODE_2458_length_1905_cov_1.316648	1	1905	195	1905	100	12.5921	35.8	51.5
P3_86_NODE_2459_length_1905_cov_0.559618	1	1905	71	1905	100	4.71129	36.2	59.4
P3_86_NODE_2460_length_1904_cov_1.546989	1	1904	191	1904	100	13.2799	36.2	57
P3_86_NODE_2461_length_1901_cov_2.727170	1	1901	1571	1901	100	102.653	35.4	52.5
P3_86_NODE_2462_length_1901_cov_0.861330	1	1901	89	1901	100	6.18148	35.5	56
P3_86_NODE_2463_length_1900_cov_0.738861	1	1900	72	1900	100	5.38053	36.2	60
P3_86_NODE_2464_length_1900_cov_0.464749	1	1900	44	1900	100	3.34105	35.4	59.9
P3_86_NODE_2465_length_1898_cov_0.567476	1	1898	59	1898	100	4.30348	35.5	60
P3_86_NODE_2466_length_1897_cov_1.294350	1	1897	131	1897	100	9.39325	35.9	54.3
P3_86_NODE_2467_length_1897_cov_1.064407	1	1897	130	1897	100	8.77227	35.9	52
P3_86_NODE_2468_length_1897_cov_0.545198	1	1897	66	1897	100	4.30944	35.6	49.8
P3_86_NODE_2469_length_1896_cov_4.939514	1	1896	970	1896	100	59.0891	35.6	54.8
P3_86_NODE_2470_length_1896_cov_2.351046	1	1896	227	1896	100	16.7268	36.2	59.8
P3_86_NODE_2471_length_1896_cov_1.044093	1	1896	349	1895	99.9473	23.1967	35.6	38.7
P3_86_NODE_2472_length_1895_cov_0.863688	1	1895	75	1895	100	5.74354	34.8	60
P3_86_NODE_2473_length_1894_cov_0.977363	1	1894	117	1894	100	7.68743	35.7	49.7
P3_86_NODE_2474_length_1891_cov_1.299320	1	1891	170	1891	100	11.6335	35.7	54.7
P3_86_NODE_2475_length_1888_cov_1.255537	1	1888	202	1888	100	14.0058	35.6	58.4
P3_86_NODE_2476_length_1887_cov_0.543182	1	1887	56	1887	100	4.13037	36.1	60
P3_86_NODE_2477_length_1885_cov_1.209898	1	1885	149	1885	100	10.1448	35.6	54.6
P3_86_NODE_2478_length_1885_cov_0.525028	1	1885	109	1885	100	7.62918	36.2	58.1
P3_86_NODE_2479_length_1884_cov_0.508822	1	1884	80	1884	100	5.28609	35.5	55.2
P3_86_NODE_2480_length_1884_cov_0.495731	1	1884	56	1884	100	4.06157	35.6	59.2
P3_86_NODE_2481_length_1882_cov_15.286710	1	1882	1712	1882	100	120.525	36	60
P3_86_NODE_2482_length_1882_cov_1.272934	1	1882	111	1882	100	8.44049	36.1	59.6
P3_86_NODE_2483_length_1882_cov_0.849573	1	1882	79	1882	100	5.9474	35.7	59.6
P3_86_NODE_2484_length_1882_cov_0.830199	1	1882	79	1882	100	5.74017	35.9	60
P3_86_NODE_2485_length_1881_cov_0.814709	1	1881	66	1881	100	5.17172	35.6	60
P3_86_NODE_2486_length_1881_cov_0.666477	1	1881	62	1881	100	4.64753	36	60
P3_86_NODE_2487_length_1880_cov_0.798060	1	1880	70	1880	100	5.40213	35.1	59.5
P3_86_NODE_2488_length_1876_cov_1.853631	1	1876	190	1876	100	13.9414	36.1	53.5
P3_86_NODE_2489_length_1875_cov_0.553776	1	1875	63	1875	100	4.4912	36.1	60
P3_86_NODE_2490_length_1874_cov_0.555810	1	1874	53	1874	100	4.03842	35.7	60
P3_86_NODE_2491_length_1873_cov_0.938717	1	1873	86	1873	100	6.45061	35.7	59.1
P3_86_NODE_2492_length_1873_cov_0.579038	1	1873	53	1873	100	4.03043	35.8	57.7
P3_86_NODE_2493_length_1872_cov_40.177077	1	1872	3873	1872	100	289.699	35.9	59.8
P3_86_NODE_2494_length_1872_cov_11.749875	1	1872	1201	1872	100	87.6357	35.5	59.7
P3_86_NODE_2495_length_1872_cov_0.566189	1	1872	46	1872	100	3.59989	35.3	60
P3_86_NODE_2496_length_1871_cov_0.586583	1	1871	49	1871	100	3.94174	35.4	60
P3_86_NODE_2497_length_1870_cov_0.846242	1	1870	73	1870	100	5.71925	36	60
P3_86_NODE_2498_length_1870_cov_0.537005	1	1870	56	1870	100	3.95829	35.6	60
P3_86_NODE_2499_length_1870_cov_0.499713	1	1870	64	1870	100	4.29412	35.8	59.4
P3_86_NODE_2500_length_1869_cov_0.847302	1	1869	71	1869	100	5.52648	36	60
P3_86_NODE_2501_length_1868_cov_173.946008	1	1868	19567	1868	100	1432.17	35.8	54.5
P3_86_NODE_2502_length_1868_cov_1.106835	1	1868	140	1868	100	9.2318	35.7	45.9
P3_86_NODE_2503_length_1868_cov_0.753590	1	1868	73	1868	100	5.43469	35.9	59.5
P3_86_NODE_2504_length_1867_cov_1.368391	1	1867	144	1867	100	10.3192	36.1	60
P3_86_NODE_2505_length_1866_cov_0.791834	1	1866	69	1866	100	5.19025	35.3	56.1
P3_86_NODE_2506_length_1864_cov_0.947035	1	1864	88	1864	100	6.64217	36.1	59.8
P3_86_NODE_2507_length_1864_cov_0.689695	1	1864	66	1864	100	4.68938	36.6	57.7
P3_86_NODE_2508_length_1862_cov_1.044380	1	1862	113	1862	100	8.02739	35.7	59.8
P3_86_NODE_2509_length_1861_cov_0.806805	1	1861	77	1861	100	5.84686	35.9	60
P3_86_NODE_2510_length_1858_cov_2.942808	1	1858	394	1858	100	26.9494	35.7	44.9
P3_86_NODE_2511_length_1857_cov_1.003468	1	1857	101	1857	100	7.6322	36	60
P3_86_NODE_2512_length_1857_cov_0.493642	1	1857	49	1857	100	3.66559	35.5	60
P3_86_NODE_2513_length_1854_cov_0.899826	1	1854	81	1854	100	6.26915	35.5	60
P3_86_NODE_2514_length_1853_cov_0.899189	1	1853	78	1853	100	6.10901	35.5	60
P3_86_NODE_2515_length_1853_cov_0.702781	1	1853	73	1853	100	5.21263	35.9	58.6
P3_86_NODE_2516_length_1852_cov_0.821449	1	1852	74	1852	100	5.65011	34.8	59.7
P3_86_NODE_2517_length_1850_cov_0.656413	1	1850	71	1850	100	5.32595	36	59.4
P3_86_NODE_2518_length_1850_cov_0.610563	1	1850	57	1850	100	4.42973	35.9	60
P3_86_NODE_2519_length_1849_cov_1.100465	1	1849	126	1847	99.8918	8.86371	35.1	53.8
P3_86_NODE_2520_length_1849_cov_0.997096	1	1849	93	1849	100	6.99567	35.9	60
P3_86_NODE_2521_length_1848_cov_0.942475	1	1848	84	1848	100	6.45509	34.9	59.5
P3_86_NODE_2522_length_1848_cov_0.874492	1	1848	81	1848	100	6.24784	35.7	60
P3_86_NODE_2523_length_1847_cov_10.834302	1	1847	1555	1847	100	110.875	34.7	47.9
P3_86_NODE_2524_length_1844_cov_0.931275	1	1844	74	1844	100	5.91269	35.8	60
P3_86_NODE_2525_length_1843_cov_0.750583	1	1843	76	1843	100	5.65654	35.5	59.9
P3_86_NODE_2526_length_1843_cov_0.737179	1	1843	70	1843	100	5.31742	35.9	60
P3_86_NODE_2527_length_1841_cov_1.114936	1	1841	177	1841	100	13.0706	36.2	59.1
P3_86_NODE_2528_length_1840_cov_0.900759	1	1840	79	1840	100	6.18804	35.3	60
P3_86_NODE_2529_length_1839_cov_1.211449	1	1839	109	1839	100	8.41871	35.7	59.5
P3_86_NODE_2530_length_1838_cov_0.591467	1	1838	63	1838	100	4.31991	35.6	55.9
P3_86_NODE_2531_length_1835_cov_0.676230	1	1835	68	1835	100	5.21471	35.6	59.1
P3_86_NODE_2532_length_1834_cov_0.815466	1	1834	77	1834	100	5.71701	35.6	60
P3_86_NODE_2533_length_1834_cov_0.790861	1	1834	64	1834	100	4.97492	35.5	59.4
P3_86_NODE_2534_length_1833_cov_1.041032	1	1833	178	1833	100	8.28478	35.9	46.7
P3_86_NODE_2535_length_1832_cov_1.472141	1	1832	125	1832	100	10.0049	35.3	60
P3_86_NODE_2536_length_1830_cov_6.669407	1	1830	5004	1830	100	366.604	35.6	47.9
P3_86_NODE_2537_length_1830_cov_0.972989	1	1830	80	1830	100	6.33825	35.8	60
P3_86_NODE_2538_length_1830_cov_0.866706	1	1830	75	1830	100	5.98525	36.2	60
P3_86_NODE_2539_length_1829_cov_1.292597	1	1829	118	1819	99.4533	9.04319	35.8	59.2
P3_86_NODE_2540_length_1828_cov_269.734274	1	1828	26080	1828	100	2003.5	35.9	59.2
P3_86_NODE_2541_length_1827_cov_5.964118	1	1827	646	1827	100	48.5446	35.9	54.6
P3_86_NODE_2542_length_1827_cov_1.025294	1	1827	97	1827	100	7.17625	35.8	58.8
P3_86_NODE_2543_length_1827_cov_0.933529	1	1827	91	1827	100	6.68199	36	59.1
P3_86_NODE_2544_length_1827_cov_0.874118	1	1827	76	1817	99.4527	6.00164	35.6	59.8
P3_86_NODE_2545_length_1827_cov_0.599412	1	1827	65	1818	99.5074	4.75369	35.7	60
P3_86_NODE_2546_length_1826_cov_0.831666	1	1826	68	1826	100	5.44797	35.5	60
P3_86_NODE_2547_length_1826_cov_0.687463	1	1826	66	1826	100	4.9414	35.9	60
P3_86_NODE_2548_length_1825_cov_1.445230	1	1825	153	1825	100	11.3271	35.7	56.6
P3_86_NODE_2549_length_1824_cov_0.738362	1	1824	58	1824	100	4.65077	36.2	59.9
P3_86_NODE_2550_length_1824_cov_0.705952	1	1824	60	1824	100	4.84978	36	60
P3_86_NODE_2551_length_1820_cov_1.549321	1	1820	170	1820	100	12.1648	35.9	57.8
P3_86_NODE_2552_length_1819_cov_0.632979	1	1819	57	1819	100	4.51072	36.1	60
P3_86_NODE_2553_length_1818_cov_0.451804	1	1818	57	1818	100	3.59956	36	54.3
P3_86_NODE_2554_length_1817_cov_2.439053	1	1817	249	1817	100	18.6087	35.9	57.6
P3_86_NODE_2555_length_1817_cov_1.300000	1	1817	119	1810	99.6147	9.14034	36	59.3
P3_86_NODE_2556_length_1816_cov_1.133215	1	1816	97	1816	100	7.75165	35.7	60
P3_86_NODE_2557_length_1816_cov_0.791001	1	1816	64	1816	100	5.13326	35.8	60
P3_86_NODE_2558_length_1813_cov_1.492883	1	1813	185	1813	100	13.1456	35.8	54.8
P3_86_NODE_2559_length_1812_cov_1.343620	1	1812	109	1812	100	8.68985	35.6	60
P3_86_NODE_2560_length_1812_cov_0.764985	1	1812	67	1812	100	5.19647	35.5	60
P3_86_NODE_2561_length_1810_cov_36.669043	1	1810	5812	1810	100	433.789	35.7	48
P3_86_NODE_2562_length_1808_cov_0.490184	1	1808	43	1808	100	3.46073	35.3	59.1
P3_86_NODE_2563_length_1807_cov_1.484524	1	1807	204	1807	100	12.2191	35.2	57.1
P3_86_NODE_2564_length_1806_cov_1.060750	1	1806	109	1806	100	7.88649	35.3	58.2
P3_86_NODE_2565_length_1806_cov_0.651578	1	1806	79	1740	96.3455	5.8959	36.3	59.1
P3_86_NODE_2566_length_1805_cov_0.863528	1	1805	85	1805	100	6.53795	35.9	58.4
P3_86_NODE_2567_length_1805_cov_0.801549	1	1805	67	1805	100	5.24432	35.9	58.8
P3_86_NODE_2568_length_1804_cov_0.899225	1	1804	70	1804	100	5.77882	35.6	60
P3_86_NODE_2569_length_1803_cov_56.264320	1	1803	7263	1803	100	520.38	35.8	51.7
P3_86_NODE_2570_length_1803_cov_0.803699	1	1803	79	1803	100	5.93677	35.9	60
P3_86_NODE_2571_length_1803_cov_0.686754	1	1803	65	1803	100	5.12646	35.8	60
P3_86_NODE_2572_length_1803_cov_0.443914	1	1803	37	1787	99.1126	3.04215	35.2	60
P3_86_NODE_2573_length_1802_cov_1.067463	1	1802	95	1802	100	7.53496	35.7	60
P3_86_NODE_2574_length_1799_cov_0.789474	1	1799	83	1799	100	6.24514	35.2	58
P3_86_NODE_2575_length_1799_cov_0.690191	1	1799	54	1799	100	4.42246	36	60
P3_86_NODE_2576_length_1798_cov_0.852184	1	1798	84	1798	100	6.41602	35.8	58.8
P3_86_NODE_2577_length_1795_cov_0.538369	1	1795	65	1785	99.4429	4.61671	35.4	59.8
P3_86_NODE_2578_length_1791_cov_0.924880	1	1791	85	1791	100	6.56561	35.9	60
P3_86_NODE_2579_length_1791_cov_0.735577	1	1791	75	1791	100	5.55835	35.9	59.5
P3_86_NODE_2580_length_1790_cov_0.664462	1	1790	53	1790	100	4.31006	35.7	60
P3_86_NODE_2581_length_1790_cov_0.518340	1	1790	48	1790	100	3.72458	35.7	60
P3_86_NODE_2582_length_1788_cov_0.732089	1	1788	69	1788	100	5.11577	36.1	59.2
P3_86_NODE_2583_length_1788_cov_0.468995	1	1788	53	1788	100	3.97875	35.6	57.7
P3_86_NODE_2584_length_1787_cov_0.839759	1	1787	73	1787	100	5.94684	36	60
P3_86_NODE_2585_length_1786_cov_1.114527	1	1786	113	1786	100	8.85722	35.7	60
P3_86_NODE_2586_length_1786_cov_0.949970	1	1786	247	1786	100	14.2671	36.2	20.5
P3_86_NODE_2587_length_1782_cov_6.880967	1	1782	4830	1778	99.7755	359.998	35.9	43.9
P3_86_NODE_2588_length_1782_cov_0.723263	1	1782	56	1782	100	4.63636	35.7	60
P3_86_NODE_2589_length_1778_cov_0.927922	1	1778	76	1778	100	6.1378	35.8	59.5
P3_86_NODE_2590_length_1778_cov_0.846154	1	1778	82	1778	100	6.25253	36.3	60
P3_86_NODE_2591_length_1778_cov_0.573592	1	1778	61	1778	100	4.52081	36.1	57.1
P3_86_NODE_2592_length_1777_cov_0.969697	1	1777	73	1777	100	6.14237	36.3	60
P3_86_NODE_2593_length_1774_cov_0.881603	1	1774	105	1764	99.4363	7.36133	35.3	59.8
P3_86_NODE_2594_length_1773_cov_1.904617	1	1773	177	1773	100	14.0051	36.3	59.7
P3_86_NODE_2595_length_1772_cov_0.768389	1	1772	62	1772	100	5.0965	36	58.1
P3_86_NODE_2596_length_1772_cov_0.499696	1	1772	43	1772	100	3.51693	34.9	60
P3_86_NODE_2597_length_1771_cov_0.907543	1	1771	77	1771	100	6.12987	35.7	60
P3_86_NODE_2598_length_1771_cov_0.723236	1	1771	55	1771	100	4.63072	35.8	60
P3_86_NODE_2599_length_1770_cov_0.439440	1	1770	40	1770	100	3.26102	34.9	60
P3_86_NODE_2600_length_1769_cov_0.843484	1	1769	69	1769	100	5.66196	35.9	60
P3_86_NODE_2601_length_1768_cov_0.629494	1	1768	55	1768	100	4.39197	35.6	59.3
P3_86_NODE_2602_length_1767_cov_0.566463	1	1767	46	1767	100	3.68761	36	59.1
P3_86_NODE_2603_length_1767_cov_0.478049	1	1767	51	1767	100	3.86587	35.5	58.8
P3_86_NODE_2604_length_1766_cov_0.635754	1	1766	62	1766	100	4.75821	35.6	59
P3_86_NODE_2605_length_1765_cov_0.517705	1	1765	66	1765	100	4.43059	35.1	47.7
P3_86_NODE_2606_length_1764_cov_0.837508	1	1764	79	1764	100	6.30102	35.4	60
P3_86_NODE_2607_length_1762_cov_2.084404	1	1762	408	1762	100	25.9637	35.7	37.7
P3_86_NODE_2608_length_1762_cov_0.858104	1	1762	73	1762	100	6.01873	35.5	60
P3_86_NODE_2609_length_1762_cov_0.809174	1	1762	67	1762	100	5.43303	36	60
P3_86_NODE_2610_length_1757_cov_9.858282	1	1757	3119	1757	100	218.053	35.7	37.7
P3_86_NODE_2611_length_1757_cov_3.341104	1	1757	337	1757	100	25.391	36.1	53.3
P3_86_NODE_2612_length_1755_cov_1.265971	1	1755	102	1755	100	8.37607	35.7	60
P3_86_NODE_2613_length_1755_cov_1.073096	1	1755	92	1755	100	7.46382	36.2	60
P3_86_NODE_2614_length_1755_cov_0.602580	1	1755	57	1755	100	4.5037	35.8	59.9
P3_86_NODE_2615_length_1755_cov_0.438575	1	1755	471	1755	100	25.3339	35.2	19.8
P3_86_NODE_2616_length_1754_cov_0.880148	1	1754	84	1754	100	6.49316	36.1	60
P3_86_NODE_2617_length_1754_cov_0.535956	1	1754	52	1754	100	4.01881	35.4	60
P3_86_NODE_2618_length_1753_cov_0.690037	1	1753	70	1753	100	5.58699	35.9	60
P3_86_NODE_2619_length_1752_cov_1.152000	1	1752	111	1752	100	8.58676	35.7	60
P3_86_NODE_2620_length_1751_cov_3.312808	1	1751	368	1743	99.5431	29.1234	36	52.4
P3_86_NODE_2621_length_1751_cov_0.786946	1	1751	74	1751	100	5.93147	36.1	60
P3_86_NODE_2622_length_1750_cov_2.555145	1	1750	213	1750	100	17.3594	35.5	58.2
P3_86_NODE_2623_length_1750_cov_0.852126	1	1750	85	1740	99.4286	6.604	36.4	58.7
P3_86_NODE_2624_length_1749_cov_35.985203	1	1749	3163	1749	100	253.761	36	59.3
P3_86_NODE_2625_length_1747_cov_1.486420	1	1747	166	1747	100	12.8815	35.7	52.7
P3_86_NODE_2626_length_1746_cov_0.840025	1	1746	74	1746	100	6.07331	35.3	60
P3_86_NODE_2627_length_1746_cov_0.609018	1	1746	56	1746	100	4.60195	35.3	60
P3_86_NODE_2628_length_1745_cov_0.784920	1	1745	108	1745	100	7.55301	35.2	54.6
P3_86_NODE_2629_length_1744_cov_0.774273	1	1744	75	1744	100	6.01892	36.1	57.7
P3_86_NODE_2630_length_1742_cov_3.002477	1	1742	287	1742	100	22.5901	35.6	57.6
P3_86_NODE_2631_length_1742_cov_0.915170	1	1742	95	1742	100	7.407	35.5	60
P3_86_NODE_2632_length_1741_cov_0.662330	1	1741	61	1741	100	4.82424	35.6	59
P3_86_NODE_2633_length_1739_cov_248.401365	1	1739	22330	1739	100	1782.2	35.8	59.8
P3_86_NODE_2634_length_1739_cov_0.694789	1	1739	68	1739	100	5.24209	35.9	58.2
P3_86_NODE_2635_length_1738_cov_0.617008	1	1738	55	1728	99.4246	4.38147	35.9	58.7
P3_86_NODE_2636_length_1737_cov_0.537267	1	1737	51	1737	100	3.94531	36.2	55
P3_86_NODE_2637_length_1736_cov_0.810441	1	1736	66	1736	100	5.38364	36	60
P3_86_NODE_2638_length_1735_cov_3.594527	1	1735	373	1735	100	28.8801	35.5	56.9
P3_86_NODE_2639_length_1731_cov_0.733167	1	1731	58	1731	100	4.89428	35.9	60
P3_86_NODE_2640_length_1728_cov_0.783885	1	1728	78	1728	100	6.0816	36.2	57.7
P3_86_NODE_2641_length_1727_cov_2.814455	1	1727	287	1727	100	21.9786	35.9	59
P3_86_NODE_2642_length_1726_cov_0.870544	1	1726	65	1716	99.4206	5.55041	35.8	60
P3_86_NODE_2643_length_1725_cov_25.801627	1	1725	2161	1725	100	177.855	35.9	59.5
P3_86_NODE_2644_length_1725_cov_0.528786	1	1725	40	1725	100	3.39014	35.1	60
P3_86_NODE_2645_length_1724_cov_1.013776	1	1724	100	1724	100	7.97158	35.5	59.2
P3_86_NODE_2646_length_1724_cov_0.639324	1	1724	59	1715	99.478	4.74942	35.1	59.3
P3_86_NODE_2647_length_1724_cov_0.390106	1	1724	35	1724	100	2.91299	35.9	58.5
P3_86_NODE_2648_length_1721_cov_0.895232	1	1721	71	1721	100	6.01627	35.8	59.5
P3_86_NODE_2649_length_1721_cov_0.611669	1	1721	60	1721	100	4.84602	36	59.3
P3_86_NODE_2650_length_1720_cov_0.895794	1	1720	83	1720	100	6.66337	35.8	59.3
P3_86_NODE_2651_length_1719_cov_0.651382	1	1719	49	1719	100	4.21059	35.5	60
P3_86_NODE_2652_length_1716_cov_0.898049	1	1716	76	1716	100	6.34674	35	59.7
P3_86_NODE_2653_length_1716_cov_0.626180	1	1716	61	1707	99.4755	4.43473	35.8	51.4
P3_86_NODE_2654_length_1713_cov_0.574401	1	1713	52	1713	100	4.18506	35.6	60
P3_86_NODE_2655_length_1712_cov_0.646688	1	1712	47	1712	100	3.98949	35.3	59.1
P3_86_NODE_2656_length_1712_cov_0.603785	1	1712	57	1712	100	4.5736	34.9	60
P3_86_NODE_2657_length_1711_cov_1.148359	1	1711	133	1711	100	9.26067	35.2	46.8
P3_86_NODE_2658_length_1710_cov_0.806064	1	1710	90	1710	100	6.95731	35.7	59.9
P3_86_NODE_2659_length_1709_cov_0.987990	1	1709	88	1709	100	7.12815	35.6	58.7
P3_86_NODE_2660_length_1709_cov_0.604298	1	1709	59	1699	99.4149	4.5038	35.7	60
P3_86_NODE_2661_length_1709_cov_0.565740	1	1709	58	1709	100	4.45407	35.7	54.7
P3_86_NODE_2662_length_1708_cov_2.056926	1	1708	224	1708	100	16.3899	35.6	54.4
P3_86_NODE_2663_length_1708_cov_0.662872	1	1708	54	1708	100	4.61007	35	60
P3_86_NODE_2664_length_1707_cov_4.306962	1	1707	813	1707	100	63.7393	35.9	35
P3_86_NODE_2665_length_1706_cov_0.934769	1	1706	101	1706	100	7.03927	35.7	55.3
P3_86_NODE_2666_length_1706_cov_0.797340	1	1706	62	1706	100	5.16706	36.2	59.1
P3_86_NODE_2667_length_1706_cov_0.582014	1	1706	62	1706	100	4.73798	35.9	58.1
P3_86_NODE_2668_length_1705_cov_3.309252	1	1705	463	1705	100	36.2733	35	42.5
P3_86_NODE_2669_length_1705_cov_0.751584	1	1705	61	1705	100	5.11613	35.9	60
P3_86_NODE_2670_length_1705_cov_0.690114	1	1705	59	1705	100	4.81877	35.7	59.5
P3_86_NODE_2671_length_1704_cov_1.008878	1	1704	95	1694	99.4131	7.41901	35.8	54.5
P3_86_NODE_2672_length_1704_cov_0.709575	1	1704	60	1704	100	4.9196	35.8	57.6
P3_86_NODE_2673_length_1702_cov_1.130794	1	1702	129	1702	100	9.78907	35.6	55.9
P3_86_NODE_2674_length_1702_cov_0.707302	1	1702	69	1702	100	5.58872	36.1	60
P3_86_NODE_2675_length_1701_cov_0.728717	1	1701	69	1676	98.5303	5.52028	34.9	54.9
P3_86_NODE_2676_length_1701_cov_0.614358	1	1701	50	1691	99.4121	4.21576	35.3	60
P3_86_NODE_2677_length_1700_cov_1.956771	1	1700	634	1700	100	45.5412	35.9	46.8
P3_86_NODE_2678_length_1699_cov_0.777990	1	1699	64	1699	100	5.35962	35.9	60
P3_86_NODE_2679_length_1698_cov_2.157225	1	1698	574	1698	100	41.5565	35.7	38
P3_86_NODE_2680_length_1698_cov_1.677276	1	1698	162	1698	100	13.3274	35.2	53.6
P3_86_NODE_2681_length_1698_cov_0.700191	1	1698	58	1698	100	4.59187	36.1	54.8
P3_86_NODE_2682_length_1697_cov_0.650318	1	1697	91	1697	100	6.38774	35.7	45.9
P3_86_NODE_2683_length_1696_cov_0.936902	1	1696	100	1696	100	7.88384	35.9	60
P3_86_NODE_2684_length_1696_cov_0.870618	1	1696	64	1696	100	5.48821	35.6	59.4
P3_86_NODE_2685_length_1694_cov_0.893427	1	1694	118	1694	100	8.77332	35	50.7
P3_86_NODE_2686_length_1694_cov_0.627313	1	1694	59	1689	99.7048	4.79693	36.3	60
P3_86_NODE_2687_length_1691_cov_0.907928	1	1691	86	1691	100	6.79243	36	54.4
P3_86_NODE_2688_length_1688_cov_0.878924	1	1688	76	1688	100	6.25237	35.7	60
P3_86_NODE_2689_length_1686_cov_4.965362	1	1686	648	1686	100	53.4994	36.1	49.9
P3_86_NODE_2690_length_1686_cov_1.057088	1	1686	77	1686	100	6.7669	35.1	60
P3_86_NODE_2691_length_1684_cov_0.497752	1	1684	46	1684	100	3.74644	36.2	60
P3_86_NODE_2692_length_1683_cov_0.884319	1	1683	78	1683	100	6.45157	35.8	60
P3_86_NODE_2693_length_1682_cov_1.025080	1	1682	82	1682	100	6.86564	36.2	60
P3_86_NODE_2694_length_1681_cov_1.356499	1	1681	116	1681	100	9.69185	35.4	60
P3_86_NODE_2695_length_1681_cov_0.452381	1	1681	44	1681	100	3.59429	35.9	60
P3_86_NODE_2696_length_1680_cov_0.865422	1	1680	72	1680	100	6.15357	35.4	60
P3_86_NODE_2697_length_1679_cov_0.975515	1	1679	79	1679	100	6.80762	35.9	60
P3_86_NODE_2698_length_1677_cov_1.021290	1	1677	115	1677	100	9.41264	35.9	59.5
P3_86_NODE_2699_length_1675_cov_0.745478	1	1675	70	1675	100	5.55045	36.2	56.6
P3_86_NODE_2700_length_1673_cov_0.875809	1	1673	85	1673	100	6.62702	35.5	53.2
P3_86_NODE_2701_length_1673_cov_0.602846	1	1673	53	1673	100	4.36163	35.8	60
P3_86_NODE_2702_length_1672_cov_22.898382	1	1672	2316	1672	100	187.79	35.6	58.3
P3_86_NODE_2703_length_1670_cov_0.793908	1	1670	65	1670	100	5.4521	36.2	59.7
P3_86_NODE_2704_length_1670_cov_0.653273	1	1670	45	1670	100	4.04311	35.3	60
P3_86_NODE_2705_length_1670_cov_0.571614	1	1670	42	1670	100	3.7024	36	60
P3_86_NODE_2706_length_1667_cov_1.044156	1	1667	81	1667	100	6.87043	35.8	58.7
P3_86_NODE_2707_length_1665_cov_0.743823	1	1665	58	1665	100	5	35.7	60
P3_86_NODE_2708_length_1665_cov_0.611183	1	1665	53	1665	100	4.48048	35.8	60
P3_86_NODE_2709_length_1662_cov_1.375896	1	1662	113	1637	98.4958	9.46691	36	58.9
P3_86_NODE_2710_length_1662_cov_0.977199	1	1662	74	1653	99.4585	6.53309	35.5	60
P3_86_NODE_2711_length_1662_cov_0.710098	1	1662	66	1662	100	5.26113	35.4	60
P3_86_NODE_2712_length_1660_cov_1.247228	1	1660	107	1660	100	8.85301	35.9	57.5
P3_86_NODE_2713_length_1660_cov_0.861709	1	1660	72	1658	99.8795	5.95241	36	58.1
P3_86_NODE_2714_length_1660_cov_0.683627	1	1660	53	1660	100	4.53012	35.9	60
P3_86_NODE_2715_length_1660_cov_0.654925	1	1660	52	1660	100	4.50361	35.7	60
P3_86_NODE_2716_length_1660_cov_0.651011	1	1660	49	1660	100	4.25843	35.5	60
P3_86_NODE_2717_length_1659_cov_0.628590	1	1659	58	1659	100	4.68113	35.3	59.7
P3_86_NODE_2718_length_1659_cov_0.590731	1	1659	51	1659	100	4.41109	35.9	60
P3_86_NODE_2719_length_1659_cov_0.538512	1	1659	116	1659	100	5.8035	36.2	30.6
P3_86_NODE_2720_length_1658_cov_14.875245	1	1658	1230	1658	100	104.775	36	58.5
P3_86_NODE_2721_length_1658_cov_0.898759	1	1658	68	1658	100	6.03197	35.9	60
P3_86_NODE_2722_length_1656_cov_1.041857	1	1656	90	1656	100	7.71377	35.8	60
P3_86_NODE_2723_length_1655_cov_0.558246	1	1655	58	1655	100	4.80302	35.7	59.2
P3_86_NODE_2724_length_1654_cov_1.121807	1	1654	106	1654	100	8.41052	36.2	60
P3_86_NODE_2725_length_1653_cov_0.562910	1	1653	48	1653	100	4.01694	36.4	58.8
P3_86_NODE_2726_length_1653_cov_0.444954	1	1653	32	1653	100	2.87175	35.8	60
P3_86_NODE_2727_length_1652_cov_6.954098	1	1652	8317	1652	100	692.723	36.1	25.9
P3_86_NODE_2728_length_1652_cov_0.687869	1	1652	54	1652	100	4.59201	36.3	60
P3_86_NODE_2729_length_1651_cov_0.992126	1	1651	78	1651	100	6.702	35.8	60
P3_86_NODE_2730_length_1650_cov_0.755745	1	1650	80	1650	100	5.96667	35.8	47.3
P3_86_NODE_2731_length_1650_cov_0.710440	1	1650	61	1650	100	5.19273	35.7	60
P3_86_NODE_2732_length_1650_cov_0.585686	1	1650	62	1650	100	4.57758	36.1	50.4
P3_86_NODE_2733_length_1649_cov_0.485545	1	1649	69	1649	100	5.06792	35.9	51.3
P3_86_NODE_2734_length_1648_cov_0.399737	1	1648	51	1648	100	3.87864	36.1	55.7
P3_86_NODE_2735_length_1647_cov_0.917105	1	1647	75	1647	100	6.20947	36.3	58.4
P3_86_NODE_2736_length_1647_cov_0.449342	1	1647	41	1647	100	3.47966	36.1	60
P3_86_NODE_2737_length_1646_cov_1.365372	1	1646	131	1646	100	10.6659	35.3	60
P3_86_NODE_2738_length_1645_cov_0.890646	1	1645	74	1641	99.7568	6.37872	35.9	57.5
P3_86_NODE_2739_length_1644_cov_0.943309	1	1644	94	1643	99.9392	7.56144	36.1	58.7
P3_86_NODE_2740_length_1644_cov_0.923533	1	1644	136	1644	100	10.1052	34.9	40.3
P3_86_NODE_2741_length_1644_cov_0.783125	1	1644	73	1644	100	5.71472	36	56.2
P3_86_NODE_2742_length_1643_cov_0.614116	1	1643	62	1643	100	4.90444	35.8	59.4
P3_86_NODE_2743_length_1642_cov_3.298350	1	1642	324	1642	100	26.9671	35.8	57.8
P3_86_NODE_2744_length_1642_cov_0.835644	1	1642	80	1642	100	6.6084	35.8	60
P3_86_NODE_2745_length_1641_cov_0.915456	1	1641	77	1641	100	6.51676	35.5	60
P3_86_NODE_2746_length_1640_cov_0.984798	1	1640	90	1640	100	7.46037	36.3	60
P3_86_NODE_2747_length_1639_cov_3.504630	1	1639	340	1639	100	27.1653	35.4	59.5
P3_86_NODE_2748_length_1639_cov_0.931878	1	1639	66	1639	100	5.87919	35.5	60
P3_86_NODE_2749_length_1639_cov_0.544312	1	1639	56	1639	100	4.19524	36.4	54.3
P3_86_NODE_2750_length_1638_cov_0.896095	1	1638	75	1638	100	6.45971	35.3	58.4
P3_86_NODE_2751_length_1637_cov_0.884106	1	1637	73	1637	100	6.01833	36.4	60
P3_86_NODE_2752_length_1635_cov_1.620027	1	1635	157	1635	100	12.8924	35.9	60
P3_86_NODE_2753_length_1634_cov_7.269409	1	1634	667	1634	100	57.2503	35.7	59.3
P3_86_NODE_2754_length_1633_cov_1.469456	1	1633	147	1633	100	12.1911	35.8	49.2
P3_86_NODE_2755_length_1632_cov_0.840532	1	1632	142	1632	100	10.3376	35.3	38.6
P3_86_NODE_2756_length_1632_cov_0.784053	1	1632	93	1632	100	7.31373	35.5	53.3
P3_86_NODE_2757_length_1632_cov_0.528904	1	1632	50	1632	100	4.19179	35.3	56.8
P3_86_NODE_2758_length_1631_cov_4.583112	1	1631	420	1631	100	34.9522	35.9	54.2
P3_86_NODE_2759_length_1631_cov_0.744016	1	1631	64	1631	100	5.55487	35.8	59.8
P3_86_NODE_2760_length_1631_cov_0.436835	1	1631	36	1631	100	3.00429	35.4	60
P3_86_NODE_2761_length_1630_cov_2.359135	1	1630	281	1630	100	21.5742	35.6	55.3
P3_86_NODE_2762_length_1630_cov_0.972721	1	1630	85	1630	100	6.95828	35.6	59.6
P3_86_NODE_2763_length_1630_cov_0.946773	1	1630	77	1630	100	6.77607	36	60
P3_86_NODE_2764_length_1630_cov_0.701264	1	1630	50	1630	100	4.48589	35.6	57.3
P3_86_NODE_2765_length_1629_cov_0.956724	1	1629	78	1629	100	6.83241	35.8	60
P3_86_NODE_2766_length_1627_cov_1.529333	1	1627	176	1627	100	14.8851	35.7	50.4
P3_86_NODE_2767_length_1626_cov_0.722482	1	1626	59	1626	100	5.07134	36.1	59.8
P3_86_NODE_2768_length_1623_cov_1.314171	1	1623	115	1623	100	9.60875	36.1	59.9
P3_86_NODE_2769_length_1623_cov_1.235294	1	1623	111	1618	99.6919	9.86445	36.1	59.5
P3_86_NODE_2770_length_1623_cov_0.590909	1	1623	47	1623	100	4.05237	36.2	60
P3_86_NODE_2771_length_1622_cov_0.977926	1	1622	80	1622	100	6.97411	35.9	59.7
P3_86_NODE_2772_length_1622_cov_0.614716	1	1622	67	1614	99.5068	5.5783	35.7	49.9
P3_86_NODE_2773_length_1620_cov_1.144005	1	1620	136	1620	100	10.5179	35.7	55.9
P3_86_NODE_2774_length_1620_cov_0.454119	1	1620	44	1620	100	3.4216	35.4	58.2
P3_86_NODE_2775_length_1619_cov_11.593834	1	1619	1406	1619	100	105.609	35.7	41.3
P3_86_NODE_2776_length_1618_cov_0.610999	1	1618	48	1618	100	4.2534	36.1	59
P3_86_NODE_2777_length_1616_cov_0.676293	1	1616	53	1616	100	4.81002	35.6	60
P3_86_NODE_2778_length_1615_cov_16.702285	1	1615	1667	1615	100	143.019	35.6	53.7
P3_86_NODE_2779_length_1614_cov_3.731675	1	1614	466	1614	100	37.9684	35.5	58.9
P3_86_NODE_2780_length_1613_cov_0.914536	1	1613	98	1612	99.938	7.30688	35.7	48.6
P3_86_NODE_2781_length_1612_cov_0.701010	1	1612	46	1612	100	4.22891	36.5	59.2
P3_86_NODE_2782_length_1612_cov_0.584512	1	1612	45	1612	100	4.01923	36.4	59.7
P3_86_NODE_2783_length_1610_cov_0.647336	1	1610	51	1610	100	4.33478	35.9	57.6
P3_86_NODE_2784_length_1609_cov_1.058704	1	1609	80	1609	100	7.22747	36.1	60
P3_86_NODE_2785_length_1608_cov_0.771101	1	1608	66	1598	99.3781	5.75373	36.2	60
P3_86_NODE_2786_length_1606_cov_26.776200	1	1606	3282	1606	100	274.644	35.5	46.2
P3_86_NODE_2787_length_1606_cov_1.204868	1	1606	102	1606	100	8.64695	35.9	59.5
P3_86_NODE_2788_length_1606_cov_0.772819	1	1606	66	1606	100	5.70735	35.7	60
P3_86_NODE_2789_length_1605_cov_0.487145	1	1605	39	1605	100	3.39875	35.8	59.5
P3_86_NODE_2790_length_1605_cov_0.445873	1	1605	29	1595	99.3769	2.70218	36	60
P3_86_NODE_2791_length_1604_cov_0.753555	1	1604	83	1604	100	6.80736	35.4	56.2
P3_86_NODE_2792_length_1603_cov_1.495935	1	1603	117	1603	100	10.1953	36.1	59.5
P3_86_NODE_2793_length_1603_cov_1.166667	1	1603	86	1593	99.3762	7.60449	35.7	60
P3_86_NODE_2794_length_1603_cov_0.642954	1	1603	49	1603	100	4.32502	35.1	60
P3_86_NODE_2795_length_1603_cov_0.558943	1	1603	39	1603	100	3.63568	35.7	60
P3_86_NODE_2796_length_1602_cov_0.814915	1	1602	64	1602	100	5.52809	35.5	58.8
P3_86_NODE_2797_length_1601_cov_1.052917	1	1601	98	1601	100	8.17801	35.6	56.8
P3_86_NODE_2798_length_1601_cov_0.684532	1	1601	57	1601	100	5.12117	35.6	60
P3_86_NODE_2799_length_1600_cov_2.287169	1	1600	223	1600	100	19.2	35.6	53.8
P3_86_NODE_2800_length_1600_cov_1.447386	1	1600	236	1600	100	19.8519	35.7	50.8
P3_86_NODE_2801_length_1599_cov_43.108016	1	1599	4044	1599	100	346.806	35.9	51.5
P3_86_NODE_2802_length_1599_cov_1.086277	1	1599	108	1599	100	8.87555	35.7	54
P3_86_NODE_2803_length_1599_cov_0.893342	1	1599	68	1599	100	6.11695	35.7	60
P3_86_NODE_2804_length_1599_cov_0.781929	1	1599	59	1594	99.6873	5.24765	35.7	60
P3_86_NODE_2805_length_1598_cov_0.651937	1	1598	53	1598	100	4.45056	36.1	60
P3_86_NODE_2806_length_1598_cov_0.501020	1	1598	54	1598	100	4.09387	36	57.7
P3_86_NODE_2807_length_1597_cov_0.857823	1	1597	66	1597	100	5.84095	35.5	59.4
P3_86_NODE_2808_length_1597_cov_0.535374	1	1597	42	1597	100	3.63369	35.2	59
P3_86_NODE_2809_length_1595_cov_0.597411	1	1595	50	1595	100	4.33229	35.7	60
P3_86_NODE_2810_length_1593_cov_1.073670	1	1593	89	1593	100	7.82423	36	60
P3_86_NODE_2811_length_1590_cov_1.276828	1	1590	92	1590	100	8.37673	36.3	60
P3_86_NODE_2812_length_1589_cov_0.863201	1	1589	67	1589	100	5.9056	35.7	60
P3_86_NODE_2813_length_1588_cov_1.275154	1	1588	93	1588	100	8.11083	35.8	59.1
P3_86_NODE_2814_length_1587_cov_1.062329	1	1587	80	1587	100	7.23629	36.1	59.8
P3_86_NODE_2815_length_1587_cov_0.717123	1	1587	62	1587	100	5.41084	36.2	60
P3_86_NODE_2816_length_1585_cov_25.856653	1	1585	3389	1585	100	295.076	35.3	45.1
P3_86_NODE_2817_length_1585_cov_5.786799	1	1585	551	1585	100	44.8044	35.7	60
P3_86_NODE_2818_length_1585_cov_0.922497	1	1585	76	1585	100	6.62965	35.5	60
P3_86_NODE_2819_length_1585_cov_0.669410	1	1585	46	1585	100	4.26435	35.4	60
P3_86_NODE_2820_length_1584_cov_0.749485	1	1584	60	1584	100	5.12753	36.3	57.4
P3_86_NODE_2821_length_1583_cov_0.905220	1	1583	64	1583	100	5.90903	35.3	60
P3_86_NODE_2822_length_1582_cov_5.098969	1	1582	420	1582	100	36.8186	35.7	60
P3_86_NODE_2823_length_1581_cov_0.488308	1	1581	31	1581	100	2.95952	35.9	60
P3_86_NODE_2824_length_1579_cov_1.260331	1	1579	132	1557	98.6067	10.6137	35.1	51.6
P3_86_NODE_2825_length_1579_cov_0.556474	1	1579	40	1575	99.7467	3.48195	36	58
P3_86_NODE_2826_length_1578_cov_1.833908	1	1578	124	1578	100	11.4708	36	60
P3_86_NODE_2827_length_1577_cov_0.653103	1	1577	52	1577	100	4.68802	35.6	59.7
P3_86_NODE_2828_length_1576_cov_1.089027	1	1576	76	1576	100	7.06789	36	60
P3_86_NODE_2829_length_1576_cov_0.998620	1	1576	87	1576	100	7.61231	35.9	59.9
P3_86_NODE_2830_length_1576_cov_0.463768	1	1576	37	1576	100	3.19797	36.6	60
P3_86_NODE_2831_length_1575_cov_0.694061	1	1575	112	1566	99.4286	6.51175	35.6	32.4
P3_86_NODE_2832_length_1575_cov_0.625691	1	1575	52	1575	100	4.59619	35.6	60
P3_86_NODE_2833_length_1574_cov_0.926745	1	1574	77	1574	100	6.83482	35.4	60
P3_86_NODE_2834_length_1574_cov_0.638563	1	1574	58	1574	100	4.79225	36.1	60
P3_86_NODE_2835_length_1573_cov_1.467497	1	1573	138	1573	100	11.6319	35.6	51.1
P3_86_NODE_2836_length_1573_cov_0.685339	1	1573	222	1573	100	13.4113	35.4	46.5
P3_86_NODE_2837_length_1573_cov_0.587137	1	1573	47	1573	100	4.12333	35.2	60
P3_86_NODE_2838_length_1572_cov_0.919031	1	1572	80	1572	100	6.8855	35.5	57.8
P3_86_NODE_2839_length_1572_cov_0.724567	1	1572	53	1572	100	4.76781	36.2	60
P3_86_NODE_2840_length_1572_cov_0.608304	1	1572	56	1572	100	4.79326	36	59.3
P3_86_NODE_2841_length_1572_cov_0.603460	1	1572	49	1572	100	4.43893	35.4	60
P3_86_NODE_2842_length_1571_cov_0.899584	1	1571	66	1571	100	5.97263	35.1	60
P3_86_NODE_2843_length_1570_cov_0.662509	1	1570	66	1570	100	5.58726	36.3	60
P3_86_NODE_2844_length_1569_cov_1.079750	1	1569	172	1569	100	13.153	35.5	42.3
P3_86_NODE_2845_length_1569_cov_0.716366	1	1569	60	1569	100	5.41491	35.5	60
P3_86_NODE_2846_length_1566_cov_0.676859	1	1566	52	1566	100	4.82503	36.3	59
P3_86_NODE_2847_length_1565_cov_26.125174	1	1565	2035	1565	100	183.45	35.9	58.4
P3_86_NODE_2848_length_1563_cov_0.594011	1	1563	41	1563	100	3.92003	34.9	60
P3_86_NODE_2849_length_1563_cov_0.502089	1	1563	40	1563	100	3.54447	35.2	59
P3_86_NODE_2850_length_1562_cov_0.839024	1	1562	70	1562	100	6.03457	35.9	60
P3_86_NODE_2851_length_1562_cov_0.767944	1	1562	56	1562	100	5.13188	35.7	60
P3_86_NODE_2852_length_1562_cov_0.717770	1	1562	70	1552	99.3598	5.74136	35.9	58.3
P3_86_NODE_2853_length_1561_cov_1.055788	1	1561	90	1561	100	7.89494	35.9	59.1
P3_86_NODE_2854_length_1561_cov_0.996513	1	1561	78	1561	100	7.01794	35.6	59.8
P3_86_NODE_2855_length_1560_cov_5.800830	1	1560	542	1560	100	45.666	35.7	59.5
P3_86_NODE_2856_length_1560_cov_1.055129	1	1560	81	1560	100	7.40385	35.5	58.2
P3_86_NODE_2857_length_1560_cov_0.664341	1	1560	54	1560	100	4.84744	36.1	60
P3_86_NODE_2858_length_1560_cov_0.473133	1	1560	50	1560	100	4.12115	36.1	59.9
P3_86_NODE_2859_length_1559_cov_0.758380	1	1559	67	1559	100	5.86658	36	60
P3_86_NODE_2860_length_1559_cov_0.723464	1	1559	65	1559	100	5.68249	36.1	60
P3_86_NODE_2861_length_1557_cov_11.771378	1	1557	1092	1557	100	91.8735	35.7	59.9
P3_86_NODE_2862_length_1557_cov_0.585315	1	1557	44	1547	99.3577	4.03918	35.8	60
P3_86_NODE_2863_length_1557_cov_0.553147	1	1557	39	1557	100	3.58317	36.6	60
P3_86_NODE_2864_length_1557_cov_0.544755	1	1557	48	1557	100	4.17148	35.5	60
P3_86_NODE_2865_length_1555_cov_0.730392	1	1555	59	1547	99.4855	5.39743	36.1	60
P3_86_NODE_2866_length_1555_cov_0.462185	1	1555	53	1555	100	4.58971	35.7	60
P3_86_NODE_2867_length_1555_cov_0.398459	1	1555	32	1555	100	2.81479	35.3	58.1
P3_86_NODE_2868_length_1554_cov_0.894884	1	1554	71	1554	100	6.15122	35.7	53.9
P3_86_NODE_2869_length_1553_cov_0.924264	1	1553	81	1553	100	7.19704	35.9	60
P3_86_NODE_2870_length_1551_cov_5.451728	1	1551	490	1551	100	40.6505	35.9	59.8
P3_86_NODE_2871_length_1551_cov_0.695927	1	1551	52	1551	100	4.74662	35.3	59.2
P3_86_NODE_2872_length_1550_cov_1.234715	1	1550	104	1550	100	9.05097	36	57.2
P3_86_NODE_2873_length_1550_cov_0.685875	1	1550	54	1550	100	4.92065	35.3	60
P3_86_NODE_2874_length_1548_cov_0.659395	1	1548	53	1548	100	4.7823	35.8	59.3
P3_86_NODE_2875_length_1546_cov_0.833686	1	1546	78	1546	100	6.66947	34.5	59.3
P3_86_NODE_2876_length_1544_cov_3.348624	1	1544	2630	1544	100	238.842	36.2	34.2
P3_86_NODE_2877_length_1544_cov_0.647142	1	1544	58	1544	100	5.02396	36.1	60
P3_86_NODE_2878_length_1544_cov_0.480593	1	1544	37	1544	100	3.25194	35.8	59
P3_86_NODE_2879_length_1542_cov_12.774116	1	1542	1179	1542	100	103.385	36	59.2
P3_86_NODE_2880_length_1542_cov_7.550530	1	1542	1168	1542	100	100.941	35.8	43.1
P3_86_NODE_2881_length_1542_cov_0.628269	1	1542	40	1542	100	3.83009	35.9	60
P3_86_NODE_2882_length_1539_cov_0.821530	1	1539	71	1539	100	6.21962	36.1	60
P3_86_NODE_2883_length_1538_cov_0.843373	1	1538	64	1538	100	5.93563	35.6	59.4
P3_86_NODE_2884_length_1538_cov_0.830617	1	1538	72	1538	100	6.29714	35.7	58.9
P3_86_NODE_2885_length_1538_cov_0.645641	1	1538	47	1538	100	4.44798	35	60
P3_86_NODE_2886_length_1536_cov_0.433641	1	1536	34	1526	99.349	3.03385	36.2	60
P3_86_NODE_2887_length_1534_cov_3.644190	1	1534	377	1534	100	31.3977	35.9	59.9
P3_86_NODE_2888_length_1534_cov_1.101635	1	1534	96	1534	100	8.54107	35.7	60
P3_86_NODE_2889_length_1534_cov_0.855011	1	1534	66	1534	100	5.94263	36.1	59.1
P3_86_NODE_2890_length_1534_cov_0.493248	1	1534	31	1534	100	3.03585	35.6	60
P3_86_NODE_2891_length_1532_cov_0.454804	1	1532	40	1532	100	3.53655	35.2	59.3
P3_86_NODE_2892_length_1531_cov_0.925926	1	1531	99	1528	99.804	8.05944	35.4	46.2
P3_86_NODE_2893_length_1531_cov_0.752137	1	1531	49	1531	100	4.74657	36.1	60
P3_86_NODE_2894_length_1529_cov_0.850927	1	1529	69	1529	100	6.02551	36.1	58.3
P3_86_NODE_2895_length_1529_cov_0.791726	1	1529	61	1529	100	5.55984	35.6	60
P3_86_NODE_2896_length_1529_cov_0.786020	1	1529	58	1529	100	5.44212	35.7	59.7
P3_86_NODE_2897_length_1529_cov_0.547076	1	1529	42	1529	100	3.79856	36.2	59
P3_86_NODE_2898_length_1528_cov_0.900071	1	1528	80	1528	100	6.64791	35.7	58.5
P3_86_NODE_2899_length_1527_cov_0.678571	1	1527	60	1527	100	5.14997	36	60
P3_86_NODE_2900_length_1526_cov_1.401001	1	1526	100	1526	100	9.37156	35.9	60
P3_86_NODE_2901_length_1526_cov_0.895640	1	1526	71	1526	100	6.53145	35.6	60
P3_86_NODE_2902_length_1526_cov_0.765547	1	1526	52	1526	100	4.981	35.5	60
P3_86_NODE_2903_length_1526_cov_0.635454	1	1526	41	1526	100	3.94037	35.1	60
P3_86_NODE_2904_length_1524_cov_1.421618	1	1524	115	1524	100	10.4744	35.4	58.9
P3_86_NODE_2905_length_1524_cov_1.234789	1	1524	107	1524	100	9.07743	36.2	56.4
P3_86_NODE_2906_length_1524_cov_1.159628	1	1524	96	1524	100	8.98228	36.2	59.6
P3_86_NODE_2907_length_1524_cov_1.007158	1	1524	76	1524	100	6.80577	35.8	59.6
P3_86_NODE_2908_length_1524_cov_0.440229	1	1524	28	1505	98.7533	2.73885	36.5	60
P3_86_NODE_2909_length_1522_cov_1.629391	1	1522	128	1522	100	11.7293	35.6	56.9
P3_86_NODE_2910_length_1521_cov_1.050933	1	1521	80	1511	99.3425	7.30638	35.2	59.6
P3_86_NODE_2911_length_1520_cov_0.800431	1	1520	63	1520	100	5.73158	35.9	60
P3_86_NODE_2912_length_1519_cov_7.057108	1	1519	674	1519	100	57.7913	35.7	59.3
P3_86_NODE_2913_length_1519_cov_0.687500	1	1519	50	1519	100	4.5813	35.4	59.2
P3_86_NODE_2914_length_1518_cov_41.130122	1	1518	3561	1518	100	311.726	35.7	59.6
P3_86_NODE_2915_length_1517_cov_0.907914	1	1517	75	1517	100	6.971	35.4	60
P3_86_NODE_2916_length_1517_cov_0.740288	1	1517	50	1517	100	4.84113	35.3	60
P3_86_NODE_2917_length_1516_cov_0.653708	1	1516	45	1516	100	4.30739	35.8	60
P3_86_NODE_2918_length_1515_cov_0.795389	1	1515	57	1515	100	5.54323	35.7	60
P3_86_NODE_2919_length_1514_cov_0.856525	1	1514	85	1514	100	7.51255	35.9	49.9
P3_86_NODE_2920_length_1514_cov_0.812545	1	1514	60	1514	100	5.607	35.6	60
P3_86_NODE_2921_length_1514_cov_0.651045	1	1514	48	1514	100	4.50661	35.6	60
P3_86_NODE_2922_length_1512_cov_0.660650	1	1512	47	1512	100	4.40278	35.5	60
P3_86_NODE_2923_length_1511_cov_5.245421	1	1511	494	1511	100	42.1813	35.8	59.9
P3_86_NODE_2924_length_1511_cov_0.629335	1	1511	66	1511	100	4.50695	36.2	53
P3_86_NODE_2925_length_1510_cov_15.049892	1	1510	1115	1510	100	102.52	35.5	54
P3_86_NODE_2926_length_1510_cov_0.786696	1	1510	64	1510	100	5.71589	35.8	60
P3_86_NODE_2927_length_1509_cov_1.043415	1	1509	125	1509	100	10.3519	35.7	44.4
P3_86_NODE_2928_length_1509_cov_0.725036	1	1509	85	1509	100	6.45063	35.7	59.7
P3_86_NODE_2929_length_1509_cov_0.546310	1	1509	57	1509	100	4.74155	35.5	57.3
P3_86_NODE_2930_length_1508_cov_0.890659	1	1508	77	1502	99.6021	6.92241	35.1	57.9
P3_86_NODE_2931_length_1508_cov_0.885590	1	1508	64	1508	100	5.86472	35.6	60
P3_86_NODE_2932_length_1508_cov_0.740768	1	1508	64	1508	100	5.75265	36	60
P3_86_NODE_2933_length_1508_cov_0.621289	1	1508	45	1508	100	4.3813	35.4	60
P3_86_NODE_2934_length_1506_cov_0.815809	1	1506	69	1506	100	6.03718	36.2	52.2
P3_86_NODE_2935_length_1506_cov_0.602611	1	1506	55	1506	100	4.74635	36	59.5
P3_86_NODE_2936_length_1505_cov_0.625544	1	1505	41	1495	99.3355	3.97608	35.8	60
P3_86_NODE_2937_length_1503_cov_0.606105	1	1503	54	1503	100	5.02861	36.4	58.9
P3_86_NODE_2938_length_1502_cov_0.813091	1	1502	89	1502	100	7.39015	35.9	54.6
P3_86_NODE_2939_length_1501_cov_0.682678	1	1501	49	1501	100	4.6549	35.6	60
P3_86_NODE_2940_length_1501_cov_0.597525	1	1501	60	1501	100	5.29181	35.2	54.5
P3_86_NODE_2941_length_1500_cov_0.739257	1	1500	58	1500	100	5.226	35.7	52.8
P3_86_NODE_2942_length_1500_cov_0.602331	1	1500	39	1500	100	3.82733	35.8	60
P3_86_NODE_2943_length_1499_cov_28.192420	1	1499	5358	1499	100	476.726	35.8	59.9
P3_86_NODE_2944_length_1499_cov_0.881924	1	1499	82	1499	100	7.07672	35.9	57.5
P3_86_NODE_2945_length_1498_cov_0.622174	1	1498	53	1498	100	4.9486	35.6	60
P3_86_NODE_2946_length_1497_cov_0.943066	1	1497	64	1497	100	6.2505	36.1	60
P3_86_NODE_2947_length_1497_cov_0.497080	1	1497	46	1497	100	4.00267	35.9	60
P3_86_NODE_2948_length_1496_cov_0.709277	1	1496	48	1496	100	4.75535	35.4	60
P3_86_NODE_2949_length_1496_cov_0.596786	1	1496	58	1496	100	4.68382	35.5	55.9
P3_86_NODE_2950_length_1496_cov_0.394449	1	1496	36	1496	100	3.31684	35.9	60
P3_86_NODE_2951_length_1495_cov_0.814327	1	1495	74	1495	100	6.28896	35.6	54.6
P3_86_NODE_2952_length_1494_cov_0.957571	1	1494	79	1494	100	7.32798	34.8	60
P3_86_NODE_2953_length_1494_cov_0.613753	1	1494	51	1494	100	4.60843	36	60
P3_86_NODE_2954_length_1493_cov_0.968521	1	1493	69	1493	100	6.5499	36.3	60
P3_86_NODE_2955_length_1493_cov_0.942167	1	1493	59	1493	100	5.78701	36	60
P3_86_NODE_2956_length_1493_cov_0.561493	1	1493	51	1493	100	4.62693	36	60
P3_86_NODE_2957_length_1492_cov_0.991941	1	1492	80	1492	100	7.39879	35.4	60
P3_86_NODE_2958_length_1492_cov_0.746520	1	1492	53	1492	100	5.13941	35.3	60
P3_86_NODE_2959_length_1491_cov_0.779326	1	1491	67	1491	100	5.27968	35.6	52.8
P3_86_NODE_2960_length_1491_cov_0.754399	1	1491	76	1491	100	6.22803	35.3	52.8
P3_86_NODE_2961_length_1491_cov_0.652493	1	1491	47	1491	100	4.45406	36.4	58.7
P3_86_NODE_2962_length_1491_cov_0.647361	1	1491	59	1491	100	5.19651	36	60
P3_86_NODE_2963_length_1490_cov_0.451211	1	1490	36	1490	100	3.28322	35.5	60
P3_86_NODE_2964_length_1489_cov_0.725404	1	1489	70	1489	100	6.27871	35.8	55.8
P3_86_NODE_2965_length_1489_cov_0.558737	1	1489	37	1489	100	3.64674	36.1	60
P3_86_NODE_2966_length_1487_cov_1.053676	1	1487	80	1487	100	7.54472	36	60
P3_86_NODE_2967_length_1487_cov_0.813235	1	1487	62	1487	100	5.63753	36.2	57.1
P3_86_NODE_2968_length_1486_cov_0.925681	1	1486	64	1486	100	6.08479	36	60
P3_86_NODE_2969_length_1486_cov_0.848418	1	1486	62	1486	100	5.84455	35.6	59.4
P3_86_NODE_2970_length_1486_cov_0.544518	1	1486	80	1486	100	6.87954	35.5	56.2
P3_86_NODE_2971_length_1486_cov_0.507726	1	1486	33	1478	99.4616	3.20458	35.5	60
P3_86_NODE_2972_length_1485_cov_1.646539	1	1485	136	1485	100	11.8741	35.1	54.3
P3_86_NODE_2973_length_1485_cov_0.550810	1	1485	35	1485	100	3.50774	35.7	60
P3_86_NODE_2974_length_1484_cov_0.856301	1	1484	62	1484	100	5.7655	35.5	58.7
P3_86_NODE_2975_length_1482_cov_0.798524	1	1482	62	1482	100	5.92105	35.2	60
P3_86_NODE_2976_length_1482_cov_0.723985	1	1482	57	1482	100	5.15722	36	58.2
P3_86_NODE_2977_length_1482_cov_0.454613	1	1482	32	1482	100	3.22402	35.1	60
P3_86_NODE_2978_length_1481_cov_8.316542	1	1481	687	1481	100	60.1857	35.6	59.9
P3_86_NODE_2979_length_1481_cov_0.641064	1	1481	50	1481	100	4.6975	36	60
P3_86_NODE_2980_length_1481_cov_0.634417	1	1481	62	1471	99.3248	4.87306	36	58.1
P3_86_NODE_2981_length_1480_cov_0.646711	1	1480	48	1480	100	4.63649	35.7	60
P3_86_NODE_2982_length_1479_cov_0.312870	1	1479	42	1479	100	3.18458	35.9	60
P3_86_NODE_2983_length_1478_cov_0.878608	1	1478	55	1478	100	5.5088	35.5	60
P3_86_NODE_2984_length_1478_cov_0.845300	1	1478	79	1478	100	7.36198	36	59.5
P3_86_NODE_2985_length_1477_cov_0.731111	1	1477	64	1477	100	6.26879	36.1	60
P3_86_NODE_2986_length_1476_cov_1.113417	1	1476	82	1466	99.3225	7.22832	36	53.9
P3_86_NODE_2987_length_1475_cov_0.917656	1	1475	60	1475	100	5.83051	36.3	58
P3_86_NODE_2988_length_1475_cov_0.854599	1	1475	66	1470	99.661	6.12203	35.6	60
P3_86_NODE_2989_length_1474_cov_0.833705	1	1474	67	1473	99.9322	6.16147	34.5	60
P3_86_NODE_2990_length_1474_cov_0.703044	1	1474	58	1474	100	5.36771	35.3	60
P3_86_NODE_2991_length_1473_cov_0.858841	1	1473	68	1473	100	6.18941	35.4	60
P3_86_NODE_2992_length_1473_cov_0.517831	1	1473	51	1473	100	4.15207	35.8	53.2
P3_86_NODE_2993_length_1472_cov_0.623792	1	1472	46	1472	100	4.26087	36.3	58.9
P3_86_NODE_2994_length_1472_cov_0.586617	1	1472	45	1472	100	4.36685	36.1	58.7
P3_86_NODE_2995_length_1471_cov_1.531994	1	1471	151	1471	100	13.4528	36.1	56.1
P3_86_NODE_2996_length_1470_cov_6.472135	1	1470	534	1470	100	47.0803	35.6	59.7
P3_86_NODE_2997_length_1470_cov_1.134773	1	1470	115	1470	100	9.47347	35.6	45.8
P3_86_NODE_2998_length_1470_cov_1.049144	1	1470	120	1470	100	9.26122	35.4	45
P3_86_NODE_2999_length_1469_cov_3.383459	1	1469	307	1469	100	26.5385	36	59
P3_86_NODE_3000_length_1469_cov_0.399404	1	1469	37	1469	100	3.37713	35.4	59.6
P3_86_NODE_3001_length_1467_cov_1.415672	1	1467	119	1467	100	10.9421	36.4	57.3
P3_86_NODE_3002_length_1467_cov_0.947015	1	1467	64	1466	99.9318	6.31425	35.7	60
P3_86_NODE_3003_length_1467_cov_0.704478	1	1467	57	1467	100	5.31084	36.1	56.8
P3_86_NODE_3004_length_1466_cov_0.512323	1	1466	51	1466	100	4.19714	35.5	55.1
P3_86_NODE_3005_length_1465_cov_1.332586	1	1465	129	1465	100	11.2014	35.1	58.6
P3_86_NODE_3006_length_1465_cov_0.976831	1	1465	84	1465	100	7.81502	36	60
P3_86_NODE_3007_length_1465_cov_0.959641	1	1465	64	1465	100	6.38498	35.3	60
P3_86_NODE_3008_length_1464_cov_1.412865	1	1464	127	1464	100	11.0369	35.5	43.7
P3_86_NODE_3009_length_1464_cov_0.828721	1	1464	64	1464	100	6.04303	36.4	58.1
P3_86_NODE_3010_length_1464_cov_0.432311	1	1464	39	1464	100	3.67555	35.3	60
P3_86_NODE_3011_length_1463_cov_5.763473	1	1463	643	1463	100	57.8332	35.2	55
P3_86_NODE_3012_length_1460_cov_7.929482	1	1460	613	1460	100	57.213	35.5	58.6
P3_86_NODE_3013_length_1459_cov_0.847598	1	1459	54	1459	100	5.3756	35.4	60
P3_86_NODE_3014_length_1459_cov_0.584084	1	1459	39	1459	100	3.89308	36.2	60
P3_86_NODE_3015_length_1457_cov_65.331579	1	1457	4457	1457	100	435.375	35.9	59.6
P3_86_NODE_3016_length_1455_cov_1.155120	1	1455	85	1451	99.7251	8.29759	35.9	60
P3_86_NODE_3017_length_1455_cov_0.652861	1	1455	50	1455	100	4.66804	35.8	60
P3_86_NODE_3018_length_1454_cov_0.779955	1	1454	57	1454	100	5.39271	35.7	55.9
P3_86_NODE_3019_length_1454_cov_0.619442	1	1454	37	1444	99.3122	3.73796	35.9	60
P3_86_NODE_3020_length_1452_cov_1.255849	1	1452	98	1452	100	9.08815	35.7	59.6
P3_86_NODE_3021_length_1452_cov_0.342642	1	1452	28	1427	98.2782	2.6708	35.7	59.5
P3_86_NODE_3022_length_1451_cov_0.816465	1	1451	62	1448	99.7932	5.65403	36.1	59.8
P3_86_NODE_3023_length_1451_cov_0.706193	1	1451	45	1451	100	4.40386	36.3	58.3
P3_86_NODE_3024_length_1451_cov_0.521148	1	1451	35	1451	100	3.4583	35.8	59.9
P3_86_NODE_3025_length_1450_cov_24.238851	1	1450	1754	1450	100	171.609	35.8	59.5
P3_86_NODE_3026_length_1450_cov_3.693088	1	1450	341	1450	100	31.0014	35.8	59.9
P3_86_NODE_3027_length_1450_cov_0.925926	1	1450	78	1450	100	7.3731	35	57.4
P3_86_NODE_3028_length_1447_cov_1.003788	1	1447	116	1438	99.378	10.6317	35.9	46.6
P3_86_NODE_3029_length_1447_cov_0.674242	1	1447	44	1447	100	4.36835	35.8	58.7
P3_86_NODE_3030_length_1446_cov_1.244124	1	1446	100	1446	100	9.17704	35.8	54.1
P3_86_NODE_3031_length_1446_cov_0.974981	1	1446	77	1446	100	7.10512	35.6	55.4
P3_86_NODE_3032_length_1446_cov_0.923427	1	1446	97	1446	100	8.7538	35.6	44
P3_86_NODE_3033_length_1445_cov_0.662367	1	1445	44	1436	99.3772	4.23737	35.3	58.2
P3_86_NODE_3034_length_1444_cov_0.808656	1	1444	52	1444	100	5.2126	35.2	60
P3_86_NODE_3035_length_1443_cov_1.805471	1	1443	138	1443	100	13.2827	35.7	60
P3_86_NODE_3036_length_1443_cov_0.738602	1	1443	51	1443	100	4.96119	36.1	60
P3_86_NODE_3037_length_1443_cov_0.570669	1	1443	102	1443	100	7.09217	35.7	59.6
P3_86_NODE_3038_length_1443_cov_0.512158	1	1443	39	1443	100	3.71726	35.3	60
P3_86_NODE_3039_length_1442_cov_1.123194	1	1442	86	1441	99.9307	8.14979	36	60
P3_86_NODE_3040_length_1441_cov_25.850837	1	1441	2393	1441	100	233.729	36	53.8
P3_86_NODE_3041_length_1441_cov_0.757230	1	1441	67	1441	100	6.18112	36.5	59.4
P3_86_NODE_3042_length_1441_cov_0.715373	1	1441	48	1441	100	4.78487	36.3	58.8
P3_86_NODE_3043_length_1441_cov_0.535008	1	1441	39	1441	100	3.89799	35.9	60
P3_86_NODE_3044_length_1440_cov_0.663366	1	1440	49	1440	100	4.73681	36.4	60
P3_86_NODE_3045_length_1440_cov_0.507235	1	1440	32	1440	100	3.35069	35.1	60
P3_86_NODE_3046_length_1439_cov_2.195122	1	1439	199	1439	100	19.2536	35.8	53.6
P3_86_NODE_3047_length_1439_cov_1.157012	1	1439	89	1439	100	8.53092	36	59.4
P3_86_NODE_3048_length_1439_cov_0.798018	1	1439	48	1439	100	4.86171	35.7	60
P3_86_NODE_3049_length_1439_cov_0.515244	1	1439	37	1439	100	3.63864	36	60
P3_86_NODE_3050_length_1438_cov_1.592677	1	1438	206	1438	100	16.9513	35.8	42.4
P3_86_NODE_3051_length_1437_cov_0.505344	1	1437	36	1437	100	3.59847	34.8	60
P3_86_NODE_3052_length_1437_cov_0.470992	1	1437	40	1437	100	3.86569	35.2	60
P3_86_NODE_3053_length_1436_cov_1.375859	1	1436	90	1436	100	8.96031	36	60
P3_86_NODE_3054_length_1435_cov_2.568043	1	1435	254	1435	100	21.1582	35.8	49
P3_86_NODE_3055_length_1435_cov_0.603976	1	1435	48	1435	100	4.45296	36	59.2
P3_86_NODE_3056_length_1434_cov_0.463657	1	1434	32	1434	100	3.16876	36	60
P3_86_NODE_3057_length_1433_cov_0.445636	1	1433	30	1433	100	2.79065	35.4	57.3
P3_86_NODE_3058_length_1432_cov_0.468199	1	1432	46	1387	96.8575	3.99092	35	54.3
P3_86_NODE_3059_length_1431_cov_0.834356	1	1431	50	1431	100	5.20196	35.7	60
P3_86_NODE_3060_length_1431_cov_0.489264	1	1431	40	1431	100	3.67086	35.8	60
P3_86_NODE_3061_length_1430_cov_0.808135	1	1430	458	1430	100	45.1077	34.4	16.7
P3_86_NODE_3062_length_1430_cov_0.711435	1	1430	53	1430	100	5.11538	36	59.8
P3_86_NODE_3063_length_1430_cov_0.660783	1	1430	47	1430	100	4.28462	35.9	57.4
P3_86_NODE_3064_length_1429_cov_1.132104	1	1429	89	1429	100	8.61092	36	56.6
P3_86_NODE_3065_length_1429_cov_0.723502	1	1429	62	1429	100	5.87474	35.4	59.7
P3_86_NODE_3066_length_1428_cov_4.562701	1	1428	408	1428	100	35.369	35.7	59.9
P3_86_NODE_3067_length_1427_cov_0.861538	1	1427	72	1427	100	6.7246	35.5	55
P3_86_NODE_3068_length_1426_cov_1.612009	1	1426	124	1423	99.7896	11.4846	35.6	58.5
P3_86_NODE_3069_length_1426_cov_0.658968	1	1426	50	1426	100	4.48668	36.3	55.4
P3_86_NODE_3070_length_1426_cov_0.638953	1	1426	40	1426	100	4.16129	35.9	60
P3_86_NODE_3071_length_1425_cov_1.177966	1	1425	91	1425	100	8.74596	36	57.6
P3_86_NODE_3072_length_1423_cov_0.537037	1	1423	43	1423	100	4.05762	35.5	60
P3_86_NODE_3073_length_1422_cov_0.745174	1	1422	52	1422	100	5.27567	35.6	60
P3_86_NODE_3074_length_1422_cov_0.436293	1	1422	37	1422	100	3.26723	36.2	56.5
P3_86_NODE_3075_length_1421_cov_0.677743	1	1421	50	1421	100	4.81914	36.4	59.3
P3_86_NODE_3076_length_1421_cov_0.670015	1	1421	47	1421	100	4.77058	36.2	59.9
P3_86_NODE_3077_length_1420_cov_1.835267	1	1420	136	1413	99.507	13.1099	36.1	56.6
P3_86_NODE_3078_length_1420_cov_0.707657	1	1420	52	1420	100	4.80563	35.7	57.2
P3_86_NODE_3079_length_1420_cov_0.576953	1	1420	37	1420	100	3.70915	35.5	59.8
P3_86_NODE_3080_length_1419_cov_0.810372	1	1419	52	1419	100	5.10218	35.2	57.5
P3_86_NODE_3081_length_1418_cov_1.325329	1	1418	130	1399	98.6601	11.299	36.1	52.8
P3_86_NODE_3082_length_1418_cov_1.191325	1	1418	86	1418	100	8.37518	36	60
P3_86_NODE_3083_length_1418_cov_0.705655	1	1418	53	1418	100	4.86319	36.2	53.9
P3_86_NODE_3084_length_1417_cov_0.911628	1	1417	107	1415	99.8589	9.14397	35.7	45.2
P3_86_NODE_3085_length_1416_cov_1.955004	1	1416	182	1416	100	16.69	35.7	55.8
P3_86_NODE_3086_length_1416_cov_0.510473	1	1416	33	1416	100	3.47246	36.2	60
P3_86_NODE_3087_length_1414_cov_2.118104	1	1414	169	1414	100	16.1994	36	60
P3_86_NODE_3088_length_1411_cov_0.651090	1	1411	37	1411	100	3.89936	35.8	60
P3_86_NODE_3089_length_1410_cov_0.894778	1	1410	61	1401	99.3617	6.14823	35	60
P3_86_NODE_3090_length_1410_cov_0.731878	1	1410	51	1410	100	5.20142	35.8	60
P3_86_NODE_3091_length_1410_cov_0.660951	1	1410	58	1390	98.5816	5.4844	36.2	59.3
P3_86_NODE_3092_length_1409_cov_0.873635	1	1409	66	1409	100	6.38751	35.5	60
P3_86_NODE_3093_length_1409_cov_0.627925	1	1409	48	1409	100	4.58268	35.9	60
P3_86_NODE_3094_length_1407_cov_0.561719	1	1407	37	1407	100	3.79744	36.3	60
P3_86_NODE_3095_length_1406_cov_0.803753	1	1406	68	1385	98.5064	6.35846	34.7	56.5
P3_86_NODE_3096_length_1406_cov_0.573104	1	1406	34	1406	100	3.53343	35.1	60
P3_86_NODE_3097_length_1405_cov_0.370110	1	1405	29	1405	100	2.90391	36	60
P3_86_NODE_3098_length_1404_cov_1.087706	1	1404	72	1404	100	7.4708	35	60
P3_86_NODE_3099_length_1404_cov_0.839468	1	1404	67	1404	100	6.24929	35.5	60
P3_86_NODE_3100_length_1404_cov_0.512921	1	1404	45	1404	100	4.12678	35.2	60
P3_86_NODE_3101_length_1403_cov_1.090125	1	1403	98	1399	99.7149	8.92088	35.8	52.3
P3_86_NODE_3102_length_1402_cov_0.743529	1	1402	52	1402	100	4.93081	36.1	54.7
P3_86_NODE_3103_length_1401_cov_0.817896	1	1401	55	1401	100	5.49179	35.3	60
P3_86_NODE_3104_length_1401_cov_0.743328	1	1401	54	1401	100	5.26481	34.8	59.3
P3_86_NODE_3105_length_1400_cov_1.201885	1	1400	96	1400	100	8.96571	35.8	54.4
P3_86_NODE_3106_length_1399_cov_0.616352	1	1399	36	1399	100	3.8549	35.6	60
P3_86_NODE_3107_length_1398_cov_0.859953	1	1398	60	1398	100	5.95994	35.7	60
P3_86_NODE_3108_length_1397_cov_0.637008	1	1397	43	1397	100	4.31067	35.9	60
P3_86_NODE_3109_length_1397_cov_0.499213	1	1397	37	1397	100	3.62205	35.2	58.8
P3_86_NODE_3110_length_1396_cov_1.423168	1	1396	110	1396	100	10.5838	35.8	59.3
P3_86_NODE_3111_length_1396_cov_1.021277	1	1396	68	1396	100	6.78797	35.7	59.6
P3_86_NODE_3112_length_1396_cov_0.424744	1	1396	31	1396	100	3.16404	36.2	60
P3_86_NODE_3113_length_1394_cov_2.652202	1	1394	211	1394	100	18.944	35.6	59.7
P3_86_NODE_3114_length_1394_cov_2.598291	1	1394	194	1394	100	19.1679	35.7	60
P3_86_NODE_3115_length_1394_cov_0.897395	1	1394	56	1394	100	5.73242	35.9	59
P3_86_NODE_3116_length_1393_cov_0.617694	1	1393	43	1393	100	4.285	35.6	60
P3_86_NODE_3117_length_1392_cov_1.029249	1	1392	101	1389	99.7845	9.22701	35.6	47.9
P3_86_NODE_3118_length_1392_cov_0.573913	1	1392	51	1392	100	4.72126	35.4	55.1
P3_86_NODE_3119_length_1392_cov_0.572332	1	1392	44	1392	100	4.26006	35.7	60
P3_86_NODE_3120_length_1391_cov_10.569829	1	1391	786	1391	100	72.7261	35.8	48.2
P3_86_NODE_3121_length_1391_cov_0.849684	1	1391	81	1391	100	7.55859	35.3	55.9
P3_86_NODE_3122_length_1390_cov_0.770388	1	1390	61	1390	100	6.01583	36.1	60
P3_86_NODE_3123_length_1390_cov_0.656374	1	1390	43	1390	100	4.52734	35.9	60
P3_86_NODE_3124_length_1389_cov_1.076862	1	1389	66	1389	100	6.95464	35.7	60
P3_86_NODE_3125_length_1389_cov_0.668780	1	1389	49	1389	100	4.66235	35.6	58.4
P3_86_NODE_3126_length_1389_cov_0.550713	1	1389	44	1389	100	4.31461	35.7	60
P3_86_NODE_3127_length_1388_cov_0.712133	1	1388	50	1388	100	4.85375	36.1	51.6
P3_86_NODE_3128_length_1388_cov_0.552736	1	1388	45	1388	100	4.28098	35.3	60
P3_86_NODE_3129_length_1387_cov_2.254293	1	1387	186	1387	100	17.6626	36	60
P3_86_NODE_3130_length_1387_cov_0.819841	1	1387	127	1387	100	9.5602	35.3	23.2
P3_86_NODE_3131_length_1386_cov_4.420175	1	1386	1845	1386	100	161.628	36.2	29.7
P3_86_NODE_3132_length_1386_cov_0.657665	1	1386	53	1386	100	5.06205	36.3	60
P3_86_NODE_3133_length_1386_cov_0.506751	1	1386	55	1386	100	4.57576	35.7	57.3
P3_86_NODE_3134_length_1385_cov_0.566773	1	1385	41	1385	100	3.99856	35.4	59
P3_86_NODE_3135_length_1384_cov_1.896579	1	1384	168	1384	100	14.8801	36.1	42.5
P3_86_NODE_3136_length_1384_cov_1.227526	1	1384	76	1384	100	7.69942	35.7	59.4
P3_86_NODE_3137_length_1384_cov_0.839300	1	1384	50	1384	100	5.3078	36.1	60
P3_86_NODE_3138_length_1384_cov_0.645982	1	1384	48	1384	100	4.78757	35.9	59.2
P3_86_NODE_3139_length_1384_cov_0.596659	1	1384	46	1384	100	4.46604	35.9	60
P3_86_NODE_3140_length_1383_cov_0.867834	1	1383	58	1383	100	5.90456	36.1	60
P3_86_NODE_3141_length_1383_cov_0.839172	1	1383	49	1383	100	5.16486	35.9	60
P3_86_NODE_3142_length_1383_cov_0.837580	1	1383	52	1383	100	5.47216	35.8	60
P3_86_NODE_3143_length_1382_cov_0.644622	1	1382	42	1382	100	4.20188	35.2	58.6
P3_86_NODE_3144_length_1382_cov_0.462948	1	1382	38	1382	100	3.45948	36.4	59.3
P3_86_NODE_3145_length_1381_cov_0.535885	1	1381	35	1381	100	3.76177	34.9	60
P3_86_NODE_3146_length_1380_cov_0.930567	1	1380	109	1380	100	9.80072	35.5	43.6
P3_86_NODE_3147_length_1380_cov_0.739026	1	1380	52	1380	100	5.30652	36	60
P3_86_NODE_3148_length_1379_cov_0.714856	1	1379	61	1379	100	5.79623	35.3	60
P3_86_NODE_3149_length_1379_cov_0.620607	1	1379	43	1355	98.2596	4.50616	35.6	60
P3_86_NODE_3150_length_1378_cov_2.071143	1	1378	190	1378	100	17.918	35.5	54.4
P3_86_NODE_3151_length_1376_cov_0.895116	1	1376	69	1376	100	6.81904	35.8	60
P3_86_NODE_3152_length_1376_cov_0.763811	1	1376	326	1376	100	31.0683	34.3	20.9
P3_86_NODE_3153_length_1376_cov_0.571657	1	1376	40	1376	100	4.17369	35.1	60
P3_86_NODE_3154_length_1376_cov_0.449960	1	1376	41	1376	100	3.90988	35.8	52.7
P3_86_NODE_3155_length_1375_cov_7.871795	1	1375	2926	1375	100	254.679	35.7	50.6
P3_86_NODE_3156_length_1375_cov_0.427885	1	1375	31	1375	100	2.77455	36.3	50.7
P3_86_NODE_3157_length_1374_cov_0.648757	1	1374	50	1367	99.4905	4.97817	36.3	58.8
P3_86_NODE_3158_length_1374_cov_0.492382	1	1374	28	1374	100	3.01965	35	60
P3_86_NODE_3159_length_1373_cov_6.352327	1	1373	530	1373	100	53.7524	36	59.2
P3_86_NODE_3160_length_1373_cov_0.723917	1	1373	44	1373	100	4.67152	35.6	60
P3_86_NODE_3161_length_1373_cov_0.713483	1	1373	48	1373	100	4.71959	35.5	60
P3_86_NODE_3162_length_1373_cov_0.593098	1	1373	39	1365	99.4173	4.02258	35.7	60
P3_86_NODE_3163_length_1373_cov_0.560995	1	1373	31	1373	100	3.40859	35.4	60
P3_86_NODE_3164_length_1372_cov_0.893173	1	1372	59	1372	100	6.20773	35.7	56.4
P3_86_NODE_3165_length_1372_cov_0.477108	1	1372	30	1372	100	3.19315	36.1	60
P3_86_NODE_3166_length_1371_cov_2.045820	1	1371	131	1371	100	13.6915	35.8	56.3
P3_86_NODE_3167_length_1371_cov_0.840032	1	1371	63	1371	100	6.20423	35.8	59.7
P3_86_NODE_3168_length_1370_cov_6.819791	1	1370	447	1370	100	44.4956	35.7	47.1
P3_86_NODE_3169_length_1370_cov_0.666935	1	1370	52	1370	100	4.87956	35.7	58.1
P3_86_NODE_3170_length_1370_cov_0.534191	1	1370	58	1370	100	5.54745	34.3	55.7
P3_86_NODE_3171_length_1370_cov_0.503620	1	1370	37	1370	100	3.71387	36	60
P3_86_NODE_3172_length_1367_cov_0.959677	1	1367	76	1367	100	7.41917	35.3	45.9
P3_86_NODE_3173_length_1367_cov_0.476613	1	1367	38	1367	100	3.891	35.8	60
P3_86_NODE_3174_length_1366_cov_2.318805	1	1366	197	1366	100	18.7958	36	52.2
P3_86_NODE_3175_length_1366_cov_0.526231	1	1366	32	1366	100	3.51977	34.8	60
P3_86_NODE_3176_length_1364_cov_1.415521	1	1364	97	1364	100	10.0916	35.8	59.9
P3_86_NODE_3177_length_1363_cov_8.878641	1	1363	668	1363	100	66.1651	36	58.9
P3_86_NODE_3178_length_1362_cov_0.885830	1	1362	615	1362	100	34.5007	27.6	11.4
P3_86_NODE_3179_length_1362_cov_0.698785	1	1362	47	1362	100	4.83921	36.2	60
P3_86_NODE_3180_length_1361_cov_92.850891	1	1361	6521	1361	100	669.605	35.7	59.2
P3_86_NODE_3181_length_1361_cov_0.699352	1	1361	55	1361	100	5.40044	36.3	59.3
P3_86_NODE_3182_length_1360_cov_0.938362	1	1360	76	1360	100	7.32279	35.4	60
P3_86_NODE_3183_length_1360_cov_0.631792	1	1360	43	1360	100	4.47132	35.7	60
P3_86_NODE_3184_length_1359_cov_0.854708	1	1359	59	1359	100	5.81751	36.1	60
P3_86_NODE_3185_length_1359_cov_0.612013	1	1359	57	1359	100	5.48639	34.7	60
P3_86_NODE_3186_length_1358_cov_0.611698	1	1358	45	1358	100	4.40943	35.5	60
P3_86_NODE_3187_length_1356_cov_0.686737	1	1356	44	1356	100	4.71608	35.7	60
P3_86_NODE_3188_length_1355_cov_30.037459	1	1355	3125	1355	100	297.506	35.3	48.1
P3_86_NODE_3189_length_1354_cov_1.555012	1	1354	136	1338	98.8183	12.7075	35.9	56.2
P3_86_NODE_3190_length_1353_cov_0.774062	1	1353	62	1353	100	5.65188	35.8	60
P3_86_NODE_3191_length_1353_cov_0.594617	1	1353	37	1343	99.2609	4.09165	36.3	60
P3_86_NODE_3192_length_1353_cov_0.478793	1	1353	30	1353	100	3.25795	34.9	60
P3_86_NODE_3193_length_1351_cov_0.741830	1	1351	48	1351	100	5.06884	36.3	59.8
P3_86_NODE_3194_length_1351_cov_0.660131	1	1351	39	1351	100	4.2339	35.9	60
P3_86_NODE_3195_length_1351_cov_0.422386	1	1351	28	1351	100	2.89859	36	60
P3_86_NODE_3196_length_1350_cov_0.788226	1	1350	48	1350	100	5.2163	35.6	60
P3_86_NODE_3197_length_1350_cov_0.692559	1	1350	44	1350	100	4.48519	35.6	59.1
P3_86_NODE_3198_length_1350_cov_0.563369	1	1350	33	1350	100	3.60593	35.8	60
P3_86_NODE_3199_length_1349_cov_1.379705	1	1349	96	1349	100	9.72869	36	58.6
P3_86_NODE_3200_length_1349_cov_0.688216	1	1349	48	1349	100	5.06153	35.8	60
P3_86_NODE_3201_length_1349_cov_0.652209	1	1349	45	1349	100	4.76353	36.2	58.7
P3_86_NODE_3202_length_1349_cov_0.492635	1	1349	39	1349	100	4.02372	35.4	60
P3_86_NODE_3203_length_1348_cov_0.837019	1	1348	51	1348	100	5.45846	35.1	56.5
P3_86_NODE_3204_length_1347_cov_1.163934	1	1347	100	1347	100	9.67558	35.5	59.9
P3_86_NODE_3205_length_1347_cov_0.648361	1	1347	48	1347	100	4.87454	35.7	60
P3_86_NODE_3206_length_1347_cov_0.598361	1	1347	40	1347	100	4.19228	35.7	60
P3_86_NODE_3207_length_1346_cov_5.532404	1	1346	719	1346	100	74.0245	36.2	58.3
P3_86_NODE_3208_length_1346_cov_1.114848	1	1346	81	1346	100	7.90713	35.6	58
P3_86_NODE_3209_length_1346_cov_0.597211	1	1346	42	1337	99.3314	4.31947	36	58
P3_86_NODE_3210_length_1346_cov_0.554553	1	1346	35	1346	100	3.7474	36	60
P3_86_NODE_3211_length_1345_cov_2.044335	1	1345	167	1345	100	16.1993	35.6	55.5
P3_86_NODE_3212_length_1345_cov_0.611658	1	1345	38	1345	100	4.04015	35.8	60
P3_86_NODE_3213_length_1344_cov_0.668858	1	1344	53	1344	100	4.97693	36.4	57.2
P3_86_NODE_3214_length_1344_cov_0.655711	1	1344	51	1344	100	5.04464	36	55
P3_86_NODE_3215_length_1342_cov_0.634568	1	1342	40	1342	100	4.22429	35.5	60
P3_86_NODE_3216_length_1342_cov_0.476543	1	1342	28	1342	100	3.10581	35.2	60
P3_86_NODE_3217_length_1342_cov_0.471605	1	1342	36	1342	100	3.64456	36.2	60
P3_86_NODE_3218_length_1341_cov_1.262768	1	1341	114	1341	100	11.4713	36.1	60
P3_86_NODE_3219_length_1341_cov_0.716639	1	1341	45	1341	100	4.78822	36	60
P3_86_NODE_3220_length_1341_cov_0.593081	1	1341	42	1341	100	4.27517	34.9	60
P3_86_NODE_3221_length_1340_cov_1.021434	1	1340	66	1340	100	6.89925	35.6	60
P3_86_NODE_3222_length_1340_cov_0.608409	1	1340	41	1340	100	4.28955	36	59.5
P3_86_NODE_3223_length_1339_cov_0.580858	1	1339	36	1339	100	3.85512	36.1	60
P3_86_NODE_3224_length_1338_cov_0.352601	1	1338	26	1338	100	2.47085	35	60
P3_86_NODE_3225_length_1337_cov_1.007438	1	1337	73	1337	100	7.31937	35.2	59.6
P3_86_NODE_3226_length_1337_cov_0.944628	1	1337	56	1337	100	6.07704	35.7	60
P3_86_NODE_3227_length_1336_cov_0.562448	1	1336	38	1326	99.2515	4.00299	35.4	60
P3_86_NODE_3228_length_1336_cov_0.490488	1	1336	30	1336	100	3.1976	35.9	60
P3_86_NODE_3229_length_1334_cov_0.844242	1	1334	46	1334	100	5.12669	36.1	60
P3_86_NODE_3230_length_1334_cov_0.499586	1	1334	41	1334	100	4.03298	35.8	60
P3_86_NODE_3231_length_1333_cov_1.427032	1	1333	156	1333	100	14.2986	35.5	41
P3_86_NODE_3232_length_1332_cov_0.716183	1	1332	52	1332	100	5.38814	35.4	60
P3_86_NODE_3233_length_1332_cov_0.667220	1	1332	39	1332	100	4.22898	35.9	60
P3_86_NODE_3234_length_1332_cov_0.491286	1	1332	25	1332	100	2.83408	35.8	60
P3_86_NODE_3235_length_1332_cov_0.400000	1	1332	28	1332	100	2.88964	36.3	58.5
P3_86_NODE_3236_length_1331_cov_9.491694	1	1331	893	1331	100	83.4936	35.3	44.5
P3_86_NODE_3237_length_1330_cov_1.379884	1	1330	105	1330	100	10.1308	35.3	58.1
P3_86_NODE_3238_length_1330_cov_0.558603	1	1330	35	1330	100	3.56842	36.2	58.9
P3_86_NODE_3239_length_1327_cov_27.705833	1	1327	2035	1327	100	207.625	35.6	51.2
P3_86_NODE_3240_length_1327_cov_0.963333	1	1327	79	1327	100	8.0324	36	55.9
P3_86_NODE_3241_length_1326_cov_0.911593	1	1326	78	1326	100	7.47285	35.4	50.8
P3_86_NODE_3242_length_1326_cov_0.490409	1	1326	36	1326	100	3.63047	36	60
P3_86_NODE_3243_length_1325_cov_0.596828	1	1325	92	1325	100	6.33585	35.1	29.3
P3_86_NODE_3244_length_1324_cov_0.973266	1	1324	56	1324	100	6.16994	35.1	60
P3_86_NODE_3245_length_1324_cov_0.671679	1	1324	44	1324	100	4.55438	36.2	57.4
P3_86_NODE_3246_length_1324_cov_0.421888	1	1324	32	1324	100	3.33233	35.3	60
P3_86_NODE_3247_length_1323_cov_1.372074	1	1323	97	1323	100	9.78836	35.5	56
P3_86_NODE_3248_length_1322_cov_0.647699	1	1322	33	1322	100	3.76097	35.6	60
P3_86_NODE_3249_length_1321_cov_0.453099	1	1321	33	1321	100	3.48902	35.9	60
P3_86_NODE_3250_length_1319_cov_2.894295	1	1319	268	1319	100	27.7377	35.5	45
P3_86_NODE_3251_length_1316_cov_0.860387	1	1316	54	1316	100	5.93085	36	60
P3_86_NODE_3252_length_1316_cov_0.561817	1	1316	44	1308	99.3921	4.27052	35.8	50.5
P3_86_NODE_3253_length_1315_cov_0.779461	1	1315	54	1315	100	5.49506	36.4	58.9
P3_86_NODE_3254_length_1315_cov_0.662458	1	1315	61	1315	100	5.22586	35.4	42.6
P3_86_NODE_3255_length_1314_cov_0.599832	1	1314	39	1314	100	4.28615	35.6	60
P3_86_NODE_3256_length_1314_cov_0.502106	1	1314	36	1314	100	3.99315	35.3	60
P3_86_NODE_3257_length_1313_cov_0.635750	1	1313	41	1313	100	4.46839	36.2	60
P3_86_NODE_3258_length_1313_cov_0.613828	1	1313	57	1313	100	5.39299	35.5	52.9
P3_86_NODE_3259_length_1313_cov_0.537943	1	1313	45	1313	100	4.14395	36.1	52.9
P3_86_NODE_3260_length_1313_cov_0.536256	1	1313	40	1313	100	4.17669	35.8	60
P3_86_NODE_3261_length_1312_cov_1.407595	1	1312	91	1312	100	9.72256	35.9	58.4
P3_86_NODE_3262_length_1312_cov_0.614346	1	1312	42	1312	100	4.49619	35.8	60
P3_86_NODE_3263_length_1311_cov_0.697635	1	1311	45	1311	100	4.46148	35.5	58.2
P3_86_NODE_3264_length_1311_cov_0.695101	1	1311	37	1311	100	4.17468	36.5	60
P3_86_NODE_3265_length_1311_cov_0.657095	1	1311	42	1311	100	4.51411	35.6	60
P3_86_NODE_3266_length_1310_cov_0.717667	1	1310	46	1303	99.4656	4.78779	36.1	57.2
P3_86_NODE_3267_length_1310_cov_0.466610	1	1310	33	1310	100	3.44885	36.2	55.8
P3_86_NODE_3268_length_1309_cov_0.571912	1	1309	36	1309	100	3.69901	36.1	58.9
P3_86_NODE_3269_length_1308_cov_5.920406	1	1308	387	1308	100	41.1437	35.7	53.5
P3_86_NODE_3270_length_1308_cov_0.729043	1	1308	47	1308	100	5.0107	36.1	60
P3_86_NODE_3271_length_1308_cov_0.424217	1	1308	27	1308	100	3.03899	35.1	60
P3_86_NODE_3272_length_1307_cov_0.902542	1	1307	68	1307	100	7.26855	35.8	59.5
P3_86_NODE_3273_length_1306_cov_0.635284	1	1306	60	1306	100	5.06815	35.6	46.7
P3_86_NODE_3274_length_1306_cov_0.613232	1	1306	42	1306	100	4.54288	35.9	60
P3_86_NODE_3275_length_1305_cov_0.758065	1	1305	44	1305	100	4.93946	36.4	60
P3_86_NODE_3276_length_1304_cov_0.566695	1	1304	43	1304	100	4.33819	35.8	57.8
P3_86_NODE_3277_length_1304_cov_0.539507	1	1304	34	1304	100	3.78067	35.9	60
P3_86_NODE_3278_length_1302_cov_0.639149	1	1302	57	1302	100	5.30492	36.2	58.9
P3_86_NODE_3279_length_1302_cov_0.600851	1	1302	33	1302	100	3.76882	34.4	60
P3_86_NODE_3280_length_1301_cov_1.260647	1	1301	82	1301	100	9.23982	35.9	60
P3_86_NODE_3281_length_1301_cov_1.183135	1	1301	91	1301	100	9.70407	35.6	59.9
P3_86_NODE_3282_length_1301_cov_0.442078	1	1301	25	1301	100	2.82552	36.3	60
P3_86_NODE_3283_length_1300_cov_5.260870	1	1300	525	1300	100	51.2323	35.2	47
P3_86_NODE_3284_length_1300_cov_0.803922	1	1300	67	1300	100	6.52923	36	52.8
P3_86_NODE_3285_length_1299_cov_0.757679	1	1299	59	1299	100	6.21863	35.2	60
P3_86_NODE_3286_length_1299_cov_0.756826	1	1299	39	1289	99.2302	4.43803	35.3	60
P3_86_NODE_3287_length_1299_cov_0.300341	1	1299	22	1299	100	2.44496	35.3	60
P3_86_NODE_3288_length_1298_cov_0.742101	1	1298	58	1297	99.923	5.89291	35.9	59
P3_86_NODE_3289_length_1298_cov_0.717336	1	1298	44	1298	100	4.9584	34.7	60
P3_86_NODE_3290_length_1298_cov_0.649872	1	1298	38	1298	100	4.1926	36	60
P3_86_NODE_3291_length_1297_cov_32.068376	1	1297	2224	1297	100	231.582	36	58.3
P3_86_NODE_3292_length_1297_cov_0.686325	1	1297	43	1297	100	4.78566	36.1	60
P3_86_NODE_3293_length_1297_cov_0.671795	1	1297	47	1297	100	4.91673	36	60
P3_86_NODE_3294_length_1297_cov_0.392308	1	1297	24	1297	100	2.7047	34.6	60
P3_86_NODE_3295_length_1296_cov_0.650128	1	1296	40	1296	100	4.34722	36.4	60
P3_86_NODE_3296_length_1296_cov_0.514970	1	1296	190	1296	100	12.0123	35.1	12.9
P3_86_NODE_3297_length_1296_cov_0.467921	1	1296	29	1296	100	3.1821	35.9	60
P3_86_NODE_3298_length_1295_cov_1.077055	1	1295	95	1295	100	8.92819	36.1	54.5
P3_86_NODE_3299_length_1294_cov_0.729220	1	1294	39	1294	100	4.50773	35.8	60
P3_86_NODE_3300_length_1293_cov_0.592624	1	1293	41	1293	100	4.40526	36	59.8
P3_86_NODE_3301_length_1292_cov_1.427468	1	1292	95	1292	100	10.2368	36.1	57.1
P3_86_NODE_3302_length_1292_cov_0.739914	1	1292	45	1292	100	4.9195	35.9	60
P3_86_NODE_3303_length_1292_cov_0.517597	1	1292	38	1292	100	3.83591	36.3	52.2
P3_86_NODE_3304_length_1292_cov_0.442060	1	1292	36	1292	100	3.64474	36.2	60
P3_86_NODE_3305_length_1292_cov_0.404292	1	1292	41	1290	99.8452	4.15248	36.1	60
P3_86_NODE_3306_length_1291_cov_1.982370	1	1291	171	1291	100	15.9365	36.2	56.6
P3_86_NODE_3307_length_1291_cov_1.745704	1	1291	121	1291	100	12.8335	36.3	59.8
P3_86_NODE_3308_length_1291_cov_1.042096	1	1291	100	1291	100	10.3571	36	54.4
P3_86_NODE_3309_length_1290_cov_0.556320	1	1290	28	1290	100	3.27519	34.7	60
P3_86_NODE_3310_length_1289_cov_0.967298	1	1289	61	1289	100	6.67649	36.2	60
P3_86_NODE_3311_length_1289_cov_0.485370	1	1289	34	1289	100	3.42281	36.4	57.6
P3_86_NODE_3312_length_1288_cov_0.685616	1	1288	35	1288	100	4.04348	35.8	60
P3_86_NODE_3313_length_1287_cov_0.818966	1	1287	62	1287	100	6.15618	35.7	50.8
P3_86_NODE_3314_length_1286_cov_1.049180	1	1286	69	1286	100	7.23406	35.9	58.4
P3_86_NODE_3315_length_1285_cov_0.852332	1	1285	49	1285	100	5.46926	36.1	60
P3_86_NODE_3316_length_1285_cov_0.811744	1	1285	51	1285	100	5.69728	35.1	60
P3_86_NODE_3317_length_1285_cov_0.645941	1	1285	42	1257	97.821	4.65058	35.8	60
P3_86_NODE_3318_length_1284_cov_1.014693	1	1284	63	1284	100	6.88474	35.5	60
P3_86_NODE_3319_length_1284_cov_0.834054	1	1284	53	1284	100	5.8053	35.6	60
P3_86_NODE_3320_length_1282_cov_0.556710	1	1282	31	1282	100	3.35959	35.6	59.1
P3_86_NODE_3321_length_1281_cov_0.815425	1	1281	58	1281	100	6.44731	35.6	60
P3_86_NODE_3322_length_1281_cov_0.635182	1	1281	37	1281	100	4.10226	35.5	60
P3_86_NODE_3323_length_1281_cov_0.593588	1	1281	39	1281	100	4.12881	36.1	56.9
P3_86_NODE_3324_length_1281_cov_0.568458	1	1281	52	1281	100	5.40125	36.1	60
P3_86_NODE_3325_length_1280_cov_0.694709	1	1280	56	1280	100	5.57188	36	52.8
P3_86_NODE_3326_length_1280_cov_0.591500	1	1280	35	1278	99.8438	3.87031	35.8	60
P3_86_NODE_3327_length_1280_cov_0.586297	1	1280	36	1280	100	3.90156	36.6	58.9
P3_86_NODE_3328_length_1280_cov_0.548135	1	1280	50	1280	100	4.98672	35.7	60
P3_86_NODE_3329_length_1279_cov_0.899306	1	1279	60	1279	100	6.32369	36.1	59
P3_86_NODE_3330_length_1279_cov_0.567708	1	1279	31	1279	100	3.56841	35.8	60
P3_86_NODE_3331_length_1278_cov_0.630756	1	1278	39	1278	100	4.20579	34.5	60
P3_86_NODE_3332_length_1278_cov_0.379670	1	1278	25	1278	100	2.79656	36.1	60
P3_86_NODE_3333_length_1277_cov_0.742609	1	1277	40	1277	100	4.61864	35.7	60
P3_86_NODE_3334_length_1277_cov_0.665217	1	1277	51	1277	100	5.1112	36.2	57.9
P3_86_NODE_3335_length_1277_cov_0.573913	1	1277	34	1277	100	3.85591	36	60
P3_86_NODE_3336_length_1276_cov_0.840731	1	1276	48	1276	100	5.58777	35.8	60
P3_86_NODE_3337_length_1276_cov_0.576153	1	1276	42	1276	100	4.71944	35	60
P3_86_NODE_3338_length_1276_cov_0.546562	1	1276	39	1276	100	3.79389	35.5	60
P3_86_NODE_3339_length_1275_cov_1.114111	1	1275	121	1265	99.2157	9.69882	35.7	35.4
P3_86_NODE_3340_length_1273_cov_0.608202	1	1273	35	1273	100	4.13276	36	59.8
P3_86_NODE_3341_length_1273_cov_0.570681	1	1273	34	1273	100	3.82718	35.7	60
P3_86_NODE_3342_length_1273_cov_0.553229	1	1273	35	1273	100	3.87588	35.6	60
P3_86_NODE_3343_length_1273_cov_0.408377	1	1273	22	1273	100	2.51375	35.9	60
P3_86_NODE_3344_length_1272_cov_36.868122	1	1272	2172	1272	100	243.767	35.8	59.4
P3_86_NODE_3345_length_1270_cov_0.886264	1	1270	115	1270	100	7.17244	35.8	42
P3_86_NODE_3346_length_1270_cov_0.474191	1	1270	27	1270	100	3.12126	35.8	60
P3_86_NODE_3347_length_1270_cov_0.353456	1	1270	39	1266	99.685	3.85827	35.4	59.5
P3_86_NODE_3348_length_1269_cov_0.689142	1	1269	46	1269	100	4.94011	36.2	60
P3_86_NODE_3349_length_1269_cov_0.606830	1	1269	36	1269	100	4.0331	36.1	60
P3_86_NODE_3350_length_1269_cov_0.440455	1	1269	33	1269	100	3.48148	35.3	59.8
P3_86_NODE_3351_length_1268_cov_3.461649	1	1268	257	1268	100	26.7185	35.9	59.5
P3_86_NODE_3352_length_1268_cov_0.692375	1	1268	44	1268	100	5.02918	35.7	60
P3_86_NODE_3353_length_1267_cov_0.691228	1	1267	39	1267	100	4.52723	35.7	60
P3_86_NODE_3354_length_1267_cov_0.612281	1	1267	32	1267	100	3.79479	35.9	60
P3_86_NODE_3355_length_1267_cov_0.588596	1	1267	34	1267	100	3.79637	36.5	60
P3_86_NODE_3356_length_1266_cov_0.673398	1	1266	42	1266	100	4.54028	35.7	60
P3_86_NODE_3357_length_1265_cov_1.101054	1	1265	58	1265	100	6.72332	36.1	59
P3_86_NODE_3358_length_1265_cov_0.514060	1	1265	44	1265	100	4.31383	35.9	59.1
P3_86_NODE_3359_length_1265_cov_0.456063	1	1265	34	1255	99.2095	3.76047	35.8	60
P3_86_NODE_3360_length_1265_cov_0.398946	1	1265	27	1265	100	3.10119	35.5	60
P3_86_NODE_3361_length_1263_cov_1.344190	1	1263	92	1263	100	9.58036	35.6	56.6
P3_86_NODE_3362_length_1263_cov_0.978873	1	1263	67	1263	100	6.78147	35.8	58.2
P3_86_NODE_3363_length_1263_cov_0.814261	1	1263	59	1263	100	6.11718	36.6	57.4
P3_86_NODE_3364_length_1262_cov_2.313656	1	1262	610	1262	100	61.6886	36.1	37.3
P3_86_NODE_3365_length_1261_cov_0.690476	1	1261	54	1261	100	5.82236	36.2	60
P3_86_NODE_3366_length_1260_cov_19.684907	1	1260	1564	1260	100	165.132	35.6	56
P3_86_NODE_3367_length_1260_cov_0.663725	1	1260	36	1260	100	4.22937	35.7	60
P3_86_NODE_3368_length_1260_cov_0.553398	1	1260	36	1260	100	4.05397	35.8	59.4
P3_86_NODE_3369_length_1260_cov_0.532215	1	1260	54	1260	100	5.08968	35.2	52.9
P3_86_NODE_3370_length_1260_cov_0.328332	1	1260	22	1260	100	2.31667	36.4	60
P3_86_NODE_3371_length_1259_cov_0.455830	1	1259	35	1259	100	3.74662	35.9	57.1
P3_86_NODE_3372_length_1259_cov_0.426678	1	1259	35	1259	100	3.86259	35.6	60
P3_86_NODE_3373_length_1258_cov_1.114943	1	1258	190	1258	100	19.2631	35.5	51.8
P3_86_NODE_3374_length_1258_cov_0.676393	1	1258	54	1258	100	5.52067	36.1	60
P3_86_NODE_3375_length_1258_cov_0.623342	1	1258	36	1258	100	4.19714	35.4	60
P3_86_NODE_3376_length_1258_cov_0.593280	1	1258	70	1258	100	5.83386	35.5	36.6
P3_86_NODE_3377_length_1257_cov_0.716814	1	1257	66	1257	100	5.2864	35.9	41.1
P3_86_NODE_3378_length_1257_cov_0.618584	1	1257	41	1257	100	4.25378	36.2	54.8
P3_86_NODE_3379_length_1257_cov_0.524779	1	1257	36	1257	100	3.97693	35.1	60
P3_86_NODE_3380_length_1255_cov_0.655142	1	1255	43	1255	100	4.67092	35.7	60
P3_86_NODE_3381_length_1255_cov_0.455674	1	1255	29	1255	100	3.19124	36.1	60
P3_86_NODE_3382_length_1253_cov_1.054174	1	1253	182	1253	100	15.403	34.7	25.2
P3_86_NODE_3383_length_1252_cov_0.862222	1	1252	47	1252	100	5.52955	36.1	60
P3_86_NODE_3384_length_1251_cov_1.417260	1	1251	97	1251	100	10.8241	35.5	57.2
P3_86_NODE_3385_length_1249_cov_0.706774	1	1249	34	1249	100	4.10649	35.9	60
P3_86_NODE_3386_length_1248_cov_0.889384	1	1248	46	1248	100	5.46875	36	60
P3_86_NODE_3387_length_1248_cov_0.882248	1	1248	59	1248	100	6.45353	35.8	56.2
P3_86_NODE_3388_length_1248_cov_0.404996	1	1248	38	1248	100	3.3109	35.8	45.5
P3_86_NODE_3389_length_1247_cov_0.943750	1	1247	47	1247	100	5.62871	36.2	60
P3_86_NODE_3390_length_1247_cov_0.654464	1	1247	39	1247	100	4.40658	36.2	60
P3_86_NODE_3391_length_1246_cov_0.681859	1	1246	51	1246	100	5.23676	36.2	52
P3_86_NODE_3392_length_1246_cov_0.569258	1	1246	162	1246	100	15.4719	35.2	27.1
P3_86_NODE_3393_length_1245_cov_1.180680	1	1245	73	1245	100	8.2755	35.9	60
P3_86_NODE_3394_length_1245_cov_0.608229	1	1245	40	1245	100	4.38474	35.8	60
P3_86_NODE_3395_length_1244_cov_0.661594	1	1244	33	1244	100	3.96463	35.8	60
P3_86_NODE_3396_length_1244_cov_0.574754	1	1244	33	1244	100	3.88826	35.7	60
P3_86_NODE_3397_length_1244_cov_0.504924	1	1244	32	1244	100	3.41318	35.3	60
P3_86_NODE_3398_length_1243_cov_65.225806	1	1243	3930	1243	100	446.132	36.1	59.2
P3_86_NODE_3399_length_1243_cov_0.903226	1	1243	60	1234	99.2759	6.79405	36.3	60
P3_86_NODE_3400_length_1243_cov_0.799283	1	1243	44	1243	100	5.1601	35.9	60
P3_86_NODE_3401_length_1243_cov_0.442652	1	1243	29	1243	100	3.40145	35.4	60
P3_86_NODE_3402_length_1242_cov_0.985650	1	1242	62	1242	100	6.75523	35.5	60
P3_86_NODE_3403_length_1242_cov_0.525561	1	1242	60	1242	100	5.41707	35.9	40
P3_86_NODE_3404_length_1241_cov_1.036804	1	1241	74	1241	100	7.94682	35.3	59.5
P3_86_NODE_3405_length_1241_cov_0.305206	1	1241	40	1241	100	3.62288	36	60
P3_86_NODE_3406_length_1240_cov_1.404313	1	1240	84	1240	100	9.19032	36.1	59
P3_86_NODE_3407_length_1240_cov_1.333333	1	1240	178	1240	100	15.3968	36	44.8
P3_86_NODE_3408_length_1240_cov_0.826595	1	1240	42	1230	99.1935	5.01694	34.4	60
P3_86_NODE_3409_length_1239_cov_0.877698	1	1239	57	1239	100	6.48991	35	60
P3_86_NODE_3410_length_1239_cov_0.481115	1	1239	25	1239	100	3.00484	35.7	60
P3_86_NODE_3411_length_1238_cov_0.830783	1	1238	46	1238	100	5.3748	36.4	58.7
P3_86_NODE_3412_length_1238_cov_0.428443	1	1238	32	1238	100	3.45477	35.6	58.8
P3_86_NODE_3413_length_1236_cov_0.817854	1	1236	47	1236	100	5.45469	35.6	60
P3_86_NODE_3414_length_1236_cov_0.448151	1	1236	22	1236	100	2.6699	36.3	60
P3_86_NODE_3415_length_1235_cov_2.025271	1	1235	117	1235	100	13.3984	36.1	60
P3_86_NODE_3416_length_1235_cov_0.709386	1	1235	40	1235	100	4.7336	36	60
P3_86_NODE_3417_length_1235_cov_0.561372	1	1235	30	1235	100	3.63158	35.6	60
P3_86_NODE_3418_length_1235_cov_0.539711	1	1235	37	1235	100	4.1587	35.2	60
P3_86_NODE_3419_length_1235_cov_0.512635	1	1235	34	1169	94.6559	3.62105	36.4	60
P3_86_NODE_3420_length_1234_cov_2.368564	1	1234	173	1234	100	18.3517	35.2	53.9
P3_86_NODE_3421_length_1234_cov_0.702800	1	1234	39	1234	100	4.45381	35.7	59.8
P3_86_NODE_3422_length_1234_cov_0.659440	1	1234	47	1234	100	4.89141	36.2	60
P3_86_NODE_3423_length_1233_cov_0.786618	1	1233	49	1233	100	5.6253	36.2	60
P3_86_NODE_3424_length_1232_cov_19.787330	1	1232	1917	1232	100	196.647	35.7	58.7
P3_86_NODE_3425_length_1232_cov_0.931222	1	1232	58	1232	100	6.35471	35.6	59.9
P3_86_NODE_3426_length_1231_cov_0.766304	1	1231	50	1231	100	5.35743	36.2	60
P3_86_NODE_3427_length_1231_cov_0.540761	1	1231	81	1231	100	7.24452	33.7	37.4
P3_86_NODE_3428_length_1231_cov_0.449275	1	1231	25	1223	99.3501	2.80422	35.4	60
P3_86_NODE_3429_length_1230_cov_0.886673	1	1230	55	1230	100	6.1439	35.8	57.5
P3_86_NODE_3430_length_1230_cov_0.697189	1	1230	41	1230	100	4.55772	35.6	60
P3_86_NODE_3431_length_1230_cov_0.580236	1	1230	40	1230	100	4.43008	35.8	60
P3_86_NODE_3432_length_1230_cov_0.578422	1	1230	34	1230	100	4.06585	35.9	60
P3_86_NODE_3433_length_1229_cov_0.524501	1	1229	42	1229	100	4.55736	35.3	57
P3_86_NODE_3434_length_1229_cov_0.495463	1	1229	32	1229	100	3.64687	35.1	60
P3_86_NODE_3435_length_1228_cov_0.999262	1	1228	93	1228	100	9.63518	36.1	60
P3_86_NODE_3436_length_1228_cov_0.997275	1	1228	59	1228	100	6.73779	35.6	60
P3_86_NODE_3437_length_1227_cov_0.635455	1	1227	40	1227	100	4.55175	35.3	60
P3_86_NODE_3438_length_1226_cov_0.989991	1	1226	54	1226	100	6.42741	36.3	60
P3_86_NODE_3439_length_1226_cov_0.682439	1	1226	37	1226	100	4.49021	35	59.8
P3_86_NODE_3440_length_1226_cov_0.551410	1	1226	30	1226	100	3.68189	35.9	60
P3_86_NODE_3441_length_1226_cov_0.498635	1	1226	29	1226	100	3.49674	35.1	60
P3_86_NODE_3442_length_1225_cov_1.363388	1	1225	108	1225	100	11.4629	35.5	47.8
P3_86_NODE_3443_length_1225_cov_1.079235	1	1225	58	1225	100	6.96816	35.6	60
P3_86_NODE_3444_length_1225_cov_0.765938	1	1225	58	1225	100	5.68408	35.6	53.5
P3_86_NODE_3445_length_1225_cov_0.637523	1	1225	37	1208	98.6122	4.3249	35.9	60
P3_86_NODE_3446_length_1225_cov_0.583789	1	1225	39	1225	100	4.41469	36.4	60
P3_86_NODE_3447_length_1225_cov_0.425319	1	1225	49	1225	100	4.00082	36	35.2
P3_86_NODE_3448_length_1224_cov_0.660893	1	1224	40	1224	100	4.65196	35.2	60
P3_86_NODE_3449_length_1224_cov_0.619872	1	1224	37	1224	100	4.21977	35.8	60
P3_86_NODE_3450_length_1224_cov_0.594348	1	1224	39	1224	100	4.38072	35.9	59.2
P3_86_NODE_3451_length_1221_cov_0.864717	1	1221	51	1221	100	5.99263	35.4	51.3
P3_86_NODE_3452_length_1221_cov_0.609689	1	1221	33	1221	100	3.94758	36.1	60
P3_86_NODE_3453_length_1220_cov_6.036597	1	1220	402	1220	100	44.491	35.6	49.8
P3_86_NODE_3454_length_1220_cov_0.615737	1	1220	32	1220	100	3.80164	36.4	60
P3_86_NODE_3455_length_1220_cov_0.509607	1	1220	30	1220	100	3.40984	35.5	60
P3_86_NODE_3456_length_1219_cov_0.988095	1	1219	62	1219	100	7.14192	35.4	59.3
P3_86_NODE_3457_length_1218_cov_0.864345	1	1218	52	1218	100	5.91297	35.7	60
P3_86_NODE_3458_length_1218_cov_0.797434	1	1218	49	1218	100	5.70936	35.9	60
P3_86_NODE_3459_length_1217_cov_0.650459	1	1217	50	1217	100	4.85785	36.3	52
P3_86_NODE_3460_length_1216_cov_0.779614	1	1216	54	1216	100	5.7278	35.6	56.4
P3_86_NODE_3461_length_1216_cov_0.639118	1	1216	41	1216	100	4.22697	36.3	55.6
P3_86_NODE_3462_length_1215_cov_0.404412	1	1215	22	1215	100	2.6749	35.1	60
P3_86_NODE_3463_length_1214_cov_238.830727	1	1214	15623	1214	100	1729.44	35.9	59.5
P3_86_NODE_3464_length_1214_cov_0.480221	1	1214	35	1214	100	3.94316	35.9	60
P3_86_NODE_3465_length_1214_cov_0.480221	1	1214	29	1214	100	3.2743	36.1	60
P3_86_NODE_3466_length_1213_cov_1.482505	1	1213	92	1213	100	10.695	36.3	56.7
P3_86_NODE_3467_length_1213_cov_0.757827	1	1213	61	1213	100	6.32729	35.9	53.8
P3_86_NODE_3468_length_1213_cov_0.590239	1	1213	34	1213	100	4.05853	35	60
P3_86_NODE_3469_length_1213_cov_0.337017	1	1213	28	1213	100	2.78978	36.4	58.6
P3_86_NODE_3470_length_1212_cov_0.881106	1	1212	48	1212	100	5.56518	35.9	60
P3_86_NODE_3471_length_1212_cov_0.560369	1	1212	30	1212	100	3.62129	36.2	60
P3_86_NODE_3472_length_1212_cov_0.440553	1	1212	35	1212	100	3.66832	35.9	56.6
P3_86_NODE_3473_length_1211_cov_2.029895	1	1211	158	1211	100	17.0116	35.5	53.1
P3_86_NODE_3474_length_1211_cov_0.637454	1	1211	43	1211	100	4.75723	35.5	59.1
P3_86_NODE_3475_length_1210_cov_0.823638	1	1210	62	1210	100	6.63223	35.9	60
P3_86_NODE_3476_length_1208_cov_0.933395	1	1208	62	1203	99.5861	6.68046	35.7	50.3
P3_86_NODE_3477_length_1208_cov_0.760407	1	1208	41	1208	100	5.0298	36	60
P3_86_NODE_3478_length_1206_cov_1.247451	1	1206	73	1206	100	8.55556	35.6	60
P3_86_NODE_3479_length_1206_cov_0.873957	1	1206	50	1206	100	5.95439	36.4	60
P3_86_NODE_3480_length_1206_cov_0.778499	1	1206	59	1206	100	6.01824	36	54.6
P3_86_NODE_3481_length_1206_cov_0.717331	1	1206	39	1206	100	4.64842	35.6	60
P3_86_NODE_3482_length_1205_cov_0.509276	1	1205	31	1205	100	3.71618	35.7	60
P3_86_NODE_3483_length_1205_cov_0.498145	1	1205	39	1205	100	4.34108	36.4	59.5
P3_86_NODE_3484_length_1205_cov_0.461967	1	1205	29	1205	100	3.37676	35.4	60
P3_86_NODE_3485_length_1205_cov_0.457328	1	1205	25	1205	100	2.97759	36.3	60
P3_86_NODE_3486_length_1204_cov_7.260910	1	1204	511	1185	98.4219	56.5831	35.4	51
P3_86_NODE_3487_length_1204_cov_0.872795	1	1204	44	1204	100	5.41279	36.2	60
P3_86_NODE_3488_length_1203_cov_0.973048	1	1203	67	1203	100	7.20781	35.9	53.6
P3_86_NODE_3489_length_1203_cov_0.809480	1	1203	52	1203	100	5.79551	36.4	60
P3_86_NODE_3490_length_1203_cov_0.758364	1	1203	48	1203	100	5.51538	35.9	60
P3_86_NODE_3491_length_1203_cov_0.469331	1	1203	47	1203	100	4.8803	36.4	60
P3_86_NODE_3492_length_1202_cov_14.537674	1	1202	2061	1202	100	228.282	35.6	59.5
P3_86_NODE_3493_length_1201_cov_1.142458	1	1201	88	1201	100	9.82681	35.9	51
P3_86_NODE_3494_length_1201_cov_0.726257	1	1201	43	1201	100	5.03497	36.4	60
P3_86_NODE_3495_length_1200_cov_8.666356	1	1200	1974	1200	100	184.747	35.8	59.8
P3_86_NODE_3496_length_1200_cov_0.753961	1	1200	53	1200	100	6.12917	36.3	60
P3_86_NODE_3497_length_1200_cov_0.613234	1	1200	37	1200	100	4.11083	36.4	56.8
P3_86_NODE_3498_length_1200_cov_0.413793	1	1200	27	1200	100	3.105	35.5	60
P3_86_NODE_3499_length_1199_cov_0.862873	1	1199	49	1199	100	5.58132	35.3	58.8
P3_86_NODE_3500_length_1199_cov_0.517724	1	1199	35	1199	100	3.98916	35.7	60
P3_86_NODE_3501_length_1198_cov_0.568627	1	1198	33	1164	97.1619	3.76544	36.5	60
P3_86_NODE_3502_length_1198_cov_0.281046	1	1198	23	1198	100	2.62521	35.1	58.7
P3_86_NODE_3503_length_1197_cov_0.855140	1	1197	53	1197	100	6.19465	36.1	60
P3_86_NODE_3504_length_1197_cov_0.640187	1	1197	40	1197	100	4.6274	35.4	60
P3_86_NODE_3505_length_1197_cov_0.505607	1	1197	35	1197	100	3.73684	35.3	53.9
P3_86_NODE_3506_length_1196_cov_0.801684	1	1196	49	1196	100	5.86622	35.9	60
P3_86_NODE_3507_length_1196_cov_0.705332	1	1196	42	1196	100	4.88796	36.3	60
P3_86_NODE_3508_length_1196_cov_0.703461	1	1196	47	1196	100	5.25669	35.7	57.8
P3_86_NODE_3509_length_1196_cov_0.594949	1	1196	32	1196	100	4	34.7	60
P3_86_NODE_3510_length_1196_cov_0.557530	1	1196	37	1196	100	4.08696	35.5	59.3
P3_86_NODE_3511_length_1195_cov_0.897004	1	1195	127	1195	100	11.9305	34.5	35.7
P3_86_NODE_3512_length_1195_cov_0.495318	1	1195	26	1195	100	3.07699	35.8	60
P3_86_NODE_3513_length_1194_cov_0.892221	1	1194	48	1194	100	5.5603	35.8	60
P3_86_NODE_3514_length_1194_cov_0.805998	1	1194	50	1194	100	5.74288	35.7	60
P3_86_NODE_3515_length_1194_cov_0.744142	1	1194	49	1194	100	5.59548	35.2	59.6
P3_86_NODE_3516_length_1194_cov_0.715089	1	1194	52	1147	96.0637	5.54355	34.5	56.6
P3_86_NODE_3517_length_1193_cov_2.075047	1	1193	268	1193	100	26.1869	35.4	38.4
P3_86_NODE_3518_length_1191_cov_0.777256	1	1191	37	1191	100	4.47271	34.8	59.6
P3_86_NODE_3519_length_1190_cov_195.861712	1	1190	14061	1190	100	1617.66	35.9	59.5
P3_86_NODE_3520_length_1190_cov_0.983067	1	1190	54	1190	100	6.53277	35.5	60
P3_86_NODE_3521_length_1190_cov_0.653810	1	1190	40	1190	100	4.61345	36.3	59.5
P3_86_NODE_3522_length_1189_cov_1.483051	1	1189	98	1189	100	11.2876	36.2	58.8
P3_86_NODE_3523_length_1189_cov_0.863465	1	1189	58	1189	100	6.76955	35.9	60
P3_86_NODE_3524_length_1189_cov_0.658192	1	1189	42	1181	99.3272	4.58368	35.8	60
P3_86_NODE_3525_length_1189_cov_0.456685	1	1189	30	1189	100	3.2582	35.9	60
P3_86_NODE_3526_length_1187_cov_5.455860	1	1187	365	1187	100	41.1222	36	59.9
P3_86_NODE_3527_length_1187_cov_0.977358	1	1187	52	1187	100	6.37405	35.7	60
P3_86_NODE_3528_length_1187_cov_0.828302	1	1187	46	1187	100	5.40354	35.3	54.8
P3_86_NODE_3529_length_1187_cov_0.674528	1	1187	8050	1187	100	288.047	29.4	2.34
P3_86_NODE_3530_length_1187_cov_0.564151	1	1187	34	1187	100	3.97725	35.9	58.8
P3_86_NODE_3531_length_1186_cov_0.761095	1	1186	41	1176	99.1568	4.8339	34.9	60
P3_86_NODE_3532_length_1186_cov_0.751653	1	1186	44	1186	100	5.28583	36.4	60
P3_86_NODE_3533_length_1186_cov_0.562795	1	1186	30	1186	100	3.63491	36	60
P3_86_NODE_3534_length_1186_cov_0.557129	1	1186	29	1186	100	3.67538	35.7	60
P3_86_NODE_3535_length_1185_cov_0.511342	1	1185	35	1185	100	4.0903	34.9	60
P3_86_NODE_3536_length_1185_cov_0.474480	1	1185	24	1185	100	2.89789	36.3	60
P3_86_NODE_3537_length_1184_cov_0.752129	1	1184	40	1184	100	4.79561	36.2	60
P3_86_NODE_3538_length_1184_cov_0.547777	1	1184	30	1184	100	3.55574	36.1	60
P3_86_NODE_3539_length_1184_cov_0.444655	1	1184	21	1184	100	2.67821	36.1	60
P3_86_NODE_3540_length_1184_cov_0.441816	1	1184	28	1184	100	3.11909	35.2	59.2
P3_86_NODE_3541_length_1183_cov_1.698864	1	1183	152	1183	100	16.3314	35.7	57.7
P3_86_NODE_3542_length_1183_cov_0.903409	1	1183	55	1183	100	6.53846	35.2	57.1
P3_86_NODE_3543_length_1183_cov_0.759470	1	1183	41	1183	100	4.99915	36.4	60
P3_86_NODE_3544_length_1183_cov_0.465909	1	1183	25	1183	100	3.13863	35.6	58.3
P3_86_NODE_3545_length_1181_cov_0.694497	1	1181	36	1181	100	4.43692	36	60
P3_86_NODE_3546_length_1181_cov_0.646110	1	1181	34	1181	100	3.85267	35	58
P3_86_NODE_3547_length_1180_cov_0.626781	1	1180	31	1180	100	3.91864	36	60
P3_86_NODE_3548_length_1180_cov_0.404558	1	1180	28	1170	99.1525	3.1839	34.4	55.7
P3_86_NODE_3549_length_1180_cov_0.402659	1	1180	21	1180	100	2.60254	36	60
P3_86_NODE_3550_length_1179_cov_6.262357	1	1179	344	1179	100	40.8015	35.7	57.2
P3_86_NODE_3551_length_1179_cov_1.777567	1	1179	148	1179	100	16.8219	35.9	49.3
P3_86_NODE_3552_length_1179_cov_0.805133	1	1179	44	1179	100	5.10348	35.8	55.4
P3_86_NODE_3553_length_1179_cov_0.698669	1	1179	52	1179	100	5.7218	35.4	60
P3_86_NODE_3554_length_1179_cov_0.662548	1	1179	51	1179	100	5.5827	35.8	60
P3_86_NODE_3555_length_1178_cov_0.775452	1	1178	48	1178	100	5.22666	35.2	55.9
P3_86_NODE_3556_length_1177_cov_0.734286	1	1177	36	1177	100	4.56585	35	60
P3_86_NODE_3557_length_1177_cov_0.643810	1	1177	32	1167	99.1504	4.06457	35.2	60
P3_86_NODE_3558_length_1177_cov_0.564762	1	1177	30	1177	100	3.78929	35.1	60
P3_86_NODE_3559_length_1177_cov_0.471429	1	1177	28	1177	100	3.24724	36.1	60
P3_86_NODE_3560_length_1176_cov_0.755958	1	1176	44	1176	100	5.05272	35.8	60
P3_86_NODE_3561_length_1176_cov_0.752145	1	1176	50	1176	100	5.2602	35.9	51.2
P3_86_NODE_3562_length_1176_cov_0.681602	1	1176	39	1176	100	4.70578	35	59.7
P3_86_NODE_3563_length_1175_cov_1.044847	1	1175	89	1175	100	8.16426	35.6	60
P3_86_NODE_3564_length_1175_cov_0.666031	1	1175	32	1175	100	4.06979	35.8	60
P3_86_NODE_3565_length_1175_cov_0.574427	1	1175	35	1175	100	4.27404	36.3	60
P3_86_NODE_3566_length_1175_cov_0.489504	1	1175	25	1175	100	3.19149	35.9	60
P3_86_NODE_3567_length_1175_cov_0.479962	1	1175	27	1175	100	3.2783	35.3	59.3
P3_86_NODE_3568_length_1174_cov_0.640879	1	1174	37	1164	99.1482	4.38842	36.1	59.9
P3_86_NODE_3569_length_1174_cov_0.621777	1	1174	39	1174	100	4.44208	36	60
P3_86_NODE_3570_length_1173_cov_0.570746	1	1173	33	1173	100	3.99318	36.1	60
P3_86_NODE_3571_length_1173_cov_0.429254	1	1173	26	1173	100	2.6104	36.5	53.8
P3_86_NODE_3572_length_1172_cov_1.244976	1	1172	231	1172	100	21.7875	34.4	35.7
P3_86_NODE_3573_length_1172_cov_0.639234	1	1172	34	1172	100	4.10836	35.8	60
P3_86_NODE_3574_length_1172_cov_0.594258	1	1172	30	1172	100	3.8302	34.8	60
P3_86_NODE_3575_length_1172_cov_0.545455	1	1172	35	1172	100	3.96587	36.5	58.5
P3_86_NODE_3576_length_1172_cov_0.486124	1	1172	27	1172	100	3.19198	35.7	60
P3_86_NODE_3577_length_1171_cov_1.124521	1	1171	56	1158	98.8898	6.88642	35.4	58
P3_86_NODE_3578_length_1171_cov_0.766284	1	1171	49	1161	99.146	5.43723	35.4	58.2
P3_86_NODE_3579_length_1171_cov_0.433908	1	1171	34	1171	100	3.53544	36.3	56.5
P3_86_NODE_3580_length_1171_cov_0.421456	1	1171	37	1171	100	4.32195	35.4	60
P3_86_NODE_3581_length_1170_cov_0.850431	1	1170	77	1170	100	8.37436	35	51.3
P3_86_NODE_3582_length_1170_cov_0.711409	1	1170	63	1170	100	6.76496	36.1	51.3
P3_86_NODE_3583_length_1170_cov_0.528284	1	1170	35	1170	100	4.02479	35.8	60
P3_86_NODE_3584_length_1169_cov_1.434741	1	1169	98	1169	100	10.7109	35.8	52.2
P3_86_NODE_3585_length_1169_cov_0.508637	1	1169	33	1169	100	4.06501	35	60
P3_86_NODE_3586_length_1168_cov_37.186359	1	1168	2589	1168	100	304.885	35.2	58.6
P3_86_NODE_3587_length_1168_cov_20.855908	1	1168	1333	1168	100	158.214	36	58.9
P3_86_NODE_3588_length_1168_cov_0.931796	1	1168	54	1168	100	6.43065	35.5	60
P3_86_NODE_3589_length_1168_cov_0.618636	1	1168	34	1168	100	4.16096	35.7	60
P3_86_NODE_3590_length_1167_cov_0.999038	1	1167	52	1167	100	6.40531	35.8	60
P3_86_NODE_3591_length_1167_cov_0.962500	1	1167	151	1167	100	12.8646	35.9	48.2
P3_86_NODE_3592_length_1167_cov_0.777885	1	1167	49	1167	100	5.73865	35.2	59.9
P3_86_NODE_3593_length_1167_cov_0.585577	1	1167	36	1167	100	4.40788	35.6	60
P3_86_NODE_3594_length_1167_cov_0.529808	1	1167	36	1167	100	3.73779	35.3	52.5
P3_86_NODE_3595_length_1166_cov_0.623677	1	1166	40	1166	100	4.48456	35.2	54.5
P3_86_NODE_3596_length_1165_cov_0.745665	1	1165	45	1155	99.1416	5.36996	36.1	60
P3_86_NODE_3597_length_1164_cov_2.500482	1	1164	251	1164	100	30.6022	36.1	48.6
P3_86_NODE_3598_length_1164_cov_0.788814	1	1164	41	1164	100	5.04897	36.3	60
P3_86_NODE_3599_length_1164_cov_0.520733	1	1164	33	1164	100	3.73883	35.6	57.6
P3_86_NODE_3600_length_1163_cov_0.781853	1	1163	48	1163	100	5.63715	36.3	60
P3_86_NODE_3601_length_1163_cov_0.663127	1	1163	41	1163	100	4.76956	35.1	60
P3_86_NODE_3602_length_1162_cov_0.516908	1	1162	51	1162	100	5.04217	35.2	49.8
P3_86_NODE_3603_length_1161_cov_1.194391	1	1161	95	1161	100	10.9492	35.7	55.1
P3_86_NODE_3604_length_1161_cov_0.646035	1	1161	42	1161	100	4.80017	35.8	60
P3_86_NODE_3605_length_1161_cov_0.566731	1	1161	37	1152	99.2248	4.34539	35.7	60
P3_86_NODE_3606_length_1161_cov_0.378143	1	1161	30	1161	100	2.94143	35.1	60
P3_86_NODE_3607_length_1160_cov_1.222652	1	1160	66	1160	100	8.10086	35.1	59.5
P3_86_NODE_3608_length_1160_cov_0.957406	1	1160	57	1160	100	6.77155	35.8	60
P3_86_NODE_3609_length_1160_cov_0.474347	1	1160	31	1160	100	3.67586	35.6	60
P3_86_NODE_3610_length_1159_cov_1.718992	1	1159	120	1147	98.9646	13.9724	35.8	58.5
P3_86_NODE_3611_length_1159_cov_1.098837	1	1159	68	1159	100	7.86713	35.4	51.9
P3_86_NODE_3612_length_1159_cov_0.842054	1	1159	40	1159	100	5.11303	35.8	59
P3_86_NODE_3613_length_1158_cov_0.813773	1	1158	43	1158	100	5.27288	35.6	56.7
P3_86_NODE_3614_length_1158_cov_0.673133	1	1158	40	1158	100	4.50864	35.4	59.9
P3_86_NODE_3615_length_1158_cov_0.580019	1	1158	27	1158	100	3.48791	36.7	60
P3_86_NODE_3616_length_1157_cov_1.841748	1	1157	107	1157	100	12.6517	35.8	50.6
P3_86_NODE_3617_length_1157_cov_0.766019	1	1157	42	1157	100	5.02679	36.1	59.9
P3_86_NODE_3618_length_1157_cov_0.675728	1	1157	55	1157	100	6.35091	35.5	54.4
P3_86_NODE_3619_length_1156_cov_0.855199	1	1156	53	1156	100	6.28028	36	60
P3_86_NODE_3620_length_1156_cov_0.665695	1	1156	32	1156	100	4.06228	35.9	60
P3_86_NODE_3621_length_1156_cov_0.625850	1	1156	29	1156	100	3.69723	35.7	60
P3_86_NODE_3622_length_1156_cov_0.561710	1	1156	33	1156	100	3.93339	35.3	60
P3_86_NODE_3623_length_1155_cov_1.004864	1	1155	66	1155	100	7.34459	35.8	54.4
P3_86_NODE_3624_length_1155_cov_0.476654	1	1155	24	1155	100	2.80519	36.2	58.3
P3_86_NODE_3625_length_1155_cov_0.409533	1	1155	29	1155	100	3.18268	34.4	56.9
P3_86_NODE_3626_length_1154_cov_2.097371	1	1154	229	1154	100	25.0997	34.2	30.2
P3_86_NODE_3627_length_1153_cov_0.978558	1	1153	53	1153	100	6.56028	36.1	60
P3_86_NODE_3628_length_1153_cov_0.944444	1	1153	53	1153	100	6.50043	36	60
P3_86_NODE_3629_length_1153_cov_0.687135	1	1153	36	1153	100	4.4536	35.2	59.2
P3_86_NODE_3630_length_1153_cov_0.587719	1	1153	28	1153	100	3.62012	35.8	60
P3_86_NODE_3631_length_1152_cov_1.127805	1	1152	82	1139	98.8715	9.71007	35.8	58.9
P3_86_NODE_3632_length_1152_cov_0.730732	1	1152	33	1152	100	4.32552	35.6	60
P3_86_NODE_3633_length_1152_cov_0.657561	1	1152	42	1152	100	5.1467	35.7	60
P3_86_NODE_3634_length_1152_cov_0.522927	1	1152	29	1152	100	3.65278	35.6	60
P3_86_NODE_3635_length_1151_cov_7.363067	1	1151	513	1151	100	58.7897	35.7	60
P3_86_NODE_3636_length_1150_cov_2.018573	1	1150	119	1150	100	14.487	36	59.4
P3_86_NODE_3637_length_1150_cov_0.777126	1	1150	75	1150	100	7.73826	35.5	44.1
P3_86_NODE_3638_length_1150_cov_0.500489	1	1150	33	1150	100	3.93217	35	56.4
P3_86_NODE_3639_length_1149_cov_0.827789	1	1149	45	1149	100	5.47433	35.7	60
P3_86_NODE_3640_length_1149_cov_0.811155	1	1149	39	1149	100	4.93473	35.9	60
P3_86_NODE_3641_length_1149_cov_0.468689	1	1149	23	1149	100	2.96519	35.7	60
P3_86_NODE_3642_length_1148_cov_1.265426	1	1148	64	1132	98.6063	7.61847	35.7	56.5
P3_86_NODE_3643_length_1148_cov_0.576885	1	1148	33	1148	100	4.08537	36	60
P3_86_NODE_3644_length_1147_cov_0.992157	1	1147	58	1147	100	7.08457	35.9	60
P3_86_NODE_3645_length_1147_cov_0.525490	1	1147	29	1147	100	3.54664	35.5	55.9
P3_86_NODE_3646_length_1146_cov_2.692836	1	1146	440	1146	100	40.0131	35.9	27.9
P3_86_NODE_3647_length_1146_cov_0.414132	1	1146	27	1146	100	3.05585	35	56.1
P3_86_NODE_3648_length_1145_cov_5.365422	1	1145	720	1145	100	86.0576	34.9	30.3
P3_86_NODE_3649_length_1145_cov_1.005894	1	1145	58	1145	100	6.67598	35.7	58.2
P3_86_NODE_3650_length_1145_cov_0.701375	1	1145	71	1145	100	7.00611	35.5	39.6
P3_86_NODE_3651_length_1145_cov_0.604126	1	1145	41	1145	100	4.81834	36.1	60
P3_86_NODE_3652_length_1145_cov_0.538310	1	1145	33	1145	100	3.92227	36.1	60
P3_86_NODE_3653_length_1145_cov_0.291749	1	1145	21	1145	100	2.55022	35.2	60
P3_86_NODE_3654_length_1144_cov_36.127827	1	1144	2385	1144	100	285.63	35.9	58.6
P3_86_NODE_3655_length_1144_cov_0.626352	1	1144	52	1144	100	5.75874	35.9	53.7
P3_86_NODE_3656_length_1142_cov_0.655172	1	1142	33	1142	100	4.30736	35.4	60
P3_86_NODE_3657_length_1142_cov_0.629557	1	1142	29	1133	99.2119	3.79072	35.3	60
P3_86_NODE_3658_length_1140_cov_1.062192	1	1140	54	1140	100	6.78772	35.5	60
P3_86_NODE_3659_length_1140_cov_0.838105	1	1140	42	1140	100	5.37544	35.6	57.5
P3_86_NODE_3660_length_1139_cov_0.986166	1	1139	71	1130	99.2098	8.52151	36.2	56
P3_86_NODE_3661_length_1139_cov_0.881423	1	1139	42	1139	100	5.48112	35.9	60
P3_86_NODE_3662_length_1139_cov_0.732213	1	1139	115	1139	100	9.81563	35.1	36.3
P3_86_NODE_3663_length_1139_cov_0.649209	1	1139	29	1139	100	3.81826	36.2	60
P3_86_NODE_3664_length_1139_cov_0.393281	1	1139	24	1129	99.122	2.84636	35.4	60
P3_86_NODE_3665_length_1138_cov_2.251236	1	1138	695	1138	100	83.6863	35.4	33.6
P3_86_NODE_3666_length_1138_cov_0.962413	1	1138	52	1138	100	6.3594	35.6	58.4
P3_86_NODE_3667_length_1138_cov_0.403561	1	1138	20	1138	100	2.63181	35.6	60
P3_86_NODE_3668_length_1138_cov_0.350148	1	1138	27	1138	100	2.82777	35.6	51.1
P3_86_NODE_3669_length_1137_cov_0.899010	1	1137	55	1137	100	6.51891	35.8	56.8
P3_86_NODE_3670_length_1137_cov_0.726733	1	1137	44	1137	100	5.38259	35.7	60
P3_86_NODE_3671_length_1137_cov_0.595050	1	1137	33	1128	99.2084	4.146	35.2	60
P3_86_NODE_3672_length_1136_cov_2.547076	1	1136	153	1136	100	18.3908	35.8	55.7
P3_86_NODE_3673_length_1136_cov_0.867195	1	1136	51	1136	100	6.11092	35.8	60
P3_86_NODE_3674_length_1136_cov_0.731417	1	1136	39	1136	100	4.75528	35.7	59
P3_86_NODE_3675_length_1136_cov_0.439049	1	1136	20	1136	100	2.65581	35.6	60
P3_86_NODE_3676_length_1135_cov_2.385913	1	1135	148	1135	100	17.7119	35.8	56.8
P3_86_NODE_3677_length_1135_cov_0.691468	1	1135	47	1135	100	5.3207	35.2	51.4
P3_86_NODE_3678_length_1135_cov_0.546627	1	1135	29	1135	100	3.35683	36.4	54.7
P3_86_NODE_3679_length_1135_cov_0.463294	1	1135	27	1135	100	3.27577	35.5	60
P3_86_NODE_3680_length_1134_cov_0.821251	1	1134	39	1134	100	5.01852	35.6	60
P3_86_NODE_3681_length_1134_cov_0.533267	1	1134	26	1134	100	3.23633	35.4	57.4
P3_86_NODE_3682_length_1134_cov_0.486594	1	1134	31	1134	100	3.87125	35.6	60
P3_86_NODE_3683_length_1133_cov_0.790258	1	1133	41	1133	100	5.27008	35.7	60
P3_86_NODE_3684_length_1133_cov_0.647117	1	1133	40	1130	99.7352	4.95763	35.7	60
P3_86_NODE_3685_length_1133_cov_0.538767	1	1133	284	1133	100	11.3063	33	37.5
P3_86_NODE_3686_length_1132_cov_0.897512	1	1132	51	1132	100	6.23145	35.7	60
P3_86_NODE_3687_length_1132_cov_0.530348	1	1132	32	1132	100	4.03445	34.4	60
P3_86_NODE_3688_length_1131_cov_1.002988	1	1131	78	1131	100	8.23254	36	37.8
P3_86_NODE_3689_length_1131_cov_0.613546	1	1131	30	1131	100	3.83643	35.8	60
P3_86_NODE_3690_length_1130_cov_0.471585	1	1130	22	1130	100	2.81239	35.7	60
P3_86_NODE_3691_length_1129_cov_6.444112	1	1129	776	1129	100	81.0523	35.6	29.5
P3_86_NODE_3692_length_1129_cov_0.900200	1	1129	44	1129	100	5.58016	36.1	60
P3_86_NODE_3693_length_1129_cov_0.824351	1	1129	56	1129	100	6.68556	35.6	58.9
P3_86_NODE_3694_length_1129_cov_0.770459	1	1129	40	1129	100	4.93977	35.5	57.5
P3_86_NODE_3695_length_1128_cov_1.284715	1	1128	61	1128	100	7.82624	35.5	58
P3_86_NODE_3696_length_1126_cov_2.063063	1	1126	156	1126	100	16.6261	35.7	45
P3_86_NODE_3697_length_1126_cov_0.975976	1	1126	61	1126	100	7.18739	35.4	60
P3_86_NODE_3698_length_1126_cov_0.765766	1	1126	52	1126	100	6.5595	35.5	60
P3_86_NODE_3699_length_1126_cov_0.579580	1	1126	32	1126	100	3.77886	36.2	58.8
P3_86_NODE_3700_length_1125_cov_1.081162	1	1125	80	1125	100	8.80978	35.8	58.7
P3_86_NODE_3701_length_1125_cov_0.983968	1	1125	69	1125	100	7.39378	35.6	50.9
P3_86_NODE_3702_length_1125_cov_0.814629	1	1125	195	1125	100	16.728	35.6	30.3
P3_86_NODE_3703_length_1125_cov_0.782565	1	1125	54	1125	100	6.37511	35.9	57.2
P3_86_NODE_3704_length_1125_cov_0.666333	1	1125	36	1125	100	4.712	35.6	60
P3_86_NODE_3705_length_1124_cov_0.824473	1	1124	38	1124	100	5.04093	36	60
P3_86_NODE_3706_length_1124_cov_0.803410	1	1124	42	1124	100	5.25178	35.9	60
P3_86_NODE_3707_length_1124_cov_0.493480	1	1124	31	1124	100	3.70463	35.3	60
P3_86_NODE_3708_length_1123_cov_0.877510	1	1123	44	1123	100	5.73909	35.3	60
P3_86_NODE_3709_length_1123_cov_0.627510	1	1123	32	1123	100	4.09261	35.6	60
P3_86_NODE_3710_length_1123_cov_0.626506	1	1123	39	1123	100	4.22351	35.9	56.9
P3_86_NODE_3711_length_1123_cov_0.522088	1	1123	29	1114	99.1986	3.56901	35.7	60
P3_86_NODE_3712_length_1123_cov_0.493976	1	1123	29	1123	100	3.54319	36	60
P3_86_NODE_3713_length_1122_cov_0.636181	1	1122	50	1122	100	5.71925	36.1	55.9
P3_86_NODE_3714_length_1122_cov_0.636181	1	1122	45	1122	100	5.21034	35.2	58.9
P3_86_NODE_3715_length_1122_cov_0.619095	1	1122	34	1122	100	4.11943	35.7	60
P3_86_NODE_3716_length_1122_cov_0.480402	1	1122	26	1122	100	3.18627	36.5	60
P3_86_NODE_3717_length_1122_cov_0.477387	1	1122	27	1122	100	3.38948	35.9	60
P3_86_NODE_3718_length_1121_cov_0.544266	1	1121	27	1121	100	3.53167	35.6	60
P3_86_NODE_3719_length_1120_cov_33.568983	1	1120	1898	1120	100	232.635	35.9	59.2
P3_86_NODE_3720_length_1120_cov_0.660624	1	1120	30	1120	100	4.03839	35.9	60
P3_86_NODE_3721_length_1120_cov_0.602216	1	1120	38	1120	100	4.72054	35.1	60
P3_86_NODE_3722_length_1120_cov_0.569990	1	1120	60	1120	100	5.65268	36.1	49.2
P3_86_NODE_3723_length_1119_cov_0.300403	1	1119	20	1119	100	2.47989	36	60
P3_86_NODE_3724_length_1118_cov_0.520686	1	1118	30	1118	100	3.8068	35.4	60
P3_86_NODE_3725_length_1117_cov_9.224242	1	1117	658	1117	100	73.6535	35.7	53.4
P3_86_NODE_3726_length_1117_cov_0.982828	1	1117	54	1117	100	6.77261	36	60
P3_86_NODE_3727_length_1117_cov_0.956566	1	1117	50	1117	100	6.36258	35.8	60
P3_86_NODE_3728_length_1116_cov_37.261881	1	1116	2068	1116	100	262.313	35.8	57.8
P3_86_NODE_3729_length_1116_cov_0.501517	1	1116	26	1116	100	3.27688	35.4	60
P3_86_NODE_3730_length_1115_cov_1.137652	1	1115	67	1115	100	8.47623	35.8	60
P3_86_NODE_3731_length_1115_cov_1.027328	1	1115	46	1115	100	6.11211	35.9	60
P3_86_NODE_3732_length_1115_cov_0.699393	1	1115	36	1115	100	4.50404	35.7	58.9
P3_86_NODE_3733_length_1114_cov_0.825735	1	1114	50	1114	100	5.67325	35.9	58.4
P3_86_NODE_3734_length_1114_cov_0.684904	1	1114	37	1114	100	4.54399	35.6	58.9
P3_86_NODE_3735_length_1114_cov_0.597771	1	1114	29	1114	100	3.68402	34.9	57.7
P3_86_NODE_3736_length_1114_cov_0.572442	1	1114	32	1114	100	3.78725	35.8	58.8
P3_86_NODE_3737_length_1113_cov_2.032454	1	1113	120	1113	100	14.4358	35.4	59.9
P3_86_NODE_3738_length_1113_cov_0.578093	1	1113	42	1113	100	5.04043	35.6	60
P3_86_NODE_3739_length_1113_cov_0.567951	1	1113	28	1113	100	3.57053	35.3	60
P3_86_NODE_3740_length_1111_cov_1.125000	1	1111	132	1111	100	14.3024	35.2	29.4
P3_86_NODE_3741_length_1111_cov_0.515244	1	1111	29	1111	100	3.60486	36	60
P3_86_NODE_3742_length_1110_cov_0.771109	1	1110	51	1110	100	5.94054	35.9	57.6
P3_86_NODE_3743_length_1110_cov_0.577823	1	1110	26	1110	100	3.47928	35.3	60
P3_86_NODE_3744_length_1110_cov_0.522889	1	1110	31	1110	100	3.86757	36.1	60
P3_86_NODE_3745_length_1109_cov_1.285132	1	1109	103	1109	100	10.8034	35.9	46
P3_86_NODE_3746_length_1109_cov_0.761711	1	1109	38	1109	100	4.96844	35.9	60
P3_86_NODE_3747_length_1109_cov_0.721996	1	1109	36	1109	100	4.73039	35.1	58.3
P3_86_NODE_3748_length_1108_cov_0.605505	1	1108	36	1108	100	4.65253	35.7	60
P3_86_NODE_3749_length_1108_cov_0.585117	1	1108	40	1108	100	4.81679	36.1	60
P3_86_NODE_3750_length_1108_cov_0.566769	1	1108	31	1099	99.1877	3.8583	35.7	60
P3_86_NODE_3751_length_1107_cov_0.750000	1	1107	40	1107	100	5.2168	36	60
P3_86_NODE_3752_length_1107_cov_0.602041	1	1107	31	1107	100	3.84372	35.9	60
P3_86_NODE_3753_length_1107_cov_0.460204	1	1107	24	1107	100	3.14815	35.8	60
P3_86_NODE_3754_length_1107_cov_0.424490	1	1107	21	1107	100	2.78049	35.9	60
P3_86_NODE_3755_length_1106_cov_3.239019	1	1106	283	1106	100	30.8373	35.3	55.5
P3_86_NODE_3756_length_1106_cov_1.034729	1	1106	56	1106	100	6.92405	35.5	60
P3_86_NODE_3757_length_1106_cov_0.933606	1	1106	70	1106	100	7.38427	35.6	42
P3_86_NODE_3758_length_1106_cov_0.894791	1	1106	47	1106	100	6.1736	35.8	60
P3_86_NODE_3759_length_1106_cov_0.648621	1	1106	43	1106	100	4.62568	35.2	60
P3_86_NODE_3760_length_1106_cov_0.558733	1	1106	29	1106	100	3.57143	35.2	57.3
P3_86_NODE_3761_length_1106_cov_0.534219	1	1106	30	1106	100	3.55425	36.5	58.7
P3_86_NODE_3762_length_1105_cov_1.292434	1	1105	63	1105	100	8.05611	35.9	60
P3_86_NODE_3763_length_1105_cov_0.782209	1	1105	41	1105	100	4.82896	36.6	56
P3_86_NODE_3764_length_1105_cov_0.756646	1	1105	36	1105	100	4.73213	36.2	60
P3_86_NODE_3765_length_1105_cov_0.606339	1	1105	34	1095	99.095	4.06968	35.7	59.7
P3_86_NODE_3766_length_1105_cov_0.549080	1	1105	28	1105	100	3.6181	36.2	60
P3_86_NODE_3767_length_1105_cov_0.494888	1	1105	23	1105	100	3.05068	35.4	60
P3_86_NODE_3768_length_1104_cov_0.894575	1	1104	46	1104	100	6.01178	35.6	60
P3_86_NODE_3769_length_1102_cov_27.208205	1	1102	1628	1102	100	198.754	35.4	48.4
P3_86_NODE_3770_length_1102_cov_0.693333	1	1102	38	1102	100	4.86479	36.1	60
P3_86_NODE_3771_length_1102_cov_0.598974	1	1102	33	1102	100	4.13158	36.1	59.1
P3_86_NODE_3772_length_1102_cov_0.573333	1	1102	31	1102	100	3.97278	34.6	59.9
P3_86_NODE_3773_length_1102_cov_0.485128	1	1102	24	1102	100	3.04083	36.6	60
P3_86_NODE_3774_length_1101_cov_35.425051	1	1101	2270	1101	100	285.793	35.3	54.3
P3_86_NODE_3775_length_1101_cov_0.703285	1	1101	31	1101	100	4.19074	36	60
P3_86_NODE_3776_length_1099_cov_1.242798	1	1099	100	1096	99.727	11.646	35.6	47.6
P3_86_NODE_3777_length_1099_cov_0.466049	1	1099	42	1099	100	4.19108	35.8	54.6
P3_86_NODE_3778_length_1098_cov_4.051493	1	1098	1622	1098	100	199.622	36.3	28
P3_86_NODE_3779_length_1098_cov_1.951596	1	1098	132	1091	99.3625	16.3934	36.3	54.8
P3_86_NODE_3780_length_1098_cov_1.178167	1	1098	53	1098	100	7.23588	35.9	60
P3_86_NODE_3781_length_1098_cov_0.766220	1	1098	39	1098	100	4.88251	35.8	59
P3_86_NODE_3782_length_1098_cov_0.708548	1	1098	30	1072	97.6321	4.10474	35.8	60
P3_86_NODE_3783_length_1098_cov_0.693100	1	1098	38	1098	100	4.63297	35.3	56.8
P3_86_NODE_3784_length_1098_cov_0.578785	1	1098	35	1098	100	4.39891	35.8	60
P3_86_NODE_3785_length_1097_cov_1.254639	1	1097	66	1097	100	8.18505	35.9	54.4
P3_86_NODE_3786_length_1097_cov_1.073196	1	1097	48	1097	100	6.38195	35.4	60
P3_86_NODE_3787_length_1097_cov_0.955670	1	1097	82	1097	100	9.91431	36	57.4
P3_86_NODE_3788_length_1096_cov_0.943240	1	1096	47	1096	100	6.18157	35.5	60
P3_86_NODE_3789_length_1096_cov_0.710010	1	1096	35	1096	100	4.56752	35.8	59.8
P3_86_NODE_3790_length_1096_cov_0.607843	1	1096	35	1096	100	4.46533	35.9	60
P3_86_NODE_3791_length_1096_cov_0.575851	1	1096	31	1096	100	3.99635	36.4	59.9
P3_86_NODE_3792_length_1096_cov_0.373581	1	1096	24	1096	100	3.05109	36.2	58.7
P3_86_NODE_3793_length_1095_cov_1.742769	1	1095	123	1095	100	13.9215	35.6	46.6
P3_86_NODE_3794_length_1095_cov_0.613636	1	1095	29	1095	100	3.94247	35.4	60
P3_86_NODE_3795_length_1094_cov_0.638056	1	1094	46	1094	100	5.85101	34.6	59.3
P3_86_NODE_3796_length_1094_cov_0.585315	1	1094	29	1094	100	3.84735	35	60
P3_86_NODE_3797_length_1093_cov_1.152174	1	1093	60	1093	100	7.79597	36	60
P3_86_NODE_3798_length_1093_cov_0.788820	1	1093	41	1093	100	5.51967	35.5	60
P3_86_NODE_3799_length_1093_cov_0.614907	1	1093	34	1093	100	4.0613	36.3	58.8
P3_86_NODE_3800_length_1092_cov_0.845596	1	1092	37	1092	100	5.03755	35.4	60
P3_86_NODE_3801_length_1092_cov_0.667358	1	1092	35	1092	100	4.47527	35.8	58.3
P3_86_NODE_3802_length_1092_cov_0.660104	1	1092	31	1092	100	4.18498	36.1	60
P3_86_NODE_3803_length_1092_cov_0.460104	1	1092	27	1092	100	3.19505	36	56.7
P3_86_NODE_3804_length_1092_cov_0.414508	1	1092	23	1092	100	2.91667	35.2	60
P3_86_NODE_3805_length_1091_cov_0.900415	1	1091	43	1091	100	5.74794	35.9	59.5
P3_86_NODE_3806_length_1091_cov_0.704357	1	1091	34	1091	100	4.51146	35.9	60
P3_86_NODE_3807_length_1091_cov_0.681535	1	1091	36	1091	100	4.52704	35.3	59.9
P3_86_NODE_3808_length_1091_cov_0.355809	1	1091	29	1091	100	3.48579	35.5	60
P3_86_NODE_3809_length_1090_cov_1.008307	1	1090	54	1090	100	6.73945	35.5	56
P3_86_NODE_3810_length_1090_cov_0.653167	1	1090	40	1090	100	4.89358	35.3	59
P3_86_NODE_3811_length_1089_cov_2.824013	1	1089	177	1089	100	21.0514	34.9	60
P3_86_NODE_3812_length_1089_cov_0.781705	1	1089	38	1089	100	4.98898	35.9	60
P3_86_NODE_3813_length_1089_cov_0.572765	1	1089	27	1089	100	3.64187	36.3	60
P3_86_NODE_3814_length_1088_cov_0.675338	1	1088	39	1088	100	5.03493	35.5	60
P3_86_NODE_3815_length_1088_cov_0.660770	1	1088	31	1088	100	4.20496	35.1	60
P3_86_NODE_3816_length_1088_cov_0.626431	1	1088	54	1088	100	5.95588	35.6	60
P3_86_NODE_3817_length_1087_cov_13.385417	1	1087	689	1087	100	89.5787	35.9	57.5
P3_86_NODE_3818_length_1087_cov_0.944792	1	1087	45	1087	100	5.90616	35.4	60
P3_86_NODE_3819_length_1087_cov_0.822917	1	1087	41	1087	100	5.51702	35.3	60
P3_86_NODE_3820_length_1087_cov_0.282292	1	1087	15	1087	100	1.98252	34.9	56
P3_86_NODE_3821_length_1086_cov_2.502607	1	1086	145	1086	100	17.884	36.1	58.8
P3_86_NODE_3822_length_1086_cov_0.879041	1	1086	45	1086	100	5.83702	35.4	60
P3_86_NODE_3823_length_1086_cov_0.855057	1	1086	45	1086	100	5.68232	35.8	59.1
P3_86_NODE_3824_length_1086_cov_0.835245	1	1086	40	1086	100	5.24309	35.9	60
P3_86_NODE_3825_length_1086_cov_0.483837	1	1086	28	1086	100	3.67035	35.7	60
P3_86_NODE_3826_length_1086_cov_0.434828	1	1086	18	1086	100	2.50184	36.2	60
P3_86_NODE_3827_length_1085_cov_2.462422	1	1085	532	1085	100	65.2194	34	22.8
P3_86_NODE_3828_length_1085_cov_1.007307	1	1085	69	1085	100	8.73641	35	48.3
P3_86_NODE_3829_length_1085_cov_0.790188	1	1085	40	1085	100	5.21567	36.4	57
P3_86_NODE_3830_length_1084_cov_1.359457	1	1084	76	1084	100	9.83672	35.3	57.7
P3_86_NODE_3831_length_1084_cov_0.979101	1	1084	55	1084	100	7.11531	35.5	60
P3_86_NODE_3832_length_1083_cov_0.651674	1	1083	38	1054	97.3223	4.81071	35.9	60
P3_86_NODE_3833_length_1083_cov_0.550209	1	1083	36	1083	100	4.3241	35.4	59.5
P3_86_NODE_3834_length_1083_cov_0.519874	1	1083	24	1083	100	3.19114	35.4	60
P3_86_NODE_3835_length_1083_cov_0.371339	1	1083	30	1083	100	3.11357	35.5	48.3
P3_86_NODE_3836_length_1082_cov_1.028272	1	1082	124	1082	100	14.3614	35	38.2
P3_86_NODE_3837_length_1082_cov_0.616754	1	1082	33	1072	99.0758	4.28373	35.2	58.4
P3_86_NODE_3838_length_1081_cov_0.817610	1	1081	39	1081	100	5.10546	35.4	55.4
P3_86_NODE_3839_length_1081_cov_0.769392	1	1081	47	1081	100	5.79001	35.7	60
P3_86_NODE_3840_length_1081_cov_0.462264	1	1081	28	1081	100	3.53654	35.8	60
P3_86_NODE_3841_length_1080_cov_14.858342	1	1080	1210	1080	100	130.247	35.9	37.7
P3_86_NODE_3842_length_1080_cov_0.525708	1	1080	31	1080	100	3.89167	35.7	60
P3_86_NODE_3843_length_1079_cov_1.050420	1	1079	59	1079	100	7.11956	35.1	52.9
P3_86_NODE_3844_length_1079_cov_0.783613	1	1079	43	1079	100	5.34384	35.6	60
P3_86_NODE_3845_length_1079_cov_0.553571	1	1079	27	1079	100	3.74328	35.3	60
P3_86_NODE_3846_length_1079_cov_0.419118	1	1079	32	1079	100	3.68304	36.2	55.1
P3_86_NODE_3847_length_1078_cov_0.735016	1	1078	43	1078	100	5.19666	35.3	59.2
P3_86_NODE_3848_length_1077_cov_0.807368	1	1077	49	1077	100	6.15042	36.2	60
P3_86_NODE_3849_length_1077_cov_0.635789	1	1077	27	1077	100	3.75859	35.5	60
P3_86_NODE_3850_length_1077_cov_0.372632	1	1077	22	1077	100	2.71216	35.3	60
P3_86_NODE_3851_length_1077_cov_0.322105	1	1077	15	1077	100	2.02228	36.2	60
P3_86_NODE_3852_length_1076_cov_0.522655	1	1076	26	1076	100	3.43401	36.3	59.7
P3_86_NODE_3853_length_1076_cov_0.328767	1	1076	34	1076	100	3.5948	35.7	59.3
P3_86_NODE_3854_length_1075_cov_1.056962	1	1075	45	1075	100	6.27907	36	60
P3_86_NODE_3855_length_1075_cov_0.667722	1	1075	28	1075	100	3.93302	35	60
P3_86_NODE_3856_length_1074_cov_0.663147	1	1074	32	1074	100	4.28119	36.6	58.1
P3_86_NODE_3857_length_1074_cov_0.620908	1	1074	27	1074	100	3.65549	36	60
P3_86_NODE_3858_length_1074_cov_0.380148	1	1074	26	1074	100	3.23184	35.1	60
P3_86_NODE_3859_length_1072_cov_0.769312	1	1072	44	1072	100	5.56437	35.8	60
P3_86_NODE_3860_length_1072_cov_0.624339	1	1072	37	1072	100	4.48414	36.5	60
P3_86_NODE_3861_length_1072_cov_0.591534	1	1072	50	1072	100	5.74627	36.2	55.3
P3_86_NODE_3862_length_1072_cov_0.565079	1	1072	37	1072	100	4.52425	35.7	60
P3_86_NODE_3863_length_1072_cov_0.564021	1	1072	29	1072	100	3.76119	35.8	60
P3_86_NODE_3864_length_1071_cov_3.704449	1	1071	271	1071	100	31.5313	35.4	58.5
P3_86_NODE_3865_length_1071_cov_0.760593	1	1071	303	1071	100	33.3119	35.9	56.5
P3_86_NODE_3866_length_1071_cov_0.565678	1	1071	26	1071	100	3.66013	35.8	60
P3_86_NODE_3867_length_1070_cov_3.196182	1	1070	182	1070	100	23.0262	35.5	55.5
P3_86_NODE_3868_length_1070_cov_1.306469	1	1070	87	1070	100	10.3	35.8	50.1
P3_86_NODE_3869_length_1070_cov_0.707317	1	1070	33	1066	99.6262	4.53364	35.9	60
P3_86_NODE_3870_length_1070_cov_0.616119	1	1070	32	1070	100	4.12617	36.2	56.2
P3_86_NODE_3871_length_1070_cov_0.468717	1	1070	39	1070	100	4.16916	36.1	51.8
P3_86_NODE_3872_length_1070_cov_0.446448	1	1070	22	1070	100	2.81963	35.9	60
P3_86_NODE_3873_length_1069_cov_4.295117	1	1069	234	1069	100	30.1066	35.5	50.1
P3_86_NODE_3874_length_1069_cov_0.695329	1	1069	37	1069	100	4.87558	35.9	60
P3_86_NODE_3875_length_1069_cov_0.661359	1	1069	32	1059	99.0645	4.04771	35.5	59.4
P3_86_NODE_3876_length_1069_cov_0.651805	1	1069	35	1069	100	4.6623	35.7	60
P3_86_NODE_3877_length_1069_cov_0.574310	1	1069	24	1069	100	3.37138	35.9	60
P3_86_NODE_3878_length_1068_cov_1.438895	1	1068	115	1017	95.2247	12.588	36.2	53.5
P3_86_NODE_3879_length_1068_cov_0.763018	1	1068	39	1068	100	5.103	36.2	60
P3_86_NODE_3880_length_1067_cov_0.997872	1	1067	44	1067	100	6.14902	35.6	59.9
P3_86_NODE_3881_length_1067_cov_0.700000	1	1067	34	1067	100	4.63261	35.3	60
P3_86_NODE_3882_length_1067_cov_0.657447	1	1067	30	1067	100	4.08997	35.3	60
P3_86_NODE_3883_length_1067_cov_0.547872	1	1067	23	1067	100	3.25117	35.9	60
P3_86_NODE_3884_length_1067_cov_0.444681	1	1067	31	1067	100	3.49391	35.5	60
P3_86_NODE_3885_length_1066_cov_162.674121	1	1066	8467	1066	100	1120.54	35.8	59.1
P3_86_NODE_3886_length_1066_cov_16.968051	1	1066	888	1066	100	115.558	36	57.7
P3_86_NODE_3887_length_1066_cov_1.182109	1	1066	80	1066	100	9.69887	35.8	57.3
P3_86_NODE_3888_length_1066_cov_1.024494	1	1066	50	1066	100	6.88086	36.5	60
P3_86_NODE_3889_length_1066_cov_1.003195	1	1066	47	1066	100	6.31426	35.6	59.9
P3_86_NODE_3890_length_1066_cov_0.800852	1	1066	34	1066	100	4.76829	35.6	60
P3_86_NODE_3891_length_1066_cov_0.635783	1	1066	34	1066	100	4.52439	35.7	60
P3_86_NODE_3892_length_1066_cov_0.528222	1	1066	35	1066	100	4.36304	36.2	60
P3_86_NODE_3893_length_1065_cov_0.716418	1	1065	30	1065	100	4.25258	36.3	60
P3_86_NODE_3894_length_1065_cov_0.463753	1	1065	28	1065	100	3.26854	35.6	59.1
P3_86_NODE_3895_length_1065_cov_0.449893	1	1065	25	1065	100	3.09296	35.3	60
P3_86_NODE_3896_length_1064_cov_7.044824	1	1064	380	1064	100	49.6241	35.7	58.6
P3_86_NODE_3897_length_1064_cov_0.875133	1	1064	96	1064	100	9.47368	35.9	29.3
P3_86_NODE_3898_length_1064_cov_0.765208	1	1064	39	1064	100	5.07613	36	60
P3_86_NODE_3899_length_1064_cov_0.679829	1	1064	35	1064	100	4.59305	35.7	60
P3_86_NODE_3900_length_1064_cov_0.624333	1	1064	29	1064	100	3.9906	35.4	60
P3_86_NODE_3901_length_1064_cov_0.516542	1	1064	25	1064	100	3.38722	35.5	60
P3_86_NODE_3902_length_1063_cov_1.090812	1	1063	56	1063	100	7.49671	35.3	60
P3_86_NODE_3903_length_1063_cov_0.497863	1	1063	25	1063	100	3.41486	35.8	60
P3_86_NODE_3904_length_1063_cov_0.367521	1	1063	16	1063	100	2.27281	35.2	60
P3_86_NODE_3905_length_1062_cov_0.749733	1	1062	31	1062	100	4.38324	36.2	60
P3_86_NODE_3906_length_1062_cov_0.508021	1	1062	22	1062	100	2.99435	35.4	60
P3_86_NODE_3907_length_1061_cov_75.860814	1	1061	4799	1061	100	612.6	35.6	54.6
P3_86_NODE_3908_length_1061_cov_1.926768	1	1061	132	1061	100	15.8511	36.2	56.8
P3_86_NODE_3909_length_1061_cov_0.786938	1	1061	57	1061	100	7.21866	35.2	51.7
P3_86_NODE_3910_length_1061_cov_0.746253	1	1061	36	1061	100	4.94628	35.9	60
P3_86_NODE_3911_length_1060_cov_0.859593	1	1060	38	1050	99.0566	5.21509	34.4	60
P3_86_NODE_3912_length_1059_cov_0.870172	1	1059	43	1059	100	5.66006	35.8	60
P3_86_NODE_3913_length_1059_cov_0.725322	1	1059	107	1059	100	11.831	35.5	43
P3_86_NODE_3914_length_1059_cov_0.644850	1	1059	30	1059	100	4.1577	35.9	60
P3_86_NODE_3915_length_1059_cov_0.587983	1	1059	25	1059	100	3.53258	35.7	60
P3_86_NODE_3916_length_1058_cov_2.584318	1	1058	259	1058	100	27.2703	35.2	51.2
P3_86_NODE_3917_length_1058_cov_0.982814	1	1058	54	1058	100	6.68147	36.2	50.2
P3_86_NODE_3918_length_1058_cov_0.919441	1	1058	42	1058	100	5.7949	36.2	60
P3_86_NODE_3919_length_1058_cov_0.775510	1	1058	38	1058	100	4.97543	35.9	60
P3_86_NODE_3920_length_1058_cov_0.648765	1	1058	41	1058	100	5.11909	35.9	60
P3_86_NODE_3921_length_1058_cov_0.356606	1	1058	21	1058	100	2.8913	35.2	59.6
P3_86_NODE_3922_length_1056_cov_3.848224	1	1056	236	1056	100	30.268	35.3	41.5
P3_86_NODE_3923_length_1056_cov_0.695371	1	1056	28	1056	100	4.00379	36.2	60
P3_86_NODE_3924_length_1055_cov_0.738147	1	1055	39	1045	99.0521	5.19147	35.5	60
P3_86_NODE_3925_length_1055_cov_0.650862	1	1055	32	1055	100	4.38009	35.8	59.8
P3_86_NODE_3926_length_1054_cov_0.529666	1	1054	26	1054	100	3.49431	36.1	60
P3_86_NODE_3927_length_1054_cov_0.529666	1	1054	27	1046	99.241	3.47628	36	60
P3_86_NODE_3928_length_1053_cov_0.828294	1	1053	39	1053	100	5.40551	35.8	60
P3_86_NODE_3929_length_1053_cov_0.798056	1	1053	66	1053	100	7.45679	35.3	56.9
P3_86_NODE_3930_length_1053_cov_0.612311	1	1053	34	1053	100	4.43305	35.2	60
P3_86_NODE_3931_length_1053_cov_0.568035	1	1053	28	1053	100	3.82526	35.8	57.9
P3_86_NODE_3932_length_1053_cov_0.556156	1	1053	53	1053	100	6.24786	36.2	58.8
P3_86_NODE_3933_length_1053_cov_0.555076	1	1053	30	1053	100	4.16714	35.4	60
P3_86_NODE_3934_length_1053_cov_0.426566	1	1053	20	1053	100	2.75024	36.4	60
P3_86_NODE_3935_length_1052_cov_0.638919	1	1052	29	1052	100	3.88973	35.5	60
P3_86_NODE_3936_length_1052_cov_0.507027	1	1052	24	1052	100	3.28992	36.1	60
P3_86_NODE_3937_length_1051_cov_1.023810	1	1051	46	1051	100	6.48335	35.8	60
P3_86_NODE_3938_length_1051_cov_0.518398	1	1051	43	1051	100	4.79163	36.5	58
P3_86_NODE_3939_length_1051_cov_0.508658	1	1051	29	1051	100	3.55471	36.2	60
P3_86_NODE_3940_length_1051_cov_0.380952	1	1051	21	1051	100	2.83064	35.8	60
P3_86_NODE_3941_length_1050_cov_1.268689	1	1050	58	1050	100	7.90476	35.6	60
P3_86_NODE_3942_length_1050_cov_0.617551	1	1050	27	1050	100	3.72762	35.9	60
P3_86_NODE_3943_length_1049_cov_1.919740	1	1049	104	1049	100	13.3499	36	60
P3_86_NODE_3944_length_1049_cov_0.804772	1	1049	66	1049	100	7.43661	35.5	51.3
P3_86_NODE_3945_length_1049_cov_0.590022	1	1049	29	1049	100	3.88561	34.8	57.9
P3_86_NODE_3946_length_1048_cov_0.893594	1	1048	42	1048	100	5.43225	35.7	60
P3_86_NODE_3947_length_1048_cov_0.778502	1	1048	38	1048	100	5.19943	35.4	60
P3_86_NODE_3948_length_1048_cov_0.752443	1	1048	44	1048	100	5.74523	35.9	56.9
P3_86_NODE_3949_length_1047_cov_105.132609	1	1047	5177	1047	100	696.757	36	59.1
P3_86_NODE_3950_length_1047_cov_22.742391	1	1047	1909	1047	100	218.995	36	58.1
P3_86_NODE_3951_length_1047_cov_0.983696	1	1047	47	1047	100	6.41643	36.1	60
P3_86_NODE_3952_length_1047_cov_0.579348	1	1047	23	1047	100	3.3171	36	60
P3_86_NODE_3953_length_1046_cov_0.819369	1	1046	38	1046	100	5.09943	36.1	60
P3_86_NODE_3954_length_1046_cov_0.526659	1	1046	26	1046	100	3.58987	36	60
P3_86_NODE_3955_length_1046_cov_0.494015	1	1046	30	1046	100	3.6501	35.8	60
P3_86_NODE_3956_length_1046_cov_0.488575	1	1046	27	1046	100	3.51721	36.5	56.4
P3_86_NODE_3957_length_1046_cov_0.415669	1	1046	27	1046	100	3.74857	35.3	60
P3_86_NODE_3958_length_1045_cov_0.653595	1	1045	32	1045	100	4.38373	36.4	60
P3_86_NODE_3959_length_1045_cov_0.533769	1	1045	29	1045	100	3.80861	36.2	60
P3_86_NODE_3960_length_1045_cov_0.513072	1	1045	29	1045	100	3.5933	35.6	52.7
P3_86_NODE_3961_length_1045_cov_0.464052	1	1045	19	1035	99.0431	2.71579	34.6	60
P3_86_NODE_3962_length_1044_cov_0.874591	1	1044	44	1044	100	5.9751	35.4	60
P3_86_NODE_3963_length_1044_cov_0.797165	1	1044	37	1044	100	5.11686	35.7	60
P3_86_NODE_3964_length_1044_cov_0.745911	1	1044	29	1044	100	4.19349	35.3	60
P3_86_NODE_3965_length_1044_cov_0.618321	1	1044	28	1044	100	3.9569	36.3	60
P3_86_NODE_3966_length_1044_cov_0.419847	1	1044	17	1044	100	2.45115	35.8	60
P3_86_NODE_3967_length_1043_cov_9.718341	1	1043	539	1043	100	68.4104	35.3	56.9
P3_86_NODE_3968_length_1043_cov_1.108079	1	1043	50	1043	100	6.907	36.2	60
P3_86_NODE_3969_length_1043_cov_0.633188	1	1043	25	1043	100	3.61937	35.2	60
P3_86_NODE_3970_length_1043_cov_0.540393	1	1043	29	1043	100	4.01438	35.8	60
P3_86_NODE_3971_length_1043_cov_0.399563	1	1043	22	1043	100	2.7977	35.1	60
P3_86_NODE_3972_length_1041_cov_1.125821	1	1041	49	1041	100	6.94524	35.8	60
P3_86_NODE_3973_length_1041_cov_0.972648	1	1041	46	1041	100	6.09414	35.7	60
P3_86_NODE_3974_length_1041_cov_0.784464	1	1041	35	1041	100	4.96446	36.2	60
P3_86_NODE_3975_length_1041_cov_0.778993	1	1041	50	1041	100	6.18732	35.8	56.2
P3_86_NODE_3976_length_1041_cov_0.607221	1	1041	26	1041	100	3.70989	35.1	60
P3_86_NODE_3977_length_1041_cov_0.408096	1	1041	21	1041	100	2.8098	36.5	60
P3_86_NODE_3978_length_1040_cov_0.576123	1	1040	67	1040	100	6.75288	36.1	45.1
P3_86_NODE_3979_length_1040_cov_0.457831	1	1040	32	1040	100	4.14615	35.4	60
P3_86_NODE_3980_length_1039_cov_2.253289	1	1039	157	1039	100	18.2753	35.3	47.2
P3_86_NODE_3981_length_1039_cov_0.581140	1	1039	25	1039	100	3.57844	36.2	60
P3_86_NODE_3982_length_1039_cov_0.517544	1	1039	31	1039	100	4.02599	35.6	60
P3_86_NODE_3983_length_1039_cov_0.490132	1	1039	26	1039	100	3.52262	35.8	60
P3_86_NODE_3984_length_1038_cov_0.699232	1	1038	45	1038	100	5.63198	36	60
P3_86_NODE_3985_length_1038_cov_0.472009	1	1038	27	1038	100	3.4605	36	60
P3_86_NODE_3986_length_1038_cov_0.453348	1	1038	22	1038	100	3.12909	35.3	60
P3_86_NODE_3987_length_1037_cov_0.897802	1	1037	42	1037	100	6.00579	36.3	60
P3_86_NODE_3988_length_1037_cov_0.650549	1	1037	50	1037	100	5.69527	35.5	60
P3_86_NODE_3989_length_1037_cov_0.573626	1	1037	35	1037	100	3.99421	36.2	58.9
P3_86_NODE_3990_length_1037_cov_0.508791	1	1037	34	1037	100	4.09161	36	59.1
P3_86_NODE_3991_length_1037_cov_0.484615	1	1037	28	1037	100	3.69142	35.4	60
P3_86_NODE_3992_length_1036_cov_4.440044	1	1036	215	1036	100	28.4228	35.8	52.8
P3_86_NODE_3993_length_1036_cov_0.932893	1	1036	45	1036	100	6.18726	36.3	60
P3_86_NODE_3994_length_1036_cov_0.858086	1	1036	43	1036	100	5.77799	35.8	60
P3_86_NODE_3995_length_1036_cov_0.536854	1	1036	25	1036	100	3.55502	35.2	58.9
P3_86_NODE_3996_length_1036_cov_0.491749	1	1036	21	1036	100	2.98649	35.4	60
P3_86_NODE_3997_length_1036_cov_0.379538	1	1036	21	1036	100	2.90347	35.8	60
P3_86_NODE_3998_length_1035_cov_0.773128	1	1035	39	1035	100	5.48599	35.3	60
P3_86_NODE_3999_length_1035_cov_0.549559	1	1035	29	1035	100	3.76522	36.4	60
P3_86_NODE_4000_length_1034_cov_1.567806	1	1034	235	1034	100	27.0783	34.2	29
P3_86_NODE_4001_length_1034_cov_0.312018	1	1034	24	1034	100	2.60542	35.5	42.5
P3_86_NODE_4002_length_1033_cov_1.186534	1	1033	56	1033	100	7.85673	35.9	60
P3_86_NODE_4003_length_1033_cov_0.665563	1	1033	29	1033	100	4.06099	34.3	59.3
P3_86_NODE_4004_length_1033_cov_0.564018	1	1033	36	1033	100	4.62149	35.6	60
P3_86_NODE_4005_length_1032_cov_28.001105	1	1032	2550	1032	100	342.094	36.1	40
P3_86_NODE_4006_length_1032_cov_1.045304	1	1032	48	1032	100	6.62888	35.8	60
P3_86_NODE_4007_length_1032_cov_0.902762	1	1032	39	1032	100	5.52422	36.1	60
P3_86_NODE_4008_length_1032_cov_0.804420	1	1032	37	1032	100	5.22287	36.2	60
P3_86_NODE_4009_length_1032_cov_0.729282	1	1032	41	1032	100	5.56298	35.8	60
P3_86_NODE_4010_length_1032_cov_0.602210	1	1032	25	1032	100	3.47965	35.9	60
P3_86_NODE_4011_length_1031_cov_1.018805	1	1031	47	1031	100	6.31814	36.7	60
P3_86_NODE_4012_length_1031_cov_0.858407	1	1031	40	1031	100	5.58778	35.8	60
P3_86_NODE_4013_length_1031_cov_0.799779	1	1031	38	1031	100	5.20757	36.2	56.8
P3_86_NODE_4014_length_1031_cov_0.498894	1	1031	26	1031	100	3.613	35.6	60
P3_86_NODE_4015_length_1031_cov_0.298673	1	1031	18	1031	100	2.4937	36.2	60
P3_86_NODE_4016_length_1030_cov_1.564784	1	1030	80	1030	100	10.6922	35.6	57
P3_86_NODE_4017_length_1030_cov_0.337763	1	1030	20	1030	100	2.46019	36.3	56.7
P3_86_NODE_4018_length_1029_cov_0.751663	1	1029	36	1029	100	5.07775	35.5	60
P3_86_NODE_4019_length_1029_cov_0.443459	1	1029	19	1029	100	2.78426	35	60
P3_86_NODE_4020_length_1029_cov_0.441242	1	1029	27	1029	100	2.92906	36.3	48.7
P3_86_NODE_4021_length_1027_cov_3.226667	1	1027	161	1027	100	22.2668	35.8	57.6
P3_86_NODE_4022_length_1027_cov_0.724444	1	1027	38	1027	100	5.24343	36.6	60
P3_86_NODE_4023_length_1027_cov_0.704444	1	1027	52	1027	100	6.56475	34.8	60
P3_86_NODE_4024_length_1027_cov_0.521111	1	1027	50	1027	100	5.80331	35.6	55.7
P3_86_NODE_4025_length_1027_cov_0.465556	1	1027	25	1027	100	3.27751	35.9	60
P3_86_NODE_4026_length_1027_cov_0.386667	1	1027	18	1027	100	2.64654	36.4	60
P3_86_NODE_4027_length_1026_cov_207.043382	1	1026	11511	1026	100	1526.87	36.1	58
P3_86_NODE_4028_length_1026_cov_0.976641	1	1026	61	1026	100	7.99805	35.8	60
P3_86_NODE_4029_length_1026_cov_0.899889	1	1026	62	1026	100	7.46296	35	60
P3_86_NODE_4030_length_1026_cov_0.622914	1	1026	27	1026	100	3.92885	35.7	60
P3_86_NODE_4031_length_1026_cov_0.477197	1	1026	59	1026	100	5.68031	35.7	27.6
P3_86_NODE_4032_length_1026_cov_0.342603	1	1026	29	1026	100	3.05361	36.1	53.1
P3_86_NODE_4033_length_1025_cov_0.668151	1	1025	33	1025	100	4.49366	34.6	58.8
P3_86_NODE_4034_length_1024_cov_3.591973	1	1024	5048	1024	100	678.894	36.2	28.9
P3_86_NODE_4035_length_1024_cov_2.806020	1	1024	128	1022	99.8047	17.5801	35.9	56.6
P3_86_NODE_4036_length_1024_cov_1.005574	1	1024	92	1024	100	10.8594	36	59.6
P3_86_NODE_4037_length_1024_cov_0.930881	1	1024	44	1024	100	5.85742	35.3	59.5
P3_86_NODE_4038_length_1024_cov_0.894091	1	1024	44	1024	100	6.11035	36.5	60
P3_86_NODE_4039_length_1024_cov_0.594203	1	1024	30	1024	100	4.13086	35.7	55.1
P3_86_NODE_4040_length_1024_cov_0.586399	1	1024	32	1024	100	4.05566	36.6	58.8
P3_86_NODE_4041_length_1024_cov_0.537347	1	1024	23	1000	97.6562	3.25879	36.3	60
P3_86_NODE_4042_length_1023_cov_2.804688	1	1023	315	1023	100	35.9961	35.7	33.3
P3_86_NODE_4043_length_1023_cov_1.047991	1	1023	45	1023	100	6.42033	36.6	60
P3_86_NODE_4044_length_1023_cov_0.647321	1	1023	32	1023	100	4.31672	35.8	58.8
P3_86_NODE_4045_length_1023_cov_0.599330	1	1023	35	1023	100	4.56696	35.4	60
P3_86_NODE_4046_length_1023_cov_0.536830	1	1023	59	1023	100	5.58358	35.5	42.2
P3_86_NODE_4047_length_1023_cov_0.503348	1	1023	29	1002	97.9472	4.0391	36	60
P3_86_NODE_4048_length_1022_cov_203.146369	1	1022	11896	1022	100	1528.49	35.8	59.9
P3_86_NODE_4049_length_1022_cov_3.658101	1	1022	179	1022	100	23.9119	35.6	53.6
P3_86_NODE_4050_length_1022_cov_0.973184	1	1022	49	1022	100	6.42857	35.5	58.3
P3_86_NODE_4051_length_1022_cov_0.782123	1	1022	41	1022	100	5.47652	35.1	59.5
P3_86_NODE_4052_length_1022_cov_0.631285	1	1022	26	1022	100	3.72994	35.1	59.6
P3_86_NODE_4053_length_1022_cov_0.479330	1	1022	32	1022	100	4.02153	35.5	56.3
P3_86_NODE_4054_length_1021_cov_0.771812	1	1021	40	1021	100	5.44172	36.3	60
P3_86_NODE_4055_length_1021_cov_0.474273	1	1021	23	1021	100	3.22625	35.9	60
P3_86_NODE_4056_length_1021_cov_0.387025	1	1021	16	1012	99.1185	2.36631	35.7	60
P3_86_NODE_4057_length_1020_cov_1.628219	1	1020	124	1020	100	13.7275	35.5	43
P3_86_NODE_4058_length_1020_cov_1.063830	1	1020	59	1020	100	7.65588	35.7	56.9
P3_86_NODE_4059_length_1020_cov_0.631579	1	1020	35	1020	100	4.6902	35.8	60
P3_86_NODE_4060_length_1020_cov_0.464726	1	1020	23	1020	100	3.13235	35.6	60
P3_86_NODE_4061_length_1020_cov_0.376260	1	1020	38	1010	99.0196	3.61275	36.3	59.5
P3_86_NODE_4062_length_1019_cov_0.844170	1	1019	40	1019	100	5.78606	35.1	60
P3_86_NODE_4063_length_1019_cov_0.762332	1	1019	31	1019	100	4.5368	36	60
P3_86_NODE_4064_length_1019_cov_0.607623	1	1019	24	1019	100	3.53778	35.5	60
P3_86_NODE_4065_length_1019_cov_0.550448	1	1019	40	1019	100	4.91266	36.2	60
P3_86_NODE_4066_length_1019_cov_0.446188	1	1019	23	1019	100	3.16094	36.5	60
P3_86_NODE_4067_length_1019_cov_0.320628	1	1019	16	1019	100	2.37095	33.4	60
P3_86_NODE_4068_length_1019_cov_0.292601	1	1019	27	1019	100	3.17763	35.8	60
P3_86_NODE_4069_length_1018_cov_0.780022	1	1018	36	1018	100	5.22397	35.6	54.6
P3_86_NODE_4070_length_1018_cov_0.728395	1	1018	38	1018	100	4.97446	35.5	59.3
P3_86_NODE_4071_length_1018_cov_0.499439	1	1018	26	1018	100	3.48527	35.8	60
P3_86_NODE_4072_length_1018_cov_0.387205	1	1018	20	1018	100	2.8389	35.4	60
P3_86_NODE_4073_length_1017_cov_1.131461	1	1017	70	1017	100	8.32448	35.3	50.5
P3_86_NODE_4074_length_1017_cov_1.074157	1	1017	587	1017	100	80.0757	35.9	46
P3_86_NODE_4075_length_1017_cov_0.975281	1	1017	40	1017	100	5.85742	35.6	60
P3_86_NODE_4076_length_1017_cov_0.860674	1	1017	40	1017	100	5.55949	36	60
P3_86_NODE_4077_length_1017_cov_0.780899	1	1017	36	1017	100	4.82399	34.7	58.9
P3_86_NODE_4078_length_1017_cov_0.767416	1	1017	39	1017	100	5.38741	36.2	60
P3_86_NODE_4079_length_1017_cov_0.600000	1	1017	30	1017	100	4.08948	36.5	60
P3_86_NODE_4080_length_1016_cov_0.829021	1	1016	37	1016	100	5.30315	36	60
P3_86_NODE_4081_length_1016_cov_0.553431	1	1016	106	1016	100	7.49213	36.2	20.9
P3_86_NODE_4082_length_1016_cov_0.403825	1	1016	21	988	97.2441	2.73425	36.4	57.1
P3_86_NODE_4083_length_1016_cov_0.347582	1	1016	24	1016	100	3.16831	35.3	60
P3_86_NODE_4084_length_1015_cov_1.354730	1	1015	67	1015	100	9.18424	36.2	60
P3_86_NODE_4085_length_1014_cov_0.664036	1	1014	37	1014	100	5.10454	36	60
P3_86_NODE_4086_length_1014_cov_0.374295	1	1014	22	1014	100	3.06706	35.5	60
P3_86_NODE_4087_length_1013_cov_120.865688	1	1013	6295	1013	100	848.568	35.7	50.4
P3_86_NODE_4088_length_1013_cov_0.772009	1	1013	32	1013	100	4.76999	34.8	60
P3_86_NODE_4089_length_1013_cov_0.474041	1	1013	34	1013	100	4.33564	36.1	49.9
P3_86_NODE_4090_length_1013_cov_0.426637	1	1013	19	1013	100	2.76802	36.4	60
P3_86_NODE_4091_length_1012_cov_2.856497	1	1012	1000	1012	100	122.779	35.8	34.9
P3_86_NODE_4092_length_1012_cov_0.533333	1	1012	43	1012	100	5.52767	35.3	60
P3_86_NODE_4093_length_1012_cov_0.488136	1	1012	26	1002	99.0119	3.71344	35.6	60
P3_86_NODE_4094_length_1011_cov_1.197964	1	1011	78	1011	100	9.60435	35.9	56.6
P3_86_NODE_4095_length_1011_cov_0.867647	1	1011	37	1011	100	5.12265	36.2	56.8
P3_86_NODE_4096_length_1011_cov_0.694570	1	1011	33	1011	100	4.47676	36	60
P3_86_NODE_4097_length_1011_cov_0.562217	1	1011	38	1011	100	5.0821	36.2	60
P3_86_NODE_4098_length_1011_cov_0.532805	1	1011	29	1011	100	3.91988	35.9	59.2
P3_86_NODE_4099_length_1011_cov_0.492081	1	1011	28	1011	100	3.64985	35.2	47.1
P3_86_NODE_4100_length_1010_cov_1.123443	1	1010	49	1010	100	6.85248	35.5	60
P3_86_NODE_4101_length_1010_cov_0.688562	1	1010	33	1010	100	4.28911	36	57.8
P3_86_NODE_4102_length_1010_cov_0.475651	1	1010	25	1010	100	3.46832	36.4	60
P3_86_NODE_4103_length_1010_cov_0.463194	1	1010	22	1010	100	3.18911	35.2	60
P3_86_NODE_4104_length_1009_cov_1.026077	1	1009	101	1009	100	11.0159	36.3	39.4
P3_86_NODE_4105_length_1009_cov_0.879819	1	1009	34	1009	100	5.05253	36	60
P3_86_NODE_4106_length_1009_cov_0.656463	1	1009	34	1009	100	4.5223	34.9	60
P3_86_NODE_4107_length_1009_cov_0.596372	1	1009	35	1009	100	4.42616	35.8	60
P3_86_NODE_4108_length_1008_cov_1.093076	1	1008	66	1008	100	8.6498	35.4	57.7
P3_86_NODE_4109_length_1008_cov_0.753689	1	1008	57	1008	100	6.44643	36.1	53.4
P3_86_NODE_4110_length_1007_cov_1.025000	1	1007	46	1007	100	6.47071	36.1	60
P3_86_NODE_4111_length_1007_cov_0.759091	1	1007	41	1007	100	5.56207	35.9	58.5
P3_86_NODE_4112_length_1007_cov_0.518182	1	1007	30	1007	100	3.96922	35.3	56
P3_86_NODE_4113_length_1005_cov_0.799544	1	1005	39	1005	100	5.57413	36.4	58.6
P3_86_NODE_4114_length_1005_cov_0.534169	1	1005	24	1005	100	3.4199	35.9	60
P3_86_NODE_4115_length_1005_cov_0.529613	1	1005	27	1005	100	3.58507	34.6	58.5
P3_86_NODE_4116_length_1005_cov_0.374715	1	1005	35	1005	100	3.72338	35.9	37.1
P3_86_NODE_4117_length_1004_cov_0.936146	1	1004	43	1004	100	5.91733	35.5	60
P3_86_NODE_4118_length_1004_cov_0.475485	1	1004	27	1004	100	3.74004	35.4	60
P3_86_NODE_4119_length_1003_cov_0.781963	1	1003	35	1003	100	4.98305	35.5	60
P3_86_NODE_4120_length_1003_cov_0.780822	1	1003	34	1003	100	4.80359	35.8	60
P3_86_NODE_4121_length_1003_cov_0.670091	1	1003	41	1003	100	5.16849	36.2	54.8
P3_86_NODE_4122_length_1003_cov_0.541096	1	1003	37	969	96.6102	4.95713	36.2	56.7
P3_86_NODE_4123_length_1003_cov_0.527397	1	1003	24	1003	100	3.38784	35.7	60
P3_86_NODE_4124_length_1002_cov_0.749714	1	1002	39	1002	100	5.3024	35.4	60
P3_86_NODE_4125_length_1002_cov_0.691429	1	1002	29	1002	100	4.14571	36	60
P3_86_NODE_4126_length_1002_cov_0.690286	1	1002	38	1002	100	5.2505	35.9	60
P3_86_NODE_4127_length_1002_cov_0.608000	1	1002	34	1002	100	4.60279	35.8	58.8
P3_86_NODE_4128_length_1001_cov_1.263158	1	1001	56	1001	100	7.95804	35.5	60
P3_86_NODE_4129_length_1001_cov_0.862700	1	1001	44	1001	100	5.63836	35.9	54.5
P3_86_NODE_4130_length_1001_cov_0.536613	1	1001	22	1001	100	3.3007	34.7	60
P3_86_NODE_4131_length_1001_cov_0.402746	1	1001	28	1001	100	3.2967	36.4	60
P3_86_NODE_4132_length_1000_cov_0.933562	1	1000	45	1000	100	6.249	36.3	60
P3_86_NODE_4133_length_1000_cov_0.856816	1	1000	45	1000	100	5.676	35.5	60
