#rname	startpos	endpos	numreads	covbases	coverage	meandepth	meanbaseq	meanmapq
P4_19_NODE_1_length_1138494_cov_165.364412	1	1138494	10522068	1138494	100	1296.52	35.9	60
P4_19_NODE_2_length_515708_cov_166.814256	1	515708	4792882	515698	99.9981	1305.36	35.9	60
P4_19_NODE_3_length_296521_cov_34.695092	1	296521	564210	296521	100	266.741	35.9	60
P4_19_NODE_4_length_157749_cov_329.360901	1	157749	2914376	157749	100	2593.55	35.9	60
P4_19_NODE_5_length_101782_cov_28.443303	1	101782	154144	101782	100	214.757	35.7	59.8
P4_19_NODE_6_length_99659_cov_19.912711	1	99659	109690	99271	99.6107	154.79	35.7	59
P4_19_NODE_7_length_92951_cov_14.464912	1	92951	69736	92951	100	106.431	35.7	58.4
P4_19_NODE_8_length_74183_cov_97.283340	1	74183	402219	74183	100	759.347	35.9	59.5
P4_19_NODE_9_length_72813_cov_96.466775	1	72813	380856	72715	99.8654	743.216	35.7	59.1
P4_19_NODE_10_length_65215_cov_5.617718	1	65215	19404	65215	100	42.1649	35.7	59.8
P4_19_NODE_11_length_61805_cov_9.717306	1	61805	31934	61805	100	73.1263	35.7	59.8
P4_19_NODE_12_length_61677_cov_8.576556	1	61677	28029	61667	99.9838	64.2694	35.7	59.2
P4_19_NODE_13_length_59356_cov_20.127286	1	59356	63303	59159	99.6681	151.718	35.7	59.3
P4_19_NODE_14_length_55713_cov_14.164430	1	55713	41841	55617	99.8277	106.664	35.7	59.8
P4_19_NODE_15_length_49387_cov_5.899249	1	49387	15662	49387	100	44.7253	35.7	59.7
P4_19_NODE_16_length_46999_cov_17.418651	1	46999	43276	46999	100	130.913	35.6	59.8
P4_19_NODE_17_length_46185_cov_6.202527	1	46185	15302	46183	99.9957	46.7587	35.7	59.7
P4_19_NODE_18_length_43497_cov_13.712428	1	43497	32744	43497	100	105.649	35.7	58.3
P4_19_NODE_19_length_43426_cov_3.273932	1	43426	7811	43426	100	25.187	35.7	59.3
P4_19_NODE_20_length_41392_cov_11.147849	1	41392	24878	41392	100	85.113	35.7	59.5
P4_19_NODE_21_length_40470_cov_2.531344	1	40470	5425	40470	100	18.9376	35.7	59.5
P4_19_NODE_22_length_38796_cov_8.159870	1	38796	17156	38796	100	62.3238	35.6	58.8
P4_19_NODE_23_length_38596_cov_13.459695	1	38596	26908	38596	100	99.6591	35.8	59.9
P4_19_NODE_24_length_38461_cov_6.957166	1	38461	14135	38364	99.7478	52.0529	35.7	59.3
P4_19_NODE_25_length_38297_cov_12.909170	1	38297	26436	38297	100	97.7072	35.7	59.8
P4_19_NODE_26_length_37708_cov_11.120114	1	37708	22072	37708	100	82.9996	35.7	59.6
P4_19_NODE_27_length_36996_cov_7.517833	1	36996	14728	36996	100	56.2528	35.7	59.3
P4_19_NODE_28_length_36815_cov_4.356438	1	36815	8396	36813	99.9946	32.4435	35.7	59.8
P4_19_NODE_29_length_36444_cov_3.474103	1	36444	6723	36444	100	26.0788	35.7	59.2
P4_19_NODE_30_length_35867_cov_2.752322	1	35867	5451	35867	100	21.1332	35.8	59.3
P4_19_NODE_31_length_35540_cov_3.693531	1	35540	7155	35540	100	28.4048	35.7	59.6
P4_19_NODE_32_length_35230_cov_4.179928	1	35230	7896	35230	100	31.642	35.7	59.3
P4_19_NODE_33_length_34951_cov_5.219676	1	34951	10207	34922	99.917	40.8771	35.7	58.5
P4_19_NODE_34_length_34630_cov_5.641220	1	34630	10350	34630	100	42.3116	35.7	59.7
P4_19_NODE_35_length_34629_cov_15.923802	1	34629	29513	34629	100	120.436	35.8	59.7
P4_19_NODE_36_length_33862_cov_10.236816	1	33862	18638	33862	100	77.6804	35.7	59.3
P4_19_NODE_37_length_33698_cov_17.793899	1	33698	31454	33587	99.6706	132.43	35.8	59.4
P4_19_NODE_38_length_33180_cov_6.590264	1	33180	11910	33180	100	50.6777	35.7	58.8
P4_19_NODE_39_length_32960_cov_6.039168	1	32960	10829	32960	100	46.0707	35.8	59.6
P4_19_NODE_40_length_32847_cov_2.342176	1	32847	4103	32847	100	17.6622	35.7	59.8
P4_19_NODE_41_length_32615_cov_2.932129	1	32615	5067	32615	100	22.0252	35.8	59.9
P4_19_NODE_42_length_31965_cov_2.953358	1	31965	5009	31965	100	22.1902	35.7	59.5
P4_19_NODE_43_length_31916_cov_3.553368	1	31916	6165	31906	99.9687	27.1823	35.7	59
P4_19_NODE_44_length_31835_cov_8.745143	1	31835	14851	31835	100	66.0517	35.7	59.3
P4_19_NODE_45_length_31137_cov_2.419058	1	31137	4019	31137	100	18.2605	35.7	59.6
P4_19_NODE_46_length_30681_cov_8.086175	1	30681	13258	30681	100	61.3144	35.7	59.5
P4_19_NODE_47_length_30162_cov_5.121292	1	30162	8410	30044	99.6088	39.3334	35.6	58.1
P4_19_NODE_48_length_29965_cov_2.315537	1	29965	3667	29965	100	17.2778	35.7	58.8
P4_19_NODE_49_length_29562_cov_7.034007	1	29562	11836	29562	100	55.8099	35.7	58.9
P4_19_NODE_50_length_29435_cov_9.019824	1	29435	14366	29435	100	68.8331	35.7	59.6
P4_19_NODE_51_length_29186_cov_3.536013	1	29186	5485	29156	99.8972	26.5489	35.8	59.9
P4_19_NODE_52_length_28789_cov_2.935524	1	28789	4511	28789	100	22.1322	35.7	59.3
P4_19_NODE_53_length_28317_cov_2.190067	1	28317	3289	28317	100	16.3736	35.7	60
P4_19_NODE_54_length_28039_cov_6.059329	1	28039	9254	27931	99.6148	46.4677	35.6	58.6
P4_19_NODE_55_length_27874_cov_3.921109	1	27874	6179	27874	100	30.753	35.8	59.1
P4_19_NODE_56_length_27821_cov_2.755290	1	27821	4172	27813	99.9712	20.9996	35.7	58.7
P4_19_NODE_57_length_26867_cov_1.933508	1	26867	2905	26867	100	15.0025	35.6	58.6
P4_19_NODE_58_length_25821_cov_2.845256	1	25821	3879	25821	100	21.3063	35.7	59.8
P4_19_NODE_59_length_25459_cov_2.165640	1	25459	2926	25459	100	16.2754	35.7	59.8
P4_19_NODE_60_length_25284_cov_4.227849	1	25284	5707	25284	100	31.9707	35.7	59.6
P4_19_NODE_61_length_25232_cov_11.300578	1	25232	15152	25135	99.6156	85.1922	35.7	59.3
P4_19_NODE_62_length_25055_cov_2.899832	1	25055	3876	25055	100	21.8504	35.7	59.1
P4_19_NODE_63_length_24862_cov_5.946473	1	24862	8032	24862	100	45.606	35.7	58.9
P4_19_NODE_64_length_24727_cov_3.285691	1	24727	4329	24727	100	24.6766	35.7	59.7
P4_19_NODE_65_length_24713_cov_2.337143	1	24713	3141	24713	100	17.902	35.7	58.6
P4_19_NODE_66_length_24196_cov_4.409115	1	24196	5831	24196	100	33.7593	35.7	59.8
P4_19_NODE_67_length_24159_cov_27.306841	1	24159	35048	24159	100	205.632	35.7	59.9
P4_19_NODE_68_length_24091_cov_2.077241	1	24091	2745	24091	100	16.1876	35.8	59
P4_19_NODE_69_length_23681_cov_1.379384	1	23681	1789	23681	100	10.5456	35.7	59.6
P4_19_NODE_70_length_23628_cov_2.141909	1	23628	2659	23628	100	15.8752	35.7	59.6
P4_19_NODE_71_length_23602_cov_2.860362	1	23602	3617	23592	99.9576	21.6133	35.6	59.7
P4_19_NODE_72_length_23417_cov_3.463933	1	23417	4450	23417	100	26.5891	35.8	59.3
P4_19_NODE_73_length_23414_cov_7.916606	1	23414	10484	23414	100	63.3291	35.6	58
P4_19_NODE_74_length_23242_cov_3.924724	1	23242	4804	23242	100	29.3927	35.7	59.7
P4_19_NODE_75_length_23148_cov_2.074367	1	23148	2634	23148	100	15.8827	35.8	59.6
P4_19_NODE_76_length_23120_cov_3.997999	1	23120	4984	23120	100	30.2964	35.7	59.6
P4_19_NODE_77_length_22820_cov_3.215309	1	22820	3866	22820	100	23.9521	35.7	59.2
P4_19_NODE_78_length_22802_cov_22.427431	1	22802	26836	22802	100	167.327	35.7	59.8
P4_19_NODE_79_length_22696_cov_3.350747	1	22696	4115	22696	100	25.5487	35.7	59.4
P4_19_NODE_80_length_22609_cov_2.560849	1	22609	3103	22609	100	19.3177	35.8	59.2
P4_19_NODE_81_length_22585_cov_2.078369	1	22585	2497	22585	100	15.5332	35.8	59.1
P4_19_NODE_82_length_22475_cov_2.419903	1	22475	2933	22475	100	18.3569	35.7	59.9
P4_19_NODE_83_length_22404_cov_4.405800	1	22404	5272	22304	99.5537	33.1345	35.7	58.9
P4_19_NODE_84_length_22402_cov_5.184198	1	22402	6046	22392	99.9554	38.3931	35.7	59.8
P4_19_NODE_85_length_22318_cov_2.343743	1	22318	2912	22318	100	18.2312	35.7	58.7
P4_19_NODE_86_length_22247_cov_12.699864	1	22247	15189	22247	100	96.4913	35.7	59.6
P4_19_NODE_87_length_22173_cov_1.973737	1	22173	2351	22173	100	14.8656	35.7	58.9
P4_19_NODE_88_length_22146_cov_6.895363	1	22146	8210	22146	100	52.3361	35.8	59.6
P4_19_NODE_89_length_21999_cov_6.000274	1	21999	7021	21999	100	45.0795	35.7	59.5
P4_19_NODE_90_length_21789_cov_3.432370	1	21789	4344	21789	100	27.9885	35.6	58.2
P4_19_NODE_91_length_21721_cov_8.487126	1	21721	9865	21721	100	64.131	35.7	59.5
P4_19_NODE_92_length_21642_cov_2.935115	1	21642	3606	21642	100	23.4381	35.6	55.9
P4_19_NODE_93_length_21592_cov_4.497228	1	21592	5281	21592	100	34.1845	35.8	58.8
P4_19_NODE_94_length_21436_cov_3.905580	1	21436	4506	21436	100	29.6072	35.8	59.6
P4_19_NODE_95_length_21278_cov_4.433644	1	21278	4958	21278	100	32.9927	35.7	59.5
P4_19_NODE_96_length_20607_cov_1.976465	1	20607	2282	20607	100	15.5052	35.7	59.1
P4_19_NODE_97_length_20522_cov_6.969257	1	20522	7556	20522	100	52.2311	35.6	58.8
P4_19_NODE_98_length_20394_cov_3.258006	1	20394	3664	20394	100	25.0098	35.7	58.8
P4_19_NODE_99_length_20217_cov_2.549577	1	20217	2895	20217	100	19.9676	35.6	58
P4_19_NODE_100_length_20115_cov_3.834501	1	20115	4216	20115	100	29.362	35.6	59.2
P4_19_NODE_101_length_19822_cov_1.962782	1	19822	2080	19822	100	14.7625	35.7	59.4
P4_19_NODE_102_length_19769_cov_4.753386	1	19769	5014	19769	100	35.8015	35.8	59.5
P4_19_NODE_103_length_19634_cov_2.769980	1	19634	2980	19634	100	21.3347	35.7	59.2
P4_19_NODE_104_length_19612_cov_1.908648	1	19612	2047	19567	99.7705	14.5943	35.6	59.2
P4_19_NODE_105_length_19547_cov_1.480278	1	19547	1538	19547	100	11.1132	35.8	59.9
P4_19_NODE_106_length_19506_cov_12.789514	1	19506	13167	19506	100	95.7818	35.7	60
P4_19_NODE_107_length_19040_cov_2.696769	1	19040	2792	19040	100	20.8585	35.7	59.4
P4_19_NODE_108_length_18940_cov_14.017913	1	18940	14136	18940	100	105.646	35.7	59.4
P4_19_NODE_109_length_18910_cov_3.091253	1	18910	3095	18910	100	23.0722	35.7	59.3
P4_19_NODE_110_length_18483_cov_11.619253	1	18483	11414	18483	100	87.3057	35.7	59.8
P4_19_NODE_111_length_18230_cov_3.396785	1	18230	3417	18230	100	26.512	35.7	57.8
P4_19_NODE_112_length_18131_cov_3.631138	1	18131	3687	18131	100	28.1114	35.7	59.9
P4_19_NODE_113_length_17951_cov_3.519917	1	17951	3748	17951	100	28.5452	35.7	56.9
P4_19_NODE_114_length_17941_cov_3.024644	1	17941	2899	17941	100	22.8003	35.6	59.3
P4_19_NODE_115_length_17871_cov_2.960775	1	17871	2741	17871	100	21.7999	35.8	59.5
P4_19_NODE_116_length_17772_cov_1.493114	1	17772	1439	17762	99.9437	11.3687	35.7	59.9
P4_19_NODE_117_length_17606_cov_1.589450	1	17606	1493	17597	99.9489	11.9971	35.7	60
P4_19_NODE_118_length_17315_cov_2.273388	1	17315	2154	17315	100	17.4988	35.8	59.9
P4_19_NODE_119_length_17119_cov_1.619409	1	17119	1532	17119	100	12.4199	35.7	58.4
P4_19_NODE_120_length_17031_cov_10.069155	1	17031	9174	16932	99.4187	75.7571	35.7	59.3
P4_19_NODE_121_length_17029_cov_1.432612	1	17029	1312	17019	99.9413	10.8265	35.8	59.9
P4_19_NODE_122_length_16710_cov_2.615269	1	16710	2358	16710	100	19.8265	35.8	59.8
P4_19_NODE_123_length_16567_cov_1.465876	1	16567	1291	16557	99.9396	10.9433	35.8	59.7
P4_19_NODE_124_length_16531_cov_7.226286	1	16531	6454	16531	100	55.0674	35.7	59.3
P4_19_NODE_125_length_16479_cov_1.450893	1	16479	1341	16470	99.9454	11.3376	35.5	58.8
P4_19_NODE_126_length_16289_cov_2.632719	1	16289	2233	16289	100	19.4855	35.7	59.7
P4_19_NODE_127_length_16278_cov_31.548263	1	16278	27652	16278	100	239.987	35.6	59.5
P4_19_NODE_128_length_16233_cov_3.192226	1	16233	3184	16133	99.384	27.4151	35.7	56.6
P4_19_NODE_129_length_16202_cov_1.319502	1	16202	1154	16202	100	9.95457	35.8	58.9
P4_19_NODE_130_length_16176_cov_3.398779	1	16176	3206	16176	100	27.7386	35.7	55.9
P4_19_NODE_131_length_16118_cov_16.336064	1	16118	13799	16118	100	121.891	35.6	59.8
P4_19_NODE_132_length_15827_cov_5.305223	1	15827	4487	15827	100	39.986	35.7	59.9
P4_19_NODE_133_length_15765_cov_2.245748	1	15765	1937	15765	100	17.1017	35.7	59.1
P4_19_NODE_134_length_15750_cov_1.729309	1	15750	1410	15750	100	12.7377	35.8	59.8
P4_19_NODE_135_length_15617_cov_16.336411	1	15617	13677	15617	100	123.355	35.7	59.8
P4_19_NODE_136_length_15576_cov_6.949835	1	15576	6111	15576	100	54.7746	35.7	59.2
P4_19_NODE_137_length_15507_cov_1.381925	1	15507	1112	15498	99.942	10.1845	35.8	59.9
P4_19_NODE_138_length_15140_cov_1.245987	1	15140	975	15130	99.9339	9.07391	35.8	59
P4_19_NODE_139_length_15028_cov_16.963090	1	15028	13868	15028	100	130.194	35.7	58.7
P4_19_NODE_140_length_14684_cov_1.629319	1	14684	1297	14684	100	12.3372	35.8	57.9
P4_19_NODE_141_length_14612_cov_2.957197	1	14612	2253	14612	100	21.9626	35.7	59.8
P4_19_NODE_142_length_14545_cov_4.770495	1	14545	3722	14545	100	35.972	35.7	59.8
P4_19_NODE_143_length_14517_cov_2.443919	1	14517	1994	14517	100	18.8524	35.9	57.3
P4_19_NODE_144_length_14495_cov_2.730930	1	14495	2146	14485	99.931	20.7212	35.7	58.7
P4_19_NODE_145_length_14434_cov_2.229119	1	14434	1719	14434	100	16.7755	35.8	59.5
P4_19_NODE_146_length_14165_cov_2.186209	1	14165	1705	14163	99.9859	16.9195	35.7	59
P4_19_NODE_147_length_14107_cov_2.260801	1	14107	1795	14107	100	17.6059	35.7	58.8
P4_19_NODE_148_length_14106_cov_6.833035	1	14106	5368	14106	100	52.9582	35.8	59.3
P4_19_NODE_149_length_14071_cov_2.055006	1	14071	1562	14062	99.936	15.5074	35.7	59.2
P4_19_NODE_150_length_14042_cov_4.343945	1	14042	3550	14042	100	35.1107	35.8	57.1
P4_19_NODE_151_length_14023_cov_5.782815	1	14023	4323	14023	100	43.5077	35.7	59.7
P4_19_NODE_152_length_13922_cov_10.584995	1	13922	7944	13922	100	80.3584	35.6	56.9
P4_19_NODE_153_length_13861_cov_1.630916	1	13861	1223	13853	99.9423	12.4093	35.6	58.8
P4_19_NODE_154_length_13605_cov_1.997997	1	13605	1445	13605	100	14.9902	35.8	59.8
P4_19_NODE_155_length_13597_cov_5.112769	1	13597	3851	13597	100	39.7457	35.8	58.7
P4_19_NODE_156_length_13320_cov_1.266884	1	13320	892	13320	100	9.41839	35.7	59.7
P4_19_NODE_157_length_13318_cov_1.338413	1	13318	935	13308	99.9249	9.94556	35.7	59.8
P4_19_NODE_158_length_13216_cov_2.098250	1	13216	1479	13216	100	15.7753	35.6	59.5
P4_19_NODE_159_length_13216_cov_1.367179	1	13216	945	13206	99.9243	10.1029	35.8	59.3
P4_19_NODE_160_length_13052_cov_2.240077	1	13052	1712	13052	100	18.154	35.7	58.2
P4_19_NODE_161_length_12832_cov_16.903188	1	12832	11460	12832	100	126.41	35.7	58.8
P4_19_NODE_162_length_12831_cov_1.873741	1	12831	1263	12831	100	13.903	35.5	59.6
P4_19_NODE_163_length_12761_cov_1.786608	1	12761	1252	12761	100	13.773	35.7	58.9
P4_19_NODE_164_length_12565_cov_3.492764	1	12565	2316	12565	100	25.9732	35.8	59.8
P4_19_NODE_165_length_12449_cov_1.491803	1	12449	994	12449	100	11.223	35.7	58.9
P4_19_NODE_166_length_12430_cov_3.652280	1	12430	2470	12430	100	28.1795	35.6	57.7
P4_19_NODE_167_length_12384_cov_2.236844	1	12384	1849	12384	100	20.4934	35.2	53.6
P4_19_NODE_168_length_12261_cov_2.378935	1	12261	1645	12261	100	18.5614	35.6	58.8
P4_19_NODE_169_length_12098_cov_1.215187	1	12098	794	12098	100	9.20838	35.7	60
P4_19_NODE_170_length_12084_cov_3.803630	1	12084	2676	12084	100	30.4255	35.9	60
P4_19_NODE_171_length_12031_cov_233.948429	1	12031	155533	12031	100	1806.1	35.9	59.9
P4_19_NODE_172_length_11913_cov_4.305702	1	11913	2853	11913	100	33.2559	35.8	59.9
P4_19_NODE_173_length_11833_cov_2.044422	1	11833	1302	11833	100	15.3713	35.8	59.5
P4_19_NODE_174_length_11675_cov_1.040267	1	11675	707	11665	99.9143	8.29242	35.6	55.7
P4_19_NODE_175_length_11605_cov_1.533891	1	11605	1027	11599	99.9483	12.1028	35.8	57.9
P4_19_NODE_176_length_11464_cov_1.269648	1	11464	813	11464	100	9.83479	35.5	58.4
P4_19_NODE_177_length_11369_cov_2.306173	1	11369	1566	11366	99.9736	18.7502	35.8	56.1
P4_19_NODE_178_length_11353_cov_2.098967	1	11353	1287	11353	100	15.9044	35.8	58.5
P4_19_NODE_179_length_11260_cov_3.332615	1	11260	2216	11260	100	27.2489	35.6	56.3
P4_19_NODE_180_length_11195_cov_3.590712	1	11195	2159	11191	99.9643	27.192	35.8	59.8
P4_19_NODE_181_length_11167_cov_0.918931	1	11167	559	11158	99.9194	6.88573	35.7	58.9
P4_19_NODE_182_length_11104_cov_1.707570	1	11104	1347	11095	99.9189	16.4325	35.5	56.4
P4_19_NODE_183_length_11103_cov_3.178298	1	11103	1857	11103	100	23.7117	35.7	59.1
P4_19_NODE_184_length_11019_cov_1.104756	1	11019	684	11019	100	8.55304	35.7	57.6
P4_19_NODE_185_length_10966_cov_1.462220	1	10966	849	10959	99.9362	10.9577	35.9	59.9
P4_19_NODE_186_length_10856_cov_1.435642	1	10856	857	10841	99.8618	11.0203	35.8	59.2
P4_19_NODE_187_length_10813_cov_5.910256	1	10813	3675	10717	99.1122	45.9276	35.7	57.1
P4_19_NODE_188_length_10707_cov_2.548960	1	10707	1550	10707	100	20.1042	35.7	58
P4_19_NODE_189_length_10635_cov_1.570042	1	10635	896	10635	100	11.7635	35.8	58.9
P4_19_NODE_190_length_10612_cov_4.233190	1	10612	2385	10612	100	31.642	35.8	59.7
P4_19_NODE_191_length_10525_cov_3.173206	1	10525	1937	10515	99.905	25.4488	35.6	59.8
P4_19_NODE_192_length_10462_cov_2.276826	1	10462	1223	10462	100	16.6391	35.9	59.9
P4_19_NODE_193_length_10423_cov_1.665016	1	10423	935	10423	100	12.5656	35.8	59.6
P4_19_NODE_194_length_10403_cov_1.150545	1	10403	651	10403	100	8.75017	35.9	59.4
P4_19_NODE_195_length_10381_cov_1.614199	1	10381	877	10372	99.9133	11.9933	35.8	59.5
P4_19_NODE_196_length_10372_cov_5.649780	1	10372	3270	10372	100	43.7948	35.6	58.1
P4_19_NODE_197_length_10365_cov_1.597285	1	10365	905	10365	100	12.1446	35.6	59.5
P4_19_NODE_198_length_10048_cov_3.738534	1	10048	2077	10048	100	28.6835	35.8	59.1
P4_19_NODE_199_length_10032_cov_1.218778	1	10032	690	10032	100	9.61433	35.5	59.6
P4_19_NODE_200_length_9968_cov_1.303933	1	9968	772	9958	99.8997	10.4963	35.7	58
P4_19_NODE_201_length_9872_cov_1.367163	1	9872	745	9862	99.8987	10.4588	35.7	59.2
P4_19_NODE_202_length_9856_cov_2.342790	1	9856	1510	9856	100	20.7133	35.8	57
P4_19_NODE_203_length_9842_cov_2.055069	1	9842	1139	9842	100	16.0037	35.7	59.6
P4_19_NODE_204_length_9841_cov_2.080502	1	9841	1243	9841	100	17.3783	35.6	58.9
P4_19_NODE_205_length_9837_cov_1.046653	1	9837	534	9827	99.8983	7.67165	35.6	59
P4_19_NODE_206_length_9739_cov_2.164690	1	9739	1198	9735	99.9589	17.0119	35.8	58.2
P4_19_NODE_207_length_9726_cov_3.205438	1	9726	1631	9726	100	23.716	35.6	59.5
P4_19_NODE_208_length_9709_cov_1.126278	1	9709	615	9709	100	8.80245	35.8	59.5
P4_19_NODE_209_length_9665_cov_2.495282	1	9665	1574	9665	100	22.3318	35.8	56.4
P4_19_NODE_210_length_9562_cov_3.992581	1	9562	2202	9562	100	31.919	35.5	59
P4_19_NODE_211_length_9521_cov_2.594103	1	9521	1366	9501	99.7899	20.147	35.7	58.3
P4_19_NODE_212_length_9415_cov_2.033376	1	9415	1046	9415	100	15.5157	35.6	57.7
P4_19_NODE_213_length_9304_cov_3.359050	1	9304	1472	9304	100	21.5346	35.7	52.2
P4_19_NODE_214_length_9223_cov_48.549198	1	9223	24847	9223	100	374.701	35.9	60
P4_19_NODE_215_length_8986_cov_4.729879	1	8986	2221	8986	100	35.1792	35.7	59.5
P4_19_NODE_216_length_8967_cov_2.894344	1	8967	1428	8967	100	22.343	35.7	58.8
P4_19_NODE_217_length_8962_cov_3.012903	1	8962	1396	8960	99.9777	22.1022	35.6	59.1
P4_19_NODE_218_length_8890_cov_1.449275	1	8890	730	8890	100	11.2669	35.8	59.3
P4_19_NODE_219_length_8890_cov_1.369508	1	8890	672	8872	99.7975	10.526	35.6	59.5
P4_19_NODE_220_length_8851_cov_1.744269	1	8851	868	8841	99.887	13.5573	35.6	58.9
P4_19_NODE_221_length_8804_cov_1.390688	1	8804	628	8804	100	10.1675	35.8	59.1
P4_19_NODE_222_length_8684_cov_0.906743	1	8684	418	8674	99.8848	6.77959	35.7	60
P4_19_NODE_223_length_8661_cov_2.200492	1	8661	1023	8661	100	16.4749	35.7	59.7
P4_19_NODE_224_length_8633_cov_1.197508	1	8633	539	8633	100	8.6884	35.9	59.5
P4_19_NODE_225_length_8630_cov_1.559097	1	8630	717	8630	100	11.6592	35.5	58.6
P4_19_NODE_226_length_8629_cov_0.776406	1	8629	356	8629	100	5.73867	36	59.6
P4_19_NODE_227_length_8617_cov_1.443110	1	8617	682	8617	100	11.0542	35.6	58.4
P4_19_NODE_228_length_8492_cov_1.890018	1	8492	856	8492	100	14.1028	35.8	59.1
P4_19_NODE_229_length_8415_cov_1.470560	1	8415	641	8415	100	10.7962	35.7	59.1
P4_19_NODE_230_length_8410_cov_0.986358	1	8410	457	8410	100	7.55838	35.8	58.4
P4_19_NODE_231_length_8316_cov_2.344120	1	8316	1114	8316	100	18.5874	35.8	58.4
P4_19_NODE_232_length_8286_cov_3.579238	1	8286	1612	8286	100	27.3543	35.6	59.1
P4_19_NODE_233_length_8251_cov_1.224397	1	8251	533	8251	100	9.09611	35.6	59.9
P4_19_NODE_234_length_8250_cov_2.219500	1	8250	1040	8250	100	17.3137	35.8	58.2
P4_19_NODE_235_length_8217_cov_2.223239	1	8217	985	8217	100	16.8149	35.8	59.2
P4_19_NODE_236_length_8182_cov_2.372191	1	8182	1086	8182	100	18.219	35.8	56.4
P4_19_NODE_237_length_8160_cov_4.965891	1	8160	2207	8160	100	37.8626	35.6	59.6
P4_19_NODE_238_length_8070_cov_1.425280	1	8070	640	8070	100	10.9045	35.7	59.5
P4_19_NODE_239_length_8057_cov_2.591551	1	8057	1121	8057	100	19.5687	35.7	59.2
P4_19_NODE_240_length_8050_cov_4.869873	1	8050	2144	8050	100	37.1873	35.5	56.9
P4_19_NODE_241_length_8046_cov_1.676348	1	8046	755	8027	99.7639	12.8168	35.7	56.2
P4_19_NODE_242_length_8032_cov_2.004681	1	8032	1202	8025	99.9128	20.8625	35.8	59.3
P4_19_NODE_243_length_8019_cov_3.301191	1	8019	1378	8019	100	24.5835	35.8	59.6
P4_19_NODE_244_length_8010_cov_1.086262	1	8010	519	8004	99.9251	8.89001	35.7	57.1
P4_19_NODE_245_length_7986_cov_1.735463	1	7986	734	7986	100	12.9519	35.7	59.6
P4_19_NODE_246_length_7900_cov_1.638621	1	7900	682	7900	100	12.3033	35.7	60
P4_19_NODE_247_length_7895_cov_2.718332	1	7895	1152	7895	100	20.4082	35.7	59.2
P4_19_NODE_248_length_7879_cov_1.693111	1	7879	793	7879	100	13.4546	35.5	59.1
P4_19_NODE_249_length_7703_cov_16.288939	1	7703	6630	7703	100	121.811	35.6	59.5
P4_19_NODE_250_length_7696_cov_1.890871	1	7696	873	7696	100	15.5457	35.5	57
P4_19_NODE_251_length_7677_cov_1.932053	1	7677	916	7677	100	16.5557	35.7	58.8
P4_19_NODE_252_length_7471_cov_2.767021	1	7471	1100	7471	100	20.6936	35.7	59.5
P4_19_NODE_253_length_7464_cov_2.818318	1	7464	1120	7464	100	21.2044	35.7	55.8
P4_19_NODE_254_length_7393_cov_5.573355	1	7393	2183	7393	100	41.5195	35.6	59.7
P4_19_NODE_255_length_7379_cov_1.742416	1	7379	776	7379	100	14.3003	35.5	59.3
P4_19_NODE_256_length_7341_cov_1.530080	1	7341	643	7341	100	11.9877	35.9	58.3
P4_19_NODE_257_length_7332_cov_2.154476	1	7332	854	7332	100	16.2871	35.6	58.4
P4_19_NODE_258_length_7299_cov_2.041132	1	7299	915	7299	100	17.043	35.8	59.9
P4_19_NODE_259_length_7202_cov_5.290883	1	7202	2177	7202	100	41.9407	35.7	57
P4_19_NODE_260_length_7148_cov_2.274177	1	7148	877	7121	99.6223	17.3369	35.6	59.4
P4_19_NODE_261_length_7140_cov_1.143020	1	7140	420	7126	99.8039	8.36905	35.6	59.6
P4_19_NODE_262_length_7010_cov_2.679210	1	7010	983	7010	100	19.794	35.7	59.5
P4_19_NODE_263_length_6957_cov_0.996779	1	6957	395	6957	100	7.86244	35.9	59.9
P4_19_NODE_264_length_6923_cov_2.145821	1	6923	786	6923	100	15.9775	35.9	57.9
P4_19_NODE_265_length_6883_cov_10.638247	1	6883	4381	6785	98.5762	89.693	35.7	57
P4_19_NODE_266_length_6866_cov_1.265766	1	6866	490	6866	100	9.83091	35.9	59.6
P4_19_NODE_267_length_6827_cov_2.532985	1	6827	1037	6827	100	20.8704	35.7	57.5
P4_19_NODE_268_length_6822_cov_1.014488	1	6822	374	6822	100	7.69598	35.7	59
P4_19_NODE_269_length_6784_cov_0.957639	1	6784	332	6784	100	6.97524	35.9	60
P4_19_NODE_270_length_6769_cov_1.264077	1	6769	416	6769	100	8.85079	35.8	60
P4_19_NODE_271_length_6746_cov_1.108476	1	6746	420	6746	100	8.5968	35.5	59.6
P4_19_NODE_272_length_6732_cov_1.655564	1	6732	594	6732	100	12.4765	35.5	59
P4_19_NODE_273_length_6696_cov_1.615314	1	6696	585	6696	100	12.1026	35.8	59
P4_19_NODE_274_length_6687_cov_7.806860	1	6687	2812	6684	99.9551	58.9164	35.7	59
P4_19_NODE_275_length_6664_cov_0.944164	1	6664	355	6654	99.8499	7.18307	35.7	57.3
P4_19_NODE_276_length_6630_cov_8.639243	1	6630	3146	6630	100	66.4842	35.6	56.6
P4_19_NODE_277_length_6617_cov_1.194299	1	6617	420	6617	100	8.96116	35.6	58.1
P4_19_NODE_278_length_6597_cov_1.969397	1	6597	727	6597	100	15.0887	35.7	57.5
P4_19_NODE_279_length_6589_cov_1.401733	1	6589	481	6589	100	10.2032	35.8	59.5
P4_19_NODE_280_length_6586_cov_4.585230	1	6586	2310	6586	100	47.8099	35.9	59.7
P4_19_NODE_281_length_6567_cov_8.092236	1	6567	2750	6567	100	59.4399	35.8	57.5
P4_19_NODE_282_length_6553_cov_1.514784	1	6553	514	6553	100	11.0467	35.6	59.6
P4_19_NODE_283_length_6493_cov_5.683475	1	6493	1958	6493	100	42.5132	35.8	59.8
P4_19_NODE_284_length_6397_cov_0.866029	1	6397	306	6393	99.9375	6.57683	35.7	59.2
P4_19_NODE_285_length_6394_cov_1.128610	1	6394	524	6384	99.8436	10.5497	35.6	53.7
P4_19_NODE_286_length_6385_cov_1.240652	1	6385	419	6385	100	9.28457	35.6	60
P4_19_NODE_287_length_6325_cov_1.810907	1	6325	662	6325	100	14.0987	35.7	57.1
P4_19_NODE_288_length_6312_cov_1.560388	1	6312	599	6305	99.8891	12.6766	35.7	58.1
P4_19_NODE_289_length_6294_cov_0.699692	1	6294	257	6294	100	5.53813	35.8	59.8
P4_19_NODE_290_length_6281_cov_0.908677	1	6281	367	6281	100	7.7623	35.9	58.1
P4_19_NODE_291_length_6271_cov_0.850749	1	6271	271	6271	100	6.107	35.7	58.7
P4_19_NODE_292_length_6253_cov_1.485309	1	6253	473	6253	100	10.6547	35.8	59.3
P4_19_NODE_293_length_6235_cov_2.022757	1	6235	693	6235	100	15.4346	35.6	58.8
P4_19_NODE_294_length_6209_cov_1.338376	1	6209	565	6209	100	12.4548	35.7	56.6
P4_19_NODE_295_length_6195_cov_17.073006	1	6195	5927	6097	98.4181	133.288	35.6	58
P4_19_NODE_296_length_6160_cov_36.550804	1	6160	11942	6160	100	275.047	35.6	59.6
P4_19_NODE_297_length_6108_cov_1.755559	1	6108	553	6108	100	12.9065	35.9	59.1
P4_19_NODE_298_length_6096_cov_0.918077	1	6096	309	6096	100	7.04692	35.7	60
P4_19_NODE_299_length_6061_cov_0.980789	1	6061	301	6061	100	7.08761	35.9	59.7
P4_19_NODE_300_length_5994_cov_2.378388	1	5994	728	5994	100	17.2432	35.7	59.6
P4_19_NODE_301_length_5954_cov_0.901493	1	5954	296	5954	100	6.82533	35.5	58
P4_19_NODE_302_length_5948_cov_0.718605	1	5948	269	5948	100	5.86836	35.4	55.1
P4_19_NODE_303_length_5945_cov_2.709866	1	5945	1054	5945	100	23.6695	35.8	59.6
P4_19_NODE_304_length_5936_cov_1.208986	1	5936	530	5936	100	11.8988	35.7	51
P4_19_NODE_305_length_5935_cov_1.818871	1	5935	599	5935	100	13.9013	35.7	57.4
P4_19_NODE_306_length_5924_cov_0.905986	1	5924	385	5924	100	8.66999	35.7	57
P4_19_NODE_307_length_5898_cov_1.054583	1	5898	342	5898	100	8.03001	35.8	59.9
P4_19_NODE_308_length_5856_cov_0.952871	1	5856	289	5846	99.8292	6.92845	35.9	58.5
P4_19_NODE_309_length_5813_cov_1.559796	1	5813	565	5813	100	13.4547	35.7	59.6
P4_19_NODE_310_length_5810_cov_0.963928	1	5810	295	5800	99.8279	7.14544	35.8	59.5
P4_19_NODE_311_length_5796_cov_1.169518	1	5796	390	5796	100	9.09627	35.5	59.4
P4_19_NODE_312_length_5790_cov_4.883277	1	5790	1590	5690	98.2729	38.0674	35.6	56.4
P4_19_NODE_313_length_5766_cov_3.383579	1	5766	1176	5766	100	28.2893	35.5	56.1
P4_19_NODE_314_length_5765_cov_4.428343	1	5765	1335	5765	100	33.0911	35.7	56.6
P4_19_NODE_315_length_5759_cov_2.441761	1	5759	881	5759	100	20.9545	35.2	59.7
P4_19_NODE_316_length_5758_cov_1.301900	1	5758	385	5758	100	9.46405	35.8	59.8
P4_19_NODE_317_length_5757_cov_1.232504	1	5757	365	5757	100	9.06305	35.7	59.9
P4_19_NODE_318_length_5750_cov_1.138716	1	5750	391	5750	100	9.41861	35.4	56
P4_19_NODE_319_length_5687_cov_1.014928	1	5687	277	5677	99.8242	7.01354	35.8	59.9
P4_19_NODE_320_length_5668_cov_0.817722	1	5668	243	5658	99.8236	5.9903	35.8	58.9
P4_19_NODE_321_length_5636_cov_1.294609	1	5636	372	5636	100	9.32949	35.7	58.7
P4_19_NODE_322_length_5623_cov_3.209425	1	5623	1024	5623	100	25.4121	35.6	56.5
P4_19_NODE_323_length_5621_cov_1.980160	1	5621	601	5618	99.9466	15.1103	35.8	60
P4_19_NODE_324_length_5606_cov_1.210805	1	5606	369	5606	100	9.25473	35.8	59.5
P4_19_NODE_325_length_5603_cov_1.141161	1	5603	348	5603	100	8.7148	35.7	59.8
P4_19_NODE_326_length_5599_cov_1.084247	1	5599	366	5599	100	9.11127	35.9	57.8
P4_19_NODE_327_length_5571_cov_1.378766	1	5571	395	5571	100	10.144	35.7	59.4
P4_19_NODE_328_length_5564_cov_1.241126	1	5564	396	5564	100	9.81902	35.8	60
P4_19_NODE_329_length_5519_cov_0.902263	1	5519	268	5519	100	6.81826	35.6	59.1
P4_19_NODE_330_length_5516_cov_0.731119	1	5516	227	5516	100	5.60569	35.8	59.2
P4_19_NODE_331_length_5515_cov_0.804566	1	5515	224	5495	99.6374	5.78731	35.8	60
P4_19_NODE_332_length_5461_cov_1.470941	1	5461	418	5461	100	10.8702	35.5	57.1
P4_19_NODE_333_length_5458_cov_1.220221	1	5458	377	5458	100	9.53206	35.6	59.7
P4_19_NODE_334_length_5454_cov_0.901445	1	5454	255	5454	100	6.64631	35.9	60
P4_19_NODE_335_length_5400_cov_0.967571	1	5400	296	5400	100	7.58407	35.6	59.9
P4_19_NODE_336_length_5383_cov_1.635274	1	5383	444	5383	100	11.6058	35.8	59.2
P4_19_NODE_337_length_5382_cov_0.909610	1	5382	288	5382	100	7.33203	35.6	52.4
P4_19_NODE_338_length_5351_cov_16.136677	1	5351	4759	5351	100	124.909	35.5	57.9
P4_19_NODE_339_length_5323_cov_1.006351	1	5323	280	5323	100	7.33553	35.8	58.1
P4_19_NODE_340_length_5307_cov_1.090927	1	5307	301	5297	99.8116	7.95214	35.5	59.4
P4_19_NODE_341_length_5303_cov_1.251546	1	5303	449	5303	100	11.575	35.6	58.9
P4_19_NODE_342_length_5283_cov_1.017843	1	5283	322	5283	100	8.26443	35.6	53.9
P4_19_NODE_343_length_5272_cov_1.002915	1	5272	265	5272	100	7.13505	36	60
P4_19_NODE_344_length_5245_cov_0.948613	1	5245	266	5245	100	7.18017	35.9	59.8
P4_19_NODE_345_length_5213_cov_1.740857	1	5213	473	5213	100	12.7915	35.8	59.6
P4_19_NODE_346_length_5207_cov_0.824606	1	5207	217	5207	100	5.89303	35.6	59.4
P4_19_NODE_347_length_5189_cov_1.756223	1	5189	515	5189	100	13.7077	35.5	58.5
P4_19_NODE_348_length_5181_cov_7.041353	1	5181	1880	5181	100	51.4738	35.7	59.4
P4_19_NODE_349_length_5169_cov_2.445260	1	5169	765	5169	100	20.5345	35.6	52.3
P4_19_NODE_350_length_5128_cov_0.843831	1	5128	239	5119	99.8245	6.47387	35.7	59.7
P4_19_NODE_351_length_5118_cov_3.877580	1	5118	1031	5118	100	28.4592	35.6	59.4
P4_19_NODE_352_length_5116_cov_0.983564	1	5116	259	5116	100	7.22342	35.9	59.8
P4_19_NODE_353_length_5079_cov_3.036349	1	5079	845	5079	100	23.3044	35.6	57.5
P4_19_NODE_354_length_5065_cov_1.042932	1	5065	282	5065	100	7.85548	35.7	59.7
P4_19_NODE_355_length_5051_cov_0.837327	1	5051	223	5045	99.8812	6.28173	35.9	60
P4_19_NODE_356_length_5047_cov_1.750000	1	5047	517	5047	100	14.3786	35.9	58.1
P4_19_NODE_357_length_5041_cov_1.075092	1	5041	320	5032	99.8215	8.35628	35.5	57.1
P4_19_NODE_358_length_5011_cov_1.811220	1	5011	755	5011	100	21.3967	35.3	41.7
P4_19_NODE_359_length_4988_cov_2.905781	1	4988	772	4988	100	21.6229	35.6	58.8
P4_19_NODE_360_length_4944_cov_1.057920	1	4944	266	4935	99.818	7.4911	35.7	58.3
P4_19_NODE_361_length_4943_cov_1.455565	1	4943	393	4943	100	11.0423	35.8	59.6
P4_19_NODE_362_length_4938_cov_1.471835	1	4938	367	4938	100	10.5932	36	59.8
P4_19_NODE_363_length_4916_cov_2.015452	1	4916	521	4916	100	14.7427	35.6	56.9
P4_19_NODE_364_length_4911_cov_1.279891	1	4911	377	4911	100	10.5602	35.6	59.2
P4_19_NODE_365_length_4891_cov_0.822418	1	4891	214	4891	100	6.1053	35.8	59.4
P4_19_NODE_366_length_4885_cov_2.798085	1	4885	778	4885	100	21.3742	36	60
P4_19_NODE_367_length_4880_cov_1.818430	1	4880	520	4880	100	14.1984	35.6	58.3
P4_19_NODE_368_length_4877_cov_2.157895	1	4877	591	4877	100	16.5643	35.7	57.5
P4_19_NODE_369_length_4875_cov_1.052233	1	4875	275	4875	100	7.76205	36	54.6
P4_19_NODE_370_length_4864_cov_4.545071	1	4864	1198	4864	100	34.2198	35.9	58.5
P4_19_NODE_371_length_4856_cov_1.053711	1	4856	276	4856	100	8.00412	35.6	59.8
P4_19_NODE_372_length_4854_cov_1.103025	1	4854	278	4854	100	7.96889	35.6	59
P4_19_NODE_373_length_4838_cov_1.654426	1	4838	441	4838	100	12.5542	35.9	58.2
P4_19_NODE_374_length_4803_cov_0.764115	1	4803	195	4803	100	5.64085	35.4	59.8
P4_19_NODE_375_length_4775_cov_1.526033	1	4775	446	4775	100	12.675	35.9	59.2
P4_19_NODE_376_length_4770_cov_0.809390	1	4770	197	4770	100	5.92453	35.5	59.7
P4_19_NODE_377_length_4769_cov_0.942482	1	4769	222	4767	99.9581	6.63577	35.9	60
P4_19_NODE_378_length_4725_cov_1.599826	1	4725	397	4725	100	11.8267	35.8	59.9
P4_19_NODE_379_length_4725_cov_1.409091	1	4725	354	4725	100	10.5661	35.8	59.5
P4_19_NODE_380_length_4708_cov_2.580441	1	4708	673	4708	100	19.7094	35.9	59
P4_19_NODE_381_length_4698_cov_1.032159	1	4698	263	4698	100	7.70626	35.7	57.9
P4_19_NODE_382_length_4696_cov_1.242285	1	4696	308	4692	99.9148	9.1365	35.8	59.7
P4_19_NODE_383_length_4678_cov_1.351791	1	4678	410	4678	100	11.4224	35.8	54.7
P4_19_NODE_384_length_4659_cov_1.335172	1	4659	330	4658	99.9785	9.90663	35.7	58.7
P4_19_NODE_385_length_4650_cov_2.874607	1	4650	762	4650	100	22.4047	35.8	60
P4_19_NODE_386_length_4644_cov_2.165154	1	4644	581	4644	100	17.0515	35.6	55
P4_19_NODE_387_length_4630_cov_1.831002	1	4630	574	4626	99.9136	16.9337	35.6	57.5
P4_19_NODE_388_length_4624_cov_1.111630	1	4624	313	4623	99.9784	8.95891	35.7	58.9
P4_19_NODE_389_length_4610_cov_1.233326	1	4610	340	4610	100	9.7885	35.7	59.4
P4_19_NODE_390_length_4577_cov_2.292360	1	4577	569	4577	100	17.2703	35.6	56.8
P4_19_NODE_391_length_4572_cov_0.943532	1	4572	266	4572	100	7.53325	35.6	55.2
P4_19_NODE_392_length_4569_cov_1.279379	1	4569	338	4569	100	10.0924	36	59
P4_19_NODE_393_length_4541_cov_0.751019	1	4541	203	4533	99.8238	6.08368	35.8	60
P4_19_NODE_394_length_4531_cov_1.154405	1	4531	296	4531	100	8.98874	35.8	57.6
P4_19_NODE_395_length_4525_cov_0.675307	1	4525	146	4516	99.8011	4.68022	35.8	60
P4_19_NODE_396_length_4514_cov_1.346934	1	4514	305	4514	100	9.68299	35.4	58.7
P4_19_NODE_397_length_4479_cov_1.143382	1	4479	249	4467	99.7321	7.97991	35.9	60
P4_19_NODE_398_length_4473_cov_0.929821	1	4473	233	4473	100	7.16678	35.8	59.8
P4_19_NODE_399_length_4471_cov_1.595994	1	4471	366	4471	100	11.5605	35.8	59.7
P4_19_NODE_400_length_4465_cov_15.343707	1	4465	3913	4465	100	124.181	35.8	57.5
P4_19_NODE_401_length_4458_cov_1.360656	1	4458	319	4458	100	10.0527	35.9	60
P4_19_NODE_402_length_4426_cov_1.859502	1	4426	435	4426	100	13.6932	35.6	57.9
P4_19_NODE_403_length_4421_cov_0.962040	1	4421	219	4421	100	6.92264	35.8	59.5
P4_19_NODE_404_length_4416_cov_0.803218	1	4416	196	4402	99.683	6.03963	35.7	58.5
P4_19_NODE_405_length_4404_cov_0.993687	1	4404	242	4404	100	7.56494	35.9	58.3
P4_19_NODE_406_length_4391_cov_0.940197	1	4391	226	4381	99.7723	7.20132	35.7	58.8
P4_19_NODE_407_length_4389_cov_1.610277	1	4389	388	4389	100	12.2857	35.5	58.6
P4_19_NODE_408_length_4370_cov_1.279284	1	4370	312	4370	100	9.92632	35.5	56.2
P4_19_NODE_409_length_4347_cov_0.822749	1	4347	204	4347	100	6.43639	35.5	58.7
P4_19_NODE_410_length_4311_cov_1.353728	1	4311	286	4311	100	9.47298	35.5	59.4
P4_19_NODE_411_length_4284_cov_3.336060	1	4284	755	4284	100	24.9335	35.6	59.9
P4_19_NODE_412_length_4283_cov_0.651107	1	4283	156	4283	100	4.99556	35.5	55.5
P4_19_NODE_413_length_4269_cov_0.948334	1	4269	200	4269	100	6.61021	35.9	58.8
P4_19_NODE_414_length_4244_cov_0.677921	1	4244	137	4234	99.7644	4.68497	35.8	60
P4_19_NODE_415_length_4239_cov_3.290613	1	4239	816	4239	100	26.7726	35.4	58.6
P4_19_NODE_416_length_4220_cov_1.846567	1	4220	408	4204	99.6209	13.6187	35.7	58.4
P4_19_NODE_417_length_4218_cov_1.322904	1	4218	366	4208	99.7629	11.9867	35.6	59.5
P4_19_NODE_418_length_4209_cov_1.020088	1	4209	232	4209	100	7.52697	35.6	59.7
P4_19_NODE_419_length_4133_cov_2.470794	1	4133	531	4133	100	18.0755	35.8	58.8
P4_19_NODE_420_length_4125_cov_0.966733	1	4125	212	4125	100	7.35467	35.8	56.5
P4_19_NODE_421_length_4123_cov_14.998999	1	4123	3226	4123	100	109.834	35.8	59.2
P4_19_NODE_422_length_4116_cov_1.192529	1	4116	289	4116	100	9.19121	35.6	56.5
P4_19_NODE_423_length_4106_cov_1.146519	1	4106	250	4106	100	8.54189	35.7	58.9
P4_19_NODE_424_length_4079_cov_0.989119	1	4079	226	4079	100	7.52341	35.7	60
P4_19_NODE_425_length_4077_cov_0.841013	1	4077	182	4077	100	6.182	35.7	58.1
P4_19_NODE_426_length_4076_cov_0.858445	1	4076	196	4076	100	6.70486	35.7	57.9
P4_19_NODE_427_length_4070_cov_0.900076	1	4070	175	4070	100	6.31376	35.6	60
P4_19_NODE_428_length_4058_cov_1.112185	1	4058	212	4058	100	7.63849	35.9	60
P4_19_NODE_429_length_4055_cov_1.484725	1	4055	310	4055	100	10.6942	35.8	59.7
P4_19_NODE_430_length_4047_cov_1.316327	1	4047	290	4047	100	9.92192	35.6	57.6
P4_19_NODE_431_length_4036_cov_5.233819	1	4036	1181	4036	100	40.8427	35.6	57.1
P4_19_NODE_432_length_4018_cov_0.784117	1	4018	160	4008	99.7511	5.6772	35.5	58.8
P4_19_NODE_433_length_4015_cov_1.500000	1	4015	348	3996	99.5268	11.7031	35.8	57.8
P4_19_NODE_434_length_4014_cov_0.751994	1	4014	170	4014	100	5.81988	35.6	58.2
P4_19_NODE_435_length_4002_cov_1.043355	1	4002	206	4002	100	7.35307	35.9	59.3
P4_19_NODE_436_length_4000_cov_2.809192	1	4000	564	3997	99.925	20.1295	35.6	59.1
P4_19_NODE_437_length_3992_cov_1.020699	1	3992	214	3992	100	7.61072	35.7	60
P4_19_NODE_438_length_3990_cov_3.658814	1	3990	1236	3990	100	40.6794	35.4	57.1
P4_19_NODE_439_length_3989_cov_1.023822	1	3989	221	3989	100	7.79995	35.8	60
P4_19_NODE_440_length_3987_cov_0.738083	1	3987	140	3987	100	5.13268	35.8	60
P4_19_NODE_441_length_3973_cov_1.058762	1	3973	232	3973	100	8.10345	35.8	59
P4_19_NODE_442_length_3967_cov_0.834115	1	3967	178	3967	100	6.16032	35.8	58.7
P4_19_NODE_443_length_3951_cov_0.942730	1	3951	195	3951	100	6.81574	35.6	59
P4_19_NODE_444_length_3944_cov_1.374116	1	3944	275	3944	100	9.84736	36	59.9
P4_19_NODE_445_length_3944_cov_0.983233	1	3944	193	3944	100	6.97262	35.8	60
P4_19_NODE_446_length_3942_cov_0.934731	1	3942	212	3942	100	7.35058	35.7	60
P4_19_NODE_447_length_3930_cov_2.789114	1	3930	775	3930	100	27.3753	35.5	51.7
P4_19_NODE_448_length_3872_cov_0.998131	1	3872	211	3872	100	7.47701	35.6	58.5
P4_19_NODE_449_length_3864_cov_1.209794	1	3864	242	3864	100	8.65683	35.8	58.8
P4_19_NODE_450_length_3861_cov_1.187467	1	3861	289	3861	100	10.2901	35.5	53.4
P4_19_NODE_451_length_3856_cov_0.785733	1	3856	199	3846	99.7407	6.71629	35.3	58
P4_19_NODE_452_length_3804_cov_1.515366	1	3804	304	3804	100	10.9495	35.6	57.8
P4_19_NODE_453_length_3799_cov_0.756264	1	3799	173	3799	100	6.05501	35.7	58.4
P4_19_NODE_454_length_3797_cov_1.095095	1	3797	219	3797	100	8.02344	35.5	59.3
P4_19_NODE_455_length_3781_cov_1.178708	1	3781	215	3781	100	8.19439	35.7	59.4
P4_19_NODE_456_length_3775_cov_1.190241	1	3775	248	3768	99.8146	9.00901	36.1	57.5
P4_19_NODE_457_length_3743_cov_1.522954	1	3743	303	3743	100	11.5878	35.8	58.9
P4_19_NODE_458_length_3739_cov_1.946290	1	3739	448	3739	100	15.6873	35.7	51.9
P4_19_NODE_459_length_3738_cov_0.870950	1	3738	190	3729	99.7592	6.95238	35.7	59.8
P4_19_NODE_460_length_3737_cov_1.422715	1	3737	324	3729	99.7859	11.5373	35.8	58.2
P4_19_NODE_461_length_3729_cov_1.609384	1	3729	367	3729	100	13.4047	36	58.9
P4_19_NODE_462_length_3717_cov_1.955432	1	3717	440	3717	100	15.6677	35.7	57.2
P4_19_NODE_463_length_3717_cov_1.304178	1	3717	248	3717	100	9.5526	35.9	60
P4_19_NODE_464_length_3701_cov_1.074147	1	3701	229	3691	99.7298	8.45825	35.4	59.2
P4_19_NODE_465_length_3700_cov_3.030507	1	3700	606	3700	100	22.7859	35.7	57.8
P4_19_NODE_466_length_3659_cov_0.892129	1	3659	170	3659	100	6.4974	35.7	59.7
P4_19_NODE_467_length_3642_cov_0.806259	1	3642	169	3642	100	6.24465	35.9	57.4
P4_19_NODE_468_length_3638_cov_1.504415	1	3638	325	3638	100	11.8257	35.7	52.1
P4_19_NODE_469_length_3624_cov_1.099228	1	3624	209	3624	100	7.86976	35.7	56.4
P4_19_NODE_470_length_3603_cov_0.802934	1	3603	140	3593	99.7225	5.66833	35.8	60
P4_19_NODE_471_length_3575_cov_1.235209	1	3575	248	3575	100	9.39301	35.7	57.1
P4_19_NODE_472_length_3566_cov_5.308811	1	3566	995	3566	100	38.915	35.8	57.7
P4_19_NODE_473_length_3565_cov_1.007272	1	3565	193	3565	100	7.47742	35.7	59.3
P4_19_NODE_474_length_3553_cov_0.809399	1	3553	147	3553	100	5.77399	35.3	59.2
P4_19_NODE_475_length_3545_cov_0.850790	1	3545	163	3545	100	6.50776	35.6	59.3
P4_19_NODE_476_length_3543_cov_2.375293	1	3543	477	3543	100	18.287	35.7	59.5
P4_19_NODE_477_length_3540_cov_1.162321	1	3540	213	3540	100	8.36158	35.7	59.6
P4_19_NODE_478_length_3529_cov_0.962081	1	3529	167	3529	100	6.8739	35.8	60
P4_19_NODE_479_length_3528_cov_1.671861	1	3528	322	3528	100	12.6967	35.4	59.7
P4_19_NODE_480_length_3524_cov_1.136297	1	3524	274	3515	99.7446	10.3184	35.7	56.6
P4_19_NODE_481_length_3494_cov_0.694684	1	3494	126	3403	97.3955	5.0561	35.8	59.7
P4_19_NODE_482_length_3491_cov_3.997325	1	3491	731	3491	100	28.9181	35.8	58.4
P4_19_NODE_483_length_3487_cov_0.752381	1	3487	128	3477	99.7132	5.16633	35.6	59.6
P4_19_NODE_484_length_3486_cov_1.237273	1	3486	231	3486	100	9.28715	35.9	58.5
P4_19_NODE_485_length_3480_cov_1.267522	1	3480	201	3480	100	8.48075	35.8	60
P4_19_NODE_486_length_3470_cov_0.630571	1	3470	123	3460	99.7118	4.88242	35.8	58.5
P4_19_NODE_487_length_3466_cov_0.900869	1	3466	153	3446	99.423	6.41518	35.4	60
P4_19_NODE_488_length_3457_cov_1.092492	1	3457	200	3457	100	7.99942	36.1	59.1
P4_19_NODE_489_length_3415_cov_1.329380	1	3415	248	3415	100	10.149	35.9	59.6
P4_19_NODE_490_length_3399_cov_0.815098	1	3399	141	3399	100	5.80671	35.9	60
P4_19_NODE_491_length_3397_cov_0.834251	1	3397	147	3388	99.7351	6.15396	35.2	59.2
P4_19_NODE_492_length_3378_cov_0.863734	1	3378	166	3378	100	6.50296	35.7	56
P4_19_NODE_493_length_3372_cov_0.956549	1	3372	163	3372	100	6.86744	35.3	58.8
P4_19_NODE_494_length_3350_cov_2.516910	1	3350	438	3350	100	18.1699	35.6	58.5
P4_19_NODE_495_length_3344_cov_1.733603	1	3344	289	3344	100	12.2931	35.7	58.8
P4_19_NODE_496_length_3340_cov_1.112667	1	3340	177	3340	100	7.66168	35.7	60
P4_19_NODE_497_length_3336_cov_0.828607	1	3336	307	3336	100	10.4985	35.7	52.8
P4_19_NODE_498_length_3334_cov_1.467727	1	3334	269	3334	100	11.0351	35.8	59.9
P4_19_NODE_499_length_3330_cov_1.337184	1	3330	230	3330	100	9.75495	35.9	60
P4_19_NODE_500_length_3329_cov_2.126483	1	3329	374	3329	100	15.8771	35.7	59.3
P4_19_NODE_501_length_3324_cov_0.633406	1	3324	109	3324	100	4.65523	35.6	60
P4_19_NODE_502_length_3301_cov_1.199433	1	3301	193	3301	100	8.43714	35.8	59.9
P4_19_NODE_503_length_3288_cov_0.897501	1	3288	150	3288	100	6.41667	35.6	60
P4_19_NODE_504_length_3261_cov_1.266114	1	3261	222	3261	100	9.40417	35.4	54.4
P4_19_NODE_505_length_3260_cov_0.886371	1	3260	149	3260	100	6.43436	35.6	60
P4_19_NODE_506_length_3253_cov_2.510877	1	3253	429	3253	100	18.2991	35.6	58.7
P4_19_NODE_507_length_3248_cov_0.491509	1	3248	105	3248	100	4.26201	35.7	60
P4_19_NODE_508_length_3247_cov_0.873077	1	3247	145	3247	100	6.37881	35.8	60
P4_19_NODE_509_length_3242_cov_0.942857	1	3242	154	3242	100	6.75571	35.6	60
P4_19_NODE_510_length_3222_cov_0.890145	1	3222	179	3222	100	6.93265	35.7	51.5
P4_19_NODE_511_length_3215_cov_0.832254	1	3215	144	3215	100	6.13095	35.6	58.9
P4_19_NODE_512_length_3214_cov_0.870748	1	3214	147	3214	100	6.46266	35.5	60
P4_19_NODE_513_length_3194_cov_0.631236	1	3194	104	3187	99.7808	4.61209	35.9	60
P4_19_NODE_514_length_3186_cov_2.621118	1	3186	536	3174	99.6234	22.9667	35.4	52.9
P4_19_NODE_515_length_3173_cov_0.678595	1	3173	119	3173	100	5.27387	34.9	57.1
P4_19_NODE_516_length_3159_cov_4.327177	1	3159	752	3159	100	33.1064	35.5	56
P4_19_NODE_517_length_3150_cov_0.806814	1	3150	124	3150	100	5.58603	35.9	59.6
P4_19_NODE_518_length_3143_cov_0.771552	1	3143	134	3143	100	5.83105	35.6	59.6
P4_19_NODE_519_length_3139_cov_0.733732	1	3139	130	3139	100	5.57662	35.3	57.9
P4_19_NODE_520_length_3134_cov_2.100100	1	3134	336	3134	100	15.1407	35.7	59.5
P4_19_NODE_521_length_3122_cov_0.648414	1	3122	103	3122	100	4.65054	35.7	58.8
P4_19_NODE_522_length_3121_cov_1.686039	1	3121	317	3121	100	13.727	35.7	55.7
P4_19_NODE_523_length_3108_cov_0.772224	1	3108	120	3098	99.6782	5.56338	35.8	60
P4_19_NODE_524_length_3105_cov_1.631968	1	3105	256	3105	100	11.6596	35.6	59.7
P4_19_NODE_525_length_3087_cov_0.595270	1	3087	119	3087	100	4.72886	35.2	58.4
P4_19_NODE_526_length_3086_cov_1.282190	1	3086	324	3086	100	12.6857	35.1	46.8
P4_19_NODE_527_length_3078_cov_0.758726	1	3078	122	3078	100	5.52177	35.5	59.8
P4_19_NODE_528_length_3067_cov_0.735374	1	3067	114	3057	99.6739	5.33942	35.7	60
P4_19_NODE_529_length_3050_cov_0.577489	1	3050	102	3050	100	4.55705	35.8	58.8
P4_19_NODE_530_length_3049_cov_0.588638	1	3049	94	3040	99.7048	4.10954	35.8	58.5
P4_19_NODE_531_length_3043_cov_0.813443	1	3043	137	3043	100	6.19586	35.6	58.1
P4_19_NODE_532_length_3032_cov_0.623752	1	3032	107	3030	99.934	4.70943	35.8	55.3
P4_19_NODE_533_length_3026_cov_0.728182	1	3026	120	3016	99.6695	5.51751	35.8	60
P4_19_NODE_534_length_3023_cov_0.760704	1	3023	123	3023	100	5.60834	35.7	60
P4_19_NODE_535_length_3010_cov_2.029136	1	3010	312	3010	100	14.587	35.6	58.4
P4_19_NODE_536_length_3007_cov_1.218056	1	3007	179	3007	100	8.48254	35.9	60
P4_19_NODE_537_length_2985_cov_0.795311	1	2985	134	2985	100	6.21608	36.1	59.9
P4_19_NODE_538_length_2960_cov_2.192729	1	2960	383	2960	100	17.5618	35.7	51.9
P4_19_NODE_539_length_2952_cov_0.698053	1	2952	119	2947	99.8306	5.60874	35.8	60
P4_19_NODE_540_length_2946_cov_0.780419	1	2946	118	2946	100	5.6928	35.6	60
P4_19_NODE_541_length_2935_cov_0.642450	1	2935	228	2935	100	9.67189	35.7	42.9
P4_19_NODE_542_length_2933_cov_1.063792	1	2933	183	2933	100	8.4105	35.7	58.3
P4_19_NODE_543_length_2928_cov_0.522670	1	2928	89	2928	100	4.23702	35.4	60
P4_19_NODE_544_length_2921_cov_1.269864	1	2921	179	2921	100	8.68572	35.2	58.6
P4_19_NODE_545_length_2920_cov_1.363767	1	2920	248	2920	100	11.3332	35.6	52.2
P4_19_NODE_546_length_2916_cov_0.860523	1	2916	127	2906	99.6571	6.14815	35.4	58.8
P4_19_NODE_547_length_2905_cov_1.466523	1	2905	237	2893	99.5869	11.1487	35.8	56.8
P4_19_NODE_548_length_2903_cov_1.760447	1	2903	277	2903	100	13.1461	35.5	57.1
P4_19_NODE_549_length_2902_cov_1.195676	1	2902	197	2902	100	8.8725	35.6	55.7
P4_19_NODE_550_length_2902_cov_0.755676	1	2902	112	2902	100	5.34011	35.6	59.5
P4_19_NODE_551_length_2901_cov_1.397981	1	2901	213	2901	100	10.3216	35.4	58.6
P4_19_NODE_552_length_2882_cov_0.868966	1	2882	125	2882	100	6.16204	35.8	60
P4_19_NODE_553_length_2879_cov_1.141715	1	2879	161	2879	100	7.90865	35.8	60
P4_19_NODE_554_length_2879_cov_1.020349	1	2879	154	2879	100	7.42202	35.8	59.7
P4_19_NODE_555_length_2874_cov_0.791045	1	2874	143	2874	100	6.63292	35.6	59
P4_19_NODE_556_length_2862_cov_0.858867	1	2862	124	2862	100	6.10622	35.5	59.7
P4_19_NODE_557_length_2860_cov_0.866447	1	2860	135	2860	100	6.50979	35.9	59.4
P4_19_NODE_558_length_2859_cov_0.716325	1	2859	116	2859	100	5.52676	35.7	60
P4_19_NODE_559_length_2855_cov_0.539223	1	2855	89	2845	99.6497	4.23433	35.7	58.8
P4_19_NODE_560_length_2854_cov_0.668867	1	2854	173	2854	100	6.61002	35.5	41.8
P4_19_NODE_561_length_2849_cov_0.776267	1	2849	9637	2849	100	113.995	34.2	0.934
P4_19_NODE_562_length_2846_cov_5.275837	1	2846	837	2846	100	41.0246	35.4	56.4
P4_19_NODE_563_length_2845_cov_2.500368	1	2845	364	2845	100	17.8021	35.9	59.6
P4_19_NODE_564_length_2830_cov_0.589715	1	2830	106	2820	99.6466	4.85866	35.7	52.3
P4_19_NODE_565_length_2814_cov_1.164496	1	2814	188	2814	100	9.12687	35.5	59.8
P4_19_NODE_566_length_2805_cov_0.839059	1	2805	123	2805	100	6.03494	35.7	58.3
P4_19_NODE_567_length_2795_cov_1.390930	1	2795	195	2795	100	9.90376	35.7	60
P4_19_NODE_568_length_2792_cov_0.684803	1	2792	120	2792	100	5.75322	35.9	60
P4_19_NODE_569_length_2788_cov_1.544156	1	2788	298	2788	100	14.6783	35.8	58.3
P4_19_NODE_570_length_2781_cov_0.878674	1	2781	122	2781	100	6.18698	35.4	59.8
P4_19_NODE_571_length_2774_cov_0.871553	1	2774	143	2774	100	6.47909	35.9	54.2
P4_19_NODE_572_length_2766_cov_0.898446	1	2766	122	2766	100	6.28163	35.5	59.7
P4_19_NODE_573_length_2756_cov_0.711677	1	2756	110	2746	99.6372	5.29717	35.5	58.8
P4_19_NODE_574_length_2756_cov_0.500951	1	2756	64	2747	99.6734	3.34869	35.5	59.2
P4_19_NODE_575_length_2749_cov_0.923341	1	2749	135	2749	100	6.94871	35.9	59.7
P4_19_NODE_576_length_2733_cov_0.963929	1	2733	140	2733	100	7.05928	35.7	59.5
P4_19_NODE_577_length_2727_cov_1.075000	1	2727	147	2702	99.0832	7.65383	36.1	60
P4_19_NODE_578_length_2725_cov_0.627406	1	2725	79	2725	100	4.15706	35.5	58.7
P4_19_NODE_579_length_2717_cov_0.662548	1	2717	92	2717	100	4.9735	35.4	60
P4_19_NODE_580_length_2716_cov_1.055620	1	2716	145	2716	100	7.59978	35.8	60
P4_19_NODE_581_length_2716_cov_0.616454	1	2716	88	2716	100	4.507	35.7	60
P4_19_NODE_582_length_2709_cov_3.791247	1	2709	526	2709	100	27.6674	35.7	57.7
P4_19_NODE_583_length_2709_cov_0.801704	1	2709	216	2709	100	10.368	34.6	37.9
P4_19_NODE_584_length_2707_cov_0.886047	1	2707	133	2707	100	6.63945	35.4	59.5
P4_19_NODE_585_length_2704_cov_0.889018	1	2704	116	2704	100	6.0466	36.3	59.6
P4_19_NODE_586_length_2683_cov_1.127152	1	2683	156	2683	100	8.08051	35.6	57.7
P4_19_NODE_587_length_2680_cov_0.997650	1	2680	191	2680	100	9.45112	35.6	48.5
P4_19_NODE_588_length_2675_cov_0.670330	1	2675	87	2675	100	4.6228	35.4	59.3
P4_19_NODE_589_length_2674_cov_0.956812	1	2674	161	2674	100	7.94091	35.5	58.3
P4_19_NODE_590_length_2673_cov_0.881775	1	2673	121	2673	100	6.40516	35.7	59
P4_19_NODE_591_length_2667_cov_1.214961	1	2667	154	2667	100	8.33183	35.4	58.6
P4_19_NODE_592_length_2656_cov_1.511665	1	2656	215	2656	100	11.1299	35.5	57.5
P4_19_NODE_593_length_2655_cov_0.620649	1	2655	100	2655	100	5.01431	35.7	50.3
P4_19_NODE_594_length_2654_cov_2.134547	1	2654	453	2654	100	22.3436	35.3	46.7
P4_19_NODE_595_length_2654_cov_0.966363	1	2654	123	2654	100	6.56594	35.7	58
P4_19_NODE_596_length_2653_cov_0.908155	1	2653	133	2653	100	6.77648	35.8	59
P4_19_NODE_597_length_2652_cov_0.643564	1	2652	86	2652	100	4.72511	35.6	60
P4_19_NODE_598_length_2642_cov_1.560636	1	2642	202	2642	100	10.793	35.6	59.8
P4_19_NODE_599_length_2642_cov_0.563419	1	2642	94	2642	100	4.30924	35.7	50.3
P4_19_NODE_600_length_2641_cov_0.898966	1	2641	196	2641	100	9.30216	35.7	51.6
P4_19_NODE_601_length_2637_cov_1.371315	1	2637	163	2637	100	9.03451	36.2	60
P4_19_NODE_602_length_2632_cov_1.696607	1	2632	235	2632	100	12.8271	35.7	54.5
P4_19_NODE_603_length_2615_cov_0.729100	1	2615	186	2606	99.6558	7.71931	35.9	45.6
P4_19_NODE_604_length_2607_cov_1.199597	1	2607	185	2607	100	9.42539	35.9	57.4
P4_19_NODE_605_length_2606_cov_0.991529	1	2606	132	2606	100	7.14313	35.5	60
P4_19_NODE_606_length_2604_cov_2.401696	1	2604	375	2591	99.5008	19.422	35.5	56.5
P4_19_NODE_607_length_2599_cov_1.573220	1	2599	220	2599	100	11.8165	35.7	60
P4_19_NODE_608_length_2588_cov_1.152377	1	2588	145	2588	100	8.08423	35.8	60
P4_19_NODE_609_length_2586_cov_1.097194	1	2586	150	2586	100	8.11949	35.5	60
P4_19_NODE_610_length_2586_cov_0.881659	1	2586	133	2586	100	6.8198	36	59.5
P4_19_NODE_611_length_2583_cov_0.813925	1	2583	119	2583	100	6.18273	35.6	59.9
P4_19_NODE_612_length_2578_cov_0.942472	1	2578	128	2578	100	6.86152	35.8	59.4
P4_19_NODE_613_length_2565_cov_0.784249	1	2565	106	2565	100	5.78558	35.5	59.4
P4_19_NODE_614_length_2564_cov_1.314731	1	2564	178	2564	100	9.59126	35.6	58.5
P4_19_NODE_615_length_2563_cov_0.950328	1	2563	117	2563	100	6.50722	36	59.7
P4_19_NODE_616_length_2561_cov_0.890304	1	2561	120	2561	100	6.53456	35.4	60
P4_19_NODE_617_length_2559_cov_1.029605	1	2559	144	2559	100	7.79914	36	58.3
P4_19_NODE_618_length_2553_cov_0.895713	1	2553	105	2553	100	5.98159	35.9	60
P4_19_NODE_619_length_2552_cov_1.955876	1	2552	267	2552	100	14.3213	35.6	54.8
P4_19_NODE_620_length_2551_cov_0.765264	1	2551	127	2551	100	6.35555	36	58.4
P4_19_NODE_621_length_2550_cov_0.701197	1	2550	100	2550	100	5.50824	35.4	60
P4_19_NODE_622_length_2540_cov_1.293825	1	2540	180	2540	100	9.72559	35.8	56.8
P4_19_NODE_623_length_2532_cov_0.874428	1	2532	130	2532	100	6.62085	36	54
P4_19_NODE_624_length_2530_cov_1.768623	1	2530	203	2530	100	11.7415	35.8	60
P4_19_NODE_625_length_2529_cov_0.844296	1	2529	103	2529	100	5.74377	35.7	59.6
P4_19_NODE_626_length_2529_cov_0.667777	1	2529	79	2529	100	4.49031	35.7	58.5
P4_19_NODE_627_length_2526_cov_1.090038	1	2526	135	2526	100	7.62827	35.9	59.1
P4_19_NODE_628_length_2526_cov_0.690704	1	2526	100	2516	99.6041	5.08195	35.6	48.3
P4_19_NODE_629_length_2526_cov_0.662776	1	2526	107	2526	100	5.76524	35.9	60
P4_19_NODE_630_length_2525_cov_0.640951	1	2525	83	2525	100	4.57822	35.8	60
P4_19_NODE_631_length_2525_cov_0.587156	1	2525	75	2525	100	4.18614	35.4	59.8
P4_19_NODE_632_length_2512_cov_0.967296	1	2512	110	2482	98.8057	6.36783	35.7	59.5
P4_19_NODE_633_length_2511_cov_1.666527	1	2511	302	2496	99.4026	15.9371	35.8	57.3
P4_19_NODE_634_length_2510_cov_0.796475	1	2510	110	2510	100	6.02629	35.4	58.1
P4_19_NODE_635_length_2506_cov_0.773014	1	2506	100	2506	100	5.59777	35.8	59.8
P4_19_NODE_636_length_2492_cov_1.355603	1	2492	160	2492	100	9.3118	35.6	59.7
P4_19_NODE_637_length_2489_cov_0.914056	1	2489	184	2489	100	9.14464	35.4	46.6
P4_19_NODE_638_length_2482_cov_0.825902	1	2482	102	2482	100	5.78324	35.6	60
P4_19_NODE_639_length_2482_cov_0.547346	1	2482	69	2482	100	3.81346	36.1	55.4
P4_19_NODE_640_length_2476_cov_1.251171	1	2476	168	2476	100	9.28635	35.6	57.8
P4_19_NODE_641_length_2469_cov_0.728010	1	2469	94	2469	100	5.44674	35.5	60
P4_19_NODE_642_length_2468_cov_0.856044	1	2468	103	2468	100	5.85494	35.6	59
P4_19_NODE_643_length_2467_cov_1.083761	1	2467	123	2467	100	7.22781	36	58.5
P4_19_NODE_644_length_2466_cov_0.824284	1	2466	103	2466	100	5.91646	35.8	60
P4_19_NODE_645_length_2464_cov_0.610184	1	2464	70	2464	100	4.09781	35.9	59.1
P4_19_NODE_646_length_2462_cov_1.047966	1	2462	155	2462	100	8.51706	35.7	57.3
P4_19_NODE_647_length_2459_cov_0.718268	1	2459	78	2449	99.5933	4.65799	35.3	60
P4_19_NODE_648_length_2453_cov_1.395099	1	2453	161	2453	100	9.42601	35.8	59.8
P4_19_NODE_649_length_2443_cov_0.773748	1	2443	90	2443	100	5.29022	35.7	59.3
P4_19_NODE_650_length_2430_cov_1.210161	1	2430	136	2430	100	8.17654	35.8	60
P4_19_NODE_651_length_2429_cov_0.632928	1	2429	81	2429	100	4.56114	36.1	58.5
P4_19_NODE_652_length_2423_cov_1.138066	1	2423	140	2423	100	8.02972	35.6	59.4
P4_19_NODE_653_length_2423_cov_0.926829	1	2423	198	2423	100	9.76104	35.7	56.7
P4_19_NODE_654_length_2422_cov_1.013943	1	2422	133	2422	100	7.56606	35.9	56.8
P4_19_NODE_655_length_2422_cov_0.864052	1	2422	136	2422	100	7.2275	36	59.8
P4_19_NODE_656_length_2420_cov_1.024422	1	2420	128	2420	100	7.43967	35.7	60
P4_19_NODE_657_length_2416_cov_0.835299	1	2416	95	2416	100	5.63286	35.8	60
P4_19_NODE_658_length_2410_cov_0.779238	1	2410	111	2410	100	6.26805	35.7	54.8
P4_19_NODE_659_length_2396_cov_0.706038	1	2396	88	2396	100	5.12771	35.3	59.6
P4_19_NODE_660_length_2395_cov_0.750882	1	2395	95	2395	100	5.43841	35.8	59.8
P4_19_NODE_661_length_2386_cov_1.749447	1	2386	252	2383	99.8743	13.7804	35.5	56.7
P4_19_NODE_662_length_2385_cov_0.774136	1	2385	81	2385	100	5.02096	35.6	60
P4_19_NODE_663_length_2384_cov_1.455915	1	2384	186	2375	99.6225	10.828	35.6	58.7
P4_19_NODE_664_length_2384_cov_0.868852	1	2384	125	2384	100	7.21309	36.1	59.5
P4_19_NODE_665_length_2373_cov_0.993767	1	2373	123	2373	100	7.11252	35.6	58.4
P4_19_NODE_666_length_2368_cov_0.685408	1	2368	92	2368	100	5.37542	35.5	60
P4_19_NODE_667_length_2366_cov_1.227780	1	2366	282	2366	100	15.9476	35.3	41.4
P4_19_NODE_668_length_2365_cov_0.647900	1	2365	85	2365	100	4.98055	35.7	60
P4_19_NODE_669_length_2359_cov_0.773297	1	2359	79	2351	99.6609	4.98516	35.6	60
P4_19_NODE_670_length_2358_cov_0.727028	1	2358	78	2358	100	4.78923	35.9	60
P4_19_NODE_671_length_2354_cov_0.835204	1	2354	102	2354	100	5.96432	35.8	60
P4_19_NODE_672_length_2349_cov_0.756526	1	2349	123	2349	100	6.49212	36.1	54.3
P4_19_NODE_673_length_2345_cov_0.967538	1	2345	124	2345	100	7.14712	35.7	59.8
P4_19_NODE_674_length_2342_cov_0.745824	1	2342	87	2342	100	5.34287	35.7	60
P4_19_NODE_675_length_2335_cov_0.828351	1	2335	161	2335	100	8.58972	35.8	54.7
P4_19_NODE_676_length_2335_cov_0.675272	1	2335	92	2335	100	5.37859	35.7	60
P4_19_NODE_677_length_2335_cov_0.664855	1	2335	82	2335	100	4.92206	35.5	58.5
P4_19_NODE_678_length_2334_cov_1.029905	1	2334	133	2334	100	7.95973	35.6	59.5
P4_19_NODE_679_length_2334_cov_0.821930	1	2334	89	2334	100	5.53128	35.5	60
P4_19_NODE_680_length_2331_cov_0.745917	1	2331	97	2331	100	5.77006	35.8	60
P4_19_NODE_681_length_2331_cov_0.708711	1	2331	79	2321	99.571	4.88717	35.5	60
P4_19_NODE_682_length_2328_cov_0.646524	1	2328	84	2328	100	4.85309	35.8	58.6
P4_19_NODE_683_length_2327_cov_0.641364	1	2327	76	2327	100	4.65148	36.1	60
P4_19_NODE_684_length_2325_cov_1.237944	1	2325	154	2325	100	9.27613	35.8	57.2
P4_19_NODE_685_length_2324_cov_0.629950	1	2324	69	2324	100	4.32229	35.6	60
P4_19_NODE_686_length_2321_cov_0.912033	1	2321	105	2303	99.2245	6.24515	35.8	59.6
P4_19_NODE_687_length_2316_cov_0.936044	1	2316	114	2316	100	6.65199	35.8	58.2
P4_19_NODE_688_length_2316_cov_0.808588	1	2316	108	2316	100	6.31865	35.6	57.4
P4_19_NODE_689_length_2314_cov_1.410151	1	2314	173	2314	100	10.3544	35.5	58.4
P4_19_NODE_690_length_2313_cov_0.933669	1	2313	150	2313	100	8.3355	35.7	57.4
P4_19_NODE_691_length_2312_cov_1.021510	1	2312	122	2312	100	7.29239	35.9	60
P4_19_NODE_692_length_2312_cov_0.984439	1	2312	107	2312	100	6.50822	35.8	57.3
P4_19_NODE_693_length_2306_cov_0.856815	1	2306	116	2306	100	6.90243	36.1	59.8
P4_19_NODE_694_length_2303_cov_1.020221	1	2303	112	2294	99.6092	7.06209	35.8	60
P4_19_NODE_695_length_2302_cov_0.564598	1	2302	73	2302	100	4.29453	36	58.4
P4_19_NODE_696_length_2299_cov_0.846225	1	2299	122	2299	100	6.98782	35.4	53
P4_19_NODE_697_length_2299_cov_0.555249	1	2299	67	2299	100	4.04915	35.6	58.2
P4_19_NODE_698_length_2297_cov_0.685714	1	2297	87	2297	100	5.08141	35.8	59
P4_19_NODE_699_length_2295_cov_2.226937	1	2295	276	2295	100	16.5098	35.6	59
P4_19_NODE_700_length_2295_cov_1.756919	1	2295	237	2295	100	13.9612	35.8	59.7
P4_19_NODE_701_length_2292_cov_1.017552	1	2292	117	2292	100	7.33944	35.6	60
P4_19_NODE_702_length_2292_cov_0.727483	1	2292	83	2292	100	5.10428	35.9	59.9
P4_19_NODE_703_length_2285_cov_0.595459	1	2285	64	2285	100	3.94004	35.7	56.6
P4_19_NODE_704_length_2284_cov_0.791377	1	2284	118	2284	100	6.96322	35.4	58.9
P4_19_NODE_705_length_2281_cov_0.701486	1	2281	86	2281	100	5.15826	35.8	56.7
P4_19_NODE_706_length_2275_cov_0.870112	1	2275	95	2275	100	5.99297	35.5	60
P4_19_NODE_707_length_2274_cov_0.795994	1	2274	115	2274	100	6.9591	35.8	58.5
P4_19_NODE_708_length_2270_cov_1.169389	1	2270	130	2270	100	8.21718	35.6	60
P4_19_NODE_709_length_2270_cov_0.613626	1	2270	77	2270	100	4.59163	36	60
P4_19_NODE_710_length_2259_cov_1.250000	1	2259	135	2259	100	8.48694	35.6	59.6
P4_19_NODE_711_length_2248_cov_0.831683	1	2248	98	2248	100	5.98087	35.7	59.6
P4_19_NODE_712_length_2242_cov_1.627896	1	2242	242	2242	100	14.6641	35.5	57.6
P4_19_NODE_713_length_2237_cov_1.070616	1	2237	112	2237	100	7.21726	36	60
P4_19_NODE_714_length_2233_cov_0.885090	1	2233	118	2229	99.8209	6.89297	35.4	53.8
P4_19_NODE_715_length_2231_cov_0.977186	1	2231	111	2231	100	7.00045	35.7	57.8
P4_19_NODE_716_length_2231_cov_0.964829	1	2231	107	2231	100	6.72479	35.8	59.8
P4_19_NODE_717_length_2228_cov_0.798667	1	2228	126	2213	99.3268	6.78546	35.7	54.9
P4_19_NODE_718_length_2227_cov_1.064286	1	2227	205	2227	100	11.9591	35.6	49.7
P4_19_NODE_719_length_2223_cov_1.013359	1	2223	125	2223	100	7.50022	36.1	57.8
P4_19_NODE_720_length_2219_cov_2.541109	1	2219	426	2219	100	25.4948	35.7	53.8
P4_19_NODE_721_length_2216_cov_25.269507	1	2216	2882	2216	100	183.407	35.7	58.7
P4_19_NODE_722_length_2215_cov_0.829981	1	2215	109	2215	100	6.46772	35.6	59.2
P4_19_NODE_723_length_2214_cov_0.680882	1	2214	88	2214	100	5.3234	36	60
P4_19_NODE_724_length_2198_cov_0.914051	1	2198	89	2198	100	5.97725	35.7	60
P4_19_NODE_725_length_2193_cov_0.778316	1	2193	102	2193	100	6.04742	36	49.5
P4_19_NODE_726_length_2189_cov_1.178468	1	2189	194	2189	100	11.5436	36	55.7
P4_19_NODE_727_length_2186_cov_0.601263	1	2186	66	2186	100	4.3376	35.6	60
P4_19_NODE_728_length_2184_cov_0.933398	1	2184	150	2184	100	8.9707	35.9	51.7
P4_19_NODE_729_length_2181_cov_0.787731	1	2181	112	2181	100	6.43787	35.8	54.3
P4_19_NODE_730_length_2175_cov_0.835449	1	2175	86	2175	100	5.51678	35.5	53.5
P4_19_NODE_731_length_2174_cov_1.374695	1	2174	155	2174	100	9.81279	35.7	56.9
P4_19_NODE_732_length_2171_cov_2.386497	1	2171	377	2171	100	24.1824	35.5	51.5
P4_19_NODE_733_length_2170_cov_0.645619	1	2170	65	2170	100	4.32535	35.9	58.2
P4_19_NODE_734_length_2169_cov_0.635162	1	2169	57	2159	99.539	3.91194	35.6	60
P4_19_NODE_735_length_2169_cov_0.533790	1	2169	65	2169	100	4.07238	36	60
P4_19_NODE_736_length_2164_cov_1.987236	1	2164	245	2164	100	15.4108	35.8	58
P4_19_NODE_737_length_2154_cov_0.970893	1	2154	114	2111	98.0037	7.19127	35.7	60
P4_19_NODE_738_length_2152_cov_1.003951	1	2152	106	2152	100	6.82435	35.8	60
P4_19_NODE_739_length_2152_cov_0.945679	1	2152	152	2152	100	9.13569	35.7	54.6
P4_19_NODE_740_length_2152_cov_0.855309	1	2152	93	2152	100	6.19377	35.9	60
P4_19_NODE_741_length_2151_cov_0.811265	1	2151	77	2151	100	5.29893	35.7	60
P4_19_NODE_742_length_2145_cov_1.761645	1	2145	266	2145	100	15.8364	35.7	53.5
P4_19_NODE_743_length_2145_cov_0.947473	1	2145	90	2135	99.5338	6.22937	35.8	60
P4_19_NODE_744_length_2142_cov_1.371216	1	2142	194	2142	100	11.507	35.8	54.6
P4_19_NODE_745_length_2141_cov_0.643496	1	2141	75	2141	100	4.95376	36	60
P4_19_NODE_746_length_2140_cov_0.767014	1	2140	78	2140	100	5.27664	35.6	60
P4_19_NODE_747_length_2138_cov_0.752362	1	2138	81	2138	100	5.27035	35.9	60
P4_19_NODE_748_length_2134_cov_0.669656	1	2134	92	2124	99.5314	5.44752	35.9	58.6
P4_19_NODE_749_length_2132_cov_0.536658	1	2132	63	2132	100	4.0455	35.6	60
P4_19_NODE_750_length_2130_cov_0.809286	1	2130	89	2112	99.1549	5.8784	35.8	59.7
P4_19_NODE_751_length_2129_cov_1.554446	1	2129	161	2129	100	10.6858	35.6	59.2
P4_19_NODE_752_length_2128_cov_1.001499	1	2128	117	2128	100	7.42011	36.1	59.1
P4_19_NODE_753_length_2125_cov_0.430430	1	2125	48	2115	99.5294	3.20329	35.7	60
P4_19_NODE_754_length_2117_cov_0.674874	1	2117	78	2117	100	4.84743	35.6	55.6
P4_19_NODE_755_length_2115_cov_0.943159	1	2115	98	2115	100	6.63121	35.7	60
P4_19_NODE_756_length_2115_cov_0.914487	1	2115	106	2086	98.6288	6.6156	35.4	59.2
P4_19_NODE_757_length_2113_cov_0.659617	1	2113	63	2104	99.5741	4.35779	35.6	60
P4_19_NODE_758_length_2112_cov_0.546599	1	2112	80	2112	100	4.82008	35.7	56.8
P4_19_NODE_759_length_2109_cov_0.803229	1	2109	84	2109	100	5.76292	35.3	60
P4_19_NODE_760_length_2106_cov_0.656392	1	2106	80	2106	100	5.11443	35.8	59.8
P4_19_NODE_761_length_2104_cov_0.767324	1	2104	83	2104	100	5.58793	36.1	60
P4_19_NODE_762_length_2103_cov_0.870951	1	2103	89	2103	100	6.03091	35.9	59.6
P4_19_NODE_763_length_2103_cov_0.837551	1	2103	87	2103	100	5.8816	35.7	59.8
P4_19_NODE_764_length_2102_cov_0.862278	1	2102	86	2102	100	5.86965	35.5	60
P4_19_NODE_765_length_2101_cov_0.604863	1	2101	64	2101	100	4.46168	35.2	60
P4_19_NODE_766_length_2096_cov_0.713560	1	2096	96	2086	99.5229	5.89599	36.1	56.9
P4_19_NODE_767_length_2095_cov_0.720020	1	2095	79	2085	99.5227	5.19284	35.5	60
P4_19_NODE_768_length_2091_cov_0.607943	1	2091	73	2091	100	4.84314	36.1	59.2
P4_19_NODE_769_length_2090_cov_8.026999	1	2090	837	2090	100	57.1129	35.8	57.6
P4_19_NODE_770_length_2087_cov_1.338265	1	2087	184	2087	100	11.7988	35.5	52.8
P4_19_NODE_771_length_2086_cov_1.525778	1	2086	160	2086	100	10.8265	35.8	59.9
P4_19_NODE_772_length_2086_cov_0.756508	1	2086	82	2086	100	5.53356	35.6	60
P4_19_NODE_773_length_2079_cov_0.733094	1	2079	73	2070	99.5671	4.97932	35.7	59.2
P4_19_NODE_774_length_2059_cov_1.801760	1	2059	224	2059	100	14.473	35.8	58.4
P4_19_NODE_775_length_2056_cov_1.117159	1	2056	123	2056	100	8.29815	35.8	60
P4_19_NODE_776_length_2056_cov_0.983929	1	2056	102	2056	100	6.83609	35.7	58.5
P4_19_NODE_777_length_2056_cov_0.738206	1	2056	75	2056	100	5.19066	35.6	60
P4_19_NODE_778_length_2055_cov_0.625000	1	2055	54	2055	100	3.93333	35.1	60
P4_19_NODE_779_length_2053_cov_0.625130	1	2053	61	2053	100	4.32538	35.8	60
P4_19_NODE_780_length_2047_cov_0.482812	1	2047	56	2047	100	3.52711	35.7	54.9
P4_19_NODE_781_length_2044_cov_0.683881	1	2044	78	2044	100	5.27397	35.9	60
P4_19_NODE_782_length_2042_cov_1.103394	1	2042	102	2042	100	7.20372	35.6	60
P4_19_NODE_783_length_2042_cov_0.902350	1	2042	98	2042	100	6.71988	35.9	60
P4_19_NODE_784_length_2041_cov_1.309822	1	2041	140	2041	100	9.52278	35.9	56.9
P4_19_NODE_785_length_2038_cov_1.113553	1	2038	143	2032	99.7056	9.35721	35.7	57.2
P4_19_NODE_786_length_2037_cov_0.689529	1	2037	86	2037	100	5.81541	35.9	55.2
P4_19_NODE_787_length_2036_cov_1.012048	1	2036	114	2036	100	7.41405	35.7	52.9
P4_19_NODE_788_length_2035_cov_0.926101	1	2035	90	2035	100	6.38968	35.7	60
P4_19_NODE_789_length_2034_cov_0.704248	1	2034	113	2024	99.5084	6.69813	35.8	55.1
P4_19_NODE_790_length_2029_cov_1.103049	1	2029	104	2029	100	7.39478	35.9	60
P4_19_NODE_791_length_2021_cov_0.835797	1	2021	76	2021	100	5.55022	36.1	60
P4_19_NODE_792_length_2018_cov_0.626124	1	2018	75	2018	100	4.96977	35.6	57.4
P4_19_NODE_793_length_2017_cov_0.833862	1	2017	93	2017	100	6.31829	35.3	60
P4_19_NODE_794_length_2012_cov_0.690186	1	2012	77	2012	100	5.31014	35.5	60
P4_19_NODE_795_length_2009_cov_0.888417	1	2009	122	2009	100	7.334	36	55.9
P4_19_NODE_796_length_2006_cov_0.543906	1	2006	65	2006	100	4.54387	35.3	60
P4_19_NODE_797_length_2006_cov_0.445450	1	2006	55	2006	100	3.65105	35.7	60
P4_19_NODE_798_length_2005_cov_1.014377	1	2005	93	2005	100	6.63491	35.8	59.8
P4_19_NODE_799_length_2005_cov_0.891906	1	2005	94	2005	100	6.61746	35.9	59.9
P4_19_NODE_800_length_2002_cov_1.001600	1	2002	105	2002	100	7.2992	35.9	59.6
P4_19_NODE_801_length_1996_cov_0.844837	1	1996	90	1996	100	6.44689	35.4	60
P4_19_NODE_802_length_1993_cov_0.500536	1	1993	56	1993	100	3.97391	35.5	60
P4_19_NODE_803_length_1990_cov_0.763285	1	1990	103	1990	100	6.56332	35.7	54
P4_19_NODE_804_length_1989_cov_0.945220	1	1989	84	1989	100	6.16088	35.6	60
P4_19_NODE_805_length_1986_cov_0.636902	1	1986	79	1986	100	5.12437	35.4	57.5
P4_19_NODE_806_length_1971_cov_0.621475	1	1971	65	1971	100	4.55099	35.8	59.4
P4_19_NODE_807_length_1963_cov_0.918845	1	1963	95	1963	100	6.94753	36.1	59.5
P4_19_NODE_808_length_1963_cov_0.753813	1	1963	76	1963	100	5.37086	35.9	60
P4_19_NODE_809_length_1961_cov_0.673937	1	1961	64	1952	99.5411	4.77817	35.7	60
P4_19_NODE_810_length_1960_cov_0.930715	1	1960	91	1960	100	6.58265	36.1	58.4
P4_19_NODE_811_length_1960_cov_0.888161	1	1960	98	1950	99.4898	6.7852	35.7	58.2
P4_19_NODE_812_length_1955_cov_0.699672	1	1955	61	1955	100	4.45524	35.7	60
P4_19_NODE_813_length_1953_cov_3.771632	1	1953	369	1953	100	26.7819	35.7	59.7
P4_19_NODE_814_length_1953_cov_0.979737	1	1953	139	1953	100	8.87199	35.8	50.1
P4_19_NODE_815_length_1947_cov_0.887912	1	1947	95	1947	100	6.92604	35.1	58.6
P4_19_NODE_816_length_1944_cov_0.964227	1	1944	147	1944	100	9.93879	35.6	43.8
P4_19_NODE_817_length_1942_cov_1.628650	1	1942	151	1916	98.6612	11.1174	35.7	58.4
P4_19_NODE_818_length_1940_cov_1.306122	1	1940	135	1940	100	9.42268	36.1	56.3
P4_19_NODE_819_length_1937_cov_0.802210	1	1937	74	1937	100	5.4414	35.5	60
P4_19_NODE_820_length_1932_cov_0.663158	1	1932	60	1932	100	4.49017	36	60
P4_19_NODE_821_length_1932_cov_0.631579	1	1932	57	1932	100	4.26915	36	60
P4_19_NODE_822_length_1930_cov_1.137549	1	1930	120	1930	100	8.50155	35.3	59.7
P4_19_NODE_823_length_1929_cov_0.977802	1	1929	124	1929	100	7.61742	36	48.9
P4_19_NODE_824_length_1928_cov_1.822321	1	1928	273	1921	99.6369	17.7739	35.7	47.3
P4_19_NODE_825_length_1926_cov_0.622568	1	1926	56	1926	100	4.13863	35.5	58.9
P4_19_NODE_826_length_1924_cov_0.711742	1	1924	68	1924	100	5.09875	35.9	60
P4_19_NODE_827_length_1923_cov_0.825724	1	1923	81	1923	100	5.78263	35.7	60
P4_19_NODE_828_length_1919_cov_1.022321	1	1919	90	1919	100	6.72017	35.7	60
P4_19_NODE_829_length_1919_cov_0.849888	1	1919	80	1919	100	5.75821	36	60
P4_19_NODE_830_length_1919_cov_0.585379	1	1919	63	1919	100	4.28348	36	58.1
P4_19_NODE_831_length_1918_cov_1.145729	1	1918	111	1918	100	7.85141	35.9	57.6
P4_19_NODE_832_length_1914_cov_0.538332	1	1914	56	1914	100	4.12748	35.2	60
P4_19_NODE_833_length_1912_cov_0.704202	1	1912	71	1912	100	5.28295	36.2	60
P4_19_NODE_834_length_1910_cov_0.639372	1	1910	55	1909	99.9476	4.15288	36.2	57.9
P4_19_NODE_835_length_1908_cov_2.598540	1	1908	345	1894	99.2662	25.2002	35.7	50.7
P4_19_NODE_836_length_1906_cov_1.173131	1	1906	109	1906	100	8.28909	35.9	60
P4_19_NODE_837_length_1904_cov_0.496342	1	1904	51	1904	100	3.71008	35	60
P4_19_NODE_838_length_1902_cov_0.860845	1	1902	81	1902	100	6.06257	36.1	60
P4_19_NODE_839_length_1900_cov_0.523407	1	1900	58	1900	100	4.18316	34.6	60
P4_19_NODE_840_length_1892_cov_1.062890	1	1892	95	1892	100	7.0259	35.4	59.6
P4_19_NODE_841_length_1891_cov_1.143424	1	1891	112	1891	100	8.49868	35.7	60
P4_19_NODE_842_length_1880_cov_0.921278	1	1880	94	1852	98.5106	6.80691	35.7	59.9
P4_19_NODE_843_length_1878_cov_2.096516	1	1878	200	1878	100	14.5176	35.8	55.6
P4_19_NODE_844_length_1871_cov_0.929472	1	1871	84	1871	100	6.41208	35.6	60
P4_19_NODE_845_length_1869_cov_1.543628	1	1869	157	1869	100	11.381	35.4	59.9
P4_19_NODE_846_length_1868_cov_0.474440	1	1868	44	1868	100	3.2848	35.3	60
P4_19_NODE_847_length_1866_cov_0.790109	1	1866	71	1866	100	5.43033	36.1	60
P4_19_NODE_848_length_1864_cov_0.577432	1	1864	57	1864	100	4.32779	35.6	60
P4_19_NODE_849_length_1862_cov_0.851297	1	1862	84	1862	100	6.32223	35.5	60
P4_19_NODE_850_length_1862_cov_0.692219	1	1862	78	1862	100	5.69817	35.4	59
P4_19_NODE_851_length_1859_cov_0.559469	1	1859	61	1859	100	4.44648	35.9	59.5
P4_19_NODE_852_length_1859_cov_0.519630	1	1859	65	1859	100	4.41528	35.9	60
P4_19_NODE_853_length_1858_cov_0.471404	1	1858	46	1858	100	3.43219	35.7	58.7
P4_19_NODE_854_length_1856_cov_0.874494	1	1856	82	1856	100	6.38093	35.9	60
P4_19_NODE_855_length_1854_cov_0.585987	1	1854	49	1854	100	3.88835	35.6	60
P4_19_NODE_856_length_1852_cov_2.131594	1	1852	242	1852	100	17.7127	35.8	51
P4_19_NODE_857_length_1850_cov_0.766106	1	1850	80	1850	100	5.86378	35.8	58.5
P4_19_NODE_858_length_1849_cov_0.585366	1	1849	48	1839	99.4592	3.84532	35.6	60
P4_19_NODE_859_length_1848_cov_0.502034	1	1848	42	1848	100	3.2711	35.9	60
P4_19_NODE_860_length_1847_cov_0.883140	1	1847	75	1822	98.6465	5.87764	36.2	60
P4_19_NODE_861_length_1845_cov_0.737485	1	1845	73	1845	100	5.52954	35.6	60
P4_19_NODE_862_length_1843_cov_1.099068	1	1843	104	1843	100	7.63646	35.7	59.3
P4_19_NODE_863_length_1841_cov_1.264877	1	1841	149	1841	100	10.0212	35.9	57
P4_19_NODE_864_length_1840_cov_0.799766	1	1840	72	1840	100	5.56522	35.8	60
P4_19_NODE_865_length_1835_cov_0.714286	1	1835	63	1835	100	4.98147	35.4	60
P4_19_NODE_866_length_1832_cov_0.565396	1	1832	54	1832	100	4.18504	36	59.7
P4_19_NODE_867_length_1827_cov_1.630000	1	1827	142	1827	100	11.1412	36	59.9
P4_19_NODE_868_length_1821_cov_0.715466	1	1821	77	1821	100	5.49149	35.8	60
P4_19_NODE_869_length_1820_cov_0.904903	1	1820	69	1820	100	5.68407	35.6	60
P4_19_NODE_870_length_1817_cov_0.643787	1	1817	68	1817	100	5.19483	35.7	60
P4_19_NODE_871_length_1816_cov_1.023091	1	1816	130	1816	100	9.48128	35.8	53.2
P4_19_NODE_872_length_1815_cov_1.582346	1	1815	175	1815	100	12.7796	35.3	51.4
P4_19_NODE_873_length_1813_cov_1.459075	1	1813	187	1806	99.6139	13.332	35.4	49
P4_19_NODE_874_length_1807_cov_0.669643	1	1807	89	1807	100	6.63199	35.4	59.4
P4_19_NODE_875_length_1806_cov_0.703395	1	1806	66	1806	100	5.19103	35.9	60
P4_19_NODE_876_length_1806_cov_0.512210	1	1806	53	1806	100	3.99446	35.9	60
P4_19_NODE_877_length_1802_cov_0.931940	1	1802	87	1768	98.1132	6.67092	35.8	59.9
P4_19_NODE_878_length_1799_cov_0.768541	1	1799	71	1799	100	5.47638	35.6	60
P4_19_NODE_879_length_1795_cov_3.695444	1	1795	419	1761	98.1058	31.7504	35.8	53.5
P4_19_NODE_880_length_1795_cov_0.663669	1	1795	60	1795	100	4.71866	35.8	60
P4_19_NODE_881_length_1793_cov_0.787515	1	1793	80	1792	99.9442	6.19743	36.2	60
P4_19_NODE_882_length_1789_cov_0.991576	1	1789	74	1789	100	6.19396	36.2	60
P4_19_NODE_883_length_1789_cov_0.796631	1	1789	82	1789	100	6.23253	35.5	59.6
P4_19_NODE_884_length_1787_cov_0.933735	1	1787	89	1787	100	6.86794	35.5	58
P4_19_NODE_885_length_1782_cov_0.670695	1	1782	57	1782	100	4.64029	35.7	60
P4_19_NODE_886_length_1779_cov_3.280266	1	1779	333	1772	99.6065	25.0191	35.9	52.8
P4_19_NODE_887_length_1779_cov_0.955811	1	1779	88	1779	100	6.96009	35.5	59.5
P4_19_NODE_888_length_1776_cov_0.688902	1	1776	49	1776	100	4.1661	36.2	60
P4_19_NODE_889_length_1776_cov_0.451183	1	1776	41	1776	100	3.12669	35.7	59.2
P4_19_NODE_890_length_1773_cov_1.325638	1	1773	113	1773	100	9.21489	35.6	60
P4_19_NODE_891_length_1773_cov_0.571689	1	1773	54	1764	99.4924	4.20643	35.4	59.3
P4_19_NODE_892_length_1771_cov_1.201338	1	1771	105	1771	100	8.21005	35.8	60
P4_19_NODE_893_length_1770_cov_0.566038	1	1770	49	1762	99.548	3.87006	35.8	60
P4_19_NODE_894_length_1764_cov_1.796579	1	1764	149	1764	100	12.2443	35.7	60
P4_19_NODE_895_length_1763_cov_0.492665	1	1763	63	1763	100	3.99263	36.1	56.5
P4_19_NODE_896_length_1761_cov_0.878213	1	1761	83	1761	100	6.69279	35.7	60
P4_19_NODE_897_length_1756_cov_0.922038	1	1756	73	1756	100	6.07973	36.1	60
P4_19_NODE_898_length_1754_cov_0.592502	1	1754	54	1754	100	4.41733	35.8	60
P4_19_NODE_899_length_1753_cov_0.773678	1	1753	70	1753	100	5.52025	35.9	60
P4_19_NODE_900_length_1753_cov_0.568266	1	1753	68	1753	100	4.94581	35.3	57.4
P4_19_NODE_901_length_1753_cov_0.484010	1	1753	44	1753	100	3.69538	35.3	60
P4_19_NODE_902_length_1748_cov_0.503393	1	1748	46	1748	100	3.77231	34.9	60
P4_19_NODE_903_length_1746_cov_1.577517	1	1746	143	1746	100	11.4731	35.6	59.2
P4_19_NODE_904_length_1744_cov_1.128015	1	1744	102	1744	100	7.92947	36	59.5
P4_19_NODE_905_length_1743_cov_0.815594	1	1743	76	1733	99.4263	5.97189	35.3	60
P4_19_NODE_906_length_1743_cov_0.657797	1	1743	57	1733	99.4263	4.85026	36	60
P4_19_NODE_907_length_1739_cov_0.924318	1	1739	87	1729	99.425	6.85969	35.5	60
P4_19_NODE_908_length_1732_cov_1.372586	1	1732	316	1732	100	23.5058	35.6	47.7
P4_19_NODE_909_length_1731_cov_8.290524	1	1731	951	1731	100	72.9809	35.5	54.9
P4_19_NODE_910_length_1728_cov_0.847595	1	1728	72	1728	100	5.89005	35.8	57.5
P4_19_NODE_911_length_1727_cov_1.103750	1	1727	106	1727	100	8.25478	35.4	58.1
P4_19_NODE_912_length_1724_cov_0.708203	1	1724	66	1724	100	5.44316	34.4	59.9
P4_19_NODE_913_length_1721_cov_1.038269	1	1721	97	1721	100	7.4172	35.5	60
P4_19_NODE_914_length_1721_cov_0.459849	1	1721	38	1721	100	3.16212	36	58.5
P4_19_NODE_915_length_1718_cov_0.661219	1	1718	61	1718	100	4.90629	35	59
P4_19_NODE_916_length_1711_cov_0.476641	1	1711	64	1711	100	4.45061	36.2	51.2
P4_19_NODE_917_length_1708_cov_1.184693	1	1708	104	1708	100	8.58021	35.8	59.4
P4_19_NODE_918_length_1708_cov_0.552182	1	1708	43	1708	100	3.64637	36.4	60
P4_19_NODE_919_length_1706_cov_0.462318	1	1706	37	1706	100	3.12309	35.8	60
P4_19_NODE_920_length_1705_cov_1.987326	1	1705	230	1705	100	18.2751	35.9	54.2
P4_19_NODE_921_length_1704_cov_0.649968	1	1704	52	1694	99.4131	4.3838	36.1	60
P4_19_NODE_922_length_1703_cov_0.868020	1	1703	69	1703	100	5.79154	36	60
P4_19_NODE_923_length_1702_cov_1.185397	1	1702	92	1702	100	7.82726	35.9	59.6
P4_19_NODE_924_length_1699_cov_0.364504	1	1699	31	1699	100	2.55209	35.8	60
P4_19_NODE_925_length_1697_cov_0.507006	1	1697	41	1697	100	3.46494	35.5	60
P4_19_NODE_926_length_1694_cov_2.163369	1	1694	182	1694	100	15.2226	36	59.7
P4_19_NODE_927_length_1694_cov_0.619017	1	1694	67	1694	100	5.3294	35.3	57.1
P4_19_NODE_928_length_1693_cov_1.141762	1	1693	101	1693	100	8.21737	35.8	59.4
P4_19_NODE_929_length_1693_cov_0.784802	1	1693	70	1693	100	5.72947	35.8	60
P4_19_NODE_930_length_1691_cov_0.733376	1	1691	73	1691	100	5.91543	35.8	58.4
P4_19_NODE_931_length_1690_cov_0.757518	1	1690	61	1690	100	4.96746	35.9	57.8
P4_19_NODE_932_length_1689_cov_0.642766	1	1689	44	1679	99.4079	3.91356	36	60
P4_19_NODE_933_length_1687_cov_0.469231	1	1687	47	1673	99.1701	3.60522	35.6	59.1
P4_19_NODE_934_length_1684_cov_1.243417	1	1684	190	1684	100	14.5849	35.2	46.4
P4_19_NODE_935_length_1682_cov_0.539550	1	1682	49	1682	100	3.93698	36	59.6
P4_19_NODE_936_length_1680_cov_1.147457	1	1680	94	1680	100	7.91964	35.7	59.8
P4_19_NODE_937_length_1679_cov_1.039304	1	1679	97	1679	100	7.8237	35.9	60
P4_19_NODE_938_length_1677_cov_0.725806	1	1677	1558	1663	99.1652	78.1527	27	16.1
P4_19_NODE_939_length_1677_cov_0.589032	1	1677	44	1677	100	3.79845	36.2	60
P4_19_NODE_940_length_1675_cov_0.847545	1	1675	81	1666	99.4627	6.40179	35.7	54.2
P4_19_NODE_941_length_1675_cov_0.584625	1	1675	45	1675	100	3.94388	35.4	60
P4_19_NODE_942_length_1673_cov_0.509056	1	1673	42	1673	100	3.59892	35.6	60
P4_19_NODE_943_length_1672_cov_0.517799	1	1672	51	1672	100	4.11184	35	59.9
P4_19_NODE_944_length_1669_cov_0.795720	1	1669	65	1669	100	5.56381	36.1	60
P4_19_NODE_945_length_1669_cov_0.679637	1	1669	53	1669	100	4.62672	35.6	60
P4_19_NODE_946_length_1665_cov_1.309493	1	1665	117	1665	100	9.46607	35.9	54.5
P4_19_NODE_947_length_1665_cov_0.875163	1	1665	63	1665	100	5.61862	35.7	60
P4_19_NODE_948_length_1664_cov_0.558881	1	1664	51	1664	100	4.03185	35.6	52.7
P4_19_NODE_949_length_1663_cov_0.498698	1	1663	40	1663	100	3.40589	35.6	59
P4_19_NODE_950_length_1661_cov_0.584094	1	1661	46	1661	100	4.04576	35.3	60
P4_19_NODE_951_length_1660_cov_1.015003	1	1660	80	1660	100	6.81205	35.8	60
P4_19_NODE_952_length_1659_cov_2.512402	1	1659	349	1659	100	28.9379	36	49.5
P4_19_NODE_953_length_1659_cov_0.729112	1	1659	67	1649	99.3972	5.5425	35.4	60
P4_19_NODE_954_length_1655_cov_1.106675	1	1655	96	1655	100	7.7432	35.6	59
P4_19_NODE_955_length_1655_cov_0.788613	1	1655	90	1655	100	6.2719	35.3	53
P4_19_NODE_956_length_1654_cov_0.831696	1	1654	72	1654	100	6.12878	35.8	60
P4_19_NODE_957_length_1651_cov_0.704724	1	1651	63	1651	100	5.27922	35.5	59.9
P4_19_NODE_958_length_1650_cov_0.558109	1	1650	85	1650	100	7.31333	35.5	60
P4_19_NODE_959_length_1649_cov_0.521025	1	1649	48	1649	100	3.98059	35.7	60
P4_19_NODE_960_length_1646_cov_0.684661	1	1646	55	1636	99.3925	4.76124	35.9	60
P4_19_NODE_961_length_1645_cov_1.404480	1	1645	117	1645	100	9.85957	35.9	58.6
P4_19_NODE_962_length_1643_cov_1.083113	1	1643	78	1643	100	6.87766	35.3	60
P4_19_NODE_963_length_1643_cov_0.692612	1	1643	49	1643	100	4.39257	36.1	60
P4_19_NODE_964_length_1640_cov_0.651685	1	1640	59	1640	100	4.96159	35.1	58.9
P4_19_NODE_965_length_1639_cov_4.312571	1	1639	399	1639	100	31.5937	35.7	59.7
P4_19_NODE_966_length_1635_cov_1.089523	1	1635	90	1635	100	7.65994	35.6	60
P4_19_NODE_967_length_1635_cov_0.645225	1	1635	89	1635	100	6.88869	36.1	55.1
P4_19_NODE_968_length_1634_cov_1.131387	1	1634	90	1634	100	7.74235	35.6	60
P4_19_NODE_969_length_1634_cov_1.012608	1	1634	80	1634	100	6.99878	35.8	60
P4_19_NODE_970_length_1631_cov_0.522606	1	1631	130	1631	100	9.12446	35.7	57.9
P4_19_NODE_971_length_1630_cov_1.088490	1	1630	85	1622	99.5092	7.4773	35.8	60
P4_19_NODE_972_length_1627_cov_0.612667	1	1627	43	1627	100	3.85741	35.8	60
P4_19_NODE_973_length_1624_cov_0.951904	1	1624	76	1624	100	6.617	35.4	60
P4_19_NODE_974_length_1623_cov_0.670455	1	1623	48	1623	100	4.20826	35.9	59.8
P4_19_NODE_975_length_1621_cov_0.989960	1	1621	80	1621	100	6.9636	35.8	60
P4_19_NODE_976_length_1615_cov_2.012097	1	1615	207	1615	100	16.0483	35.7	55.6
P4_19_NODE_977_length_1615_cov_0.744624	1	1615	52	1615	100	4.76533	35.6	60
P4_19_NODE_978_length_1613_cov_0.479139	1	1613	41	1613	100	3.3881	35.9	58.5
P4_19_NODE_979_length_1611_cov_1.059973	1	1611	82	1611	100	7.34264	36	60
P4_19_NODE_980_length_1611_cov_0.605795	1	1611	62	1611	100	4.92613	35.8	58.1
P4_19_NODE_981_length_1609_cov_2.819163	1	1609	266	1609	100	23.5432	35.8	55.3
P4_19_NODE_982_length_1604_cov_0.549763	1	1604	41	1604	100	3.61845	35.4	57.1
P4_19_NODE_983_length_1603_cov_0.675474	1	1603	51	1603	100	4.64379	35.3	60
P4_19_NODE_984_length_1603_cov_0.632114	1	1603	70	1603	100	5.39925	35.4	55.7
P4_19_NODE_985_length_1601_cov_1.106513	1	1601	76	1601	100	6.90506	35.6	60
P4_19_NODE_986_length_1601_cov_0.806649	1	1601	62	1601	100	5.53966	35.9	60
P4_19_NODE_987_length_1601_cov_0.804613	1	1601	72	1601	100	6.01686	35.8	57.4
P4_19_NODE_988_length_1599_cov_12.652174	1	1599	1087	1599	100	93.611	36	58.7
P4_19_NODE_989_length_1599_cov_0.599864	1	1599	50	1599	100	4.22952	35.7	58.9
P4_19_NODE_990_length_1598_cov_0.723997	1	1598	71	1598	100	5.61577	35.5	57.5
P4_19_NODE_991_length_1593_cov_0.637790	1	1593	55	1593	100	4.67483	35.4	59.9
P4_19_NODE_992_length_1593_cov_0.476126	1	1593	38	1593	100	3.42185	35.5	60
P4_19_NODE_993_length_1592_cov_1.006143	1	1592	148	1592	100	10.3706	35.4	47
P4_19_NODE_994_length_1592_cov_0.507850	1	1592	40	1592	100	3.54648	35.7	60
P4_19_NODE_995_length_1590_cov_0.770335	1	1590	62	1590	100	5.37044	36	60
P4_19_NODE_996_length_1590_cov_0.563910	1	1590	55	1590	100	4.72579	35.4	57.3
P4_19_NODE_997_length_1589_cov_2.499316	1	1589	220	1589	100	18.1938	35.6	56
P4_19_NODE_998_length_1585_cov_0.663923	1	1585	47	1585	100	4.27003	36	60
P4_19_NODE_999_length_1584_cov_0.407687	1	1584	37	1584	100	3.19444	35.8	60
P4_19_NODE_1000_length_1581_cov_1.143741	1	1581	89	1581	100	7.50538	35.7	54.6
P4_19_NODE_1001_length_1579_cov_0.911157	1	1579	78	1579	100	6.82267	36.1	57.9
P4_19_NODE_1002_length_1579_cov_0.558540	1	1579	44	1579	100	4.07663	35.3	60
P4_19_NODE_1003_length_1578_cov_0.580289	1	1578	43	1578	100	3.96641	35	60
P4_19_NODE_1004_length_1577_cov_0.467586	1	1577	37	1577	100	3.10399	35.8	60
P4_19_NODE_1005_length_1575_cov_0.539365	1	1575	40	1575	100	3.6254	35.9	60
P4_19_NODE_1006_length_1574_cov_0.763649	1	1574	56	1574	100	5.04892	36.3	59.7
P4_19_NODE_1007_length_1573_cov_0.493084	1	1573	34	1573	100	3.1405	36	58.2
P4_19_NODE_1008_length_1571_cov_0.978532	1	1571	182	1571	100	15.5487	36	45.5
P4_19_NODE_1009_length_1570_cov_2.654193	1	1570	216	1570	100	19.2433	35.6	59.6
P4_19_NODE_1010_length_1570_cov_1.006930	1	1570	70	1570	100	6.46688	35.7	59.1
P4_19_NODE_1011_length_1569_cov_0.704577	1	1569	59	1569	100	5.23518	35.9	60
P4_19_NODE_1012_length_1568_cov_0.863983	1	1568	74	1568	100	6.47768	35.8	60
P4_19_NODE_1013_length_1568_cov_0.560028	1	1568	40	1568	100	3.60459	35.8	60
P4_19_NODE_1014_length_1567_cov_0.945833	1	1567	80	1567	100	7.03063	35.8	60
P4_19_NODE_1015_length_1567_cov_0.656944	1	1567	49	1558	99.4257	4.5418	35.5	60
P4_19_NODE_1016_length_1566_cov_0.789437	1	1566	58	1566	100	5.32822	35.7	60
P4_19_NODE_1017_length_1566_cov_0.510771	1	1566	40	1566	100	3.70051	35.6	60
P4_19_NODE_1018_length_1561_cov_0.756625	1	1561	108	1561	100	9.15887	35.8	59.5
P4_19_NODE_1019_length_1561_cov_0.661785	1	1561	65	1561	100	5.46573	35.8	57.3
P4_19_NODE_1020_length_1558_cov_2.443047	1	1558	204	1558	100	17.9763	35.8	56
P4_19_NODE_1021_length_1557_cov_0.718881	1	1557	54	1557	100	4.99807	35.4	60
P4_19_NODE_1022_length_1555_cov_0.894958	1	1555	214	1555	100	15.3338	36.2	52.2
P4_19_NODE_1023_length_1551_cov_0.726124	1	1551	68	1551	100	5.82141	35.6	60
P4_19_NODE_1024_length_1550_cov_0.760365	1	1550	60	1550	100	5.41419	36.1	54.6
P4_19_NODE_1025_length_1545_cov_0.978843	1	1545	75	1545	100	6.70356	35.7	60
P4_19_NODE_1026_length_1541_cov_0.802687	1	1541	58	1541	100	5.31927	36	56.9
P4_19_NODE_1027_length_1540_cov_0.769993	1	1540	85	1540	100	7.13247	35.9	60
P4_19_NODE_1028_length_1539_cov_1.936261	1	1539	185	1539	100	16.8681	35.5	51.4
P4_19_NODE_1029_length_1539_cov_0.752833	1	1539	51	1539	100	4.92982	35.6	60
P4_19_NODE_1030_length_1535_cov_0.786222	1	1535	56	1535	100	5.31726	36	60
P4_19_NODE_1031_length_1533_cov_0.736842	1	1533	57	1533	100	5.04892	35.6	59.3
P4_19_NODE_1032_length_1532_cov_0.476868	1	1532	49	1532	100	4.08486	35.8	52.7
P4_19_NODE_1033_length_1531_cov_21.895299	1	1531	1570	1531	100	148.608	35.5	59.7
P4_19_NODE_1034_length_1530_cov_0.550249	1	1530	38	1530	100	3.64706	36.2	60
P4_19_NODE_1035_length_1529_cov_0.655492	1	1529	123	1529	100	9.81557	35.9	50.1
P4_19_NODE_1036_length_1528_cov_0.852248	1	1528	62	1528	100	5.71859	35.6	60
P4_19_NODE_1037_length_1526_cov_0.802001	1	1526	57	1526	100	5.30668	36.1	59.8
P4_19_NODE_1038_length_1526_cov_0.486061	1	1526	37	1526	100	3.2464	35.5	58.9
P4_19_NODE_1039_length_1526_cov_0.447462	1	1526	31	1526	100	2.91874	35.6	60
P4_19_NODE_1040_length_1524_cov_1.150322	1	1524	84	1524	100	7.729	35.7	54.6
P4_19_NODE_1041_length_1524_cov_0.999284	1	1524	74	1515	99.4094	6.90354	35.6	60
P4_19_NODE_1042_length_1523_cov_2.250716	1	1523	303	1523	100	26.1451	34.8	44.1
P4_19_NODE_1043_length_1523_cov_0.431948	1	1523	33	1523	100	3.01838	35.8	60
P4_19_NODE_1044_length_1520_cov_0.666188	1	1520	51	1520	100	4.74211	35.8	60
P4_19_NODE_1045_length_1519_cov_0.447557	1	1519	42	1519	100	3.60961	36.1	54.7
P4_19_NODE_1046_length_1514_cov_0.839942	1	1514	69	1514	100	6.36856	35.6	60
P4_19_NODE_1047_length_1506_cov_0.498912	1	1506	47	1506	100	3.94489	35.5	54.2
P4_19_NODE_1048_length_1501_cov_1.476710	1	1501	113	1501	100	10.5923	35.8	58.8
P4_19_NODE_1049_length_1501_cov_0.588064	1	1501	40	1501	100	3.79813	36.1	60
P4_19_NODE_1050_length_1501_cov_0.510917	1	1501	51	1501	100	4.42638	36.1	58.2
P4_19_NODE_1051_length_1500_cov_0.721777	1	1500	57	1500	100	5.18733	36.1	60
P4_19_NODE_1052_length_1499_cov_0.800292	1	1499	51	1499	100	5.03336	35.6	60
P4_19_NODE_1053_length_1496_cov_0.595325	1	1496	43	1496	100	4.2119	36	60
P4_19_NODE_1054_length_1493_cov_0.556369	1	1493	62	1493	100	4.64233	35.2	55.4
P4_19_NODE_1055_length_1492_cov_0.740659	1	1492	52	1492	100	5.0315	35.8	60
P4_19_NODE_1056_length_1491_cov_0.706012	1	1491	65	1491	100	5.47887	35.7	59.1
P4_19_NODE_1057_length_1484_cov_0.689757	1	1484	53	1484	100	4.92251	35.8	60
P4_19_NODE_1058_length_1483_cov_0.902655	1	1483	70	1483	100	6.47876	35.5	60
P4_19_NODE_1059_length_1483_cov_0.689528	1	1483	56	1483	100	4.99461	35.4	59
P4_19_NODE_1060_length_1482_cov_0.665683	1	1482	51	1482	100	4.64777	35.7	60
P4_19_NODE_1061_length_1481_cov_0.847858	1	1481	61	1481	100	5.70088	35.8	59.5
P4_19_NODE_1062_length_1480_cov_0.631929	1	1480	48	1480	100	4.52703	35.6	59.6
P4_19_NODE_1063_length_1480_cov_0.396157	1	1480	30	1480	100	2.6973	35.9	59.6
P4_19_NODE_1064_length_1478_cov_3.940044	1	1478	319	1478	100	29.27	35.8	57.7
P4_19_NODE_1065_length_1476_cov_1.977761	1	1476	203	1476	100	16.9824	35.6	58.6
P4_19_NODE_1066_length_1469_cov_0.744411	1	1469	54	1469	100	5.18924	35.8	60
P4_19_NODE_1067_length_1469_cov_0.739195	1	1469	52	1469	100	5.11368	35.8	60
P4_19_NODE_1068_length_1469_cov_0.565574	1	1469	51	1469	100	4.72771	35.8	57.6
P4_19_NODE_1069_length_1468_cov_0.686801	1	1468	43	1468	100	4.37262	35.5	60
P4_19_NODE_1070_length_1467_cov_0.847015	1	1467	73	1457	99.3183	6.69734	36	59.7
P4_19_NODE_1071_length_1463_cov_0.822605	1	1463	57	1463	100	5.39098	35.8	60
P4_19_NODE_1072_length_1463_cov_0.806138	1	1463	74	1463	100	5.94258	35.9	54.6
P4_19_NODE_1073_length_1463_cov_0.676647	1	1463	42	1453	99.3165	4.27136	35.7	60
P4_19_NODE_1074_length_1459_cov_0.590841	1	1459	37	1459	100	3.78615	36.1	60
P4_19_NODE_1075_length_1458_cov_0.571751	1	1458	91	1458	100	7.54938	35.5	57.8
P4_19_NODE_1076_length_1457_cov_0.751880	1	1457	126	1457	100	9.52437	35.6	43.6
P4_19_NODE_1077_length_1457_cov_0.716541	1	1457	46	1457	100	4.65477	35.5	60
P4_19_NODE_1078_length_1457_cov_0.485714	1	1457	45	1446	99.245	3.7639	35.7	50.2
P4_19_NODE_1079_length_1455_cov_0.708584	1	1455	57	1445	99.3127	5.41512	35.4	59.8
P4_19_NODE_1080_length_1452_cov_0.639245	1	1452	75	1452	100	6.13499	35.4	43.1
P4_19_NODE_1081_length_1449_cov_1.096067	1	1449	67	1449	100	6.75086	35.5	59.7
P4_19_NODE_1082_length_1448_cov_0.735806	1	1448	51	1448	100	5.08633	35.9	60
P4_19_NODE_1083_length_1445_cov_0.638847	1	1445	45	1445	100	4.49481	35.8	60
P4_19_NODE_1084_length_1445_cov_0.471927	1	1445	105	1445	100	7.52734	35.9	54.5
P4_19_NODE_1085_length_1443_cov_0.755319	1	1443	55	1443	100	5.27581	35.9	57.2
P4_19_NODE_1086_length_1442_cov_0.935361	1	1442	67	1441	99.9307	6.44591	36	58.6
P4_19_NODE_1087_length_1441_cov_0.831811	1	1441	154	1441	100	10.9091	35.9	46.8
P4_19_NODE_1088_length_1441_cov_0.824201	1	1441	52	1441	100	5.30118	35.5	60
P4_19_NODE_1089_length_1440_cov_0.633663	1	1440	41	1440	100	4.15903	35.4	60
P4_19_NODE_1090_length_1440_cov_0.558264	1	1440	36	1432	99.4444	3.59097	36	60
P4_19_NODE_1091_length_1437_cov_1.297710	1	1437	105	1437	100	9.88587	35.7	55.1
P4_19_NODE_1092_length_1436_cov_0.563025	1	1436	43	1436	100	4.1727	35.7	60
P4_19_NODE_1093_length_1433_cov_0.443338	1	1433	32	1433	100	3.1947	35	60
P4_19_NODE_1094_length_1432_cov_1.443678	1	1432	97	1432	100	9.72835	36.1	60
P4_19_NODE_1095_length_1429_cov_0.942396	1	1429	71	1429	100	6.82785	35.6	60
P4_19_NODE_1096_length_1428_cov_0.481937	1	1428	37	1428	100	3.62255	36	60
P4_19_NODE_1097_length_1427_cov_0.820000	1	1427	59	1427	100	5.70427	35.3	59.3
P4_19_NODE_1098_length_1425_cov_1.204160	1	1425	92	1425	100	8.80421	35.5	59.7
P4_19_NODE_1099_length_1423_cov_0.447531	1	1423	36	1423	100	3.43078	35.3	58.1
P4_19_NODE_1100_length_1422_cov_0.841699	1	1422	54	1422	100	5.49508	35.8	60
P4_19_NODE_1101_length_1421_cov_1.004637	1	1421	81	1421	100	7.39198	35.9	53.2
P4_19_NODE_1102_length_1420_cov_0.971384	1	1420	67	1420	100	6.5507	36.1	57.4
P4_19_NODE_1103_length_1417_cov_0.501550	1	1417	37	1417	100	3.53352	35.8	60
P4_19_NODE_1104_length_1415_cov_0.451087	1	1415	34	1415	100	3.21413	35.8	59.9
P4_19_NODE_1105_length_1414_cov_0.592075	1	1414	41	1414	100	3.96322	35.9	56.3
P4_19_NODE_1106_length_1413_cov_0.710731	1	1413	51	1413	100	5.03822	36	58.2
P4_19_NODE_1107_length_1412_cov_0.707393	1	1412	50	1412	100	4.80028	35.1	59.4
P4_19_NODE_1108_length_1412_cov_0.550195	1	1412	108	1412	100	8.44901	35.8	52.6
P4_19_NODE_1109_length_1411_cov_0.728972	1	1411	54	1411	100	5.25089	36	60
P4_19_NODE_1110_length_1409_cov_0.582683	1	1409	42	1409	100	4.05394	35.6	54.6
P4_19_NODE_1111_length_1408_cov_0.879781	1	1408	56	1408	100	5.67827	35.6	60
P4_19_NODE_1112_length_1406_cov_0.609070	1	1406	38	1406	100	3.99004	35.8	60
P4_19_NODE_1113_length_1405_cov_0.338028	1	1405	24	1405	100	2.49466	36.2	60
P4_19_NODE_1114_length_1404_cov_0.693814	1	1404	72	1404	100	6.71083	35.5	59.9
P4_19_NODE_1115_length_1401_cov_0.649922	1	1401	61	1401	100	5.35903	36.3	60
P4_19_NODE_1116_length_1400_cov_2.318146	1	1400	155	1399	99.9286	15.7379	36.1	60
P4_19_NODE_1117_length_1400_cov_1.232522	1	1400	88	1400	100	8.83357	35.7	58.2
P4_19_NODE_1118_length_1399_cov_0.715409	1	1399	55	1399	100	5.60257	35.4	60
P4_19_NODE_1119_length_1397_cov_1.151181	1	1397	78	1386	99.2126	7.93486	35.7	58.1
P4_19_NODE_1120_length_1397_cov_0.429134	1	1397	29	1387	99.2842	3.00358	36.2	60
P4_19_NODE_1121_length_1394_cov_0.534333	1	1394	37	1394	100	3.68795	35.8	58.6
P4_19_NODE_1122_length_1393_cov_0.661137	1	1393	45	1393	100	4.51902	35.8	60
P4_19_NODE_1123_length_1393_cov_0.473144	1	1393	36	1393	100	3.36899	36	60
P4_19_NODE_1124_length_1392_cov_0.535968	1	1392	47	1392	100	4.28664	36	52.1
P4_19_NODE_1125_length_1392_cov_0.511462	1	1392	42	1392	100	4.21839	35.6	60
P4_19_NODE_1126_length_1391_cov_0.468354	1	1391	32	1391	100	3.31129	36	59.2
P4_19_NODE_1127_length_1387_cov_0.345238	1	1387	21	1387	100	2.28623	35.1	60
P4_19_NODE_1128_length_1386_cov_0.985703	1	1386	62	1386	100	6.43939	35.6	60
P4_19_NODE_1129_length_1386_cov_0.903892	1	1386	64	1386	100	6.42929	35.6	60
P4_19_NODE_1130_length_1386_cov_0.498809	1	1386	33	1376	99.2785	3.35859	35.7	60
P4_19_NODE_1131_length_1385_cov_0.848172	1	1385	67	1385	100	6.14874	35.9	53.7
P4_19_NODE_1132_length_1385_cov_0.777424	1	1385	50	1385	100	5.18339	35.7	60
P4_19_NODE_1133_length_1385_cov_0.457075	1	1385	35	1385	100	3.50253	35.8	59.6
P4_19_NODE_1134_length_1385_cov_0.423688	1	1385	33	1385	100	3.43827	36.1	60
P4_19_NODE_1135_length_1385_cov_0.379968	1	1385	23	1375	99.278	2.46859	35.2	60
P4_19_NODE_1136_length_1384_cov_1.906921	1	1384	127	1384	100	13.026	35.5	60
P4_19_NODE_1137_length_1384_cov_0.363564	1	1384	21	1384	100	2.28902	36	60
P4_19_NODE_1138_length_1382_cov_0.540239	1	1382	37	1382	100	3.8835	35.4	60
P4_19_NODE_1139_length_1381_cov_0.680223	1	1381	49	1381	100	4.9551	35.9	60
P4_19_NODE_1140_length_1380_cov_0.528332	1	1380	31	1380	100	3.31667	35.7	60
P4_19_NODE_1141_length_1379_cov_0.480032	1	1379	54	1370	99.3474	4.53082	35.8	56.5
P4_19_NODE_1142_length_1378_cov_0.749800	1	1378	77	1378	100	6.32366	35.2	55.8
P4_19_NODE_1143_length_1378_cov_0.575540	1	1378	42	1378	100	4.25835	36	60
P4_19_NODE_1144_length_1377_cov_1.358400	1	1377	124	1377	100	12.3813	35.9	57.6
P4_19_NODE_1145_length_1377_cov_0.484800	1	1377	44	1377	100	3.91649	35.4	59.2
P4_19_NODE_1146_length_1375_cov_0.910256	1	1375	65	1375	100	6.39927	36.2	59.3
P4_19_NODE_1147_length_1375_cov_0.395833	1	1375	30	1375	100	3.10255	35.7	60
P4_19_NODE_1148_length_1374_cov_0.531676	1	1374	40	1374	100	3.90975	35.5	60
P4_19_NODE_1149_length_1373_cov_1.096308	1	1373	114	1373	100	9.42972	35.9	49.5
P4_19_NODE_1150_length_1372_cov_0.762249	1	1372	52	1372	100	5.3586	35.9	60
P4_19_NODE_1151_length_1370_cov_0.566372	1	1370	37	1370	100	3.96423	34.9	60
P4_19_NODE_1152_length_1369_cov_1.049919	1	1369	75	1369	100	7.54127	35.8	58.2
P4_19_NODE_1153_length_1369_cov_0.429952	1	1369	30	1369	100	3.15924	35.2	60
P4_19_NODE_1154_length_1368_cov_0.748590	1	1368	43	1368	100	4.64327	35.5	60
P4_19_NODE_1155_length_1368_cov_0.663981	1	1368	45	1368	100	4.33772	35.7	59.1
P4_19_NODE_1156_length_1368_cov_0.610798	1	1368	48	1368	100	4.60453	35.6	60
P4_19_NODE_1157_length_1367_cov_0.712903	1	1367	50	1367	100	5.10973	35	56.7
P4_19_NODE_1158_length_1367_cov_0.503226	1	1367	34	1367	100	3.54718	36.1	60
P4_19_NODE_1159_length_1365_cov_0.823910	1	1365	52	1365	100	5.44689	36	57.7
P4_19_NODE_1160_length_1365_cov_0.716478	1	1365	47	1365	100	4.90183	36	60
P4_19_NODE_1161_length_1363_cov_0.521845	1	1363	45	1363	100	4.13793	35.4	59.1
P4_19_NODE_1162_length_1362_cov_2.232389	1	1362	203	1360	99.8532	20.2357	35.5	51.4
P4_19_NODE_1163_length_1361_cov_0.491896	1	1361	43	1361	100	4.2072	35.8	60
P4_19_NODE_1164_length_1360_cov_0.528792	1	1360	32	1360	100	3.39485	36	60
P4_19_NODE_1165_length_1357_cov_0.726829	1	1357	67	1357	100	5.72513	35.6	45.5
P4_19_NODE_1166_length_1352_cov_0.764898	1	1352	49	1352	100	5.19157	35.2	59.6
P4_19_NODE_1167_length_1352_cov_0.653878	1	1352	63	1352	100	5.84024	35.6	54.9
P4_19_NODE_1168_length_1352_cov_0.410612	1	1352	36	1352	100	3.46672	35.1	57.8
P4_19_NODE_1169_length_1351_cov_1.027778	1	1351	63	1351	100	6.72391	35.9	60
P4_19_NODE_1170_length_1351_cov_0.621732	1	1351	37	1351	100	4.00074	36	60
P4_19_NODE_1171_length_1350_cov_0.638594	1	1350	37	1340	99.2593	3.90741	35.7	60
P4_19_NODE_1172_length_1349_cov_0.910802	1	1349	81	1349	100	7.90734	35.7	56
P4_19_NODE_1173_length_1349_cov_0.500818	1	1349	51	1349	100	4.74055	36.3	56.9
P4_19_NODE_1174_length_1347_cov_0.454918	1	1347	34	1333	98.9607	3.40238	35.6	57
P4_19_NODE_1175_length_1346_cov_0.533224	1	1346	55	1346	100	5.05349	35.9	60
P4_19_NODE_1176_length_1345_cov_1.010673	1	1345	66	1345	100	6.70855	36.2	60
P4_19_NODE_1177_length_1345_cov_0.709360	1	1345	45	1345	100	4.65204	35.7	60
P4_19_NODE_1178_length_1345_cov_0.694581	1	1345	48	1335	99.2565	4.87584	35.2	60
P4_19_NODE_1179_length_1344_cov_0.732128	1	1344	50	1344	100	5.35268	35.8	60
P4_19_NODE_1180_length_1342_cov_0.591770	1	1342	42	1342	100	4.14307	35.9	60
P4_19_NODE_1181_length_1341_cov_0.761120	1	1341	128	1341	100	10.4116	35.4	53.9
P4_19_NODE_1182_length_1341_cov_0.472817	1	1341	37	1341	100	3.55034	36.2	58.9
P4_19_NODE_1183_length_1341_cov_0.465404	1	1341	28	1341	100	3.08054	36	60
P4_19_NODE_1184_length_1339_cov_0.643564	1	1339	37	1339	100	4.08887	35.7	60
P4_19_NODE_1185_length_1338_cov_0.599505	1	1338	50	1338	100	5.17788	35.4	60
P4_19_NODE_1186_length_1338_cov_0.587944	1	1338	38	1338	100	4.01794	35.7	60
P4_19_NODE_1187_length_1337_cov_1.056198	1	1337	92	1328	99.3269	9.50262	35.5	59.3
P4_19_NODE_1188_length_1336_cov_0.809760	1	1336	150	1336	100	14.3443	35.5	40.8
P4_19_NODE_1189_length_1334_cov_0.578293	1	1334	50	1334	100	4.54198	35.6	55.9
P4_19_NODE_1190_length_1334_cov_0.484673	1	1334	35	1324	99.2504	3.63268	35.8	60
P4_19_NODE_1191_length_1333_cov_0.846600	1	1333	56	1333	100	5.85671	35.8	59.9
P4_19_NODE_1192_length_1333_cov_0.825041	1	1333	57	1333	100	6.18755	35.9	60
P4_19_NODE_1193_length_1331_cov_1.035714	1	1331	54	1331	100	6.10669	36.1	60
P4_19_NODE_1194_length_1331_cov_0.674419	1	1331	41	1331	100	4.37791	36.1	60
P4_19_NODE_1195_length_1329_cov_0.616473	1	1329	35	1329	100	3.92626	35.9	60
P4_19_NODE_1196_length_1329_cov_0.478369	1	1329	33	1329	100	3.33409	36.2	59.2
P4_19_NODE_1197_length_1326_cov_0.777314	1	1326	46	1326	100	4.93741	35.9	60
P4_19_NODE_1198_length_1323_cov_0.461538	1	1323	29	1323	100	3.10204	35.6	60
P4_19_NODE_1199_length_1320_cov_0.640402	1	1320	44	1320	100	4.39773	35.7	60
P4_19_NODE_1200_length_1320_cov_0.414920	1	1320	30	1320	100	3.01515	35.7	56
P4_19_NODE_1201_length_1319_cov_0.843960	1	1319	48	1319	100	5.26687	35.4	60
P4_19_NODE_1202_length_1319_cov_0.602349	1	1319	39	1319	100	4.35406	35.2	59.7
P4_19_NODE_1203_length_1318_cov_22.438287	1	1318	1725	1318	100	187.272	35.8	58
P4_19_NODE_1204_length_1318_cov_0.434089	1	1318	26	1318	100	2.7041	35.7	58.9
P4_19_NODE_1205_length_1317_cov_0.543697	1	1317	37	1317	100	3.95444	35	60
P4_19_NODE_1206_length_1316_cov_0.718251	1	1316	47	1316	100	4.88374	36.3	60
P4_19_NODE_1207_length_1313_cov_2.193086	1	1313	158	1303	99.2384	16.6542	35.6	51.1
P4_19_NODE_1208_length_1312_cov_1.449789	1	1312	96	1312	100	10.2706	36	59
P4_19_NODE_1209_length_1311_cov_0.512669	1	1311	29	1311	100	3.27384	36.3	60
P4_19_NODE_1210_length_1311_cov_0.486486	1	1311	32	1311	100	3.25095	35.7	60
P4_19_NODE_1211_length_1309_cov_0.494924	1	1309	45	1309	100	4.48587	35.5	58.9
P4_19_NODE_1212_length_1308_cov_0.883997	1	1308	68	1308	100	6.62538	35.8	59
P4_19_NODE_1213_length_1308_cov_0.611346	1	1308	39	1308	100	4.2263	34.9	57.5
P4_19_NODE_1214_length_1308_cov_0.489416	1	1308	30	1308	100	3.28517	35.7	60
P4_19_NODE_1215_length_1307_cov_0.577966	1	1307	31	1307	100	3.54705	35.8	60
P4_19_NODE_1216_length_1306_cov_0.704835	1	1306	39	1306	100	4.35758	35.5	58.5
P4_19_NODE_1217_length_1305_cov_0.870119	1	1305	49	1305	100	5.46437	36.2	60
P4_19_NODE_1218_length_1305_cov_0.669779	1	1305	49	1305	100	5.27893	36.1	60
P4_19_NODE_1219_length_1304_cov_0.711130	1	1304	47	1304	100	4.76304	35.8	59.4
P4_19_NODE_1220_length_1304_cov_0.582838	1	1304	35	1304	100	3.89571	35.7	60
P4_19_NODE_1221_length_1303_cov_0.898810	1	1303	66	1303	100	6.79662	35.2	59.1
P4_19_NODE_1222_length_1301_cov_1.048552	1	1301	79	1301	100	7.505	35.5	50.3
P4_19_NODE_1223_length_1301_cov_0.625213	1	1301	40	1301	100	4.2329	35.8	57.1
P4_19_NODE_1224_length_1301_cov_0.482112	1	1301	28	1301	100	3.14527	36.1	60
P4_19_NODE_1225_length_1299_cov_0.623720	1	1299	35	1294	99.6151	3.73364	36.2	56.6
P4_19_NODE_1226_length_1298_cov_1.362938	1	1298	99	1298	100	10.0378	35.4	53.9
P4_19_NODE_1227_length_1298_cov_0.915457	1	1298	46	1298	100	5.34361	35.6	60
P4_19_NODE_1228_length_1298_cov_0.587532	1	1298	119	1298	100	9.65639	35.8	40.6
P4_19_NODE_1229_length_1297_cov_0.773504	1	1297	52	1297	100	5.49268	35.9	57.9
P4_19_NODE_1230_length_1297_cov_0.687179	1	1297	39	1297	100	4.35544	36	60
P4_19_NODE_1231_length_1293_cov_0.540309	1	1293	35	1284	99.3039	3.60944	35.5	53.7
P4_19_NODE_1232_length_1293_cov_0.486278	1	1293	48	1293	100	5.00541	35.8	60
P4_19_NODE_1233_length_1290_cov_1.262253	1	1290	75	1290	100	8.33411	36.1	60
P4_19_NODE_1234_length_1290_cov_0.584695	1	1290	41	1290	100	4.33256	35.5	60
P4_19_NODE_1235_length_1288_cov_2.436693	1	1288	199	1288	100	20.4977	35.5	46.1
P4_19_NODE_1236_length_1286_cov_0.629853	1	1286	40	1281	99.6112	4.32815	36.1	60
P4_19_NODE_1237_length_1284_cov_0.844425	1	1284	81	1284	100	7.39642	35.8	46.6
P4_19_NODE_1238_length_1283_cov_0.967128	1	1283	115	1283	100	10.9228	35.9	48.3
P4_19_NODE_1239_length_1283_cov_0.659170	1	1283	37	1283	100	3.96493	35.3	53.7
P4_19_NODE_1240_length_1283_cov_0.546713	1	1283	34	1275	99.3765	3.86828	35.2	60
P4_19_NODE_1241_length_1282_cov_2.481902	1	1282	199	1282	100	20.6162	36	58
P4_19_NODE_1242_length_1282_cov_0.785281	1	1282	50	1282	100	5.19969	35.8	60
P4_19_NODE_1243_length_1282_cov_0.683983	1	1282	42	1282	100	4.66225	36	60
P4_19_NODE_1244_length_1282_cov_0.570563	1	1282	37	1282	100	4.23791	36	60
P4_19_NODE_1245_length_1281_cov_0.758232	1	1281	43	1281	100	4.90788	35.4	60
P4_19_NODE_1246_length_1281_cov_0.703640	1	1281	39	1281	100	4.43872	35.6	60
P4_19_NODE_1247_length_1281_cov_0.653380	1	1281	40	1281	100	4.44418	36.3	60
P4_19_NODE_1248_length_1281_cov_0.595321	1	1281	40	1281	100	4.19516	36.3	60
P4_19_NODE_1249_length_1280_cov_0.723330	1	1280	49	1280	100	5.49688	35.4	60
P4_19_NODE_1250_length_1279_cov_0.371528	1	1279	40	1279	100	3.30258	35.4	58.2
P4_19_NODE_1251_length_1278_cov_0.695917	1	1278	49	1278	100	5.17136	35.7	60
P4_19_NODE_1252_length_1278_cov_0.434405	1	1278	25	1278	100	2.81847	35.9	60
P4_19_NODE_1253_length_1277_cov_0.427826	1	1277	28	1277	100	3.13782	35.4	60
P4_19_NODE_1254_length_1276_cov_0.631854	1	1276	37	1276	100	4.27821	35.2	60
P4_19_NODE_1255_length_1276_cov_0.587467	1	1276	37	1276	100	3.76097	35.9	59.1
P4_19_NODE_1256_length_1274_cov_0.775937	1	1274	42	1274	100	4.90188	36.1	60
P4_19_NODE_1257_length_1272_cov_0.725764	1	1272	41	1272	100	4.64308	35.8	60
P4_19_NODE_1258_length_1272_cov_0.511790	1	1272	37	1272	100	3.81918	35.6	60
P4_19_NODE_1259_length_1270_cov_0.725284	1	1270	38	1260	99.2126	4.40394	35.6	60
P4_19_NODE_1260_length_1270_cov_0.678915	1	1270	51	1270	100	5.17402	35.3	57.9
P4_19_NODE_1261_length_1270_cov_0.531934	1	1270	33	1270	100	3.58819	36.3	60
P4_19_NODE_1262_length_1269_cov_0.783713	1	1269	59	1269	100	6.10796	35.9	60
P4_19_NODE_1263_length_1267_cov_0.643860	1	1267	48	1267	100	4.84688	35.9	53.2
P4_19_NODE_1264_length_1265_cov_0.716169	1	1265	38	1265	100	4.48458	36	60
P4_19_NODE_1265_length_1265_cov_0.372583	1	1265	22	1265	100	2.51067	35.9	60
P4_19_NODE_1266_length_1264_cov_0.537379	1	1264	47	1202	95.0949	4.94225	35.7	49.4
P4_19_NODE_1267_length_1264_cov_0.465259	1	1264	77	1264	100	5.47547	36	53
P4_19_NODE_1268_length_1263_cov_0.793134	1	1263	56	1263	100	6.06017	35.9	60
P4_19_NODE_1269_length_1263_cov_0.605634	1	1263	44	1263	100	4.83215	35.8	60
P4_19_NODE_1270_length_1262_cov_0.896916	1	1262	52	1262	100	5.9691	35.6	59.6
P4_19_NODE_1271_length_1261_cov_0.872134	1	1261	59	1261	100	6.1927	35.7	57.5
P4_19_NODE_1272_length_1260_cov_0.579876	1	1260	33	1260	100	3.82063	35.8	60
P4_19_NODE_1273_length_1259_cov_0.859541	1	1259	50	1259	100	5.5274	35.8	60
P4_19_NODE_1274_length_1259_cov_0.732332	1	1259	47	1259	100	5.15806	35.4	60
P4_19_NODE_1275_length_1259_cov_0.590106	1	1259	36	1259	100	3.92216	35.1	56.7
P4_19_NODE_1276_length_1259_cov_0.551237	1	1259	40	1259	100	4.40349	35.5	56.5
P4_19_NODE_1277_length_1258_cov_0.688771	1	1258	37	1258	100	4.37202	35.2	60
P4_19_NODE_1278_length_1258_cov_0.575597	1	1258	37	1249	99.2846	4.11129	35.8	60
P4_19_NODE_1279_length_1257_cov_0.623894	1	1257	45	1247	99.2045	5.01193	36.2	60
P4_19_NODE_1280_length_1255_cov_0.614362	1	1255	34	1255	100	3.92988	36.1	60
P4_19_NODE_1281_length_1252_cov_1.250667	1	1252	78	1252	100	8.6893	36	60
P4_19_NODE_1282_length_1249_cov_0.670232	1	1249	46	1248	99.9199	5.08247	35.7	56.1
P4_19_NODE_1283_length_1248_cov_1.008029	1	1248	69	1248	100	7.61699	34.5	57.2
P4_19_NODE_1284_length_1248_cov_0.966102	1	1248	67	1248	100	6.9984	35.9	57.2
P4_19_NODE_1285_length_1247_cov_0.718750	1	1247	39	1247	100	4.46913	35.5	56.9
P4_19_NODE_1286_length_1246_cov_0.457551	1	1246	32	1246	100	3.45746	36	60
P4_19_NODE_1287_length_1245_cov_0.694097	1	1245	40	1245	100	4.71647	35.5	60
P4_19_NODE_1288_length_1245_cov_0.673524	1	1245	58	1245	100	5.87068	35.9	60
P4_19_NODE_1289_length_1245_cov_0.665474	1	1245	61	1245	100	6.35181	35.8	52.8
P4_19_NODE_1290_length_1244_cov_0.661594	1	1244	66	1244	100	6.03859	35.7	37.4
P4_19_NODE_1291_length_1244_cov_0.536258	1	1244	46	1244	100	5.03457	35.3	60
P4_19_NODE_1292_length_1240_cov_0.873315	1	1240	61	1240	100	6.40323	35.9	58.7
P4_19_NODE_1293_length_1237_cov_0.894595	1	1237	53	1237	100	6.15845	35.6	60
P4_19_NODE_1294_length_1236_cov_0.699729	1	1236	46	1224	99.0291	4.77023	36.1	56.5
P4_19_NODE_1295_length_1233_cov_0.822785	1	1233	55	1233	100	5.91403	35.9	55.8
P4_19_NODE_1296_length_1233_cov_0.529837	1	1233	31	1233	100	3.65045	36	60
P4_19_NODE_1297_length_1233_cov_0.481013	1	1233	29	1223	99.189	3.35848	36	60
P4_19_NODE_1298_length_1231_cov_0.509964	1	1231	40	1231	100	4.60764	35.6	55.7
P4_19_NODE_1299_length_1229_cov_0.578947	1	1229	37	1229	100	4.29943	36	60
P4_19_NODE_1300_length_1229_cov_0.490926	1	1229	31	1229	100	3.38649	35.3	60
P4_19_NODE_1301_length_1227_cov_0.964545	1	1227	56	1227	100	6.57946	35.5	60
P4_19_NODE_1302_length_1227_cov_0.630000	1	1227	33	1227	100	4.04645	36.1	60
P4_19_NODE_1303_length_1226_cov_2.680619	1	1226	427	1226	100	48.5669	35.8	41.4
P4_19_NODE_1304_length_1225_cov_0.621129	1	1225	39	1225	100	4.25143	36	56.9
P4_19_NODE_1305_length_1224_cov_0.931632	1	1224	53	1224	100	6.13072	35.5	59.3
P4_19_NODE_1306_length_1223_cov_0.871350	1	1223	44	1223	100	5.37776	35.3	60
P4_19_NODE_1307_length_1222_cov_0.869406	1	1222	55	1222	100	6.4689	35.7	60
P4_19_NODE_1308_length_1222_cov_0.778995	1	1222	104	1222	100	9.25941	35.4	57
P4_19_NODE_1309_length_1222_cov_0.593607	1	1222	55	1222	100	5.46727	35.6	52.1
P4_19_NODE_1310_length_1221_cov_0.642596	1	1221	43	1221	100	4.80262	35.3	60
P4_19_NODE_1311_length_1217_cov_0.718349	1	1217	48	1217	100	5.06984	35.8	59.4
P4_19_NODE_1312_length_1217_cov_0.382569	1	1217	21	1217	100	2.55136	34.3	60
P4_19_NODE_1313_length_1216_cov_0.563820	1	1216	39	1216	100	4.51809	35.5	60
P4_19_NODE_1314_length_1215_cov_0.709559	1	1215	61	1215	100	6.38765	35.8	59.6
P4_19_NODE_1315_length_1215_cov_0.562500	1	1215	40	1215	100	4.18601	35.8	56
P4_19_NODE_1316_length_1212_cov_0.943779	1	1212	62	1212	100	6.78053	36.1	53.4
P4_19_NODE_1317_length_1211_cov_1.244465	1	1211	914	1194	98.5962	105.982	35.9	47.2
P4_19_NODE_1318_length_1209_cov_0.609057	1	1209	36	1209	100	4.10918	35.7	56.7
P4_19_NODE_1319_length_1209_cov_0.519409	1	1209	26	1209	100	3.17618	35.4	60
P4_19_NODE_1320_length_1208_cov_0.556892	1	1208	39	1208	100	4.35348	36.1	60
P4_19_NODE_1321_length_1208_cov_0.555967	1	1208	30	1207	99.9172	3.56291	35.7	59.3
P4_19_NODE_1322_length_1207_cov_0.746296	1	1207	42	1207	100	4.92792	36.2	60
P4_19_NODE_1323_length_1207_cov_0.596296	1	1207	39	1207	100	4.27672	36	60
P4_19_NODE_1324_length_1205_cov_0.987013	1	1205	75	1205	100	7.439	35.7	51.5
P4_19_NODE_1325_length_1205_cov_0.435065	1	1205	31	1205	100	3.25975	35.9	60
P4_19_NODE_1326_length_1204_cov_2.503250	1	1204	217	1204	100	24.2068	35.7	54
P4_19_NODE_1327_length_1204_cov_1.111421	1	1204	81	1204	100	8.83721	36	51.5
P4_19_NODE_1328_length_1204_cov_0.506035	1	1204	25	1204	100	3.08555	36.3	60
P4_19_NODE_1329_length_1203_cov_0.690520	1	1203	33	1203	100	4.13051	35.7	60
P4_19_NODE_1330_length_1202_cov_0.745116	1	1202	40	1202	100	4.87854	35.4	60
P4_19_NODE_1331_length_1202_cov_0.396279	1	1202	34	1202	100	3.25125	34.8	45.4
P4_19_NODE_1332_length_1200_cov_1.002796	1	1200	77	1200	100	8.265	35	51.3
P4_19_NODE_1333_length_1200_cov_0.576887	1	1200	35	1200	100	4.31417	35.4	60
P4_19_NODE_1334_length_1199_cov_0.838619	1	1199	44	1199	100	5.32527	35.7	60
P4_19_NODE_1335_length_1197_cov_0.617757	1	1197	69	1197	100	6.23141	35.6	55.5
P4_19_NODE_1336_length_1195_cov_0.895131	1	1195	55	1195	100	6.54728	35.9	60
P4_19_NODE_1337_length_1195_cov_0.849251	1	1195	110	1192	99.749	8.69038	36	46.9
P4_19_NODE_1338_length_1195_cov_0.832397	1	1195	49	1195	100	5.78494	34.8	60
P4_19_NODE_1339_length_1194_cov_0.701031	1	1194	38	1194	100	4.49916	36	60
P4_19_NODE_1340_length_1193_cov_0.873358	1	1193	54	1193	100	6.16345	35.9	58.9
P4_19_NODE_1341_length_1192_cov_1.037559	1	1192	54	1192	100	6.58977	35.7	60
P4_19_NODE_1342_length_1192_cov_0.627230	1	1192	38	1192	100	4.59312	35.7	60
P4_19_NODE_1343_length_1192_cov_0.612207	1	1192	33	1192	100	3.99581	35.3	60
P4_19_NODE_1344_length_1192_cov_0.549296	1	1192	37	1192	100	4.20134	34.8	60
P4_19_NODE_1345_length_1192_cov_0.454460	1	1192	30	1192	100	3.52013	35.2	60
P4_19_NODE_1346_length_1190_cov_1.296331	1	1190	96	1190	100	10.2588	35.6	48.3
P4_19_NODE_1347_length_1190_cov_0.706491	1	1190	40	1180	99.1597	4.77479	35.8	60
P4_19_NODE_1348_length_1190_cov_0.637817	1	1190	33	1190	100	3.92689	35.9	56.4
P4_19_NODE_1349_length_1188_cov_0.958530	1	1188	49	1188	100	5.97306	35.8	60
P4_19_NODE_1350_length_1187_cov_0.939623	1	1187	49	1187	100	5.82224	36	60
P4_19_NODE_1351_length_1187_cov_0.510377	1	1187	26	1187	100	3.15838	36	60
P4_19_NODE_1352_length_1186_cov_1.104816	1	1186	58	1186	100	7.1172	35.7	60
P4_19_NODE_1353_length_1185_cov_0.712665	1	1185	100	1185	100	9.05823	35.5	47.1
P4_19_NODE_1354_length_1185_cov_0.289225	1	1185	37468	1185	100	1329.22	32.4	5.94
P4_19_NODE_1355_length_1183_cov_1.110795	1	1183	64	1183	100	7.5765	35.8	60
P4_19_NODE_1356_length_1183_cov_0.712121	1	1183	45	1183	100	5.30769	36	60
P4_19_NODE_1357_length_1183_cov_0.538826	1	1183	39	1183	100	3.82333	35.7	51.9
P4_19_NODE_1358_length_1183_cov_0.466856	1	1183	23	1183	100	2.89772	35.5	60
P4_19_NODE_1359_length_1182_cov_0.936493	1	1182	52	1182	100	6.15144	35.8	59.2
P4_19_NODE_1360_length_1181_cov_0.698292	1	1181	39	1181	100	4.4945	35.2	56.4
P4_19_NODE_1361_length_1179_cov_0.693916	1	1179	47	1179	100	5.51993	35.4	60
P4_19_NODE_1362_length_1179_cov_0.627376	1	1179	48	1179	100	4.99406	36.2	59.8
P4_19_NODE_1363_length_1178_cov_1.054234	1	1178	83	1178	100	8.81919	35.7	48.3
P4_19_NODE_1364_length_1177_cov_0.756190	1	1177	46	1177	100	5.26933	35.8	59.6
P4_19_NODE_1365_length_1177_cov_0.665714	1	1177	47	1177	100	5.23195	35.7	51.8
P4_19_NODE_1366_length_1176_cov_1.154433	1	1176	85	1176	100	9.20153	35	46.4
P4_19_NODE_1367_length_1175_cov_0.417939	1	1175	27	1175	100	3.07915	35.5	58.5
P4_19_NODE_1368_length_1173_cov_0.651052	1	1173	37	1173	100	4.34612	36.1	58.7
P4_19_NODE_1369_length_1173_cov_0.476099	1	1173	31	1173	100	3.41944	35.9	60
P4_19_NODE_1370_length_1172_cov_0.846890	1	1172	49	1157	98.7201	5.73038	35.4	58.9
P4_19_NODE_1371_length_1172_cov_0.771292	1	1172	60	1172	100	6.37628	35.6	55
P4_19_NODE_1372_length_1172_cov_0.455502	1	1172	20	1172	100	2.57679	35.8	60
P4_19_NODE_1373_length_1171_cov_1.186782	1	1171	82	1171	100	9.3655	35.6	56.3
P4_19_NODE_1374_length_1171_cov_0.538314	1	1171	50	1171	100	5.20837	35.7	57.1
P4_19_NODE_1375_length_1171_cov_0.418582	1	1171	42	1171	100	3.86507	35.4	59
P4_19_NODE_1376_length_1170_cov_1.030681	1	1170	55	1170	100	6.6812	36	60
P4_19_NODE_1377_length_1169_cov_1.468330	1	1169	76	1169	100	9.2763	36	56.9
P4_19_NODE_1378_length_1169_cov_1.076775	1	1169	94	1169	100	10.089	35	48.5
P4_19_NODE_1379_length_1168_cov_1.320845	1	1168	60	1168	100	7.71233	35.9	60
P4_19_NODE_1380_length_1166_cov_1.051973	1	1166	77	1166	100	8.35249	35.3	54.2
P4_19_NODE_1381_length_1165_cov_0.854528	1	1165	44	1165	100	5.5485	35.8	60
P4_19_NODE_1382_length_1165_cov_0.436416	1	1165	28	1165	100	3.02489	35	60
P4_19_NODE_1383_length_1163_cov_0.818533	1	1163	75	1163	100	7.95357	35.7	59.6
P4_19_NODE_1384_length_1161_cov_0.728240	1	1161	49	1161	100	5.61757	35.5	60
P4_19_NODE_1385_length_1160_cov_1.088093	1	1160	62	1160	100	7.60948	35.8	60
P4_19_NODE_1386_length_1160_cov_0.661181	1	1160	47	1160	100	4.84397	36	46.9
P4_19_NODE_1387_length_1160_cov_0.647628	1	1160	33	1160	100	4.19655	35.4	59.2
P4_19_NODE_1388_length_1160_cov_0.520813	1	1160	23	1160	100	2.99224	36	60
P4_19_NODE_1389_length_1157_cov_0.868932	1	1157	52	1157	100	6.2178	35.6	57.7
P4_19_NODE_1390_length_1157_cov_0.775728	1	1157	57	1157	100	6.7433	36	59.1
P4_19_NODE_1391_length_1157_cov_0.366019	1	1157	20	1157	100	2.49352	36.3	60
P4_19_NODE_1392_length_1156_cov_0.324587	1	1156	19	1156	100	2.00779	35.9	55.8
P4_19_NODE_1393_length_1155_cov_0.751946	1	1155	138	1155	100	14.8338	33.4	25.6
P4_19_NODE_1394_length_1155_cov_0.740272	1	1155	78	1155	100	9.44848	35.7	58.1
P4_19_NODE_1395_length_1155_cov_0.677043	1	1155	31	1155	100	4.04156	35.7	60
P4_19_NODE_1396_length_1155_cov_0.461089	1	1155	29	1155	100	3.43377	35.4	55.9
P4_19_NODE_1397_length_1153_cov_0.920078	1	1153	57	1153	100	6.85516	35.5	55.5
P4_19_NODE_1398_length_1153_cov_0.730019	1	1153	36	1153	100	4.58803	35.7	60
P4_19_NODE_1399_length_1152_cov_0.646829	1	1152	44	1152	100	5.3533	35.7	60
P4_19_NODE_1400_length_1149_cov_0.639922	1	1149	35	1149	100	4.11662	36	59.2
P4_19_NODE_1401_length_1148_cov_1.238981	1	1148	78	1148	100	8.47561	35.6	49
P4_19_NODE_1402_length_1148_cov_0.294809	1	1148	22	1148	100	2.7047	35.9	60
P4_19_NODE_1403_length_1146_cov_0.734053	1	1146	43	1146	100	5.2801	36.1	60
P4_19_NODE_1404_length_1145_cov_0.473477	1	1145	27	1145	100	3.20611	35.4	60
P4_19_NODE_1405_length_1144_cov_0.543756	1	1144	29	1144	100	3.60315	36.3	60
P4_19_NODE_1406_length_1143_cov_1.047244	1	1143	63	1143	100	7.60717	36	59
P4_19_NODE_1407_length_1143_cov_0.487205	1	1143	28	1143	100	3.28171	35.6	60
P4_19_NODE_1408_length_1142_cov_1.024631	1	1142	65	1142	100	7.66287	35.5	57.4
P4_19_NODE_1409_length_1142_cov_0.623645	1	1142	46	1097	96.0595	5.26795	35.9	54
P4_19_NODE_1410_length_1141_cov_1.616371	1	1141	94	1141	100	11.4908	35.7	60
P4_19_NODE_1411_length_1141_cov_0.770217	1	1141	63	1141	100	6.99912	35.7	50.7
P4_19_NODE_1412_length_1141_cov_0.682446	1	1141	42	1141	100	5.03155	36	58.9
P4_19_NODE_1413_length_1140_cov_0.786772	1	1140	82	1133	99.386	9.22632	35.7	47.6
P4_19_NODE_1414_length_1140_cov_0.692991	1	1140	36	1140	100	4.51316	35.2	58.4
P4_19_NODE_1415_length_1139_cov_0.613636	1	1139	32	1139	100	4.09219	34.8	60
P4_19_NODE_1416_length_1138_cov_0.596439	1	1138	44	1138	100	5.71353	36	59.9
P4_19_NODE_1417_length_1138_cov_0.517310	1	1138	40	1138	100	4.35062	35.9	57.6
P4_19_NODE_1418_length_1138_cov_0.480712	1	1138	30	1138	100	3.6775	35.9	60
P4_19_NODE_1419_length_1138_cov_0.464886	1	1138	86	1138	100	7.74605	34.5	37.3
P4_19_NODE_1420_length_1138_cov_0.419387	1	1138	22	1138	100	2.74605	36.1	60
P4_19_NODE_1421_length_1136_cov_0.641229	1	1136	35	1136	100	4.42165	36.1	60
P4_19_NODE_1422_length_1135_cov_0.753968	1	1135	43	1135	100	5.09075	35.8	60
P4_19_NODE_1423_length_1135_cov_0.663690	1	1135	42	1135	100	5.0793	35.4	59.3
P4_19_NODE_1424_length_1135_cov_0.523810	1	1135	29	1135	100	3.48546	35.9	60
P4_19_NODE_1425_length_1134_cov_0.800397	1	1134	38	1134	100	4.98148	35.5	60
P4_19_NODE_1426_length_1134_cov_0.656405	1	1134	38	1134	100	4.63051	35.4	60
P4_19_NODE_1427_length_1134_cov_0.436941	1	1134	27	1115	98.3245	3.19841	35.3	55.6
P4_19_NODE_1428_length_1133_cov_0.638171	1	1133	38	1133	100	4.54722	35.5	60
P4_19_NODE_1429_length_1132_cov_0.634826	1	1132	37	1132	100	4.47703	35.8	60
P4_19_NODE_1430_length_1132_cov_0.631841	1	1132	37	1127	99.5583	4.23145	35.4	52.1
P4_19_NODE_1431_length_1131_cov_3.224104	1	1131	169	1131	100	20.8391	35.7	59.1
P4_19_NODE_1432_length_1130_cov_0.747757	1	1130	45	1130	100	5.55398	35.1	60
P4_19_NODE_1433_length_1130_cov_0.576271	1	1130	25	1130	100	3.33451	35.6	60
P4_19_NODE_1434_length_1129_cov_0.664671	1	1129	35	1127	99.8229	4.09832	36.1	58.4
P4_19_NODE_1435_length_1128_cov_0.723277	1	1128	40	1128	100	4.70745	35.9	54.1
P4_19_NODE_1436_length_1128_cov_0.395604	1	1128	21	1128	100	2.72163	35.7	60
P4_19_NODE_1437_length_1127_cov_0.854000	1	1127	51	1127	100	6.02751	35.8	60
P4_19_NODE_1438_length_1127_cov_0.521000	1	1127	42	1127	100	3.97338	35.8	53.9
P4_19_NODE_1439_length_1127_cov_0.399000	1	1127	30	1127	100	3.64685	35.7	60
P4_19_NODE_1440_length_1126_cov_1.040040	1	1126	65	1126	100	7.66519	35.8	56.3
P4_19_NODE_1441_length_1124_cov_0.921765	1	1124	55	1124	100	6.43505	36	58.5
P4_19_NODE_1442_length_1124_cov_0.775326	1	1124	35	1124	100	4.62011	35.9	60
P4_19_NODE_1443_length_1124_cov_0.747242	1	1124	37	1124	100	4.63612	35.6	59.6
P4_19_NODE_1444_length_1124_cov_0.460381	1	1124	51	1124	100	5.81584	35.3	57.2
P4_19_NODE_1445_length_1123_cov_0.613454	1	1123	30	1123	100	3.90294	36.1	60
P4_19_NODE_1446_length_1122_cov_0.825126	1	1122	80	1122	100	9.89572	35.7	55.7
P4_19_NODE_1447_length_1121_cov_0.860161	1	1121	38	1121	100	5.08207	36.1	60
P4_19_NODE_1448_length_1121_cov_0.803823	1	1121	39	1121	100	5.01427	36.2	60
P4_19_NODE_1449_length_1120_cov_0.645519	1	1120	32	1120	100	4.15625	35.7	60
P4_19_NODE_1450_length_1120_cov_0.487412	1	1120	36	1120	100	3.85089	35.5	56.6
P4_19_NODE_1451_length_1120_cov_0.451158	1	1120	117	1120	100	10.658	35.8	59.5
P4_19_NODE_1452_length_1119_cov_0.777218	1	1119	51	1119	100	6.19571	35.8	59.7
P4_19_NODE_1453_length_1119_cov_0.723790	1	1119	64	1119	100	6.66935	36.1	54
P4_19_NODE_1454_length_1118_cov_0.420787	1	1118	22	1118	100	2.71556	36.3	60
P4_19_NODE_1455_length_1118_cov_0.406660	1	1118	26	1118	100	2.47585	36	50.8
P4_19_NODE_1456_length_1117_cov_0.607071	1	1117	47	1117	100	4.71889	35.6	58.3
P4_19_NODE_1457_length_1116_cov_0.799798	1	1116	98	1116	100	10.7446	35.4	48.7
P4_19_NODE_1458_length_1115_cov_0.494939	1	1115	26	1115	100	3.24305	35.1	60
P4_19_NODE_1459_length_1113_cov_0.958418	1	1113	45	1113	100	5.78347	35.4	60
P4_19_NODE_1460_length_1113_cov_0.625761	1	1113	31	1113	100	3.71518	36.2	58.2
P4_19_NODE_1461_length_1112_cov_0.762437	1	1112	35	1112	100	4.61691	35.7	60
P4_19_NODE_1462_length_1112_cov_0.478173	1	1112	26	1112	100	3.125	35.9	58.7
P4_19_NODE_1463_length_1109_cov_0.771894	1	1109	42	1109	100	5.32281	35.4	60
P4_19_NODE_1464_length_1109_cov_0.642566	1	1109	76	1109	100	8.40667	36.5	59.3
P4_19_NODE_1465_length_1109_cov_0.544807	1	1109	29	1109	100	3.7349	35.3	60
P4_19_NODE_1466_length_1108_cov_0.541284	1	1108	26	1108	100	3.39621	35.8	60
P4_19_NODE_1467_length_1108_cov_0.402650	1	1108	33	1108	100	3.31408	35.8	51.6
P4_19_NODE_1468_length_1107_cov_3.022449	1	1107	246	1107	100	30.8573	36	47
P4_19_NODE_1469_length_1106_cov_0.679265	1	1106	44	1106	100	4.93309	35.7	60
P4_19_NODE_1470_length_1106_cov_0.631256	1	1106	41	1106	100	4.67902	35.6	60
P4_19_NODE_1471_length_1106_cov_0.611849	1	1106	55	1106	100	5.65552	35.8	56.8
P4_19_NODE_1472_length_1104_cov_0.528147	1	1104	36	1104	100	4.07518	35.6	60
P4_19_NODE_1473_length_1103_cov_1.349385	1	1103	68	1103	100	8.85947	36.2	59.1
P4_19_NODE_1474_length_1103_cov_0.488730	1	1103	23	1103	100	2.91115	35.5	58.8
P4_19_NODE_1475_length_1102_cov_1.023590	1	1102	58	1102	100	7.27677	35.8	60
P4_19_NODE_1476_length_1102_cov_0.385641	1	1102	16	1102	100	2.19238	35.9	60
P4_19_NODE_1477_length_1101_cov_0.871663	1	1101	42	1101	100	5.45777	35.4	60
P4_19_NODE_1478_length_1101_cov_0.363450	1	1101	21	1101	100	2.48047	35.6	58.6
P4_19_NODE_1479_length_1099_cov_0.901235	1	1099	45	1099	100	5.8071	36.1	60
P4_19_NODE_1480_length_1099_cov_0.603909	1	1099	40	1099	100	4.798	35.7	59
P4_19_NODE_1481_length_1099_cov_0.569959	1	1099	29	1099	100	3.81438	36.3	60
P4_19_NODE_1482_length_1099_cov_0.568930	1	1099	34	1099	100	3.92448	36	60
P4_19_NODE_1483_length_1099_cov_0.545267	1	1099	35	1099	100	4.37216	36	60
P4_19_NODE_1484_length_1098_cov_1.428424	1	1098	91	1098	100	11.3434	35.6	59.3
P4_19_NODE_1485_length_1098_cov_1.066941	1	1098	54	1098	100	7.11749	35.9	60
P4_19_NODE_1486_length_1098_cov_0.755922	1	1098	38	1098	100	4.87705	35.7	60
P4_19_NODE_1487_length_1098_cov_0.503605	1	1098	40	1098	100	3.87523	35.7	52.5
P4_19_NODE_1488_length_1097_cov_1.211340	1	1097	57	1097	100	7.40565	35.9	60
P4_19_NODE_1489_length_1097_cov_1.022680	1	1097	54	1096	99.9088	6.74385	35.2	57.8
P4_19_NODE_1490_length_1097_cov_0.534021	1	1097	28	1097	100	3.57794	35.6	60
P4_19_NODE_1491_length_1096_cov_1.436533	1	1096	86	1096	100	10.6542	36.2	58.7
P4_19_NODE_1492_length_1095_cov_0.816116	1	1095	38	1095	100	5.08676	35.8	60
P4_19_NODE_1493_length_1095_cov_0.515496	1	1095	25	1095	100	3.44384	34.6	60
P4_19_NODE_1494_length_1094_cov_0.736298	1	1094	45	1094	100	5.40951	35.5	59.1
P4_19_NODE_1495_length_1094_cov_0.698035	1	1094	39	1094	100	5.1106	36	59.3
P4_19_NODE_1496_length_1093_cov_0.634576	1	1093	34	1093	100	4.33669	35.8	53.7
P4_19_NODE_1497_length_1093_cov_0.627329	1	1093	29	1093	100	3.86459	35.9	60
P4_19_NODE_1498_length_1093_cov_0.531056	1	1093	29	1093	100	3.77768	35.9	60
P4_19_NODE_1499_length_1093_cov_0.420290	1	1093	38	1093	100	4.55535	36	60
P4_19_NODE_1500_length_1092_cov_0.728497	1	1092	33	1092	100	4.36813	35.9	58.2
P4_19_NODE_1501_length_1092_cov_0.727461	1	1092	39	1092	100	5.08516	36.2	60
P4_19_NODE_1502_length_1091_cov_0.736515	1	1091	45	1091	100	5.44638	35.4	59.7
P4_19_NODE_1503_length_1091_cov_0.653527	1	1091	35	1091	100	4.52154	36.6	60
P4_19_NODE_1504_length_1091_cov_0.441909	1	1091	20	1091	100	2.62695	36.5	60
P4_19_NODE_1505_length_1090_cov_0.747664	1	1090	56	1066	97.7982	7.13853	36.2	58.3
P4_19_NODE_1506_length_1088_cov_0.535900	1	1088	28	1088	100	3.64062	35.5	60
P4_19_NODE_1507_length_1087_cov_0.671875	1	1087	35	1087	100	4.63753	35.4	60
P4_19_NODE_1508_length_1086_cov_0.528676	1	1086	29	1086	100	3.66298	36.1	58.6
P4_19_NODE_1509_length_1085_cov_0.671190	1	1085	31	1085	100	4.11521	35.9	60
P4_19_NODE_1510_length_1085_cov_0.600209	1	1085	144	1085	100	16.2931	35.6	50.8
P4_19_NODE_1511_length_1084_cov_0.615465	1	1084	33	1084	100	4.29336	35.8	60
P4_19_NODE_1512_length_1084_cov_0.535005	1	1084	38	1066	98.3395	4.25	36	60
P4_19_NODE_1513_length_1083_cov_1.118201	1	1083	85	1083	100	9.53278	35.4	52.6
P4_19_NODE_1514_length_1083_cov_0.892259	1	1083	40	1083	100	5.49584	35.9	60
P4_19_NODE_1515_length_1083_cov_0.786611	1	1083	37	1083	100	5.02216	36.1	60
P4_19_NODE_1516_length_1082_cov_0.505759	1	1082	25	1072	99.0758	3.28558	35.4	60
P4_19_NODE_1517_length_1082_cov_0.505759	1	1082	23	1082	100	3.14418	36.1	60
P4_19_NODE_1518_length_1082_cov_0.469110	1	1082	30	1082	100	3.61922	35.8	60
P4_19_NODE_1519_length_1079_cov_0.644958	1	1079	27	1079	100	3.77108	35.9	60
P4_19_NODE_1520_length_1079_cov_0.609244	1	1079	32	1079	100	4.34106	35.2	60
P4_19_NODE_1521_length_1079_cov_0.430672	1	1079	24	1079	100	3.22706	36	60
P4_19_NODE_1522_length_1078_cov_2.201893	1	1078	126	1078	100	15.923	35.7	56.6
P4_19_NODE_1523_length_1078_cov_1.159832	1	1078	72	1078	100	9.0538	35.9	54.3
P4_19_NODE_1524_length_1078_cov_1.105152	1	1078	76	1078	100	9.3321	34.8	49.6
P4_19_NODE_1525_length_1078_cov_0.511041	1	1078	23	1078	100	3.15306	35.6	60
P4_19_NODE_1526_length_1078_cov_0.500526	1	1078	26	1078	100	3.40445	35.6	60
P4_19_NODE_1527_length_1076_cov_0.768177	1	1076	38	1076	100	4.95446	35.6	58.2
P4_19_NODE_1528_length_1076_cov_0.663857	1	1076	40	1076	100	5.03439	35.8	57
P4_19_NODE_1529_length_1076_cov_0.492097	1	1076	24	1076	100	3.29368	35.9	60
P4_19_NODE_1530_length_1075_cov_1.101266	1	1075	49	1075	100	6.59163	36.2	60
P4_19_NODE_1531_length_1075_cov_0.567511	1	1075	25	1075	100	3.41209	35.8	57.6
P4_19_NODE_1532_length_1074_cov_0.810982	1	1074	42	1074	100	5.5568	35.3	60
P4_19_NODE_1533_length_1074_cov_0.512144	1	1074	40	1074	100	4.51024	35.4	56.6
P4_19_NODE_1534_length_1073_cov_0.491543	1	1073	55	1073	100	5.94781	35.7	39.9
P4_19_NODE_1535_length_1073_cov_0.445032	1	1073	29	1063	99.068	3.35415	36.2	59
P4_19_NODE_1536_length_1072_cov_0.411640	1	1072	24	1072	100	2.98974	35.7	58.3
P4_19_NODE_1537_length_1071_cov_0.625000	1	1071	43	1071	100	5.26704	34.6	53.9
P4_19_NODE_1538_length_1069_cov_0.599788	1	1069	33	1069	100	4.36296	35.4	60
P4_19_NODE_1539_length_1068_cov_1.150903	1	1068	64	1068	100	8.33801	34.7	59.3
P4_19_NODE_1540_length_1068_cov_0.668438	1	1068	34	1068	100	4.48783	36	60
P4_19_NODE_1541_length_1067_cov_0.454255	1	1067	23	1057	99.0628	3.0806	36.1	60
P4_19_NODE_1542_length_1066_cov_0.633653	1	1066	30	1066	100	4.08537	35.4	60
P4_19_NODE_1543_length_1064_cov_0.665955	1	1064	41	1064	100	5.01128	35.7	60
P4_19_NODE_1544_length_1063_cov_0.743590	1	1063	48	1063	100	6.06397	35	58.6
P4_19_NODE_1545_length_1063_cov_0.581197	1	1063	27	1063	100	3.75259	35.8	60
P4_19_NODE_1546_length_1063_cov_0.519231	1	1063	32	1063	100	3.95861	35.6	58
P4_19_NODE_1547_length_1063_cov_0.424145	1	1063	32	1063	100	3.41863	35.4	50
P4_19_NODE_1548_length_1061_cov_0.610278	1	1061	74	1061	100	8.36381	36.3	59.4
P4_19_NODE_1549_length_1061_cov_0.489293	1	1061	20	1061	100	2.83883	36.3	60
P4_19_NODE_1550_length_1059_cov_0.962446	1	1059	139	1059	100	11.6874	35.6	54.8
P4_19_NODE_1551_length_1058_cov_0.756176	1	1058	37	1058	100	5.15028	35.7	60
P4_19_NODE_1552_length_1058_cov_0.696026	1	1058	37	1058	100	4.87902	35.7	57.2
P4_19_NODE_1553_length_1058_cov_0.566058	1	1058	31	1058	100	3.92817	35.6	60
P4_19_NODE_1554_length_1057_cov_0.770968	1	1057	50	1057	100	6.0246	35.3	58.2
P4_19_NODE_1555_length_1057_cov_0.646237	1	1057	36	1057	100	4.66887	35.6	60
P4_19_NODE_1556_length_1055_cov_0.581897	1	1055	26	1055	100	3.43981	36	55.4
P4_19_NODE_1557_length_1055_cov_0.432112	1	1055	27	1055	100	3.43791	35.3	60
P4_19_NODE_1558_length_1055_cov_0.339440	1	1055	52	1055	100	5.83507	36	59.4
P4_19_NODE_1559_length_1054_cov_0.656958	1	1054	29	1054	100	4.04269	35.6	60
P4_19_NODE_1560_length_1053_cov_0.680346	1	1053	36	1053	100	4.42925	36.1	51.7
P4_19_NODE_1561_length_1051_cov_0.314935	1	1051	15	1051	100	2.09895	35.7	60
P4_19_NODE_1562_length_1049_cov_0.732104	1	1049	38	1049	100	4.96568	35.7	60
P4_19_NODE_1563_length_1048_cov_0.922910	1	1048	40	1048	100	5.60115	36.1	60
P4_19_NODE_1564_length_1048_cov_0.859935	1	1048	40	1048	100	5.61737	36	60
P4_19_NODE_1565_length_1048_cov_0.842562	1	1048	47	1048	100	6.13168	35.3	48.1
P4_19_NODE_1566_length_1048_cov_0.571118	1	1048	33	1048	100	4.15076	35.4	60
P4_19_NODE_1567_length_1047_cov_0.891304	1	1047	44	993	94.8424	5.93696	35.8	60
P4_19_NODE_1568_length_1047_cov_0.571739	1	1047	25	1047	100	3.55205	35.9	60
P4_19_NODE_1569_length_1047_cov_0.409783	1	1047	21	1047	100	2.97421	34.2	60
P4_19_NODE_1570_length_1046_cov_0.743199	1	1046	31	1046	100	4.36616	36	60
P4_19_NODE_1571_length_1046_cov_0.383025	1	1046	28	1046	100	2.9914	35.5	56.6
P4_19_NODE_1572_length_1045_cov_0.679739	1	1045	34	1045	100	4.5177	35.5	60
P4_19_NODE_1573_length_1045_cov_0.519608	1	1045	24	1045	100	3.3378	35.8	60
P4_19_NODE_1574_length_1044_cov_0.679389	1	1044	42	1044	100	4.80268	35	44.3
P4_19_NODE_1575_length_1044_cov_0.537623	1	1044	33	1044	100	4.22318	35.5	47.3
P4_19_NODE_1576_length_1043_cov_0.668122	1	1043	38	1043	100	4.97411	35.9	59.9
P4_19_NODE_1577_length_1042_cov_0.852459	1	1042	42	1042	100	5.65739	36.1	60
P4_19_NODE_1578_length_1041_cov_0.618162	1	1041	27	1041	100	3.83958	35.1	60
P4_19_NODE_1579_length_1041_cov_0.548140	1	1041	24	1031	99.0394	3.48127	34.5	60
P4_19_NODE_1580_length_1041_cov_0.510941	1	1041	25	1041	100	3.47646	35.9	60
P4_19_NODE_1581_length_1041_cov_0.472648	1	1041	22	1041	100	3.11335	35.8	60
P4_19_NODE_1582_length_1041_cov_0.419037	1	1041	25	1041	100	2.96638	35.2	49.7
P4_19_NODE_1583_length_1040_cov_1.276013	1	1040	100	1040	100	10.625	35.6	46.9
P4_19_NODE_1584_length_1040_cov_0.404162	1	1040	18	1025	98.5577	2.52885	35	60
P4_19_NODE_1585_length_1040_cov_0.352683	1	1040	33	1040	100	4.05673	35.4	58.3
P4_19_NODE_1586_length_1040_cov_0.312158	1	1040	17	1040	100	2.2125	35.2	60
P4_19_NODE_1587_length_1039_cov_1.104167	1	1039	47	1039	100	6.67469	35.7	60
P4_19_NODE_1588_length_1039_cov_0.875000	1	1039	55	1039	100	6.7334	35.6	60
P4_19_NODE_1589_length_1039_cov_0.688596	1	1039	35	1039	100	4.77767	36	60
P4_19_NODE_1590_length_1039_cov_0.569079	1	1039	27	1039	100	3.76805	35.7	60
P4_19_NODE_1591_length_1038_cov_0.750823	1	1038	35	1038	100	4.92197	34.8	58.6
P4_19_NODE_1592_length_1036_cov_0.562156	1	1036	30	1036	100	3.9971	36	60
P4_19_NODE_1593_length_1036_cov_0.367437	1	1036	24	1036	100	3.12162	35.4	60
P4_19_NODE_1594_length_1035_cov_1.319383	1	1035	75	1035	100	9.63188	36	52.2
P4_19_NODE_1595_length_1035_cov_1.122247	1	1035	57	1035	100	7.74106	35.8	58.9
P4_19_NODE_1596_length_1032_cov_1.037569	1	1032	43	1032	100	6.18411	35.9	60
P4_19_NODE_1597_length_1031_cov_1.021018	1	1031	51	1031	100	6.92047	35.9	60
P4_19_NODE_1598_length_1030_cov_0.709856	1	1030	38	1026	99.6117	4.90777	35.4	52.7
P4_19_NODE_1599_length_1030_cov_0.508306	1	1030	25	1030	100	3.46699	36.2	60
P4_19_NODE_1600_length_1029_cov_2.467849	1	1029	240	1029	100	31.0962	35.8	50.1
P4_19_NODE_1601_length_1028_cov_0.678135	1	1028	37	1028	100	4.58171	35.9	57.6
P4_19_NODE_1602_length_1028_cov_0.580466	1	1028	25	1028	100	3.5749	35.6	60
P4_19_NODE_1603_length_1028_cov_0.487236	1	1028	22	1018	99.0272	3.1751	35.5	60
P4_19_NODE_1604_length_1028_cov_0.468368	1	1028	25	1028	100	3.48444	35.1	60
P4_19_NODE_1605_length_1026_cov_1.211346	1	1026	49	1026	100	7.11793	35.3	58.8
P4_19_NODE_1606_length_1026_cov_0.449388	1	1026	24	1026	100	3.11111	34.6	58.3
P4_19_NODE_1607_length_1025_cov_3.463252	1	1025	178	1025	100	23.3473	35.9	53.4
P4_19_NODE_1608_length_1024_cov_0.616499	1	1024	31	1024	100	4.30664	35.6	60
P4_19_NODE_1609_length_1024_cov_0.440357	1	1024	22	1014	99.0234	3.06445	35.4	60
P4_19_NODE_1610_length_1022_cov_0.756425	1	1022	258	1022	100	32.954	35.7	38.3
P4_19_NODE_1611_length_1022_cov_0.517318	1	1022	23	1022	100	3.36399	35.8	60
P4_19_NODE_1612_length_1021_cov_0.674497	1	1021	34	1014	99.3144	4.67875	35.5	60
P4_19_NODE_1613_length_1021_cov_0.475391	1	1021	19	1021	100	2.6905	35.6	60
P4_19_NODE_1614_length_1020_cov_0.599104	1	1020	31	1020	100	4.17745	36	59.5
P4_19_NODE_1615_length_1019_cov_0.769058	1	1019	39	1019	100	5.25319	35.5	60
P4_19_NODE_1616_length_1019_cov_0.716368	1	1019	74	1019	100	7.59078	35.5	45.4
P4_19_NODE_1617_length_1019_cov_0.684978	1	1019	31	1019	100	4.3317	36	60
P4_19_NODE_1618_length_1019_cov_0.513453	1	1019	23	1019	100	3.36212	35.9	60
P4_19_NODE_1619_length_1018_cov_0.644220	1	1018	33	1018	100	4.73379	35	60
P4_19_NODE_1620_length_1017_cov_0.617978	1	1017	39	1017	100	5.19076	35.7	60
P4_19_NODE_1621_length_1017_cov_0.359551	1	1017	20	1017	100	2.80826	34.9	57
P4_19_NODE_1622_length_1016_cov_0.498313	1	1016	29	1016	100	3.60728	35.7	53.8
P4_19_NODE_1623_length_1015_cov_1.644144	1	1015	136	1015	100	15.9044	35.1	55.6
P4_19_NODE_1624_length_1014_cov_0.897407	1	1014	105	1014	100	11.4428	35.7	47.1
P4_19_NODE_1625_length_1014_cov_0.608794	1	1014	26	1014	100	3.77613	35.5	60
P4_19_NODE_1626_length_1014_cov_0.541150	1	1014	29	1014	100	3.68639	35.5	53.8
P4_19_NODE_1627_length_1013_cov_0.882619	1	1013	43	1013	100	5.93978	35.8	60
P4_19_NODE_1628_length_1012_cov_0.865537	1	1012	49	1012	100	6.38439	36	59.4
P4_19_NODE_1629_length_1012_cov_0.680226	1	1012	29	1012	100	4.31324	35.4	60
P4_19_NODE_1630_length_1012_cov_0.630508	1	1012	30	1012	100	4.27668	35.9	60
P4_19_NODE_1631_length_1012_cov_0.523164	1	1012	26	1012	100	3.66008	36	60
P4_19_NODE_1632_length_1012_cov_0.327684	1	1012	14	1012	100	2.06917	35.1	60
P4_19_NODE_1633_length_1011_cov_0.735294	1	1011	33	1011	100	4.49753	36.2	59.2
P4_19_NODE_1634_length_1011_cov_0.624434	1	1011	32	1001	99.0109	4.18793	35.8	58.2
P4_19_NODE_1635_length_1010_cov_0.795017	1	1010	74	1010	100	8.79307	35.7	52.8
P4_19_NODE_1636_length_1010_cov_0.526614	1	1010	26	1010	100	3.60891	36.1	60
P4_19_NODE_1637_length_1010_cov_0.481314	1	1010	39	984	97.4257	4.89901	35.8	60
P4_19_NODE_1638_length_1010_cov_0.296716	1	1010	23	1010	100	3.07624	35.3	60
P4_19_NODE_1639_length_1009_cov_0.988662	1	1009	74	1009	100	9.82953	35.7	58.5
P4_19_NODE_1640_length_1009_cov_0.437642	1	1009	28	1009	100	3.44004	34.7	58.6
P4_19_NODE_1641_length_1008_cov_0.623156	1	1008	24	1008	100	3.50595	35.8	60
P4_19_NODE_1642_length_1007_cov_0.720455	1	1007	28	1007	100	4.19464	35.7	60
P4_19_NODE_1643_length_1007_cov_0.643182	1	1007	30	1007	100	4.28898	36.2	60
P4_19_NODE_1644_length_1007_cov_0.529545	1	1007	24	1007	100	3.41708	35.9	60
P4_19_NODE_1645_length_1006_cov_0.989761	1	1006	63	1006	100	7.36481	35.9	42.9
P4_19_NODE_1646_length_1006_cov_0.864619	1	1006	35	1006	100	5.12922	34.8	60
P4_19_NODE_1647_length_1006_cov_0.563140	1	1006	27	1006	100	3.69583	36.6	59
P4_19_NODE_1648_length_1006_cov_0.457338	1	1006	23	1006	100	3.29125	36	60
P4_19_NODE_1649_length_1006_cov_0.453925	1	1006	20	1006	100	2.97217	36.1	60
P4_19_NODE_1650_length_1005_cov_0.589977	1	1005	23	1005	100	3.42488	34.9	60
P4_19_NODE_1651_length_1005_cov_0.564920	1	1005	30	1005	100	4.23383	36.4	58.5
P4_19_NODE_1652_length_1005_cov_0.564920	1	1005	54	1005	100	5.42587	35.6	45.4
P4_19_NODE_1653_length_1005_cov_0.427107	1	1005	21	1005	100	2.80199	34.8	54.6
P4_19_NODE_1654_length_1003_cov_0.750000	1	1003	36	1003	100	4.91127	35.5	60
P4_19_NODE_1655_length_1003_cov_0.703196	1	1003	26	1003	100	3.91127	35.6	60
P4_19_NODE_1656_length_1003_cov_0.559361	1	1003	25	1003	100	3.43868	36.3	58.6
P4_19_NODE_1657_length_1003_cov_0.503425	1	1003	31	1003	100	4.04088	35.6	59.1
P4_19_NODE_1658_length_1002_cov_1.723429	1	1002	125	1002	100	16.4032	36	56.5
P4_19_NODE_1659_length_1002_cov_0.805714	1	1002	34	1002	100	5.0489	35.6	60
P4_19_NODE_1660_length_1001_cov_0.890160	1	1001	74	1001	100	8.63137	35.8	41.6
P4_19_NODE_1661_length_1001_cov_0.814645	1	1001	42	1001	100	5.66034	35.2	58.6
P4_19_NODE_1662_length_1001_cov_0.397025	1	1001	20	1001	100	2.86214	35.9	60
P4_19_NODE_1663_length_1000_cov_0.758305	1	1000	43	1000	100	5.563	35.5	54.4
P4_19_NODE_1664_length_1000_cov_0.693013	1	1000	29	1000	100	4.344	35.4	60
P4_19_NODE_1665_length_1000_cov_0.539519	1	1000	21	1000	100	3.167	35.9	60
P4_19_NODE_1666_length_1000_cov_0.405498	1	1000	15	1000	100	2.265	36.1	60
