#rname	startpos	endpos	numreads	covbases	coverage	meandepth	meanbaseq	meanmapq
P4_54_NODE_1_length_90242_cov_372.078932	1	90242	1832756	90242	100	2899.54	35.6	59.9
P4_54_NODE_2_length_88836_cov_188.430937	1	88836	969944	88836	100	1523.79	35.9	59.8
P4_54_NODE_3_length_75224_cov_894.645245	1	75224	3994955	75215	99.988	7438.95	35.9	59.8
P4_54_NODE_4_length_70745_cov_91.805942	1	70745	366556	70745	100	724.563	35.9	59.8
P4_54_NODE_5_length_56647_cov_23.961660	1	56647	76342	56647	100	187.228	35.9	59.6
P4_54_NODE_6_length_53501_cov_23.869187	1	53501	71133	53501	100	185.883	35.8	59.8
P4_54_NODE_7_length_50341_cov_26.900566	1	50341	76498	50251	99.8212	211.794	35.9	56.8
P4_54_NODE_8_length_45818_cov_364.411941	1	45818	982979	45818	100	3001.66	35.8	59.8
P4_54_NODE_9_length_45393_cov_37.599081	1	45393	97135	45393	100	298.448	35.7	59.8
P4_54_NODE_10_length_43001_cov_5.228950	1	43001	13411	43001	100	42.0072	35.5	58.1
P4_54_NODE_11_length_41704_cov_4.291483	1	41704	10057	41704	100	33.3548	35.9	59.6
P4_54_NODE_12_length_40435_cov_83.673167	1	40435	202315	40345	99.7774	690.487	35.7	59.4
P4_54_NODE_13_length_39436_cov_172.095983	1	39436	427111	39436	100	1487.44	35.7	59
P4_54_NODE_14_length_39143_cov_54.593756	1	39143	119899	39143	100	428.973	35.8	59.8
P4_54_NODE_15_length_36501_cov_100.270503	1	36501	194463	36501	100	758.495	35.4	60
P4_54_NODE_16_length_35766_cov_49.235108	1	35766	101630	35766	100	389.236	35.9	58.5
P4_54_NODE_17_length_33878_cov_3.338034	1	33878	6907	33878	100	27.4439	35.4	58.7
P4_54_NODE_18_length_33752_cov_14.343762	1	33752	31181	33748	99.9881	117.79	35.3	51.4
P4_54_NODE_19_length_33646_cov_90.930070	1	33646	168677	33549	99.7117	700.887	36	59.3
P4_54_NODE_20_length_33368_cov_34.851900	1	33368	65529	33358	99.97	273.415	35.8	59.6
P4_54_NODE_21_length_33083_cov_6.268722	1	33083	11372	33067	99.9516	48.1223	35.8	59.6
P4_54_NODE_22_length_32974_cov_22.494200	1	32974	41148	32974	100	173.356	35.9	59.7
P4_54_NODE_23_length_32821_cov_23.690218	1	32821	43100	32821	100	183.06	35.9	59.8
P4_54_NODE_24_length_32448_cov_22.531388	1	32448	44585	32427	99.9353	184.143	35.2	54.9
P4_54_NODE_25_length_32162_cov_7.030373	1	32162	12842	32162	100	55.2025	35.8	59.2
P4_54_NODE_26_length_32049_cov_6.973153	1	32049	13073	32049	100	55.5555	35.6	58.9
P4_54_NODE_27_length_32005_cov_10.351716	1	32005	18588	32005	100	80.7166	35.8	59.6
P4_54_NODE_28_length_31611_cov_5.000159	1	31611	9005	31611	100	39.0845	35.7	59
P4_54_NODE_29_length_31593_cov_11.644187	1	31593	22258	31593	100	94.7801	35.3	54.2
P4_54_NODE_30_length_31340_cov_39.469035	1	31340	69814	31340	100	307.098	35.8	58.6
P4_54_NODE_31_length_29951_cov_13.588385	1	29951	22552	29951	100	104.899	35.8	59.5
P4_54_NODE_32_length_29722_cov_29.037168	1	29722	48264	29722	100	226.526	35.8	59.8
P4_54_NODE_33_length_29395_cov_50.790283	1	29395	90526	29395	100	423.677	35.7	59.5
P4_54_NODE_34_length_29156_cov_37.545971	1	29156	61979	29156	100	295.829	35.8	59.8
P4_54_NODE_35_length_29085_cov_21.541957	1	29085	34609	29085	100	166.365	35.9	59.8
P4_54_NODE_36_length_28940_cov_27.569153	1	28940	44917	28940	100	215.435	35.8	59.8
P4_54_NODE_37_length_28713_cov_3.257399	1	28713	5223	28703	99.9652	25.1079	35.9	59.2
P4_54_NODE_38_length_27715_cov_6.394701	1	27715	10324	27710	99.982	50.713	35.6	58.1
P4_54_NODE_39_length_27583_cov_22.435934	1	27583	34773	27583	100	175.35	35.8	59.8
P4_54_NODE_40_length_27094_cov_3.080357	1	27094	4770	27094	100	23.9775	35.7	59
P4_54_NODE_41_length_27047_cov_57.121917	1	27047	87677	27047	100	451.982	35.8	59.7
P4_54_NODE_42_length_26910_cov_35.817720	1	26910	55442	26910	100	284.121	35.7	58.4
P4_54_NODE_43_length_26894_cov_128.704001	1	26894	205270	26701	99.2824	1057.12	35.7	59.2
P4_54_NODE_44_length_26887_cov_106.030194	1	26887	164162	26791	99.643	849.813	35.8	59.3
P4_54_NODE_45_length_26836_cov_19.818114	1	26836	31013	26836	100	159.583	35.6	59.2
P4_54_NODE_46_length_26273_cov_34.818098	1	26273	50028	26273	100	266.937	35.9	59.8
P4_54_NODE_47_length_26121_cov_5.881280	1	26121	9249	26015	99.5942	47.8105	35.7	57.9
P4_54_NODE_48_length_26016_cov_9.099309	1	26016	13297	25987	99.8885	70.5731	35.8	59
P4_54_NODE_49_length_25919_cov_11.586034	1	25919	18147	25838	99.6875	93.2925	35.5	55.9
P4_54_NODE_50_length_25625_cov_3.483254	1	25625	5346	25625	100	28.2443	35.6	58.2
P4_54_NODE_51_length_25237_cov_9.489685	1	25237	14069	25237	100	76.2248	35.6	59.1
P4_54_NODE_52_length_25124_cov_4.330560	1	25124	6454	25124	100	34.3182	35.4	56
P4_54_NODE_53_length_25072_cov_5.483424	1	25072	8271	25063	99.9641	44.2347	35.6	57.7
P4_54_NODE_54_length_24522_cov_27.142324	1	24522	38011	24522	100	214.24	35.8	59.7
P4_54_NODE_55_length_24246_cov_75.099880	1	24246	103792	24232	99.9423	597.399	35.8	59.9
P4_54_NODE_56_length_24065_cov_4.541649	1	24065	6886	23967	99.5928	38.0272	35.5	57.3
P4_54_NODE_57_length_23181_cov_7.909040	1	23181	10495	23181	100	62.2986	35.7	58.9
P4_54_NODE_58_length_23136_cov_49.380069	1	23136	65278	23136	100	391.52	35.7	59.7
P4_54_NODE_59_length_22932_cov_7.633677	1	22932	9873	22932	100	59.2659	35.8	59.2
P4_54_NODE_60_length_22926_cov_52.457608	1	22926	67857	22926	100	411.759	35.8	59.7
P4_54_NODE_61_length_22768_cov_17.457974	1	22768	21973	22768	100	135.164	35.9	59.7
P4_54_NODE_62_length_22730_cov_4.316861	1	22730	5782	22730	100	34.5026	35.7	58.9
P4_54_NODE_63_length_22528_cov_25.404312	1	22528	31754	22528	100	196.559	35.9	59.8
P4_54_NODE_64_length_22504_cov_16.138535	1	22504	21139	22405	99.5601	128.978	35.6	58.7
P4_54_NODE_65_length_22484_cov_5.266091	1	22484	7220	22484	100	43.63	35.8	58.6
P4_54_NODE_66_length_22338_cov_36.290262	1	22338	217863	22338	100	1155.45	35.7	59.6
P4_54_NODE_67_length_22272_cov_33.024294	1	22272	40801	22272	100	250.197	35.8	55.5
P4_54_NODE_68_length_21942_cov_7.249782	1	21942	9509	21942	100	58.992	35.4	58.6
P4_54_NODE_69_length_21911_cov_5.355674	1	21911	6716	21898	99.9407	41.8291	35.8	58.2
P4_54_NODE_70_length_21790_cov_4.254166	1	21790	5101	21790	100	32.5057	35.7	59.5
P4_54_NODE_71_length_21756_cov_47.567063	1	21756	59609	21756	100	379.825	35.8	59.5
P4_54_NODE_72_length_21713_cov_25.897619	1	21713	31671	21713	100	202.522	35.8	59.7
P4_54_NODE_73_length_21606_cov_2.386936	1	21606	3350	21606	100	19.5928	35.5	53.7
P4_54_NODE_74_length_21452_cov_11.221571	1	21452	14274	21354	99.5432	91.7154	35.6	58.5
P4_54_NODE_75_length_21089_cov_6.038546	1	21089	7294	21089	100	47.5645	35.7	58.9
P4_54_NODE_76_length_20984_cov_5.758498	1	20984	7161	20984	100	45.7866	35.8	58.5
P4_54_NODE_77_length_20820_cov_3.099261	1	20820	3627	20820	100	24.0022	35.8	59.1
P4_54_NODE_78_length_20803_cov_2.331979	1	20803	2658	20803	100	17.8762	35.9	59.7
P4_54_NODE_79_length_20777_cov_857.476998	1	20777	1115427	20777	100	7383.04	36	59
P4_54_NODE_80_length_20686_cov_5.028698	1	20686	5902	20686	100	39.442	35.8	59.2
P4_54_NODE_81_length_20673_cov_13.831987	1	20673	15103	20666	99.9661	101.375	35.8	55.8
P4_54_NODE_82_length_20587_cov_6.904643	1	20587	7855	20587	100	52.8335	35.9	59.7
P4_54_NODE_83_length_20562_cov_27.313433	1	20562	31410	20562	100	214.229	35.8	58.6
P4_54_NODE_84_length_20509_cov_11.234619	1	20509	12938	20509	100	87.6058	35.8	59.5
P4_54_NODE_85_length_20433_cov_5.041269	1	20433	5853	20433	100	39.3448	35.7	59.1
P4_54_NODE_86_length_20363_cov_9.134908	1	20363	10372	20363	100	70.9207	35.8	59.7
P4_54_NODE_87_length_20312_cov_13.899827	1	20312	17580	20222	99.5569	116.714	35.8	57.6
P4_54_NODE_88_length_20170_cov_32.080627	1	20170	38565	20170	100	264.117	35.6	59.7
P4_54_NODE_89_length_19568_cov_47.749293	1	19568	51637	19568	100	368.401	35.9	59.9
P4_54_NODE_90_length_19532_cov_3.113270	1	19532	3595	19532	100	25.0198	35.6	59
P4_54_NODE_91_length_19506_cov_306.598534	1	19506	355058	19506	100	2520.75	35.8	59.3
P4_54_NODE_92_length_19217_cov_5.265689	1	19217	6014	19217	100	42.491	35.6	58.9
P4_54_NODE_93_length_19184_cov_92.026132	1	19184	104199	19084	99.4787	746.859	35.9	58.5
P4_54_NODE_94_length_19163_cov_5.405127	1	19163	5906	19158	99.9739	42.1443	35.8	58.6
P4_54_NODE_95_length_18978_cov_15.890616	1	18978	17422	18978	100	126.763	35.7	59.2
P4_54_NODE_96_length_18913_cov_27.699883	1	18913	29630	18913	100	217.892	35.7	59.8
P4_54_NODE_97_length_18629_cov_31.744514	1	18629	32922	18629	100	246.122	35.8	59.7
P4_54_NODE_98_length_18244_cov_5.463046	1	18244	6155	18244	100	44.9778	35.3	57.4
P4_54_NODE_99_length_18244_cov_3.853121	1	18244	3921	18237	99.9616	29.9103	35.7	59.2
P4_54_NODE_100_length_17868_cov_58.712248	1	17868	61275	17868	100	472.667	35.7	59.8
P4_54_NODE_101_length_17767_cov_3.705612	1	17767	3811	17767	100	29.1141	35.7	58.7
P4_54_NODE_102_length_17715_cov_15.724471	1	17715	15282	17715	100	120.001	35.9	59.6
P4_54_NODE_103_length_17523_cov_6.087434	1	17523	6129	17514	99.9486	47.7035	35.7	58.4
P4_54_NODE_104_length_17473_cov_9.735155	1	17473	9526	17473	100	75.3037	35.9	59.1
P4_54_NODE_105_length_17453_cov_3.014891	1	17453	2933	17453	100	23.3214	35.8	59.6
P4_54_NODE_106_length_17348_cov_3.234249	1	17348	3271	17348	100	25.8476	35.8	59.1
P4_54_NODE_107_length_17082_cov_8.381244	1	17082	8196	17082	100	66.2359	35.8	59.4
P4_54_NODE_108_length_17052_cov_29.388360	1	17052	28538	16955	99.4312	230.613	35.8	59.2
P4_54_NODE_109_length_17012_cov_2.155523	1	17012	2248	17012	100	17.6936	35.6	58.2
P4_54_NODE_110_length_16951_cov_13.984011	1	16951	13583	16951	100	110.386	35.7	59.4
P4_54_NODE_111_length_16806_cov_3.346124	1	16806	3217	16806	100	26.3721	35.9	59.8
P4_54_NODE_112_length_16748_cov_74.545274	1	16748	69755	16748	100	584.194	35.9	59.7
P4_54_NODE_113_length_16678_cov_10.776630	1	16678	10111	16678	100	83.7081	35.7	59.3
P4_54_NODE_114_length_16675_cov_50.277737	1	16675	49587	16675	100	407.164	35.7	58.1
P4_54_NODE_115_length_16657_cov_3.553842	1	16657	4547	16649	99.952	31.9515	34.8	48.7
P4_54_NODE_116_length_16642_cov_3.647169	1	16642	3658	16642	100	29.7747	35.4	57.4
P4_54_NODE_117_length_16619_cov_1.388855	1	16619	1329	16619	100	10.9615	35.7	59.2
P4_54_NODE_118_length_16337_cov_4.680938	1	16337	4515	16337	100	37.5025	35.6	58.6
P4_54_NODE_119_length_16323_cov_1.805878	1	16323	1846	16320	99.9816	15.1249	35.9	59.1
P4_54_NODE_120_length_16305_cov_11.122883	1	16305	10392	16305	100	87.9998	35.7	59.3
P4_54_NODE_121_length_16284_cov_16.877267	1	16284	15107	16284	100	129.908	35.8	58.9
P4_54_NODE_122_length_16248_cov_7.186093	1	16248	6604	16240	99.9508	56.3489	35.7	59.8
P4_54_NODE_123_length_16204_cov_3.644088	1	16204	3686	16204	100	29.9596	35.7	57.6
P4_54_NODE_124_length_16177_cov_3.186355	1	16177	2916	16177	100	24.5761	35.7	58
P4_54_NODE_125_length_16081_cov_5.236492	1	16081	8154	16080	99.9938	58.3596	31.9	35.2
P4_54_NODE_126_length_15800_cov_32.629044	1	15800	28675	15800	100	254.231	35.8	59.6
P4_54_NODE_127_length_15716_cov_7.327475	1	15716	7006	15716	100	58.5338	35.5	55.4
P4_54_NODE_128_length_15684_cov_4.341390	1	15684	3972	15684	100	34.6109	35.6	58.9
P4_54_NODE_129_length_15604_cov_26.498223	1	15604	24070	15604	100	214.615	35.8	59
P4_54_NODE_130_length_15509_cov_104.173580	1	15509	93996	15509	100	832.566	36	56.2
P4_54_NODE_131_length_15397_cov_7.441650	1	15397	6602	15397	100	58.9611	35.6	59.6
P4_54_NODE_132_length_15314_cov_7.146836	1	15314	6068	15314	100	54.9907	35.8	59.6
P4_54_NODE_133_length_15280_cov_12.884643	1	15280	11085	15280	100	99.8522	35.7	58.8
P4_54_NODE_134_length_15219_cov_34.190432	1	15219	30955	15219	100	274.652	35.5	56.9
P4_54_NODE_135_length_15214_cov_2.493074	1	15214	2416	15214	100	20.5421	35.4	57.5
P4_54_NODE_136_length_15183_cov_4.562367	1	15183	3898	15183	100	35.4063	35.8	59
P4_54_NODE_137_length_15099_cov_5.116150	1	15099	4518	15099	100	40.6112	35.8	58.9
P4_54_NODE_138_length_14993_cov_2.914301	1	14993	2739	14993	100	24.2527	35.5	57.6
P4_54_NODE_139_length_14935_cov_2.819827	1	14935	2499	14926	99.9397	21.9533	35.6	56
P4_54_NODE_140_length_14741_cov_33.201998	1	14741	27882	14741	100	262.23	35.9	58.3
P4_54_NODE_141_length_14566_cov_6.281737	1	14566	5317	14566	100	49.5301	35.8	59.1
P4_54_NODE_142_length_14518_cov_7.211174	1	14518	5924	14518	100	56.4403	35.8	57.8
P4_54_NODE_143_length_14483_cov_8.194413	1	14483	6409	14483	100	62.098	35.8	59.4
P4_54_NODE_144_length_14351_cov_5.460771	1	14351	4337	14351	100	41.8597	35.8	59.5
P4_54_NODE_145_length_14341_cov_28.583228	1	14341	22855	14341	100	221.913	35.8	59.9
P4_54_NODE_146_length_14332_cov_25.613516	1	14332	20440	14332	100	197.83	35.9	59.1
P4_54_NODE_147_length_14242_cov_5.726107	1	14242	4634	14242	100	44.3139	35.8	58
P4_54_NODE_148_length_14235_cov_1.853133	1	14235	1484	14235	100	14.3603	35.7	59.1
P4_54_NODE_149_length_14139_cov_39.236583	1	14139	32602	14138	99.9929	321.339	35.6	58.7
P4_54_NODE_150_length_13956_cov_4.384410	1	13956	3633	13956	100	35.1349	35.6	57.1
P4_54_NODE_151_length_13951_cov_2.636502	1	13951	2194	13951	100	21.2281	35.5	58.6
P4_54_NODE_152_length_13851_cov_514.106966	1	13851	426610	13655	98.5849	4294.65	35.8	58.8
P4_54_NODE_153_length_13806_cov_3.069596	1	13806	2544	13806	100	24.768	35.6	58.6
P4_54_NODE_154_length_13782_cov_6.907873	1	13782	5920	13782	100	58.2784	35.3	56.5
P4_54_NODE_155_length_13675_cov_123.421391	1	13675	97265	13675	100	987.342	36	59.3
P4_54_NODE_156_length_13670_cov_3.818873	1	13670	3299	13670	100	32.9166	35.5	56.9
P4_54_NODE_157_length_13633_cov_2.969569	1	13633	160249	13633	100	574.779	33.1	4.66
P4_54_NODE_158_length_13548_cov_27.029506	1	13548	20137	13548	100	207.993	35.9	59.2
P4_54_NODE_159_length_13492_cov_2.651553	1	13492	3044	13491	99.9926	25.0964	34.2	47.1
P4_54_NODE_160_length_13447_cov_1.330330	1	13447	1123	13447	100	10.7958	35.6	55.7
P4_54_NODE_161_length_13291_cov_3.482604	1	13291	2775	13291	100	28.0968	35.5	57.8
P4_54_NODE_162_length_13250_cov_3.192563	1	13250	2650	13250	100	26.8884	35.6	55.2
P4_54_NODE_163_length_13142_cov_3.595390	1	13142	2573	13142	100	27.1861	35.8	59.1
P4_54_NODE_164_length_13089_cov_2.234995	1	13089	1859	13089	100	18.6016	35.4	57.3
P4_54_NODE_165_length_13086_cov_1.517710	1	13086	1137	13086	100	11.7957	35.6	58.5
P4_54_NODE_166_length_12949_cov_4.090158	1	12949	3115	12949	100	32.369	35.5	56.7
P4_54_NODE_167_length_12887_cov_2.507053	1	12887	1931	12887	100	20.2558	35.4	58.8
P4_54_NODE_168_length_12884_cov_30.433801	1	12884	22515	12884	100	240.641	35.8	59.8
P4_54_NODE_169_length_12860_cov_1.526035	1	12860	1118	12860	100	11.9267	35.7	59.2
P4_54_NODE_170_length_12716_cov_6.610374	1	12716	6268	12706	99.9214	56.538	35.2	55.8
P4_54_NODE_171_length_12696_cov_5.877079	1	12696	4302	12696	100	46.6945	35.8	59.4
P4_54_NODE_172_length_12524_cov_1.700492	1	12524	1211	12524	100	13.0579	35.7	57.6
P4_54_NODE_173_length_12410_cov_41.782871	1	12410	30567	12410	100	338.929	35.9	58.7
P4_54_NODE_174_length_12393_cov_6.413582	1	12393	5349	12382	99.9112	53.8616	34.8	49.8
P4_54_NODE_175_length_12382_cov_3.420400	1	12382	10892	12382	100	118.092	35.9	50.1
P4_54_NODE_176_length_12381_cov_2.088134	1	12381	1526	12381	100	16.5413	35.8	58.2
P4_54_NODE_177_length_12369_cov_5.736808	1	12369	3893	12345	99.806	43.6384	35.8	59.7
P4_54_NODE_178_length_12363_cov_2.090389	1	12363	3444	12363	100	23.1297	32.6	26.8
P4_54_NODE_179_length_12359_cov_39.695144	1	12359	30790	12359	100	342.819	35.8	57.9
P4_54_NODE_180_length_12347_cov_18.644108	1	12347	12372	12347	100	139.639	35.8	57.2
P4_54_NODE_181_length_12325_cov_15.691937	1	12325	10890	12325	100	122.484	35.9	59.8
P4_54_NODE_182_length_12325_cov_2.901377	1	12325	2045	12316	99.927	22.7804	36	59.2
P4_54_NODE_183_length_12298_cov_1.800756	1	12298	1425	12298	100	15.3669	35.6	56.4
P4_54_NODE_184_length_12225_cov_2.100099	1	12225	1462	12225	100	16.2474	35.8	58.7
P4_54_NODE_185_length_12206_cov_4.543836	1	12206	3106	12206	100	34.8631	35.9	59.3
P4_54_NODE_186_length_12171_cov_6.035121	1	12171	4211	12171	100	47.5141	35.8	57.7
P4_54_NODE_187_length_12151_cov_21.116351	1	12151	15458	12151	100	174.582	35.7	54.1
P4_54_NODE_188_length_12137_cov_6.665445	1	12137	4676	12133	99.967	52.5768	35.7	59.1
P4_54_NODE_189_length_11879_cov_3.995575	1	11879	3004	11879	100	33.3955	35.5	58.3
P4_54_NODE_190_length_11746_cov_8.607712	1	11746	5802	11746	100	67.7856	35.6	58.6
P4_54_NODE_191_length_11699_cov_7.459125	1	11699	4944	11699	100	58.6213	35.8	58.1
P4_54_NODE_192_length_11504_cov_4.100026	1	11504	2897	11504	100	33.739	35.4	58.3
P4_54_NODE_193_length_11407_cov_3.559574	1	11407	2358	11407	100	28.1219	35.6	58.9
P4_54_NODE_194_length_11338_cov_3.104897	1	11338	1943	11338	100	23.9965	36	59.4
P4_54_NODE_195_length_11255_cov_222.090313	1	11255	141995	11255	100	1755.75	35.9	59.8
P4_54_NODE_196_length_11229_cov_76.439679	1	11229	48468	11229	100	599.308	35.8	59.8
P4_54_NODE_197_length_11180_cov_25.760698	1	11180	16548	11180	100	203.741	35.9	59.9
P4_54_NODE_198_length_11166_cov_4.458284	1	11166	2744	11166	100	34.2603	35.7	58.8
P4_54_NODE_199_length_11131_cov_2.182843	1	11131	1450	11131	100	17.4245	35.8	58
P4_54_NODE_200_length_11122_cov_1.529422	1	11122	962	11122	100	11.8471	35.9	58.6
P4_54_NODE_201_length_11107_cov_1.915938	1	11107	1194	11107	100	14.6997	35.9	59.3
P4_54_NODE_202_length_10955_cov_2.154137	1	10955	1364	10955	100	17.021	35.9	59.5
P4_54_NODE_203_length_10940_cov_16.618422	1	10940	10317	10940	100	130.225	35.9	59.3
P4_54_NODE_204_length_10909_cov_1.654517	1	10909	1050	10909	100	13.0538	36	57.4
P4_54_NODE_205_length_10874_cov_541.431841	1	10874	354201	10870	99.9632	4521.47	35.8	59.6
P4_54_NODE_206_length_10838_cov_2.709831	1	10838	1651	10838	100	20.8682	35.8	59
P4_54_NODE_207_length_10739_cov_3.823031	1	10739	2411	10739	100	30.4811	35.5	58.7
P4_54_NODE_208_length_10737_cov_4.512064	1	10737	2945	10737	100	36.8866	35.7	58.4
P4_54_NODE_209_length_10710_cov_1.243787	1	10710	816	10710	100	10.0701	35.7	57.5
P4_54_NODE_210_length_10655_cov_3.313545	1	10655	2069	10655	100	26.5175	35.8	57.2
P4_54_NODE_211_length_10655_cov_1.505034	1	10655	1060	10655	100	13.0633	35.3	58
P4_54_NODE_212_length_10630_cov_7.274398	1	10630	4232	10630	100	55.3925	36	59.9
P4_54_NODE_213_length_10609_cov_50.054303	1	10609	31062	10609	100	404.848	35.6	59.8
P4_54_NODE_214_length_10604_cov_1.722535	1	10604	1048	10604	100	13.0966	35.7	55.5
P4_54_NODE_215_length_10565_cov_2.951715	1	10565	1770	10565	100	23.3358	35.9	58.6
P4_54_NODE_216_length_10564_cov_2.187314	1	10564	1257	10564	100	16.6004	35.8	59.4
P4_54_NODE_217_length_10551_cov_5.339025	1	10551	3342	10551	100	43.0038	35.6	59
P4_54_NODE_218_length_10532_cov_1.341278	1	10532	854	10532	100	10.7084	35.5	56.7
P4_54_NODE_219_length_10501_cov_4.848564	1	10501	3149	10501	100	40.2412	35.6	58
P4_54_NODE_220_length_10457_cov_1.854598	1	10457	1091	10457	100	14.2175	35.9	58.6
P4_54_NODE_221_length_10222_cov_1.388311	1	10222	1563	10222	100	14.3348	32.7	36.2
P4_54_NODE_222_length_10175_cov_2.389928	1	10175	1525	10173	99.9803	19.7157	35.6	57.5
P4_54_NODE_223_length_10164_cov_16.012244	1	10164	9542	10164	100	127.548	35.7	59.8
P4_54_NODE_224_length_10162_cov_2.544993	1	10162	1447	10162	100	19.54	35.8	59.2
P4_54_NODE_225_length_10142_cov_16.429656	1	10142	9517	10142	100	128.484	35.9	59.7
P4_54_NODE_226_length_10114_cov_8.303194	1	10114	5307	10114	100	70.371	35.4	58.8
P4_54_NODE_227_length_10072_cov_4.277225	1	10072	2636	10072	100	35.0918	35.7	54.4
P4_54_NODE_228_length_10039_cov_1.475282	1	10039	872	10039	100	11.4935	35.6	57.2
P4_54_NODE_229_length_10024_cov_2.220976	1	10024	1251	10024	100	16.8858	35.7	58.6
P4_54_NODE_230_length_10006_cov_7.731451	1	10006	4320	10006	100	60.257	35.6	59.3
P4_54_NODE_231_length_10001_cov_4.078388	1	10001	2403	10001	100	32.1183	35.6	56.6
P4_54_NODE_232_length_9986_cov_1.757683	1	9986	970	9983	99.97	13.5476	35.9	59
P4_54_NODE_233_length_9976_cov_1.706062	1	9976	1031	9976	100	14.2589	36	55.8
P4_54_NODE_234_length_9826_cov_2.101660	1	9826	1341	9820	99.9389	17.5625	35.3	54.5
P4_54_NODE_235_length_9794_cov_4.863660	1	9794	2969	9794	100	40.0365	35.5	58.1
P4_54_NODE_236_length_9773_cov_43.458117	1	9773	24202	9773	100	340.531	36	58.9
P4_54_NODE_237_length_9772_cov_3.917159	1	9772	2277	9764	99.9181	31.1769	35.8	58.5
P4_54_NODE_238_length_9741_cov_3.279384	1	9741	2168	9741	100	28.3152	35.2	56.8
P4_54_NODE_239_length_9716_cov_2.881009	1	9716	1731	9716	100	23.5243	35.4	56.2
P4_54_NODE_240_length_9709_cov_149.078376	1	9709	90286	9709	100	1276.1	35.7	59
P4_54_NODE_241_length_9709_cov_1.479649	1	9709	804	9709	100	11.3178	36	59.3
P4_54_NODE_242_length_9670_cov_2.107723	1	9670	1148	9670	100	16.0811	35.7	58.6
P4_54_NODE_243_length_9639_cov_15.063814	1	9639	8633	9639	100	122.036	35.6	59.2
P4_54_NODE_244_length_9535_cov_5.996599	1	9535	3471	9535	100	48.9227	35.6	58.9
P4_54_NODE_245_length_9535_cov_1.813988	1	9535	987	9535	100	14.0547	35.9	58.7
P4_54_NODE_246_length_9513_cov_1.930428	1	9513	1089	9513	100	15.2913	35.7	58
P4_54_NODE_247_length_9477_cov_3.461818	1	9477	4065	9477	100	39.7093	31.7	30.7
P4_54_NODE_248_length_9461_cov_2.860296	1	9461	2305	9461	100	25.1211	34.8	40.8
P4_54_NODE_249_length_9449_cov_2.440356	1	9449	1270	9449	100	18.6402	35.8	59.4
P4_54_NODE_250_length_9446_cov_1.216332	1	9446	657	9441	99.9471	9.45787	35.7	58.6
P4_54_NODE_251_length_9438_cov_30.511975	1	9438	15866	9438	100	234.516	35.8	59.8
P4_54_NODE_252_length_9402_cov_6.224474	1	9402	4548	9402	100	54.2112	35	43.1
P4_54_NODE_253_length_9359_cov_1.816833	1	9359	992	9349	99.8932	14.3922	35.8	58.9
P4_54_NODE_254_length_9344_cov_3.196159	1	9344	1894	9344	100	26.8076	35.5	58.5
P4_54_NODE_255_length_9311_cov_1.486389	1	9311	846	9311	100	12.1559	35.6	57.5
P4_54_NODE_256_length_9291_cov_3.041685	1	9291	1993	9291	100	25.8668	34.7	50.4
P4_54_NODE_257_length_9275_cov_2.785308	1	9275	1591	9274	99.9892	22.7397	35.6	58.4
P4_54_NODE_258_length_9264_cov_3.334355	1	9264	1859	9264	100	26.818	35.7	58.9
P4_54_NODE_259_length_9262_cov_75.133028	1	9262	40285	9262	100	599.929	35.8	59.6
P4_54_NODE_260_length_9191_cov_2.328442	1	9191	1271	9191	100	18.5603	35.6	57.6
P4_54_NODE_261_length_9183_cov_70.719633	1	9183	36680	9183	100	548.506	36.1	56.3
P4_54_NODE_262_length_9098_cov_2.270650	1	9098	1364	9098	100	19.3661	35.5	56.1
P4_54_NODE_263_length_9062_cov_10.501287	1	9062	6091	9062	100	91.3543	35.6	56.2
P4_54_NODE_264_length_8953_cov_1.612735	1	8953	1020	8953	100	14.2471	35.5	54.7
P4_54_NODE_265_length_8908_cov_1.828721	1	8908	991	8908	100	14.9769	35.6	59.2
P4_54_NODE_266_length_8899_cov_1.050274	1	8899	553	8899	100	8.34026	35.7	58.6
P4_54_NODE_267_length_8868_cov_2.249971	1	8868	1146	8868	100	17.7207	35.9	59
P4_54_NODE_268_length_8757_cov_1.308691	1	8757	644	8757	100	10.0982	35.7	59
P4_54_NODE_269_length_8748_cov_1.833430	1	8748	1104	8748	100	15.5671	35.1	55.2
P4_54_NODE_270_length_8736_cov_5.983041	1	8736	3594	8674	99.2903	50.6814	35.5	49.3
P4_54_NODE_271_length_8671_cov_5.029143	1	8671	2650	8671	100	41.0946	35.6	59
P4_54_NODE_272_length_8649_cov_1.698193	1	8649	860	8649	100	13.2474	35.6	57
P4_54_NODE_273_length_8634_cov_12.124838	1	8634	6114	8634	100	96.9161	35.8	59.6
P4_54_NODE_274_length_8555_cov_1.719625	1	8555	857	8555	100	13.6413	35.8	59
P4_54_NODE_275_length_8538_cov_7.209844	1	8538	3449	8538	100	55.56	35.7	59
P4_54_NODE_276_length_8537_cov_4.909869	1	8537	2396	8537	100	38.3732	35.8	58.1
P4_54_NODE_277_length_8531_cov_3.902784	1	8531	1962	8531	100	31.391	35.6	58.7
P4_54_NODE_278_length_8521_cov_28.167091	1	8521	13328	8521	100	217.784	35.9	59.8
P4_54_NODE_279_length_8517_cov_2.350536	1	8517	1202	8517	100	18.6196	35.5	57
P4_54_NODE_280_length_8516_cov_2.292764	1	8516	1289	8516	100	18.9484	35.4	53.9
P4_54_NODE_281_length_8442_cov_1.058449	1	8442	525	8442	100	8.18787	35.7	57.4
P4_54_NODE_282_length_8440_cov_4.370504	1	8440	25638	8440	100	129.988	34	12.9
P4_54_NODE_283_length_8409_cov_3.790389	1	8409	1976	8409	100	31.3078	35.6	57.9
P4_54_NODE_284_length_8381_cov_4.997092	1	8381	2591	8375	99.9284	41.1431	35.6	57.9
P4_54_NODE_285_length_8377_cov_2.512485	1	8377	1161	8377	100	19.1649	35.8	59.5
P4_54_NODE_286_length_8340_cov_1.851455	1	8340	878	8340	100	14.3748	35.9	59.5
P4_54_NODE_287_length_8337_cov_2.895859	1	8337	1343	8337	100	22.1528	35.9	59.4
P4_54_NODE_288_length_8336_cov_4.492143	1	8336	2180	8336	100	35.6094	35.7	59.4
P4_54_NODE_289_length_8316_cov_3.985957	1	8316	2052	8316	100	32.9732	35.5	58.4
P4_54_NODE_290_length_8283_cov_13.102869	1	8283	6010	8283	100	100.848	35.8	59.4
P4_54_NODE_291_length_8164_cov_2.000373	1	8164	922	8164	100	15.4775	35.6	58.6
P4_54_NODE_292_length_8164_cov_1.923230	1	8164	915	8154	99.8775	15.3382	35.6	58.2
P4_54_NODE_293_length_8159_cov_1.684761	1	8159	883	8152	99.9142	14.1579	35.8	56.2
P4_54_NODE_294_length_8126_cov_2.332542	1	8126	1271	8126	100	19.1839	35.3	51
P4_54_NODE_295_length_8064_cov_5.968628	1	8064	2633	8054	99.876	45.2529	35.8	58.4
P4_54_NODE_296_length_7971_cov_1.633223	1	7971	745	7971	100	12.7531	35.7	59.1
P4_54_NODE_297_length_7951_cov_1.623338	1	7951	820	7949	99.9748	12.9555	35.4	55.1
P4_54_NODE_298_length_7899_cov_6.768528	1	7899	3811	7899	100	64.0341	35.7	55
P4_54_NODE_299_length_7869_cov_2.630845	1	7869	1236	7869	100	21.1943	35.8	59.1
P4_54_NODE_300_length_7787_cov_1.385770	1	7787	664	7787	100	11.2362	35.5	57.9
P4_54_NODE_301_length_7728_cov_1.951059	1	7728	873	7728	100	15.615	35.8	59.5
P4_54_NODE_302_length_7690_cov_8.958808	1	7690	4073	7690	100	72.5187	35.8	58.3
P4_54_NODE_303_length_7685_cov_3.339772	1	7685	1435	7680	99.9349	25.8617	35.8	58
P4_54_NODE_304_length_7661_cov_1.581763	1	7661	872	7621	99.4779	15.0334	35.8	56.7
P4_54_NODE_305_length_7655_cov_2.552604	1	7655	1189	7655	100	20.3116	35.5	56.5
P4_54_NODE_306_length_7641_cov_4.154222	1	7641	1831	7641	100	32.6562	35.7	59.1
P4_54_NODE_307_length_7635_cov_1.242009	1	7635	603	7635	100	10.3686	35.5	57.8
P4_54_NODE_308_length_7628_cov_14.953449	1	7628	6376	7628	100	115.534	35.9	59.9
P4_54_NODE_309_length_7612_cov_1.686840	1	7612	772	7612	100	13.555	36	58.4
P4_54_NODE_310_length_7581_cov_2.302120	1	7581	1318	7572	99.8813	19.7929	34.9	48.3
P4_54_NODE_311_length_7542_cov_1.425759	1	7542	691	7542	100	11.5802	35.4	54.8
P4_54_NODE_312_length_7500_cov_1.663909	1	7500	919	7500	100	15.5764	35.7	53.5
P4_54_NODE_313_length_7451_cov_2.325915	1	7451	1067	7451	100	18.8022	35.3	56.3
P4_54_NODE_314_length_7422_cov_1.837149	1	7422	879	7422	100	14.8472	34.9	53.1
P4_54_NODE_315_length_7420_cov_7.543946	1	7420	3112	7420	100	57.5643	35.8	58
P4_54_NODE_316_length_7392_cov_1.241019	1	7392	517	7392	100	9.27476	35.8	57.9
P4_54_NODE_317_length_7380_cov_1.250379	1	7380	607	7374	99.9187	10.3873	35.8	54.3
P4_54_NODE_318_length_7352_cov_2.377301	1	7352	1029	7352	100	18.7943	35.7	57.9
P4_54_NODE_319_length_7343_cov_2.268293	1	7343	980	7343	100	17.7915	35.7	58.3
P4_54_NODE_320_length_7313_cov_1.686474	1	7313	664	7313	100	12.6395	35.9	59.5
P4_54_NODE_321_length_7301_cov_1.644271	1	7301	939	7301	100	17.0318	35.9	51.3
P4_54_NODE_322_length_7164_cov_1.454455	1	7164	731	7164	100	12.6445	35.4	54
P4_54_NODE_323_length_7145_cov_0.923197	1	7145	422	7145	100	7.45822	35.6	56.5
P4_54_NODE_324_length_7117_cov_1.581688	1	7117	710	7117	100	12.9126	35.6	57.5
P4_54_NODE_325_length_7114_cov_1.927866	1	7114	836	7114	100	15.2269	35.6	56.5
P4_54_NODE_326_length_7043_cov_2.434066	1	7043	1087	7043	100	19.9635	35.3	57
P4_54_NODE_327_length_7026_cov_7.155240	1	7026	2789	7026	100	54.9125	35.8	59.7
P4_54_NODE_328_length_7024_cov_1.571263	1	7024	688	7024	100	12.9022	35.7	58.2
P4_54_NODE_329_length_7019_cov_4.354614	1	7019	1837	7019	100	35.3027	35.8	58.7
P4_54_NODE_330_length_7015_cov_2.695993	1	7015	1132	7015	100	21.7239	35.6	58.9
P4_54_NODE_331_length_7004_cov_17.347971	1	7004	6635	7004	100	131.405	36	59.1
P4_54_NODE_332_length_6998_cov_3.292632	1	6998	1401	6998	100	26.071	35.7	57.6
P4_54_NODE_333_length_6981_cov_1.637438	1	6981	780	6981	100	14.2182	35.6	56.6
P4_54_NODE_334_length_6969_cov_5.100994	1	6969	1995	6969	100	39.5031	35.9	58.1
P4_54_NODE_335_length_6959_cov_4.171838	1	6959	1641	6959	100	32.5042	35.8	59.4
P4_54_NODE_336_length_6943_cov_3.271567	1	6943	4657	6943	100	56.5155	29.2	20.1
P4_54_NODE_337_length_6910_cov_1.425181	1	6910	574	6910	100	11.142	35.8	59.4
P4_54_NODE_338_length_6899_cov_0.979474	1	6899	421	6899	100	7.9655	35.7	56.1
P4_54_NODE_339_length_6856_cov_2.036410	1	6856	809	6856	100	15.9177	35.7	58.9
P4_54_NODE_340_length_6814_cov_0.922387	1	6814	391	6814	100	7.24318	35.9	54.7
P4_54_NODE_341_length_6799_cov_1.367056	1	6799	634	6799	100	11.2955	35.1	51.3
P4_54_NODE_342_length_6781_cov_2.113315	1	6781	935	6772	99.8673	17.9913	35.8	58.6
P4_54_NODE_343_length_6743_cov_1.003023	1	6743	384	6743	100	7.65653	35.6	56.6
P4_54_NODE_344_length_6737_cov_1.506203	1	6737	535	6737	100	11.1392	35.6	59.2
P4_54_NODE_345_length_6726_cov_1.710562	1	6726	807	6726	100	14.6359	35.3	54.6
P4_54_NODE_346_length_6645_cov_2.313440	1	6645	980	6645	100	19.3279	35.4	58
P4_54_NODE_347_length_6636_cov_2.637118	1	6636	932	6636	100	19.5931	35.8	59.1
P4_54_NODE_348_length_6622_cov_8.148268	1	6622	3000	6622	100	62.503	35.9	59.1
P4_54_NODE_349_length_6591_cov_1.893874	1	6591	731	6591	100	14.9739	35.7	59.1
P4_54_NODE_350_length_6585_cov_2.148808	1	6585	785	6585	100	16.474	36	59.3
P4_54_NODE_351_length_6577_cov_3.766512	1	6577	18270	6577	100	155.462	31.1	13.5
P4_54_NODE_352_length_6559_cov_7.237362	1	6559	2963	6559	100	60.56	35.4	58.7
P4_54_NODE_353_length_6557_cov_1.634059	1	6557	690	6557	100	13.1926	35.6	54.2
P4_54_NODE_354_length_6537_cov_2.235101	1	6537	939	6537	100	18.4204	35.6	56.5
P4_54_NODE_355_length_6524_cov_1.365171	1	6524	564	6524	100	11.4531	35.6	55
P4_54_NODE_356_length_6512_cov_1.252937	1	6512	458	6512	100	9.709	35.7	59.5
P4_54_NODE_357_length_6472_cov_1.265091	1	6472	625	6454	99.7219	11.4107	35.2	53.4
P4_54_NODE_358_length_6452_cov_2.859605	1	6452	1086	6452	100	22.1832	35.7	56.8
P4_54_NODE_359_length_6427_cov_1.500794	1	6427	567	6427	100	11.9572	35.5	57.9
P4_54_NODE_360_length_6418_cov_1.468765	1	6418	505	6418	100	11.0145	35.8	59.4
P4_54_NODE_361_length_6393_cov_3.852857	1	6393	1471	6393	100	30.2903	35.8	56.4
P4_54_NODE_362_length_6390_cov_1.088616	1	6390	380	6380	99.8435	8.18028	35.8	59.5
P4_54_NODE_363_length_6373_cov_2.318764	1	6373	801	6373	100	17.4037	36	59.5
P4_54_NODE_364_length_6353_cov_1.853357	1	6353	713	6353	100	14.7899	35.6	57.8
P4_54_NODE_365_length_6306_cov_1.117333	1	6306	459	6306	100	9.41579	35.4	58.6
P4_54_NODE_366_length_6305_cov_8.713985	1	6305	3083	6305	100	67.7259	35.7	58.5
P4_54_NODE_367_length_6174_cov_1.607078	1	6174	594	6174	100	12.8712	36	58.4
P4_54_NODE_368_length_6126_cov_1.327555	1	6126	637	6126	100	13.3469	35.6	51
P4_54_NODE_369_length_6091_cov_1.053823	1	6091	383	6091	100	8.40913	35.7	56.8
P4_54_NODE_370_length_6074_cov_1.954095	1	6074	645	6074	100	14.6077	35.9	58.5
P4_54_NODE_371_length_6054_cov_4.178843	1	6054	1477	6054	100	32.8452	35.7	58.8
P4_54_NODE_372_length_6042_cov_1.777853	1	6042	702	6042	100	15.102	35.2	58.1
P4_54_NODE_373_length_6042_cov_0.893998	1	6042	306	6042	100	6.6708	35.7	56.5
P4_54_NODE_374_length_6030_cov_5.618499	1	6030	2149	6020	99.8342	49.6161	36	46.1
P4_54_NODE_375_length_6017_cov_3.254329	1	6017	1142	6017	100	25.8556	35.8	57.1
P4_54_NODE_376_length_6006_cov_2.174690	1	6006	736	6006	100	16.8974	35.9	58.2
P4_54_NODE_377_length_6003_cov_1.714772	1	6003	590	5998	99.9167	13.0615	35.8	57.9
P4_54_NODE_378_length_5952_cov_1.186609	1	5952	430	5952	100	9.41549	35.7	57.5
P4_54_NODE_379_length_5895_cov_4.096741	1	5895	1430	5895	100	32.5104	35.5	57.7
P4_54_NODE_380_length_5876_cov_1.773700	1	5876	643	5876	100	14.3593	35.5	55.8
P4_54_NODE_381_length_5872_cov_13.332289	1	5872	4268	5872	100	101.003	36	59.5
P4_54_NODE_382_length_5852_cov_0.935546	1	5852	367	5852	100	7.83459	35.5	55.1
P4_54_NODE_383_length_5843_cov_0.916200	1	5843	402	5843	100	7.97433	34.8	51
P4_54_NODE_384_length_5837_cov_2.573730	1	5837	844	5837	100	19.3483	35.6	57.1
P4_54_NODE_385_length_5817_cov_18.617429	1	5817	6089	5817	100	144.26	35.8	59.7
P4_54_NODE_386_length_5793_cov_1.508119	1	5793	521	5793	100	11.9751	35.9	58.1
P4_54_NODE_387_length_5787_cov_14.338688	1	5787	4745	5787	100	111.956	35.8	59.8
P4_54_NODE_388_length_5781_cov_1.348780	1	5781	467	5781	100	10.4849	35.5	55.5
P4_54_NODE_389_length_5757_cov_1.146892	1	5757	396	5757	100	9.06479	36.1	56.6
P4_54_NODE_390_length_5751_cov_2.947724	1	5751	939	5751	100	22.3161	36	57
P4_54_NODE_391_length_5751_cov_1.828947	1	5751	798	5751	100	17.5569	35.2	55.9
P4_54_NODE_392_length_5730_cov_5.804034	1	5730	1992	5730	100	45.0696	35.5	55.1
P4_54_NODE_393_length_5728_cov_1.076772	1	5728	460	5728	100	10.0442	35.2	56.4
P4_54_NODE_394_length_5693_cov_213.244330	1	5693	69682	5693	100	1692.97	35.8	59.9
P4_54_NODE_395_length_5680_cov_1.545471	1	5680	457	5680	100	11.4771	35.7	60
P4_54_NODE_396_length_5664_cov_25.674553	1	5664	8425	5664	100	203.61	35.9	59
P4_54_NODE_397_length_5638_cov_2.063509	1	5638	757	5633	99.9113	17.404	35.2	57
P4_54_NODE_398_length_5629_cov_2.519811	1	5629	942	5629	100	20.9867	35.4	55.8
P4_54_NODE_399_length_5614_cov_2.175323	1	5614	716	5614	100	17.2207	35.8	58.9
P4_54_NODE_400_length_5575_cov_0.847100	1	5575	443	5575	100	8.36969	36	46.8
P4_54_NODE_401_length_5556_cov_1.523117	1	5556	475	5556	100	11.7286	36.2	58.7
P4_54_NODE_402_length_5551_cov_2.129978	1	5551	629	5551	100	15.7988	36	59.5
P4_54_NODE_403_length_5527_cov_1.432222	1	5527	546	5514	99.7648	12.3155	35.3	55.4
P4_54_NODE_404_length_5522_cov_1.428174	1	5522	428	5522	100	10.6583	35.9	59
P4_54_NODE_405_length_5508_cov_1.727746	1	5508	573	5508	100	13.7729	35.7	57.6
P4_54_NODE_406_length_5487_cov_1.286754	1	5487	378	5487	100	9.70476	35.9	59.9
P4_54_NODE_407_length_5463_cov_0.955210	1	5463	283	5463	100	7.08274	36	58.7
P4_54_NODE_408_length_5437_cov_0.726742	1	5437	202	5437	100	5.16443	35.6	58.2
P4_54_NODE_409_length_5435_cov_2.994537	1	5435	1074	5435	100	25.3459	35.4	55.9
P4_54_NODE_410_length_5430_cov_12.263813	1	5430	3660	5430	100	93.5705	35.9	59.7
P4_54_NODE_411_length_5421_cov_1.853230	1	5421	609	5421	100	14.5169	35.5	56.9
P4_54_NODE_412_length_5416_cov_1.505578	1	5416	465	5416	100	11.5401	35.8	58.1
P4_54_NODE_413_length_5415_cov_2.824508	1	5415	929	5415	100	22.8519	35.6	58.3
P4_54_NODE_414_length_5410_cov_1.382926	1	5410	429	5322	98.3734	10.6649	35.6	58
P4_54_NODE_415_length_5407_cov_18.069508	1	5407	5420	5407	100	138.479	35.9	59.6
P4_54_NODE_416_length_5389_cov_8.652414	1	5389	2577	5389	100	65.9564	35.8	59
P4_54_NODE_417_length_5383_cov_1.009323	1	5383	59589	5383	100	897.088	35.8	59.2
P4_54_NODE_418_length_5382_cov_1.365937	1	5382	440	5382	100	10.7748	35.4	57.1
P4_54_NODE_419_length_5379_cov_4.473343	1	5379	1374	5379	100	34.7685	35.8	58.4
P4_54_NODE_420_length_5355_cov_4.254017	1	5355	1485	5355	100	36.8226	35.4	58.3
P4_54_NODE_421_length_5348_cov_1.685309	1	5348	499	5338	99.813	12.9056	35.9	59.7
P4_54_NODE_422_length_5338_cov_1.729802	1	5338	542	5338	100	13.5558	35.9	58.3
P4_54_NODE_423_length_5308_cov_1.182397	1	5308	378	5292	99.6986	9.36624	35.6	56.3
P4_54_NODE_424_length_5306_cov_2.248504	1	5306	704	5306	100	17.7891	35.9	58.8
P4_54_NODE_425_length_5294_cov_3.679117	1	5294	1070	5294	100	27.5661	35.7	58.5
P4_54_NODE_426_length_5280_cov_1.054337	1	5280	333	5280	100	8.2642	35.8	58.5
P4_54_NODE_427_length_5272_cov_1.810496	1	5272	774	5272	100	15.2462	34.2	41.8
P4_54_NODE_428_length_5270_cov_4.040249	1	5270	1191	5270	100	30.7685	35.8	59.3
P4_54_NODE_429_length_5240_cov_161.685299	1	5240	48845	5240	100	1278.27	35.8	59.8
P4_54_NODE_430_length_5239_cov_1.519757	1	5239	523	5239	100	12.499	35.6	55.9
P4_54_NODE_431_length_5231_cov_1.252743	1	5231	412	5231	100	10.408	35.9	55.9
P4_54_NODE_432_length_5224_cov_2.022799	1	5224	614	5224	100	15.9074	36	59.6
P4_54_NODE_433_length_5224_cov_1.628213	1	5224	613	5224	100	15.2521	36	57.8
P4_54_NODE_434_length_5222_cov_1.389794	1	5222	464	5222	100	11.5854	35.4	57
P4_54_NODE_435_length_5207_cov_1.921072	1	5207	562	5207	100	14.5919	36.1	59.3
P4_54_NODE_436_length_5195_cov_4.052612	1	5195	1187	5195	100	31.3594	35.9	59.4
P4_54_NODE_437_length_5176_cov_1.467023	1	5176	438	5163	99.7488	11.2498	35.7	58
P4_54_NODE_438_length_5169_cov_4.576557	1	5169	1310	5169	100	34.6454	35.7	58.3
P4_54_NODE_439_length_5161_cov_687.276122	1	5161	218130	5161	100	5703.61	35.9	58.5
P4_54_NODE_440_length_5137_cov_4.000200	1	5137	2497	5137	100	41.6574	33.1	48.2
P4_54_NODE_441_length_5118_cov_1.298537	1	5118	375	5118	100	10.0504	35.8	58.9
P4_54_NODE_442_length_5117_cov_1.056313	1	5117	316	5117	100	7.84659	35.9	54.4
P4_54_NODE_443_length_5112_cov_1.668004	1	5112	586	5109	99.9413	13.9705	35.6	55
P4_54_NODE_444_length_5096_cov_1.514188	1	5096	491	5096	100	12.6203	35.6	58.5
P4_54_NODE_445_length_5091_cov_2.671031	1	5091	1013	5091	100	25.8165	35.3	55.2
P4_54_NODE_446_length_5082_cov_2.135419	1	5082	713	5082	100	17.7131	35.3	54.8
P4_54_NODE_447_length_5052_cov_0.835330	1	5052	245	5052	100	6.46477	36.1	57.9
P4_54_NODE_448_length_5045_cov_0.938593	1	5045	311	5038	99.8612	7.289	35.6	53.1
P4_54_NODE_449_length_5044_cov_1.126703	1	5044	335	5044	100	8.85309	35.7	58.5
P4_54_NODE_450_length_5030_cov_1.055884	1	5030	327	5030	100	8.19006	36	55.8
P4_54_NODE_451_length_5019_cov_1.606909	1	5019	425	5019	100	11.7928	35.8	58.8
P4_54_NODE_452_length_5010_cov_2.184518	1	5010	848	5010	100	20.4611	35.2	54.8
P4_54_NODE_453_length_5004_cov_0.999795	1	5004	269	5004	100	7.46443	35.5	59.3
P4_54_NODE_454_length_5001_cov_2.295650	1	5001	641	5001	100	17.6289	35.6	58.9
P4_54_NODE_455_length_4999_cov_1.918514	1	4999	654	4999	100	16.8546	35.2	57
P4_54_NODE_456_length_4994_cov_3.976958	1	4994	1139	4994	100	31.1193	35.3	58.9
P4_54_NODE_457_length_4972_cov_1.727761	1	4972	457	4972	100	12.7848	36	59.4
P4_54_NODE_458_length_4964_cov_3.655365	1	4964	1193	4963	99.9799	29.4216	34.8	50.3
P4_54_NODE_459_length_4959_cov_1.564570	1	4959	438	4959	100	11.8699	35.8	58.1
P4_54_NODE_460_length_4956_cov_1.023193	1	4956	300	4956	100	8.17554	35.9	58.5
P4_54_NODE_461_length_4927_cov_1.240833	1	4927	357	4927	100	9.70895	35.9	59.2
P4_54_NODE_462_length_4888_cov_9.907582	1	4888	10220	4888	100	186.842	35.8	16.1
P4_54_NODE_463_length_4878_cov_1.113029	1	4878	333	4866	99.754	8.83743	35.5	56.4
P4_54_NODE_464_length_4857_cov_3.245243	1	4857	893	4857	100	24.993	35.8	58.8
P4_54_NODE_465_length_4857_cov_1.125159	1	4857	309	4857	100	8.61725	36	57.3
P4_54_NODE_466_length_4851_cov_1.806732	1	4851	687	4851	100	15.1864	35.2	43.2
P4_54_NODE_467_length_4812_cov_1.051014	1	4812	457	4796	99.6675	10.0721	35.1	47.9
P4_54_NODE_468_length_4781_cov_1.102492	1	4781	292	4781	100	8.46831	35.8	59.2
P4_54_NODE_469_length_4755_cov_0.840536	1	4755	225	4755	100	6.46456	35.9	59.4
P4_54_NODE_470_length_4753_cov_3.507782	1	4753	910	4753	100	26.482	35.8	57.7
P4_54_NODE_471_length_4739_cov_2.843235	1	4739	836	4739	100	23.4066	35.7	58.5
P4_54_NODE_472_length_4731_cov_2.695265	1	4731	823	4731	100	22.6903	35.6	58.1
P4_54_NODE_473_length_4724_cov_1.476180	1	4724	467	4724	100	11.7041	35.4	49.7
P4_54_NODE_474_length_4705_cov_10.726300	1	4705	4461	4703	99.9575	103.486	33.2	38.5
P4_54_NODE_475_length_4697_cov_1.272648	1	4697	346	4697	100	9.68597	35.8	57.4
P4_54_NODE_476_length_4692_cov_1.461993	1	4692	392	4692	100	11.4968	35.7	58.7
P4_54_NODE_477_length_4675_cov_3.925462	1	4675	1045	4675	100	30.5651	35.8	58.7
P4_54_NODE_478_length_4657_cov_3.150552	1	4657	1221	4657	100	33.7919	36	49.6
P4_54_NODE_479_length_4655_cov_1.505080	1	4655	449	4655	100	12.4922	35.2	56.3
P4_54_NODE_480_length_4651_cov_1.091733	1	4651	317	4651	100	8.87014	35.4	56
P4_54_NODE_481_length_4594_cov_1.063801	1	4594	289	4584	99.7823	8.56552	35.8	59.6
P4_54_NODE_482_length_4582_cov_22.069809	1	4582	5777	4582	100	171.987	35.9	59.5
P4_54_NODE_483_length_4568_cov_0.974555	1	4568	247	4568	100	7.38069	36.1	59.8
P4_54_NODE_484_length_4556_cov_1.403251	1	4556	403	4556	100	11.246	35.3	55.4
P4_54_NODE_485_length_4553_cov_1.477180	1	4553	494	4553	100	12.5647	34.8	48.3
P4_54_NODE_486_length_4540_cov_8.128937	1	4540	2054	4540	100	62.4229	35.7	59.3
P4_54_NODE_487_length_4523_cov_6.134839	1	4523	1902	4523	100	53.2041	34.9	57.8
P4_54_NODE_488_length_4513_cov_2.361149	1	4513	603	4513	100	18.0281	35.7	57.8
P4_54_NODE_489_length_4510_cov_1.252339	1	4510	327	4510	100	9.60111	35.7	57.5
P4_54_NODE_490_length_4507_cov_5.814384	1	4507	2764	4507	100	81.5968	35.8	39.8
P4_54_NODE_491_length_4507_cov_2.338369	1	4507	670	4507	100	18.8993	35.4	56
P4_54_NODE_492_length_4505_cov_0.888990	1	4505	255	4505	100	7.49856	35.6	59
P4_54_NODE_493_length_4496_cov_1.320211	1	4496	365	4478	99.5996	10.6784	35.2	57.8
P4_54_NODE_494_length_4494_cov_18.019909	1	4494	4820	4494	100	144.293	35.7	59.8
P4_54_NODE_495_length_4470_cov_12.189500	1	4470	3563	4470	100	109.161	35.6	56
P4_54_NODE_496_length_4462_cov_0.779469	1	4462	275	4462	100	7.11542	35.3	51.8
P4_54_NODE_497_length_4440_cov_1.382746	1	4440	369	4440	100	10.707	35.8	58.6
P4_54_NODE_498_length_4434_cov_2.791932	1	4434	753	4434	100	22.6171	35.7	58.4
P4_54_NODE_499_length_4433_cov_2.254993	1	4433	627	4433	100	17.8795	35.6	55.7
P4_54_NODE_500_length_4421_cov_1.256171	1	4421	518	4421	100	12.0403	34	42.1
P4_54_NODE_501_length_4401_cov_994.787787	1	4401	163784	4401	100	5107.13	36.1	24.5
P4_54_NODE_502_length_4390_cov_1.354914	1	4390	324	4390	100	10.1333	35.8	59.4
P4_54_NODE_503_length_4368_cov_49.393993	1	4368	11943	4368	100	375.318	36	59.7
P4_54_NODE_504_length_4362_cov_1.558205	1	4362	419	4362	100	13.0692	35.6	58.5
P4_54_NODE_505_length_4350_cov_1.203647	1	4350	427	4350	100	10.7775	35.6	51
P4_54_NODE_506_length_4340_cov_1.511275	1	4340	389	4340	100	12.0751	35.5	59.6
P4_54_NODE_507_length_4339_cov_8.989700	1	4339	2254	4339	100	70.8076	35.9	59.9
P4_54_NODE_508_length_4315_cov_1.202961	1	4315	264	4315	100	8.67277	35.5	59.1
P4_54_NODE_509_length_4307_cov_1.151914	1	4307	266	4307	100	8.46854	35.8	59.3
P4_54_NODE_510_length_4292_cov_0.867947	1	4292	264	4292	100	7.26678	35.9	53.3
P4_54_NODE_511_length_4278_cov_2.242110	1	4278	656	4278	100	19.5813	35.1	55.6
P4_54_NODE_512_length_4276_cov_2.951555	1	4276	820	4276	100	24.9984	35.2	57.8
P4_54_NODE_513_length_4269_cov_2.319652	1	4269	528	4261	99.8126	17.1764	35.9	58.3
P4_54_NODE_514_length_4266_cov_1.520657	1	4266	441	4266	100	13.2398	35.2	56.4
P4_54_NODE_515_length_4256_cov_1.576411	1	4256	410	4256	100	12.5045	35.7	56.6
P4_54_NODE_516_length_4256_cov_1.097118	1	4256	327	4256	100	9.31673	35.5	53.6
P4_54_NODE_517_length_4245_cov_10.375801	1	4245	2460	4245	100	79.1854	35.9	59.4
P4_54_NODE_518_length_4238_cov_1.225493	1	4238	270	4238	100	8.91954	36	59.2
P4_54_NODE_519_length_4235_cov_4.939630	1	4235	1662	4235	100	45.0071	34.7	46.5
P4_54_NODE_520_length_4226_cov_1.413515	1	4226	380	4226	100	11.4309	35.4	55.6
P4_54_NODE_521_length_4211_cov_4.967679	1	4211	1152	4211	100	37.5583	35.8	56.8
P4_54_NODE_522_length_4187_cov_1.358621	1	4187	303	4187	100	9.94435	35.8	58.7
P4_54_NODE_523_length_4186_cov_0.888889	1	4186	242	4186	100	7.42475	35.8	54.8
P4_54_NODE_524_length_4182_cov_1.004439	1	4182	258	4182	100	7.66786	35.6	54.4
P4_54_NODE_525_length_4174_cov_0.912528	1	4174	204	4174	100	6.7633	35.8	58.9
P4_54_NODE_526_length_4173_cov_0.996540	1	4173	258	4173	100	7.70597	35.5	56.9
P4_54_NODE_527_length_4165_cov_2.324913	1	4165	572	4164	99.976	17.9421	35.7	57
P4_54_NODE_528_length_4149_cov_1.741671	1	4149	507	4149	100	15.3326	35.4	54.9
P4_54_NODE_529_length_4130_cov_0.771671	1	4130	260	4130	100	6.223	35.8	41.5
P4_54_NODE_530_length_4115_cov_1.393932	1	4115	334	4110	99.8785	10.9152	35.8	59.1
P4_54_NODE_531_length_4113_cov_0.813598	1	4113	238	4113	100	7.12351	35.4	54.7
P4_54_NODE_532_length_4099_cov_2.296324	1	4099	645	4099	100	19.7453	35.8	53.4
P4_54_NODE_533_length_4081_cov_1.246333	1	4081	341	4072	99.7795	10.2502	35.1	54.4
P4_54_NODE_534_length_4073_cov_0.874557	1	4073	238	4073	100	7.08593	35.5	53.9
P4_54_NODE_535_length_4060_cov_3.217900	1	4060	789	4060	100	25.7406	35.9	59.1
P4_54_NODE_536_length_4055_cov_165.624342	1	4055	38893	4055	100	1320.23	35.8	59.9
P4_54_NODE_537_length_4052_cov_1.049682	1	4052	301	4052	100	9.14511	35.4	55
P4_54_NODE_538_length_4047_cov_0.898469	1	4047	208	4047	100	6.8216	36	58
P4_54_NODE_539_length_4034_cov_3.077297	1	4034	1175	4034	100	29.937	33.4	35.7
P4_54_NODE_540_length_4014_cov_2.428351	1	4014	623	4014	100	20.2427	35.7	57.9
P4_54_NODE_541_length_4000_cov_2.648593	1	4000	535	4000	100	19.0267	35.6	59.4
P4_54_NODE_542_length_3999_cov_33.821861	1	3999	7318	3999	100	253.978	36	59.8
P4_54_NODE_543_length_3992_cov_102.121087	1	3992	23503	3992	100	820.094	36	51.1
P4_54_NODE_544_length_3980_cov_0.984168	1	3980	271	3980	100	8.18693	35.3	52.9
P4_54_NODE_545_length_3978_cov_1.227733	1	3978	278	3968	99.7486	9.42283	36	58.7
P4_54_NODE_546_length_3973_cov_0.902236	1	3973	267	3973	100	8.02718	35.1	54.7
P4_54_NODE_547_length_3970_cov_2.661704	1	3970	613	3970	100	20.3023	35.6	57.2
P4_54_NODE_548_length_3963_cov_1.674661	1	3963	404	3963	100	13.5481	35.8	59.3
P4_54_NODE_549_length_3961_cov_1.215702	1	3961	197826	3961	100	1820.13	35	0.108
P4_54_NODE_550_length_3956_cov_2.574040	1	3956	667	3956	100	22.2482	35.6	58.2
P4_54_NODE_551_length_3933_cov_1.666316	1	3933	361	3933	100	12.5032	35.6	59.2
P4_54_NODE_552_length_3923_cov_2.336934	1	3923	466	3923	100	16.5384	35.8	59.2
P4_54_NODE_553_length_3901_cov_1.659512	1	3901	427	3901	100	14.3484	35.6	56.9
P4_54_NODE_554_length_3894_cov_0.960711	1	3894	233	3894	100	7.64766	35.5	56.8
P4_54_NODE_555_length_3890_cov_0.925326	1	3890	190	3890	100	6.83702	35.9	59.6
P4_54_NODE_556_length_3882_cov_4.703667	1	3882	1324	3882	100	42.2589	35.3	57.6
P4_54_NODE_557_length_3871_cov_1.776175	1	3871	371	3871	100	13.3154	35.9	58.9
P4_54_NODE_558_length_3869_cov_1.708979	1	3869	424	3869	100	14.6363	35.6	58.2
P4_54_NODE_559_length_3864_cov_1.609847	1	3864	333	3864	100	11.8219	35.2	57.8
P4_54_NODE_560_length_3852_cov_1.075705	1	3852	231	3844	99.7923	8.07217	35.8	58.7
P4_54_NODE_561_length_3850_cov_2.918029	1	3850	663	3850	100	23.3086	35.6	59.8
P4_54_NODE_562_length_3832_cov_3.296626	1	3832	723	3832	100	25.2993	35.2	57.6
P4_54_NODE_563_length_3831_cov_2.467873	1	3831	533	3831	100	18.9551	35.7	58.8
P4_54_NODE_564_length_3828_cov_1.223723	1	3828	231	3828	100	8.47962	36	58.8
P4_54_NODE_565_length_3816_cov_1.463540	1	3816	347	3816	100	12.0639	35.6	56.9
P4_54_NODE_566_length_3813_cov_1.397179	1	3813	397	3813	100	13.7548	35.5	54.4
P4_54_NODE_567_length_3805_cov_0.965470	1	3805	190	3805	100	6.90986	36.3	57.4
P4_54_NODE_568_length_3782_cov_0.899316	1	3782	193	3777	99.8678	6.75145	36.1	57.3
P4_54_NODE_569_length_3779_cov_1.765334	1	3779	428	3779	100	14.7169	35.3	56.9
P4_54_NODE_570_length_3775_cov_0.872259	1	3775	181	3767	99.7881	6.56503	36	58.9
P4_54_NODE_571_length_3772_cov_1.385734	1	3772	587	3772	100	14.1262	32.7	35.5
P4_54_NODE_572_length_3771_cov_1.477497	1	3771	322	3771	100	11.301	35.9	57.3
P4_54_NODE_573_length_3769_cov_1.024437	1	3769	304	3769	100	9.05306	34.6	48.1
P4_54_NODE_574_length_3758_cov_1.962269	1	3758	471	3758	100	16.4345	35.5	58.4
P4_54_NODE_575_length_3747_cov_2.121823	1	3747	824	3747	100	21.3357	33.1	37.5
P4_54_NODE_576_length_3725_cov_2.996387	1	3725	732	3725	100	25.7828	35.7	54.8
P4_54_NODE_577_length_3717_cov_191.259610	1	3717	45780	3717	100	1665.18	36	54.9
P4_54_NODE_578_length_3708_cov_1.422508	1	3708	291	3708	100	10.6831	35.2	56.7
P4_54_NODE_579_length_3695_cov_1.546805	1	3695	407	3675	99.4587	12.7199	35.5	51.3
P4_54_NODE_580_length_3694_cov_2.904682	1	3694	602	3694	100	21.8603	35.9	57.5
P4_54_NODE_581_length_3694_cov_1.454444	1	3694	285	3694	100	10.7918	36	60
P4_54_NODE_582_length_3689_cov_1.316676	1	3689	270	3658	99.1597	10.0314	35.8	59.6
P4_54_NODE_583_length_3681_cov_2.638436	1	3681	545	3681	100	20.1568	35.8	56.5
P4_54_NODE_584_length_3661_cov_1.548670	1	3661	375	3661	100	12.4458	35.7	45.3
P4_54_NODE_585_length_3657_cov_1.760907	1	3657	477	3657	100	15.8502	35.6	52.1
P4_54_NODE_586_length_3651_cov_11.576617	1	3651	2496	3644	99.8083	93.0896	35.7	58.5
P4_54_NODE_587_length_3643_cov_1.014221	1	3643	185	3643	100	7.19242	35.9	59.1
P4_54_NODE_588_length_3641_cov_1.850313	1	3641	511	3641	100	16.2837	35.4	51.9
P4_54_NODE_589_length_3641_cov_1.324132	1	3641	333	3633	99.7803	11.5891	36	58.1
P4_54_NODE_590_length_3639_cov_0.890091	1	3639	216	3639	100	7.44573	35.1	56.9
P4_54_NODE_591_length_3627_cov_2.461429	1	3627	555	3627	100	19.6187	35.6	56.9
P4_54_NODE_592_length_3620_cov_1.877756	1	3620	419	3611	99.7514	15.0489	35.5	57.8
P4_54_NODE_593_length_3616_cov_1.097163	1	3616	316	3616	100	10.2481	35.5	53.5
P4_54_NODE_594_length_3613_cov_1.586632	1	3613	461	3613	100	13.762	34.4	46.5
P4_54_NODE_595_length_3600_cov_1.965160	1	3600	403	3600	100	15.1097	35.7	57.9
P4_54_NODE_596_length_3597_cov_0.991066	1	3597	330	3597	100	8.95858	34.1	42.2
P4_54_NODE_597_length_3596_cov_2.848660	1	3596	681	3587	99.7497	23.5929	35.5	53.1
P4_54_NODE_598_length_3585_cov_1.918450	1	3585	494	3585	100	17.2499	35.8	52.3
P4_54_NODE_599_length_3567_cov_0.780233	1	3567	185	3567	100	6.45248	35.4	56.2
P4_54_NODE_600_length_3556_cov_2.043745	1	3556	450	3553	99.9156	16.3526	35.6	56.8
P4_54_NODE_601_length_3547_cov_0.921930	1	3547	170	3547	100	6.7598	35.7	59.6
P4_54_NODE_602_length_3544_cov_0.836114	1	3544	163	3544	100	6.39249	36.1	60
P4_54_NODE_603_length_3520_cov_2.605069	1	3520	853	3520	100	31.3582	35.7	43.4
P4_54_NODE_604_length_3520_cov_1.366932	1	3520	345	3520	100	12.6077	35.4	54.4
P4_54_NODE_605_length_3515_cov_1.192444	1	3515	266	3505	99.7155	10.1858	35.6	57.2
P4_54_NODE_606_length_3512_cov_1.474742	1	3512	316	3512	100	11.5413	35.3	55.9
P4_54_NODE_607_length_3506_cov_1.309559	1	3506	299	3506	100	11.2949	35.1	57.7
P4_54_NODE_608_length_3496_cov_1.315524	1	3496	568	3496	100	15.4248	32.2	29.7
P4_54_NODE_609_length_3488_cov_82.069920	1	3488	21718	3488	100	850.451	36.1	49.4
P4_54_NODE_610_length_3477_cov_0.816418	1	3477	269	3477	100	7.56572	32.8	40
P4_54_NODE_611_length_3472_cov_1.128550	1	3472	204	3472	100	8.29666	35.9	59.7
P4_54_NODE_612_length_3466_cov_1.653190	1	3466	1720	3466	100	30.4605	28.2	12.8
P4_54_NODE_613_length_3455_cov_1.122897	1	3455	259	3455	100	9.07959	35.6	55.1
P4_54_NODE_614_length_3451_cov_1.501805	1	3451	483	3451	100	14.0892	34.5	40.3
P4_54_NODE_615_length_3451_cov_1.121239	1	3451	216	3451	100	8.39351	35.4	56.2
P4_54_NODE_616_length_3448_cov_0.976513	1	3448	230	3448	100	8.25377	35.2	54.5
P4_54_NODE_617_length_3448_cov_0.606143	1	3448	124	3448	100	4.68039	36.1	56.5
P4_54_NODE_618_length_3438_cov_1.436122	1	3438	293	3438	100	11.0535	35.4	55.5
P4_54_NODE_619_length_3436_cov_1.032940	1	3436	243	3436	100	8.78143	35.7	55.7
P4_54_NODE_620_length_3428_cov_3.907907	1	3428	887	3400	99.1832	33.745	34.9	57.8
P4_54_NODE_621_length_3424_cov_4.199879	1	3424	811	3424	100	32.4267	35.8	56.4
P4_54_NODE_622_length_3412_cov_1.318721	1	3412	300	3412	100	11.0715	35.6	56.6
P4_54_NODE_623_length_3412_cov_1.035921	1	3412	246	3412	100	8.67175	34.9	51.9
P4_54_NODE_624_length_3404_cov_0.963076	1	3404	214	3404	100	8.18948	35.5	56.2
P4_54_NODE_625_length_3391_cov_1.367034	1	3391	348	3375	99.5282	11.7939	35.8	51.5
P4_54_NODE_626_length_3389_cov_0.844574	1	3389	200	3389	100	7.22219	35.9	53.1
P4_54_NODE_627_length_3387_cov_2.167791	1	3387	650	3387	100	20.3118	34	42.4
P4_54_NODE_628_length_3387_cov_1.405521	1	3387	371	3387	100	12.9539	35	53.5
P4_54_NODE_629_length_3385_cov_1.554635	1	3385	313	3385	100	12.4789	35.6	58.7
P4_54_NODE_630_length_3384_cov_1.444888	1	3384	298	3384	100	11.9279	35.9	58.9
P4_54_NODE_631_length_3381_cov_1.097726	1	3381	226	3381	100	9.09406	35.1	57.3
P4_54_NODE_632_length_3377_cov_0.702462	1	3377	113	3377	100	4.85786	36.1	60
P4_54_NODE_633_length_3370_cov_1.650632	1	3370	394	3370	100	13.9822	35.4	53.6
P4_54_NODE_634_length_3369_cov_1.828809	1	3369	412	3369	100	14.797	35.2	53.1
P4_54_NODE_635_length_3344_cov_0.706559	1	3344	173	3344	100	6.34001	35.7	56.6
P4_54_NODE_636_length_3343_cov_3.126866	1	3343	666	3343	100	25.7562	35.9	57.7
P4_54_NODE_637_length_3341_cov_0.888612	1	3341	166	3341	100	6.84286	35.8	58
P4_54_NODE_638_length_3336_cov_0.829854	1	3336	138	3336	100	5.8768	35.6	59.3
P4_54_NODE_639_length_3334_cov_0.744621	1	3334	162	3334	100	5.9904	35.7	55.5
P4_54_NODE_640_length_3329_cov_1.624610	1	3329	393	3329	100	14.0195	34.9	51.7
P4_54_NODE_641_length_3323_cov_1.761890	1	3323	375	3323	100	14.2976	35.3	55.1
P4_54_NODE_642_length_3321_cov_0.971196	1	3321	238	3321	100	8.53117	35.6	54.9
P4_54_NODE_643_length_3315_cov_1.065872	1	3315	421	3315	100	10.8419	32.7	34.1
P4_54_NODE_644_length_3303_cov_1.021411	1	3303	191	3303	100	7.77051	35.4	56.8
P4_54_NODE_645_length_3301_cov_1.052300	1	3301	202	3292	99.7274	8.26204	35.9	58.9
P4_54_NODE_646_length_3298_cov_2.626301	1	3298	562	3298	100	23.4366	35.7	58
P4_54_NODE_647_length_3289_cov_0.904491	1	3289	187	3280	99.7264	7.26209	35	56
P4_54_NODE_648_length_3287_cov_1.156329	1	3287	330	3287	100	11.5768	35.7	46.9
P4_54_NODE_649_length_3274_cov_1.538290	1	3274	281	3274	100	11.5672	35.8	56.7
P4_54_NODE_650_length_3273_cov_1.009218	1	3273	172	3273	100	7.30584	36	58.8
P4_54_NODE_651_length_3271_cov_0.856552	1	3271	187	3271	100	7.13115	36	57
P4_54_NODE_652_length_3269_cov_1.090388	1	3269	204	3269	100	8.20037	35.9	58.1
P4_54_NODE_653_length_3247_cov_2.714744	1	3247	593	3247	100	23.0899	35.6	56.7
P4_54_NODE_654_length_3236_cov_0.557092	1	3236	98510	3234	99.9382	1955.76	35.2	55.6
P4_54_NODE_655_length_3229_cov_1.157640	1	3229	214	3229	100	8.68783	36	56.5
P4_54_NODE_656_length_3221_cov_3.207587	1	3221	609	3221	100	25.1975	35.8	57.8
P4_54_NODE_657_length_3215_cov_2.129210	1	3215	393	3193	99.3157	16.2389	36	56.8
P4_54_NODE_658_length_3208_cov_3.139241	1	3208	660	3208	100	28.1026	35.6	56.6
P4_54_NODE_659_length_3198_cov_1.062520	1	3198	176	3198	100	7.78799	36	59.2
P4_54_NODE_660_length_3195_cov_0.939374	1	3195	248	3195	100	7.47136	35.6	48.1
P4_54_NODE_661_length_3190_cov_1.083252	1	3190	3654	3190	100	60.2197	28.7	25.5
P4_54_NODE_662_length_3184_cov_1.747465	1	3184	386	3184	100	15.3693	35.9	56.2
P4_54_NODE_663_length_3179_cov_1.788991	1	3179	318	3179	100	13.5093	35.3	57.7
P4_54_NODE_664_length_3168_cov_0.740217	1	3168	136	3168	100	5.59596	35.6	56
P4_54_NODE_665_length_3166_cov_1.586377	1	3166	276	3166	100	12.1829	35.5	58.9
P4_54_NODE_666_length_3159_cov_2.121372	1	3159	429	3159	100	17.8386	35.6	53.4
P4_54_NODE_667_length_3157_cov_1.319802	1	3157	234	3157	100	10.0155	35.9	58.9
P4_54_NODE_668_length_3153_cov_1281.175479	1	3153	256950	3153	100	10995.5	35.6	59.3
P4_54_NODE_669_length_3153_cov_1.548249	1	3153	281	3145	99.7463	11.5366	35.9	55.9
P4_54_NODE_670_length_3153_cov_0.715796	1	3153	132	3153	100	5.67238	35.7	59.5
P4_54_NODE_671_length_3152_cov_112.691901	1	3152	19146	3152	100	845.847	36	59.6
P4_54_NODE_672_length_3151_cov_1.230489	1	3151	262	3151	100	10.4808	34.9	55.6
P4_54_NODE_673_length_3142_cov_0.833499	1	3142	181	3142	100	6.96945	35.9	53.4
P4_54_NODE_674_length_3135_cov_1.244348	1	3135	226	3135	100	9.67177	35.7	58.6
P4_54_NODE_675_length_3134_cov_0.810110	1	3134	169	3133	99.9681	6.55935	35.4	53.7
P4_54_NODE_676_length_3131_cov_1.523302	1	3131	274	3131	100	11.7014	35.5	58.7
P4_54_NODE_677_length_3128_cov_0.798734	1	3128	118	3128	100	5.50703	35.7	60
P4_54_NODE_678_length_3125_cov_1.137759	1	3125	600	3125	100	15.6131	32.4	33.4
P4_54_NODE_679_length_3119_cov_1.486631	1	3119	271	3119	100	11.2975	35.6	55.1
P4_54_NODE_680_length_3111_cov_1.663874	1	3111	280	3111	100	12.3079	36.1	59.2
P4_54_NODE_681_length_3101_cov_1.758574	1	3101	319	3087	99.5485	13.229	35.7	57.5
P4_54_NODE_682_length_3096_cov_13.912504	1	3096	2550	3096	100	110.269	36	59.5
P4_54_NODE_683_length_3091_cov_56.581417	1	3091	10171	3091	100	446.265	36	58.9
P4_54_NODE_684_length_3081_cov_0.972580	1	3081	192	3081	100	7.85914	35.5	56.3
P4_54_NODE_685_length_3079_cov_1.374661	1	3079	249	3079	100	10.4612	35.2	55.8
P4_54_NODE_686_length_3079_cov_0.713415	1	3079	106	3079	100	4.91945	35.9	59.4
P4_54_NODE_687_length_3077_cov_1.013220	1	3077	216	3077	100	8.64738	35.3	55.4
P4_54_NODE_688_length_3071_cov_2.481658	1	3071	470	3071	100	19.7421	35.4	55.9
P4_54_NODE_689_length_3069_cov_1.426920	1	3069	287	3069	100	11.7882	35.8	55.9
P4_54_NODE_690_length_3067_cov_0.903741	1	3067	150	3067	100	6.83176	35.3	59.1
P4_54_NODE_691_length_3063_cov_5.424387	1	3063	1150	3055	99.7388	50.1593	35.5	58
P4_54_NODE_692_length_3057_cov_1.194198	1	3057	188	3057	100	8.60353	35.7	58.6
P4_54_NODE_693_length_3053_cov_1.082707	1	3053	199	3053	100	8.73534	35.6	59.2
P4_54_NODE_694_length_3041_cov_7.605697	1	3041	1218	3041	100	55.9589	35.9	59.4
P4_54_NODE_695_length_3037_cov_3.967354	1	3037	846	3037	100	31.7837	34.8	44.8
P4_54_NODE_696_length_3032_cov_1.510155	1	3032	241	3032	100	10.8447	35.5	59
P4_54_NODE_697_length_3029_cov_1.657478	1	3029	359	3029	100	15.7818	35.7	56.4
P4_54_NODE_698_length_3025_cov_0.628364	1	3025	103	3025	100	4.63041	36.1	58.9
P4_54_NODE_699_length_3024_cov_0.674491	1	3024	123	3024	100	5.28108	35.7	57.3
P4_54_NODE_700_length_3022_cov_1.566149	1	3022	334	3022	100	12.8901	35.6	47.5
P4_54_NODE_701_length_3022_cov_1.420035	1	3022	289	3022	100	12.1304	35.5	57
P4_54_NODE_702_length_3019_cov_0.846819	1	3019	192	3019	100	7.83803	35.7	55.6
P4_54_NODE_703_length_3018_cov_1.208232	1	3018	238	3018	100	9.833	35.4	53.8
P4_54_NODE_704_length_3016_cov_1.078920	1	3016	293	3016	100	11.0408	35.2	48.4
P4_54_NODE_705_length_3016_cov_0.812738	1	3016	138	3016	100	6.26989	36	58.7
P4_54_NODE_706_length_3011_cov_13.026131	1	3011	2274	3011	100	101.478	35.9	59.9
P4_54_NODE_707_length_2992_cov_1.029319	1	2992	174	2992	100	7.98529	35.6	58
P4_54_NODE_708_length_2991_cov_0.878142	1	2991	157	2991	100	7.25376	35.9	60
P4_54_NODE_709_length_2988_cov_0.781195	1	2988	143	2988	100	6.14759	35.8	58.9
P4_54_NODE_710_length_2982_cov_9.033451	1	2982	1524	2982	100	70.2532	35.7	59.4
P4_54_NODE_711_length_2979_cov_1.480014	1	2979	238	2979	100	11.0077	36	59.5
P4_54_NODE_712_length_2977_cov_0.852632	1	2977	164	2960	99.429	7.28351	35.5	56.5
P4_54_NODE_713_length_2973_cov_1.721012	1	2973	340	2964	99.6973	14.3485	35.5	57.4
P4_54_NODE_714_length_2973_cov_0.950808	1	2973	639	2973	100	13.5614	30.6	34.5
P4_54_NODE_715_length_2967_cov_2.150704	1	2967	425	2960	99.7641	19.9653	36	58.2
P4_54_NODE_716_length_2958_cov_1.379018	1	2958	197	2958	100	9.51183	35.6	59.7
P4_54_NODE_717_length_2940_cov_0.849982	1	2940	225	2940	100	8.57483	35.1	52.6
P4_54_NODE_718_length_2939_cov_2.639047	1	2939	451350	2939	100	6475.17	34.4	3.88
P4_54_NODE_719_length_2923_cov_1.655222	1	2923	299	2923	100	13.1362	35.8	57
P4_54_NODE_720_length_2922_cov_2.167800	1	2922	393	2922	100	17.4507	35.4	57.1
P4_54_NODE_721_length_2918_cov_6.520197	1	2918	1096	2918	100	50.6981	36	57
P4_54_NODE_722_length_2912_cov_1.814363	1	2912	332	2912	100	14.2668	35.7	54.1
P4_54_NODE_723_length_2909_cov_0.826743	1	2909	180	2907	99.9312	7.49914	35.4	55.8
P4_54_NODE_724_length_2903_cov_1.148055	1	2903	518	2896	99.7589	13.949	30.6	26.4
P4_54_NODE_725_length_2901_cov_0.782624	1	2901	197	2901	100	8.09997	34.9	57.5
P4_54_NODE_726_length_2893_cov_0.919378	1	2893	209	2893	100	8.79917	36	50.7
P4_54_NODE_727_length_2888_cov_1.831945	1	2888	324	2888	100	14.2864	35.5	54.7
P4_54_NODE_728_length_2884_cov_0.648168	1	2884	118	2884	100	5.543	36.1	57.6
P4_54_NODE_729_length_2869_cov_3.114880	1	2869	515	2852	99.4075	23.7295	35.7	56.8
P4_54_NODE_730_length_2856_cov_0.977281	1	2856	191	2856	100	7.94608	35.5	55.9
P4_54_NODE_731_length_2850_cov_0.860448	1	2850	159	2850	100	6.90526	35.3	52.6
P4_54_NODE_732_length_2849_cov_0.632623	1	2849	113	2849	100	5.16462	35.6	58.5
P4_54_NODE_733_length_2844_cov_1.483254	1	2844	260	2844	100	12.0394	35.5	58.7
P4_54_NODE_734_length_2842_cov_3.007735	1	2842	541	2842	100	24.1678	35.2	55.7
P4_54_NODE_735_length_2842_cov_0.986740	1	2842	158	2842	100	7.28994	35.8	58.8
P4_54_NODE_736_length_2842_cov_0.697238	1	2842	139	2842	100	6.10521	35.2	53.9
P4_54_NODE_737_length_2841_cov_0.903464	1	2841	141	2832	99.6832	6.75009	35.7	59.1
P4_54_NODE_738_length_2832_cov_1.032163	1	2832	148	2832	100	7.32698	35.8	58.8
P4_54_NODE_739_length_2831_cov_0.905325	1	2831	188	2831	100	7.91028	35.3	54
P4_54_NODE_740_length_2826_cov_1.865135	1	2826	317	2826	100	14.742	35.5	56
P4_54_NODE_741_length_2821_cov_6.509159	1	2821	1194	2821	100	54.4194	35.6	59
P4_54_NODE_742_length_2815_cov_1.649554	1	2815	254	2815	100	12.6302	36.4	58.7
P4_54_NODE_743_length_2815_cov_0.629836	1	2815	95	2815	100	4.67176	36	58.3
P4_54_NODE_744_length_2809_cov_0.900447	1	2809	236	2809	100	9.0445	34.9	47.8
P4_54_NODE_745_length_2808_cov_2.674375	1	2808	468	2808	100	20.7094	35.1	53.8
P4_54_NODE_746_length_2806_cov_1.033968	1	2806	164	2806	100	7.75802	35.4	57.8
P4_54_NODE_747_length_2805_cov_1.454817	1	2805	297	2805	100	12.6991	35.5	53
P4_54_NODE_748_length_2797_cov_50.970037	1	2797	9539	2797	100	444.561	35.9	57.9
P4_54_NODE_749_length_2792_cov_1.093433	1	2792	217	2792	100	9.11819	35.1	51.3
P4_54_NODE_750_length_2788_cov_0.984216	1	2788	151	2788	100	7.0825	36.1	58.2
P4_54_NODE_751_length_2785_cov_1.106095	1	2785	212	2785	100	9.39174	35.6	54.4
P4_54_NODE_752_length_2780_cov_23.650843	1	2780	3932	2780	100	189.707	35.7	59.7
P4_54_NODE_753_length_2776_cov_0.979992	1	2776	143	2776	100	7.0969	35.9	58.4
P4_54_NODE_754_length_2767_cov_6.943182	1	2767	1060	2767	100	53.0014	35.5	59.4
P4_54_NODE_755_length_2767_cov_0.790152	1	2767	146	2767	100	6.68377	36.1	57.7
P4_54_NODE_756_length_2762_cov_0.932448	1	2762	196	2762	100	8.21832	35.5	55.7
P4_54_NODE_757_length_2760_cov_1.849981	1	2760	314	2760	100	14.4507	35.7	55.4
P4_54_NODE_758_length_2760_cov_0.927079	1	2760	145	2760	100	6.99058	35.7	57.5
P4_54_NODE_759_length_2756_cov_2980.642450	1	2756	508114	2756	100	25086.5	35.7	57.3
P4_54_NODE_760_length_2751_cov_1.040396	1	2751	160	2751	100	7.76881	35.7	56
P4_54_NODE_761_length_2748_cov_4.188478	1	2748	1332	2748	100	47.889	32.8	30
P4_54_NODE_762_length_2748_cov_0.953453	1	2748	198	2748	100	8.60335	34.9	52.8
P4_54_NODE_763_length_2748_cov_0.884014	1	2748	126	2748	100	6.35116	35.4	58.2
P4_54_NODE_764_length_2738_cov_0.941402	1	2738	191	2738	100	8.65997	34.9	56.5
P4_54_NODE_765_length_2731_cov_0.822197	1	2731	150	2731	100	7.27755	36	56.3
P4_54_NODE_766_length_2725_cov_0.800231	1	2725	112	2725	100	5.52073	36.1	58.1
P4_54_NODE_767_length_2720_cov_0.884304	1	2720	238	2686	98.75	10.7007	35.4	53.6
P4_54_NODE_768_length_2715_cov_1.019706	1	2715	154	2715	100	7.64825	35.7	59.6
P4_54_NODE_769_length_2712_cov_1.351257	1	2712	245	2712	100	11.7246	35.7	57.5
P4_54_NODE_770_length_2711_cov_2.278251	1	2711	482	2711	100	21.1169	35.4	54.6
P4_54_NODE_771_length_2705_cov_1.696664	1	2705	384	2705	100	18.3745	35.6	50.8
P4_54_NODE_772_length_2685_cov_10.147381	1	2685	1624	2685	100	81.0123	35.4	59
P4_54_NODE_773_length_2681_cov_0.909554	1	2681	142	2681	100	7.17792	35.7	56.7
P4_54_NODE_774_length_2675_cov_0.888932	1	2675	138	2675	100	6.91963	36	59.3
P4_54_NODE_775_length_2674_cov_0.861798	1	2674	198	2674	100	8.54974	35.8	51.7
P4_54_NODE_776_length_2669_cov_2.067663	1	2669	406	2669	100	19.0109	34.5	54.2
P4_54_NODE_777_length_2665_cov_42.460993	1	2665	11040	2665	100	573.546	36	43.9
P4_54_NODE_778_length_2665_cov_0.846730	1	2665	183	2665	100	7.34822	35.4	48.5
P4_54_NODE_779_length_2658_cov_1.489530	1	2658	251	2634	99.0971	11.7882	35.5	55.4
P4_54_NODE_780_length_2654_cov_0.793035	1	2654	131	2646	99.6986	6.52826	35.7	58.6
P4_54_NODE_781_length_2650_cov_1.060246	1	2650	174	2650	100	8.45887	35.5	55.6
P4_54_NODE_782_length_2650_cov_0.571542	1	2650	136	2650	100	5.81019	34.9	53.2
P4_54_NODE_783_length_2644_cov_0.905840	1	2644	169	2644	100	7.99017	35.4	55.2
P4_54_NODE_784_length_2638_cov_16.361302	1	2638	2449	2638	100	125.176	36.1	59.9
P4_54_NODE_785_length_2638_cov_4.151899	1	2638	646	2638	100	33.4822	35.9	60
P4_54_NODE_786_length_2636_cov_0.854922	1	2636	186	2636	100	8.22003	35.4	51.5
P4_54_NODE_787_length_2633_cov_297.159617	1	2633	47196	2633	100	2398.06	36.1	58.4
P4_54_NODE_788_length_2631_cov_0.589058	1	2631	83	2631	100	4.30407	35.6	55.2
P4_54_NODE_789_length_2626_cov_0.681473	1	2626	193	2626	100	7.1508	34.6	43
P4_54_NODE_790_length_2623_cov_0.759615	1	2623	108	2623	100	5.57415	35.8	56.4
P4_54_NODE_791_length_2612_cov_0.704628	1	2612	134	2612	100	6.5111	34.8	53.8
P4_54_NODE_792_length_2610_cov_1.054370	1	2610	176	2610	100	8.66207	35.5	56.1
P4_54_NODE_793_length_2607_cov_1.367742	1	2607	245	2607	100	12.4396	35.3	58.9
P4_54_NODE_794_length_2607_cov_1.022984	1	2607	172	2607	100	8.17415	35.8	55.8
P4_54_NODE_795_length_2602_cov_0.862626	1	2602	1145851	2602	100	13585.8	36.3	22.2
P4_54_NODE_796_length_2593_cov_1.736821	1	2593	968	2593	100	32.2781	29.3	20.2
P4_54_NODE_797_length_2590_cov_1.093788	1	2590	172	2590	100	8.24247	35.6	55
P4_54_NODE_798_length_2585_cov_1.945077	1	2585	258	2585	100	13.7729	36	58
P4_54_NODE_799_length_2583_cov_1.081840	1	2583	143	2583	100	7.75494	36.2	60
P4_54_NODE_800_length_2580_cov_1.059519	1	2580	171	2580	100	8.67674	35.8	57.5
P4_54_NODE_801_length_2580_cov_1.051366	1	2580	190	2580	100	8.75698	35.8	52.8
P4_54_NODE_802_length_2577_cov_1.114694	1	2577	256	2577	100	10.8033	35	50.9
P4_54_NODE_803_length_2571_cov_0.995090	1	2571	216	2571	100	8.78763	33.8	43.9
P4_54_NODE_804_length_2568_cov_1.854917	1	2568	328	2568	100	16.3481	35.8	59.4
P4_54_NODE_805_length_2558_cov_0.888935	1	2558	121	2558	100	6.61102	35.4	59.3
P4_54_NODE_806_length_2556_cov_0.619185	1	2556	191	2556	100	6.82825	34.1	45.5
P4_54_NODE_807_length_2551_cov_1.042904	1	2551	284	2551	100	11.2274	34.6	46.9
P4_54_NODE_808_length_2546_cov_0.912360	1	2546	130	2546	100	6.97015	35.8	57.4
P4_54_NODE_809_length_2544_cov_0.978486	1	2544	2762	2544	100	50.8097	30.7	17.4
P4_54_NODE_810_length_2536_cov_0.830220	1	2536	127	2536	100	6.53233	36.1	57.9
P4_54_NODE_811_length_2535_cov_1.689784	1	2535	274	2535	100	13.9112	35.6	57.4
P4_54_NODE_812_length_2535_cov_1.335963	1	2535	268	2535	100	12.7878	35.3	47.5
P4_54_NODE_813_length_2534_cov_41.559202	1	2534	5888	2534	100	324.077	35.8	58.2
P4_54_NODE_814_length_2533_cov_0.985869	1	2533	136	2533	100	7.3636	35.7	59.7
P4_54_NODE_815_length_2530_cov_0.390345	1	2530	80	2530	100	3.9332	34.6	54.6
P4_54_NODE_816_length_2519_cov_2.840301	1	2519	541	2509	99.603	27.1925	35.2	55.9
P4_54_NODE_817_length_2511_cov_1.537752	1	2511	266	2511	100	13.0335	35.1	55.8
P4_54_NODE_818_length_2509_cov_0.679681	1	2509	132	2509	100	6.79912	34.7	52.7
P4_54_NODE_819_length_2504_cov_0.673538	1	2504	142	2504	100	6.14058	35.2	48.4
P4_54_NODE_820_length_2501_cov_1.422072	1	2501	262	2501	100	12.074	35.5	52.4
P4_54_NODE_821_length_2495_cov_1.072635	1	2495	193	2495	100	9.42004	35.8	51.8
P4_54_NODE_822_length_2495_cov_0.705659	1	2495	107	2495	100	5.59439	35.5	54.9
P4_54_NODE_823_length_2493_cov_0.729501	1	2493	133	2493	100	6.08905	34.6	42.8
P4_54_NODE_824_length_2483_cov_1.330221	1	2483	213	2483	100	10.7112	35.4	56.5
P4_54_NODE_825_length_2468_cov_1.000000	1	2468	301	2468	100	11.3501	34	41.9
P4_54_NODE_826_length_2466_cov_0.900385	1	2466	115	2466	100	6.32238	35.5	56.9
P4_54_NODE_827_length_2463_cov_2.182791	1	2463	375	2463	100	19.2038	35.1	56.1
P4_54_NODE_828_length_2457_cov_0.885408	1	2457	134	2457	100	7.11193	35.6	56.6
P4_54_NODE_829_length_2455_cov_0.723368	1	2455	124	2455	100	6.59674	35.5	56.7
P4_54_NODE_830_length_2450_cov_1.335773	1	2450	235	2450	100	11.4396	35.4	53.6
P4_54_NODE_831_length_2448_cov_26.447221	1	2448	4007	2448	100	215.17	36	58.3
P4_54_NODE_832_length_2446_cov_0.764122	1	2446	122	2446	100	6.05315	35.7	53
P4_54_NODE_833_length_2446_cov_0.728331	1	2446	136	2446	100	6.64227	35.6	54.3
P4_54_NODE_834_length_2442_cov_1.118359	1	2442	405	2442	100	12.9529	30.7	27.8
P4_54_NODE_835_length_2432_cov_0.878091	1	2432	118	2400	98.6842	6.27344	35	56.2
P4_54_NODE_836_length_2431_cov_0.777778	1	2431	119	2431	100	5.90045	35.9	53
P4_54_NODE_837_length_2411_cov_0.705779	1	2411	122	2411	100	6.15844	35.6	53.3
P4_54_NODE_838_length_2411_cov_0.672942	1	2411	94	2411	100	5.44007	35.9	58.9
P4_54_NODE_839_length_2408_cov_5.276633	1	2408	733	2408	100	41.2143	35.8	59.4
P4_54_NODE_840_length_2408_cov_0.671197	1	2408	194	2408	100	8.99543	35.9	55.9
P4_54_NODE_841_length_2405_cov_1.046093	1	2405	124	2405	100	7.27318	35.7	59.7
P4_54_NODE_842_length_2403_cov_1.394112	1	2403	239	2403	100	11.757	35.9	57.1
P4_54_NODE_843_length_2400_cov_1.284206	1	2400	226	2400	100	10.4612	34.8	50.3
P4_54_NODE_844_length_2399_cov_12.768013	1	2399	1849	2399	100	102.14	35.6	59.7
P4_54_NODE_845_length_2399_cov_1.226673	1	2399	214	2399	100	11.0517	35.9	58.5
P4_54_NODE_846_length_2398_cov_0.700132	1	2398	108	2398	100	6.20183	36.3	60
P4_54_NODE_847_length_2397_cov_1.269604	1	2397	172	2397	100	9.66458	36	58.6
P4_54_NODE_848_length_2394_cov_0.976180	1	2394	145	2394	100	7.56767	35.7	54.5
P4_54_NODE_849_length_2389_cov_73.872417	1	2389	10377	2389	100	586.119	35.8	59.9
P4_54_NODE_850_length_2385_cov_1.546058	1	2385	197	2385	100	11.3354	35.7	59.7
P4_54_NODE_851_length_2385_cov_1.035872	1	2385	126	2385	100	7.39161	35.8	60
P4_54_NODE_852_length_2377_cov_9.784000	1	2377	1367	2377	100	76.7779	35.9	59
P4_54_NODE_853_length_2376_cov_0.744775	1	2376	89	2376	100	5.18224	35.2	58.7
P4_54_NODE_854_length_2374_cov_0.854028	1	2374	126	2374	100	6.72157	35.6	55.8
P4_54_NODE_855_length_2373_cov_0.547195	1	2373	94	2373	100	5.06995	35.5	58.3
P4_54_NODE_856_length_2371_cov_1.094920	1	2371	154	2371	100	8.68452	35.7	57.6
P4_54_NODE_857_length_2368_cov_0.608657	1	2368	84	2368	100	4.33235	35.7	52.6
P4_54_NODE_858_length_2363_cov_0.872987	1	2363	794	2363	100	23.2086	24.8	13.1
P4_54_NODE_859_length_2360_cov_0.849530	1	2360	149	2360	100	7.97542	34.6	56.6
P4_54_NODE_860_length_2359_cov_0.765233	1	2359	85	2359	100	5.1276	36.2	58.3
P4_54_NODE_861_length_2354_cov_0.985631	1	2354	163	2354	100	8.14953	35.3	54.2
P4_54_NODE_862_length_2351_cov_0.620054	1	2351	141	2351	100	6.3088	35.3	50.6
P4_54_NODE_863_length_2349_cov_2.060306	1	2349	332	2341	99.6594	18.0937	35.1	57.5
P4_54_NODE_864_length_2348_cov_1.306619	1	2348	172	2348	100	10.0647	35.4	59.1
P4_54_NODE_865_length_2344_cov_1.061344	1	2344	152	2344	100	8.07338	35.7	53.9
P4_54_NODE_866_length_2334_cov_0.693249	1	2334	89	2334	100	5.22536	35.7	57.6
P4_54_NODE_867_length_2329_cov_2.999092	1	2329	580	2329	100	27.5754	34.4	49.7
P4_54_NODE_868_length_2329_cov_0.808356	1	2329	134	2329	100	7.16359	35	53.2
P4_54_NODE_869_length_2328_cov_1.443889	1	2328	195	2328	100	11.3991	35.4	57.4
P4_54_NODE_870_length_2328_cov_0.654702	1	2328	118	2328	100	5.73325	35.9	53.4
P4_54_NODE_871_length_2326_cov_0.860846	1	2326	144	2326	100	7.6509	35.3	54.7
P4_54_NODE_872_length_2324_cov_0.539827	1	2324	94	2324	100	4.61145	35.6	54.6
P4_54_NODE_873_length_2323_cov_0.804189	1	2323	133	2323	100	6.55833	35.3	51.8
P4_54_NODE_874_length_2319_cov_1.545620	1	2319	192	2319	100	11.2484	35.6	58.6
P4_54_NODE_875_length_2319_cov_1.058850	1	2319	167	2319	100	8.88831	35.5	53.4
P4_54_NODE_876_length_2317_cov_0.976712	1	2317	169	2317	100	8.82995	35.7	54.2
P4_54_NODE_877_length_2313_cov_22.416393	1	2313	2983	2313	100	173.948	35.6	59.6
P4_54_NODE_878_length_2312_cov_0.673684	1	2312	244	2312	100	8.62154	34.3	42.6
P4_54_NODE_879_length_2310_cov_0.783326	1	2310	104	2310	100	6.0368	36.1	59.6
P4_54_NODE_880_length_2308_cov_0.764328	1	2308	87	2308	100	5.35182	35.9	59
P4_54_NODE_881_length_2307_cov_0.814220	1	2307	96	2307	100	5.84872	35.6	59.7
P4_54_NODE_882_length_2302_cov_0.903908	1	2302	150	2302	100	8.27368	35.6	58
P4_54_NODE_883_length_2302_cov_0.852414	1	2302	127	2302	100	6.70417	35.6	53.9
P4_54_NODE_884_length_2300_cov_1.382421	1	2300	172	2300	100	10.3057	35.7	59.3
P4_54_NODE_885_length_2298_cov_0.988945	1	2298	143	2286	99.4778	7.59051	35.7	52.9
P4_54_NODE_886_length_2291_cov_1.592884	1	2291	372	2291	100	21.4605	35.7	49.2
P4_54_NODE_887_length_2286_cov_11826.430755	1	2286	1628524	2286	100	97630.2	35.5	59.8
P4_54_NODE_888_length_2284_cov_1.152990	1	2284	144	2284	100	8.40324	35.4	57.4
P4_54_NODE_889_length_2281_cov_0.820334	1	2281	148	2278	99.8685	7.94871	35.7	51.4
P4_54_NODE_890_length_2278_cov_0.940493	1	2278	181	2278	100	8.94162	34.1	52.1
P4_54_NODE_891_length_2277_cov_0.974419	1	2277	122	2277	100	7.23101	35.9	59.4
P4_54_NODE_892_length_2277_cov_0.428372	1	2277	64	2277	100	3.491	35.3	52.3
P4_54_NODE_893_length_2274_cov_0.986027	1	2274	114	2274	100	7.04881	36	60
P4_54_NODE_894_length_2266_cov_1.249649	1	2266	231	2266	100	11.267	34.4	47.4
P4_54_NODE_895_length_2264_cov_1.220402	1	2264	245	2264	100	10.4563	34.9	35.2
P4_54_NODE_896_length_2264_cov_0.892372	1	2264	161	2264	100	8.11131	33.9	50
P4_54_NODE_897_length_2263_cov_0.798221	1	2263	123	2238	98.8953	6.58462	35.8	52.5
P4_54_NODE_898_length_2263_cov_0.664794	1	2263	151	2262	99.9558	6.71012	34.5	45.5
P4_54_NODE_899_length_2260_cov_1.427567	1	2260	189	2260	100	11.4487	35.5	55.7
P4_54_NODE_900_length_2259_cov_0.763602	1	2259	148	2259	100	7.44931	35.2	52.4
P4_54_NODE_901_length_2256_cov_0.587130	1	2256	153	2251	99.7784	6.9047	34.7	50.4
P4_54_NODE_902_length_2255_cov_0.778195	1	2255	106	2255	100	6.28736	35.7	57.7
P4_54_NODE_903_length_2251_cov_0.771657	1	2251	105	2251	100	6.14127	36	56.6
P4_54_NODE_904_length_2248_cov_0.657237	1	2248	96	2248	100	5.34431	35.1	52.9
P4_54_NODE_905_length_2238_cov_1.939839	1	2238	269	2238	100	15.1667	35.8	56.9
P4_54_NODE_906_length_2236_cov_0.901375	1	2236	109	2236	100	6.72585	35.9	59.5
P4_54_NODE_907_length_2223_cov_13.239149	1	2223	1783	2223	100	105.484	35.8	59.7
P4_54_NODE_908_length_2212_cov_0.932374	1	2212	139	2212	100	7.89783	35.9	57.3
P4_54_NODE_909_length_2204_cov_0.995185	1	2204	150	2204	100	8.31216	35.8	55.6
P4_54_NODE_910_length_2199_cov_0.666023	1	2199	114	2197	99.909	6.51933	34.1	55.7
P4_54_NODE_911_length_2198_cov_2.383873	1	2198	430	2198	100	23.5983	34.8	52.4
P4_54_NODE_912_length_2198_cov_1.113472	1	2198	125	2198	100	7.79117	35.9	58.3
P4_54_NODE_913_length_2197_cov_0.966184	1	2197	154	2195	99.909	8.05007	35.9	51.3
P4_54_NODE_914_length_2194_cov_0.528786	1	2194	79	2185	99.5898	4.29626	35.8	55.4
P4_54_NODE_915_length_2193_cov_0.666505	1	2193	79	2184	99.5896	5.0953	35.8	58.6
P4_54_NODE_916_length_2192_cov_2.287167	1	2192	264	2192	100	16.6136	36	58.9
P4_54_NODE_917_length_2192_cov_1.077966	1	2192	122	2192	100	7.72993	35.9	58
P4_54_NODE_918_length_2192_cov_0.723971	1	2192	90	2192	100	5.30429	36	55.2
P4_54_NODE_919_length_2185_cov_1.692906	1	2185	213	2185	100	13.0165	35.8	59.9
P4_54_NODE_920_length_2181_cov_1.239046	1	2181	222	2181	100	13.3145	35.6	49.6
P4_54_NODE_921_length_2177_cov_1.382439	1	2177	171	2177	100	10.6628	36.1	58.8
P4_54_NODE_922_length_2177_cov_1.202439	1	2177	172	2177	100	8.75011	35.8	47.8
P4_54_NODE_923_length_2172_cov_1.244988	1	2172	147	2172	100	9.37799	36.2	55.4
P4_54_NODE_924_length_2168_cov_0.940715	1	2168	131	2168	100	7.61808	35.7	56.1
P4_54_NODE_925_length_2167_cov_0.564706	1	2167	86	2167	100	5.18643	36.4	59.8
P4_54_NODE_926_length_2164_cov_2.187531	1	2164	429	2164	100	22.5601	34.3	55.4
P4_54_NODE_927_length_2161_cov_1.337266	1	2161	185	2155	99.7224	11.0102	36	59
P4_54_NODE_928_length_2153_cov_9.114035	1	2153	1100	2153	100	68.725	35.8	59.9
P4_54_NODE_929_length_2152_cov_20.817903	1	2152	2669	2152	100	166.589	35.7	59.4
P4_54_NODE_930_length_2151_cov_0.850296	1	2151	158	2151	100	8.56578	35.3	53.7
P4_54_NODE_931_length_2142_cov_0.657568	1	2142	798	2142	100	21.6443	29	6.83
P4_54_NODE_932_length_2140_cov_0.689518	1	2140	88	2133	99.6729	5.47757	35.3	57.4
P4_54_NODE_933_length_2136_cov_0.849676	1	2136	101	2136	100	6.17603	35.9	57.6
P4_54_NODE_934_length_2131_cov_1.007485	1	2131	134	2131	100	7.52417	35.1	50.4
P4_54_NODE_935_length_2131_cov_0.403194	1	2131	85	2131	100	4.50258	35.4	56.2
P4_54_NODE_936_length_2127_cov_3.285000	1	2127	2210	2124	99.859	82.1603	26.1	15.2
P4_54_NODE_937_length_2126_cov_1.251664	1	2126	163	2126	100	9.74882	35.7	58.9
P4_54_NODE_938_length_2107_cov_0.573232	1	2107	58	2107	100	3.92738	36.4	59.5
P4_54_NODE_939_length_2099_cov_0.996957	1	2099	119	2099	100	7.74464	36.1	58.7
P4_54_NODE_940_length_2098_cov_0.965500	1	2098	117	2098	100	7.32936	35.7	57.9
P4_54_NODE_941_length_2096_cov_1.517014	1	2096	196	2096	100	11.916	35.8	57.6
P4_54_NODE_942_length_2086_cov_0.953037	1	2086	123	2086	100	7.47124	35.8	55.3
P4_54_NODE_943_length_2084_cov_0.726111	1	2084	132	2084	100	7.1334	33.8	48.5
P4_54_NODE_944_length_2075_cov_0.668891	1	2075	110	2075	100	5.59325	35	47.7
P4_54_NODE_945_length_2070_cov_1.055069	1	2070	161	2070	100	10.471	35.8	55.8
P4_54_NODE_946_length_2065_cov_0.600619	1	2065	74	2065	100	4.6862	36	55.9
P4_54_NODE_947_length_2064_cov_0.892617	1	2064	118	2064	100	6.89293	36	54.4
P4_54_NODE_948_length_2063_cov_0.985537	1	2063	102	2063	100	6.85991	35.9	59.5
P4_54_NODE_949_length_2063_cov_0.622417	1	2063	86	2063	100	5.19535	35.8	56.6
P4_54_NODE_950_length_2062_cov_0.610336	1	2062	115	2062	100	5.87294	35.2	48.3
P4_54_NODE_951_length_2056_cov_2.038362	1	2056	223	2056	100	14.6265	35.8	58.7
P4_54_NODE_952_length_2055_cov_1.042012	1	2055	108	2055	100	7.24818	35.8	58.1
P4_54_NODE_953_length_2055_cov_0.928942	1	2055	127	2055	100	7.94745	35.5	57.6
P4_54_NODE_954_length_2052_cov_0.593247	1	2052	88	2052	100	4.80263	35.7	54.5
P4_54_NODE_955_length_2050_cov_0.678627	1	2050	93	2050	100	5.59073	36	54.6
P4_54_NODE_956_length_2048_cov_0.951588	1	2048	194	2048	100	9.15674	33.2	41.9
P4_54_NODE_957_length_2048_cov_0.757418	1	2048	130	2048	100	6.49609	34.8	46.7
P4_54_NODE_958_length_2046_cov_0.734237	1	2046	94	2046	100	5.86852	35.5	56.3
P4_54_NODE_959_length_2045_cov_1.130344	1	2045	146	2045	100	8.72078	35.8	55.8
P4_54_NODE_960_length_2045_cov_0.743483	1	2045	83	2045	100	5.47873	35.8	57.1
P4_54_NODE_961_length_2042_cov_0.876240	1	2042	117	2042	100	6.73898	35.8	52.1
P4_54_NODE_962_length_2042_cov_0.717493	1	2042	94	2042	100	5.57199	35.4	53.2
P4_54_NODE_963_length_2042_cov_0.591123	1	2042	85	2042	100	5.63516	35.7	59.9
P4_54_NODE_964_length_2041_cov_0.671369	1	2041	94	2041	100	5.62861	35.3	55.8
P4_54_NODE_965_length_2040_cov_0.734449	1	2040	102	2040	100	5.50735	35.5	51.9
P4_54_NODE_966_length_2039_cov_1.265167	1	2039	402	2039	100	16.4399	31.2	22.9
P4_54_NODE_967_length_2039_cov_0.814854	1	2039	96	2039	100	6.1231	35.8	56.6
P4_54_NODE_968_length_2037_cov_0.935602	1	2037	105	2037	100	6.94256	35.5	57.9
P4_54_NODE_969_length_2034_cov_0.792868	1	2034	79	2034	100	5.56441	36.2	59.7
P4_54_NODE_970_length_2033_cov_0.546170	1	2033	69	2033	100	4.61387	35.9	59.5
P4_54_NODE_971_length_2030_cov_0.525486	1	2030	99	2030	100	5.42562	35.6	47.8
P4_54_NODE_972_length_2020_cov_2.182250	1	2020	239	2020	100	15.3421	35.9	54.8
P4_54_NODE_973_length_2018_cov_1.217345	1	2018	175	2018	100	10.8583	35.4	54.5
P4_54_NODE_974_length_2016_cov_1.195341	1	2016	143	2016	100	9.64931	35.4	59.8
P4_54_NODE_975_length_2015_cov_0.984110	1	2015	200	2015	100	11.2318	34.8	52.6
P4_54_NODE_976_length_2014_cov_0.696343	1	2014	92	2014	100	5.51291	35.7	52.2
P4_54_NODE_977_length_2012_cov_1.311936	1	2012	139	2012	100	9.75099	36.1	58.5
P4_54_NODE_978_length_2011_cov_0.792994	1	2011	97	2010	99.9503	6.45848	36.1	58.4
P4_54_NODE_979_length_2010_cov_0.733404	1	2010	140	2010	100	9.01891	36.1	55.6
P4_54_NODE_980_length_2008_cov_0.808612	1	2008	96	2008	100	5.87849	35.9	57.8
P4_54_NODE_981_length_2008_cov_0.743753	1	2008	119	2008	100	6.51494	35.7	56.5
P4_54_NODE_982_length_2003_cov_0.818763	1	2003	106	2003	100	6.42686	36.1	54.4
P4_54_NODE_983_length_2001_cov_0.508538	1	2001	66	2001	100	4.22639	35.4	56.7
P4_54_NODE_984_length_2000_cov_1.963695	1	2000	391	2000	100	21.3165	34.8	54.6
P4_54_NODE_985_length_1999_cov_0.880342	1	1999	101	1999	100	6.98649	35.7	60
P4_54_NODE_986_length_1999_cov_0.678419	1	1999	74	1999	100	5.24012	36.4	60
P4_54_NODE_987_length_1995_cov_1.009636	1	1995	116	1995	100	7.31228	35.6	54.5
P4_54_NODE_988_length_1989_cov_1.334586	1	1989	185	1989	100	11.4932	35.5	58.9
P4_54_NODE_989_length_1989_cov_0.803437	1	1989	93	1989	100	5.88487	36	55.3
P4_54_NODE_990_length_1989_cov_0.761547	1	1989	1053	1989	100	28.6647	28.2	5.63
P4_54_NODE_991_length_1985_cov_1.106566	1	1985	107	1985	100	7.53451	35.8	59.9
P4_54_NODE_992_length_1982_cov_0.657682	1	1982	78	1982	100	5.4551	35.7	59.5
P4_54_NODE_993_length_1979_cov_0.559395	1	1979	52	1969	99.4947	3.77665	35.3	60
P4_54_NODE_994_length_1976_cov_1.100054	1	1976	213	1975	99.9494	10.583	33.9	42.5
P4_54_NODE_995_length_1974_cov_0.809421	1	1974	93	1974	100	6.02533	35.4	55.5
P4_54_NODE_996_length_1972_cov_0.607588	1	1972	97	1972	100	5.52992	35.1	51
P4_54_NODE_997_length_1972_cov_0.454743	1	1972	71	1972	100	4.58316	34.9	58.3
P4_54_NODE_998_length_1971_cov_1.349783	1	1971	144	1971	100	9.65601	35.9	57.5
P4_54_NODE_999_length_1969_cov_1.138979	1	1969	152	1969	100	9.58456	35.5	59
P4_54_NODE_1000_length_1969_cov_0.878936	1	1969	143	1969	100	8.05841	34.6	48.6
P4_54_NODE_1001_length_1969_cov_0.849077	1	1969	113	1969	100	7.03758	35.4	55
P4_54_NODE_1002_length_1968_cov_97.092884	1	1968	11536	1968	100	789.78	35.5	57.8
P4_54_NODE_1003_length_1966_cov_0.362153	1	1966	56	1966	100	2.86979	35.5	43.9
P4_54_NODE_1004_length_1965_cov_1.503264	1	1965	158	1965	100	11.0392	35.6	59.6
P4_54_NODE_1005_length_1964_cov_0.886228	1	1964	94	1964	100	6.40631	36.2	58.4
P4_54_NODE_1006_length_1958_cov_0.981431	1	1958	104	1958	100	7.14147	35.6	57.3
P4_54_NODE_1007_length_1958_cov_0.619334	1	1958	76	1958	100	4.85087	36	56.8
P4_54_NODE_1008_length_1957_cov_3.378689	1	1957	672	1957	100	32.4742	33.7	38.1
P4_54_NODE_1009_length_1957_cov_0.753552	1	1957	111	1957	100	6.59377	35.7	52.6
P4_54_NODE_1010_length_1955_cov_0.723195	1	1955	86	1955	100	5.85575	35.7	56.2
P4_54_NODE_1011_length_1953_cov_1.035597	1	1953	156	1953	100	9.11009	34.5	50
P4_54_NODE_1012_length_1952_cov_0.754521	1	1952	99	1952	100	6.11885	35.2	51.2
P4_54_NODE_1013_length_1952_cov_0.598904	1	1952	69	1952	100	4.69518	35.4	59.1
P4_54_NODE_1014_length_1947_cov_1.198352	1	1947	170	1947	100	10.7653	35.2	57.1
P4_54_NODE_1015_length_1945_cov_8.510451	1	1945	1094	1934	99.4344	74.562	36.1	58.2
P4_54_NODE_1016_length_1941_cov_1.406836	1	1941	154	1941	100	10.4992	35.9	59
P4_54_NODE_1017_length_1941_cov_0.918964	1	1941	90	1941	100	6.42658	36	57.3
P4_54_NODE_1018_length_1937_cov_1.371271	1	1937	156	1937	100	10.7734	35.1	56.1
P4_54_NODE_1019_length_1935_cov_6.204093	1	1935	1001	1935	100	65.5194	34.7	52.1
P4_54_NODE_1020_length_1935_cov_0.558628	1	1935	70	1935	100	4.11525	36	51.3
P4_54_NODE_1021_length_1933_cov_1.547065	1	1933	154	1933	100	11.1454	36	58.4
P4_54_NODE_1022_length_1930_cov_0.708819	1	1930	98	1930	100	5.89482	36.2	54.7
P4_54_NODE_1023_length_1929_cov_0.876249	1	1929	124	1929	100	7.05184	35.2	50.5
P4_54_NODE_1024_length_1928_cov_0.819545	1	1928	110	1928	100	6.90716	35.7	54.3
P4_54_NODE_1025_length_1926_cov_0.856031	1	1926	112	1926	100	7.04673	35.5	50.9
P4_54_NODE_1026_length_1924_cov_0.982193	1	1924	148	1924	100	8.63306	35.2	50.2
P4_54_NODE_1027_length_1923_cov_2.388641	1	1923	285	1923	100	19.5221	35.5	59
P4_54_NODE_1028_length_1921_cov_16.681641	1	1921	1813	1921	100	127.979	36.1	59.8
P4_54_NODE_1029_length_1917_cov_0.648603	1	1917	78	1917	100	5.22587	35.8	58.3
P4_54_NODE_1030_length_1911_cov_0.919283	1	1911	100	1911	100	7.17739	35.5	54.6
P4_54_NODE_1031_length_1910_cov_1.417274	1	1910	159	1910	100	10.8325	35.2	55.1
P4_54_NODE_1032_length_1909_cov_0.657127	1	1909	80	1897	99.3714	5.05867	36	53.9
P4_54_NODE_1033_length_1907_cov_0.865169	1	1907	92	1907	100	6.38542	36.1	57.5
P4_54_NODE_1034_length_1904_cov_0.710748	1	1904	91	1904	100	5.62868	35.8	49.3
P4_54_NODE_1035_length_1903_cov_1.349099	1	1903	137	1903	100	9.82186	36	59.2
P4_54_NODE_1036_length_1899_cov_39.643905	1	1899	4617	1899	100	320.659	36.1	50.6
P4_54_NODE_1037_length_1899_cov_0.891648	1	1899	126	1899	100	7.33228	35.2	48
P4_54_NODE_1038_length_1896_cov_0.811193	1	1896	92	1885	99.4198	6.44989	36.1	60
P4_54_NODE_1039_length_1892_cov_0.470255	1	1892	104	1892	100	4.85201	35.1	40.9
P4_54_NODE_1040_length_1889_cov_1.960272	1	1889	313	1889	100	18.6713	35.3	51
P4_54_NODE_1041_length_1889_cov_0.591941	1	1889	61	1889	100	4.3838	36.1	58
P4_54_NODE_1042_length_1888_cov_0.961386	1	1888	301	1888	100	13.589	30.5	24
P4_54_NODE_1043_length_1887_cov_0.682955	1	1887	80	1877	99.4701	5.25596	35.6	57
P4_54_NODE_1044_length_1887_cov_0.635795	1	1887	62	1887	100	4.61155	35.8	60
P4_54_NODE_1045_length_1886_cov_2.639568	1	1886	318	1886	100	21.6098	35.7	56.1
P4_54_NODE_1046_length_1885_cov_1.155290	1	1885	131	1885	100	9.32732	35.5	57.6
P4_54_NODE_1047_length_1884_cov_11.960219	1	1884	1388	1884	100	95.6338	35.7	59.6
P4_54_NODE_1048_length_1880_cov_9.082212	1	1880	1040	1880	100	71.4745	36.2	58.4
P4_54_NODE_1049_length_1880_cov_0.988021	1	1880	88	1880	100	6.80851	35.9	60
P4_54_NODE_1050_length_1878_cov_7.887781	1	1878	947	1878	100	63.3546	35.5	59.1
P4_54_NODE_1051_length_1875_cov_2.542334	1	1875	345	1875	100	21.2075	34.9	47.8
P4_54_NODE_1052_length_1875_cov_0.852403	1	1875	82	1864	99.4133	6.18453	35.9	60
P4_54_NODE_1053_length_1872_cov_0.750143	1	1872	116	1872	100	7.29861	34.8	53.4
P4_54_NODE_1054_length_1869_cov_1.919059	1	1869	424666	1869	100	16698.3	31.4	20.1
P4_54_NODE_1055_length_1868_cov_0.868466	1	1868	89	1868	100	6.12794	35.8	56.3
P4_54_NODE_1056_length_1868_cov_0.670879	1	1868	76	1868	100	5.197	36.1	59.1
P4_54_NODE_1057_length_1867_cov_0.852299	1	1867	98	1867	100	6.48581	35.4	52.9
P4_54_NODE_1058_length_1867_cov_0.827011	1	1867	74	1867	100	5.44563	36.2	56.5
P4_54_NODE_1059_length_1865_cov_122.199079	1	1865	12077	1865	100	901.965	35.7	57.6
P4_54_NODE_1060_length_1865_cov_1.040852	1	1865	244	1865	100	11.0306	32.1	30.7
P4_54_NODE_1061_length_1865_cov_1.033372	1	1865	160	1865	100	9.14424	35.2	51
P4_54_NODE_1062_length_1863_cov_4.432663	1	1863	476	1863	100	33.6575	35.9	58.9
P4_54_NODE_1063_length_1861_cov_0.925029	1	1861	80	1861	100	6.16711	35.9	59.5
P4_54_NODE_1064_length_1859_cov_0.828522	1	1859	156	1832	98.5476	8.83755	34.1	49.4
P4_54_NODE_1065_length_1858_cov_3.740612	1	1858	378	1753	94.3488	27.1728	35.8	57.7
P4_54_NODE_1066_length_1858_cov_0.872328	1	1858	90	1858	100	6.15339	36	55.9
P4_54_NODE_1067_length_1858_cov_0.708839	1	1858	69	1858	100	5.2831	35.8	60
P4_54_NODE_1068_length_1856_cov_134.102874	1	1856	15618	1856	100	1106.32	35.7	59.9
P4_54_NODE_1069_length_1856_cov_0.829960	1	1856	109	1856	100	7.007	35.4	54.6
P4_54_NODE_1070_length_1856_cov_0.578947	1	1856	69	1856	100	4.54526	35.5	52.3
P4_54_NODE_1071_length_1853_cov_0.735805	1	1853	77	1853	100	5.7674	35.6	59.6
P4_54_NODE_1072_length_1852_cov_0.713043	1	1852	78	1852	100	5.03186	35.5	50.1
P4_54_NODE_1073_length_1852_cov_0.358261	1	1852	47	1852	100	3.32127	35.4	57.7
P4_54_NODE_1074_length_1850_cov_0.896111	1	1850	102	1850	100	7.34324	35.2	55.9
P4_54_NODE_1075_length_1849_cov_0.886179	1	1849	86	1849	100	6.2212	35.7	58.1
P4_54_NODE_1076_length_1849_cov_0.626597	1	1849	61	1849	100	4.46187	35.8	57.4
P4_54_NODE_1077_length_1848_cov_0.722255	1	1848	83	1848	100	5.7224	36.3	58.6
P4_54_NODE_1078_length_1847_cov_0.827326	1	1847	99	1805	97.726	6.6405	36	55.1
P4_54_NODE_1079_length_1844_cov_1.153174	1	1844	364	1844	100	15.0499	28.8	22
P4_54_NODE_1080_length_1843_cov_1.951049	1	1843	387	1843	100	19.9696	34.1	30.7
P4_54_NODE_1081_length_1842_cov_0.981341	1	1842	93	1842	100	7.12106	35.7	59.1
P4_54_NODE_1082_length_1838_cov_0.914085	1	1838	90	1838	100	6.77421	36.4	60
P4_54_NODE_1083_length_1836_cov_1.255705	1	1836	129	1790	97.4946	9.11438	35.8	57.9
P4_54_NODE_1084_length_1836_cov_0.643066	1	1836	76	1836	100	5.48312	35.8	58.4
P4_54_NODE_1085_length_1831_cov_0.796948	1	1831	78	1831	100	5.84926	35.3	54.8
P4_54_NODE_1086_length_1830_cov_1.155021	1	1830	128	1830	100	8.77104	35.9	56.2
P4_54_NODE_1087_length_1830_cov_0.844979	1	1830	77	1830	100	5.87923	36.2	59.5
P4_54_NODE_1088_length_1829_cov_0.818449	1	1829	119	1828	99.9453	7.33625	35.4	50.3
P4_54_NODE_1089_length_1829_cov_0.742068	1	1829	104	1829	100	6.81793	35.2	56.8
P4_54_NODE_1090_length_1826_cov_0.987640	1	1826	113	1826	100	8.24699	35.3	58.5
P4_54_NODE_1091_length_1822_cov_0.794690	1	1822	103	1822	100	6.50439	35.6	54.9
P4_54_NODE_1092_length_1822_cov_0.640118	1	1822	88	1822	100	5.2404	35.2	49.5
P4_54_NODE_1093_length_1815_cov_0.997038	1	1815	134	1815	100	7.9978	35.2	48.9
P4_54_NODE_1094_length_1815_cov_0.866114	1	1815	91	1796	98.9532	6.68705	35.8	59.3
P4_54_NODE_1095_length_1815_cov_0.733412	1	1815	87	1815	100	5.81543	34.9	54.2
P4_54_NODE_1096_length_1814_cov_0.912863	1	1814	308	1814	100	11.7205	32.6	21.2
P4_54_NODE_1097_length_1814_cov_0.663308	1	1814	101	1814	100	6.54576	34.9	53.2
P4_54_NODE_1098_length_1810_cov_1.437908	1	1810	132	1810	100	10.321	35.8	57.8
P4_54_NODE_1099_length_1810_cov_0.455734	1	1810	70	1810	100	4.77017	35.7	49.6
P4_54_NODE_1100_length_1804_cov_1.107931	1	1804	129	1804	100	8.64745	35.7	50.6
P4_54_NODE_1101_length_1804_cov_0.842576	1	1804	80	1804	100	6.08093	35.8	58.1
P4_54_NODE_1102_length_1802_cov_1.145672	1	1802	340	1802	100	10.52	35.6	42.3
P4_54_NODE_1103_length_1798_cov_1.456613	1	1798	226	1798	100	13.7786	35	50.4
P4_54_NODE_1104_length_1793_cov_5.231771	1	1793	537	1793	100	39.6431	35.6	59.8
P4_54_NODE_1105_length_1793_cov_0.947779	1	1793	234	1793	100	11.0535	31.5	31.3
P4_54_NODE_1106_length_1789_cov_0.864019	1	1789	86	1788	99.9441	6.52208	35.9	57.5
P4_54_NODE_1107_length_1786_cov_1.476793	1	1786	143	1786	100	10.7368	35.9	59.1
P4_54_NODE_1108_length_1785_cov_0.766586	1	1785	74	1785	100	5.293	35.9	55
P4_54_NODE_1109_length_1785_cov_0.680338	1	1785	74	1785	100	5.4437	36.2	57.6
P4_54_NODE_1110_length_1779_cov_0.740920	1	1779	67	1779	100	5.24452	36.2	59.7
P4_54_NODE_1111_length_1778_cov_0.579649	1	1778	42	1778	100	3.53262	35.9	60
P4_54_NODE_1112_length_1776_cov_1.200728	1	1776	156	1775	99.9437	10.1346	35.5	53.2
P4_54_NODE_1113_length_1774_cov_105.700668	1	1774	14848	1774	100	1036.26	35.2	46.6
P4_54_NODE_1114_length_1771_cov_0.750000	1	1771	93	1771	100	6.32016	35.9	53.8
P4_54_NODE_1115_length_1770_cov_0.638466	1	1770	64	1768	99.887	4.75254	35.7	58.1
P4_54_NODE_1116_length_1769_cov_0.671133	1	1769	60	1769	100	4.68626	35.8	58.4
P4_54_NODE_1117_length_1765_cov_0.783883	1	1765	115	1765	100	7.27252	35.3	51.5
P4_54_NODE_1118_length_1765_cov_0.593407	1	1765	53	1765	100	4.32408	35.3	58.9
P4_54_NODE_1119_length_1763_cov_1.385086	1	1763	130	1763	100	9.82416	35.9	57.6
P4_54_NODE_1120_length_1760_cov_0.454378	1	1760	82	1760	100	4.32443	35.1	39.1
P4_54_NODE_1121_length_1759_cov_0.710784	1	1759	125	1759	100	7.23252	34.6	44.7
P4_54_NODE_1122_length_1759_cov_0.555147	1	1759	55	1759	100	4.13189	35.8	56.9
P4_54_NODE_1123_length_1759_cov_0.539216	1	1759	70	1759	100	5.35247	34.8	60
P4_54_NODE_1124_length_1756_cov_6.217925	1	1756	632	1756	100	47.5308	35.8	59.5
P4_54_NODE_1125_length_1754_cov_0.519975	1	1754	154	1754	100	6.93558	33.1	27.1
P4_54_NODE_1126_length_1752_cov_1.867692	1	1752	172	1752	100	13.4053	35.6	55.4
P4_54_NODE_1127_length_1752_cov_0.787692	1	1752	114	1752	100	7.39954	35	53.5
P4_54_NODE_1128_length_1751_cov_0.940271	1	1751	72	1751	100	6.0554	36	60
P4_54_NODE_1129_length_1750_cov_0.425139	1	1750	90	1750	100	4.64743	34.2	42
P4_54_NODE_1130_length_1747_cov_0.529012	1	1747	61	1747	100	4.11219	35.7	54.6
P4_54_NODE_1131_length_1746_cov_0.498456	1	1746	84	1746	100	5.88144	35.2	58.3
P4_54_NODE_1132_length_1743_cov_0.952970	1	1743	94	1743	100	6.63224	35	51.8
P4_54_NODE_1133_length_1742_cov_0.505882	1	1742	69	1742	100	4.42824	35.7	53.2
P4_54_NODE_1134_length_1738_cov_0.698945	1	1738	82	1738	100	5.83257	35.7	56.6
P4_54_NODE_1135_length_1737_cov_1.189441	1	1737	194	1737	100	11.7219	35.4	44.7
P4_54_NODE_1136_length_1735_cov_0.583333	1	1735	82	1735	100	5.81614	34.9	52.6
P4_54_NODE_1137_length_1734_cov_0.564406	1	1734	46	1734	100	3.7624	35.6	57.6
P4_54_NODE_1138_length_1733_cov_0.740971	1	1733	108	1723	99.423	6.96134	34.6	49.1
P4_54_NODE_1139_length_1733_cov_0.661270	1	1733	66	1733	100	4.8719	36.1	58.7
P4_54_NODE_1140_length_1731_cov_0.957606	1	1731	101	1671	96.5338	7.44079	35.9	56.6
P4_54_NODE_1141_length_1730_cov_1.069869	1	1730	182	1730	100	10.4601	34.9	46.9
P4_54_NODE_1142_length_1729_cov_0.794632	1	1729	74	1729	100	5.81839	34.6	59.2
P4_54_NODE_1143_length_1726_cov_1.777986	1	1726	172	1726	100	13.5041	35.2	58.6
P4_54_NODE_1144_length_1726_cov_1.033146	1	1726	92	1726	100	7.23465	35.7	58.4
P4_54_NODE_1145_length_1725_cov_0.950563	1	1725	75	1725	100	6.11362	35.7	58.5
P4_54_NODE_1146_length_1722_cov_0.906583	1	1722	73	1711	99.3612	6.11208	35.8	58.5
P4_54_NODE_1147_length_1721_cov_0.562735	1	1721	53	1721	100	4.25218	35.9	59
P4_54_NODE_1148_length_1720_cov_1.070935	1	1720	147	1720	100	9.12093	35.4	50.4
P4_54_NODE_1149_length_1719_cov_0.448492	1	1719	48	1719	100	3.48168	35.2	55
P4_54_NODE_1150_length_1717_cov_1.338994	1	1717	129	1717	100	9.86488	36.1	57.8
P4_54_NODE_1151_length_1716_cov_1.814978	1	1716	183	1716	100	14.0699	35.7	55.1
P4_54_NODE_1152_length_1715_cov_0.875315	1	1715	124	1708	99.5918	7.42391	35.4	42.2
P4_54_NODE_1153_length_1715_cov_0.838791	1	1715	85	1715	100	6.65073	35.6	59.2
P4_54_NODE_1154_length_1715_cov_0.747481	1	1715	63	1715	100	5.12536	36.6	60
P4_54_NODE_1155_length_1715_cov_0.681990	1	1715	81	1715	100	5.89446	35	53
P4_54_NODE_1156_length_1713_cov_3.060530	1	1713	292	1713	100	23.1039	35.6	57.8
P4_54_NODE_1157_length_1713_cov_0.575662	1	1713	55	1713	100	4.50088	35.3	60
P4_54_NODE_1158_length_1712_cov_2.141956	1	1712	183	1712	100	15.2442	35.9	60
P4_54_NODE_1159_length_1712_cov_0.771609	1	1712	83	1712	100	6.28388	35.4	55.9
P4_54_NODE_1160_length_1708_cov_1.092979	1	1708	105	1708	100	8.13525	36.2	60
P4_54_NODE_1161_length_1703_cov_1.125000	1	1703	100	1703	100	7.9724	35.3	59.4
P4_54_NODE_1162_length_1702_cov_0.673016	1	1702	80	1693	99.4712	5.4671	36.1	54
P4_54_NODE_1163_length_1702_cov_0.553651	1	1702	62	1702	100	4.53349	35.4	55.9
P4_54_NODE_1164_length_1700_cov_0.474889	1	1700	88	1700	100	4.72353	35	39.8
P4_54_NODE_1165_length_1696_cov_1.202040	1	1696	133	1696	100	9.85377	35.7	56.8
P4_54_NODE_1166_length_1695_cov_0.774235	1	1695	96	1695	100	6.98171	35.3	52.5
P4_54_NODE_1167_length_1695_cov_0.531888	1	1695	162	1695	100	7.09499	28.9	25.4
P4_54_NODE_1168_length_1691_cov_0.701407	1	1691	53	1689	99.8817	4.49438	36.1	57.9
P4_54_NODE_1169_length_1689_cov_0.847631	1	1689	70	1689	100	5.91474	35.9	59.8
P4_54_NODE_1170_length_1688_cov_0.550929	1	1688	51	1678	99.4076	4.09716	35.3	60
P4_54_NODE_1171_length_1685_cov_0.943517	1	1685	76	1685	100	6.46291	35.9	59.9
P4_54_NODE_1172_length_1684_cov_0.795761	1	1684	73	1684	100	5.54335	35.8	55.5
P4_54_NODE_1173_length_1678_cov_0.698904	1	1678	82	1678	100	6.07628	35.6	56.5
P4_54_NODE_1174_length_1674_cov_0.906270	1	1674	77	1674	100	6.40681	36.3	59.7
P4_54_NODE_1175_length_1672_cov_1.530744	1	1672	153	1672	100	11.5365	35.9	55.7
P4_54_NODE_1176_length_1672_cov_0.996764	1	1672	87	1644	98.3254	6.77093	36	54.9
P4_54_NODE_1177_length_1672_cov_0.576699	1	1672	85	1672	100	5.05144	35.3	48.7
P4_54_NODE_1178_length_1671_cov_0.542098	1	1671	56	1671	100	4.21604	35.7	59.2
P4_54_NODE_1179_length_1671_cov_0.515544	1	1671	50	1671	100	3.75344	36	57
P4_54_NODE_1180_length_1670_cov_2.119896	1	1670	175	1670	100	14.6222	35.8	55.6
P4_54_NODE_1181_length_1670_cov_1.069994	1	1670	104	1670	100	7.93772	35.4	58.4
P4_54_NODE_1182_length_1670_cov_0.876215	1	1670	90	1670	100	6.57665	35.2	51.5
P4_54_NODE_1183_length_1670_cov_0.799741	1	1670	81	1670	100	6.35509	36.1	58.8
P4_54_NODE_1184_length_1668_cov_0.837119	1	1668	72	1658	99.4005	5.80216	35.9	58.4
P4_54_NODE_1185_length_1667_cov_0.868831	1	1667	132	1667	100	9.0132	34.7	54.8
P4_54_NODE_1186_length_1667_cov_0.818831	1	1667	83	1667	100	5.90642	36	52.8
P4_54_NODE_1187_length_1666_cov_12.843279	1	1666	1240	1666	100	98.9562	35.9	60
P4_54_NODE_1188_length_1665_cov_0.407672	1	1665	59	1665	100	4.64505	35.9	59.3
P4_54_NODE_1189_length_1659_cov_0.721279	1	1659	67	1659	100	5.4358	36.2	60
P4_54_NODE_1190_length_1655_cov_0.740183	1	1655	97	1655	100	6.52689	35.5	53.2
P4_54_NODE_1191_length_1655_cov_0.663613	1	1655	79	1655	100	5.67734	35.3	55.3
P4_54_NODE_1192_length_1654_cov_1.002620	1	1654	93	1654	100	7.474	35.9	59.4
P4_54_NODE_1193_length_1653_cov_0.751638	1	1653	79	1646	99.5765	5.92015	35.5	55.7
P4_54_NODE_1194_length_1651_cov_1.072178	1	1651	105	1651	100	8.5003	35.5	59.4
P4_54_NODE_1195_length_1649_cov_0.605782	1	1649	75	1622	98.3626	5.34445	35.6	50.9
P4_54_NODE_1196_length_1648_cov_1.779093	1	1648	156	1648	100	12.5959	35.8	55.9
P4_54_NODE_1197_length_1648_cov_0.693623	1	1648	88	1648	100	5.74515	35.9	52.3
P4_54_NODE_1198_length_1644_cov_1.017139	1	1644	116	1644	100	9.19586	36.1	56.2
P4_54_NODE_1199_length_1641_cov_0.758256	1	1641	59	1641	100	4.92322	36.1	57.5
P4_54_NODE_1200_length_1640_cov_0.906147	1	1640	91	1640	100	7.03902	35.1	55.9
P4_54_NODE_1201_length_1639_cov_1.066138	1	1639	111	1639	100	8.6144	35.6	55.7
P4_54_NODE_1202_length_1637_cov_2.023179	1	1637	214	1630	99.5724	16.2358	35.3	55.8
P4_54_NODE_1203_length_1636_cov_0.890656	1	1636	71	1636	100	5.91748	35.9	58
P4_54_NODE_1204_length_1634_cov_0.846052	1	1634	68	1627	99.5716	5.75214	35.5	58
P4_54_NODE_1205_length_1631_cov_0.625000	1	1631	49	1621	99.3869	4.35684	35.9	60
P4_54_NODE_1206_length_1630_cov_0.644711	1	1630	65	1630	100	4.90245	36.1	52.5
P4_54_NODE_1207_length_1629_cov_0.960719	1	1629	88	1629	100	6.67342	35.8	52.3
P4_54_NODE_1208_length_1628_cov_1.084610	1	1628	109	1628	100	8.24324	35.3	52.4
P4_54_NODE_1209_length_1628_cov_0.450366	1	1628	39	1628	100	3.33661	35.9	60
P4_54_NODE_1210_length_1626_cov_0.917278	1	1626	162	1626	100	9.70049	34.6	42.9
P4_54_NODE_1211_length_1625_cov_1.050734	1	1625	93	1625	100	7.29477	35.7	55.6
P4_54_NODE_1212_length_1622_cov_1.197993	1	1622	149	1621	99.9383	10.024	35.2	51.6
P4_54_NODE_1213_length_1620_cov_0.634963	1	1620	52	1620	100	4.49198	35.9	60
P4_54_NODE_1214_length_1618_cov_0.744467	1	1618	77	1618	100	5.41409	35.4	51
P4_54_NODE_1215_length_1618_cov_0.393696	1	1618	91	1616	99.8764	4.78368	34.4	44.6
P4_54_NODE_1216_length_1617_cov_1.034228	1	1617	87	1617	100	7.27458	35.4	57.6
P4_54_NODE_1217_length_1615_cov_0.835349	1	1615	90	1615	100	6.80124	35.9	56
P4_54_NODE_1218_length_1615_cov_0.535618	1	1615	83	1606	99.4427	5.65387	35	50.6
P4_54_NODE_1219_length_1615_cov_0.479839	1	1615	48	1615	100	3.7387	36.1	58.2
P4_54_NODE_1220_length_1613_cov_1.012113	1	1613	134	1613	100	8.83819	35.3	47.8
P4_54_NODE_1221_length_1613_cov_0.821669	1	1613	80	1613	100	6.39864	35.2	54.9
P4_54_NODE_1222_length_1611_cov_4.123315	1	1611	490	1611	100	41.6232	35.6	53.7
P4_54_NODE_1223_length_1610_cov_1.151719	1	1610	143	1610	100	10.1168	34.9	50.7
P4_54_NODE_1224_length_1609_cov_2.823887	1	1609	655	1609	100	40.6259	30.6	22.2
P4_54_NODE_1225_length_1608_cov_22.558501	1	1608	2218	1608	100	182.715	35.7	59.8
P4_54_NODE_1226_length_1607_cov_0.843919	1	1607	136	1607	100	8.26571	34.6	48.6
P4_54_NODE_1227_length_1606_cov_1.039216	1	1606	92	1606	100	7.29141	35.9	56.5
P4_54_NODE_1228_length_1605_cov_3.417456	1	1605	341	1605	100	26.8648	34.9	52.8
P4_54_NODE_1229_length_1603_cov_0.603659	1	1603	51	1603	100	4.38989	35.8	58.8
P4_54_NODE_1230_length_1601_cov_0.782225	1	1601	59	1601	100	5.27358	35.8	60
P4_54_NODE_1231_length_1594_cov_0.713701	1	1594	75	1594	100	5.5872	35.7	53.1
P4_54_NODE_1232_length_1594_cov_0.620995	1	1594	112	1594	100	6.92284	34.7	43.4
P4_54_NODE_1233_length_1593_cov_0.951569	1	1593	100	1593	100	7.51475	35.2	52.7
P4_54_NODE_1234_length_1592_cov_0.698294	1	1592	56	1592	100	4.83291	35.9	57.6
P4_54_NODE_1235_length_1589_cov_183.987688	1	1589	17795	1589	100	1518.75	36.1	54.7
P4_54_NODE_1236_length_1588_cov_2.878850	1	1588	291	1588	100	21.3974	35	47.9
P4_54_NODE_1237_length_1588_cov_1.326489	1	1588	134	1588	100	10.3073	35.6	58.3
P4_54_NODE_1238_length_1587_cov_0.611644	1	1587	69	1587	100	4.69313	35.1	45.8
P4_54_NODE_1239_length_1585_cov_8473.217421	1	1585	813413	1585	100	69515.1	35.5	59.5
P4_54_NODE_1240_length_1580_cov_0.984859	1	1580	79	1580	100	6.72658	35.9	58
P4_54_NODE_1241_length_1578_cov_1.088904	1	1578	79	1577	99.9366	7.21673	35.5	60
P4_54_NODE_1242_length_1577_cov_1.060000	1	1577	120	1577	100	8.37666	36.1	52.3
P4_54_NODE_1243_length_1577_cov_0.817931	1	1577	73	1577	100	5.72036	35.8	56.4
P4_54_NODE_1244_length_1575_cov_0.499309	1	1575	66	1575	100	4.51873	35	47.1
P4_54_NODE_1245_length_1574_cov_0.877678	1	1574	75	1574	100	6.10292	35.9	54.8
P4_54_NODE_1246_length_1572_cov_0.910035	1	1572	88	1572	100	7.11832	35	56
P4_54_NODE_1247_length_1572_cov_0.593772	1	1572	66	1562	99.3639	5.22392	35.6	53.9
P4_54_NODE_1248_length_1572_cov_0.494118	1	1572	55	1572	100	3.84351	35.8	54.7
P4_54_NODE_1249_length_1569_cov_0.817614	1	1569	85	1569	100	6.85022	34.7	55.2
P4_54_NODE_1250_length_1569_cov_0.487517	1	1569	67	1569	100	4.00064	35.4	44
P4_54_NODE_1251_length_1568_cov_0.954198	1	1568	90	1556	99.2347	7.06824	36.1	54.7
P4_54_NODE_1252_length_1565_cov_0.819193	1	1565	74	1565	100	5.83387	36	55.1
P4_54_NODE_1253_length_1565_cov_0.762170	1	1565	580	1565	100	21.8696	25.4	9.04
P4_54_NODE_1254_length_1563_cov_0.976323	1	1563	97	1563	100	7.85669	35.8	58.2
P4_54_NODE_1255_length_1561_cov_0.695955	1	1561	67	1561	100	5.45291	35.8	55.8
P4_54_NODE_1256_length_1560_cov_1.311235	1	1560	157	1560	100	12.1282	35.7	51.8
P4_54_NODE_1257_length_1559_cov_0.942039	1	1559	87	1559	100	7.09622	36.3	56.3
P4_54_NODE_1258_length_1559_cov_0.937849	1	1559	65	1559	100	6.14496	35.9	60
P4_54_NODE_1259_length_1559_cov_0.599860	1	1559	70	1550	99.4227	5.54843	35.6	58.2
P4_54_NODE_1260_length_1557_cov_1.025175	1	1557	117	1557	100	8.79448	35.4	56.1
P4_54_NODE_1261_length_1557_cov_0.725874	1	1557	87	1557	100	7.14579	34.9	59
P4_54_NODE_1262_length_1556_cov_80.157453	1	1556	8115	1556	100	712.003	36	48.7
P4_54_NODE_1263_length_1555_cov_0.654062	1	1555	59	1555	100	4.89003	36.1	60
P4_54_NODE_1264_length_1555_cov_0.532913	1	1555	103	1555	100	5.61994	35.1	36.2
P4_54_NODE_1265_length_1554_cov_0.528381	1	1554	52	1544	99.3565	4.14607	35.9	56.9
P4_54_NODE_1266_length_1554_cov_0.414856	1	1554	59	1554	100	3.96589	35.5	45.2
P4_54_NODE_1267_length_1553_cov_0.520337	1	1553	65	1553	100	5.09079	34.6	57.5
P4_54_NODE_1268_length_1550_cov_0.775123	1	1550	74	1541	99.4194	5.92387	36.3	59
P4_54_NODE_1269_length_1549_cov_0.708861	1	1549	66	1549	100	5.47966	35.5	55.9
P4_54_NODE_1270_length_1548_cov_0.610837	1	1548	42	1548	100	3.76421	36.5	59.7
P4_54_NODE_1271_length_1547_cov_0.731690	1	1547	126	1539	99.4829	7.36522	32.2	39.9
P4_54_NODE_1272_length_1546_cov_0.859056	1	1546	74	1546	100	6.39457	36	57.2
P4_54_NODE_1273_length_1545_cov_0.808886	1	1545	72	1545	100	6.33592	35.9	57.5
P4_54_NODE_1274_length_1545_cov_0.388575	1	1545	49	1545	100	3.17994	35.8	45.2
P4_54_NODE_1275_length_1542_cov_0.502473	1	1542	37	1542	100	3.42996	36	60
P4_54_NODE_1276_length_1541_cov_0.555870	1	1541	50	1541	100	4.18365	35.3	58.4
P4_54_NODE_1277_length_1540_cov_0.907997	1	1540	79	1540	100	6.66104	35.9	58.1
P4_54_NODE_1278_length_1539_cov_0.881728	1	1539	233	1539	100	10.8687	31.8	23.6
P4_54_NODE_1279_length_1539_cov_0.850567	1	1539	114	1528	99.2853	9.04743	35.3	58.6
P4_54_NODE_1280_length_1537_cov_0.605674	1	1537	113	1537	100	6.94144	35.7	37.2
P4_54_NODE_1281_length_1535_cov_1.262074	1	1535	468	1535	100	18.1303	33.1	24.3
P4_54_NODE_1282_length_1535_cov_0.543324	1	1535	64	1535	100	4.57264	36.3	54.2
P4_54_NODE_1283_length_1535_cov_0.516335	1	1535	55	1535	100	3.91792	35.5	44.6
P4_54_NODE_1284_length_1534_cov_0.510306	1	1534	46	1534	100	4.31877	35.7	60
P4_54_NODE_1285_length_1533_cov_0.799431	1	1533	77	1533	100	6.16438	35.4	56
P4_54_NODE_1286_length_1532_cov_0.938078	1	1532	80	1532	100	7.09922	35.8	60
P4_54_NODE_1287_length_1532_cov_0.676157	1	1532	68	1522	99.3473	5.07507	36	56.9
P4_54_NODE_1288_length_1531_cov_1.317664	1	1531	148	1531	100	11.3005	34.9	50.6
P4_54_NODE_1289_length_1526_cov_1.000715	1	1526	76	1526	100	6.72543	35.8	57.1
P4_54_NODE_1290_length_1526_cov_0.832738	1	1526	82	1526	100	6.29751	36	54.1
P4_54_NODE_1291_length_1526_cov_0.722659	1	1526	80	1526	100	6.35583	35.9	54.6
P4_54_NODE_1292_length_1526_cov_0.647605	1	1526	65	1516	99.3447	5.43447	35.1	56.8
P4_54_NODE_1293_length_1525_cov_0.712446	1	1525	61	1525	100	5.41377	36.2	59.4
P4_54_NODE_1294_length_1524_cov_18.883707	1	1524	1790	1524	100	152.031	35.9	59.3
P4_54_NODE_1295_length_1524_cov_1.790265	1	1524	187	1424	93.4383	15.3701	35.4	57.7
P4_54_NODE_1296_length_1524_cov_1.118826	1	1524	104	1524	100	8.91404	36.1	58.7
P4_54_NODE_1297_length_1524_cov_0.824624	1	1524	63	1524	100	5.72244	36	58.9
P4_54_NODE_1298_length_1523_cov_1.027937	1	1523	127	1523	100	8.96914	34.4	48.5
P4_54_NODE_1299_length_1522_cov_0.868817	1	1522	75	1522	100	6.27595	36.1	48.5
P4_54_NODE_1300_length_1522_cov_0.546953	1	1522	63	1522	100	4.60512	35.6	49.8
P4_54_NODE_1301_length_1521_cov_0.924677	1	1521	63	1521	100	6.03287	36.3	60
P4_54_NODE_1302_length_1520_cov_0.601579	1	1520	84	1520	100	7.10855	35.7	59.2
P4_54_NODE_1303_length_1519_cov_0.984914	1	1519	87	1519	100	7.38315	34.9	58.1
P4_54_NODE_1304_length_1519_cov_0.945402	1	1519	79	1519	100	6.89401	36.1	59.1
P4_54_NODE_1305_length_1518_cov_0.663551	1	1518	63	1518	100	5.583	35.4	57.1
P4_54_NODE_1306_length_1517_cov_0.944604	1	1517	75	1517	100	6.93013	35.3	58.3
P4_54_NODE_1307_length_1517_cov_0.665468	1	1517	62	1517	100	5.24127	35.7	55.6
P4_54_NODE_1308_length_1516_cov_0.858891	1	1516	89	1516	100	6.75792	35.2	51.4
P4_54_NODE_1309_length_1515_cov_0.763689	1	1515	65	1515	100	5.77162	35.7	57.9
P4_54_NODE_1310_length_1514_cov_1.307138	1	1514	120	1514	100	9.38904	36.1	51.4
P4_54_NODE_1311_length_1514_cov_1.244412	1	1514	90	1514	100	8.27939	36.1	59.6
P4_54_NODE_1312_length_1514_cov_0.484499	1	1514	65	1514	100	4.28071	35.8	47.3
P4_54_NODE_1313_length_1513_cov_0.673882	1	1513	59	1513	100	4.86385	35.1	50.6
P4_54_NODE_1314_length_1512_cov_0.743682	1	1512	59	1512	100	5.03505	36.2	57.3
P4_54_NODE_1315_length_1511_cov_0.806358	1	1511	67	1511	100	5.60754	36.1	57.9
P4_54_NODE_1316_length_1507_cov_1.078986	1	1507	100	1507	100	8.58129	35.2	58.9
P4_54_NODE_1317_length_1506_cov_0.742567	1	1506	60	1506	100	5.72244	34.9	60
P4_54_NODE_1318_length_1505_cov_0.408563	1	1505	71	1505	100	4.63322	34.6	50.3
P4_54_NODE_1319_length_1504_cov_0.616558	1	1504	57	1504	100	4.71941	35.9	53.9
P4_54_NODE_1320_length_1503_cov_2.184593	1	1503	245	1503	100	20.6926	35.8	54.7
P4_54_NODE_1321_length_1503_cov_0.707849	1	1503	53	1503	100	4.77046	35.7	57.4
P4_54_NODE_1322_length_1503_cov_0.696948	1	1503	65	1503	100	5.05988	36	53.4
P4_54_NODE_1323_length_1502_cov_0.837818	1	1502	90	1476	98.269	7.46272	36	52.3
P4_54_NODE_1324_length_1500_cov_0.860889	1	1500	76	1500	100	6.54333	35.8	54.5
P4_54_NODE_1325_length_1499_cov_0.653790	1	1499	75	1499	100	5.12875	35.4	49.9
P4_54_NODE_1326_length_1498_cov_0.641138	1	1498	91	1498	100	6.00134	35.1	43.8
P4_54_NODE_1327_length_1497_cov_1.084672	1	1497	310	1497	100	28.1096	35.5	42.3
P4_54_NODE_1328_length_1497_cov_0.477372	1	1497	37	1497	100	3.38277	35.8	59.2
P4_54_NODE_1329_length_1496_cov_0.852447	1	1496	99	1470	98.262	7.30749	35.1	51.3
P4_54_NODE_1330_length_1494_cov_0.798830	1	1494	83	1494	100	6.52878	36	52.5
P4_54_NODE_1331_length_1494_cov_0.749817	1	1494	65	1494	100	5.53681	36	54.9
P4_54_NODE_1332_length_1492_cov_0.846886	1	1492	72	1492	100	6.15349	35.9	54.7
P4_54_NODE_1333_length_1492_cov_0.675458	1	1492	55	1492	100	5.22051	35.8	60
P4_54_NODE_1334_length_1492_cov_0.544322	1	1492	66	1492	100	4.55362	35.9	53.7
P4_54_NODE_1335_length_1487_cov_0.578676	1	1487	69	1487	100	5.31002	35.1	58.8
P4_54_NODE_1336_length_1486_cov_0.785136	1	1486	68	1486	100	5.89435	35.7	54.8
P4_54_NODE_1337_length_1486_cov_0.391464	1	1486	55	1486	100	4.14738	35.1	54.6
P4_54_NODE_1338_length_1485_cov_0.491900	1	1485	49	1485	100	4.13401	36.2	56.7
P4_54_NODE_1339_length_1484_cov_0.408990	1	1484	31	1484	100	3.02291	36.1	60
P4_54_NODE_1340_length_1483_cov_0.713127	1	1483	54	1483	100	5.15779	36.1	60
P4_54_NODE_1341_length_1482_cov_0.628044	1	1482	64	1482	100	4.98381	35.7	48.8
P4_54_NODE_1342_length_1481_cov_0.669867	1	1481	59	1481	100	5.09183	36.1	56.7
P4_54_NODE_1343_length_1481_cov_0.468981	1	1481	43	1481	100	3.58136	35.6	58
P4_54_NODE_1344_length_1480_cov_1.170732	1	1480	105	1480	100	8.53041	35.4	52.4
P4_54_NODE_1345_length_1479_cov_0.889053	1	1479	95	1479	100	7.04192	35.5	53.5
P4_54_NODE_1346_length_1478_cov_1.909697	1	1478	147	1478	100	13.8884	35.8	59.7
P4_54_NODE_1347_length_1478_cov_0.683198	1	1478	84	1478	100	5.8843	36.1	57.2
P4_54_NODE_1348_length_1477_cov_0.674074	1	1477	93	1477	100	6.9851	35.6	54.9
P4_54_NODE_1349_length_1476_cov_0.988139	1	1476	74	1476	100	6.87873	35.8	59.5
P4_54_NODE_1350_length_1476_cov_0.862861	1	1476	142	1476	100	9.28388	34.7	35.7
P4_54_NODE_1351_length_1476_cov_0.703484	1	1476	74	1476	100	6.26558	35.7	52.4
P4_54_NODE_1352_length_1475_cov_1.007418	1	1475	79	1475	100	7.28203	35.1	58.3
P4_54_NODE_1353_length_1474_cov_0.893096	1	1474	5617	1474	100	207.054	31.8	20.2
P4_54_NODE_1354_length_1472_cov_1.008178	1	1472	131	1472	100	9.14742	34.7	47.5
P4_54_NODE_1355_length_1472_cov_0.828253	1	1472	72	1472	100	6.06861	36.3	53.3
P4_54_NODE_1356_length_1469_cov_0.742921	1	1469	66	1469	100	5.98639	36	60
P4_54_NODE_1357_length_1469_cov_0.432936	1	1469	62	1469	100	4.68142	34.9	53.4
P4_54_NODE_1358_length_1466_cov_1.068708	1	1466	111	1466	100	9.01978	35.6	53.2
P4_54_NODE_1359_length_1466_cov_0.699029	1	1466	65	1466	100	5.71555	36	57.5
P4_54_NODE_1360_length_1466_cov_0.558626	1	1466	63	1466	100	4.78718	35.3	53.2
P4_54_NODE_1361_length_1465_cov_0.677130	1	1465	67	1465	100	5.79181	35.7	57.1
P4_54_NODE_1362_length_1464_cov_1.051608	1	1464	101	1464	100	8.52732	35.6	58.9
P4_54_NODE_1363_length_1462_cov_0.700375	1	1462	59	1462	100	5.07729	35.5	50.6
P4_54_NODE_1364_length_1460_cov_0.925731	1	1460	108	1460	100	7.80548	33.2	42.1
P4_54_NODE_1365_length_1459_cov_0.474474	1	1459	40	1459	100	3.41124	35.5	56.5
P4_54_NODE_1366_length_1457_cov_0.290226	1	1457	42	1457	100	3.35003	35.9	59.4
P4_54_NODE_1367_length_1456_cov_3.417607	1	1456	256	1456	100	25.0646	36	56.4
P4_54_NODE_1368_length_1453_cov_0.764706	1	1453	63	1453	100	5.4969	35.8	57.5
P4_54_NODE_1369_length_1452_cov_0.814340	1	1452	91	1452	100	7.57576	34.5	52.1
P4_54_NODE_1370_length_1452_cov_0.553208	1	1452	74	1452	100	5.93251	36.2	54.6
P4_54_NODE_1371_length_1451_cov_0.494713	1	1451	38	1451	100	3.55892	35.6	60
P4_54_NODE_1372_length_1450_cov_0.642479	1	1450	75	1450	100	6.29034	35.2	46
P4_54_NODE_1373_length_1450_cov_0.616780	1	1450	49	1450	100	4.36	34.6	55.9
P4_54_NODE_1374_length_1448_cov_5.161905	1	1448	418	1448	100	37.3916	36.1	59.6
P4_54_NODE_1375_length_1445_cov_1.028832	1	1445	75	1445	100	7.52803	35.9	59.2
P4_54_NODE_1376_length_1445_cov_0.891502	1	1445	66	1445	100	6.22007	35.8	59.2
P4_54_NODE_1377_length_1443_cov_0.829027	1	1443	63	1443	100	5.70755	35.9	55.7
P4_54_NODE_1378_length_1442_cov_0.808365	1	1442	48	1442	100	4.9258	36.2	60
P4_54_NODE_1379_length_1442_cov_0.720913	1	1442	61	1442	100	5.5749	35.6	59.7
P4_54_NODE_1380_length_1442_cov_0.692015	1	1442	66	1442	100	5.58738	35.9	52.5
P4_54_NODE_1381_length_1442_cov_0.675285	1	1442	42	1442	100	4.35645	36	60
P4_54_NODE_1382_length_1441_cov_0.624049	1	1441	44	1441	100	4.27412	35.5	57.6
P4_54_NODE_1383_length_1439_cov_0.528963	1	1439	91	1439	100	6.79222	34.7	52.9
P4_54_NODE_1384_length_1438_cov_0.845156	1	1438	56	1438	100	5.41029	35.8	56.9
P4_54_NODE_1385_length_1438_cov_0.761251	1	1438	62	1438	100	5.37622	35.7	52.1
P4_54_NODE_1386_length_1437_cov_1.931298	1	1437	174	1430	99.5129	15.3452	35.4	54.3
P4_54_NODE_1387_length_1435_cov_0.897554	1	1435	79	1435	100	7.09895	35.6	56.3
P4_54_NODE_1388_length_1435_cov_0.822630	1	1435	256	1435	100	11.4557	29.7	23
P4_54_NODE_1389_length_1435_cov_0.810398	1	1435	82	1435	100	6.17282	35.9	50.2
P4_54_NODE_1390_length_1434_cov_0.653405	1	1434	57	1409	98.2566	5.00209	36	58.1
P4_54_NODE_1391_length_1432_cov_4.869788	1	1432	411	1432	100	37.5831	35.9	60
P4_54_NODE_1392_length_1430_cov_1.146585	1	1430	137	1430	100	10.9979	35.5	50.3
P4_54_NODE_1393_length_1430_cov_0.651573	1	1430	137	1430	100	6.73357	34.7	45.3
P4_54_NODE_1394_length_1429_cov_1.019201	1	1429	91	1416	99.0903	8.06998	35.6	54.1
P4_54_NODE_1395_length_1428_cov_0.614912	1	1428	62	1428	100	4.87535	35.3	51.2
P4_54_NODE_1396_length_1428_cov_0.520369	1	1428	37	1428	100	3.52171	35.8	54.4
P4_54_NODE_1397_length_1427_cov_1.367692	1	1427	165	1427	100	12.3343	34.8	46.3
P4_54_NODE_1398_length_1426_cov_0.999230	1	1426	73	1426	100	6.92847	35.7	58.1
P4_54_NODE_1399_length_1426_cov_0.816012	1	1426	53	1426	100	5.25456	35.8	59.7
P4_54_NODE_1400_length_1424_cov_1.385505	1	1424	183	1424	100	13.1538	35	48.4
P4_54_NODE_1401_length_1424_cov_1.094063	1	1424	109	1424	100	8.96067	35.7	52.6
P4_54_NODE_1402_length_1423_cov_0.581790	1	1423	66	1423	100	4.8194	35.5	45.7
P4_54_NODE_1403_length_1422_cov_1.626255	1	1422	553	1422	100	27.334	27.9	14
P4_54_NODE_1404_length_1420_cov_0.670534	1	1420	105	1387	97.6761	6.56338	34.8	42.2
P4_54_NODE_1405_length_1420_cov_0.663573	1	1420	53	1420	100	4.71197	35.6	55.3
P4_54_NODE_1406_length_1420_cov_0.536736	1	1420	63	1420	100	4.83521	36.3	52.3
P4_54_NODE_1407_length_1420_cov_0.484145	1	1420	48	1420	100	4.09366	35.6	58.2
P4_54_NODE_1408_length_1419_cov_0.561920	1	1419	50	1419	100	4.36223	36	56.7
P4_54_NODE_1409_length_1419_cov_0.404025	1	1419	45	1419	100	3.45807	35.7	54.2
P4_54_NODE_1410_length_1415_cov_0.980590	1	1415	62	1415	100	6.17597	36.4	58.7
P4_54_NODE_1411_length_1415_cov_0.585404	1	1415	62	1415	100	5.0424	35.6	54.5
P4_54_NODE_1412_length_1414_cov_1.160062	1	1414	94	1414	100	8.63083	35.6	58.3
P4_54_NODE_1413_length_1412_cov_0.564202	1	1412	36	1412	100	3.73513	36.2	60
P4_54_NODE_1414_length_1409_cov_1.138066	1	1409	97	1409	100	8.74379	35.9	56.6
P4_54_NODE_1415_length_1409_cov_1.012480	1	1409	91	1409	100	7.50035	35.7	47.8
P4_54_NODE_1416_length_1409_cov_0.900936	1	1409	129	1409	100	8.14053	34.6	38.7
P4_54_NODE_1417_length_1409_cov_0.587363	1	1409	48	1409	100	4.5039	35.3	59.2
P4_54_NODE_1418_length_1408_cov_1.601874	1	1408	139	1408	100	12.0107	35.2	53.4
P4_54_NODE_1419_length_1408_cov_0.676815	1	1408	53	1408	100	4.87642	36.1	59.2
P4_54_NODE_1420_length_1407_cov_0.999219	1	1407	75	1407	100	7.41578	36	59.5
P4_54_NODE_1421_length_1406_cov_1.559030	1	1406	123	1406	100	10.9125	35.7	55.9
P4_54_NODE_1422_length_1405_cov_0.561033	1	1405	166	1398	99.5018	7.7879	31.6	39.8
P4_54_NODE_1423_length_1404_cov_0.810493	1	1404	61	1404	100	6.0114	36.5	59.7
P4_54_NODE_1424_length_1403_cov_0.598746	1	1403	42	1403	100	4.21383	35.1	57
P4_54_NODE_1425_length_1398_cov_0.642801	1	1398	51	1398	100	5.05079	35.5	60
P4_54_NODE_1426_length_1395_cov_1.106467	1	1395	101	1395	100	8.07885	35.4	54
P4_54_NODE_1427_length_1394_cov_0.668508	1	1394	42	1394	100	4.41105	36	60
P4_54_NODE_1428_length_1394_cov_0.642463	1	1394	83	1394	100	6.3099	35.5	52.1
P4_54_NODE_1429_length_1394_cov_0.405683	1	1394	43	1373	98.4935	3.54232	35.3	49.3
P4_54_NODE_1430_length_1393_cov_1.677725	1	1393	137	1393	100	12.8851	35.8	57.2
P4_54_NODE_1431_length_1393_cov_0.740916	1	1393	178	1393	100	9.71859	31.3	30.1
P4_54_NODE_1432_length_1393_cov_0.572670	1	1393	48	1393	100	4.33668	36.3	57.8
P4_54_NODE_1433_length_1392_cov_0.575494	1	1392	39	1392	100	3.68534	36	59.5
P4_54_NODE_1434_length_1391_cov_2.765823	1	1391	247	1391	100	22.6118	35.6	57.6
P4_54_NODE_1435_length_1390_cov_3.253365	1	1390	292	1389	99.9281	25.5029	35.3	54.9
P4_54_NODE_1436_length_1390_cov_0.607284	1	1390	45	1380	99.2806	4.58129	35.3	60
P4_54_NODE_1437_length_1389_cov_0.862916	1	1389	80	1389	100	6.95896	35.6	54.6
P4_54_NODE_1438_length_1388_cov_2.121332	1	1388	182	1388	100	16.6895	35.8	58
P4_54_NODE_1439_length_1388_cov_0.807296	1	1388	53	1388	100	5.37968	36.2	60
P4_54_NODE_1440_length_1387_cov_0.916667	1	1387	59	1387	100	6.08724	35.7	60
P4_54_NODE_1441_length_1387_cov_0.749206	1	1387	57	1387	100	5.39221	35.8	59.3
P4_54_NODE_1442_length_1386_cov_0.841144	1	1386	70	1386	100	6.92641	35.4	59.6
P4_54_NODE_1443_length_1384_cov_0.767701	1	1384	51	1384	100	5.32659	35.8	60
P4_54_NODE_1444_length_1383_cov_0.573248	1	1383	36	1383	100	3.71367	36.3	60
P4_54_NODE_1445_length_1383_cov_0.445064	1	1383	47	1383	100	4.13232	35.8	59.6
P4_54_NODE_1446_length_1381_cov_0.709729	1	1381	42	1381	100	4.51846	36	60
P4_54_NODE_1447_length_1379_cov_0.781949	1	1379	76	1379	100	6.48731	35.9	52.8
P4_54_NODE_1448_length_1378_cov_0.856115	1	1378	65	1378	100	5.79753	35.7	56.9
P4_54_NODE_1449_length_1378_cov_0.776978	1	1378	69	1378	100	6.26633	35.6	54.6
P4_54_NODE_1450_length_1377_cov_1.104000	1	1377	90	1377	100	8.3878	35.7	56.9
P4_54_NODE_1451_length_1376_cov_0.445156	1	1376	59	1376	100	4.14172	34.5	38.8
P4_54_NODE_1452_length_1375_cov_0.715545	1	1375	54	1375	100	4.85382	36	52.5
P4_54_NODE_1453_length_1374_cov_0.935044	1	1374	172	1374	100	9.31295	31.5	23
P4_54_NODE_1454_length_1373_cov_55.535313	1	1373	8474	1373	100	815.426	36	54.9
P4_54_NODE_1455_length_1373_cov_0.808186	1	1373	64	1373	100	6.08886	35.6	58.5
P4_54_NODE_1456_length_1370_cov_0.786806	1	1370	70	1370	100	5.68175	35.2	52.1
P4_54_NODE_1457_length_1370_cov_0.335479	1	1370	49	1370	100	3.76204	35	55.9
P4_54_NODE_1458_length_1369_cov_1.103865	1	1369	136	1369	100	10.4967	34.6	38.8
P4_54_NODE_1459_length_1369_cov_0.666667	1	1369	55	1369	100	5.3309	35.4	57.5
P4_54_NODE_1460_length_1368_cov_0.730056	1	1368	88	1359	99.3421	7.27705	35.6	54.7
P4_54_NODE_1461_length_1367_cov_0.735484	1	1367	58	1367	100	5.65399	35.9	60
P4_54_NODE_1462_length_1367_cov_0.622581	1	1367	55	1367	100	4.83175	35	55.2
P4_54_NODE_1463_length_1365_cov_0.504847	1	1365	41	1365	100	3.73626	35.8	57.9
P4_54_NODE_1464_length_1364_cov_0.965238	1	1364	76	1364	100	7.31232	35.3	58.5
P4_54_NODE_1465_length_1364_cov_0.911884	1	1364	66	1364	100	6.58284	35.2	55.2
P4_54_NODE_1466_length_1363_cov_0.864887	1	1363	67	1363	100	6.30594	36.1	58.2
P4_54_NODE_1467_length_1363_cov_0.683657	1	1363	58	1363	100	5.25385	35.4	55.2
P4_54_NODE_1468_length_1363_cov_0.563916	1	1363	38	1363	100	3.89215	36.1	60
P4_54_NODE_1469_length_1363_cov_0.418285	1	1363	54	1363	100	3.56493	36	33
P4_54_NODE_1470_length_1362_cov_0.662348	1	1362	45	1362	100	4.2254	35.3	54.2
P4_54_NODE_1471_length_1362_cov_0.578138	1	1362	93	1362	100	6.75624	34.4	50.4
P4_54_NODE_1472_length_1361_cov_0.662885	1	1361	99	1361	100	7.05952	34.5	43.1
P4_54_NODE_1473_length_1360_cov_1.869424	1	1360	1224	1360	100	49.9507	30.7	57.4
P4_54_NODE_1474_length_1359_cov_2.143669	1	1359	341	1359	100	23.8256	32.8	40.1
P4_54_NODE_1475_length_1358_cov_0.652315	1	1358	54	1358	100	5.14286	35	54.6
P4_54_NODE_1476_length_1357_cov_0.525203	1	1357	136	1295	95.4311	7.75976	33.6	34.5
P4_54_NODE_1477_length_1357_cov_0.504878	1	1357	45	1357	100	4.1157	35.9	57.4
P4_54_NODE_1478_length_1356_cov_0.650122	1	1356	45	1356	100	4.25074	35.8	56.8
P4_54_NODE_1479_length_1356_cov_0.529699	1	1356	47	1356	100	4.26696	35.9	59.1
P4_54_NODE_1480_length_1355_cov_0.790717	1	1355	70	1355	100	5.96605	35.4	46.3
P4_54_NODE_1481_length_1351_cov_0.552288	1	1351	36	1351	100	3.69504	36.3	60
P4_54_NODE_1482_length_1350_cov_0.878986	1	1350	108	1350	100	7.57778	34.4	40.7
P4_54_NODE_1483_length_1349_cov_0.662848	1	1349	44	1349	100	4.5871	36.1	60
P4_54_NODE_1484_length_1347_cov_0.659016	1	1347	53	1347	100	4.83148	34.9	54.2
P4_54_NODE_1485_length_1346_cov_1.277276	1	1346	109	1346	100	10.3366	35.9	57.7
P4_54_NODE_1486_length_1346_cov_0.690730	1	1346	73	1346	100	5.99257	35.4	49.6
P4_54_NODE_1487_length_1343_cov_0.803454	1	1343	117	1343	100	7.84066	33.6	39.5
P4_54_NODE_1488_length_1343_cov_0.801809	1	1343	61	1343	100	5.77885	35.4	55.4
P4_54_NODE_1489_length_1342_cov_1.328395	1	1342	136	1342	100	11.1692	34.9	49.8
P4_54_NODE_1490_length_1342_cov_0.455144	1	1342	66	1333	99.3294	4.76155	34.5	43.7
P4_54_NODE_1491_length_1340_cov_0.857378	1	1340	53	1340	100	5.76567	35.4	60
P4_54_NODE_1492_length_1340_cov_0.820280	1	1340	89	1340	100	6.48582	35.2	48.9
P4_54_NODE_1493_length_1339_cov_0.577558	1	1339	62	1339	100	5.73488	34.8	50.3
P4_54_NODE_1494_length_1337_cov_0.766116	1	1337	42	1337	100	4.53403	35.8	57.1
P4_54_NODE_1495_length_1337_cov_0.497521	1	1337	43	1337	100	4.13687	34.1	56.3
P4_54_NODE_1496_length_1337_cov_0.442975	1	1337	56	1316	98.4293	4.76589	35.7	52.7
P4_54_NODE_1497_length_1336_cov_1.117452	1	1336	95	1336	100	8.39072	34.5	53.1
P4_54_NODE_1498_length_1336_cov_0.668321	1	1336	42	1336	100	4.28144	36.4	58.8
P4_54_NODE_1499_length_1335_cov_0.853477	1	1335	53	1335	100	5.79026	36	60
P4_54_NODE_1500_length_1334_cov_0.772991	1	1334	80	1334	100	5.86132	34.1	46.8
P4_54_NODE_1501_length_1334_cov_0.671914	1	1334	93	1334	100	7.32084	35	47.2
P4_54_NODE_1502_length_1332_cov_1.033195	1	1332	98	1332	100	8.6539	35.2	52.9
P4_54_NODE_1503_length_1332_cov_0.733610	1	1332	51	1331	99.9249	5.25751	34.5	59.3
P4_54_NODE_1504_length_1332_cov_0.488797	1	1332	58	1332	100	5.16592	35.9	56.8
P4_54_NODE_1505_length_1331_cov_169.068106	1	1331	14478	1331	100	1438.64	36.1	57.5
P4_54_NODE_1506_length_1330_cov_0.743142	1	1330	277	1330	100	15.394	27.3	11.8
P4_54_NODE_1507_length_1329_cov_0.675541	1	1329	64	1329	100	6.19789	35.3	60
P4_54_NODE_1508_length_1327_cov_6331.664167	1	1327	454711	1327	100	48124.8	35.6	59.3
P4_54_NODE_1509_length_1327_cov_0.485833	1	1327	32	1327	100	3.47249	35.9	60
P4_54_NODE_1510_length_1325_cov_0.765442	1	1325	126	1312	99.0189	9.18038	34.7	34.2
P4_54_NODE_1511_length_1324_cov_0.702590	1	1324	51	1324	100	5.36631	35.3	60
P4_54_NODE_1512_length_1323_cov_0.933946	1	1323	105	1323	100	7.65306	34.5	39.2
P4_54_NODE_1513_length_1323_cov_0.852843	1	1323	50	1323	100	5.4777	35.6	59.2
P4_54_NODE_1514_length_1323_cov_0.335284	1	1323	40	1323	100	3.0257	35.1	48.2
P4_54_NODE_1515_length_1322_cov_1.719665	1	1322	189	1322	100	15.1846	35.5	50.9
P4_54_NODE_1516_length_1322_cov_0.762343	1	1322	40	1322	100	4.56203	36.1	60
P4_54_NODE_1517_length_1321_cov_0.818258	1	1321	74	1321	100	6.67298	35.9	54.6
P4_54_NODE_1518_length_1320_cov_1.051970	1	1320	84	1320	100	8.43485	35.5	56.5
P4_54_NODE_1519_length_1319_cov_1.327181	1	1319	95	1319	100	10.2055	36.3	60
P4_54_NODE_1520_length_1319_cov_0.693792	1	1319	61	1319	100	5.11145	35.9	50.5
P4_54_NODE_1521_length_1317_cov_0.821008	1	1317	68	1317	100	5.87623	35.3	47.3
P4_54_NODE_1522_length_1317_cov_0.794958	1	1317	54	1317	100	5.53075	36	59.9
P4_54_NODE_1523_length_1317_cov_0.721008	1	1317	70	1313	99.6963	6.50721	35	59.5
P4_54_NODE_1524_length_1315_cov_1.181818	1	1315	82	1315	100	8.07605	35.6	57.8
P4_54_NODE_1525_length_1313_cov_1.042159	1	1313	69	1313	100	7.4821	36	60
P4_54_NODE_1526_length_1313_cov_0.767285	1	1313	102	1311	99.8477	6.97867	34.9	39.2
P4_54_NODE_1527_length_1312_cov_0.873418	1	1312	54	1312	100	5.74695	35.7	59.3
P4_54_NODE_1528_length_1311_cov_0.527027	1	1311	94	1311	100	7.64455	35.8	54.4
P4_54_NODE_1529_length_1310_cov_1.998309	1	1310	127	1310	100	13.4397	36	57.4
P4_54_NODE_1530_length_1310_cov_0.682164	1	1310	50	1310	100	4.92443	36.1	55.6
P4_54_NODE_1531_length_1309_cov_0.697124	1	1309	75	1309	100	6.60581	34.8	50.8
P4_54_NODE_1532_length_1306_cov_0.653944	1	1306	55	1306	100	4.91577	35.5	50.4
P4_54_NODE_1533_length_1303_cov_1.022109	1	1303	70	1303	100	7.21489	35.1	57.5
P4_54_NODE_1534_length_1303_cov_0.294218	1	1303	89	1303	100	7.0046	35.2	47.3
P4_54_NODE_1535_length_1300_cov_0.883205	1	1300	69	1300	100	6.62462	35.9	55.7
P4_54_NODE_1536_length_1300_cov_0.679454	1	1300	66	1300	100	6.20385	36	60
P4_54_NODE_1537_length_1299_cov_0.693686	1	1299	78	1299	100	6.00616	35.4	44.2
P4_54_NODE_1538_length_1299_cov_0.482082	1	1299	46	1299	100	4.14165	36.5	57.4
P4_54_NODE_1539_length_1298_cov_0.608027	1	1298	47	1286	99.0755	4.72727	35.2	54.9
P4_54_NODE_1540_length_1297_cov_4.700000	1	1297	589	1297	100	56.8766	34.7	46.7
P4_54_NODE_1541_length_1297_cov_0.446154	1	1297	134	1297	100	7.70702	32.2	22.7
P4_54_NODE_1542_length_1296_cov_0.608212	1	1296	59	1296	100	5.10957	34.8	55.4
P4_54_NODE_1543_length_1294_cov_0.606684	1	1294	43	1294	100	4.53323	36.1	56.9
P4_54_NODE_1544_length_1292_cov_2.309871	1	1292	246	1292	100	24.3769	35.9	52.6
P4_54_NODE_1545_length_1292_cov_1.404292	1	1292	130	1292	100	11.8452	35.3	53.7
P4_54_NODE_1546_length_1291_cov_0.677835	1	1291	66	1291	100	5.68319	34.7	54.2
P4_54_NODE_1547_length_1291_cov_0.595361	1	1291	51	1280	99.1479	4.24632	36	49
P4_54_NODE_1548_length_1289_cov_0.682444	1	1289	154	1289	100	8.9488	32.6	41.9
P4_54_NODE_1549_length_1289_cov_0.638554	1	1289	59	1289	100	4.70675	34.3	51.9
P4_54_NODE_1550_length_1289_cov_0.592083	1	1289	66	1289	100	4.71451	35.8	38.1
P4_54_NODE_1551_length_1288_cov_0.575366	1	1288	45	1288	100	4.27484	35.4	50.4
P4_54_NODE_1552_length_1288_cov_0.531438	1	1288	46	1288	100	3.86724	36	52.2
P4_54_NODE_1553_length_1286_cov_0.527179	1	1286	36	1286	100	3.82504	36.3	60
P4_54_NODE_1554_length_1284_cov_0.612792	1	1284	52	1284	100	5.10903	35.3	53.1
P4_54_NODE_1555_length_1284_cov_0.494382	1	1284	37	1284	100	3.53037	36.1	54.6
P4_54_NODE_1556_length_1283_cov_0.906574	1	1283	68	1283	100	6.86906	36.2	57.9
P4_54_NODE_1557_length_1282_cov_0.543723	1	1282	38	1282	100	3.78549	35.6	52.7
P4_54_NODE_1558_length_1282_cov_0.381818	1	1282	31	1282	100	2.93838	36.3	57.9
P4_54_NODE_1559_length_1281_cov_0.776430	1	1281	53	1281	100	5.54098	36	57.2
P4_54_NODE_1560_length_1280_cov_1.716392	1	1280	112	1280	100	11.5578	36.2	58.6
P4_54_NODE_1561_length_1280_cov_0.745880	1	1280	52	1280	100	5.40313	35.8	57.7
P4_54_NODE_1562_length_1278_cov_0.618593	1	1278	45	1278	100	5.01408	35.4	60
P4_54_NODE_1563_length_1276_cov_0.713664	1	1276	689	1276	100	34.5345	24.5	9.8
P4_54_NODE_1564_length_1276_cov_0.293299	1	1276	23	1276	100	2.51567	34.8	56.6
P4_54_NODE_1565_length_1274_cov_0.531822	1	1274	42	1274	100	4.28257	36	59.3
P4_54_NODE_1566_length_1273_cov_0.561082	1	1273	49	1273	100	4.52317	35.4	48.8
P4_54_NODE_1567_length_1273_cov_0.481675	1	1273	29	1273	100	3.23095	36.3	60
P4_54_NODE_1568_length_1271_cov_0.722902	1	1271	51	1271	100	4.95122	35.8	55.6
P4_54_NODE_1569_length_1270_cov_0.619423	1	1270	50	1270	100	4.61417	35.1	51.8
P4_54_NODE_1570_length_1268_cov_0.750219	1	1268	46	1268	100	4.89353	36	59.1
P4_54_NODE_1571_length_1268_cov_0.730938	1	1268	48	1263	99.6057	4.90694	35.4	52.6
P4_54_NODE_1572_length_1268_cov_0.598598	1	1268	33	1268	100	3.72871	36.1	60
P4_54_NODE_1573_length_1268_cov_0.418931	1	1268	46	1268	100	3.93533	36.3	50.7
P4_54_NODE_1574_length_1267_cov_1.139474	1	1267	65	1267	100	7.42541	36.1	58.2
P4_54_NODE_1575_length_1267_cov_0.657018	1	1267	35	1267	100	4.13102	35.7	60
P4_54_NODE_1576_length_1267_cov_0.471053	1	1267	60	1267	100	4.382	35.2	45.6
P4_54_NODE_1577_length_1266_cov_1.010536	1	1266	68	1266	100	7.36572	36.4	60
P4_54_NODE_1578_length_1266_cov_0.512730	1	1266	28	1266	100	3.2267	36.2	60
P4_54_NODE_1579_length_1265_cov_0.797012	1	1265	68	1265	100	5.99447	35.1	46.2
P4_54_NODE_1580_length_1265_cov_0.635325	1	1265	41	1265	100	4.63794	36	60
P4_54_NODE_1581_length_1263_cov_11.711511	1	1263	940	1263	100	95.2264	35.5	59.8
P4_54_NODE_1582_length_1262_cov_1.914537	1	1262	166	1262	100	15.607	35.7	53.1
P4_54_NODE_1583_length_1261_cov_0.477072	1	1261	37	1261	100	3.62649	35.9	55.8
P4_54_NODE_1584_length_1260_cov_0.604590	1	1260	70	1260	100	6.40873	35.6	57.2
P4_54_NODE_1585_length_1259_cov_0.671378	1	1259	43	1259	100	4.46942	36.2	58
P4_54_NODE_1586_length_1259_cov_0.613074	1	1259	42	1259	100	4.09134	35.6	50.9
P4_54_NODE_1587_length_1259_cov_0.467314	1	1259	91	1259	100	6.24226	34.5	44.6
P4_54_NODE_1588_length_1256_cov_1.063773	1	1256	62	1256	100	7.14968	36	60
P4_54_NODE_1589_length_1256_cov_0.802480	1	1256	60	1248	99.3631	6.00398	35.8	57.9
P4_54_NODE_1590_length_1255_cov_0.573582	1	1255	35	1255	100	3.86295	36.1	58.9
P4_54_NODE_1591_length_1254_cov_1.179237	1	1254	65	1254	100	7.2807	36.1	57.6
P4_54_NODE_1592_length_1253_cov_1.198934	1	1253	117	1253	100	10.1053	35.5	56.6
P4_54_NODE_1593_length_1253_cov_0.554174	1	1253	44	1253	100	4.26895	35.8	55.4
P4_54_NODE_1594_length_1253_cov_0.534636	1	1253	52	1253	100	5.03352	36.4	60
P4_54_NODE_1595_length_1252_cov_0.936889	1	1252	53	1252	100	6.17173	36.5	60
P4_54_NODE_1596_length_1249_cov_0.886809	1	1249	83	1249	100	7.8759	35.8	57.7
P4_54_NODE_1597_length_1249_cov_0.565062	1	1249	33	1249	100	3.79664	35.7	60
P4_54_NODE_1598_length_1248_cov_0.649420	1	1248	59	1248	100	5.58974	35.1	52.7
P4_54_NODE_1599_length_1245_cov_1.508945	1	1245	123	1245	100	11.2281	35.5	49.7
P4_54_NODE_1600_length_1243_cov_0.605735	1	1243	45	1243	100	4.49558	35.5	55.7
P4_54_NODE_1601_length_1241_cov_1.019749	1	1241	64	1241	100	7.06608	36.2	60
P4_54_NODE_1602_length_1241_cov_0.708259	1	1241	331	1241	100	22.2643	28.2	13.6
P4_54_NODE_1603_length_1240_cov_0.826595	1	1240	83	1240	100	8.23468	36	57.7
P4_54_NODE_1604_length_1239_cov_0.859712	1	1239	57	1239	100	6.07425	36.3	58.5
P4_54_NODE_1605_length_1237_cov_0.591892	1	1237	40	1237	100	4.37672	35.9	57.5
P4_54_NODE_1606_length_1235_cov_0.740072	1	1235	39	1235	100	4.51741	35.5	59
P4_54_NODE_1607_length_1235_cov_0.529783	1	1235	69	1235	100	5.56437	33.9	47.2
P4_54_NODE_1608_length_1234_cov_0.971093	1	1234	70	1234	100	7.55754	36.3	59.9
P4_54_NODE_1609_length_1234_cov_0.548329	1	1234	257	1234	100	14.9044	34.1	22.2
P4_54_NODE_1610_length_1233_cov_4.731465	1	1233	383	1227	99.5134	40.5985	34.8	50.7
P4_54_NODE_1611_length_1233_cov_1.020796	1	1233	61	1233	100	6.87105	36.2	57
P4_54_NODE_1612_length_1233_cov_0.899638	1	1233	55	1233	100	6.20519	35.6	58.6
P4_54_NODE_1613_length_1231_cov_0.523551	1	1231	58	1231	100	6.26645	35.6	54.8
P4_54_NODE_1614_length_1228_cov_0.677566	1	1228	54	1228	100	5.49837	35.2	56.4
P4_54_NODE_1615_length_1227_cov_0.924545	1	1227	72	1227	100	7.71475	34.9	58.9
P4_54_NODE_1616_length_1227_cov_0.410909	1	1227	42	1227	100	3.67156	34.9	51.6
P4_54_NODE_1617_length_1225_cov_0.797814	1	1225	58	1225	100	6.54041	35.4	60
P4_54_NODE_1618_length_1224_cov_0.638104	1	1224	59	1224	100	6.00735	35.6	57.1
P4_54_NODE_1619_length_1223_cov_0.555657	1	1223	45	1223	100	4.55601	34.8	49.5
P4_54_NODE_1620_length_1223_cov_0.438869	1	1223	42	1223	100	3.54538	35.8	50.9
P4_54_NODE_1621_length_1222_cov_0.744292	1	1222	60	1222	100	6.19967	35.6	57.7
P4_54_NODE_1622_length_1222_cov_0.469406	1	1222	50	1200	98.1997	4.68822	35.9	47.6
P4_54_NODE_1623_length_1221_cov_0.759598	1	1221	62	1221	100	6.13841	35.9	55.6
P4_54_NODE_1624_length_1220_cov_2.080512	1	1220	145	1220	100	16.1648	35.6	58.9
P4_54_NODE_1625_length_1220_cov_1.223239	1	1220	112	1220	100	10.6016	35.2	54.3
P4_54_NODE_1626_length_1220_cov_0.818847	1	1220	74	1220	100	6.44016	35.1	45.1
P4_54_NODE_1627_length_1220_cov_0.596523	1	1220	35	1220	100	3.68033	35.8	57.3
P4_54_NODE_1628_length_1219_cov_1.686478	1	1219	133	1219	100	13.5291	35.9	59.4
P4_54_NODE_1629_length_1219_cov_0.620879	1	1219	34	1219	100	3.97867	36.3	60
P4_54_NODE_1630_length_1215_cov_0.774816	1	1215	68	1215	100	6.19588	35.8	53.9
P4_54_NODE_1631_length_1214_cov_0.631095	1	1214	38	1214	100	4.01977	35.5	50.7
P4_54_NODE_1632_length_1211_cov_0.654059	1	1211	74	1200	99.0917	5.50702	35.4	43
P4_54_NODE_1633_length_1211_cov_0.440959	1	1211	37	1211	100	3.49381	36	49
P4_54_NODE_1634_length_1210_cov_1.048938	1	1210	83	1210	100	8.56116	35.8	53
P4_54_NODE_1635_length_1210_cov_0.625115	1	1210	65	1210	100	6.40744	34.8	56.9
P4_54_NODE_1636_length_1210_cov_0.418283	1	1210	38	1210	100	3.61322	35.7	49.8
P4_54_NODE_1637_length_1209_cov_0.830869	1	1209	54	1209	100	5.78412	35.2	56.2
P4_54_NODE_1638_length_1208_cov_1.168363	1	1208	90	1208	100	8.54222	34.8	50.1
P4_54_NODE_1639_length_1208_cov_0.370953	1	1208	63	1208	100	4.56705	34.6	42.1
P4_54_NODE_1640_length_1207_cov_1.337963	1	1207	108	1207	100	10.8981	35.1	52.3
P4_54_NODE_1641_length_1207_cov_1.059259	1	1207	57	1207	100	6.66611	35.8	58.8
P4_54_NODE_1642_length_1206_cov_0.479147	1	1206	48	1206	100	4.3864	35.5	46.9
P4_54_NODE_1643_length_1205_cov_0.860853	1	1205	101	1205	100	8.39834	35.3	45.8
P4_54_NODE_1644_length_1204_cov_0.799443	1	1204	59	1204	100	6.06146	36.5	58
P4_54_NODE_1645_length_1202_cov_0.476279	1	1202	37	1198	99.6672	4.24293	35.1	60
P4_54_NODE_1646_length_1200_cov_0.972041	1	1200	60	1200	100	6.90417	36	59.3
P4_54_NODE_1647_length_1199_cov_0.503731	1	1199	48	1199	100	4.61718	35.9	52.5
P4_54_NODE_1648_length_1198_cov_1.174603	1	1198	77	1198	100	8.86811	35.7	55.1
P4_54_NODE_1649_length_1198_cov_0.983193	1	1198	56	1198	100	6.56928	35.3	57.9
P4_54_NODE_1650_length_1198_cov_0.617180	1	1198	39	1188	99.1653	4.21035	34.7	58
P4_54_NODE_1651_length_1196_cov_0.587465	1	1196	40	1196	100	4.26254	35.6	54.5
P4_54_NODE_1652_length_1196_cov_0.502339	1	1196	38	1196	100	3.9306	35.1	55.8
P4_54_NODE_1653_length_1194_cov_1.015933	1	1194	273	1194	100	14.5067	30.3	24.4
P4_54_NODE_1654_length_1193_cov_1.020638	1	1193	52	1193	100	6.38223	36.1	60
P4_54_NODE_1655_length_1193_cov_0.467167	1	1193	45	1193	100	4.25398	34.9	50.8
P4_54_NODE_1656_length_1191_cov_0.639098	1	1191	36	1191	100	4.29555	35.9	58.9
P4_54_NODE_1657_length_1190_cov_0.711195	1	1190	67	1190	100	5.3916	35.9	46
P4_54_NODE_1658_length_1190_cov_0.571966	1	1190	39	1190	100	4.00084	36	53.4
P4_54_NODE_1659_length_1189_cov_1.112994	1	1189	68	1189	100	7.66442	35.8	56.2
P4_54_NODE_1660_length_1188_cov_0.677663	1	1188	34	1188	100	4.24495	36	60
P4_54_NODE_1661_length_1188_cov_0.572102	1	1188	44	1188	100	4.58418	35.4	57.4
P4_54_NODE_1662_length_1186_cov_0.537299	1	1186	39	1176	99.1568	4.00169	34.9	52.8
P4_54_NODE_1663_length_1186_cov_0.517469	1	1186	46	1186	100	4.94772	35.1	59.1
P4_54_NODE_1664_length_1186_cov_0.331445	1	1186	42	1186	100	3.34823	35	43.2
P4_54_NODE_1665_length_1185_cov_1.366730	1	1185	77	1122	94.6835	8.99409	35.3	59.1
P4_54_NODE_1666_length_1185_cov_0.964083	1	1185	56	1185	100	6.35105	36.1	52.5
P4_54_NODE_1667_length_1184_cov_0.881741	1	1184	61	1184	100	6.24493	35.5	53.5
P4_54_NODE_1668_length_1184_cov_0.590350	1	1184	34	1184	100	3.93159	36.1	56.5
P4_54_NODE_1669_length_1184_cov_0.578997	1	1184	42	1184	100	4.10811	35.9	50.2
P4_54_NODE_1670_length_1183_cov_0.632576	1	1183	48	1183	100	4.94421	36.3	49.6
P4_54_NODE_1671_length_1182_cov_12541.565877	1	1182	939942	1182	100	104863	35.5	59.9
P4_54_NODE_1672_length_1182_cov_0.471090	1	1182	22	1182	100	2.80711	35.1	60
P4_54_NODE_1673_length_1182_cov_0.275829	1	1182	52	1182	100	3.23689	35.1	36.7
P4_54_NODE_1674_length_1181_cov_0.496205	1	1181	54	1181	100	4.48095	35.5	38.7
P4_54_NODE_1675_length_1180_cov_0.425451	1	1180	41	1180	100	4.30932	34.3	57.6
P4_54_NODE_1676_length_1179_cov_0.828897	1	1179	133	1179	100	11.2536	34.4	50.7
P4_54_NODE_1677_length_1178_cov_9.220742	1	1178	605	1178	100	71.1672	36	59
P4_54_NODE_1678_length_1178_cov_0.672693	1	1178	45	1178	100	4.8056	36.1	54.2
P4_54_NODE_1679_length_1177_cov_0.849524	1	1177	45	1177	100	5.65166	35.6	60
P4_54_NODE_1680_length_1177_cov_0.530476	1	1177	66	1177	100	4.92438	34.3	44.8
P4_54_NODE_1681_length_1176_cov_0.896092	1	1176	81	1176	100	8.27721	36.1	51.6
P4_54_NODE_1682_length_1176_cov_0.477598	1	1176	34	1176	100	3.6267	35.9	55.9
P4_54_NODE_1683_length_1176_cov_0.313632	1	1176	35	1176	100	3.42772	34.5	54.9
P4_54_NODE_1684_length_1175_cov_0.875000	1	1175	95	1175	100	8.20596	35.1	45.9
P4_54_NODE_1685_length_1174_cov_0.844317	1	1174	96	1174	100	10.1014	36.1	56.7
P4_54_NODE_1686_length_1174_cov_0.551098	1	1174	31	1174	100	3.76405	35.3	60
P4_54_NODE_1687_length_1174_cov_0.549188	1	1174	97	1174	100	6.67121	28.8	34.7
P4_54_NODE_1688_length_1174_cov_0.346705	1	1174	46	1174	100	4.14055	34.8	47.8
P4_54_NODE_1689_length_1173_cov_0.762906	1	1173	55	1173	100	6.16709	36.2	59.3
P4_54_NODE_1690_length_1173_cov_0.705545	1	1173	50	1173	100	5.70929	35.2	60
P4_54_NODE_1691_length_1172_cov_0.768421	1	1172	57	1172	100	6.11092	35.9	57.5
P4_54_NODE_1692_length_1172_cov_0.458373	1	1172	27	1172	100	3.27304	35.9	60
P4_54_NODE_1693_length_1171_cov_0.672414	1	1171	46	1171	100	4.72331	35.4	49.5
P4_54_NODE_1694_length_1169_cov_0.561420	1	1169	51	1149	98.2891	5.12147	34.8	55.6
P4_54_NODE_1695_length_1169_cov_0.532630	1	1169	77	1169	100	5.8657	34.2	41.5
P4_54_NODE_1696_length_1168_cov_0.599424	1	1168	53	1156	98.9726	5.375	35.6	57.6
P4_54_NODE_1697_length_1168_cov_0.586936	1	1168	75	1168	100	5.68236	34.3	41.1
P4_54_NODE_1698_length_1168_cov_0.458213	1	1168	33	1168	100	3.22346	34.7	49.8
P4_54_NODE_1699_length_1167_cov_1.025962	1	1167	97	1167	100	9.59983	35	49
P4_54_NODE_1700_length_1167_cov_0.951923	1	1167	90	1167	100	7.4473	34.9	46.7
P4_54_NODE_1701_length_1167_cov_0.845192	1	1167	69	1167	100	7.24165	34.7	56.3
P4_54_NODE_1702_length_1167_cov_0.773077	1	1167	61	1167	100	6.59897	35.8	48.9
P4_54_NODE_1703_length_1167_cov_0.507692	1	1167	30	1167	100	3.62211	35.8	60
P4_54_NODE_1704_length_1165_cov_0.874759	1	1165	53	1155	99.1416	5.97425	36.1	55.5
P4_54_NODE_1705_length_1165_cov_0.757225	1	1165	48	1165	100	5.02747	36.4	54.3
P4_54_NODE_1706_length_1165_cov_0.528902	1	1165	31	1165	100	3.58712	36.4	59.4
P4_54_NODE_1707_length_1164_cov_0.617165	1	1164	81	1164	100	7.08849	34	47.7
P4_54_NODE_1708_length_1163_cov_0.737452	1	1163	66	1163	100	6.17111	34.9	47.7
P4_54_NODE_1709_length_1163_cov_0.611004	1	1163	66	1163	100	6.3577	34	50.2
P4_54_NODE_1710_length_1163_cov_0.526062	1	1163	44	1163	100	3.96475	35.9	48.5
P4_54_NODE_1711_length_1162_cov_0.805797	1	1162	57	1153	99.2255	5.64888	36.1	49
P4_54_NODE_1712_length_1161_cov_1.166344	1	1161	74	1161	100	8.82429	34.9	57.4
P4_54_NODE_1713_length_1160_cov_0.443369	1	1160	46	1160	100	3.87241	34.9	42.3
P4_54_NODE_1714_length_1159_cov_0.834302	1	1159	46	1159	100	5.47196	36	60
P4_54_NODE_1715_length_1158_cov_0.701261	1	1158	65	1158	100	6.30397	35.8	56.5
P4_54_NODE_1716_length_1158_cov_0.629486	1	1158	57	1158	100	5.038	34.3	47.4
P4_54_NODE_1717_length_1157_cov_1.587379	1	1157	103	1157	100	12.1288	35.7	59
P4_54_NODE_1718_length_1157_cov_0.441748	1	1157	45	1125	97.2342	4.16595	35.7	46.7
P4_54_NODE_1719_length_1156_cov_1.508260	1	1156	117	1150	99.481	11.173	35.1	48
P4_54_NODE_1720_length_1156_cov_0.656948	1	1156	31	1156	100	3.90138	35.7	60
P4_54_NODE_1721_length_1156_cov_0.560739	1	1156	49	1156	100	4.57958	34.8	43.7
P4_54_NODE_1722_length_1155_cov_1.121595	1	1155	94	1155	100	8.80606	35.1	47.4
P4_54_NODE_1723_length_1155_cov_0.556420	1	1155	51	1155	100	4.73853	35.9	50
P4_54_NODE_1724_length_1155_cov_0.554475	1	1155	75	1155	100	5.9974	34.2	42.5
P4_54_NODE_1725_length_1154_cov_0.958130	1	1154	57	1154	100	6.61005	35.4	59.5
P4_54_NODE_1726_length_1153_cov_0.884990	1	1153	50	1153	100	6.05811	36.4	59.6
P4_54_NODE_1727_length_1153_cov_0.795322	1	1153	53	1153	100	5.90807	35.8	57.7
P4_54_NODE_1728_length_1152_cov_0.900488	1	1152	64	1152	100	6.76128	35.4	53.7
P4_54_NODE_1729_length_1151_cov_0.776367	1	1151	57	1151	100	6.44831	35.4	54.7
P4_54_NODE_1730_length_1151_cov_0.720703	1	1151	37	1151	100	4.60122	36.5	60
P4_54_NODE_1731_length_1151_cov_0.703125	1	1151	50	1151	100	5.44136	35.8	58.9
P4_54_NODE_1732_length_1150_cov_0.977517	1	1150	75	1150	100	8.03391	34.7	54.3
P4_54_NODE_1733_length_1150_cov_0.911046	1	1150	55	1150	100	6.43565	35.4	58.1
P4_54_NODE_1734_length_1149_cov_0.838552	1	1149	598	1149	100	28.5083	27.2	36.5
P4_54_NODE_1735_length_1149_cov_0.805284	1	1149	37	1149	100	4.70148	36	60
P4_54_NODE_1736_length_1149_cov_0.698630	1	1149	141	1149	100	8.4134	29.5	23.4
P4_54_NODE_1737_length_1149_cov_0.691781	1	1149	54	1149	100	5.7537	35.2	59
P4_54_NODE_1738_length_1149_cov_0.677104	1	1149	67	1149	100	6.50218	35.6	48.5
P4_54_NODE_1739_length_1148_cov_0.471107	1	1148	1342	1148	100	67.581	23.2	2.38
P4_54_NODE_1740_length_1148_cov_0.287953	1	1148	33	1148	100	3.25436	35.9	57.6
P4_54_NODE_1741_length_1146_cov_1.019627	1	1146	61	1146	100	7.40838	35.8	58
P4_54_NODE_1742_length_1145_cov_0.636542	1	1145	41	1145	100	4.46026	35.5	52.5
P4_54_NODE_1743_length_1145_cov_0.599214	1	1145	47	1145	100	4.85153	34.8	54.1
P4_54_NODE_1744_length_1145_cov_0.493124	1	1145	56	1145	100	4.44629	35.3	41.3
P4_54_NODE_1745_length_1144_cov_0.632252	1	1144	36	1144	100	4.28059	35.9	59.4
P4_54_NODE_1746_length_1143_cov_0.904528	1	1143	54	1143	100	6.28259	36.1	57
P4_54_NODE_1747_length_1142_cov_4936.510345	1	1142	316455	1142	100	37845.9	35.8	59.1
P4_54_NODE_1748_length_1140_cov_8.149961	1	1140	563	1140	100	64.3053	36	60
P4_54_NODE_1749_length_1140_cov_1.113524	1	1140	210	1140	100	25.0132	36.1	44.9
P4_54_NODE_1750_length_1140_cov_0.953603	1	1140	92	1140	100	8.9193	36.2	39.9
P4_54_NODE_1751_length_1140_cov_0.711747	1	1140	49	1140	100	5.43509	35.5	57.6
P4_54_NODE_1752_length_1139_cov_1.085968	1	1139	81	1139	100	8.83933	35.2	56.1
P4_54_NODE_1753_length_1139_cov_0.468379	1	1139	43	1139	100	4.33802	36	47
P4_54_NODE_1754_length_1134_cov_0.967229	1	1134	66	1134	100	6.82716	35.9	50.2
P4_54_NODE_1755_length_1134_cov_0.595829	1	1134	62	1134	100	5.6843	35.6	59.5
P4_54_NODE_1756_length_1134_cov_0.431976	1	1134	36	1134	100	3.42681	36.1	57.2
P4_54_NODE_1757_length_1132_cov_0.737313	1	1132	54	1132	100	6.28004	35.5	55.6
P4_54_NODE_1758_length_1132_cov_0.646766	1	1132	32	1132	100	3.93286	36.1	58.7
P4_54_NODE_1759_length_1131_cov_0.863546	1	1131	47	1131	100	5.51547	35.8	55.1
P4_54_NODE_1760_length_1130_cov_2.703888	1	1130	167	1130	100	18.5619	35.8	53.3
P4_54_NODE_1761_length_1130_cov_0.422732	1	1130	34	1130	100	3.62389	35.3	51.6
P4_54_NODE_1762_length_1128_cov_0.927073	1	1128	76	1128	100	8.0266	35.8	54.2
P4_54_NODE_1763_length_1128_cov_0.515485	1	1128	45	1128	100	4.91489	35.7	59.1
P4_54_NODE_1764_length_1128_cov_0.428571	1	1128	48	1128	100	3.85461	35.8	41.8
P4_54_NODE_1765_length_1125_cov_0.881764	1	1125	58	1125	100	6.36978	35.8	52.3
P4_54_NODE_1766_length_1125_cov_0.598196	1	1125	49	1125	100	5.32267	36	57.6
P4_54_NODE_1767_length_1124_cov_0.889669	1	1124	66	1114	99.1103	6.39413	36.3	51.3
P4_54_NODE_1768_length_1123_cov_0.880522	1	1123	41	1123	100	5.35263	35.7	60
P4_54_NODE_1769_length_1123_cov_0.664659	1	1123	34	1123	100	4.30899	36.3	60
P4_54_NODE_1770_length_1123_cov_0.556225	1	1123	51	1123	100	4.47907	35.7	47.5
P4_54_NODE_1771_length_1123_cov_0.518072	1	1123	28	1123	100	3.37667	36	57.9
P4_54_NODE_1772_length_1122_cov_16.302513	1	1122	1070	1122	100	129.761	35.5	57.9
P4_54_NODE_1773_length_1121_cov_0.881288	1	1121	67	1121	100	6.71543	35.4	50.2
P4_54_NODE_1774_length_1121_cov_0.573441	1	1121	38	1121	100	4.18287	35.1	53.4
P4_54_NODE_1775_length_1120_cov_1.726083	1	1120	117	1120	100	13.2366	35.9	56.7
P4_54_NODE_1776_length_1120_cov_0.947633	1	1120	53	1120	100	6.33482	36	58.1
P4_54_NODE_1777_length_1120_cov_0.625378	1	1120	32	1120	100	3.89196	36.5	59
P4_54_NODE_1778_length_1120_cov_0.435045	1	1120	45	1120	100	4.28839	35.7	54.4
P4_54_NODE_1779_length_1119_cov_0.630040	1	1119	36	1119	100	4.37712	36.2	60
P4_54_NODE_1780_length_1118_cov_0.674067	1	1118	55	1118	100	5.48122	35.8	52.9
P4_54_NODE_1781_length_1118_cov_0.529768	1	1118	35	1118	100	4.16726	36.2	60
P4_54_NODE_1782_length_1118_cov_0.404642	1	1118	32	1118	100	2.93292	35.4	55.7
P4_54_NODE_1783_length_1117_cov_0.331313	1	1117	26	1117	100	2.92211	35.1	60
P4_54_NODE_1784_length_1116_cov_0.758342	1	1116	40	1092	97.8495	5.09767	35.4	60
P4_54_NODE_1785_length_1116_cov_0.524772	1	1116	29	1108	99.2832	3.35842	36.2	53
P4_54_NODE_1786_length_1115_cov_0.670040	1	1115	39	1115	100	4.77309	35.4	59.3
P4_54_NODE_1787_length_1114_cov_0.766971	1	1114	54	1114	100	5.72711	35.2	52.1
P4_54_NODE_1788_length_1113_cov_1.039554	1	1113	77	1113	100	8.6469	35.9	57.9
P4_54_NODE_1789_length_1113_cov_1.032454	1	1113	51	1113	100	6.62534	35.9	60
P4_54_NODE_1790_length_1113_cov_0.636917	1	1113	55	1113	100	5.10153	35.7	46.2
P4_54_NODE_1791_length_1113_cov_0.624746	1	1113	40	1113	100	4.5885	35.5	57.1
P4_54_NODE_1792_length_1113_cov_0.353955	1	1113	25	1113	100	2.8239	35.1	55
P4_54_NODE_1793_length_1112_cov_0.938071	1	1112	49	1112	100	6.08094	35.8	56.3
P4_54_NODE_1794_length_1112_cov_0.770558	1	1112	49	1112	100	5.64838	36.1	56
P4_54_NODE_1795_length_1110_cov_0.570702	1	1110	32	1110	100	3.72793	36.2	55.1
P4_54_NODE_1796_length_1109_cov_0.687373	1	1109	47	1109	100	5.29396	35.9	54.8
P4_54_NODE_1797_length_1108_cov_0.835882	1	1108	50	1108	100	6.18682	35.2	60
P4_54_NODE_1798_length_1107_cov_1.252041	1	1107	76	1107	100	8.96025	35.3	55.8
P4_54_NODE_1799_length_1107_cov_0.822449	1	1107	87	1107	100	10.0361	35.9	59.2
P4_54_NODE_1800_length_1107_cov_0.798980	1	1107	42	1107	100	5.26829	35	57.3
P4_54_NODE_1801_length_1106_cov_0.379980	1	1106	33	1106	100	4.10488	36.4	60
P4_54_NODE_1802_length_1105_cov_0.830266	1	1105	54	1105	100	6.25701	35.6	57.5
P4_54_NODE_1803_length_1105_cov_0.754601	1	1105	34	1096	99.1855	4.57647	36.4	60
P4_54_NODE_1804_length_1105_cov_0.439673	1	1105	53	1105	100	4.65158	35.7	43.3
P4_54_NODE_1805_length_1104_cov_0.659161	1	1104	55	1104	100	6.27989	35.1	57.2
P4_54_NODE_1806_length_1104_cov_0.638690	1	1104	37	1104	100	4.53533	35.8	60
P4_54_NODE_1807_length_1103_cov_0.706967	1	1103	52	1103	100	5.96555	34.9	57.6
P4_54_NODE_1808_length_1103_cov_0.600410	1	1103	31	1089	98.7307	3.99909	36.6	58.6
P4_54_NODE_1809_length_1103_cov_0.535861	1	1103	37	1103	100	3.83681	35.2	53.9
P4_54_NODE_1810_length_1102_cov_0.702564	1	1102	46	1102	100	5.01361	35.7	56.5
P4_54_NODE_1811_length_1102_cov_0.349744	1	1102	25	1102	100	3.05082	34.8	60
P4_54_NODE_1812_length_1101_cov_0.666324	1	1101	35	1101	100	4.41599	36.1	58.9
P4_54_NODE_1813_length_1100_cov_16.933170	1	1100	1144	1100	100	130.615	35.6	59.7
P4_54_NODE_1814_length_1099_cov_1.708848	1	1099	175	1099	100	15.5077	34.4	46.2
P4_54_NODE_1815_length_1099_cov_1.541152	1	1099	91	1099	100	10.7962	34.8	53.7
P4_54_NODE_1816_length_1099_cov_1.108025	1	1099	79	1099	100	8.27753	36.1	49.8
P4_54_NODE_1817_length_1099_cov_0.547325	1	1099	42	1099	100	4.61874	34.9	56
P4_54_NODE_1818_length_1099_cov_0.469136	1	1099	39	1089	99.0901	3.89263	34.5	56.6
P4_54_NODE_1819_length_1098_cov_0.704428	1	1098	75	1098	100	5.85428	35.3	42.2
P4_54_NODE_1820_length_1097_cov_0.574227	1	1097	36	1097	100	4.4412	34.5	55.9
P4_54_NODE_1821_length_1096_cov_0.843137	1	1096	52	1096	100	6.09398	34.9	56.7
P4_54_NODE_1822_length_1096_cov_0.743034	1	1096	38	1096	100	4.81113	36	58.9
P4_54_NODE_1823_length_1096_cov_0.526316	1	1096	26	1096	100	3.10584	36.4	50.8
P4_54_NODE_1824_length_1096_cov_0.485036	1	1096	37	1096	100	3.81569	35.5	54.2
P4_54_NODE_1825_length_1095_cov_1.581612	1	1095	78	1095	100	10.4868	35.7	60
P4_54_NODE_1826_length_1095_cov_0.750000	1	1095	81	1095	100	7.33425	34.4	46
P4_54_NODE_1827_length_1095_cov_0.519628	1	1095	34	1095	100	4.1726	36.2	60
P4_54_NODE_1828_length_1094_cov_7.273009	1	1094	683	1094	100	79.7971	35.9	54.8
P4_54_NODE_1829_length_1094_cov_0.728025	1	1094	34	1094	100	4.21572	36.4	58.7
P4_54_NODE_1830_length_1094_cov_0.531541	1	1094	33	1094	100	4.07861	36	60
P4_54_NODE_1831_length_1093_cov_0.624224	1	1093	59	1093	100	6.18115	34.7	52.5
P4_54_NODE_1832_length_1092_cov_0.732642	1	1092	72	1092	100	6.8663	35.7	53.2
P4_54_NODE_1833_length_1091_cov_1.409751	1	1091	109	1091	100	11.6196	35.8	54
P4_54_NODE_1834_length_1090_cov_7.029581	1	1090	495	1090	100	59.5624	35.4	58.5
P4_54_NODE_1835_length_1090_cov_0.934579	1	1090	74	1090	100	7.30275	35.3	45
P4_54_NODE_1836_length_1089_cov_0.751559	1	1089	57	1089	100	5.95868	35.5	53.9
P4_54_NODE_1837_length_1089_cov_0.683992	1	1089	30	1089	100	4.09091	35.8	59.4
P4_54_NODE_1838_length_1089_cov_0.682952	1	1089	48	1089	100	5.14876	35.1	51.3
P4_54_NODE_1839_length_1088_cov_1.195630	1	1088	79	1075	98.8051	8.12408	34.9	46.7
P4_54_NODE_1840_length_1087_cov_0.809375	1	1087	59	1087	100	6.70653	36.1	59.4
P4_54_NODE_1841_length_1086_cov_1.019812	1	1086	54	1086	100	6.78821	36.4	59.5
P4_54_NODE_1842_length_1086_cov_0.832117	1	1086	46	1086	100	5.63996	35.8	58.9
P4_54_NODE_1843_length_1084_cov_0.613375	1	1084	35	1084	100	4.3238	35.6	59
P4_54_NODE_1844_length_1083_cov_0.352510	1	1083	56	1083	100	4.34257	34.2	40.4
P4_54_NODE_1845_length_1081_cov_1.061845	1	1081	65	1081	100	7.605	35.5	58.1
P4_54_NODE_1846_length_1081_cov_0.841719	1	1081	43	1081	100	5.58279	36.3	60
P4_54_NODE_1847_length_1081_cov_0.775681	1	1081	56	1081	100	6.41906	35.4	53.9
P4_54_NODE_1848_length_1081_cov_0.536688	1	1081	27	1081	100	3.39315	35.6	55.6
P4_54_NODE_1849_length_1081_cov_0.449686	1	1081	42	1081	100	5.19426	36.1	60
P4_54_NODE_1850_length_1081_cov_0.254717	1	1081	63	1081	100	3.64662	34.5	28.4
P4_54_NODE_1851_length_1080_cov_1.477440	1	1080	97	1080	100	11.1185	36	57.4
P4_54_NODE_1852_length_1080_cov_0.601259	1	1080	51	1080	100	5.06019	35.8	53.3
P4_54_NODE_1853_length_1080_cov_0.554040	1	1080	35	1080	100	4.09722	35	55.6
P4_54_NODE_1854_length_1079_cov_1.418067	1	1079	101	1079	100	11.798	36.2	55.2
P4_54_NODE_1855_length_1079_cov_0.822479	1	1079	53	1079	100	6.09824	35.5	56.9
P4_54_NODE_1856_length_1077_cov_0.638947	1	1077	43	1077	100	4.97029	35	58.7
P4_54_NODE_1857_length_1077_cov_0.472632	1	1077	32	1077	100	3.53296	36.5	57.9
P4_54_NODE_1858_length_1076_cov_1.879874	1	1076	127	1076	100	14.3745	35.8	55.6
P4_54_NODE_1859_length_1076_cov_1.247629	1	1076	81	1076	100	9.44331	35.7	52
P4_54_NODE_1860_length_1075_cov_0.835443	1	1075	52	1075	100	6.14233	35.9	59.2
P4_54_NODE_1861_length_1075_cov_0.789030	1	1075	39	1075	100	5.24093	34.9	60
P4_54_NODE_1862_length_1075_cov_0.744726	1	1075	51	1075	100	5.11256	35.5	50.1
P4_54_NODE_1863_length_1074_cov_0.621964	1	1074	34	1074	100	4.36499	35.9	57
P4_54_NODE_1864_length_1073_cov_0.495772	1	1073	32	1064	99.1612	3.7055	34.8	57
P4_54_NODE_1865_length_1073_cov_0.458774	1	1073	31	1073	100	3.48835	35.2	56.1
P4_54_NODE_1866_length_1073_cov_0.349894	1	1073	26	1073	100	2.98975	36.2	58.7
P4_54_NODE_1867_length_1072_cov_0.373545	1	1072	29	1043	97.2948	3.36287	36.3	53.8
P4_54_NODE_1868_length_1071_cov_0.620763	1	1071	37	1071	100	4.47619	35.6	55.2
P4_54_NODE_1869_length_1071_cov_0.574153	1	1071	25	1071	100	3.28105	36.4	55.2
P4_54_NODE_1870_length_1071_cov_0.518008	1	1071	33	1071	100	4.11298	36.4	58.8
P4_54_NODE_1871_length_1071_cov_0.350636	1	1071	18	1071	100	2.42484	35.7	60
P4_54_NODE_1872_length_1070_cov_0.619300	1	1070	39	1070	100	4.38785	36.2	53.8
P4_54_NODE_1873_length_1070_cov_0.604454	1	1070	458	1070	100	27.229	25.6	9.11
P4_54_NODE_1874_length_1069_cov_0.716561	1	1069	49	1069	100	5.47428	35.8	54.6
P4_54_NODE_1875_length_1069_cov_0.234607	1	1069	37	1069	100	2.9392	34.7	48.2
P4_54_NODE_1876_length_1068_cov_0.616366	1	1068	40	1068	100	4.12079	36.3	54.9
P4_54_NODE_1877_length_1067_cov_1.235106	1	1067	72	1067	100	8.50328	36.1	53.8
P4_54_NODE_1878_length_1067_cov_0.851064	1	1067	48	1067	100	5.73758	36.2	57.5
P4_54_NODE_1879_length_1067_cov_0.676596	1	1067	35	1067	100	4.60825	35.6	58.5
P4_54_NODE_1880_length_1067_cov_0.608511	1	1067	38	1067	100	4.51078	35.9	56.8
P4_54_NODE_1881_length_1067_cov_0.471277	1	1067	24	1067	100	2.99344	36.1	55
P4_54_NODE_1882_length_1066_cov_0.681576	1	1066	41	1066	100	4.72702	35.8	59
P4_54_NODE_1883_length_1066_cov_0.602769	1	1066	32	1066	100	4.2045	35.2	59.1
P4_54_NODE_1884_length_1066_cov_0.554846	1	1066	46	1066	100	5.64071	36.4	60
P4_54_NODE_1885_length_1065_cov_0.521322	1	1065	27	1065	100	3.65728	36	60
P4_54_NODE_1886_length_1065_cov_0.446695	1	1065	37	1065	100	3.90329	36.1	54.3
P4_54_NODE_1887_length_1065_cov_0.442431	1	1065	25	1065	100	3.26948	34.5	60
P4_54_NODE_1888_length_1064_cov_0.490928	1	1064	28	1064	100	3.57331	36.2	60
P4_54_NODE_1889_length_1062_cov_0.935829	1	1062	57	1062	100	6.67891	35.2	56.1
P4_54_NODE_1890_length_1062_cov_0.506952	1	1062	29	1062	100	3.24765	35.8	50.8
P4_54_NODE_1891_length_1061_cov_1.047109	1	1061	88	1061	100	9.03016	35.6	51.8
P4_54_NODE_1892_length_1060_cov_23.890675	1	1060	1443	1060	100	182.388	35.8	47.8
P4_54_NODE_1893_length_1059_cov_0.718884	1	1059	50	1059	100	5.38527	36	55.1
P4_54_NODE_1894_length_1059_cov_0.551502	1	1059	33	1059	100	4.24551	36	54.5
P4_54_NODE_1895_length_1059_cov_0.471030	1	1059	47	1059	100	4.38338	34.9	41.9
P4_54_NODE_1896_length_1058_cov_0.873255	1	1058	49	1058	100	6.3138	35.8	60
P4_54_NODE_1897_length_1058_cov_0.828142	1	1058	50	1058	100	5.69943	36.3	55.7
P4_54_NODE_1898_length_1058_cov_0.752954	1	1058	43	1046	98.8658	5.73346	35.8	60
P4_54_NODE_1899_length_1057_cov_0.494624	1	1057	27	1048	99.1485	3.51183	36.4	55.6
P4_54_NODE_1900_length_1056_cov_0.584499	1	1056	26	1056	100	3.47159	35.6	57.1
P4_54_NODE_1901_length_1056_cov_0.526372	1	1056	23	1056	100	3.21875	36.1	60
P4_54_NODE_1902_length_1054_cov_1.243797	1	1054	56	1054	100	7.83207	36.2	60
P4_54_NODE_1903_length_1054_cov_0.435814	1	1054	112	1054	100	11.6935	36.3	34.7
P4_54_NODE_1904_length_1053_cov_1.656587	1	1053	152	1053	100	19.4986	35.8	44
P4_54_NODE_1905_length_1052_cov_0.977297	1	1052	75	1052	100	8.30038	35.3	54.4
P4_54_NODE_1906_length_1051_cov_303.861472	1	1051	14856	1051	100	1963.06	35.9	53.2
P4_54_NODE_1907_length_1051_cov_1.364719	1	1051	66	1051	100	8.94767	35.6	60
P4_54_NODE_1908_length_1051_cov_0.716450	1	1051	34	1051	100	4.44529	36.1	56.5
P4_54_NODE_1909_length_1051_cov_0.615801	1	1051	33	1051	100	4.20266	34.5	57
P4_54_NODE_1910_length_1050_cov_1.525460	1	1050	113	1018	96.9524	12.6667	35.6	54.9
P4_54_NODE_1911_length_1050_cov_0.406284	1	1050	45	1050	100	3.48667	35.2	38.9
P4_54_NODE_1912_length_1050_cov_0.400867	1	1050	21	1050	100	2.83238	36.1	60
P4_54_NODE_1913_length_1050_cov_0.297941	1	1050	45	1050	100	3.07619	35.1	41.3
P4_54_NODE_1914_length_1049_cov_0.718004	1	1049	47	1049	100	5.59009	35.9	57.6
P4_54_NODE_1915_length_1049_cov_0.462039	1	1049	28	1049	100	3.7531	35.2	60
P4_54_NODE_1916_length_1049_cov_0.412148	1	1049	34	1029	98.0934	3.85796	35.3	53.3
P4_54_NODE_1917_length_1048_cov_0.980456	1	1048	56	1048	100	6.88359	35.4	59.6
P4_54_NODE_1918_length_1047_cov_0.907609	1	1047	75	1047	100	7.62655	35.8	55.5
P4_54_NODE_1919_length_1047_cov_0.859783	1	1047	45	1047	100	5.87679	36	57.5
P4_54_NODE_1920_length_1047_cov_0.353261	1	1047	27	1047	100	3.10984	34.3	54.5
P4_54_NODE_1921_length_1046_cov_0.545158	1	1046	61	1046	100	5.11663	35.7	40.6
P4_54_NODE_1922_length_1045_cov_1.051198	1	1045	60	1045	100	6.81148	36.5	54.7
P4_54_NODE_1923_length_1045_cov_0.957516	1	1045	57	1045	100	7.01914	35.6	55.5
P4_54_NODE_1924_length_1045_cov_0.667756	1	1045	28	1045	100	3.94641	35.8	60
P4_54_NODE_1925_length_1044_cov_0.956379	1	1044	42	1044	100	5.93678	35.9	60
P4_54_NODE_1926_length_1044_cov_0.880044	1	1044	931	1044	100	70.1379	31.9	23.3
P4_54_NODE_1927_length_1044_cov_0.472192	1	1044	28	1044	100	3.50096	35.2	60
P4_54_NODE_1928_length_1043_cov_1.061135	1	1043	742	1043	100	44.8926	22.2	11
P4_54_NODE_1929_length_1043_cov_0.981441	1	1043	110	1043	100	9.82838	34.6	44.7
P4_54_NODE_1930_length_1043_cov_0.729258	1	1043	83	1043	100	7.3605	34.7	44.3
P4_54_NODE_1931_length_1043_cov_0.671397	1	1043	34	1043	100	4.5954	35.8	59.2
P4_54_NODE_1932_length_1043_cov_0.429039	1	1043	24	1043	100	2.94823	35.5	51.8
P4_54_NODE_1933_length_1042_cov_1.368306	1	1042	83	1042	100	9.30614	35.8	49.6
P4_54_NODE_1934_length_1042_cov_0.866667	1	1042	47	1042	100	6.13436	36.5	55.3
P4_54_NODE_1935_length_1042_cov_0.755191	1	1042	75	1042	100	7.6881	34.3	53.2
P4_54_NODE_1936_length_1042_cov_0.614208	1	1042	42	1042	100	3.87044	36	40.5
P4_54_NODE_1937_length_1042_cov_0.556284	1	1042	23	1042	100	3.33205	36.4	60
P4_54_NODE_1938_length_1042_cov_0.321311	1	1042	19	1042	100	2.37812	35.7	54.2
P4_54_NODE_1939_length_1041_cov_1.333698	1	1041	66	1041	100	8.78674	35.8	60
P4_54_NODE_1940_length_1041_cov_0.375274	1	1041	17	1041	100	2.4659	36.3	60
P4_54_NODE_1941_length_1040_cov_1.062432	1	1040	64	1040	100	8.0625	36.4	57
P4_54_NODE_1942_length_1040_cov_0.797371	1	1040	41	1040	100	5.54712	35.6	60
P4_54_NODE_1943_length_1040_cov_0.545455	1	1040	34	1040	100	4.24615	34.9	55.6
P4_54_NODE_1944_length_1040_cov_0.418401	1	1040	21	1040	100	2.93077	35.7	59.4
P4_54_NODE_1945_length_1039_cov_1.734649	1	1039	108	1039	100	13.4321	35	51.1
P4_54_NODE_1946_length_1039_cov_1.183114	1	1039	64	1039	100	7.87584	35.5	55.7
P4_54_NODE_1947_length_1039_cov_0.732456	1	1039	37	1039	100	4.89702	35.8	57.2
P4_54_NODE_1948_length_1039_cov_0.729167	1	1039	41	1039	100	5.0924	36	57.5
P4_54_NODE_1949_length_1039_cov_0.724781	1	1039	37	1039	100	5.08277	35.6	59.1
P4_54_NODE_1950_length_1039_cov_0.571272	1	1039	32	1039	100	4.11935	35.4	56.7
P4_54_NODE_1951_length_1039_cov_0.462719	1	1039	30	1039	100	3.67854	35.2	56
P4_54_NODE_1952_length_1038_cov_0.421515	1	1038	50	1038	100	4.62331	35.5	43.3
P4_54_NODE_1953_length_1037_cov_1.591209	1	1037	75	1037	100	10.5111	36	60
P4_54_NODE_1954_length_1037_cov_1.161538	1	1037	80	1037	100	8.98264	35.1	48
P4_54_NODE_1955_length_1037_cov_0.916484	1	1037	48	1037	100	6.33173	36.3	60
P4_54_NODE_1956_length_1037_cov_0.747253	1	1037	37	1037	100	4.93346	35.5	60
P4_54_NODE_1957_length_1036_cov_35.486249	1	1036	2951	1036	100	335.248	35.9	41.6
P4_54_NODE_1958_length_1036_cov_0.709571	1	1036	39	1036	100	5.21718	36.2	60
P4_54_NODE_1959_length_1036_cov_0.628163	1	1036	32	1027	99.1313	4.34653	35.8	60
P4_54_NODE_1960_length_1036_cov_0.577558	1	1036	57	1036	100	6.44112	35.9	58.5
P4_54_NODE_1961_length_1036_cov_0.519252	1	1036	31	1036	100	4.03958	35.7	60
P4_54_NODE_1962_length_1035_cov_0.211454	1	1035	42	1035	100	3.20966	34.6	45.1
P4_54_NODE_1963_length_1034_cov_1.006615	1	1034	54	1034	100	7.353	36	60
P4_54_NODE_1964_length_1034_cov_0.725469	1	1034	33	1034	100	4.44004	35.4	58.8
P4_54_NODE_1965_length_1034_cov_0.678060	1	1034	47	1034	100	4.84623	36.3	50.2
P4_54_NODE_1966_length_1034_cov_0.377067	1	1034	32	1034	100	3.46325	36	57.2
P4_54_NODE_1967_length_1033_cov_0.357616	1	1033	34	1033	100	3.15198	35	38.2
P4_54_NODE_1968_length_1032_cov_0.775691	1	1032	40	1032	100	5.18508	35.8	57.9
P4_54_NODE_1969_length_1032_cov_0.556906	1	1032	37	1032	100	4.26453	35.7	57.4
P4_54_NODE_1970_length_1031_cov_1.030973	1	1031	47	1031	100	6.60815	36.1	59.3
P4_54_NODE_1971_length_1031_cov_0.505531	1	1031	39	1031	100	4.31038	36.1	56
P4_54_NODE_1972_length_1030_cov_0.514950	1	1030	27	985	95.6311	3.54369	35.1	55.6
P4_54_NODE_1973_length_1030_cov_0.403101	1	1030	38	1030	100	2.9233	35.7	42.6
P4_54_NODE_1974_length_1030_cov_0.383167	1	1030	35	1030	100	4.0534	34.7	52.7
P4_54_NODE_1975_length_1029_cov_1.231707	1	1029	68	1029	100	7.8241	35.3	55
P4_54_NODE_1976_length_1029_cov_1.131929	1	1029	89	981	95.3353	9.59767	35.6	49.2
P4_54_NODE_1977_length_1029_cov_0.491131	1	1029	25	1029	100	3.17007	35.7	59.4
P4_54_NODE_1978_length_1027_cov_1.187778	1	1027	70	1027	100	8.27556	34.7	49
P4_54_NODE_1979_length_1027_cov_0.573333	1	1027	46	1027	100	5.64752	36.1	55.7
P4_54_NODE_1980_length_1027_cov_0.571111	1	1027	36	1027	100	4.28822	35.9	58.9
P4_54_NODE_1981_length_1026_cov_0.868743	1	1026	50	1026	100	6.41813	36.1	60
P4_54_NODE_1982_length_1025_cov_0.492205	1	1025	32	1025	100	3.98146	36.1	58.2
P4_54_NODE_1983_length_1024_cov_2.538462	1	1024	169	1024	100	21.0537	35.2	57.9
P4_54_NODE_1984_length_1023_cov_1.047991	1	1023	54	1023	100	7.03519	35.6	54.9
P4_54_NODE_1985_length_1022_cov_1.046927	1	1022	55	1022	100	7.18982	35.7	56.9
P4_54_NODE_1986_length_1022_cov_0.617877	1	1022	26	1022	100	3.7407	35	60
P4_54_NODE_1987_length_1022_cov_0.343017	1	1022	24	1022	100	2.85714	35.9	58.3
P4_54_NODE_1988_length_1021_cov_1.164430	1	1021	57	1021	100	7.8335	35.1	60
P4_54_NODE_1989_length_1021_cov_1.044743	1	1021	48	1021	100	6.30558	35.9	58.6
P4_54_NODE_1990_length_1020_cov_0.963046	1	1020	372	1020	100	18.7314	25.8	14
P4_54_NODE_1991_length_1019_cov_1.270179	1	1019	62	1019	100	8.39745	36	59.4
P4_54_NODE_1992_length_1018_cov_0.579125	1	1018	53	1018	100	5.98035	34.6	51.5
P4_54_NODE_1993_length_1017_cov_0.683146	1	1017	78	1017	100	7.60865	34.5	52.2
P4_54_NODE_1994_length_1017_cov_0.584270	1	1017	35	1017	100	4.36578	35.7	54.9
P4_54_NODE_1995_length_1017_cov_0.420225	1	1017	21	1017	100	2.7178	35.8	58.1
P4_54_NODE_1996_length_1017_cov_0.308989	1	1017	31	1010	99.3117	3.94494	35.4	59
P4_54_NODE_1997_length_1016_cov_11561.241845	1	1016	768005	1016	100	99051.9	35.3	59.4
P4_54_NODE_1998_length_1016_cov_0.385827	1	1016	23	1016	100	2.79232	35.8	51.1
P4_54_NODE_1999_length_1015_cov_0.898649	1	1015	62	1015	100	6.65911	36	48.9
P4_54_NODE_2000_length_1015_cov_0.870495	1	1015	56	1015	100	5.87094	35.7	49.6
P4_54_NODE_2001_length_1015_cov_0.809685	1	1015	49	1015	100	5.67783	36.1	57.3
P4_54_NODE_2002_length_1015_cov_0.439189	1	1015	29	1015	100	3.58424	34.1	57.9
P4_54_NODE_2003_length_1014_cov_0.765502	1	1014	52	1014	100	5.93195	36	51.3
P4_54_NODE_2004_length_1014_cov_0.647125	1	1014	35	1014	100	4.47337	35.9	54.2
P4_54_NODE_2005_length_1014_cov_0.231116	1	1014	13	1014	100	1.73866	36.1	60
P4_54_NODE_2006_length_1013_cov_0.848758	1	1013	62	1013	100	7.1767	35.8	52.7
P4_54_NODE_2007_length_1013_cov_0.533860	1	1013	41	1013	100	4.61599	35.8	47
P4_54_NODE_2008_length_1013_cov_0.446953	1	1013	27	1013	100	3.44521	35.5	55.6
P4_54_NODE_2009_length_1013_cov_0.208804	1	1013	25	1013	100	2.3692	34.9	44.2
P4_54_NODE_2010_length_1012_cov_0.570621	1	1012	44	1012	100	4.76186	35.6	48.6
P4_54_NODE_2011_length_1012_cov_0.542373	1	1012	36	1012	100	4.3251	36.3	55.9
P4_54_NODE_2012_length_1011_cov_0.738688	1	1011	47	1011	100	5.89812	35	56.6
P4_54_NODE_2013_length_1011_cov_0.414027	1	1011	56	1011	100	4.15035	35.3	32.2
P4_54_NODE_2014_length_1010_cov_1.281993	1	1010	80	1010	100	9.42574	35.6	48.3
P4_54_NODE_2015_length_1010_cov_0.640997	1	1010	39	1003	99.3069	5.26733	35.1	57.1
P4_54_NODE_2016_length_1010_cov_0.463194	1	1010	27	1010	100	3.34158	35.8	59.9
P4_54_NODE_2017_length_1009_cov_0.950113	1	1009	49	1007	99.8018	6.81566	35.1	56.5
P4_54_NODE_2018_length_1007_cov_0.528409	1	1007	27	1007	100	3.64647	35.9	55.6
P4_54_NODE_2019_length_1006_cov_2.160410	1	1006	191	992	98.6083	20.9185	33.6	49.3
P4_54_NODE_2020_length_1006_cov_0.608646	1	1006	29	997	99.1054	4.02087	36.3	60
P4_54_NODE_2021_length_1006_cov_0.547213	1	1006	45	939	93.34	5.20676	35.8	53
P4_54_NODE_2022_length_1005_cov_0.900911	1	1005	74	1005	100	7.68657	35.3	45.9
P4_54_NODE_2023_length_1005_cov_0.624146	1	1005	29	1005	100	3.83881	35.9	56.7
P4_54_NODE_2024_length_1005_cov_0.378132	1	1005	22	1005	100	2.93731	36	60
P4_54_NODE_2025_length_1003_cov_0.965753	1	1003	57	1003	100	7.21735	35.9	54.7
P4_54_NODE_2026_length_1003_cov_0.565068	1	1003	33	1003	100	3.62911	35.1	49.5
P4_54_NODE_2027_length_1003_cov_0.452055	1	1003	27	1003	100	3.2004	35.2	57.2
P4_54_NODE_2028_length_1002_cov_0.374857	1	1002	43	996	99.4012	4.21058	34.4	49.2
P4_54_NODE_2029_length_1001_cov_0.521739	1	1001	31	1001	100	4.12887	35.4	55.3
P4_54_NODE_2030_length_1000_cov_0.671249	1	1000	30	1000	100	3.968	36.4	58.7
P4_54_NODE_2031_length_1000_cov_0.671249	1	1000	42	1000	100	5.026	34.9	54.4
P4_54_NODE_2032_length_1000_cov_0.491409	1	1000	106	1000	100	6.306	31.3	24.7
P4_54_NODE_2033_length_1000_cov_0.490263	1	1000	24	1000	100	3.14	36.1	56.8
