#rname	startpos	endpos	numreads	covbases	coverage	meandepth	meanbaseq	meanmapq
P4_82_NODE_1_length_90391_cov_1832.473433	1	90391	9401693	90391	100	14829.8	35.8	60
P4_82_NODE_2_length_80130_cov_12.255815	1	80130	56202	80123	99.9913	96.962	35.8	59.5
P4_82_NODE_3_length_72235_cov_15.315513	1	72235	62200	72226	99.9875	119.608	35.9	59.7
P4_82_NODE_4_length_66527_cov_55.955813	1	66527	217732	66524	99.9955	450.107	35.9	58.9
P4_82_NODE_5_length_57208_cov_10.306459	1	57208	31646	57208	100	76.7442	35.9	57.2
P4_82_NODE_6_length_55488_cov_20.495331	1	55488	68843	55294	99.6504	167.614	35.8	56.4
P4_82_NODE_7_length_51138_cov_67.875282	1	51138	190269	51138	100	512.575	35.9	54.7
P4_82_NODE_8_length_48271_cov_36.999958	1	48271	100057	48271	100	287.493	35.9	58.6
P4_82_NODE_9_length_47416_cov_12.338409	1	47416	33027	47409	99.9852	96.878	35.8	59.5
P4_82_NODE_10_length_45871_cov_23.097215	1	45871	80274	45863	99.9826	194.699	35.8	44
P4_82_NODE_11_length_44880_cov_5.032445	1	44880	13048	44880	100	39.941	35.8	59.3
P4_82_NODE_12_length_42210_cov_15.660362	1	42210	34391	42210	100	113.628	35.9	57.2
P4_82_NODE_13_length_41557_cov_15.056433	1	41557	35626	41557	100	118.002	35.9	59.5
P4_82_NODE_14_length_39828_cov_16.074154	1	39828	37272	39828	100	128.591	35.7	59.6
P4_82_NODE_15_length_38877_cov_33.845394	1	38877	73665	38877	100	264.926	35.9	59.8
P4_82_NODE_16_length_38383_cov_60.382711	1	38383	133469	38383	100	483.16	35.8	59.3
P4_82_NODE_17_length_38311_cov_38.060392	1	38311	81706	38311	100	296.893	36	59
P4_82_NODE_18_length_36691_cov_5.084126	1	36691	25974	36688	99.9918	73.3868	34.2	30.4
P4_82_NODE_19_length_35611_cov_74.117940	1	35611	150434	35611	100	592.535	36	57.6
P4_82_NODE_20_length_34796_cov_7.221408	1	34796	14284	34782	99.9598	55.9226	35.8	57.6
P4_82_NODE_21_length_34745_cov_41.006326	1	34745	80620	34745	100	322.19	35.9	59.8
P4_82_NODE_22_length_33882_cov_23.318234	1	33882	45061	33882	100	184.098	35.9	59.8
P4_82_NODE_23_length_33817_cov_6.036984	1	33817	11588	33817	100	47.6325	35.8	59.8
P4_82_NODE_24_length_33187_cov_418.420054	1	33187	791949	33187	100	3358.91	35.8	60
P4_82_NODE_25_length_32776_cov_4.620417	1	32776	8330	32776	100	35.4696	35.9	59.6
P4_82_NODE_26_length_32118_cov_144.757307	1	32118	266601	32118	100	1152.89	35.9	59.9
P4_82_NODE_27_length_31513_cov_2.651692	1	31513	5017	31513	100	21.1014	35.6	58.1
P4_82_NODE_28_length_31143_cov_893.096273	1	31143	1631772	31143	100	7381.16	35.7	59.8
P4_82_NODE_29_length_30918_cov_52.086454	1	30918	91853	30918	100	409.634	35.9	59
P4_82_NODE_30_length_30663_cov_4.336455	1	30663	7445	30663	100	33.5674	35.8	59.4
P4_82_NODE_31_length_30505_cov_62.808052	1	30505	107253	30505	100	491.525	36	59.9
P4_82_NODE_32_length_30494_cov_29.421346	1	30494	50784	30494	100	230.73	35.9	59.8
P4_82_NODE_33_length_29892_cov_381.584411	1	29892	662617	29892	100	3079.66	35.9	59.5
P4_82_NODE_34_length_29663_cov_3.744109	1	29663	6977	29663	100	30.7221	35.5	55.8
P4_82_NODE_35_length_29435_cov_3.394807	1	29435	5659	29335	99.6603	26.5906	35.9	59.2
P4_82_NODE_36_length_29248_cov_5.630129	1	29248	9174	29244	99.9863	43.4358	35.9	59.2
P4_82_NODE_37_length_29079_cov_1.849268	1	29079	3284	29079	100	14.9362	35.7	56.6
P4_82_NODE_38_length_28965_cov_96.275019	1	28965	159485	28869	99.6686	765.478	35.9	58.8
P4_82_NODE_39_length_28480_cov_4.996120	1	28480	8239	28480	100	39.352	36	57.2
P4_82_NODE_40_length_27984_cov_4.705855	1	27984	7945	27984	100	38.318	35.7	57.6
P4_82_NODE_41_length_27177_cov_12.241331	1	27177	18893	27177	100	96.1797	35.9	59.5
P4_82_NODE_42_length_27060_cov_39.367430	1	27060	61546	27060	100	315.189	35.9	59.7
P4_82_NODE_43_length_26684_cov_19.647739	1	26684	29464	26684	100	153.845	35.8	59.7
P4_82_NODE_44_length_25880_cov_2.621830	1	25880	3781	25880	100	20.2172	35.9	59.5
P4_82_NODE_45_length_25488_cov_6.175151	1	25488	8998	25488	100	48.7386	35.9	58.9
P4_82_NODE_46_length_25189_cov_4.451440	1	25189	8112	25176	99.9484	38.9729	34.5	46.8
P4_82_NODE_47_length_24267_cov_3.455965	1	24267	5360	24267	100	28.9109	35.5	57.8
P4_82_NODE_48_length_24228_cov_398.252687	1	24228	570743	24225	99.9876	3265.62	35.8	59.9
P4_82_NODE_49_length_23795_cov_3.691651	1	23795	5035	23776	99.9202	28.731	35.7	58.1
P4_82_NODE_50_length_23520_cov_5.062241	1	23520	6727	23520	100	39.523	35.9	59.4
P4_82_NODE_51_length_23458_cov_3.928421	1	23458	5471	23458	100	31.596	35.8	58.6
P4_82_NODE_52_length_23297_cov_4.270652	1	23297	5468	23297	100	32.3442	35.9	58.9
P4_82_NODE_53_length_23181_cov_14.224993	1	23181	17306	23181	100	106.125	35.7	60
P4_82_NODE_54_length_22454_cov_9.394948	1	22454	11767	22454	100	72.7352	36	59.8
P4_82_NODE_55_length_22260_cov_6.766954	1	22260	8287	22260	100	51.9101	36	59.8
P4_82_NODE_56_length_22142_cov_8.876357	1	22142	11043	22142	100	68.9096	35.8	59.5
P4_82_NODE_57_length_21931_cov_12.356953	1	21931	15131	21931	100	95.8224	35.9	59.5
P4_82_NODE_58_length_21115_cov_1.172670	1	21115	1575	21115	100	9.79185	35.8	57.5
P4_82_NODE_59_length_20781_cov_3.578387	1	20781	4210	20763	99.9134	27.9281	35.8	59.7
P4_82_NODE_60_length_20446_cov_3.000689	1	20446	3629	20446	100	23.8078	35.8	58
P4_82_NODE_61_length_20260_cov_220.682213	1	20260	274084	20260	100	1836.68	35.9	58.1
P4_82_NODE_62_length_19985_cov_12.841172	1	19985	14404	19985	100	100.06	35.9	59.7
P4_82_NODE_63_length_19546_cov_2.114064	1	19546	2569	19546	100	17.4754	35.6	57.3
P4_82_NODE_64_length_19284_cov_5.899515	1	19284	6764	19284	100	47.6442	35.7	58.7
P4_82_NODE_65_length_19011_cov_3.669614	1	19011	4006	19011	100	28.9118	35.9	59.3
P4_82_NODE_66_length_19007_cov_36.903390	1	19007	39597	19007	100	289.46	35.9	59.8
P4_82_NODE_67_length_18969_cov_78.406963	1	18969	84753	18969	100	618.276	36	59.5
P4_82_NODE_68_length_18835_cov_60.314411	1	18835	61519	18835	100	458.571	35.8	60
P4_82_NODE_69_length_18775_cov_3.634706	1	18775	3869	18775	100	28.5003	36	59.6
P4_82_NODE_70_length_18611_cov_2.195304	1	18611	2714	18580	99.8334	18.9036	35.7	57.5
P4_82_NODE_71_length_18559_cov_16.816678	1	18559	18453	18559	100	136.038	35.7	59.3
P4_82_NODE_72_length_18439_cov_1.479849	1	18439	1593	18430	99.9512	11.6301	35.7	58.3
P4_82_NODE_73_length_17522_cov_4.374303	1	17522	4212	17522	100	33.5038	35.9	59.3
P4_82_NODE_74_length_17409_cov_2.872874	1	17409	2718	17382	99.8449	21.8758	35.9	59.8
P4_82_NODE_75_length_17334_cov_4.847678	1	17334	4753	17334	100	37.8781	35.8	59.5
P4_82_NODE_76_length_17258_cov_17.378729	1	17258	17633	17160	99.4321	139.769	35.8	58
P4_82_NODE_77_length_17203_cov_76.465566	1	17203	73187	17203	100	590.984	35.9	57.7
P4_82_NODE_78_length_17190_cov_7.004513	1	17190	6861	17190	100	55.054	35.9	59.6
P4_82_NODE_79_length_17078_cov_65.515486	1	17078	64825	17078	100	526.329	35.8	59.4
P4_82_NODE_80_length_16884_cov_2.247538	1	16884	2093	16875	99.9467	17.2109	36	59.6
P4_82_NODE_81_length_16815_cov_30.894295	1	16815	29217	16815	100	242.039	35.8	59.8
P4_82_NODE_82_length_16640_cov_2.380730	1	16640	2636	16640	100	20.1024	35.4	55.7
P4_82_NODE_83_length_16600_cov_3.167972	1	16600	2963	16600	100	24.5535	35.8	59.7
P4_82_NODE_84_length_16391_cov_30.625615	1	16391	28050	16391	100	237.757	35.9	59.4
P4_82_NODE_85_length_16333_cov_2.983648	1	16333	3055	16333	100	24.8085	35.7	56.8
P4_82_NODE_86_length_16318_cov_3.766413	1	16318	3464	16318	100	29.3254	35.9	58.9
P4_82_NODE_87_length_15688_cov_2.996594	1	15688	2642	15589	99.3689	23.1368	35.9	58.7
P4_82_NODE_88_length_15535_cov_3.044003	1	15535	2692	15535	100	23.6469	35.7	58.4
P4_82_NODE_89_length_15482_cov_12.095083	1	15482	10447	15475	99.9548	93.4168	35.9	59.4
P4_82_NODE_90_length_15376_cov_40.069250	1	15376	34432	15376	100	310.987	36	59.9
P4_82_NODE_91_length_15261_cov_9.245408	1	15261	7978	15261	100	72.5297	35.8	59.4
P4_82_NODE_92_length_15161_cov_4.282094	1	15161	3476	15161	100	32.0854	35.9	59.8
P4_82_NODE_93_length_15079_cov_6.947632	1	15079	5932	15079	100	54.3858	35.9	59.6
P4_82_NODE_94_length_14885_cov_3.248001	1	14885	3839	14885	100	31.5078	36	57
P4_82_NODE_95_length_14845_cov_3.498369	1	14845	3798	14840	99.9663	30.376	35.5	45.9
P4_82_NODE_96_length_14781_cov_1.297734	1	14781	1176	14781	100	10.4368	35.8	57.2
P4_82_NODE_97_length_14580_cov_3.518439	1	14580	2859	14580	100	27.2032	35.7	59.1
P4_82_NODE_98_length_14509_cov_4.474830	1	14509	3752	14509	100	35.2702	35.8	58.9
P4_82_NODE_99_length_14447_cov_3.010335	1	14447	2657	14447	100	24.7128	35.6	58.8
P4_82_NODE_100_length_14351_cov_124.932227	1	14351	98081	14351	100	957.426	36	58.6
P4_82_NODE_101_length_14350_cov_2.923785	1	14350	2740	14350	100	24.6924	35.3	56.5
P4_82_NODE_102_length_14326_cov_2.130573	1	14326	2004	14326	100	17.8455	35.6	56.1
P4_82_NODE_103_length_14290_cov_5.867754	1	14290	6517	14290	100	56.9798	34.6	56.9
P4_82_NODE_104_length_14210_cov_3.447845	1	14210	2916	14210	100	27.7124	35.8	58.9
P4_82_NODE_105_length_14193_cov_6.155197	1	14193	4504	14183	99.9295	43.8232	35.8	56.5
P4_82_NODE_106_length_14186_cov_3.027171	1	14186	2286	14186	100	22.7143	35.8	59.5
P4_82_NODE_107_length_14074_cov_9.385961	1	14074	7412	14074	100	72.8356	35.9	59.5
P4_82_NODE_108_length_13983_cov_2.013496	1	13983	3044	13983	100	23.1693	32.1	41.7
P4_82_NODE_109_length_13966_cov_4.247200	1	13966	3358	13966	100	32.8616	35.8	59.2
P4_82_NODE_110_length_13926_cov_5.066309	1	13926	4253	13916	99.9282	41.1336	35.7	58.1
P4_82_NODE_111_length_13834_cov_4.657182	1	13834	3743	13819	99.8916	36.0645	36	56.4
P4_82_NODE_112_length_13512_cov_46.958162	1	13512	35716	13512	100	365.907	35.9	57.5
P4_82_NODE_113_length_13461_cov_4.399430	1	13461	3341	13447	99.896	34.3857	36	59.6
P4_82_NODE_114_length_13180_cov_1.830690	1	13180	1602	13180	100	14.4369	36	49.2
P4_82_NODE_115_length_13052_cov_4.381509	1	13052	3252	13052	100	34.0833	36	58.4
P4_82_NODE_116_length_12918_cov_2.726136	1	12918	2079	12918	100	21.7622	35.7	58.9
P4_82_NODE_117_length_12887_cov_185.908386	1	12887	133544	12887	100	1445.11	36	59.6
P4_82_NODE_118_length_12837_cov_1.477655	1	12837	1243	12829	99.9377	12.1643	35.6	54.6
P4_82_NODE_119_length_12755_cov_2.895629	1	12755	2094	12755	100	22.5602	35.9	59.1
P4_82_NODE_120_length_12703_cov_1.791746	1	12703	1383	12703	100	14.2976	35.8	56.6
P4_82_NODE_121_length_12691_cov_2.853152	1	12691	2425	12691	100	23.0753	35.9	52.9
P4_82_NODE_122_length_12633_cov_1.578442	1	12633	1163	12633	100	12.4964	35.9	59.3
P4_82_NODE_123_length_12582_cov_11.831152	1	12582	8595	12579	99.9762	94.7542	36	55.3
P4_82_NODE_124_length_12499_cov_8.948189	1	12499	6475	12471	99.776	71.084	35.8	59.4
P4_82_NODE_125_length_12484_cov_267.179574	1	12484	203058	12484	100	2240.52	35.9	59.6
P4_82_NODE_126_length_12252_cov_3.926186	1	12252	3751	12252	100	36.1542	34.3	44.9
P4_82_NODE_127_length_12223_cov_1.400380	1	12223	968	12223	100	10.9372	35.9	59.5
P4_82_NODE_128_length_12092_cov_1.037443	1	12092	763	12092	100	8.22436	35.9	57.3
P4_82_NODE_129_length_12072_cov_6.596400	1	12072	4405	12072	100	50.7942	35.9	59.7
P4_82_NODE_130_length_11921_cov_2.320841	1	11921	2030	11921	100	20.1044	35.2	47.3
P4_82_NODE_131_length_11828_cov_3.980087	1	11828	2894	11824	99.9662	32.7086	35.8	58.8
P4_82_NODE_132_length_11763_cov_8.451959	1	11763	5480	11763	100	64.8424	36	59.2
P4_82_NODE_133_length_11668_cov_3.197383	1	11668	2162	11668	100	25.0147	35.7	58.5
P4_82_NODE_134_length_11612_cov_6.061297	1	11612	4211	11612	100	49.0434	35.7	58
P4_82_NODE_135_length_11236_cov_2.482942	1	11236	1575	11236	100	19.0113	35.7	58.7
P4_82_NODE_136_length_11063_cov_2.937637	1	11063	1878	11063	100	23.3142	35.6	59.5
P4_82_NODE_137_length_10957_cov_2.024746	1	10957	1509	10940	99.8448	17.977	35.7	56.7
P4_82_NODE_138_length_10925_cov_1.720041	1	10925	1932	10925	100	16.3988	35	30.9
P4_82_NODE_139_length_10864_cov_8.971687	1	10864	5394	10864	100	68.4465	36	58.2
P4_82_NODE_140_length_10841_cov_2.686765	1	10841	1753	10841	100	21.7929	35.9	58.3
P4_82_NODE_141_length_10698_cov_3.740044	1	10698	2165	10698	100	28.1909	36.1	59.9
P4_82_NODE_142_length_10573_cov_1.430308	1	10573	889	10573	100	11.179	35.7	57.7
P4_82_NODE_143_length_10558_cov_13.902106	1	10558	8064	10558	100	106.052	35.9	59.8
P4_82_NODE_144_length_10508_cov_2.781331	1	10508	1831	10508	100	23.2071	35.4	58.4
P4_82_NODE_145_length_10447_cov_2.999612	1	10447	1763	10447	100	23.0414	36	59.6
P4_82_NODE_146_length_10365_cov_5.705704	1	10365	3529	10365	100	46.1208	35.7	57.7
P4_82_NODE_147_length_10298_cov_1.187396	1	10298	732	10298	100	9.30161	35.6	56.3
P4_82_NODE_148_length_10260_cov_23.169250	1	10260	13499	10260	100	181.347	35.9	59.8
P4_82_NODE_149_length_10255_cov_3.211888	1	10255	4199	10255	100	48.4623	35.9	36.6
P4_82_NODE_150_length_10131_cov_1.572671	1	10131	961	10131	100	12.52	35.5	57.7
P4_82_NODE_151_length_10044_cov_10.633357	1	10044	6371	10044	100	85.83	35.9	56.8
P4_82_NODE_152_length_10021_cov_21.767738	1	10021	12164	10021	100	168.755	35.9	59.8
P4_82_NODE_153_length_9876_cov_6.793004	1	9876	4177	9876	100	54.5809	35.5	57.6
P4_82_NODE_154_length_9857_cov_5.432477	1	9857	3620	9857	100	49.3098	35.9	53.7
P4_82_NODE_155_length_9855_cov_1.207751	1	9855	712	9855	100	9.53445	35.8	57.7
P4_82_NODE_156_length_9766_cov_49.606806	1	9766	28513	9766	100	400.094	35.8	59.5
P4_82_NODE_157_length_9691_cov_2.227624	1	9691	1184	9691	100	16.7647	35.9	58.3
P4_82_NODE_158_length_9623_cov_2.161542	1	9623	1188	9623	100	16.6451	36.1	58.1
P4_82_NODE_159_length_9618_cov_5.828574	1	9618	3090	9618	100	44.7112	35.9	59.6
P4_82_NODE_160_length_9592_cov_1.189118	1	9592	873	9592	100	10.7129	35.5	54.5
P4_82_NODE_161_length_9443_cov_58.328736	1	9443	30044	9443	100	445.805	35.9	60
P4_82_NODE_162_length_9409_cov_1.666236	1	9409	860	9409	100	12.7222	36.1	59.8
P4_82_NODE_163_length_9385_cov_8.151329	1	9385	5694	9385	100	70.8684	34.6	46.1
P4_82_NODE_164_length_9294_cov_3.585470	1	9294	1911	9294	100	27.6362	36	55.7
P4_82_NODE_165_length_9224_cov_5.834451	1	9224	2921	9224	100	44.0102	35.8	58.6
P4_82_NODE_166_length_9115_cov_3.756564	1	9115	1958	9115	100	29.4639	35.7	59.4
P4_82_NODE_167_length_9038_cov_1.320839	1	9038	779	9038	100	11.0119	35.9	52.9
P4_82_NODE_168_length_8875_cov_1.735597	1	8875	975	8875	100	14.0872	35.8	54.1
P4_82_NODE_169_length_8866_cov_23.836251	1	8866	11499	8866	100	179.818	36	55.9
P4_82_NODE_170_length_8845_cov_1.854898	1	8845	994	8823	99.7513	15.2407	35.9	57.2
P4_82_NODE_171_length_8803_cov_1.942716	1	8803	987	8803	100	15.1464	35.7	57.9
P4_82_NODE_172_length_8783_cov_2.043785	1	8783	1283	8783	100	17.9105	35.2	54.4
P4_82_NODE_173_length_8775_cov_1.679232	1	8775	804	8775	100	12.5813	35.9	59.1
P4_82_NODE_174_length_8718_cov_2.015831	1	8718	1116	8718	100	15.9615	35.7	54.4
P4_82_NODE_175_length_8683_cov_2.349696	1	8683	1126	8683	100	17.8474	36	59.5
P4_82_NODE_176_length_8632_cov_2.085597	1	8632	1091	8632	100	16.4439	35.6	57.4
P4_82_NODE_177_length_8611_cov_1.702263	1	8611	924	8611	100	14.0454	35.5	56
P4_82_NODE_178_length_8583_cov_1.503548	1	8583	801	8583	100	11.6579	35.9	52.9
P4_82_NODE_179_length_8512_cov_1.298629	1	8512	1136	8512	100	11.5634	35.6	49.5
P4_82_NODE_180_length_8510_cov_3.138137	1	8510	1553	8501	99.8942	24.8459	35.7	59.7
P4_82_NODE_181_length_8508_cov_36.199618	1	8508	17574	8508	100	282.929	35.8	59.9
P4_82_NODE_182_length_8486_cov_1.267616	1	8486	684	8486	100	10.3552	35.7	55.5
P4_82_NODE_183_length_8467_cov_1.034892	1	8467	603	8467	100	8.87717	35.8	56.2
P4_82_NODE_184_length_8405_cov_2.973665	1	8405	2012	8405	100	30.8905	35.4	54.1
P4_82_NODE_185_length_8402_cov_2.168097	1	8402	1995	8395	99.9167	23.2472	34.4	33.4
P4_82_NODE_186_length_8359_cov_1.735666	1	8359	816	8355	99.9521	13.2584	35.8	58.8
P4_82_NODE_187_length_8295_cov_0.982248	1	8295	481	8295	100	7.74816	35.6	57.4
P4_82_NODE_188_length_8223_cov_3.573617	1	8223	2910	8223	100	45.0968	35.5	52.2
P4_82_NODE_189_length_8210_cov_16.345293	1	8210	7766	8210	100	129.513	35.8	58.3
P4_82_NODE_190_length_8169_cov_2.519647	1	8169	1399	8169	100	21.1405	34.8	51.4
P4_82_NODE_191_length_8147_cov_1.938030	1	8147	1019	8147	100	16.1197	35.5	56.7
P4_82_NODE_192_length_8140_cov_1.524273	1	8140	701	8140	100	11.8123	36	59.3
P4_82_NODE_193_length_8093_cov_2.178634	1	8093	963	8093	100	16.6089	36	59.7
P4_82_NODE_194_length_8015_cov_0.895664	1	8015	431	8015	100	7.17305	35.9	59
P4_82_NODE_195_length_7958_cov_7.984038	1	7958	3252	7958	100	53.4724	36	48.8
P4_82_NODE_196_length_7914_cov_1.015796	1	7914	483	7914	100	7.96462	36	56.7
P4_82_NODE_197_length_7885_cov_1.973189	1	7885	858	7878	99.9112	14.959	35.8	58
P4_82_NODE_198_length_7825_cov_127.222785	1	7825	55179	7825	100	982.138	35.9	58.3
P4_82_NODE_199_length_7793_cov_2.004566	1	7793	884	7793	100	15.4291	35.8	58.8
P4_82_NODE_200_length_7698_cov_103.487540	1	7698	46341	7698	100	826.507	36.1	59.9
P4_82_NODE_201_length_7685_cov_52.135561	1	7685	23605	7685	100	411.815	35.9	59.9
P4_82_NODE_202_length_7674_cov_1.429972	1	7674	715	7674	100	12.2697	35.9	55.5
P4_82_NODE_203_length_7615_cov_1.873531	1	7615	820	7615	100	14.5991	35.6	58.3
P4_82_NODE_204_length_7537_cov_1.181511	1	7537	502	7537	100	8.96298	35.8	57.8
P4_82_NODE_205_length_7451_cov_4.151966	1	7451	2388	7451	100	36.0121	35.5	44.5
P4_82_NODE_206_length_7373_cov_12.318659	1	7373	5245	7371	99.9729	94.7784	35.9	53.6
P4_82_NODE_207_length_7277_cov_1.359860	1	7277	561	7277	100	10.4374	35.9	58.4
P4_82_NODE_208_length_7248_cov_0.762252	1	7248	357	7248	100	6.36258	35.7	56.3
P4_82_NODE_209_length_7245_cov_1.023321	1	7245	450	7245	100	8.17888	35.9	58.6
P4_82_NODE_210_length_7237_cov_11.220261	1	7237	4702	7237	100	88.438	35.9	59.8
P4_82_NODE_211_length_7107_cov_1.371490	1	7107	758	7008	98.607	13.3444	35.5	52.6
P4_82_NODE_212_length_7091_cov_1.134836	1	7091	490	7091	100	9.03187	35.9	58.7
P4_82_NODE_213_length_7088_cov_1.179141	1	7088	604	7088	100	9.98293	35.4	51.8
P4_82_NODE_214_length_7074_cov_879.434662	1	7074	347072	7074	100	6900.75	35.8	60
P4_82_NODE_215_length_7005_cov_3.558469	1	7005	1431	7005	100	27.8397	35.8	59.3
P4_82_NODE_216_length_6995_cov_9.752038	1	6995	4388	6995	100	80.965	36	52.2
P4_82_NODE_217_length_6928_cov_1.443170	1	6928	617	6928	100	11.6594	35.6	57.4
P4_82_NODE_218_length_6772_cov_1.196539	1	6772	464	6772	100	8.93916	36	56.5
P4_82_NODE_219_length_6756_cov_1.125962	1	6756	482	6756	100	9.08008	35.7	56.2
P4_82_NODE_220_length_6751_cov_1.354167	1	6751	612	6751	100	11.5958	35.3	55.5
P4_82_NODE_221_length_6741_cov_1.697309	1	6741	726	6741	100	13.8889	35.5	55.8
P4_82_NODE_222_length_6700_cov_1.905675	1	6700	754	6700	100	15.2493	35.5	58.5
P4_82_NODE_223_length_6610_cov_28.760296	1	6610	10630	6610	100	222.23	36	59.6
P4_82_NODE_224_length_6610_cov_1.986889	1	6610	769	6610	100	15.7445	36	59.5
P4_82_NODE_225_length_6598_cov_4.960284	1	6598	1770	6598	100	37.314	36	57.9
P4_82_NODE_226_length_6528_cov_2.496016	1	6528	1068	6528	100	21.9638	35.5	53.7
P4_82_NODE_227_length_6516_cov_1.518391	1	6516	540	6516	100	11.6229	35.9	59.9
P4_82_NODE_228_length_6452_cov_3.177708	1	6452	1522	6452	100	30.287	36	43.5
P4_82_NODE_229_length_6426_cov_2.556120	1	6426	2218	6426	100	29.7454	33.9	26.3
P4_82_NODE_230_length_6423_cov_1.439168	1	6423	690	6423	100	13.0959	35.7	48.8
P4_82_NODE_231_length_6396_cov_1.264476	1	6396	474	6386	99.8437	9.67605	35.8	56
P4_82_NODE_232_length_6387_cov_0.972843	1	6387	383	6387	100	7.78879	35.2	55.3
P4_82_NODE_233_length_6269_cov_1.145555	1	6269	564	6269	100	10.0227	34.4	46.8
P4_82_NODE_234_length_6211_cov_7.413695	1	6211	2537	6211	100	56.7735	35.8	59.5
P4_82_NODE_235_length_6192_cov_1.120363	1	6192	368	6192	100	8.30798	36.2	59.3
P4_82_NODE_236_length_6156_cov_1.980428	1	6156	730	6156	100	15.666	35.7	57.2
P4_82_NODE_237_length_6152_cov_1.272033	1	6152	443	6121	99.4961	10.0343	35.8	59.3
P4_82_NODE_238_length_6139_cov_2.799401	1	6139	1020	6139	100	22.181	35.8	58.1
P4_82_NODE_239_length_6133_cov_1.029471	1	6133	463	6133	100	8.90559	35.5	53.3
P4_82_NODE_240_length_6107_cov_1.686789	1	6107	588	6107	100	13.1353	36.1	59.7
P4_82_NODE_241_length_6095_cov_1.302949	1	6095	730	6095	100	12.4596	33.8	42.5
P4_82_NODE_242_length_6075_cov_3.144082	1	6075	1153	6075	100	25.4117	35.8	58.7
P4_82_NODE_243_length_6058_cov_1.172989	1	6058	384	6058	100	8.81397	36.1	59.3
P4_82_NODE_244_length_5977_cov_11.007179	1	5977	3810	5977	100	86.5434	36	58.4
P4_82_NODE_245_length_5963_cov_1.285298	1	5963	414	5953	99.8323	9.44894	35.6	57.7
P4_82_NODE_246_length_5940_cov_2100.831756	1	5940	726508	5940	100	17207.9	35.7	59.9
P4_82_NODE_247_length_5821_cov_1.148929	1	5821	410	5821	100	8.9945	36.2	54.8
P4_82_NODE_248_length_5814_cov_7.262880	1	5814	6649	5814	100	119.687	34.3	21.4
P4_82_NODE_249_length_5804_cov_10.547294	1	5804	3376	5804	100	80.8932	36.1	59.9
P4_82_NODE_250_length_5763_cov_1.506210	1	5763	527	5763	100	12.1003	35.7	58.3
P4_82_NODE_251_length_5749_cov_1.598897	1	5749	574	5749	100	13.0282	35.7	56.1
P4_82_NODE_252_length_5706_cov_12.498371	1	5706	4092	5706	100	98.8025	35.8	59.7
P4_82_NODE_253_length_5686_cov_14.470669	1	5686	4540	5686	100	110.583	36	59.9
P4_82_NODE_254_length_5640_cov_1.919463	1	5640	652	5582	98.9716	15.1264	35.7	58
P4_82_NODE_255_length_5629_cov_0.849328	1	5629	341	5629	100	7.28424	35.6	54
P4_82_NODE_256_length_5607_cov_1.770985	1	5607	541	5607	100	13.2549	36	59.5
P4_82_NODE_257_length_5546_cov_0.905702	1	5546	327	5546	100	7.2921	35.4	53.4
P4_82_NODE_258_length_5492_cov_0.865797	1	5492	310	5492	100	6.99964	35.7	55.2
P4_82_NODE_259_length_5465_cov_1.278381	1	5465	389	5465	100	9.75682	35.9	58.4
P4_82_NODE_260_length_5440_cov_1.127800	1	5440	343	5440	100	8.69522	35.9	59.3
P4_82_NODE_261_length_5427_cov_0.943208	1	5427	316	5427	100	7.87931	36.1	58.8
P4_82_NODE_262_length_5425_cov_1.359947	1	5425	541	5419	99.8894	11.993	35.1	54.1
P4_82_NODE_263_length_5415_cov_38.673601	1	5415	12292	5415	100	307.511	36.1	58.7
P4_82_NODE_264_length_5377_cov_1.238476	1	5377	403	5377	100	9.99033	35.7	56.9
P4_82_NODE_265_length_5349_cov_1.292800	1	5349	474	5349	100	11.5728	36.1	55.9
P4_82_NODE_266_length_5347_cov_1.639655	1	5347	501	5328	99.6447	12.4316	35.6	56.5
P4_82_NODE_267_length_5266_cov_1.282934	1	5266	619	5266	100	13.0116	34.8	50.2
P4_82_NODE_268_length_5249_cov_1.669465	1	5249	551	5249	100	13.7702	35.9	51.9
P4_82_NODE_269_length_5239_cov_5.122848	1	5239	1486	5239	100	37.7828	35.6	41.9
P4_82_NODE_270_length_5178_cov_1.129083	1	5178	390	5178	100	9.0392	35.6	54.1
P4_82_NODE_271_length_5132_cov_1.827373	1	5132	521	5132	100	13.9283	36	59.4
P4_82_NODE_272_length_5106_cov_0.795742	1	5106	272	5106	100	6.6134	35.8	53.5
P4_82_NODE_273_length_5040_cov_0.916751	1	5040	286	5040	100	7.4246	35.6	58.7
P4_82_NODE_274_length_5038_cov_2.458766	1	5038	759	5036	99.9603	20.0028	35.5	57.3
P4_82_NODE_275_length_5005_cov_1.522550	1	5005	483	5005	100	12.5854	35.7	56.4
P4_82_NODE_276_length_5004_cov_1.410293	1	5004	430	5004	100	11.1497	35.6	55.5
P4_82_NODE_277_length_5001_cov_0.997948	1	5001	300	5001	100	7.58868	35.5	55.5
P4_82_NODE_278_length_4981_cov_1.292336	1	4981	399	4981	100	10.5029	35.5	57.6
P4_82_NODE_279_length_4946_cov_1.239884	1	4946	372	4946	100	9.9725	35.7	58.5
P4_82_NODE_280_length_4934_cov_16.227030	1	4934	4376	4934	100	123.121	36.1	59.9
P4_82_NODE_281_length_4898_cov_2.120729	1	4898	743	4898	100	18.342	35.6	53.2
P4_82_NODE_282_length_4889_cov_1.895842	1	4889	535	4881	99.8364	14.8957	35.8	59
P4_82_NODE_283_length_4867_cov_1.073418	1	4867	305	4867	100	8.53174	35.8	59.7
P4_82_NODE_284_length_4850_cov_0.965488	1	4850	350	4850	100	8.68474	35	53.1
P4_82_NODE_285_length_4845_cov_1.246079	1	4845	340	4845	100	9.516	36.2	59.3
P4_82_NODE_286_length_4843_cov_0.906701	1	4843	326	4843	100	7.70845	35.6	50
P4_82_NODE_287_length_4834_cov_1.363501	1	4834	371	4834	100	10.0904	36.1	57
P4_82_NODE_288_length_4816_cov_1.616123	1	4816	543	4816	100	13.597	35.9	50.7
P4_82_NODE_289_length_4772_cov_1.077072	1	4772	275	4772	100	7.98114	35.8	59.4
P4_82_NODE_290_length_4767_cov_1.017457	1	4767	293	4767	100	7.91588	35.6	55.2
P4_82_NODE_291_length_4746_cov_1.429747	1	4746	524	4741	99.8946	12.5946	34.8	47.1
P4_82_NODE_292_length_4733_cov_33.264872	1	4733	8708	4733	100	254.753	36	53.8
P4_82_NODE_293_length_4705_cov_5.671358	1	4705	1506	4705	100	43.8863	36	59.8
P4_82_NODE_294_length_4699_cov_1.937227	1	4699	574	4699	100	15.8251	35.9	54.2
P4_82_NODE_295_length_4697_cov_1.136980	1	4697	341	4697	100	9.26357	35.5	56.8
P4_82_NODE_296_length_4652_cov_1.344309	1	4652	396	4652	100	10.6298	36.2	56.8
P4_82_NODE_297_length_4645_cov_1.375166	1	4645	358	4645	100	10.4065	36.1	58.8
P4_82_NODE_298_length_4620_cov_2.213443	1	4620	620	4620	100	17.9948	35.8	58.8
P4_82_NODE_299_length_4618_cov_1.057448	1	4618	282	4618	100	8.30533	36	59.2
P4_82_NODE_300_length_4613_cov_4.919409	1	4613	1383	4613	100	40.6254	36.2	59.5
P4_82_NODE_301_length_4603_cov_0.912422	1	4603	313	4603	100	8.11493	35.6	56.6
P4_82_NODE_302_length_4576_cov_0.822882	1	4576	225	4576	100	6.51071	35.9	58.7
P4_82_NODE_303_length_4569_cov_1.490770	1	4569	370	4569	100	11.1403	36	59.8
P4_82_NODE_304_length_4545_cov_7.233091	1	4545	1906	4545	100	57.5221	35.7	59.7
P4_82_NODE_305_length_4543_cov_1.243207	1	4543	400	4534	99.8019	10.8155	35.2	54.9
P4_82_NODE_306_length_4513_cov_1.236662	1	4513	341	4513	100	9.68491	35.9	56.4
P4_82_NODE_307_length_4495_cov_1.082418	1	4495	270	4485	99.7775	8.22447	35.9	57.6
P4_82_NODE_308_length_4464_cov_1.598801	1	4464	406	4464	100	12.3533	36	57.9
P4_82_NODE_309_length_4372_cov_3.878640	1	4372	974	4372	100	29.5011	35.8	59.9
P4_82_NODE_310_length_4372_cov_0.955477	1	4372	293	4372	100	8.27242	35.9	55.9
P4_82_NODE_311_length_4360_cov_1.059296	1	4360	298	4317	99.0138	9.00138	35.7	56.9
P4_82_NODE_312_length_4356_cov_1.653582	1	4356	428	4356	100	12.8278	35.7	57.6
P4_82_NODE_313_length_4341_cov_1.533935	1	4341	418	4341	100	12.7321	35.8	58.3
P4_82_NODE_314_length_4321_cov_2.393419	1	4321	625	4321	100	19.3344	35.6	58.5
P4_82_NODE_315_length_4309_cov_0.861071	1	4309	206	4309	100	6.65189	36	59.6
P4_82_NODE_316_length_4288_cov_4.848354	1	4288	1366	4288	100	42.0131	35.4	56.5
P4_82_NODE_317_length_4252_cov_0.720485	1	4252	243	4252	100	6.13641	35.6	47.2
P4_82_NODE_318_length_4247_cov_0.691748	1	4247	173	4247	100	5.44219	35.3	57.1
P4_82_NODE_319_length_4233_cov_1.880662	1	4233	541	4233	100	16.6596	36	55.5
P4_82_NODE_320_length_4167_cov_3.109901	1	4167	811	4167	100	26.5851	35.9	59
P4_82_NODE_321_length_4143_cov_7.495082	1	4143	1784	4143	100	58.7483	35.9	59.8
P4_82_NODE_322_length_4134_cov_93.884065	1	4134	22709	4134	100	751.382	35.9	59.9
P4_82_NODE_323_length_4131_cov_0.960539	1	4131	279	4131	100	8.04599	35.3	52.1
P4_82_NODE_324_length_4123_cov_2.738739	1	4123	655	4118	99.8787	21.5472	36	59.3
P4_82_NODE_325_length_4113_cov_1.239589	1	4113	330	4113	100	10.2774	35.4	56.1
P4_82_NODE_326_length_4102_cov_1.044528	1	4102	318	4102	100	8.57947	35.2	50.5
P4_82_NODE_327_length_4087_cov_1.161364	1	4087	299	4087	100	9.07854	35.4	55.2
P4_82_NODE_328_length_4071_cov_2.188641	1	4071	505	4071	100	16.2881	35.7	56.6
P4_82_NODE_329_length_4071_cov_0.866886	1	4071	206	4071	100	6.507	35.9	55.8
P4_82_NODE_330_length_4070_cov_0.852904	1	4070	198	4070	100	6.44988	35.7	57.5
P4_82_NODE_331_length_4056_cov_2.904810	1	4056	699	4051	99.8767	23.1393	36.1	59.5
P4_82_NODE_332_length_4034_cov_0.962887	1	4034	601	4034	100	13.3969	34	44.9
P4_82_NODE_333_length_4025_cov_5.357177	1	4025	1195	4025	100	40.5993	36.2	59.7
P4_82_NODE_334_length_4021_cov_7.639585	1	4021	1726	4021	100	58.2611	36	59.9
P4_82_NODE_335_length_3919_cov_0.831224	1	3919	187	3919	100	6.22149	36	57.5
P4_82_NODE_336_length_3915_cov_1.498944	1	3915	632	3915	100	15.2835	32.2	35.8
P4_82_NODE_337_length_3868_cov_1.182037	1	3868	327	3868	100	10.045	35.7	53
P4_82_NODE_338_length_3864_cov_2.028900	1	3864	13211	3864	100	104.06	36.2	17.7
P4_82_NODE_339_length_3862_cov_1.637751	1	3862	441	3862	100	13.6289	35.3	53.7
P4_82_NODE_340_length_3857_cov_1.983110	1	3857	400	3857	100	14.5439	35.9	59.9
P4_82_NODE_341_length_3830_cov_11.891332	1	3830	2582	3830	100	92.2739	36.1	59.9
P4_82_NODE_342_length_3799_cov_0.752179	1	3799	166	3799	100	6.03633	35.6	59.5
P4_82_NODE_343_length_3797_cov_1.261308	1	3797	293	3797	100	9.82196	35.8	54.8
P4_82_NODE_344_length_3783_cov_0.830142	1	3783	262	3783	100	7.56331	35.7	52.2
P4_82_NODE_345_length_3778_cov_0.864969	1	3778	186	3778	100	6.36792	36	55.8
P4_82_NODE_346_length_3765_cov_1.042606	1	3765	283	3765	100	9.70969	35.6	56.8
P4_82_NODE_347_length_3760_cov_1.189100	1	3760	418	3760	100	12.309	34.9	47.7
P4_82_NODE_348_length_3752_cov_2.689353	1	3752	580	3752	100	20.9678	35.8	59.7
P4_82_NODE_349_length_3741_cov_1.048423	1	3741	246	3741	100	8.33654	35.6	56
P4_82_NODE_350_length_3738_cov_1.035447	1	3738	184	3738	100	7.04601	36.2	59.3
P4_82_NODE_351_length_3733_cov_1.480588	1	3733	294	3733	100	11.0418	36.3	59.8
P4_82_NODE_352_length_3715_cov_1.152453	1	3715	329	3715	100	10.5023	35.2	54.4
P4_82_NODE_353_length_3704_cov_2.237350	1	3704	456	3704	100	16.5367	36.1	59.8
P4_82_NODE_354_length_3693_cov_0.621705	1	3693	156	3693	100	5.17438	35.7	56.4
P4_82_NODE_355_length_3684_cov_1.203823	1	3684	375	3684	100	11.4631	35	51.4
P4_82_NODE_356_length_3677_cov_1.710423	1	3677	416	3677	100	14.1145	35.4	54
P4_82_NODE_357_length_3677_cov_1.308732	1	3677	265	3677	100	9.86266	35.8	55.5
P4_82_NODE_358_length_3668_cov_0.944366	1	3668	343	3658	99.7274	9.54417	35.7	42.4
P4_82_NODE_359_length_3667_cov_1.020904	1	3667	224	3667	100	8.27925	36.1	60
P4_82_NODE_360_length_3642_cov_0.791181	1	3642	545	3642	100	11.316	29.5	20.7
P4_82_NODE_361_length_3637_cov_0.998291	1	3637	220	3637	100	8.23866	35.8	58.4
P4_82_NODE_362_length_3635_cov_1.144242	1	3635	229	3635	100	8.38377	35.8	57.2
P4_82_NODE_363_length_3612_cov_0.974462	1	3612	322	3612	100	10.6517	35.2	56.7
P4_82_NODE_364_length_3568_cov_2784.113049	1	3568	595419	3568	100	22999.6	36	59.6
P4_82_NODE_365_length_3542_cov_0.763104	1	3542	236	3542	100	7.1022	35.4	47.8
P4_82_NODE_366_length_3520_cov_1.102269	1	3520	670	3520	100	13.602	34.9	21.5
P4_82_NODE_367_length_3518_cov_46.561191	1	3518	14025	3518	100	508.48	34.8	58.4
P4_82_NODE_368_length_3518_cov_1.296373	1	3518	259	3518	100	9.76265	35.8	57.9
P4_82_NODE_369_length_3505_cov_0.787152	1	3505	222	3505	100	6.55235	35.7	51
P4_82_NODE_370_length_3503_cov_5.052342	1	3503	1047	3503	100	39.8564	36	59.8
P4_82_NODE_371_length_3503_cov_1.446979	1	3503	790	3503	100	19.151	31.9	28.3
P4_82_NODE_372_length_3501_cov_2.311500	1	3501	557	3501	100	20.2762	35.4	57.8
P4_82_NODE_373_length_3489_cov_1.131172	1	3489	232	3489	100	9.00086	35.9	59.6
P4_82_NODE_374_length_3487_cov_13.246726	1	3487	3206	3487	100	113.81	36	48.9
P4_82_NODE_375_length_3482_cov_0.901639	1	3482	229	3482	100	7.94055	35.8	53.3
P4_82_NODE_376_length_3479_cov_0.551313	1	3479	171	3469	99.7126	4.56827	36.1	38.6
P4_82_NODE_377_length_3473_cov_28.601614	1	3473	5358	3473	100	214.468	35.7	60
P4_82_NODE_378_length_3470_cov_1.447502	1	3470	580	3470	100	19.9398	35.9	56.3
P4_82_NODE_379_length_3468_cov_0.760850	1	3468	586	3468	100	13.0513	35.7	17.7
P4_82_NODE_380_length_3465_cov_0.801678	1	3465	211	3465	100	7.52929	35.7	55.8
P4_82_NODE_381_length_3454_cov_0.933273	1	3454	246	3454	100	8.73943	34.9	55.6
P4_82_NODE_382_length_3432_cov_2.337670	1	3432	444	3432	100	17.6754	35.9	58.3
P4_82_NODE_383_length_3424_cov_3.508644	1	3424	759	3424	100	29.2996	35.9	59.1
P4_82_NODE_384_length_3410_cov_2.109656	1	3410	1150	3410	100	39.5795	34.8	46.1
P4_82_NODE_385_length_3397_cov_0.779205	1	3397	187	3397	100	6.90786	35.9	56
P4_82_NODE_386_length_3359_cov_0.688119	1	3359	158	3349	99.7023	5.67282	35.4	56.8
P4_82_NODE_387_length_3337_cov_2.462617	1	3337	490	3337	100	19.2035	35.6	57.5
P4_82_NODE_388_length_3336_cov_0.903397	1	3336	152	3336	100	6.30426	36	59
P4_82_NODE_389_length_3324_cov_9.855802	1	3324	1790	3324	100	74.1543	36	59.9
P4_82_NODE_390_length_3318_cov_1.950799	1	3318	416	3318	100	15.8315	35.5	57.3
P4_82_NODE_391_length_3310_cov_1.446434	1	3310	281	3310	100	11.3628	36	59.5
P4_82_NODE_392_length_3302_cov_0.719370	1	3302	167	3302	100	6.13507	35.4	53.5
P4_82_NODE_393_length_3271_cov_1.408715	1	3271	431	3259	99.6331	13.0177	35.2	45.3
P4_82_NODE_394_length_3271_cov_0.754453	1	3271	152	3263	99.7554	6.07765	36	58.4
P4_82_NODE_395_length_3261_cov_1.517869	1	3261	262	3243	99.448	11.2502	36	59.6
P4_82_NODE_396_length_3258_cov_0.977962	1	3258	207	3258	100	8.27041	35.7	58.3
P4_82_NODE_397_length_3208_cov_1.053229	1	3208	186	3208	100	7.84258	36.3	57.6
P4_82_NODE_398_length_3202_cov_0.804228	1	3202	173	3202	100	6.83448	35.7	54.3
P4_82_NODE_399_length_3192_cov_0.919413	1	3192	243	3192	100	8.46241	35.6	53.5
P4_82_NODE_400_length_3180_cov_4.274812	1	3180	806	3180	100	33.8267	35.8	58.7
P4_82_NODE_401_length_3168_cov_2.422230	1	3168	471	3168	100	19.417	35.6	57.1
P4_82_NODE_402_length_3160_cov_5.509067	1	3160	1046	3160	100	43.2851	35.5	55.8
P4_82_NODE_403_length_3156_cov_1.138660	1	3156	179	3156	100	8.09347	35.6	60
P4_82_NODE_404_length_3131_cov_0.786618	1	3131	151	3106	99.2015	6.33536	36.1	58.2
P4_82_NODE_405_length_3128_cov_0.853715	1	3128	167	3128	100	6.80627	35.9	56.6
P4_82_NODE_406_length_3125_cov_3.366911	1	3125	864	3125	100	35.1507	35	55.7
P4_82_NODE_407_length_3122_cov_1.620033	1	3122	296	3122	100	12.1931	35.5	57.4
P4_82_NODE_408_length_3118_cov_1.081244	1	3118	179	3109	99.7114	7.94035	36	59.9
P4_82_NODE_409_length_3115_cov_1.078648	1	3115	235	3112	99.9037	9.60032	35.7	58.3
P4_82_NODE_410_length_3103_cov_1.246640	1	3103	228	3103	100	9.6932	36	57.9
P4_82_NODE_411_length_3097_cov_0.653535	1	3097	119	3097	100	5.01227	36.1	56.5
P4_82_NODE_412_length_3062_cov_1.000341	1	3062	203	3062	100	8.59046	35.7	58.1
P4_82_NODE_413_length_3049_cov_2.827858	1	3049	494	3049	100	21.8688	36	59.3
P4_82_NODE_414_length_3039_cov_1.334478	1	3039	223	3039	100	9.69957	36	57.2
P4_82_NODE_415_length_3038_cov_0.794572	1	3038	169	3038	100	6.5418	35.9	52.2
P4_82_NODE_416_length_3030_cov_1.523252	1	3030	277	3030	100	11.8092	35.3	55
P4_82_NODE_417_length_3023_cov_0.999309	1	3023	189	3023	100	8.2223	35.4	56.1
P4_82_NODE_418_length_3022_cov_1.313644	1	3022	215	3022	100	9.87856	36.1	57.7
P4_82_NODE_419_length_3012_cov_0.845407	1	3012	218	3012	100	6.751	35.5	40
P4_82_NODE_420_length_2979_cov_1.347826	1	2979	216	2979	100	9.96945	35.7	57.1
P4_82_NODE_421_length_2974_cov_1.142255	1	2974	180	2974	100	8.51143	35.9	59.8
P4_82_NODE_422_length_2972_cov_0.869947	1	2972	140	2972	100	6.45996	35.9	58.8
P4_82_NODE_423_length_2971_cov_1.345640	1	2971	224	2971	100	10.0555	36.1	58.3
P4_82_NODE_424_length_2970_cov_1.582132	1	2970	429	2970	100	15.1441	35.2	49
P4_82_NODE_425_length_2958_cov_0.493818	1	2958	113	2956	99.9324	4.23935	35.5	49.9
P4_82_NODE_426_length_2935_cov_0.857906	1	2935	164	2925	99.6593	7.35264	36	59.4
P4_82_NODE_427_length_2935_cov_0.799145	1	2935	170	2935	100	6.98262	36	53
P4_82_NODE_428_length_2933_cov_0.883820	1	2933	163	2908	99.1476	6.85407	35.8	54
P4_82_NODE_429_length_2930_cov_0.770960	1	2930	133	2930	100	5.41911	35.6	52.6
P4_82_NODE_430_length_2920_cov_2.356606	1	2920	378	2920	100	17.7664	35.9	59.1
P4_82_NODE_431_length_2916_cov_6.661847	1	2916	1076	2916	100	50.4636	36.1	59.9
P4_82_NODE_432_length_2910_cov_1.330579	1	2910	233	2906	99.8625	10.7045	35.5	58.5
P4_82_NODE_433_length_2906_cov_0.781576	1	2906	219	2896	99.6559	8.35031	35.5	51.7
P4_82_NODE_434_length_2905_cov_0.569834	1	2905	91	2896	99.6902	4.22031	36.4	59.3
P4_82_NODE_435_length_2900_cov_0.852867	1	2900	199	2900	100	7.31103	34.7	44.6
P4_82_NODE_436_length_2897_cov_0.802527	1	2897	165	2897	100	7.13324	36	56.3
P4_82_NODE_437_length_2891_cov_0.904848	1	2891	217	2891	100	8.79523	35.3	55.4
P4_82_NODE_438_length_2865_cov_1.227173	1	2865	201	2865	100	9.38918	35.9	59.7
P4_82_NODE_439_length_2865_cov_1.017166	1	2865	163	2865	100	7.73717	36.3	59.6
P4_82_NODE_440_length_2842_cov_8.509392	1	2842	1449	2842	100	69.2143	35.5	59.7
P4_82_NODE_441_length_2838_cov_0.992254	1	2838	163	2838	100	7.70402	35.5	58.7
P4_82_NODE_442_length_2838_cov_0.848027	1	2838	144	2838	100	6.82875	36.3	59.2
P4_82_NODE_443_length_2830_cov_1.240104	1	2830	173	2830	100	8.52968	35.8	58.7
P4_82_NODE_444_length_2821_cov_0.810690	1	2821	142	2821	100	6.61999	36.2	59.9
P4_82_NODE_445_length_2798_cov_0.884687	1	2798	370	2798	100	10.7559	31.8	26.6
P4_82_NODE_446_length_2792_cov_12.781089	1	2792	2377	2792	100	110.7	35.4	59.2
P4_82_NODE_447_length_2770_cov_1.079455	1	2770	166	2770	100	8.34332	35.6	59.5
P4_82_NODE_448_length_2770_cov_0.984109	1	2770	187	2770	100	8.06895	35	51.8
P4_82_NODE_449_length_2751_cov_0.982470	1	2751	156	2751	100	7.59506	35.5	56.6
P4_82_NODE_450_length_2740_cov_0.865289	1	2740	143	2740	100	6.95547	36.3	59.7
P4_82_NODE_451_length_2740_cov_0.854191	1	2740	150	2740	100	6.59307	35.7	55.1
P4_82_NODE_452_length_2736_cov_1.259103	1	2736	213	2736	100	9.85709	36	58.3
P4_82_NODE_453_length_2735_cov_0.987347	1	2735	161	2735	100	7.85484	35.9	57
P4_82_NODE_454_length_2725_cov_1.158968	1	2725	275	2725	100	10.1222	35.3	43
P4_82_NODE_455_length_2712_cov_1.505609	1	2712	248	2712	100	12.1309	35.7	58.4
P4_82_NODE_456_length_2701_cov_1.264569	1	2701	228	2701	100	10.9382	35.8	57.5
P4_82_NODE_457_length_2701_cov_0.858586	1	2701	134	2701	100	6.56461	36	58.2
P4_82_NODE_458_length_2696_cov_33.935383	1	2696	7514	2696	100	363.313	35.7	49.1
P4_82_NODE_459_length_2694_cov_1.060382	1	2694	191	2694	100	8.53081	35.8	53.2
P4_82_NODE_460_length_2692_cov_4.616374	1	2692	764	2692	100	37.8087	35.8	52.7
P4_82_NODE_461_length_2678_cov_1.103097	1	2678	194	2678	100	9.03398	35.5	54.2
P4_82_NODE_462_length_2675_cov_0.733124	1	2675	197	2659	99.4019	8.49682	35.5	54.8
P4_82_NODE_463_length_2668_cov_11.822511	1	2668	1721	2665	99.8876	89.205	36.3	57.9
P4_82_NODE_464_length_2667_cov_0.582283	1	2667	80	2667	100	4.19873	36	60
P4_82_NODE_465_length_2652_cov_0.685149	1	2652	153	2652	100	6.6859	34.6	50.9
P4_82_NODE_466_length_2647_cov_0.738095	1	2647	131	2647	100	5.80431	35.3	53
P4_82_NODE_467_length_2645_cov_0.597299	1	2645	145	2645	100	5.58374	35.2	46.1
P4_82_NODE_468_length_2642_cov_1.155467	1	2642	237	2642	100	10.8747	35.1	54.3
P4_82_NODE_469_length_2631_cov_0.733626	1	2631	139	2631	100	6.36412	35.3	53.7
P4_82_NODE_470_length_2626_cov_0.929572	1	2626	146	2626	100	7.38195	35.8	57.1
P4_82_NODE_471_length_2616_cov_1.018883	1	2616	160	2616	100	8.11697	36.2	59.9
P4_82_NODE_472_length_2611_cov_0.758052	1	2611	133	2611	100	6.15511	35.5	52.8
P4_82_NODE_473_length_2602_cov_0.960404	1	2602	164	2602	100	7.75942	35.5	55.3
P4_82_NODE_474_length_2598_cov_0.877782	1	2598	138	2568	98.8453	6.60316	35.9	53.7
P4_82_NODE_475_length_2597_cov_0.817814	1	2597	127	2597	100	6.0643	35.7	54.2
P4_82_NODE_476_length_2583_cov_79.984528	1	2583	11909	2583	100	625.714	36.1	50.5
P4_82_NODE_477_length_2580_cov_0.761109	1	2580	130	2580	100	6.10271	35.8	53
P4_82_NODE_478_length_2578_cov_1.219094	1	2578	181	2578	100	9.1443	36	57.9
P4_82_NODE_479_length_2576_cov_0.859126	1	2576	124	2567	99.6506	6.43168	35.6	55.9
P4_82_NODE_480_length_2560_cov_1.781751	1	2560	262	2560	100	13.141	35.6	53.8
P4_82_NODE_481_length_2546_cov_0.801571	1	2546	143	2546	100	6.69678	35.5	55
P4_82_NODE_482_length_2542_cov_1.043478	1	2542	135	2542	100	7.37726	35.7	58.1
P4_82_NODE_483_length_2540_cov_1.073353	1	2540	239	2540	100	9.90787	35.1	48.7
P4_82_NODE_484_length_2535_cov_1.142857	1	2535	187	2535	100	9.62209	35.6	58
P4_82_NODE_485_length_2535_cov_0.681894	1	2535	472	2535	100	10.783	34.5	14
P4_82_NODE_486_length_2535_cov_0.663206	1	2535	90	2535	100	4.69822	35.9	56.2
P4_82_NODE_487_length_2530_cov_0.495630	1	2530	97	2530	100	4.72055	35.4	54.7
P4_82_NODE_488_length_2529_cov_1.162781	1	2529	156	2529	100	8.35152	35.9	58.5
P4_82_NODE_489_length_2524_cov_1.610763	1	2524	290	2524	100	13.3356	35.3	52.8
P4_82_NODE_490_length_2515_cov_0.721943	1	2515	112	2515	100	5.97177	35.5	60
P4_82_NODE_491_length_2514_cov_0.732719	1	2514	163	2514	100	6.85839	35.4	47
P4_82_NODE_492_length_2514_cov_0.715543	1	2514	129	2514	100	6.26531	35.4	53.9
P4_82_NODE_493_length_2512_cov_1.694759	1	2512	272	2512	100	13.9761	35.5	56.7
P4_82_NODE_494_length_2498_cov_1.193589	1	2498	182	2498	100	9.78102	36	59.2
P4_82_NODE_495_length_2488_cov_0.882253	1	2488	127	2488	100	6.72307	35.6	57.5
P4_82_NODE_496_length_2483_cov_1.210951	1	2483	160	2473	99.5973	8.88764	35.8	56.9
P4_82_NODE_497_length_2477_cov_0.919149	1	2477	112	2467	99.5963	6.44166	36.2	60
P4_82_NODE_498_length_2476_cov_0.827586	1	2476	323	2475	99.9596	14.2334	35	39.3
P4_82_NODE_499_length_2473_cov_0.904945	1	2473	122	2473	100	6.65184	35.4	58.3
P4_82_NODE_500_length_2470_cov_0.684166	1	2470	84	2470	100	4.61781	35.2	59.8
P4_82_NODE_501_length_2462_cov_0.879229	1	2462	118	2452	99.5938	6.36353	35.7	56.6
P4_82_NODE_502_length_2459_cov_6077.726844	1	2459	1124359	2459	100	62196.2	35.9	59.5
P4_82_NODE_503_length_2455_cov_0.768471	1	2455	111	2455	100	5.87576	36.1	57.4
P4_82_NODE_504_length_2453_cov_0.870593	1	2453	119	2453	100	6.40522	36.1	58.2
P4_82_NODE_505_length_2443_cov_1.108808	1	2443	137	2443	100	7.88334	36	59.6
P4_82_NODE_506_length_2433_cov_0.967476	1	2433	131	2433	100	7.40238	36.2	59.7
P4_82_NODE_507_length_2425_cov_1.755004	1	2425	305	2425	100	16.932	35.8	52.6
P4_82_NODE_508_length_2420_cov_1.068033	1	2420	183	2420	100	9.26281	35.4	55.6
P4_82_NODE_509_length_2411_cov_0.665499	1	2411	133	2411	100	6.19992	35.5	46.7
P4_82_NODE_510_length_2411_cov_0.653240	1	2411	92	2411	100	5.14517	35.2	58.4
P4_82_NODE_511_length_2407_cov_0.825000	1	2407	99	2407	100	5.73494	35.9	58.7
P4_82_NODE_512_length_2406_cov_0.885915	1	2406	97	2406	100	5.81629	36.2	59
P4_82_NODE_513_length_2396_cov_0.393565	1	2396	96	2396	100	4.59224	35.1	56
P4_82_NODE_514_length_2395_cov_0.958554	1	2395	196	2395	100	8.33278	33.9	45
P4_82_NODE_515_length_2379_cov_0.682504	1	2379	121	2379	100	6.35897	35.4	57.7
P4_82_NODE_516_length_2373_cov_0.851736	1	2373	131	2373	100	6.63548	36	52.8
P4_82_NODE_517_length_2370_cov_0.938029	1	2370	187	2370	100	9.64937	35.2	54.5
P4_82_NODE_518_length_2363_cov_1.036225	1	2363	148	2356	99.7038	8.24037	35.8	57.7
P4_82_NODE_519_length_2344_cov_0.921516	1	2344	148	2344	100	8.04352	35.5	57
P4_82_NODE_520_length_2338_cov_0.546811	1	2338	85	2328	99.5723	4.45766	35.5	55.3
P4_82_NODE_521_length_2330_cov_1.077621	1	2330	140	2330	100	7.9867	36.1	57
P4_82_NODE_522_length_2322_cov_2.582232	1	2322	338	2322	100	19.6408	35.9	57.8
P4_82_NODE_523_length_2314_cov_0.519433	1	2314	83	2304	99.5678	4.59075	35.6	56.9
P4_82_NODE_524_length_2308_cov_0.645575	1	2308	105	2308	100	5.47747	35.7	53.5
P4_82_NODE_525_length_2307_cov_0.862844	1	2307	107	2307	100	6.18899	36.3	55.5
P4_82_NODE_526_length_2307_cov_0.618807	1	2307	80	2307	100	4.68921	36.5	57.2
P4_82_NODE_527_length_2303_cov_0.908548	1	2303	122	2303	100	7.27573	36	59.7
P4_82_NODE_528_length_2295_cov_0.691882	1	2295	97	2295	100	5.2061	36.1	52.7
P4_82_NODE_529_length_2293_cov_1.000462	1	2293	110	2293	100	6.78195	36	57.8
P4_82_NODE_530_length_2288_cov_1.081907	1	2288	123	2279	99.6066	7.50306	36	59.8
P4_82_NODE_531_length_2284_cov_1.458971	1	2284	205	2284	100	11.2653	35.9	55.8
P4_82_NODE_532_length_2284_cov_0.880853	1	2284	143	2275	99.606	7.59851	34.7	55.3
P4_82_NODE_533_length_2271_cov_1.173974	1	2271	167	2271	100	9.04007	35.1	52.9
P4_82_NODE_534_length_2267_cov_1.003738	1	2267	126	2267	100	7.77371	35.3	58.6
P4_82_NODE_535_length_2265_cov_1.045837	1	2265	145	2265	100	8.14216	36	56.6
P4_82_NODE_536_length_2257_cov_0.882160	1	2257	126	2257	100	7.4537	35.9	58.6
P4_82_NODE_537_length_2254_cov_0.689234	1	2254	88	2254	100	5.15839	36.1	56.7
P4_82_NODE_538_length_2248_cov_0.939180	1	2248	140	2248	100	7.34786	35.4	55.3
P4_82_NODE_539_length_2247_cov_0.976415	1	2247	140	2247	100	8.30174	35.9	56.4
P4_82_NODE_540_length_2243_cov_0.672023	1	2243	114	2243	100	5.57334	35.3	50.8
P4_82_NODE_541_length_2242_cov_0.771631	1	2242	112	2242	100	6.35147	36.1	57.1
P4_82_NODE_542_length_2237_cov_1.051659	1	2237	187	2237	100	10.2883	35.8	53.2
P4_82_NODE_543_length_2233_cov_0.937322	1	2233	118	2233	100	7.28437	36.4	59.8
P4_82_NODE_544_length_2228_cov_0.892432	1	2228	108	2228	100	6.85144	36.4	59.8
P4_82_NODE_545_length_2222_cov_1.638663	1	2222	295	2222	100	14.2367	34.1	45.8
P4_82_NODE_546_length_2222_cov_0.789499	1	2222	118	2222	100	6.4658	35.3	54.5
P4_82_NODE_547_length_2214_cov_0.732151	1	2214	80	2214	100	5.11608	35.8	60
P4_82_NODE_548_length_2210_cov_1.153145	1	2210	195	2210	100	10.0204	35.1	53.6
P4_82_NODE_549_length_2209_cov_0.859750	1	2209	101	2209	100	6.31281	36.3	59
P4_82_NODE_550_length_2205_cov_0.892204	1	2205	96	2196	99.5918	6.20408	36.2	60
P4_82_NODE_551_length_2203_cov_0.743738	1	2203	134	2203	100	6.28688	35.3	47.3
P4_82_NODE_552_length_2200_cov_0.972986	1	2200	126	2200	100	7.56955	35.3	57.3
P4_82_NODE_553_length_2198_cov_0.454370	1	2198	93	2198	100	4.84076	35.8	57.9
P4_82_NODE_554_length_2194_cov_0.798742	1	2194	102	2194	100	6.12808	36.2	59.4
P4_82_NODE_555_length_2191_cov_0.795058	1	2191	93	2191	100	5.74852	36.1	58.9
P4_82_NODE_556_length_2190_cov_0.684440	1	2190	115	2190	100	6.06621	35.4	48.4
P4_82_NODE_557_length_2181_cov_1.282376	1	2181	209	2165	99.2664	11.1068	34.9	52.2
P4_82_NODE_558_length_2176_cov_0.654466	1	2176	135	2176	100	6.18566	34.7	46.6
P4_82_NODE_559_length_2173_cov_0.781525	1	2173	91	2150	98.9416	5.92361	35.6	60
P4_82_NODE_560_length_2173_cov_0.483382	1	2173	93	2173	100	4.27566	35.5	45.5
P4_82_NODE_561_length_2169_cov_0.818315	1	2169	89	2169	100	5.48363	35.8	56.4
P4_82_NODE_562_length_2165_cov_0.798822	1	2165	88	2165	100	5.67113	36.1	60
P4_82_NODE_563_length_2161_cov_1.589479	1	2161	222	2161	100	13.4965	36	53.1
P4_82_NODE_564_length_2157_cov_0.643842	1	2157	118	2154	99.8609	5.8586	34.9	50.8
P4_82_NODE_565_length_2157_cov_0.528571	1	2157	86	2157	100	4.42003	35.8	53.2
P4_82_NODE_566_length_2156_cov_0.838837	1	2156	1254	2156	100	36.1289	26.3	6.88
P4_82_NODE_567_length_2154_cov_0.773557	1	2154	168	2154	100	7.14438	35	43.6
P4_82_NODE_568_length_2150_cov_0.733070	1	2150	83	2140	99.5349	5.19535	36	58.6
P4_82_NODE_569_length_2147_cov_1.382673	1	2147	187	2147	100	10.9748	35.1	58.6
P4_82_NODE_570_length_2131_cov_1.146208	1	2131	133	2131	100	8.39371	35.9	59.1
P4_82_NODE_571_length_2131_cov_0.793912	1	2131	96	2131	100	6.01361	36.2	59.3
P4_82_NODE_572_length_2130_cov_0.557164	1	2130	67	2130	100	4.10423	36.1	59.8
P4_82_NODE_573_length_2116_cov_0.559578	1	2116	129	2116	100	6.79773	34.4	55.7
P4_82_NODE_574_length_2115_cov_1.123239	1	2115	144	2115	100	8.38251	36.1	54.8
P4_82_NODE_575_length_2113_cov_0.779960	1	2113	74	2113	100	5.09371	36.2	60
P4_82_NODE_576_length_2112_cov_0.794962	1	2112	112	2112	100	6.50852	35.4	56.2
P4_82_NODE_577_length_2108_cov_1.992428	1	2108	207	2105	99.8577	13.8164	36	59.3
P4_82_NODE_578_length_2106_cov_0.978777	1	2106	122	2106	100	7.74406	35.6	59
P4_82_NODE_579_length_2102_cov_0.770633	1	2102	99	2102	100	6.11656	35.2	57
P4_82_NODE_580_length_2099_cov_0.850913	1	2099	89	2099	100	5.9071	35.3	59.6
P4_82_NODE_581_length_2097_cov_10.086781	1	2097	1248	2097	100	78.2518	36	59.9
P4_82_NODE_582_length_2095_cov_0.810467	1	2095	119	2095	100	7.49547	35.7	51.7
P4_82_NODE_583_length_2091_cov_0.760183	1	2091	107	2091	100	6.20038	35.7	54.6
P4_82_NODE_584_length_2090_cov_0.770250	1	2090	121	2090	100	6.74545	35.8	55.7
P4_82_NODE_585_length_2084_cov_0.691364	1	2084	134	2073	99.4722	6.23321	34.4	42.9
P4_82_NODE_586_length_2076_cov_0.736788	1	2076	91	2076	100	5.53998	35.7	57.2
P4_82_NODE_587_length_2075_cov_0.723819	1	2075	87	2075	100	5.31373	35.8	56.3
P4_82_NODE_588_length_2073_cov_1.136177	1	2073	135	2073	100	8.66474	35.5	57.5
P4_82_NODE_589_length_2070_cov_0.738549	1	2070	90	2070	100	5.44783	36	53.5
P4_82_NODE_590_length_2070_cov_0.547607	1	2070	86	2070	100	5.26135	35.6	55.7
P4_82_NODE_591_length_2067_cov_0.773196	1	2067	82	2067	100	5.49057	35.7	58.5
P4_82_NODE_592_length_2064_cov_1.032525	1	2064	132	2064	100	8.14729	35.4	58.4
P4_82_NODE_593_length_2063_cov_29.115525	1	2063	3496	2063	100	229.506	35.9	59.6
P4_82_NODE_594_length_2062_cov_1.558140	1	2062	164	2041	98.9816	10.968	35.6	58.3
P4_82_NODE_595_length_2057_cov_0.808808	1	2057	80	2057	100	5.54157	35.7	60
P4_82_NODE_596_length_2051_cov_0.900208	1	2051	96	2051	100	6.74208	35.9	59.6
P4_82_NODE_597_length_2049_cov_1.488554	1	2049	190	2049	100	12.3011	35.5	56.3
P4_82_NODE_598_length_2049_cov_0.883455	1	2049	102	2049	100	6.58077	36	57.1
P4_82_NODE_599_length_2048_cov_0.978136	1	2048	110	2036	99.4141	7.01855	36.2	56
P4_82_NODE_600_length_2048_cov_0.791255	1	2048	104	2048	100	6.0542	35.3	53.3
P4_82_NODE_601_length_2041_cov_0.610763	1	2041	62	2041	100	4.21166	36	59.9
P4_82_NODE_602_length_2015_cov_0.701801	1	2015	126	2015	100	6.60447	34.7	51.6
P4_82_NODE_603_length_2012_cov_0.917772	1	2012	100	2012	100	6.73459	35.3	58.4
P4_82_NODE_604_length_2011_cov_0.800425	1	2011	96	2011	100	6.33814	35.4	58.7
P4_82_NODE_605_length_2011_cov_0.744161	1	2011	93	2011	100	6.23471	34.9	58.5
P4_82_NODE_606_length_2002_cov_0.836800	1	2002	107	1997	99.7502	6.4021	36	52.9
P4_82_NODE_607_length_2001_cov_0.862327	1	2001	81	2001	100	5.90255	35.9	60
P4_82_NODE_608_length_2001_cov_0.763074	1	2001	79	2001	100	5.55622	35.7	59.7
P4_82_NODE_609_length_1999_cov_0.580128	1	1999	134	1999	100	6.72386	34.8	41.2
P4_82_NODE_610_length_1998_cov_0.809193	1	1998	105	1998	100	6.61962	35.7	57.9
P4_82_NODE_611_length_1994_cov_0.989823	1	1994	91	1984	99.4985	6.4679	35.7	59.1
P4_82_NODE_612_length_1994_cov_0.708623	1	1994	79	1994	100	5.1013	35.8	51.4
P4_82_NODE_613_length_1990_cov_2.077295	1	1990	238	1990	100	16.2839	35.6	57.2
P4_82_NODE_614_length_1989_cov_1.157895	1	1989	182	1989	100	10.0493	35.5	51.5
P4_82_NODE_615_length_1988_cov_0.707684	1	1988	91	1988	100	5.41097	35.8	53.2
P4_82_NODE_616_length_1986_cov_0.479828	1	1986	63	1986	100	4.10373	35.8	58.3
P4_82_NODE_617_length_1985_cov_0.597417	1	1985	106	1985	100	5.68967	35.5	52
P4_82_NODE_618_length_1975_cov_0.674784	1	1975	122	1975	100	7.56911	35.9	59.2
P4_82_NODE_619_length_1971_cov_0.918655	1	1971	109	1971	100	7.37849	36.1	58.4
P4_82_NODE_620_length_1970_cov_0.718937	1	1970	89	1970	100	5.6401	36.3	54.8
P4_82_NODE_621_length_1966_cov_0.923328	1	1966	82	1966	100	6.00305	36.4	59.9
P4_82_NODE_622_length_1961_cov_0.932933	1	1961	97	1961	100	6.99847	35.6	59.2
P4_82_NODE_623_length_1961_cov_0.924755	1	1961	100	1961	100	6.64916	35.3	55.6
P4_82_NODE_624_length_1959_cov_1.092249	1	1959	98	1959	100	7.21082	36.5	59.3
P4_82_NODE_625_length_1957_cov_0.434426	1	1957	66	1957	100	3.89934	35.4	54.8
P4_82_NODE_626_length_1956_cov_0.569710	1	1956	76	1956	100	4.83384	35.6	56.3
P4_82_NODE_627_length_1954_cov_1.087028	1	1954	144	1954	100	9.3741	36	57.7
P4_82_NODE_628_length_1954_cov_0.727969	1	1954	95	1954	100	6.05834	35.4	58.5
P4_82_NODE_629_length_1948_cov_0.459088	1	1948	71	1947	99.9487	3.83214	35.9	50.4
P4_82_NODE_630_length_1947_cov_0.507143	1	1947	109	1947	100	5.18387	35	47.5
P4_82_NODE_631_length_1937_cov_117.862431	1	1937	4008	1937	100	246.335	36.2	15.5
P4_82_NODE_632_length_1929_cov_0.541620	1	1929	74	1920	99.5334	4.58735	35.7	55.2
P4_82_NODE_633_length_1926_cov_0.763202	1	1926	1706	1926	100	40.5145	32.4	18.4
P4_82_NODE_634_length_1926_cov_0.687048	1	1926	91	1926	100	5.91745	35.9	57.6
P4_82_NODE_635_length_1924_cov_0.942682	1	1924	123	1924	100	7.52807	36	54.8
P4_82_NODE_636_length_1923_cov_0.750557	1	1923	68	1923	100	4.74623	35.6	56.1
P4_82_NODE_637_length_1916_cov_0.851314	1	1916	129	1916	100	6.85699	35.6	47.7
P4_82_NODE_638_length_1915_cov_0.517897	1	1915	62	1915	100	4.09504	36.3	59.5
P4_82_NODE_639_length_1913_cov_0.784994	1	1913	98	1913	100	6.00314	35.9	55.1
P4_82_NODE_640_length_1910_cov_1.025238	1	1910	112	1886	98.7435	7.98325	36.1	59.5
P4_82_NODE_641_length_1907_cov_0.880899	1	1907	154	1907	100	8.19245	34.8	49.7
P4_82_NODE_642_length_1906_cov_0.754356	1	1906	74	1906	100	5.29801	36.2	58.3
P4_82_NODE_643_length_1906_cov_0.578415	1	1906	57	1906	100	3.97114	35.9	57.2
P4_82_NODE_644_length_1895_cov_1.016968	1	1895	209	1895	100	10.3071	33.2	29.4
P4_82_NODE_645_length_1894_cov_1.917374	1	1894	412	1894	100	22.5496	35.3	35.8
P4_82_NODE_646_length_1890_cov_0.638117	1	1890	64	1890	100	4.69206	35.2	58.1
P4_82_NODE_647_length_1888_cov_0.770585	1	1888	77	1888	100	5.59163	36	59
P4_82_NODE_648_length_1887_cov_0.836364	1	1887	127	1874	99.3111	7.88606	35	54
P4_82_NODE_649_length_1877_cov_1.116000	1	1877	169	1877	100	11.1438	35.7	51.6
P4_82_NODE_650_length_1877_cov_0.729143	1	1877	64	1877	100	4.85456	36.2	59.8
P4_82_NODE_651_length_1869_cov_0.593571	1	1869	80	1869	100	5.01605	36	55.5
P4_82_NODE_652_length_1868_cov_0.971281	1	1868	127	1868	100	7.70664	36	49.9
P4_82_NODE_653_length_1861_cov_0.483276	1	1861	62	1861	100	3.73348	36	54.7
P4_82_NODE_654_length_1859_cov_1.024249	1	1859	86	1859	100	6.61054	35.9	59.5
P4_82_NODE_655_length_1857_cov_0.732370	1	1857	106	1857	100	6.70759	35.9	59.4
P4_82_NODE_656_length_1855_cov_71.920139	1	1855	10848	1855	100	779.023	35.2	52.8
P4_82_NODE_657_length_1850_cov_0.756820	1	1850	91	1850	100	6.38108	36.1	59.6
P4_82_NODE_658_length_1848_cov_0.843696	1	1848	781238	1848	100	20324.8	36.2	49
P4_82_NODE_659_length_1848_cov_0.790819	1	1848	81	1838	99.4589	5.68128	35.3	58.2
P4_82_NODE_660_length_1847_cov_1.192442	1	1847	122	1847	100	8.36329	36.1	57.8
P4_82_NODE_661_length_1846_cov_0.787667	1	1846	112	1846	100	6.88624	35.7	48.6
P4_82_NODE_662_length_1842_cov_1.763265	1	1842	329	1842	100	17.4539	34.9	35.7
P4_82_NODE_663_length_1836_cov_0.964307	1	1836	108	1836	100	7.5354	35.8	58.1
P4_82_NODE_664_length_1829_cov_0.434195	1	1829	40	1819	99.4533	2.93439	35.9	54.8
P4_82_NODE_665_length_1828_cov_0.718401	1	1828	90	1828	100	6.10941	35.2	55.9
P4_82_NODE_666_length_1827_cov_0.894706	1	1827	124	1827	100	7.85167	35.9	54.4
P4_82_NODE_667_length_1825_cov_0.823322	1	1825	73	1825	100	5.70521	35.9	59.8
P4_82_NODE_668_length_1821_cov_0.789847	1	1821	91	1821	100	6.40527	35.9	57.4
P4_82_NODE_669_length_1820_cov_0.556999	1	1820	66	1820	100	4.22363	35.4	54.6
P4_82_NODE_670_length_1817_cov_0.675148	1	1817	85	1817	100	5.36489	35.9	55.5
P4_82_NODE_671_length_1811_cov_0.592043	1	1811	60	1811	100	4.68084	35.9	60
P4_82_NODE_672_length_1810_cov_1.010101	1	1810	108	1810	100	7.0232	35.9	51.3
P4_82_NODE_673_length_1810_cov_0.664884	1	1810	92	1810	100	6.29779	34.9	55.6
P4_82_NODE_674_length_1802_cov_3512.335522	1	1802	447249	1802	100	32615.9	36	59.4
P4_82_NODE_675_length_1801_cov_0.611111	1	1801	77	1801	100	4.86063	35.5	48.8
P4_82_NODE_676_length_1798_cov_0.377020	1	1798	54	1798	100	3.74527	35.7	53.9
P4_82_NODE_677_length_1793_cov_0.794118	1	1793	66	1793	100	5.18628	35.9	58.8
P4_82_NODE_678_length_1793_cov_0.777311	1	1793	104	1793	100	6.65923	34.5	52.7
P4_82_NODE_679_length_1789_cov_3.545728	1	1789	408	1789	100	29.1135	36	59.8
P4_82_NODE_680_length_1785_cov_0.588661	1	1785	929443	1785	100	17107.1	36.1	30.9
P4_82_NODE_681_length_1784_cov_0.772480	1	1784	1649	1784	100	51.2691	31.2	3.11
P4_82_NODE_682_length_1784_cov_0.549789	1	1784	71	1784	100	5.11659	36	55.2
P4_82_NODE_683_length_1776_cov_0.597332	1	1776	69	1776	100	4.71396	35.3	51.7
P4_82_NODE_684_length_1773_cov_0.817132	1	1773	125	1773	100	6.76368	35.6	44.5
P4_82_NODE_685_length_1773_cov_0.419806	1	1773	63	1773	100	4.5031	35.2	58
P4_82_NODE_686_length_1770_cov_0.477785	1	1770	118	1770	100	5.56328	34.8	46.7
P4_82_NODE_687_length_1767_cov_0.698780	1	1767	85	1767	100	5.59593	35.6	55.2
P4_82_NODE_688_length_1759_cov_0.857230	1	1759	79	1759	100	6.18704	36.1	59.6
P4_82_NODE_689_length_1755_cov_0.816339	1	1755	80	1755	100	6.15726	35.3	58.3
P4_82_NODE_690_length_1754_cov_2.759066	1	1754	940	1754	100	40.9886	32.6	19.9
P4_82_NODE_691_length_1749_cov_0.983354	1	1749	103	1749	100	7.93425	35.5	58
P4_82_NODE_692_length_1742_cov_0.945511	1	1742	91	1742	100	6.61366	35.9	53.9
P4_82_NODE_693_length_1742_cov_0.791331	1	1742	90	1742	100	6.09013	35.2	56.9
P4_82_NODE_694_length_1742_cov_0.790712	1	1742	81	1742	100	6.45867	36.1	59.9
P4_82_NODE_695_length_1740_cov_6442.260384	1	1740	633366	1740	100	50044.4	36	59.3
P4_82_NODE_696_length_1736_cov_0.597887	1	1736	71	1736	100	4.87154	35.3	53.7
P4_82_NODE_697_length_1735_cov_0.796642	1	1735	85	1735	100	6.16599	35.4	56.7
P4_82_NODE_698_length_1735_cov_0.737562	1	1735	211	1735	100	10.1245	30.9	30.6
P4_82_NODE_699_length_1734_cov_0.757934	1	1734	111	1734	100	6.61765	35.6	45.3
P4_82_NODE_700_length_1728_cov_1.060587	1	1728	101	1728	100	7.20428	36	53.1
P4_82_NODE_701_length_1721_cov_0.425972	1	1721	56	1721	100	3.6287	35.7	49.5
P4_82_NODE_702_length_1720_cov_0.848085	1	1720	98	1720	100	6.49884	35.8	52.7
P4_82_NODE_703_length_1717_cov_0.745912	1	1717	117	1717	100	6.85556	34.8	46.4
P4_82_NODE_704_length_1716_cov_0.606042	1	1716	60	1716	100	4.72844	36.1	59.4
P4_82_NODE_705_length_1714_cov_0.636421	1	1714	59	1714	100	4.46849	35.9	54
P4_82_NODE_706_length_1713_cov_1.074401	1	1713	99	1713	100	7.66083	35.3	57.6
P4_82_NODE_707_length_1711_cov_0.801768	1	1711	78	1711	100	5.93805	35.8	56.2
P4_82_NODE_708_length_1711_cov_0.693813	1	1711	108	1711	100	5.78551	32.6	38.1
P4_82_NODE_709_length_1707_cov_1.132911	1	1707	133	1707	100	9.81195	35.3	58.3
P4_82_NODE_710_length_1706_cov_0.901203	1	1706	76	1696	99.4138	6.22567	35.6	59.4
P4_82_NODE_711_length_1705_cov_0.762357	1	1705	112	1705	100	7.35367	35.7	51.5
P4_82_NODE_712_length_1702_cov_1.664762	1	1702	430	1702	100	18.3061	31.3	46.4
P4_82_NODE_713_length_1700_cov_1.060394	1	1700	98	1700	100	8.05235	36.1	59.9
P4_82_NODE_714_length_1698_cov_0.770210	1	1698	97	1698	100	6.49411	35.2	51.1
P4_82_NODE_715_length_1698_cov_0.550605	1	1698	71	1681	98.9988	5.18257	35.9	57.6
P4_82_NODE_716_length_1697_cov_1.071975	1	1697	96	1697	100	7.71067	36	59.3
P4_82_NODE_717_length_1697_cov_0.894268	1	1697	108	1697	100	7.8185	35.1	57.6
P4_82_NODE_718_length_1694_cov_0.553925	1	1694	64	1694	100	4.19658	35.5	45.9
P4_82_NODE_719_length_1691_cov_0.625959	1	1691	56	1691	100	4.59787	35.6	59.5
P4_82_NODE_720_length_1687_cov_0.532692	1	1687	75	1687	100	4.24126	36	40.4
P4_82_NODE_721_length_1685_cov_0.769576	1	1685	80	1685	100	6.01662	35.7	56.8
P4_82_NODE_722_length_1682_cov_0.479100	1	1682	54	1682	100	4.27467	36.3	60
P4_82_NODE_723_length_1678_cov_0.675048	1	1678	52	1678	100	4.49166	35.8	59.4
P4_82_NODE_724_length_1676_cov_0.555197	1	1676	68	1676	100	4.75418	35.7	50.6
P4_82_NODE_725_length_1675_cov_2.025840	1	1675	207	1672	99.8209	15.8018	36	57.6
P4_82_NODE_726_length_1672_cov_0.904207	1	1672	95	1672	100	7.44019	36	58.3
P4_82_NODE_727_length_1670_cov_0.641607	1	1670	89	1670	100	5.55749	35	44.2
P4_82_NODE_728_length_1668_cov_0.884491	1	1668	79	1668	100	6.57194	36	60
P4_82_NODE_729_length_1665_cov_0.434980	1	1665	155	1661	99.7598	4.93033	36.2	23.2
P4_82_NODE_730_length_1661_cov_0.545632	1	1661	51	1661	100	4.23299	36	55.7
P4_82_NODE_731_length_1659_cov_0.957572	1	1659	81	1659	100	6.8481	35.9	58.8
P4_82_NODE_732_length_1656_cov_0.980379	1	1656	72	1652	99.7585	6.08273	35.4	59.9
P4_82_NODE_733_length_1656_cov_0.706344	1	1656	86	1656	100	6.27717	34.9	56
P4_82_NODE_734_length_1655_cov_0.678010	1	1655	72	1655	100	4.96737	35.7	49.3
P4_82_NODE_735_length_1652_cov_0.610492	1	1652	58	1652	100	4.77179	36	58.7
P4_82_NODE_736_length_1651_cov_0.715223	1	1651	76	1651	100	6.11932	35.6	56.9
P4_82_NODE_737_length_1650_cov_0.679580	1	1650	63	1631	98.8485	5.11515	35.9	57.5
P4_82_NODE_738_length_1649_cov_0.941524	1	1649	109	1649	100	7.80655	35.6	56.7
P4_82_NODE_739_length_1649_cov_0.521682	1	1649	52	1649	100	3.72165	35.9	52.1
P4_82_NODE_740_length_1648_cov_0.631821	1	1648	58	1648	100	4.51153	35.9	56.1
P4_82_NODE_741_length_1647_cov_0.653289	1	1647	73	1647	100	5.75288	35.1	59.3
P4_82_NODE_742_length_1647_cov_0.516447	1	1647	49	1647	100	3.97753	35.4	57.6
P4_82_NODE_743_length_1641_cov_0.714663	1	1641	68	1641	100	5.57221	36.2	59.1
P4_82_NODE_744_length_1641_cov_0.630779	1	1641	104	1641	100	5.67764	34.8	44.6
P4_82_NODE_745_length_1638_cov_0.668432	1	1638	163	1638	100	8.53541	34.3	42.7
P4_82_NODE_746_length_1636_cov_1.000663	1	1636	86	1636	100	7.05012	35.5	56.6
P4_82_NODE_747_length_1634_cov_0.473789	1	1634	54	1634	100	4.21787	35.4	54.4
P4_82_NODE_748_length_1626_cov_1.442295	1	1626	1181	1626	100	65.9047	27	15
P4_82_NODE_749_length_1626_cov_0.536358	1	1626	70	1626	100	4.64883	35.5	51.4
P4_82_NODE_750_length_1624_cov_1.472946	1	1624	164	1624	100	13.1847	36.1	57.6
P4_82_NODE_751_length_1622_cov_0.831438	1	1622	79	1622	100	6.21208	35.9	56.6
P4_82_NODE_752_length_1621_cov_1.267738	1	1621	122	1621	100	9.29118	36.2	58.4
P4_82_NODE_753_length_1621_cov_1.035475	1	1621	89	1621	100	7.53794	36.1	58
P4_82_NODE_754_length_1621_cov_0.842704	1	1621	92	1621	100	7.46083	35.6	58.2
P4_82_NODE_755_length_1621_cov_0.671352	1	1621	126	1621	100	6.93399	35.1	46.2
P4_82_NODE_756_length_1620_cov_1957.854655	1	1620	214721	1620	100	18087.4	35.9	56.9
P4_82_NODE_757_length_1620_cov_0.951105	1	1620	80	1620	100	6.66358	35.8	59
P4_82_NODE_758_length_1615_cov_2.628588	1	1615	282	1615	100	21.8006	35.9	59.9
P4_82_NODE_759_length_1612_cov_0.842424	1	1612	74	1612	100	6.134	36.1	58
P4_82_NODE_760_length_1612_cov_0.674747	1	1612	68	1612	100	5.27854	35.6	51.6
P4_82_NODE_761_length_1607_cov_0.436486	1	1607	51	1607	100	3.9023	35.1	56
P4_82_NODE_762_length_1602_cov_3.233220	1	1602	339	1602	100	26.9925	35.8	49.6
P4_82_NODE_763_length_1600_cov_0.492193	1	1600	59	1600	100	4.42063	35.1	55.7
P4_82_NODE_764_length_1599_cov_1.208560	1	1599	114	1599	100	9.53846	35.8	59.5
P4_82_NODE_765_length_1599_cov_0.750679	1	1599	84	1599	100	6.30457	35.9	54
P4_82_NODE_766_length_1598_cov_0.544528	1	1598	45	1598	100	3.84731	35.9	58.2
P4_82_NODE_767_length_1595_cov_0.727520	1	1595	115	1595	100	8.54922	35.7	51.6
P4_82_NODE_768_length_1585_cov_1.595336	1	1585	208	1585	100	14.6032	34.7	48.6
P4_82_NODE_769_length_1579_cov_0.745179	1	1579	66	1569	99.3667	5.46358	35.7	60
P4_82_NODE_770_length_1576_cov_0.930987	1	1576	137	1576	100	10.6605	35.6	50.3
P4_82_NODE_771_length_1574_cov_0.714582	1	1574	50	1574	100	4.56163	35.9	58.7
P4_82_NODE_772_length_1573_cov_1.573997	1	1573	136	1573	100	11.5518	36.1	57.8
P4_82_NODE_773_length_1573_cov_0.721992	1	1573	70	1564	99.4278	5.0979	35.2	51.4
P4_82_NODE_774_length_1572_cov_0.507266	1	1572	37	1572	100	3.3874	35.7	59.4
P4_82_NODE_775_length_1571_cov_0.867036	1	1571	83	1571	100	6.84596	35.2	56.7
P4_82_NODE_776_length_1569_cov_0.679612	1	1569	53	1569	100	4.32505	36.2	56.3
P4_82_NODE_777_length_1566_cov_29.655050	1	1566	2783	1566	100	235.392	36	59.6
P4_82_NODE_778_length_1566_cov_0.605281	1	1566	56	1556	99.3614	4.62644	36.2	59.3
P4_82_NODE_779_length_1559_cov_0.656425	1	1559	95	1559	100	7.05196	35.4	56.4
P4_82_NODE_780_length_1558_cov_0.767994	1	1558	68	1558	100	5.32285	35.8	50.1
P4_82_NODE_781_length_1557_cov_52.468531	1	1557	4233	1557	100	376.663	36.2	58.1
P4_82_NODE_782_length_1556_cov_0.421973	1	1556	35	1556	100	3.01799	35.5	56.6
P4_82_NODE_783_length_1553_cov_0.795933	1	1553	80	1553	100	6.41211	35.6	55.3
P4_82_NODE_784_length_1553_cov_0.744039	1	1553	60	1553	100	5.25692	35.9	59.4
P4_82_NODE_785_length_1553_cov_0.570827	1	1553	51	1553	100	4.33548	35.9	57.1
P4_82_NODE_786_length_1551_cov_1.133427	1	1551	81	1551	100	7.49387	35.6	60
P4_82_NODE_787_length_1551_cov_1.007022	1	1551	107	1551	100	8.53772	35.5	57.4
P4_82_NODE_788_length_1549_cov_0.481013	1	1549	43	1549	100	3.66624	36.7	59.3
P4_82_NODE_789_length_1548_cov_0.826882	1	1548	79	1548	100	6.35982	35.7	52.6
P4_82_NODE_790_length_1544_cov_1.326041	1	1544	109	1544	100	9.55635	36.3	59.7
P4_82_NODE_791_length_1543_cov_1.069209	1	1543	96	1543	100	8.11342	35.3	59
P4_82_NODE_792_length_1541_cov_0.389675	1	1541	45	1541	100	3.46658	35.8	55
P4_82_NODE_793_length_1537_cov_0.772340	1	1537	83	1537	100	6.82108	35	56.8
P4_82_NODE_794_length_1536_cov_0.471966	1	1536	75	1536	100	4.30794	35.8	47.5
P4_82_NODE_795_length_1533_cov_0.744666	1	1533	84	1533	100	6.48141	34.9	54
P4_82_NODE_796_length_1533_cov_0.636558	1	1533	56	1533	100	4.85519	35.2	57.9
P4_82_NODE_797_length_1532_cov_0.370107	1	1532	54	1532	100	3.28721	33.3	49.6
P4_82_NODE_798_length_1531_cov_0.757123	1	1531	57	1531	100	5.15415	35.5	59.5
P4_82_NODE_799_length_1530_cov_0.756237	1	1530	61	1530	100	5.49346	35.5	55.8
P4_82_NODE_800_length_1526_cov_0.761973	1	1526	75	1526	100	6.27654	35.1	53.3
P4_82_NODE_801_length_1525_cov_0.764664	1	1525	74	1525	100	6.14361	36.4	58.3
P4_82_NODE_802_length_1522_cov_0.687455	1	1522	80	1522	100	5.59724	35.6	50.5
P4_82_NODE_803_length_1521_cov_0.773314	1	1521	67	1521	100	5.73176	35.8	57.9
P4_82_NODE_804_length_1520_cov_1.003589	1	1520	86	1520	100	6.73224	35.8	52
P4_82_NODE_805_length_1520_cov_0.735104	1	1520	82	1520	100	6.09145	35.4	50.9
P4_82_NODE_806_length_1520_cov_0.623833	1	1520	50	1520	100	4.54671	36.1	58.1
P4_82_NODE_807_length_1519_cov_0.862787	1	1519	94	1519	100	7.06912	34.9	51.1
P4_82_NODE_808_length_1519_cov_0.505747	1	1519	53	1519	100	3.84332	35.8	50.9
P4_82_NODE_809_length_1517_cov_0.502878	1	1517	72	1517	100	4.62162	36.1	48.3
P4_82_NODE_810_length_1516_cov_0.501080	1	1516	59	1516	100	4.76319	34.6	57.6
P4_82_NODE_811_length_1514_cov_0.904831	1	1514	97	1514	100	7.67437	35.9	49.4
P4_82_NODE_812_length_1513_cov_1.020202	1	1513	114	1513	100	8.5466	35.2	51.3
P4_82_NODE_813_length_1512_cov_0.893141	1	1512	68	1512	100	5.80556	36	56.2
P4_82_NODE_814_length_1509_cov_1.010854	1	1509	88	1509	100	7.70245	36.2	58.6
P4_82_NODE_815_length_1508_cov_0.890659	1	1508	93	1508	100	7.86008	35.7	59
P4_82_NODE_816_length_1506_cov_0.541697	1	1506	44	1506	100	3.82537	35.7	55.3
P4_82_NODE_817_length_1505_cov_1.311321	1	1505	111	1505	100	9.43787	36.4	53.6
P4_82_NODE_818_length_1504_cov_0.718228	1	1504	102	1504	100	7.05186	34.2	46.9
P4_82_NODE_819_length_1502_cov_1.009455	1	1502	85	1502	100	7.06525	35.9	56.4
P4_82_NODE_820_length_1500_cov_0.598689	1	1500	52	1500	100	4.22067	35.8	57.1
P4_82_NODE_821_length_1497_cov_3188.534307	1	1497	420306	1497	100	36155.4	36	54
P4_82_NODE_822_length_1497_cov_0.670803	1	1497	65	1497	100	4.77822	35.7	50.9
P4_82_NODE_823_length_1497_cov_0.669343	1	1497	105	1495	99.8664	6.31329	35.4	41.8
P4_82_NODE_824_length_1497_cov_0.653285	1	1497	96	1497	100	6.82098	35.1	52.3
P4_82_NODE_825_length_1494_cov_0.769568	1	1494	66	1415	94.7122	5.99264	35.4	58.3
P4_82_NODE_826_length_1494_cov_0.682516	1	1494	165	1494	100	8.09839	35.5	46.4
P4_82_NODE_827_length_1492_cov_0.618315	1	1492	70	1492	100	5.55295	35.7	56.9
P4_82_NODE_828_length_1491_cov_9.560117	1	1491	814	1491	100	73.3856	35	55.5
P4_82_NODE_829_length_1490_cov_0.540719	1	1490	47	1490	100	4.20738	36.3	59.7
P4_82_NODE_830_length_1487_cov_1.032353	1	1487	87	1485	99.8655	7.69603	36.1	56
P4_82_NODE_831_length_1486_cov_0.535688	1	1486	54	1486	100	4.47241	36.2	56.2
P4_82_NODE_832_length_1484_cov_0.422255	1	1484	45	1484	100	3.49798	35.5	54.4
P4_82_NODE_833_length_1477_cov_0.968889	1	1477	95	1477	100	8.32092	36.2	59.6
P4_82_NODE_834_length_1477_cov_0.494074	1	1477	53	1477	100	3.77319	35.7	49
P4_82_NODE_835_length_1474_cov_2.325167	1	1474	194	1474	100	17.671	35.5	59.2
P4_82_NODE_836_length_1473_cov_0.669391	1	1473	74	1473	100	5.77529	35.6	48.6
P4_82_NODE_837_length_1472_cov_0.655019	1	1472	45	1472	100	4.44701	35.7	60
P4_82_NODE_838_length_1472_cov_0.582900	1	1472	51	1472	100	4.41304	35.5	49.1
P4_82_NODE_839_length_1472_cov_0.552416	1	1472	53	1472	100	4.22079	35.1	50.9
P4_82_NODE_840_length_1471_cov_0.511905	1	1471	42	1471	100	3.53773	35.9	53
P4_82_NODE_841_length_1471_cov_0.449405	1	1471	92	1471	100	5.24813	34.4	42.8
P4_82_NODE_842_length_1467_cov_0.581343	1	1467	79	1467	100	5.47307	35.7	48.6
P4_82_NODE_843_length_1465_cov_1.280269	1	1465	111	1465	100	9.74812	36.1	57.1
P4_82_NODE_844_length_1465_cov_1.061286	1	1465	75	1465	100	7.22526	36.2	59.5
P4_82_NODE_845_length_1465_cov_0.429746	1	1465	60	1465	100	4.21638	35.4	47.4
P4_82_NODE_846_length_1464_cov_1.086761	1	1464	103	1464	100	8.69536	34.8	55.7
P4_82_NODE_847_length_1462_cov_0.698876	1	1462	52	1462	100	4.6238	36.6	58.1
P4_82_NODE_848_length_1460_cov_0.519130	1	1460	43	1460	100	3.83562	35.4	58.1
P4_82_NODE_849_length_1456_cov_0.956358	1	1456	108	1456	100	7.95948	35.3	44.4
P4_82_NODE_850_length_1456_cov_0.492852	1	1456	31	1456	100	3.10508	36.8	60
P4_82_NODE_851_length_1452_cov_1.483774	1	1452	150	1452	100	12.7052	35.5	55.9
P4_82_NODE_852_length_1451_cov_1.024924	1	1451	79	1451	100	7.02205	36.1	54.8
P4_82_NODE_853_length_1447_cov_0.460606	1	1447	33	1447	100	3.34347	34.8	60
P4_82_NODE_854_length_1446_cov_0.766490	1	1446	155	1446	100	8.83541	33.2	32
P4_82_NODE_855_length_1446_cov_0.405610	1	1446	34	1446	100	3.22337	36	60
P4_82_NODE_856_length_1444_cov_0.491268	1	1444	57	1444	100	3.79224	35.9	48.6
P4_82_NODE_857_length_1443_cov_0.803191	1	1443	57	1443	100	5.3763	35.8	59.1
P4_82_NODE_858_length_1439_cov_0.344512	1	1439	56	1439	100	3.88117	35.1	45.3
P4_82_NODE_859_length_1437_cov_0.643511	1	1437	41	1437	100	4.17397	35.5	60
P4_82_NODE_860_length_1437_cov_0.564885	1	1437	42	1427	99.3041	3.86082	36.2	56.2
P4_82_NODE_861_length_1435_cov_0.507645	1	1435	52	1435	100	3.89756	35.5	50.7
P4_82_NODE_862_length_1433_cov_0.867534	1	1433	62	1433	100	6.15283	35.8	60
P4_82_NODE_863_length_1432_cov_0.691188	1	1432	63	1432	100	6.03352	36.1	58.8
P4_82_NODE_864_length_1432_cov_0.615326	1	1432	65	1432	100	5.22975	36	53.7
P4_82_NODE_865_length_1431_cov_1.154908	1	1431	89	1405	98.1831	8.28512	35.7	60
P4_82_NODE_866_length_1429_cov_0.998464	1	1429	86	1429	100	7.96991	35.9	59.9
P4_82_NODE_867_length_1427_cov_0.748462	1	1427	57	1427	100	5.15837	36.6	52.4
P4_82_NODE_868_length_1427_cov_0.690769	1	1427	69	1427	100	5.13595	35.6	48.2
P4_82_NODE_869_length_1426_cov_0.665897	1	1426	74	1426	100	5.74895	35.7	53.7
P4_82_NODE_870_length_1423_cov_0.595679	1	1423	62	1423	100	5.23753	35.3	54.3
P4_82_NODE_871_length_1422_cov_0.593822	1	1422	52	1422	100	4.35232	35.7	51.3
P4_82_NODE_872_length_1419_cov_0.551858	1	1419	46	1419	100	4.29528	36.2	58.7
P4_82_NODE_873_length_1419_cov_0.440402	1	1419	48	1419	100	3.75617	36	52.9
P4_82_NODE_874_length_1415_cov_0.656056	1	1415	771	1415	100	26.6438	30.9	7.43
P4_82_NODE_875_length_1414_cov_1.132090	1	1414	123	1414	100	10.4894	35.8	58.1
P4_82_NODE_876_length_1413_cov_3.471229	1	1413	286	1409	99.7169	26.6362	35.6	57.5
P4_82_NODE_877_length_1411_cov_1.109813	1	1411	80	1411	100	7.55847	35.9	57.2
P4_82_NODE_878_length_1408_cov_1.988290	1	1408	220	1381	98.0824	18.1982	35.2	51.4
P4_82_NODE_879_length_1408_cov_0.593286	1	1408	116	1408	100	7.68182	34.9	46.8
P4_82_NODE_880_length_1408_cov_0.520687	1	1408	1208	1408	100	41.7038	33.1	2.47
P4_82_NODE_881_length_1405_cov_1.029734	1	1405	66	1405	100	6.75658	35.6	60
P4_82_NODE_882_length_1405_cov_0.359937	1	1405	104	1405	100	4.41281	33.5	27
P4_82_NODE_883_length_1402_cov_0.410980	1	1402	80	1402	100	5.23966	34.6	45.4
P4_82_NODE_884_length_1401_cov_1.098901	1	1401	162	1401	100	10.3797	34.7	38.4
P4_82_NODE_885_length_1401_cov_0.686813	1	1401	57	1401	100	5.33976	35.7	54.4
P4_82_NODE_886_length_1397_cov_0.798425	1	1397	60	1397	100	5.87688	35.7	60
P4_82_NODE_887_length_1394_cov_0.526440	1	1394	40	1394	100	3.88809	35.6	58.3
P4_82_NODE_888_length_1391_cov_0.488133	1	1391	45	1391	100	4.02372	36.1	59.7
P4_82_NODE_889_length_1390_cov_1.008709	1	1390	93	1390	100	8.48705	35.3	56.3
P4_82_NODE_890_length_1387_cov_0.390476	1	1387	44	1387	100	3.2509	35.4	41.8
P4_82_NODE_891_length_1385_cov_0.585056	1	1385	74	1385	100	5.24332	35.1	49.2
P4_82_NODE_892_length_1384_cov_0.596659	1	1384	53	1384	100	4.85043	35.4	56.8
P4_82_NODE_893_length_1383_cov_1.296178	1	1383	85	1383	100	8.69197	36.3	60
P4_82_NODE_894_length_1382_cov_0.701195	1	1382	42	1382	100	4.46165	35.8	60
P4_82_NODE_895_length_1380_cov_0.521149	1	1380	46	1380	100	4.16667	35.6	59.1
P4_82_NODE_896_length_1378_cov_0.740208	1	1378	60	1378	100	5.93396	36	60
P4_82_NODE_897_length_1376_cov_1.058447	1	1376	84	1376	100	7.84448	35.7	56.7
P4_82_NODE_898_length_1376_cov_0.718975	1	1376	57	1340	97.3837	5.17297	35.4	55.2
P4_82_NODE_899_length_1376_cov_0.710168	1	1376	47	1376	100	4.93823	35.8	60
P4_82_NODE_900_length_1372_cov_1.232129	1	1372	102	1372	100	9.20335	35.7	52.5
P4_82_NODE_901_length_1370_cov_0.717619	1	1370	53	1370	100	5.43358	36.2	60
P4_82_NODE_902_length_1368_cov_0.626108	1	1368	56	1368	100	4.38889	35.7	51.7
P4_82_NODE_903_length_1365_cov_0.390145	1	1365	35	1355	99.2674	3.18315	36.4	51.9
P4_82_NODE_904_length_1363_cov_0.285599	1	1363	42	1363	100	3.04109	34.2	47.3
P4_82_NODE_905_length_1362_cov_0.896356	1	1362	77	1362	100	6.58003	35.3	54.2
P4_82_NODE_906_length_1361_cov_1.999328	1	1361	160	1361	100	14.5937	35.8	59.3
P4_82_NODE_907_length_1361_cov_0.786062	1	1361	51	1361	100	5.14989	35.6	55.5
P4_82_NODE_908_length_1359_cov_0.643669	1	1359	52	1359	100	4.68948	35.4	54.4
P4_82_NODE_909_length_1356_cov_1.087876	1	1356	74	1356	100	7.441	36.2	59.1
P4_82_NODE_910_length_1356_cov_0.772172	1	1356	61	1356	100	6.19322	36.1	60
P4_82_NODE_911_length_1356_cov_0.711147	1	1356	58	1356	100	5.42183	36.2	56.1
P4_82_NODE_912_length_1356_cov_0.537836	1	1356	59	1356	100	5.15192	36.3	44.6
P4_82_NODE_913_length_1354_cov_0.746536	1	1354	47	1354	100	5.09158	36.4	60
P4_82_NODE_914_length_1352_cov_0.591837	1	1352	56	1352	100	5.08876	35.3	56.8
P4_82_NODE_915_length_1352_cov_0.463673	1	1352	25	1343	99.3343	2.77811	35.9	60
P4_82_NODE_916_length_1351_cov_0.579248	1	1351	39	1351	100	4.00074	35.3	59.3
P4_82_NODE_917_length_1349_cov_1.102291	1	1349	74	1349	100	7.9066	36	58.6
P4_82_NODE_918_length_1348_cov_0.568387	1	1348	99	1348	100	6.22997	35.9	35.4
P4_82_NODE_919_length_1346_cov_0.768663	1	1346	83	1346	100	6.82169	35.5	52.7
P4_82_NODE_920_length_1345_cov_0.962233	1	1345	89	1345	100	7.66245	35.9	52.8
P4_82_NODE_921_length_1345_cov_0.881773	1	1345	75	1345	100	6.64535	35.7	53.1
P4_82_NODE_922_length_1345_cov_0.598522	1	1345	47	1345	100	4.42156	35.5	52.5
P4_82_NODE_923_length_1342_cov_0.693004	1	1342	64	1342	100	5.93368	35.8	59.8
P4_82_NODE_924_length_1339_cov_1.149340	1	1339	88	1339	100	8.58028	36.2	57.7
P4_82_NODE_925_length_1339_cov_1.057756	1	1339	112	1339	100	10.6184	35.9	58.1
P4_82_NODE_926_length_1338_cov_0.574732	1	1338	54	1338	100	4.7571	36	59.1
P4_82_NODE_927_length_1338_cov_0.509496	1	1338	61	1338	100	4.47683	34.6	47.9
P4_82_NODE_928_length_1335_cov_0.488411	1	1335	38	1335	100	3.72659	36.3	59.2
P4_82_NODE_929_length_1334_cov_0.801988	1	1334	59	1334	100	5.76837	36.3	59.3
P4_82_NODE_930_length_1334_cov_0.527755	1	1334	44	1334	100	4.43178	36.2	60
P4_82_NODE_931_length_1330_cov_0.969244	1	1330	67	1330	100	6.44962	36.2	55.4
P4_82_NODE_932_length_1330_cov_0.501247	1	1330	39	1330	100	3.78647	36	58.4
P4_82_NODE_933_length_1329_cov_0.579035	1	1329	44	1329	100	4.46802	36	60
P4_82_NODE_934_length_1326_cov_0.703920	1	1326	74	1326	100	5.8914	35.6	45.7
P4_82_NODE_935_length_1324_cov_0.730159	1	1324	70	1324	100	6.09139	35.3	55.6
P4_82_NODE_936_length_1324_cov_0.682540	1	1324	65	1324	100	6.08384	36.4	60
P4_82_NODE_937_length_1324_cov_0.568087	1	1324	45	1324	100	4.48338	35.5	59.1
P4_82_NODE_938_length_1324_cov_0.497911	1	1324	44	1324	100	4.31269	35.4	60
P4_82_NODE_939_length_1322_cov_0.680335	1	1322	44	1322	100	4.62405	35.8	60
P4_82_NODE_940_length_1321_cov_0.817420	1	1321	86	1304	98.7131	7.32021	34.8	53.9
P4_82_NODE_941_length_1319_cov_0.671980	1	1319	44	1319	100	4.27066	36.2	56.3
P4_82_NODE_942_length_1317_cov_0.705882	1	1317	64	1317	100	5.76917	35.7	51.1
P4_82_NODE_943_length_1316_cov_3.989907	1	1316	315	1316	100	30.5441	35.8	53.7
P4_82_NODE_944_length_1314_cov_0.844145	1	1314	68	1314	100	6.71994	35.7	57.2
P4_82_NODE_945_length_1313_cov_0.711636	1	1313	48	1281	97.5628	4.69307	36.1	57.1
P4_82_NODE_946_length_1312_cov_0.708861	1	1312	60	1312	100	5.89177	35.4	56.5
P4_82_NODE_947_length_1312_cov_0.412658	1	1312	76	1312	100	4.78049	35.5	44.7
P4_82_NODE_948_length_1311_cov_0.610642	1	1311	49	1311	100	4.75362	36.3	59.6
P4_82_NODE_949_length_1311_cov_0.518581	1	1311	303	1311	100	7.48284	36.4	41.5
P4_82_NODE_950_length_1310_cov_0.808115	1	1310	80	1310	100	6.67786	35.4	51.8
P4_82_NODE_951_length_1307_cov_0.633051	1	1307	55	1307	100	5.08952	36.2	53
P4_82_NODE_952_length_1305_cov_0.522071	1	1305	81	1305	100	6.13487	34.5	49.7
P4_82_NODE_953_length_1305_cov_0.516129	1	1305	41	1305	100	4.1272	35.8	60
P4_82_NODE_954_length_1305_cov_0.376910	1	1305	53	1297	99.387	3.92337	35.5	55.4
P4_82_NODE_955_length_1300_cov_0.612958	1	1300	63	1300	100	5.26615	35.9	55.7
P4_82_NODE_956_length_1299_cov_0.730375	1	1299	67	1299	100	5.43187	36	47.6
P4_82_NODE_957_length_1298_cov_1.070026	1	1298	91	1298	100	8.74499	35.9	58.1
P4_82_NODE_958_length_1298_cov_0.708796	1	1298	45	1298	100	4.57704	36.1	52
P4_82_NODE_959_length_1297_cov_0.540171	1	1297	56	1297	100	4.23362	35.7	45.1
P4_82_NODE_960_length_1295_cov_0.595890	1	1295	47	1295	100	4.76988	34	54.9
P4_82_NODE_961_length_1295_cov_0.514555	1	1295	44	1295	100	4.17606	35.2	57
P4_82_NODE_962_length_1293_cov_0.619211	1	1293	42	1293	100	4.39675	35.7	60
P4_82_NODE_963_length_1293_cov_0.397084	1	1293	44	1293	100	3.54138	36.2	53.2
P4_82_NODE_964_length_1292_cov_0.403433	1	1292	43	1292	100	3.26935	35.2	41.7
P4_82_NODE_965_length_1290_cov_0.768702	1	1290	51	1290	100	5.34186	35.6	57.6
P4_82_NODE_966_length_1289_cov_0.298623	1	1289	32	1289	100	2.60124	35.5	53.9
P4_82_NODE_967_length_1286_cov_4.869073	1	1286	426	1286	100	41.0474	35.5	59.9
P4_82_NODE_968_length_1286_cov_0.852459	1	1286	67	1284	99.8445	6.37636	35.8	51.9
P4_82_NODE_969_length_1285_cov_0.860104	1	1285	82	1285	100	7.6	35.5	55.8
P4_82_NODE_970_length_1283_cov_0.654844	1	1283	45	1283	100	5.02806	35.5	60
P4_82_NODE_971_length_1282_cov_0.612987	1	1282	42	1282	100	4.04368	36	55.1
P4_82_NODE_972_length_1281_cov_0.512132	1	1281	54	1281	100	5.46604	36.1	59.4
P4_82_NODE_973_length_1280_cov_0.561145	1	1280	37	1280	100	3.98984	36.3	58.9
P4_82_NODE_974_length_1279_cov_1.137153	1	1279	158	1279	100	13.0633	34.6	48.6
P4_82_NODE_975_length_1279_cov_1.125868	1	1279	77	1279	100	7.98749	35.5	57.3
P4_82_NODE_976_length_1277_cov_1.656522	1	1277	118	1277	100	12.0258	36	56.1
P4_82_NODE_977_length_1277_cov_0.770435	1	1277	57	1277	100	5.8841	35.6	58.1
P4_82_NODE_978_length_1276_cov_1.232376	1	1276	90	1276	100	9.38088	36	59.1
P4_82_NODE_979_length_1276_cov_0.755440	1	1276	46	1276	100	5.15204	35.7	60
P4_82_NODE_980_length_1276_cov_0.584856	1	1276	47	1276	100	4.33856	35.7	55.1
P4_82_NODE_981_length_1275_cov_3271.622822	1	1275	241210	1275	100	26313.4	35.6	55
P4_82_NODE_982_length_1275_cov_1328.281359	1	1275	101885	1275	100	10903.3	35.7	53.6
P4_82_NODE_983_length_1272_cov_0.934498	1	1272	95	1272	100	8.57626	34.9	53.2
P4_82_NODE_984_length_1272_cov_0.551965	1	1272	83	1272	100	5.82075	34.7	41.8
P4_82_NODE_985_length_1269_cov_0.868651	1	1269	69	1269	100	6.54846	36.1	54.6
P4_82_NODE_986_length_1267_cov_0.770175	1	1267	44	1267	100	5.02841	36.2	60
P4_82_NODE_987_length_1265_cov_0.557996	1	1265	43	1265	100	4.31225	36.3	55.2
P4_82_NODE_988_length_1265_cov_0.471880	1	1265	26	1265	100	2.99051	35.7	60
P4_82_NODE_989_length_1264_cov_0.478452	1	1264	32	1264	100	3.50712	35.2	60
P4_82_NODE_990_length_1261_cov_0.514109	1	1261	64	1261	100	5.30769	35.5	47.7
P4_82_NODE_991_length_1261_cov_0.235450	1	1261	51	1261	100	3.21174	35	43.8
P4_82_NODE_992_length_1260_cov_1.366284	1	1260	150	1239	98.3333	11.7635	34.4	42
P4_82_NODE_993_length_1260_cov_0.942630	1	1260	97	1260	100	7.80397	33.1	42.5
P4_82_NODE_994_length_1258_cov_0.702034	1	1258	50	1258	100	4.87202	36	54.5
P4_82_NODE_995_length_1257_cov_0.794690	1	1257	53	1257	100	5.40414	35.4	59.1
P4_82_NODE_996_length_1257_cov_0.378761	1	1257	41	1257	100	3.81225	33.5	52.1
P4_82_NODE_997_length_1255_cov_0.731383	1	1255	78	1255	100	6.1243	35.6	46.2
P4_82_NODE_998_length_1255_cov_0.484929	1	1255	47	1255	100	3.84382	35.9	49.9
P4_82_NODE_999_length_1254_cov_0.732919	1	1254	48	1254	100	5.13796	35.5	57.8
P4_82_NODE_1000_length_1253_cov_0.582593	1	1253	260	1244	99.2817	9.13647	35.3	24.2
P4_82_NODE_1001_length_1252_cov_0.960889	1	1252	66	1237	98.8019	7.31709	35.8	59.5
P4_82_NODE_1002_length_1252_cov_0.693333	1	1252	47	1243	99.2812	5.18051	35.9	60
P4_82_NODE_1003_length_1251_cov_1.170819	1	1251	69	1251	100	7.81055	35.7	60
P4_82_NODE_1004_length_1251_cov_0.476868	1	1251	45	1251	100	4.72102	34.6	59.6
P4_82_NODE_1005_length_1250_cov_0.753339	1	1250	53	1250	100	5.6304	36.1	58.5
P4_82_NODE_1006_length_1250_cov_0.482636	1	1250	34	1250	100	3.6168	35.7	52.9
P4_82_NODE_1007_length_1249_cov_0.747772	1	1249	54	1249	100	5.61409	36.4	58.1
P4_82_NODE_1008_length_1247_cov_0.833929	1	1247	63	1247	100	6.41059	36.5	58.1
P4_82_NODE_1009_length_1247_cov_0.496429	1	1247	38	1247	100	3.76423	36.2	58.5
P4_82_NODE_1010_length_1247_cov_0.336607	1	1247	36	1247	100	3.36247	35.5	56.7
P4_82_NODE_1011_length_1246_cov_1.100983	1	1246	76	1246	100	7.68218	35.7	53
P4_82_NODE_1012_length_1243_cov_1.512545	1	1243	111	1243	100	11.7586	35.3	56.7
P4_82_NODE_1013_length_1243_cov_0.680108	1	1243	53	1243	100	5.18262	36.2	56.4
P4_82_NODE_1014_length_1239_cov_1.423561	1	1239	101	1239	100	10.4278	35.6	56.1
P4_82_NODE_1015_length_1239_cov_0.496403	1	1239	39	1239	100	4.46651	36.2	60
P4_82_NODE_1016_length_1237_cov_0.880180	1	1237	75	1237	100	7.09863	34.9	53
P4_82_NODE_1017_length_1235_cov_0.638087	1	1235	53	1225	99.1903	5.64858	35.8	57
P4_82_NODE_1018_length_1234_cov_0.750678	1	1234	77	1234	100	6.65316	35.2	49.9
P4_82_NODE_1019_length_1233_cov_0.921338	1	1233	57	1233	100	6.29278	36	60
P4_82_NODE_1020_length_1233_cov_0.899638	1	1233	46	1233	100	5.45823	35.9	60
P4_82_NODE_1021_length_1232_cov_0.867873	1	1232	54	1232	100	5.63636	36.3	53.5
P4_82_NODE_1022_length_1232_cov_0.589140	1	1232	82	1207	97.9708	7.23377	35.3	49.4
P4_82_NODE_1023_length_1232_cov_0.457919	1	1232	29	1232	100	3.25568	36.2	60
P4_82_NODE_1024_length_1231_cov_0.860507	1	1231	69	1231	100	6.76848	35.7	56.8
P4_82_NODE_1025_length_1231_cov_0.798913	1	1231	44	1231	100	4.91552	35.8	59.1
P4_82_NODE_1026_length_1231_cov_0.506341	1	1231	45	1231	100	4.43704	35.2	53.3
P4_82_NODE_1027_length_1230_cov_0.539438	1	1230	52	1230	100	4.5561	35	50.3
P4_82_NODE_1028_length_1229_cov_0.733212	1	1229	56	1229	100	5.00488	35.9	52.1
P4_82_NODE_1029_length_1228_cov_1.415985	1	1228	109	1228	100	11.4072	36.3	55.7
P4_82_NODE_1030_length_1227_cov_0.833636	1	1227	55	1227	100	6.0057	36	55.3
P4_82_NODE_1031_length_1225_cov_0.858834	1	1225	53	1225	100	6.09959	36	60
P4_82_NODE_1032_length_1225_cov_0.603825	1	1225	64	1225	100	6.68735	35.8	55
P4_82_NODE_1033_length_1225_cov_0.466302	1	1225	61	1225	100	4.39755	35.4	47.6
P4_82_NODE_1034_length_1224_cov_0.926162	1	1224	69	1204	98.366	7.06209	35.1	52.2
P4_82_NODE_1035_length_1224_cov_0.676390	1	1224	54	1224	100	5.20588	35.6	52.7
P4_82_NODE_1036_length_1223_cov_0.619526	1	1223	35	1223	100	3.87244	36.7	55.4
P4_82_NODE_1037_length_1223_cov_0.500912	1	1223	72	1223	100	4.83074	35.3	40.1
P4_82_NODE_1038_length_1221_cov_0.669104	1	1221	40	1221	100	4.45455	35.8	56.3
P4_82_NODE_1039_length_1220_cov_0.657823	1	1220	48	1220	100	5.28689	35.5	60
P4_82_NODE_1040_length_1220_cov_0.554437	1	1220	58	1211	99.2623	4.55738	35.7	49.8
P4_82_NODE_1041_length_1219_cov_0.600733	1	1219	44	1219	100	4.44053	35.6	54.2
P4_82_NODE_1042_length_1218_cov_1.496792	1	1218	96	1218	100	10.4516	35.5	57.7
P4_82_NODE_1043_length_1217_cov_0.753211	1	1217	48	1217	100	5.08463	36.3	55.5
P4_82_NODE_1044_length_1216_cov_0.573003	1	1216	45	1216	100	4.97039	35.9	60
P4_82_NODE_1045_length_1216_cov_0.544536	1	1216	40	1216	100	4.16612	35.7	56.4
P4_82_NODE_1046_length_1215_cov_0.667279	1	1215	70	1215	100	5.27078	36.4	49.7
P4_82_NODE_1047_length_1214_cov_0.647654	1	1214	39	1214	100	4.29901	35.3	59.6
P4_82_NODE_1048_length_1213_cov_0.386740	1	1213	151	1213	100	8.03875	34.7	34
P4_82_NODE_1049_length_1212_cov_0.783410	1	1212	47	1212	100	5.62211	36.7	60
P4_82_NODE_1050_length_1212_cov_0.733641	1	1212	71	1203	99.2574	6.63036	36.2	57
P4_82_NODE_1051_length_1212_cov_0.487558	1	1212	69	1212	100	4.92987	35.9	51.9
P4_82_NODE_1052_length_1211_cov_0.950185	1	1211	59	1211	100	6.74732	35.2	60
P4_82_NODE_1053_length_1211_cov_0.725092	1	1211	42	1211	100	5.02147	34.5	60
P4_82_NODE_1054_length_1211_cov_0.702952	1	1211	40	1211	100	4.55244	36.5	59
P4_82_NODE_1055_length_1208_cov_0.684551	1	1208	59	1208	100	5.95281	35.9	57.8
P4_82_NODE_1056_length_1207_cov_0.703704	1	1207	50	1207	100	4.98426	35.7	54.9
P4_82_NODE_1057_length_1205_cov_0.568646	1	1205	40	1205	100	4.14523	35.6	56.3
P4_82_NODE_1058_length_1204_cov_0.477252	1	1204	31	1204	100	3.26744	35.2	57.3
P4_82_NODE_1059_length_1203_cov_6.518587	1	1203	477	1203	100	51.0058	36.1	59.6
P4_82_NODE_1060_length_1203_cov_0.613383	1	1203	42	1203	100	4.23358	35.5	49.4
P4_82_NODE_1061_length_1203_cov_0.377323	1	1203	34	1203	100	3.13716	34.9	53.5
P4_82_NODE_1062_length_1201_cov_0.569832	1	1201	50	1201	100	4.93672	36.6	53
P4_82_NODE_1063_length_1200_cov_0.777260	1	1200	45	1200	100	5.35417	35.8	60
P4_82_NODE_1064_length_1200_cov_0.662628	1	1200	52	1200	100	4.95167	35.6	54.7
P4_82_NODE_1065_length_1200_cov_0.635601	1	1200	42	1200	100	4.6675	36.2	60
P4_82_NODE_1066_length_1199_cov_0.823694	1	1199	59	1199	100	6.3161	36	56.5
P4_82_NODE_1067_length_1199_cov_0.796642	1	1199	53	1199	100	5.79983	35.1	54.9
P4_82_NODE_1068_length_1199_cov_0.478545	1	1199	40	1199	100	4.01418	36.2	59
P4_82_NODE_1069_length_1198_cov_0.431373	1	1198	39	1198	100	3.52588	35.8	49.3
P4_82_NODE_1070_length_1197_cov_1.635514	1	1197	137	1197	100	13.8931	36.1	40.4
P4_82_NODE_1071_length_1196_cov_0.742750	1	1196	45	1196	100	5.53512	36.1	60
P4_82_NODE_1072_length_1196_cov_0.724977	1	1196	44	1196	100	5.25167	35.6	59.5
P4_82_NODE_1073_length_1195_cov_0.436330	1	1195	47	1195	100	3.74226	35.5	45.5
P4_82_NODE_1074_length_1194_cov_0.646673	1	1194	39	1194	100	4.69765	35.7	60
P4_82_NODE_1075_length_1194_cov_0.443299	1	1194	38	1194	100	4.00838	36	60
P4_82_NODE_1076_length_1193_cov_0.889306	1	1193	51	1193	100	5.88349	35.7	59.2
P4_82_NODE_1077_length_1193_cov_0.661351	1	1193	48	1193	100	5.23638	35.7	60
P4_82_NODE_1078_length_1193_cov_0.491557	1	1193	54	1193	100	4.5482	34.7	46
P4_82_NODE_1079_length_1193_cov_0.469981	1	1193	62	1193	100	5.37552	34.8	50.1
P4_82_NODE_1080_length_1192_cov_0.945540	1	1192	52	1192	100	6.12164	36.1	60
P4_82_NODE_1081_length_1191_cov_20.279135	1	1191	1572	1191	100	169.924	35.7	58.9
P4_82_NODE_1082_length_1188_cov_0.599434	1	1188	35	1178	99.1582	4.08502	36	57
P4_82_NODE_1083_length_1186_cov_1.262512	1	1186	74	1186	100	8.59865	36.3	58.1
P4_82_NODE_1084_length_1181_cov_0.640417	1	1181	35	1167	98.8146	4.0271	36	53.7
P4_82_NODE_1085_length_1180_cov_0.669516	1	1180	48	1180	100	4.69237	35.5	48.4
P4_82_NODE_1086_length_1179_cov_0.505703	1	1179	33	1179	100	3.46819	35.9	50.8
P4_82_NODE_1087_length_1178_cov_0.798287	1	1178	57	1178	100	6.09423	36.1	55.7
P4_82_NODE_1088_length_1177_cov_1.161905	1	1177	68	1177	100	8.01359	35.9	58.3
P4_82_NODE_1089_length_1177_cov_0.478095	1	1177	34	1169	99.3203	3.67715	35	54.9
P4_82_NODE_1090_length_1175_cov_0.738550	1	1175	72	1175	100	6.42383	35.4	46.2
P4_82_NODE_1091_length_1175_cov_0.715649	1	1175	69	1175	100	6.20085	35.8	47.8
P4_82_NODE_1092_length_1175_cov_0.596374	1	1175	37	1175	100	4.39489	36.2	58.4
P4_82_NODE_1093_length_1175_cov_0.591603	1	1175	104	1175	100	7.07234	35.3	21.2
P4_82_NODE_1094_length_1174_cov_0.531996	1	1174	30	1174	100	3.6644	35.6	60
P4_82_NODE_1095_length_1173_cov_0.843212	1	1173	61	1173	100	6.91134	34.6	60
P4_82_NODE_1096_length_1169_cov_0.728407	1	1169	83	1169	100	6.69803	34.9	49.2
P4_82_NODE_1097_length_1169_cov_0.627639	1	1169	66	1169	100	5.01796	35.5	43.2
P4_82_NODE_1098_length_1168_cov_0.705091	1	1168	41	1158	99.1438	4.86729	36.1	58
P4_82_NODE_1099_length_1168_cov_0.640730	1	1168	42	1168	100	4.54024	36.3	55.2
P4_82_NODE_1100_length_1168_cov_0.558117	1	1168	40	1158	99.1438	4.13185	35.2	54.3
P4_82_NODE_1101_length_1168_cov_0.546590	1	1168	34	1168	100	3.73288	35.1	58.6
P4_82_NODE_1102_length_1167_cov_1.427885	1	1167	114	1167	100	11.3436	35.9	54.8
P4_82_NODE_1103_length_1167_cov_0.562500	1	1167	30	1167	100	3.46444	35.7	58.7
P4_82_NODE_1104_length_1167_cov_0.544231	1	1167	44	1167	100	3.76093	35.4	42.6
P4_82_NODE_1105_length_1167_cov_0.406731	1	1167	25	1167	100	2.89717	35.3	60
P4_82_NODE_1106_length_1164_cov_0.949855	1	1164	68	1164	100	6.85653	36	56.3
P4_82_NODE_1107_length_1163_cov_0.410232	1	1163	24	1163	100	2.73517	36.2	55
P4_82_NODE_1108_length_1160_cov_0.932236	1	1160	52	1160	100	6.44483	35.9	60
P4_82_NODE_1109_length_1158_cov_0.663434	1	1158	56	1158	100	5.54663	35.1	52.6
P4_82_NODE_1110_length_1157_cov_0.433981	1	1157	44	1151	99.4814	4.10199	35.4	50.3
P4_82_NODE_1111_length_1157_cov_0.409709	1	1157	36	1157	100	3.27831	35.8	54.8
P4_82_NODE_1112_length_1156_cov_0.555879	1	1156	27	1156	100	3.43253	35.3	60
P4_82_NODE_1113_length_1154_cov_0.562804	1	1154	29	1154	100	3.32496	36.5	54.5
P4_82_NODE_1114_length_1154_cov_0.380721	1	1154	63	1154	100	4.70191	34.7	44.4
P4_82_NODE_1115_length_1153_cov_0.725146	1	1153	50	1153	100	5.49263	35.4	57.4
P4_82_NODE_1116_length_1153_cov_0.516569	1	1153	35	1153	100	4.01908	35.9	60
P4_82_NODE_1117_length_1153_cov_0.493177	1	1153	38	1153	100	3.95577	36.2	56.2
P4_82_NODE_1118_length_1152_cov_0.907317	1	1152	61	1152	100	6.96788	35.8	56.2
P4_82_NODE_1119_length_1152_cov_0.853659	1	1152	85	1136	98.6111	7.63628	35.5	51.2
P4_82_NODE_1120_length_1152_cov_0.246829	1	1152	92	1152	100	5.07031	29.4	35.3
P4_82_NODE_1121_length_1151_cov_1.021484	1	1151	48	1151	100	6.2285	36.2	60
P4_82_NODE_1122_length_1149_cov_1.118395	1	1149	62	1149	100	7.50566	36.1	60
P4_82_NODE_1123_length_1149_cov_0.348337	1	1149	29	1149	100	3.16449	35.8	52.6
P4_82_NODE_1124_length_1148_cov_0.434868	1	1148	33	1148	100	3.28223	35.8	56.3
P4_82_NODE_1125_length_1148_cov_0.304603	1	1148	45	1148	100	3.7439	34.2	48.1
P4_82_NODE_1126_length_1146_cov_0.882237	1	1146	67	1146	100	7.38918	35.6	56.6
P4_82_NODE_1127_length_1146_cov_0.762512	1	1146	46	1146	100	5.33159	36	58.3
P4_82_NODE_1128_length_1144_cov_0.777778	1	1144	48	1144	100	5.60752	35.6	58
P4_82_NODE_1129_length_1144_cov_0.380531	1	1144	42	1144	100	4.26836	36.2	57.7
P4_82_NODE_1130_length_1142_cov_0.323153	1	1142	25	1142	100	2.82925	35.2	60
P4_82_NODE_1131_length_1139_cov_0.466403	1	1139	49	1139	100	4.96839	35.7	50.7
P4_82_NODE_1132_length_1136_cov_0.500496	1	1136	43	1136	100	4.50088	34.9	52.4
P4_82_NODE_1133_length_1132_cov_0.713433	1	1132	60	1132	100	5.36572	35.7	49
P4_82_NODE_1134_length_1132_cov_0.677612	1	1132	60	1126	99.47	5.87014	36.3	54.2
P4_82_NODE_1135_length_1132_cov_0.571144	1	1132	34	1132	100	4.02915	35.4	59.4
P4_82_NODE_1136_length_1130_cov_0.623131	1	1130	43	1130	100	4.37168	36	51
P4_82_NODE_1137_length_1129_cov_0.742515	1	1129	42	1129	100	4.96014	34.7	54.4
P4_82_NODE_1138_length_1128_cov_1.423576	1	1128	564	1128	100	30.5293	26.5	15.5
P4_82_NODE_1139_length_1128_cov_0.750250	1	1128	71	1128	100	6.90957	35.2	56.6
P4_82_NODE_1140_length_1125_cov_0.916834	1	1125	78	1125	100	7.71289	34.9	54
P4_82_NODE_1141_length_1122_cov_0.569849	1	1122	36	1122	100	4.43316	36.2	60
P4_82_NODE_1142_length_1121_cov_0.869215	1	1121	68	1121	100	7.16414	35.9	58.5
P4_82_NODE_1143_length_1121_cov_0.515091	1	1121	42	1121	100	4.60571	36.1	52.7
P4_82_NODE_1144_length_1120_cov_0.338369	1	1120	23	1120	100	2.78214	35.8	60
P4_82_NODE_1145_length_1118_cov_0.612513	1	1118	53	1118	100	5.27013	36.3	55.4
P4_82_NODE_1146_length_1118_cov_0.494450	1	1118	31	1118	100	3.34794	36.4	55.3
P4_82_NODE_1147_length_1117_cov_0.448485	1	1117	39	1117	100	4.08505	36.2	54.9
P4_82_NODE_1148_length_1116_cov_0.424671	1	1116	27	1116	100	2.88172	35.8	50.8
P4_82_NODE_1149_length_1114_cov_0.688956	1	1114	42	1114	100	4.59066	36.5	53.9
P4_82_NODE_1150_length_1114_cov_0.642351	1	1114	49	1114	100	4.79443	35.1	49.4
P4_82_NODE_1151_length_1112_cov_0.422335	1	1112	40	1112	100	4.27698	36	59.6
P4_82_NODE_1152_length_1111_cov_0.427846	1	1111	73	1111	100	5.08911	34.5	39.4
P4_82_NODE_1153_length_1109_cov_0.548880	1	1109	42	1109	100	5.28043	35.9	56
P4_82_NODE_1154_length_1109_cov_0.509165	1	1109	31	1109	100	3.82958	36.8	60
P4_82_NODE_1155_length_1108_cov_0.521916	1	1108	32	1100	99.278	3.76895	35.6	58.4
P4_82_NODE_1156_length_1107_cov_0.679592	1	1107	37	1107	100	4.18248	36.4	51.1
P4_82_NODE_1157_length_1106_cov_0.447395	1	1106	56	1106	100	3.88517	35.1	47.5
P4_82_NODE_1158_length_1105_cov_0.832311	1	1105	149	1105	100	9.51674	29.4	26.8
P4_82_NODE_1159_length_1104_cov_0.858751	1	1104	58	1104	100	5.86051	36	53.2
P4_82_NODE_1160_length_1104_cov_0.677584	1	1104	85	1104	100	6.97917	34.8	44.5
P4_82_NODE_1161_length_1102_cov_0.547692	1	1102	40	1102	100	4.50907	35.3	53
P4_82_NODE_1162_length_1101_cov_1.043121	1	1101	59	1101	100	7.0654	36.2	54.6
P4_82_NODE_1163_length_1100_cov_1.058582	1	1100	49	1100	100	6.38091	36.3	60
P4_82_NODE_1164_length_1099_cov_0.509259	1	1099	30	1099	100	3.73339	35.1	56
P4_82_NODE_1165_length_1098_cov_4658.438723	1	1098	653911	1098	100	73711.6	35.8	59.7
P4_82_NODE_1166_length_1098_cov_0.479918	1	1098	33	1098	100	3.75774	35	58.3
P4_82_NODE_1167_length_1097_cov_0.929897	1	1097	55	1094	99.7265	6.59708	36.6	57.3
P4_82_NODE_1168_length_1097_cov_0.696907	1	1097	215	1097	100	22.4995	35	45.3
P4_82_NODE_1169_length_1095_cov_0.317149	1	1095	36	1095	100	3.45297	35.6	59
P4_82_NODE_1170_length_1094_cov_0.364012	1	1094	28	1084	99.0859	2.95612	35.6	55
P4_82_NODE_1171_length_1092_cov_0.915026	1	1092	60	1092	100	7.04579	35.7	57.4
P4_82_NODE_1172_length_1092_cov_0.824870	1	1092	53	1092	100	5.56044	36.4	52.4
P4_82_NODE_1173_length_1090_cov_0.719626	1	1090	43	1090	100	5.22385	35.2	55.4
P4_82_NODE_1174_length_1090_cov_0.361371	1	1090	21	1090	100	2.70826	36.3	60
P4_82_NODE_1175_length_1089_cov_0.841996	1	1089	55	1089	100	6.62167	35.5	56.8
P4_82_NODE_1176_length_1089_cov_0.316008	1	1089	18	1089	100	2.21028	35.3	57.8
P4_82_NODE_1177_length_1087_cov_1.027083	1	1087	58	1087	100	7.00368	36.6	55.8
P4_82_NODE_1178_length_1087_cov_0.415625	1	1087	32	1087	100	3.30727	35.8	56.7
P4_82_NODE_1179_length_1084_cov_0.640543	1	1084	98	1084	100	8.09225	35.3	33.8
P4_82_NODE_1180_length_1084_cov_0.495298	1	1084	24	1084	100	3.27306	36.3	60
P4_82_NODE_1181_length_1084_cov_0.471264	1	1084	73	1084	100	6.19465	34.1	42.1
P4_82_NODE_1182_length_1082_cov_0.451309	1	1082	39	1082	100	3.66174	35.4	47
P4_82_NODE_1183_length_1081_cov_1.394130	1	1081	85	1081	100	10.2035	36	59.1
P4_82_NODE_1184_length_1081_cov_0.738994	1	1081	34	1081	100	4.34875	36.5	57.9
P4_82_NODE_1185_length_1080_cov_0.370409	1	1080	29	1080	100	3.21389	36	56.7
P4_82_NODE_1186_length_1079_cov_0.686975	1	1079	36	1079	100	4.64041	36.2	60
P4_82_NODE_1187_length_1076_cov_0.729189	1	1076	39	1076	100	5.19052	36.2	60
P4_82_NODE_1188_length_1074_cov_0.686378	1	1074	42	1074	100	4.90317	36.1	59
P4_82_NODE_1189_length_1073_cov_1.151163	1	1073	65	1067	99.4408	8.26188	35.5	60
P4_82_NODE_1190_length_1073_cov_0.446089	1	1073	35	1046	97.4837	3.5219	36.6	53.5
P4_82_NODE_1191_length_1072_cov_0.635979	1	1072	32	1072	100	4.36754	36.4	60
P4_82_NODE_1192_length_1071_cov_1412.541314	1	1071	83699	1071	100	10805.9	35.9	53.1
P4_82_NODE_1193_length_1070_cov_1.193001	1	1070	86	1070	100	9.06916	34.8	51.9
P4_82_NODE_1194_length_1070_cov_0.853659	1	1070	57	1070	100	6.26729	35.5	52.4
P4_82_NODE_1195_length_1070_cov_0.740191	1	1070	42	1070	100	5.05607	36.3	54.7
P4_82_NODE_1196_length_1070_cov_0.715801	1	1070	35	1070	100	4.5215	36	60
P4_82_NODE_1197_length_1070_cov_0.642630	1	1070	43	943	88.1308	4.21495	36.5	48
P4_82_NODE_1198_length_1069_cov_0.872611	1	1069	46	1069	100	5.94387	35.7	56.5
P4_82_NODE_1199_length_1068_cov_0.662062	1	1068	44	1068	100	5.11985	35.7	52.1
P4_82_NODE_1200_length_1067_cov_0.626596	1	1067	32	1067	100	4.11528	36.6	58.8
P4_82_NODE_1201_length_1067_cov_0.543617	1	1067	32	1067	100	3.96439	35.6	58.8
P4_82_NODE_1202_length_1066_cov_0.504792	1	1066	62	1066	100	4.83865	35.7	43.3
P4_82_NODE_1203_length_1064_cov_0.627535	1	1064	32	1064	100	3.75564	36.4	54.9
P4_82_NODE_1204_length_1062_cov_0.425668	1	1062	30	1062	100	3.59416	35.8	59.7
P4_82_NODE_1205_length_1060_cov_0.706324	1	1060	50	1060	100	5.90943	35.8	60
P4_82_NODE_1206_length_1059_cov_0.849785	1	1059	253	1059	100	16.9481	28.8	9.69
P4_82_NODE_1207_length_1059_cov_0.560086	1	1059	45	1059	100	5.20019	34.7	57.3
P4_82_NODE_1208_length_1057_cov_4528.763441	1	1057	281623	1057	100	35109.8	36.1	51.8
P4_82_NODE_1209_length_1057_cov_1.037634	1	1057	59	1057	100	7.81552	36.4	59.3
P4_82_NODE_1210_length_1057_cov_0.508602	1	1057	58	1057	100	5.25071	34.2	47.8
P4_82_NODE_1211_length_1056_cov_0.528525	1	1056	32	1056	100	3.61837	35.4	55.1
P4_82_NODE_1212_length_1054_cov_0.580367	1	1054	73	1054	100	7.24099	35.2	49.1
P4_82_NODE_1213_length_1053_cov_0.868251	1	1053	44	1053	100	5.79487	36.1	57.3
P4_82_NODE_1214_length_1053_cov_0.266739	1	1053	33	1053	100	2.92308	35	45.7
P4_82_NODE_1215_length_1052_cov_0.833514	1	1052	48	1052	100	6.4211	35.6	59.4
P4_82_NODE_1216_length_1050_cov_0.689057	1	1050	39	1050	100	4.98952	36.5	60
P4_82_NODE_1217_length_1050_cov_0.576381	1	1050	29	1050	100	3.9181	36.2	60
P4_82_NODE_1218_length_1049_cov_1.124729	1	1049	93	1049	100	10.0315	34.4	54.8
P4_82_NODE_1219_length_1049_cov_0.771150	1	1049	71	1049	100	7.55958	36.2	44.5
P4_82_NODE_1220_length_1049_cov_0.412148	1	1049	32	1049	100	3.7817	36.3	55
P4_82_NODE_1221_length_1047_cov_1.491304	1	1047	87	1047	100	11.0678	35.9	58.8
P4_82_NODE_1222_length_1047_cov_0.561957	1	1047	32	1047	100	4.40974	35	60
P4_82_NODE_1223_length_1047_cov_0.511957	1	1047	28	1037	99.0449	3.36772	35.5	56.2
P4_82_NODE_1224_length_1047_cov_0.247826	1	1047	77	1047	100	4.55778	31.1	36.3
P4_82_NODE_1225_length_1045_cov_0.604575	1	1045	39	1045	100	4.20574	35.1	53.1
P4_82_NODE_1226_length_1045_cov_0.552288	1	1045	22	1045	100	3.17895	36.8	60
P4_82_NODE_1227_length_1045_cov_0.405229	1	1045	29	1045	100	3.05359	35.9	52.8
P4_82_NODE_1228_length_1044_cov_0.991276	1	1044	53	999	95.6897	7.08621	35.5	59.7
P4_82_NODE_1229_length_1044_cov_0.656489	1	1044	60	1044	100	6.49521	35.9	51.8
P4_82_NODE_1230_length_1043_cov_0.508734	1	1043	82	1043	100	7.3931	35.2	38.2
P4_82_NODE_1231_length_1042_cov_0.994536	1	1042	59	1042	100	7.33685	36.1	57.9
P4_82_NODE_1232_length_1042_cov_0.903825	1	1042	47	1042	100	6.14587	35.6	58
P4_82_NODE_1233_length_1042_cov_0.672131	1	1042	37	1042	100	4.88676	35.1	58.9
P4_82_NODE_1234_length_1042_cov_0.653552	1	1042	65	1042	100	5.53551	35	45.2
P4_82_NODE_1235_length_1042_cov_0.414208	1	1042	31	1042	100	3.65355	36.6	58.1
P4_82_NODE_1236_length_1041_cov_0.694748	1	1041	50	1041	100	5.74544	35	56.7
P4_82_NODE_1237_length_1041_cov_0.606127	1	1041	36	1041	100	4.41114	36	57.8
P4_82_NODE_1238_length_1040_cov_0.657174	1	1040	43	1040	100	4.78654	34.8	53.2
P4_82_NODE_1239_length_1040_cov_0.614458	1	1040	38	1040	100	3.98654	36.2	51.4
P4_82_NODE_1240_length_1038_cov_0.776070	1	1038	43	1038	100	5.4499	36.3	59.5
P4_82_NODE_1241_length_1038_cov_0.540066	1	1038	25	1038	100	3.3815	35.9	58.4
P4_82_NODE_1242_length_1037_cov_0.827473	1	1037	53	1037	100	6.37705	35.7	54.2
P4_82_NODE_1243_length_1037_cov_0.313187	1	1037	20	1037	100	2.23529	36.3	60
P4_82_NODE_1244_length_1036_cov_0.827283	1	1036	57	1036	100	6.80212	35.7	57.7
P4_82_NODE_1245_length_1036_cov_0.537954	1	1036	39	1036	100	4.41409	35.8	56.5
P4_82_NODE_1246_length_1036_cov_0.324532	1	1036	29	1035	99.9035	2.90058	34.5	43.1
P4_82_NODE_1247_length_1034_cov_0.575524	1	1034	48	1034	100	4.58124	35.1	41.8
P4_82_NODE_1248_length_1034_cov_0.531422	1	1034	34	1034	100	4.05706	35.6	59.6
P4_82_NODE_1249_length_1033_cov_0.816777	1	1033	64	1033	100	6.6728	34.9	46.3
P4_82_NODE_1250_length_1032_cov_0.887293	1	1032	103	1032	100	8.41957	32.5	32.5
P4_82_NODE_1251_length_1030_cov_0.918051	1	1030	92	1030	100	8.42621	35.8	51.6
P4_82_NODE_1252_length_1030_cov_0.788483	1	1030	57	1030	100	6.37961	36.1	53.3
P4_82_NODE_1253_length_1029_cov_0.982262	1	1029	46	1029	100	6.31195	36.5	60
P4_82_NODE_1254_length_1029_cov_0.474501	1	1029	34	1029	100	3.90671	36.2	50.3
P4_82_NODE_1255_length_1029_cov_0.457871	1	1029	29	1029	100	3.49951	36.3	56.4
P4_82_NODE_1256_length_1029_cov_0.407982	1	1029	24	1029	100	3.03887	36.7	58.8
P4_82_NODE_1257_length_1029_cov_0.215078	1	1029	31	1029	100	2.57337	34.9	47.9
P4_82_NODE_1258_length_1028_cov_0.765816	1	1028	34	1028	100	4.48444	36.2	56
P4_82_NODE_1259_length_1026_cov_0.208009	1	1026	33	1026	100	2.74269	35.6	45.5
P4_82_NODE_1260_length_1025_cov_0.747216	1	1025	54	1025	100	5.92195	35.7	50.1
P4_82_NODE_1261_length_1025_cov_0.359688	1	1025	16	1025	100	2.26927	35.1	60
P4_82_NODE_1262_length_1024_cov_0.722408	1	1024	47	1024	100	5.66992	36.2	56.5
P4_82_NODE_1263_length_1024_cov_0.639911	1	1024	30	1003	97.9492	3.97266	35.7	59.5
P4_82_NODE_1264_length_1024_cov_0.623188	1	1024	36	1024	100	3.94922	35.6	50.2
P4_82_NODE_1265_length_1024_cov_0.501672	1	1024	24	1024	100	3.0332	36.1	56.7
P4_82_NODE_1266_length_1024_cov_0.488294	1	1024	25	1024	100	3.4248	36.6	60
P4_82_NODE_1267_length_1023_cov_0.318080	1	1023	36	1023	100	3.68915	34.1	52
P4_82_NODE_1268_length_1022_cov_0.508380	1	1022	42	1022	100	4.75049	36.1	56.2
P4_82_NODE_1269_length_1021_cov_1.218121	1	1021	57	1021	100	7.81685	35.9	60
P4_82_NODE_1270_length_1021_cov_0.637584	1	1021	39	1017	99.6082	4.39569	35.9	54.9
P4_82_NODE_1271_length_1021_cov_0.350112	1	1021	38	1021	100	4.16552	35.1	54.7
P4_82_NODE_1272_length_1020_cov_0.583427	1	1020	35	1020	100	4.10392	35.8	52.5
P4_82_NODE_1273_length_1019_cov_0.711883	1	1019	37	1019	100	4.83415	35.9	56.3
P4_82_NODE_1274_length_1019_cov_0.587444	1	1019	90	1019	100	6.91855	34.8	36.2
P4_82_NODE_1275_length_1019_cov_0.525785	1	1019	37	1019	100	3.96075	35.2	54.8
P4_82_NODE_1276_length_1018_cov_0.723906	1	1018	48	1018	100	5.69941	34.5	53
P4_82_NODE_1277_length_1018_cov_0.591470	1	1018	61	1018	100	5.00491	35.4	41.6
P4_82_NODE_1278_length_1015_cov_0.807432	1	1015	33	1010	99.5074	4.86502	35.8	60
P4_82_NODE_1279_length_1014_cov_0.659526	1	1014	37	1014	100	4.44576	35.7	52
P4_82_NODE_1280_length_1014_cov_0.491545	1	1014	46	1014	100	4.71203	34.1	49.4
P4_82_NODE_1281_length_1014_cov_0.467869	1	1014	34	1014	100	4.05325	34.9	54.5
P4_82_NODE_1282_length_1012_cov_0.951412	1	1012	47	1012	100	6.6087	35.9	59.6
P4_82_NODE_1283_length_1011_cov_1.229638	1	1011	97	1011	100	10.0257	35	48.2
P4_82_NODE_1284_length_1011_cov_0.761312	1	1011	39	1002	99.1098	5.10188	35.7	53.8
P4_82_NODE_1285_length_1011_cov_0.658371	1	1011	71	1011	100	6.6182	34.6	51.3
P4_82_NODE_1286_length_1011_cov_0.427602	1	1011	28	1011	100	2.9456	35.8	57.4
P4_82_NODE_1287_length_1010_cov_0.899207	1	1010	44	1010	100	5.8802	35.9	58.6
P4_82_NODE_1288_length_1009_cov_0.697279	1	1009	382	1009	100	20.1843	31.2	6.42
P4_82_NODE_1289_length_1009_cov_0.523810	1	1009	38	1009	100	4.28741	35.3	55.8
P4_82_NODE_1290_length_1009_cov_0.346939	1	1009	291	1009	100	11.7364	35.4	29.8
P4_82_NODE_1291_length_1008_cov_0.458570	1	1008	24	1008	100	3.17659	35.2	56.8
P4_82_NODE_1292_length_1006_cov_0.850967	1	1006	38	1006	100	5.43638	35.6	60
P4_82_NODE_1293_length_1006_cov_0.590444	1	1006	35	1006	100	4.12227	36.3	52.2
P4_82_NODE_1294_length_1006_cov_0.482366	1	1006	72	1006	100	5.41352	34.5	32.5
P4_82_NODE_1295_length_1005_cov_1.761959	1	1005	141	1002	99.7015	16.8826	36.1	54.6
P4_82_NODE_1296_length_1004_cov_0.752566	1	1004	29	1004	100	4.33964	36.4	60
P4_82_NODE_1297_length_1002_cov_0.612571	1	1002	36	1002	100	4.53493	35.5	50.9
P4_82_NODE_1298_length_1001_cov_0.667048	1	1001	59	1001	100	5.47453	34.5	40.8
P4_82_NODE_1299_length_1001_cov_0.472540	1	1001	34	1001	100	3.89311	35.5	53.7
P4_82_NODE_1300_length_1000_cov_0.402062	1	1000	37	1000	100	3.753	34.7	45
